# https://github.com/mikedh/trimesh
v 0.22891107 0.27632782 0.38114280
v 0.29905286 0.03070252 0.42617738
v 0.45653549 0.05403830 -0.15554607
v -0.19751638 -0.00883328 0.51645702
v -0.32609957 0.13723631 0.38914394
v -0.24909228 0.14471807 0.42305028
v -0.38883632 -0.03217164 0.37217313
v 0.33479410 -0.24354573 -0.30442041
v 0.09599693 0.34656718 0.25263703
v -0.45471853 -0.32205474 -0.20969729
v -0.15345544 0.16625369 0.47251123
v 0.41177762 0.19679460 -0.23892957
v 0.28898290 -0.36300337 -0.20653805
v 0.17790942 0.10913296 0.49968973
v -0.17017826 -0.24734177 -0.46603155
v 0.06504126 0.12974417 -0.49114513
v 0.22651696 0.13786845 0.48038357
v -0.71042126 0.24510473 -0.04211798
v 0.03004472 -0.31449363 -0.38740811
v -0.12359088 -0.10892903 0.55947441
v -0.48595732 0.08267085 -0.25287914
v 0.50935173 0.04537423 0.24168231
v 0.37083173 -0.13981658 -0.36841747
v -0.11779376 0.27907658 0.42758518
v 0.12415432 -0.28667787 -0.42576140
v 0.28790200 -0.10325743 0.50480211
v -0.27627182 0.14561066 0.45671380
v 0.04550875 -0.17842898 -0.53640479
v -0.47847033 -0.28007764 -0.20192584
v -0.53785056 0.15526107 -0.11062141
v -0.44615042 -0.28868502 -0.24008551
v 0.52439451 -0.18236171 -0.05612598
v -0.56477588 -0.00810815 0.09995727
v 0.62526083 0.07368329 0.14333518
v -0.41097230 0.31063718 -0.01170781
v -0.45470807 -0.28912455 -0.26922116
v -0.30474263 0.24690028 -0.32526493
v 0.48427927 -0.21445657 0.03928898
v -0.04799425 -0.24091277 -0.50623494
v 0.07599064 -0.25698522 -0.47590995
v 0.28767347 -0.18764560 -0.40339729
v -0.21888998 -0.22057071 -0.46414432
v -0.32752565 0.04529747 0.40032381
v -0.46328187 -0.31100249 -0.18119192
v -0.25514066 0.18232305 0.39887244
v 0.56197304 -0.07771091 -0.10907701
v -0.06729034 0.16471234 -0.50463873
v 0.25751641 0.19557989 0.42737234
v 0.46537447 -0.03455375 -0.24705823
v -0.11580583 0.32927468 0.30945373
v 0.21142757 0.07152882 0.51960814
v 0.37656665 0.00184409 0.37887120
v 0.08797579 -0.29022452 -0.43469381
v 0.53777182 -0.10683531 -0.11353174
v -0.29086053 0.00298165 0.45600712
v 0.44589189 -0.11622293 0.33566046
v -0.22028665 -0.20183089 -0.51404685
v 0.25820613 0.33383670 -0.17814785
v 0.04961256 -0.21978867 0.53259587
v 0.13875893 0.13904692 0.49118099
v -0.42463967 -0.10861898 -0.39340705
v -0.06122902 -0.29907036 -0.44049817
v -0.53416491 -0.00082372 -0.10629953
v 0.65956801 -0.01037963 0.03452882
v 0.12117262 0.18033868 0.47647756
v 0.55591321 -0.14664321 -0.09666242
v 0.27922726 0.16309018 0.39966998
v -0.04535947 0.28935617 -0.42002791
v 0.59108818 -0.08025929 -0.09512177
v -0.31563121 0.32107484 -0.05914256
v 0.04810015 0.45790428 0.00432997
v 0.53369737 0.03208879 0.16624413
v -0.55524969 0.12250158 0.15049466
v -0.28858405 -0.31921303 -0.31746101
v 0.47094703 -0.20683551 -0.18855688
v 0.03107082 0.33943957 -0.21763992
v -0.47965288 -0.30039239 -0.20602661
v -0.20238647 0.20014790 0.43537214
v 0.19011471 -0.22535187 0.49736851
v 0.33373398 0.29758117 0.31163490
v 0.46348146 0.08506737 0.21067426
v -0.25520313 0.10506807 0.46086180
v 0.15362176 -0.00210310 -0.49007800
v 0.41587567 -0.03771432 -0.31832686
v -0.12991558 -0.17854226 -0.53512412
v 0.56231666 -0.12080801 -0.09216580
v -0.37545750 -0.00001231 0.37157071
v -0.39018419 -0.03054503 0.34201062
v 0.42478067 0.04678485 -0.17703414
v 0.24537690 0.10895305 0.46072435
v 0.39892977 0.25434855 0.24103056
v 0.59401858 -0.12973797 -0.02674136
v -0.01430163 0.45506892 0.03694025
v 0.15265960 0.14951518 -0.46173215
v 0.19794585 -0.22487333 -0.44032642
v 0.46216121 -0.21035710 -0.16106707
v -0.38506061 0.16725475 0.25825104
v 0.59417665 -0.07661468 -0.02465078
v 0.40732449 -0.25381303 -0.21043593
v -0.31364003 0.06402019 0.42817175
v 0.57123649 -0.14654464 0.14037813
v 0.50935525 -0.18180977 -0.16966321
v -0.28298384 0.15250860 0.44509766
v 0.26817167 0.04591016 -0.43478316
v 0.42387515 0.09185769 -0.06991208
v 0.69510663 0.02292488 0.05742817
v -0.37968534 -0.08698944 0.44263980
v -0.59410691 -0.13157974 -0.22996566
v -0.44136781 -0.18849143 -0.28669780
v -0.58490127 -0.17440109 -0.02928717
v 0.52859813 -0.03601806 0.24219283
v -0.41631472 -0.31466222 -0.21713220
v 0.49446970 -0.20530805 -0.09555097
v -0.12426495 -0.28465825 -0.44289237
v 0.13562199 -0.27651465 -0.40233910
v 0.04047257 0.36688748 -0.20095971
v -0.59710002 0.06978996 -0.06667055
v -0.21426840 -0.28260100 -0.41962034
v -0.25039983 -0.15218088 0.49858236
v -0.63021135 0.16862479 -0.01210821
v -0.25892994 0.19495498 0.39870834
v -0.28275424 0.05315705 0.44482896
v -0.02887175 0.36672646 0.12535188
v -0.07490700 -0.34329602 -0.15599594
v -0.14834109 -0.25252530 -0.49075949
v 0.17865211 -0.32009116 -0.36496559
v -0.55359882 -0.17549151 -0.16212539
v -0.42696369 -0.21897830 -0.36861870
v -0.44592023 -0.27692851 -0.24946085
v 0.09470534 -0.16820613 -0.49808636
v 0.39834666 -0.21651620 -0.25445896
v 0.33262315 -0.20209394 0.36502334
v -0.52609378 -0.21628621 -0.16174749
v -0.28756878 0.04655217 0.47080433
v 0.10478437 -0.36014515 -0.32025903
v 0.26958403 -0.12312587 -0.42118445
v 0.07930838 -0.38147017 0.01856596
v -0.24928483 -0.25262293 -0.43573576
v 0.47291043 -0.20601413 -0.22231290
v 0.15231374 -0.20083360 -0.46731868
v -0.38592279 0.03758860 -0.41718391
v -0.61380136 -0.19714502 -0.09151256
v -0.37376776 -0.30093002 -0.28936183
v -0.13514656 0.10660462 -0.47889763
v -0.41828638 -0.27456975 -0.27369276
v 0.38315722 0.06549568 0.38748777
v -0.13890827 0.34949350 -0.11563320
v 0.05847010 -0.34215087 -0.31472343
v -0.15534052 0.30841932 0.39317185
v -0.44027853 -0.26484174 -0.26153886
v 0.48784420 -0.17248525 -0.19352028
v 0.27021009 0.27562636 0.41616625
v 0.46254411 0.07743488 -0.13391779
v -0.46421537 -0.28441596 -0.21583608
v -0.56353647 -0.08627719 -0.10039066
v 0.56303692 -0.17584872 0.03777505
v 0.55771601 -0.09262145 -0.11858827
v 0.54582763 -0.10817607 -0.17616178
v 0.13347520 0.34033209 0.33741948
v -0.50644714 -0.22958672 -0.20878606
v 0.32206413 0.08866853 0.41108841
v 0.45868918 0.14998373 -0.12169312
v -0.05056875 -0.36524928 -0.26384544
v -0.00395473 0.36588699 0.11460945
v -0.46606970 -0.22322351 -0.32005990
v -0.26080087 0.30557722 0.08244167
v -0.54802269 -0.27232808 -0.10554573
v -0.55158770 -0.12893301 -0.21607409
v -0.32061616 -0.28704530 0.11810823
v 0.56997341 -0.07537802 -0.10354650
v 0.52274412 0.05336689 -0.07351479
v 0.49966177 -0.17416528 -0.14918299
v 0.09435990 0.07723542 0.54725045
v 0.58168656 -0.09480450 -0.11827931
v -0.25052547 0.23155394 0.35333699
v 0.12415561 0.32630450 -0.34541756
v -0.35615692 -0.15801355 -0.43982708
v -0.29088658 0.20253287 0.31954199
v -0.25912538 0.00268327 0.52899164
v -0.01014861 -0.39364219 -0.14534917
v -0.17108242 0.21167319 0.45431298
v 0.15071607 0.15526460 0.46434957
v 0.17213835 -0.35203063 -0.31960073
v -0.02705490 0.16596189 0.49546462
v 0.59135115 -0.03383754 0.04283814
v 0.52090281 -0.11591828 -0.14195231
v 0.20984857 0.37344557 -0.27958387
v 0.02741353 -0.29236251 -0.45949990
v 0.18400693 -0.10391928 0.56382114
v 0.07555144 -0.08159661 0.56913108
v 0.53758740 -0.16063339 -0.12546670
v -0.08142141 0.35860777 0.16423146
v -0.38838762 -0.12901856 0.41760838
v 0.06182230 0.12650546 0.50139546
v 0.49381745 0.12079873 -0.04052925
v 0.11773100 -0.35615951 -0.32886815
v 0.57331145 -0.13558164 -0.10360184
v 0.00142372 0.44004124 -0.02110231
v -0.22494131 -0.21391720 -0.47435451
v 0.37398267 0.23422325 0.24950418
v 0.46309453 -0.19219650 -0.25275612
v 0.51506555 -0.19457656 -0.02286135
v -0.19623776 0.17091209 0.43479925
v -0.64237797 -0.08858881 -0.07791461
v -0.49272853 -0.23237589 -0.21626556
v 0.18988347 0.13524386 0.45178890
v -0.41352537 0.04080131 0.31952006
v 0.46296847 -0.22021735 -0.17672101
v -0.23877545 0.08936765 -0.47855633
v -0.29715428 0.16416928 0.39122969
v -0.21407187 0.32151845 0.17456774
v 0.17736550 0.04820672 0.49512923
v 0.17253415 0.08490412 0.53479534
v 0.07022885 -0.24211943 -0.48202413
v 0.06716371 0.43128678 0.03110684
v -0.02535465 -0.35371214 -0.27024803
v -0.60394681 -0.08047288 -0.11046849
v 0.18910401 -0.33054388 -0.19502361
v 0.13600364 -0.28837779 -0.42783666
v -0.03118583 -0.25535232 -0.47591367
v -0.15364701 0.18447551 0.45022571
v 0.45460656 -0.21888366 -0.20829901
v -0.48196289 -0.30576774 -0.18631455
v 0.16782030 0.23409362 0.42301872
v 0.54273790 -0.16836904 -0.10119009
v 0.15491921 0.20284747 0.43008757
v -0.33066338 0.28554434 0.06029847
v -0.03883434 0.18881615 -0.46459648
v 0.26806167 0.04101593 0.48393732
v -0.14276466 -0.31682569 -0.40311128
v -0.20597158 0.20897326 0.38505468
v 0.04740630 -0.30845815 -0.44115701
v -0.54838705 0.01441378 0.09669723
v -0.17220646 0.20170790 0.46123543
v -0.53217965 -0.17974585 -0.23138449
v 0.07835969 0.43465853 0.03032725
v 0.17591202 -0.29276150 -0.40604994
v -0.42300975 -0.25654393 -0.31878591
v 0.71290451 0.09445696 0.04233283
v -0.61929035 0.08842034 0.01684023
v -0.13448155 0.32477114 -0.29682812
v 0.53925931 -0.16794428 -0.10743493
v -0.69217956 0.01186557 -0.03032760
v 0.04951027 0.13719860 -0.48608604
v 0.45771524 -0.22973923 -0.17149164
v -0.19036362 0.01488064 0.54194212
v -0.24580120 0.07024501 0.45627993
v 0.09634736 0.42456031 0.05168953
v -0.62440318 0.08419786 0.05917741
v 0.43169960 -0.20711632 -0.27163219
v 0.47238439 -0.15195605 -0.22722790
v -0.36916310 -0.10761580 0.45820183
v 0.04323671 0.10893899 -0.50492769
v 0.10180259 0.34487540 0.28424162
v -0.19144428 0.20767614 0.41824245
v -0.25832650 0.07611900 -0.45699579
v 0.00235873 0.35688412 -0.07608908
v -0.20041561 0.32299173 0.13401732
v 0.49436945 -0.23499100 -0.04144834
v 0.12142973 0.12694733 0.51473975
v -0.36814165 -0.05035885 -0.44689947
v 0.35406351 -0.06605943 0.46503544
v 0.51434660 0.03430824 -0.08134557
v -0.52526128 -0.23149778 -0.20975572
v 0.53986961 -0.13479307 -0.13204901
v 0.45157915 -0.06871529 -0.28187987
v -0.25749907 -0.00870485 0.50809711
v -0.11544462 0.34693748 0.25812715
v -0.36907610 -0.11601605 0.45886809
v -0.47906071 -0.19306587 -0.27282256
v -0.38062471 0.00302374 -0.41869050
v 0.48419851 0.24320289 -0.02101161
v 0.08724143 0.29670337 0.45650607
v -0.08183941 0.12741435 -0.49560252
v -0.61307144 0.05161665 -0.07925051
v -0.31205159 -0.00392643 0.44382119
v -0.32939494 0.07700337 0.40000474
v 0.20856352 0.39415258 0.06445153
v 0.24039911 0.10608559 0.47330344
v -0.26238194 -0.05262891 0.52822071
v -0.54020452 -0.01157194 -0.25394499
v 0.31779385 0.26957202 0.33212224
v -0.02757170 0.17177108 -0.47402471
v -0.47448379 0.15095687 0.17258359
v -0.20281708 0.20888275 0.43730474
v -0.14492036 -0.36511928 -0.31198370
v 0.57584214 -0.15608718 0.10464901
v -0.28499201 0.17008148 0.38408315
v -0.02186292 0.39465147 0.00837822
v -0.42414030 -0.31080198 -0.25158253
v -0.43342468 -0.28941357 -0.24675821
v -0.10498394 0.34537488 0.20087790
v -0.42487642 -0.29288331 -0.35028976
v 0.08241583 -0.17539459 -0.50723892
v 0.12933689 0.19546109 0.46899086
v 0.47992253 -0.12499623 -0.23807614
v 0.10077599 -0.13907990 -0.50849724
v -0.10808824 0.32611936 0.29868424
v 0.64539742 -0.01367609 0.10309704
v 0.49041238 -0.18409267 -0.21834883
v 0.25732759 -0.02446906 -0.44445071
v -0.29753411 0.05666661 0.45342883
v 0.50679678 -0.12926725 -0.19002232
v 0.20631897 0.10705582 0.45001262
v -0.52735555 -0.15330905 -0.21876319
v 0.52102458 -0.11306617 -0.17869495
v -0.05732114 -0.32873201 -0.38246834
v 0.54035205 -0.15408534 -0.14096768
v 0.41791672 0.25570107 -0.08969459
v 0.53845233 -0.13746449 -0.13261147
v -0.46021903 -0.30497524 -0.20963450
v -0.55614096 0.27386653 -0.03935455
v -0.33489943 0.14511251 0.36986512
v -0.61902374 0.06593698 0.01074331
v 0.28418556 0.12527902 0.42447472
v 0.07195184 0.37955335 0.18627770
v 0.51264429 -0.15168744 -0.12920833
v -0.45067686 -0.30455220 -0.19458349
v 0.12134241 0.25777397 -0.45762569
v 0.13615036 0.06890576 0.53352594
v -0.22118166 -0.24169096 -0.46424580
v 0.60559988 -0.06995016 -0.00726490
v -0.53035462 -0.24191219 -0.11136477
v -0.11928067 -0.30647725 -0.18780454
v -0.04134424 0.11595620 0.55598050
v 0.35176051 0.09341851 0.38734213
v 0.02128396 -0.37720922 0.05157972
v -0.44369927 -0.26679876 -0.29271764
v 0.57928675 -0.13749364 0.11619961
v -0.25003681 -0.35055178 0.03003329
v -0.06819635 -0.27242869 -0.46129137
v 0.01950976 0.22683053 0.50937545
v -0.52956808 -0.01724301 0.16359392
v -0.46861684 -0.27133897 -0.18028456
v 0.38702375 0.27941421 0.02790675
v -0.07889207 0.06977822 -0.53276271
v -0.59683448 -0.18252695 -0.06896980
v -0.35181487 0.33632255 -0.17928676
v 0.66784966 -0.08046040 -0.00973929
v -0.25398752 -0.08495381 -0.49599215
v 0.46408334 -0.16362326 -0.18253537
v 0.25320807 -0.36133650 0.21080610
v -0.40314490 0.05540212 0.35210696
v 0.52145439 -0.03696090 0.01768290
v -0.02637891 0.17949674 -0.46284640
v 0.35420120 0.32131344 -0.14625654
v 0.05892364 -0.30390000 -0.41702989
v -0.27086434 0.03977250 -0.44871274
v -0.41074404 -0.31216255 -0.29848704
v -0.27902499 0.26048976 -0.32710937
v -0.33372021 -0.04795062 0.46533048
v -0.42478782 -0.10666383 0.36573890
v 0.03428229 -0.25130361 -0.46920076
v -0.30716142 -0.18986663 -0.48079896
v 0.15486458 -0.08494045 -0.52146608
v -0.30612865 0.21971160 0.40067062
v -0.15787169 0.24443251 0.38834643
v 0.16836971 0.02640325 -0.48304224
v -0.30251676 0.00682069 0.43454430
v -0.42168096 -0.17582715 -0.33636203
v -0.12227438 -0.29054675 -0.46309477
v 0.64815676 -0.09871176 0.01411444
v 0.74134469 0.19483806 0.00294782
v 0.45362622 0.06105624 0.06330171
v -0.17141525 0.14268568 0.47886679
v 0.53703052 -0.15591955 0.19902883
v -0.46498147 -0.21474230 -0.29495853
v -0.15953051 0.30951634 -0.33709833
v -0.24779236 -0.08704511 0.52968359
v 0.66226560 0.01799344 0.06976026
v -0.27549812 -0.06794418 -0.49102464
v 0.17117220 0.06948806 0.51506388
v -0.24556813 0.11252323 0.43713397
v 0.39246336 -0.26795304 -0.22572610
v -0.07463098 -0.35709801 -0.32249954
v 0.52133226 -0.16491798 -0.07893473
v 0.59628159 -0.11507659 -0.07896316
v -0.06357075 0.33807755 0.27841735
v 0.30522412 0.11653887 0.39439169
v -0.22322190 0.23644915 0.33106518
v -0.24589190 -0.09866720 0.53555250
v -0.40108460 0.08232737 0.34778172
v 0.16156904 0.06407422 0.50562483
v -0.58520734 0.17217548 0.09514165
v 0.26551747 0.17624637 0.45154011
v 0.11149710 0.17694788 0.48294818
v 0.62056839 -0.10401981 -0.03838342
v -0.49331436 -0.27082568 -0.21166405
v -0.21291746 0.18045214 0.45754445
v 0.11755284 0.21803635 0.43751058
v -0.45136133 -0.23466909 -0.25883287
v -0.65655220 0.13655218 -0.03564657
v -0.29995996 -0.00615570 0.45148864
v -0.57361412 -0.22330140 -0.09656963
v 0.10094057 0.44010979 -0.02559752
v -0.48019299 -0.25428832 -0.17616370
v 0.39183158 0.07187402 -0.27881950
v -0.52768809 -0.20639940 -0.16233654
v 0.48058248 -0.11942381 0.31133729
v 0.77134210 0.30214697 0.10403918
v 0.27818245 0.36669412 0.22756867
v 0.12956315 0.18977970 0.47884494
v -0.49106273 -0.23179191 -0.23514864
v 0.09743387 -0.18460460 -0.48306829
v -0.34685138 -0.00264730 0.45418379
v -0.01214264 0.44276914 0.01741613
v 0.35157666 0.17520158 0.36864600
v -0.21897200 0.04334712 0.52050036
v -0.33123764 0.17995533 0.33555195
v 0.06716895 -0.16603580 -0.51413107
v 0.08423804 -0.27219769 -0.44074899
v -0.25596663 0.05934260 0.48687178
v -0.19251674 -0.20350847 -0.50023907
v 0.03219945 -0.05676356 0.58664238
v -0.16059802 -0.30978036 0.32369608
v -0.14699723 0.31589636 0.23313101
v -0.68697166 -0.13171935 -0.01034224
v 0.61834824 0.01514436 0.19812575
v -0.33476895 0.00484410 0.46380046
v 0.48043573 -0.22275960 -0.09230803
v 0.13552293 0.33841223 0.34448001
v -0.01219282 -0.25756866 -0.52760094
v -0.01710000 0.34350619 -0.22406182
v -0.42990285 -0.21508110 -0.32321769
v -0.34866449 -0.26185104 0.01548928
v -0.45350665 -0.32474092 -0.19477342
v 0.01730745 0.43049601 0.03364535
v 0.63745600 -0.05572528 0.00910887
v -0.18436439 0.21600722 0.43121591
v 0.24979500 0.08816411 0.46150595
v -0.23737548 0.13799474 0.42857003
v 0.13055281 -0.32696161 -0.38456410
v 0.04776797 0.10704957 0.51913321
v -0.52930844 -0.19455086 -0.17644516
v 0.52113885 0.18346645 -0.07439868
v -0.43676960 -0.30824271 -0.24030012
v -0.23291185 -0.23298667 -0.44414374
v -0.15403382 0.33471188 -0.22594580
v 0.07214790 -0.35939738 -0.23329990
v 0.10644460 0.33612686 0.32192400
v 0.31113431 0.26389074 -0.22372504
v -0.46994662 -0.17600833 -0.23485184
v -0.18794709 0.22480151 0.41277632
v -0.56429839 0.00826149 -0.09350809
v 0.44628775 0.30129653 -0.01090790
v 0.69604957 0.11788899 0.06868559
v 0.17883077 0.07450584 0.53751630
v -0.08267482 -0.35311192 -0.36261049
v 0.13048351 0.29386726 -0.39852518
v 0.25696492 0.18229626 0.43869382
v 0.28432313 0.09521147 -0.37324166
v 0.58389086 0.02268513 0.24070910
v 0.51909697 -0.08312071 0.12346936
v 0.58018732 -0.12136871 -0.06084463
v 0.34482050 -0.14769597 0.45748681
v 0.00245291 0.42784527 -0.03672238
v 0.41671512 0.17564654 0.28608230
v -0.60562867 0.11456725 -0.08527029
v -0.20213369 -0.27971748 -0.43396804
v -0.11348924 -0.24985930 -0.43793094
v 0.11345269 0.46593565 0.03082671
v 0.18146859 -0.21549642 -0.46405065
v 0.13161698 0.04092883 0.53304464
v -0.26799315 0.09219803 0.43696126
v -0.23681517 -0.23577203 -0.46279415
v -0.00098368 0.36373714 0.31307706
v -0.18434972 -0.07143699 -0.52809411
v 0.28236878 -0.19402474 -0.40907064
v 0.31609151 -0.01321542 0.48208767
v 0.01781141 -0.36088002 -0.17194419
v -0.41109318 -0.04834255 0.37556326
v -0.33625326 -0.14364618 0.42508799
v -0.45798066 -0.31447238 -0.15881167
v 0.01923953 0.43082017 0.07662751
v -0.43714893 -0.14946625 -0.35070240
v -0.34405619 0.07882099 0.39906710
v -0.05817179 0.35108930 0.26613465
v 0.19141401 -0.02273936 -0.46313903
v 0.47463477 -0.22861701 0.06683238
v -0.26967150 0.07872396 0.44170463
v -0.05754178 -0.22946480 -0.48850730
v 0.15499884 -0.20614898 -0.45704177
v 0.16475973 0.18817911 0.43519574
v -0.19252098 -0.26734495 -0.45667195
v -0.39965469 0.27014792 -0.05761830
v 0.35317451 0.16374685 0.36100474
v 0.56331050 0.03368921 0.15515490
v 0.01482155 -0.13892344 0.58680570
v -0.50624239 0.00213737 -0.25724125
v 0.64881337 -0.00607816 0.06950305
v 0.24958660 0.17112876 0.41949987
v 0.27562264 0.05814505 0.44209117
v -0.49430874 -0.21093084 -0.24114314
v -0.43370366 -0.32816249 -0.20567364
v 0.74152589 0.19380152 0.08025225
v 0.13932957 0.12526797 0.51090795
v -0.42019957 0.28847414 -0.05675229
v 0.14788830 -0.19597003 -0.47027946
v 0.85282683 0.21129987 0.11187282
v 0.52095222 -0.04721034 0.16649601
v 0.14256211 0.11494239 0.53485036
v 0.05547809 -0.26471022 0.48648277
v 0.29303229 0.34683180 -0.14379381
v -0.05808753 -0.33425397 -0.36681822
v -0.32615572 0.32914332 0.08425851
v 0.68715787 0.10010933 0.10095230
v 0.51831013 -0.17574218 -0.13680825
v -0.43730682 -0.14514425 -0.38014776
v 0.30012995 -0.03911607 0.49807745
v -0.50156850 0.12801203 -0.19544402
v -0.14688012 -0.01155133 0.54225457
v 0.47422498 -0.02721633 -0.12069369
v -0.05176957 -0.19203484 -0.52255893
v -0.44906747 -0.26771301 -0.22574128
v -0.61008990 0.23071368 -0.04545908
v 0.01294308 -0.36535466 -0.26877752
v 0.53416526 -0.04061934 0.23685153
v -0.18171777 0.31377977 0.24048826
v 0.13430545 0.32383707 -0.37006614
v -0.48153168 -0.14698823 -0.26850826
v 0.59778547 -0.11989415 -0.03336485
v 0.49954736 -0.14859055 -0.20702864
v -0.11688210 0.38138387 0.13518919
v -0.06609365 -0.31342310 -0.41375470
v 0.38793281 -0.11730413 0.37483999
v -0.25576338 0.29981101 0.29320213
v -0.40068898 -0.29433769 -0.30856264
v 0.22062026 0.06294569 0.46520418
v 0.09747680 0.21443272 0.44728857
v 0.55374891 0.01473565 0.26373494
v 0.45736307 0.10303868 -0.14037557
v 0.38130155 0.01749187 0.37257624
v 0.68999600 -0.06048045 0.02429484
v -0.33944052 -0.04340705 -0.45860147
v -0.00364551 -0.36118382 -0.25061706
v 0.05219020 0.22532433 0.45625138
v 0.48950607 -0.13358088 -0.18980142
v -0.22125658 -0.34020007 0.11742297
v 0.23579656 0.25511706 0.40382197
v 0.07276633 -0.36460114 -0.21094409
v 0.02100122 0.43701005 -0.01499644
v -0.23464581 0.22469541 0.39776242
v 0.72987300 0.26267284 0.03178449
v 0.17008148 -0.22951496 -0.43226606
v 0.48582041 -0.13054426 0.27466702
v 0.21874578 -0.01093303 0.47568148
v -0.46784773 -0.01016700 0.25624171
v -0.31309450 0.13001119 0.37861341
v 0.44819483 -0.17671427 -0.24074197
v -0.20023796 -0.06870275 0.54015642
v -0.31766832 0.17008051 0.36568180
v -0.46694195 -0.31488881 -0.19168599
v 0.43571162 -0.13631617 0.36032918
v 0.24934050 0.06518331 0.45313814
v -0.52262938 -0.25571024 -0.14882599
v 0.05769051 0.37901801 0.11272073
v -0.33037996 0.21538962 0.36822432
v 0.06226021 0.41214454 0.01954159
v 0.09021384 0.31858382 -0.33905804
v 0.02567074 0.42651954 0.06692467
v -0.28794351 -0.34810042 -0.23586714
v 0.21609220 -0.36039162 -0.25030202
v -0.44877881 -0.03095011 0.32188568
v -0.39621854 -0.19146436 -0.41076678
v -0.39633426 -0.11317273 -0.41032144
v -0.22758439 0.34087005 -0.14147085
v -0.44324285 -0.30773795 -0.21597326
v 0.00325949 0.39977771 0.07882048
v 0.00293554 -0.30814189 -0.40904021
v 0.06123875 0.43232313 0.02442268
v -0.24615122 0.27231309 0.37006265
v 0.37531322 0.28756756 0.19240233
v -0.41117543 -0.02290279 0.32798314
v 0.54246992 -0.10258401 -0.10719852
v -0.44997847 -0.27821577 -0.26880753
v 0.66998196 0.09158745 0.07171610
v 0.45584697 0.24267289 -0.02889518
v -0.29793963 0.26319891 0.30307162
v 0.24362560 0.21787411 0.41261411
v 0.47650528 -0.22118247 0.02120855
v -0.30309713 0.14523779 0.38784051
v -0.53138494 -0.06597383 0.25187922
v 0.00687491 -0.02276796 -0.53639030
v 0.05686088 0.14496917 -0.47425663
v -0.43085983 0.13936648 0.21242422
v 0.30676609 0.32619810 0.36265945
v -0.47083917 0.07361414 0.13468720
v 0.08350244 0.42501795 -0.01996017
v 0.21218699 0.26488316 0.40590766
v -0.29239404 0.25159138 0.30653232
v 0.43061128 -0.11044252 -0.26900712
v -0.28517297 0.10757942 0.41454425
v 0.06504067 0.34691545 -0.21396773
v 0.25340810 -0.04854471 -0.45870140
v -0.22916251 0.18760279 -0.42779219
v -0.26394141 0.09865771 0.47867554
v -0.66433913 -0.09887160 -0.05519146
v 0.57977319 -0.07157445 -0.10876319
v -0.33825248 0.12616977 0.39993852
v -0.03721602 -0.22848627 -0.49756426
v -0.59084362 -0.21022016 -0.09017554
v 0.28348625 0.13402922 0.45627409
v -0.19421041 0.22439289 0.37200749
v -0.39360860 0.24048692 0.17848930
v 0.48381093 -0.16389470 -0.21942213
v -0.24726355 0.25133181 -0.35991615
v -0.43084782 0.09716272 0.24534331
v 0.01787459 0.36489487 -0.18722498
v -0.16593909 0.24063867 0.38845241
v -0.61972368 0.16211453 -0.05840613
v 0.10443663 0.17383404 0.46950930
v -0.58425659 -0.16308293 -0.16574967
v -0.15501614 0.33153820 0.34396255
v -0.10105255 -0.17279828 -0.53544861
v -0.24254327 0.22977901 0.38723373
v -0.17276144 0.20530888 0.45001781
v 0.28618607 0.09119097 -0.41559875
v 0.46901542 -0.15917119 -0.19619811
v 0.24240707 0.10862610 0.47377545
v 0.19576561 0.02525543 0.49401468
v 0.44979906 0.10682538 0.28260911
v 0.59552521 0.19286652 0.14040036
v -0.31670260 -0.18136726 -0.45091805
v 0.54982263 0.03385019 -0.04238720
v -0.17027949 -0.28332016 -0.44514656
v -0.01140865 -0.36202222 -0.28362468
v 0.15529242 0.45465317 0.04253069
v -0.08787830 0.25690752 0.49342847
v 0.47690290 -0.07466117 0.29309133
v -0.20208398 0.23170084 0.39361051
v 0.05083540 0.23586792 0.44080958
v 0.30473647 0.09404816 0.41283855
v 0.10374111 0.24619588 0.41020432
v 0.10385892 0.27592611 0.40591711
v 0.21369140 -0.05461159 0.52194381
v -0.03538572 0.24272510 0.52432048
v 0.31142884 -0.32528514 0.33266798
v -0.51264429 -0.24469975 -0.15682222
v 0.02581389 -0.32619676 -0.39152554
v -0.43463796 -0.09545888 -0.39328110
v -0.55170453 0.07473714 0.09526337
v -0.13139212 0.26779395 0.42702568
v -0.36627421 0.09498410 0.36971962
v -0.04140453 0.35596803 -0.17669129
v 0.14851582 0.02164408 0.52238595
v 0.30460963 -0.06539360 -0.41194522
v -0.38207358 -0.19286042 -0.39372009
v -0.02318277 0.42656422 0.05965830
v 0.28993240 0.31591111 -0.17294359
v -0.18539338 0.21354271 0.43412411
v 0.14843188 0.24852821 0.41788840
v -0.02583524 0.34110385 0.28934842
v 0.27006871 0.08437794 -0.40229622
v 0.25117576 -0.09811920 0.52348626
v -0.27305961 0.15578443 0.39168578
v 0.18965741 0.08235203 0.53069669
v 0.35864204 -0.03445876 -0.37306434
v 0.13756523 -0.29061362 -0.47714156
v 0.39071888 -0.21447161 -0.30239987
v 0.54609746 -0.11697458 -0.16593675
v 0.43742192 -0.17933489 -0.28673109
v 0.16667190 0.16086715 -0.44028854
v -0.32057798 0.32395580 -0.22709799
v -0.01690974 -0.21898590 0.51551223
v -0.03291610 0.34008762 -0.35208443
v 0.48213905 0.09013890 -0.06305084
v 0.38962752 0.00215778 0.38242561
v 0.13648546 0.04469796 0.54140711
v 0.13432623 -0.30695894 -0.37646812
v -0.29379189 0.12568493 0.41164395
v 0.42354774 0.03497831 0.36079919
v 0.48157775 -0.13494644 -0.21621892
v 0.54448062 -0.13553925 -0.09760177
v -0.56570506 -0.02634274 -0.14528154
v -0.40919048 0.07324224 -0.22854629
v 0.55991948 -0.08248333 0.05580692
v 0.50559676 -0.13012226 -0.19401750
v 0.18793979 0.12134439 0.46639603
v 0.16995557 0.10069998 -0.46215904
v -0.26807019 -0.01123727 0.50076699
v -0.04708108 0.20565954 -0.45944387
v -0.39838853 -0.29504624 -0.31757882
v -0.10429011 -0.24218929 -0.47503060
v 0.43461317 0.00616719 -0.29690072
v -0.30399388 0.10602880 0.40584707
v -0.33726925 0.11742284 0.38121545
v 0.63856685 -0.09991937 -0.00486986
v -0.00085631 0.41555429 -0.11063421
v -0.43002117 0.12763314 -0.29351765
v 0.55791605 -0.08908539 -0.11928183
v -0.35180268 0.15730518 -0.37077799
v -0.33478945 -0.10998695 0.47558922
v 0.15302810 0.29347759 -0.37834162
v -0.33157545 0.01668521 -0.43545616
v -0.52894294 -0.23364167 -0.22721814
v 0.07391154 0.35721219 -0.04862871
v 0.00366927 -0.36613655 -0.15698510
v 0.02335493 -0.24486974 -0.47516713
v 0.22134408 0.14755449 0.43641898
v -0.52170324 -0.26348829 -0.08056146
v -0.29049757 0.30919003 -0.20831965
v -0.16134852 0.15805125 0.47568804
v -0.38443106 0.30738074 0.13040861
v 0.06419076 0.43933243 0.04842745
v 0.13382486 0.40922368 0.04754786
v 0.02569379 0.10932348 -0.51614732
v -0.38122988 0.25857061 -0.07871094
v 0.57497633 -0.14167622 -0.08164011
v 0.43227455 -0.19462031 -0.23296827
v -0.51837385 -0.24667233 -0.21385804
v 0.27366176 -0.29642183 -0.33466402
v 0.09984558 0.43539131 0.00197998
v 0.17271098 -0.32797205 -0.16039476
v 0.05081559 -0.40086558 -0.06587699
v 0.29818791 0.12558350 0.38914239
v 0.05841068 -0.22780761 -0.49580085
v -0.54952580 0.04640641 -0.10558689
v 0.49113765 -0.21661486 -0.16139041
v -0.21970648 0.21920680 0.39054090
v 0.53574306 -0.09375459 -0.11010624
v 0.09719922 0.37384686 -0.17600890
v -0.02833338 -0.31514382 -0.40825707
v 0.07516339 0.45138890 0.07272101
v -0.14810650 0.34615564 0.31660670
v 0.26638627 0.12192861 0.49727041
v 0.23403105 -0.20442110 0.34056735
v 0.38904631 -0.21730624 -0.24897993
v 0.47440019 0.21140522 0.20930505
v -0.16768527 0.16260496 0.43889457
v -0.42553172 -0.31679404 0.10094559
v 0.13528872 0.15778117 0.48423359
v -0.34276062 -0.02900977 0.36802405
v 0.18208450 -0.21440049 -0.44504911
v -0.04143141 0.23910603 0.48030904
v -0.01147082 0.38411805 -0.07720912
v 0.45266855 -0.09053165 -0.05227440
v -0.57271242 -0.21336046 -0.14065653
v 0.13945517 0.35893720 -0.17138225
v 0.18614316 0.12674385 0.47717366
v -0.22878695 0.03396072 0.50126952
v 0.18693094 -0.33738738 -0.16021501
v -0.22906470 0.21293524 -0.41849893
v -0.55523407 -0.14218929 -0.16238956
v 0.28957677 0.16494274 0.37845901
v 0.50717419 -0.12444648 -0.18350965
v 0.46050987 -0.20728070 -0.24083664
v 0.05205619 0.30907980 0.44395763
v 0.15253931 0.23241036 0.42582861
v -0.67164052 0.04164753 -0.02014244
v 0.01652191 0.31716079 0.44341078
v -0.36760372 0.30866206 -0.07710525
v -0.59542382 -0.11383000 -0.09829894
v -0.20654842 -0.01241462 0.52464682
v 0.50403243 -0.17601526 -0.16240099
v -0.51763111 -0.21580651 -0.12711960
v 0.23517513 0.15139683 0.43724161
v -0.35901791 -0.05522297 0.45149490
v 0.07823625 0.39172578 -0.02524522
v -0.38956088 0.23613712 0.24107608
v 0.61103487 0.01896358 0.07771214
v -0.57433486 0.01937023 0.03850035
v 0.49059629 -0.16136266 0.26314080
v 0.51024795 -0.24194074 -0.08429480
v -0.53267777 -0.08814473 -0.24206884
v 0.59013742 -0.17668065 0.04198033
v 0.29138735 0.12142180 0.39325744
v -0.35632119 -0.00719707 0.44950324
v -0.34017998 0.07062805 0.42829591
v 0.54199743 -0.24140811 0.01666500
v -0.07926065 0.35866600 0.16562186
v 0.48022941 -0.17072064 -0.18346684
v 0.49625495 0.09487899 -0.20950538
v -0.19176024 0.21576735 0.37851030
v -0.25716794 0.04591241 0.50002712
v 0.29034919 -0.24047224 -0.39268029
v 0.64446354 0.00897985 0.07965958
v -0.19867082 -0.22118887 -0.49028701
v 0.14705166 -0.15369529 -0.47833231
v -0.62386096 -0.07090953 -0.07443075
v -0.56098211 0.00927931 0.03180379
v 0.39266968 -0.27660584 -0.22405651
v -0.00311249 -0.13953549 -0.53098887
v -0.49499786 -0.13658926 -0.32922336
v -0.05845740 -0.36021253 -0.33384636
v 0.01794793 0.11737382 0.52837753
v -0.41348803 -0.30580527 -0.17339665
v -0.33813584 -0.15007904 -0.46665570
v 0.48794353 -0.15311939 -0.18057048
v 0.13511391 0.34327316 -0.25749436
v 0.18237378 -0.05422645 0.53300071
v -0.43179485 -0.31220061 -0.24485151
v -0.56585145 -0.01295844 0.11989617
v -0.32464719 0.14917734 0.39038613
v 0.36772305 -0.04484194 0.43629473
v 0.06813866 0.15383065 -0.46327573
v -0.62320685 -0.11490507 -0.05571608
v -0.39071569 -0.16323642 0.25724936
v -0.29318422 0.00517948 0.46905038
v 0.70645213 0.08599808 0.00679383
v -0.24246660 0.18775117 0.38341796
v -0.69605815 -0.05646053 -0.07512644
v 0.16201033 0.29135513 0.36465323
v 0.27262038 0.04505531 -0.42871773
v 0.29458570 0.05658463 -0.40708575
v -0.62435746 -0.06657640 -0.07199435
v 0.50016308 -0.18382025 -0.16551688
v 0.25754979 -0.09676314 0.48467812
v 0.37911701 -0.05913779 0.44026870
v -0.29630297 0.11018447 0.41036436
v 0.66037089 -0.02418308 0.02837949
v -0.04703948 -0.34451357 -0.37188208
v 0.25661865 0.00746699 0.51161015
v -0.18833706 0.12929994 0.49121967
v -0.16051212 0.17970744 0.45297611
v 0.19093356 -0.34973526 -0.17149821
v -0.28278092 0.09824549 0.41807258
v 0.47557542 0.03082256 0.30158430
v 0.13444988 0.29035306 -0.40218282
v 0.58902407 0.07011918 0.18592438
v -0.01943998 0.37195647 0.12050752
v 0.08188133 -0.14524174 -0.51724255
v 0.14509083 0.12247312 0.49017084
v -0.51757157 -0.22816561 -0.19500990
v -0.25867635 0.08821904 0.44498628
v 0.20194507 -0.31350446 -0.35498387
v -0.62694466 -0.05343263 -0.07051033
v 0.20996517 -0.33705184 -0.30132389
v -0.13039076 0.01104190 0.55251938
v 0.44690686 -0.18680233 -0.27274495
v -0.31148425 0.01326772 0.46154597
v -0.17057925 0.05230235 0.53588700
v 0.50521827 -0.12577136 0.34006053
v -0.08602089 0.22909325 -0.46379301
v -0.01834671 -0.32812902 0.38772178
v 0.16600007 -0.26904619 -0.40542755
v -0.11415603 0.26389241 0.43149212
v 0.38394871 -0.34257632 0.17572758
v 0.26365697 0.10133644 0.42653951
v 0.00783085 -0.31713772 -0.38604349
v 0.27899519 0.06003362 0.42537799
v -0.45129597 -0.32927889 -0.18805945
v 0.50001985 0.12894373 -0.08278137
v -0.52562511 0.22107621 0.01820564
v -0.01780762 0.45455885 -0.01280424
v 0.43399432 -0.22012752 -0.17859545
v 0.48491034 0.13004424 -0.06761889
v 0.23073003 -0.21096589 -0.42177418
v -0.46137047 -0.15992615 -0.29227009
v 0.37738830 0.07011282 0.38321146
v -0.63587749 -0.11881535 0.03084308
v -0.49656287 -0.25833833 -0.24153645
v 0.11441457 0.12380545 0.51286691
v -0.17451577 0.35322827 -0.02106825
v 0.33732998 0.15756308 0.36939502
v -0.12853220 -0.24765491 -0.46868378
v -0.55248410 0.22909302 0.00437766
v -0.19470946 0.23194028 0.41212326
v 0.01923981 0.32346398 0.35273296
v 0.24042329 -0.11599612 0.47959006
v 0.36009008 0.04364954 -0.34584495
v -0.28221613 -0.03166417 0.46432328
v -0.08928482 -0.24783169 -0.47742659
v -0.51758671 0.12813497 -0.12540312
v -0.35487595 0.16440508 0.30131254
v 0.58694863 -0.10165873 -0.06554607
v 0.51928926 -0.17689484 -0.14426687
v -0.22354460 0.30013329 -0.34411070
v -0.53885150 -0.26531190 -0.12999314
v -0.26361635 -0.03303231 0.50624371
v -0.31458107 -0.02389392 0.48826224
v 0.60476518 0.03113125 0.14016142
v -0.15913235 -0.10786642 -0.51600009
v -0.34147304 0.10482954 0.38825384
v 0.50252551 -0.12060754 -0.18554118
v 0.16299821 0.24334466 0.42469639
v -0.59797537 -0.13999711 -0.09255368
v -0.07095975 -0.35997736 0.20281148
v 0.21948475 0.09426998 -0.45323533
v -0.43767864 -0.29597053 0.03073895
v 0.34535849 0.22190101 -0.22144526
v 0.21622348 0.11954644 0.48958945
v 0.07668284 0.30227783 0.43810400
v 0.47396189 0.08524684 0.08157657
v -0.46691138 -0.27218592 -0.19888689
v 0.29569888 0.32101488 -0.12362060
v -0.37332326 -0.15875861 0.41408670
v 0.33123145 -0.33472204 -0.23076567
v -0.20696165 -0.25316110 -0.46860003
v 0.13341643 0.10743210 0.52085519
v 0.09189588 0.20413715 0.48842025
v -0.49397567 -0.30513191 -0.14240548
v 0.62180454 0.02381893 0.09750662
v -0.47154406 0.03911690 -0.18014888
v 0.11224929 0.07199047 0.51977253
v 0.07098801 -0.34331858 -0.30968586
v -0.41011709 -0.31399047 -0.24991694
v 0.13495192 0.14931196 0.49054107
v -0.17153138 -0.32291603 0.37977797
v -0.14083776 -0.22888084 -0.47926885
v -0.22930111 0.28433025 0.36164761
v 0.22065853 -0.13769284 -0.49443075
v 0.51264453 0.00806835 0.29475534
v -0.37246665 -0.02193833 0.37289178
v -0.55827129 -0.08763842 -0.16328849
v 0.20766047 -0.02041557 0.47860318
v -0.57483172 0.04743798 0.09803751
v -0.53109610 -0.19990702 -0.22225188
v 0.56087148 -0.16134635 0.00914644
v -0.36551416 -0.13948736 0.35954094
v 0.14665310 0.25132436 0.41962516
v 0.33265293 -0.26204365 -0.33700719
v -0.54759711 -0.12135938 -0.20586307
v -0.56401139 0.03400959 0.12113459
v -0.63283759 -0.04013521 -0.06424704
v -0.52355260 -0.22664963 -0.23871988
v -0.39993894 -0.06384254 0.37239337
v -0.23976982 0.07737460 0.48435628
v -0.17957783 -0.35216460 0.06682445
v 0.01681522 -0.39763227 -0.13312000
v 0.13803285 -0.14955571 0.55640417
v -0.49698040 -0.00087074 0.18455422
v 0.33559608 -0.27884132 -0.28120309
v 0.08557217 -0.14780834 -0.50348771
v -0.26765010 0.09506053 0.42967796
v -0.43188232 -0.26665887 -0.30669355
v -0.30310935 0.05566819 0.42169106
v 0.01565418 -0.02738943 -0.53769159
v 0.00827242 0.38278502 -0.18275818
v 0.48332131 -0.28402352 0.06070153
v 0.11293638 -0.25277108 -0.45924473
v 0.17991103 -0.31691968 -0.31773773
v -0.03231962 -0.20645316 -0.51363873
v -0.15940328 -0.04380446 -0.53185904
v 0.42852145 0.21736760 0.15050367
v -0.59270483 -0.16839024 -0.05920935
v -0.01540768 -0.33669710 -0.34425089
v -0.61622667 0.21160385 0.04926799
v -0.58393943 0.25728357 -0.02102350
v 0.59558272 0.03954143 0.02669734
v 0.05003352 0.42694718 0.04543418
v -0.18792126 0.09054793 0.49814317
v 0.05448070 -0.30325469 -0.44478470
v -0.03100481 0.23691009 0.51301682
v -0.63163507 -0.16802123 -0.03286289
v -0.45874357 -0.02238389 0.26684535
v 0.13823941 0.08924276 0.49780828
v -0.19093783 0.22063786 0.42394772
v 0.59558660 -0.01231793 0.12164462
v -0.49737993 -0.20258826 -0.28083748
v 0.48796126 -0.13302325 -0.25411355
v 0.49522722 -0.07442947 0.15662773
v 0.24595334 0.15297472 0.43017054
v 0.31240481 0.21546531 -0.29748186
v 0.41650334 -0.02781216 0.38993430
v 0.13919352 0.13654019 0.49926090
v 0.27718222 0.10551461 -0.40564173
v 0.19931485 0.14585170 0.43576285
v -0.53840065 -0.23882250 -0.09832504
v 0.64158803 0.11181070 0.02878986
v 0.27608383 0.11079060 0.41014564
v 0.42632043 0.07141140 0.32329977
v -0.22538801 0.07897994 0.46974286
v -0.12395041 0.26111859 0.40595135
v 0.18486628 0.14029488 0.46503249
v 0.05857174 -0.35525107 -0.29279914
v -0.29465038 0.05372290 0.43497670
v 0.23863468 -0.01931387 0.48372078
v -0.22253934 0.31241894 -0.36562172
v -0.47289839 -0.14845806 -0.27617544
v 0.12236847 0.25338489 0.42827514
v -0.10960813 0.32662451 0.31063527
v 0.14896005 0.09431267 0.54292929
v 0.13443355 0.04154622 0.53866994
v -0.55454403 0.15416774 0.07681285
v 0.11316606 -0.08644295 -0.52642649
v 0.42318276 0.30383918 -0.06481346
v 0.28178895 -0.21826589 -0.35145926
v -0.06821367 -0.38657099 -0.06159496
v -0.09869973 -0.01032806 -0.54630888
v 0.07712997 0.34081554 0.22263046
v 0.17968023 0.36505875 -0.28345504
v 0.58027518 -0.09547710 -0.10615909
v 0.37576443 -0.10615586 -0.35915887
v -0.41954309 0.01092627 -0.35119015
v 0.23003967 -0.00959777 0.51606071
v 0.22790569 -0.21895435 -0.40675503
v -0.44294828 -0.33350757 -0.19849046
v 0.15614380 0.33868831 0.23330882
v -0.19944611 -0.15055755 -0.50717783
v -0.46896124 -0.27980143 -0.25927430
v -0.44304657 -0.07282430 -0.38217822
v 0.37245262 -0.01935074 0.42766809
v 0.17941472 0.17805134 -0.43117574
v 0.37029997 0.20222761 0.37451977
v -0.21726504 -0.32123172 -0.34527913
v 0.01396881 0.40876007 -0.01209559
v -0.04842924 0.41099566 0.10636342
v -0.48469102 -0.04129800 -0.36817479
v -0.34442750 0.30424508 -0.17375642
v 0.63522017 -0.09537774 0.02835184
v 0.05198370 0.05463381 0.54537112
v 0.59151781 -0.08692272 -0.01855470
v 0.08295976 0.38950488 -0.05190116
v -0.02459589 0.11311176 -0.52556849
v 0.12596378 0.29724902 0.41848367
v -0.14728144 0.06680945 -0.52300274
v -0.59745252 0.05279707 0.04210462
v -0.25353152 -0.34810108 -0.22071680
v -0.09278908 0.34832263 -0.10602956
v -0.52565980 0.18554538 0.06770711
v 0.19364989 -0.10034303 0.53092492
v 0.02321467 0.06799090 -0.50505352
v -0.49529135 -0.21861038 -0.24413617
v -0.17092687 0.32080108 -0.27293172
v 0.24365973 0.34074122 0.04653284
v 0.02163965 0.35383642 -0.28096056
v -0.17685084 0.31176078 0.31467682
v 0.11824583 -0.03675297 -0.53310764
v -0.17215952 -0.28072116 -0.42021489
v -0.55123782 -0.21946159 -0.10002190
v -0.31545490 0.26304397 0.28076750
v 0.08482210 0.38710493 -0.07750304
v -0.00285852 -0.36001459 -0.25746799
v -0.52922064 0.21366966 -0.08482608
v 0.15351443 0.01169754 -0.47656864
v -0.02471962 -0.36724919 -0.30027145
v -0.45374981 -0.29503220 -0.21985216
v -0.19756211 0.30743635 -0.37841430
v -0.48402438 0.23608172 -0.16165885
v 0.64699227 -0.07101621 0.06976350
v -0.40847540 0.06649774 0.34650820
v 0.33880925 0.26338828 -0.27783704
v -0.10800014 -0.36460024 -0.24722393
v 0.11687706 0.16554235 0.50135320
v -0.36272162 0.22926871 -0.23123759
v 0.11458200 0.17154263 0.48715505
v 0.57311970 -0.04944733 -0.10280678
v 0.45602971 -0.29287985 0.15193975
v -0.38247210 0.25432184 0.23835798
v -0.42264977 0.20406933 -0.28026912
v -0.57749343 -0.21664131 -0.08301790
v -0.05293768 0.23297229 0.45499101
v 0.24768245 0.12708382 0.44530746
v -0.50677264 0.25122884 -0.06276169
v 0.67398012 0.11099946 0.00518347
v 0.29771191 0.26238108 -0.32897049
v -0.09588704 -0.09727515 0.55946755
v 0.27479061 0.09900052 -0.39766619
v 0.32702905 -0.16005212 0.44578785
v -0.33983719 0.21190384 -0.31864983
v 0.31357384 -0.34345746 0.26920184
v -0.60272008 -0.12063095 -0.08891450
v 0.20241338 -0.25154185 -0.42086691
v -0.25671902 0.08375873 0.45921981
v -0.61074054 0.12383028 -0.05708219
v 0.16910702 0.09239866 0.51370180
v -0.20551826 -0.25593111 -0.43753701
v 0.20470548 0.06553732 0.48851851
v -0.36743695 0.23947990 0.17590690
v 0.16972652 -0.26896209 -0.43682024
v 0.04963804 0.44356829 -0.03223484
v 0.13767487 0.39002472 0.18083245
v 0.40321270 -0.12063180 -0.32022759
v 0.45842534 -0.18866068 -0.20745870
v 0.49622217 -0.19151896 -0.15992904
v -0.59603524 0.22307129 -0.05607022
v 0.35188863 0.23935023 -0.27342105
v -0.19859965 -0.27674294 -0.41559279
v -0.52839088 -0.20628792 -0.16213422
v 0.45897096 -0.22205350 -0.18400395
v 0.02429798 0.41055757 -0.04344934
v 0.30151156 -0.37743965 -0.06251404
v -0.00689243 0.17580438 0.53017223
v 0.11003131 0.17981353 0.47260273
v 0.35251170 -0.02279700 0.42565489
v 0.09327420 -0.29441947 -0.43909487
v -0.07956789 0.34128320 0.25375968
v 0.14443976 0.08491533 0.52799201
v -0.52640873 -0.24103948 -0.12969163
v 0.50849789 -0.07181573 -0.19165438
v 0.04342890 0.42116392 -0.04869117
v -0.00557462 -0.36413938 -0.27256101
v 0.02107261 0.46971321 0.03116959
v -0.06392485 -0.17101581 -0.51798517
v 0.57409227 -0.00067432 0.01881502
v 0.32918751 0.36054510 -0.19788970
v 0.06419967 0.28486362 0.44835126
v 0.21620497 0.35952222 0.22426096
v 0.52736402 -0.16485378 -0.07858457
v -0.00419174 0.27582699 0.45082259
v -0.47677696 -0.16833001 -0.26274782
v -0.52832580 -0.21786107 -0.30712497
v -0.06018784 0.09857547 0.54968500
v -0.65563303 0.00174023 -0.02329321
v -0.21778649 0.30785534 0.12337540
v -0.15174413 0.36461490 -0.00380341
v 0.15967134 0.19273931 0.43508935
v -0.28435445 0.03624513 0.49304169
v -0.40746659 -0.11145306 0.35038227
v 0.39104703 -0.24283858 -0.26439416
v 0.15510565 0.08715861 0.53137493
v 0.21544473 0.33658957 -0.32274806
v -0.44105595 -0.18157391 -0.34624809
v 0.25227827 0.14372776 0.48205161
v 0.14162208 0.14519027 0.46398303
v 0.09325786 0.19455126 0.47174531
v -0.28122053 -0.23957191 -0.39269915
v 0.16357259 0.09278016 0.52467525
v -0.10536329 0.03044606 -0.53867030
v -0.11419525 -0.27562365 -0.45604718
v 0.62330681 0.08732080 0.02468817
v 0.45874551 -0.22770482 -0.17501138
v 0.03619824 0.36276147 -0.20408270
v -0.42842913 -0.30428481 -0.24390805
v 0.41936892 0.21931906 -0.12764187
v -0.12636705 -0.36119232 -0.27102643
v 0.12925690 0.17564614 0.47786662
v -0.39318809 -0.22096390 -0.41494247
v -0.44614229 0.28699833 0.11670578
v -0.15705252 0.16744743 0.43939191
v 0.21515119 -0.32135606 -0.19184875
v -0.20438841 -0.23006517 -0.48645219
v -0.05761997 0.32370287 0.29289901
v 0.24302056 0.37374175 0.18620794
v 0.44668394 -0.19996944 -0.24038416
v -0.29697645 0.07247768 0.41783181
v 0.65673351 -0.04572248 0.01023252
v 0.30073369 0.14782427 0.44981736
v 0.14344294 0.24251375 0.40209296
v 0.11587406 0.21070606 0.43865120
v 0.11075893 0.19424635 0.46025005
v 0.17983463 0.08154634 0.53343171
v -0.04041899 0.02560152 0.53587139
v -0.60029894 0.14625107 -0.07543825
v 0.71690595 0.17074007 0.00951849
v 0.17454818 0.41265556 0.01503517
v -0.26277810 0.23670629 0.37707347
v 0.14137904 -0.24342179 -0.46036333
v -0.12992291 -0.24056229 -0.47064996
v -0.04150803 0.38502133 0.12936772
v 0.48266155 -0.02197876 0.32316947
v 0.06685620 0.33689532 0.31514364
v -0.41054961 -0.04556519 -0.40039670
v -0.26532570 0.30020648 -0.28027835
v 0.26693302 -0.30003577 -0.30939302
v -0.01107743 0.45633996 0.02450486
v 0.28365940 -0.33585930 0.32220700
v 0.15063472 0.07699694 0.51206517
v -0.13304737 0.08737335 0.52185315
v -0.63006550 -0.04474160 -0.09066592
v -0.20631690 -0.08982345 -0.51108956
v -0.40606716 0.14072479 0.23932531
v 0.22194716 0.14804301 0.43442857
v 0.54406619 -0.01178342 0.20541324
v 0.01507903 0.04452850 -0.53154701
v -0.17514913 -0.20574784 -0.51440179
v 0.22687554 -0.22882360 -0.42673305
v 0.55448759 -0.15836447 -0.12815750
v -0.69124764 -0.01124007 -0.00400173
v -0.50765449 -0.22882588 -0.08487723
v 0.52380681 -0.13211234 -0.16062486
v 0.21243700 -0.08619337 -0.49227577
v -0.03285443 -0.35974884 -0.28040794
v 0.32687938 0.23881489 0.31534976
v -0.15524565 0.31807864 0.30179083
v -0.29824516 -0.22923890 0.48503163
v 0.03018625 -0.33318877 -0.39702630
v 0.22405067 0.16688073 0.41594362
v -0.37182534 0.07550796 0.35394669
v 0.33027542 0.35263485 0.15115735
v -0.13574235 0.26820666 0.43663305
v 0.29924071 0.11936357 0.39749646
v 0.04074390 0.34598011 -0.18565619
v -0.07189631 0.24752070 0.47712475
v -0.32430845 -0.20770055 -0.41805556
v -0.27803984 -0.10235140 0.49790972
v -0.01062386 0.28933379 -0.38595513
v -0.38766834 -0.22165243 -0.39134845
v 0.00870135 0.34339920 -0.31639344
v 0.14894462 0.37297264 -0.07874137
v 0.23188716 -0.35321921 0.19969194
v 0.09243877 -0.36227959 0.07981032
v -0.50309169 0.21871150 -0.11830647
v 0.35005289 -0.15016481 0.44111234
v -0.25886926 -0.31578165 -0.37533471
v -0.25710577 -0.25007498 -0.42680937
v -0.26158303 0.23389189 0.38216853
v -0.42138717 -0.20828970 -0.35942200
v 0.08606967 0.38322774 -0.08449496
v 0.12288991 -0.28654769 -0.11609356
v -0.09586109 -0.37102792 -0.31809482
v 0.59842044 -0.10352996 -0.05811140
v -0.26198792 -0.17099996 -0.48544949
v 0.21572258 0.17743093 0.41723973
v -0.12104873 -0.28826177 -0.43875149
v -0.26498628 0.11203586 0.43463793
v 0.36861598 0.25663951 0.26647276
v -0.13828838 -0.38198191 -0.15712363
v 0.04515782 0.31044775 -0.39928094
v 0.47623488 -0.13418955 -0.20946269
v -0.11998260 0.20550528 0.45071048
v 0.52501273 -0.07241389 0.00894476
v -0.18593197 0.20647468 0.44021937
v 0.20240122 -0.00650277 0.53174996
v -0.37084296 -0.11438620 0.45968008
v 0.14263827 0.17131907 0.48881972
v 0.07647587 0.39347693 -0.14627914
v 0.34783995 0.36241099 -0.20349906
v 0.16919665 -0.19322400 -0.47841987
v -0.04961089 -0.18002327 -0.51848477
v -0.24889782 0.18391591 0.37026727
v 0.02405748 -0.38128459 -0.19818796
v -0.59265929 0.13740268 -0.06897232
v -0.21838540 0.26517200 0.37526956
v -0.48609334 0.22897482 -0.09616463
v 0.24055420 -0.27610067 0.42029130
v -0.49021336 -0.24155401 -0.24554862
v -0.33521658 -0.35980240 -0.05645915
v -0.22756250 0.33611965 0.18928745
v 0.44670880 -0.14583096 -0.23280650
v -0.03730318 0.42061427 -0.01631387
v -0.36450300 -0.00061437 0.36905888
v -0.21364465 -0.26617977 -0.44445080
v 0.27786806 0.17985508 0.39257616
v -0.62430620 0.09805044 -0.08601374
v 0.69043201 0.04346490 0.01464346
v 0.42622346 -0.30020413 -0.11401489
v -0.43072951 -0.24540840 -0.27279717
v 0.08697419 0.37805352 -0.05260317
v 0.10283926 0.43454787 0.04803369
v 0.37935361 0.13271429 -0.14261535
v -0.56428051 -0.20291790 -0.11846037
v -0.48731217 0.12957597 -0.17990419
v -0.30907124 -0.00784806 0.42960089
v 0.17947130 0.33874103 -0.34860516
v -0.15548384 0.18171689 0.44623378
v -0.34290156 0.08165360 0.40478018
v 0.45761561 -0.29049042 0.12355800
v 0.68151581 0.01508047 -0.01755261
v -0.00664455 0.20657483 0.51062959
v -0.46000600 -0.29412100 -0.21786925
v 0.08955933 -0.34694749 -0.34940428
v 0.17922127 0.12041268 0.49398220
v -0.52009702 -0.23726147 -0.15824953
v 0.00986646 0.42394298 -0.01354110
v -0.20274782 0.10211550 0.48227209
v -0.43196571 -0.28511006 -0.24527887
v 0.19365866 0.07651073 0.52317667
v -0.46368849 0.30574030 -0.06582467
v 0.27747312 0.17733033 0.46493131
v -0.52018726 -0.12900235 -0.10839345
v 0.50217384 -0.23593862 0.05580024
v -0.21235591 0.08050208 0.48444182
v 0.52718616 -0.09624251 0.22318000
v -0.20812109 0.08111893 -0.44506621
v 0.06749020 0.29117700 0.42698029
v 0.49846318 -0.13027532 -0.20984977
v 0.64843857 -0.06206053 0.16511331
v 0.04282507 -0.35973501 -0.24234337
v -0.19929549 -0.28936899 -0.40756646
v -0.18736804 0.20869169 0.42645255
v -0.32721430 0.02226556 0.40485725
v -0.22834003 0.20778762 0.37796521
v 0.31482422 -0.13923171 0.46442509
v 0.35083976 -0.24545364 -0.27534759
v 0.04406355 0.43494281 0.00698967
v -0.47315839 -0.27679613 -0.21035275
v 0.21506640 0.32173371 -0.32478714
v -0.11842808 0.31873649 0.32889360
v 0.51061022 0.00375317 0.28404430
v -0.60822260 0.11204363 0.04424934
v -0.62498075 -0.08721456 -0.08726786
v -0.39782524 -0.16710834 0.38709936
v -0.14741156 -0.29890403 -0.39042133
v -0.53481078 -0.25556487 -0.12560928
v -0.11543061 -0.27718073 -0.45859042
v -0.10655564 0.03000329 -0.48944113
v 0.40785408 -0.24055873 -0.26083797
v -0.45534217 -0.01798180 -0.36332142
v 0.57365447 -0.13036855 -0.12902273
v 0.48922062 -0.17081219 -0.17459221
v -0.43351120 -0.31262353 -0.23441429
v 0.10971625 0.22474775 0.42279127
v -0.11537652 -0.29570937 -0.43489707
v 0.24439973 0.13429900 0.48392418
v -0.45601809 -0.15821522 -0.31868589
v 0.51454937 -0.12709551 -0.15860242
v -0.20928219 0.20693982 0.44437444
v 0.51049370 -0.18606955 -0.08320042
v 0.36820704 -0.11287643 0.46256745
v 0.03914587 -0.27739128 -0.47409827
v 0.30986658 0.11538327 0.39654708
v 0.22974643 0.08701460 0.49753362
v 0.07428031 0.40472019 0.08203343
v -0.08863193 0.05525003 -0.54169023
v 0.03313439 0.41595262 0.06803159
v 0.26076636 0.28855217 -0.33243603
v 0.11542673 0.24425703 0.42857099
v -0.08487602 0.05308104 -0.53186440
v 0.52278554 -0.16573063 0.19526383
v -0.17568615 0.28952846 0.40016198
v 0.40934914 -0.09950498 -0.23395759
v -0.34961313 0.01354421 0.38075018
v 0.22540885 0.06703331 0.46418753
v -0.13479756 0.32899287 -0.33344185
v 0.47027960 -0.22402900 -0.14937517
v -0.04315051 -0.24297845 -0.46858588
v -0.53254753 0.05923095 0.14247857
v 0.09713246 0.34273201 -0.35752138
v -0.50916195 0.08845406 0.10270774
v 0.02429585 0.25455356 -0.41818935
v -0.46624950 -0.27534115 -0.20734386
v 0.12575331 -0.02290479 -0.50888145
v 0.27806339 0.03331872 0.43928015
v -0.36206725 -0.06946355 0.36835384
v -0.13238527 0.07962396 0.53442621
v 0.64307261 -0.01322853 0.07469128
v 0.23484758 0.02911210 0.52472180
v -0.24510692 0.11347383 0.43713701
v 0.26783428 -0.30652389 -0.31499046
v 0.29215118 -0.28501096 -0.01605083
v -0.29501536 0.15445900 0.37895557
v -0.35741669 -0.21614233 -0.42006704
v -0.54403079 -0.25485063 -0.12354053
v 0.60576010 -0.02836126 -0.05145706
v 0.10178468 0.09181161 0.50931299
v 0.10698313 0.19453491 0.46202362
v 0.32370117 -0.00512803 0.42455786
v -0.43163323 -0.28606626 -0.25178027
v -0.44334087 -0.29348829 -0.25492251
v 0.52881354 -0.24342263 -0.05609436
v -0.41478309 -0.31785905 -0.24485505
v 0.56787306 -0.10425792 -0.15841344
v -0.28107417 0.13195623 0.44022107
v 0.33782279 -0.28467357 -0.29591393
v 0.45127767 0.23666212 0.11766467
v -0.01202920 -0.35226461 0.13124461
v -0.32784164 0.08914564 0.40242252
v -0.13432318 -0.36377385 -0.28949097
v -0.48873672 -0.31210995 -0.15179992
v -0.04691738 -0.25356406 -0.49823624
v 0.40487364 -0.26677722 -0.22261319
v -0.54243898 0.02957642 -0.12706104
v 0.62341636 -0.09327872 0.04361691
v 0.43517625 -0.20925196 -0.23577866
v -0.36947095 -0.11570382 0.44840854
v 0.17691673 0.23289010 0.41915485
v -0.23239195 -0.23538074 0.49842632
v 0.01562233 -0.37201104 -0.18263486
v 0.53218627 -0.11075274 -0.12563150
v -0.32927868 0.27733713 -0.27685565
v 0.60340488 -0.10675721 -0.05037636
v -0.32617301 -0.00656722 0.45296568
v -0.39718923 -0.29570895 -0.22381444
v -0.23141496 0.22952498 0.41148055
v 0.55415946 -0.15487196 -0.06779869
v -0.48703915 -0.28995389 -0.12983657
v 0.22822315 0.00464158 -0.46134663
v -0.27733809 0.04471023 0.48066750
v 0.21671078 0.15373027 0.43665370
v -0.06384307 0.31064510 0.38855794
v 0.38364083 -0.07165606 0.40502223
v -0.27851874 0.30658063 -0.22287452
v 0.02031027 0.43104625 0.06121960
v 0.41783965 0.09135284 -0.25099501
v 0.71283334 0.01481256 0.03432022
v 0.07127079 -0.20029563 -0.45264372
v 0.55855143 -0.02893661 0.18524200
v -0.69360805 0.23446381 -0.08876473
v 0.25228280 0.20518948 0.40902764
v 0.47399199 -0.07307343 0.29930332
v 0.22925523 0.19907534 0.40776730
v 0.64305270 0.01197730 0.00399262
v 0.39124021 0.04619469 -0.22226331
v -0.00095127 -0.24801579 -0.43354896
v -0.06056758 0.07664212 -0.50620002
v -0.17111278 -0.24242137 -0.47537261
v -0.44279361 -0.20933276 0.09119221
v -0.19669814 0.27973744 0.39168528
v -0.53313470 -0.23170102 -0.19137928
v 0.75859940 0.18860509 0.08976687
v 0.34217846 -0.05724145 0.44049275
v -0.70345825 -0.06587452 0.03041617
v -0.28243127 0.11682341 -0.43410203
v -0.49604985 -0.15087506 -0.32289177
v 0.56420231 -0.00997047 -0.01531283
v 0.30538309 0.11294931 0.40849221
v 0.57368398 -0.18360458 -0.04170851
v -0.17873438 0.31117529 0.21985103
v -0.28842542 0.05951382 0.47483480
v 0.22052492 0.29955116 -0.28768745
v 0.12155862 -0.35824686 -0.23137265
v -0.46192962 -0.28397939 -0.30145422
v 0.12877440 0.34732360 0.30919343
v 0.49855691 -0.16543141 -0.11390594
v 0.04263131 0.40318477 -0.02955855
v -0.48670220 -0.24333486 -0.24245138
v 0.69124740 0.03264746 0.01906586
v -0.17954916 0.26290476 0.41912955
v -0.21458888 0.33685118 -0.17454867
v -0.05848474 -0.36683178 -0.22824924
v 0.29908755 0.05553206 0.43353623
v -0.51485121 -0.19149335 -0.25189233
v -0.19377297 -0.35639530 -0.22102073
v 0.11304138 0.12381290 0.50902236
v 0.16294670 0.03771618 0.51788759
v 0.50606769 -0.17752676 -0.18222539
v 0.49533013 -0.12885101 -0.21670046
v -0.00071593 -0.11999381 -0.53136343
v -0.27851880 0.00132323 0.50196517
v 0.51403308 -0.04716782 -0.17702888
v 0.11660822 0.27399337 -0.38549000
v 0.52971447 -0.07551139 -0.11279567
v 0.08153848 -0.29939198 -0.43197584
v 0.00696680 -0.36802152 -0.33484721
v 0.00248116 -0.02463046 -0.54430568
v 0.31664482 0.21174285 0.35022643
v -0.51604968 -0.22757912 -0.20041317
v -0.49515933 -0.23009171 -0.26770556
v -0.45718348 -0.30959713 -0.19309609
v -0.45293534 -0.28474322 -0.21589389
v 0.58640808 -0.13786787 -0.03042968
v 0.58233929 -0.07106748 -0.02909859
v 0.47449046 0.21756911 -0.12678193
v 0.77275747 0.13719541 0.04236457
v -0.53083599 -0.02091562 0.08154756
v 0.43232650 -0.17977341 -0.31472966
v 0.54299027 -0.05350589 0.03186537
v -0.11445150 0.36326766 -0.14067279
v 0.20806843 0.05717915 0.50221562
v 0.39883703 0.23474810 0.24893862
v -0.62818646 0.05486333 0.01020672
v 0.54628122 -0.11675547 -0.13728207
v 0.62317520 -0.02559841 0.18113388
v 0.24841695 0.27345103 0.42559004
v 0.33906358 -0.18925932 -0.41104600
v 0.16844764 -0.31322202 -0.36622784
v -0.00278432 0.42790642 -0.01780209
v -0.14754182 0.31266856 -0.36599088
v 0.14124006 0.25268149 0.42104575
v 0.43115962 -0.13691913 0.38898468
v -0.46003267 -0.28745064 -0.21183608
v -0.21881080 -0.31400621 0.28780654
v 0.16846634 -0.24994877 0.46595335
v 0.19728287 0.13509762 0.47397819
v -0.46899149 0.27450365 0.07724859
v 0.26760846 0.21118616 0.40895563
v 0.47083879 -0.08599167 0.27674279
v -0.02865491 -0.05179784 -0.52883202
v 0.28579128 0.10236140 0.41402894
v 0.14712423 0.08914082 0.53770965
v 0.48058313 0.06382542 0.25514486
v 0.03081612 0.05134052 0.55299425
v 0.17755423 -0.27061123 -0.38436764
v -0.41520107 0.23051046 0.16591911
v -0.09309576 -0.31816483 -0.41156632
v 0.52643496 -0.17417198 -0.07473397
v 0.29193187 0.14448768 -0.38486266
v 0.28968596 0.04219817 -0.42423245
v -0.23082201 0.21273361 0.38999361
v -0.61444688 0.07652246 -0.05293503
v 0.12011003 0.21466011 0.45637116
v 0.10205199 -0.34990996 -0.28312093
v 0.50483191 -0.17089555 -0.15039024
v 0.19069603 0.08406221 -0.45591465
v -0.39126617 -0.30087239 0.17272167
v 0.24543770 0.28001639 -0.30500019
v -0.32956719 0.05220872 0.40225947
v 0.18650949 -0.28370330 -0.40323621
v 0.06919205 -0.16083868 -0.50129831
v 0.15097360 0.11384149 0.50911224
v 0.26305354 -0.02153747 -0.45112860
v -0.59794831 0.07044694 -0.10025042
v -0.27547911 -0.27193990 -0.42448086
v 0.27899095 0.11535997 0.44863439
v 0.26678959 0.00069746 0.51812303
v -0.11343475 -0.32377943 -0.39365345
v -0.24930859 0.28456897 0.35992679
v -0.47151205 -0.27774870 -0.19656666
v -0.04312079 0.32516783 -0.36716455
v -0.21220486 0.14962320 0.48646408
v 0.57567418 -0.14079569 0.00597100
v 0.31172737 0.15893832 0.40463164
v 0.55538404 -0.04036095 -0.06380503
v 0.15660037 -0.29232937 -0.37140471
v -0.79843885 0.02698152 -0.02158445
v -0.48088741 -0.18827856 -0.31280234
v -0.45086235 0.25005084 0.05073026
v -0.06612904 0.37230164 0.02984429
v -0.68817312 0.22197130 0.01353331
v 0.13144530 -0.30017406 -0.40650433
v 0.52577406 -0.13758478 -0.18536149
v -0.23303440 0.29600140 0.15889193
v 0.25293058 -0.24584994 0.30828285
v -0.35978368 -0.14961325 0.41738546
v 0.14252031 -0.08906188 -0.52550191
v 0.49488753 -0.15414527 -0.18249321
v -0.36661059 -0.08271334 -0.44786248
v 0.46188244 -0.21735373 -0.13202119
v 0.09068024 -0.29659525 -0.41085052
v 0.24743237 0.05339503 0.48133197
v 0.42768365 -0.21977830 -0.07544138
v -0.45644122 0.20329875 0.13037686
v 0.51985520 -0.16817611 -0.14114252
v -0.52984160 0.10857122 0.08547939
v 0.57869685 -0.10153820 -0.11787388
v 0.35505730 -0.18813103 -0.37830570
v 0.34695804 0.33655763 0.02856746
v 0.69154471 -0.03786755 0.02911167
v -0.05023642 0.40093157 0.17218660
v 0.47510636 0.19100612 -0.13643217
v -0.47011250 -0.28839582 -0.21612766
v 0.32857883 0.06364729 0.42134702
v 0.67647314 0.11532421 -0.00446163
v 0.02919488 -0.31812069 -0.41501185
v -0.10612525 0.34139457 0.21302801
v -0.37812662 0.14842764 -0.32686934
v 0.53109628 0.26875627 0.09373301
v 0.08274589 -0.29191267 -0.43542877
v -0.02888950 0.36976689 -0.10159634
v -0.14741084 0.09477126 -0.45944780
v -0.34893954 0.10754883 0.38709286
v 0.17499298 0.31366667 -0.35664952
v -0.27177903 0.26037857 -0.33255887
v -0.27199566 0.01319814 -0.47139946
v 0.00489847 0.39824468 0.21577667
v 0.45514858 0.18938513 -0.16012029
v 0.25343871 0.07864637 0.43698731
v -0.25608373 0.08448274 0.44152874
v 0.41513458 0.14931403 0.35735092
v -0.45721132 0.02016233 0.23195347
v 0.14158231 0.13875115 0.46847394
v -0.36392674 0.20877850 -0.33076972
v -0.28175673 0.31265381 -0.27259332
v -0.05229907 -0.37722635 -0.21187015
v -0.25402355 -0.26452690 -0.46579057
v 0.30196571 0.29313022 0.13746892
v 0.51850706 0.18900228 0.21231249
v 0.17611450 0.10796776 -0.46841162
v 0.05464400 -0.35588974 -0.33314618
v 0.03744813 0.34894675 0.38228345
v 0.01039843 0.42210162 -0.00789700
v 0.45980313 -0.20533730 -0.21962927
v -0.35575753 0.30744895 -0.17716993
v 0.29846907 -0.04813621 -0.43468165
v 0.21540333 0.20370227 0.42959481
v 0.58638161 -0.13195179 -0.05417487
v 0.30954808 0.09719606 -0.38250357
v 0.44987714 -0.24160570 -0.13476416
v 0.04221164 -0.29912555 -0.44057879
v 0.30486745 -0.22226447 -0.36433220
v -0.06633840 -0.04076579 -0.55175734
v 0.17989483 -0.35868278 -0.18369913
v 0.19531000 0.29857126 0.05890354
v 0.00867437 0.39909956 0.16583432
v 0.45109192 -0.20730947 -0.26450527
v -0.42662007 -0.08857182 -0.41287136
v 0.52859324 -0.10623610 -0.17404199
v 0.35629624 0.03329114 0.38942355
v 0.26109421 -0.00074701 0.50953454
v -0.09062446 -0.32181203 -0.36681923
v -0.46109951 0.30083978 -0.08148421
v 0.53419793 -0.16122326 -0.01002127
v -0.22808856 0.33023825 0.11659166
v -0.36499274 -0.17542389 -0.43660009
v 0.49213031 -0.27060130 0.10055309
v 0.58725023 0.02260618 -0.13132323
v -0.05776225 -0.37042290 -0.23443028
v -0.08381890 -0.21435618 -0.48567367
v 0.15643169 -0.01276061 -0.50533110
v -0.22528337 0.29476225 0.38694787
v 0.18250549 0.39492118 0.05671328
v -0.32071859 0.31850860 -0.11981310
v 0.43797481 -0.20631692 -0.22067598
v -0.51509875 -0.25276297 -0.11834507
v -0.32635117 0.10314721 -0.41762099
v -0.01745279 0.41106182 0.06531063
v -0.13745390 0.23299712 0.44923306
v -0.48739737 0.12139395 -0.24991629
v -0.04033470 -0.35217419 -0.34274244
v 0.45994937 -0.02394927 0.31191477
v 0.17963336 -0.05035677 0.51760781
v -0.51142359 -0.29456428 -0.16981511
v -0.23273849 0.09081816 0.45868841
v 0.02471470 0.34073785 -0.31437087
v -0.16558345 -0.28373414 -0.43683016
v -0.19011793 -0.01156821 -0.52937168
v 0.34880537 0.33658886 -0.12983191
v 0.55473483 -0.11386908 -0.05041823
v -0.41681796 0.03560599 0.33267480
v 0.49835294 0.26097476 0.09983862
v 0.25245076 0.07108733 0.44098395
v -0.51378793 -0.01083487 0.15014729
v 0.03019293 0.44685194 0.11746061
v -0.24149182 -0.33610892 -0.34246537
v 0.15254582 0.21781264 0.40646532
v -0.12575354 0.35424131 -0.10402690
v 0.15902738 0.08257224 0.49267793
v -0.21605451 0.24822870 -0.38132221
v 0.52709019 0.17647156 -0.05303007
v -0.49415368 -0.26483116 -0.21347947
v -0.32897407 0.03915995 0.45181406
v -0.05705632 0.22319423 -0.44820008
v 0.01876311 0.09313490 -0.51039648
v -0.28214765 0.30799028 -0.14199229
v 0.21070117 0.18279034 -0.42886579
v 0.09096195 0.23278269 -0.43743676
v -0.21016900 0.30957693 -0.32806167
v 0.30099362 0.12379707 0.41009343
v -0.17177689 -0.31845379 0.38866869
v -0.15414235 0.29816777 0.32461107
v 0.00785467 -0.35974967 -0.32050630
v -0.03744702 -0.35675460 -0.28746501
v -0.41747218 0.03988481 0.34122714
v 0.23499802 0.21622860 0.39392641
v -0.34606963 -0.16392791 0.37900585
v 0.22657843 0.21835789 0.43579102
v 0.02949043 0.26826751 0.43541491
v -0.33296230 0.27780342 0.29517448
v 0.20670807 -0.15785220 -0.48213795
v -0.37809524 -0.22268888 -0.37877417
v -0.20742005 -0.27482003 -0.44525999
v 0.42795414 -0.13741213 0.32800883
v -0.35223886 0.07581653 0.38536847
v -0.13392788 -0.06502824 -0.53656441
v -0.21142341 -0.28624678 0.42595544
v 0.56830126 -0.21303841 0.13757455
v -0.35540950 -0.05636743 0.39312679
v 0.58598149 -0.02443707 -0.02390371
v -0.43613872 -0.29499233 -0.19737270
v -0.34540409 -0.21509704 -0.40538758
v 0.57911611 0.11246145 0.01637417
v 0.50377542 -0.13328892 -0.16731021
v -0.27760762 0.07737595 0.43973547
v 0.13000283 0.39953044 -0.07524715
v 0.11846448 -0.21883650 -0.48902887
v 0.37790972 0.09680212 0.35403007
v -0.53264189 0.20330638 -0.08710250
v -0.27692425 0.03414824 0.46896029
v -0.06371426 -0.03193212 -0.54846466
v 0.07933847 -0.31347108 -0.41231439
v 0.08923826 0.28108588 -0.40972367
v -0.05938751 -0.28528455 -0.44146425
v -0.49331200 0.26020652 -0.01507429
v 0.14779162 0.11357225 -0.48400611
v -0.39889777 0.21069792 0.19389360
v 0.34338969 0.04262475 -0.35775957
v -0.07726713 0.34529606 -0.25090599
v 0.11655863 0.42279163 0.05924851
v 0.64511251 0.03936354 -0.02173664
v -0.50005424 -0.15950947 -0.30401933
v 0.02981871 -0.37299144 -0.16227162
v -0.53150690 -0.28557107 -0.16005452
v 0.27988479 0.03519011 0.47855669
v -0.44710422 -0.33749184 -0.18627623
v -0.53744090 -0.03265714 0.11450703
v -0.28467438 0.10945377 0.45938605
v 0.15555713 0.25327310 0.41803452
v 0.68561959 0.04288714 0.08533584
v -0.44969884 0.23407869 -0.18962076
v 0.49439010 -0.19185391 -0.18461417
v 0.03083634 0.41831896 -0.01869272
v 0.19113763 0.20391005 0.41116390
v 0.11758305 -0.34729660 0.35546124
v -0.33576494 0.16886654 0.36128968
v -0.57822561 -0.21805698 -0.08028290
v 0.36499855 -0.14761354 0.46008626
v -0.58669466 -0.14034301 -0.10596214
v 0.30251426 -0.13004710 -0.43573365
v 0.40134281 0.20822671 -0.21715318
v -0.61714691 -0.04074498 -0.08568154
v -0.06704658 0.34420401 0.26681405
v 0.53733200 -0.11949152 -0.15276849
v 0.17630397 0.07743508 0.51466453
v 0.40129533 0.12084582 -0.24859004
v 0.54856002 -0.11695375 -0.17934929
v 0.51228678 -0.20775405 -0.02902946
v -0.65750074 -0.13234729 -0.06816395
v 0.14567283 -0.20930782 -0.45495296
v -0.43625528 -0.28162250 -0.25242609
v 0.25546458 -0.15341753 0.53831744
v -0.32225746 -0.23547420 -0.39677215
v -0.47045255 0.29282051 -0.01472326
v 0.37848985 0.11842070 -0.33841950
v -0.03046037 -0.10806595 0.56715965
v -0.49739891 -0.26042634 -0.19395189
v -0.57524586 0.22472923 -0.04314838
v 0.30676076 -0.22793058 -0.41382918
v 0.58546853 -0.12692310 0.04832273
v -0.20948486 0.31667122 0.16659476
v 0.43377396 -0.12742867 0.35032228
v -0.00592484 -0.35019049 -0.27615961
v 0.12119323 0.15918761 0.48696727
v 0.13903600 0.08409747 0.50520277
v 0.24595179 0.07285884 0.47799480
v 0.29672882 0.21767245 -0.29577932
v 0.31025964 0.34163898 0.01039222
v 0.49013239 0.01623062 0.24920401
v -0.19993436 -0.12514642 0.52249181
v 0.61858881 -0.12622032 0.03060862
v -0.40863705 -0.31298757 -0.22085547
v -0.17781723 0.30861592 0.32349056
v 0.28996423 0.15122998 0.40248421
v 0.19744310 0.17366341 0.43362176
v 0.52139080 -0.08398970 0.22982682
v 0.17537536 0.19407204 0.52557606
v -0.18515138 0.12356228 0.48712379
v 0.26734897 0.19789633 -0.33060724
v 0.09463903 0.13595752 0.48750097
v 0.43067688 -0.23851065 -0.20002681
v 0.46992198 -0.21398777 -0.00550447
v -0.24361335 0.23558554 0.38011163
v 0.52013969 -0.00159495 0.27272916
v 0.08228867 0.35484600 0.28771079
v 0.36722305 0.05436853 0.41351745
v -0.31094211 0.30352980 0.16324948
v -0.01537244 -0.35577357 -0.36084297
v -0.51519239 -0.09892711 0.18733752
v 0.15945366 -0.31802920 -0.38311538
v 0.00190303 -0.35898635 -0.24838227
v -0.11745407 0.33883044 -0.04480310
v 0.47056672 -0.19590202 -0.20140229
v 0.53581899 -0.19520365 -0.14127153
v -0.27254885 0.28234828 0.33171645
v 0.31762138 0.07320154 0.41286716
v 0.68229413 0.07257241 0.03199160
v 0.37960783 0.02321467 0.37618184
v -0.23264936 0.04869995 0.47171777
v 0.16835515 0.10385007 0.50448787
v -0.38563323 0.10576360 0.29149848
v -0.53863657 -0.18343088 -0.01898687
v 0.42013362 -0.10915563 0.39592120
v -0.03844834 -0.16620754 -0.51634187
v 0.55895841 0.04531380 0.17226338
v 0.21359798 0.07234684 0.46489611
v 0.42140359 0.29507968 0.08380505
v 0.53325361 -0.09548271 -0.11011729
v -0.27541232 0.21998402 0.38308159
v 0.25307533 0.30418557 0.37556008
v -0.33322185 0.08229792 0.39827085
v 0.57742053 -0.05129521 0.18696952
v 0.14096388 0.22111227 0.48950583
v -0.44459772 -0.11022675 -0.33838868
v -0.62193668 -0.01112406 -0.05847381
v 0.05484347 0.25837559 0.46130157
v -0.56211585 0.16354659 0.04304974
v 0.14669281 0.34073526 0.41494158
v 0.50535792 -0.10504571 -0.20578757
v 0.45978695 -0.21866526 -0.18434918
v 0.01443342 0.18480712 -0.44198430
v -0.25565365 0.21962166 -0.40764517
v 0.41384077 -0.23909245 -0.19219483
v -0.04279754 0.41606364 -0.02903181
v 0.02310243 0.01051647 -0.53883857
v 0.82729435 0.24045502 0.09784262
v -0.34607166 0.23840488 -0.25187773
v -0.04392780 0.13135237 0.52138615
v -0.16112858 0.30782464 -0.32702351
v -0.26423264 0.28497383 0.33467612
v -0.54880404 -0.05858245 0.05064800
v -0.33520022 0.21914259 -0.30145112
v 0.55449581 -0.05275031 0.05744925
v 0.17025706 0.26589811 0.38050550
v 0.63711721 0.05520430 -0.01540154
v 0.56757927 -0.13228834 -0.08981076
v -0.33923310 0.18958691 0.33895120
v -0.18963338 -0.29882780 -0.40286481
v -0.46303988 -0.32090732 -0.18118429
v 0.48858243 -0.15681149 -0.22199480
v -0.60880661 -0.14530544 -0.01935431
v -0.41274643 0.02873278 0.30441368
v 0.27792972 0.11260343 0.42217785
v 0.13349971 0.06937343 -0.51995111
v -0.41207969 0.10897785 -0.33704618
v -0.58694535 0.07955378 0.01757833
v 0.09653354 0.37822792 -0.10022105
v -0.45009875 0.11007203 -0.29955921
v 0.21060596 0.34932011 -0.32372525
v -0.15952031 0.15987590 0.43951830
v -0.41327065 -0.11926382 0.31341317
v 0.23393966 0.09583415 0.43350759
v 0.12275384 -0.26646286 -0.43511283
v 0.17184807 0.20579872 0.47131437
v 0.02062434 0.05831028 -0.53220892
v -0.64285755 -0.11245467 -0.12478697
v -0.38298067 0.05595622 0.37751019
v -0.43659860 -0.29506326 -0.27500001
v -0.19822842 0.22102936 0.40097523
v 0.44790924 -0.20552972 -0.13899574
v -0.27583036 0.20076628 0.36780748
v -0.16754556 -0.26856703 -0.44710541
v 0.47796825 0.01284848 0.18161246
v -0.02526162 -0.28780565 -0.40281913
v 0.14339305 -0.26655236 -0.43641454
v -0.14660679 0.30665013 0.37887406
v -0.39936000 0.14662279 -0.32278261
v -0.27789649 0.26139709 -0.33837813
v 0.50787938 0.13973737 0.18128909
v 0.10527377 0.22218505 0.44140059
v 0.65105641 0.01673914 -0.02443776
v -0.30800065 0.07479787 0.43474311
v 0.04456491 -0.35227343 -0.06734667
v -0.18426347 0.08393418 0.49838138
v -0.43558493 -0.04709978 -0.36603093
v 0.07963100 -0.26222068 -0.46243122
v 0.09323934 0.31926140 -0.33763725
v -0.55693507 -0.01522146 -0.14195800
v 0.13883384 0.26471528 0.38908976
v 0.23620704 -0.32725203 -0.18191989
v 0.00524702 -0.36556521 -0.24462882
v -0.25158057 0.12717395 0.45018187
v 0.22588451 0.22373062 0.39352664
v -0.29588103 0.01535080 0.49256468
v -0.33253089 0.06879132 0.41701394
v -0.60486376 0.23611432 -0.03251576
v -0.36324412 0.09861849 0.36615413
v 0.24527973 0.05823444 0.44120464
v -0.60618758 -0.14089240 -0.10937658
v 0.18393758 0.23743547 0.40769634
v 0.51064092 -0.13267648 -0.15804730
v 0.50407887 -0.19867615 -0.09367442
v -0.32695714 0.31024534 0.20078751
v -0.05771132 -0.12371869 -0.55193263
v 0.53148049 -0.11561982 -0.14672616
v 0.37204504 0.16029106 0.35514137
v -0.02484500 0.30777141 0.41821796
v -0.03152037 0.41411674 0.06167864
v -0.10517660 0.30960292 0.40080053
v -0.04503422 -0.36122471 -0.29292059
v -0.23685615 -0.24969788 -0.44868493
v 0.52632517 -0.15188375 0.17600076
v -0.12596387 -0.01807725 -0.51089478
v -0.52782059 -0.23624910 -0.21120642
v 0.14109917 0.13469751 0.47164273
v -0.14337495 0.15915622 0.48577526
v -0.21497713 0.21436231 0.37524310
v 0.39389890 -0.05780943 0.41746634
v -0.46519279 0.07319339 0.14447662
v 0.60380542 0.03895181 0.12512863
v -0.11866552 -0.28314027 -0.45798498
v -0.48301142 0.23524483 0.01872123
v -0.62692857 -0.00308446 0.08140248
v 0.17556617 0.23871377 0.42284951
v -0.26897588 0.22501552 0.34703785
v -0.22980024 0.07952042 0.48231196
v 0.03855699 0.41286865 0.02689927
v -0.17110313 0.33868378 -0.19785611
v -0.27641475 0.23579313 0.35237724
v 0.12305541 -0.26149035 -0.44981381
v 0.47443065 -0.20794289 -0.09267280
v -0.19768514 -0.27220929 -0.41799274
v 0.51518440 -0.09589448 0.28014797
v -0.25881541 -0.35196915 -0.21987386
v 0.13166121 -0.04065763 -0.51882190
v -0.27087441 0.30676842 -0.26766717
v 0.33171588 0.20700882 0.35870931
v 0.24231453 0.10983261 0.50627095
v 0.34870625 -0.18930085 -0.41302860
v -0.11019529 0.35650057 -0.18032397
v 0.16014439 0.12093536 0.49874726
v 0.63084799 0.01037024 0.11165380
v 0.16222428 0.21669945 0.40668178
v -0.17293739 -0.22665754 -0.47466004
v 0.00100154 0.36618379 -0.35954058
v 0.30400011 0.14884207 0.38375950
v 0.00969281 0.45406038 0.04636294
v -0.17826876 0.24782465 0.43922830
v -0.50982767 -0.00931341 0.22166359
v -0.48764396 -0.09497454 0.25391722
v 0.00066473 0.32403427 0.35001144
v 0.26309210 0.14825621 0.47483379
v -0.43152225 0.07255061 -0.38400558
v -0.57926452 -0.15845893 -0.12707756
v 0.08986290 0.37700039 0.25852376
v 0.21874532 0.19795263 0.44005743
v -0.11985651 -0.26956931 -0.48190501
v -0.27560481 0.02706382 0.49544984
v 0.60709029 -0.00117133 0.09653628
v -0.11857870 -0.14657915 -0.53879577
v 0.28601161 -0.04862348 0.50311661
v -0.18103820 0.31618255 -0.02724538
v -0.39882308 0.06606048 0.35048458
v 0.50567484 -0.09891942 -0.07849029
v -0.46636313 -0.22123387 -0.14124447
v -0.13286123 -0.34753269 -0.35297740
v 0.11240076 0.27996588 0.39069295
v 0.36110875 -0.26940042 -0.15981181
v 0.51288092 -0.17792240 0.03032456
v -0.23533516 0.03300973 0.52235591
v -0.45072219 -0.01469854 0.25609988
v -0.59808224 -0.15564001 -0.07634996
v 0.02449185 -0.06526326 0.57940948
v 0.45535037 -0.00230758 0.31515130
v -0.20090817 0.22358741 0.41117191
v -0.32226610 -0.17769442 -0.45643187
v 0.45071501 -0.22999193 -0.11251242
v -0.47253984 -0.31489462 -0.15432262
v -0.16329251 -0.21970467 0.50703913
v -0.54933131 -0.18619370 -0.02648468
v 0.47350860 -0.13876508 -0.21602625
v 0.18510082 0.11413889 0.47145841
v -0.65981776 -0.04728317 -0.00920622
v 0.26478821 -0.15105496 0.49158344
v 0.15796345 -0.24662098 0.47002864
v 0.21159922 -0.24413773 -0.39382437
v -0.59182757 -0.13762306 -0.12458463
v -0.22702789 -0.19598493 -0.47650188
v -0.59443790 0.03128260 -0.06072012
v -0.51917636 0.19166028 -0.11054827
v -0.66102308 0.03676754 -0.04072769
v -0.21952936 0.06251844 0.50641370
v 0.17179233 0.23855999 0.40613756
v 0.24366102 0.15106046 0.38876387
v 0.27111745 0.06618077 0.46337390
v -0.05274349 -0.07998677 0.59134644
v 0.20343044 0.09981161 0.46422139
v -0.06672223 0.38335347 0.17028841
v 0.14464444 0.07624558 0.52513039
v 0.38182914 0.34690607 0.08900928
v 0.57463229 0.01167333 0.07843358
v -0.27557865 0.28869432 0.16781466
v 0.21389520 0.08574763 0.46473604
v -0.34400222 -0.15369788 -0.42453229
v 0.40897518 -0.14949515 -0.31401917
v 0.61589926 -0.00470090 -0.08609655
v 0.25537765 0.07954102 0.43531880
v 0.48269922 -0.20745659 -0.15533677
v 0.17953485 0.00835810 0.52988201
v 0.47903520 -0.22377017 -0.08140458
v -0.35096505 0.14047305 0.32475376
v -0.12371795 -0.14050737 -0.53157282
v 0.25747204 -0.07780480 0.49610642
v 0.17235515 -0.34154227 -0.17351115
v -0.42148232 0.05565325 0.33068722
v -0.44109553 -0.17506644 -0.33713055
v 0.53732967 -0.13294110 -0.06340487
v -0.17415521 0.30476773 0.37887251
v 0.11735857 -0.39004102 -0.13408338
v -0.20121183 0.05518743 -0.47548470
v -0.56281829 -0.17081159 -0.14156200
v -0.55348563 -0.06176102 -0.07812855
v -0.06003425 0.06316420 -0.54217935
v -0.07006691 -0.31825680 0.35843745
v 0.48788053 -0.22183812 0.05165258
v -0.13188738 -0.19995287 0.51238763
v 0.43419954 -0.10171560 -0.33701771
v 0.32693517 0.33446065 -0.07848816
v 0.04213083 0.27410173 0.46194455
v -0.30063933 0.18016490 -0.37294051
v -0.25467312 0.15035474 0.42610374
v -0.37497908 -0.03791407 -0.45252013
v 0.55744630 -0.13464397 -0.05216664
v -0.46281195 -0.04712034 0.24793403
v -0.23910576 0.33444917 -0.30195317
v -0.19952649 0.21354392 0.44506770
v -0.34128976 0.15120900 -0.38448662
v -0.04766699 0.38343048 0.18165091
v -0.22316378 -0.01340923 -0.48097330
v 0.82908243 0.16893765 0.06983525
v -0.21245046 -0.30532184 -0.41363236
v 0.11594141 0.24111019 -0.45393741
v 0.46917546 -0.22511712 -0.12743470
v 0.10444292 -0.23538819 -0.45680061
v -0.05622797 -0.35594839 -0.37877166
v -0.46800700 -0.30558622 -0.16118191
v 0.46042001 -0.01104324 -0.24064957
v 0.02538271 0.44167024 0.01037767
v -0.29447341 0.17029478 0.37267143
v -0.51077211 -0.23503059 -0.24885845
v -0.13750693 0.35341692 0.10428029
v -0.64518517 -0.10122029 -0.12825428
v 0.31269270 0.18890789 0.41077486
v 0.10179329 0.40479699 -0.01650309
v 0.51761007 0.01864621 0.19514167
v 0.16610217 -0.25747037 -0.42996761
v -0.67593259 -0.03872937 -0.05930261
v 0.59190792 -0.05669975 -0.06487605
v -0.57215482 0.14701164 0.05441478
v -0.29621503 -0.26249519 0.33488995
v -0.03726029 0.41263598 -0.00900435
v -0.29422501 0.08974486 0.42674977
v 0.18509771 0.31188580 -0.34918660
v -0.34948066 -0.15208876 0.38732511
v 0.06292026 -0.35239953 -0.26042324
v -0.05997847 -0.34125659 -0.35984597
v -0.35007778 0.28149277 -0.23788241
v 0.54510957 -0.10236271 0.12728879
v -0.21584877 0.11020897 0.46985558
v -0.10450530 0.35245779 -0.26843882
v -0.30146125 0.25054210 -0.30313769
v -0.06992421 0.23165390 -0.43801183
v -0.05907941 -0.29509851 -0.43477929
v -0.23566480 0.07552702 0.48325706
v -0.17460902 0.34234881 -0.14823565
v 0.02312624 -0.31843781 -0.42158720
v 0.04135511 -0.37710249 -0.15939942
v 0.28011805 -0.16934504 -0.41097155
v 0.45348537 0.27729696 0.00982937
v 0.29762855 0.27072155 0.30101597
v -0.45013985 -0.04999085 -0.36595985
v 0.56646830 -0.12082985 -0.03990819
v -0.34652829 0.18058231 0.28431281
v 0.49372351 -0.18830676 -0.01972450
v -0.15626766 0.18697754 0.44548151
v -0.31941915 0.14874080 0.37062070
v 0.39964455 -0.09931578 0.40534815
v 0.30511221 -0.16378385 -0.43059757
v 0.16024514 0.24223620 0.43741450
v -0.48819476 -0.29732525 -0.17005284
v -0.08903854 -0.35457018 -0.34257457
v 0.62577605 0.08389162 0.08136594
v -0.29758739 0.11408782 0.40632492
v 0.12584093 0.26065391 0.44838339
v 0.48207518 -0.17481765 -0.18737459
v 0.13023305 -0.01076036 -0.52065909
v 0.35472378 -0.22517821 -0.30040476
v 0.09518120 0.18540049 0.46778950
v 0.07156793 -0.32563573 -0.39563215
v -0.62211096 -0.11807580 -0.02854586
v -0.04665341 0.15537873 0.49816436
v 0.22245045 0.02235873 -0.48035976
v -0.46083492 -0.29554519 -0.24623585
v 0.62286210 -0.08544809 -0.06916809
v -0.53134680 -0.10510355 -0.12729633
v -0.05725314 -0.07180490 0.57028973
v -0.00288918 -0.37224656 -0.18244325
v 0.14152676 0.25075701 0.42281243
v -0.28873187 -0.11801799 0.39513576
v -0.43927756 0.30544308 0.11243270
v 0.39799088 0.09794560 0.31903464
v -0.10273704 -0.22185999 -0.52006823
v -0.29237476 0.06501487 0.43457332
v -0.52196628 -0.23065376 -0.20207028
v -0.44272804 0.30661875 -0.09287828
v -0.48073214 -0.29371202 -0.21188426
v -0.06266991 0.41080117 0.05277510
v 0.27181619 0.14028887 0.42871243
v -0.37200296 0.11346892 0.35338914
v 0.42518565 -0.21561843 -0.26508841
v 0.19562745 0.07047936 0.50110948
v -0.48776308 -0.26824093 -0.25630897
v -0.49614194 0.03300874 -0.16405849
v -0.43813205 -0.06515015 0.16314872
v -0.39017195 0.13700604 0.27338940
v -0.36368904 -0.11390460 0.45637804
v 0.50812006 -0.17270640 -0.11678255
v -0.35439304 -0.21667044 -0.41136834
v 0.32486886 0.27800009 0.25595176
v -0.40178168 0.06675190 0.32589111
v 0.33004555 -0.20675947 0.31072637
v 0.00672190 0.35512283 0.21877250
v -0.08391830 -0.35011339 -0.32142213
v 0.38377053 -0.20455608 -0.32597840
v 0.33020276 -0.32770085 -0.27449948
v 0.11344271 -0.02419323 -0.51538825
v 0.19465779 0.20764095 0.41648403
v 0.42972887 -0.13402510 -0.30673155
v -0.35237187 0.17855218 0.29233998
v -0.51285332 -0.20942944 -0.22817963
v -0.44295797 0.22529027 0.12749493
v -0.02414969 0.36007911 -0.16807015
v -0.02876501 -0.33493292 -0.38199806
v -0.37038815 0.28640157 -0.12778610
v -0.47595114 -0.31579813 -0.17301501
v -0.36478657 0.10671372 0.35963172
v 0.29720861 0.33064619 -0.10635912
v 0.05442272 0.18070826 0.45750868
v 0.19978562 -0.39413691 -0.03714245
v 0.23844010 -0.36444554 -0.19187075
v -0.50761902 -0.02871615 -0.20032671
v 0.01977716 -0.09461503 -0.51440066
v -0.66259640 -0.11034769 -0.05591710
v -0.62577850 -0.09958939 -0.06738752
v 0.08559832 0.21030937 0.43734476
v -0.31804615 0.15082991 0.38524786
v 0.55094534 -0.14263140 -0.09886229
v -0.35093236 0.04252534 0.41830960
v 0.00986373 -0.35316259 -0.33887541
v 0.25067967 0.06854037 0.44343448
v 0.60792714 -0.11800154 0.01458545
v -0.21797398 -0.12131140 -0.51774871
v -0.07496430 0.32769907 0.26767227
v 0.08226864 -0.28201419 -0.47569537
v 0.17122194 0.23558569 0.40392032
v -0.30709434 0.13000250 0.36858088
v 0.10385127 0.44648665 0.00771170
v 0.01885144 0.35180271 -0.26479447
v 0.51874882 -0.02286017 0.23798111
v -0.10840870 -0.35997680 -0.29305148
v 0.13644627 0.31425667 -0.34946123
v -0.45251155 -0.15518093 -0.24759378
v 0.58750951 -0.07060446 -0.09265944
v 0.13260166 0.19115368 0.45790589
v 0.42314216 -0.24975529 -0.19487289
v -0.27794713 -0.18578513 0.47434258
v 0.00096010 0.28583327 0.46085405
v 0.09103344 -0.26995990 -0.43609858
v 0.09575590 0.32845417 0.32358104
v -0.58297247 -0.16732100 -0.02992159
v 0.00822924 -0.03544149 -0.52951634
v 0.31914988 0.05101104 0.42691153
v -0.03310753 -0.11984955 -0.54043782
v 0.33603850 0.09475927 0.42188019
v -0.23030889 0.04927262 0.47449815
v 0.12168079 -0.27699658 -0.45505351
v -0.23105632 -0.30477536 -0.38346809
v -0.36943913 -0.26904193 -0.33494073
v 0.03411440 -0.35888201 -0.30206004
v -0.52038407 -0.18660624 -0.22957963
v -0.45406717 -0.29278526 -0.21122779
v 0.58092201 -0.13515490 0.15355429
v 0.56313825 0.14945252 0.13129708
v -0.21667476 0.11645719 0.47476006
v -0.07022005 0.35605007 -0.10648452
v -0.00966464 -0.30873328 -0.39109689
v -0.06135460 0.14729059 -0.51187134
v 0.35108069 0.05612129 0.39873838
v 0.08912986 0.21417794 0.46650526
v -0.48515254 -0.28610042 -0.12506129
v 0.36791053 0.12407891 -0.34739244
v -0.48256037 -0.19922265 -0.27853960
v -0.37057447 -0.00280193 0.39328605
v 0.42500758 -0.13708960 -0.14546026
v 0.35144126 0.02538045 0.39350992
v -0.20865798 0.22726911 0.40218505
v -0.41723710 -0.11561403 0.27947697
v 0.21982975 0.02308052 -0.46551716
v -0.23092055 0.16617936 0.43690175
v 0.34234184 0.26646212 0.25718677
v -0.36892515 0.09982187 0.34847784
v -0.40561187 0.11722122 -0.31553245
v -0.57184994 -0.07712669 0.22495322
v 0.20470949 0.25960916 0.44333512
v 0.64597309 -0.00036107 0.09721234
v -0.10440306 0.40355402 0.03849857
v -0.03489791 -0.28277925 0.42865163
v -0.16677408 0.16616416 0.43789032
v -0.45288259 0.23206314 -0.23233882
v -0.51077551 -0.25808048 -0.16554695
v -0.55917627 -0.21113804 -0.11554624
v 0.54025954 -0.16216129 -0.10524715
v -0.44949439 -0.28935355 -0.24304000
v -0.37079230 0.19300985 -0.32920003
v 0.45747182 -0.22857603 -0.19287309
v 0.05672129 0.26196003 0.39377505
v -0.15383789 0.18642566 0.45383522
v 0.20643908 0.06469207 0.49914318
v -0.27790079 -0.30448663 -0.33515096
v 0.42044860 0.13765623 -0.23884563
v -0.33643717 -0.10518949 0.46621516
v 0.47414234 0.17673448 0.24017762
v 0.29223132 -0.18226363 -0.43706477
v -0.10960582 -0.22553983 -0.48978251
v -0.44623032 -0.15226749 0.20116919
v 0.26380357 0.15301752 0.39339292
v -0.36852044 -0.10849506 0.46581098
v 0.13711141 -0.31078407 -0.38640395
v -0.53285533 -0.25963497 -0.12202263
v -0.44643107 -0.26919216 -0.28676072
v 0.54409194 -0.04418898 -0.12619263
v -0.44154283 -0.23363639 -0.35124594
v -0.53793073 -0.14676687 -0.16062796
v -0.36737528 -0.04288325 0.32324997
v -0.36374238 0.28621864 -0.19257307
v -0.43753564 0.27377766 -0.02977764
v -0.17289749 0.34194505 -0.20796710
v 0.29148132 -0.29302454 -0.28137359
v -0.24282397 -0.22162852 0.47291654
v -0.00125402 0.35717735 0.18475318
v 0.57500434 -0.07167341 -0.06861466
v 0.46831083 0.10651198 -0.20492165
v 0.27261123 -0.24770531 -0.38797700
v 0.56449056 -0.02288209 0.17937745
v -0.56771433 -0.17805928 -0.08833574
v 0.15446737 0.23422658 0.42825943
v 0.55716091 -0.14461082 -0.11793655
v 0.20597601 -0.00713633 0.50440353
v -0.29075855 0.20364186 0.32883957
v 0.29688829 -0.09651145 0.43060869
v -0.49105799 -0.03001582 -0.21540600
v 0.22643530 0.06387392 0.46201414
v 0.35695368 0.15357426 -0.24471124
v -0.55569506 -0.19546643 -0.12816767
v -0.39509082 -0.24101588 -0.37152013
v 0.11992211 -0.30702281 -0.38597542
v -0.35990036 0.09260800 0.38248095
v 0.10411096 -0.14498559 -0.53077728
v -0.02915945 0.24243835 0.49286401
v -0.01502836 -0.31817493 -0.41533700
v -0.27159470 0.17990299 0.43927804
v -0.48472002 -0.25833282 -0.27177334
v 0.56503612 -0.20233613 0.03956555
v -0.19341303 0.11450437 0.50900823
v 0.13273664 0.14946824 0.47047523
v 0.06343290 -0.30631095 -0.43893799
v 0.50401914 -0.05994701 -0.21603517
v -0.65390700 0.12777206 -0.01281498
v 0.39955345 0.03414557 -0.28622639
v -0.46587852 -0.32036781 -0.15556329
v 0.02635072 -0.34402657 -0.37813485
v 0.55846095 0.19778746 0.10042662
v -0.28760269 0.23179384 0.32683739
v 0.24462169 0.25527886 0.38217461
v -0.44634679 -0.27387989 -0.28669655
v -0.51826358 -0.24987274 -0.20554258
v -0.53215313 -0.03169485 -0.27589139
v -0.12231010 -0.23113845 -0.48185900
v 0.65842611 0.00741666 -0.02075666
v -0.36399204 -0.00156675 -0.42908955
v 0.01565883 -0.36206082 -0.22519313
v 0.27541769 -0.04302768 -0.43784297
v -0.38162249 0.12365612 0.28630030
v 0.01283085 0.23671114 0.48929814
v -0.10627677 0.04406311 -0.53792202
v -0.59860516 -0.00749747 -0.09265935
v -0.16768718 0.31134439 -0.31359038
v -0.44089666 -0.26570696 -0.27792442
v -0.27310157 0.32479876 -0.29831973
v -0.05814219 0.38719442 0.03221785
v 0.67632103 0.06630708 0.07442044
v 0.15495940 0.24730597 0.44239986
v 0.52685750 -0.18499029 -0.15181905
v -0.38556606 0.27451926 -0.14053276
v -0.05547091 -0.06515400 -0.52398658
v 0.17923960 0.07944752 -0.48530889
v -0.51496482 -0.27839765 -0.11578652
v 0.24549682 0.29375428 -0.28612357
v 0.19496840 0.02669743 0.49113366
v 0.13514012 0.15164593 0.49437922
v -0.40132102 0.21147096 -0.19200377
v 0.08678322 -0.26804355 -0.46393204
v -0.00640261 0.44813037 0.05138645
v 0.35258636 -0.06088984 0.48290604
v 0.52396756 0.11255857 0.18181224
v 0.54277188 0.05633034 -0.08248894
v -0.50096315 -0.27609646 -0.09310550
v 0.39108181 0.27251241 -0.05301411
v 0.18264371 -0.32797170 -0.41699761
v -0.27439427 0.05613149 0.46446580
v 0.28834355 0.09258693 0.43212235
v 0.48806807 -0.18869689 -0.12154631
v 0.09799904 0.18552357 0.48019227
v 0.04189197 0.37526280 0.29133180
v -0.08321581 -0.25095093 -0.48368964
v -0.47283480 -0.25235859 -0.27806237
v -0.15463054 -0.33727098 0.01832696
v 0.07717042 -0.27515036 -0.42958966
v 0.45193446 -0.21907976 -0.17585272
v 0.42973346 -0.23280561 -0.08784936
v 0.06420804 -0.11585517 -0.52118808
v -0.15380403 -0.22537984 -0.46015048
v 0.14576155 -0.15906593 -0.48931614
v 0.27267426 0.18722785 -0.39960113
v -0.18884102 0.23695564 -0.41484040
v -0.40420264 0.28617162 -0.11895707
v -0.07648879 0.33150071 -0.27964684
v 0.27199891 0.20858222 -0.31887734
v 0.15218708 -0.27286839 -0.42265671
v -0.37455088 -0.21417344 -0.38624257
v 0.12170180 0.32064202 0.08548081
v 0.33894089 0.18098526 0.36593676
v 0.31216523 0.18966624 0.39026272
v 0.49616140 -0.17075191 -0.17499012
v -0.46621361 0.16290002 0.21835265
v -0.52647597 -0.26208895 -0.15046179
v -0.25264102 0.30882663 -0.05248538
v -0.38849783 0.01594827 0.39023501
v 0.22437076 0.14186342 0.44042930
v -0.53263116 -0.23701644 -0.11551617
v -0.38698620 0.25756976 -0.21429160
v -0.53784627 0.08260421 0.18146549
v -0.00628057 -0.32578593 -0.39043367
v 0.52033222 -0.15953097 -0.12099554
v 0.33735117 0.05680860 0.38880867
v 0.27050540 0.32164010 -0.26652917
v -0.03132666 0.38572288 0.13151179
v -0.03934874 0.34234595 0.30969423
v -0.31591105 0.17960745 -0.35889927
v 0.10192613 -0.36091432 -0.22631799
v 0.49968415 -0.13598871 0.08763541
v -0.32545558 0.17764983 -0.35429642
v -0.32695168 0.09403404 0.38973960
v 0.12958309 0.16037947 0.49861753
v -0.42635113 -0.25202930 -0.34088486
v 0.52051669 0.08817096 0.22209865
v 0.26052910 -0.30839762 -0.26036447
v 0.16726518 0.02725820 0.52003986
v -0.05447617 -0.27959719 -0.43805790
v -0.26180696 -0.34944469 -0.11352701
v 0.09525850 0.30437452 -0.36811054
v 0.44467020 -0.20735118 -0.27918214
v 0.25045657 0.12760638 0.50188357
v -0.29500839 0.31750673 -0.30504397
v 0.49959284 -0.20615549 -0.12044351
v -0.20266461 0.11322820 0.46102765
v 0.23153971 0.20111980 0.42408121
v 0.10842241 0.23847139 0.43016505
v -0.46242613 -0.19803849 -0.28489494
v -0.40545207 -0.11579750 0.39380977
v 0.60030049 -0.10706620 0.16847080
v 0.08618516 -0.35028654 -0.32162479
v 0.34965235 -0.03674130 -0.40173569
v 0.05137087 0.38722810 -0.12142690
v 0.32666722 0.10110059 0.37493390
v -0.53784442 -0.19778991 -0.14648210
v -0.73726845 -0.01771460 -0.04827188
v 0.40983349 -0.16447046 0.34798816
v 0.25419152 -0.35437548 0.23529696
v 0.51603669 -0.19521928 0.03197646
v -0.36727679 0.20164165 -0.35615471
v 0.31910259 0.30338728 -0.23942965
v -0.35133392 0.14366953 0.33892059
v -0.51958930 -0.06687651 0.23109895
v 0.03870941 -0.19357993 0.57714665
v -0.28901523 0.07401799 0.45484042
v 0.50544101 -0.12451687 -0.21620046
v -0.45782927 -0.32171345 -0.20905261
v 0.35002604 0.00811556 0.43884283
v -0.31149390 0.25422710 0.27343804
v 0.33524221 -0.31800923 -0.09591950
v 0.18860856 0.20306459 0.41541740
v -0.04841027 0.35891277 0.18683539
v -0.07480768 0.20416626 0.49987954
v -0.63064331 -0.18867227 -0.07260211
v 0.40836757 0.16302046 -0.03091434
v 0.47270226 0.10433511 0.26109782
v -0.20751911 -0.32230368 0.05835877
v 0.67787266 0.13499989 0.06450040
v -0.28997803 0.31446049 -0.02775026
v -0.55611318 -0.04194759 -0.13536359
v 0.00240819 0.41860572 -0.04028550
v -0.43502402 -0.27725068 -0.29091674
v 0.03811411 -0.34329417 -0.35222524
v 0.09461852 0.40789804 0.00708242
v 0.04962218 0.29474580 0.41413981
v 0.67010933 -0.00334628 0.00119552
v -0.17773543 -0.32880136 0.13104627
v -0.32872754 0.18959758 0.34082639
v 0.30766520 -0.04287584 0.49620050
v -0.62091815 0.06280542 0.01737596
v 0.42628080 -0.16517788 -0.22149593
v 0.01165313 0.40151373 0.01011397
v -0.62274903 -0.13596812 -0.07581913
v 0.13052991 -0.02914877 -0.53654087
v 0.60426694 -0.00393178 -0.00100377
v -0.46891803 -0.27180964 -0.26563606
v -0.50180310 -0.22870299 -0.21624318
v 0.58043915 -0.10524440 -0.10153648
v 0.04373058 0.41114989 0.05838592
v 0.54997587 0.25155389 0.01938240
v 0.40825427 0.21524820 -0.17116418
v -0.30984241 0.16717683 0.40588617
v 0.25441676 0.35124123 -0.06486292
v 0.65588224 0.06391749 -0.03293261
v 0.53244627 -0.16170451 -0.00122234
v 0.21089780 -0.38700446 0.01601572
v 0.09419711 -0.24935703 -0.46741182
v 0.71594107 0.16292533 0.02870411
v 0.48093963 0.06321166 0.28717530
v -0.33910137 0.02035730 0.45730910
v 0.15842436 0.11070783 0.49567163
v 0.05738686 -0.23619908 -0.47784218
v -0.64098310 0.11077641 -0.05495921
v -0.45955920 -0.31257570 -0.18004411
v 0.58799601 -0.13791180 -0.05716021
v 0.30747834 0.08177491 0.42118582
v 0.18072093 -0.18479380 0.49197161
v -0.03945011 -0.35378632 -0.27810988
v -0.25841653 0.17949188 0.38261992
v 0.16416241 0.19459686 -0.42864782
v 0.20949914 0.14069466 0.48742750
v 0.56053048 0.06078655 0.16175759
v -0.10585262 0.25164175 -0.40125513
v 0.10659003 0.18049869 0.46775109
v 0.52260780 -0.09245667 0.31255776
v 0.00381005 0.07114303 -0.51999050
v 0.69913137 0.06585058 0.04163441
v 0.48479038 -0.18535665 -0.04337541
v 0.19727477 0.23132142 0.38774437
v 0.46204329 0.04952276 -0.18451160
v -0.46409672 0.01896878 -0.30856621
v -0.16088545 0.24376646 0.38442832
v -0.52240503 -0.21857645 -0.19019143
v 0.36090356 -0.34145293 -0.18737529
v -0.16845830 0.21291561 0.43020046
v -0.40973854 -0.31898782 -0.25134715
v -0.51923019 0.10887172 0.07159539
v 0.04670952 0.43593854 0.06692309
v 0.41971004 0.32042423 -0.15911788
v 0.05668089 -0.29206151 -0.44998610
v 0.09110817 0.36084855 0.24850634
v -0.52663720 -0.21009341 -0.22294429
v 0.16899137 0.05945410 0.51317644
v -0.38034537 0.26544699 -0.12857470
v -0.40014702 0.02876116 0.31774649
v -0.17451100 -0.26757681 -0.45225751
v -0.05487424 0.36563724 -0.03402972
v -0.20196271 0.11644392 0.47424015
v -0.19726317 0.18499023 0.43426865
v 0.27203196 -0.23568100 0.41952753
v 0.49099159 -0.12855907 -0.18683766
v -0.13145031 -0.23887347 -0.47928095
v -0.18638906 0.29068863 0.34827673
v 0.01232973 -0.25654131 -0.49710941
v 0.21050692 -0.31648278 -0.20599358
v -0.05663379 -0.25893831 -0.47735736
v 0.48552370 -0.20328471 -0.16991404
v -0.14132036 0.27357113 0.42301205
v -0.51140898 -0.26661012 -0.15949881
v -0.44243208 -0.22485769 -0.30996096
v 0.25133020 -0.31494722 -0.31189743
v 0.19931734 0.36260730 0.32875514
v -0.29946312 -0.26434448 -0.38757086
v 0.21664909 0.04562875 0.47026795
v 0.08511307 -0.11701766 -0.51911712
v -0.18548471 0.11548803 0.47559384
v -0.00702508 -0.36566883 -0.18556449
v 0.49815798 -0.20388627 -0.16871703
v -0.16973968 0.18997082 0.46535641
v 0.18838355 0.20982149 0.39407763
v -0.02536140 0.05165784 -0.53368205
v -0.06902131 -0.25107825 -0.50246304
v -0.59119034 0.02055024 0.06018005
v -0.17829183 0.21342120 0.42877886
v -0.28467020 -0.32744026 -0.27889866
v -0.53924114 -0.03337803 0.10037440
v 0.12221415 0.37465361 -0.06213610
v 0.19809602 -0.38030183 -0.02691271
v 0.16484897 0.19678171 0.47687551
v 0.21614060 -0.03881474 0.48207211
v 0.13007414 0.15077108 0.49003276
v 0.52722424 -0.12715195 -0.16205874
v -0.47539490 -0.25331867 -0.26321760
v -0.50432634 0.24558713 -0.12127563
v 0.28865898 0.33480084 0.15100701
v -0.55226582 -0.22937740 -0.12349997
v -0.24488282 -0.08016163 0.52042580
v -0.07663883 -0.04472979 -0.55249643
v 0.18788952 0.34939140 0.32275939
v 0.69816822 0.00656006 0.02574494
v 0.45418715 0.13636220 -0.17660260
v 0.50470918 -0.20074955 0.02962998
v 0.62796414 -0.00258011 0.20364399
v -0.50609028 -0.25986755 -0.21881273
v 0.11948971 -0.21290518 -0.48187572
v -0.26207811 0.27784133 -0.34437266
v 0.12116078 0.20727512 0.43081567
v 0.04414696 0.32064119 0.34395850
v -0.42152780 -0.10765330 0.36403301
v 0.22080249 -0.27853298 -0.40084580
v 0.42127007 0.13419560 -0.17827834
v -0.22873339 0.10373963 0.45976204
v -0.03569013 0.24327551 -0.42824620
v 0.59967428 -0.08961815 -0.05723158
v 0.76672220 0.19104952 0.08955264
v 0.00664990 -0.35823339 -0.30983353
v -0.05213273 0.35213408 -0.17107716
v 0.13623050 -0.19093400 -0.46849826
v 0.10622852 0.37919825 -0.04766214
v 0.00459344 0.12505464 -0.52681303
v 0.37992999 -0.23691189 -0.29124826
v -0.54245853 0.11465070 0.06192197
v 0.54762733 -0.11590433 -0.11111835
v -0.53317374 -0.19414355 -0.16541006
v -0.09041478 0.17005084 -0.48118305
v 0.30708659 -0.17664577 -0.43814987
v 0.28813288 0.27013832 -0.30689043
v 0.17669973 0.35786349 0.27179444
v 0.36462733 0.31957340 0.09992818
v -0.07741299 0.34387463 -0.07909742
v -0.20773350 0.25901914 0.39758143
v -0.49499702 -0.02320259 0.21997748
v 0.58252585 -0.14171648 -0.00014108
v 0.14968231 0.13304015 0.49298716
v -0.27663127 0.10448013 0.43806246
v 0.23946138 0.02752887 0.51366115
v -0.24712390 0.07218506 0.45751157
v 0.08582512 -0.37843627 -0.15556222
v -0.43788999 -0.15403457 -0.33990613
v -0.50424981 -0.17772169 -0.25259718
v 0.02588819 0.07509276 -0.51733899
v -0.25519100 -0.22566181 -0.44564492
v 0.24301714 -0.21923137 -0.41047204
v 0.25859892 0.07612690 0.43414673
v -0.39746085 0.14054155 0.27191478
v -0.14676644 0.03283449 -0.50050604
v 0.24736667 0.11973225 0.46028113
v -0.18072850 0.21287569 0.39163607
v 0.54939425 -0.22054757 -0.03602923
v -0.32814008 0.14087012 0.39385128
v 0.25557405 -0.21000630 -0.37758422
v -0.42654273 -0.08898953 0.35963422
v 0.60601175 -0.10452013 -0.05233651
v -0.20670173 -0.30170363 -0.42256802
v 0.45421726 0.28192064 -0.04992303
v -0.04004362 -0.35677409 -0.30179447
v -0.14044583 -0.36059040 -0.27022094
v -0.18369183 -0.31958529 -0.39444041
v 0.22661802 -0.10996839 0.51687545
v -0.50332081 -0.24493586 -0.23243755
v 0.53051895 -0.11865240 -0.20920172
v 0.39610624 -0.15057585 -0.31846586
v 0.46076715 -0.16536561 -0.25576749
v -0.46388981 -0.28131711 -0.22310248
v 0.15685609 -0.20114392 -0.46244812
v 0.09089601 0.27828836 -0.42662767
v 0.13523214 0.10593541 0.53790349
v -0.47480524 -0.27021080 -0.16315860
v -0.06613400 0.33347639 -0.23832259
v -0.43803421 0.20827731 0.19639838
v 0.49029177 -0.13645336 -0.23945315
v 0.42748445 0.23274386 -0.15697710
v -0.15966219 -0.26016957 -0.47960833
v -0.05043405 0.37023026 0.14055188
v 0.12985121 0.24874853 0.42728657
v 0.09882291 0.41837752 0.06738615
v -0.47636697 -0.28515369 -0.25419480
v -0.31087691 0.29882956 0.13300382
v 0.48142758 -0.00762142 0.26230031
v -0.25978601 0.09935740 0.45496324
v 0.37012815 -0.24762367 -0.29753238
v -0.00339954 -0.10148628 0.56057835
v 0.10418478 0.29926458 0.44336826
v 0.20840862 0.07638158 0.52375907
v -0.15584694 -0.32008147 -0.42059961
v -0.28568465 0.05915952 0.44768691
v 0.02831850 0.00335184 -0.52298653
v -0.52017063 0.11410084 0.18075041
v 0.03089930 0.35826391 0.21764581
v -0.07801423 -0.27351469 -0.46634415
v -0.13961785 -0.27180439 -0.45630878
v 0.11352328 -0.34682226 -0.33646730
v 0.11507255 0.16600725 0.49901572
v 0.38950691 0.06654729 0.30762923
v 0.15033117 -0.06161951 0.51086032
v -0.45704153 -0.31671309 -0.19031852
v 0.23517266 0.25824386 0.38597646
v 0.56742287 -0.10808556 -0.11315572
v 0.04114516 0.39741176 0.10502708
v -0.18885700 0.22248811 0.41273373
v -0.04592584 0.00703082 -0.52987200
v -0.08031318 -0.32011655 0.41211569
v 0.46336025 0.08263022 -0.11235988
v -0.13918880 0.30229151 0.37046814
v 0.59315282 0.23747317 -0.01605883
v 0.13651831 -0.23810183 -0.46748400
v 0.63845122 -0.09955582 0.01184279
v 0.00891036 -0.31429279 -0.38294750
v 0.49582660 -0.25285870 -0.05494148
v 0.19508517 0.22607327 0.42257273
v -0.27343363 0.24481203 0.34481537
v 0.57339233 -0.09725353 -0.06556608
v 0.03498499 -0.35774308 -0.31455681
v -0.17006929 0.28283596 0.39983380
v -0.43885979 0.29285383 0.00965451
v -0.63331020 -0.12870207 -0.04572198
v 0.19479024 0.12388974 0.47640148
v -0.52272516 -0.21742730 -0.16839530
v -0.56086129 0.01997990 0.13108481
v 0.13733515 0.14659050 0.49077162
v 0.18959311 0.36172086 0.25098130
v 0.36300224 -0.03194781 -0.36897731
v -0.32638192 0.31438422 -0.23197107
v 0.18435229 0.10811950 0.50018752
v 0.29717904 0.13855760 0.38682157
v -0.24700108 0.31068087 -0.31480664
v -0.47886139 -0.28922996 -0.21308383
v -0.49469659 -0.28575990 -0.20817403
v -0.07744907 -0.25235179 -0.47115678
v 0.30845621 0.31172800 0.25985634
v 0.34444010 -0.06437775 0.45791861
v -0.36345232 -0.11832257 0.44887906
v -0.71184814 0.21495050 -0.03792812
v 0.43192965 0.03079626 -0.29364103
v -0.09176698 -0.30164403 -0.43431479
v 0.03569235 -0.37139270 -0.16561784
v 0.21840143 0.10001545 0.48180360
v -0.09768575 -0.36782715 0.11401427
v 0.61643142 -0.08466224 -0.02042218
v 0.25553775 0.14480273 0.40032822
v -0.71854901 -0.02695774 -0.03998396
v -0.23483056 -0.26780057 -0.41473734
v 0.49925697 0.12119443 -0.03578131
v 0.23816997 0.15785334 0.40248048
v -0.42920887 -0.28847021 0.12849405
v 0.18956921 -0.22852418 0.48753548
v 0.50478381 0.16899055 0.11190517
v 0.33085123 0.05099069 0.45580289
v -0.06136684 -0.30246288 -0.43539718
v -0.13359396 0.31915900 0.23185551
v -0.12285557 -0.22209918 -0.49783030
v 0.63863611 -0.06941934 -0.03144023
v 0.54733026 -0.16500475 0.01726480
v -0.32036373 0.14582342 0.38297713
v 0.58285701 0.04315794 -0.03379817
v -0.46377000 -0.28369957 -0.20569974
v 0.31016514 0.10711069 0.41260844
v 0.41939837 -0.10593644 0.35285443
v 0.64525163 0.03844927 0.01596338
v 0.47154218 0.22189960 -0.06407059
v -0.61389792 -0.16175643 -0.02216998
v 0.34629628 -0.23780403 0.39961633
v -0.12110534 -0.30398387 -0.43161750
v 0.07389812 0.23268592 0.41192183
v 0.24452707 0.32824159 -0.07516253
v 0.41985601 -0.25473142 -0.19540903
v -0.10809197 -0.24168783 -0.47262430
v -0.48522833 -0.29096231 -0.19789778
v 0.13112852 0.32227948 -0.34570354
v -0.42321402 0.01931377 0.28148875
v 0.38868231 0.24462281 0.25101039
v -0.58371592 -0.17951474 -0.02586162
v -0.18941067 -0.31249249 -0.40330660
v 0.38469198 0.31806195 -0.17563191
v -0.22766046 0.04500377 0.48528609
v -0.33946019 0.12225412 0.38357127
v -0.41947302 -0.15545502 -0.39125866
v 0.20863701 0.23004597 0.39588693
v 0.13229515 0.30478632 -0.38441169
v -0.23025742 0.32250977 -0.30164829
v -0.62857765 -0.05538270 -0.05513628
v 0.01704400 0.39113930 -0.14554469
v -0.44425860 -0.29334313 0.08075611
v -0.13220876 -0.30957878 -0.40599141
v -0.17232004 -0.28890514 -0.44098118
v 0.16759819 0.21792814 0.41689032
v -0.11472493 -0.24313754 -0.48496038
v 0.14113486 0.08330942 0.53959316
v 0.15532547 -0.32895774 -0.37451604
v -0.32188770 0.19174631 0.30590400
v 0.12737648 0.15747407 0.49960312
v -0.21977247 0.22575700 0.38388520
v -0.00044722 0.36587939 -0.11140470
v -0.14145568 -0.26261789 -0.45101327
v 0.47694215 -0.15229893 -0.25406677
v 0.02083908 -0.36197275 -0.15209666
v 0.42224473 -0.21493894 -0.14180338
v -0.56851435 0.22271776 0.01611380
v -0.17667490 -0.35417184 0.18977396
v 0.23639497 -0.35274184 -0.26949808
v -0.57079780 -0.18727531 -0.02145217
v -0.16187099 -0.31202447 -0.40956604
v -0.47661427 0.25477129 0.02959718
v 0.07555010 -0.12213083 -0.51110810
v 0.18091413 0.22036427 0.39458534
v 0.34736776 -0.24645685 -0.30255684
v -0.18110983 0.12940654 0.48763949
v -0.27906317 -0.12781766 0.50453907
v 0.30468524 0.01868702 0.41772252
v -0.42270774 -0.04125310 -0.39209545
v 0.23373802 -0.20959297 -0.40608037
v 0.54601884 0.07059027 0.00486743
v -0.58463758 -0.19745322 -0.06866945
v -0.21595536 0.28731856 -0.34662211
v 0.34513164 -0.32361889 -0.10262737
v -0.34179521 -0.25368404 -0.41405725
v 0.37432700 -0.32977155 -0.08290406
v -0.20293021 0.22131538 -0.40667889
v -0.47017312 -0.29967141 -0.19790514
v -0.71871328 -0.05233437 -0.02337840
v 0.43787035 -0.18498281 -0.24799281
v -0.41253185 0.17556415 0.28603017
v 0.62450910 -0.06856969 -0.05876204
v 0.03362073 -0.36944413 -0.32046184
v 0.08601505 -0.37927759 -0.11485938
v 0.58806145 0.01452420 0.13956626
v -0.07270517 -0.13415407 -0.55108166
v -0.54599047 -0.19855067 0.02871655
v 0.25803500 0.10294797 -0.40397823
v 0.26495340 0.02982331 0.44632584
v -0.06250337 -0.36149669 -0.29802978
v 0.14237243 -0.28862435 -0.38637328
v -0.26629421 0.26336506 -0.32123914
v 0.15018007 0.40029669 0.01762691
v -0.46421063 -0.09437849 -0.32258525
v 0.13857651 -0.20943044 -0.48467064
v -0.27043393 0.05540435 -0.47254962
v 0.45141274 -0.18159232 -0.26648495
v -0.26503462 0.10000574 0.44171122
v 0.24472040 0.34661728 0.30567881
v 0.18095322 -0.21546158 -0.47319514
v 0.31167674 0.35810053 -0.00148920
v -0.44807899 0.08000693 -0.32067370
v -0.07053594 -0.28775150 -0.45780909
v -0.53025520 0.10906704 0.07914934
v 0.17726959 0.04416493 0.53931057
v -0.56101584 -0.01734439 -0.12108533
v 0.24461585 0.06002764 0.49979034
v -0.48471215 -0.19612373 -0.31184560
v -0.33086830 -0.01192952 0.47401077
v 0.34579462 0.17452747 0.39361757
v 0.34330618 0.16431165 0.41292828
v -0.67910606 0.14378214 0.00768609
v 0.12625302 0.36979321 -0.10766958
v 0.43155164 0.12109613 -0.24150476
v 0.14389066 -0.32088211 -0.37710351
v 0.22223635 0.00306832 0.52821910
v 0.58472252 0.08630874 0.14083973
v 0.47990948 -0.07207058 -0.24880949
v -0.54508054 -0.18891299 -0.16542254
v 0.52776241 -0.23956093 -0.08008842
v 0.44098449 -0.17092359 -0.14965892
v 0.56141806 -0.02537372 -0.10782681
v 0.53757191 -0.16725628 -0.13488331
v -0.41284204 -0.10747637 0.40392426
v 0.30740416 0.28115630 -0.27719289
v -0.50652212 -0.24439582 -0.20778820
v 0.14647779 -0.39412385 -0.06885697
v -0.05997104 -0.26967198 -0.44022432
v 0.47355217 0.20214383 0.18621692
v 0.12079230 0.17101362 0.49517477
v -0.08656410 0.32471806 0.40529913
v 0.15748839 0.23164520 0.43985072
v -0.46839815 -0.28002352 -0.19337469
v 0.44024047 -0.26444501 -0.17019984
v -0.16863889 0.18093829 0.46203101
v 0.53803873 -0.05077745 -0.14395116
v 0.39438581 0.19300361 0.26384366
v 0.43250600 0.04528331 -0.25651389
v 0.42658132 -0.23609675 -0.17913347
v -0.31274384 -0.27213240 -0.39204749
v 0.31106111 0.31209329 0.21289483
v -0.41762921 -0.28236744 -0.30374584
v 0.29179016 -0.00668276 0.50382149
v 0.22721653 0.16613770 0.42388791
v 0.13829222 0.20032465 0.47831637
v 0.35066894 -0.15876125 0.44014129
v 0.23257515 0.22583610 0.41067389
v 0.32544529 0.32567209 -0.17865843
v -0.07308161 -0.26188651 -0.44036311
v -0.43293965 0.10680617 0.27177328
v 0.06727173 -0.34079525 -0.29509845
v 0.58771956 -0.12342486 -0.06790996
v -0.63123858 -0.12869321 -0.07722966
v 0.19291775 -0.26956117 -0.40112796
v -0.48788637 -0.30507481 -0.17386861
v 0.44306225 0.26147506 0.07878396
v 0.62612355 -0.07469673 0.01155886
v -0.46714991 -0.30881107 -0.17559679
v -0.10498757 0.32669151 -0.33832872
v -0.42153877 -0.17871152 -0.33460525
v 0.32235119 -0.05213413 -0.37375283
v 0.64744598 -0.05621468 0.06523902
v -0.30456018 0.05222581 0.41924223
v 0.54863453 -0.04447134 0.21561015
v 0.01841600 0.13977437 -0.51426190
v 0.34940797 0.14118420 0.36271077
v 0.19813962 -0.20138423 -0.46732128
v -0.58744305 -0.10754758 -0.08945516
v -0.43267441 0.03982407 -0.36018243
v 0.05982052 0.23836678 -0.43723500
v -0.24812864 0.27956629 -0.33929184
v 0.43425298 -0.21693572 -0.20223138
v -0.45216060 -0.32467660 -0.19237241
v -0.17363678 0.19875793 0.42714587
v 0.30242118 0.11613367 0.38423282
v 0.55673122 -0.10440312 0.14801583
v 0.16465139 -0.20542182 -0.46288180
v 0.08240438 0.32690495 -0.35333091
v -0.40255311 -0.21531576 -0.36305094
v -0.31348658 0.11237304 0.39706281
v 0.28715667 0.30739373 0.31804165
v 0.20520593 0.13322636 0.43898508
v -0.07563122 0.37057269 0.11252371
v 0.15152012 0.43654895 0.09149639
v -0.43203282 -0.16658157 -0.36296180
v 0.55807477 -0.22754118 0.06577869
v 0.26106235 -0.02157194 0.49345604
v -0.30767435 0.07363294 0.41455731
v -0.57134318 -0.18150786 -0.08837280
v -0.49519181 -0.29337090 -0.14974418
v 0.13678645 0.27935022 -0.39706060
v 0.28671193 0.33936650 -0.07316180
v -0.18997122 -0.25848463 -0.43567681
v 0.03689571 0.43756419 0.03942279
v -0.23163503 0.06048805 0.47458100
v -0.70460010 -0.04239824 -0.03966266
v -0.33370638 0.14974046 -0.38875780
v -0.24682732 -0.32848957 -0.33683276
v -0.46264625 0.18880618 -0.18637592
v -0.21011816 -0.25167224 -0.44536054
v -0.26161176 0.18053314 0.37109488
v 0.33053416 -0.29168457 -0.33702642
v -0.56153971 -0.18665153 -0.19071846
v -0.50156599 -0.26227009 -0.18974902
v -0.53498888 0.20015532 -0.07548565
v 0.11786852 0.35619485 0.29901809
v -0.11531951 0.31946856 0.32165924
v -0.52986711 -0.11394680 -0.22624968
v 0.14012598 -0.27874696 -0.40728182
v -0.10005654 -0.23522088 -0.49819776
v 0.13100627 0.26397705 0.39444423
v -0.34141165 0.14548723 0.36209184
v 0.13901165 0.35397235 -0.31459677
v -0.12299795 0.30940756 -0.33222103
v -0.04086204 0.35032564 0.19726250
v 0.09018218 0.36916608 0.22056276
v 0.25117600 0.34921622 -0.13798289
v 0.50038147 -0.15175830 -0.19708854
v 0.44109643 -0.14762191 -0.28632325
v 0.32647088 -0.14888108 -0.40536618
v 0.13343619 0.15087405 0.49274731
v -0.13299446 -0.17767738 -0.49846670
v -0.41128749 0.01302899 0.33439368
v 0.56370246 -0.06038105 0.08236723
v 0.22939163 0.15750018 -0.38666883
v -0.70254278 -0.04112267 -0.05528259
v -0.48249421 0.01636986 -0.25373805
v 0.15549938 0.23719212 0.44973376
v -0.71113867 -0.10023199 -0.01207231
v 0.17385408 -0.03706877 0.54398906
v 0.32394075 0.11563849 0.39010340
v 0.26654184 -0.33731729 -0.06467985
v 0.03512289 0.29192638 0.44277060
v -0.12981622 0.20642389 0.44880795
v 0.16274950 -0.16513586 -0.51284176
v 0.26580539 0.33780733 -0.16548516
v 0.03623814 -0.27459168 -0.46598995
v 0.17155835 -0.25923815 -0.43891734
v 0.22852942 0.20761096 -0.37413490
v -0.45813811 -0.17020667 -0.31822038
v 0.54816306 -0.08200466 -0.00022712
v 0.56781930 -0.14022896 -0.09618840
v -0.23435372 0.33617532 0.12939046
v -0.04193110 -0.28253898 -0.41507000
v 0.39498937 -0.05862954 -0.35926208
v -0.49442232 -0.30944407 -0.17863616
v -0.51180500 0.20949596 0.03884652
v 0.04212559 0.13093072 -0.50008506
v -0.32318610 0.13173056 0.38277739
v -0.16840650 0.33263767 0.16091980
v -0.27605250 0.16003945 0.38073173
v 0.59760332 0.04311341 -0.13862716
v -0.57560325 -0.17019315 -0.16600095
v -0.25172052 0.09530997 0.45130354
v 0.56839097 -0.06742759 -0.07303312
v 0.12677333 0.08829497 0.54711747
v -0.46992075 -0.00448504 -0.25995284
v -0.57591653 0.11315369 0.03005086
v -0.68972671 0.20478077 -0.00673875
v -0.27643415 0.31623626 -0.17929500
v 0.15047500 0.23959127 0.42682248
v 0.13205504 0.18564266 0.48444256
v -0.55526531 -0.20371558 -0.11376768
v -0.10138783 0.27506357 0.43992919
v -0.10360758 -0.35966501 -0.30141297
v -0.47360283 -0.28768343 -0.20791851
v -0.36794332 0.30605331 -0.15998872
v -0.51777810 0.21221250 -0.13132326
v 0.01418971 0.38470757 -0.06811151
v 0.16001643 0.17995249 0.49874377
v -0.06079743 0.30752042 -0.37187216
v -0.11693303 -0.28549436 -0.45887029
v -0.18458557 -0.30886546 -0.38961968
v 0.32548964 -0.06849483 0.51088393
v 0.00402112 0.41735983 0.02029121
v -0.25888911 0.23537971 0.34783086
v 0.12304220 0.41919273 0.10214975
v 0.38464677 0.24022537 -0.12002864
v -0.34550405 -0.06974640 0.41208878
v -0.54134303 -0.12935960 -0.16839689
v -0.16965885 0.32370877 -0.35228074
v 0.74686706 0.09440762 0.06866899
v 0.17182817 0.37162155 0.26415733
v -0.06009342 -0.36792648 -0.29558825
v 0.02075524 0.08650477 0.55740809
v 0.18038729 -0.30918050 -0.37315661
v 0.40512311 0.13693780 0.34346166
v 0.09140923 -0.35771781 -0.21639301
v 0.19802769 0.20341009 0.40431175
v 0.28321451 0.03692980 0.49185514
v -0.15114711 0.14453456 0.48741323
v -0.11369805 0.31376216 0.36295468
v 0.13769722 0.34261292 -0.25226051
v 0.37839556 0.31740308 -0.13733107
v -0.02159575 0.38049400 -0.00671321
v 0.30712873 -0.11514488 0.48837668
v 0.00416761 -0.27533770 0.45300621
v 0.06536434 0.24750793 -0.45436919
v -0.26970309 0.32890272 -0.15888767
v 0.44284987 0.11954125 -0.21974611
v 0.29621476 0.25007570 -0.35224050
v -0.09632833 0.35884351 -0.07989940
v 0.43964201 -0.12385159 0.36096630
v -0.12374277 -0.16774079 -0.53178400
v 0.19106203 0.00148208 -0.47436675
v -0.32857975 0.15321070 0.37972066
v 0.42013499 -0.12307210 0.39696085
v 0.51733470 -0.18237966 -0.08142899
v -0.18401834 -0.35336894 -0.28568727
v 0.28304800 0.02552537 0.50131303
v -0.12226556 0.13383907 0.51239300
v 0.52867961 -0.14597750 -0.11456466
v -0.59181893 0.02140030 -0.06154925
v -0.55841500 -0.20231788 -0.09280095
v -0.58236456 -0.08414613 -0.09644833
v -0.24576955 -0.36960444 -0.04718524
v 0.73768961 -0.03185287 0.05603543
v 0.50262332 -0.16402905 -0.14506035
v 0.32195675 -0.35342386 0.22431825
v 0.09063534 -0.07025763 0.58993930
v 0.37313014 0.21668744 0.33496571
v 0.64167500 0.17445372 0.14444722
v -0.51368558 -0.22477554 -0.19272774
v 0.45381844 0.15291467 -0.14067449
v 0.43210250 -0.00380990 -0.28959841
v -0.26117563 0.06400210 0.44307724
v 0.56776392 -0.18057264 -0.09770492
v 0.25070742 0.18214506 0.41078392
v 0.23198591 -0.22591226 -0.39846393
v 0.46847218 0.09988403 0.26703998
v -0.51016277 -0.29022723 -0.13187452
v 0.23013613 0.20527291 0.41535780
v 0.12275751 -0.36617205 -0.10172687
v 0.15869085 0.24105701 0.43491229
v -0.31741115 -0.27347594 -0.33755279
v -0.14434822 -0.13265818 0.52557170
v 0.23791215 0.34442759 0.28917405
v -0.20588195 0.08872175 -0.44329432
v 0.16616935 0.20246971 0.49823880
v -0.21264446 0.21541509 0.42828166
v 0.04053042 -0.06019558 0.53928393
v -0.05358590 -0.22096261 -0.53331679
v -0.26078075 0.09186494 0.46490151
v 0.26650211 0.03041380 -0.44731098
v -0.21335037 0.03747264 0.52191228
v 0.21527755 0.33447558 -0.26926410
v -0.29082158 0.28722554 0.33452672
v 0.21614942 0.13206321 0.49639145
v -0.56590891 -0.19823223 -0.11997636
v 0.67088729 -0.03495501 -0.00151983
v 0.21556048 0.08941785 0.49642467
v 0.16687116 0.10892543 0.46217149
v -0.10640997 0.32214582 -0.32550928
v 0.12535495 0.17808983 0.48574334
v 0.00775526 -0.32526696 -0.38746357
v -0.10782530 0.20323358 0.50066751
v 0.54778737 -0.04479159 -0.07447067
v 0.44379306 -0.01737512 0.35177121
v -0.37971461 0.11199798 0.27043685
v -0.33898586 0.15267274 0.34214476
v 0.37933579 0.04701471 0.43587896
v -0.27558583 0.17446996 0.37993234
v 0.43412563 -0.02720055 0.36536306
v 0.15667705 -0.20467243 -0.45554489
v -0.23868576 -0.21138734 0.46628380
v 0.20788124 0.32086253 0.36654943
v 0.63704234 -0.07631408 0.00434583
v -0.23742282 -0.27557105 -0.44454002
v 0.07028167 0.41581795 -0.00217250
v -0.46907544 -0.24141076 -0.24384902
v -0.11190123 -0.31032360 -0.41722429
v -0.20997852 0.20445931 0.40355909
v 0.52152812 -0.14554700 -0.10335422
v 0.40096602 -0.18303046 0.35302109
v -0.21822476 0.03216626 0.51550204
v 0.27368397 0.36802471 0.10811092
v 0.46509013 -0.22563988 -0.18218696
v 0.25627118 -0.21639971 -0.39386544
v -0.14951146 0.31940395 0.39419067
v 0.23232175 0.14334364 0.43614507
v 0.50332355 -0.05202199 0.12613450
v 0.38059855 0.10550708 -0.32479835
v 0.08482562 0.32993427 0.31879538
v 0.17974851 -0.22691646 -0.45395136
v 0.34443003 0.29801464 -0.22258063
v 0.47747198 -0.20312285 -0.09265321
v -0.20685108 0.02964845 0.48287204
v 0.74055558 0.27459460 0.05145135
v -0.25324863 0.24199666 -0.38212708
v 0.11642537 0.23070988 0.43831393
v -0.35430971 -0.15955001 -0.43169537
v -0.08877712 0.29373682 -0.37497300
v 0.20820428 0.05580523 0.50240582
v 0.14527792 0.15188994 0.48021686
v -0.57337010 0.22907493 0.02179492
v -0.20554461 0.18436937 0.42262241
v 0.17953569 -0.20701155 0.47770679
v 0.50900894 -0.16024935 -0.12608768
v 0.10031159 0.09113239 0.52037632
v 0.07589869 0.39327228 -0.15639821
v 0.43855131 0.27309585 -0.08414583
v 0.01025013 -0.34957245 -0.26551235
v -0.54591197 -0.09580298 -0.18025787
v -0.47009531 0.20594023 -0.14475100
v -0.65533698 -0.16290677 -0.06628461
v -0.30176169 0.28499803 0.26662031
v 0.50956148 -0.01219572 0.26519436
v -0.45227343 -0.21181610 -0.27156597
v 0.25689384 0.08431644 0.47147828
v 0.22984272 0.17448217 0.42643458
v -0.36984962 -0.21027726 -0.40727034
v 0.33011222 0.04426545 0.47165075
v 0.50969416 0.06520343 -0.15779018
v -0.46133962 -0.27655149 -0.10062277
v 0.61077148 -0.04455277 -0.02588733
v -0.28889564 0.10723060 0.41756397
v 0.56671429 -0.10342245 -0.11144933
v -0.13066374 0.15487190 0.53615302
v -0.38339889 0.27986580 -0.02765466
v -0.40607613 -0.24344768 -0.31727785
v 0.28608668 0.38108188 0.06720471
v 0.68136185 0.01833907 -0.01089181
v -0.16123223 0.16713068 0.46253783
v 0.11025160 0.14613941 0.50298733
v -0.12859495 0.29866606 0.40021327
v 0.38943514 0.18559444 -0.23374417
v 0.32506251 -0.06870879 -0.39245391
v 0.28061196 0.14405093 0.39081547
v 0.09965772 -0.13163863 -0.51719600
v 0.55243635 -0.03393596 0.08554716
v 0.56241822 0.08573413 0.20688206
v -0.17464617 0.22649324 -0.36922041
v 0.41112122 -0.17060822 0.36326319
v 0.59957933 0.02987913 -0.05273446
v 0.46262723 -0.21411338 -0.23960267
v 0.57673329 -0.01560701 0.20366874
v -0.40058461 0.06385989 0.33267909
v -0.59996140 -0.13009353 -0.05949403
v 0.12196438 0.35017186 0.11061647
v -0.36053127 -0.27954066 -0.31025004
v -0.04539259 -0.35694379 -0.31176740
v -0.58609033 -0.18591939 -0.08942152
v 0.32185489 0.13087580 -0.33819783
v -0.67061090 -0.04745016 -0.02390625
v 0.23429573 0.17708407 0.40293956
v -0.42770714 -0.29673257 -0.29389185
v 0.41042632 -0.25719106 -0.22813009
v -0.18630023 -0.17161921 -0.50885248
v -0.10665668 -0.27730769 -0.42970479
v -0.05448193 -0.29671893 -0.43881172
v 0.41552940 -0.20077443 0.35213989
v -0.16038576 0.18844232 -0.44465846
v 0.10644148 0.19834349 0.48297110
v -0.49375102 -0.17866561 -0.25108212
v -0.46898764 -0.26799989 -0.26103020
v -0.32373947 0.09715511 0.40385932
v -0.46848261 0.22319143 0.13974647
v -0.00443233 -0.29547814 -0.45290738
v 0.23840925 -0.09826935 -0.46304065
v 0.16567475 -0.20576158 -0.45722345
v -0.35204291 0.01358681 0.37384874
v 0.66721785 0.09765844 0.06627367
v -0.46654341 -0.29316753 -0.13605067
v -0.31263220 0.08827060 0.40374547
v -0.47961110 -0.30540568 -0.17561643
v -0.06848747 -0.35962209 -0.34699702
v -0.13241827 0.20863661 0.44655642
v -0.06868963 -0.19866873 0.51873434
v -0.39060035 0.24895386 -0.21843901
v 0.32917103 -0.11958367 0.46387345
v -0.15617068 -0.34262234 0.25347108
v 0.42317602 0.22899872 -0.19968209
v 0.81084198 0.28144306 0.03512656
v -0.41130295 0.18479881 0.21032707
v 0.53296578 -0.17453973 -0.00440992
v -0.38053793 0.00200065 -0.40777409
v -0.16979700 0.19072025 0.41535211
v 0.37666321 0.21535836 -0.23714328
v 0.32187182 0.18959695 -0.32804632
v 0.48386854 -0.13043207 -0.20763999
v 0.17089096 0.14357011 0.47521409
v -0.40871105 -0.22419378 -0.39902782
v -0.45419630 0.18213072 0.21559903
v -0.49872321 0.12423162 0.08863331
v -0.66390926 0.16331154 -0.03252429
v 0.44675469 0.15831900 -0.14991613
v 0.49489775 -0.26540276 -0.10487685
v -0.50973129 -0.27234420 -0.12994078
v -0.51077712 -0.08002061 0.24346343
v 0.04415523 0.39064765 0.15634561
v 0.33754116 0.07151842 -0.36883584
v -0.10506848 -0.31674469 -0.42231831
v -0.46626645 0.26608723 0.02687777
v -0.25949544 0.10386002 -0.44524270
v 0.25515458 0.13998708 0.40539920
v 0.02499931 0.36543614 0.27838597
v -0.52214247 0.25571525 0.07922585
v -0.46337661 0.05142555 -0.21484831
v 0.15749073 0.34551942 -0.21697868
v 0.19211714 -0.22680421 0.49780375
v 0.22374646 0.18098125 0.40073007
v -0.47866914 -0.28372961 -0.23665729
v -0.53305966 -0.23030703 -0.19479345
v -0.39721632 0.23038730 0.15330106
v 0.21916941 0.01830161 -0.45624399
v -0.67030948 0.16420715 0.00086224
v 0.12960930 -0.34204036 0.35208109
v -0.37355867 0.16992125 -0.31826282
v -0.32529992 0.14001253 0.38780886
v -0.42563242 0.26678723 -0.14205585
v 0.14845419 0.24470003 0.45271918
v 0.07396027 0.19970828 -0.44215551
v -0.35234770 0.01359545 0.38203225
v -0.06638736 -0.04493389 0.55565238
v 0.37448716 0.08751005 0.40602034
v 0.50667435 -0.27193204 -0.03082679
v 0.30030945 -0.13628790 0.46883944
v 0.15241492 0.17732473 0.44525185
v 0.06598953 0.37225437 -0.19262561
v -0.40240368 0.27455637 -0.14187533
v -0.35169345 -0.19558708 -0.44814634
v 0.57119268 -0.12850407 -0.06750728
v -0.26089528 0.03122781 0.50836354
v 0.37560913 0.01454501 0.37597540
v 0.07161887 -0.35794160 0.26983780
v 0.43889570 0.15746211 -0.18788271
v 0.59956610 -0.09721282 -0.05254695
v -0.00574020 -0.15281366 -0.51501799
v 0.40094358 -0.21771531 -0.26800448
v -0.13344948 -0.19418693 -0.51950216
v 0.34812117 -0.17615879 0.40787345
v -0.48015127 -0.12902275 0.23063233
v 0.22322151 0.21503603 0.40666872
v -0.17430046 -0.06186224 -0.52142596
v -0.36445624 0.01045494 0.36964595
v 0.32711387 -0.34487569 -0.20213814
v 0.08962488 0.20104095 0.44885314
v 0.34344071 0.30193400 0.29229015
v -0.21629809 0.26340935 0.35982916
v 0.24330378 0.27895844 -0.34472322
v 0.45798814 -0.22304332 -0.12502608
v -0.21064982 0.10412791 0.47168463
v 0.39077362 -0.05069835 0.40972656
v -0.43941739 0.23164517 -0.20522679
v 0.04229297 -0.36751032 -0.17348646
v -0.15330370 0.17197484 0.44179600
v -0.06677849 -0.36488408 -0.30828178
v 0.04937704 0.38227907 -0.11825438
v 0.06463411 -0.35680243 -0.29602438
v 0.21082190 0.21320100 0.41081086
v -0.06332102 0.22109908 -0.44960073
v 0.56266105 -0.04250749 -0.05032538
v -0.27140039 0.30223292 0.24269974
v -0.44888777 0.11960351 -0.32566720
v -0.16093302 0.31848961 0.33354589
v 0.08957445 0.36979398 0.21803908
v -0.49445352 -0.23335734 -0.27299863
v 0.07442266 -0.23193900 -0.47256356
v 0.16485521 -0.19779180 -0.47932777
v 0.07346454 0.40910733 -0.04678459
v -0.57377732 -0.18826824 -0.15804058
v -0.19083583 0.33221266 0.31121573
v 0.18435782 -0.05053483 -0.49028590
v 0.21130659 0.17765476 -0.38496137
v -0.66872728 0.19178610 0.09053805
v 0.01674345 0.23371097 0.50850588
v 0.59156096 -0.09180319 -0.04370539
v -0.36923358 -0.00063165 0.42413852
v 0.14768031 0.12900911 0.49216440
v 0.14142670 -0.29863161 -0.40872449
v -0.48857909 -0.25456712 -0.11881498
v 0.02867139 0.14044592 -0.50923812
v -0.10321988 -0.38547528 -0.20916125
v -0.43127939 0.30350620 -0.14616206
v 0.42573321 0.30981094 0.01822311
v 0.26745856 0.07719505 -0.42449176
v -0.31179246 0.16269396 0.38310516
v 0.26161915 0.09279650 0.44340658
v 0.13504341 -0.03515723 -0.51554060
v -0.27773669 0.32427153 0.12570237
v -0.20539692 -0.29799515 -0.40866253
v -0.32787779 0.27886823 0.25892079
v -0.44896126 -0.27327353 -0.28240329
v 0.19996727 0.35124278 -0.27997538
v -0.27169365 -0.23662774 -0.43097204
v 0.14374033 0.13014415 0.49561256
v -0.19629742 0.34950969 0.18414727
v -0.45432800 -0.32494193 -0.14101037
v -0.31743699 0.23533571 0.33985716
v -0.55314106 -0.14869002 -0.21094182
v 0.17572980 0.06777856 0.50120139
v 0.07681629 0.13763359 0.49537122
v -0.23405433 0.22674823 0.36260152
v -0.08730856 -0.06502759 0.55130285
v 0.57996190 -0.04468536 -0.04184209
v -0.37961316 0.08221026 0.37792313
v 0.11276403 -0.35047412 -0.30318385
v 0.05489086 0.22853702 -0.43857580
v 0.14860982 -0.20762706 -0.45531917
v 0.09203295 0.32245040 -0.37254754
v 0.30522129 -0.33784798 -0.23700488
v 0.53405809 0.10594454 0.14863703
v -0.36599961 0.05883288 0.38532549
v 0.07752666 0.25089145 0.53288436
v 0.11880104 0.16142172 0.48504308
v 0.10678563 0.20161416 0.46207976
v 0.28876013 0.28612438 -0.27544391
v -0.20551102 0.32800952 -0.17110860
v -0.31270102 0.12406638 0.39750412
v 0.23042020 -0.05462880 0.50926524
v -0.50037873 0.22199151 -0.11949883
v -0.39728549 0.06054956 0.35970482
v 0.38876474 -0.20511320 -0.32517338
v 0.21051209 0.31330410 -0.31216311
v -0.64153099 -0.11978938 -0.04926080
v -0.50599545 -0.29026216 -0.15779637
v -0.53757554 -0.25774467 -0.09756967
v -0.40727016 -0.28351748 -0.29503366
v 0.32775787 -0.05359486 0.44937778
v 0.12079279 0.18789902 0.46151114
v 0.10463531 0.18103203 0.47242591
v -0.41790724 0.04013323 0.30647391
v -0.38773617 0.31601948 -0.08589149
v -0.33646250 -0.03316819 0.46527326
v -0.38266730 -0.02403565 0.36799979
v -0.32015049 0.14018510 0.39335039
v 0.02778078 -0.35589695 -0.35760596
v 0.49750394 0.11791597 0.19870219
v -0.02840511 0.27832544 -0.40498069
v 0.82506245 0.19566849 0.06866288
v 0.17444280 0.01962538 0.52701998
v 0.21758337 -0.13175374 -0.50909430
v -0.65323257 -0.09043778 -0.10584161
v 0.03853765 0.36982030 0.22142494
v 0.17679520 -0.25756660 -0.41995883
v 0.58108610 -0.04463828 -0.12261225
v -0.06993259 -0.35259068 -0.33919004
v 0.16800147 -0.32164818 -0.34293428
v -0.41661489 -0.29011303 -0.27611256
v 0.24992007 -0.01544477 -0.45016834
v -0.45544803 -0.27903444 -0.22699654
v 0.53783762 -0.07044069 0.21285671
v 0.79959983 0.23882249 0.02424358
v 0.55043370 -0.13909218 0.10908026
v 0.23068041 -0.10508545 -0.49592152
v 0.44520822 0.06674819 -0.27250186
v -0.11621763 0.26853111 0.42306960
v 0.08113202 -0.37984467 0.00895224
v 0.30116093 0.04810537 -0.41425756
v -0.48137358 -0.30233985 -0.20172252
v -0.20462020 0.31712812 -0.11548846
v -0.26197085 0.18827845 0.38560534
v 0.08996929 0.19842069 0.45810321
v 0.28200415 -0.15691438 0.45832390
v 0.23491454 -0.20599942 -0.40780094
v -0.24869761 0.08817820 0.45657420
v 0.64792287 0.15876731 0.16074662
v 0.50979012 -0.17560114 -0.15172538
v -0.09838852 -0.24921355 -0.47125959
v 0.66280448 0.06035258 0.01032263
v 0.19274522 0.04721034 0.49566102
v 0.24983881 0.25594059 0.39713639
v 0.55420709 -0.20582527 -0.03914651
v -0.35995623 0.13187598 0.34770796
v -0.02903892 0.33159208 -0.35110641
v -0.57461369 0.00270981 0.11304791
v -0.20403571 0.24125622 0.43078956
v 0.54839748 -0.23551360 0.06632601
v -0.45877010 -0.31494018 -0.15233728
v -0.20910329 0.04249795 0.52258813
v -0.19749334 0.10472304 0.48379016
v 0.18188801 0.34357518 0.35769343
v 0.04802881 0.04284923 0.56800252
v -0.24371213 0.18124080 0.44443229
v -0.26600206 0.18711926 0.38614452
v -0.47796750 -0.24823254 -0.25077349
v -0.01847397 0.37069392 -0.00757727
v 0.06536827 0.14934686 0.50865471
v -0.45435581 -0.26361853 -0.31157333
v -0.32051110 -0.18101932 0.45650029
v -0.39275321 0.31329522 0.00711241
v 0.03292049 0.06441566 0.53121585
v -0.13462473 -0.30891109 -0.43542504
v -0.31003618 0.21876793 0.41515610
v -0.25776234 -0.29453069 -0.30484706
v -0.32725507 0.13328275 0.36205405
v 0.01101279 0.34471682 0.29667503
v -0.08987242 0.36574289 0.00938883
v 0.12854388 0.17934589 -0.43285918
v 0.51917845 0.08855528 0.19166747
v -0.59115911 -0.14560644 -0.11603232
v -0.29298055 -0.14955507 0.47282076
v -0.03708182 -0.35971326 -0.22387594
v 0.17603479 -0.09438474 0.55187750
v 0.02863591 -0.32605624 0.37991717
v -0.63038248 -0.02412279 -0.07022028
v -0.60852015 -0.02667968 -0.10229680
v -0.55422723 -0.10882881 -0.17645699
v 0.26870608 0.22387591 -0.36003619
v -0.48113555 -0.30970219 -0.17062232
v -0.60894907 0.09921540 -0.07607234
v -0.49613896 -0.15509476 0.05512072
v 0.32046694 0.06857479 -0.36492720
v 0.50678897 -0.06208501 -0.02658113
v 0.71495306 0.12684347 0.11533417
v 0.28018361 0.10837722 0.39996880
v -0.19276123 -0.26165676 -0.44778335
v 0.38815260 0.02505872 0.37317500
v 0.23753345 -0.08952639 0.53207695
v 0.52582210 -0.11932132 -0.13379779
v 0.59657383 0.04286749 0.14264636
v 0.58009702 -0.13534191 -0.08008683
v -0.57621288 -0.00659337 0.09315471
v -0.00924855 -0.13389581 -0.51745594
v 0.10962228 0.38443136 -0.08598152
v -0.14220865 0.33778241 0.34443969
v 0.04649941 -0.35029161 -0.36158490
v 0.17907500 -0.37122202 0.07248282
v -0.28486022 -0.10643607 0.51285028
v -0.29617196 -0.00782051 0.44888052
v 0.60825646 -0.08473754 -0.07670453
v 0.26086915 -0.26706597 0.22674383
v -0.10925613 -0.37618461 -0.09805612
v 0.20330723 0.01424688 0.51423955
v -0.42745930 -0.31388888 -0.24253523
v -0.59498262 -0.02691351 -0.07780218
v 0.44484049 -0.22422585 -0.21811160
v 0.50187540 -0.25649443 -0.02426964
v -0.51718497 0.04891110 0.11865968
v -0.48778433 -0.19767466 -0.25223115
v -0.12927556 0.28440198 -0.39069694
v 0.51767552 0.01307355 -0.02110101
v -0.07275467 0.39422625 0.16690141
v 0.04913226 0.40528905 -0.13676021
v -0.38464752 -0.03006041 0.40769914
v -0.50746793 -0.18788457 -0.31782323
v 0.22164816 0.19331211 0.45017385
v -0.43247807 -0.26998580 -0.18358165
v -0.07792325 -0.35649934 -0.19255224
v -0.39722344 -0.31872025 -0.25565881
v -0.12650788 -0.28929994 -0.43860686
v -0.41831797 -0.31760672 0.12420923
v -0.37905625 0.26676792 -0.23180361
v -0.42464656 -0.09689286 0.37585735
v 0.35416052 0.32281834 0.11699954
v -0.46671319 -0.11981124 -0.33974466
v -0.43010503 -0.15561870 0.24370506
v -0.25191903 0.21892396 -0.42523581
v 0.07170171 -0.23410329 -0.48935083
v -0.05024686 -0.35264927 -0.35211045
v 0.28052858 0.37964109 -0.05243845
v -0.16348511 -0.27731612 -0.45554426
v -0.34606838 -0.24176991 -0.37634280
v -0.12344119 0.22555661 0.44219935
v 0.30182829 0.13600808 0.42581210
v 0.13788506 0.16652836 0.48328364
v -0.14619356 0.10329805 0.51002753
v -0.52541608 -0.27536559 -0.12838084
v -0.16998661 0.28637558 0.29464167
v 0.14193486 0.36089620 -0.18847792
v -0.08499306 -0.13127986 -0.52152252
v -0.58069175 -0.15033481 0.08839119
v -0.44095743 0.26469550 0.14209722
v -0.02361672 0.41143507 -0.08291870
v -0.34315169 0.06946294 0.39736462
v -0.45794961 -0.00487311 0.28834355
v -0.15273404 -0.29337549 -0.43150401
v 0.22920837 0.34180665 -0.21880528
v 0.49821287 -0.18193243 -0.16389149
v 0.00236813 0.21543483 0.49175382
v 0.44452313 -0.22129063 -0.17093432
v 0.45792651 -0.18005064 -0.19812259
v 0.01718397 0.35912353 -0.09069867
v 0.24553512 0.21301807 0.39952862
v 0.21022485 0.09280814 0.46829718
v -0.30743754 0.06419593 0.42628986
v 0.02320388 -0.33396354 -0.37737787
v 0.28631115 0.13234043 0.41865671
v -0.52751887 0.05967113 -0.15505295
v 0.12637186 0.20519096 0.46533057
v 0.47689253 -0.21229306 -0.12978080
v -0.42380026 0.02209795 0.31093168
v -0.28424376 0.31868950 -0.03000829
v 0.18819754 0.31475419 -0.34262568
v -0.59923023 -0.15235268 -0.11721046
v 0.41486531 -0.23524377 -0.22073320
v -0.30093569 0.08788066 -0.42526084
v 0.53867471 -0.14990212 -0.10710850
v -0.32385764 0.04546488 0.40647712
v -0.07729618 0.17876710 0.50161338
v -0.11977091 -0.28818008 -0.45869133
v -0.38909993 -0.27086008 -0.30404127
v 0.29169059 -0.21915986 -0.37640110
v -0.36916482 0.05924413 0.38835847
v 0.68337500 0.19434538 0.04893637
v 0.09321725 0.31426227 0.38488284
v 0.67668182 0.04965659 -0.00259799
v 0.38345867 0.27955958 0.19636887
v 0.16361561 0.27702519 0.42055851
v 0.22061688 0.18823221 0.39803639
v -0.46810842 0.28065845 -0.03763687
v 0.46613058 -0.21156758 -0.19087148
v 0.03748245 0.38461113 -0.19560768
v 0.11132566 0.30116904 -0.39155197
v 0.50804162 -0.17619385 0.17106715
v -0.43968558 -0.24174243 -0.26564956
v -0.42702004 -0.00062853 0.35123923
v 0.10947770 0.17859250 0.48402491
v 0.51814610 -0.13170756 -0.19206665
v 0.16659960 0.17454277 0.47173738
v -0.33372942 0.02783463 0.44166762
v -0.43904847 0.03109708 -0.39877418
v 0.30556926 -0.15851544 -0.41384846
v -0.43471450 -0.28155786 -0.24707797
v -0.16585183 0.12487249 0.48606440
v -0.49742165 -0.24787281 -0.25361767
v -0.61841786 0.13320859 -0.04814737
v -0.22850354 0.33224526 0.28801420
v -0.50795269 0.19955403 -0.09561475
v 0.10339543 -0.22049385 0.52275044
v -0.44534424 -0.12068278 0.25240281
v -0.58433735 0.05385434 -0.10037105
v -0.31058526 0.16007437 0.34457549
v 0.35100964 -0.07069395 0.46831712
v -0.07613964 0.33395353 -0.31184596
v 0.31168687 0.01010441 0.41162947
v -0.38491651 -0.11164714 0.43686128
v -0.35198537 0.30719131 0.10101639
v -0.20770913 0.33395636 0.23283398
v -0.40502697 0.05577209 0.32683331
v 0.40809923 0.29003826 -0.10735214
v -0.25058940 -0.19582415 -0.45719278
v 0.13969736 -0.26517680 -0.42765915
v -0.11317719 -0.11991065 0.56908846
v 0.51416826 -0.21657124 -0.01068498
v 0.18113148 -0.22550634 -0.44778937
v 0.24089967 -0.21960968 -0.40744936
v 0.00055353 -0.36937940 -0.17186618
v 0.55546719 -0.18122585 -0.06331514
v 0.19869101 0.07597043 0.49037552
v 0.21352743 0.17245939 0.39336702
v 0.35553342 0.29063559 -0.12119292
v -0.55436802 -0.25229293 -0.10606778
v 0.10913418 0.36680070 -0.06707262
v 0.39463091 -0.27193674 -0.20024550
v 0.55727178 0.02297640 0.15431730
v 0.63709182 -0.07016189 0.03090668
v -0.16806914 -0.34842134 -0.28603476
v 0.00499959 0.44123113 0.02913293
v 0.02945141 -0.35883880 -0.24961807
v 0.11971712 -0.35098553 -0.26786995
v 0.36696419 0.23798108 0.28405434
v -0.43351305 -0.28794605 0.10167941
v 0.40316632 -0.22596113 -0.22531910
v -0.19346949 0.23398317 0.40200275
v -0.39958632 -0.01124295 0.34887883
v 0.52208757 -0.03128486 0.24492747
v -0.34156021 -0.10226799 -0.44471478
v 0.12576622 0.14125165 0.47862110
v 0.16266455 -0.39507604 -0.14658022
v -0.53566658 -0.10730387 -0.30316657
v 0.12632100 0.17836961 0.49769324
v -0.02187785 -0.37356293 -0.19720280
v -0.46184573 -0.22238639 -0.27302358
v -0.41025424 -0.27278763 -0.25791752
v 0.03592819 -0.30146217 -0.43634146
v -0.05975426 -0.09904224 -0.53595454
v 0.46988004 0.26680782 0.18232578
v 0.37032151 -0.03920451 0.41068691
v -0.13891202 0.02296954 -0.53763896
v -0.19375604 0.18461207 0.43604389
v 0.15650067 0.05770605 0.51544666
v -0.29550251 -0.12540843 -0.49975637
v 0.64130324 0.12244424 0.08466914
v -0.54306358 0.23876253 -0.06573401
v 0.53011996 -0.17938563 -0.10468827
v 0.29064995 0.11124655 0.41184372
v 0.31466383 -0.08390193 0.47861141
v 0.45557183 -0.22345474 -0.14887553
v 0.52235967 0.00541339 0.23520072
v 0.24170730 -0.21843445 -0.41157168
v 0.58335239 -0.06663440 -0.06410399
v 0.06862588 -0.19025627 -0.48474425
v -0.33515584 -0.08211882 -0.45835054
v 0.32865041 0.05093028 0.42653245
v 0.07117079 0.39833444 -0.03200603
v -0.54558408 -0.18461449 -0.22416480
v 0.05432899 -0.34383833 -0.37074977
v -0.04051183 0.43792242 0.06849688
v 0.24409771 0.31783730 0.34187263
v 0.36859033 0.17681591 0.39565456
v 0.09597365 0.26455852 0.38411534
v 0.14908174 -0.33693069 -0.32702047
v 0.61500692 -0.01413383 -0.05449972
v 0.02179962 0.38314605 0.15502469
v -0.44976562 -0.14217176 -0.37063789
v 0.68202364 0.02934268 0.01171304
v -0.50027311 -0.21680111 -0.23606582
v -0.45962825 -0.19850302 0.10310334
v -0.35739636 0.15610228 0.35601214
v -0.54347163 -0.22320893 -0.10528658
v -0.40195653 -0.10709959 0.44664770
v 0.07518448 0.37876144 -0.02036184
v 0.16993292 -0.01985864 -0.49043706
v 0.53052193 -0.18366203 0.03462833
v 0.07953440 0.13490170 0.49879375
v -0.19785386 0.14562795 0.46087086
v 0.09946766 -0.24908999 -0.46283755
v -0.36961094 -0.30364150 -0.37980917
v 0.00728009 0.30484241 -0.39484236
v -0.43769693 -0.13766654 -0.33069935
v 0.52150273 -0.20760016 -0.08257775
v 0.19939792 0.39594418 0.01287264
v -0.04291300 0.04116476 -0.51559091
v -0.49140713 -0.22303137 -0.01516461
v 0.46625343 -0.21326773 -0.19832873
v 0.26540029 -0.02420203 0.49132758
v -0.53482950 -0.25540483 -0.16058466
v 0.29799947 0.31923929 -0.06148875
v 0.20092772 0.34171838 -0.02458777
v 0.22798152 -0.38088506 0.07172070
v 0.25874114 -0.13788469 0.52440047
v -0.13055535 -0.29134056 -0.46618938
v 0.38365850 -0.29312328 -0.06823847
v 0.48121664 -0.15669307 -0.22160524
v -0.14093930 -0.36462706 -0.26890010
v -0.53828448 0.17933096 -0.09643993
v -0.18345205 0.22439684 0.38873807
v 0.57081521 -0.12009721 -0.04532135
v 0.68106419 0.06075240 0.01923770
v 0.29649001 0.32763043 -0.06437500
v 0.49361587 0.11249281 0.24324334
v 0.38043144 -0.21713385 -0.30579820
v 0.44695592 -0.21951978 -0.25640082
v -0.64261711 -0.12584665 -0.04041488
v 0.47709095 -0.21841046 -0.15529212
v -0.59584242 -0.14161482 -0.11277612
v -0.39387888 -0.14896101 -0.42467433
v -0.41087973 0.12145007 0.33015990
v 0.55576158 -0.13090241 0.13289167
v -0.61610782 0.05623442 0.01138399
v 0.00035286 -0.35705143 -0.21037941
v -0.41653359 0.05407740 0.33485270
v -0.28657174 0.16035268 0.40720332
v -0.36930826 0.09031126 0.33257735
v 0.01626689 -0.12509495 0.59452605
v -0.09721649 -0.17260188 -0.53784370
v 0.09020738 -0.05018397 -0.53948092
v 0.53738010 -0.11206782 -0.17535819
v -0.18091892 -0.27905756 -0.44425008
v 0.43432176 -0.18891266 -0.25612041
v 0.58447593 -0.09565376 0.09686562
v 0.33141628 0.29151580 0.14200956
v 0.26002598 0.14227037 0.40406239
v 0.42557782 -0.09315641 0.38369536
v 0.05727111 0.26245257 -0.42655170
v 0.20343913 0.26347888 0.45371485
v -0.54917669 -0.05737295 0.18885340
v -0.48554122 0.29238200 0.01963228
v 0.21931830 -0.21763146 0.48008186
v -0.68362647 0.21151912 0.02177232
v 0.33644348 0.18841507 0.37157792
v 0.41459435 -0.13341212 0.41302937
v -0.46403262 -0.26317126 -0.28445530
v -0.43495804 -0.28675786 -0.23224193
v -0.19932322 -0.04100585 -0.51391429
v -0.26183215 0.23160966 -0.40627205
v -0.53470880 0.13174880 0.16153271
v 0.45796368 -0.27930576 -0.01484928
v 0.24149932 0.11579034 0.44204620
v 0.17837277 -0.24155611 -0.46108806
v -0.24061790 0.23474360 0.33203849
v -0.31001669 -0.25255218 -0.38868713
v -0.15571135 0.15847352 0.48209584
v -0.03579948 -0.20511308 -0.50067365
v -0.45714372 -0.32976151 -0.17573273
v 0.51881731 -0.18331313 -0.00160609
v 0.38771299 0.13498062 0.38731927
v -0.25242454 0.14718276 0.41792333
v 0.17447901 0.34590751 0.06192841
v -0.34732965 0.02797703 0.38251865
v 0.66199428 0.06899624 0.05161759
v -0.46727765 0.07963465 -0.34336498
v -0.39572036 0.04490709 0.32726949
v 0.39904022 -0.08952154 0.42473081
v -0.31476718 0.07716984 0.43028003
v 0.36282146 0.15944752 0.37079388
v 0.79393566 0.15041462 0.05340946
v 0.40884417 0.22283617 0.09647939
v 0.16469796 0.07918637 0.54486448
v 0.28565472 -0.00827503 0.48469475
v -0.08780581 0.26921958 0.33951885
v -0.61744273 -0.05830142 -0.07145814
v -0.19429180 0.13686937 0.44298279
v 0.57166278 -0.11768095 -0.09814432
v -0.03904501 -0.05061824 -0.53485453
v 0.27711046 -0.36045790 0.21670419
v 0.05048057 0.23020877 -0.43779010
v -0.45299685 -0.26507539 -0.16250831
v -0.26596242 -0.08382089 -0.49454635
v -0.19899939 0.13375300 0.46319586
v 0.02626257 -0.20251481 -0.50452632
v -0.02513582 0.30467790 0.38854623
v 0.26685387 0.15643142 0.40637359
v -0.07267009 0.29321030 0.44947648
v -0.07504800 0.25391299 0.48688161
v 0.50453478 0.10626513 -0.05546580
v 0.45184058 0.13008866 -0.23700161
v -0.48834369 -0.30224958 -0.17259388
v -0.08832815 -0.15365091 -0.52762288
v -0.29667038 0.13404047 0.37621096
v -0.32410124 0.03265300 0.44392997
v -0.00643931 0.35360712 -0.10486642
v 0.66242856 0.09203895 0.06457505
v -0.00377870 0.39716750 0.18569407
v -0.47301197 -0.30961400 -0.14849806
v -0.31603783 0.11421301 0.40587315
v -0.16100483 0.24212873 0.38764697
v -0.05955998 0.37921670 0.11499487
v 0.06036121 0.43334746 -0.01086459
v 0.57054406 0.06458363 0.17478831
v -0.29304054 0.30562040 0.25109652
v -0.11455230 -0.24357639 -0.47647494
v -0.30766559 -0.03144350 -0.46915001
v -0.54201955 -0.26447740 -0.12860264
v 0.71510983 0.14646277 0.02707931
v -0.19188635 -0.37389112 -0.12609553
v 0.13125136 0.16231042 0.50717533
v 0.59658146 0.00666413 -0.05161899
v 0.09523920 -0.28205350 -0.43362868
v 0.73856688 0.26614678 0.05291785
v -0.58753777 -0.11849611 -0.14443412
v 0.08719885 -0.36945847 -0.18424855
v -0.25703067 0.16662151 0.41394001
v -0.41083527 -0.19518663 -0.38975447
v -0.09921020 0.37193131 0.10612037
v -0.57770276 -0.14277044 -0.15584558
v -0.07149962 0.32700163 -0.36877057
v 0.05422135 0.34645852 -0.31791300
v -0.54169607 0.03322783 0.18397827
v 0.05000245 -0.28113398 -0.39972529
v -0.43073934 -0.16875184 -0.37916186
v -0.21925777 -0.03578299 0.53261018
v 0.27740160 0.12812400 0.43008870
v 0.03427881 0.39084625 -0.05455166
v 0.52400392 -0.13537943 -0.13767320
v 0.44724545 0.23814964 0.12675583
v -0.55759680 0.11562935 -0.09353533
v -0.33938244 0.14079520 0.37620366
v -0.47927275 -0.15383580 -0.29228249
v -0.23830184 -0.25095209 -0.43589020
v -0.46766600 -0.06839937 -0.29799560
v -0.45797047 -0.31438577 -0.20097987
v -0.05146585 -0.36380714 -0.22755140
v 0.09245831 0.24444759 0.40923703
v -0.39832339 -0.18575306 -0.38986701
v -0.37983924 0.10199612 0.36208197
v 0.11237568 0.20007749 0.45793575
v 0.10482851 0.22315991 0.49026075
v 0.63376027 0.11239214 0.05901248
v -0.02524175 -0.38235885 0.10476320
v 0.31436327 0.17130712 0.42327791
v 0.23869538 0.08101621 -0.42327154
v -0.25623116 -0.23867682 -0.43540502
v -0.41014460 -0.32960963 -0.05604896
v 0.24525563 0.23384032 0.48878223
v -0.13901983 -0.34221667 -0.32039791
v 0.01741628 0.39023924 -0.10522039
v -0.69368243 0.09929091 0.06750074
v -0.35019153 -0.14655046 0.39940131
v 0.22457691 0.14789908 0.43870988
v 0.16644190 -0.05872352 0.53322083
v -0.49565777 -0.21311598 -0.26553816
v 0.30600557 -0.16390285 0.43556023
v -0.08987517 0.12765178 -0.48610350
v 0.47004789 0.09539417 -0.22295672
v 0.51228476 -0.09928276 0.30374905
v 0.59284484 0.19717348 -0.02366458
v 0.16939335 0.06204009 -0.47511643
v 0.03757562 -0.35678494 -0.27436936
v 0.18271998 0.13221741 0.43414640
v -0.17543657 0.18093984 0.45658600
v 0.13000372 0.11127228 0.51875091
v -0.32392853 0.11607536 0.40412027
v -0.28529742 0.21312788 0.37619320
v -0.31548834 0.32939398 -0.01472513
v -0.22452088 0.25400513 0.42383134
v 0.01344249 -0.36991251 -0.18074870
v 0.14727801 0.10320475 0.48615691
v 0.53461921 -0.17625636 -0.07011715
v 0.58908331 -0.06565885 0.02204328
v -0.29042917 0.34418058 0.10707536
v -0.11753795 0.22595534 0.43932045
v 0.33758759 0.09691095 0.41464648
v 0.53076303 0.00635952 0.16177878
v -0.34190857 0.15630347 -0.35738125
v -0.44997102 -0.32659224 -0.20129316
v -0.42229652 0.07757216 -0.21282585
v -0.62452543 -0.03887999 -0.10866582
v 0.63403141 -0.04891735 -0.05373812
v -0.40282273 -0.11338130 0.35906222
v 0.57548118 0.06774095 0.00311933
v 0.01186569 -0.37078023 -0.31743619
v -0.51381856 -0.12940885 -0.19130489
v 0.56519449 -0.04691206 -0.08232473
v -0.21346378 -0.23898935 -0.47733378
v 0.11470349 0.23754597 0.44674397
v -0.15271762 -0.33591622 0.25070277
v 0.28020141 -0.19995780 -0.37779605
v -0.25490946 0.32133710 0.26141870
v 0.31129864 0.05193927 0.44032520
v -0.16248895 0.36013770 0.00782785
v 0.33965582 0.13999642 -0.36129707
v 0.28179139 0.29010439 0.32931286
v -0.10161850 0.33084327 -0.05183595
v -0.33829671 0.05850641 0.40454847
v 0.32237011 0.16910699 0.38399982
v 0.25799370 -0.22412658 0.43404078
v 0.18001249 -0.25775164 -0.42464167
v 0.68414825 -0.01569758 -0.00509536
v -0.08233885 -0.24046248 -0.47620344
v 0.30773693 0.26414281 0.32127821
v -0.66573662 -0.08252545 -0.01365244
v 0.49720180 -0.19630200 0.07203715
v -0.10369875 -0.30906931 -0.42163602
v -0.00521345 -0.36665261 -0.21521029
v -0.02967323 -0.24868400 -0.47499141
v -0.50031769 -0.23770121 -0.20783655
v 0.12435907 0.26028243 0.41292840
v -0.35438913 0.11810801 0.35672182
v -0.15075219 0.30442473 -0.36627680
v 0.54270607 -0.21215396 0.01989894
v 0.17431310 0.36031294 0.23267579
v -0.54641885 -0.01012462 -0.09182613
v -0.24452063 0.31767565 -0.30029494
v 0.09085634 0.13663676 0.50245708
v 0.54725599 -0.11443906 0.02141869
v 0.11483020 -0.35126612 -0.26441833
v 0.23763743 0.06017523 0.48615262
v -0.46818960 -0.31844336 -0.18027377
v 0.01879509 0.34740207 0.26846963
v 0.21006794 -0.09750163 -0.51916921
v -0.28716826 0.12942001 0.39115378
v 0.12968218 0.43837059 0.04792379
v -0.39029953 -0.04628428 0.36128139
v 0.48348856 -0.01280478 0.31368244
v 0.48149315 -0.20182630 -0.09244367
v -0.00834234 -0.27500486 -0.42596781
v 0.22718239 0.22755222 0.39691612
v -0.64362460 -0.14839834 -0.04456736
v -0.37635323 0.28338701 0.01987229
v 0.13332084 0.12312561 0.51360559
v 0.34209353 -0.15343656 -0.34882727
v -0.29020935 0.10194178 -0.46530500
v 0.16572316 0.25063521 0.42667574
v 0.23451805 0.19787523 0.43412834
v -0.30200359 0.00080946 0.49689093
v -0.43746185 0.18080276 0.18096164
v 0.15913093 -0.26614407 -0.41196188
v -0.36904290 -0.27057403 -0.28392702
v -0.33148459 0.07643114 0.39940462
v 0.53533328 -0.16387749 0.17188233
v -0.02918777 0.25617549 -0.41662782
v 0.11841288 0.32095629 0.40586337
v -0.12991691 0.20392740 -0.43650913
v 0.44034550 -0.20657530 -0.24842939
v -0.01301871 0.37197009 -0.06836835
v 0.25039536 -0.35733032 -0.30357903
v -0.18636811 0.17229354 0.43432969
v -0.33319914 0.12371837 0.37675336
v 0.15556857 -0.30634204 -0.39078701
v 0.11785010 0.20626456 0.45052761
v 0.13663003 0.19844040 0.49900728
v 0.13267365 0.22881430 0.43306983
v -0.32842159 0.15625182 0.36741108
v -0.36224484 0.04217750 -0.38925278
v -0.11887277 0.28628749 -0.34632814
v 0.05563063 0.35695714 0.23009434
v -0.19044755 -0.28404057 -0.44277680
v 0.41647816 -0.23608091 -0.02528335
v 0.38116527 -0.21745741 -0.30422723
v 0.21164386 -0.05636818 0.50917447
v 0.02280636 0.37713566 -0.23494059
v 0.10913405 0.16646090 0.48147017
v -0.63408488 -0.13402516 -0.04555403
v 0.16595325 0.21209441 0.43649489
v -0.11184287 0.13758472 0.50622237
v 0.03807567 0.04932879 0.56539023
v 0.18096001 0.22714207 0.41176599
v -0.45734566 0.27124634 -0.04334300
v -0.60308588 -0.08752461 -0.10198713
v 0.30443913 0.11915922 0.38164002
v 0.12074202 0.08700579 0.50836152
v 0.37649217 -0.23602806 -0.01172068
v -0.49926665 -0.27224487 -0.19424354
v -0.29384875 0.02833282 0.43783563
v 0.60475093 0.04581181 0.12404789
v -0.17422867 -0.27263653 -0.44517931
v 0.21158405 -0.24129146 -0.39196807
v 0.37008345 0.08854730 -0.35165599
v 0.23185223 0.16943845 0.41980889
v -0.21971816 0.16314378 0.42723286
v 0.32634252 -0.21647440 -0.37385404
v 0.21183532 -0.32556376 -0.39022058
v 0.16674925 -0.36082372 -0.21417472
v 0.10544445 0.20999262 0.45006958
v 0.28721949 -0.26091501 -0.34651768
v -0.41238323 -0.20149910 -0.33216992
v -0.03221234 0.37841797 -0.32718825
v 0.51966953 -0.04535550 -0.16239555
v -0.24202117 -0.04798808 -0.49182448
v -0.33484671 0.05811124 0.40728313
v -0.03572633 0.38024974 0.23830590
v 0.58313674 -0.06819561 -0.08273239
v -0.45845556 -0.04495550 -0.35677263
v 0.46530390 -0.16529268 -0.23408318
v 0.28482300 0.05020941 0.46718678
v 0.25725806 -0.07296303 0.50542545
v 0.26009208 0.09887850 0.42762291
v 0.50568485 0.06412950 -0.02614923
v 0.22554156 0.17021836 0.47874138
v -0.27880540 0.01303933 0.47700229
v -0.37653321 -0.31232330 0.06040974
v -0.26353532 0.06216950 0.47375676
v 0.43039548 -0.23443136 -0.19272153
v -0.21369278 0.14566346 0.46928936
v -0.08928256 0.34154570 -0.28959113
v -0.51960373 0.01123730 0.14739065
v 0.12258351 -0.28280509 -0.44497612
v -0.49534917 -0.24956062 -0.24418183
v 0.28580964 0.11440169 0.41790056
v -0.39457583 0.28422725 0.15500256
v -0.04870280 -0.35822445 -0.32970679
v 0.11727701 0.35404214 0.22785088
v -0.01682721 0.32469085 -0.33474079
v -0.54219091 -0.20791698 -0.14222813
v 0.09157635 -0.07922414 0.52006608
v 0.47378588 -0.18424226 -0.16785762
v -0.35377926 -0.05470842 0.43804851
v -0.07575040 -0.34505856 -0.32738203
v -0.22938983 -0.24567369 -0.44642183
v -0.28489318 -0.30933756 0.22412232
v 0.10419677 0.27489412 0.40509811
v -0.04392099 -0.30618045 -0.43007609
v 0.25055262 0.03730689 -0.42896497
v 0.52348173 -0.11458270 -0.15840611
v -0.12716387 0.34319824 -0.22974434
v -0.33932835 0.06570976 0.40573826
v -0.02130631 0.33723941 0.31421769
v -0.25419164 0.06444409 0.47893637
v -0.38464257 0.07536034 0.33509541
v 0.51689875 -0.24515824 -0.01685700
v 0.23167489 -0.23490851 -0.40790087
v -0.29646462 0.00322215 0.43169802
v -0.44157866 0.07322561 -0.33861768
v -0.52054965 -0.22333978 -0.21345741
v -0.32203999 -0.07030547 -0.47752818
v -0.33937356 0.19050445 0.32953900
v 0.05850905 0.34881774 -0.27795431
v 0.50297654 -0.18094143 -0.09371597
v 0.54085582 -0.18167724 0.02417725
v 0.24844049 0.35928652 0.27105358
v 0.58813113 -0.03280702 -0.01301764
v -0.33494017 -0.09497621 -0.46046185
v -0.03040862 -0.20313969 -0.51684356
v 0.21739466 0.06549908 0.48599237
v 0.22097132 -0.30582863 -0.31991637
v 0.18292131 0.14058872 0.46924886
v 0.40335792 -0.13715141 0.40751994
v 0.31318709 -0.19899660 -0.40452254
v 0.16649407 0.02551694 0.53022730
v 0.52747422 -0.03136406 -0.17054828
v 0.51337236 0.06543677 0.13373037
v -0.48355114 -0.29023990 -0.19742015
v 0.68504518 0.01444925 -0.02164090
v -0.53410977 -0.27337953 -0.10388631
v -0.48365033 -0.23450744 -0.19440085
v -0.53404468 0.11909333 -0.14094573
v 0.01226183 -0.35681993 -0.27694377
v -0.31358048 -0.00780711 0.47739354
v -0.16772635 0.34622872 -0.12050000
v -0.19799684 0.17290315 0.48250765
v -0.25010827 -0.31633520 0.32597935
v 0.45892021 -0.16075118 0.35114497
v -0.46729958 -0.27555102 -0.20058337
v -0.16476682 -0.27254730 -0.40424806
v -0.43544394 -0.02346976 0.30833194
v 0.14071502 -0.26269218 -0.45180875
v 0.47108394 -0.17031346 -0.20029947
v 0.33140960 0.33065850 -0.20016770
v 0.49817133 -0.18544848 -0.17586848
v -0.50102568 -0.28078106 -0.12180191
v 0.55775803 -0.13304651 -0.12774879
v 0.32597911 0.29799214 -0.21771251
v 0.56776935 -0.01914085 0.23567235
v 0.52220929 -0.19864507 -0.14476150
v -0.04999229 -0.19352695 -0.51578450
v 0.46747226 -0.21992093 0.02613887
v -0.36415797 -0.05143066 0.43174130
v 0.25980771 0.24442071 -0.34596491
v -0.09166165 -0.31689742 -0.40799269
v 0.40355664 -0.02019569 0.38697404
v 0.01740773 0.45773429 0.03176566
v 0.13558318 0.08784094 0.54477572
v 0.21312070 -0.20931280 -0.43607318
v -0.30201423 0.19987038 0.34168616
v -0.21965241 0.22414258 0.38985437
v -0.24712335 0.06000638 0.46192718
v 0.22193873 -0.23042159 -0.43270233
v 0.17103408 0.23736829 0.41038445
v -0.06659038 -0.32996565 -0.36788216
v -0.50064981 0.24544415 0.09538200
v -0.52692151 0.10826764 0.07925282
v -0.34755421 0.27308941 -0.15560712
v 0.24309570 -0.21723738 -0.38799512
v 0.11508912 0.16500923 0.47502404
v -0.13844894 0.25086507 0.39666462
v -0.54622614 -0.01115742 -0.22430420
v -0.35968819 -0.25745434 -0.34297454
v 0.14470571 0.25784430 0.39781487
v -0.12123686 -0.24835540 0.48567992
v -0.43186948 -0.29081765 -0.23277572
v -0.53938258 -0.26207048 -0.14523241
v 0.22058679 0.00920453 0.51929545
v 0.08322713 0.37683171 0.20978235
v 0.12258893 0.30793315 -0.41365573
v 0.11648111 0.23556805 0.45586145
v -0.30412301 0.14060208 0.38498405
v -0.14881359 0.33791262 -0.26968274
v 0.11011591 0.35926872 0.19933775
v 0.13852508 0.14505565 0.49053240
v -0.24620560 0.32418656 0.27850872
v -0.48138547 -0.05488926 -0.31852579
v -0.21472248 -0.32402810 -0.31439677
v 0.20392384 0.37551844 0.00207166
v -0.19514027 -0.23469780 0.45724058
v 0.59819323 -0.10631418 -0.06374499
v 0.38809335 0.33976895 -0.14567144
v -0.44661343 -0.29902077 -0.21441351
v 0.52483600 -0.11330871 -0.19766836
v 0.51101339 -0.17012747 -0.14172748
v 0.48289388 -0.29013193 0.08169892
v -0.11923189 -0.29827380 -0.41346401
v 0.04566567 -0.32591113 -0.39502823
v -0.04897416 -0.36468536 -0.21297301
v -0.13576703 -0.36151075 -0.32886529
v -0.47922790 -0.16108805 -0.25059193
v 0.64911765 0.12047499 0.06936204
v -0.38421988 -0.32358587 -0.12172523
v 0.18416297 -0.04175539 -0.48765579
v 0.47126240 -0.20922023 -0.09132475
v 0.50059128 0.12088276 -0.05126640
v -0.21844232 0.16728769 0.41799191
v -0.25165433 0.09900483 0.45493269
v -0.19938177 -0.28777814 -0.40913188
v -0.52955896 -0.15779917 -0.29923049
v 0.38412687 0.01798295 0.37121433
v -0.10441253 -0.26372808 -0.45572710
v 0.27811962 -0.08971371 -0.44539994
v -0.02519044 0.36603054 -0.14271374
v -0.48808193 0.09624535 0.12081440
v 0.33608323 0.22273380 0.30713436
v -0.37356383 -0.07156333 -0.44374716
v -0.25536525 0.18763041 0.38901076
v -0.62230891 -0.12236857 -0.06146562
v -0.32380202 0.09558962 0.39799273
v -0.31559542 0.06978931 0.43030605
v -0.14373556 0.26498070 0.42174834
v 0.30264729 -0.15620877 0.49895236
v -0.01315576 0.41918322 -0.02280514
v 0.17220858 0.07044128 0.53329957
v -0.03509118 -0.23244792 -0.49573213
v 0.22760652 0.19425595 0.41302031
v -0.28185451 0.34146732 -0.01356022
v -0.45591417 0.14662787 0.23139706
v -0.38513052 0.28618836 -0.05019993
v -0.00208866 0.39991450 -0.00452004
v -0.23510931 -0.22449586 -0.46921563
v 0.02565268 0.19713183 -0.45893043
v -0.37749746 0.17494071 0.27911669
v 0.20114702 0.25372410 0.38671502
v 0.42078179 0.22120067 0.18712291
v -0.10873766 -0.31811017 -0.42757589
v -0.42945600 -0.30975947 -0.25803775
v 0.01852473 -0.27007312 -0.44470087
v 0.04769002 0.39010167 0.16379306
v 0.10752743 0.20463195 0.45771489
v 0.58937782 -0.00333671 -0.08957997
v -0.69528973 -0.11705174 -0.01234527
v 0.48820895 -0.08276524 0.13409625
v -0.05237862 0.34002927 -0.22296654
v 0.35666883 -0.08527768 0.46961302
v 0.33337548 -0.19047813 -0.37021667
v 0.29735461 0.13787377 0.43158153
v 0.07006826 -0.13273339 -0.53243905
v 0.13803394 0.14003885 0.46817103
v -0.42420739 0.23947495 0.17902170
v 0.15022962 0.24501139 0.41591221
v 0.49043870 -0.15210870 -0.16416758
v 0.38297397 -0.26349014 -0.28491658
v -0.63841736 -0.16157092 -0.05153626
v -0.55322170 0.16602778 -0.05821796
v 0.21438158 0.19096935 0.40668494
v 0.14738381 -0.37449837 -0.11189883
v -0.06070714 -0.24246132 -0.46966061
v 0.57858348 -0.11653221 -0.02649568
v 0.17981815 -0.34726304 -0.19356808
v -0.40658811 0.04966959 -0.36343828
v 0.29903445 0.32229137 0.34453177
v -0.26070166 0.09966004 0.47239006
v -0.21529460 -0.27993572 -0.43910691
v 0.31732303 -0.16031499 0.38734186
v -0.37174594 -0.07234441 -0.43997723
v 0.02700280 0.32306483 -0.42436743
v -0.01619004 0.30407840 -0.41737640
v -0.27179721 0.29396084 0.29588881
v 0.16927420 0.24919139 0.43170041
v 0.05850155 -0.18112814 -0.50152022
v -0.00945026 0.42977929 0.03108082
v -0.32730123 0.27384442 0.01090083
v -0.52740103 -0.19317195 -0.16717353
v -0.58512402 -0.21126655 -0.09699987
v 0.13625374 0.36787450 -0.22132573
v -0.12528208 -0.22731817 -0.47591969
v 0.32123253 -0.29941967 -0.27378675
v 0.24515876 0.00226410 0.48714468
v 0.43146709 0.17101623 -0.21062995
v 0.34960222 -0.28485116 -0.22064988
v -0.28750947 -0.35643864 -0.07283275
v 0.04928023 -0.38399732 -0.16576575
v 0.36253217 -0.01768212 -0.35839793
v 0.25036141 0.16977625 0.38406134
v 0.54154813 -0.08423085 0.23176621
v 0.02963262 0.42475319 0.00187483
v -0.42564356 -0.26206592 -0.34830663
v 0.40929177 -0.21371102 -0.27834475
v -0.49068385 -0.26811972 -0.15033901
v -0.05131142 -0.39423242 -0.13245800
v -0.18650921 0.11856552 0.50105643
v -0.42166847 -0.31572884 -0.24622747
v 0.01138329 -0.36361420 -0.23048660
v -0.34088260 -0.32921031 -0.19612944
v -0.34932348 0.27879256 -0.20287000
v 0.44360098 -0.17683098 -0.28058439
v -0.11948372 -0.34815097 -0.35590729
v 0.54088569 -0.13674708 -0.07767233
v 0.78273124 0.23411539 0.11202574
v -0.53633821 -0.18808901 0.10810055
v 0.59034950 0.03341733 -0.01219817
v -0.17064944 -0.32553566 0.37194031
v 0.15891385 0.22934425 0.41015169
v 0.42596155 -0.19693880 0.31921273
v -0.59376609 -0.03777394 -0.09239849
v 0.26939327 0.21750346 0.45321271
v -0.00732753 0.44879159 0.02603548
v 0.04401654 0.37171721 -0.06942348
v -0.40723395 -0.31515503 -0.25226694
v 0.51672941 -0.15715188 -0.13707697
v -0.42745537 -0.22833900 -0.30723962
v 0.07587831 0.45355862 -0.06174950
v 0.59933543 -0.03675521 -0.05930564
v 0.38524318 -0.23583068 -0.27917221
v -0.33715439 -0.04173162 0.39143768
v -0.01767001 -0.35800570 -0.25625020
v -0.25028503 0.17598434 0.46419740
v 0.32608259 0.29181129 -0.00283526
v 0.13204867 0.04184591 0.54192436
v -0.57496411 -0.00513697 0.10717916
v -0.08151859 0.37354702 0.04599947
v 0.50151211 -0.17409234 -0.18144627
v 0.02083001 0.14009926 0.55651045
v 0.16262324 -0.06200466 0.53620654
v -0.14760131 0.03245660 0.55483645
v 0.01397959 0.17951432 0.48618823
v -0.14331502 -0.24665591 -0.47062725
v 0.27443919 0.13797253 0.40766168
v 0.49570340 -0.08174541 -0.16320549
v 0.11035519 -0.05546843 -0.52420366
v -0.28013289 -0.05166053 0.48740777
v 0.39399001 -0.19784737 -0.29704615
v 0.64332598 -0.00589588 0.09650559
v -0.58951831 -0.14310443 -0.11746490
v -0.20768400 0.11212467 0.45558089
v -0.25273827 -0.36599880 -0.14912212
v 0.53422761 -0.02794940 0.11846632
v -0.70034248 0.09952108 -0.00762933
v 0.27278954 0.24194133 -0.32629117
v -0.05304711 0.36849278 0.13241440
v 0.12291466 -0.25306153 -0.44968122
v 0.34535795 0.34586757 -0.19131008
v 0.02150582 0.29739386 0.45393598
v -0.05674073 0.41195554 -0.09342186
v 0.48699898 -0.12688665 -0.07676460
v 0.32263798 -0.13503088 -0.41977400
v -0.12362120 -0.01101125 -0.53013670
v -0.42042977 0.24779482 0.21176828
v -0.54908240 -0.05338347 0.10746036
v -0.56917661 -0.17395253 -0.16049847
v -0.45972827 -0.27626240 -0.23312338
v -0.62150902 0.22120912 0.00505974
v -0.48636577 0.22100908 -0.10050371
v 0.68619192 0.22038159 0.10399422
v 0.18832622 0.06591085 0.50537705
v 0.72637880 0.15652943 0.09471609
v 0.19114551 -0.33652613 -0.22865349
v 0.50087005 0.00891465 0.28253132
v -0.62585258 0.14984140 -0.01130186
v 0.23754692 0.21479094 0.43303946
v -0.51208383 -0.29856727 -0.17487961
v 0.18299708 0.35659695 -0.20578672
v 0.07901844 -0.38683689 -0.17222160
v -0.02349801 -0.12538359 -0.52969664
v -0.17295551 0.12279629 0.48081005
v 0.44942087 0.13405906 -0.09049493
v 0.12708166 0.13222834 0.48378485

