# https://github.com/mikedh/trimesh
v 0.24172634 0.22529441 0.29904422
v 0.37946853 -0.02117619 0.84653604
v 0.30187228 0.13711615 -0.22468914
v -0.23534295 -0.00057288 0.56009877
v -0.44641468 0.10176980 0.86292267
v -0.36104426 0.09877810 0.85469157
v -0.26190436 -0.01904670 0.42025709
v 0.24798359 -0.09023069 -0.20723064
v 0.03637039 0.29279134 0.23679563
v -0.53483516 -0.52331948 -0.36112422
v -0.20391309 0.13986796 0.62112772
v 0.25685161 0.17122073 -0.37771285
v 0.16519879 -0.14818786 -0.14855704
v 0.23281597 0.08618236 0.76735282
v -0.13463794 -0.22235027 -0.52428102
v 0.04099525 0.12644212 -0.56717104
v 0.20137718 0.16374002 0.46323171
v -0.25563356 0.10515749 -0.10865041
v 0.06040433 -0.23115931 -0.24134053
v -0.15723884 -0.01727859 0.27958953
v -0.38373452 0.01532093 -0.30339959
v 0.35236990 0.10539112 0.28862789
v 0.17567888 -0.12062636 -0.39155880
v -0.12862591 0.19441682 0.32106894
v 0.11793901 -0.25224975 -0.46255502
v 0.20842880 -0.02447488 0.40075490
v -0.25440487 0.13395119 0.47006342
v 0.06907056 -0.15973665 -0.51238441
v -0.55523521 -0.49389210 -0.38048711
v -0.39300224 0.03909826 -0.21993059
v -0.45686343 -0.33212724 -0.35345668
v 0.40775052 -0.14532349 -0.22619699
v -0.37792313 0.00250201 0.33740181
v 0.22033522 0.08883221 -0.05165881
v -0.20026773 0.22076316 -0.08327591
v -0.41125679 -0.27351743 -0.34141749
v -0.27185619 0.15881184 -0.31112018
v 0.32496440 -0.05754011 -0.13080785
v -0.09340897 -0.18134266 -0.32548290
v 0.14101644 -0.16722171 -0.35073370
v 0.25049168 -0.08038272 -0.29312035
v -0.13764358 -0.16342875 -0.41440248
v -0.43503356 -0.02636292 0.85413575
v -0.54579556 -0.50426066 -0.31956220
v -0.36582530 0.15702744 0.86024052
v 0.57957608 -0.20428807 -0.44397569
v -0.05435936 0.13371867 -0.56183529
v 0.27897796 0.23330371 0.53824365
v 0.34156266 0.02718109 -0.32090276
v -0.10359975 0.25728986 0.19977374
v 0.23168413 0.04962452 0.62552303
v 0.34795499 0.04589034 0.47609529
v 0.09616652 -0.27033183 -0.49089089
v 0.54187578 -0.20873426 -0.46456844
v -0.37491554 -0.06924092 0.85374665
v 0.30537701 -0.01786469 0.29120919
v -0.15043925 -0.10369157 -0.41772315
v 0.13561453 0.34759092 -0.26061952
v 0.04771967 -0.03504514 0.19100747
v 0.18948564 0.12235393 0.79984641
v -0.29987878 -0.08278152 -0.32589623
v -0.03652429 -0.26897547 -0.48511669
v -0.44537321 -0.02388448 -0.22575012
v 0.61737406 -0.13925652 -0.24874315
v 0.17033191 0.16917548 0.77138710
v 0.62246895 -0.30189329 -0.34069183
v 0.33264655 0.20920949 0.61934668
v -0.02765831 0.23384956 -0.52350342
v 0.56793571 -0.10429631 -0.38703069
v -0.20259856 0.23981431 -0.10749706
v 0.00737315 0.30497995 -0.02453486
v 0.29434577 0.14390886 0.19470438
v -0.20400035 0.08015585 0.09484251
v -0.15508285 -0.16411975 -0.15856430
v 0.56928557 -0.36611581 -0.48157066
v 0.00081135 0.35405177 -0.38196176
v -0.50383472 -0.38045922 -0.30032349
v -0.23290887 0.17553833 0.55676192
v 0.09857740 -0.02793527 0.17443831
v 0.16291401 0.23536280 0.20064624
v 0.20400530 0.15667690 0.08923515
v -0.22000085 0.09076309 0.49061778
v 0.18727449 0.00625245 -0.43442714
v 0.26673099 -0.00582321 -0.34447551
v -0.06972858 -0.13189751 -0.50054443
v 0.53497237 -0.29047471 -0.39377478
v -0.28599313 -0.01768720 0.46480930
v -0.49886963 -0.08085503 0.84728038
v 0.29993752 0.07751867 -0.33517709
v 0.30034417 0.10224287 0.67997348
v 0.25559026 0.21697520 0.24374047
v 0.47165868 -0.21423115 -0.29675409
v 0.05443920 0.34830099 -0.12964354
v 0.12079787 0.11863641 -0.53337169
v 0.19732358 -0.22280541 -0.57358444
v 0.36040372 -0.09921774 -0.25106564
v -0.39757687 0.14719732 0.57827473
v 0.53875858 -0.04918863 -0.24921061
v 0.22130600 -0.12359869 -0.31605664
v -0.23209544 0.04462108 0.47290677
v 0.44443297 -0.08502628 -0.15106653
v 0.48881170 -0.22528790 -0.40999243
v -0.24321711 0.12131130 0.46118295
v 0.20013130 0.02698238 -0.43089703
v 0.29088825 0.14432953 -0.21219915
v 0.33625698 0.06796304 0.23710154
v -0.20388900 -0.01996768 0.22435133
v -0.28070638 -0.10614254 -0.16417827
v -0.26205140 -0.11919504 -0.22219831
v -0.41241750 -0.12829538 -0.15595903
v 0.27071324 -0.00568830 0.23220247
v -0.41038585 -0.23805012 -0.19306506
v 0.40219301 -0.14391054 -0.24252176
v -0.12390940 -0.26952145 -0.55354053
v 0.15964969 -0.30283570 -0.58676618
v 0.02487324 0.36105093 -0.33740231
v -0.40470570 0.00958358 -0.19412933
v -0.18823592 -0.31241849 -0.61428338
v -0.19504873 -0.03154912 0.27334568
v -0.34673613 0.04225203 -0.15455332
v -0.37860012 0.16373219 0.85463649
v -0.22846061 0.04043667 0.44965452
v -0.12350497 0.26091883 0.07351890
v 0.02629533 -0.11879623 -0.04631381
v -0.12009498 -0.20957735 -0.50565553
v 0.13208532 -0.25320259 -0.38801455
v -0.58230340 -0.27355900 -0.37645775
v -0.21041349 -0.14561129 -0.29578936
v -0.52972430 -0.46175361 -0.43776658
v 0.05817950 -0.14384495 -0.51596504
v 0.52778846 -0.36841312 -0.54449183
v 0.11851079 -0.01659914 0.09421172
v -0.59802467 -0.40621302 -0.38287777
v -0.31199554 0.01605043 0.62262368
v 0.05090464 -0.14755569 -0.16256596
v 0.18145488 -0.06213431 -0.44681528
v 0.05530124 -0.12272082 -0.03830543
v -0.19034234 -0.28312400 -0.61640942
v 0.42597070 -0.17164925 -0.35868365
v 0.14186829 -0.18936825 -0.51766515
v -0.27441359 0.03320923 -0.35362414
v -0.51624507 -0.23797949 -0.18530658
v -0.15580009 -0.16039914 -0.13165593
v -0.12655723 0.09789728 -0.53440988
v -0.36364987 -0.17863159 -0.21698016
v 0.33512828 0.11763351 0.49858302
v -0.16733660 0.32296973 -0.19897267
v 0.07731838 -0.25284743 -0.26387295
v -0.02440823 0.31926405 0.34419948
v -0.52989089 -0.45318139 -0.45582250
v 0.51035249 -0.22414088 -0.45359194
v 0.17731835 0.22727621 0.20563254
v 0.28376198 0.12394886 -0.32901192
v -0.50929511 -0.43195722 -0.36177588
v -0.14058392 -0.01787876 0.01641637
v 0.52764350 -0.19531764 -0.18465294
v 0.61640900 -0.27859807 -0.46350116
v 0.54565066 -0.12706701 -0.41339040
v 0.03926686 0.38514352 0.34266037
v -0.59249687 -0.41654184 -0.41082823
v 0.34768280 0.13083619 0.54650748
v 0.36151469 0.11096000 -0.22784135
v -0.05114383 -0.16857155 -0.13616310
v -0.04130030 0.28350201 0.13600042
v -0.39748845 -0.18261060 -0.35113597
v -0.17657246 0.21732856 0.10929921
v -0.53503317 -0.33251494 -0.22249559
v -0.50639689 -0.12561142 -0.32602751
v -0.06770101 -0.08669859 0.00033118
v 0.58898324 -0.12117334 -0.39808831
v 0.33574682 0.11728751 -0.18627019
v 0.46722603 -0.20450467 -0.37713924
v 0.11408607 0.10023967 0.34806091
v 0.58662915 -0.15769787 -0.41056874
v -0.32685813 0.20831789 0.59024191
v 0.08934668 0.29443055 -0.46665984
v -0.24674131 -0.08219068 -0.33474174
v -0.36781567 0.18781215 0.64316463
v -0.26918671 0.00164136 0.60060102
v 0.07043017 -0.16488293 -0.10679699
v -0.23294336 0.18301857 0.63102990
v 0.19557923 0.14217706 0.74174136
v 0.10068955 -0.25828260 -0.29913008
v -0.08661237 0.11528999 0.32995379
v 0.36936370 0.02900730 -0.12569353
v 0.44131738 -0.06058388 -0.32036504
v 0.17866468 0.30041263 -0.36169082
v 0.04269015 -0.25713491 -0.47657117
v 0.09212546 -0.01552475 0.23110925
v 0.08382405 -0.01268472 0.23238678
v 0.52839118 -0.29720482 -0.43719208
v -0.15153413 0.24131966 -0.01924684
v -0.15207972 0.00081732 0.13121639
v 0.13924904 0.11468890 0.40381140
v 0.25685212 0.17611720 -0.18535335
v 0.09352261 -0.25697124 -0.29245400
v 0.63453418 -0.33993426 -0.42089105
v 0.11736006 0.32246193 -0.12615974
v -0.12703477 -0.15237358 -0.42656705
v 0.25335833 0.21407703 0.22918874
v 0.51167524 -0.24561097 -0.49922973
v 0.36846209 -0.04205130 -0.12150059
v -0.27450103 0.13848281 0.85933536
v -0.46747011 -0.07146979 -0.20290673
v -0.57963651 -0.43941304 -0.42670485
v 0.24262629 0.12234127 0.73181748
v -0.40288261 0.04293834 0.46807712
v 0.54711866 -0.33718202 -0.44924104
v -0.12627672 0.05613761 -0.52657175
v -0.42090923 0.12806633 0.86049873
v -0.17425171 0.22770976 0.15540595
v 0.26444229 -0.01577273 0.85312867
v 0.20265496 0.07074036 0.65126008
v 0.11430468 -0.23890761 -0.57094216
v 0.06469356 0.30314785 -0.02594625
v -0.03055681 -0.40926278 -0.30295333
v -0.43621728 -0.04941889 -0.17684695
v 0.08098235 -0.45467550 -0.26128563
v 0.13654780 -0.22609079 -0.43126926
v -0.00909445 -0.22320557 -0.51567292
v -0.21391831 0.14842802 0.70334530
v 0.55187941 -0.35142952 -0.46887812
v -0.52827072 -0.40352929 -0.27211824
v 0.22511709 0.27217481 0.73683327
v 0.52360767 -0.27598500 -0.40758729
v 0.22906910 0.21416403 0.85699862
v -0.17860065 0.21625671 0.11997980
v -0.03971100 0.15934081 -0.55699539
v 0.29328713 0.03015555 0.59877801
v -0.08766450 -0.26082826 -0.30539262
v -0.30197379 0.20545819 0.75784153
v 0.04090753 -0.27146730 -0.47269392
v -0.15754244 0.03840574 0.02956500
v -0.22159612 0.17245112 0.64995778
v -0.39098960 -0.15584239 -0.32433826
v 0.04203334 0.29585630 0.06666851
v 0.13426813 -0.23885494 -0.42537564
v -0.36930665 -0.19487478 -0.31337455
v 0.61467957 -0.08236408 -0.30993652
v -0.23318401 0.07947430 0.12466959
v -0.15851279 0.29110867 -0.36961305
v 0.52266032 -0.27603543 -0.41244081
v -0.22704026 0.00709791 -0.08213848
v 0.05494993 0.12891801 -0.56179661
v 0.57334763 -0.37742862 -0.42139652
v -0.14398810 0.02533002 0.33310941
v -0.32161784 0.01062919 0.79017687
v 0.04357631 0.29585916 0.06544946
v -0.20017961 0.05520330 0.09951774
v 0.54423529 -0.32338455 -0.52369887
v 0.31244397 -0.08694309 -0.22765486
v -0.29487219 -0.04515967 0.32999021
v 0.01922931 0.09356521 -0.56781805
v 0.01837826 0.46857014 0.37597087
v -0.27902409 0.18853673 0.85743064
v -0.19836463 0.07313002 -0.44688305
v -0.13029748 0.34642324 -0.21543856
v -0.14539485 0.24267210 0.06816120
v 0.39831051 -0.15758094 -0.27343631
v 0.15361035 0.10163915 0.63314867
v -0.22905615 -0.04556936 -0.41005972
v 0.31078258 -0.02641238 0.50582778
v 0.33672372 0.09147027 -0.14649899
v -0.40714625 -0.24797612 -0.29417709
v 0.47520614 -0.21286602 -0.35859549
v 0.32180527 -0.02498745 -0.31153855
v -0.26295578 -0.00782990 0.54576337
v -0.01199521 0.37736568 0.30253926
v -0.21091455 -0.03356750 0.25397417
v -0.28443423 -0.10729976 -0.16129345
v -0.29537502 0.00183846 -0.33061740
v 0.23019101 0.26612207 -0.19037634
v 0.08375866 0.21895221 0.26126090
v -0.08320247 0.11878189 -0.55772173
v -0.41769835 -0.00106845 -0.20588835
v -0.40728819 -0.08427922 0.86111796
v -0.42997083 0.02079087 0.78895366
v 0.14025283 0.27385309 -0.00193023
v 0.30021641 0.09947931 0.67666644
v -0.17014664 -0.01565867 0.23668610
v -0.40154192 -0.03666071 -0.31965759
v 0.22370200 0.23197334 0.28085619
v -0.03888557 0.15020609 -0.55823255
v -0.37407783 0.10804729 0.32329983
v -0.22811218 0.17292431 0.57083207
v -0.06967016 -0.35437974 -0.28114486
v 0.43008274 -0.13307810 -0.16821498
v -0.40152684 0.14701459 0.82703155
v -0.11001452 0.33259457 -0.13839096
v -0.51597095 -0.54680908 -0.43577012
v -0.50956929 -0.45057321 -0.41363391
v -0.03638522 0.42450297 0.33436614
v -0.41903976 -0.27237588 -0.38305059
v 0.10785933 -0.17401987 -0.51172262
v 0.17280126 0.17372511 0.76462477
v 0.36050031 -0.03895252 -0.30120224
v 0.11159823 -0.12009989 -0.47354424
v -0.06166429 0.25832936 0.20854488
v 0.24387527 0.04557232 -0.08910201
v 0.37066242 -0.10583598 -0.26009804
v 0.18882887 -0.02531260 -0.44338182
v -0.24656801 0.01605533 0.46823710
v 0.46648502 -0.13243796 -0.39576373
v 0.29019016 0.05771668 0.86012429
v -0.52036685 -0.12555182 -0.28566715
v 0.49456090 -0.09742624 -0.38076153
v -0.06486280 -0.31511751 -0.40544501
v 0.60514748 -0.28126952 -0.32731989
v 0.23563266 0.25732571 -0.21382876
v 0.51590341 -0.25683406 -0.36660311
v -0.54262471 -0.50333834 -0.37240273
v -0.18373187 0.10569656 -0.00923183
v -0.32049328 0.13976948 0.45381346
v -0.31890488 0.06069509 0.19834287
v 0.33478007 0.14038040 0.63873023
v 0.00509510 0.51690602 0.37680799
v 0.61978990 -0.29980114 -0.45790765
v -0.53074008 -0.44831434 -0.28879589
v 0.12231407 0.21097884 -0.50697601
v 0.15995678 0.09289178 0.42687067
v -0.10739577 -0.16572838 -0.31092703
v 0.51704025 -0.04740943 -0.24430716
v -0.58077753 -0.39412344 -0.26259214
v 0.10228357 -0.07436270 0.00640712
v -0.11691536 0.10638557 0.36887044
v 0.34294444 0.13228303 0.52505094
v 0.06400594 -0.13735747 -0.04318045
v -0.45291114 -0.29109269 -0.40361381
v 0.22363271 -0.05684815 -0.08757799
v -0.03038723 -0.12236927 -0.04409000
v -0.10305069 -0.18995531 -0.33617270
v -0.00154839 0.33084771 0.37279770
v -0.13451120 -0.00788803 0.10272355
v -0.41860554 -0.25127506 -0.23035251
v 0.23653609 0.24944830 -0.17125683
v -0.06662082 0.07120124 -0.56688255
v -0.48608786 -0.18542743 -0.17377409
v -0.22841534 0.26461226 -0.28869230
v 0.59420806 -0.16649342 -0.23095319
v -0.13222195 -0.04941835 -0.48757619
v 0.29132688 -0.02381302 -0.12495628
v 0.09223006 -0.08304756 0.02708575
v -0.50927341 0.01795007 0.81681621
v 0.33010310 0.08230656 -0.14065976
v -0.07920828 0.13678809 -0.54935706
v 0.24195810 0.25577638 -0.26505479
v 0.03635535 -0.17065276 -0.21158163
v -0.20286493 0.05219939 -0.43131924
v -0.44730467 -0.33969179 -0.37427816
v -0.26604059 0.15824796 -0.34759444
v -0.33055431 -0.02625412 0.52018285
v -0.30359650 -0.04296111 0.32158279
v 0.09443155 -0.24615471 -0.54289067
v -0.14166048 -0.15592074 -0.31817755
v 0.07386920 -0.07021993 -0.55607200
v -0.24760640 0.16398099 0.41444823
v -0.25393879 0.23391841 0.81163818
v 0.13915882 0.02341069 -0.50989735
v -0.39280644 -0.06853689 0.81712753
v -0.34183827 -0.11187095 -0.32769096
v -0.09483452 -0.27095434 -0.52269357
v 0.60419905 -0.22881624 -0.26133749
v 0.43685424 0.04293355 -0.22836599
v 0.26966658 0.16061425 -0.20946679
v -0.19663481 0.11949336 0.58491951
v 0.19137768 0.00899594 0.13176169
v -0.35162085 -0.16618183 -0.28530547
v -0.16628133 0.27468544 -0.39397609
v -0.18119004 -0.01875454 0.33036548
v 0.48467630 -0.02431262 -0.20635903
v -0.22248121 0.01937336 -0.40611798
v 0.15393786 0.09444769 0.41474897
v -0.33941388 0.05582943 0.85791624
v 0.53670293 -0.45307916 -0.48400721
v -0.07226157 -0.30855474 -0.29467666
v 0.63984203 -0.36921135 -0.37861142
v 0.61762470 -0.23203848 -0.39106506
v -0.11160160 0.25778645 0.18210740
v 0.37810504 0.11112449 0.80926615
v -0.28614196 0.20924802 0.60366303
v -0.23484749 -0.03072027 0.37783095
v -0.51902199 0.04201510 0.83686119
v 0.23980878 0.00745029 0.84934515
v -0.19185519 0.09697149 0.05704852
v 0.22929667 0.19303399 0.38621196
v 0.15175298 0.16025481 0.68781418
v 0.62661469 -0.23019676 -0.35083115
v -0.42031187 -0.20183350 -0.18204398
v -0.23025814 0.12774856 0.44315845
v 0.16726534 0.22988991 0.75703365
v -0.32004040 -0.15714277 -0.23672760
v -0.22721951 0.07172369 -0.07821924
v -0.40163064 -0.08408338 0.86161983
v -0.57749927 -0.32104930 -0.24691696
v 0.08956834 0.29418981 0.02246764
v -0.19336474 -0.14195745 -0.15721957
v 0.26600391 0.10696771 -0.38209632
v -0.59626502 -0.39758244 -0.37883371
v 0.30235413 -0.04340925 0.36412776
v 0.24745978 0.18196733 -0.11096702
v 0.13152219 0.26387638 0.09141816
v 0.14557467 0.17976314 0.61813945
v -0.57582146 -0.39819756 -0.43898565
v 0.10912355 -0.18564929 -0.52743566
v -0.36108941 -0.00965801 0.54078996
v -0.00229215 0.29859352 0.06104189
v 0.25796467 0.20441920 0.35592306
v -0.24457359 0.01567561 0.61892247
v -0.34687641 0.13641584 0.45984462
v 0.10152651 -0.14672993 -0.49076793
v 0.09032633 -0.25485080 -0.49798959
v -0.29904988 0.02708020 0.66985989
v -0.11702629 -0.14277107 -0.45271778
v -0.09097221 0.00210828 0.24577959
v -0.02285724 -0.06769191 0.13929376
v -0.04090206 0.41931427 0.34378290
v -0.52597868 -0.18651748 -0.19504608
v 0.36817402 0.04703768 0.34698480
v -0.35537106 -0.00581533 0.55394781
v 0.25990194 -0.06774347 -0.15122403
v 0.04718247 0.29930678 0.27530721
v 0.12932922 -0.14971003 -0.34976682
v -0.00542183 0.36049610 -0.34500197
v -0.22011884 -0.11326700 -0.18208803
v -0.10980561 -0.05214421 0.01004330
v -0.54406869 -0.57176781 -0.34050053
v 0.06855066 0.30540431 -0.02755711
v 0.55044144 -0.11216283 -0.19269842
v -0.22927466 0.18146075 0.61166054
v 0.30293775 0.07175282 0.64925665
v -0.33418933 0.08945702 0.85626549
v 0.10263082 -0.30181172 -0.40136817
v 0.12950540 0.11022298 0.38117999
v -0.57451707 -0.29765597 -0.38379216
v 0.26521525 0.21628192 -0.24393745
v -0.51666695 -0.48988506 -0.39999571
v -0.10136130 -0.15747182 -0.27618551
v -0.18863034 0.30275017 -0.29465246
v 0.02143045 -0.35038900 -0.19906288
v 0.02153840 0.42987639 0.37677950
v 0.23613787 0.24183728 -0.34234187
v -0.25763917 -0.11328541 -0.20117792
v -0.24807572 0.19457315 0.67579192
v -0.42900267 -0.01297190 -0.20888773
v 0.24338712 0.23769963 -0.18779650
v 0.46431345 0.02206688 -0.17262243
v 0.19388732 0.05307243 0.61321723
v -0.06256176 -0.32617432 -0.32563543
v 0.07017202 0.24610427 -0.51315129
v 0.23628588 0.20710465 0.50429678
v 0.22522411 0.06537805 -0.42175817
v 0.36619115 0.07188847 0.37701520
v 0.26641437 0.06416627 0.16091828
v 0.64917105 -0.35617599 -0.39538822
v 0.24763936 -0.04107269 0.29980424
v 0.01281510 0.36223570 -0.16641489
v 0.31055063 0.18230863 0.32447171
v -0.40600348 0.02169577 -0.21419264
v -0.18486932 -0.28272617 -0.58268392
v 0.00912495 -0.16272092 -0.20178941
v -0.00524699 0.31094036 -0.05024021
v 0.18640842 -0.21532914 -0.56475866
v 0.15226759 0.07651281 0.41045094
v -0.33357590 0.03807453 0.76894850
v -0.14578316 -0.16257910 -0.39153594
v -0.02288260 0.47068447 0.38859043
v -0.07898843 -0.05108206 -0.55125916
v 0.24492812 -0.09318535 -0.26347944
v 0.31151721 -0.00188153 0.52894318
v -0.02944428 -0.37628210 -0.22790624
v -0.18368170 -0.01194542 0.20222865
v -0.24678843 -0.03106851 0.23918945
v -0.49716973 -0.36477205 -0.24179460
v -0.06940008 0.33224449 -0.09668511
v -0.34292656 -0.11589505 -0.32709891
v -0.46734679 0.02829275 0.84423995
v -0.04506282 0.48500311 0.38232753
v 0.17786954 -0.01105816 -0.45757493
v 0.37198076 -0.09838883 -0.14446433
v -0.37160262 0.00842605 0.86169434
v -0.01362747 -0.20344038 -0.52371377
v 0.13311189 -0.16849504 -0.44628555
v 0.23554447 0.18903829 0.85651720
v -0.17607805 -0.26188388 -0.57459700
v -0.22589706 0.16330402 -0.09024851
v 0.27038893 0.20893274 0.32720625
v 0.29408151 0.15461174 0.20100932
v 0.02537018 -0.00052615 0.25487301
v -0.40778530 -0.03398476 -0.31189609
v 0.25081521 0.03937171 -0.09566677
v 0.34863633 0.14231265 0.86544651
v 0.35032949 0.02013086 0.80563349
v -0.34659427 -0.12567621 -0.15370467
v -0.51919550 -0.55781978 -0.36159250
v 0.34071153 0.12389965 0.25558051
v 0.15856843 0.10414665 0.64568651
v -0.19121763 0.18912567 -0.06743498
v 0.13648370 -0.18509765 -0.50290531
v 0.62539065 -0.10512880 -0.27447885
v 0.21515557 0.04495341 0.11948872
v 0.15423606 0.11827099 0.54239357
v 0.02261370 -0.05048196 0.21138871
v 0.14729053 0.34197628 -0.28213975
v -0.06692573 -0.33351389 -0.38860700
v -0.25723410 0.20395511 0.18870229
v 0.45691332 0.00774158 -0.15638173
v 0.62180471 -0.36024538 -0.45890826
v -0.26213080 -0.09256920 -0.30344722
v 0.27832970 -0.02425705 0.47125119
v -0.37788898 0.03753465 -0.27873626
v -0.11622090 0.03800640 0.30917841
v 0.27956879 0.06189118 -0.12354461
v -0.01055427 -0.15764174 -0.53532308
v -0.35253876 -0.15401132 -0.17425412
v -0.29831097 0.13247231 0.16478801
v 0.02126134 -0.46778721 -0.29808950
v 0.34764367 0.02924334 0.28920740
v -0.02049242 0.32899192 0.27196589
v 0.10801545 0.29621804 -0.44398206
v -0.28400138 -0.08572495 -0.14916684
v 0.47380909 -0.21986392 -0.25788569
v 0.48784733 -0.17324901 -0.42630845
v -0.06463435 0.28914779 0.10326078
v -0.07876588 -0.31132150 -0.52455789
v 0.29522470 -0.03197708 0.31040916
v -0.22808099 0.23768651 0.27738267
v -0.49129677 -0.44915712 -0.46464863
v 0.29443350 0.00946458 0.83042324
v 0.15744580 0.20824480 0.72419739
v 0.36791468 0.06710988 0.37955672
v 0.29213852 0.14026903 -0.27972293
v 0.34546760 0.07065946 0.48739627
v 0.58253425 -0.23209772 -0.23894431
v -0.23893918 0.01388328 -0.40048307
v 0.00001188 -0.45619512 -0.29223225
v 0.13587330 0.16599168 0.35298219
v 0.57073838 -0.26225388 -0.51354456
v 0.03996366 -0.08973451 0.05213286
v 0.24220428 0.22668988 0.28478414
v 0.05256633 -0.38610622 -0.22885720
v -0.04810454 0.30831039 -0.05664314
v -0.26661989 0.19272709 0.54899514
v 0.24840677 0.19124126 -0.12191939
v 0.19441138 -0.25206301 -0.62648022
v 0.25435957 -0.04182235 0.30144382
v 0.29363921 -0.06673477 0.82819635
v -0.30568486 0.00301325 0.23030408
v -0.38526395 0.09516267 0.68560934
v 0.52938986 -0.28450623 -0.54844928
v -0.19732697 -0.01753591 0.37070686
v -0.38594264 0.14495899 0.67310524
v -0.55018049 -0.56032437 -0.36540741
v 0.26279303 -0.03153598 0.26683867
v 0.32471368 0.02315693 0.79396862
v -0.56673694 -0.36979133 -0.26457867
v 0.00857883 0.29162902 0.08312211
v -0.25255087 0.16262223 0.41359439
v -0.03562243 0.33181676 -0.11728397
v 0.01140159 0.32181171 -0.45227066
v -0.03262489 0.32237178 -0.09183321
v -0.13719137 -0.16478717 -0.11783467
v 0.13845307 -0.15707287 -0.15761843
v -0.38188300 0.00156267 0.37293616
v -0.16072406 -0.14108160 -0.29139400
v -0.34926713 -0.06738164 -0.33583733
v -0.20137140 0.29314342 -0.22372314
v -0.43811429 -0.25163329 -0.18370661
v 0.06870708 0.29479504 0.07904483
v 0.02573129 -0.14467628 -0.15830372
v 0.05723490 0.30889025 -0.06810936
v -0.19238766 0.21902303 0.33588883
v 0.18697834 0.20832638 0.13132150
v -0.24071001 0.00026743 0.20238349
v 0.51120597 -0.07276953 -0.35505959
v -0.46561092 -0.32889527 -0.39569026
v 0.39634290 0.07297755 -0.18344977
v 0.22793126 0.26391587 -0.17881982
v -0.33009526 0.19847332 0.52068639
v 0.27251726 0.25291529 0.59481323
v 0.32488635 -0.06315658 -0.13183832
v -0.41087705 0.11066707 0.76451516
v -0.14687039 0.00087375 0.11141167
v 0.01904249 -0.01806606 -0.57118648
v 0.06117333 0.13172197 -0.55759525
v -0.39139882 0.10518420 0.47272378
v 0.04770966 0.29776973 0.31201470
v -0.36657208 0.07443712 0.27301124
v 0.03588625 0.32351595 -0.10875535
v 0.13959563 0.20433755 0.30260450
v -0.34762192 0.18865402 0.51274806
v 0.40001330 -0.05024962 -0.29446286
v -0.34425366 0.04671346 0.76139516
v 0.04611097 0.36118555 -0.33992502
v 0.18862283 -0.03627848 -0.43890467
v -0.14145274 0.14658995 -0.51504767
v -0.17657436 0.03221619 0.38064680
v -0.55915451 -0.14425746 -0.26752689
v 0.60444045 -0.24189477 -0.45564190
v -0.09654294 0.05039809 0.28993011
v 0.00277806 -0.19581391 -0.52105713
v -0.54888582 -0.25378981 -0.20660686
v 0.30027941 0.15710793 0.47815213
v -0.30455649 0.20941451 0.71352273
v -0.33847240 0.16683269 0.31947881
v 0.44619891 -0.15488173 -0.38591173
v -0.24048996 0.15589209 -0.39184201
v -0.39574081 0.06766327 0.46079320
v -0.00670055 0.36723131 -0.32806715
v -0.26366872 0.23995398 0.83621657
v -0.32157969 0.03874760 -0.14613259
v 0.17152417 0.15208331 0.84322661
v -0.54567051 -0.16948140 -0.35893866
v -0.10825843 0.23750618 0.22775808
v -0.07091669 -0.10706884 -0.50808126
v -0.28273633 0.20033775 0.55853194
v -0.22574049 0.17625496 0.66883755
v 0.21821611 0.04091163 -0.42381370
v 0.29452097 -0.02120418 -0.12371959
v 0.29790720 0.11287271 0.69255382
v 0.26621896 -0.04182897 0.82443726
v 0.33022416 0.16165403 0.31523839
v 0.20671730 0.18347338 0.12642351
v -0.15231989 -0.14020926 -0.39501962
v 0.33445066 0.11402918 -0.18037805
v -0.12993363 -0.23364966 -0.48081583
v -0.02232070 -0.38059366 -0.31211340
v -0.01829484 0.30869350 -0.02539507
v 0.03923890 0.16436978 0.27846831
v 0.26641387 -0.00746267 0.23061165
v -0.29501936 0.23074733 0.84587914
v 0.12415920 0.16571510 0.34215549
v 0.34531781 0.11033417 0.53714043
v 0.16570416 0.27801955 0.79409856
v 0.17971605 0.29805613 0.84775972
v 0.21265084 -0.02189897 0.42398578
v -0.00044707 0.32603920 0.36969554
v 0.05241079 -0.06686687 0.10754041
v -0.59668505 -0.47240430 -0.31634340
v 0.02565756 -0.29013568 -0.45979735
v -0.27779120 -0.06509326 -0.32444260
v -0.15068555 0.02638368 0.03480255
v 0.04289815 0.15268503 0.28448960
v -0.40819219 0.07393549 0.52689284
v -0.00461360 0.36490849 -0.33768269
v 0.16479614 0.04853726 0.42001295
v 0.22327189 -0.02166429 -0.40087989
v -0.13819598 -0.14651641 -0.28061858
v -0.03386648 0.31677914 -0.00778970
v 0.19457018 0.29752579 -0.22569557
v -0.23821624 0.18782216 0.60125560
v 0.21886329 0.27731779 0.86089671
v -0.04237485 0.27498677 0.15038815
v 0.23178129 0.03468884 -0.40965843
v 0.19513658 -0.03450353 0.27879354
v -0.38469097 0.13205865 0.73685586
v 0.21898848 0.06658114 0.64949018
v 0.18994455 -0.06075456 -0.43995625
v 0.11689516 -0.17602284 -0.32953951
v 0.50573689 -0.32988355 -0.55158865
v 0.54294264 -0.12265649 -0.40819895
v 0.30637065 -0.07652880 -0.27333489
v 0.10750636 0.11577410 -0.54710162
v -0.23651363 0.25559458 -0.27645367
v -0.01867296 -0.03407389 0.24102834
v -0.01698214 0.32289931 -0.44523546
v 0.29666093 0.14116266 -0.24347971
v 0.34909928 0.02881442 0.44405708
v 0.16916291 0.06351896 0.44169474
v 0.13770196 -0.30624408 -0.51804972
v -0.35190475 0.12179811 0.44110873
v 0.34910235 0.10020070 0.40836656
v 0.37015548 -0.05061525 -0.29724917
v 0.49738804 -0.24101518 -0.36113191
v -0.29604483 -0.04842893 -0.13311724
v -0.26943609 0.00483908 -0.13408664
v 0.36865321 0.01638285 -0.12540774
v 0.48313791 -0.11778172 -0.39719197
v 0.26720321 0.06288426 0.85808969
v 0.14169821 0.08021602 -0.52779186
v -0.28151786 -0.01203400 0.53885734
v -0.08551947 0.17413136 -0.53968602
v -0.44387910 -0.30706254 -0.39931935
v -0.10345428 -0.23927937 -0.60043049
v 0.35467944 0.02535225 -0.31664959
v -0.41690975 0.05825081 0.85532129
v -0.38866687 0.07423336 0.62755281
v 0.59191734 -0.15281917 -0.22780146
v -0.04222802 0.36717683 -0.27746880
v -0.32240111 0.05918164 -0.29800615
v 0.59864956 -0.24813382 -0.47293773
v -0.26747915 0.12285819 -0.36344263
v -0.16146170 -0.01437189 0.20131578
v 0.05999386 0.25656021 -0.50785619
v -0.26983419 0.03497303 -0.34005025
v -0.40072554 -0.24165697 -0.29464674
v 0.14312834 0.26235992 -0.02224161
v 0.01494173 -0.48366681 -0.25266060
v 0.06554013 -0.17238045 -0.23779453
v 0.29502407 0.12961200 0.75858843
v -0.46154171 -0.21788210 -0.17048359
v -0.25867435 0.22079632 -0.29499093
v -0.20476899 0.14094403 0.58811647
v -0.29401442 0.20851319 0.23339106
v -0.04433534 0.34227815 -0.11467712
v 0.11843073 0.32118708 -0.12028709
v 0.01544537 0.09059866 -0.56869787
v -0.18718362 0.14389651 -0.03360032
v 0.59705192 -0.27399409 -0.30130613
v 0.55159461 -0.35855919 -0.54500562
v -0.42482895 -0.17541915 -0.18500617
v 0.14221324 -0.24587514 -0.33392218
v -0.00869523 0.31566700 -0.06523225
v 0.09005824 -0.42693871 -0.26464668
v -0.05435208 -0.16184422 -0.07753335
v 0.38143662 0.11107843 0.81752759
v 0.10993441 -0.22153307 -0.55829251
v -0.41833723 0.00391189 -0.23373669
v 0.23413190 -0.07775287 -0.15596133
v -0.31049111 0.21530876 0.78152394
v 0.51975876 -0.05680998 -0.33401096
v 0.03858425 0.37166572 -0.29862419
v -0.01142803 -0.29698595 -0.44697458
v -0.02465056 0.29707187 0.05161981
v -0.13255820 0.24359399 0.20899117
v 0.18500149 0.13968427 0.48683146
v 0.11078765 -0.02099738 0.08531828
v 0.27838284 -0.08600385 -0.23261687
v 0.19820705 0.19933803 0.13608690
v -0.23891591 0.12309168 0.82316458
v -0.12370621 -0.11725680 -0.03163319
v 0.18874650 0.14374092 0.76470274
v -0.30510777 -0.02602672 0.45979917
v 0.17197491 -0.20610872 -0.55147666
v 0.00547177 0.29313859 0.34814358
v -0.09549518 0.35370198 -0.24938540
v 0.16691819 -0.01851664 -0.00533193
v -0.44085008 -0.19178423 -0.17279211
v 0.08260933 0.36146793 -0.31761506
v 0.25433344 0.10102692 0.75494677
v -0.21855816 0.01943047 0.52887529
v 0.08906665 -0.43777731 -0.26224661
v -0.16072085 0.14516623 -0.49393195
v -0.49468142 -0.10977529 -0.25684887
v 0.33252305 0.20961356 0.62674826
v 0.44383875 -0.11331107 -0.36146882
v 0.42919236 -0.17456588 -0.36579850
v -0.06253593 0.19873725 0.25159746
v 0.22885066 0.25278389 0.86158144
v -0.22609329 0.04308901 -0.07573617
v 0.05573961 0.20994812 0.26464021
v -0.18909720 0.20824125 -0.07700506
v -0.37854132 -0.08027118 -0.14778036
v -0.23760797 -0.00131008 0.56208873
v 0.51691943 -0.26967812 -0.42353842
v -0.34798557 -0.09021768 -0.14209141
v 0.32960927 0.12475605 0.86012036
v -0.34481126 -0.02671438 0.51293826
v 0.11424103 0.34670869 -0.20310540
v -0.34330729 0.18176982 0.50066680
v 0.21322423 0.11988391 0.09453411
v -0.31161413 0.03567342 0.20501235
v 0.12426154 -0.02594186 0.12981950
v 0.50547862 -0.28191948 -0.27985394
v -0.25616941 -0.06587645 -0.14919749
v 0.18137404 0.01964374 -0.00982363
v 0.39394110 0.09354094 0.84585685
v -0.37030539 -0.00721294 0.54890162
v -0.38305166 0.04435711 0.62248003
v 0.50878716 -0.23550665 -0.20550431
v -0.04318516 0.53871584 0.39540139
v 0.38538301 -0.08051816 -0.28365895
v 0.37771776 0.06495252 -0.29464880
v -0.27100527 0.20705028 0.71852112
v -0.29872319 0.02127329 0.64774287
v 0.14864932 -0.19695802 -0.38936850
v 0.41824949 0.00443019 -0.13953274
v -0.13288221 -0.21868782 -0.55008662
v 0.12267882 -0.13591835 -0.23067273
v -0.38885236 -0.04386955 -0.15413347
v -0.20830861 0.03160799 0.12841769
v 0.21973884 -0.10927119 -0.18994169
v 0.00036740 -0.10749508 -0.55371481
v -0.39889103 -0.09534658 -0.33747315
v -0.04574759 -0.34007531 -0.32615396
v -0.08488792 0.08621825 0.30715558
v -0.16616733 -0.14490598 -0.10698607
v -0.16648374 -0.09354225 -0.40272063
v 0.58128047 -0.30858135 -0.52039039
v 0.04541957 0.35238889 -0.37920880
v 0.12509425 0.03027922 0.33809650
v -0.51765269 -0.55150342 -0.41267195
v -0.19504032 0.00659385 0.15542747
v -0.39147484 0.12147795 0.64484060
v 0.32613105 -0.02227126 0.51116884
v 0.07177677 0.13048014 -0.55346811
v -0.55102783 -0.13530076 -0.29030469
v -0.12362533 -0.01443888 0.09100334
v -0.24823153 0.00425154 0.43944162
v 0.59156036 -0.06295913 -0.28250161
v -0.35116401 0.18392718 0.77012259
v -0.16299465 -0.02734929 -0.02420148
v 0.19303714 0.21760939 0.21144436
v 0.17894225 0.03831201 -0.47063345
v 0.18067083 0.04693600 -0.47371721
v -0.38841000 -0.04260327 -0.15416346
v 0.53053546 -0.32082397 -0.45511529
v 0.25182602 -0.03726961 0.41971031
v 0.22649774 0.00413831 0.18990785
v -0.40847036 0.05863074 0.85500097
v 0.51872247 -0.06124498 -0.21658954
v -0.03199130 -0.28091922 -0.23160978
v 0.27474141 0.00454142 0.54994386
v -0.20566930 0.09587175 0.50811505
v -0.23890589 0.15322524 0.86256456
v 0.16657309 -0.12542565 -0.07722156
v -0.34843102 0.04006106 0.76591516
v 0.35852504 0.09139211 0.40111703
v 0.11632750 0.25272903 -0.49058729
v 0.35142699 0.10382288 0.27834472
v -0.00413695 0.41564101 0.31441239
v 0.08439148 -0.13170624 -0.49779814
v 0.19953354 0.08417252 0.81815904
v -0.56492490 -0.31881353 -0.39772055
v -0.35088575 0.03102423 0.85856491
v 0.12807438 -0.14744006 -0.25866705
v -0.32631639 -0.04695284 -0.13043581
v 0.11926997 -0.28366622 -0.33423153
v -0.14455296 0.03518635 0.34537044
v 0.42274183 -0.12872146 -0.34539071
v -0.27861765 -0.00990254 0.48630559
v -0.20244560 0.03322888 0.57392627
v 0.13071164 -0.01601681 0.12459065
v -0.06852341 0.19218573 -0.53844035
v 0.03269925 -0.07951963 0.09600127
v 0.16482733 -0.29046106 -0.57287508
v -0.18921018 0.19939008 0.36303598
v 0.08019486 -0.07486987 0.04509668
v 0.34588325 0.08689576 0.79875410
v 0.02501526 -0.31279576 -0.43205774
v 0.37151197 -0.00081116 0.83835739
v -0.54197264 -0.55831945 -0.33187261
v 0.35831532 0.10936632 -0.25834408
v -0.31143260 0.14131568 0.18906149
v 0.04896883 0.32700786 -0.12375164
v 0.55875480 -0.40975109 -0.49353364
v 0.34053218 0.12049890 -0.24734220
v 0.19059747 -0.21577823 -0.54144102
v -0.29252553 -0.09035871 -0.14724250
v 0.33614683 0.11986076 0.50371855
v -0.18561554 -0.03420413 -0.03114813
v -0.39767978 -0.24166460 -0.27259785
v 0.14627810 0.09977577 0.60985905
v -0.17168580 0.24873543 -0.07972623
v 0.33683079 0.19166878 0.53870481
v -0.13306493 -0.26480058 -0.63291532
v -0.19260989 0.12558946 0.04950011
v -0.27776051 0.20747775 0.64020085
v -0.01993077 0.53108484 0.43118632
v 0.18567418 -0.02971332 0.32174030
v 0.28757381 0.05751712 -0.34721744
v -0.40667778 -0.10416228 0.86391121
v -0.08721358 -0.23263699 -0.58559436
v -0.38539571 0.04345106 -0.25117362
v -0.40108630 0.11830058 0.56591040
v 0.62535524 -0.25206831 -0.40582520
v 0.54984784 -0.32695353 -0.41261822
v -0.16279067 0.24894674 -0.43249416
v -0.51517093 -0.29638815 -0.20005792
v -0.18505588 -0.00528090 0.36183646
v -0.32737955 -0.01952432 0.53417695
v 0.21572430 0.11666156 0.09712574
v -0.09233667 -0.06211904 -0.53072149
v -0.39041892 0.06611574 0.62500536
v 0.56937724 -0.24903302 -0.50932431
v 0.18618931 0.24820676 0.62939858
v -0.59163588 -0.19585775 -0.34860781
v 0.04180752 -0.09420802 0.04773080
v 0.17343765 0.08232078 -0.49052051
v -0.13847049 -0.10447317 -0.03345356
v 0.26579979 0.18724318 -0.23416950
v 0.27540669 0.10622600 0.70794010
v -0.04608724 0.21335070 0.25262299
v 0.22062394 0.17455009 -0.06514806
v -0.48439765 -0.36684892 -0.33147377
v 0.17479126 0.31609777 -0.20909253
v -0.10367690 -0.02729929 0.15999795
v 0.17303097 -0.14075267 -0.11325638
v -0.15393096 -0.24076569 -0.54436594
v 0.17508204 0.08579282 0.64901763
v 0.09039516 0.15420005 0.30284354
v -0.51421177 -0.35195515 -0.22879082
v 0.20457698 0.11674231 0.06745729
v -0.27957314 0.01584028 -0.13604222
v 0.11401667 0.09247237 0.35051408
v 0.10261083 -0.30509838 -0.29493585
v -0.50903893 -0.55309051 -0.43418109
v 0.16692106 0.13300900 0.69619846
v -0.02761274 -0.07324609 0.09631878
v -0.11771288 -0.20671917 -0.53504658
v -0.19493414 0.23028319 0.30877557
v 0.12683174 -0.08955368 -0.48497325
v 0.36141804 0.07565317 0.40139869
v -0.47398853 -0.06873808 0.83316386
v -0.46680027 -0.06809889 -0.25755960
v 0.28412196 -0.07172705 0.84289706
v -0.19504216 0.04756053 0.10011107
v -0.52578115 -0.19106960 -0.37642217
v 0.51348215 -0.19525111 -0.18115076
v -0.27640936 -0.03776133 0.27262560
v 0.20155998 0.26924491 0.73309219
v 0.23367083 -0.11123104 -0.25515693
v -0.22235100 -0.04549961 -0.11081196
v -0.39103985 0.03973580 0.33473656
v -0.37592992 -0.04041277 -0.14810300
v -0.54241365 -0.28260496 -0.40952709
v -0.13593559 -0.01406966 0.14013243
v -0.29736269 0.03771504 0.69201452
v 0.01144680 -0.09058068 0.05472316
v 0.04437738 -0.14965898 -0.06928414
v 0.13373825 -0.01381124 0.24296394
v -0.29820493 0.00909947 0.21436802
v 0.22461879 -0.09703969 -0.16221574
v 0.10133559 -0.13859114 -0.48723733
v -0.37517792 0.02674909 0.85815382
v -0.52400494 -0.42784330 -0.48920214
v -0.40402666 -0.01215209 0.85378641
v 0.01568964 -0.01658872 -0.57154024
v -0.03122377 0.36779428 -0.31180844
v 0.21775432 -0.08628479 -0.09999473
v 0.14001077 -0.25862038 -0.59912497
v 0.09767387 -0.33568171 -0.36930463
v 0.00179475 -0.17088600 -0.53252435
v -0.10289925 -0.00894344 -0.53153253
v 0.21369866 0.23220851 -0.08874600
v -0.60593259 -0.28089944 -0.28074774
v 0.00166774 -0.13833833 -0.14945912
v -0.28604472 0.11492977 0.15810752
v -0.29820403 0.16202392 0.17927948
v 0.39604288 0.06229939 -0.16565780
v 0.08671816 0.31161460 -0.02564297
v -0.17137960 0.07415601 0.39784703
v 0.05221272 -0.27144197 -0.47323602
v -0.01051326 0.32539210 0.36548480
v -0.53734988 -0.21181951 -0.19681372
v -0.27350059 0.00034251 0.21076125
v 0.20818110 0.04487521 0.82929945
v -0.23040225 0.18109936 0.66351748
v 0.25795576 0.09122204 0.15383929
v -0.50853783 -0.18339056 -0.38022068
v 0.45408139 -0.11832625 -0.37676221
v 0.23403327 0.06806962 -0.07372174
v 0.31220898 0.14931056 0.71627086
v 0.25389224 0.16357055 -0.38407287
v 0.35135436 -0.01042796 0.49341381
v 0.19493774 0.11865997 0.78336442
v 0.17441769 0.08782477 -0.49525863
v 0.28107467 0.12699129 0.85707176
v -0.59147233 -0.43392071 -0.26029572
v 0.37470707 0.09781946 -0.20544851
v 0.37627867 0.06137624 0.86128837
v 0.17313428 0.04275709 0.06908303
v -0.30099836 0.02158056 0.82909369
v -0.23425454 0.23066689 0.81050712
v 0.26092887 0.11694943 0.73272002
v 0.03758038 -0.29065311 -0.20790668
v -0.39345965 -0.00054545 0.79533631
v 0.25462243 -0.00777818 0.50694555
v -0.20643845 0.22431676 -0.38266411
v -0.28517520 -0.08598047 -0.14894249
v 0.17863588 0.25833374 0.71007174
v -0.13607123 0.24418978 0.17609705
v 0.16410197 0.10376188 0.52293980
v 0.16987008 0.06047362 0.44133306
v -0.36849931 0.10261329 0.27352965
v 0.06234727 -0.07476295 -0.55710554
v 0.24224827 0.24514939 -0.18145025
v 0.18151148 -0.21853226 -0.48598412
v -0.06731080 -0.16549724 -0.08481994
v -0.06001027 0.00199072 -0.56348342
v 0.00761425 0.28311738 0.13992873
v 0.10651697 0.33145258 -0.39400294
v 0.59579778 -0.15822096 -0.39999390
v 0.24893652 -0.05787697 -0.33387017
v -0.36936617 -0.01238098 -0.32645181
v 0.18654716 0.02768496 0.43915364
v 0.21053916 -0.24023198 -0.60420012
v -0.53010589 -0.54400188 -0.33609575
v 0.09830396 0.27513677 0.11360457
v -0.11761785 -0.09634628 -0.45887962
v -0.47908407 -0.35162699 -0.40019196
v -0.33599478 -0.04883300 -0.33560503
v 0.33988005 -0.00056724 0.42272359
v 0.09478665 0.15565152 -0.54510182
v 0.24768595 0.19419424 0.20316559
v -0.11504276 -0.26953572 -0.35571641
v -0.09230018 0.34712064 -0.15510109
v 0.00139216 0.29223847 0.08119723
v -0.36728919 -0.04213610 -0.33233988
v -0.25427568 0.23037605 -0.26711121
v 0.60182077 -0.22736573 -0.25842044
v 0.03887387 0.06261949 0.28353220
v 0.39140737 -0.01136090 -0.12522894
v 0.12919314 0.33665714 -0.17752141
v -0.02644136 0.09845612 -0.57592529
v 0.09431970 0.23297241 0.24701284
v -0.11262751 0.06437352 -0.53897756
v -0.35438323 0.05389989 0.24134409
v -0.12678351 -0.17011577 -0.17200659
v -0.17395963 0.31711373 -0.20627084
v -0.19170441 0.12462233 0.04473839
v 0.17492275 -0.01705783 0.23441292
v 0.01036781 0.05643559 -0.57180351
v -0.51656854 -0.22289744 -0.39858952
v -0.23526101 0.22684810 -0.34248075
v 0.16176927 0.30590150 -0.14552186
v 0.02154076 0.35307574 -0.38390321
v -0.03594400 0.28562057 0.25141111
v 0.10108458 -0.03334887 -0.54135221
v -0.14731567 -0.31784418 -0.63133878
v -0.60886121 -0.43993270 -0.28390318
v -0.33758768 0.19723286 0.51964509
v 0.04154785 0.36361921 -0.19103090
v -0.02756010 -0.39281943 -0.30843115
v -0.32463700 0.07699969 -0.18357599
v 0.18514830 0.01370860 -0.44095227
v -0.04102137 -0.27104136 -0.24575263
v -0.46393770 -0.33109963 -0.27689150
v -0.15156233 0.23551112 -0.45177418
v -0.26980349 0.11126497 -0.17956358
v 0.40663400 -0.04217197 -0.12785441
v -0.52543271 0.03353833 0.84614938
v 0.19960243 0.25758520 -0.40803415
v -0.05423779 -0.41339236 -0.26090091
v 0.14271782 0.14165546 0.64153779
v -0.27746922 0.13186383 -0.24263914
v 0.16898531 0.15796158 0.80706722
v 0.49222451 -0.05063647 -0.32561877
v 0.17287442 -0.09090151 -0.04390787
v -0.31269062 0.18377307 0.33428979
v -0.30638629 0.08893768 -0.27290767
v -0.50500804 -0.23605229 -0.17997168
v 0.06287096 0.14126238 0.29526991
v 0.30744427 0.12778534 0.70686710
v -0.26119441 0.12020791 -0.13999531
v 0.47337821 0.01552322 -0.20882230
v 0.19317886 0.23615247 -0.43867871
v -0.08356631 -0.01256462 0.21764734
v 0.18023603 0.07446971 -0.48372635
v 0.22440863 -0.04229088 0.31613380
v -0.28594360 0.12555639 -0.30807322
v 0.09167644 -0.08455779 0.02463589
v -0.55810332 -0.13671400 -0.31485763
v 0.19370562 -0.24740618 -0.56754386
v -0.31483439 0.04701477 0.70344353
v -0.32489491 0.01666140 -0.13471580
v 0.22940291 0.05661338 0.78143066
v -0.17172821 -0.28782862 -0.63995004
v 0.26349792 0.01609432 0.80064839
v -0.18773080 0.17387483 0.06585936
v 0.14813906 -0.23746914 -0.50278133
v 0.09800494 0.31890655 -0.08940431
v 0.16001613 0.21742655 0.11258895
v 0.29663584 -0.05715702 -0.29321706
v 0.58023995 -0.35094723 -0.51276737
v 0.61642128 -0.37057471 -0.45996869
v -0.23866904 0.13010518 -0.09381689
v 0.25013250 0.18748729 -0.38748860
v -0.18312414 -0.31773752 -0.64164937
v -0.60327482 -0.39272606 -0.34606659
v 0.54491138 -0.33473405 -0.44999763
v 0.05433075 0.36600232 -0.20373143
v 0.11163432 -0.11815127 -0.02162910
v -0.03204609 0.09733671 0.27382421
v 0.16496879 0.16802238 0.79246497
v 0.33706629 -0.00920053 0.51567376
v 0.10904016 -0.28784958 -0.53376532
v -0.01327076 0.27852014 0.18404000
v 0.17252630 0.06412721 0.60583419
v -0.60574126 -0.46903610 -0.28647521
v 0.42618412 -0.03639678 -0.30443630
v -0.04327230 0.35526955 -0.16003215
v -0.00917611 -0.38553774 -0.31905884
v 0.00725184 0.30686373 -0.04236458
v 0.00189376 -0.15063524 -0.53192288
v 0.35476634 0.03300325 -0.12353016
v 0.11832514 0.32993791 -0.38537157
v 0.01304055 0.35796741 0.37734681
v 0.11275111 0.27552244 0.09897035
v 0.47152939 -0.21491770 -0.30301899
v -0.05662825 0.18470941 0.26720905
v -0.24747507 -0.10187235 -0.17859495
v -0.45762560 -0.22576895 -0.39531362
v -0.12817095 0.09888481 0.37796366
v -0.39227322 -0.01250992 -0.16010439
v -0.17596056 0.19092712 -0.01250412
v -0.15665366 0.29622811 -0.09214377
v 0.23065498 0.19631271 0.85653621
v -0.08181385 0.03059655 0.26747876
v -0.23426019 -0.03121570 0.23826037
v 0.52618349 -0.41538319 -0.54339433
v 0.16647105 0.08619037 0.53149545
v 0.18796882 0.27828401 -0.37521479
v -0.33451885 -0.12221405 -0.31647658
v 0.22994861 0.17968005 0.48123896
v 0.21535984 0.11034286 0.85968906
v 0.05629247 0.23251222 0.26435080
v -0.05858379 -0.14569063 -0.18564346
v 0.19532409 0.08178753 0.66259676
v -0.06748457 0.03229336 -0.55751377
v -0.11172025 -0.30169606 -0.61625075
v 0.37901980 0.09492889 -0.21550211
v 0.57445806 -0.37543711 -0.41881043
v -0.04053328 0.36501011 -0.31969726
v -0.50459307 -0.51620990 -0.41660306
v 0.26012185 0.20400293 -0.31904894
v -0.01364469 -0.26474628 -0.21433643
v 0.18059376 0.16117740 0.42375517
v -0.22698078 -0.12972994 -0.31059739
v -0.30178475 0.20532829 0.24557596
v -0.23059224 0.14189391 0.77221119
v 0.10176890 -0.34319955 -0.26633263
v -0.14084263 -0.22547373 -0.55656099
v -0.03595705 0.55521405 0.42674720
v 0.12403449 0.27866253 0.05210885
v 0.51026309 -0.28610688 -0.51713407
v -0.37782338 0.01962121 0.77681935
v 0.57602012 -0.10708278 -0.21349381
v 0.25833294 0.17386474 0.43186477
v 0.20585814 0.27120742 0.77263111
v 0.16669641 0.22012003 0.76243317
v 0.14829633 0.18763974 0.65552324
v 0.21116470 0.05814714 0.63207269
v 0.06872649 0.05126092 0.29303151
v -0.38539368 0.04219053 -0.20076329
v 0.43973526 0.04203153 -0.23484147
v 0.06908738 0.30011046 -0.05953055
v -0.29077014 0.19067688 0.52177387
v 0.17790662 -0.25615531 -0.62334388
v -0.11744767 -0.22506540 -0.58762407
v -0.02409385 0.48190153 0.33747855
v 0.35853180 0.01256714 0.45500311
v -0.00473529 0.28716791 0.20649315
v -0.27308911 -0.04413734 -0.33316430
v -0.24041584 0.23475744 -0.31013629
v 0.14024620 -0.25085655 -0.32688987
v 0.00412905 0.30120799 0.00665232
v 0.04727583 -0.07025559 0.11265206
v 0.16100582 0.08099722 0.54421741
v -0.19297501 0.06163033 0.59758645
v -0.39572352 -0.04201553 -0.15632035
v -0.12715860 -0.05501993 -0.49667183
v -0.39245439 0.10920938 0.48315543
v 0.29458651 0.13272636 0.75681317
v 0.34953406 0.02334568 0.30409989
v 0.06078565 0.02803285 -0.55807757
v -0.11915470 -0.12207242 -0.45323357
v 0.21048215 -0.22874929 -0.55771750
v 0.61030853 -0.27208087 -0.32758501
v -0.15749393 -0.02079709 -0.01787758
v -0.19280390 -0.12487654 -0.11543680
v 0.46379232 -0.19863559 -0.34455973
v 0.13175735 -0.04724382 -0.50876313
v -0.04192241 -0.41329870 -0.29765964
v 0.24479330 0.22892208 0.26111022
v -0.15876868 0.23790225 0.25781074
v -0.05496987 -0.04409321 0.15568614
v 0.08985909 -0.25043401 -0.28929216
v 0.30380133 0.20079319 0.75174356
v -0.40169385 0.05530901 0.57375813
v 0.15586524 0.25056511 0.06490575
v -0.15553150 0.20425178 0.33723450
v 0.38033918 0.09670158 0.81269276
v -0.00705612 0.36528277 -0.33698884
v -0.10535879 0.16460969 0.33064821
v -0.14862181 -0.17652668 -0.36804596
v -0.22320414 -0.02526734 0.38718495
v -0.03984101 0.26104867 -0.50935888
v -0.29628706 -0.12862706 -0.29354072
v -0.04705906 0.31789663 -0.44342592
v 0.09816978 0.35052875 -0.18871421
v 0.15138146 -0.10925198 -0.03691590
v 0.02907357 -0.11707164 -0.00620553
v -0.34588903 0.07956358 -0.21580759
v 0.16775835 -0.01738260 0.18582833
v -0.14567994 -0.16717848 -0.14977886
v -0.13609058 -0.14976396 -0.24702270
v -0.27905396 0.18368936 0.51311719
v -0.22386381 -0.13343157 -0.30841875
v 0.13184544 0.34765095 -0.22190100
v 0.12754650 -0.06569142 0.00346582
v -0.03476711 -0.16305193 -0.13950248
v 0.65026593 -0.31459197 -0.38252291
v -0.13179241 -0.09946540 -0.44399297
v 0.29307541 0.21161225 0.76301605
v -0.09010157 -0.27232489 -0.50849831
v -0.34254754 0.06632383 0.73054010
v 0.20932545 0.18731728 0.14084694
v -0.02166548 -0.14169222 -0.06594982
v -0.01911023 0.27581242 -0.50095606
v 0.43039760 -0.10914298 -0.34703851
v -0.21157001 0.17155629 0.82726860
v 0.27075708 0.05782669 -0.11440533
v -0.22866310 0.17549926 0.58761942
v 0.14435337 0.05416987 0.38681266
v -0.32215410 -0.04430045 0.34147024
v 0.15121904 0.15600103 0.55759680
v -0.00869670 0.37168020 -0.28963307
v 0.15906365 0.31421918 -0.36165202
v 0.12513714 -0.17854685 -0.50135034
v 0.00796424 -0.13930140 -0.53437871
v -0.35682863 0.17421502 0.72454733
v -0.00667875 -0.10840131 0.03468166
v -0.38261786 0.03740438 -0.19094424
v -0.22428280 0.19041847 0.38360646
v -0.30575550 0.08790382 -0.18308449
v 0.01239605 -0.05549648 0.18857339
v -0.57320571 -0.39518487 -0.44260758
v -0.13959669 -0.13316062 -0.05865395
v -0.04184924 0.40988198 0.34442231
v 0.29473370 -0.08029275 -0.24847968
v 0.02221727 0.35715315 -0.15961203
v -0.46260083 -0.06480807 0.84586841
v -0.13080840 -0.19672447 -0.39868763
v 0.32794771 0.21755484 0.62789279
v -0.23696803 0.03363456 -0.09979565
v 0.64277780 -0.18594414 -0.31400836
v 0.21341339 -0.11091656 -0.13118599
v -0.34365830 -0.17053996 -0.23037720
v 0.03979876 0.36260816 -0.18884549
v 0.08854843 0.33672515 -0.11245776
v 0.28608167 0.14777696 -0.21701652
v -0.58982205 -0.32438487 -0.27227274
v -0.38388345 0.04034913 -0.26539174
v -0.40253240 -0.08813117 0.82736927
v 0.13266195 0.29198757 -0.44170147
v -0.21506523 0.14879721 0.71013814
v -0.46115953 0.02688688 0.85264355
v 0.17500870 -0.08567055 -0.04226897
v 0.54574841 -0.07789054 -0.21628159
v -0.12840119 0.14058471 0.37025389
v -0.46993718 -0.34516683 -0.29809922
v 0.06715372 -0.35236686 -0.37443161
v 0.24110799 0.09218599 0.76037014
v -0.60170853 -0.46561018 -0.33032495
v -0.09185196 0.29881504 -0.06887667
v -0.24970604 0.05400716 0.69086832
v -0.50533372 -0.43869239 -0.39582422
v 0.22511180 0.06014886 0.63277113
v -0.23855858 0.19746329 -0.12922609
v 0.25673330 0.18884236 0.37615466
v -0.32593042 -0.05975366 -0.13432348
v 0.30931836 -0.06600602 -0.13821688
v -0.25048470 0.03781300 0.66807038
v 0.34341952 -0.00944779 0.35958478
v -0.27222356 0.05843612 -0.32299936
v 0.02840433 0.29414558 0.34177041
v 0.54582405 -0.22611007 -0.50213325
v 0.20151991 0.02285823 -0.01657763
v 0.03993980 -0.42195722 -0.31168610
v -0.16757935 -0.33105332 -0.62521082
v -0.27867749 0.20016587 0.86032999
v -0.43347874 -0.02784204 0.81098354
v -0.32520470 0.20454055 0.77533406
v 0.23461743 -0.04102881 0.30710292
v 0.24595222 -0.09246260 -0.22110486
v -0.01852316 0.36352026 -0.16319066
v -0.41539487 -0.26209393 -0.28465158
v 0.11416910 0.31140929 -0.42036286
v -0.04038371 0.43424997 0.36945796
v 0.36071378 0.08424149 0.37779880
v -0.23349422 0.07179194 0.12999719
v -0.43577018 -0.05834601 -0.16929118
v -0.11364742 -0.03109281 0.12317917
v -0.06524867 -0.18871987 -0.25863093
v -0.46009931 -0.22789672 -0.17364189
v -0.08836877 -0.24804264 -0.48755610
v -0.13563894 0.02916585 -0.49637914
v 0.23644292 -0.11297898 -0.27959996
v -0.36650819 -0.02078990 -0.33002260
v 0.48208869 -0.22177176 -0.36171857
v 0.28947717 -0.08331110 -0.23776598
v -0.51453817 -0.54209346 -0.40295628
v 0.17610179 0.23670232 0.85698801
v -0.08984040 -0.27752751 -0.50798488
v 0.19883753 0.16286430 0.48396030
v -0.24738143 -0.08275950 -0.15545762
v 0.44153959 -0.17351064 -0.29923669
v -0.24827495 0.19495189 0.61470169
v 0.62366879 -0.36661524 -0.35962507
v 0.27246681 -0.04465697 0.39043429
v 0.02547235 -0.24337113 -0.50236249
v 0.34972790 0.15207398 0.58141780
v 0.26696688 0.06108701 0.64927816
v 0.01298269 0.30132031 0.06604222
v -0.07245462 0.05961691 -0.56258881
v -0.08564458 0.32624710 -0.09318938
v 0.21127994 0.24266158 -0.40702561
v 0.18015635 0.25610200 0.73886317
v -0.07217071 0.04860502 -0.55961955
v 0.19145191 0.00241238 0.14570667
v -0.12853895 0.21294521 0.29770198
v 0.30992046 -0.00016542 -0.12149168
v -0.44496697 -0.03835600 0.81192142
v 0.30143574 0.00976659 0.83100271
v -0.11316997 0.29596919 -0.41963512
v 0.40677875 -0.15963963 -0.30402386
v -0.06422994 -0.24484345 -0.56870830
v -0.39135474 0.03821447 0.35278252
v 0.06453110 0.30103269 -0.46944684
v -0.37830308 0.08343382 0.29148465
v -0.01349598 0.21242934 -0.54103881
v -0.48585066 -0.36844194 -0.33023781
v 0.11395434 -0.01833870 -0.53190160
v 0.35416487 -0.02540199 0.82189029
v -0.22209415 -0.02750639 0.36847478
v -0.05195093 0.06559777 0.27672637
v 0.48872748 -0.05959640 -0.18141760
v 0.26818410 0.02454035 0.60383809
v -0.33912510 0.05651346 0.85788727
v 0.19813791 -0.12440749 -0.21213444
v 0.11410266 -0.06082412 0.00874416
v -0.40303507 0.14030230 0.78464305
v -0.22520036 -0.11279856 -0.33462662
v -0.50177795 -0.27136731 -0.18788603
v 0.46741539 0.00011540 -0.19669440
v 0.12117506 0.08692415 0.36161703
v 0.14893699 0.18871680 0.65864027
v 0.10319248 0.04432487 0.31164053
v -0.50172871 -0.43277708 -0.40815291
v -0.49411535 -0.40294454 -0.39256507
v 0.51398790 -0.25378835 -0.22733913
v -0.50533289 -0.55485755 -0.41064015
v 0.55190808 -0.12699188 -0.40890145
v -0.33949566 0.13234393 0.45068032
v 0.21836738 -0.10958032 -0.20444767
v 0.22587363 0.21557339 -0.10083119
v 0.02156934 -0.11606757 0.00181052
v -0.37942246 0.07020699 0.67005199
v -0.06350263 -0.37811568 -0.29608613
v -0.51307231 -0.35557592 -0.23195958
v 0.13467962 -0.13710682 -0.34227389
v 0.22254516 -0.10373063 -0.17214525
v -0.30131286 -0.01984892 -0.12903000
v 0.30824190 -0.07524873 -0.16439164
v 0.53362054 -0.32858968 -0.51762140
v -0.32205817 -0.04462020 0.35911959
v 0.23379007 0.27291095 0.72705406
v -0.04458977 -0.05486494 0.15084994
v -0.00422169 -0.38950625 -0.21839233
v 0.41420940 -0.10689697 -0.31644073
v -0.27646777 0.18341818 -0.28288108
v 0.61767548 -0.23000197 -0.38636622
v -0.29337087 -0.01733428 0.48891392
v -0.14316463 -0.15479745 -0.09621777
v -0.23359841 0.17965597 0.39629281
v 0.49986792 -0.24811864 -0.28836617
v -0.47379449 -0.28463045 -0.18978204
v 0.15832013 -0.01260014 -0.48366910
v -0.30241227 0.01091691 0.60995477
v 0.28502911 0.13123451 0.73678017
v -0.02760322 0.24142911 0.27850792
v 0.32655144 -0.02296379 0.40803829
v -0.23940162 0.24443144 -0.26784647
v -0.00109834 0.30995148 0.03815591
v 0.32708165 0.08599865 -0.30692959
v 0.60640746 -0.10680029 -0.23739241
v 0.16834603 -0.12949999 -0.23051457
v 0.33651611 0.05120926 0.24628913
v -0.25340503 0.13817675 -0.11284670
v 0.30666161 0.23431176 0.57149208
v 0.24659717 -0.00624143 0.21472621
v 0.30242327 0.24101800 0.68822211
v 0.47113991 -0.00477414 -0.20710389
v 0.28719008 0.08744862 -0.33954328
v 0.10421315 -0.13936526 -0.21867901
v -0.04146813 0.06440703 -0.57428926
v -0.14427683 -0.25327471 -0.62523025
v -0.12566410 -0.03016678 0.02456816
v -0.16582115 0.21484263 0.32840008
v -0.41947308 -0.16645904 -0.18259150
v 0.31679493 0.07041569 0.20876457
v 0.13202842 0.02107028 0.34731612
v -0.18689112 -0.02388509 -0.02922922
v -0.22024493 0.08581356 -0.43347490
v -0.27912837 -0.11936288 -0.25991955
v 0.34417066 0.00876957 -0.11856811
v 0.34833071 0.15966004 0.60725319
v 0.55950111 -0.26795396 -0.25462601
v -0.20136829 0.22627075 0.19768025
v -0.32908770 0.02621145 0.64665186
v 0.18292114 0.26743743 -0.39835677
v 0.07260872 -0.43145147 -0.29010284
v -0.40828362 -0.26908302 -0.33849853
v 0.02938531 0.43094230 0.35768715
v 0.28039020 -0.04299664 -0.13518722
v -0.07424184 0.35952637 -0.20261812
v -0.56858975 -0.41991001 -0.44043767
v 0.60110754 -0.07989615 -0.25233588
v -0.10638253 0.21101576 0.27690101
v -0.20061786 0.29733703 -0.27697390
v -0.04674480 -0.40047589 -0.24679644
v 0.32226342 0.04333495 0.58569676
v -0.36369818 -0.17098002 -0.30052555
v -0.12452639 -0.16728070 -0.11201344
v 0.14758830 0.09756720 0.61061770
v 0.15950769 0.06996200 0.42553577
v 0.47665781 -0.21668629 -0.41006094
v 0.47743493 -0.10262683 -0.38108957
v 0.02463965 -0.10248856 -0.55702209
v -0.20353706 -0.00175961 0.37901995
v 0.46619600 -0.02291675 -0.28764805
v 0.04479833 0.23528622 -0.52371943
v 0.51480669 -0.03820634 -0.30447379
v 0.10244036 -0.28277397 -0.52306050
v -0.04609168 -0.27619913 -0.25320810
v 0.00065011 -0.01257313 -0.57275569
v 0.26632658 0.21626735 0.27465451
v -0.57859766 -0.35360253 -0.40902644
v -0.50978136 -0.23770292 -0.40578389
v -0.53781694 -0.47734854 -0.30118969
v -0.39665329 -0.21287121 -0.19995287
v 0.55443579 -0.16223268 -0.19028693
v 0.44903004 -0.18689035 -0.27859861
v 0.25060385 0.23407343 -0.23246008
v 0.61394846 -0.08918690 -0.27779537
v -0.14788993 0.01416243 0.07175559
v 0.42245522 -0.12428946 -0.34499207
v 0.27715150 0.09633357 -0.13497999
v -0.10950192 0.34993458 -0.27699864
v 0.21602641 0.04228683 0.60031223
v 0.25386864 0.21773531 0.24542865
v -0.18612131 0.03147832 -0.02795558
v 0.54436147 -0.20188329 -0.45519376
v 0.34733009 -0.00219007 0.34567389
v 0.19401604 0.23165572 0.27986369
v 0.17775238 -0.12900493 -0.38643736
v 0.11083205 -0.29341847 -0.39387190
v -0.02817232 0.36662832 -0.19645438
v -0.12238243 0.26299235 -0.45797449
v 0.18705852 0.26264811 0.69383383
v 0.20285015 -0.01745981 0.22147283
v -0.43460777 -0.27854720 -0.24733733
v -0.01289366 -0.07787184 0.11919170
v 0.07977834 -0.03898647 0.13809721
v 0.24953304 0.11387870 0.74737746
v -0.32078090 0.18720141 0.24078356
v 0.30453366 0.23413798 0.56467390
v 0.32079217 0.01216819 0.25833464
v -0.01474985 -0.03444153 -0.56612146
v 0.38758296 0.06131929 0.86407804
v 0.18081795 0.07100021 0.63462472
v 0.17583579 0.04626219 0.07235121
v 0.02257353 0.05473832 0.27173078
v 0.20598798 -0.30701891 -0.61321461
v -0.35891953 0.13862911 0.29449576
v -0.05842983 -0.25416654 -0.27557287
v 0.62057072 -0.35475084 -0.35461590
v 0.17779389 0.09734278 -0.49510592
v 0.23197664 0.01746412 -0.40850228
v -0.33553204 0.19134165 0.86006898
v -0.24001300 0.06700100 -0.09591379
v 0.16675496 0.19647361 0.73966950
v 0.03951753 -0.29920268 -0.20284814
v 0.62606400 -0.35168609 -0.42950195
v 0.15033948 0.06759843 -0.51992750
v -0.10091276 -0.10324477 -0.01184823
v 0.17922172 0.26645154 -0.40856516
v -0.43448448 -0.01938654 0.85608071
v 0.14912568 -0.23001562 -0.45776945
v 0.04934543 -0.13503288 -0.51970303
v 0.15721123 0.12647247 0.42036569
v 0.15534699 -0.03121510 -0.49040544
v -0.41329288 0.00152484 -0.20310509
v -0.17481858 -0.14970076 -0.29063061
v 0.32358703 0.12001412 0.66223341
v 0.29132789 0.00395651 0.55368423
v -0.09345146 -0.28930372 -0.37589207
v -0.22312738 0.21522658 0.33965713
v -0.49644560 -0.37859064 -0.32099104
v -0.08008244 0.27149877 -0.47894308
v -0.25609055 0.13336809 0.44467986
v 0.49995685 -0.12090759 -0.17216034
v 0.30337891 0.19029658 0.50454199
v 0.42466429 0.04593337 -0.19306579
v 0.16449566 -0.31252837 -0.56695485
v -0.17787522 -0.00038501 -0.01573798
v -0.40129402 -0.17637737 -0.35119298
v -0.20463631 0.12090497 -0.05779704
v -0.14502227 0.27334493 -0.07664599
v -0.19178842 0.10691413 0.04646466
v 0.12912126 -0.29094455 -0.51328146
v 0.53530669 -0.17192970 -0.43214628
v -0.17767310 0.19073050 -0.00985280
v 0.10834810 -0.02335914 0.08758145
v -0.12617950 -0.02090241 0.15083104
v 0.07362358 -0.06764045 -0.55573004
v 0.59412920 -0.32955801 -0.50283355
v -0.23760602 -0.03737167 -0.38101664
v 0.60303241 -0.44280118 -0.44183186
v 0.09877153 -0.27560616 -0.50333339
v 0.32882699 -0.01099550 0.82046521
v 0.14899956 -0.04519789 0.00032631
v -0.34623957 0.14364158 0.24985979
v 0.53397554 -0.31447396 -0.44222856
v -0.36995146 0.08553921 0.27626824
v 0.56557256 -0.15763469 -0.42200658
v 0.22890846 -0.08815903 -0.34032083
v 0.18012738 0.26781425 -0.09787783
v 0.59931374 -0.13693029 -0.22991453
v 0.01242968 0.32920370 0.26224065
v 0.26843238 0.20226420 -0.28746501
v -0.49998856 -0.38611650 -0.32275000
v 0.24548140 0.17149061 0.18904665
v 0.43019354 0.04594781 -0.22588396
v 0.02461419 -0.28597325 -0.46730000
v -0.04875527 0.53012490 0.40689939
v -0.29285708 0.07210127 -0.30229157
v 0.17989264 0.21601337 0.00933498
v 0.09777721 -0.27407521 -0.51371819
v -0.08268696 0.35913241 -0.27501389
v -0.13813899 0.06820827 -0.51892078
v -0.47350058 0.06793210 0.86062312
v 0.12519068 0.28418779 -0.45878524
v -0.26564503 0.16115527 -0.34554231
v -0.19255075 0.03883219 -0.42848685
v 0.00814071 0.38974902 0.30521116
v 0.26778841 0.20455186 -0.28675699
v 0.32321131 0.03639168 0.79160261
v -0.33300385 0.02925220 0.77460659
v 0.30649886 0.17085972 0.36982229
v -0.20359498 0.01022262 0.16234210
v 0.21598907 0.09896368 0.86132520
v -0.27358693 0.13371938 -0.34750825
v -0.23254071 0.25022480 -0.31417412
v 0.00191850 -0.30380058 -0.19480738
v -0.15859519 -0.16583335 -0.31714723
v 0.17712089 0.21379957 0.05637897
v 0.29909530 0.18945447 0.26564193
v 0.10749324 0.07953806 -0.54854286
v 0.04185952 -0.34833589 -0.37228137
v 0.06461950 0.25467548 0.20316450
v 0.07312968 0.34846377 -0.15447475
v 0.41347229 -0.15487625 -0.34044540
v -0.26300481 0.21576641 -0.28177324
v 0.19924343 -0.04979224 -0.43638241
v 0.22418712 0.23628573 0.55328268
v 0.62307221 -0.25213322 -0.32670370
v 0.19490369 0.08172443 -0.47440860
v 0.59613299 -0.43992630 -0.41701251
v 0.06296640 -0.27072215 -0.47308537
v 0.22195186 -0.10145900 -0.23177390
v -0.05271643 -0.01941608 -0.56545752
v 0.10525161 -0.33091232 -0.28410670
v 0.16737051 0.22984047 -0.02585459
v 0.02577017 0.30612716 0.24515274
v 0.50686377 -0.25280532 -0.49711052
v -0.26720187 -0.06966951 -0.32110041
v 0.26337710 -0.02980960 -0.12849985
v 0.35139123 0.07219185 0.53201401
v 0.28471059 -0.00044594 0.52868372
v 0.06345747 -0.14916542 -0.16978939
v -0.23994344 0.19578579 -0.13091269
v 0.15425512 -0.03404506 -0.00121483
v -0.15276374 0.24005011 0.13577054
v -0.19868954 -0.11607257 -0.36302793
v 0.17469969 -0.08496047 -0.04106977
v 0.39815909 0.02580566 -0.29777846
v -0.05595529 -0.39863521 -0.25969309
v -0.08585744 -0.18087405 -0.49723956
v 0.11469304 0.01187353 -0.53661984
v -0.21346782 0.21219082 0.34953958
v 0.07149567 0.30002394 -0.06168609
v -0.23944664 0.22747463 -0.19641925
v 0.51836008 -0.30582672 -0.51516074
v -0.57652122 -0.41411343 -0.25890690
v -0.20819059 0.07772791 -0.44375914
v -0.06775481 0.30167559 -0.00538679
v -0.02060338 0.08743640 0.26706353
v -0.36332440 0.04062403 -0.29802716
v -0.02055890 -0.36192420 -0.34375173
v 0.24038614 0.10564765 0.14632969
v 0.15873662 0.01580309 0.38500831
v -0.52642632 -0.36521077 -0.25531560
v -0.30937737 0.03823178 0.77843142
v 0.01003871 0.31735021 -0.46090260
v -0.16631390 -0.28599206 -0.58748460
v -0.09596411 0.00912590 -0.53186017
v 0.20993257 0.28627482 -0.28484640
v 0.39293277 -0.11733656 -0.26579106
v -0.52539265 0.00594731 0.83023423
v 0.18951663 0.19872718 0.00818739
v 0.35075951 -0.00071136 0.86519009
v -0.14318033 0.00105723 0.09751081
v -0.03048459 0.29831120 0.05768034
v -0.13579646 -0.16873515 -0.17054582
v 0.22067448 0.26905030 0.77293682
v -0.17463592 0.31846994 -0.23478007
v 0.23634140 0.02820078 0.86204308
v -0.23847198 0.15749891 -0.40078163
v 0.26559162 0.21382478 -0.24020030
v -0.56991261 -0.48657206 -0.40755594
v -0.35572684 0.01798419 0.62409347
v -0.08652626 0.18689851 -0.53393346
v 0.02500612 0.08270888 -0.57052064
v -0.18649478 0.30124649 -0.18759276
v 0.10471746 0.15094645 -0.54176933
v 0.00798443 0.20352156 -0.54671806
v -0.22409789 0.20606643 -0.38829374
v 0.34892651 0.16169459 0.59745282
v -0.02500176 -0.07333391 0.10162149
v -0.04111701 0.27995014 0.27863523
v -0.05370374 -0.27284670 -0.26743358
v -0.02085710 -0.42256489 -0.29965305
v -0.51931196 0.01127606 0.82290739
v 0.29461432 0.25266853 0.68431449
v -0.09458949 -0.02935406 0.15589514
v 0.21872701 0.19617559 0.38363802
v 0.01071400 0.27607939 0.33088592
v -0.28031555 0.20268151 0.33510548
v 0.16103178 -0.07827830 -0.44925216
v -0.28402075 -0.11899053 -0.29243195
v -0.13256072 -0.24422161 -0.50374842
v 0.19663531 0.00269995 0.15984671
v -0.47294483 0.03134628 0.81584746
v -0.08577292 -0.04627381 -0.54049307
v -0.01596282 -0.06533659 0.14843634
v 0.20742695 -0.04736859 -0.06068691
v -0.19028662 -0.02152218 0.34919044
v 0.27130404 0.08735915 -0.12800716
v -0.41214147 -0.23031728 -0.18944928
v -0.23310585 -0.11635329 -0.21734597
v 0.26338619 0.16143651 -0.18477266
v 0.59583807 -0.29976630 -0.50417119
v -0.37616158 0.00618230 0.86263651
v 0.02454104 0.37073708 -0.23334746
v 0.15046655 -0.22375414 -0.59010029
v 0.34780803 0.14099810 0.53265870
v -0.33665714 0.06619687 -0.17222205
v -0.30285236 0.00643850 0.60110247
v -0.05237188 -0.01110042 -0.56604993
v 0.07979717 -0.27634653 -0.44952068
v 0.08657014 0.25485501 -0.50307882
v -0.01011315 -0.25441700 -0.48716307
v -0.21326849 0.13730784 -0.07341155
v 0.10997201 0.08492744 -0.54533088
v -0.34677559 0.14622860 0.36845526
v 0.25531927 0.04330002 -0.39232031
v -0.13489357 0.32891822 -0.33520037
v 0.06841712 0.31215572 0.00257954
v 0.47131300 0.00226001 -0.21189792
v -0.27722424 -0.12252120 -0.25131541
v 0.00600999 -0.41439658 -0.21961747
v -0.53871989 -0.36028591 -0.25417525
v 0.18375722 0.06090700 0.47914317
v -0.48693669 -0.35816625 -0.23352398
v -0.35903215 -0.01014508 0.30118525
v -0.18775013 0.04549693 0.40004343
v 0.21123299 0.27869657 0.71986175
v 0.47903830 -0.01066594 -0.21671991
v -0.26785341 0.11142407 -0.17077586
v 0.59139597 -0.29893884 -0.32669982
v -0.06785629 0.35511121 -0.16717845
v 0.28015119 0.20293804 0.86238128
v 0.05158104 -0.08242089 0.07804359
v -0.39723882 0.14076424 0.61106598
v -0.57391638 -0.30779770 -0.23251973
v 0.20599580 -0.01040004 0.20264241
v -0.58047241 -0.17624764 -0.34486973
v 0.19178715 -0.08739174 -0.37772065
v 0.26764318 0.20361923 -0.29071468
v -0.15833500 0.00438522 0.00395622
v -0.11869073 0.25047424 0.13639626
v 0.57427669 -0.19337142 -0.42164350
v 0.23174438 0.04439035 0.78044045
v 0.26757318 0.13007514 -0.37799194
v 0.55478728 -0.14613719 -0.42292899
v 0.24150334 -0.03235548 -0.11523294
v -0.48475441 -0.12887159 -0.20552444
v 0.12996684 -0.17742291 -0.48081318
v -0.16038470 -0.15691411 -0.12892002
v 0.16656540 -0.01704849 0.20779815
v -0.17243998 -0.14423852 -0.26069254
v -0.21751665 0.22408000 -0.09378041
v 0.25225273 0.12855637 -0.40736705
v 0.00267027 0.00227334 0.27312258
v -0.58315051 -0.48446155 -0.37203929
v -0.30657241 0.14335838 0.17706704
v 0.23728248 -0.10633485 -0.29893798
v 0.18021816 -0.00636930 -0.02166106
v -0.16468212 0.21921109 0.07014538
v 0.22589545 -0.02456075 0.23272753
v -0.00124427 -0.39556020 -0.32765350
v 0.18193278 0.13137175 0.82935840
v 0.21043426 0.03863280 0.82700807
v 0.28795534 0.06573379 0.65783614
v 0.25609007 0.16870902 -0.37960228
v 0.17472334 0.30483571 -0.16265854
v 0.19745579 0.06318948 0.09110751
v -0.04252481 -0.01350596 0.23862444
v 0.54810482 -0.19472027 -0.19284438
v -0.41272354 -0.23808222 -0.19126889
v -0.03644443 0.28545386 0.25264370
v 0.33811268 0.20068441 0.61592382
v 0.28064299 0.16475850 0.85744816
v 0.27281764 -0.00391394 0.22964777
v 0.00753397 0.13019353 0.25492999
v -0.22318906 0.07089999 0.68385768
v 0.22385630 0.16586453 -0.43261978
v 0.14051370 0.13162504 0.39189607
v 0.55821532 -0.40394780 -0.46989682
v 0.23758581 -0.02751550 -0.10382644
v -0.29625523 0.20681617 0.57073718
v 0.36702111 0.03608374 0.39207467
v -0.00885582 0.54318839 0.41644219
v 0.33191535 0.11027297 0.46089238
v -0.16753121 0.21424626 -0.01273694
v 0.00561836 -0.36748412 -0.35642317
v -0.38872200 -0.03937661 0.44671845
v 0.12034328 -0.26102901 -0.39643106
v 0.00252069 -0.45842582 -0.29358861
v -0.17416091 0.28231561 -0.12754610
v 0.37819004 -0.11205622 -0.22666383
v 0.55283403 -0.30091801 -0.33968040
v -0.23915964 0.22852652 0.30797112
v 0.34900543 0.09669773 0.54833144
v 0.57485992 -0.05204449 -0.27538505
v 0.34228799 0.08856628 0.48172313
v -0.33020845 -0.02923533 0.83609372
v 0.17160034 0.12633087 0.44260266
v -0.41113439 0.08530693 0.50931793
v -0.20574971 -0.09261377 -0.09959694
v 0.22213724 -0.00332527 0.19571225
v -0.00772937 -0.13975830 -0.53527850
v 0.35703662 0.10150947 0.33835262
v 0.29422095 0.01277347 0.84410954
v 0.18519802 0.26523337 -0.07554083
v 0.49756244 -0.05310766 -0.20060338
v -0.22845763 0.16443558 0.41221628
v 0.20648947 0.21697521 0.22334515
v -0.43689930 0.03726988 0.79534507
v 0.34579381 -0.00189332 0.34022751
v 0.12127373 0.16367941 0.33159360
v -0.36772943 -0.07173052 -0.33572027
v -0.31255674 -0.03102477 -0.13050221
v 0.06702426 0.23021165 0.25164530
v -0.35014048 0.11402378 0.23749985
v 0.11797277 0.24754059 0.20188965
v 0.41068783 -0.04479404 -0.29903185
v 0.59812862 -0.41168830 -0.46995309
v -0.03448516 0.16967972 -0.55246180
v -0.20695287 0.13552853 -0.44978893
v 0.23574260 -0.10891579 -0.29629236
v 0.01073493 0.34225950 -0.15842706
v 0.06062571 0.00783237 -0.55925590
v 0.33109716 0.11702724 0.23320816
v -0.28081071 0.13922615 -0.28388807
v -0.13876021 0.12601940 0.38204539
v -0.16507122 0.27756912 -0.39193809
v -0.22675702 0.22431801 0.31947348
v -0.13368228 -0.00668219 0.03209896
v -0.27685595 0.11774922 -0.22591712
v 0.30379689 0.09567095 -0.14649116
v 0.19763359 0.21441177 0.21023445
v 0.55499971 -0.03904799 -0.28179818
v 0.62054849 -0.23960777 -0.39448184
v -0.39439663 0.15104897 0.59975255
v -0.16075373 -0.33243132 -0.61331832
v -0.55179405 -0.56272346 -0.34025538
v 0.44428283 -0.14064050 -0.37758014
v -0.18743038 -0.09152523 -0.07955069
v -0.40014908 0.03167706 0.46515724
v 0.32312569 0.09665094 0.64542109
v 0.12271198 0.05663084 -0.53933674
v -0.33061662 0.03781021 -0.31417987
v -0.33748546 0.07929534 0.21441950
v 0.06784672 0.36705595 -0.26866218
v -0.35204953 0.04331968 -0.30381057
v 0.09790053 0.32558608 -0.41313380
v -0.23324110 0.12097301 0.77854526
v -0.10250934 -0.02623041 0.16793856
v 0.31011879 0.06178740 0.77894765
v 0.14850204 -0.28098723 -0.59846431
v 0.18311161 0.21742728 0.56075776
v 0.04181729 0.03785310 -0.57061106
v -0.48939618 -0.10930656 -0.22619891
v -0.50553840 0.01605618 0.84700358
v -0.38615251 -0.24248935 -0.26851308
v -0.26383156 0.20565064 0.67715234
v 0.34109312 -0.09479409 -0.23512419
v -0.29862565 0.17285331 0.48582444
v -0.14707671 -0.26639774 -0.55926907
v 0.28068447 0.13002703 0.17218930
v 0.08418851 -0.14593431 -0.18733744
v 0.13696216 -0.26617613 -0.52938628
v -0.15361099 0.22825304 0.28729421
v -0.32713675 0.05742405 -0.29849437
v -0.20807378 0.17212026 -0.43641078
v 0.31709459 0.16565201 0.26039934
v 0.16211462 0.21730334 0.77320498
v 0.59476078 -0.09769834 -0.38729954
v -0.35820857 0.04718293 0.66450459
v 0.08162444 -0.09098601 -0.00266075
v -0.19964050 0.07637287 0.52971625
v -0.28150254 -0.04557600 -0.33151740
v 0.10048229 -0.25481701 -0.55522555
v 0.05545019 0.31821433 -0.44935766
v -0.29122147 -0.03817975 -0.13281055
v 0.19913000 0.28885081 0.85862076
v 0.10440759 -0.34750000 -0.27234784
v 0.01539146 -0.48288590 -0.28796899
v -0.22599776 0.10987520 0.48895422
v 0.28256661 0.26106885 0.69401073
v -0.32587472 0.00173804 0.58927739
v -0.36107379 0.03466799 0.63523591
v -0.22025745 0.11627889 -0.07729062
v -0.48632172 0.05173142 0.80622929
v 0.34062886 -0.00835278 0.86228693
v -0.51010656 -0.12047184 -0.25695214
v 0.22223614 0.27280089 0.66620523
v 0.44828379 -0.06587429 -0.32916129
v 0.34660095 -0.09350024 -0.24496618
v -0.28797761 0.21515997 0.26681015
v -0.04136724 -0.09238370 -0.56623608
v 0.56494343 -0.19810164 -0.44999242
v 0.27485967 0.20843464 0.31987980
v -0.04064646 0.24409795 0.25808853
v -0.08607516 0.28895560 0.06487639
v -0.03740702 0.29027811 0.26470357
v 0.05208572 -0.16189326 -0.12310129
v -0.17026488 -0.25392875 -0.55123281
v 0.15311264 0.01361561 0.06875898
v -0.13628882 0.01414962 -0.49231204
v -0.40955681 -0.25177589 -0.29328516
v 0.21942621 0.09005120 0.86158419
v -0.20065872 0.12969388 0.65276098
v -0.30617523 0.20990022 0.67759675
v 0.30477285 -0.02806103 0.43412676
v -0.36837268 0.06866886 0.27586094
v 0.29189506 0.13801247 0.18485700
v -0.08135527 -0.25489497 -0.48916072
v -0.21021943 0.09410991 -0.05742715
v -0.17990763 0.01945209 0.11475140
v 0.23096283 0.27780610 0.72184074
v -0.28156063 0.17584607 0.49782744
v -0.28559756 0.04352590 0.70354438
v -0.02909636 0.32576647 -0.10643329
v -0.21011135 0.28066406 -0.29795456
v -0.29043928 0.18665093 0.51133180
v 0.16297276 -0.27509114 -0.61557078
v 0.59519297 -0.35142663 -0.34668013
v -0.16781572 -0.31720999 -0.64027232
v 0.19984207 0.01398720 0.14084189
v -0.14931741 -0.15587232 -0.10766385
v 0.11454207 -0.03336931 -0.52962452
v -0.23969185 0.23453514 -0.31195959
v 0.22549903 0.18643330 0.18687840
v 0.18566857 0.14179935 0.48130542
v 0.19078463 -0.13018034 -0.36824095
v -0.14932890 0.33554652 -0.28095812
v 0.19225226 0.10194568 0.68976682
v 0.43017778 0.03478842 -0.16940925
v 0.22814634 0.26673615 0.76724148
v -0.12677778 -0.21310072 -0.54263836
v -0.03132383 0.30988973 -0.46492115
v 0.33552915 0.17857419 0.66524684
v -0.05823294 0.29651994 0.03554053
v -0.18574762 0.18654004 0.37982914
v -0.30895948 0.00490690 0.23063622
v -0.26458612 -0.01438965 0.22071391
v 0.11154565 0.23958841 0.23910761
v 0.22607274 0.17821789 0.47014457
v -0.26922521 0.02333307 -0.35886884
v -0.58250403 -0.19721130 -0.36287108
v 0.03408560 0.28913510 0.12051464
v 0.21349859 0.18597351 0.40613845
v -0.09881826 -0.15253574 -0.23538004
v -0.30396625 0.00505054 0.59017974
v 0.25674453 0.08995836 0.15277599
v -0.05707634 -0.10740680 -0.53678137
v 0.26063713 -0.02136848 0.47183943
v -0.18018593 0.27567771 -0.12147230
v -0.50534385 0.02307940 0.81267917
v 0.27675730 0.03002127 -0.11825640
v -0.35691175 -0.09437705 -0.14510524
v -0.07721027 -0.16948843 -0.16034457
v 0.14761053 0.20870726 0.31165051
v 0.22139579 -0.12750383 -0.28856063
v 0.36058709 -0.04546026 -0.12300532
v -0.27964616 0.01524382 0.63849199
v -0.38718557 0.01510024 0.38115636
v -0.52172887 -0.13351470 -0.23620304
v 0.00896186 0.02251912 0.27228063
v 0.17985046 0.06113954 0.04882285
v -0.30321655 0.20925139 0.86121511
v -0.17902373 -0.11300369 -0.37989855
v 0.30342191 -0.08712697 -0.21029650
v -0.49989977 -0.35852644 -0.22987756
v -0.03440366 -0.05110143 0.20143077
v -0.41570359 -0.11150034 -0.15535410
v 0.56706536 -0.25210372 -0.51303732
v 0.26730430 0.04710751 0.85934180
v -0.16679393 -0.01942000 -0.02188874
v 0.14780726 -0.00145389 0.10661995
v 0.08759349 -0.03470924 0.15836716
v 0.21525809 -0.29070055 -0.61673063
v -0.57412040 -0.16987832 -0.34739089
v -0.12519543 -0.11580729 -0.44732493
v -0.35046607 -0.01598211 -0.13750851
v -0.36250257 0.06983367 -0.22121631
v -0.38219073 0.00767416 -0.16064252
v -0.26380795 0.02565544 0.65858144
v 0.23850688 0.27097651 0.79625791
v 0.33886254 0.16315649 0.83020395
v 0.30757153 0.05446642 0.62532574
v -0.03021883 0.02427667 0.26584935
v 0.27555817 0.06871019 0.76938987
v 0.01959273 0.32914531 0.26557347
v 0.21430542 0.03516544 0.80654281
v 0.15899821 0.27820945 -0.07068269
v 0.20489222 0.12733552 0.08308907
v -0.20861384 0.22584145 0.19827048
v 0.28373423 0.05034536 0.78525907
v -0.24125528 -0.07507823 -0.35272083
v 0.28055450 -0.08030588 -0.25878638
v 0.49314779 -0.05626852 -0.33828944
v 0.35893631 0.01333607 0.86103189
v 0.59929496 -0.40029350 -0.45616522
v 0.14734213 0.05161924 0.39005449
v 0.35579699 -0.10766885 -0.21079545
v -0.40089577 0.11258461 0.53008235
v -0.06749395 -0.10088942 -0.54553235
v 0.23096083 -0.03338966 0.40231100
v 0.09115712 -0.42138156 -0.26289514
v -0.53256577 0.02426789 0.84604067
v -0.24993677 -0.11215077 -0.27097765
v 0.42982823 -0.17172903 -0.27444068
v -0.13902037 0.23545869 0.26277536
v 0.00409398 -0.10597952 0.03887134
v -0.16617039 0.07046523 -0.48712891
v -0.31980535 -0.10673721 -0.14830171
v -0.34517610 -0.04228520 -0.13567556
v -0.05937769 0.05615734 -0.56824809
v -0.05600141 -0.05607558 0.12508647
v 0.37319401 -0.10196903 -0.14836261
v -0.04912001 -0.03446305 0.20604932
v 0.34678230 -0.00711106 -0.31510612
v 0.19624229 0.28979048 -0.16382688
v -0.07162547 0.19512327 0.27069128
v -0.26349011 0.11840995 -0.36986622
v -0.36677670 0.10151292 0.85470337
v -0.24410324 -0.02599974 -0.39669210
v 0.63168311 -0.33973885 -0.35674036
v -0.27403164 -0.01118231 0.22443475
v -0.17678601 0.28168154 -0.37171441
v -0.23935203 0.18925753 0.61036521
v -0.25078750 0.09933669 -0.40221912
v 0.02534452 0.32846624 0.26868358
v -0.22075069 0.03275999 -0.41049847
v 0.64401007 -0.13480499 -0.31383726
v -0.13209701 -0.22889271 -0.36505952
v 0.13516393 0.19100529 -0.50604802
v 0.58217323 -0.37431884 -0.37862179
v 0.13341917 -0.18489751 -0.44784677
v -0.04582814 -0.24101126 -0.25628603
v -0.54740012 -0.45666680 -0.26393023
v 0.24752374 -0.02005489 -0.38387847
v 0.00024591 0.31834701 -0.07404476
v -0.41904810 0.12984145 0.80109221
v -0.52260697 -0.28683421 -0.41677225
v -0.14146124 0.25297147 0.05066122
v -0.48555896 -0.10136141 -0.22884290
v 0.28877521 0.22321029 0.52331394
v 0.01311472 0.32654297 -0.11728495
v 0.25679511 0.16423261 0.18527754
v 0.15059350 -0.25463745 -0.53618717
v -0.44967198 -0.04841902 -0.18807587
v 0.56590122 -0.08211137 -0.37495908
v -0.36843893 0.09806290 0.27024418
v -0.06366130 -0.05837801 0.08251472
v 0.00165006 0.36305839 -0.19099294
v -0.40090573 0.03325861 0.85847461
v 0.08621792 0.31426713 -0.42663637
v -0.26806113 -0.03995015 0.28308132
v 0.05038089 -0.38385278 -0.32557869
v -0.05575463 -0.34159723 -0.40079519
v -0.26868424 0.19545488 -0.30500752
v 0.20445362 0.04844435 -0.03153192
v -0.28733543 0.05195989 0.84885478
v -0.14249037 0.32098645 -0.34690791
v -0.27280557 0.16047902 -0.30414113
v -0.04987304 0.18566020 -0.54700470
v -0.06602398 -0.30011624 -0.53376526
v -0.28112575 0.04040119 0.69650787
v -0.20164587 0.29085353 -0.23035897
v 0.03853403 -0.28749144 -0.46280670
v 0.04556388 -0.44638851 -0.22970243
v 0.20099778 -0.04863072 -0.37379396
v 0.17303136 0.22108249 0.01475088
v 0.18365818 0.21703827 0.16737966
v -0.30813289 -0.07085902 -0.33054218
v 0.39212847 -0.11708552 -0.26482877
v -0.39974555 0.13433824 0.54286093
v 0.33924431 -0.02193750 -0.12006029
v -0.21561584 0.15423231 0.70723248
v -0.41852155 0.10998474 0.77423823
v 0.23170727 -0.00982991 0.21002796
v 0.19762135 -0.08397841 -0.37386551
v 0.21160653 0.27391392 0.68474132
v -0.57006943 -0.52174681 -0.32879916
v -0.05425362 -0.33962733 -0.31218374
v 0.28616178 0.15072338 0.18979406
v -0.35686460 0.11435623 0.42839307
v 0.11921734 0.19995636 0.28853235
v 0.51538539 -0.29608116 -0.47925058
v 0.10024643 0.00214644 -0.54646492
v 0.28222871 -0.08506866 -0.22197881
v 0.15870297 0.17211288 0.83699656
v 0.06814691 -0.30246270 -0.43875805
v -0.58096844 -0.16195169 -0.27895263
v 0.05329261 0.10819505 0.29473108
v 0.14206512 -0.00049733 -0.50551879
v -0.49211103 -0.39072138 -0.37137991
v 0.63226241 -0.25266856 -0.35690340
v -0.31793538 -0.07005782 -0.13503993
v -0.07442779 -0.00843726 0.22836755
v 0.00133255 -0.42149267 -0.21970396
v 0.19792138 0.27031544 0.69971889
v -0.21169212 -0.03058990 0.34739995
v -0.28292510 0.21745829 0.25487992
v 0.31845635 0.14094011 0.40589789
v -0.08150655 -0.14316751 -0.48875758
v -0.37725195 0.01103314 0.78325158
v -0.56981951 -0.34702736 -0.41494441
v -0.24399026 0.21757925 -0.17483701
v -0.56678247 -0.49695989 -0.37056059
v -0.01493705 0.29610202 0.09404745
v 0.36633471 0.10232636 0.86538714
v -0.50161624 0.06226012 0.83645380
v 0.34922385 -0.09386612 -0.27238071
v 0.25073349 0.04714739 0.77388608
v -0.39268288 -0.24186042 -0.26779890
v -0.28128842 0.02037859 -0.13661461
v -0.13804346 0.00185110 0.06995845
v -0.26495010 0.05000185 0.17247957
v -0.29396561 -0.04425444 0.32672209
v 0.63527185 -0.37663236 -0.42232400
v -0.22154754 -0.12473887 -0.32894558
v 0.18930000 0.20721437 0.13440229
v -0.40890178 0.04406334 0.53022498
v 0.10823202 -0.03308271 0.05065879
v 0.00739320 0.40270197 0.31113347
v -0.07563773 -0.31372178 -0.35361323
v 0.32105252 -0.08436945 -0.27219465
v 0.19608836 -0.13426152 -0.15892781
v 0.11230437 -0.00988468 -0.53498340
v 0.25674042 0.26071280 0.73224598
v 0.34225300 -0.05790614 -0.29773870
v -0.40158758 0.12746851 0.55805659
v -0.54430360 -0.21690874 -0.38717023
v -0.34684283 0.15482779 0.26834768
v -0.08780582 0.35403806 -0.31106418
v 0.03208087 -0.22767961 -0.21912487
v -0.26454037 0.14942956 -0.19264461
v -0.48853898 -0.33335260 -0.21620306
v -0.49373218 0.06837728 0.82873917
v 0.17730683 0.31105542 -0.20090662
v 0.13885140 0.15275912 0.37620759
v 0.12028031 -0.16080160 -0.10265578
v 0.16400062 -0.14592378 -0.11033215
v -0.43919295 -0.03137766 -0.29037610
v 0.04695626 -0.10204686 -0.52890241
v -0.54920530 -0.13827655 -0.27523458
v -0.46602130 -0.07482618 -0.20058551
v 0.15824479 0.21197739 0.85930037
v -0.38536569 0.11608174 0.65721059
v 0.42274213 -0.16075172 -0.30494544
v -0.38719094 0.02819247 0.59421998
v -0.00132556 -0.35966915 -0.36813170
v 0.34942654 -0.00195771 0.86533237
v 0.50136256 -0.09160062 -0.18125600
v -0.11139029 -0.08264615 -0.52036798
v -0.04088556 0.55198187 0.42290008
v 0.11864594 -0.18508995 -0.33440906
v 0.24520943 0.26446185 0.83302277
v -0.38820407 0.10837444 0.70279878
v -0.01815591 0.31398156 -0.05968246
v -0.11664312 0.31850630 -0.37745309
v 0.35011935 0.02216401 0.30772880
v -0.07414146 -0.17168841 -0.14928848
v 0.05337120 0.32007101 -0.44005638
v -0.22249240 -0.06507299 -0.12094413
v 0.58156097 -0.20695348 -0.45365560
v 0.20050240 0.17272767 0.85600621
v 0.55531365 -0.42125341 -0.46983001
v -0.05589068 -0.03498499 0.18259050
v 0.00557529 0.31747273 0.36249071
v 0.10943110 -0.26754564 -0.55927175
v 0.01834085 0.45263898 0.38103965
v -0.44473746 -0.10838613 -0.17293359
v 0.03770550 -0.03284228 -0.56732911
v 0.33034649 0.05459394 0.59662008
v -0.01335895 -0.09553858 -0.56849384
v 0.33388776 0.13184014 0.50842905
v -0.31910327 -0.01328149 0.84265137
v 0.13125305 -0.24370670 -0.49627122
v -0.13208809 -0.19164903 -0.33313909
v -0.19307990 -0.14230536 -0.19705342
v -0.04749701 -0.28713965 -0.25170565
v -0.37526157 -0.16052397 -0.31670934
v -0.52407169 -0.46259362 -0.36146152
v 0.39666474 -0.11124799 -0.15017483
v 0.29222697 0.18881585 0.22474413
v -0.13972551 0.08518666 0.37999707
v -0.15797259 0.32991892 -0.20419431
v 0.05386579 -0.25294456 -0.23028018
v -0.04298906 0.13193592 -0.56581891
v 0.35004118 0.08719655 0.56770927
v 0.15395741 0.20422934 0.69093972
v -0.58100635 -0.52189285 -0.26132470
v 0.24607098 0.10777920 -0.40712526
v -0.30456913 -0.14631228 -0.24141045
v -0.29058805 -0.01816491 0.47324082
v 0.34218723 0.00075584 -0.11767031
v 0.23240855 0.13112777 0.14878196
v -0.31391439 0.21410596 0.86083359
v -0.31147683 -0.03649381 0.29160246
v 0.17977500 0.02762884 -0.46367592
v -0.27687061 0.16323756 0.48118126
v 0.18517375 0.21437812 0.14563778
v -0.40128320 0.06770385 0.57054758
v -0.31850749 0.05762261 -0.30145669
v -0.14372392 -0.00212494 0.11229323
v 0.19176520 0.23119752 0.27936339
v 0.23741141 0.04289326 0.15479997
v -0.12793554 0.26868415 -0.00400081
v 0.06445031 -0.05474858 0.11809417
v -0.23838226 0.12321682 0.81992131
v -0.26977548 0.11577240 -0.18627684
v -0.42189828 -0.25780392 -0.24833333
v -0.61122197 -0.42119867 -0.30226442
v 0.48358470 -0.22909446 -0.27004451
v -0.46300101 -0.34212837 -0.35386851
v -0.27378562 0.12467828 -0.34616092
v 0.55845517 -0.37121677 -0.44761491
v 0.15428756 0.27921984 0.84449685
v -0.21713206 0.14738087 0.73453587
v 0.25695795 0.02455894 0.78982610
v -0.15162551 -0.16412769 -0.17069563
v 0.27729386 0.13443744 -0.34644866
v -0.15737952 -0.01459187 0.20489287
v 0.21006441 0.18277219 0.13524722
v 0.19659889 -0.12718202 -0.36252713
v -0.09975602 -0.19307424 -0.50486958
v -0.12433383 -0.01322215 0.06452440
v 0.36805364 0.13697658 0.84811157
v -0.21291284 -0.03186687 0.24981262
v 0.11881354 -0.29867509 -0.48809832
v -0.49539015 -0.26666409 -0.18536133
v -0.50580180 -0.36273101 -0.43616214
v 0.47749907 -0.03120432 -0.28697196
v -0.39797243 -0.19111332 -0.35838670
v -0.21991788 -0.06325526 -0.11142633
v -0.29812396 -0.03101408 0.42748684
v -0.27513087 0.16277024 -0.24889627
v -0.21344101 0.18264216 -0.08555092
v -0.17823480 0.30793408 -0.29418638
v 0.12418495 -0.27083188 -0.30663392
v -0.05807787 -0.04453034 0.13701831
v -0.07907230 0.27817535 0.12296288
v 0.50865948 -0.04456076 -0.24140424
v 0.34670925 0.08180420 -0.30411145
v 0.22376229 -0.10363016 -0.24569330
v 0.17148539 0.04224299 0.05565513
v -0.60113829 -0.30584368 -0.28065193
v 0.22514752 0.25885066 0.86213154
v 0.63644648 -0.33523303 -0.43986303
v 0.28164080 -0.06194803 0.85010207
v -0.36707067 0.18720433 0.65156347
v 0.12332292 0.01719637 0.33223125
v -0.43555999 -0.02810995 -0.28801742
v 0.30707979 0.01019797 0.82624817
v 0.27491924 0.13562034 -0.35343164
v -0.58975887 -0.32696661 -0.28113744
v -0.20643298 -0.14567983 -0.30631515
v 0.13375369 -0.31391206 -0.52756637
v -0.48996162 0.04887560 0.85544950
v 0.14354898 -0.09362677 -0.42829686
v -0.07655992 0.16761453 0.29568908
v -0.06070803 -0.20576817 -0.26913553
v -0.22896834 0.11809094 0.44921535
v -0.53329664 -0.35860831 -0.43962172
v 0.39159912 -0.11484301 -0.17410548
v -0.20220347 0.09165525 0.52515537
v 0.20273665 0.11680122 0.86046237
v 0.07459973 -0.26934257 -0.47135720
v 0.32900232 -0.05517152 -0.29841605
v -0.18229735 0.06954988 0.00190582
v 0.29190084 0.05784902 -0.34371713
v -0.55058247 -0.53940469 -0.28626046
v 0.03130541 -0.32815489 -0.38913712
v 0.19472027 0.17907512 -0.00379395
v -0.34459105 0.20148611 0.54616356
v 0.19552261 0.21583407 0.19599555
v -0.50026160 -0.36441070 -0.43035564
v -0.39294377 -0.24101333 -0.29687914
v -0.40225136 -0.04300344 -0.32245150
v -0.09832918 -0.19345629 -0.49696773
v 0.60774541 -0.12021568 -0.37954792
v -0.25943089 0.02181671 -0.38866073
v -0.02464975 -0.34616229 -0.22035776
v 0.19762398 -0.02535708 -0.43047997
v -0.39879018 0.09704673 0.49090958
v -0.07184051 0.15719743 0.30014694
v -0.07858275 0.05126479 -0.55384630
v -0.46806604 -0.03652879 -0.25742504
v -0.16612518 0.26916859 -0.39732265
v -0.52914441 -0.45460075 -0.47019765
v -0.21567181 0.23857318 -0.36759624
v -0.13310477 0.30117735 -0.08237597
v 0.21234381 0.09875414 0.09058093
v 0.18229461 0.24951343 0.65365922
v 0.51463008 -0.26502290 -0.42132577
v -0.27520666 0.14946458 -0.22885318
v -0.02099734 -0.05156840 -0.55939752
v 0.10069942 0.06033765 -0.55319470
v -0.52177006 -0.31993985 -0.21160419
v 0.19240263 0.26461166 -0.39149576
v 0.27671850 -0.04694609 0.85029089
v 0.17504635 0.14361280 0.72294736
v -0.33717576 0.08124293 -0.24939129
v 0.10448547 -0.26123935 -0.55776519
v 0.05468857 0.34554961 -0.12707743
v 0.29842049 -0.03174476 0.42968369
v 0.30952996 0.17182216 0.25322211
v 0.38702217 0.07910487 -0.26388395
v -0.47421455 -0.25220579 -0.17734915
v 0.20647697 0.24455678 -0.07708821
v 0.08728191 -0.20391387 -0.27431923
v -0.17744215 0.01528404 0.36396119
v 0.37111530 0.07390258 0.81191283
v 0.32962397 -0.08540353 -0.24751808
v 0.14568892 0.16296242 0.66064620
v 0.04607066 0.28826404 0.12775078
v -0.05437460 -0.23694539 -0.54959875
v -0.47247779 -0.29006708 -0.41311082
v -0.05037902 -0.09998533 -0.02391865
v 0.08276605 -0.15066357 -0.21498294
v 0.59170020 -0.41948792 -0.46819735
v 0.35739368 -0.10557452 -0.22637992
v 0.03640745 -0.09620879 -0.56302738
v -0.11456364 -0.18816416 -0.44710213
v 0.12179402 -0.13285728 -0.46701875
v 0.18139389 0.15163748 -0.48564306
v -0.15300143 0.17647627 -0.49463305
v -0.26848471 0.16007057 -0.21446164
v -0.08156669 0.33056399 -0.37369549
v 0.22212043 0.17942289 -0.43867028
v 0.18086204 -0.29902279 -0.61293852
v -0.21529096 -0.13037489 -0.32827631
v 0.13716570 0.25766888 -0.04061275
v 0.26611462 0.20890211 0.33922136
v 0.31712279 0.22468014 0.55870748
v 0.59832197 -0.33379534 -0.48671451
v -0.37355435 0.11084137 0.33484975
v -0.55983007 -0.35403273 -0.26498249
v -0.18951260 0.25863647 -0.10858441
v -0.39858881 0.00838987 0.52317154
v 0.28646395 0.12340913 0.71915537
v -0.60681218 -0.46372664 -0.28056848
v -0.27999759 0.16793442 -0.28609884
v -0.18451692 0.04936059 0.09188978
v 0.08670108 -0.25229576 -0.28288946
v 0.48963243 -0.23067978 -0.34616435
v 0.34788814 0.07439283 0.56708056
v 0.20135553 0.29427278 -0.24613634
v -0.01589854 0.47623700 0.33431533
v -0.02228262 0.28474858 0.20948590
v -0.28057224 0.08967758 -0.32528639
v 0.05246068 -0.32972044 -0.20447245
v 0.21461098 0.02291530 0.14573419
v -0.28176481 0.09667815 -0.33996964
v -0.43245021 0.04498756 0.78751504
v 0.16900681 0.14903690 0.71728981
v -0.38035968 -0.19627477 -0.33625209
v 0.21946879 0.13674824 0.11379290
v 0.13780272 -0.25773391 -0.32203650
v 0.15367073 0.06353457 0.40892524
v -0.02330632 -0.25079527 -0.49854460
v -0.12119551 -0.16799183 -0.11218787
v 0.05936678 0.23654495 -0.51951623
v 0.43314645 -0.17050567 -0.37555465
v 0.18627900 0.14338756 0.48525861
v -0.21663538 0.24946819 -0.35142061
v 0.57191843 -0.34129784 -0.36256421
v -0.27942398 0.06175685 0.80196398
v 0.28972942 0.25257280 0.63802737
v 0.17517915 0.25078067 0.72166395
v -0.34014797 -0.15706331 -0.28079066
v -0.15309907 0.00188739 0.13018569
v 0.41641915 -0.01375377 -0.13108268
v 0.07453363 -0.24986970 -0.25741991
v 0.25662366 -0.04485877 -0.32987574
v -0.01225311 0.36804715 -0.26920897
v 0.42648003 0.03853077 0.85896188
v -0.60491240 -0.38366255 -0.33693603
v -0.16430382 -0.02387972 -0.02346757
v 0.12717758 -0.01150194 0.10050316
v 0.07459722 -0.07618167 0.04703800
v 0.14950947 -0.03851754 0.00050700
v -0.27737293 0.13412301 -0.31482881
v 0.21550457 0.27170536 -0.34494093
v -0.40285343 0.12685423 0.60788643
v -0.17538740 0.01087856 0.12341756
v 0.02314906 -0.02516977 0.23740733
v -0.32876799 0.03220079 0.65978855
v 0.46652976 -0.09452565 -0.36891973
v -0.53838485 -0.53892612 -0.37018129
v 0.34296238 0.02906045 0.51999235
v -0.34429798 0.19031908 0.51337415
v 0.20389354 -0.11665303 -0.11854643
v 0.27535769 0.20630385 0.86219329
v -0.03798985 0.54583198 0.39866030
v -0.00837870 0.08591690 0.26397511
v -0.57556242 -0.25838819 -0.23102626
v 0.25688893 0.18955344 -0.20793946
v 0.22425650 0.11688034 0.11046567
v -0.08243968 -0.07259551 0.00667204
v 0.22391254 0.14078374 -0.06345811
v -0.17265351 0.18490310 -0.02458034
v -0.46560046 -0.05627028 -0.27409038
v 0.02864734 0.35047087 -0.15326698
v -0.50770897 -0.38607788 -0.45106560
v 0.08135749 -0.16033638 -0.16029094
v 0.10697500 0.34332269 -0.16324882
v 0.00337338 0.38724524 0.39000452
v 0.62447065 -0.15423505 -0.35942560
v 0.03468590 -0.11408737 0.00905138
v -0.39123023 0.16030934 0.60213238
v 0.28083640 -0.02473838 0.47106904
v -0.31502211 0.05637769 0.19719948
v 0.30202132 -0.00585454 -0.12146744
v -0.03690235 0.32637212 -0.10949597
v -0.53639746 -0.14154454 -0.24649048
v 0.09125257 -0.02420392 -0.54805630
v 0.47432661 -0.00139988 -0.24009563
v -0.47002780 -0.31737328 -0.40294129
v -0.58587265 -0.38755661 -0.41603303
v 0.62911892 -0.27876711 -0.43205407
v -0.07169737 0.33679247 -0.10425385
v 0.17645939 0.21686839 0.01431858
v 0.24618410 0.22159179 -0.32409692
v -0.28212398 0.14516391 0.42846590
v 0.17555927 0.31073242 -0.19309095
v 0.59348607 -0.06458539 -0.35004804
v 0.33583471 -0.06739661 -0.13145129
v 0.11558720 -0.12111023 -0.02548659
v 0.11692500 -0.24526103 -0.57536936
v 0.38573915 0.08060343 -0.17037995
v 0.35267207 0.11611298 0.36888969
v -0.37431580 0.01278161 0.56446201
v 0.19997306 0.09869724 0.69025803
v 0.06635161 -0.21385455 -0.50496060
v -0.23632042 0.04035806 -0.09555835
v -0.54872125 -0.50799161 -0.30003130
v 0.49675149 -0.24661799 -0.27079880
v 0.34145588 0.11709589 0.56914318
v 0.12080717 -0.01357811 0.24677435
v -0.04677462 -0.30678388 -0.23476548
v -0.37387469 0.15490869 0.73175639
v 0.08169156 0.16276425 -0.54840678
v 0.19703870 0.15982029 0.47112986
v 0.20696156 0.15269692 0.09692848
v -0.18071318 0.17119531 -0.46945977
v 0.17342500 0.15516242 0.85491675
v 0.23276891 0.03870125 0.15443638
v -0.00132362 0.05281768 -0.57660055
v 0.55584753 -0.05502848 -0.24367139
v 0.36067671 -0.03952003 -0.12246469
v 0.25042835 0.27679110 0.67249751
v 0.30839118 0.08647791 -0.32114592
v -0.38391304 -0.01076019 -0.31594926
v -0.25470957 0.23042843 0.80057871
v -0.58475965 -0.37149605 -0.40883166
v 0.18728523 -0.13773476 -0.14305519
v -0.23692013 0.18354617 0.72863883
v -0.50492889 -0.56129307 -0.41812932
v -0.34429061 0.07653667 0.22918922
v -0.03711729 0.30302465 0.01618441
v 0.21825263 0.27541989 -0.31724015
v 0.10574147 -0.22477104 -0.31444976
v 0.01820659 0.47562358 0.37132806
v -0.53930259 -0.21441592 -0.38663006
v 0.23957135 0.00327031 0.83517367
v -0.27233812 0.14700912 -0.21120828
v -0.23444283 0.00449526 0.19213696
v -0.14746322 -0.23587605 -0.52982497
v -0.15272127 0.30341780 -0.12278225
v -0.28488272 0.05807586 0.77996027
v -0.21131109 0.15036012 0.54773980
v 0.10469234 -0.03417911 0.13941358
v 0.44003808 -0.10275328 -0.34928915
v -0.12506248 -0.23610890 -0.60365081
v -0.16671914 0.22395091 0.29809988
v 0.14534014 -0.13190603 -0.33677137
v 0.08768412 -0.43156227 -0.27718955
v -0.04594895 -0.23947868 -0.53522319
v 0.60611928 -0.39203089 -0.47751549
v 0.03988075 0.15203401 0.28307560
v -0.59671253 -0.49282736 -0.30890808
v -0.37202707 -0.18578795 -0.31920904
v 0.13401631 -0.26430914 -0.34580663
v 0.08665004 0.25143456 0.20217380
v -0.14296168 -0.19260319 -0.34670028
v 0.29056239 -0.01575293 0.82571542
v 0.09182794 -0.09474138 -0.50968969
v -0.22168846 0.06271135 0.67089230
v -0.00821969 -0.47864553 -0.25876004
v 0.56358141 -0.32627898 -0.36165458
v -0.21584952 0.16358824 0.65637273
v 0.26502714 0.24424255 0.81945437
v -0.01371499 0.04218710 -0.57532632
v 0.12393022 -0.15331556 -0.34926775
v -0.30018836 0.00524278 0.21965496
v -0.24626328 0.19382474 0.76110637
v -0.12482315 -0.16836007 -0.17965958
v -0.36023495 -0.01224579 0.30477738
v 0.10403559 0.35702497 -0.22460771
v 0.12000479 -0.15722705 -0.08951238
v 0.17130472 0.20596723 0.56439847
v 0.29345518 -0.08218953 0.84352571
v 0.18117829 0.13306242 0.80703515
v 0.53425568 -0.22250296 -0.48782483
v -0.51999795 -0.34039104 -0.42860734
v -0.25703835 0.14177340 -0.16411293
v 0.16495557 0.22946724 0.07838818
v -0.57843930 -0.33983448 -0.26662850
v -0.13726465 -0.00748457 0.26886061
v -0.04073663 -0.02579172 -0.56650519
v 0.04640802 0.32761869 0.30271098
v 0.62677133 -0.16055593 -0.35694346
v 0.27427110 0.14500855 -0.34232402
v 0.38460636 -0.06981137 -0.13127750
v 0.35278779 0.04316393 0.28783476
v -0.41322887 -0.25834477 -0.29158404
v 0.12713228 -0.21242838 -0.56642777
v -0.25189975 0.18513490 -0.34449148
v 0.18858446 0.20307586 0.85576153
v 0.02747619 0.28768507 0.21457370
v -0.35105252 -0.03388944 0.34921288
v 0.14267917 -0.19530272 -0.35136306
v 0.27417183 0.15144989 -0.31556728
v -0.29011497 0.04667918 0.83817935
v -0.02891566 0.21475941 -0.53711587
v 0.63624728 -0.26625097 -0.37084237
v 0.32842577 0.10823732 0.22411081
v 0.08111778 -0.16090438 -0.15797684
v -0.12795486 0.34680545 -0.24305817
v 0.13040377 -0.19397390 -0.54311466
v 0.12144259 0.34425771 -0.20805924
v -0.00370126 0.11020945 -0.57622343
v 0.24605910 -0.09122736 -0.21285053
v -0.36371109 0.09320210 0.25646007
v 0.62828058 -0.29381195 -0.44396070
v -0.57641023 -0.30005419 -0.38099107
v -0.05695964 0.14449324 -0.55682713
v 0.16826487 -0.12908894 -0.39717516
v 0.22843847 0.22191542 -0.38479397
v 0.07562374 0.25818774 0.17797792
v 0.16504154 0.22799677 0.02063414
v -0.17050037 0.29098505 -0.13988638
v -0.22322080 0.18885362 0.38587904
v -0.40454072 -0.00211519 0.42176825
v 0.55480587 -0.21556765 -0.20785788
v 0.18458843 0.12282132 0.70799476
v -0.34278053 0.05729891 0.75326341
v 0.27231923 0.02535263 0.60710067
v -0.32248384 0.01445290 0.78845912
v 0.07602623 -0.40828109 -0.24001142
v -0.34023327 -0.10089970 -0.32910812
v -0.27996916 -0.12832040 -0.24284221
v -0.01511238 0.07687225 -0.57896394
v -0.09949102 -0.15678237 -0.27268237
v 0.21047921 -0.23608288 -0.59046370
v 0.33482069 0.03499489 0.79555655
v -0.37837723 0.09807323 0.45487860
v -0.16135874 0.03767875 -0.47482765
v 0.30817908 0.11859582 0.68688613
v -0.26058647 0.20190419 0.73450154
v 0.50243831 -0.27953446 -0.26919436
v -0.32500958 0.13690458 0.42157239
v 0.22435823 -0.25003892 -0.60429782
v -0.20484462 -0.01838200 0.21772778
v 0.62610304 -0.24832261 -0.38790938
v -0.12838958 -0.22687863 -0.39112622
v 0.20312352 0.24736933 -0.07409716
v -0.03346538 -0.28187484 -0.23289207
v -0.06182087 -0.39548773 -0.28159025
v -0.09890307 -0.26619640 -0.30731928
v 0.14784200 -0.01779524 0.22386695
v -0.40978318 -0.25209504 -0.31211662
v 0.54754019 -0.13223654 -0.41767663
v 0.32210410 -0.08640547 -0.23694602
v 0.54207951 -0.27713704 -0.54055721
v -0.48315486 -0.36997798 -0.36429766
v 0.12030588 -0.16579135 -0.47762600
v 0.09843779 0.21611074 -0.51234114
v 0.15105887 0.10961985 0.54942679
v -0.52625173 -0.43124706 -0.30978918
v -0.10131222 0.34188738 -0.33106765
v -0.34783301 0.15167287 0.34627670
v 0.50399560 -0.16353503 -0.42928270
v 0.25777224 0.20999950 -0.32167181
v -0.12009659 -0.16081801 -0.32932749
v -0.04568583 0.51200402 0.36658067
v 0.18559711 0.26395997 0.70463544
v 0.07971262 0.31196854 -0.00455592
v -0.42951229 -0.28928706 -0.33343974
v -0.16980174 0.20037712 -0.01653174
v 0.25678888 0.13721424 0.16810468
v -0.32437947 0.05464103 0.71933961
v 0.50657040 -0.40558559 -0.54637533
v -0.07595889 -0.00232987 0.23985514
v -0.04670614 0.20571736 0.25241050
v 0.23926730 0.05703910 0.62914407
v -0.13138902 -0.21622245 -0.34869352
v -0.37250352 0.00743835 0.78218991
v 0.03380404 0.00215336 -0.57032603
v -0.39082304 0.06511853 0.34689590
v 0.01608244 0.44195810 0.33589622
v -0.10001358 -0.19400734 -0.33507815
v -0.10362986 -0.22846828 -0.44875979
v 0.08495850 -0.34359750 -0.35553023
v 0.15236279 0.13784707 0.66770601
v 0.17095342 0.03244675 0.08221387
v 0.09117188 0.04016867 0.29082963
v -0.54162985 -0.57047862 -0.36299375
v 0.18612060 0.22125156 0.19047774
v 0.62862480 -0.28075400 -0.43460345
v 0.05503510 0.30093083 0.03836066
v -0.24271345 0.19049191 0.66926450
v -0.02350132 0.01454077 -0.56653619
v -0.00343711 -0.07214984 0.13665186
v 0.30958357 0.13231650 -0.24386309
v -0.16630995 0.23309509 0.27662140
v 0.23815326 0.21334286 -0.13379920
v 0.17385902 -0.24953568 -0.61822271
v 0.58911413 -0.23183729 -0.24756578
v 0.07158491 -0.15031205 -0.17359442
v 0.20664778 -0.08155363 -0.08248153
v 0.27548519 0.22454798 0.85884243
v -0.30898505 0.19737986 0.52836251
v 0.56111878 -0.11584739 -0.20226787
v 0.02560862 -0.14530575 -0.11022861
v -0.14712955 0.21250801 0.30866057
v -0.21279950 0.22639553 -0.08917910
v -0.60820997 -0.21166977 -0.31026590
v 0.27987435 0.07105277 0.85824162
v -0.59987450 -0.41458318 -0.36756900
v -0.38681307 0.03088747 0.31959254
v 0.18685010 0.12543681 0.80248475
v 0.07892673 0.25586489 0.17959996
v 0.19047812 -0.06059553 -0.43958816
v -0.26037320 0.21407185 -0.30363816
v 0.24008790 0.08891701 0.76212949
v 0.34358242 0.18965080 0.58543712
v -0.22244751 0.23727989 -0.35035282
v -0.43955675 -0.29720408 -0.27160591
v -0.43883166 -0.29294920 -0.26489601
v 0.00706376 -0.15731457 -0.19336893
v 0.18240602 0.21347661 0.13487580
v 0.29421705 -0.02949098 0.43637267
v -0.29310748 -0.04394380 0.32486153
v -0.25547129 0.12125132 -0.11152644
v 0.26220602 0.03429128 -0.38314316
v -0.10497842 -0.23908207 -0.43890092
v 0.00536611 -0.38539091 -0.21241511
v 0.26296502 0.09179617 0.69136244
v 0.03912078 -0.10356274 0.03934779
v 0.58215141 -0.11997115 -0.21554843
v 0.33628014 0.13638072 0.78706396
v -0.46385878 -0.05631568 -0.18628046
v -0.13435660 -0.20589133 -0.39454511
v 0.34249762 0.12111753 -0.24186853
v 0.33707839 0.16608474 0.84342951
v -0.07049029 -0.08140182 0.03449514
v 0.09115905 -0.03043394 0.17095365
v 0.19067951 0.17845251 0.02883535
v 0.32534584 0.10817862 0.43212268
v -0.04323126 -0.27571377 -0.48170885
v -0.13396133 0.24152714 0.13319688
v -0.09679125 -0.20644261 -0.55745566
v 0.62853324 -0.21562316 -0.35840532
v 0.30097899 -0.07805181 -0.17510219
v -0.38735890 0.12795419 0.67466623
v 0.40207398 0.07175723 -0.24258819
v -0.48496857 -0.36487213 -0.31790376
v 0.34806201 0.14207038 0.58561850
v 0.31357470 -0.01230086 0.29635969
v 0.27917910 0.10690709 -0.14327960
v 0.19779257 0.21366744 -0.06144723
v -0.52408123 -0.21881564 -0.18754022
v 0.11613677 -0.02803278 0.16320188
v -0.09497456 -0.29951450 -0.52290940
v 0.14982624 0.24129501 0.85768366
v 0.21572590 0.27393395 -0.17146160
v 0.55424619 -0.42573869 -0.47006801
v -0.10292394 -0.23351476 -0.59421420
v -0.57569611 -0.50788301 -0.36291870
v -0.02299860 0.27594107 -0.50019097
v -0.39980394 0.02453303 0.46062440
v 0.18081583 0.20144475 0.07745722
v -0.44496459 -0.12036086 -0.17753857
v -0.03656475 -0.23262821 -0.24562433
v 0.23827255 0.26288027 -0.24458201
v -0.21497479 0.02657413 0.52366155
v -0.40132561 0.10026328 0.53472328
v -0.28634927 -0.09982532 -0.31002077
v 0.26535830 0.27329043 0.68086976
v 0.14598623 0.26469475 -0.46214679
v -0.21675034 0.25672257 -0.33782887
v -0.39491984 -0.03409442 -0.15822427
v -0.02716981 0.36916575 -0.30382314
v -0.12656480 -0.11549681 -0.03186760
v -0.06459815 -0.21610813 -0.27409175
v -0.16744116 -0.30187628 -0.60157847
v 0.24736695 0.23261915 0.86190283
v -0.09931267 -0.19825421 -0.48832899
v 0.16025789 0.07090161 0.56346577
v 0.11734215 -0.27147460 -0.37447897
v -0.38494998 0.16834933 0.56006807
v 0.17954771 0.13820598 0.79412889
v -0.31132159 0.21866213 0.79304188
v -0.11689916 0.34997427 -0.24358615
v -0.13363674 -0.28735021 -0.63532692
v 0.51254946 -0.18288852 -0.43580154
v 0.00446487 -0.47201431 -0.24532297
v 0.15886022 -0.06208303 -0.00815476
v -0.33276492 0.12767330 0.20412037
v -0.05309191 -0.09011748 0.04117784
v 0.11069869 -0.16321257 -0.15823629
v -0.44749933 -0.12138462 -0.17882629
v -0.12266487 -0.24083133 -0.38329622
v -0.27756914 0.17342088 0.16991617
v 0.06258933 -0.12000136 -0.51626706
v 0.25879180 0.25507736 0.79995531
v 0.24588653 -0.09192683 -0.24424070
v -0.20266441 0.12827297 0.57110286
v -0.23048609 -0.03778956 0.34837860
v 0.37751409 -0.02910232 0.83250135
v -0.28610283 -0.02550234 -0.33325845
v 0.21836127 -0.26906073 -0.63887322
v 0.29337841 0.13819113 -0.19565426
v -0.43618613 -0.14876910 -0.17991753
v -0.21999681 0.19886413 -0.40124258
v 0.20287931 -0.11962161 -0.12232924
v -0.14975032 -0.18402608 -0.33937341
v 0.18448979 -0.10502409 -0.07701935
v -0.18236923 0.14139968 -0.47393227
v -0.55413145 -0.51615828 -0.37363884
v -0.20302056 -0.03176619 -0.05937209
v 0.51436472 -0.28657082 -0.54205298
v -0.34182879 0.14107095 0.38710064
v 0.62745392 -0.19149195 -0.36457792
v 0.00493944 -0.21814777 -0.21557848
v 0.13096394 -0.15838146 -0.10784910
v 0.21158323 0.12923668 0.09533371
v -0.04829326 -0.10441419 -0.55194741
v -0.15509667 -0.07511593 -0.03052961
v 0.22006518 0.07062423 -0.42905974
v 0.35192558 -0.03737992 0.85185206
v -0.03535796 -0.28942275 -0.23160683
v 0.15854539 -0.31141219 -0.57231963
v -0.26292995 0.17061956 -0.34555274
v 0.10253652 0.34020838 -0.14634463
v -0.33026448 -0.07813036 -0.33158311
v 0.15514721 -0.21155998 -0.57446861
v -0.21063152 0.08124593 -0.44259989
v 0.54245853 -0.29182091 -0.54750156
v -0.33318371 0.05661590 0.72410405
v 0.04699551 0.33336473 0.30965450
v 0.13753343 -0.18316987 -0.47612235
v 0.13716440 0.26927257 -0.05512593
v -0.29465309 0.04725114 -0.31476703
v -0.03235048 -0.14849223 -0.19237871
v -0.35194635 0.08835395 0.23791185
v 0.18478350 0.04918250 0.55960214
v -0.46458662 -0.04913044 -0.28282279
v 0.28226808 0.05389992 0.64273202
v -0.46293932 -0.17985635 -0.38053739
v -0.34604922 -0.01701752 0.54366595
v 0.27164900 0.17379603 0.45868102
v 0.24043760 0.21245483 0.34023619
v -0.19617109 0.05391263 -0.03465578
v 0.13278657 0.34740588 -0.23024656
v 0.30107334 0.11327741 -0.30808547
v 0.10687166 -0.28755915 -0.43744561
v 0.19740275 0.02212073 0.45615688
v 0.20540404 0.15211898 -0.03800116
v 0.31335303 -0.02090594 -0.31369984
v -0.57908905 -0.29015660 -0.37993732
v 0.49947429 -0.27630547 -0.26458016
v 0.17378299 -0.04976033 -0.01858195
v 0.41004407 -0.00468562 -0.29746830
v 0.54344803 -0.31125802 -0.41646683
v -0.33944684 -0.04176613 0.35732001
v 0.21497984 0.24456638 -0.39531666
v -0.39384088 -0.17192796 -0.18141520
v 0.08733521 -0.16297592 -0.09135529
v -0.07185095 -0.28008443 -0.57294190
v 0.27929184 0.19491513 0.22180611
v 0.13977626 0.15994905 0.59906662
v -0.07374676 0.21818122 0.24297203
v 0.19415356 0.21518040 0.53933191
v -0.43286490 -0.26220176 -0.23246008
v 0.45021829 -0.22000971 -0.23182231
v -0.21175991 0.15868644 0.61344272
v 0.40983039 -0.01147378 -0.29687268
v 0.19500604 0.16938441 0.08202657
v 0.34489414 0.05772200 -0.31724492
v 0.56769890 -0.42057583 -0.45917150
v -0.18733221 -0.14641066 -0.27357671
v 0.16306047 0.23679899 0.04017549
v -0.50612772 -0.47022849 -0.48900118
v 0.30589530 -0.00066242 0.53019226
v 0.30829859 0.19238108 0.73838586
v 0.11108267 0.14481306 0.33479315
v 0.20878989 -0.02788534 0.24959028
v 0.29080090 0.25530431 0.67547393
v 0.15582885 0.33831850 -0.26106611
v 0.01206656 -0.16773060 -0.20601670
v -0.38551304 0.07824206 0.43741316
v 0.02521376 -0.36589849 -0.35863400
v 0.57042110 -0.21369904 -0.22117139
v -0.51790917 -0.12226252 -0.26082826
v 0.15199919 -0.23087844 -0.47813553
v -0.56681126 -0.54397869 -0.34729800
v 0.19376630 0.25612372 -0.07292473
v 0.54839808 -0.10137876 -0.19554763
v -0.54412180 -0.43466881 -0.26606622
v -0.12677532 0.30474937 -0.38688168
v -0.34234554 -0.11311780 -0.32763952
v 0.21756884 -0.04031898 -0.38999885
v 0.20479494 0.06839270 -0.02369883
v -0.40032890 -0.01341451 0.82358909
v 0.25518942 0.02719532 0.17622438
v 0.01400803 0.12898123 -0.56655926
v 0.34887135 0.17005603 0.55222672
v 0.14296831 -0.18630983 -0.48248079
v -0.39833707 -0.06647683 -0.15465742
v -0.34203365 0.00146492 -0.33141685
v 0.02022175 0.19317846 -0.55029291
v -0.24083412 0.18349051 -0.38015124
v 0.55256921 -0.38386431 -0.51422542
v -0.54252392 -0.57294828 -0.34010708
v -0.25486159 0.17282033 0.86080360
v 0.40780348 0.07269276 0.86087018
v 0.21172373 0.04876067 -0.03837196
v 0.15464187 -0.19526424 -0.51917279
v 0.00947332 0.30460820 -0.47370049
v -0.19393304 -0.13500108 -0.23168816
v -0.33172566 0.13528809 0.43908417
v 0.17244749 0.22779982 0.22905941
v 0.28801510 0.10567895 0.85803109
v -0.12999035 0.25503594 0.07210331
v 0.09799309 0.30762658 -0.01528535
v -0.33609909 -0.11485912 -0.32292861
v 0.20036496 -0.08239474 -0.07669955
v 0.17940345 0.03073479 0.42783025
v -0.37691829 0.03321876 0.76777196
v -0.59909695 -0.31272674 -0.29019314
v -0.51466036 -0.36039919 -0.23756664
v 0.13985494 0.24501975 -0.48223889
v 0.18248689 0.30527833 -0.18644646
v -0.16641159 -0.28968346 -0.64134872
v 0.07392179 0.31354702 -0.02353412
v -0.22237875 0.02806066 0.51436359
v -0.45327249 -0.05766053 -0.17783597
v -0.24314260 0.08424620 -0.39798349
v -0.10721271 -0.28425550 -0.33247608
v -0.31256509 0.07605015 -0.28515014
v -0.16979949 -0.28320345 -0.63811231
v -0.37176651 0.17321882 0.82202351
v 0.09628363 -0.15649249 -0.25781038
v -0.56905162 -0.22162896 -0.39281762
v -0.43390998 -0.20831700 -0.17881803
v -0.18435085 0.09527614 -0.01126427
v -0.00227317 0.52876657 0.41512418
v -0.04022753 0.42714605 0.36683902
v -0.46030596 -0.08016571 -0.28988031
v 0.15212774 -0.30249971 -0.57734406
v -0.08534583 -0.21741886 -0.56900948
v 0.20165907 0.29802600 0.84121805
v -0.46988314 0.10351221 0.85228992
v 0.06427631 0.33636135 -0.41570011
v -0.12962453 0.27791911 -0.43447828
v -0.08497384 0.27545211 0.12266147
v 0.01591337 0.47163388 0.35156214
v 0.17557117 0.32504892 -0.26445380
v 0.25892010 -0.03693711 -0.12943108
v 0.35969406 -0.08021344 -0.28410858
v 0.15549454 -0.14476238 -0.40893918
v 0.18672836 0.12503384 0.82175916
v -0.07529514 -0.17645378 -0.52089840
v -0.40707895 0.02108919 0.48652157
v 0.18271549 0.04648098 0.00513134
v 0.20979454 0.13496320 -0.46294358
v -0.47249141 -0.05407440 -0.20527789
v -0.42008227 -0.01317730 -0.27903453
v 0.19027314 0.25412887 0.64826071
v -0.60193020 -0.21706645 -0.25130391
v 0.22242455 -0.02100408 0.43578294
v 0.35027924 0.15510109 0.55808079
v 0.13687956 -0.08286205 -0.00393370
v 0.09819428 0.19706975 0.29091051
v -0.22572018 0.17462003 0.86105657
v 0.15167384 -0.09890025 -0.42150930
v 0.13826580 0.34583449 -0.25792432
v 0.06154228 -0.25012457 -0.47743282
v 0.16528009 -0.24089313 -0.53119808
v 0.21050563 0.17988269 -0.45513874
v -0.38950574 -0.11467205 -0.33489096
v 0.27147341 0.03789204 -0.11540324
v 0.63670743 -0.33530438 -0.41799000
v -0.23767148 0.21874639 0.20138432
v -0.07022789 -0.29747599 -0.55922592
v 0.24500626 -0.03224909 -0.34981790
v -0.51156801 -0.37081197 -0.26174992
v -0.24343655 0.12765048 0.12761781
v 0.03364445 0.12607786 -0.56826872
v -0.38793647 0.09245022 0.63565350
v -0.15311234 0.23950641 0.14931950
v -0.37608162 0.15350191 0.71256685
v 0.39709526 0.02844132 -0.29681975
v -0.56205714 -0.18399964 -0.36550710
v -0.34381786 0.04073023 0.85874784
v 0.49813768 -0.04515223 -0.21117328
v 0.16208705 0.07577703 0.55208403
v -0.41352677 -0.01341397 -0.29292038
v -0.29499143 0.08083326 0.17116852
v -0.24667701 0.11047505 -0.09759200
v -0.22682810 0.26437461 -0.25934365
v 0.23244971 0.27776727 0.84397644
v 0.14819734 0.18188456 0.59921342
v -0.60788393 -0.39245513 -0.29166669
v -0.15313412 0.20365965 0.33679485
v -0.06083328 -0.35774979 -0.30590993
v -0.43599430 -0.29478645 -0.27596551
v -0.26667017 0.19353874 -0.23470330
v -0.18483813 0.09659807 -0.01522656
v -0.09887826 0.35180923 -0.20957789
v 0.17636234 0.16728607 0.51537615
v -0.09378248 0.25425681 -0.49079770
v -0.09329946 -0.26355836 -0.51498938
v -0.12671475 -0.21192622 -0.33755955
v 0.30217111 -0.03356221 0.48084199
v 0.04157292 0.34214264 -0.13865857
v -0.24716222 0.17808704 0.39679098
v 0.10511015 0.29299578 0.00297494
v 0.25200436 0.23146914 -0.26959312
v -0.21602698 -0.02561729 0.36963430
v -0.54072481 -0.13379365 -0.33438325
v -0.14010341 0.28505188 -0.40782756
v 0.20488390 0.09881646 0.04187547
v 0.11247425 0.24999848 0.15293564
v 0.00966560 -0.28591970 -0.20097807
v 0.02430274 0.04711873 0.27048895
v 0.12903202 -0.25243998 -0.39585865
v 0.32388681 0.15034327 0.38047585
v 0.06565778 -0.35647050 -0.23816349
v 0.26423821 0.26090401 0.72698802
v 0.31108469 0.02046650 0.56146705
v -0.20797229 0.09956300 0.66921777
v -0.03087800 0.40097609 0.37910029
v 0.01904225 0.34223819 -0.41440392
v 0.24297103 0.23864920 -0.18372072
v -0.13041975 0.31811851 -0.12148747
v 0.21164820 -0.03032550 0.38973296
v 0.06754748 -0.05986090 0.10004221
v 0.05011328 0.19008039 -0.54862064
v -0.20825008 0.26563117 -0.19207807
v 0.27861586 0.13082097 -0.34453675
v 0.19733842 0.22370315 -0.44364038
v -0.15464111 0.32774141 -0.18351616
v 0.30032617 -0.01963240 0.28801692
v -0.10419442 -0.09672233 -0.49849066
v 0.16213220 0.01763421 -0.47949094
v -0.39666265 0.12940212 0.62470144
v 0.27898008 -0.02982942 0.28446391
v 0.46718445 -0.20926036 -0.30252624
v -0.10383920 -0.16993223 -0.17305061
v 0.30746847 0.01701921 0.55954987
v -0.19628093 0.10172322 0.63891101
v 0.63265693 -0.32062984 -0.44892725
v -0.40819436 -0.00896026 -0.18019985
v -0.60501945 -0.39276934 -0.27964565
v -0.39214748 -0.05210787 -0.15357551
v -0.10378261 -0.15024734 -0.05593445
v 0.40697244 -0.12542996 -0.17822729
v 0.50372928 -0.24674518 -0.36738569
v 0.09535097 -0.07878826 0.02993980
v 0.07708794 0.01428265 0.27329648
v 0.21398139 0.19650595 0.18334164
v 0.34352234 0.14003864 0.32286662
v -0.58713514 -0.37024119 -0.39980483
v 0.28195304 0.15387692 -0.28206995
v 0.27088457 0.04819380 -0.37403014
v -0.34445837 0.00522319 0.77974087
v 0.52039611 -0.27743736 -0.30703157
v 0.30631971 0.23846248 0.61948317
v 0.17960931 -0.21263452 -0.49856246
v 0.19838895 0.15218981 0.07564458
v -0.52379858 -0.35412019 -0.23298122
v 0.28509966 0.24486679 0.57063836
v 0.02667039 -0.33758351 -0.18829530
v 0.13390782 0.18044460 0.33552215
v -0.12414148 -0.23209921 -0.33812100
v -0.09054126 -0.01401804 0.21124162
v 0.15882480 0.22703029 0.12930851
v -0.27198201 0.05881822 -0.32430074
v 0.08561651 0.12155447 0.30841911
v -0.23870315 0.17190704 0.53601849
v 0.11925684 0.00199992 0.29521498
v -0.04374579 -0.16479120 -0.52626908
v -0.32362494 0.04989557 0.70478463
v 0.18842888 0.03770616 -0.45641887
v -0.25450042 0.02002348 0.63733321
v 0.07322799 0.34560522 -0.37014148
v -0.23231748 0.21016605 0.34913686
v 0.18172263 0.14269224 0.49820188
v -0.59649855 -0.31657404 -0.30718428
v 0.62964422 -0.18817061 -0.36161020
v 0.17691931 0.11656146 0.46180469
v 0.24105704 0.05513087 0.85965335
v -0.10870165 0.29839772 -0.42077842
v 0.17475881 0.16278569 0.76763445
v 0.00560804 -0.31212491 -0.43584862
v -0.10898934 0.14629810 0.34966302
v 0.26916513 0.09391788 -0.12555625
v 0.35588253 0.04199727 0.41564831
v -0.22834039 0.05324865 0.14306758
v -0.40091470 0.11718427 0.54789573
v 0.33402905 0.10937363 0.41748130
v -0.37978160 0.14924808 0.75737435
v 0.35566714 -0.00343616 0.48863536
v 0.15539673 -0.20569004 -0.56282580
v -0.08991378 -0.02403660 0.18437034
v 0.14302553 0.23912545 0.23433347
v 0.55230689 -0.10866061 -0.19462387
v -0.13442507 -0.24328169 -0.49738792
v 0.04120987 0.36096689 -0.15469460
v -0.36222455 -0.18223438 -0.23346159
v -0.09752824 -0.26808226 -0.43306848
v -0.31144741 0.16340370 0.85386091
v 0.52853280 -0.27757713 -0.38226852
v 0.13454375 -0.00623006 0.09172623
v -0.21636528 0.01967033 0.53507817
v 0.13013023 0.27407497 0.05149348
v 0.51881725 -0.29657063 -0.30354559
v 0.20113143 -0.22382782 -0.53300989
v -0.12507652 0.23181698 0.25409406
v 0.32589927 0.11564472 0.86003447
v 0.16991641 0.01817445 0.02501231
v 0.23834896 0.10212080 -0.41852030
v 0.03429610 0.40187833 0.34091869
v 0.18680528 -0.22966357 -0.60038376
v 0.22103830 0.26643378 -0.34058869
v 0.62126368 -0.42259538 -0.40091673
v -0.21510343 0.02086163 0.54093564
v 0.24871230 0.19091336 -0.12298421
v -0.20912495 0.15409023 -0.44352376
v 0.16824861 0.19435985 0.35593945
v -0.23523274 -0.08839092 -0.35152224
v -0.09955057 0.24344541 -0.49567655
v 0.21243833 0.04298819 0.60143089
v 0.19244358 0.14023980 0.76359415
v -0.19372889 0.11269867 0.05637352
v -0.29549104 0.14396939 0.85676390
v 0.10402588 -0.03419901 0.14251891
v 0.45888814 -0.19635494 -0.30027214
v 0.10159604 0.08731403 0.33348212
v 0.01820736 0.36446384 -0.26968774
v 0.24617314 0.22794321 -0.18321252
v -0.00220658 -0.39460173 -0.32696950
v -0.28068346 -0.05925241 -0.13780199
v -0.31615201 0.09128831 -0.21490340
v -0.57985914 -0.23994730 -0.23731296
v -0.28087038 0.20916484 0.32114419
v 0.18678455 0.07410286 0.02604379
v -0.33898541 -0.15885945 -0.26955298
v 0.31034166 0.07573498 0.64551455
v 0.30173159 0.15981978 0.74356920
v -0.21344076 -0.12286005 -0.19622645
v 0.33174071 0.09520139 0.43420944
v 0.39392462 0.05932872 -0.28326622
v -0.16629672 -0.12223992 -0.07342666
v 0.50831717 -0.04841270 -0.22978327
v -0.38270786 0.05495159 0.85566360
v 0.57387424 -0.20048249 -0.44139120
v -0.11845858 0.13726752 0.35866320
v -0.20712453 0.18252012 -0.08225410
v -0.19740859 -0.14936011 -0.26766181
v 0.16218491 0.28960770 -0.10549729
v 0.54845792 -0.07808526 -0.21653359
v -0.21881238 0.11249417 0.72170198
v 0.13640094 0.13283439 0.60390186
v -0.02102407 0.31211218 0.33997849
v 0.27192977 0.16957140 -0.33485916
v 0.19109929 -0.05670085 -0.44205070
v 0.37703371 0.12719835 0.83538812
v 0.09300036 -0.11237903 -0.49335513
v 0.31215087 0.08731633 -0.14164448
v 0.26959926 0.12665367 0.16722609
v -0.16890933 0.15501451 -0.48876244
v 0.15306026 -0.01933362 0.18355782
v 0.57853734 -0.04892128 -0.32159474
v 0.50445741 -0.26395780 -0.46593055
v 0.28005400 -0.01557611 0.25710213
v -0.40864211 0.03766191 0.52605176
v -0.59876621 -0.19357127 -0.30362394
v 0.05337437 0.27647045 0.14562523
v -0.17267904 -0.15708284 -0.16868772
v -0.04637377 -0.34121525 -0.33823121
v -0.41919327 -0.14797343 -0.17327312
v 0.23176016 0.14159670 -0.43635187
v -0.21690437 -0.00430608 -0.07100531
v 0.31507212 0.18076587 0.79047149
v -0.38436756 -0.24144880 -0.27959254
v 0.55255836 -0.43126538 -0.47134942
v -0.13538423 -0.09233367 -0.44226921
v -0.11278887 -0.31366539 -0.60432863
v -0.04809898 -0.26873046 -0.50819153
v 0.12547016 -0.02483903 0.19329681
v -0.15342511 0.13573536 -0.49655545
v 0.15780720 0.16807207 0.54402995
v -0.24574149 -0.11555342 -0.22834931
v -0.47006613 -0.30792588 -0.40817732
v -0.44971713 0.04008243 0.85899687
v -0.23293397 0.13238691 0.11737742
v -0.07326534 -0.19507411 -0.28374788
v 0.17125235 -0.04315415 -0.46275443
v 0.15761268 -0.20568946 -0.56257188
v -0.45287275 -0.03573192 0.80447191
v 0.31378335 0.06143536 0.20866895
v -0.46508819 -0.28647792 -0.19207336
v -0.40260229 0.04060778 0.76866907
v -0.52104676 -0.39209348 -0.27385247
v -0.04687953 -0.35139668 -0.36231378
v -0.23051146 0.17569290 0.86305505
v -0.05005755 -0.02848188 0.21201061
v -0.27585572 0.15044941 -0.29131347
v 0.23913054 -0.04473985 0.37204257
v -0.02485631 -0.08946733 0.05095429
v 0.24724972 0.23733439 -0.30895206
v 0.25036210 0.14757377 -0.10020047
v -0.27148753 0.10102551 0.15822563
v 0.49575922 -0.15139814 -0.16546200
v -0.25845629 0.01527139 -0.38904938
v -0.23062213 0.17037460 0.77684939
v 0.26956683 0.19391978 -0.29303652
v 0.26970971 0.14508338 -0.36029747
v 0.56030697 -0.25339431 -0.52055347
v 0.22401600 0.12555167 0.74106997
v -0.20143980 -0.13101688 -0.21241748
v -0.36901280 0.12409912 0.33254322
v -0.36236039 0.07411046 0.25854322
v -0.20859064 0.06604677 -0.05105406
v 0.27808511 0.16767316 -0.26942986
v 0.49003506 -0.26170614 -0.24696693
v -0.48618105 -0.29472154 -0.19636257
v -0.17726201 0.00976865 0.12592207
v -0.00025474 0.50297987 0.35427767
v 0.27623564 0.03458508 -0.36152357
v -0.09234791 -0.27163887 -0.40980443
v -0.18298908 0.17975388 -0.00286994
v -0.21772219 0.08274232 -0.43529308
v 0.33389053 0.13213441 0.78448015
v -0.01417873 0.28289217 0.15234359
v -0.31728742 0.17968181 0.22000103
v -0.28267351 -0.00352431 -0.13354124
v 0.06122198 0.35490945 -0.34850809
v 0.10267241 -0.02829613 0.16997148
v 0.30458957 0.19900697 0.78066105
v -0.43567422 -0.30373469 -0.30285245
v -0.56200254 -0.31460243 -0.39642009
v -0.22805579 0.13920212 0.11415681
v 0.17468025 0.01018783 -0.45557678
v -0.18935229 0.12062306 0.01801605
v 0.04137209 -0.08102280 0.09228143
v -0.33171153 0.06474969 -0.28529868
v -0.45187798 0.10855025 0.86253470
v -0.26304385 0.15201767 -0.18988788
v 0.19714825 0.21176779 0.53304082
v 0.01481796 0.17051798 -0.55995053
v -0.45095560 -0.05324893 0.83306444
v -0.14523996 0.00345228 0.31679845
v 0.32963359 0.13346927 0.40321663
v 0.48941448 -0.23949289 -0.21336536
v 0.21519201 -0.03922774 0.30746999
v 0.21897374 0.15592137 0.85541528
v 0.00580152 0.36969972 -0.30867928
v -0.26794359 0.14404877 -0.19254383
v -0.19225068 -0.12809792 -0.35857737
v 0.39448079 -0.12530340 -0.23205036
v -0.07388129 0.03648284 0.26794982
v 0.34685716 0.01628119 0.43065810
v 0.05321797 -0.08122993 0.08241432
v 0.27350184 0.14989999 -0.32453674
v 0.62752843 -0.25082916 -0.38859057
v 0.03324763 -0.13705470 -0.52586830
v 0.51381147 -0.33689687 -0.54670233
v -0.05872467 -0.14929654 -0.51252425
v 0.23343085 -0.03723798 0.27124771
v -0.31113067 -0.04083361 0.30037573
v 0.26649922 0.25000453 0.57859516
v -0.10744627 -0.02943165 -0.52728027
v -0.47641021 -0.04121321 0.81221139
v 0.17480169 -0.14220490 -0.12582299
v 0.15046583 0.19647735 0.81286019
v 0.16327287 0.23388465 0.21184772
v -0.21043165 0.20729926 0.35994631
v 0.17407608 0.24622770 -0.44488198
v 0.60190207 -0.45100459 -0.43702504
v -0.26780128 0.06435401 0.73337948
v 0.32675183 -0.02193620 0.42938915
v -0.29376569 0.10372016 -0.22842246
v 0.01667935 -0.45288607 -0.23256257
v -0.22930603 0.13413765 0.78994179
v -0.00368262 -0.28272125 -0.20609634
v -0.03975903 0.36352551 -0.26668575
v 0.05862533 -0.36146459 -0.33868581
v 0.25119224 0.25019285 0.57704115
v -0.08598399 0.18779081 -0.53379035
v 0.52462137 -0.03433445 -0.29128754
v -0.21599071 0.23534055 0.29478893
v -0.32441238 0.05255169 -0.30468661
v -0.16625446 0.23873389 0.25331473
v 0.01269986 0.48739353 0.36002216
v -0.47689119 -0.27788204 -0.41463318
v 0.09582201 -0.22305532 -0.53921264
v 0.13807118 -0.15469968 -0.44175452
v 0.04862958 0.37021279 -0.22395675
v -0.59128255 -0.24984536 -0.37387484
v -0.17106846 0.23826173 0.22005899
v 0.15960948 -0.00590307 -0.46906024
v 0.21527256 0.15808482 -0.45034489
v -0.18833455 0.08667643 0.05059320
v 0.00040868 0.33282757 0.37449452
v 0.52032512 -0.09950513 -0.18192348
v -0.38528225 0.00578237 0.53181690
v 0.16132922 0.13398480 0.41796872
v 0.15054239 -0.31321213 -0.55789042
v -0.17811415 -0.10921403 -0.08196523
v 0.02535332 0.12950757 -0.56504560
v -0.00878738 -0.14210032 -0.09074933
v -0.26846981 0.17472002 -0.20136753
v 0.19532786 0.25349945 -0.09098939
v 0.24157786 0.03905557 -0.39972511
v -0.29171628 0.14508468 0.42601553
v 0.35307670 0.06526157 0.82797211
v 0.11672403 -0.02656422 -0.52591842
v -0.14130011 0.23805055 0.10464504
v -0.13189878 -0.22151482 -0.38448665
v -0.27794504 0.21308434 0.30213341
v -0.50049096 -0.35970193 -0.42920247
v 0.09231592 0.33924052 -0.36234781
v -0.09395829 -0.15790331 -0.25999200
v 0.19962323 0.09383743 0.81160688
v -0.02849229 0.37758958 0.30941948
v -0.55410182 -0.57097745 -0.26526850
v -0.29409510 0.17460415 0.38655874
v -0.49322724 -0.10822574 -0.27708751
v 0.23253624 0.03645415 0.78062546
v 0.12603754 0.13478525 0.37149501
v -0.33014184 0.21111563 0.81435037
v -0.16328882 -0.01149724 0.33057910
v 0.49695855 -0.03903969 -0.21747631
v -0.50938570 0.04085401 0.85340101
v 0.10020407 -0.31080008 -0.31915134
v 0.05228128 0.18713954 -0.54950792
v 0.12854582 -0.17713214 -0.48598802
v 0.08840246 0.28868192 -0.47343644
v 0.19391787 -0.13535060 -0.15179364
v 0.20134658 0.14712167 -0.01153932
v -0.49300849 0.01532281 0.83447510
v 0.02266435 0.14274970 0.26462710
v 0.16136004 0.14082207 0.69396311
v 0.16626719 0.17564130 0.38507769
v 0.22241209 0.23859303 -0.36905536
v -0.19413021 0.30250278 -0.28003162
v -0.43600777 0.08076520 0.85553962
v 0.18228363 0.00580922 0.41307738
v -0.32956463 0.08155826 -0.20236069
v -0.52050984 0.02749140 0.85311341
v 0.22912757 -0.10510363 -0.32773513
v 0.16288148 0.27352408 -0.43513039
v -0.46814847 -0.10775005 -0.19376744
v -0.54650521 -0.39088210 -0.26119149
v -0.52911687 -0.31236401 -0.21120010
v -0.36320162 -0.21784954 -0.28816128
v 0.27492833 -0.02091104 0.48347980
v 0.13343680 0.15440172 0.36228317
v 0.16427141 0.16356856 0.81629926
v -0.39000612 0.04898300 0.39080590
v -0.24833232 0.22031927 -0.19522969
v -0.32130349 -0.02709323 0.51228982
v -0.48653442 -0.06331179 0.82438684
v -0.38822073 0.10392871 0.62837470
v 0.02558151 -0.33996439 -0.38041112
v 0.32194903 0.16227400 0.26985720
v -0.00621119 0.24992932 -0.52066511
v 0.32684475 0.09641597 0.22055383
v 0.13266192 0.07531746 0.37834421
v 0.14351735 -0.08210517 -0.48956805
v -0.47036868 -0.07667806 -0.22042170
v 0.03679366 0.28493744 0.13762304
v 0.16463871 -0.27250084 -0.56906354
v 0.48503074 -0.06981175 -0.35306188
v -0.05029796 -0.33633468 -0.32764062
v 0.10397315 -0.33100355 -0.38312575
v -0.48602816 -0.40153092 -0.42761827
v 0.15781289 -0.02873478 -0.48171455
v -0.50059068 -0.41337860 -0.37234545
v 0.33626398 0.04050989 0.25314477
v 0.46578994 0.03075220 -0.24038725
v 0.41760644 -0.04948514 -0.13098724
v 0.15029894 -0.07219694 -0.48746446
v 0.35808855 0.04820989 -0.31294876
v -0.12933113 0.21768603 0.29034343
v -0.00297844 -0.10432128 0.04081666
v 0.21779048 0.02948747 -0.42301279
v -0.50701648 -0.38026971 -0.29065105
v -0.18728924 0.28496236 -0.16088559
v -0.38764468 0.15559135 0.83986712
v 0.15695983 0.18082675 0.85064244
v 0.22085369 -0.03715757 0.27906567
v 0.18920247 -0.21512868 -0.54921794
v -0.33334243 0.02781156 0.86207855
v 0.35042709 0.11997601 0.31033826
v 0.61687350 -0.35809070 -0.46800569
v -0.10839798 -0.25358140 -0.61430037
v 0.57948685 -0.04950201 -0.31910202
v 0.25156930 -0.00453041 0.80984664
v 0.24171622 0.22355634 0.30683580
v 0.43495628 -0.16313554 -0.18282323
v -0.46236148 0.08489786 0.78663814
v -0.00936083 0.30295804 -0.47465256
v -0.38575429 0.02622786 0.31977984
v -0.15271583 0.18259610 0.35961968
v 0.49480355 -0.22381859 -0.19286846
v -0.55468124 -0.52157730 -0.26691854
v -0.23929921 0.01770394 0.61559814
v -0.24293818 0.05530857 0.68646789
v 0.10340432 0.24753538 0.19497958
v -0.06513281 0.08778699 0.29588604
v -0.24040926 0.12483093 0.45071179
v -0.37174749 0.16229087 0.85992277
v -0.55665952 -0.39523917 -0.45786834
v -0.15482126 0.31117195 -0.13448335
v 0.09752119 0.12497827 0.32352370
v -0.46244466 -0.28839236 -0.41008577
v -0.09158408 -0.02671052 0.17665949
v -0.16656259 0.21780655 0.00273159
v 0.10498451 0.10361094 0.33696046
v -0.09336307 -0.26127106 -0.44883716
v -0.24856152 0.17550504 0.40170401
v -0.05847962 -0.15327491 -0.17788699
v -0.42782679 0.08999994 0.77333558
v -0.00335221 0.45634228 0.39279714
v -0.14675164 0.23926818 -0.02753724
v 0.08242823 0.13702871 -0.54657066
v 0.33143753 0.15132421 0.30154908
v -0.53228217 -0.13030359 -0.28795832
v -0.22937231 -0.03659322 0.26045433
v 0.06954032 -0.16179299 -0.14555760
v 0.18122818 -0.02980181 0.28049666
v 0.05587058 -0.08075477 0.07797088
v -0.46025375 -0.03406425 -0.23190467
v -0.46104509 -0.03479367 -0.22772224
v -0.22907978 -0.06711249 -0.13490872
v 0.19618401 0.19855636 -0.46225312
v -0.56272674 -0.54929876 -0.34204939
v -0.39910296 0.02514288 -0.20439784
v -0.12999129 -0.03396082 0.00876311
v 0.25581622 0.06739871 -0.39530084
v 0.36160445 0.00673320 -0.12062365
v 0.45055363 0.01982902 -0.16079743
v 0.37923542 0.05282336 0.85318983
v -0.17445309 -0.26004300 -0.58719355
v 0.25079927 0.15819719 0.17833534
v 0.20277382 -0.02114654 0.40365493
v 0.55797446 -0.20179641 -0.45918441
v 0.36458227 0.07860842 0.32715935
v 0.59843266 -0.27251959 -0.30208758
v -0.37964329 0.01430777 0.31867766
v 0.03688684 -0.12777570 -0.52340835
v 0.10675403 0.35097030 -0.19831651
v -0.09983767 0.25363562 0.16930915
v -0.01370555 -0.22391298 -0.22425522
v 0.14298874 -0.13312325 -0.05879544
v -0.25609484 -0.04018213 0.37334239
v -0.39058399 -0.07792407 0.85928828
v 0.62564170 -0.20851658 -0.36849058
v 0.08386922 -0.04499012 0.08296750
v -0.00715662 -0.33671308 -0.18974547
v 0.21158861 0.02671594 0.54823714
v -0.50496471 -0.52566600 -0.40657276
v -0.46131444 -0.03346341 -0.24171843
v 0.54336679 -0.34713376 -0.47312400
v 0.45985031 -0.22756900 -0.20812710
v -0.38001290 0.05195725 0.29247001
v -0.34565145 -0.16428995 -0.27071315
v -0.12979691 0.21151145 -0.49125737
v 0.37797329 0.05252305 -0.13843909
v -0.06663089 0.29290712 0.07047705
v 0.06166398 0.36732846 -0.24858296
v -0.37886828 -0.01041650 0.49998847
v -0.46720684 -0.16616857 -0.37767059
v 0.23135237 0.23816469 0.55570853
v -0.17862381 -0.13956825 -0.11638053
v -0.01796402 -0.34833080 -0.20480888
v -0.49302781 -0.54288542 -0.41290727
v -0.10107322 -0.24597095 -0.47214589
v -0.13197677 -0.11175541 -0.03314170
v -0.27345207 0.18643844 -0.29742426
v -0.30512109 -0.04518500 0.35225862
v 0.15916048 0.24370009 0.04138697
v -0.37997013 -0.07339012 -0.33503658
v -0.11951403 -0.01781997 0.07066663
v -0.16031012 0.14989150 -0.49496967
v 0.11287007 -0.22792321 -0.56533688
v -0.03382394 -0.15644550 -0.15651867
v 0.18358621 0.29566872 -0.15169755
v -0.13494106 -0.24776316 -0.52032983
v -0.21722439 -0.14148462 -0.29044795
v -0.22083789 0.20869860 0.85718918
v 0.30027851 0.16212314 0.48938742
v 0.18740197 0.15099274 0.75227499
v -0.11074655 0.09246484 0.33878568
v -0.50337619 -0.31974363 -0.20838092
v -0.04029532 0.26730913 0.25075912
v 0.08703411 0.36274740 -0.28818324
v 0.00268703 -0.11901233 -0.53541392
v -0.17907932 -0.05531235 -0.04772977
v -0.20574231 0.14786242 0.09743579
v 0.00820003 0.33172736 -0.14771651
v -0.45460239 0.01649117 0.81565672
v -0.39951724 0.01626042 0.41745523
v -0.15395135 -0.30103382 -0.59495580
v 0.13027488 0.31906947 -0.39736179
v 0.52632326 -0.31343427 -0.46441486
v -0.04680992 0.17747180 0.26656863
v 0.58605415 -0.42455220 -0.46608576
v 0.57699907 -0.35402781 -0.52175939
v -0.12312397 0.35056722 -0.22529514
v 0.29031867 0.24409106 0.57509917
v 0.27813405 0.04419504 0.78958654
v -0.40244624 0.00298486 0.86263245
v 0.02235494 -0.14443588 -0.15748182
v 0.38163882 0.11435585 0.83865905
v -0.27512276 -0.01468997 -0.13540165
v 0.16739430 0.18341883 0.73409289
v 0.35379922 -0.10517127 -0.22436111
v -0.40172929 0.02771676 0.45294318
v -0.17969437 0.24727024 -0.08089094
v 0.12337796 0.28298336 -0.46143118
v -0.60633284 -0.24900192 -0.35451564
v 0.25709194 -0.08619421 -0.19236511
v -0.27952185 0.04697793 -0.32247102
v 0.63505846 -0.33361298 -0.42969707
v -0.42077529 -0.01531166 0.80994201
v -0.14099051 0.13498649 0.38330171
v -0.11735317 -0.26532248 -0.54446411
v -0.20108418 -0.13636482 -0.17525774
v 0.14738305 -0.18861121 -0.40728101
v -0.39713374 0.03025561 0.55382186
v 0.23640239 0.19549246 -0.06956561
v 0.01064830 0.40474427 0.39018723
v 0.60848796 -0.10161880 -0.37279168
v 0.17334712 0.21895429 0.04746096
v 0.14156580 0.22017719 0.27319005
v 0.29937404 0.21307689 0.79330212
v -0.23436804 0.19681691 -0.12211070
v 0.56737578 -0.37346432 -0.48378581
v -0.01855598 0.36906293 -0.31303766
v 0.06776254 0.26199615 -0.50179076
v 0.17726189 -0.06523393 -0.02982014
v -0.33423743 -0.16642685 -0.23824432
v -0.39496389 0.02563170 0.40573058
v 0.15112031 0.15880497 0.68148631
v 0.52339512 -0.15411773 -0.42710274
v 0.19477943 0.17345044 0.41107896
v -0.37127846 0.01270004 0.57087570
v -0.33455431 -0.00473968 -0.33438790
v 0.19775732 -0.06166723 -0.37367779
v -0.51994556 -0.45785937 -0.43287846
v -0.19992112 0.11612580 0.54496884
v -0.53728533 -0.33486357 -0.42279699
v -0.25003648 0.05220617 -0.10761415
v -0.22401299 0.23626325 0.25113794
v -0.29281875 0.07876913 -0.15729584
v 0.04707991 -0.05242565 0.17291608
v -0.30254829 -0.03612004 0.28154734
v -0.41527534 0.00274738 -0.20892297
v -0.32144165 0.13988362 0.44411483
v 0.22421287 0.00284626 0.18975812
v -0.08592464 0.33013704 -0.39138493
v 0.37913999 -0.03446890 0.83532196
v -0.32505491 -0.04396766 0.35929865
v -0.25700513 0.18635695 0.17403668
v -0.20453520 0.24061075 0.25034758
v -0.39928338 0.05327794 0.44891307
v 0.23228417 0.26755700 -0.22845402
v -0.12077553 -0.15547502 -0.29831246
v 0.09437057 -0.14442961 -0.21498340
v -0.14462468 -0.00919450 0.29289114
v 0.29729381 -0.06721747 -0.14504653
v 0.18118922 -0.22391395 -0.59370726
v 0.19769736 -0.22115275 -0.54425043
v -0.00207439 -0.46729726 -0.24325526
v 0.51190943 -0.26975006 -0.28940815
v 0.25659204 0.04531955 0.77388078
v 0.30586708 0.19890469 0.81832653
v 0.23635752 0.26094443 -0.22390544
v -0.50457042 -0.26390439 -0.18557207
v 0.10234248 0.35850284 -0.24057861
v 0.54686671 -0.45739764 -0.48132277
v 0.26471668 0.15861310 0.18248078
v 0.54020202 -0.11448018 -0.18823563
v -0.12329002 -0.17204814 -0.14373612
v -0.10291730 0.29210967 -0.01467177
v 0.01734563 -0.46234128 -0.30126184
v 0.06335965 -0.40233997 -0.29899862
v 0.18500452 0.19197363 0.06154989
v -0.11572038 -0.09409283 -0.01274465
v 0.27898034 -0.08493952 -0.21237737
v -0.29124615 0.23236601 0.85065293
v -0.38851118 -0.00023523 0.48987249
v 0.33862901 0.00429597 0.30975339
v -0.23496850 -0.04562788 -0.37236270
v 0.19359922 0.10582875 0.84879881
v 0.11253401 -0.16328602 -0.10979992
v -0.43457702 -0.07920026 -0.32785994
v 0.15039919 0.16577308 0.56482065
v -0.00008183 -0.30419528 -0.19530319
v -0.21368679 -0.11310218 -0.14985682
v -0.36237273 -0.17536974 -0.20990670
v 0.02290822 -0.27327204 -0.47423100
v -0.02417868 -0.07684834 -0.56936127
v 0.20792572 0.19491243 0.15045016
v 0.32925901 -0.01601820 0.42227426
v -0.07147750 0.02525566 -0.55049556
v -0.27147323 0.15606503 0.85780740
v 0.22411422 0.01420995 0.82140267
v -0.15177053 -0.08240625 -0.43270695
v 0.23092276 0.10785116 -0.06683757
v -0.26034036 0.11171837 -0.13278067
v 0.57079929 -0.32336715 -0.34408063
v 0.33898103 0.13333747 0.62132061
v 0.15367140 -0.01311323 0.25020725
v 0.59552097 -0.42100927 -0.43229732
v 0.18752547 0.07504975 0.01704326
v 0.19784747 -0.22139569 -0.54697245
v 0.44064528 -0.17489915 -0.28761122
v 0.10648962 -0.19377312 -0.53514999
v -0.20481361 -0.06624540 -0.38531312
v 0.33444968 0.05334581 0.58076912
v -0.12631939 0.26727533 -0.03198327
v -0.52253860 -0.17439978 -0.36687490
v -0.02019914 -0.18780988 -0.22738102
v -0.00765313 0.31041649 0.00695838
v 0.16275813 0.22937815 0.15054284
v 0.27529526 0.20363902 0.34377560
v 0.10236555 0.23514198 0.24568054
v 0.10275973 -0.32078949 -0.34954616
v 0.59888726 -0.10379851 -0.38796350
v -0.01709210 0.53268486 0.37122938
v -0.29687601 -0.09930374 -0.31406292
v 0.60947508 -0.09557082 -0.24603398
v -0.52588183 -0.23107874 -0.39974910
v -0.11050529 -0.03002316 0.03877926
v -0.30689475 0.14261043 0.45285645
v -0.59740514 -0.39860675 -0.27118295
v -0.30484456 -0.04656534 0.34456998
v 0.04885822 0.35900542 -0.17970952
v 0.18157114 -0.00155069 -0.44385257
v 0.43979791 -0.10016803 -0.15255657
v 0.13787130 0.11348239 0.60357159
v -0.28271434 0.09862883 0.86256045
v 0.11947597 -0.24685839 -0.57839036
v -0.39652923 -0.24252343 -0.36089119
v -0.00942694 0.26334298 -0.51109904
v -0.23690940 -0.08147050 -0.15082468
v 0.49362436 -0.25766134 -0.25930998
v 0.09697273 0.33170211 -0.12375048
v -0.03313543 0.03784165 -0.57288080
v -0.20116511 -0.09742934 -0.09595104
v 0.44117245 -0.18361400 -0.38928980
v 0.17933784 0.03003873 0.42641026
v -0.43338045 -0.21692967 -0.17788428
v 0.21931720 0.26980150 -0.16850348
v 0.15433025 0.25368860 -0.05514285
v 0.11485176 -0.13913482 -0.04938276
v 0.10327616 -0.00965029 0.25070164
v -0.10326280 -0.27326536 -0.53724378
v 0.15097806 -0.08442485 -0.01234964
v 0.47816604 -0.18789053 -0.42445123
v -0.06459592 -0.38410294 -0.29045415
v -0.30205208 0.06772988 -0.15569030
v -0.28307444 0.20628390 0.73173672
v 0.53137344 -0.12381631 -0.18111312
v 0.58769363 -0.06005822 -0.27874869
v 0.18819739 0.30621615 -0.20579934
v 0.21696198 0.15141407 0.12201198
v 0.50521642 -0.34870604 -0.56472772
v 0.43755621 -0.17355031 -0.38406965
v -0.54246092 -0.14139171 -0.25633499
v 0.56520230 -0.37621802 -0.43340084
v -0.53489143 -0.13079110 -0.29039547
v -0.25236341 -0.08118544 -0.32539505
v -0.37585452 0.09561642 0.44274828
v 0.43242440 -0.06823946 -0.14573456
v -0.18576005 0.03242657 -0.02747038
v 0.02247304 -0.50952083 -0.28530619
v -0.51521021 0.01971173 0.81667393
v -0.29455388 0.15278147 0.46992019
v -0.40258634 0.06313927 0.56576252
v 0.03204484 -0.01015653 0.23593834
v -0.08523726 -0.10140403 -0.49725279
v 0.07530229 -0.03021510 -0.55521625
v 0.53615665 -0.11722616 -0.40310192
v -0.12411354 -0.24415377 -0.50062966
v 0.51887125 -0.28788492 -0.54748565
v 0.18075827 0.03364381 0.00628135
v 0.17837206 0.19932778 0.08664057
v 0.36237964 0.14456475 0.84654957
v 0.30119494 -0.03870866 0.41261271
v 0.02815457 0.21960741 -0.53864443
v 0.16057272 0.22153547 0.27622741
v -0.16976343 0.00287306 0.13509439
v -0.17321347 0.20440599 0.00344622
v 0.09471634 -0.02166397 0.21683471
v -0.19154684 0.10892940 0.04531771
v 0.30387455 0.20954153 0.51491857
v 0.29585016 -0.02163422 0.28674775
v -0.52408570 -0.35819933 -0.43909258
v -0.50402951 -0.43161258 -0.37362236
v -0.19979674 0.03511384 -0.41929141
v -0.20791680 0.14546806 -0.44731161
v -0.38661453 0.08861430 0.34608948
v 0.22800705 -0.08342560 -0.12705156
v 0.33429629 0.08366530 0.86537832
v 0.16657375 -0.13459982 -0.32883763
v -0.28651270 0.20949078 0.60443836
v -0.02872977 -0.14756829 -0.16400139
v -0.20128836 0.12454310 0.66290069
v -0.01018276 -0.18984598 -0.52876085
v -0.49151495 -0.35245520 -0.22718310
v 0.31296796 -0.08432811 -0.18042514
v 0.29018417 0.19807114 0.31053546
v -0.36335361 0.11640990 0.85508466
v 0.15561301 0.25400656 -0.01410785
v -0.44623554 -0.02360891 0.79739606
v 0.45920679 -0.00014003 -0.16178747
v -0.32471573 0.03381363 -0.31834409
v -0.40842372 0.03835467 0.50797051
v 0.30128333 -0.03803696 0.41476956
v -0.35964340 0.04814198 0.66244990
v 0.32218251 0.19121151 0.51907307
v 0.60552150 -0.08141746 -0.26918781
v 0.18743356 0.18494134 0.08782881
v 0.18434620 0.06574873 0.62928766
v 0.22592659 0.01795024 0.51158804
v -0.02611618 0.25749180 0.29116613
v -0.39522392 -0.03730859 -0.15740444
v -0.25352690 0.09685553 0.81326133
v 0.62153012 -0.22049336 -0.36830270
v -0.00808202 -0.03747264 -0.56909066
v 0.08596699 -0.08892240 0.02109033
v 0.04917001 0.18613085 -0.55028802
v -0.19086917 -0.14435041 -0.15915416
v -0.17250635 -0.06753667 -0.45182183
v -0.27776513 0.08669250 0.85902047
v 0.03775336 -0.18194917 -0.51804125
v -0.02939180 0.25157508 0.28456980
v 0.32981774 0.18777150 0.68457800
v -0.07696791 0.20239520 0.26112330
v -0.01633406 0.33795685 0.37111276
v 0.30714181 0.12946811 -0.25965580
v 0.36050668 0.08507579 -0.29275346
v -0.53826869 -0.41143605 -0.26650205
v -0.02004631 -0.12734155 -0.53560007
v -0.38316372 0.10486341 0.71240783
v -0.35652605 0.01045432 0.59917814
v -0.12638824 0.34928411 -0.22765325
v 0.46054858 0.01118635 -0.16217844
v -0.00452010 0.29482889 0.10453266
v -0.56594330 -0.50381023 -0.26187769
v -0.43004051 0.06824797 0.85437900
v -0.25315419 0.23217303 0.80524725
v -0.03614299 0.49429107 0.34756598
v -0.01909071 0.35495529 -0.14377688
v 0.20093301 0.10093356 0.00519448
v -0.23637463 0.23512739 0.28592753
v -0.09472666 -0.22686964 -0.58382821
v -0.23521549 0.02250560 -0.40177274
v -0.50976568 -0.29784963 -0.20032310
v 0.39244205 0.07543518 -0.17575423
v -0.10231911 -0.15965821 -0.07274000
v 0.13880789 0.14763160 0.62363058
v 0.57958597 -0.05148969 -0.33611336
v 0.12201417 -0.28610411 -0.55968350
v 0.25039834 0.18921007 -0.13275084
v -0.42023307 -0.05671155 -0.16711320
v 0.07657188 -0.41326970 -0.23770128
v -0.38689071 0.11876684 0.85677981
v -0.23623413 -0.11877015 -0.29335237
v -0.11947388 0.26217362 0.09901161
v -0.54909801 -0.15027788 -0.35005152
v -0.09227141 0.27391466 -0.47439474
v -0.03979260 0.31932721 -0.44578543
v -0.27482715 0.02145926 0.19604786
v 0.10033691 -0.13862315 -0.20870800
v -0.36382625 -0.09499023 -0.33284026
v -0.04471750 0.02464755 0.25847173
v 0.33168742 0.14623602 0.64568156
v 0.01171035 0.36604929 -0.21231708
v 0.46520209 -0.20441014 -0.32656306
v 0.21894325 0.22266190 -0.09519673
v -0.26111180 0.04481081 -0.12453020
v -0.45943055 0.10884484 0.85968393
v -0.24180561 -0.08842947 -0.15764104
v -0.18558146 -0.28067356 -0.62348950
v -0.24996018 -0.04911928 -0.13966143
v -0.53840292 -0.50756323 -0.35247245
v -0.03067922 -0.46524140 -0.26907617
v 0.16424702 0.26748461 0.85911542
v -0.37472603 -0.10678888 -0.33414012
v -0.50889653 0.05473570 0.84151220
v 0.17585732 0.18827125 0.85765898
v 0.11206795 0.16205971 0.31496698
v 0.21369600 0.08954716 -0.03968550
v -0.06087853 -0.15206368 -0.05384312
v 0.25875917 0.20783950 0.34592837
v 0.16496578 0.06012840 -0.49962980
v -0.13524391 -0.14806277 -0.24084143
v -0.09503870 -0.13577475 -0.03517430
v -0.00574831 0.12404998 0.25384435
v -0.00285022 -0.24024391 -0.21446033
v -0.09843259 0.35371986 -0.22094038
v -0.18530528 0.05646272 0.07193819
v -0.25532094 -0.03116029 0.24292961
v 0.28814018 0.12617339 0.72350192
v 0.16380773 -0.01556934 0.23947161
v -0.51557887 -0.20340148 -0.38740915
v 0.18412057 -0.03192303 0.30832452
v -0.07589866 0.11636902 -0.56097239
v 0.35005236 0.07792187 -0.30516547
v 0.31551400 -0.03230016 0.36715543
v 0.23794590 0.20831864 -0.12354803
v 0.14230041 0.05831816 -0.52501190
v 0.02189192 -0.39316863 -0.33339897
v 0.25842914 0.10399469 0.85652518
v -0.21040384 0.15343316 0.59758747
v 0.17279249 0.08786402 0.64985675
v -0.45352367 0.06688104 0.86034161
v -0.28454107 0.16334739 0.40565360
v -0.15635768 0.23699591 0.00003698
v -0.21065453 0.18000062 0.39218527
v 0.01536191 -0.42538533 -0.22018929
v 0.22608136 0.05290522 0.86265308
v 0.48921758 -0.23209545 -0.33421570
v 0.33526844 0.01305864 -0.11782437
v -0.25225282 0.21553017 0.20053649
v -0.21006131 0.19921236 0.83902490
v 0.31130472 0.13915500 0.44459143
v 0.25840458 0.13729964 0.17006306
v -0.26233768 0.09695869 -0.38549131
v -0.54009765 -0.57749212 -0.35327357
v -0.25802228 0.02684584 -0.12321880
v -0.44306988 -0.03644700 -0.19429621
v 0.63214535 -0.19580904 -0.35636118
v -0.14868172 -0.01312336 0.15367605
v 0.26303586 0.10155965 -0.11876682
v -0.03606014 -0.16244927 -0.14523026
v -0.22180378 -0.06163136 -0.11703358
v 0.47546086 -0.01955497 -0.26802367
v -0.15029219 -0.23342593 -0.55511254
v 0.16692622 0.24473642 0.69597065
v 0.01713153 -0.08852610 0.07816706
v 0.22937009 -0.27642903 -0.61678976
v -0.23167211 0.23668711 0.28409219
v 0.33276716 0.04187913 0.56842697
v -0.15402783 0.29624629 -0.08896393
v 0.23199484 0.13211565 -0.43903664
v 0.17242698 0.22795814 0.22779523
v -0.16837023 0.29401094 -0.14029548
v -0.44954917 0.00239296 0.86081934
v 0.33717614 0.20251206 0.56911266
v 0.10580737 -0.03396063 0.13447227
v 0.18374315 -0.25790802 -0.57431149
v 0.62039554 -0.18066542 -0.37688321
v 0.00308409 -0.15783079 -0.19462013
v 0.24357276 0.22957167 0.26743740
v -0.20603856 -0.01552662 -0.05756203
v 0.14649343 -0.03622895 0.00378082
v -0.09177398 -0.29557088 -0.51133102
v -0.01079733 -0.47982162 -0.26615936
v 0.00814581 -0.22608565 -0.51170343
v -0.33490515 -0.15444551 -0.19439250
v 0.04683302 0.25735658 0.28466576
v -0.46164450 0.07574856 0.78498524
v -0.14100358 0.27005142 -0.42638651
v 0.51950777 -0.23427321 -0.20465553
v 0.09369930 0.28519592 0.09538013
v -0.44758794 -0.02413442 -0.24654533
v -0.21803682 0.23736623 -0.36388177
v 0.13553964 0.11596217 0.59769672
v 0.25586277 0.05857905 -0.10035731
v 0.05903823 -0.32703495 -0.20784938
v 0.26463494 0.05075791 0.63633895
v -0.54723573 -0.52554953 -0.32393131
v -0.02079545 0.49583331 0.40261289
v 0.14877616 -0.05995994 -0.49432424
v -0.37868428 0.09659600 0.71484679
v 0.12062307 0.27971458 0.01436738
v -0.26132229 -0.02436894 0.41482106
v 0.34889716 -0.01689081 0.45952430
v 0.61370653 -0.40482020 -0.38441771
v 0.07370089 -0.19865155 -0.25735641
v 0.28590617 0.25097972 0.72122043
v -0.61527741 -0.25565720 -0.28828368
v -0.21451181 0.17848843 0.12230181
v 0.17046894 0.10238957 0.66699642
v 0.20972544 -0.04678145 -0.36394340
v -0.19359501 0.09009314 -0.45900890
v 0.20277275 0.26631498 0.66679829
v 0.25462532 0.23186226 0.53259063
v -0.31929803 -0.00416834 0.58009577
v -0.36738682 0.11815649 0.36760193
v 0.15742248 -0.29048333 -0.56357503
v -0.34042791 -0.16743900 -0.22077177
v -0.37578797 0.04895739 0.63735372
v 0.14321615 -0.01561090 0.03817265
v -0.06206676 0.22153038 -0.51830161
v 0.10169914 0.22104216 0.26961890
v -0.17140161 0.13796008 -0.48730779
v 0.50848180 -0.28274736 -0.50899082
v -0.14768063 0.25799647 -0.07140893
v 0.11842432 -0.16019876 -0.16685690
v -0.20990944 0.13430180 0.52840954
v -0.40154800 0.10036156 0.53809226
v 0.11453941 -0.26595446 -0.41688079
v 0.16746309 0.19497721 0.74266016
v 0.17324610 0.17582652 0.52311862
v 0.19971572 0.24568689 0.85670561
v -0.44114402 0.11259779 0.79878986
v -0.25065011 0.03883558 -0.38975015
v -0.15742628 0.26212722 -0.40634444
v 0.01771079 0.39442363 0.31241366
v -0.17949186 -0.28693905 -0.58972663
v 0.15233041 -0.07321983 -0.00742675
v 0.50587362 -0.34940034 -0.56430382
v 0.15945220 0.01033951 0.37741289
v 0.01414989 0.36570689 -0.31320003
v 0.17538159 0.14341049 0.84323055
v -0.51285744 -0.14256108 -0.21518926
v 0.24161530 0.21829584 0.85824114
v -0.14079148 0.10705028 0.38732550
v -0.06753466 0.08336765 0.29538855
v 0.25764617 0.24997436 0.83130544
v -0.22960122 0.20069377 -0.09705702
v -0.40440118 -0.06086969 -0.15903695
v 0.40832880 0.07566133 0.85655284
v 0.12123018 0.10487984 0.35744229
v 0.12232392 -0.05096735 0.01362487
v -0.58097661 -0.48693359 -0.37237009
v -0.38355443 -0.04072954 0.86264849
v 0.31106728 0.06585045 0.20292616
v -0.15264478 -0.26088521 -0.54831785
v 0.21596844 -0.27272427 -0.60784078
v 0.24335276 0.10981028 -0.40896255
v 0.30456406 0.20665780 0.74069428
v -0.29603216 0.11883720 0.85873961
v 0.21879044 -0.10460214 -0.22907628
v 0.08549131 -0.18481752 -0.26965377
v 0.10571952 -0.32815856 -0.29444847
v 0.16402523 0.21882072 0.72694916
v 0.14867868 -0.20598018 -0.36404178
v -0.27225694 -0.12243553 -0.20373489
v -0.00186165 0.31674847 -0.46062255
v 0.44839099 -0.02599487 -0.30472916
v -0.12892459 -0.00805210 -0.50142115
v -0.44809601 -0.00208624 0.86046666
v 0.00195006 0.31490818 0.24465764
v 0.49471179 -0.03575745 -0.28085092
v -0.27677819 -0.05110011 -0.33076054
v 0.57462192 -0.29390791 -0.51508230
v 0.31787348 0.03558009 0.57852376
v 0.21722527 -0.02470647 0.41576436
v 0.34260872 0.07861708 0.80380237
v 0.34665528 0.09359130 -0.15037768
v 0.18938349 0.16544899 0.50052935
v -0.20196185 0.00856327 0.38584456
v -0.10446081 -0.08825786 -0.00608536
v -0.22317049 0.03703199 0.50240505
v 0.24204135 -0.08521020 -0.18004037
v -0.21226558 0.12288707 0.51018596
v -0.08196601 0.33236754 -0.38105783
v -0.37946790 0.03471765 0.30173999
v 0.13893363 -0.27612549 -0.53648800
v -0.55887228 -0.37622809 -0.45128763
v 0.33303431 0.13159111 0.63524419
v -0.28034949 0.21309797 0.22711089
v -0.03752911 -0.16021159 -0.15314555
v 0.06431828 0.27974331 0.14104182
v -0.00799343 0.32289839 -0.45008755
v -0.61055690 -0.40050092 -0.31719640
v 0.16787449 -0.01570685 0.35989776
v 0.50839895 -0.28642696 -0.47716549
v -0.32788908 -0.02703972 0.47429049
v -0.05618130 -0.34041464 -0.34758306
v -0.04521371 -0.21852158 -0.25373247
v -0.06516704 -0.09400012 0.01953890
v 0.17901272 0.29548055 0.84432083
v -0.03862807 -0.28174192 -0.47364902
v 0.17513457 0.02509259 -0.46901092
v 0.59559804 -0.27942115 -0.49894348
v -0.18740714 0.29585749 -0.31746453
v -0.45562598 0.01028915 0.85925591
v 0.04257917 0.27524376 0.20436841
v -0.28871000 0.02747404 0.67052722
v -0.40472788 0.04119254 0.55985725
v 0.46526089 -0.22506352 -0.20219122
v 0.17036137 -0.21537152 -0.47695813
v -0.38053015 -0.07257315 0.81860566
v -0.34397569 0.01306499 -0.32538170
v -0.18950444 -0.14301857 -0.14970809
v -0.14754586 -0.04206745 -0.47871521
v -0.32460272 0.16046844 0.47227848
v -0.02896949 0.34829721 -0.38726211
v 0.63447362 -0.40565589 -0.40794536
v 0.44492662 -0.14708364 -0.17642462
v 0.13135324 0.26194948 0.09760693
v 0.49193957 -0.02657606 -0.22379827
v -0.22181538 -0.06621098 -0.37391302
v 0.00607075 -0.17969927 -0.53010046
v 0.28227606 0.02543102 0.80804628
v 0.16441679 -0.12568346 -0.24110401
v 0.23365973 0.12293018 0.73132885
v 0.14789294 -0.00856565 0.12765056
v 0.23469698 -0.09538615 -0.22709675
v 0.13159406 0.06623232 0.37269109
v 0.41365102 -0.00213070 -0.29686266
v 0.19481336 0.18619849 -0.01408287
v -0.47473723 -0.34246996 -0.27722919
v 0.61550677 -0.12372319 -0.36526871
v -0.53280020 -0.34877613 -0.23110971
v -0.35216567 -0.17651586 -0.25483802
v -0.40212262 0.02492149 -0.24712229
v 0.06573980 -0.16021174 -0.14931616
v -0.23254478 0.00075728 0.41420183
v -0.19778547 0.29589030 -0.21398550
v -0.21631756 0.14935455 0.42324096
v -0.04664969 -0.06887504 0.11308761
v 0.13276631 -0.01748437 0.13184914
v -0.48760459 -0.36950165 -0.32458231
v -0.08168483 -0.16791143 -0.26537743
v -0.28228384 0.00748024 0.20685863
v 0.14256474 -0.25674111 -0.52876389
v 0.57852185 -0.34282625 -0.52271861
v 0.23451471 0.26183698 -0.28623626
v 0.59843791 -0.35511586 -0.48443127
v -0.58762884 -0.52484733 -0.26780921
v 0.59991634 -0.21341839 -0.41159815
v 0.21850297 0.25838521 -0.36467195
v 0.36235878 0.04377512 0.32821646
v 0.53403085 -0.28874063 -0.32946613
v -0.03252460 -0.14120381 -0.53140271
v 0.37216526 -0.09671970 -0.14294223
v -0.34195539 -0.02369508 0.48074651
v 0.12093768 0.19734223 -0.51517910
v -0.09845778 -0.26894102 -0.42646796
v 0.34963992 0.00187047 0.51004487
v 0.03249126 0.30574703 -0.04972212
v 0.15912703 0.09502497 0.53726643
v 0.14617035 -0.17552024 -0.42540279
v -0.38092771 0.16940983 0.65983069
v -0.32512516 0.21503566 0.83877587
v -0.22658132 0.03017696 0.50427687
v 0.21095513 -0.22835261 -0.55321831
v 0.23979071 0.27101395 0.81550270
v -0.07006887 -0.29961172 -0.41757640
v -0.32444876 0.17471257 0.22676109
v -0.35867718 0.08475454 0.24850583
v -0.26713747 0.15510596 -0.20912179
v 0.22598149 -0.29740915 -0.63120103
v 0.17851767 0.13756309 0.84490293
v -0.24268885 0.22874007 0.80410802
v -0.25992841 -0.03614894 -0.13764565
v -0.22128525 -0.12674320 -0.22166374
v 0.21422338 0.29312775 0.84294724
v -0.01181354 -0.05711133 0.19904207
v -0.50637519 -0.44953871 -0.38046026
v -0.50684094 -0.28565592 -0.19663838
v 0.20076866 0.01823518 0.45642558
v 0.00987579 0.50640452 0.37916690
v 0.11965469 0.25624791 -0.48686126
v 0.18116720 0.20527041 0.54275650
v -0.40692550 0.10398502 0.75740594
v -0.17463475 0.29543898 -0.33956501
v 0.01472292 0.28151619 0.14569980
v 0.17930697 0.13768877 0.72060460
v -0.11727121 0.24024859 0.22448790
v -0.39609623 -0.04490761 -0.32582033
v -0.09986645 -0.29503435 -0.31422463
v 0.16464862 0.30158889 -0.13619724
v -0.01924387 -0.05550349 0.19479470
v 0.51973528 -0.26348627 -0.38438112
v 0.21562843 0.28579852 -0.26927885
v -0.52580345 -0.48202008 -0.37506503
v 0.52866066 -0.14829139 -0.42585513
v 0.62481499 -0.33628660 -0.46022117
v 0.19997896 -0.10904960 -0.09835969
v -0.10733674 -0.30158621 -0.54965436
v 0.04704470 -0.30835295 -0.43348745
v -0.02905719 -0.45958000 -0.24927872
v -0.07066260 -0.34934604 -0.28661132
v -0.30602044 -0.09188276 -0.14502108
v 0.35980168 0.10649858 -0.18481046
v -0.14051828 -0.14264791 -0.07040098
v 0.15926008 -0.01498583 -0.47590053
v 0.59414226 -0.35700223 -0.34915689
v 0.25911957 0.17786549 -0.19786385
v -0.30812845 0.13466978 0.85628527
v -0.19160746 0.04502860 0.40369162
v -0.16762200 -0.33027014 -0.62707072
v -0.42602780 -0.14015950 -0.35064667
v 0.34629017 0.07160336 0.49699879
v -0.10986818 -0.28979537 -0.61945933
v 0.26750097 -0.05512146 -0.31372198
v -0.12111109 0.34635144 -0.26212293
v -0.37587318 0.09269100 0.29019958
v 0.24741700 0.22301669 0.24812366
v -0.19508843 -0.06645868 -0.40510976
v -0.36295012 0.18206418 0.78856379
v -0.60432357 -0.20416808 -0.32932028
v -0.44002694 0.04399715 0.79586697
v -0.23154242 0.02643022 0.43972903
v -0.11464518 0.19997345 0.30362815
v 0.11960600 -0.02003583 0.22974539
v 0.00880205 0.35025841 -0.16023661
v 0.20298618 0.05785920 0.63442230
v -0.00569913 -0.15362518 -0.19010723
v 0.28546137 0.23914243 0.72964716
v -0.14250800 0.24487244 0.01590477
v -0.37986717 0.09652968 0.32977301
v -0.21587764 0.16992953 -0.08629499
v -0.10196812 0.33987278 -0.15101428
v -0.14410071 -0.15335812 -0.39299765
v 0.04221626 0.16546176 -0.55839890
v -0.37509638 0.12111142 0.46379194
v 0.19155845 0.21892224 0.21928097
v 0.19413519 0.18105999 0.09081551
v -0.09873014 -0.26602152 -0.40463272
v -0.51130050 -0.47694409 -0.39959887
v 0.05366397 -0.18489479 -0.23792262
v 0.00042708 0.51879138 0.36824217
v 0.15168108 0.19521905 0.66697288
v 0.57677406 -0.06471824 -0.35972700
v -0.60615593 -0.22870238 -0.25333118
v 0.22876719 0.05851389 -0.06889819
v -0.10704728 0.34431297 -0.32080597
v 0.31602758 -0.03765289 0.46209356
v 0.25199044 -0.07834287 -0.29048741
v 0.30068332 0.16450383 0.49094275
v 0.08752038 -0.11280853 -0.49825892
v 0.21311156 0.10021037 0.86162949
v -0.34414563 0.16230512 0.32634082
v 0.22870822 0.28022835 0.85594040
v 0.42320964 -0.10630970 -0.33452487
v 0.19332619 -0.13204025 -0.30638951
v -0.60622782 -0.25761050 -0.26924762
v -0.37614778 0.05663487 -0.20128697
v 0.30156392 0.19825728 0.84503925
v 0.11392689 -0.15447024 -0.07832223
v -0.05898451 -0.22742437 -0.55388832
v 0.54966182 -0.13933365 -0.18772505
v 0.08526380 -0.33251378 -0.25782728
v -0.30954999 0.03155414 -0.32108954
v 0.04908583 0.31007421 0.31511569
v -0.17454000 0.03759841 0.38209447
v -0.18464948 -0.29732394 -0.60167378
v 0.20238593 -0.03690672 0.31586140
v -0.24391106 -0.03164983 -0.37773892
v -0.01460242 0.27872753 -0.49959478
v -0.00528125 0.25827971 -0.51636428
v -0.23182517 0.23351260 0.29726249
v 0.20518644 0.26473504 0.65687829
v 0.04305730 -0.15637170 -0.52041984
v -0.10036702 0.28129652 0.02557628
v -0.26684135 0.16180128 0.16312835
v -0.57831484 -0.30733067 -0.37622902
v -0.58594775 -0.31627670 -0.25197545
v 0.05185081 0.36795166 -0.30562618
v -0.10251912 -0.18060786 -0.45905852
v 0.21585700 -0.11496370 -0.18450920
v 0.15776184 0.03984049 0.39672521
v 0.28223628 0.13191618 -0.16769151
v 0.14888737 -0.07042994 -0.00404389
v -0.11915906 -0.15995318 -0.08299244
v 0.04321419 -0.42396316 -0.21662295
v 0.27129251 -0.04289294 -0.32173494
v 0.34809226 0.15697195 0.85545391
v 0.23217431 0.06106066 0.13454631
v -0.08776927 0.30369121 -0.06939801
v -0.37824047 -0.21708453 -0.33521417
v 0.50832736 -0.31534371 -0.53913093
v -0.44515470 -0.22712183 -0.17433782
v 0.04614533 -0.14511508 -0.05948334
v -0.20470819 0.09608210 0.51380646
v -0.51095349 -0.55767840 -0.41586867
v 0.02464176 -0.49158537 -0.28841007
v -0.13441524 -0.14397505 -0.06659672
v -0.27537474 0.15893392 -0.25071764
v 0.52131438 -0.26453668 -0.52900320
v -0.08754258 -0.30830809 -0.32041767
v 0.43655473 -0.09447301 -0.33543387
v 0.33249238 0.12536350 0.23798026
v -0.16717784 -0.07116492 -0.04120067
v 0.40838456 0.06668957 -0.23051196
v -0.00849248 -0.07395059 0.13314404
v 0.21978824 0.26986593 0.76526129
v 0.13432302 -0.01032719 0.05608350
v -0.44316825 -0.03275655 -0.20101023
v 0.22022712 0.20869599 0.35607788
v 0.03339460 0.30332425 -0.02458884
v -0.14564061 0.23990953 -0.04091444
v -0.50648558 -0.55162245 -0.43543708
v 0.60969990 -0.30826965 -0.47309434
v -0.33207527 -0.16098258 -0.25729156
v 0.00237747 0.30636322 -0.03093005
v 0.57597005 -0.08999473 -0.38297325
v 0.51907504 -0.39124718 -0.55401278
v -0.27509290 -0.02327201 0.42491576
v -0.00977937 -0.43696439 -0.29652473
v -0.22477943 0.12608345 0.44098637
v 0.22029004 0.26779372 -0.16713418
v 0.11973760 0.05211119 0.34348071
v -0.37698308 -0.00017661 0.33619797
v -0.13783596 0.29927996 -0.08264127
v 0.43623683 -0.16830923 -0.33787712
v -0.12587637 0.11401072 0.37458429
v 0.16249785 0.00531637 0.37687823
v -0.21455802 0.02318600 0.58766544
v 0.08024194 0.13905676 0.30176768
v -0.13824789 -0.26237682 -0.63248610
v 0.36875179 0.13644828 0.82320726
v 0.41929710 -0.02382184 -0.30111548
v 0.11320528 -0.04255369 -0.52632082
v -0.39664418 -0.10269598 0.85744154
v 0.31128854 -0.07877251 -0.25974229
v 0.26310492 0.08683322 0.15696533
v -0.57635975 -0.15905368 -0.32867742
v -0.28297642 0.05657002 0.82948595
v -0.11866242 -0.15923254 -0.08076940
v 0.17777827 0.03565264 0.01852694
v -0.18369804 0.06648671 0.01114026
v 0.22515182 0.19099724 -0.42322412
v -0.01746027 0.41620401 0.31644055
v 0.13733272 -0.20470804 -0.44914061
v 0.22402023 0.27663681 -0.27653256
v 0.06714986 0.21004197 0.26244712
v -0.00480113 0.36793730 -0.26454672
v 0.34702078 -0.01242416 -0.11792691
v 0.19825543 -0.08524250 -0.37321293
v -0.08025698 0.00718100 -0.55160481
v -0.29727939 0.18593228 0.35263589
v -0.33647335 -0.01684746 0.28048205
v -0.57231396 -0.20007971 -0.37287924
v -0.54057878 -0.50497484 -0.43495640
v -0.23632884 0.11583403 -0.09354793
v -0.30899611 0.08344681 -0.17448802
v 0.19818991 0.16832365 0.01109089
v 0.18239108 0.06430948 0.53126997
v 0.24960285 0.11926578 -0.07923803
v 0.10398240 -0.37038335 -0.27951258
v 0.36638692 0.04653516 0.39697459
v -0.36308703 0.04447655 -0.16383851
v 0.20938642 0.19778341 0.38144618
v -0.53098291 -0.37670133 -0.26409259
v 0.05731841 0.36817160 -0.29869461
v 0.10903650 -0.16532111 -0.13130902
v 0.01186282 -0.10223635 -0.55765748
v -0.19746216 0.09384052 0.53665435
v 0.27169847 0.18134497 -0.24426629
v 0.20446850 0.08663205 0.85952193

