# https://github.com/mikedh/trimesh
v -0.10461965 0.02050873 -0.17175922
v -0.70522583 -0.23677216 0.05767106
v 0.12223452 0.03432555 -0.01158603
v -0.25375614 -0.13203394 -0.21258509
v 0.58956450 0.01294892 -0.01183984
v -0.33428583 -0.18538110 0.17765263
v 0.04258661 0.21593235 0.16725452
v -0.45946282 0.06705388 0.29263562
v 0.57432932 0.08080284 -0.03868757
v -0.57401532 -0.29073977 0.15753374
v -0.39990029 -0.29727760 0.04467001
v -0.47210062 -0.24213476 0.21898660
v -0.18495727 -0.14289673 -0.13749109
v -0.16550533 0.01846438 -0.20223556
v -0.50781518 -0.01109847 0.26401275
v 0.10802936 0.33087966 0.09366130
v -0.43150848 -0.42031613 0.19219264
v -0.02006484 0.25768960 0.07722022
v 0.02254814 -0.08608339 0.14270794
v 0.46676332 0.13074403 -0.03660071
v 0.09480504 -0.14465177 0.20821238
v 0.11682339 0.21530116 0.18156077
v 0.19641215 0.39440507 0.28028494
v 0.39276680 -0.00092482 -0.03453236
v 0.11149217 -0.06266778 0.08341833
v -0.14994025 0.04513405 -0.19432871
v 0.16357049 -0.04778657 0.27215433
v -0.60195696 -0.19648294 0.17407410
v -0.37672427 0.10935228 0.22562994
v 0.59392458 0.04064512 0.09006140
v -0.16087477 0.17103921 -0.09077320
v -0.37570432 -0.48545226 0.23282142
v 0.02751416 -0.10201003 0.20170425
v 0.25735959 0.06859823 -0.11842211
v 0.62352216 0.07008333 -0.31344077
v -0.06356114 0.12217553 -0.15197334
v -0.50524318 -0.01463929 0.26221365
v -0.04309909 0.13090110 -0.14331847
v 0.23573829 -0.01469010 -0.18974695
v -0.34004483 -0.43102738 0.21585943
v 0.30444163 0.38532037 0.23113024
v 0.60738242 0.07322171 -0.17193529
v 0.36045623 0.15359534 0.09827760
v 0.32322264 -0.20579089 0.26764485
v 0.21476282 0.14915270 -0.08564719
v 0.27255276 0.19209304 0.15387973
v -0.15093935 0.20039587 -0.01153992
v 0.16934001 0.02490578 0.02493644
v 0.18184666 -0.06856103 0.21900553
v 0.55615407 0.08790892 -0.19580899
v 0.30429181 0.20594233 0.12361778
v 0.21983278 -0.10812218 0.21428601
v 0.46046624 -0.00187868 -0.12120609
v 0.11060750 0.05568864 0.18008132
v -0.17856768 0.00420145 0.05175866
v -0.82010216 -0.22714640 -0.38377917
v -0.75553608 -0.19210795 -0.21033157
v 0.13646357 0.05874792 -0.01407341
v 0.19119620 0.07385277 -0.05610586
v 0.31698462 0.50832230 0.28804186
v 0.44476753 0.01238836 -0.31634849
v 0.27334458 0.24446736 -0.00994753
v -0.71773612 -0.20674637 -0.31691498
v 0.32035691 0.16522139 -0.21786572
v 0.20758155 0.01805135 -0.09560307
v 0.05634736 0.02402404 0.03486933
v 0.19553947 0.16163865 -0.10298471
v -0.43619999 -0.34325647 0.23496640
v 0.04209448 0.00017398 0.07129741
v 0.16684197 0.37939614 0.19671977
v 0.40290058 0.56251025 0.29146436
v 0.31922528 0.39969680 0.26692158
v -0.54759055 -0.27584404 0.05459455
v 0.30481672 -0.20149933 0.29783678
v 0.58077425 0.09704471 -0.26150006
v -0.04238883 -0.02102518 -0.02076595
v 0.35118860 0.17137380 0.10156687
v 0.34037095 0.17661262 -0.19231890
v 0.64122713 0.10679379 -0.29060060
v 0.66606563 0.06204853 -0.04475519
v -0.48838094 -0.01231586 0.17507604
v 0.51638949 0.01626650 -0.30354393
v -0.86400920 -0.22037993 -0.29016238
v 0.66316432 0.07370081 -0.37651324
v -0.00899434 0.01297064 0.01352357
v -0.44698286 -0.26130760 0.22852887
v 0.19250353 -0.10977498 0.29756942
v -0.59889692 -0.14185664 0.11549652
v 0.06486290 0.41193694 0.29849306
v -0.39121428 -0.44223344 0.21397719
v 0.32348889 0.20211676 -0.18833530
v -0.43857649 -0.18044598 0.03451302
v -0.48966762 -0.30320314 0.10368380
v -0.44649500 -0.13442156 0.19252919
v 0.18219317 0.00393358 0.04305175
v -0.43940514 -0.07914127 0.10034096
v 0.06519811 0.12649749 -0.09918557
v -0.26880854 -0.13685550 -0.16601950
v 0.36168122 0.19113769 -0.18458125
v 0.24854887 0.01512776 0.09769077
v -0.23261319 -0.19049327 -0.11910476
v 0.61660111 0.03967135 -0.32096621
v 0.50917768 0.06807435 -0.32991740
v -0.63216823 -0.23258685 -0.15079422
v 0.09075274 0.00476746 0.17536570
v -0.29296374 -0.06754127 -0.13736433
v -0.19920427 -0.22948115 0.06905326
v 0.30246222 0.20379286 -0.09538561
v -0.53589493 -0.00152635 0.07401954
v 0.63821065 0.00061649 -0.33167148
v 0.23655280 0.14930607 -0.14199764
v 0.53889793 0.12566330 -0.24828689
v 0.49422178 0.16449577 -0.16884486
v 0.35241866 0.45225325 0.23168845
v -0.00680000 0.24916221 0.11787667
v 0.07341473 -0.10709015 0.24279223
v 0.56172472 0.07871111 -0.30595264
v -0.17151023 -0.21530825 -0.02106485
v 0.56888211 0.02288717 -0.05948091
v -0.30943602 -0.12529258 -0.11661356
v -0.14946820 -0.17875770 -0.07588170
v -0.71543276 -0.23632905 -0.24375917
v -0.27097791 -0.07863040 0.07387510
v -0.60043299 -0.27367207 0.13540986
v 0.40310037 0.00829081 -0.43288988
v -0.55333781 -0.17597201 0.18647742
v 0.72494209 -0.00157946 -0.30800462
v 0.28703645 0.20950301 -0.06650828
v 0.11624707 0.39245361 0.23294733
v 0.21419589 -0.03271778 -0.38584122
v 0.09465741 0.29521015 0.06356860
v 0.26661327 0.28457859 -0.40202576
v 0.27524424 0.23441020 0.11971013
v -0.04718388 -0.02529677 -0.03676694
v -0.19860172 0.16414288 -0.05687614
v -0.63932627 -0.27159241 0.02997660
v -0.53472805 -0.50809067 0.29896489
v -0.89259797 -0.18645582 -0.27233979
v 0.61748660 0.01371303 -0.38631627
v -0.48149061 -0.02883347 0.11687021
v 0.59250116 0.03989890 0.10456486
v -0.89352441 -0.19517234 -0.26569968
v -0.76726848 -0.18708310 -0.26399925
v -0.29933777 -0.29330406 -0.01242718
v 0.21853390 0.36891714 0.25028375
v 0.53311741 0.00569601 -0.06265239
v 0.07286364 0.38264138 0.14987122
v -0.09962042 0.20557894 0.08489907
v -0.23670295 0.02641361 0.25401226
v -0.20458180 -0.20280696 -0.09326538
v 0.47458303 0.00465478 -0.24382986
v -0.43021727 -0.23534511 -0.02533258
v 0.26323476 0.45220616 0.29339233
v 0.06318439 0.16927332 0.19613212
v 0.49221376 0.15668316 -0.35858241
v -0.38516045 0.01022277 0.24398099
v 0.48890153 0.14793178 -0.34583655
v 0.52449179 0.13939591 -0.14117888
v -0.53344190 -0.30062634 0.11447597
v 0.20376290 0.14586170 0.18780549
v -0.51898760 -0.30669779 0.12642661
v 0.54917586 0.07527376 -0.19757083
v 0.01089192 0.02818935 0.11101615
v -0.03105774 0.17109753 0.16480504
v -0.25860009 -0.05446022 -0.15892909
v 0.45519668 -0.01711392 -0.37036514
v 0.52473295 0.13792115 -0.26940519
v -0.22031291 -0.14314802 0.09801413
v -0.22474176 -0.00559413 -0.17691979
v 0.27446654 0.16635421 -0.18665569
v -0.81434178 -0.20390506 -0.31981438
v 0.34270525 0.19198035 0.10307970
v 0.43150741 0.16587564 0.00361227
v -0.32804242 -0.19733237 -0.10017321
v -0.46219864 -0.47796884 0.26380336
v -0.21983193 -0.41275594 0.25897533
v -0.28047729 0.09934123 0.28560379
v -0.64241856 -0.21229683 -0.12086587
v -0.51620090 -0.28915733 0.08398991
v 0.63549900 0.11506688 -0.23237704
v -0.03355446 0.01510336 0.02038755
v 0.31583753 0.23713775 -0.02325544
v 0.36578184 0.01139010 -0.31132495
v 0.42492339 -0.00397852 -0.22890876
v -0.30048859 0.09929226 0.25677422
v 0.36189988 0.53587145 0.28973657
v -0.01447220 0.12085877 0.17365399
v 0.66538692 0.09689853 -0.30842823
v 0.32416040 0.39519528 0.26557466
v 0.03949741 -0.10239905 0.21575238
v 0.00932783 0.18987134 0.17313249
v -0.23621787 -0.06010438 -0.18096817
v -0.06675517 0.00186562 0.03288179
v -0.47239706 -0.25400600 0.21935520
v 0.35454285 0.41169944 0.21985802
v -0.73129970 -0.19136418 -0.27671191
v -0.48207667 -0.02503626 0.11915618
v -0.57326758 -0.02904234 0.10766655
v 0.24460632 -0.02411549 -0.36599705
v -0.37685266 -0.14658049 -0.00487926
v 0.18529162 0.25542054 0.15757199
v 0.38503486 0.10802177 -0.29906031
v 0.33050463 0.19309814 -0.12485959
v -0.44168070 -0.48607153 0.29955822
v 0.10274353 0.33888215 0.10067872
v 0.68991899 0.01612098 -0.35544834
v -0.43696862 -0.37969661 0.15414365
v 0.39617968 0.22544125 -0.09382690
v 0.62038225 -0.00819037 -0.36966643
v 0.34426254 -0.00084589 0.00605229
v -0.35174224 -0.23655218 0.20153876
v -0.32641503 0.05403509 0.22827204
v 0.22332998 -0.02444337 -0.41391391
v -0.56994230 -0.02928582 0.26867363
v 0.50214368 -0.01826695 -0.09441446
v -0.04114817 0.21090272 -0.07216145
v -0.28708446 -0.17941788 0.15563561
v -0.49977112 -0.35636327 0.24596532
v 0.43904558 0.17715247 -0.39969933
v -0.29171973 -0.41573521 0.22007158
v -0.38605079 -0.25004873 -0.05440617
v -0.74648947 -0.25975713 -0.12888689
v 0.21812965 0.05240757 -0.12972865
v -0.33116692 -0.19129571 0.18163738
v 0.05467780 0.11734257 -0.12567686
v 0.26285321 0.45843652 0.21700709
v -0.23609430 0.10344460 0.28735957
v -0.70423794 -0.25304702 -0.10517433
v -0.45206681 -0.05325327 0.12174762
v 0.28184935 0.27337226 -0.28873435
v -0.07231089 -0.03629099 -0.00978602
v -0.26266393 -0.16259915 -0.18521841
v 0.31769705 -0.02920472 0.25872582
v 0.08252592 0.25266501 0.15121752
v 0.58064169 0.11554277 -0.07512980
v 0.34783044 -0.02931184 0.28759664
v -0.37474403 -0.21903762 -0.04343864
v -0.27069166 0.15413688 0.28710112
v 0.50464344 0.15037377 -0.10628182
v 0.58944601 0.08265799 -0.27761856
v -0.50282192 -0.10038417 0.08647099
v -0.07108922 0.08692563 0.13806711
v 0.24040632 0.18218407 -0.10045137
v 0.30553302 -0.17107251 0.26105389
v 0.00189778 0.06758905 0.15693340
v -0.08432458 0.17087302 -0.10767352
v -0.68105853 -0.18853554 -0.23982513
v -0.33081806 -0.21550731 0.19091778
v -0.21012472 0.15231802 -0.04126231
v -0.62161684 -0.24747288 -0.00989639
v 0.60917258 0.10730688 -0.04212519
v -0.87371778 -0.22139980 -0.27170840
v 0.46800780 0.07780278 -0.33376107
v -0.37987298 -0.12318611 0.03976037
v 0.13685122 0.34066916 0.05315592
v 0.36619836 0.39883175 0.22159362
v 0.27814043 0.16044483 -0.19067821
v 0.10753875 -0.09265208 0.11835695
v 0.28191251 0.01059232 -0.31518668
v 0.09882460 -0.09997033 0.28761950
v -0.48182666 0.07064801 0.26657021
v 0.01052850 0.02163703 0.11592823
v 0.20611313 0.06183751 -0.07383932
v 0.06998576 -0.11204576 0.05431578
v 0.30478430 -0.15617743 0.28989819
v 0.55568856 0.16039799 -0.33217835
v 0.41983351 0.10802004 -0.33720633
v -0.57805234 -0.28956190 0.14385752
v 0.27581251 0.03823687 -0.11721393
v 0.01071743 0.05548685 0.14852944
v 0.42929301 0.16949511 0.00089463
v 0.51652271 -0.02062187 -0.20972274
v 0.05048846 -0.15594403 0.29861990
v 0.26969260 -0.02260236 -0.20652977
v -0.64395124 -0.14445090 0.02784808
v 0.51266688 -0.00473499 -0.33244130
v 0.57688773 0.01939205 -0.36273953
v 0.21506722 0.29630819 0.05629529
v 0.25119656 0.10151406 -0.16346502
v -0.21050541 0.02187256 0.04601403
v -0.19504882 -0.22854148 -0.05816745
v -0.30150068 0.05258515 0.28593189
v -0.14528142 -0.09119288 -0.14879407
v 0.02383136 0.03500900 0.14088878
v -0.57263732 -0.28026885 0.16516979
v 0.27391031 0.20252660 -0.08169657
v 0.21704476 0.00672050 0.04616950
v -0.55252284 -0.07598478 0.13470453
v 0.01638482 0.02803448 0.09739965
v 0.28843576 -0.16921483 0.24085619
v -0.00284024 -0.13104185 0.28180382
v 0.22775362 0.06928595 -0.08771594
v -0.22353396 -0.25418946 0.06397534
v -0.05156847 -0.02650487 -0.00513115
v 0.53499109 0.14978565 -0.31665072
v 0.59322774 -0.00411945 -0.00770869
v 0.17419849 0.03758514 0.00475481
v 0.24062389 -0.11158864 0.21708126
v 0.44664666 0.02111688 -0.33087382
v -0.15890288 -0.16503018 0.06131382
v 0.61209863 0.12928498 -0.25388950
v 0.61712658 0.06659906 -0.16351865
v 0.02234410 0.27285287 0.05151580
v -0.68207449 -0.18810333 -0.10277706
v 0.46047392 -0.01258126 -0.18130191
v 0.39389890 -0.00296811 -0.24764253
v -0.70786470 -0.17923333 -0.09700518
v -0.55644673 -0.05210053 0.09690525
v -0.58365023 -0.00547110 0.27295735
v 0.27592793 0.08187956 0.13955222
v -0.21385947 -0.03902298 0.05357112
v -0.74005049 -0.18685232 -0.21560398
v 0.73378676 -0.00688354 -0.25790283
v 0.02937237 -0.09281094 0.13066669
v 0.39996555 0.46990937 0.25373578
v -0.26422155 -0.20689997 0.15233405
v 0.24793422 -0.10473550 0.28903064
v 0.53978455 0.13579629 -0.09059081
v -0.54695952 -0.26750481 0.04104802
v 0.10688236 0.13728267 -0.06626939
v -0.67678314 -0.23335250 -0.26642030
v 0.55739176 0.12542908 -0.08150287
v -0.41970694 -0.37947589 0.17159133
v -0.60851234 -0.24269964 -0.02203548
v 0.46876365 -0.01824365 -0.36025333
v -0.14669080 -0.18439533 0.00346179
v -0.65470463 -0.20935580 -0.15346085
v 0.15946892 0.32650161 0.03967420
v -0.26350224 -0.06867778 -0.15926954
v -0.11725869 0.21667160 0.03287773
v -0.03634306 0.20454545 0.15013011
v -0.68626428 -0.18893787 -0.25730401
v 0.21954373 0.44675171 0.29145423
v 0.33563146 -0.03993089 -0.12860607
v 0.40554398 0.03566363 0.01304820
v -0.36970922 -0.43243667 0.21585666
v 0.57346153 0.12807484 -0.19682202
v -0.74652320 -0.20816141 -0.09150752
v 0.34468535 0.07664442 -0.26698831
v 0.62353623 0.09047791 0.00505954
v -0.66962284 -0.22497605 -0.37595367
v -0.84054011 -0.18276958 -0.43803582
v -0.06367970 0.21185425 -0.06634090
v 0.11435617 0.43971545 0.07201517
v 0.33105150 -0.09222955 0.24710649
v -0.32902023 -0.49668166 0.24842228
v -0.51145613 -0.10970341 0.10670769
v -0.20115170 0.16417402 -0.05264219
v -0.18591744 -0.07073585 0.05032645
v 0.67315412 0.09835918 -0.35416389
v -0.72061831 -0.22170050 0.01402710
v 0.20445739 -0.00227337 -0.35272783
v -0.32294601 -0.10265920 -0.09430541
v 0.35403746 0.23350036 -0.33426866
v -0.21576506 -0.38714355 0.29079986
v 0.36374903 0.49699178 0.26117057
v 0.58193362 0.03455830 0.09251551
v -0.23972407 0.12803732 -0.05613651
v 0.62261534 0.09441408 -0.08336065
v 0.01824696 -0.11697210 0.28882211
v 0.20576724 0.09609670 -0.08842731
v 0.26726818 0.28421858 -0.34875044
v -0.24620143 -0.02728377 -0.16163932
v -0.42593414 0.06968612 0.22303709
v 0.04936376 -0.09782497 0.07798038
v 0.24404955 0.25598842 -0.33797091
v 0.12201540 0.07076945 -0.01733711
v 0.31325060 0.25520617 -0.25456429
v 0.26149368 0.03115327 0.10866786
v 0.37725198 0.21669067 -0.21747166
v 0.02642630 0.12541671 -0.13551018
v -0.82493436 -0.23292863 -0.35498926
v 0.31547725 0.51836777 0.27427465
v 0.04231786 0.08233780 -0.03359130
v -0.35129282 0.06435838 0.28860170
v -0.05810387 -0.03635596 -0.04201615
v -0.54487455 -0.22020847 0.20345064
v -0.19975445 -0.17953849 0.08115000
v -0.33627471 -0.16052885 -0.08706684
v 0.24818937 -0.13765562 0.28338206
v 0.18385901 0.25310931 0.16258545
v -0.21011680 -0.22177897 -0.07732664
v 0.28712800 0.45987609 0.21821557
v 0.02308033 -0.01312182 0.08500843
v -0.18663523 -0.54025286 0.28424913
v -0.28252107 -0.14843582 0.13025811
v 0.69739473 0.03104810 -0.12363736
v -0.26613912 0.08616603 -0.06501406
v -0.52440488 -0.27213290 0.21161261
v 0.11386897 -0.09426264 0.27963799
v -0.75018889 -0.25289437 -0.20689015
v -0.21953398 -0.19003263 0.11229496
v 0.42529657 0.09466303 0.03235853
v -0.49930787 0.04133130 0.29418853
v 0.20579772 0.33004463 0.15130687
v 0.32502666 -0.03544821 0.28805190
v 0.11450310 0.10642426 -0.04336664
v 0.26013121 0.00902498 0.08082261
v 0.31080079 0.09624089 0.12583786
v -0.20717217 -0.45004213 0.26743856
v -0.32988098 -0.49055886 0.22936222
v 0.42188925 0.00592422 -0.29818192
v -0.52378947 -0.02238218 0.07314859
v 0.15699689 0.04090903 0.15888426
v -0.43503448 -0.00229001 0.24105042
v -0.37721783 0.10491348 0.22662948
v 0.64849848 0.07505969 -0.32424238
v 0.60001701 0.05508633 -0.01220919
v -0.21875766 0.00678291 -0.17711201
v 0.34787872 0.04335502 -0.30303481
v -0.30534530 -0.00099945 0.26135048
v -0.15088314 0.05427437 0.07009716
v -0.48933986 -0.00638489 0.18425736
v 0.25982204 0.13363008 0.17214029
v -0.29984421 -0.13338508 -0.12703650
v 0.21961056 0.17413108 -0.13227235
v 0.51898915 0.13895851 -0.24246149
v -0.54030293 -0.12336301 0.08922838
v 0.66846764 -0.04034010 -0.01034580
v 0.16697018 0.37610024 0.20052545
v 0.15843040 -0.06890713 0.21830146
v 0.35237169 -0.09014460 0.25561726
v 0.05586688 0.04620836 0.00764377
v -0.05939402 -0.02619910 -0.07403372
v -0.29030502 -0.10013358 -0.14403170
v 0.10370390 -0.13559060 0.29454294
v 0.45349175 0.10241482 -0.01010927
v 0.57727247 0.01228343 -0.02798595
v -0.21414050 0.13716951 -0.08704838
v 0.45411396 -0.01178430 -0.35414767
v -0.14080377 0.20698670 -0.06202989
v -0.11483648 -0.14525938 -0.03763038
v 0.22885865 -0.01039918 -0.44699106
v 0.20214167 0.33358511 0.10773460
v 0.46072674 0.13607614 -0.32520682
v -0.33574736 -0.10760350 -0.07414993
v 0.11539863 0.29963803 0.06082297
v -0.66606587 -0.15978956 0.08100556
v 0.54243225 0.00966732 -0.16501838
v -0.54527068 -0.42010191 0.21765818
v -0.24532972 -0.15440202 -0.16135098
v 0.14251071 -0.09075940 0.20218340
v 0.26781857 0.40186229 0.20766865
v -0.23478141 -0.41879869 0.29423806
v 0.40671808 0.50117397 0.26804540
v 0.23698656 -0.03204649 -0.18125699
v -0.73427820 -0.19527003 -0.14479421
v 0.36470068 0.22866395 -0.17047584
v -0.10335257 0.12041117 0.12729080
v 0.42785794 0.16276048 -0.31531838
v -0.49516276 -0.00351834 0.16504428
v 0.00296691 0.22713327 -0.05303350
v -0.72965908 -0.19285761 -0.09819490
v -0.29445317 -0.08744584 -0.13907135
v -0.09501812 0.01564370 0.05676599
v 0.54177713 0.01274210 -0.26386002
v -0.32792407 -0.23627347 -0.11458669
v 0.02462848 -0.10868027 0.16989836
v -0.32492530 0.11474507 0.24282536
v -0.45864889 -0.43254396 0.17445567
v -0.32263583 -0.11949018 0.10762525
v 0.58448988 0.15068600 -0.34227628
v 0.46332118 0.17587648 -0.07541568
v -0.69724077 -0.16055414 -0.01752662
v -0.76655042 -0.24559036 -0.25842813
v -0.41301563 -0.15745448 0.20616096
v -0.16582040 0.03552441 0.05853468
v 0.28018454 0.16176614 -0.19233230
v -0.02984954 0.24816301 -0.00549975
v -0.81235176 -0.20028026 -0.27988666
v 0.09994376 0.39916596 0.07682609
v 0.27657291 0.20432462 -0.07002380
v -0.19224659 -0.45504919 0.29470301
v 0.03750621 -0.14586137 0.26305220
v -0.52935028 -0.19088455 0.19951037
v 0.29333249 -0.13965836 0.24147996
v 0.32946345 0.17370045 -0.21586539
v -0.32205167 -0.05653904 0.01050958
v 0.48674652 0.16014971 -0.10496430
v 0.25360653 -0.01861463 -0.18553497
v -0.40522224 -0.26309639 -0.00334667
v 0.53896189 0.06465491 -0.31574637
v 0.02734669 0.18070669 0.18128279
v 0.28264910 -0.08924522 0.28783008
v -0.37612540 -0.14398979 0.15773053
v -0.15427418 -0.05840441 -0.16242518
v -0.15131713 -0.05196193 -0.16317955
v 0.10653692 0.38493112 0.07962959
v -0.41057247 -0.25987512 0.21765976
v 0.23649317 -0.01003161 -0.43227005
v -0.79411381 -0.20951664 -0.15807216
v 0.22596507 -0.05020226 0.27717358
v -0.56748146 0.02775335 0.05409550
v -0.14532195 0.20270251 -0.04801978
v -0.51355302 -0.14975248 0.07878340
v -0.52885181 -0.44549921 0.23027225
v -0.45344508 -0.25391343 0.00015249
v 0.66486096 0.02964434 -0.07564013
v -0.53044319 0.03723104 0.22489122
v 0.31372657 0.18637049 -0.13994913
v 0.26491043 0.26532397 0.07611305
v -0.49981311 -0.02842475 0.09778805
v -0.67776179 -0.15793462 -0.01215584
v 0.18083723 0.38860106 0.16642730
v 0.33358964 0.24058129 -0.08713485
v 0.42506331 0.47535223 0.28007311
v 0.22184135 0.04063834 0.14206047
v 0.00978052 0.17670491 -0.08748347
v -0.00813925 0.26362178 0.02265691
v 0.11373338 0.44899979 0.14349432
v 0.46523848 0.00211026 -0.34515303
v -0.49436721 -0.16360030 0.20560522
v 0.22785826 -0.12593992 0.21983628
v -0.57407880 -0.04410543 0.12646081
v 0.07000685 0.20414890 0.18304923
v -0.28435513 -0.06144010 -0.14313146
v 0.71500498 0.06420197 -0.01263291
v 0.35583055 0.06117017 -0.28376561
v -0.48288003 -0.06097255 0.19539434
v 0.01118677 0.22157766 0.15687585
v 0.03206757 0.13206753 -0.15036479
v -0.61681867 -0.23875637 -0.11697547
v 0.34381455 0.18322930 -0.20365702
v -0.72078919 -0.20903930 -0.30997524
v -0.17484058 0.15786320 -0.09736005
v 0.34181395 -0.02933762 -0.10142481
v 0.46681073 -0.00248654 -0.21805489
v -0.41046315 -0.09264126 0.13903302
v 0.46182200 -0.01255546 -0.08327553
v -0.54354542 -0.06969254 0.10433020
v 0.37746310 0.14283697 -0.29790023
v -0.33961004 -0.23043405 -0.11128210
v 0.29849333 -0.01759925 -0.20922506
v -0.70221716 -0.20608629 -0.35039946
v -0.30717495 -0.16007961 -0.12157687
v 0.19064540 0.33242348 0.16390146
v 0.55610472 -0.00400369 -0.13147435
v 0.04859279 -0.10653021 0.07816716
v -0.46534035 -0.04045961 0.12459305
v 0.02344694 0.10289676 -0.08310242
v 0.71154445 -0.03196013 -0.29760003
v -0.30849192 0.03982536 0.27983809
v -0.40723988 0.05062965 0.21924587
v -0.31841692 0.16989633 0.26554999
v -0.15310298 -0.18628143 -0.07051861
v 0.49892661 -0.00572389 -0.13929394
v -0.23942520 -0.50374001 0.26004297
v 0.56446064 0.05555526 -0.35989994
v -0.45386049 0.06577872 0.22530884
v 0.65250927 0.00917938 -0.02684756
v 0.50714695 0.15388639 -0.14291294
v 0.32112193 0.18875961 -0.28440377
v 0.42379773 0.00912307 -0.30646822
v 0.11772755 0.34136891 0.19219884
v 0.21726727 -0.01361005 -0.43365556
v 0.32672343 -0.01588979 -0.32106319
v -0.81870753 -0.23890549 -0.24977250
v 0.30439529 -0.10155348 0.23461650
v 0.35026440 -0.01171333 -0.18057479
v 0.35499319 0.21500388 -0.32793590
v 0.33276081 0.01212225 -0.33164173
v -0.03801673 0.07148490 -0.13471813
v 0.37391028 0.22059311 -0.14733087
v 0.33873880 -0.03415494 0.24800861
v 0.30571720 -0.18338171 0.29775342
v -0.30539694 -0.00475550 -0.08203967
v 0.36806110 -0.01310405 -0.19575217
v -0.84767306 -0.19427966 -0.24785259
v 0.42238355 0.14290102 -0.31846529
v -0.07574452 0.23848310 -0.02362560
v -0.24135381 0.09884851 -0.00704749
v -0.03618680 0.25176701 0.02291372
v 0.62894148 0.02809448 -0.09696577
v 0.34020069 0.22596483 -0.10764354
v -0.20160080 0.01978897 -0.17818764
v 0.37913033 0.21539445 -0.04259738
v -0.21533272 0.14436007 -0.07500314
v -0.53393710 0.03350259 0.26764548
v -0.51683486 -0.50879091 0.27841917
v -0.27048734 -0.30958971 0.04554128
v 0.07388527 -0.03711497 0.04317249
v -0.57272208 0.00126287 0.13447382
v 0.06451816 0.04085726 0.01346346
v 0.13150308 -0.02086114 0.06773034
v -0.28898942 -0.27811727 -0.02963363
v 0.52719110 0.13429989 -0.24848217
v 0.01920198 0.15900074 0.18411827
v 0.34480524 0.21157768 -0.10058010
v 0.21117811 -0.14228258 0.24705979
v -0.28541985 -0.07337319 -0.14503464
v 0.63953888 -0.00453061 -0.35323730
v 0.30118898 0.24328765 0.05605099
v 0.34655181 0.24183606 -0.10814478
v -0.33574098 -0.07238940 -0.06667903
v 0.48273572 -0.00846433 -0.18132232
v 0.61503726 0.00855442 -0.38887894
v 0.14552985 0.02919569 0.01745619
v -0.04792789 0.24629405 -0.00583086
v -0.31295180 -0.03189108 -0.05578765
v -0.59445858 -0.27046922 0.15919670
v 0.35932091 0.18001181 -0.19437449
v -0.14186355 -0.15185398 0.02414675
v -0.70373040 -0.24837825 -0.17689379
v 0.03400432 -0.02351195 0.15373941
v 0.09419134 0.41335487 0.12671670
v -0.18971956 -0.02069001 0.05331599
v 0.06542484 0.18976517 0.18929538
v 0.14981544 0.02760345 0.14912303
v -0.40531698 -0.28745437 0.03516353
v 0.38770866 0.44013369 0.27699548
v -0.32611397 0.11175790 0.24151610
v -0.48004958 -0.19728816 0.03721710
v 0.03328795 0.15083788 -0.10778356
v -0.55947912 -0.30220324 0.14918004
v 0.13910992 -0.02549424 0.07985711
v 0.70700473 0.02712548 -0.26556748
v 0.67793477 -0.00917836 -0.24590765
v -0.44214332 -0.09873293 0.08329745
v -0.45435226 -0.11648272 0.19094802
v 0.28188384 0.12078715 0.15693283
v -0.16877110 0.03891833 -0.18359825
v 0.61271644 -0.03123070 -0.03614936
v -0.07100113 0.11836543 0.14769635
v -0.16224262 -0.18740334 -0.08737870
v -0.54644018 0.03126961 0.17528462
v -0.19386524 0.04075772 -0.17116222
v 0.13395748 -0.06921735 0.27761182
v -0.04522227 -0.01222442 -0.06402246
v 0.49198467 0.00155067 -0.21441874
v 0.18404736 -0.04193072 0.26382643
v 0.45771495 0.06320304 -0.02588069
v 0.48492163 0.12460455 -0.32888937
v -0.78848869 -0.23633692 -0.29416427
v 0.27003935 0.23482965 0.12306178
v -0.81426907 -0.22985649 -0.37582427
v 0.68915564 0.03220888 0.02390718
v 0.43612686 0.15168910 0.00766642
v 0.44842651 0.02543035 -0.04491028
v -0.33024615 -0.31718796 0.04357019
v 0.40280774 0.48752034 0.24996552
v -0.10664872 -0.01489107 -0.16010320
v 0.25023013 0.02211021 -0.03577563
v 0.33428496 -0.21738516 0.28861913
v 0.24074797 0.46700656 0.29127890
v 0.26535854 0.18602563 -0.12811315
v -0.62260127 -0.22481637 -0.10313439
v 0.35786748 0.21846724 -0.32457218
v -0.45072082 -0.12962683 0.05997329
v 0.30003688 0.18266609 -0.17411163
v -0.04313121 -0.00956438 -0.03973394
v 0.31359428 -0.02268608 -0.03417406
v -0.58080697 -0.28229335 0.13877246
v -0.02081954 0.15430662 -0.11692267
v 0.57788640 0.02717924 0.07296290
v -0.23687668 -0.13114403 -0.16470332
v 0.65810716 0.04625974 -0.10448810
v -0.57835430 -0.13677992 0.13354647
v 0.61289853 -0.02324044 -0.07578180
v -0.18964764 0.14495201 -0.11830254
v -0.71510172 -0.23552270 -0.26306507
v 0.33758897 0.41293004 0.27389523
v -0.23192661 -0.36138266 0.25579497
v 0.31903234 -0.15400840 0.29555708
v 0.06777772 0.17923556 0.19388382
v -0.66971821 -0.21861216 -0.38104907
v -0.41928098 -0.21434951 0.20820406
v 0.29266316 0.04549694 -0.22201264
v 0.28966108 0.05075328 0.11416643
v 0.05551403 0.11799572 -0.07530227
v 0.20792463 0.02192761 -0.10906816
v 0.61038923 0.10358688 -0.22012040
v 0.37347087 0.38211429 0.26670447
v 0.57081985 0.07821027 -0.04065528
v 0.57456285 0.09645008 -0.01427393
v -0.66559619 -0.15696581 -0.02143714
v 0.30358797 -0.07974783 0.23341599
v 0.11387338 0.21459189 -0.01483210
v 0.35145184 0.17718066 -0.17976290
v 0.03754977 0.16785030 -0.07786270
v -0.36896384 0.04891886 0.28591940
v -0.18567851 -0.45601445 0.27235660
v 0.62281948 0.03701064 -0.32325044
v -0.50921118 -0.15167063 0.07596694
v -0.18426532 -0.45654744 0.28071913
v 0.40951812 0.50044662 0.26624677
v -0.01972803 0.22553734 0.14373568
v 0.05904396 0.01475603 0.04782283
v 0.16533135 0.43254215 0.29163527
v 0.38938200 -0.01971701 -0.18533421
v 0.31010589 0.21022560 -0.33957118
v 0.09829981 0.22791860 -0.00835526
v 0.33125359 0.07593701 -0.25239319
v -0.26657966 0.07791563 0.25954244
v -0.71960342 -0.22516499 0.01362830
v 0.04225693 0.11637507 -0.16841555
v -0.09316830 0.18158793 -0.09788679
v -0.20200086 -0.16005728 0.07846474
v 0.03909070 0.27537891 0.05909093
v -0.53936350 0.01809594 0.13697283
v 0.49543437 0.09258768 -0.32850879
v 0.39403737 0.40403411 0.26360303
v -0.33000442 0.02281709 0.22422343
v 0.74570656 0.00270130 -0.27831000
v 0.10151890 0.27122143 0.04296572
v 0.07671246 -0.06616501 0.22729175
v 0.39136016 -0.02013122 0.26408139
v -0.53159094 -0.29263467 0.09566587
v 0.11886669 0.10842423 -0.04449332
v 0.58964020 0.02207746 -0.23750450
v -0.84325695 -0.18326673 -0.27877057
v 0.01368079 0.26164436 0.02200108
v -0.00071986 0.25805187 0.00265975
v -0.01087945 0.09699266 -0.11402743
v -0.70354271 -0.22443530 -0.35327476
v 0.59093308 0.03116295 -0.12638451
v -0.53044111 -0.09406018 0.13261479
v -0.56888914 -0.29788589 0.14887729
v 0.55953723 0.13036455 -0.32425997
v 0.08440913 0.35485572 0.15396866
v -0.27515781 -0.23055743 -0.09663135
v 0.25439793 0.00952836 -0.01026681
v 0.32614747 0.25475937 -0.02724299
v 0.30417004 0.49087954 0.22932813
v 0.55978507 0.10006180 -0.04385290
v -0.66399872 -0.20847043 -0.35717455
v 0.15665580 0.06965830 0.18344867
v 0.08112226 0.40697706 0.29713807
v 0.66741937 0.10204661 -0.35775131
v -0.33633509 -0.50194508 0.26259685
v 0.33790883 0.22045052 0.05204746
v 0.00750970 0.16774890 -0.09570105
v 0.23784181 -0.05298552 0.23463656
v 0.33789948 0.00616664 0.02724848
v 0.07977333 -0.10726309 0.26205504
v 0.24926502 0.41393176 0.20435528
v 0.34678078 -0.04780984 0.25452033
v 0.31188470 0.02790239 -0.16819352
v -0.74798018 -0.24689192 -0.25668982
v -0.15733150 -0.15746351 0.05597036
v -0.72415066 -0.25261259 -0.20605566
v 0.07144981 0.21616431 -0.03009338
v 0.27634323 0.25910160 0.01496202
v 0.41776150 0.20971651 -0.14404619
v -0.14014281 0.17322339 -0.10647593
v 0.03058831 0.00321613 0.08466887
v 0.54978734 0.04443973 -0.07827359
v 0.15196392 -0.02087619 0.09533456
v -0.25891557 0.04319146 -0.12635247
v 0.06023988 0.14110090 -0.10249819
v 0.11859370 -0.05462601 0.21071066
v -0.42305580 0.00499044 0.23317307
v 0.38946927 0.41424569 0.27234560
v 0.73967314 0.07739704 -0.27979186
v -0.54751211 0.01897625 0.29185146
v -0.56677645 -0.13793033 0.10320052
v -0.50485450 -0.25540268 0.02875174
v -0.33848366 -0.25059450 0.19275279
v 0.54532540 0.12271014 -0.06014193
v -0.00463942 0.18873824 -0.08472045
v 0.15105407 -0.02434394 0.09608113
v 0.24524584 0.26838940 -0.38673949
v 0.47717822 0.11914226 -0.05199708
v -0.50738341 -0.33547699 0.23074648
v 0.36875007 -0.05090379 0.27555376
v 0.75664586 -0.04164766 -0.22236308
v 0.17100720 0.36729953 0.09366762
v -0.26700100 -0.23560841 0.15417199
v 0.05311234 0.13168930 0.19594115
v 0.26188800 0.22587432 -0.03576857
v 0.55499291 0.12010383 -0.14548984
v 0.17385346 -0.08373440 0.28473848
v -0.11585908 -0.09517314 0.00684651
v -0.08452822 -0.01007838 0.03181857
v -0.11749779 0.21588977 -0.04438926
v -0.79390740 -0.23279983 -0.28671315
v -0.56225169 0.01777542 0.28731930
v -0.36357343 -0.12582581 0.14740312
v 0.15691169 -0.14546987 0.29202220
v 0.01390025 0.24764095 -0.00939365
v 0.65445620 -0.01206377 -0.04309146
v 0.13531905 0.04080880 -0.01216442
v -0.42828053 -0.51185310 0.27894115
v -0.51786864 0.01046200 0.14848548
v 0.35309729 -0.00012564 -0.00081064
v 0.53027523 -0.01597831 -0.24098800
v 0.22733912 0.17255068 -0.07321225
v -0.11839853 -0.15616953 -0.04553079
v -0.54587859 -0.15710990 0.06270982
v 0.44590107 -0.02556299 -0.10511541
v -0.19991376 0.16513534 -0.04708783
v -0.40960929 -0.21949880 -0.01891398
v -0.08757901 0.11441920 -0.15403293
v -0.37215704 -0.13668694 -0.00525394
v -0.18324058 -0.01286811 -0.20600045
v 0.60625172 0.06002050 -0.24143100
v 0.11829402 0.01348134 0.02560929
v -0.68786651 -0.24060138 -0.15054427
v 0.52003318 -0.01919083 -0.17869954
v -0.44461077 -0.05057474 0.16397338
v 0.30690357 0.16442274 -0.21048398
v -0.24341887 -0.44159651 0.24182554
v -0.32293597 -0.17682277 -0.10130100
v -0.31598625 -0.02861385 -0.01869612
v 0.40218163 0.00819307 -0.42938289
v -0.35753942 -0.24442330 0.20235437
v -0.21070769 -0.51933533 0.27583233
v 0.60877424 0.10078463 -0.27422842
v -0.25515196 -0.06473681 -0.16445497
v -0.48193982 -0.43088996 0.15655853
v -0.16871119 -0.06162934 -0.16994640
v 0.13928774 0.43041465 0.29377457
v -0.32955599 0.16620554 0.25791454
v -0.64883971 -0.25289583 -0.03928780
v 0.02098249 -0.08577601 0.14716864
v -0.50009137 -0.28129020 0.22035284
v 0.10950715 0.38754660 0.22559901
v -0.81924188 -0.22589684 -0.27431297
v -0.70193321 -0.22536956 0.05407904
v 0.60668683 0.01553823 -0.29047906
v -0.30092102 -0.09785730 0.08470564
v -0.09044226 -0.06266521 -0.12207703
v 0.67836028 0.04551701 -0.39169058
v 0.24448836 0.12583436 -0.14119577
v 0.28248429 -0.02593917 -0.34543684
v 0.09813453 -0.13366972 0.24397914
v 0.35554457 0.03138969 -0.34380397
v 0.54889166 0.07322861 -0.19484746
v 0.16696344 0.04708006 -0.07690483
v -0.44668743 -0.40598243 0.25737336
v 0.10381497 0.40479881 0.05759390
v -0.29518753 -0.21511997 -0.13578878
v 0.25081950 0.28261968 -0.41892543
v -0.14314744 0.08081285 0.08871488
v -0.50496006 -0.17658061 0.05831134
v 0.33919710 -0.00812457 -0.02639416
v 0.59446120 -0.02442532 -0.05325921
v 0.37030131 0.20015775 -0.29657885
v 0.24268977 0.19054581 -0.11724496
v -0.26095882 0.04757986 -0.11981215
v -0.65897232 -0.26360592 0.01764332
v 0.50000465 0.17515256 -0.07063919
v 0.14290582 0.44683522 0.26434854
v -0.33734158 -0.07767361 0.03212730
v 0.57725543 0.09336123 -0.01382719
v -0.08389647 0.12777223 0.14083406
v 0.72633654 0.04437356 -0.32576108
v 0.38039467 0.04545010 0.05092256
v 0.53023922 0.07966632 -0.31772381
v 0.09484664 0.05400573 -0.00178085
v -0.11000162 0.10903342 -0.15237406
v -0.50969076 -0.24811178 0.00804428
v 0.20430247 0.41474867 0.28928235
v -0.43182510 -0.34893984 0.23149686
v 0.28222638 0.13125247 -0.18319532
v -0.54909652 -0.40105218 0.13953596
v -0.12114517 -0.04713559 0.03636390
v 0.17231585 0.14185135 -0.07441282
v 0.57119238 0.12306744 -0.08616170
v 0.18634333 0.36315817 0.17633878
v -0.34777561 -0.28601274 -0.00739292
v 0.19318409 0.33331671 0.08084207
v -0.25621474 -0.26219571 -0.04176193
v 0.65509480 0.02332488 -0.25880390
v -0.68895024 -0.24152717 -0.19947825
v 0.55555582 0.00611337 -0.33937827
v 0.12861289 0.45787615 0.16817604
v -0.26807052 -0.11416014 -0.18103419
v 0.39885533 0.38513470 0.22752839
v 0.16777529 0.03931717 0.16722953
v -0.15947269 0.17532463 -0.08432043
v 0.24434125 0.48277345 0.25109079
v 0.32218185 -0.13733774 0.25223833
v 0.32983115 0.37596232 0.24288176
v 0.20802461 0.40228644 0.19947477
v -0.39738682 -0.22781216 0.20714578
v -0.19086000 -0.20718206 -0.09880887
v -0.52865267 -0.34652707 0.18579505
v 0.30260754 0.51085007 0.27283835
v -0.11503632 0.21892390 0.02972102
v 0.45628816 0.18356714 -0.17143248
v 0.06768066 0.00697526 0.04466606
v 0.25215068 -0.03552533 -0.30123419
v -0.46445271 -0.47668588 0.29916799
v -0.81170315 -0.20685141 -0.18336342
v -0.66264075 -0.22112773 0.11708157
v -0.56214821 -0.03196149 0.20165943
v -0.24436335 -0.28082353 0.07491139
v -0.14524968 -0.06014325 -0.15730603
v 0.29029259 -0.14187035 0.29442406
v -0.41779128 -0.25803918 -0.01438705
v -0.20594025 0.09377923 -0.14268085
v -0.19411589 -0.04603582 0.05016554
v 0.36890978 0.16876827 -0.31072375
v 0.21950659 0.45773292 0.22418903
v 0.62423283 0.06817421 -0.32722262
v 0.24216625 -0.10825214 0.28964776
v -0.32079509 -0.23656224 -0.11631731
v 0.35527712 0.18048087 -0.16087487
v 0.05056794 -0.07328555 0.10872807
v -0.19305931 -0.07691357 -0.17406963
v -0.49559811 -0.33629361 0.13316754
v -0.29156542 -0.49344629 0.22876304
v 0.32029161 0.02700698 -0.17026502
v 0.61901420 0.06407485 -0.16313067
v -0.69807124 -0.24925956 0.01317447
v 0.68876189 0.06166437 -0.24035625
v -0.30920076 -0.06663103 0.04805086
v 0.14905676 0.00836885 0.13950266
v -0.22528411 -0.19022998 -0.11975704
v 0.43713188 0.18952642 -0.20346858
v 0.62381381 0.00170701 -0.07868464
v 0.46151343 0.15933530 -0.31737638
v -0.40172347 -0.41108254 0.28167990
v -0.23541462 -0.11775080 -0.19854210
v 0.53767335 0.13134106 -0.14485475
v -0.46704602 -0.08229786 0.08492018
v -0.71056074 -0.23724957 -0.31960610
v -0.32274324 -0.46343911 0.21598940
v -0.34812257 0.07451713 0.28931162
v 0.31322956 0.10136124 -0.22563729
v -0.32198519 -0.06306747 -0.09086595
v 0.44007915 0.00204465 -0.08493183
v -0.65010577 -0.24152297 -0.08789346
v 0.40607384 0.57260996 0.28779453
v 0.24257705 0.24370600 0.14409783
v 0.46768475 0.16794528 -0.28961971
v 0.01538754 0.23630455 0.14327814
v -0.11111508 0.14846447 0.11697125
v 0.28094292 -0.02451299 -0.34435159
v 0.36183906 -0.01562854 -0.04325399
v -0.78506875 -0.20931290 -0.35802767
v -0.15129302 -0.01376679 0.04674838
v 0.16047685 -0.00516472 0.06899583
v 0.11100511 0.11069518 0.19492857
v -0.07675356 -0.08481948 -0.10505326
v -0.62853950 -0.22083679 0.15589796
v -0.30349025 -0.01781005 -0.01444956
v 0.63854921 0.12412656 -0.25174984
v 0.36682856 0.17905422 -0.31281403
v -0.45772755 -0.35101834 0.12383913
v -0.19900653 -0.55241334 0.28087348
v 0.38056335 0.13848515 -0.29789090
v -0.48695582 0.01201201 0.19549395
v -0.48347434 -0.27320355 0.05514657
v 0.27074045 -0.02070469 -0.05562403
v -0.83333027 -0.22233702 -0.28371441
v -0.42336226 -0.07399848 0.14672284
v 0.60630053 -0.02432035 -0.02419642
v -0.51318812 -0.22701341 -0.00734572
v -0.18798067 -0.02488181 -0.20648943
v -0.47605476 -0.10274105 0.07569188
v -0.35035485 -0.15274717 0.16001730
v 0.24076967 0.01391982 -0.28678998
v -0.48689756 -0.20773566 0.21145934
v -0.49247426 -0.45334107 0.26556417
v -0.43559378 -0.37062195 0.23218270
v 0.12045237 0.41516119 0.25497487
v -0.17802246 0.18096335 -0.00273176
v -0.56170356 -0.44928271 0.11396547
v -0.22693686 -0.00762908 -0.17197371
v 0.11115009 0.10790649 0.19821490
v -0.67369753 -0.22566053 -0.33982742
v 0.51518798 -0.00719352 -0.03582283
v -0.18497646 -0.48701948 0.27393326
v -0.62212646 -0.23779647 0.15441105
v 0.38841704 0.21777436 -0.05371014
v 0.06739354 -0.06363711 0.21831548
v -0.31848580 -0.08893292 -0.09909900
v -0.21263134 -0.19058032 -0.11991249
v 0.57887691 0.04901815 -0.33932611
v 0.49027893 0.04794372 -0.34255254
v -0.48933554 0.01976345 0.19596678
v 0.06322207 -0.12817182 0.08898250
v 0.29400128 0.40256464 0.21144369
v -0.49581581 -0.24703519 0.00170488
v -0.56197077 0.03484512 0.05468510
v 0.31404227 -0.15088345 0.25973618
v -0.47394994 -0.03787385 0.11631716
v 0.17849393 0.21145342 0.18456607
v -0.39253742 0.11184536 0.23245762
v 0.07379238 0.39249930 0.18244196
v 0.30767965 0.01763963 -0.36899528
v 0.37634128 0.21679029 -0.25547129
v -0.76567537 -0.19562638 -0.17913827
v -0.07968126 0.06361604 -0.17751276
v -0.01215795 0.01213671 0.05590612
v -0.67824364 -0.18619148 -0.20543191
v -0.47542602 -0.03560843 0.11745537
v -0.63137221 -0.27208185 0.04175937
v 0.49407732 -0.00235329 -0.19575277
v -0.23156150 0.07237265 -0.14110376
v -0.43015039 -0.10923751 0.07720429
v -0.71540481 -0.22661409 -0.33218825
v 0.54211867 0.02615304 -0.27188495
v 0.39806053 -0.00487267 -0.43661240
v -0.12443346 -0.01298922 -0.17599481
v 0.29382756 0.40599161 0.27060965
v -0.30588177 0.00164635 0.27249295
v 0.08538656 -0.11734357 0.12911038
v 0.02240065 0.18120432 -0.08106814
v -0.23279105 -0.37501177 0.29878709
v -0.46192551 -0.13099946 0.07403324
v 0.37166926 0.16014951 -0.31063128
v 0.67223901 0.07884238 -0.23023808
v 0.47272754 0.13207212 -0.04873999
v -0.56431395 -0.27285948 0.06188187
v -0.65869343 -0.20033750 -0.14874840
v 0.08732983 0.15342167 -0.06149968
v -0.14134821 -0.06827731 0.03139428
v 0.11906710 -0.03414166 0.17280763
v -0.65801668 -0.23350522 0.11799657
v -0.03144842 0.14981090 -0.12402030
v 0.10349768 0.43013415 0.08212853
v -0.00815269 0.26964089 0.03567601
v -0.30856371 0.04240600 0.23943560
v -0.69435734 -0.25285715 0.01592420
v -0.79980040 -0.22130401 -0.28091255
v 0.13096884 0.30141640 0.16959041
v 0.22822867 0.27798486 0.13931295
v -0.78263003 -0.18686242 -0.31048506
v -0.70455354 -0.17175151 0.02802032
v 0.27324715 0.28117561 -0.32228804
v -0.33963513 -0.21399145 -0.10599506
v 0.00342508 0.02451122 0.06778987
v 0.09577260 0.00780608 0.03428182
v 0.45183128 0.00310507 -0.35462853
v 0.02387836 -0.09225614 0.19917664
v 0.06963947 0.20396198 -0.04966732
v -0.48855957 -0.47061202 0.18920040
v 0.05001814 -0.09886435 0.12296355
v 0.45602211 -0.00061336 -0.22938994
v -0.19535978 -0.17065357 0.07122049
v 0.19968902 -0.08456383 0.29084268
v -0.29806820 0.09346978 0.28583130
v 0.35681441 0.49946278 0.25564602
v 0.24443577 0.27641517 -0.38000509
v 0.50911313 0.14513338 -0.28418764
v 0.62128043 0.08020663 -0.34675393
v -0.11866347 -0.00927619 0.04191345
v 0.26620588 0.18581514 -0.15916204
v -0.58109778 -0.27795303 0.07088308
v 0.30904445 -0.15438603 0.29123613
v 0.63165092 0.08858356 -0.07135181
v 0.33941761 0.02315974 0.06159184
v 0.19816712 0.05721945 -0.10026394
v 0.15198363 0.07196987 -0.03295876
v 0.12086699 0.40593746 0.10123202
v 0.38083911 0.21776444 -0.00818615
v -0.27125981 -0.42180485 0.29155552
v -0.61219692 -0.14258237 0.10446441
v 0.58388048 0.02490484 -0.02878061
v 0.43553656 0.17691688 -0.40332869
v -0.57033396 0.00870982 0.08693153
v -0.53387195 0.03039393 0.15482540
v 0.07105485 0.09432092 -0.04199425
v -0.13750936 0.16652454 -0.11181389
v 0.35021192 0.08992023 -0.28774822
v 0.42389220 0.18275101 -0.27727902
v -0.00490246 0.01793282 0.09257481
v 0.71680391 0.05132580 -0.24818994
v -0.53028947 -0.00350114 0.25672331
v 0.24184845 0.48164174 0.25138029
v -0.29575953 -0.19902101 -0.15004826
v -0.86904997 -0.22290403 -0.28327715
v 0.28512725 0.01669738 -0.36407655
v -0.25517935 0.07417678 -0.11665665
v 0.24404487 0.00564305 0.05450003
v 0.55980891 -0.00768173 -0.27887985
v 0.31256717 -0.05467763 0.24449514
v 0.16526067 -0.00434630 0.05717882
v -0.01326806 0.00452754 0.01688805
v -0.37877482 -0.18320806 0.19638555
v 0.57624704 0.09723198 -0.14057776
v -0.65689260 -0.20115662 -0.17628855
v -0.24634880 -0.14940520 -0.19387074
v 0.61063129 0.02742376 -0.07643691
v -0.55228221 -0.29123536 0.09769809
v 0.60908031 0.10628154 -0.01394873
v 0.36177891 -0.01604035 -0.20584436
v -0.01252594 0.00296873 0.02213963
v -0.73564416 -0.19862749 -0.04930508
v 0.43485874 0.09924925 -0.33236319
v 0.58136147 0.13861360 -0.36369425
v 0.41497689 0.17403951 0.02403855
v -0.38445097 -0.45819157 0.29641375
v -0.23485868 0.02502886 0.03601261
v -0.12618284 -0.16687725 -0.02074642
v 0.57871246 -0.00300989 -0.35135457
v 0.27418485 -0.02479856 -0.06711818
v 0.54111814 0.13297734 -0.34057993
v 0.23585804 -0.02898151 -0.38015971
v 0.53235930 0.15811501 -0.34920621
v -0.21619827 -0.14094269 0.09142353
v -0.28701258 -0.48236302 0.22436109
v -0.39972669 -0.49644506 0.24015707
v -0.68613201 -0.18822116 -0.25276917
v 0.68642002 0.10589022 -0.28738073
v 0.36716634 0.18069349 -0.31194156
v 0.45470130 0.00777123 -0.08721245
v 0.31512475 0.14308426 -0.22564001
v 0.66219521 -0.03442898 -0.30431667
v 0.32044345 0.00868964 0.05803927
v -0.47274846 -0.00538238 0.21155447
v 0.04853678 -0.09630965 0.06969129
v -0.30948174 0.02892331 0.23031239
v -0.41594267 -0.13499860 0.05380286
v -0.28844836 -0.24539340 0.16502734
v 0.49660960 -0.02116280 -0.19532655
v 0.10941033 0.31747523 0.08947633
v 0.46465114 -0.00902324 -0.14928000
v 0.58479506 0.00560382 -0.01529887
v 0.03143284 0.12867787 0.19514847
v -0.21818700 0.11992782 -0.11138001
v 0.54565793 0.00801279 -0.19971432
v -0.16747436 -0.19314316 0.05484043
v -0.68806928 -0.18975103 -0.26531985
v 0.07981933 -0.03444805 0.19623221
v -0.68452013 -0.24792965 0.07100465
v -0.44620121 -0.40483546 0.23993850
v -0.61440623 -0.03214949 0.29527771
v 0.37691808 0.01441623 0.01767730
v 0.14926955 0.44897494 0.16087393
v 0.13979745 -0.00839410 0.14548685
v -0.46937120 -0.38454968 0.13949290
v 0.16922751 0.37007946 0.24839640
v 0.23528767 -0.01632274 -0.17004311
v -0.24629283 -0.12617652 -0.21010876
v 0.01298632 0.06912816 -0.05249164
v 0.41436383 0.19458450 -0.17153296
v -0.52888262 -0.42044592 0.25114584
v -0.09824830 -0.12652054 -0.04228535
v 0.29418296 0.23852952 0.09569395
v 0.38852155 0.49795133 0.29182395
v 0.52276427 0.13611212 -0.12491752
v 0.07771953 0.06036651 0.17795555
v -0.07678849 -0.05633519 -0.01733418
v -0.33693585 -0.45541480 0.21411486
v 0.67563593 -0.02386473 -0.02995430
v 0.21098793 0.09071646 -0.08624797
v 0.12905720 0.45824942 0.17072836
v 0.07613331 0.43324968 0.14771062
v 0.02911166 -0.14361636 0.26202232
v -0.81337714 -0.20427901 -0.31731609
v -0.10409009 -0.08689285 -0.00163705
v 0.19723350 0.15645017 -0.09883547
v 0.64628577 0.04715600 -0.07284524
v -0.11910174 0.19748308 0.07088908
v 0.28668737 0.45410141 0.28884703
v -0.48057592 -0.53229779 0.29087213
v -0.70246160 -0.18402170 -0.10601522
v 0.02134815 0.03138371 0.01337125
v 0.56347358 0.06047751 -0.05157913
v -0.17343920 -0.10040377 0.04759547
v -0.17788373 0.13438503 0.05176642
v 0.66245127 0.02526770 -0.10208088
v 0.14362703 0.44902349 0.24743840
v 0.10637863 0.39878315 0.29535410
v 0.34223965 0.25657052 -0.02214231
v -0.01266558 0.12024449 -0.15095349
v -0.43595484 -0.38373664 0.16004857
v 0.04761633 -0.12237984 0.07977442
v -0.46495542 -0.01349319 0.23207755
v 0.21850948 0.20995565 0.16671841
v -0.46450940 -0.24492925 0.21853165
v -0.21537702 -0.44063193 0.25959054
v 0.14258629 0.14267248 -0.06918031
v -0.30998239 -0.02703822 -0.05744070
v 0.31454912 -0.00061882 -0.15124404
v 0.39092913 0.48352262 0.28961140
v 0.14709799 0.11064852 -0.06168750
v -0.46698064 -0.01941719 0.24463722
v -0.01910862 0.19061215 -0.08964099
v -0.13067144 0.00699014 -0.18825422
v 0.13710885 -0.04073855 0.14895809
v 0.30985680 0.12839091 -0.26829144
v -0.09776473 0.13526340 0.13066320
v -0.47929233 -0.47809759 0.22728968
v -0.01603496 0.15673633 -0.11480767
v 0.31515506 0.21213217 -0.18769002
v 0.54514962 0.01502053 -0.19544394
v -0.03993754 0.21481878 -0.06753515
v 0.44306350 0.18884850 -0.17051607
v 0.01942320 -0.11752021 0.28347856
v 0.38136196 -0.03062840 -0.16043349
v -0.29075074 -0.40294924 0.22105949
v 0.37429732 -0.02592779 -0.11818404
v 0.53070688 0.14740926 -0.13978247
v 0.53033358 0.16835225 -0.33412072
v 0.12281188 0.36705932 0.21617240
v -0.39128762 -0.18683368 0.19507077
v -0.42863458 -0.39262325 0.20192218
v -0.41038722 0.11402945 0.27841598
v 0.66470009 0.07949842 -0.37192684
v -0.24794851 -0.26490688 0.10645008
v 0.18486957 0.29092789 0.03139476
v 0.21433027 0.09540824 -0.09800053
v -0.24171448 -0.28816390 0.03243039
v 0.16025066 -0.12496836 0.22819015
v 0.33153808 0.46009946 0.28075176
v 0.31611526 -0.12961960 0.24648100
v -0.16145784 -0.43442902 0.27022871
v 0.17822757 -0.12690964 0.23029749
v -0.27131942 -0.36932626 0.26725084
v -0.30950981 0.06645270 0.24329145
v -0.45252717 0.09136436 0.26602811
v -0.03049898 0.25504121 0.03185721
v -0.28590053 0.03169964 -0.07446369
v -0.52183902 -0.09550516 0.18826541
v 0.52985221 0.13747481 -0.22325546
v 0.09867835 0.09996061 0.19471179
v 0.32244343 0.02038548 0.06474808
v 0.05934675 -0.12310163 0.09122621
v -0.50834745 -0.20498766 0.01883301
v -0.84552103 -0.21945593 -0.28877720
v 0.36052632 0.00174089 -0.00240624
v 0.61888552 0.10578101 -0.22801672
v 0.70506346 0.06020624 -0.24135877
v 0.35852727 0.49145323 0.25017589
v -0.31020710 -0.26547939 -0.05302441
v -0.76217592 -0.24516430 -0.20770437
v -0.36550641 0.18621144 0.28258991
v 0.34472185 0.53398269 0.24861422
v 0.23823431 -0.02757723 -0.37779236
v -0.81297928 -0.21213196 -0.17633109
v -0.13885407 0.21497107 -0.03497290
v -0.73966503 -0.19661270 -0.13554083
v -0.24262410 -0.03238584 0.05054113
v 0.50105596 0.00796939 -0.23960476
v -0.15356433 0.18199404 -0.07626898
v 0.28669208 0.43992570 0.21117367
v -0.66430432 -0.21226108 -0.08518571
v -0.10212129 0.20415714 -0.07606108
v 0.35348073 -0.04355981 0.25583994
v 0.70822722 0.06422795 -0.24140951
v -0.17654465 -0.13628687 0.05052332
v 0.21799690 0.30691546 0.13466902
v -0.32552889 0.02650685 0.22200538
v -0.26578638 0.05303036 -0.01371525
v 0.24413073 0.26654652 0.09908497
v -0.27312478 -0.26859206 0.13741691
v 0.60848546 0.06771310 -0.10672902
v 0.59019417 0.14323516 -0.33494961
v -0.50856078 -0.33262441 0.22897562
v 0.35376033 0.06865634 -0.27791870
v 0.11736476 0.03726891 -0.00203007
v -0.27809623 -0.01040058 -0.13813959
v 0.22738099 0.45811054 0.22266684
v -0.43533656 -0.15763794 0.04766568
v 0.15909956 0.35480174 0.04809585
v 0.07342425 0.37832132 0.15572672
v -0.32141054 -0.08644976 -0.09013466
v 0.33495283 0.00155484 -0.33000645
v 0.02267532 0.02001695 0.11674672
v -0.16928725 -0.19753332 0.04769224
v 0.33995506 -0.18190514 0.29895830
v -0.31301138 -0.28573489 -0.02899181
v -0.61516368 -0.13790500 0.07639818
v 0.02805448 -0.00207925 0.09280877
v 0.67004710 0.04116372 0.02466050
v 0.34401315 0.42057422 0.21792381
v 0.48350254 0.07052064 -0.06340767
v -0.34256890 -0.09149355 -0.01269981
v -0.53633046 0.03728289 0.18349262
v 0.17586584 -0.11930950 0.29709539
v 0.46992430 0.16692714 -0.29721010
v 0.58269072 0.12473004 -0.32997346
v -0.16134146 0.09096640 0.07403658
v 0.30429596 0.00389545 -0.17428523
v 0.17424777 0.40120509 0.14607523
v 0.48050299 0.00195320 -0.07855040
v 0.29506588 0.01272881 -0.21497658
v -0.04121741 0.07308614 -0.15239230
v -0.56207693 -0.14464696 0.07656188
v 0.40829062 0.08641925 -0.33469078
v 0.28593472 -0.04030291 0.27418110
v -0.39494726 -0.20476314 -0.01894643
v 0.33229452 0.23800884 -0.08516417
v 0.58579934 -0.00177370 -0.35348630
v 0.59729856 0.10798001 -0.34804335
v -0.33979455 -0.17996292 -0.08142296
v 0.17663866 0.45572791 0.26469433
v 0.24041612 -0.15876977 0.25072083
v 0.05780677 -0.08665843 0.11317619
v -0.49049571 -0.23059361 -0.00837962
v 0.57636273 0.12378249 -0.32952443
v -0.46773371 -0.28481713 0.22385725
v -0.21650317 -0.02178105 0.05220488
v -0.39641425 -0.48950016 0.23219372
v -0.32468057 -0.30703479 0.01721196
v 0.28719461 0.23378371 0.10915965
v 0.24295196 0.01379885 0.10284359
v -0.63272643 -0.18440637 -0.03284571
v 0.22098649 -0.03659860 -0.33294415
v -0.00860348 0.02212362 -0.00765337
v -0.43707725 -0.42843878 0.28600377
v -0.21995385 -0.38698837 0.29535571
v -0.31539547 0.04768353 0.23737140
v -0.18941185 -0.41141340 0.28065079
v -0.58319807 -0.01617259 0.17449313
v -0.77570552 -0.24009567 -0.24181373
v 0.18676341 0.16778673 -0.09747796
v 0.44421199 -0.01499691 -0.15926236
v -0.56801295 -0.00877070 0.29467714
v 0.46869785 -0.00006241 -0.22666837
v 0.28788406 0.25272861 0.05189158
v -0.12076831 -0.16074440 -0.06395371
v -0.35789019 -0.33484244 0.10327559
v -0.20527190 -0.23131971 -0.05749845
v -0.67766041 -0.18628746 -0.12664831
v -0.34938654 -0.26173988 -0.04220442
v -0.72512633 -0.20959289 0.00843358
v 0.54328507 -0.02466682 -0.04772971
v 0.34311789 -0.09392817 0.25342986
v 0.09289679 -0.09372272 0.25655568
v 0.63300097 0.07167734 -0.31448105
v -0.68039501 -0.23908335 -0.14594772
v -0.32230982 -0.45042193 0.21638757
v -0.33457217 -0.45010126 0.21398096
v -0.08234135 -0.07384098 -0.03507632
v -0.44581947 -0.26939884 0.23002063
v -0.61086470 -0.20497565 0.17183810
v 0.18233268 0.45541283 0.27328020
v -0.30279043 -0.10322408 -0.13354167
v 0.07532355 0.09255773 -0.03661023
v -0.35567138 0.17633893 0.29039946
v -0.03894228 -0.01154557 0.00582043
v -0.51493520 0.03532565 0.18594052
v -0.22741346 -0.24648866 -0.05116538
v -0.16710895 0.16009939 0.04672400
v -0.03594754 0.02677507 -0.08809730
v 0.68770790 0.07880960 -0.01430115
v -0.69449204 -0.19803511 -0.33224446
v 0.13668850 -0.03560205 0.14858587
v 0.48524722 -0.01674501 -0.35826758
v 0.04791791 -0.04491544 0.20003699
v -0.52801621 -0.06711292 0.07789510
v 0.58806145 -0.02285821 -0.06654419
v -0.13006163 0.18222865 -0.09602905
v -0.53523821 -0.02234765 0.27952266
v 0.12006421 0.41454288 0.29366919
v 0.41147646 0.46703228 0.28962928
v 0.41584197 0.00560165 -0.42421934
v 0.14598860 0.39140925 0.06533607
v 0.30792847 0.03160628 -0.14283162
v -0.41646737 -0.08529153 0.14219788
v 0.04829572 -0.12973899 0.20581661
v -0.17088015 -0.17635070 0.06832246
v 0.14493316 0.01567322 0.02971907
v -0.65992057 -0.21997268 -0.22747195
v 0.36097488 0.22448644 -0.31864426
v -0.28117231 -0.16634147 -0.18666051
v -0.44101268 0.05412164 0.29131246
v 0.73189902 0.00742310 -0.24978246
v -0.48939225 -0.01871724 0.17516954
v 0.60070449 0.04417317 -0.31342444
v -0.00936692 0.15748784 0.17713882
v -0.24309079 -0.15338066 -0.16035567
v -0.14140974 -0.02180330 -0.16846953
v 0.02240465 -0.05272343 0.15344559
v -0.19682670 -0.22172247 0.07329538
v -0.50838935 0.04304541 0.29110202
v 0.15262051 0.14013009 -0.07583474
v -0.74748349 -0.23202997 -0.30537727
v -0.50763768 -0.46692196 0.21569060
v -0.41772211 -0.36798885 0.17756936
v -0.28281042 0.02030584 -0.02384665
v -0.18978900 0.04665935 -0.17002627
v -0.23711929 0.09749665 0.00333615
v -0.54187405 0.01318081 0.13146167
v 0.41218501 0.41584575 0.26859799
v -0.56329364 -0.23905312 0.19878106
v 0.08353724 0.29644659 0.08745926
v 0.19773783 0.40054929 0.19583806
v -0.23253290 0.09835190 0.28509054
v 0.35837612 0.55855435 0.28968906
v -0.70631725 -0.19403201 0.04990826
v 0.18295154 0.03958527 -0.09455501
v 0.41004732 0.41227967 0.24921604
v -0.23351376 -0.09035048 -0.20470051
v 0.26429984 0.18888251 -0.14152095
v 0.38098156 0.06227876 -0.31675234
v 0.27969018 0.38655460 0.25554270
v -0.54474044 -0.00185201 0.11928404
v 0.16381481 0.04509064 -0.07371627
v -0.43340275 -0.10875729 0.08027883
v 0.43942818 0.19863886 -0.11630052
v 0.30107829 0.07083700 -0.20790617
v -0.81845069 -0.20960331 -0.28583819
v 0.15564765 0.38170883 0.25430110
v 0.47874871 0.16305459 -0.30371335
v -0.32228872 -0.16276342 -0.10303981
v 0.45005229 -0.00125027 -0.22933410
v 0.38532385 0.49625310 0.25560704
v 0.49362668 0.00808556 -0.29919758
v 0.41554973 -0.00149640 -0.25153604
v -0.19758469 -0.17557719 0.07664552
v 0.26937968 0.25069559 -0.00284193
v 0.05219273 0.11516007 -0.10505042
v 0.07754340 -0.02549998 0.19280444
v 0.59014010 0.02502384 0.02062595
v 0.11754045 -0.07363670 0.17657219
v 0.15958668 0.04352959 -0.00037393
v 0.57653940 -0.01608456 -0.08147120
v 0.44347548 0.43257138 0.25355825
v 0.33180866 0.18307127 -0.15903081
v 0.64544761 0.02094052 -0.25681177
v -0.50873941 -0.30696306 0.12042140
v 0.09081756 0.38176590 0.11030926
v 0.47568479 0.00884779 -0.36455473
v -0.51745689 -0.39638287 0.25723040
v -0.30217838 -0.31447157 0.08529030
v -0.30785379 -0.40625182 0.22483832
v -0.50542718 -0.17206518 0.06233797
v -0.35181752 -0.44071585 0.29600981
v 0.51405865 0.08665615 -0.08804806
v 0.69850653 0.10244322 -0.25780213
v 0.57013452 0.07684843 -0.22781216
v 0.46246788 0.13925235 -0.32462838
v 0.03331744 -0.01391618 0.12245318
v -0.09497349 -0.09865430 -0.02872554
v 0.06751882 -0.06108312 0.21569785
v -0.34277424 -0.44829461 0.29755896
v 0.56310767 0.11809598 -0.16201314
v 0.44511303 0.00241555 -0.08789125
v 0.58451408 0.11584853 -0.04568316
v -0.53347182 -0.16870596 0.05599069
v 0.05113895 -0.10933808 0.27524492
v -0.34839079 0.07765838 0.28957939
v 0.23454943 0.25255176 0.13728128
v -0.44741663 -0.00747240 0.24161676
v 0.37458578 0.06387831 0.07176147
v -0.42072856 -0.32598057 0.09477285
v -0.25635889 0.04274829 -0.13612483
v -0.60248882 -0.24142931 -0.04188357
v -0.00772491 0.03836977 0.12453179
v 0.50628841 0.14799158 -0.22325493
v -0.45037347 -0.31145987 0.08528690
v 0.12436103 -0.09221050 0.16408619
v 0.09505410 -0.06646395 0.07119435
v -0.23913072 -0.35652772 0.26150262
v -0.20294590 -0.11002652 0.06609800
v -0.80095363 -0.19723710 -0.36551794
v -0.27954844 -0.15451176 -0.16537017
v 0.31476197 0.03110500 -0.33501378
v -0.12513478 0.20329414 -0.07145742
v -0.42738986 -0.36865628 0.15111552
v 0.54472256 0.15813169 -0.34789214
v 0.17753647 0.05138401 0.17501390
v 0.26427591 -0.02085740 -0.32641426
v -0.52118933 -0.31400412 0.20255716
v 0.06917865 0.04925475 0.17296168
v 0.20113249 -0.00740738 -0.36712629
v 0.39192638 0.21384226 -0.15350792
v -0.77348977 -0.19477047 -0.20854788
v 0.53330779 -0.00900701 -0.26221344
v -0.68891895 -0.23809806 -0.30827686
v 0.28648373 0.01658766 -0.19414936
v 0.11223430 0.09227220 -0.03094008
v -0.32948524 0.01932247 0.22922803
v -0.00333349 0.10148948 0.17154923
v -0.22387664 -0.21296433 0.11456019
v 0.32909235 -0.05466135 0.28889087
v 0.31933334 -0.00619447 0.00140392
v -0.55509830 -0.07670119 0.15318808
v 0.57156664 -0.01493653 -0.36533350
v 0.02871229 -0.11524993 0.17362404
v 0.31888756 -0.00151155 -0.15488707
v 0.54861557 -0.00539115 -0.12643184
v 0.50506186 -0.01824546 -0.22145031
v 0.27356115 0.23474254 -0.26180166
v 0.40196195 0.16404003 -0.31226215
v -0.11158735 0.03867971 -0.19585721
v 0.70872200 0.04581650 -0.25302988
v 0.51820439 0.14447393 -0.30050024
v 0.34587494 0.20152478 -0.32128376
v 0.41181943 0.20029984 -0.18315434
v -0.29626018 -0.05074783 -0.13038555
v -0.22818771 -0.27387539 0.02109590
v 0.46647373 0.15182661 -0.36183301
v 0.72015864 -0.01780753 -0.30701125
v -0.25012192 -0.02930631 -0.15966824
v 0.51847208 0.01813171 -0.28452995
v 0.45925838 -0.01032997 -0.15353781
v 0.24290946 0.19044095 -0.12486059
v 0.31958750 0.00769230 -0.17513788
v -0.09009676 -0.09415614 -0.08986128
v -0.04395918 -0.02265230 -0.02557686
v 0.12954028 -0.07690220 0.15280195
v 0.50858647 -0.02803587 -0.00585930
v 0.46385932 0.00980143 -0.08755833
v 0.58464050 -0.02039059 -0.05993674
v -0.20043845 0.16062871 -0.02368560
v -0.51806998 -0.40692186 0.26072949
v 0.19442350 0.36182547 0.15319079
v 0.52949679 0.15037279 -0.17007799
v 0.08543927 0.18950360 -0.04631729
v -0.44813150 -0.14163287 0.19518369
v 0.04036172 -0.03315873 0.08151904
v -0.57147539 0.01152460 0.15623502
v -0.31237197 -0.16784905 0.15484440
v -0.73650211 -0.20546713 -0.04004973
v -0.38813016 -0.28108466 -0.00037066
v 0.36531511 0.18845698 -0.14286201
v -0.27360022 -0.17149553 -0.16562265
v -0.62309712 -0.03601233 0.29061359
v -0.18493345 -0.48436478 0.26973963
v -0.25583100 0.00913401 0.26912802
v -0.10818471 0.08466741 0.11648032
v -0.28975573 -0.38651145 0.26801601
v 0.38032985 0.23464976 -0.10103029
v 0.57717603 0.08473647 -0.03214377
v -0.46173567 -0.26651379 0.21887553
v 0.46411502 0.02843933 -0.29993337
v -0.41708371 -0.38690996 0.18875068
v -0.56721544 -0.05500580 0.17322789
v -0.34061611 0.20237134 0.27143937
v -0.62644094 -0.27646035 0.05651138
v 0.45910010 -0.01752021 -0.36375928
v -0.08595227 -0.11779970 -0.04744801
v -0.16548780 0.01116674 0.05298422
v 0.26290563 0.01858075 -0.16810054
v 0.14248054 -0.03668731 0.09503934
v -0.05353148 0.22207424 0.12507388
v 0.22597465 0.18698159 -0.12245939
v -0.73855960 -0.23066020 -0.29584965
v 0.17544818 0.25272220 0.00527058
v 0.14155853 0.03290209 0.01272890
v 0.21881907 0.22149205 -0.04004097
v -0.00508258 -0.14547746 0.29170287
v 0.34592614 -0.02219383 -0.09655268
v 0.15064932 0.15066089 0.19112886
v -0.10951664 -0.00966831 0.04231017
v -0.26609030 -0.41038993 0.22956005
v 0.40399554 -0.00003224 -0.04208144
v -0.39485982 -0.33526781 0.09530675
v -0.21957932 0.13752270 -0.00750027
v 0.08621020 -0.10809699 0.25444347
v -0.26096454 -0.14386187 -0.16769420
v 0.37330255 -0.01458180 -0.06690113
v 0.19838321 -0.09325007 0.21264911
v -0.69478285 -0.23454741 0.07612696
v -0.08170285 0.08457045 0.13111021
v 0.08099116 0.35431519 0.12753682
v 0.44900346 0.00496814 -0.08624656
v 0.35844317 0.14077696 -0.27760142
v -0.36785689 -0.13931473 0.15969524
v 0.65636617 0.07862043 -0.37428829
v 0.57348639 0.13924001 -0.21380688
v 0.65500128 0.08684923 -0.37768129
v -0.51677203 -0.11539515 0.09453238
v 0.43594036 -0.00042270 -0.23779701
v -0.31563142 -0.47317424 0.29510114
v -0.59000224 0.00790650 0.28811809
v -0.75433207 -0.26101491 -0.15731947
v -0.19942807 -0.14242277 0.07300314
v 0.30592614 0.07557717 -0.20751144
v -0.64710933 -0.22638784 -0.12216308
v -0.46008441 -0.26376659 0.03026628
v 0.71511441 0.00853520 -0.32340208
v -0.56690466 -0.44042999 0.13431534
v -0.49112853 -0.42818674 0.15842859
v -0.17140022 -0.21729870 -0.01941857
v 0.35842854 0.39814058 0.21329001
v -0.15625243 0.00737055 0.05298741
v 0.27638552 0.04150587 0.11450516
v -0.53898185 -0.26981398 0.05739719
v -0.24266195 0.10441661 -0.00946764
v 0.24475093 0.37388629 0.24773125
v 0.09130849 -0.14719351 0.19154656
v 0.75286329 0.01740106 -0.28162071
v -0.44336367 -0.25131571 -0.01213364
v 0.30279392 0.24075913 0.08412368
v -0.19709778 -0.47210085 0.25858024
v 0.23406881 -0.02855407 -0.29865724
v -0.33016473 -0.13262619 -0.08896047
v 0.21114641 0.06449620 0.17260395
v 0.45420331 0.12627117 -0.32751438
v 0.43068680 -0.00128296 -0.23783259
v 0.19262508 0.36827135 0.23272145
v -0.16785575 0.09006599 0.06983787
v -0.06279051 0.09504484 0.14640485
v 0.63927847 0.10950489 -0.28951791
v 0.59160298 0.04077224 0.09406824
v -0.75420368 -0.23859753 -0.29260743
v -0.02898516 0.21973164 -0.05985199
v 0.12325557 -0.12245111 0.28943098
v 0.34422055 0.10899325 0.10953899
v 0.54130548 0.12071690 -0.03118094
v -0.35400429 -0.11865889 -0.02693080
v 0.27126083 0.13661118 -0.14839463
v -0.73996061 -0.18925928 -0.28144136
v 0.67443502 0.03392499 -0.08209511
v -0.66513205 -0.21468119 -0.35202318
v 0.16867676 0.24174394 0.16524182
v 0.44164485 0.10032860 -0.33412421
v 0.05690732 -0.13625014 0.26048607
v -0.69596702 -0.24012563 -0.22525270
v 0.24704653 0.00508468 0.05197618
v -0.41797781 0.09265343 0.28926289
v -0.78414655 -0.25287941 -0.19274546
v -0.38062853 -0.33849084 0.10467741
v 0.58726186 -0.01954158 -0.07500007
v 0.66943395 0.02408348 -0.08219682
v 0.22696443 -0.03411999 -0.37821284
v 0.20510507 -0.02296180 -0.39257234
v -0.11069661 0.05183256 0.09233981
v -0.50653833 -0.16806369 0.19834734
v -0.43260589 -0.25636554 -0.00713118
v 0.03626583 0.26657292 0.09490094
v -0.18139172 0.17915633 -0.03127969
v 0.30073935 0.10892098 -0.18711573
v 0.38643458 -0.00073462 -0.28671792
v -0.15517269 -0.00637262 -0.20289125
v -0.46414027 -0.26826981 0.03546559
v 0.14719178 0.20629746 0.18386950
v -0.17300853 -0.15557128 -0.12318803
v 0.32425946 -0.21384931 0.29721767
v 0.29862508 0.24622338 0.00727289
v 0.10600837 -0.05866639 0.19677031
v -0.48748779 -0.16461569 0.06609923
v 0.04293841 -0.07375686 0.11410447
v -0.13670230 0.06210328 -0.18893410
v 0.23340167 0.18980388 -0.12136277
v -0.73774016 -0.23819567 -0.07090019
v 0.47697791 0.16906075 -0.33930457
v -0.00740728 0.26011845 0.07700177
v -0.42352012 -0.22281472 -0.02041619
v -0.50536335 -0.15217791 0.18882781
v -0.23855160 -0.24163920 -0.05952949
v 0.31092399 0.01256618 -0.23620233
v -0.53300643 -0.00603865 0.11268973
v 0.06459174 0.13040043 -0.10316575
v -0.53315932 0.02675379 0.14859021
v 0.10530131 -0.13970380 0.23086625
v 0.31829232 0.02701591 -0.14875646
v -0.82133716 -0.19643158 -0.34530836
v -0.21215135 -0.05263231 0.05651982
v 0.29781550 0.12682575 -0.28071433
v -0.41878065 -0.18267956 0.20123570
v 0.28595316 0.08194987 -0.18498488
v 0.06357001 -0.07650805 0.22468127
v 0.59698814 0.01636772 0.06954370
v 0.51184320 0.15312575 -0.17712535
v 0.23209660 -0.01353476 -0.28924274
v 0.46387890 0.16021229 -0.38161954
v 0.39363363 0.15928636 -0.31442183
v 0.11127613 0.30425620 0.06804495
v 0.18033729 -0.15197417 0.26689976
v 0.36309955 0.22419958 -0.05061794
v 0.20045838 0.02013692 -0.08988783
v -0.39020771 0.10823839 0.28890529
v -0.25159782 -0.15077887 0.12325814
v 0.67875171 0.00555868 -0.35486612
v -0.48481908 0.05795353 0.28939095
v 0.39607951 -0.02330698 -0.13038132
v 0.18223971 0.25251362 0.16423695
v -0.16837083 -0.05839362 -0.17104460
v -0.38588834 -0.43758410 0.29328755
v 0.29369715 0.20547582 -0.07628434
v -0.58169347 -0.15008372 0.15609865
v -0.50358546 0.00465507 0.16637664
v -0.55290037 -0.23695362 -0.01291878
v -0.17266189 0.17915565 0.01972024
v 0.32220209 0.25274479 -0.32351235
v -0.51171386 -0.03493999 0.08657441
v -0.55600762 0.02390956 0.16064955
v -0.34940675 -0.47471860 0.29861256
v -0.80397195 -0.24502802 -0.22994779
v 0.23200025 0.37144628 0.25635058
v 0.27812380 0.01941036 -0.18740292
v -0.78001612 -0.19566891 -0.19349706
v -0.09959421 0.22125159 0.05123770
v 0.28057769 0.22320603 -0.25558144
v 0.14280309 0.15337785 0.19219658
v 0.28498900 0.01551212 -0.19619507
v -0.11763695 0.08577796 0.11174096
v 0.05289184 0.11278757 -0.05667898
v -0.30481049 -0.14663640 0.13257137
v -0.54782838 0.02881858 0.16195495
v 0.06715503 0.11830974 -0.06085383
v 0.02362676 0.01758434 0.09758834
v 0.28265709 0.12163860 -0.28257138
v -0.58529288 -0.16654928 0.02749572
v 0.19184203 0.13599569 -0.10464391
v -0.40040150 -0.44048443 0.21251981
v -0.50241232 -0.00894646 0.14950907
v 0.52792573 0.07881825 -0.09132432
v 0.65655535 0.00649180 -0.24752140
v -0.71703535 -0.20087665 -0.28893352
v 0.15751092 0.14057356 0.19088492
v 0.31082425 -0.11001997 0.29589865
v -0.54604006 -0.30789009 0.13298038
v -0.57813907 -0.23317181 -0.02880913
v 0.61267346 0.01510315 -0.23489808
v 0.44486058 0.07617051 -0.33413947
v 0.30867618 -0.17745262 0.29763588
v -0.53207713 -0.13996591 0.07726266
v 0.37772933 0.23082465 -0.06036193
v -0.37753025 0.03014738 0.21886152
v -0.32950610 -0.05074182 -0.02582373
v 0.26901057 0.00065296 0.04718321
v -0.58613145 -0.15289459 0.04230904
v 0.45401910 0.01720766 -0.29212394
v 0.30451432 0.15489963 -0.21195230
v -0.18636747 -0.06927361 0.05035908
v -0.46446609 -0.40198311 0.25039470
v -0.20995030 -0.05775629 -0.20359322
v 0.29404244 0.01919954 -0.36800393
v -0.45595184 -0.34671479 0.24383451
v 0.55353141 0.07515617 -0.17906959
v 0.50708449 -0.01497197 -0.23016365
v -0.12290945 0.08992627 0.11008620
v 0.27500606 0.27258533 -0.28690591
v -0.11293925 -0.12953703 -0.09136250
v 0.55959940 0.08964829 -0.20184985
v 0.52371317 0.01033915 -0.25452873
v -0.60109478 -0.26781517 0.04645355
v 0.07511967 -0.13246410 0.14453837
v 0.40061650 -0.02762939 -0.16379887
v -0.28070635 0.06224913 0.25439161
v 0.47359201 -0.00443301 -0.13663657
v -0.69240618 -0.25731829 0.01539608
v 0.62057173 0.02893345 -0.10391118
v 0.28611377 0.17956100 -0.14098312
v 0.12490578 -0.09201629 0.16071270
v 0.48593965 0.16094078 -0.10563072
v -0.73736483 -0.20138152 -0.05133912
v 0.08409694 -0.12138907 0.24903741
v 0.67901510 -0.01040294 -0.02629572
v 0.22040795 -0.09348065 0.29239997
v -0.29783440 -0.22683196 -0.11808342
v -0.46290734 0.06111390 0.29234606
v 0.26209295 -0.00798155 -0.26195088
v 0.06092086 0.13211410 -0.11894958
v 0.26400292 0.26221415 -0.39678255
v -0.19478935 0.14029175 -0.11586203
v 0.28232250 0.11757088 -0.29960701
v 0.21054578 -0.04415861 0.24941778
v 0.33244962 0.19918883 -0.16879794
v -0.21102874 -0.22731844 0.09284546
v -0.36410537 0.08574405 0.22323206
v 0.24247591 0.27394006 -0.36408177
v -0.13830830 0.17728576 -0.09791596
v 0.32415375 0.24776749 -0.24597208
v 0.34840542 0.51853889 0.29014459
v -0.33087951 -0.07160116 -0.03266056
v -0.31019634 -0.03010735 -0.07433470
v 0.45959556 0.01184845 -0.29249093
v -0.60799575 -0.21031180 0.17335521
v -0.25741762 -0.39739603 0.29146773
v 0.17569786 0.02659293 0.15075366
v -0.88028824 -0.18168262 -0.27837294
v 0.39458579 0.56951618 0.27818507
v 0.33659297 -0.21060187 0.28794301
v -0.20424661 0.12225939 0.03089554
v 0.20071006 0.17543964 -0.06135655
v 0.00664467 0.17163014 0.17817643
v -0.24770352 -0.09897929 0.08659323
v 0.72424084 -0.03637066 -0.27470979
v -0.38014567 -0.16335651 -0.00886713
v 0.24368836 -0.02562316 -0.28685600
v 0.26520908 -0.00543174 0.04299071
v -0.11146265 0.04090348 0.07720450
v 0.69049692 0.03751987 -0.09581273
v 0.32845578 -0.00023065 0.01947668
v -0.15788503 0.18821521 0.01696639
v -0.32300594 -0.32416967 0.07896728
v 0.16433835 0.38732228 0.11674682
v -0.04797035 0.25068891 0.06749749
v -0.13350557 -0.07361628 0.02477558
v 0.07564554 0.27386710 0.14075948
v 0.18946773 0.37297398 0.14462593
v 0.65109801 0.09044061 -0.22756825
v 0.56895781 0.02498661 -0.06012510
v 0.35728329 0.18363804 -0.29596788
v 0.36864379 0.17160635 -0.30677420
v 0.27253115 -0.00951022 -0.06526060
v -0.93045896 -0.21133263 -0.27385390
v 0.40869620 0.45155466 0.26496157
v -0.38020781 0.10860567 0.29003328
v 0.23540366 0.00209083 0.02458580
v -0.62402767 -0.26868582 0.04070977
v 0.63107938 0.03472707 -0.38227385
v 0.31852067 0.23995224 -0.00829228
v 0.16390371 -0.13145991 0.29569837
v 0.66270518 0.00024515 -0.36473188
v -0.28933603 -0.17283675 0.15209897
v -0.15674126 0.03719882 0.06211657
v 0.57639337 0.12008594 -0.04595568
v 0.61509085 0.05955217 0.01412377
v 0.11940131 0.45503527 0.15377712
v 0.04788124 0.02686491 0.02811878
v -0.41558421 -0.09350864 0.12905538
v -0.21477434 -0.54184574 0.29807445
v 0.05309718 0.27091253 0.07744516
v 0.27152237 -0.01452777 -0.19610849
v 0.37243360 0.16069539 -0.29839742
v -0.04979937 -0.00198411 -0.08649858
v 0.55627555 0.04525906 -0.07615750
v -0.67544842 -0.25089893 0.08131023
v 0.10629235 0.15388405 0.19708383
v -0.07170365 0.00036193 0.04319857
v -0.12113564 0.00938643 -0.18323812
v 0.31339583 0.50393331 0.28783658
v -0.45162678 -0.45685506 0.28036252
v -0.17978337 -0.05461096 0.04689499
v -0.24203317 -0.35034835 0.29124865
v 0.47970921 0.14644496 -0.27525014
v 0.23672932 0.48111680 0.27456293
v 0.42285010 0.17620641 0.00123859
v -0.57274151 -0.15795887 0.04814277
v -0.35826787 -0.21741316 -0.06381682
v 0.37667251 0.14303258 -0.30769220
v 0.25473899 0.26333976 -0.40323776
v 0.67785132 0.03124913 -0.02149736
v -0.47089016 -0.20223075 0.02612513
v 0.54757547 0.07300512 -0.19928257
v 0.15310580 0.24372879 0.00062818
v -0.20298250 0.06521844 -0.15447111
v -0.51423538 -0.41200662 0.26449144
v -0.40655306 -0.33965451 0.11083420
v -0.30049813 -0.23356603 -0.10418828
v -0.25941879 -0.09075038 0.08301957
v -0.57148385 -0.03604021 0.09868438
v -0.23279712 0.11193829 0.00517083
v -0.44708252 -0.51951259 0.27694970
v 0.21381918 0.23810096 0.15266542
v 0.28812054 0.00269957 0.05667863
v 0.15467606 -0.09689695 0.29409832
v -0.22534846 -0.00785737 -0.17195323
v -0.22204430 -0.44689715 0.25896084
v -0.53161466 -0.04064769 0.21864764
v 0.21011721 0.32703909 0.07719022
v 0.25927240 0.45873329 0.29314244
v 0.27303338 0.22756682 -0.03560689
v -0.30633178 -0.31912541 0.07827608
v 0.62041223 0.04320132 0.05047529
v -0.39933091 -0.16758829 0.00933130
v 0.54427820 0.00753906 -0.18125504
v 0.34744799 0.08252938 -0.28671896
v 0.64208460 0.02244907 -0.08677515
v -0.67047769 -0.19174732 -0.20791742
v -0.55576730 0.00878959 0.26093394
v -0.72215664 -0.22805148 -0.28771138
v -0.83461803 -0.20585915 -0.22042650
v 0.32996410 0.04698301 -0.27887708
v -0.29377502 -0.45163596 0.29460961
v -0.66110241 -0.21546295 -0.12683229
v 0.39093548 -0.01220325 -0.07112309
v -0.53466356 0.00929878 0.29384750
v -0.37737313 -0.29335931 0.19245256
v 0.16753203 0.09297185 -0.05714048
v -0.42254072 -0.21400966 -0.00606733
v -0.15668300 -0.02549036 -0.18277963
v -0.70507932 -0.18542695 -0.17508054
v 0.12394331 -0.05714441 0.25997725
v 0.68521917 -0.02418924 -0.25228694
v -0.29683492 -0.30738214 0.10086226
v 0.01747584 0.06789003 -0.04422751
v 0.07037913 0.16094537 0.19814144
v -0.28748637 -0.46993130 0.22468267
v -0.17779416 0.18183908 -0.00564688
v -0.33683097 0.10252003 0.23193583
v 0.15190931 -0.00016068 0.13370796
v -0.50485682 -0.33160293 0.23110534
v 0.02853573 -0.05799522 0.19125602
v -0.43546769 -0.33073920 0.10464130
v 0.29800323 0.23291691 -0.30927110
v -0.24372308 -0.11274253 0.09466442
v 0.21379110 0.02071187 -0.11577480
v 0.30849320 -0.03423373 -0.05495852
v -0.15551265 -0.05843048 0.03881128
v -0.71606863 -0.18578343 -0.13786568
v -0.24716945 -0.51212150 0.29654345
v -0.54025954 -0.44563788 0.13284430
v 0.42083886 0.13177025 -0.32183990
v 0.41761884 0.35147616 0.25660580
v -0.25674966 -0.05587252 -0.16037329
v 0.47019312 0.00022721 -0.22779933
v -0.68575472 -0.25920552 0.00850272
v 0.10583539 0.27366233 0.15333217
v 0.59690017 0.02058330 -0.28636733
v 0.36873299 -0.02207709 0.28326568
v -0.19740632 -0.11142374 0.06238162
v 0.07253923 -0.13008267 0.26320964
v 0.04741512 -0.02161905 0.17952764
v -0.53986442 -0.13136227 0.14707778
v 0.58119953 0.00729089 -0.28267398
v 0.28979966 0.24356572 -0.01153763
v 0.31826848 0.08851486 -0.20927060
v -0.28596047 -0.30724588 0.07962489
v 0.04340729 0.25826624 0.13017251
v 0.14380482 0.15796162 0.19222507
v -0.13557883 -0.09594621 -0.14231642
v -0.35291955 0.01293700 0.24313235
v 0.08928391 0.34175789 0.14520793
v 0.49568641 0.15369077 -0.11557218
v -0.39837354 0.06256708 0.29111224
v 0.59216559 0.07488208 -0.12836069
v -0.43280903 0.05546839 0.21837223
v -0.19038488 -0.02988674 -0.20639853
v 0.26881886 -0.00677652 -0.17938276
v -0.66373831 -0.25626311 -0.00690251
v -0.08642208 0.13887058 -0.13840640
v 0.68301952 -0.02049573 -0.33375159
v -0.57901442 -0.29084000 0.15013410
v 0.52055252 0.00393509 -0.33144072
v -0.44869792 -0.36794832 0.13786885
v -0.23740228 -0.24924399 0.10978069
v 0.34585840 0.01392315 0.04554027
v -0.07059810 0.16309133 -0.11618898
v -0.23777081 -0.01180734 -0.16347557
v 0.16641234 0.26195899 0.16179000
v -0.03715307 0.07245573 -0.13369404
v -0.73373240 -0.21286349 -0.30281749
v 0.09592859 0.27171633 0.15006465
v 0.30813026 -0.00710693 -0.24436672
v 0.33825761 0.19637093 -0.22075035
v -0.10124421 0.22021657 -0.04333931
v 0.28368115 0.21047515 -0.26338381
v -0.52307940 -0.16570191 0.06477274
v 0.41258052 0.20421423 -0.19268169
v 0.41693214 0.12124604 0.04405120
v 0.10644762 0.35501611 0.09391694
v -0.34982875 -0.21756199 -0.08278315
v -0.57674736 -0.04442769 0.29514766
v -0.11496043 -0.09451183 0.00633790
v -0.27128559 -0.16596174 -0.21257064
v -0.17705879 -0.10307519 -0.15783007
v 0.59005332 0.08698620 -0.21805443
v -0.58112741 -0.15428352 0.04513139
v -0.32550827 -0.13671315 -0.09788372
v -0.17965430 -0.21380098 -0.07462332
v -0.38848037 0.11776193 0.28793296
v 0.61382592 0.03580985 -0.24701664
v 0.56698984 0.10460207 -0.25723875
v -0.38612819 -0.42079863 0.29145190
v -0.35263580 -0.20356518 0.19485104
v 0.13527367 0.23650803 0.17295253
v 0.59849435 0.02122191 -0.36181587
v 0.06878190 0.40241331 0.16582897
v -0.68689722 -0.24411696 -0.10470381
v 0.68562967 0.05104220 0.01975300
v 0.05895556 0.12671073 -0.16163272
v 0.03338033 0.01292036 0.07302117
v 0.21952242 -0.14206903 0.23927371
v 0.18438442 -0.12384775 0.22602569
v -0.46368423 -0.02906409 0.15042835
v 0.04941260 -0.06941085 0.21140446
v 0.73781043 0.05382490 -0.30228201
v -0.46993896 -0.03109688 0.12691781
v 0.33806971 0.18057445 -0.29055387
v -0.28110659 -0.45465747 0.29415983
v 0.29552642 0.23774904 -0.02375834
v 0.25877666 -0.08576448 0.21484680
v 0.25628561 0.11839056 0.17017977
v -0.31552818 -0.12578475 0.12950851
v 0.56675798 0.00735716 -0.02860625
v 0.18914577 0.18477255 -0.06684671
v -0.46643323 -0.35468376 0.12077811
v -0.22539070 -0.26439995 0.05002217
v -0.18725295 0.09747919 0.05658706
v 0.51298350 0.15909456 -0.32170907
v -0.24984387 0.06307431 -0.12957533
v -0.68271828 -0.23245788 -0.30202478
v 0.74573630 -0.04422713 -0.22656247
v -0.68450016 -0.20647323 0.08841191
v 0.36754087 0.22729166 -0.29000276
v 0.27044910 0.18393621 -0.09651133
v -0.65534329 -0.15685941 0.09060193
v -0.30545667 -0.22833590 0.17991498
v 0.25366497 0.09949891 -0.16528232
v 0.17579055 0.35826552 0.08402578
v -0.55809027 -0.03813461 0.28532660
v -0.23084979 -0.08129532 0.07110659
v 0.26689836 0.22902177 -0.30840442
v -0.90734166 -0.21113397 -0.27108052
v 0.07661454 -0.12465617 0.29406878
v -0.46047994 -0.05389532 0.18766625
v 0.40668654 0.00490641 -0.29749927
v 0.58392048 0.11197204 -0.12115628
v -0.02082357 0.03549828 -0.05999066
v 0.53655857 0.12824690 -0.30657876
v 0.28189966 0.02088684 -0.31839803
v -0.35358611 -0.29027224 0.17787255
v -0.66262764 -0.23114833 -0.21294068
v 0.74252969 0.05065554 -0.29687664
v 0.13137126 0.23528625 -0.00518959
v -0.43196604 -0.40480334 0.18208659
v 0.50961733 0.17209449 -0.33400825
v 0.14068940 0.35126877 0.04474677
v -0.66807586 -0.22117652 0.11046038
v -0.48184344 -0.47802922 0.20404691
v 0.33936733 -0.06647874 0.26704407
v -0.62379575 -0.17492653 -0.02461174
v -0.80090350 -0.23792803 -0.34117481
v -0.55185753 -0.14746246 0.16448741
v -0.30312923 -0.50184506 0.24826173
v 0.27617669 0.12221888 -0.29322115
v 0.51801330 0.04161333 -0.33643690
v -0.35101831 -0.12383440 0.11257736
v 0.68379259 0.02612161 -0.11119782
v 0.02516208 -0.05218332 0.17792816
v -0.65764290 -0.15948963 -0.02138576
v 0.34297645 0.01403207 0.05204815
v -0.29933697 0.03826875 0.24266095
v -0.42016044 -0.16016155 0.20338832
v 0.50368053 0.08645714 -0.32661495
v -0.01778998 0.19012122 -0.08985136
v -0.52459395 0.04144557 0.22533841
v -0.67875665 -0.15754080 0.06160228
v 0.35322598 0.03026779 -0.34548968
v 0.19936979 0.01813183 0.12108613
v 0.63791561 -0.01079997 -0.24114098
v -0.78814667 -0.19948626 -0.18365486
v 0.69337124 -0.02973730 -0.31776962
v 0.37895405 0.18456085 -0.29652199
v 0.25064421 0.01951355 -0.32013816
v -0.39578333 -0.34152868 0.10315923
v -0.67168832 -0.14692332 -0.00606867
v 0.55408913 0.13276632 -0.32284898
v -0.16996898 0.07076146 0.06660233
v -0.00265799 0.06124234 0.14905889
v 0.14740014 0.31875435 0.04944551
v 0.26381761 -0.00298876 -0.17245662
v 0.40609226 0.21046379 -0.05664650
v 0.18847762 0.22308224 0.17199357
v 0.16684821 0.09774233 -0.06281508
v 0.50980592 0.15925016 -0.06800188
v 0.45489335 -0.00054397 -0.08246408
v 0.00816567 0.12180804 0.18090707
v -0.03179265 0.25255024 0.03911052
v -0.34833029 -0.17196189 -0.06332097
v -0.12492207 -0.12443613 0.02393499
v -0.41646430 -0.08046652 0.15807863
v 0.13669069 0.16952616 0.19305761
v -0.57582217 -0.00439735 0.19194961
v 0.09155972 -0.08587241 0.08398782
v -0.66886878 -0.24843413 0.09455555
v 0.38942397 -0.02478875 -0.15092698
v 0.19091918 0.32032496 0.05704766
v 0.25439674 0.14545384 -0.15874566
v 0.34887332 -0.00022643 -0.18154497
v 0.50294763 0.06258959 -0.33571053
v 0.24622360 0.38588583 0.21794523
v 0.12398274 0.04159364 -0.01314418
v -0.20558456 -0.48343974 0.26652026
v 0.53970098 0.14986758 -0.18886301
v 0.65211540 0.07818482 -0.05791973
v 0.28168583 0.00449773 -0.05222438
v -0.17966168 0.07775994 0.06273045
v 0.05547100 -0.07218947 0.06450743
v 0.23506163 -0.01022633 -0.18264738
v 0.06011317 0.13222089 -0.14074896
v -0.68401933 -0.19992381 0.08632839
v -0.77759272 -0.25741759 -0.17346106
v 0.33574894 0.01299538 0.06092061
v -0.25120103 -0.48989713 0.25234908
v -0.71752697 -0.25033090 -0.04676813
v 0.36873990 0.43255916 0.22189195
v 0.26701692 -0.00675134 0.02751466
v -0.26682070 -0.52538037 0.28458497
v 0.26721603 0.44981408 0.29217666
v -0.43670753 -0.14725421 0.05376137
v 0.32357833 -0.19442710 0.26549965
v -0.10633044 0.15354922 0.11954092
v -0.43813559 -0.00491349 0.24697983
v -0.27237755 -0.37194946 0.27062899
v 0.13080853 0.17562310 0.19369259
v -0.54609025 -0.07457889 0.11840417
v -0.36443001 -0.39545441 0.28412342
v -0.40085331 -0.19780536 0.19974029
v -0.49812534 -0.04826838 0.08087025
v -0.46768922 -0.51571763 0.30257115
v 0.39058205 0.44644588 0.28100455
v -0.25682473 -0.02998250 0.04428917
v 0.17719467 0.18018229 -0.04304175
v 0.23153530 -0.13101071 0.28629664
v 0.29301792 0.10378096 -0.18876471
v 0.36465418 -0.02920219 -0.13277653
v 0.57871920 0.03088197 0.08103975
v 0.38531804 -0.10608467 0.27387065
v 0.53122836 -0.01636820 -0.08907866
v 0.32169122 -0.10860591 0.29661754
v -0.47758329 -0.28523540 0.22322920
v -0.05346398 0.22336970 -0.04945166
v 0.46145749 0.08554761 -0.02483232
v -0.51247323 -0.37672177 0.25092554
v -0.54803449 -0.01200800 0.29453880
v 0.09424075 0.11698326 -0.04806200
v 0.44575983 0.16496284 -0.02533012
v 0.08609997 0.14753680 0.19919769
v -0.23712128 -0.22790696 0.12834269
v 0.16949181 0.03183654 -0.07278911
v 0.01226052 0.06359109 0.16864192
v 0.19908017 0.22809057 -0.01506443
v 0.38908309 -0.00146581 -0.01831268
v 0.02113972 -0.09889016 0.16691963
v -0.54387689 -0.41870338 0.12682001
v 0.24374162 0.17045194 -0.15888274
v -0.15464078 -0.01824779 0.04562496
v -0.09435949 -0.05392112 -0.13027841
v -0.16580960 -0.47291291 0.28678387
v -0.32627505 -0.39456668 0.28241169
v -0.75153112 -0.19107567 -0.20063035
v 0.03978070 0.02180006 0.14748369
v 0.43794885 0.14582933 -0.32263327
v 0.05508199 -0.13636804 0.16023199
v -0.01725497 0.19823727 0.16235077
v -0.27255148 -0.46634141 0.29566634
v 0.23649916 -0.00451585 -0.41265750
v -0.17878883 0.17320272 -0.06378753
v 0.22070161 -0.04163915 0.27083540
v 0.04088403 -0.07388195 0.11557595
v 0.19259660 0.21526097 -0.02373571
v 0.29265738 -0.04882131 0.28772816
v -0.05680207 0.18975651 -0.09733700
v -0.26194030 -0.14054197 -0.16730566
v -0.65962106 -0.23036553 0.11728819
v -0.13642816 -0.03873605 -0.16031612
v 0.27382165 -0.03100043 -0.02049136
v 0.63433075 0.09483938 -0.38395256
v -0.03080049 0.05442128 -0.09454674
v 0.26547971 0.25230610 -0.00139017
v 0.38466400 0.22812830 -0.13928743
v 0.21235362 0.36858401 0.25340080
v -0.64461124 -0.20340410 -0.06542866
v -0.61281484 -0.03207156 0.26585555
v 0.65933001 0.10516832 -0.29670006
v -0.77511698 -0.24016403 -0.28379360
v 0.24759440 0.25362715 -0.35678428
v -0.52657062 -0.01681926 0.07835025
v -0.41064221 -0.18105707 0.01709318
v 0.62418693 0.07232823 -0.23952100
v 0.26207134 -0.10743380 0.22000247
v -0.53560448 -0.02411210 0.28361857
v -0.16790545 -0.13551514 -0.13166337
v -0.56473053 -0.20899372 -0.01084487
v 0.11961874 0.42067760 0.05420696
v 0.20896702 0.26832345 0.13606502
v 0.46662605 0.17284089 -0.07478651
v 0.03316297 -0.00886420 0.11374231
v 0.16331303 -0.09577452 0.21248238
v -0.02402440 0.24643725 -0.01274525
v 0.25151822 0.44778061 0.21232280
v -0.79888570 -0.19109271 -0.32581285
v -0.06654227 0.10028842 0.14636758
v -0.22142769 -0.44459042 0.29846942
v 0.64686108 0.00280832 0.02191804
v 0.23597978 0.11320229 -0.14934951
v -0.17407681 -0.14030164 0.04847389
v 0.54761112 0.03361132 -0.07427983
v -0.30060202 -0.39046496 0.24965419
v -0.20210502 -0.08735445 -0.17622627
v -0.60199505 -0.20768546 -0.03792489
v 0.26310351 0.24269080 -0.34357974
v 0.10670944 0.03447930 0.00801629
v -0.23827000 -0.00489878 0.03853481
v 0.11665191 -0.06603821 0.26656374
v -0.66716301 -0.19996570 -0.12009013
v -0.10407308 0.19681878 0.09098690
v 0.40479398 0.46133530 0.26416603
v 0.31384304 0.22582693 -0.23355256
v 0.42800951 0.19649579 -0.03800182
v 0.38937047 0.50835043 0.28015500
v 0.31454057 -0.02496022 0.26533625
v -0.22273153 -0.25636294 0.07799203
v 0.36405560 -0.07918918 0.29240346
v 0.36998075 0.18962456 -0.32505599
v 0.23917212 0.01084713 0.09432103
v -0.24028780 -0.39940551 0.29328734
v -0.26605392 -0.17384100 -0.20505111
v 0.30035263 0.00165075 0.06057255
v 0.23451464 0.18770389 -0.10021272
v 0.27500069 -0.13509609 0.29068202
v 0.25380486 -0.14692512 0.22662929
v 0.32895452 0.19068231 0.11633661
v -0.25050586 -0.05757082 -0.16561687
v -0.33690673 0.13619113 0.28881148
v 0.10901056 0.43687677 0.07745373
v 0.13149826 -0.05414762 0.23314086
v 0.15908310 0.04434719 -0.06879319
v 0.29144546 0.22961660 -0.13730609
v -0.30904928 -0.02822184 -0.07711852
v 0.16485310 0.17157736 -0.06940371
v 0.05346940 -0.05752062 0.20694190
v -0.11360914 -0.13061859 -0.02175418
v 0.03696485 -0.08914520 0.21120889
v 0.26526523 0.02194168 -0.06860980
v 0.21476369 0.31928468 0.11552299
v -0.19958837 -0.18473758 0.08257078
v 0.33807096 0.37306717 0.24149123
v 0.61750513 0.12593167 -0.23742044
v 0.16696770 0.14499228 -0.06188508
v -0.28927422 -0.49091977 0.29512739
v -0.17005974 0.17648582 -0.07056695
v 0.36963469 0.21938577 -0.04407145
v -0.28529665 0.02187121 -0.05998307
v 0.24333766 0.43797320 0.20875086
v 0.62169236 0.06203353 0.01674993
v 0.69284230 0.00105429 -0.25556406
v 0.02871194 -0.04163728 0.09632529
v 0.36100650 0.25147629 -0.06770150
v -0.13381010 0.06989965 0.09782900
v -0.37399647 -0.50033790 0.28423890
v -0.41201082 0.01874170 0.28489777
v -0.24853368 0.05722426 -0.12904614
v -0.24701130 -0.29374769 0.05956131
v 0.11066402 0.43428305 0.29637387
v -0.79533970 -0.25005847 -0.19501421
v 0.61412656 -0.00432516 -0.38765344
v 0.54754007 0.09963968 -0.30288687
v 0.27509055 0.18676201 -0.14652592
v -0.38888836 -0.30122393 0.02785426
v 0.09899563 0.28387824 0.05611453
v 0.73292828 0.03848050 -0.00258852
v 0.00053452 0.10983288 -0.14093666
v 0.12037300 0.36482313 0.20608479
v -0.20126091 -0.40180278 0.28393254
v -0.53433949 -0.00448719 0.07511816
v 0.09770337 0.37322789 0.10330047
v -0.09767286 -0.02240385 0.03233683
v -0.33851093 -0.19684942 -0.07711960
v -0.30288225 -0.12968007 -0.12378047
v 0.31900939 0.07866436 0.10564971
v 0.17498812 0.45615959 0.23227426
v 0.39024597 0.18783815 0.03213997
v 0.44371384 0.16189165 -0.01734298
v 0.18308565 0.40159354 0.28445747
v -0.51527441 -0.01361491 0.25947481
v -0.37040293 -0.39497265 0.27403176
v -0.03251006 0.12491583 -0.15196349
v -0.47053331 -0.47895873 0.27126452
v -0.20003770 -0.21542688 -0.08670986
v 0.25416946 0.01975796 -0.31815952
v 0.13897997 0.30065212 0.17114107
v 0.56157273 0.11837403 -0.18506746
v 0.33203560 0.51433033 0.29032904
v 0.20751224 -0.03203983 -0.36024952
v 0.47236913 -0.01150321 -0.12006959
v -0.46118414 -0.25000176 -0.00598545
v -0.04893078 0.24719784 0.00223112
v -0.54774016 -0.01012008 0.23696311
v 0.20871370 0.06185674 -0.07295000
v 0.22661746 0.18790114 -0.12129404
v 0.05322963 0.15617321 0.19612141
v -0.10133278 -0.13765144 -0.05394654
v -0.10301184 -0.04609701 -0.13949437
v -0.81000394 -0.22808494 -0.37573579
v -0.55216575 -0.29113764 0.09742068
v -0.07756084 -0.05760426 -0.12024225
v -0.44206956 -0.51801240 0.27943355
v -0.55737197 0.01647535 0.26498953
v -0.14402667 0.09184127 0.09968520
v 0.33492252 -0.07327050 0.25998464
v -0.20243469 0.16153437 -0.05902240
v -0.55223596 -0.00094527 0.12086390
v -0.55012488 -0.08072285 0.15653861
v 0.54660022 0.12471864 -0.24059947
v 0.27426845 -0.15479314 0.28770202
v 0.17512877 0.33510631 0.04601103
v 0.27901158 -0.01732991 -0.09197742
v 0.47975311 0.17278099 -0.16593145
v 0.19955888 0.23713572 -0.00876055
v 0.07086116 0.06688492 0.18132257
v -0.52646953 0.03941033 0.24746650
v -0.20148684 -0.24026695 0.05663274
v 0.35770571 0.09081555 -0.28970769
v 0.22655295 -0.00336199 0.03961275
v -0.64715844 -0.15275940 -0.00985164
v 0.39796680 0.22031130 -0.14203355
v -0.24805412 -0.42974243 0.29312664
v -0.14584973 0.10196292 0.08617883
v 0.51630777 -0.01920823 -0.01312593
v -0.70112830 -0.22727674 0.05773149
v -0.54253101 -0.39280108 0.16515943
v 0.04082745 -0.12922835 0.18086508
v -0.37766322 -0.33287629 0.16796894
v 0.31795982 0.38042587 0.24897930
v 0.60106552 0.09364168 -0.10861491
v 0.41592854 0.56951749 0.28796929
v -0.42527717 -0.17391814 0.20056202
v -0.68588221 -0.25509971 -0.05018578
v -0.28040040 -0.13953902 -0.19445488
v 0.41061845 0.15045182 0.04394156
v -0.45234194 -0.23323384 -0.01745126
v 0.32880738 -0.01250792 -0.04375803
v -0.48207039 -0.34887478 0.24654838
v -0.35890990 0.12340034 0.29122540
v -0.10554800 -0.10482384 -0.10578471
v 0.15829261 0.05661384 -0.05179084
v 0.01993481 0.26879510 0.04375360
v 0.32670283 0.52999347 0.27684590
v 0.09762724 0.06619664 0.18208270
v 0.66514069 0.10148682 -0.36434859
v -0.70759612 -0.18548097 -0.15433115
v 0.19287142 0.06162417 -0.07083454
v 0.59373182 0.04961717 -0.02809790
v -0.54719871 -0.42913774 0.17045751
v 0.67992699 0.04426245 -0.11314692
v -0.48496240 -0.08713201 0.07302799
v 0.22574805 -0.13701546 0.28422701
v 0.16505060 0.16626215 0.18985808
v 0.12057893 0.13629846 0.19497918
v 0.31385607 0.24645267 0.00815045
v -0.91160423 -0.20752323 -0.26926565
v -0.27890003 -0.02006301 -0.13521014
v 0.18184702 0.03416761 0.15563078
v 0.23226239 0.48007655 0.27039403
v -0.47599971 -0.41930640 0.27501556
v -0.67484546 -0.19259609 0.09569691
v 0.23307201 0.01679743 -0.00977448
v -0.02013976 0.24464536 0.12417808
v 0.49109504 0.00818259 -0.29459575
v 0.42993519 0.00991491 -0.39870983
v 0.28894335 0.23574980 -0.31723046
v -0.42120564 -0.10767493 0.08335608
v 0.20295459 -0.13469879 0.23354997
v 0.05849171 -0.14114004 0.18071616
v -0.15413572 0.19022450 -0.05420288
v 0.24313553 0.01769262 -0.14281075
v 0.24569163 0.48360375 0.27560872
v 0.27390686 0.02368011 -0.12875541
v -0.27357885 -0.20457129 0.15867904
v 0.63911980 -0.02943400 -0.04322299
v -0.57891428 -0.00286628 0.29620770
v 0.56829619 0.13876510 -0.23770170
v -0.63607019 -0.27739394 0.04596460
v 0.11870957 0.41454554 0.29377165
v -0.21007098 0.11970393 0.02668485
v -0.55156767 -0.22579288 0.20063633
v -0.23970157 0.10025905 -0.00328524
v -0.47937834 -0.25266457 0.01463368
v -0.44697452 -0.01073225 0.25799471
v 0.36049551 0.19538629 -0.13470407
v 0.04796914 -0.12018709 0.07920919
v 0.43218920 0.05003512 -0.00158696
v 0.38324079 0.23411596 -0.10170777
v 0.42390764 0.19945469 -0.04775147
v -0.34836054 -0.08653955 0.03952213
v 0.03954548 0.15287371 -0.09892496
v -0.22753571 0.02439688 0.26334497
v -0.32112092 -0.14493896 -0.10393292
v 0.41468376 -0.00929090 -0.41812107
v 0.58953673 -0.01160337 -0.36521348
v 0.26565897 0.07819104 -0.15030265
v 0.28564036 0.12799120 -0.17843936
v -0.56617415 -0.25798437 0.03934887
v 0.10484330 0.10847959 -0.04436769
v 0.29451436 0.50615644 0.27323589
v -0.11818921 -0.13316005 -0.00463048
v 0.56431204 -0.02504726 -0.05088175
v -0.48503584 -0.12520136 0.08075147
v 0.26982588 0.25999928 -0.38283685
v 0.26234606 0.16339052 -0.17677546
v 0.28752118 -0.08926626 0.28808928
v -0.82757246 -0.18684044 -0.25733352
v 0.33940771 0.20356286 -0.20709577
v -0.51474142 0.02383908 0.17278197
v 0.35015246 -0.13664646 0.26738235
v 0.16632049 0.45652056 0.21858372
v 0.01512269 0.15281618 0.18360156
v 0.38982594 0.09940698 0.07693760
v 0.01987001 0.11200104 -0.11779315
v -0.46051916 -0.51221484 0.26668525
v -0.29099080 0.00200206 -0.02113255
v -0.00467599 0.26984578 0.04410042
v 0.54700202 -0.00241819 -0.13762197
v -0.33739796 -0.47920972 0.22040437
v 0.34238967 0.22646743 -0.14602380
v -0.28700474 -0.17943573 -0.21643661
v 0.58214992 0.08857460 -0.01275066
v 0.03176231 -0.04433857 0.09476575
v 0.27173698 -0.02234565 -0.05740514
v 0.24989875 -0.01407109 -0.27271646
v -0.60484850 -0.26695818 0.04351491
v -0.54475284 -0.26223576 0.03166228
v -0.22351953 0.10321833 -0.12503202
v -0.27417409 -0.27983645 -0.02615003
v 0.17884862 0.00852792 0.11696384
v -0.38842058 -0.34023643 0.15012310
v 0.09438147 0.19007282 0.19219311
v 0.11469703 0.10770517 0.20466255
v 0.24821198 0.41488275 0.20441249
v 0.36239403 0.23183824 -0.30538988
v 0.33569789 -0.19580232 0.29928669
v -0.05298259 0.08252292 -0.15922521
v -0.74657524 -0.21043150 -0.07881639
v -0.40763450 -0.12295137 0.06018525
v -0.30443567 -0.07129145 0.05929765
v -0.22533010 -0.22741485 0.11509293
v -0.22434132 -0.26720297 0.04190149
v 0.41503906 0.18116072 0.00727126
v -0.78848451 -0.25786269 -0.13589372
v 0.07811389 0.35341457 0.12649380
v -0.06849854 -0.00606827 0.02077007
v -0.34701976 -0.23534581 -0.10280669
v -0.20610812 -0.12743157 0.07494662
v -0.55826199 0.02028961 0.04924950
v -0.73278815 -0.19514674 -0.05972071
v 0.34255093 0.00254233 -0.31756708
v -0.83167464 -0.19180785 -0.40338030
v 0.03366449 0.08955801 -0.04762815
v 0.15168545 0.37306741 0.05605375
v 0.24606045 0.40992180 0.20460871
v 0.36117962 0.54043669 0.25327438
v -0.64078844 -0.27290833 0.08744145
v 0.31948736 0.10820916 -0.28953752
v -0.12460793 0.20953080 0.04399047
v 0.64485013 0.03229763 -0.25499317
v 0.68619609 0.01698036 0.02352291
v 0.06837082 -0.04779043 0.20338267
v -0.69085884 -0.18329878 -0.17184402
v 0.23586500 0.28008956 0.08227833
v -0.11990206 0.07307236 -0.18977003
v -0.39359015 -0.29798022 0.03324491
v -0.46864775 0.03314230 0.20866363
v -0.16254562 -0.47983280 0.26568946
v 0.27058458 0.25101930 -0.26845509
v 0.33487129 0.22827837 0.04242970
v -0.79417652 -0.25561851 -0.15410027
v 0.65006793 0.07836172 -0.32881582
v -0.09719173 0.17618144 0.11803272
v 0.43554384 0.15100767 -0.31971762
v -0.54595530 0.00160139 0.05733045
v -0.22485961 0.08732615 -0.13989259
v 0.34779471 -0.13016948 0.29857013
v -0.87464309 -0.19438086 -0.26237276
v 0.36838225 0.24744566 -0.06883910
v 0.22522116 0.02092943 -0.13114265
v 0.58733916 0.04259035 0.07588420
v 0.67173100 -0.02745843 -0.25039482
v -0.57321101 -0.13615395 0.07211323
v -0.19880150 -0.04805623 0.05203719
v 0.05042358 0.06696383 -0.01652319
v -0.32156694 -0.07342386 0.04597346
v -0.00281286 0.23364785 0.14118886
v 0.24778746 0.07912762 -0.12043641
v -0.15614042 -0.17548704 -0.09337363
v -0.28246263 -0.15460418 -0.21004730
v 0.61099237 0.11205185 -0.22770624
v 0.00291537 0.24350496 0.13047154
v -0.47188902 -0.46734354 0.18669073
v -0.43456978 0.07937367 0.22942640
v 0.31758147 0.20170586 -0.17595309
v -0.29962218 -0.04526117 -0.12444466
v -0.16450451 -0.21489081 -0.02728138
v 0.27222934 -0.04592235 0.27547586
v -0.48712689 -0.05821418 0.08268266
v -0.24317119 0.01342839 -0.16345678
v 0.03961612 0.26185372 0.02212848
v -0.55249745 -0.01622322 0.06105940
v 0.52979416 -0.01860572 -0.02078908
v -0.17033015 0.16547465 0.03428631
v -0.04213269 0.15138011 -0.12424096
v 0.25055066 0.00923127 0.06975251
v -0.23218332 -0.12676573 -0.16695222
v -0.45597297 -0.39099225 0.23729636
v 0.19943726 -0.07863785 0.28760871
v -0.51703078 -0.45846635 0.22833516
v -0.25952718 -0.27115288 0.12098084
v -0.33572981 -0.07459947 -0.05468857
v 0.43208140 0.00078624 -0.08005209
v -0.73310703 -0.19581291 -0.04911437
v 0.35563430 -0.05981681 0.29034859
v -0.45600772 -0.23972824 -0.01591872
v -0.73980331 -0.25758433 -0.17000619
v 0.26349825 0.25407836 -0.37736312
v 0.61712855 -0.01505367 -0.30047625
v -0.24838920 0.07438762 -0.00123010
v -0.68289673 -0.21417376 0.09147324
v -0.42418501 -0.08527175 0.12365561
v -0.16248758 -0.16657172 0.06524456
v 0.18398474 0.31982967 0.04433471
v 0.14000276 -0.15219070 0.26878479
v -0.05224402 0.12489900 -0.15097901
v 0.62826794 0.04844804 0.03983163
v -0.51333839 -0.11323915 0.11111573
v 0.13699514 0.22409405 -0.01003864
v -0.16176067 -0.20082238 -0.06384844
v 0.45595410 -0.01701450 -0.11689758
v -0.47452915 -0.38072267 0.24823871
v 0.03073466 0.12086469 -0.14217852
v -0.65766519 -0.21572246 0.12361202
v 0.00397900 0.10543822 -0.12775706
v -0.10374762 0.14513144 -0.13208838
v 0.45884526 0.17778902 -0.06572617
v -0.85432041 -0.21244618 -0.38699734
v 0.32030213 -0.02100867 -0.31612101
v 0.39883202 0.04115612 0.02702789
v 0.32528415 -0.07395969 0.28911066
v -0.28000960 -0.14000803 -0.18436372
v 0.35114759 0.00502142 0.01722884
v 0.61255234 0.08316226 0.01239453
v 0.49569196 0.16340445 -0.16511823
v -0.27257842 -0.16710527 -0.21269140
v -0.36820659 -0.43627557 0.21550153
v 0.24278088 0.07332214 -0.10701501
v -0.61420506 -0.25027317 0.15526760
v -0.33929464 -0.48755059 0.29507020
v -0.36942929 0.17386690 0.26967892
v -0.32536405 -0.43591595 0.29551116
v 0.16178024 0.18704206 -0.06781582
v 0.32986453 0.41398135 0.27330455
v -0.36552024 -0.19336827 0.19335894
v 0.52244675 0.17008498 -0.33345860
v 0.05034137 -0.05944978 0.20698288
v -0.75690472 -0.19582008 -0.19168624
v 0.10124452 0.39929172 0.11398359
v 0.10060759 -0.13769029 0.23707633
v 0.55800033 0.11970227 -0.15178183
v 0.28034541 -0.16788356 0.29207495
v -0.06700470 -0.04024880 -0.07912140
v -0.17652689 0.10715612 0.06288186
v -0.19444163 -0.09336676 -0.16338091
v -0.51953727 0.03769228 0.18478873
v 0.53406417 0.03723801 -0.31317332
v 0.28083226 0.09892128 0.14715049
v -0.41024631 -0.44280541 0.29247722
v 0.07160934 0.34008586 0.13196197
v 0.49866796 0.00670586 -0.29444280
v -0.07329344 -0.07964120 -0.03758090
v 0.56861007 0.03160971 -0.23477888
v -0.47847128 -0.43808752 0.16752693
v -0.26784566 0.00840194 0.26059619
v -0.26206705 0.14771460 0.28007135
v -0.16365461 -0.02402609 0.04724150
v -0.71084470 -0.24322133 -0.00381582
v -0.52360326 -0.35070154 0.14887877
v 0.05300030 0.01050243 0.15730563
v 0.58852959 0.04364058 -0.35214794
v 0.37224367 0.43669206 0.22530776
v 0.61589766 0.09345076 -0.37068594
v -0.23175082 -0.42968446 0.24679267
v 0.37142670 0.47152698 0.28561276
v 0.61331469 0.06740930 -0.17209195
v -0.44158614 -0.49981958 0.25343496
v -0.26096576 -0.24438201 -0.07322515
v 0.16303937 0.00857841 0.12820736
v -0.51471895 -0.31917894 0.14290227
v 0.13122331 0.30659917 0.17276888
v -0.44010222 -0.05025923 0.14990611
v 0.05225353 -0.11375132 0.08560909
v -0.45619395 0.08865421 0.26396933
v -0.48247623 -0.20688426 0.01705538
v -0.42352360 -0.43872288 0.29090011
v 0.36081636 0.48353374 0.24029550
v -0.38287854 0.07437049 0.29007727
v -0.47537369 -0.37734330 0.24955326
v 0.06388270 0.15591070 -0.07539082
v -0.42162606 -0.12529902 0.18964368
v 0.01242884 0.10305282 0.17593729
v -0.10066657 -0.01249213 -0.15571208
v -0.35948616 0.17527471 0.29011035
v 0.13882899 -0.08584777 0.19737464
v 0.45075428 -0.00449154 -0.11265098
v -0.00973008 0.08108296 -0.08964789
v 0.28666639 0.13442983 -0.19331867
v 0.53429836 0.13313045 -0.30587584
v -0.11693050 -0.14952660 -0.07189203
v -0.15992816 -0.14384677 0.03600635
v -0.40768659 0.07787781 0.22462131
v 0.39864287 0.18090491 -0.31039754
v 0.33475888 0.16700879 -0.25274658
v 0.26321128 0.18256991 -0.09453460
v -0.10816026 -0.13381034 -0.04297952
v 0.35974550 -0.12377841 0.29111767
v -0.07134238 0.20777342 0.12211665
v -0.83216721 -0.19077004 -0.38827881
v -0.42450789 -0.47651291 0.21406943
v 0.32705677 0.19465357 -0.32264063
v 0.06219570 0.13510054 -0.10665910
v 0.67216814 0.10871860 -0.29395750
v -0.19396442 -0.44492713 0.26985773
v 0.26166397 0.23407125 0.13129471
v 0.66623932 0.04944004 -0.10022075
v 0.15099356 -0.01194509 0.08015779
v 0.41129115 0.10044901 -0.33498901
v 0.10286147 0.06724464 0.18951167
v -0.71883065 -0.18615474 -0.22671667
v -0.49518222 -0.43547156 0.16413304
v 0.72453469 0.06344719 -0.01394815
v -0.71486300 -0.24147037 -0.01110639
v -0.37982127 0.07523710 0.22275230
v 0.54863304 -0.01538792 -0.10650540
v 0.20641823 0.10038897 0.18068877
v -0.18990915 0.16972212 -0.02289439
v 0.07473675 -0.13671213 0.05495994
v 0.09846117 -0.13769640 0.23552904
v 0.67708081 0.11349083 -0.26830927
v -0.27490684 -0.19155337 -0.15176001
v -0.47096679 -0.41415137 0.27260706
v -0.25548339 -0.21825109 -0.10403636
v -0.31122553 -0.04826144 -0.11104345
v 0.21845908 0.00553024 0.10791282
v -0.06434628 -0.02447128 -0.10332227
v -0.47813421 -0.53416443 0.29352742
v 0.31751627 0.22535522 -0.23180667
v 0.35477805 0.16115808 -0.27594495
v -0.77422130 -0.23289025 -0.33298844
v 0.27686152 0.02208053 -0.13448209
v -0.42441431 -0.15955320 0.04097546
v 0.55117387 0.04448585 -0.17450742
v 0.38020462 0.00568899 -0.30056271
v -0.56208652 -0.43881196 0.14722982
v 0.12472312 0.19042741 -0.03241423
v 0.40169895 0.22646691 -0.10680092
v 0.32281587 -0.01431437 -0.05421547
v 0.61419952 -0.02000243 -0.00696251
v 0.22621128 0.46019411 0.22569011
v -0.62170023 -0.14479642 0.09469722
v -0.46327022 -0.48204160 0.21228521
v -0.52256018 -0.10198149 0.12736346
v 0.34358275 0.23465000 0.04184617
v 0.50696570 0.11914597 -0.07667021
v 0.10068379 0.01071314 0.01847262
v 0.46502382 -0.00595253 -0.20483333
v 0.58103365 0.04859482 -0.18700691
v 0.30397621 0.02651796 -0.36192602
v -0.06807254 0.01943384 -0.13403766
v 0.09322256 0.39607272 0.11881369
v -0.70193887 -0.18351567 -0.15085223
v -0.40379179 -0.19001506 0.19987147
v 0.03470922 0.03292464 0.15169805
v 0.38754776 0.20776276 -0.26227969
v -0.46752962 -0.25389120 0.01299748
v -0.64702708 -0.26295957 0.10473804
v 0.42591655 0.15921107 -0.40857297
v 0.09112751 0.28230041 0.05253007
v 0.44239706 0.00057774 -0.23806773
v 0.36926576 0.00733514 0.00525562
v 0.66946197 0.02631797 -0.10595065
v -0.54768270 -0.40768090 0.20284103
v 0.11733151 0.28035796 0.15690923
v 0.56815964 0.04653470 -0.07198060
v 0.17740615 0.00561397 0.09119997
v 0.64020503 0.03251686 -0.25387266
v -0.22454464 -0.35704747 0.26069847
v 0.40862474 0.49876624 0.29220816
v 0.18927599 0.36294049 0.11355527
v 0.34746337 0.44193235 0.21973519
v 0.34233561 0.24876913 0.03322702
v -0.62638187 -0.23953290 0.14708836
v 0.65285736 0.07952661 -0.05790646
v 0.28372020 -0.17202084 0.23856023
v 0.59226567 -0.02251431 -0.28214765
v -0.47862247 -0.02467638 0.23093539
v -0.41614142 -0.40491346 0.24835518
v 0.31284130 0.20339751 -0.23302279
v 0.65829796 0.06088500 -0.04776096
v 0.16957422 0.05336347 -0.07524730
v 0.30096760 0.25703532 -0.31053782
v 0.23656893 0.00079130 -0.37044010
v -0.21283793 -0.18393536 -0.12451360
v 0.26563188 0.09857976 -0.17661195
v 0.71840394 0.00278550 -0.30212215
v 0.48648408 0.16641857 -0.13783957
v 0.09444067 -0.05819000 0.06239708
v -0.41315055 -0.27990425 0.21822192
v 0.12166578 0.44368181 0.27091640
v -0.57481474 -0.04869393 0.15288872
v 0.33818546 0.25671220 -0.05166091
v 0.15539691 -0.08450796 0.28791294
v 0.30777526 -0.00707950 -0.14788401
v -0.51851207 0.02264987 0.16496781
v 0.58760947 0.02091115 -0.23122984
v 0.54809409 0.12793830 -0.32927471
v 0.09142367 0.43684310 0.06872171
v -0.26132470 0.00123985 0.02823344
v 0.53074419 0.01073158 -0.25957093
v -0.24797173 0.05968362 0.00755455
v 0.24170600 -0.00507925 -0.36918592
v 0.49861750 0.02987386 -0.34016642
v 0.56037563 0.06365280 -0.36000574
v -0.32291156 0.16515060 0.26061893
v -0.55252802 -0.12887731 0.10578491
v -0.36800990 -0.18519627 -0.03618101
v 0.39305919 0.44884124 0.23971383
v 0.63704056 0.08272847 -0.36946341
v 0.63001376 -0.00195954 0.02033759
v 0.57576942 0.05421465 -0.18649712
v -0.31454986 -0.31420395 0.02392196
v 0.05400091 0.03824084 0.01478110
v -0.40922353 -0.17169620 0.20648831
v -0.27326620 -0.12970054 -0.16146281
v -0.62584502 -0.21415828 -0.12718499
v 0.43963775 0.19155245 -0.06546825
v 0.67955965 -0.03186346 -0.31873143
v -0.39654332 0.00684492 0.24975234
v 0.25355187 0.06178381 0.14636989
v -0.27550945 0.10584618 0.28327385
v -0.89476311 -0.21021576 -0.29898396
v 0.21579455 0.06855265 0.17432794
v 0.29609826 0.50918239 0.26118338
v -0.26180896 0.03627735 -0.12870540
v -0.61922777 -0.13553210 0.05888242
v -0.46721509 -0.19289348 0.03335197
v 0.46825609 0.16428116 -0.34473404
v 0.30457041 0.24549505 0.00008761
v -0.75080013 -0.25166738 -0.22114836
v 0.27079976 0.27738729 -0.29989392
v 0.02143503 0.02041017 0.11349111
v 0.15630153 0.20485498 -0.02013166
v 0.01796602 0.02572769 0.12387426
v 0.19537978 0.38421500 0.20526272
v -0.65070003 -0.22457598 0.12887229
v -0.44844446 -0.10678197 0.07396526
v 0.38178578 0.19093186 -0.30486128
v 0.21401569 0.36895135 0.25560939
v 0.11361798 -0.12044315 0.29185227
v 0.04887879 -0.11143400 0.29290029
v -0.44743547 -0.48541823 0.23243001
v 0.47522193 0.02358166 -0.30950454
v -0.66225445 -0.20646702 -0.36469546
v -0.14117722 -0.17041050 -0.06832185
v 0.33587173 0.19804847 -0.19178152
v -0.31728488 -0.07436273 0.05152642
v -0.40370253 -0.47696355 0.29851428
v 0.08089978 0.17354813 -0.04637074
v -0.42884395 0.00356536 0.23180099
v 0.00290471 0.24271660 0.13158581
v -0.64763993 -0.17039324 -0.03488733
v 0.08440546 0.04683496 -0.00039755
v -0.15815638 0.11374313 -0.14502759
v -0.40025523 -0.35048199 0.13703153
v 0.56863630 0.06408497 -0.34633526
v 0.16648789 0.37596518 0.25430602
v -0.39984852 -0.33112434 0.18663235
v -0.24431263 -0.46907204 0.29299650
v 0.34788978 0.46190929 0.22701702
v -0.48970184 -0.18391062 0.05176852
v -0.69735020 -0.18572021 -0.21476761
v -0.00525072 0.02250465 0.00160225
v 0.45628345 0.00269772 -0.27073318
v 0.21466143 0.00175995 0.03288020
v -0.47501484 -0.35443404 0.13405709
v -0.50787526 -0.25498253 0.02708554
v 0.41734046 0.15595293 0.03203001
v -0.00437778 0.24807812 0.12078237
v 0.67405587 0.08311597 -0.00124546
v -0.43690652 -0.00438616 0.26854175
v -0.23959485 -0.05703059 -0.17311257
v -0.37311932 -0.12316705 0.02381812
v 0.22149210 0.43852985 0.29074487
v 0.14594227 0.36940765 0.23504853
v 0.35334083 0.23141859 -0.27352038
v 0.45563206 -0.00308072 -0.34922582
v -0.28785330 0.06783212 0.25148201
v 0.19958808 0.04595590 -0.11159458
v 0.04968875 0.21108571 -0.04343718
v 0.09267566 -0.07731320 0.07849288
v 0.38756794 0.10418000 -0.32393229
v 0.08789805 -0.09473356 0.11394975
v 0.25211516 0.23997241 0.13452728
v -0.04863286 -0.01393681 -0.08090854
v 0.21175402 0.45639586 0.29087421
v -0.72899675 -0.22408278 -0.01228302
v -0.44227979 -0.37892416 0.14883690
v 0.17822286 0.17999025 -0.04394780
v -0.25791651 -0.40274015 0.23958065
v 0.08955662 -0.06814347 0.24300905
v -0.37547642 0.09207746 0.22388886
v -0.68546492 -0.18713710 -0.24280073
v 0.39130491 0.20875618 -0.24829605
v -0.46817285 -0.29169711 0.06928802
v -0.57405490 -0.00228346 0.19512230
v -0.57311946 -0.13811065 0.10723994
v -0.50561506 -0.04196052 0.08499657
v -0.03878925 -0.02031270 -0.00402088
v -0.21193478 -0.54963815 0.28010869
v -0.29255554 -0.27137384 -0.04026738
v -0.70995855 -0.24029146 -0.27950430
v -0.50247878 -0.02429383 0.10885986
v 0.55310047 0.09303945 -0.29487404
v 0.52588242 -0.01398893 -0.24487031
v -0.63320822 -0.22605443 0.14501010
v -0.28062728 0.11973047 0.28255168
v -0.32128665 -0.17064750 -0.10395205
v 0.10190552 0.42630827 0.29710078
v -0.48124543 -0.32311025 0.12116711
v 0.32838297 0.22646436 0.06290950
v -0.05999007 0.10818388 -0.16935252
v 0.38249648 -0.01810700 -0.18754186
v -0.58151531 -0.27596214 0.16893022
v 0.21502434 -0.04414143 0.25114903
v -0.23500359 -0.24300563 -0.06755535
v 0.48064014 -0.00978197 -0.16201763
v 0.41829947 0.19298644 -0.23177463
v 0.11787249 -0.06281994 0.26415172
v 0.30883586 0.00923158 -0.17344409
v 0.60133106 0.06924798 -0.12167907
v -0.52147084 -0.44176966 0.24868235
v 0.51214224 0.08645775 -0.08671711
v 0.14420652 -0.00602577 0.05399844
v -0.17036355 -0.06531873 0.04384806
v 0.18205091 0.00377313 0.04997769
v 0.20126747 0.36909866 0.23328456
v -0.44969249 0.01069262 0.21421863
v 0.07482958 0.17813505 0.19507641
v 0.54819357 0.01723579 -0.16387737
v -0.11378825 0.07481087 -0.19230597
v -0.14782171 0.16558975 -0.11382311
v 0.36852461 0.39095601 0.26998171
v 0.26470616 0.27858502 -0.42119685
v 0.17601430 0.02661068 -0.07318911
v 0.09444940 0.18833964 -0.03985033
v 0.28234750 0.01657713 0.07911722
v 0.33316252 0.25113842 -0.33200935
v -0.22222947 -0.54530662 0.27634585
v 0.27079576 -0.17434536 0.28712013
v -0.25107035 0.06752431 0.00338013
v 0.15132521 0.45660377 0.21358484
v 0.61795300 0.01388707 -0.36089110
v -0.41151583 -0.28158081 0.03203473
v 0.33621705 0.13219775 -0.26428741
v 0.07013106 0.35783187 0.14000089
v 0.32293138 0.24591644 -0.33867374
v -0.19268253 -0.09358952 -0.16195905
v 0.32196754 -0.14582130 0.25795048
v -0.34856981 -0.27848670 -0.01635866
v -0.51665431 -0.09948998 0.10828565
v -0.25851142 -0.09620804 -0.17070584
v -0.52474397 -0.09983107 0.15380020
v -0.49732491 -0.12895241 0.18849662
v -0.52249622 -0.31603840 0.15578918
v -0.43859440 -0.44274500 0.19615000
v 0.11782629 0.25404862 0.16559854
v -0.36190078 0.19024490 0.27358863
v -0.17776909 -0.47093880 0.26110867
v 0.06603556 -0.16235548 0.05795861
v 0.13438325 -0.10168391 0.18354151
v -0.51780248 0.00014146 0.12993833
v -0.81992215 -0.19275005 -0.37611803
v -0.25731307 -0.52731174 0.26232201
v 0.00326815 -0.12766656 0.28137651
v -0.13700730 -0.05864305 0.03102808
v 0.30292532 -0.01647755 -0.21747810
v -0.37321371 -0.39957473 0.24802139
v 0.39187822 0.16446149 0.05383261
v 0.44005921 -0.01200161 -0.14375035
v 0.26024571 0.01997395 -0.12159413
v 0.50114727 0.03590712 -0.34124264
v -0.82484138 -0.23252167 -0.19188464
v -0.49040696 -0.49203277 0.27207875
v 0.08284164 0.36730239 0.12325181
v 0.44121853 0.14865641 -0.32138249
v 0.22304672 0.22615574 -0.03353418
v -0.02350213 0.14759007 0.17323977
v 0.62696475 0.04537259 -0.14454360
v -0.54586744 -0.19968767 0.19849190
v 0.53942341 0.11650234 -0.27287251
v -0.13828775 0.14213510 0.08733491
v -0.47736999 -0.51007551 0.30145946
v 0.66865700 0.03449821 -0.11223722
v -0.08833835 -0.03222758 0.01688891
v -0.02693120 0.24882531 0.11267529
v -0.70071435 -0.24708605 0.04490227
v 0.21676457 0.00538126 0.05755201
v 0.06806504 -0.12072474 0.26342225
v -0.55759138 -0.05004359 0.09593890
v 0.65972328 0.06589200 -0.23964967
v -0.13748348 -0.11030877 -0.13755938
v -0.49902987 -0.13744375 0.08157922
v 0.60022837 0.07650033 -0.34466055
v 0.40352136 0.22227107 -0.09791514
v 0.45318776 0.01551764 -0.30241078
v 0.40016323 0.12923601 -0.31695524
v -0.15281616 -0.15757123 -0.10576504
v 0.54534405 0.12482072 -0.03712404
v -0.09995172 -0.02791208 -0.14921996
v 0.48842883 0.12576036 -0.07405327
v -0.21174376 -0.14919697 -0.14745031
v 0.44670069 0.17047024 -0.30384237
v -0.43764108 -0.14358231 0.19324754
v 0.10319410 0.31077087 0.14155099
v 0.39592791 0.19351217 0.01552755
v -0.41601095 0.01940461 0.21941730
v 0.53167522 0.12388302 -0.31816792
v 0.07237028 0.10922969 -0.04104040
v -0.13244130 -0.13233319 0.01776182
v 0.33016828 0.44070926 0.21478570
v -0.32063478 -0.28384599 -0.02759988
v 0.47516078 0.00428840 -0.24147859
v 0.54796499 0.12267987 -0.12160350
v -0.36672804 -0.30763963 0.02970458
v -0.59448212 -0.19228613 -0.01788304
v -0.32078964 -0.10139049 -0.11431060
v 0.61680782 0.10672685 -0.35150418
v 0.22253488 0.13652322 -0.10904979
v 0.36972287 0.16433688 -0.30849111
v 0.27278128 -0.03063141 -0.29867750
v 0.59486449 0.11195283 -0.07432721
v 0.20377606 0.43060297 0.29091033
v 0.06366994 0.23722474 -0.02517364
v 0.15756151 0.13283576 -0.08823174
v 0.20328943 -0.11566589 0.29551044
v 0.56528980 0.06752485 -0.35157138
v 0.75238836 0.02443635 -0.28462926
v -0.54977793 -0.04982675 0.20051713
v -0.07444665 0.17402644 -0.10403107
v -0.14432330 0.18757305 -0.07479912
v -0.29899797 -0.00480305 -0.06530309
v -0.44644749 -0.15134640 0.05460063
v -0.68143809 -0.25121117 -0.07413107
v -0.38904846 -0.46553275 0.29738036
v 0.60750365 0.10637149 -0.06601981
v 0.48126361 0.12633890 -0.32812718
v -0.41661504 0.05448368 0.21887895
v 0.25446779 -0.01361379 -0.26947168
v 0.63822365 0.12084340 -0.27614838
v 0.44611880 -0.02938611 -0.08701337
v 0.56508988 0.09867597 -0.02152148
v -0.66433305 -0.22049437 -0.24509791
v 0.15158044 0.30070701 0.16662960
v 0.25944370 0.04763407 -0.09096474
v -0.20821506 -0.24731109 -0.03129788
v 0.11737132 0.15008371 -0.05680799
v -0.41130888 0.07827551 0.22496016
v 0.06924335 -0.01150011 0.18400912
v -0.18216319 0.13555604 0.04657442
v -0.42125332 -0.31840426 0.21852632
v 0.24299766 -0.03589645 -0.33413813
v 0.17191465 0.30910140 0.03750966
v 0.66457599 -0.01658252 -0.03510009
v 0.30418491 0.40433604 0.21065955
v 0.61836493 -0.00646165 -0.23795184
v 0.50575060 -0.02576759 -0.19085871
v 0.39398926 0.21992494 -0.04883588
v -0.20211262 -0.52189279 0.27926540
v -0.47269741 -0.37389043 0.13940340
v -0.47946528 -0.03416691 0.18102084
v -0.71688193 -0.24965014 -0.08571904
v 0.28024170 0.17889686 -0.17869528
v -0.46442762 -0.34132692 0.11130591
v 0.45109069 0.01099916 -0.37032294
v -0.67952013 -0.25577661 -0.06642049
v 0.28897777 0.07378324 0.12402608
v 0.36400059 0.22312067 -0.01039728
v 0.12505281 0.38299593 0.23488779
v 0.03170213 -0.02481677 0.13251305
v -0.18788064 -0.11548072 0.05753628
v -0.61493105 -0.23180035 -0.12084648
v 0.15067698 0.36229011 0.04723702
v -0.26328045 0.05196099 -0.00148207
v 0.39408380 0.16794720 0.04932435
v 0.50117654 0.15511827 -0.20301829
v -0.46714801 -0.39906049 0.14422350
v -0.41268462 -0.13152348 0.18433996
v 0.56771851 0.11315397 -0.17919511
v 0.09660465 0.28918856 0.10200983
v 0.31164059 0.11533303 -0.22558378
v -0.29281846 -0.23131000 -0.09463497
v 0.74592495 0.04398763 -0.29451147
v 0.26021245 0.40671581 0.28117257
v 0.03664900 0.17967594 0.18571536
v 0.56075954 -0.01651984 -0.01964158
v -0.67734265 -0.25857085 0.06019260
v 0.17950246 0.43987337 0.19161484
v 0.24010669 0.14469679 -0.10455135
v 0.07195863 0.27639204 0.05120081
v 0.32821992 0.09196819 -0.24994820
v 0.62058556 0.12662584 -0.26455128
v 0.34240511 -0.13957460 0.26318792
v 0.32024449 0.18257205 -0.26692563
v -0.20103630 0.10453369 -0.14213152
v -0.49857062 -0.46379849 0.24857570
v 0.42035958 0.13558485 0.03697772
v 0.23949574 0.24404258 0.14909796
v 0.33401221 0.24814066 -0.26253638
v -0.72448170 -0.24881692 -0.09070791
v 0.18413037 0.13808161 -0.09552646
v -0.30606288 -0.19103795 0.17209387
v 0.34529325 0.19702940 -0.17878188
v -0.87781131 -0.21481763 -0.26517153
v 0.25545165 -0.01396938 -0.18284997
v -0.49439585 -0.03124438 0.24466781
v -0.14507714 -0.18252185 -0.00388574
v -0.34123528 -0.24527743 -0.10011440
v 0.55254757 0.06694983 -0.30824935
v 0.71621919 0.09679480 -0.28886083
v 0.09157147 0.16272832 -0.04710414
v 0.25397640 0.01627944 -0.32377836
v -0.71109086 -0.21039650 -0.33880088
v -0.35283780 -0.13849144 -0.03935866
v -0.56245029 -0.14908978 0.16140889
v 0.38397917 0.49971396 0.26075566
v 0.37180841 0.17189839 0.07729652
v -0.22940001 -0.24078745 -0.05931975
v 0.21194670 -0.00493015 -0.32368353
v -0.28304431 -0.22382325 -0.09553824
v -0.53224033 -0.00850921 0.07420099
v 0.04952431 0.17734471 0.19085684
v -0.30774564 -0.06941348 -0.12465630
v -0.25344786 -0.41569495 0.24109398
v -0.71389693 -0.20506120 -0.32615680
v -0.18470854 0.14549544 0.03488432
v 0.52215230 0.03044806 -0.08149596
v 0.24953893 0.23891330 0.13783343
v -0.06616759 0.07353858 -0.16721143
v 0.68962926 0.07965815 -0.34304774
v -0.31855813 -0.43997651 0.29603794
v 0.28989691 0.20936897 -0.25236773
v -0.56156868 -0.04095442 0.28993094
v 0.38789067 0.12018885 0.08477207
v -0.34864506 -0.11305273 0.09168081
v -0.62365109 -0.25710595 0.13806330
v 0.26831859 0.19896686 -0.07965133
v -0.23792866 -0.38991383 0.29382512
v -0.32135612 0.03384914 0.22274303
v -0.09520935 0.03974874 0.08592778
v -0.52068228 -0.29768777 0.10282966
v 0.28023857 0.06486702 0.12403910
v 0.73479176 -0.01082637 -0.28312656
v 0.62341601 0.01888124 -0.30049103
v 0.25876272 0.24994639 -0.00407470
v 0.35427454 0.18987457 -0.20607108
v 0.31056800 0.26158950 -0.27690011
v 0.13907470 -0.07692393 0.20132655
v 0.32051593 -0.03971161 0.24576171
v 0.28794897 0.43599209 0.20897152
v 0.16292426 0.20616062 -0.02297326
v -0.21011949 0.09397667 -0.14294969
v 0.26810712 -0.10679596 0.28968146
v 0.38465497 0.21712059 -0.16696154
v 0.11456905 -0.05142037 0.07834854
v 0.32862332 0.15396063 0.12851354
v 0.28327671 0.22433966 -0.25220093
v -0.21010746 -0.25294286 0.05421456
v 0.08238423 0.41533592 0.29728916
v -0.21240744 -0.01907583 -0.18278752
v 0.06007731 0.12399492 -0.12174890
v 0.20316255 -0.01982645 -0.39083070
v -0.15818349 0.08687832 0.07551402
v -0.74946851 -0.21031356 -0.32136983
v 0.59621346 -0.01526564 -0.29279286
v -0.52895921 -0.01106261 0.25296295
v -0.75897574 -0.24123758 -0.28400749
v 0.12736006 0.24749154 0.16938750
v 0.59614956 0.01525211 0.01688267
v -0.71090019 -0.17317627 -0.07659295
v 0.26085106 -0.03400046 -0.29463810
v -0.45863080 -0.32406750 0.24071953
v -0.12643550 -0.10457417 -0.13188913
v -0.55414170 -0.40763444 0.14396954
v -0.00303563 0.24854046 0.12075933
v -0.52819973 -0.45237768 0.20169204
v 0.17913479 0.24294668 0.16628544
v 0.36500269 0.20146094 -0.30136287
v 0.34451726 -0.06361093 0.26541603
v 0.50205910 0.17294261 -0.07693858
v 0.49211070 0.16506147 -0.15760069
v 0.35583818 0.25032225 -0.03438527
v -0.20954685 -0.51320851 0.28122568
v -0.03968070 0.24629781 -0.01003712
v -0.42837170 -0.14122978 0.19267626
v 0.12402638 0.34725356 0.19955972
v 0.27113757 0.01604667 -0.06014562
v -0.27373543 0.04537540 -0.03868501
v 0.25187594 0.48670465 0.25203496
v -0.44797346 -0.29698244 0.06408729
v 0.32701814 0.19345671 -0.31852460
v 0.32596469 0.23975407 -0.29222468
v 0.06086474 0.09307733 0.19077279
v 0.27640131 -0.00399473 -0.06667551
v 0.31328160 0.24071562 -0.30124453
v -0.31214064 -0.12533203 0.12709104
v -0.79697752 -0.23006137 -0.28716603
v 0.63452524 0.12222521 -0.27463657
v -0.69019932 -0.23865137 -0.31791738
v -0.38175994 0.10217550 0.28997734
v -0.09537580 -0.00848815 0.04155255
v -0.52541673 -0.35586876 0.14472191
v 0.07323838 0.17014441 -0.05436765
v -0.17402779 -0.21570566 -0.06254663
v -0.22428130 0.11056595 0.01809610
v -0.77082235 -0.25141421 -0.20098510
v -0.29866296 0.08103460 0.29008579
v 0.20199411 0.14442722 -0.08317550
v -0.76012421 -0.18575835 -0.26272938
v 0.45321530 -0.01733172 -0.36552593
v 0.34527189 0.22375266 0.02469724
v -0.54191637 -0.23780601 -0.00867979
v -0.60928369 -0.19667524 -0.04561501
v 0.63483727 -0.03431609 -0.27750397
v -0.51538026 -0.32644215 0.14477953
v -0.43734834 -0.31484506 0.08014191
v 0.03408673 0.17724212 0.18469806
v 0.42572635 0.48536566 0.28626177
v 0.60557669 0.00506158 0.02202149
v 0.18302655 0.44383442 0.29150006
v 0.29664761 0.04069588 0.10582051
v -0.10455832 -0.06112530 0.01657444
v 0.51625943 0.01413049 -0.26094747
v 0.62125611 0.01275378 -0.35975307
v -0.54170871 -0.06874155 0.09919271
v 0.05320229 0.17457049 0.19266270
v 0.12791795 -0.09101943 0.28477630
v -0.15352927 -0.18414719 -0.07667642
v -0.44396782 -0.12103619 0.06698829
v -0.29986414 -0.30790076 0.10968882
v 0.47708872 0.04279150 -0.06417290
v 0.21977842 -0.02834501 -0.31682020
v -0.30525309 -0.05825006 0.03936871
v -0.33063638 -0.39561149 0.28655148
v 0.34860459 -0.00919577 -0.28292060
v -0.28762022 -0.38453820 0.25161108
v -0.39970088 -0.16849689 0.00812521
v -0.16722858 -0.13013609 0.04359049
v -0.49395564 -0.05045114 0.19444959
v 0.28182015 -0.15860641 0.22634563
v -0.21794944 -0.10235453 -0.18500143
v 0.15747836 0.39050052 0.12165250
v -0.71840847 -0.25312302 -0.01932535
v -0.67548770 -0.21265797 -0.27416199
v 0.07128195 0.44126558 0.16096157
v 0.58692801 0.01552734 0.07000405
v -0.29045039 -0.18868439 -0.15676793
v 0.12831950 -0.07492840 0.15822175
v 0.63192135 0.09902013 -0.03949442
v -0.61174780 -0.21253234 -0.05596764
v -0.12813531 -0.01619031 0.04086882
v -0.37561387 -0.39534119 0.26693177
v 0.56052029 -0.00154207 -0.13408901
v -0.09147113 0.18460624 0.11882253
v 0.34751758 0.23190862 -0.27073789
v 0.16967790 -0.05813004 0.28304648
v 0.38099515 0.17773348 -0.19828206
v 0.54087180 0.04081422 -0.30191317
v -0.19704020 -0.20369527 -0.09730301
v -0.47491047 0.03093750 0.20683722
v 0.04208944 0.00408710 0.07465630
v 0.48042697 -0.00500936 -0.36858958
v -0.62221831 -0.22753473 -0.10150471
v -0.91320938 -0.19065136 -0.27219954
v -0.41549447 -0.36248997 0.17006236
v 0.05611143 0.10087115 -0.04249645
v -0.21881942 0.07745808 0.03575724
v -0.17889351 -0.23308155 0.00791769
v 0.47414848 0.16132492 -0.25368640
v -0.09842027 0.09885337 -0.17147923
v 0.14620759 0.38888726 0.10482333
v 0.33700514 0.06904846 0.08868594
v -0.55901760 -0.41673112 0.13852377
v -0.82864529 -0.23916987 -0.23791295
v 0.04060610 0.10874134 -0.06649712
v -0.08041771 0.16125920 -0.11707633
v -0.23535438 -0.27157098 -0.02056101
v 0.29768619 0.09431526 -0.19515918
v -0.19811988 0.02462490 -0.17733873
v 0.34676257 0.41560352 0.27608952
v -0.08031040 0.09113029 -0.18400092
v 0.42921045 0.06926508 -0.33571613
v -0.27920014 -0.30176926 0.08423352
v 0.14991765 0.44913259 0.25525868
v 0.14175238 0.04420739 0.16576122
v -0.62461680 -0.24853908 0.14786749
v -0.58254170 -0.13597216 0.07429999
v 0.29077494 -0.20424825 0.27899644
v 0.02387610 0.06071044 0.17126957
v 0.37150627 0.18908398 -0.16854163
v 0.27349898 -0.02358811 0.00748911
v 0.37530923 0.49808583 0.26535305
v -0.44446743 -0.05072290 0.16320808
v -0.31879598 -0.32055902 0.07091405
v 0.24401265 0.25574306 -0.34515047
v -0.37597644 -0.18072639 -0.01943040
v -0.33524165 -0.25738871 0.18941723
v 0.65152156 0.02203891 -0.09221099
v -0.21421452 -0.09798940 -0.18354338
v -0.04712371 0.12552096 0.16090454
v 0.37260860 0.53479224 0.29130933
v -0.25818712 0.06397168 -0.01144301
v 0.17200781 -0.00084880 0.06045633
v 0.51889366 -0.01742898 -0.10243342
v -0.20919295 0.11202014 -0.13132897
v 0.61415935 -0.02751703 -0.28894475
v 0.28767294 0.38701984 0.22729689
v -0.45878318 -0.13767034 0.19816531
v -0.26532707 -0.16544501 -0.21046865
v 0.16944596 0.20708108 -0.02373463
v -0.70376730 -0.21041512 0.05752134
v -0.43330422 0.00656222 0.28126961
v -0.48835686 0.06501285 0.25106490
v -0.31885248 -0.32281518 0.07718338
v 0.57273251 0.15212990 -0.35133243
v -0.71193612 -0.20196564 -0.32250139
v -0.53384507 -0.35268903 0.19826607
v 0.63956487 -0.00305916 -0.37898701
v 0.48678002 0.08477011 -0.06781942
v -0.22750126 -0.18636072 0.11860462
v 0.26579711 0.26382545 0.02530504
v -0.17369671 -0.44109744 0.27161270
v -0.25766656 -0.50295901 0.24368671
v 0.19421065 0.01270477 0.02005573
v -0.50480956 0.00885549 0.17200953
v 0.55418295 0.00103085 -0.14360079
v 0.05187897 0.25770986 0.01284489
v -0.51290917 -0.09663156 0.09500201
v -0.61421078 -0.14569597 0.03528699
v 0.64855081 0.02449375 -0.38507146
v 0.49668616 0.10071299 -0.07394039
v 0.36555257 0.55324757 0.29023960
v -0.18674859 0.17310555 -0.04637311
v 0.32181492 0.23950201 0.03699160
v 0.60482478 0.10965237 -0.04036273
v 0.06348717 0.28013572 0.05935957
v 0.15070863 0.19477817 -0.02592871
v -0.31591111 -0.05468581 -0.10747384
v -0.24529824 0.10710944 -0.04951945
v -0.38213491 -0.23732513 -0.05849557
v -0.89359421 -0.21168861 -0.29780173
v 0.28822896 0.18349846 -0.14968534
v -0.29283431 -0.43034559 0.22275665
v 0.31955829 0.11228029 0.12915686
v -0.83600140 -0.18366094 -0.27409869
v 0.45440581 0.15503576 -0.31865197
v -0.75817329 -0.19888307 -0.32736862
v 0.03549213 0.05283802 -0.01143851
v -0.03532872 0.17690881 0.16124728
v -0.07417814 0.15926264 -0.11977480
v 0.47020724 0.16439858 -0.24441591
v 0.27938208 -0.00139313 -0.22146308
v -0.18480393 0.09137274 0.05961287
v 0.29631132 0.22446719 -0.14796388
v -0.25411305 -0.00514264 0.03343219
v 0.06216383 -0.00673035 0.17446765
v -0.52544826 0.02519137 0.15561926
v 0.41533238 0.11857638 0.04685410
v 0.37677857 0.23439607 -0.13200645
v -0.27107534 0.05231264 -0.04499809
v 0.23552132 0.00153053 -0.37110573
v -0.41928595 -0.11149475 0.07916964
v -0.58008140 -0.03694601 0.13677031
v 0.21497749 0.29277894 0.04215680
v 0.29836002 0.26814884 -0.28856400
v 0.47345993 -0.00959957 -0.12433767
v 0.56337577 0.13445126 -0.18869543
v -0.10968251 -0.12094153 0.00233498
v 0.18746692 0.00443320 0.05994461
v 0.74190795 0.05326981 -0.00453857
v 0.51611948 -0.01534124 -0.34238172
v -0.27940619 -0.24232893 0.16042900
v 0.36751148 0.56123006 0.29030734
v -0.57539904 -0.24283494 -0.00551073
v -0.73677796 -0.19970629 -0.09055640
v 0.40255687 -0.02696765 -0.16316201
v 0.12583664 0.04518091 -0.00868132
v -0.53540915 0.03381915 0.16477276
v 0.57815182 0.01319497 -0.35054797
v 0.22765043 0.00954085 -0.35582981
v 0.33271238 0.04156876 -0.34642211
v 0.54861641 0.05878289 -0.18438500
v -0.37144130 -0.11279800 0.04505150
v 0.36410955 0.00596397 0.00672610
v 0.22882709 0.20105241 0.16572115
v -0.58189338 -0.00905178 0.29567137
v -0.40548152 -0.10458671 0.12614216
v 0.35232356 0.03684522 -0.34445444
v 0.31001309 -0.01143886 -0.01228519
v 0.33401984 -0.03461348 -0.13748765
v -0.38737488 0.12616205 0.24534868
v 0.64355505 0.04772705 -0.39305723
v 0.22388987 -0.00749644 -0.29880321
v -0.29889441 -0.39434540 0.27917013
v -0.24345833 -0.25438488 0.11672197
v -0.49071911 -0.09113469 0.19696522
v 0.34707478 0.21668333 0.03656920
v 0.15013948 -0.01425316 0.06240399
v -0.13647960 -0.01764394 -0.17981602
v -0.13386379 -0.10367402 -0.13794325
v -0.37645042 -0.50419414 0.26259437
v -0.52524990 -0.28832984 0.21318419
v -0.14546776 0.19481650 -0.05542006
v -0.62015057 -0.02744646 0.26890737
v 0.34357396 0.49234584 0.24534947
v -0.13445690 -0.00200491 -0.18530969
v 0.30664957 0.02171012 -0.36687815
v 0.34908345 0.03936374 0.06461771
v -0.17083926 0.04941270 0.06103127
v -0.22183789 0.14228581 -0.04479468
v -0.31847367 0.12116843 0.29283506
v 0.58529580 0.01804394 0.07775451
v -0.69083142 -0.24597640 -0.11287360
v -0.40420285 -0.42472601 0.28998560
v 0.61153680 0.05360859 -0.17871641
v -0.06526919 -0.02776238 -0.10108074
v -0.46760303 -0.29925910 0.08631135
v 0.33527327 0.49327815 0.23491889
v -0.68227643 -0.18648882 -0.11509099
v -0.68585294 -0.21431021 0.08669572
v 0.14455533 -0.03816588 0.13554703
v 0.48993739 0.11464424 -0.07318266
v -0.31381336 -0.09344804 -0.12187279
v -0.24605902 0.04714584 0.01586724
v 0.50761789 0.14754133 -0.22380610
v 0.15638447 0.32683238 0.17819071
v 0.39868659 0.22724164 -0.11095592
v -0.29404548 0.00857230 -0.08684478
v -0.53954256 -0.00041610 0.29476261
v -0.51867998 -0.00604009 0.26350144
v -0.05351336 0.13948859 -0.13405292
v -0.56471866 -0.15739129 0.17095955
v -0.11851863 0.20980595 -0.05929747
v 0.15312804 -0.00361478 0.05393597
v 0.35594991 0.50066060 0.28751439
v -0.06797619 -0.04496398 -0.07151251
v -0.09628621 0.02929584 0.07153790
v -0.32547516 0.20350303 0.26829156
v 0.17777111 0.03317597 0.00971921
v -0.81271267 -0.22985138 -0.37488121
v 0.66208941 -0.04080722 -0.01665531
v -0.34077582 -0.13944602 -0.07651179
v -0.14536223 -0.01607124 -0.17449351
v 0.19653499 0.09942991 -0.08650897
v 0.01927813 0.09624542 -0.08691903
v -0.26715755 -0.24240868 0.15325196
v 0.52467310 0.13668889 -0.11862340
v -0.21035780 -0.20951420 -0.08807496
v -0.57130837 -0.14406109 0.15039408
v 0.30568159 -0.02643600 0.03427953
v -0.16618754 0.12128951 0.06871495
v 0.07315889 0.42181838 0.29662448
v 0.30331159 0.11489361 -0.20878761
v 0.37034401 0.55146325 0.28991756
v 0.64780563 0.02378788 -0.09272752
v -0.20400178 0.14821719 -0.09298936
v -0.41970047 -0.13847825 0.19704112
v 0.32642743 0.23911957 -0.23657660
v 0.13074626 0.31827348 0.18058178
v 0.62857574 0.02862585 -0.05268145
v 0.61740309 0.09603080 -0.35983682
v -0.53392833 -0.11660907 0.13803093
v 0.09942430 0.40291682 0.07885769
v 0.33410609 -0.14570060 0.26432970
v 0.71724784 0.02509135 -0.33700210
v 0.66837585 0.00643257 -0.25226888
v -0.56391823 0.01921032 0.17347138
v -0.22336893 0.12826890 0.01463382
v 0.21920717 -0.05772426 0.22657634
v -0.60116988 -0.17227085 -0.00179510
v 0.37086353 -0.01156756 -0.03362651
v -0.54138631 -0.24601357 0.02300066
v 0.39947605 0.10399547 -0.31348643
v -0.13931020 -0.15990533 0.01874669
v 0.54134858 0.13540670 -0.02974984
v -0.22578219 -0.53603625 0.26543966
v 0.67507380 0.03071589 -0.38685793
v -0.55310786 -0.29232445 0.10065185
v 0.26507524 0.17988315 -0.12125979
v 0.19826114 0.39634198 0.28239432
v 0.35296127 0.00548269 0.01606045
v 0.11648627 0.04153879 -0.00107293
v -0.05122484 0.04516522 0.11236662
v -0.32433271 -0.07598975 0.04729756
v 0.30881116 -0.14063670 0.24627180
v -0.70715654 -0.25480664 0.00100043
v 0.11306001 -0.06259254 0.08531399
v -0.53361028 -0.00056140 0.29356143
v 0.25304535 -0.10159483 0.28871247
v 0.38015914 -0.10609772 0.27236041
v -0.55417997 0.02597851 0.05161086
v 0.16834059 0.36483419 0.22815274
v -0.35537079 -0.21246646 0.19941917
v -0.21357970 0.09436558 0.03649971
v 0.50221068 -0.02879161 -0.01422934
v 0.23468794 0.08843756 0.16752060
v 0.23354395 0.03194638 0.12443217
v -0.52669710 -0.40101212 0.25126415
v -0.20153868 -0.23553586 0.06505698
v 0.16907617 0.44305786 0.17659493
v 0.26413846 -0.00728491 -0.18314399
v 0.50500989 0.15503098 -0.14187431
v -0.72873086 -0.19316694 -0.10914040
v 0.05924414 0.01935548 0.15977745
v 0.70045310 0.05745332 -0.01913497
v 0.09503849 0.22884554 0.17246906
v 0.41995513 0.17192580 -0.41868594
v -0.46215600 -0.33479127 0.24320520
v 0.03664019 -0.12209131 0.19598654
v -0.28875056 -0.46853369 0.22460175
v -0.77376908 -0.24500425 -0.12201865
v 0.32559222 0.12692715 -0.24416471
v -0.16148247 -0.21032415 -0.04264108
v 0.16309035 0.33186495 0.03867426
v -0.45200944 -0.00909596 0.23985340
v 0.21569578 0.31722116 0.08352622
v 0.27136788 0.21389654 -0.05660830
v -0.44962323 -0.00853902 0.24163510
v 0.31784415 -0.13803497 0.24939434
v -0.23167656 0.03456350 0.03544010
v -0.14694577 0.02537321 0.05971643
v 0.59508955 -0.02060312 -0.07814319
v -0.36542451 -0.39481559 0.28079772
v -0.22743803 0.07130303 0.02855410
v -0.68301135 -0.24184105 -0.10035852
v 0.60065222 0.00050834 -0.22698940
v -0.53930432 -0.08605901 0.12969145
v -0.53649259 -0.37467661 0.18059410
v 0.18317018 0.39636010 0.13986194
v 0.36504719 -0.01240706 -0.22190155
v -0.19918862 -0.11540428 -0.15669116
v -0.17382556 -0.18854854 -0.10497728
v 0.14082637 0.25182995 0.01807066
v -0.59823012 -0.15630555 0.02011038
v -0.27863565 0.02318845 -0.11044768
v -0.23540762 -0.12037560 0.09469212
v -0.82203370 -0.22086985 -0.33012658
v 0.12403708 0.41525346 0.24259660
v 0.70646638 0.07867461 -0.24407747
v 0.68706846 -0.02932394 -0.02509582
v -0.01284597 0.22697486 -0.04778551
v 0.25175717 0.01098670 -0.01151140
v 0.26140013 0.10561604 -0.17251512
v 0.44889864 -0.02722216 -0.08741437
v -0.03538202 0.00961885 0.02367466
v 0.36426151 -0.01102409 -0.22784308
v 0.27167478 0.43831223 0.20957750
v -0.44076559 -0.21554241 -0.00348874
v -0.21718121 0.12892973 -0.09801409
v -0.49143514 -0.12973629 0.19746020
v -0.19367829 -0.43315464 0.29483005
v 0.74075079 -0.00532340 -0.29094136
v 0.17269631 -0.04738937 0.25316870
v -0.74434173 -0.19108039 -0.29675427
v -0.46883741 -0.06273995 0.09771919
v 0.69817448 -0.00797862 -0.25268927
v -0.49004495 -0.10651789 0.07749016
v -0.53920525 -0.24119399 0.20813043
v -0.62487739 -0.23531705 -0.08562191
v -0.12192149 0.22281142 -0.02119612
v 0.43483996 0.19069366 -0.17717010
v -0.02541309 0.17695610 -0.09498920
v -0.06901885 0.16411023 0.14754386
v 0.59400070 0.03036195 -0.01323101
v 0.52306795 -0.01759253 -0.19530173
v -0.09503297 0.13750044 -0.13909052
v 0.72503173 0.09010614 -0.28701398
v -0.17421444 0.11368132 0.06363195
v 0.09055500 0.43424606 0.21712911
v -0.38394126 -0.17328408 0.19735347
v 0.15038502 0.38100934 0.19629337
v 0.22987044 -0.03853528 -0.32917309
v -0.42633262 -0.38390923 0.19848128
v 0.02445260 -0.05672938 0.13901243
v 0.27176881 0.03642101 -0.10978884
v 0.65812451 0.03224595 0.02790057
v 0.27606258 -0.00705762 -0.32824701
v 0.43340442 0.08646517 -0.32998422
v -0.58752126 -0.15258403 0.04094380
v -0.44482020 -0.06715301 0.11451712
v -0.45219368 -0.42330143 0.17542319
v -0.34333664 -0.48840263 0.22865914
v 0.24276415 0.14408891 -0.10518854
v -0.10476454 0.16223387 0.11782396
v 0.59241509 0.00222677 -0.35673571
v 0.27277881 -0.00862871 -0.05047559
v -0.11300907 0.17583464 0.10462538
v 0.03104294 0.04261796 -0.00074657
v -0.79364800 -0.25194001 -0.18509139
v 0.28242856 0.50214094 0.26380774
v 0.08101499 -0.07024243 0.23356143
v 0.13576655 0.41795391 0.13130076
v 0.32489249 -0.02380307 -0.06696361
v 0.38325262 0.45979264 0.28438169
v -0.52911562 -0.11737072 0.08976216
v -0.31408700 -0.10049078 -0.12322489
v 0.22355333 0.39012754 0.20838644
v -0.07024395 -0.06853297 -0.04854706
v 0.12560178 -0.12776436 0.18755051
v -0.58734232 -0.18100269 0.00348066
v 0.08305448 -0.11516225 0.25480869
v 0.23529565 0.05460355 0.15005586
v -0.21412863 0.13239264 0.02013448
v 0.37503073 -0.01531734 -0.07492048
v -0.44646847 -0.29694968 0.06353252
v -0.35766891 -0.24167952 0.20293666
v -0.52961403 0.03722530 0.25364116
v -0.61053818 -0.23160203 -0.13770181
v -0.24078593 -0.54060048 0.29662457
v 0.27905628 0.25526541 0.08427206
v 0.29565465 -0.14144221 0.24427183
v 0.39463589 0.22854961 -0.09648398
v -0.07679308 -0.05720055 -0.11940180
v 0.64905870 0.01994492 -0.38231587
v 0.01055164 0.03452987 0.00090214
v -0.22885571 0.08852988 -0.13403408
v 0.24960645 0.47385028 0.23199339
v 0.13934919 0.05367751 -0.00868475
v 0.71425456 -0.02116023 -0.30930823
v 0.22381657 0.37294927 0.26291645
v 0.46061501 0.16996998 -0.27868125
v 0.23825957 -0.00016709 -0.28103071
v 0.04334359 -0.08970626 0.21572126
v 0.61915261 0.02893538 0.06177639
v -0.78565806 -0.23308425 -0.25122803
v -0.28359643 0.01535370 -0.10072394
v 0.30086040 0.24688223 0.02898966
v -0.39050880 -0.13300589 0.16380669
v 0.39995700 0.43155774 0.23210831
v 0.56024581 0.06562073 -0.22483888
v 0.17654574 0.04769989 0.17263871
v -0.07660668 0.15100367 0.14444821
v -0.27825618 -0.00208208 -0.13962959
v 0.02341576 -0.10566479 0.17963764
v 0.25782856 0.42691228 0.20593324
v 0.44655132 0.42832598 0.23972727
v -0.15920234 -0.15516746 -0.11617203
v 0.42481631 0.00920481 -0.03688508
v -0.01664595 -0.14240056 0.27715689
v 0.04738642 0.02534792 0.15470046
v 0.59470898 0.12908003 -0.22123837
v -0.61503214 -0.15609619 0.01914016
v 0.29943827 -0.03413403 -0.00652723
v -0.57904214 -0.23887892 0.19164886
v -0.23472871 0.10184176 -0.11365974
v -0.89576244 -0.21517001 -0.27315155
v -0.20691156 0.14250773 -0.10513292
v -0.54933518 -0.40420684 0.20897718
v 0.34133720 0.04440242 0.07534181
v -0.24233624 -0.13619348 -0.19839056
v 0.13435528 -0.15174086 0.26787636
v 0.37119380 0.41578677 0.27391142
v -0.30335781 -0.24522398 0.17475969
v 0.56373829 0.05715470 -0.36502016
v 0.20769721 0.01126094 0.11048287
v 0.30983743 0.06928048 0.10474890
v 0.38721451 -0.03550034 0.26174724
v 0.61086059 0.12495730 -0.22747840
v 0.20096354 0.17024076 -0.11386900
v 0.22541037 0.27642989 0.13988096
v -0.05385519 -0.03520060 -0.02368928
v -0.54025960 -0.18259405 0.04125167
v -0.11844634 -0.04201250 0.03782514
v 0.20146538 0.30137083 0.04203770
v 0.01679816 0.09467239 -0.08851438
v -0.10452687 -0.10698991 -0.10207091
v -0.36795515 -0.33583885 0.10236496
v -0.63872457 -0.21392962 -0.12819763
v 0.24978001 0.18340787 0.16525090
v -0.53602761 -0.37176386 0.18175286
v -0.17348377 -0.12988804 0.04831471
v -0.21312448 0.14690518 -0.01772233
v 0.59476197 0.13285717 -0.37271097
v 0.12914985 0.04647669 -0.02431969
v -0.13249311 0.01134999 -0.19412468
v 0.26142666 0.03866187 -0.18509196
v 0.50467455 0.14189544 -0.32672349
v 0.37594953 0.16466682 0.07510626
v 0.25904220 -0.01035592 -0.17813799
v -0.07476909 0.24417247 -0.00746474
v 0.25916028 0.14554329 -0.16473635
v 0.33568144 -0.03629201 -0.11252789
v -0.28221157 -0.00123320 0.27362317
v 0.62615567 0.08113262 -0.28668272
v 0.25917661 -0.01768475 -0.21167187
v -0.58187377 -0.29092106 0.11038002
v 0.31270832 0.04001980 0.09081837
v 0.26901659 -0.02205320 -0.31912827
v 0.34949908 0.24478130 0.01724471
v 0.67780006 -0.01696167 -0.02834553
v -0.08044240 0.15513510 0.14029154
v -0.21947867 -0.14508529 0.09790773
v 0.14857528 0.28065744 0.16203998
v 0.00539522 0.22948034 0.14741375
v -0.85781515 -0.18491937 -0.42377296
v 0.06794152 -0.09807163 0.11702929
v 0.59859782 0.08029338 -0.16713460
v 0.18373378 0.00777537 0.03131986
v -0.42196405 -0.29259902 0.04917952
v 0.67512304 0.03405773 -0.11459059
v -0.73811120 -0.20189652 -0.02793863
v 0.01665342 0.22855243 0.15206358
v -0.20378596 -0.10246915 -0.16481708
v 0.11816330 0.41057280 0.05225213
v 0.02413718 -0.08414001 0.19840163
v -0.06263463 0.10030659 -0.17407359
v -0.64244413 -0.14490758 0.08864132
v 0.39878044 0.19338533 0.01332957
v -0.21231838 -0.06332586 0.05951868
v -0.20768358 0.15243217 -0.01503984
v 0.20313904 0.10224155 0.18239009
v 0.13105029 -0.12929393 0.29344743
v 0.07307871 0.03972149 0.01559991
v 0.08365022 -0.04748564 0.04651416
v -0.51745552 -0.27704620 0.06351914
v 0.08713675 0.16807309 0.19826415
v 0.39903435 0.10787009 0.06888545
v 0.49331176 0.16020164 -0.30531386
v 0.41488352 0.06839809 -0.32383549
v 0.66221058 0.06424274 -0.04779592
v 0.58770740 -0.02154905 -0.06168784
v 0.20340328 0.03879009 0.14939658
v 0.20671262 0.06086208 -0.09648205
v 0.48429474 0.16391239 -0.12043821
v -0.30566174 -0.02324069 -0.08127508
v -0.53307307 -0.00183126 0.29351157
v -0.56667107 -0.06407139 0.14877892
v -0.51947933 -0.11873994 0.10307808
v -0.28826982 -0.05766257 0.05672670
v 0.04369373 -0.00097754 0.06708144
v -0.16605751 -0.21313708 -0.01573755
v 0.47421271 0.08888656 -0.04715541
v 0.07595237 0.34597889 0.12633684
v -0.66537517 -0.25878581 0.01130137
v 0.21989165 -0.02594971 -0.31351012
v 0.20576876 -0.01682215 -0.34052408
v 0.68571430 -0.04011390 -0.02020722
v 0.11884596 0.45015168 0.14507198
v -0.38312215 0.11922377 0.23253478
v -0.49743584 -0.09303023 0.07513386
v -0.07740571 -0.06516596 -0.06666891
v 0.35739067 0.44730040 0.27953488
v 0.03414850 -0.01755067 0.14074166
v 0.48165476 0.17572191 -0.06694750
v -0.47181597 -0.43151620 0.15447393
v 0.37216488 0.39213911 0.27113214
v -0.33164963 -0.05882007 -0.01116638
v -0.79979020 -0.20368905 -0.28746006
v -0.12851708 0.07963000 0.10337306
v 0.28358892 0.23706348 -0.32252461
v -0.62252444 -0.13741355 0.04737729
v -0.00894095 0.02666225 0.10831204
v 0.08854873 0.27983755 0.10871921
v 0.08101287 0.39008889 0.19448565
v -0.31030515 0.00727496 0.27614540
v -0.22593972 -0.27137825 0.01798700
v 0.12721433 0.41823727 0.12781608
v -0.13070816 0.09327248 -0.16602811
v 0.45102388 0.18540260 -0.09310605
v -0.31867465 0.10618424 0.24571063
v 0.39751104 0.54115766 0.28175673
v 0.38105136 0.46486363 0.24371757
v -0.46265456 -0.17714062 0.04399071
v 0.31946835 -0.17408602 0.27232990
v -0.21696813 -0.44305649 0.25998285
v 0.18312612 0.18406494 -0.04790574
v -0.69530118 -0.19354323 -0.29776025
v 0.10477433 0.42108873 0.23009555
v -0.58714432 -0.24247703 -0.01052153
v 0.04171013 0.26423296 0.11637223
v -0.53100109 -0.20731865 0.00600594
v 0.30684498 0.17138575 -0.20308906
v -0.79364932 -0.19662562 -0.20057078
v -0.28794423 0.10112251 0.28359824
v -0.77336115 -0.25394937 -0.18880719
v -0.43292552 -0.33748189 0.23207121
v 0.74206167 0.04375512 -0.30220371
v -0.81963158 -0.21641779 -0.17920420
v 0.33424041 0.04642202 -0.33831912
v -0.13885388 -0.13488494 0.02245171
v 0.03405771 -0.03287065 0.17365231
v 0.19375905 0.35918644 0.12775421
v 0.36863485 0.18633062 -0.16112754
v 0.43079624 0.09748652 -0.33338478
v 0.38032633 -0.01166628 -0.21872224
v -0.54607278 -0.24547985 0.01717424
v 0.37940371 0.22706714 -0.14215216
v 0.20529021 -0.04476864 0.24779248
v -0.80516410 -0.24471043 -0.23157530
v -0.07832348 0.23357798 0.04141931
v -0.01766629 0.03495884 0.11142736
v -0.40121305 0.09734724 0.23023525
v -0.55777305 -0.22967798 -0.01855962
v -0.56995213 -0.44172287 0.12369727
v -0.83243787 -0.23203905 -0.21612515
v -0.49407217 0.00388700 0.28329995
v 0.25403830 0.47163269 0.28883794
v -0.17104089 -0.48341012 0.28778079
v -0.21130171 -0.42638263 0.29753143
v -0.52882373 -0.02691841 0.06229251
v 0.04834962 0.11392691 -0.06445258
v -0.35018751 -0.32108831 0.13763356
v 0.22938848 -0.01823396 -0.29472578
v 0.31379077 0.40923038 0.27069235
v 0.34921098 -0.01093911 -0.08947103
v 0.56435460 0.12545201 -0.08835509
v -0.31079370 -0.32100102 0.07194704
v -0.26500231 -0.16224106 -0.21109141
v 0.05468808 0.20234019 0.17866266
v -0.49496588 -0.42578933 0.27314994
v 0.05216334 0.14238559 -0.13867642
v 0.57006198 0.05436630 -0.34748346
v -0.20329233 -0.15862945 -0.13889337
v 0.25075719 -0.10757509 0.21626726
v -0.60235500 -0.27658758 0.12837718
v 0.43967107 0.11648401 0.01115527
v -0.30238280 -0.01217867 -0.06487133
v 0.21676725 0.31732205 0.07556572
v 0.57551908 0.14654070 -0.32708153
v 0.04642328 -0.03059600 0.18844713
v 0.21139747 -0.00611201 -0.42835444
v -0.45608249 -0.18028742 0.20794569
v -0.26250288 -0.21110608 0.15136126
v 0.11986345 0.45816708 0.19128628
v 0.53294611 0.15097122 -0.17644970
v -0.06674500 -0.06087755 -0.02765458
v -0.32785118 -0.05977236 -0.02398580
v 0.66302544 0.10338873 -0.36168107
v -0.68482715 -0.17963222 0.07427308
v 0.39916655 0.00719270 -0.30737191
v -0.22594687 -0.16802074 0.11229705
v -0.23050328 -0.54330790 0.27756822
v -0.13479710 0.18067594 0.06954401
v -0.17972876 -0.04227323 -0.19685116
v 0.09818743 0.28979635 0.12055393
v -0.44220835 -0.08054465 0.09641115
v 0.32799479 0.01996559 -0.33527926
v 0.38651603 0.56538165 0.27057800
v -0.28378204 -0.18275209 0.15606385
v 0.13567205 -0.03002908 0.14950745
v 0.37993109 -0.01489557 -0.07509246
v 0.03822609 0.02326121 0.03100595
v 0.14573850 -0.03212338 0.09598052
v 0.29654947 0.22478364 -0.14729479
v -0.29583365 -0.10662109 0.09883132
v 0.39065856 0.08044867 -0.30908817
v 0.38395709 0.08588059 0.07786863
v 0.60529900 0.02739286 -0.07823493
v -0.73118377 -0.17665949 -0.04603199
v -0.48273209 -0.30484706 0.10478584
v 0.12053504 0.08960692 -0.03041975
v -0.01295747 0.18177761 0.16978964
v 0.16036499 0.44677439 0.16876726
v 0.15981247 0.03020496 -0.02824425
v -0.30406091 -0.07152334 -0.12825458
v 0.23093070 0.46835485 0.28868067
v 0.56569529 0.05209095 -0.06891382
v -0.11985090 -0.08499079 0.00908365
v 0.12908655 0.42408767 0.13116932
v 0.41227892 -0.00602609 -0.07449592
v -0.42994848 -0.25836751 0.22307631
v 0.32816499 0.10820659 -0.25247464
v 0.47125444 0.05609240 -0.04785927
v 0.62030613 0.00843529 0.03508210
v 0.21369731 -0.01924967 -0.32048506
v -0.38744178 -0.33275047 0.08517919
v 0.69302076 0.04034365 -0.37122431
v 0.64563078 -0.01290931 -0.32449675
v 0.44148722 0.43700692 0.23733649
v 0.31233793 0.21009843 -0.09257242
v -0.67435104 -0.25641006 -0.01572159
v -0.74961138 -0.25292939 -0.21087164
v 0.29215527 -0.20434253 0.27655789
v -0.56868523 -0.24929340 0.02285184
v 0.09823515 0.01694099 0.02450463
v -0.53931749 -0.14487755 0.07038437
v -0.73346031 -0.24873136 -0.09594885
v 0.73992085 0.06159534 -0.24181178
v -0.04941881 0.05561653 -0.15552610
v -0.03994837 0.01196167 0.05881944
v 0.15273757 0.45854381 0.19870585
v -0.91450638 -0.18891019 -0.28831851
v 0.48719642 0.05832433 -0.06940216
v 0.23804726 0.00055771 -0.45181024
v 0.26259762 0.00997328 -0.01941462
v -0.52881259 -0.01271971 0.08209766
v -0.04466714 0.25028160 0.02436464
v -0.34133068 -0.21933337 0.19540676
v -0.54075366 -0.24043828 -0.00601139
v -0.30180758 -0.06871989 -0.12770052
v -0.51870549 -0.15648261 0.07328942
v -0.28640074 0.14982435 0.27795780
v 0.18431498 0.19777346 -0.03430994
v -0.27607012 -0.09691080 -0.15569477
v 0.45612559 -0.00061179 -0.22936203
v 0.24576639 0.05532947 0.14474288
v -0.25733227 -0.05326410 -0.15953930
v 0.19696923 0.00908249 0.03124054
v -0.24906678 -0.14319959 -0.17639889
v -0.69251037 -0.24061751 -0.16195726
v 0.36040753 0.23182902 -0.13268410
v -0.68977123 -0.25787112 -0.02666855
v -0.52555567 -0.30836532 0.20455675
v -0.48781228 -0.21471642 0.00036483
v -0.00320785 0.00412070 0.03616466
v -0.55895633 -0.41603276 0.15068701
v 0.16993038 0.32548201 0.03810243
v 0.08037851 0.13085325 0.19822691
v 0.36808717 0.22630619 -0.28427276
v -0.24438535 -0.46806988 0.24681139
v -0.87074929 -0.21047419 -0.25713050
v 0.59679753 0.04752171 0.02526665
v 0.17638090 0.30247292 0.03643746
v -0.62152576 -0.24692932 -0.01816207
v 0.32006222 -0.01341753 -0.35880110
v -0.02380634 0.18286404 0.16490878
v 0.66686189 0.08548777 -0.03056972
v 0.25384009 0.45407626 0.29323208
v -0.00885789 0.09604479 -0.10615957
v -0.31560043 -0.22474808 0.18514118
v 0.15898427 -0.09027236 0.29394659
v 0.04248880 0.23293462 0.15735112
v 0.05895786 0.11960638 -0.09449763
v -0.00699909 0.04698928 -0.05445237
v 0.65489554 0.01704125 -0.38045821
v 0.10043965 -0.05603120 0.20006977
v 0.31571805 0.03875955 -0.16035736
v 0.20267394 -0.13197209 0.29245028
v -0.27960843 -0.31113058 0.03574599
v 0.55133289 0.09715072 -0.04923012
v 0.25752836 0.12607351 -0.14741465
v 0.41452783 0.20354077 -0.19961818
v 0.21199887 0.15138726 -0.08715716
v -0.34517187 0.16110817 0.28998208
v -0.30889046 0.13597237 0.29306784
v 0.06927265 0.07124960 -0.02043797
v -0.35233164 -0.16203605 -0.05364651
v 0.00838840 0.27154481 0.07885484
v 0.03622993 0.04789626 -0.00580677
v -0.20856771 0.14676595 0.00099053
v -0.26762524 -0.28204647 0.11242118
v -0.53384775 -0.04308074 0.06516277
v 0.17242526 0.45603880 0.25014102
v -0.36501038 0.07034798 0.28871197
v 0.10749559 0.25413615 0.02073966
v 0.34912884 0.22921674 -0.16682830
v 0.47404978 0.04287523 -0.05896737
v -0.58572322 -0.22574666 0.18517764
v 0.62619931 0.03351252 -0.32156783
v -0.51302296 -0.33661449 0.22506590
v 0.02678245 0.12144299 -0.13156106
v -0.42091101 -0.11582659 0.17911357
v 0.09405712 -0.08872034 0.09542494
v -0.48158327 0.02451905 0.20209159
v 0.30827990 0.17215835 0.13907200
v -0.78343624 -0.19256204 -0.34056604
v 0.55833244 0.15633373 -0.32473901
v -0.42541435 -0.37571776 0.16175209
v 0.64416414 0.08287681 -0.06601118
v -0.13885775 -0.02103434 -0.17479813
v 0.38203219 0.22364683 -0.17923741
v 0.12331221 0.12319230 0.19481809
v -0.26574230 -0.13930017 0.12235190
v 0.03429072 0.09035322 0.18543251
v 0.05559033 0.11630679 -0.06403562
v 0.24225394 -0.01598592 -0.37960774
v -0.59319931 -0.26405218 0.04243489
v -0.16505283 -0.48509425 0.28238419
v -0.13326934 -0.15774177 -0.09386179
v -0.31847265 0.17443709 0.29385743
v -0.32993618 -0.27842072 -0.03585987
v 0.19222344 0.40098435 0.19316076
v 0.19303507 0.00569570 0.11035623
v -0.62753552 -0.21568689 -0.13775598
v 0.58537173 0.08529434 -0.13863875
v -0.71741426 -0.24266937 -0.23266420
v -0.32742381 -0.05934061 -0.05727964
v 0.17385986 0.12866737 -0.10264315
v 0.39558700 0.20542410 -0.25004047
v -0.75823027 -0.19545805 -0.15960589
v 0.18671156 0.23086058 -0.01030851
v 0.12586230 -0.00443942 0.16054033
v -0.43301257 0.01156557 0.28456309
v 0.25819966 0.00866621 0.08093768
v 0.30370954 0.24012920 0.08553039
v -0.51518685 -0.23523907 0.21958983
v -0.91476893 -0.19785970 -0.29853275
v 0.46182618 0.17695586 -0.07477342
v -0.40785620 -0.18386520 0.19921660
v 0.11348820 0.45700166 0.16353078
v 0.15704355 0.45730808 0.21093202
v -0.04929445 0.20643859 -0.07871448
v 0.54444468 0.12757568 -0.06519657
v -0.22036533 0.13453469 -0.07545172
v 0.56852728 0.03768054 -0.06518494
v -0.55710089 0.02009014 0.27298975
v -0.32184809 -0.04343400 -0.04066978
v 0.36825722 0.22399722 -0.25235090
v 0.35337734 0.23844101 -0.29063860
v 0.11556429 0.39024723 0.28571221
v -0.27866778 -0.30816659 0.03147448
v -0.45270276 -0.47931549 0.25181353
v 0.10072920 0.39757475 0.07547569
v 0.59006774 0.01967395 -0.36046588
v -0.56581855 -0.24967660 0.02571123
v 0.20036975 0.46345568 0.27059856
v 0.56462693 0.03619621 -0.16786224
v 0.46730962 -0.01319783 -0.12260080
v -0.30085674 0.00775985 0.27818123
v -0.36802033 -0.25175261 -0.07152954
v -0.23648018 -0.28385073 0.03064733
v -0.52057004 -0.22990155 0.21521054
v 0.60849535 0.00332489 0.01060954
v 0.38955718 0.20067085 -0.27938798
v -0.15510249 0.18238658 0.03985492
v -0.47180551 -0.00525843 0.27508619
v -0.35765871 0.00895554 0.26770049
v 0.24630055 0.26369852 0.10043308
v -0.18279694 -0.22933879 0.04443009
v 0.16258839 0.20623213 0.19268662
v -0.50417548 -0.27415860 0.05986358
v -0.54545820 0.01357028 0.13334960
v 0.00386556 0.10500169 -0.12397899
v 0.16868080 0.11256456 -0.08790363
v -0.46893212 -0.48889470 0.26460427
v 0.29470068 0.07883540 -0.19484824
v -0.10737502 0.16660149 -0.11147853
v -0.66678137 -0.26874930 0.03332218
v -0.19025113 -0.48306513 0.29557902
v 0.29960552 -0.03326807 -0.00341383
v 0.10941046 0.43996519 0.29348096
v 0.12060157 -0.12276827 0.17077461
v -0.22956634 0.10088903 -0.12081796
v 0.57164580 -0.01630451 -0.01659569
v 0.23682149 0.00446740 -0.36035770
v 0.31886998 0.25136983 -0.31360564
v 0.08101467 -0.14074600 0.26141009
v -0.39752272 -0.49810407 0.24312629
v 0.26786891 0.13813236 -0.15008724
v 0.18568601 0.18145557 -0.06294189
v 0.58432478 0.05928773 -0.36442268
v -0.70088500 -0.23165728 0.07148750
v -0.38951540 0.09566702 0.23054551
v -0.09165836 0.23209754 -0.00960110
v -0.12536453 0.13862903 -0.13893916
v 0.34428725 0.25620225 -0.06356139
v 0.53157574 0.10306538 -0.06127295
v -0.19955561 -0.00908984 0.05188921
v 0.03816767 0.27514401 0.07111423
v -0.66990221 -0.21252823 -0.09579043
v -0.47569031 -0.40523088 0.26534334
v -0.20681758 -0.19760837 0.09679865
v 0.04728331 0.14381202 -0.13888456
v -0.36990544 -0.10900526 0.05150425
v 0.54006696 0.13310289 -0.10509374
v -0.27652335 -0.31241119 0.07246528
v 0.50245672 0.03409772 -0.09753522
v 0.62897474 0.00878729 -0.29949170
v 0.30439010 0.01877242 -0.20840964
v 0.15105221 -0.02415074 0.12136093
v 0.38388470 0.01937874 0.02209773
v -0.19336167 -0.41602740 0.26638585
v 0.22974685 0.25710028 0.01728639
v -0.55016732 -0.28878397 0.18086773
v -0.09552151 0.04736670 0.09398568
v 0.57074904 0.01993739 -0.21390921
v 0.65537024 0.02885506 -0.02766443
v 0.19402173 0.35630402 0.12559731
v -0.17755640 -0.43479136 0.28287324
v 0.64479935 0.10689420 -0.38233832
v -0.47818568 -0.14245406 0.07768175
v -0.72937363 -0.19380569 -0.12506910
v 0.47380251 0.17117958 -0.10999516
v 0.47888610 0.17226912 -0.14726004
v 0.02308492 0.24779774 0.13263445
v 0.33486354 0.22002043 -0.16254485
v -0.59214342 -0.27794534 0.13718931
v 0.29120734 0.24181649 -0.31961015
v 0.55898446 0.15516521 -0.32360232
v 0.29197401 0.00610593 -0.09377053
v 0.23661737 0.03675034 -0.05593967
v 0.55678731 0.12401617 -0.11409545
v -0.11933371 -0.04280527 -0.14720064
v 0.71912926 0.00552979 -0.25200480
v 0.70228297 0.05192677 -0.01926929
v -0.03610007 0.25615650 0.05417487
v 0.65528172 0.04563988 -0.25517896
v 0.04269751 0.22299601 -0.03487778
v -0.64613932 -0.26385167 0.01307344
v -0.68129683 -0.23537880 -0.27418277
v 0.37101233 0.01431705 -0.32349432
v 0.39731774 0.56322962 0.26818314
v 0.39549926 0.01294985 -0.31676352
v -0.40536934 0.10746325 0.28587765
v 0.62498122 0.00287314 -0.07587355
v 0.17394029 0.11460363 -0.09568347
v 0.15776026 0.00290117 0.12864530
v -0.69290662 -0.26069075 0.02136853
v -0.21089555 0.06378619 0.04411155
v -0.93795735 -0.20208006 -0.28177938
v 0.28764507 -0.14758691 0.22718650
v 0.06062689 0.03903402 0.01539062
v 0.31235400 0.17489402 -0.20076905
v 0.33909807 -0.06371076 0.26192933
v -0.68639511 -0.18344033 -0.16802186
v 0.06493714 0.04783509 0.00530242
v -0.84384567 -0.18319862 -0.27203205
v 0.52411473 0.07048264 -0.09359381
v 0.02985149 0.25135404 -0.01244476
v 0.36005503 0.38972464 0.21332872
v -0.68960279 -0.18419267 -0.20056327
v 0.51733637 0.14176109 -0.10969571
v 0.23220991 0.16421752 -0.14884257
v -0.21267651 -0.09594318 -0.18340135
v 0.13570869 -0.07110419 0.12518083
v 0.64014822 -0.01984870 0.00249491
v -0.09699382 0.02364023 0.06475228
v -0.31618258 -0.41909486 0.21939318
v -0.15083325 -0.00336499 -0.20137753
v 0.58300471 0.13486524 -0.25869605
v 0.13047662 -0.12112632 0.19071560
v -0.16111666 0.16218604 0.05232946
v -0.62908268 -0.26159880 0.12631497
v -0.85080808 -0.18733662 -0.26107022
v -0.68031746 -0.23246345 -0.33776587
v 0.63469678 0.11562739 -0.28356767
v -0.06093173 -0.03436583 -0.05598021
v -0.23319919 0.09745353 0.28519312
v 0.27781883 0.25950158 -0.26792166
v -0.37780210 -0.29785612 0.02037074
v 0.13289984 -0.07923692 0.12677531
v 0.30346406 -0.02703973 -0.35306817
v -0.25356475 -0.20280334 0.14365065
v 0.39267269 -0.01906301 -0.11197123
v -0.36525506 -0.48415369 0.29755646
v -0.27448705 -0.51935542 0.28122023
v 0.67711544 -0.00108788 0.01880695
v 0.28249961 0.45017901 0.21423811
v 0.35532996 -0.01726005 -0.04032779
v -0.07729203 0.18118207 -0.09783170
v 0.58806461 0.11474576 -0.05702522
v 0.21665817 0.24638705 -0.00096359
v -0.44373435 -0.05111830 0.13426168
v 0.42552626 0.20560993 -0.13621558
v -0.30596954 0.07338482 0.24543272
v -0.57052863 -0.20294809 -0.00305130
v -0.50847238 -0.00545815 0.28012982
v 0.19058146 -0.14310344 0.24893935
v 0.33484036 -0.01578800 -0.26754290
v 0.53579581 -0.00075016 -0.02787623
v -0.40149513 -0.43552020 0.21365161
v -0.37797719 0.07697001 0.28954595
v -0.67477369 -0.22354008 -0.33361641
v -0.07866897 -0.09046768 -0.07494956
v -0.12412696 -0.16644961 -0.03945021
v -0.49042994 -0.01878608 0.16150425
v 0.45950967 0.08921202 -0.02100064
v -0.66317856 -0.21339786 -0.38492119
v -0.18771574 0.15634656 -0.09517219
v 0.37113160 0.22206719 -0.26978731
v 0.61647129 0.03324823 -0.30959260
v 0.72733200 0.03977902 -0.02069546
v 0.56696129 0.03850850 -0.06639153
v 0.14661995 0.21311076 -0.01528459
v 0.52517992 0.10155915 -0.32643735
v -0.03511617 0.25276926 0.06944309
v 0.25400519 -0.15430701 0.27873492
v 0.18301167 -0.10829727 0.21513744
v 0.13655347 -0.15358697 0.27271748
v -0.46926954 -0.42562735 0.15836926
v 0.27923363 0.00547419 -0.04904011
v -0.66970980 -0.18856087 -0.16449869
v -0.38428476 -0.23069100 0.20801276
v 0.22824889 0.03203972 0.12754910
v -0.34543109 0.16752595 0.29196927
v -0.71290141 -0.24097499 -0.00411788
v 0.39256197 0.09145882 0.07170124
v -0.04124688 0.04995872 -0.11664802
v 0.31975913 0.13099535 0.13512968
v 0.30341232 0.23324171 -0.23985176
v 0.15392050 0.37579668 0.18509737
v 0.63266551 -0.01150526 -0.30480683
v 0.25421476 0.06407835 -0.10732817
v 0.25845399 0.06619049 -0.15651400
v 0.62569058 0.05674483 -0.14370576
v 0.45863321 -0.02074591 -0.08986781
v 0.48213503 0.00504952 -0.24010906
v 0.17851514 0.02104193 -0.05968802
v 0.55473202 0.01042130 -0.20679720
v -0.46984890 -0.13102709 0.19603039
v 0.39953515 0.20277628 -0.00716252
v -0.16089366 -0.42525268 0.26699337
v 0.25840387 0.26934049 0.05511951
v 0.09250813 -0.07666821 0.07709233
v 0.67198515 0.04536010 -0.02827222
v 0.14484698 -0.10091982 0.29713145
v 0.01035748 0.12696767 0.18232726
v -0.32181162 0.04768480 0.23161657
v -0.24234019 0.05297605 0.01759909
v -0.06941148 -0.02340177 -0.00096714
v 0.23530073 0.16727120 -0.08150070
v 0.13977829 0.01976903 0.02905788
v -0.34985757 -0.41848215 0.22042087
v 0.14554155 0.28511643 0.03928867
v -0.22787087 -0.50997579 0.26748928
v 0.28053826 0.24798428 -0.00558827
v 0.25841445 0.06809964 -0.14125857
v 0.46905991 -0.01024031 -0.18566360
v 0.22781314 0.23656563 0.14930895
v -0.50794196 -0.52598411 0.30462474
v -0.32873043 -0.23901457 -0.11203676
v 0.31296974 0.00190080 0.04124083
v 0.30256587 0.13442445 0.14793102
v -0.40434086 0.10542165 0.23563331
v 0.23419218 0.24395116 -0.01030033
v 0.73220879 0.04532696 0.00360573
v 0.25455403 0.28577316 -0.40485662
v 0.02663522 -0.11945102 0.27405569
v 0.11941130 0.30451369 0.06403179
v 0.35359648 0.11401872 0.10385121
v 0.14003080 0.11693276 -0.06631636
v -0.09449043 -0.10359278 -0.03573399
v 0.09778181 0.17101598 -0.03901525
v 0.32531145 0.25394526 0.02123756
v -0.34201941 -0.19556023 -0.07063133
v 0.18733940 -0.04202791 0.26166177

