# https://github.com/mikedh/trimesh
v -0.21479237 0.05634257 -0.27408174
v -0.68675512 -0.16612071 0.04532570
v 0.19388458 0.01626371 -0.04178150
v -0.30628413 -0.15899524 -0.29574752
v 0.65939111 0.06204397 0.02498249
v -0.39001703 -0.22616611 0.20549776
v 0.00151207 0.27734122 0.26611727
v -0.49449360 0.08483233 0.23580654
v 0.61086756 0.04904169 0.02745099
v -0.55693334 -0.25928909 0.12618294
v -0.39344880 -0.32469869 0.05027108
v -0.46704906 -0.24826175 0.22507291
v -0.29464146 -0.18913504 -0.21144217
v -0.26065636 0.06638294 -0.29297554
v -0.54405957 -0.02625660 0.16185825
v 0.14767846 0.35273382 0.09990142
v -0.41455626 -0.38107926 0.18266590
v -0.06948068 0.32205299 0.08706965
v 0.01849139 -0.20155868 0.30313337
v 0.61999589 0.16848621 0.02240558
v 0.14470282 -0.24987768 0.26938963
v 0.09602280 0.26580888 0.29229227
v 0.14857766 0.37267664 0.28368187
v 0.47420037 -0.06996495 0.03201651
v 0.15097487 -0.19719231 0.12554576
v -0.21485983 0.10886197 -0.28495550
v 0.14604050 -0.07218471 0.40782198
v -0.67304111 -0.14042431 0.08236733
v -0.43149960 0.14554144 0.13558170
v 0.61343211 0.02984869 0.13609958
v -0.19711597 0.24189660 -0.14506292
v -0.35728520 -0.42412931 0.20951399
v -0.06835739 -0.18235731 0.32596627
v 0.44834578 0.07731241 -0.06048092
v 0.64821774 0.05774963 -0.15756689
v -0.11499841 0.20676374 -0.24166971
v -0.54377550 -0.03436661 0.16138825
v -0.06108227 0.21904348 -0.21812008
v 0.28807044 -0.10870843 -0.26230961
v -0.32525954 -0.40051997 0.20206490
v 0.29910555 0.34438026 0.23583895
v 0.65862858 0.08582024 -0.06166264
v 0.43464190 0.09174896 0.17422718
v 0.40485615 -0.21619862 0.21557371
v 0.33221722 0.15032770 -0.10400978
v 0.32205296 0.18623823 0.22761980
v -0.19510244 0.27693075 -0.00741353
v 0.34686100 0.04948656 0.10479221
v 0.31923032 -0.13108930 0.28869796
v 0.60105675 0.05741657 -0.10685294
v 0.42161429 0.19473408 0.14297414
v 0.27227873 -0.17079145 0.29532170
v 0.50892496 -0.02770749 -0.04796619
v 0.15840715 0.00570965 0.35190222
v -0.38613304 0.04948036 0.03861238
v -0.76098156 -0.13869557 -0.19936769
v -0.72871023 -0.12448714 -0.09652293
v 0.27394179 0.07080406 0.03936851
v 0.33505589 0.09751578 0.01963304
v 0.26061627 0.44288635 0.23314068
v 0.47461262 -0.01791659 -0.21617457
v 0.34935349 0.25541881 -0.01412893
v -0.69833350 -0.15595776 -0.17293179
v 0.39507541 0.12385142 -0.15069816
v 0.36091578 -0.06339596 -0.05679046
v 0.09865953 0.02984535 0.14712133
v 0.29059097 0.19818127 -0.14553025
v -0.43139005 -0.33093038 0.24279265
v 0.23630363 -0.03536548 0.20969160
v 0.12710276 0.39107859 0.14896704
v 0.36818805 0.45260063 0.23001477
v 0.25550810 0.37767640 0.27435166
v -0.55008584 -0.26497108 0.02171336
v 0.30802825 -0.22007920 0.34236303
v 0.59840184 0.06897339 -0.14132723
v -0.04761424 -0.06106291 -0.02470627
v 0.51177013 0.17807402 0.11101405
v 0.41714275 0.13978386 -0.16259107
v 0.63892311 0.06760789 -0.15181859
v 0.72107875 0.12330731 0.02306963
v -0.57118475 -0.02308463 0.10919008
v 0.54353172 -0.01435454 -0.19602683
v -0.79824889 -0.12452742 -0.13662995
v 0.65422183 0.05521315 -0.20472676
v 0.02620976 -0.01832779 -0.01766289
v -0.45356584 -0.25903136 0.24580234
v 0.21510722 -0.14335570 0.40096954
v -0.63717365 -0.13424182 0.04465140
v -0.04183873 0.37895542 0.32420021
v -0.36851117 -0.39683849 0.19482394
v 0.35252985 0.22133747 -0.20174816
v -0.46621740 -0.21829338 -0.00521848
v -0.49256107 -0.29904702 0.07367155
v -0.49966341 -0.15388659 0.15291391
v 0.31783801 -0.04228957 0.05505076
v -0.57393551 -0.08946677 0.05872050
v 0.22228415 0.18890810 -0.10949761
v -0.37867284 -0.16695368 -0.18991256
v 0.44200587 0.12649499 -0.12357471
v 0.37618220 -0.05553528 0.16172697
v -0.32779124 -0.22745988 -0.15812463
v 0.63107640 0.04065876 -0.17545852
v 0.51820290 0.01679069 -0.24486470
v -0.62580901 -0.19690938 -0.10507360
v 0.16591544 -0.06102279 0.35765702
v -0.40453508 -0.08951767 -0.16025314
v -0.26288366 -0.29763213 0.00687392
v 0.43141085 0.18316843 -0.04726445
v -0.64328736 0.01827268 0.03359436
v 0.64007658 0.00068718 -0.17653996
v 0.30597711 0.16572030 -0.16004236
v 0.57383037 0.06450212 -0.12251815
v 0.52460355 0.09770009 -0.12018180
v 0.33249983 0.37299511 0.19619057
v -0.07315186 0.30280855 0.14878388
v 0.12349780 -0.17545606 0.36582062
v 0.58580792 0.04173395 -0.16675738
v -0.23798445 -0.28029144 -0.10120163
v 0.59334683 0.01743945 -0.01806156
v -0.41075584 -0.15301850 -0.15779319
v -0.21643621 -0.25396833 -0.15245682
v -0.69530493 -0.17223734 -0.12870449
v -0.46818680 -0.07844341 0.06062339
v -0.57919264 -0.24256364 0.08935456
v 0.39242649 -0.01042009 -0.37048948
v -0.55107337 -0.16046083 0.12219819
v 0.70104110 0.01538035 -0.15814999
v 0.42053765 0.16139489 -0.05615560
v 0.10305514 0.37566957 0.20979121
v 0.25481942 -0.08753046 -0.41195384
v 0.05668221 0.33892977 0.05947859
v 0.26132101 0.28807384 -0.34009898
v 0.35707867 0.22590999 0.16547593
v -0.13959862 -0.05547781 -0.09520075
v -0.28378654 0.22962731 -0.02879476
v -0.61761320 -0.22894433 0.02262545
v -0.49492997 -0.40059856 0.23189224
v -0.81757373 -0.08853764 -0.11713882
v 0.59611833 -0.01434013 -0.25527918
v -0.58687598 -0.03838006 0.07263641
v 0.61209005 0.02413146 0.17666751
v -0.81900966 -0.09688544 -0.11331671
v -0.73543310 -0.12155190 -0.12673922
v -0.30934319 -0.34048498 -0.04537613
v 0.23448752 0.34632415 0.27023175
v 0.56469226 -0.01356274 -0.03082856
v 0.04016438 0.39633274 0.10342155
v -0.18140177 0.25598782 0.13861975
v -0.18349117 -0.03180456 0.37159118
v -0.26893684 -0.26349995 -0.16467252
v 0.51168960 -0.04255268 -0.15228730
v -0.44958797 -0.27073222 -0.03156278
v 0.24374501 0.40216053 0.28051910
v 0.04114928 0.21937925 0.31560108
v 0.50313026 0.09899180 -0.25098750
v -0.41805601 -0.01862198 0.22088927
v 0.51101226 0.08450264 -0.23349288
v 0.59305048 0.10918438 -0.05379877
v -0.53257239 -0.28330624 0.05981174
v 0.27311176 0.17175378 0.29556310
v -0.50272238 -0.29875335 0.10984494
v 0.56596410 0.02244455 -0.13438240
v -0.08831184 0.03832150 0.26390612
v -0.10288811 0.22959076 0.26985806
v -0.32402930 -0.08794457 -0.25574219
v 0.48422536 -0.06243428 -0.25888231
v 0.56358314 0.09151857 -0.14747727
v -0.33438027 -0.20694605 0.11975558
v -0.36033010 0.06466044 -0.20308191
v 0.29945263 0.19392031 -0.22135216
v -0.76883984 -0.12177394 -0.15642032
v 0.50355792 0.20632923 0.11431633
v 0.65748805 0.23873043 0.02630104
v -0.42983094 -0.21351732 -0.12284593
v -0.43268165 -0.40545118 0.22697724
v -0.22039945 -0.39437050 0.26420698
v -0.32661948 0.10958362 0.32245627
v -0.65205729 -0.17372684 -0.06950853
v -0.50696164 -0.28575397 0.07147415
v 0.64821744 0.10678454 -0.10337485
v -0.26398805 0.10095153 0.04666917
v 0.41373277 0.18685198 0.05505814
v 0.40990379 -0.02921916 -0.28962913
v 0.45980358 -0.06174693 -0.17960635
v -0.35684639 0.13395876 0.23776044
v 0.31509039 0.44930351 0.23886563
v -0.03835957 0.17014718 0.32948679
v 0.67856258 0.08723737 -0.14619520
v 0.28591651 0.36370799 0.27272010
v -0.03390680 -0.17350572 0.33589038
v -0.01261294 0.25025398 0.28378820
v -0.37906313 -0.04004038 -0.22743475
v -0.18567660 -0.00270482 0.10573521
v -0.48165655 -0.25635934 0.20407799
v 0.35309142 0.33906245 0.20258200
v -0.71543968 -0.13749750 -0.14375874
v -0.58716601 -0.03456932 0.06387783
v -0.68402922 -0.01451913 0.05218031
v 0.29797161 -0.03613724 -0.36874023
v -0.48765600 -0.15905109 -0.04627016
v 0.19609232 0.29237530 0.21521899
v 0.44128728 0.06533685 -0.20714076
v 0.45352179 0.12316804 -0.05356265
v -0.41497904 -0.40842760 0.26290062
v 0.14033988 0.36263436 0.09963566
v 0.67421770 0.03435466 -0.19096161
v -0.42073202 -0.36489552 0.15316802
v 0.52860677 0.17756550 -0.04336821
v 0.61683339 -0.02495569 -0.22037770
v 0.44016105 -0.06715085 0.08186798
v -0.35900542 -0.26797438 0.23781398
v -0.40548962 0.04748617 0.20763464
v 0.23418003 -0.05879202 -0.41547772
v -0.61456382 -0.03424542 0.14773804
v 0.54281420 -0.03160636 -0.02104045
v 0.00574096 0.30557758 -0.10882453
v -0.33929470 -0.23101336 0.22702843
v -0.47843471 -0.31724373 0.20372307
v 0.41441220 0.16944897 -0.33173528
v -0.28781980 -0.39913124 0.16918853
v -0.42601585 -0.28308910 -0.10101381
v -0.70614946 -0.17073429 -0.05652093
v 0.32275492 -0.01907293 -0.15766224
v -0.38460445 -0.23385324 0.19036458
v 0.15892211 0.14799902 -0.21026295
v 0.24039744 0.41050893 0.16145441
v -0.18335357 0.13833909 0.39175540
v -0.68725383 -0.18036440 -0.05134037
v -0.58138496 -0.06776150 0.07914015
v 0.27639103 0.31827557 -0.21690448
v -0.26282713 -0.06958576 -0.02840834
v -0.33745676 -0.21573710 -0.22406809
v 0.37826601 -0.04911830 0.29684561
v 0.06045777 0.29291007 0.22955474
v 0.61907876 0.11662261 -0.01542287
v 0.36796215 -0.03661466 0.33422393
v -0.42995626 -0.24993257 -0.07872926
v -0.27380982 0.20291820 0.32663220
v 0.60391068 0.13184659 -0.02193657
v 0.60432178 0.05481061 -0.15404800
v -0.56416202 -0.11729603 0.04317116
v -0.17021565 0.09880411 0.30345511
v 0.30915260 0.22045359 -0.06229997
v 0.34291619 -0.19807214 0.28913152
v -0.04258547 0.08558217 0.35165763
v -0.11055715 0.25410008 -0.14497125
v -0.68547922 -0.14721254 -0.12342379
v -0.36201072 -0.24971245 0.23996842
v -0.35501263 0.21046431 -0.01997977
v -0.63389516 -0.20155591 -0.01113649
v 0.66485173 0.12317166 0.02013018
v -0.80811232 -0.12196177 -0.12378667
v 0.48464605 0.03567903 -0.25421789
v -0.49473467 -0.14089376 0.02180073
v 0.11078738 0.37200132 0.02776885
v 0.40101644 0.33362567 0.18419047
v 0.31794202 0.17426430 -0.23052949
v 0.21665069 -0.20135647 0.18916182
v 0.32655668 0.01131306 -0.32234785
v 0.05304942 -0.14583908 0.39824036
v -0.54568779 0.09241942 0.15529650
v -0.08936355 0.01291678 0.28660870
v 0.35541147 0.03797065 -0.09662294
v 0.06067824 -0.24091719 -0.03977384
v 0.31851336 -0.17805032 0.34555459
v 0.54805768 0.09920419 -0.21761343
v 0.42767295 0.07793286 -0.29888356
v -0.58389986 -0.25972265 0.08158280
v 0.41462624 0.01668816 -0.03209494
v -0.07231950 0.12197663 0.28281039
v 0.63919872 0.22071889 0.04256870
v 0.54246682 -0.06698487 -0.11499987
v 0.04056957 -0.20597178 0.38071990
v 0.32793263 -0.08481140 -0.27504313
v -0.67753708 -0.11259691 0.01897609
v 0.53512001 -0.03774890 -0.20601304
v 0.57072806 -0.01314659 -0.24232915
v 0.26943949 0.32481128 0.05768594
v 0.32374048 0.08414654 -0.17371432
v -0.38631988 0.05851255 0.07227395
v -0.20549029 -0.29474714 -0.13998981
v -0.33915287 0.03481241 0.34297708
v -0.22202080 -0.13140596 -0.28777707
v 0.00501049 0.09644385 0.30214527
v -0.54615659 -0.26205900 0.14284509
v 0.43527985 0.18411776 -0.05250139
v 0.32124251 -0.03051155 0.01847511
v -0.60357702 -0.08156130 0.07150916
v -0.01118598 0.08247587 0.27144736
v 0.34444368 -0.21236572 0.24416448
v -0.12426747 -0.14664927 0.36196327
v 0.35543847 0.06323853 -0.08193730
v -0.31219310 -0.29843125 0.05879958
v -0.15534829 -0.07870552 -0.01039600
v 0.56002134 0.09150978 -0.18606773
v 0.64796865 0.02499451 0.05397345
v 0.38805386 0.08545198 -0.02796998
v 0.32227379 -0.15384634 0.26322719
v 0.46105355 -0.03116641 -0.24793768
v -0.21665996 -0.26027229 0.07774925
v 0.60459793 0.08310556 -0.15292567
v 0.73387206 0.13830517 -0.05534843
v -0.00713234 0.35393924 0.05271658
v -0.68019801 -0.13975450 -0.04457066
v 0.51125014 -0.04786380 -0.09811859
v 0.48067874 -0.02896769 -0.13666001
v -0.69392824 -0.12447265 -0.04066376
v -0.63293099 -0.05892824 0.03702264
v -0.62710226 -0.00083030 0.14323856
v 0.36500797 0.01285916 0.22137004
v -0.34413162 -0.06215243 0.14947014
v -0.71819496 -0.12605786 -0.09242158
v 0.70873833 0.02193398 -0.12066428
v 0.00035179 -0.19792792 0.29696226
v 0.39897963 0.38660145 0.20351443
v -0.29607463 -0.26857346 0.19630313
v 0.30584928 -0.13234407 0.34464103
v 0.66338551 0.17077966 -0.01005986
v -0.54287338 -0.25869760 0.01976112
v 0.15481757 0.19380257 -0.15765099
v -0.66543925 -0.19077989 -0.16009492
v 0.63671196 0.12787575 -0.00248220
v -0.40814087 -0.35933131 0.16664995
v -0.60861605 -0.19872350 -0.02021775
v 0.49661642 -0.07056155 -0.26072875
v -0.21698815 -0.27558973 -0.05273166
v -0.63908601 -0.17248580 -0.09379496
v 0.11657202 0.36671939 0.01860088
v -0.34004095 -0.09385573 -0.24459930
v -0.12780765 0.30030289 0.06751318
v -0.11715889 0.25061184 0.24309392
v -0.67697871 -0.14977700 -0.13925192
v 0.18764555 0.40729213 0.24997096
v 0.41767406 -0.13309482 -0.09643662
v 0.46464348 -0.03919448 0.10324545
v -0.34893987 -0.39690527 0.19436394
v 0.63255632 0.12128662 -0.07084611
v -0.72188234 -0.13490829 -0.03997174
v 0.47590736 0.07204521 -0.12832189
v 0.65161455 0.11565408 0.04981830
v -0.63723415 -0.19397181 -0.26257700
v -0.77840263 -0.09315501 -0.22648816
v -0.07778406 0.31121817 -0.07126477
v 0.05868053 0.44764999 0.02508812
v 0.42968321 -0.09666456 0.24439031
v -0.30611074 -0.43830183 0.21730360
v -0.58355087 -0.11776244 0.05287497
v -0.31796205 0.22553635 -0.02924125
v -0.35727561 -0.07940110 0.00704993
v 0.70037997 0.10893183 -0.17007552
v -0.69376773 -0.14716025 0.01766630
v 0.14428030 0.01666368 -0.41641039
v -0.43784860 -0.12987679 -0.08620279
v 0.38883117 0.23834078 -0.28174517
v -0.20394549 -0.36751854 0.30350077
v 0.32740030 0.41727242 0.21325830
v 0.59427464 0.00572241 0.15963614
v -0.39487571 0.20402208 -0.05728128
v 0.74671382 0.18524399 0.00633244
v -0.08104146 -0.13195762 0.39895925
v 0.33751491 0.09758969 -0.12084487
v 0.28885707 0.30340996 -0.27719817
v -0.33752322 -0.03956127 -0.23417333
v -0.48644188 0.08543403 0.14190534
v -0.05918344 -0.20684785 0.02426504
v 0.21703064 0.28092414 -0.30878156
v 0.28608406 0.12063955 0.05961601
v 0.36418462 0.25801402 -0.15956232
v 0.42002094 -0.03995116 0.14093027
v 0.44178113 0.17067926 -0.14574707
v -0.03441616 0.18535706 -0.21884251
v -0.76433361 -0.13981177 -0.17985456
v 0.25199211 0.45603639 0.21346866
v -0.00990112 0.19587424 0.03709916
v -0.38285589 0.02543363 0.30838162
v -0.24670550 -0.04460096 -0.14254794
v -0.53893894 -0.20169204 0.17600057
v -0.32235664 -0.23862894 0.07467902
v -0.41799319 -0.20288301 -0.10475813
v 0.29926109 -0.17143415 0.32989579
v 0.19625111 0.28889608 0.22353917
v -0.21640877 -0.29582864 -0.13661031
v 0.25120234 0.40956360 0.18177848
v 0.10252634 -0.09392136 0.19928992
v -0.16968186 -0.46427941 0.25460768
v -0.37536013 -0.19748861 0.20333374
v 0.78676766 0.12969451 -0.01705451
v -0.50278366 0.18238991 -0.03968338
v -0.53415549 -0.25064003 0.16130438
v 0.08968864 -0.14073646 0.39267373
v -0.71940374 -0.17500526 -0.09769781
v -0.29028857 -0.25950325 0.13967338
v 0.57740593 0.11352050 0.05738029
v -0.51305389 0.05653880 0.23381674
v 0.24841413 0.31734872 0.19440368
v 0.32112700 -0.05906283 0.37473869
v 0.21284148 0.17727008 0.02188770
v 0.39590293 -0.04055438 0.11723946
v 0.40268415 0.03964791 0.15880498
v -0.21046361 -0.41065890 0.24627432
v -0.30220777 -0.43955830 0.18677741
v 0.46405637 -0.03775524 -0.20246716
v -0.60235691 -0.02874248 0.03149605
v 0.21656205 0.04211977 0.33075923
v -0.49210945 -0.01697174 0.16269258
v -0.42897022 0.13686758 0.14564732
v 0.65214592 0.05309078 -0.17377573
v 0.67226279 0.09525272 0.03132057
v -0.33396959 0.06686014 -0.22132060
v 0.40740564 0.00612644 -0.23742314
v -0.36265308 -0.05182197 0.28728896
v -0.33190084 0.07818753 0.06298820
v -0.56233728 -0.01924961 0.11149160
v 0.30422616 0.09590390 0.29603603
v -0.39210379 -0.16893898 -0.16520724
v 0.19740798 0.24948201 -0.17900714
v 0.55412096 0.07793165 -0.12983859
v -0.62638104 -0.10402546 0.05301997
v 0.68823993 -0.00000803 0.04214799
v 0.13680765 0.38368300 0.15882877
v 0.27091122 -0.14460599 0.30049649
v 0.44850171 -0.08740899 0.21502671
v 0.10530231 0.12367754 0.20784922
v -0.28617457 0.01404565 -0.13248014
v -0.40367115 -0.12818715 -0.16927594
v 0.06044518 -0.18783574 0.39035261
v 0.63543385 0.16533926 0.05698591
v 0.63944060 0.03828517 0.01806730
v -0.32429215 0.20682028 -0.09730715
v 0.48718482 -0.06515697 -0.24151176
v -0.16714641 0.27591294 -0.08042885
v -0.13972297 -0.24839640 -0.12698080
v 0.25407389 -0.00711994 -0.43232816
v 0.25290865 0.33462003 0.09428351
v 0.48879927 0.07698335 -0.22085202
v -0.46809766 -0.12600900 -0.07389733
v 0.10305865 0.33924821 0.06274673
v -0.67568052 -0.11665426 0.05114706
v 0.56711525 0.00142429 -0.08200144
v -0.51490825 -0.34996715 0.16449659
v -0.36019301 -0.19159190 -0.19214959
v 0.22873846 -0.17886454 0.30139497
v 0.27419543 0.36623782 0.17697257
v -0.25421444 -0.38400838 0.28350210
v 0.38310370 0.41306353 0.20684266
v 0.20937537 -0.14675893 -0.24890760
v -0.71530712 -0.13503006 -0.06163051
v 0.43116763 0.20474926 -0.10234544
v -0.20935398 0.19903812 0.18922296
v 0.43851998 0.15013239 -0.26071048
v -0.56613892 -0.01680409 0.09106891
v 0.01634802 0.32892001 -0.09845690
v -0.70919073 -0.13280103 -0.04501618
v -0.40814084 -0.10688862 -0.18719915
v -0.24687462 -0.01550562 0.15723392
v 0.56976104 0.00785535 -0.14750409
v -0.34887892 -0.27750233 -0.18936387
v -0.03777100 -0.22372532 0.29220134
v -0.36149314 0.14339586 0.21753401
v -0.43151566 -0.38669348 0.16083874
v -0.43939576 -0.17454690 0.04188740
v 0.59236431 0.11448437 -0.19269390
v 0.64036679 0.21306455 -0.01289546
v -0.67631465 -0.10396201 0.00635771
v -0.73254371 -0.16732456 -0.12984806
v -0.43618357 -0.18405454 0.22882001
v -0.36499906 0.06934187 0.06767116
v 0.30812013 0.17730390 -0.21744171
v -0.03918326 0.34669307 0.00174608
v -0.77156836 -0.12612346 -0.13718185
v 0.06347246 0.41965052 0.04078950
v 0.43852961 0.18328780 -0.02035423
v -0.18377382 -0.41465676 0.29391792
v -0.00764724 -0.22834042 0.32965517
v -0.52467310 -0.18872796 0.16583826
v 0.37109917 -0.18073721 0.25145289
v 0.39565954 0.15129308 -0.18654257
v -0.53562379 -0.03533676 -0.00761763
v 0.58506578 0.12414002 -0.01353011
v 0.25039804 -0.10513418 -0.26958853
v -0.44170344 -0.29336843 -0.01853856
v 0.55759418 0.02778016 -0.19424927
v -0.00091066 0.23584104 0.30314592
v 0.34195197 -0.11122036 0.33177626
v -0.44388011 -0.18247169 0.08593876
v -0.27366680 -0.04360428 -0.24724817
v -0.30687019 -0.01957729 -0.22403471
v 0.05817321 0.41251597 0.04318519
v -0.41831085 -0.26975507 0.23460920
v 0.24562292 -0.00108532 -0.43314114
v -0.75115800 -0.12346082 -0.06284395
v 0.26406741 -0.06939269 0.37978664
v -0.72754955 0.06833564 0.01371127
v -0.19124180 0.26907200 -0.04970367
v -0.55568838 -0.16388524 0.03818351
v -0.49496979 -0.37608236 0.18346274
v -0.46849430 -0.27723196 -0.01120904
v 0.68697864 0.05633939 0.00746226
v -0.60504782 0.03828870 0.11401033
v 0.41008234 0.11933900 -0.07616013
v 0.36089408 0.26803255 0.11218609
v -0.60393083 -0.03666742 0.04958907
v -0.65385729 -0.10842270 0.00404858
v 0.16741090 0.37422961 0.17508151
v 0.40332517 0.21407804 -0.02477515
v 0.45346913 0.36194268 0.22673212
v 0.32515594 -0.00802401 0.25064701
v 0.08766683 0.26668587 -0.11135946
v -0.00527591 0.34933221 0.02732800
v 0.06360167 0.45514333 0.10102651
v 0.48731965 -0.05439758 -0.26096216
v -0.51540917 -0.16888344 0.18621951
v 0.28788453 -0.19624044 0.26850915
v -0.69774365 -0.02369751 0.05307216
v 0.04684733 0.26302814 0.28804120
v -0.39853317 -0.05804418 -0.16728839
v 0.73951596 0.11670721 0.02938362
v 0.44497415 0.02702834 -0.16162333
v -0.53911865 -0.08700417 0.11399755
v 0.03466216 0.27808067 0.24942894
v 0.07715188 0.20636408 -0.23542707
v -0.60055423 -0.22077535 -0.10829416
v 0.40790087 0.16523422 -0.18561575
v -0.70035958 -0.15575308 -0.16656223
v -0.22107226 0.23408398 -0.13848722
v 0.42356282 -0.09360755 -0.03874651
v 0.50922000 -0.04376329 -0.12521541
v -0.50329745 -0.11422662 0.12297094
v 0.51822561 -0.03848127 0.03446561
v -0.62109685 -0.07603396 0.03769474
v 0.42013529 0.10110001 -0.24003091
v -0.38555744 -0.25876167 -0.15616786
v 0.38545078 -0.08424325 -0.21211590
v -0.69028264 -0.15946099 -0.19866852
v -0.39000115 -0.19635755 -0.15170516
v 0.22262913 0.32316354 0.20681551
v 0.63629663 0.04564175 -0.02460007
v -0.05361934 -0.22701553 0.01539822
v -0.59221685 -0.05121133 0.05873311
v 0.00379048 0.21684453 -0.09860515
v 0.71166879 -0.01785684 -0.14852594
v -0.34812546 0.01127644 0.33560261
v -0.51743686 0.06952131 0.12947568
v -0.35621670 0.20926864 0.20225917
v -0.21879008 -0.26614758 -0.11206760
v 0.53349155 -0.02165793 -0.04680204
v -0.23525077 -0.44238058 0.23078965
v 0.58130163 0.02638220 -0.22956704
v -0.54196167 0.09089972 0.12574986
v 0.67018306 0.04512013 0.02439889
v 0.54571551 0.08159040 -0.07653580
v 0.36592239 0.17216480 -0.21289885
v 0.46276721 -0.02374283 -0.22705144
v 0.10855801 0.34801915 0.22593942
v 0.20683888 -0.01608979 -0.44160649
v 0.36587003 -0.05887049 -0.31943560
v -0.76455224 -0.14793575 -0.11868033
v 0.40743184 -0.12411444 0.23416884
v 0.43477136 -0.03132591 -0.12789181
v 0.37528887 0.21353397 -0.28201452
v 0.37654698 -0.00544274 -0.30010453
v -0.13470680 0.10597977 -0.23801458
v 0.43936536 0.17994623 -0.10853416
v 0.37997189 -0.07491075 0.23219924
v 0.32201988 -0.20037100 0.34786430
v -0.48770750 0.06149442 -0.05571911
v 0.43190128 -0.08093030 -0.10919000
v -0.79315490 -0.10953964 -0.10515819
v 0.43652990 0.12029289 -0.25856715
v -0.03084287 0.32190198 0.01104295
v -0.45062965 0.17030512 -0.01561179
v -0.00410565 0.34020257 0.02808766
v 0.65882081 0.05617333 -0.02008550
v 0.43647534 0.18677205 -0.06867735
v -0.35096884 0.06752743 -0.21173690
v 0.48442835 0.14993136 0.04018393
v -0.35945609 0.20347038 -0.07558002
v -0.59728312 0.05516092 0.16085987
v -0.47545913 -0.40812030 0.21563493
v -0.26377764 -0.34160045 0.00153926
v 0.19299932 -0.13948935 0.04469433
v -0.65953630 0.02131083 0.06690740
v 0.14386794 0.10587589 0.18149008
v 0.17851013 -0.05417033 0.14338216
v -0.31407118 -0.33163649 -0.05930899
v 0.58344758 0.09120156 -0.11282249
v -0.00630019 0.22107309 0.30054110
v 0.46206424 0.12914771 -0.05339365
v 0.26586571 -0.20034550 0.30087113
v -0.40021738 -0.09374852 -0.16546491
v 0.63824350 -0.00591841 -0.19736686
v 0.37064523 0.22119889 0.11234620
v 0.43056622 0.19979063 -0.03248296
v -0.51388043 -0.05703941 -0.06022823
v 0.53367782 -0.01506979 -0.09780595
v 0.60318178 -0.01748180 -0.24939786
v 0.26606548 0.01914235 0.09441164
v -0.04845127 0.34762597 -0.00957137
v -0.48240167 0.00396513 -0.06254974
v -0.57770598 -0.24263361 0.11370854
v 0.43564177 0.12399729 -0.14212111
v -0.26647863 -0.22854419 0.00548031
v -0.67642105 -0.17978191 -0.09089123
v 0.02775400 -0.08490413 0.32110423
v 0.08460843 0.42667213 0.10391504
v -0.36130458 -0.02026459 0.11579288
v 0.03059740 0.23668754 0.29622498
v 0.22847968 -0.00928447 0.30520302
v -0.38163823 -0.31709698 0.05467404
v 0.36957592 0.37146783 0.25732112
v -0.36673647 0.13534167 0.21831533
v -0.50110310 -0.21733713 0.05870164
v 0.02007007 0.24270058 -0.15785629
v -0.54649085 -0.27553636 0.12976360
v 0.28148013 -0.10662152 0.14224492
v 0.68119788 0.03052972 -0.14531928
v 0.65889257 -0.00840865 -0.12314770
v -0.56238449 -0.10723259 0.04675768
v -0.54018497 -0.12718248 0.10839553
v 0.36773983 0.05652984 0.22683194
v -0.28752100 0.10641733 -0.23588644
v 0.64112616 -0.01839956 0.03119297
v -0.15989727 0.17082936 0.27531219
v -0.20735997 -0.26089656 -0.19291890
v -0.62131977 0.05465109 0.11559296
v -0.30787718 0.08478410 -0.24767104
v 0.14142795 -0.10407881 0.40650940
v -0.16182601 -0.01406144 -0.21911582
v 0.53329045 -0.00653007 -0.13211834
v 0.23798971 -0.05109951 0.38603419
v 0.57019222 0.05576491 0.06075608
v 0.51051241 0.07148807 -0.22443752
v -0.74818081 -0.15806048 -0.14695977
v 0.31885272 0.23841278 0.18662967
v -0.75693780 -0.14359683 -0.19945875
v 0.66112071 0.03545074 0.05682075
v 0.59973395 0.18088701 0.04703953
v 0.53460354 -0.00062707 0.03361702
v -0.32184976 -0.34795195 0.04758040
v 0.41936752 0.41055116 0.18448377
v -0.20484585 -0.01626083 -0.27186540
v 0.47251183 0.04905396 0.03578029
v 0.38143280 -0.23650897 0.27672517
v 0.19426535 0.41996288 0.26617473
v 0.37965938 0.20339349 -0.08058367
v -0.62765115 -0.19543824 -0.05730135
v 0.38090709 0.21603838 -0.28295445
v -0.54255313 -0.14053470 0.01514393
v 0.32929322 0.19383895 -0.19587170
v -0.20949483 -0.01334005 -0.09626453
v 0.41923952 -0.08491270 -0.04421487
v -0.56556845 -0.26062596 0.09118291
v -0.06019971 0.24450703 -0.17290956
v 0.59666264 -0.00788642 0.10494836
v -0.36632535 -0.15937208 -0.18984734
v 0.65440881 0.07560264 -0.05662279
v -0.67118287 -0.10982414 0.06152252
v 0.62197930 -0.05148104 -0.03245931
v -0.28009516 0.22673452 -0.12514760
v -0.69483775 -0.17341879 -0.13833761
v 0.29187083 0.36737853 0.24602890
v -0.23046304 -0.35865897 0.26452708
v 0.33720225 -0.17052524 0.34715077
v 0.08023590 0.23104787 0.32026219
v -0.63780349 -0.18797687 -0.26851985
v -0.46417093 -0.22964334 0.14664769
v 0.35475770 0.01800557 -0.25523597
v 0.39911681 -0.02964715 0.17285952
v 0.07771304 0.19285971 -0.09897640
v 0.35147774 -0.04633580 -0.09883816
v 0.64966267 0.09898522 -0.09375614
v 0.37293863 0.30228496 0.28770790
v 0.59465027 0.04216678 0.01216004
v 0.60950112 0.07438233 0.04543190
v -0.66327548 -0.11085778 -0.00296729
v 0.38046390 -0.11941770 0.24089970
v 0.17552055 0.28423229 0.01652391
v 0.42732218 0.12207933 -0.12012681
v 0.04176798 0.27686083 -0.09644923
v -0.40546900 0.03938349 0.29434910
v -0.18559673 -0.41709918 0.25625736
v 0.63427562 0.03748795 -0.17673230
v -0.57195091 -0.15882835 0.04333135
v -0.18121789 -0.41756293 0.27536085
v 0.39678168 0.40755576 0.20087126
v -0.07922105 0.28535157 0.17991498
v 0.14461407 0.01960599 0.21715029
v 0.14101391 0.40028226 0.28769860
v 0.47650152 -0.06205449 -0.10061284
v 0.29206368 0.21633282 -0.35026547
v 0.08011876 0.30969864 0.05849608
v 0.41768366 0.04820271 -0.21195082
v -0.32203218 0.07823113 0.31903869
v -0.69476342 -0.15175810 0.01562053
v 0.15899685 0.13284442 -0.27838716
v -0.10583457 0.26167741 -0.14657167
v -0.35012090 -0.20300610 0.04070471
v 0.00422422 0.35542661 0.06738656
v -0.64359730 0.02878081 0.04257882
v 0.50419664 0.03950613 -0.24281250
v 0.40232849 0.30180198 0.25142062
v -0.40178254 -0.02601738 0.19866398
v 0.73293918 0.03230716 -0.11886635
v 0.14514914 0.34422043 0.06033908
v 0.04259197 -0.11655976 0.38467383
v 0.59963590 0.11182122 0.20087291
v -0.51912409 -0.28578675 0.06622301
v 0.21069950 0.16903925 0.01753679
v 0.61555326 0.02250634 -0.10289618
v -0.78465569 -0.09670869 -0.12721586
v 0.03388841 0.35110950 -0.00880474
v -0.02167541 0.34987396 -0.05732644
v -0.13044196 0.15547933 -0.17216851
v -0.68961304 -0.17547020 -0.20257396
v 0.61907870 0.03255639 -0.03715061
v -0.58804232 -0.09852587 0.08400792
v -0.56326491 -0.26877078 0.12563094
v 0.57529891 0.06912427 -0.19414875
v 0.04082631 0.37862438 0.14122131
v -0.30155462 -0.28704771 -0.13655913
v 0.44735444 0.02395811 0.03781632
v 0.38279304 0.21653971 0.06881303
v 0.26501292 0.42730942 0.16960461
v 0.60739893 0.07927383 0.01298264
v -0.64213693 -0.17675149 -0.22609937
v 0.25390112 0.02484602 0.31833029
v 0.00904837 0.37260193 0.34296000
v 0.68658799 0.10422694 -0.18211497
v -0.31671432 -0.43245849 0.23364267
v 0.48040065 0.20145249 0.05637657
v -0.05284331 0.29238582 -0.12215823
v 0.36079744 -0.08218519 0.26270360
v 0.42559263 -0.06244502 0.10023560
v 0.10502197 -0.17098328 0.38306862
v 0.21952088 0.38262868 0.15644787
v 0.42397034 -0.08679603 0.24109983
v 0.40709811 0.01192771 -0.15170093
v -0.72229451 -0.17638035 -0.13108692
v -0.21711920 -0.25158942 0.09382452
v -0.69557506 -0.18479747 -0.10916845
v 0.03836986 0.29641065 -0.10701755
v 0.33032584 0.28595206 0.03897725
v 0.50726253 0.14200997 -0.06016752
v -0.18333349 0.26046258 -0.16041839
v 0.18293402 0.00082335 0.22975549
v 0.61246169 0.06296411 -0.02826927
v 0.32733417 -0.10547398 0.15253052
v -0.39479053 0.13569248 -0.13011333
v 0.15006970 0.21216628 -0.14002743
v 0.20779219 -0.08728037 0.35393763
v -0.50610858 0.00729173 0.15072972
v 0.39269137 0.33175471 0.25690231
v 0.74489194 0.11679794 -0.11981949
v -0.56816232 0.01745828 0.19234011
v -0.60079676 -0.14047025 0.05832084
v -0.52549821 -0.25256586 0.02009300
v -0.34938258 -0.27944866 0.24485289
v 0.62489754 0.12914574 0.02072487
v 0.04971924 0.27237096 -0.10333773
v 0.31926852 -0.11923525 0.15154058
v 0.22157405 0.27785704 -0.33561572
v 0.56618482 0.08624043 0.02695522
v -0.49883312 -0.30110368 0.20514804
v 0.42513925 -0.04461321 0.27980739
v 0.73749119 0.01166876 -0.07522027
v 0.13803628 0.39074144 0.08417422
v -0.30562097 -0.28815004 0.18991801
v 0.03374638 0.13789058 0.35562018
v 0.31673801 0.24441034 -0.02997053
v 0.62585169 0.11318105 -0.04571284
v 0.20324513 -0.11612767 0.39660290
v -0.27457532 -0.17104416 0.02448753
v -0.26734510 -0.00154140 0.10048307
v -0.14792579 0.29022232 -0.04429499
v -0.75430441 -0.15367630 -0.14055479
v -0.61725605 0.02411634 0.17083845
v -0.43009183 -0.16410343 0.15763779
v 0.19116509 -0.19500616 0.37194875
v 0.02506021 0.34721464 0.00448358
v 0.67690396 0.04095769 0.01487697
v 0.25732318 0.05287220 -0.00684656
v -0.39455259 -0.42989081 0.23578276
v -0.61577046 0.01634682 0.07085604
v 0.47192237 -0.04193348 0.02563305
v 0.55507123 -0.04709131 -0.15727668
v 0.31980383 0.19069043 0.01619764
v -0.18043846 -0.24426794 -0.12633391
v -0.57308865 -0.16420227 0.02578485
v 0.49598160 -0.08578367 -0.04018767
v -0.30246729 0.23108861 -0.03782392
v -0.48286617 -0.22794609 -0.03298325
v -0.18935072 0.18900329 -0.22111829
v -0.48753789 -0.14228585 -0.04228868
v -0.26298344 0.01341691 -0.31601268
v 0.61469090 0.03482209 -0.13316862
v 0.21142453 -0.02345340 0.12839483
v -0.67439038 -0.17558159 -0.07599694
v 0.56271964 -0.04293673 -0.08345477
v -0.51354706 -0.08783272 0.14033225
v 0.36756852 0.13494724 -0.20140544
v -0.22089233 -0.40678564 0.24647668
v -0.37490773 -0.22546346 -0.16037019
v -0.52238625 0.01607515 0.00475889
v 0.39084989 -0.01099299 -0.36926016
v -0.35654742 -0.27153307 0.24190645
v -0.20263948 -0.45499891 0.25427595
v 0.62946647 0.07698156 -0.14197686
v -0.34914672 -0.05558638 -0.23288292
v -0.45494092 -0.38182777 0.14364395
v -0.30609053 -0.06068350 -0.23160914
v 0.11538967 0.40595561 0.29026321
v -0.35739076 0.21813175 0.17751336
v -0.64473975 -0.19518650 -0.01822671
v -0.03678414 -0.19402641 0.28563902
v -0.49809560 -0.27496657 0.18880150
v 0.08817762 0.37014812 0.22566476
v -0.76866013 -0.13589805 -0.13172893
v -0.68412906 -0.15877244 0.04278450
v 0.62259758 0.00781352 -0.17456898
v -0.42308673 -0.11969564 0.09051122
v -0.18777414 -0.08164528 -0.27346995
v 0.65799034 0.03919154 -0.22248942
v 0.35234219 0.13652056 -0.13045663
v 0.33606374 -0.05015378 -0.34462568
v 0.17845954 -0.20043135 0.33441743
v 0.38699147 0.03549348 -0.31944877
v 0.56738228 0.02012427 -0.13205068
v 0.30265895 0.00497431 -0.10494839
v -0.42724857 -0.36342531 0.22317308
v 0.04568268 0.42405495 0.01671479
v -0.33744526 -0.26119003 -0.21985123
v 0.22676934 0.29015291 -0.36956272
v -0.25270316 0.10936393 0.19215633
v -0.55751157 -0.18628499 0.04153834
v 0.46499288 -0.05259490 -0.01329457
v 0.61579609 -0.04019026 -0.00994466
v 0.41305977 0.16830619 -0.23425958
v 0.31056529 0.23245314 -0.08830895
v -0.37078017 0.13379614 -0.12434977
v -0.64370048 -0.20502363 0.01202708
v 0.61495763 0.20427665 -0.01125103
v 0.10288481 0.42285672 0.23799075
v -0.54741579 -0.04071868 0.01840720
v 0.61423421 0.07658449 0.04960291
v -0.17236206 0.20714930 0.26048538
v 0.74075246 0.08847486 -0.14035992
v 0.49546197 -0.00921661 0.10105278
v 0.54996037 0.03518574 -0.19907549
v 0.12524706 0.07880864 0.05363257
v -0.28488639 0.18871582 -0.16667850
v -0.51041025 -0.25343314 -0.01510508
v 0.18904009 0.38653713 0.28940755
v -0.44490981 -0.33110547 0.20990184
v 0.36643696 0.12889518 -0.15986241
v -0.53744268 -0.32427293 0.09470125
v -0.27775538 -0.07475799 0.13730460
v 0.23922104 0.18328142 -0.07715593
v 0.61646253 0.11216667 -0.01906099
v 0.19537728 0.35333908 0.19260612
v -0.36796635 -0.32299283 -0.05247362
v 0.20966905 0.35783303 0.10033181
v -0.27393532 -0.32710481 -0.07586046
v 0.66093308 0.03654819 -0.12925293
v -0.67471868 -0.18019715 -0.10574657
v 0.56946957 -0.02784971 -0.20191301
v 0.05955377 0.46230152 0.11080196
v -0.37352103 -0.13200496 -0.22694506
v 0.44887090 0.25769100 0.20164827
v 0.24340554 0.00410110 0.32896847
v -0.21118586 0.24132898 -0.12004664
v 0.19076996 0.44608098 0.19277754
v 0.37761864 -0.16350691 0.27679312
v 0.33180591 0.32464465 0.24762227
v 0.18442556 0.38006258 0.19251432
v -0.45343965 -0.24081999 0.14835033
v -0.23631626 -0.27622515 -0.18539697
v -0.50366318 -0.31829393 0.15057783
v 0.23960423 0.44396856 0.20937881
v -0.11617466 0.30351099 0.07707850
v 0.54348689 0.14993304 -0.10513858
v 0.21028316 -0.03602023 0.20623907
v 0.30184904 -0.10263312 -0.32140896
v -0.43476763 -0.40030748 0.26429650
v -0.76401424 -0.11791238 -0.07278685
v -0.65593261 -0.16462128 0.07029273
v -0.63721281 -0.03230212 0.09107468
v -0.28688037 -0.32266453 0.06706455
v -0.28189689 -0.05862537 -0.23954225
v 0.32100034 -0.15996842 0.35151237
v -0.46419370 -0.27866727 -0.03839111
v -0.27393833 0.18125875 -0.20263326
v -0.34108216 -0.08166616 0.08175723
v 0.38822177 0.14393407 -0.28424791
v 0.19344752 0.41327459 0.19945553
v 0.64300501 0.06154958 -0.17510729
v 0.28232878 -0.13909180 0.36035985
v -0.33343095 -0.28561303 -0.19314511
v 0.44224119 0.10247700 -0.09198428
v 0.09888928 -0.16868815 0.25977111
v -0.33121407 -0.08444990 -0.25274393
v -0.47418225 -0.31645465 0.13790929
v -0.27172643 -0.43747512 0.19800040
v 0.41147244 0.02532752 -0.15217055
v 0.73552674 0.13366315 -0.05938263
v -0.68077886 -0.18062833 0.01500403
v 0.67899078 0.06229006 -0.11458573
v -0.51482099 -0.03837624 0.01458308
v 0.23818687 -0.06022778 0.25156099
v -0.31634244 -0.23705201 -0.13502863
v 0.54950255 0.15539911 -0.07828474
v 0.61719936 -0.00482842 -0.03627480
v 0.49042210 0.11216100 -0.21989137
v -0.38138479 -0.36750585 0.27077630
v -0.30059573 -0.14105241 -0.29274595
v 0.58805770 0.09529352 -0.05226608
v -0.56883341 -0.08481283 0.02773896
v -0.68603373 -0.18520808 -0.18137212
v -0.31138799 -0.42177516 0.18989497
v -0.37767389 0.05276377 0.30955634
v 0.42435586 0.05272552 -0.13570413
v -0.47213060 -0.05747340 -0.08184484
v 0.50194204 -0.02815800 -0.00905773
v -0.64491683 -0.18812039 -0.04769198
v 0.36547682 0.46485466 0.21400957
v 0.26204228 0.26562721 0.21558437
v 0.50560987 0.12793769 -0.17704394
v 0.03545094 0.28679642 0.23083641
v -0.24609524 0.18802427 0.19818941
v 0.33204353 -0.04609465 -0.34305802
v 0.48840192 -0.04915451 0.02837454
v -0.74044210 -0.13554326 -0.19477643
v -0.36213842 0.02517882 0.03937332
v 0.30063069 -0.07052787 0.18302783
v 0.13904753 0.10341963 0.34038287
v -0.02928117 -0.16635458 -0.28357393
v -0.61294121 -0.17481577 0.11048578
v -0.50760132 0.03227364 0.01937224
v 0.65721965 0.11200191 -0.11859930
v 0.37263894 0.17159352 -0.28992057
v -0.46761301 -0.33397347 0.08147243
v -0.17493506 -0.46752542 0.24098453
v 0.41855264 0.11115473 -0.24091190
v -0.54861385 0.00860635 0.13972282
v -0.48673224 -0.28177857 0.05907542
v 0.36575651 -0.13452633 -0.01061997
v -0.78038764 -0.13443190 -0.13527966
v -0.48796794 -0.11481988 0.14182670
v 0.61301321 -0.02459830 0.03789243
v -0.53767794 -0.22917230 -0.01575775
v -0.24943890 -0.01990986 -0.32958433
v -0.57359970 -0.09776868 0.01212978
v -0.43894404 -0.18477941 0.15848561
v 0.25997293 0.03341907 -0.29817149
v -0.52720994 -0.19895604 0.15475497
v -0.46097359 -0.38434547 0.23001204
v -0.42759866 -0.35395688 0.20797959
v 0.13108912 0.39643991 0.23609619
v -0.29773244 0.24946922 -0.00672961
v -0.53837854 -0.36931327 0.05492923
v -0.39455417 0.04810215 -0.17426001
v 0.08533112 0.09191465 0.35943949
v -0.65486676 -0.18737411 -0.20175964
v 0.55528182 -0.02800753 0.01499327
v -0.17558919 -0.43458527 0.25191814
v -0.61226970 -0.19608352 0.09991086
v 0.52449697 0.16575702 0.00940109
v 0.06430623 -0.10568841 0.38835353
v -0.44702458 -0.10562596 -0.09297843
v -0.27426317 -0.24787560 -0.19727266
v 0.59589493 0.02540511 -0.19618683
v 0.52221811 0.02001157 -0.22521836
v -0.53878832 0.01451361 0.12137647
v 0.06183106 -0.24886388 0.09964056
v 0.29018423 0.37487581 0.19134194
v -0.52046734 -0.25580353 -0.02633160
v -0.72126263 0.07538588 0.01565245
v 0.35956258 -0.18047996 0.28664139
v -0.56689787 -0.05809394 0.06258851
v 0.21281019 0.24259651 0.28507972
v -0.48227385 0.14299119 0.12703240
v -0.00497235 0.39941370 0.16141567
v 0.29492360 0.03432819 -0.39590991
v 0.45669806 0.18012279 -0.14502302
v -0.73359269 -0.12476799 -0.08440025
v -0.09198876 0.10926607 -0.30274862
v -0.12783913 -0.02146073 0.21631336
v -0.68168080 -0.14525753 -0.10066324
v -0.59158677 -0.04509185 0.05655956
v -0.59966820 -0.23681140 0.03849652
v 0.55577767 0.01261616 -0.09086390
v -0.34676802 0.15577073 -0.14472790
v -0.49264741 -0.15210751 0.05523495
v -0.69069904 -0.17678973 -0.19149898
v 0.57936502 0.02213789 -0.14179528
v 0.38780829 -0.03528903 -0.37727216
v -0.23209511 0.01366273 -0.26482552
v 0.28831044 0.35810325 0.26810539
v -0.35631701 -0.06131025 0.33134925
v 0.06010261 -0.22927180 0.17416248
v 0.05567579 0.28101328 -0.14587775
v -0.22275171 -0.36097467 0.33580589
v -0.53718442 -0.14506596 0.05030835
v 0.40902445 0.12122859 -0.26859766
v 0.67750591 0.07288389 -0.09077118
v 0.57954383 0.12032407 0.01556401
v -0.58368856 -0.25052908 0.02189190
v -0.64892501 -0.16550583 -0.08228634
v 0.15300798 0.25109965 -0.02381440
v -0.29372823 -0.12396419 0.02004574
v 0.15615563 -0.08894773 0.34838405
v -0.64504606 -0.17670907 0.07233520
v -0.00739160 0.22656858 -0.18821235
v 0.03959368 0.44757918 0.04499331
v -0.01985243 0.35150933 0.03569520
v -0.47205174 0.06266056 0.15423048
v -0.67181432 -0.18703629 0.02028898
v -0.76013374 -0.14096405 -0.13427040
v 0.17348215 0.31123042 0.21608612
v 0.25563335 0.29092523 0.20061989
v -0.74742669 -0.11911960 -0.15456489
v -0.72814345 -0.11786164 0.00033272
v 0.30664968 0.30762804 -0.24709016
v -0.43886524 -0.22245410 -0.12813038
v -0.05100605 0.06641188 0.19800010
v 0.20919555 0.00181998 0.10590731
v 0.47842199 -0.04401115 -0.24977279
v -0.08938910 -0.16717932 0.30868933
v 0.10056763 0.29342732 -0.08130460
v -0.45755902 -0.40771353 0.14425580
v 0.05118295 -0.20649032 0.26909903
v 0.49616611 -0.04550492 -0.16373488
v -0.31937414 -0.23419745 0.03989250
v 0.22270204 -0.11810130 0.40468830
v -0.29009387 0.13139752 0.34490782
v 0.32561329 0.41130522 0.21950993
v 0.25147963 0.28494051 -0.30853930
v 0.55083090 0.09477620 -0.16306415
v 0.61684257 0.05751000 -0.19701979
v -0.28658110 -0.00397220 0.10072048
v 0.35052785 0.20504437 -0.14750765
v -0.58470416 -0.25633910 0.02618708
v 0.33162904 -0.17522298 0.34213796
v 0.67483890 0.11473392 0.00879829
v 0.44097230 -0.04053718 0.12032926
v 0.29263437 0.03268638 -0.20116238
v 0.31018531 0.10424928 0.01577110
v 0.06989516 0.42592758 0.06750849
v 0.51186383 0.16902292 0.03344270
v -0.26223588 -0.39138371 0.27844191
v -0.66755038 -0.11591657 0.04553168
v 0.63177466 0.04194348 0.03019044
v 0.41599986 0.17530642 -0.33438432
v -0.67100549 0.02501306 0.05118742
v -0.61989743 0.04814985 0.07040315
v 0.08585305 0.21766673 0.02422678
v -0.15721011 0.24790052 -0.16545662
v 0.40585032 0.06076867 -0.24213043
v 0.46887070 0.14980675 -0.17728661
v -0.15203930 0.03255002 0.24991375
v 0.71859038 0.05983822 -0.10079016
v -0.61100566 -0.00466373 0.13640276
v 0.19360510 0.43911475 0.21045645
v -0.36525518 -0.23652682 -0.18314795
v -0.80441946 -0.12594709 -0.13565536
v 0.29233518 0.04866802 -0.38244495
v -0.37190723 0.15504459 -0.12552173
v 0.40012306 -0.04313734 0.03682366
v 0.58108371 -0.02295423 -0.16565064
v 0.38490519 -0.09048194 0.28147560
v 0.35900015 -0.06802588 0.11182417
v 0.03379212 -0.02477199 0.04422756
v -0.43997842 -0.20828652 0.19500379
v 0.62791938 0.08967562 -0.03447866
v -0.64907449 -0.16535927 -0.10890023
v -0.32448334 -0.19861339 -0.25698990
v 0.63682336 0.05145859 0.01122512
v -0.54965544 -0.27237976 0.05522513
v 0.65527457 0.13757834 0.04199924
v 0.45233935 -0.04223048 -0.11426105
v 0.00780483 -0.04848202 0.07870650
v -0.71597111 -0.13034597 -0.01734402
v 0.45035976 0.05230646 -0.26927277
v 0.58534205 0.10309563 -0.22044578
v 0.47186503 0.11458424 0.06958638
v -0.36956775 -0.40410057 0.27246758
v -0.43798101 0.05461367 0.03972839
v -0.15038522 -0.26947099 -0.04404537
v 0.57402599 -0.03356443 -0.22659788
v 0.42462504 -0.12727439 0.00628214
v 0.54464561 0.05925117 -0.23724379
v 0.26380950 -0.03965408 -0.41103342
v 0.52997738 0.10714049 -0.24683753
v -0.33156139 -0.21287435 0.08723325
v -0.26782918 -0.43021530 0.19560826
v -0.37071633 -0.42767325 0.19760823
v -0.67948568 -0.14770488 -0.13422644
v 0.70265418 0.12929283 -0.12291929
v 0.38492453 0.16896820 -0.27781618
v 0.51535732 -0.02630053 -0.01307473
v 0.40852648 0.12884811 -0.14449990
v 0.66248852 -0.03916448 -0.16631521
v 0.43954158 -0.04797645 0.10854046
v -0.59109336 0.00563347 0.13106021
v -0.07474922 -0.20549510 -0.01101310
v -0.44342723 0.02148097 0.16658074
v -0.52157581 -0.15141410 0.01935735
v -0.31115752 -0.29340744 0.16592050
v 0.53920650 -0.05242931 -0.09669637
v 0.14464241 0.34777820 0.09730379
v 0.51592016 -0.03265231 -0.06025747
v 0.65160817 0.04885666 0.03361309
v -0.03099719 0.15793034 0.34140474
v -0.35642189 0.19626424 -0.13074410
v 0.57034445 -0.01476910 -0.09244007
v -0.22421893 -0.28224388 0.03628864
v -0.67636353 -0.14662783 -0.13769907
v 0.11668998 -0.05830473 0.37689751
v -0.67065251 -0.18030398 0.05406207
v -0.43199155 -0.35852322 0.20097986
v -0.62639117 -0.03074220 0.17384365
v 0.52791697 0.02738582 0.07575214
v 0.08715251 0.44214159 0.10008112
v 0.17206147 -0.11003663 0.29791671
v -0.45259395 -0.35809278 0.11182538
v 0.13051370 0.36097968 0.26908910
v 0.31004545 -0.12343380 -0.18095574
v -0.31709912 -0.14195526 -0.28951970
v 0.01137691 0.13337931 -0.11462282
v 0.47667617 0.11530725 -0.06146424
v -0.50235218 -0.35741618 0.21564957
v -0.16588618 -0.22563852 -0.11988585
v 0.37613744 0.22053142 0.13594456
v 0.35428622 0.40477598 0.26202607
v 0.57457095 0.08100915 -0.01854638
v 0.15758047 0.06074387 0.33432323
v -0.27097327 -0.07740864 -0.01662946
v -0.32071766 -0.41403836 0.20166822
v 0.72324765 0.02595122 0.03622794
v 0.35683230 0.07846827 -0.09533587
v 0.06594433 0.46497130 0.10578366
v 0.01580314 0.43159655 0.13010707
v -0.01978618 -0.22258802 0.31902939
v -0.76800328 -0.12235069 -0.15450959
v -0.25884283 -0.15824404 -0.02742207
v 0.29971418 0.17778887 -0.12424323
v 0.66928738 0.07251445 -0.00093200
v -0.20817339 0.27704000 0.06881148
v 0.27331540 0.39358151 0.27360392
v -0.44191733 -0.43231261 0.23183919
v -0.68926042 -0.13268195 -0.04107533
v -0.01580441 0.14719547 0.07056305
v 0.65777338 0.07494228 0.01663619
v -0.32115695 -0.16197258 0.07794319
v -0.31898442 0.18593812 0.07008895
v 0.64336240 0.01555059 -0.04800945
v 0.12090949 0.41353896 0.22110450
v 0.08260848 0.38323793 0.30820924
v 0.42473295 0.22135788 0.01772967
v 0.01812346 0.18852600 -0.25030217
v -0.41439429 -0.36335462 0.14831527
v -0.04412356 -0.23877823 0.06752485
v -0.52040082 -0.03681593 0.14553183
v 0.27355394 0.23808858 0.25530738
v -0.46892571 -0.25104666 0.21962501
v -0.22311302 -0.40714392 0.25533503
v 0.14459260 0.22814065 -0.08690962
v -0.48408026 0.02096895 -0.06353620
v 0.42449534 -0.04893834 -0.07115241
v 0.35504019 0.40711352 0.25897762
v 0.28580725 0.14024426 -0.06447060
v -0.53015357 -0.04493351 0.14182216
v 0.05695777 0.27758473 -0.12648125
v -0.20864697 0.00969273 -0.29796079
v 0.23201907 -0.13340013 0.27781969
v 0.35947880 0.12918787 -0.25350296
v -0.20686486 0.18924481 0.24793708
v -0.44692451 -0.40391198 0.19417027
v -0.05777738 0.24833694 -0.16952294
v 0.40736425 0.18085299 -0.11441148
v 0.58549124 -0.00186883 -0.08645470
v 0.02846304 0.30846575 -0.09391008
v 0.54917991 0.14434430 -0.06287501
v -0.07481101 -0.14312235 0.40002799
v 0.44522586 -0.10625479 -0.09301684
v -0.28099683 -0.38631821 0.18112600
v 0.47758734 -0.04887359 -0.06892669
v 0.60650605 0.13225675 -0.05470727
v 0.54109329 0.13369147 -0.22030345
v 0.08496591 0.35681948 0.23592713
v -0.44533554 -0.21211892 0.15259576
v -0.41577968 -0.36575329 0.18671407
v -0.46832308 0.13173468 0.20735402
v 0.65473402 0.06100780 -0.19903702
v -0.27245811 -0.30705595 0.14900376
v 0.20284264 0.33369300 0.02898266
v 0.36663431 0.11063771 -0.07102891
v -0.19464141 -0.33260059 -0.03870457
v 0.23193043 -0.18350267 0.32020819
v 0.29726085 0.39167583 0.23946397
v 0.36139554 -0.16803926 0.28643018
v -0.13796644 -0.40714350 0.26918614
v 0.21880601 -0.18796821 0.30463243
v -0.31585699 -0.35107955 0.24337652
v -0.42427897 0.06018123 0.18861175
v -0.55160880 0.12315723 0.15095109
v -0.02779173 0.34008658 0.03377987
v -0.46700266 0.10141116 -0.04436496
v -0.55578095 -0.10406180 0.13714191
v 0.57442170 0.09036921 -0.11606915
v 0.13104609 0.11395338 0.33652180
v 0.48909134 0.00034291 0.11614203
v 0.04375654 -0.24339142 0.05163563
v -0.55338722 -0.19939755 -0.01979498
v -0.79090345 -0.13254948 -0.14002046
v 0.45750368 -0.04871795 0.06530800
v 0.63647890 0.08393446 -0.11212374
v 0.70667082 0.06141628 -0.09596339
v 0.33112025 0.40268156 0.22376937
v -0.33611298 -0.31503502 -0.04831113
v -0.72786772 -0.16253354 -0.09843870
v -0.42045909 0.24036372 0.19975185
v 0.28393626 0.46785641 0.16890645
v 0.27656710 -0.03689164 -0.40178996
v -0.76712412 -0.12060663 -0.07309568
v -0.17500682 0.28115377 -0.01885395
v -0.70940971 -0.13196206 -0.05550288
v -0.42466354 -0.01711015 0.04831164
v 0.55453193 0.00059390 -0.11554893
v -0.22302708 0.26132101 -0.08450294
v 0.23957285 0.40162218 0.17402472
v -0.67066890 -0.16250414 -0.03480453
v -0.08314304 0.29188365 -0.08637766
v 0.43556905 -0.06163436 0.24166399
v 0.70801657 0.06981738 -0.09525770
v -0.36578652 -0.17098194 0.02466548
v 0.29316711 0.30615643 0.17444107
v -0.42595890 -0.01161523 0.14858782
v -0.51280564 0.11866850 -0.02610672
v 0.29967806 0.27707162 0.13411209
v -0.31370953 -0.30264026 0.18583006
v 0.66352206 0.09931457 -0.03247895
v 0.60429764 0.10807034 -0.17663407
v -0.50526577 -0.29765233 0.19748636
v 0.43260136 0.02312854 -0.15359908
v 0.17845814 0.05122451 -0.04151534
v -0.37777132 0.02497526 -0.17546061
v 0.19437402 0.41885322 0.20092972
v -0.50061482 -0.18832050 0.00319464
v 0.12733251 0.38237321 0.02698459
v 0.03884663 0.38752964 0.12492722
v -0.46276718 -0.09385400 -0.06961684
v 0.38369492 -0.01565382 -0.31987479
v -0.03506789 0.04918215 0.28573555
v -0.24151620 -0.27720651 0.01456110
v 0.36583203 -0.19116142 0.34048486
v -0.32755795 -0.32439655 -0.08736870
v -0.63286990 -0.11477269 0.04681292
v 0.11979122 -0.05198622 0.27067924
v 0.67811036 0.06355594 0.06523111
v 0.34677047 0.36563820 0.19383773
v 0.53816336 0.01053081 -0.02499657
v -0.53712279 -0.06927536 -0.03130467
v -0.61379266 0.04807616 0.10532685
v 0.18082035 -0.15711631 0.39081135
v 0.50234658 0.12077833 -0.20408928
v 0.59934837 0.08649149 -0.17744555
v -0.32195646 0.15864024 0.10290986
v 0.41530126 -0.04543742 -0.13780642
v 0.15840451 0.38849816 0.12889946
v 0.55429459 -0.00063784 0.00378738
v 0.35852110 -0.02453048 -0.25378484
v -0.09803592 0.10630438 -0.27384099
v -0.62511927 -0.13163427 0.05378930
v 0.42649418 0.03768331 -0.30116007
v 0.33012068 -0.05656453 0.34786326
v -0.48702535 -0.20606053 -0.02227434
v 0.39047199 0.21083026 -0.05839803
v 0.58515882 -0.03059251 -0.21887034
v 0.61374027 0.08443218 -0.18450063
v -0.41552290 -0.22253123 -0.11139306
v 0.14698796 0.42374808 0.22765639
v 0.27945492 -0.20581897 0.30600637
v 0.08493453 -0.19076589 0.27675810
v -0.50760466 -0.24194171 -0.04017624
v 0.59244835 0.08214597 -0.18307033
v -0.47383103 -0.27778411 0.20350054
v -0.37582654 -0.03111725 0.13542795
v -0.37009451 -0.42158571 0.19427542
v -0.31168947 -0.34643474 -0.01503688
v 0.34651420 0.22061548 0.17098933
v 0.39098001 -0.07668029 0.15265471
v -0.64104015 -0.15375674 -0.02379712
v 0.26094684 -0.09177306 -0.36784405
v -0.15690632 0.07200703 0.00034345
v -0.41524398 -0.37708992 0.25676465
v -0.20276104 -0.36938122 0.31216842
v -0.42939037 0.04057846 0.19621515
v -0.17980483 -0.38720757 0.28226653
v -0.75241756 0.03323724 0.09602325
v -0.73933977 -0.16088617 -0.11717527
v 0.26664311 0.20994639 -0.11589123
v 0.50262314 -0.05652888 -0.07491496
v -0.58067107 -0.01281554 0.19913131
v 0.51163185 -0.02896144 -0.15326974
v 0.33385193 0.26978889 0.09104143
v -0.12690507 -0.26239270 -0.15704399
v -0.34593344 -0.35130647 0.08679002
v -0.23384003 -0.30660915 -0.12636510
v -0.67699498 -0.14495142 -0.05862721
v -0.37603089 -0.30308419 -0.08519672
v -0.70076412 -0.13757242 0.01277198
v 0.59392595 -0.03670198 0.03486568
v 0.42587721 -0.08111561 0.24578616
v 0.11152876 -0.15968570 0.37292445
v 0.64014828 0.05686693 -0.17621559
v -0.66974396 -0.17647363 -0.07737544
v -0.31340703 -0.41656458 0.20323582
v -0.31797713 -0.41155785 0.20082088
v -0.21455559 -0.12492891 -0.02807344
v -0.47398582 -0.26804912 0.24020903
v -0.65878600 -0.14535539 0.08375424
v 0.14763519 0.42156386 0.23211105
v -0.41318285 -0.12680151 -0.17186949
v 0.11207025 0.20534721 0.06576680
v -0.38588199 0.21670052 0.23095952
v -0.15346313 -0.03696565 -0.00221301
v -0.60345650 0.03984506 0.09762261
v -0.23737542 -0.31614387 -0.06099042
v -0.26995474 0.23531532 0.08698316
v -0.13209851 0.08167355 -0.16654550
v 0.70802850 0.12366266 0.02721972
v -0.67839938 -0.15356563 -0.18470223
v 0.19027284 -0.12682571 0.30628890
v 0.50492442 -0.06929604 -0.26328084
v -0.03089536 -0.07734443 0.35467079
v -0.61755544 -0.06713037 0.03737219
v 0.64199024 -0.01622261 0.01510146
v -0.16015700 0.25737506 -0.14472343
v -0.55475777 -0.03903351 0.20842163
v 0.08987906 0.40009761 0.28132677
v 0.41289616 0.37900844 0.25062966
v 0.42647198 -0.02889453 -0.33844170
v 0.14298846 0.41691589 0.01531009
v 0.47292101 0.05239795 -0.05513125
v -0.51581806 -0.10826872 0.12497029
v 0.02015576 -0.21967691 0.30271366
v -0.23955679 -0.26137179 0.08932862
v 0.27669516 0.00011189 0.15963036
v -0.64941132 -0.18338305 -0.14173329
v 0.39868808 0.21683095 -0.26740605
v -0.38365978 -0.18521403 -0.18712829
v -0.44942614 0.04443780 0.29455775
v 0.70571852 0.02810299 -0.11398822
v -0.58068544 -0.03009869 0.09530692
v 0.60050839 0.01717281 -0.18784028
v -0.09978189 0.21860512 0.27017221
v -0.35300156 -0.19581650 -0.20428653
v -0.31381559 0.01277555 -0.19275580
v -0.07474139 -0.12118796 0.32401979
v -0.24917944 -0.29384500 0.02462963
v -0.51969922 0.06516458 0.20709217
v 0.19767004 0.18822676 -0.08539014
v -0.71963930 -0.16657594 -0.16139516
v -0.47551802 -0.39317554 0.16376905
v -0.40841776 -0.35074502 0.16636387
v -0.55625939 0.09946413 -0.02773681
v -0.26871681 0.09084237 -0.26580077
v -0.44262892 0.17410617 0.00023527
v -0.66682321 0.02823424 0.06726947
v 0.42818207 0.30486828 0.25611678
v -0.55588233 -0.21086459 0.16264902
v 0.01363461 0.35312742 0.08106864
v 0.15381813 0.40022138 0.17325307
v -0.17348926 0.13733537 0.39005199
v 0.27735502 0.46767145 0.23374923
v -0.70340842 -0.13028406 0.02468122
v 0.28426045 -0.01854325 -0.17058668
v 0.43698561 0.31286415 0.21750528
v -0.33289748 -0.09027362 -0.29476818
v 0.36893806 0.21541151 -0.12328271
v 0.42527646 0.03985222 -0.25002849
v 0.26440111 0.35307610 0.26620677
v -0.60848868 -0.00597782 0.06440577
v 0.29570007 -0.00703783 -0.08066493
v -0.49715710 -0.15105954 0.07051757
v 0.57565463 0.19688992 -0.01668838
v 0.39360389 0.03241504 -0.14860918
v -0.77021360 -0.12843150 -0.13865969
v 0.15036620 0.36764261 0.25985998
v 0.50324816 0.11356291 -0.20411205
v -0.38668931 -0.19804814 -0.17721094
v 0.48643279 -0.05200138 -0.15232137
v 0.37746188 0.40750641 0.21917909
v 0.51760131 -0.03378396 -0.19453728
v 0.45635730 -0.05804305 -0.17227279
v -0.32432336 -0.24025738 0.04967129
v 0.28453594 0.28520116 0.04640803
v 0.17263113 0.16300598 -0.14056249
v 0.10087071 -0.01140091 0.37704366
v 0.64233541 0.04091541 0.05366133
v 0.10114208 -0.17285553 0.33735287
v 0.35580018 0.03796968 0.02081728
v 0.61893433 -0.00113175 -0.01012909
v 0.56500101 0.35225445 0.18072411
v 0.40513289 0.13243213 -0.13089813
v 0.66836882 0.05386540 -0.11867079
v -0.49537063 -0.29909375 0.12440032
v 0.07040920 0.40152371 0.07521674
v 0.50713748 -0.02667376 -0.24794552
v -0.49300653 -0.33962044 0.22079603
v -0.31081676 -0.33776194 0.09591445
v -0.29822201 -0.39292869 0.22399592
v -0.53144658 -0.19445543 0.05609602
v -0.33663896 -0.40031916 0.27303764
v 0.57187670 0.05570693 -0.01681617
v 0.72895777 0.13585645 -0.09986547
v 0.60056490 0.04896076 -0.11437640
v 0.48718008 0.07750937 -0.21965799
v 0.06193907 -0.12215370 0.28795651
v -0.25636455 -0.15911235 -0.09561127
v 0.07229062 -0.10516810 0.39248359
v -0.32886311 -0.40374652 0.27723467
v 0.63839930 0.12721400 -0.06416434
v 0.49531075 -0.03814475 0.01024806
v 0.64849776 0.12527874 0.01587144
v -0.54434448 -0.18746156 0.02899150
v -0.00785122 -0.16712230 0.39066654
v -0.37611985 0.06040634 0.31172520
v 0.27193475 0.27059355 0.21164137
v -0.50082606 -0.02705349 0.15892839
v 0.49800926 0.01145332 0.10110758
v -0.41741011 -0.33360538 0.08520488
v -0.40606415 0.13077392 -0.12830883
v -0.61201328 -0.20628375 -0.02512908
v -0.13937853 0.03938359 0.26569846
v 0.57171673 0.08951712 -0.09638891
v -0.45735484 -0.31590930 0.04778878
v 0.26679438 -0.16695486 0.22677249
v 0.16287535 -0.19414604 0.12009972
v -0.25658491 -0.35124403 0.26420626
v -0.37072644 -0.13959730 0.03783879
v -0.75386482 -0.12076256 -0.19023533
v -0.36907983 -0.18161428 -0.16608351
v 0.30711532 0.04595081 -0.35871333
v -0.11061410 0.28483564 -0.06605763
v -0.41389394 -0.35759649 0.15718246
v 0.53980261 0.09860411 -0.23028985
v 0.21961458 0.01570211 0.33446386
v 0.34228539 -0.05320439 -0.31303611
v -0.51425940 -0.28939575 0.19203371
v 0.17386204 0.04348741 0.31268492
v 0.14752531 0.01564327 -0.42437422
v 0.46730560 0.15282081 -0.08516727
v -0.73997539 -0.12229073 -0.09331892
v 0.55820781 -0.03330745 -0.16089678
v -0.66937184 -0.19527063 -0.18259525
v 0.35940337 -0.02262180 -0.22303587
v 0.19596553 0.19194685 0.05178312
v -0.40236941 -0.00476786 0.21771090
v -0.04629670 0.15554634 0.33369750
v -0.29377180 -0.27282453 0.15500566
v 0.36293393 -0.08630501 0.33128065
v 0.41883564 -0.07580388 0.02400116
v -0.64902967 -0.06655093 0.09118021
v 0.57054383 -0.05339558 -0.23367275
v -0.05940518 -0.21916828 0.27443141
v 0.44215378 -0.03015340 -0.06334677
v 0.64372122 0.04349548 -0.02191948
v 0.53929502 -0.05381525 -0.15150887
v 0.27925903 0.26327991 -0.19343024
v 0.41778001 0.14644013 -0.25342333
v -0.17653444 0.08889157 -0.30213514
v 0.70629686 0.05441468 -0.11737137
v 0.54567039 0.08461145 -0.17538591
v 0.34607115 0.20475516 -0.29887277
v 0.47216243 0.13382198 -0.09916183
v -0.42246252 -0.02755458 -0.11952338
v -0.24505025 -0.31780469 -0.04454939
v 0.46061188 0.10805237 -0.28217113
v 0.70842034 0.00047101 -0.15102044
v -0.34690899 -0.03927622 -0.21935055
v 0.55995321 -0.00056977 -0.17024273
v 0.49201161 -0.04875754 -0.10245339
v 0.25938693 0.24542885 -0.16135940
v 0.41710341 -0.03093971 -0.14129062
v -0.17167428 -0.17567632 -0.22438419
v 0.03455397 -0.03500134 0.00172245
v 0.24563663 -0.18295091 0.19019249
v 0.51169229 -0.06230788 0.03478136
v 0.51452583 -0.01028171 -0.03429172
v 0.62024534 -0.01954170 -0.00082917
v -0.32658243 0.21183230 -0.01284836
v -0.49310130 -0.34727013 0.22311419
v 0.24614893 0.35730100 0.14896439
v 0.61416250 0.14851382 -0.05597710
v 0.08607451 0.27615473 -0.08686265
v -0.49297693 -0.16177592 0.15767905
v 0.05889361 -0.12465145 0.27762708
v -0.67138582 0.03479877 0.07245956
v -0.39302126 -0.21522364 0.19090353
v -0.71468377 -0.13437898 -0.01012718
v -0.40040570 -0.31282181 0.00517741
v 0.45206550 0.10081893 -0.06243207
v -0.34433144 -0.22284746 -0.17093803
v -0.65629411 -0.02753793 0.15486090
v -0.17484355 -0.43372279 0.23614360
v -0.25119862 -0.05658499 0.37662619
v -0.26216072 0.11648519 0.19514436
v -0.30056512 -0.37164205 0.27305457
v 0.47778627 0.16631025 -0.03315441
v 0.60514802 0.05131388 0.04226591
v -0.47238493 -0.26652861 0.20281175
v 0.46299434 0.01765802 -0.24945611
v -0.39824790 -0.36452740 0.18257469
v -0.64497304 -0.04188973 0.10209367
v -0.40109211 0.27095631 0.20439906
v -0.61501175 -0.23179173 0.02929719
v 0.50075752 -0.06951705 -0.24365112
v -0.11005300 -0.22593138 -0.11072530
v -0.29792154 0.04476972 0.15658370
v 0.34335169 0.00774942 -0.23625723
v 0.30370390 -0.13567604 0.14448643
v -0.09550775 0.28895587 0.17998293
v 0.22981684 0.26355216 -0.12754588
v -0.71425843 -0.16841657 -0.15655400
v 0.18554950 0.29964885 -0.03220098
v 0.26164055 0.00961669 0.05549736
v 0.28955895 0.26264289 -0.06338666
v -0.15843222 -0.15038700 0.32290572
v 0.41788206 -0.09511465 -0.07855097
v 0.17496672 0.19040801 0.31959248
v -0.28465140 0.02543489 0.08862247
v -0.25463358 -0.40319386 0.19621651
v 0.48406664 -0.04589560 0.02937049
v -0.37446165 -0.34625712 0.06107392
v -0.39022952 0.19321978 -0.00530491
v 0.10207204 -0.16576985 0.37942317
v -0.40661514 -0.16203742 -0.17605691
v 0.48422325 -0.03044324 0.00176387
v 0.26091325 -0.17014134 0.31218362
v -0.68686175 -0.17340907 0.03520593
v -0.15695059 0.12366515 0.29096892
v 0.01041483 0.37080276 0.12696286
v 0.51869380 -0.01916339 -0.00900093
v 0.41656482 0.09307517 -0.20299226
v -0.45314613 -0.16810906 0.11783452
v 0.65664655 0.06826319 -0.20234144
v 0.63529068 0.13663025 -0.08350338
v 0.64896333 0.07509440 -0.20552610
v -0.59487092 -0.10476672 0.03849295
v 0.45544317 -0.04771692 -0.20354554
v -0.30251181 -0.41800123 0.27682900
v -0.60723454 0.01978675 0.16849604
v -0.71537191 -0.17471233 -0.07281052
v -0.36052266 -0.18267855 0.04852688
v 0.40643963 0.04294608 -0.12973043
v -0.64827442 -0.18036044 -0.06987877
v -0.49091437 -0.26701391 0.02943570
v 0.68568343 0.01579505 -0.17807366
v -0.54102147 -0.35563082 0.08793040
v -0.46058095 -0.38330966 0.14636746
v -0.15439528 -0.29892612 -0.09546862
v 0.38255858 0.33655328 0.18087018
v -0.32133722 0.02259411 0.11420835
v 0.42274535 -0.01525367 0.15640627
v -0.54011482 -0.26417869 0.02923531
v -0.45765841 0.17160292 -0.01733579
v 0.23142532 0.34435984 0.26567972
v 0.17893231 -0.26185533 0.19585711
v 0.76920748 0.07518475 -0.10636202
v -0.45408684 -0.29166710 -0.04001693
v 0.38914752 0.21348819 0.12095011
v -0.19394997 -0.43081540 0.24931252
v 0.24851330 -0.07365647 -0.36594909
v -0.46834785 -0.13979946 -0.07200402
v 0.26451987 0.05750529 0.30266851
v 0.45768008 0.08104010 -0.26481706
v 0.44539642 -0.05093889 -0.20464197
v 0.18576826 0.35519746 0.23592190
v -0.37055773 0.15060788 0.06342557
v -0.14186402 0.11763202 0.31178063
v 0.64477134 0.07367169 -0.13958541
v 0.61035967 0.02648803 0.15297177
v -0.72332686 -0.16908324 -0.14978279
v 0.00085862 0.30692685 -0.10304138
v 0.11742212 -0.17135444 0.38574076
v 0.42106301 0.03567383 0.18736076
v 0.56913090 0.10998438 0.01088111
v -0.48328543 -0.12039706 -0.03975835
v 0.38242045 0.14247440 -0.09904743
v -0.72133404 -0.13163933 -0.13713315
v 0.69765198 0.06243534 0.00814435
v -0.64342088 -0.18196805 -0.21927479
v 0.16312905 0.26815960 0.24925396
v 0.45164382 0.04905744 -0.27624887
v 0.03179679 -0.21906759 0.35267505
v -0.67702401 -0.18005021 -0.11849287
v 0.41248631 -0.04361806 0.12404804
v -0.44866854 0.11938099 0.23148188
v -0.74318916 -0.16588530 -0.09388717
v -0.37082458 -0.34570780 0.06004481
v 0.63871759 0.01375059 -0.00440673
v 0.67333800 0.03747605 -0.00140656
v 0.27611372 -0.06959772 -0.39272639
v 0.20557852 -0.05540337 -0.43263844
v -0.16888648 0.03732961 0.25738698
v -0.51201713 -0.17684734 0.18017729
v -0.46891385 -0.28088868 -0.03596931
v 0.07332475 0.31707618 0.13368128
v -0.27951562 0.24312328 -0.03137678
v 0.39047909 0.08815571 -0.14792134
v 0.43332592 -0.05834850 -0.22046374
v -0.24626684 -0.00265783 -0.30565998
v -0.49118766 -0.27556199 0.03717821
v 0.17350557 0.24189448 0.30330604
v -0.27274340 -0.19961217 -0.22775714
v 0.36050579 -0.23040625 0.29985368
v 0.37953272 0.20926160 0.07794022
v 0.14446299 -0.12767750 0.35879275
v -0.54032594 -0.18136823 0.06279054
v 0.14348432 -0.15713803 0.25493902
v -0.21890533 0.13033913 -0.29273462
v 0.23717968 0.25687742 -0.14137635
v -0.71284962 -0.15584138 -0.03216504
v 0.47399285 0.12801664 -0.26003221
v -0.00949464 0.32629386 0.07921319
v -0.46355474 -0.25691280 -0.02999550
v -0.52952290 -0.15835258 0.15397820
v -0.27006146 -0.30977648 -0.11175185
v 0.41221416 -0.02131466 -0.18900049
v -0.61273503 -0.00077844 0.05520800
v 0.19936664 0.19152281 -0.13618864
v -0.63580441 0.04390378 0.06486341
v 0.09124833 -0.22071035 0.32550290
v 0.45075724 0.02737185 -0.06877032
v -0.77007580 -0.10930959 -0.16763668
v -0.38802335 -0.04352243 0.07421353
v 0.30368021 0.12865064 -0.31708154
v -0.46029097 -0.19846833 0.18867554
v 0.37152529 0.04519610 -0.16016348
v 0.02448539 -0.14929616 0.36909401
v 0.66279972 0.04497305 0.09817185
v 0.57403392 0.12162280 -0.07629014
v 0.25446236 -0.03236596 -0.34436038
v 0.46471924 0.12017057 -0.28143561
v 0.39314863 0.14614660 -0.28593415
v 0.10456856 0.34567201 0.07450626
v 0.22763310 -0.21751681 0.32267731
v 0.46305731 0.15886444 0.01438355
v 0.34801936 -0.07187186 -0.04676230
v -0.43994188 0.14025022 0.20925561
v -0.31975389 -0.20388953 0.20130166
v 0.66035384 0.00956840 -0.19392544
v -0.51321930 0.08144414 0.21419021
v 0.48944467 -0.05002929 -0.03669050
v 0.18810637 0.28553337 0.23472349
v -0.31502563 -0.05703819 -0.22735436
v -0.37529492 -0.39035934 0.25696599
v 0.45540580 0.16014555 -0.01461011
v -0.64829344 -0.11708055 0.08282251
v -0.57101250 -0.00436684 0.08531164
v -0.54470158 -0.22786063 -0.00452746
v -0.26336426 0.24743375 0.02465308
v 0.32310015 0.27951169 -0.27902117
v -0.61907959 -0.02791953 0.03563880
v -0.64944816 0.04445893 0.08539076
v -0.33452141 -0.41849357 0.27185202
v -0.75751352 -0.15388562 -0.10913192
v 0.23911129 0.34382138 0.29223722
v 0.28564182 0.01423956 -0.26466325
v -0.74384952 -0.12158291 -0.09716688
v -0.14079809 0.28994983 0.08517992
v 0.29155049 0.21931934 -0.23753944
v 0.22752246 0.15727621 0.29606587
v 0.34920728 -0.02219536 -0.23190422
v -0.27762365 0.10804102 0.18662742
v -0.01347138 0.23245643 -0.04809646
v -0.37412518 -0.20816579 0.13558567
v -0.65413862 0.06028913 0.08293646
v 0.01588982 0.21516082 -0.03759261
v 0.09624986 0.02421078 0.26925918
v 0.27338403 0.12675734 -0.33827716
v -0.62254369 -0.15894912 -0.00046784
v 0.28386891 0.14552134 -0.14487538
v -0.38192928 -0.39494988 0.19309394
v -0.61242521 -0.01151704 0.08019110
v 0.58370167 0.05930454 -0.02602681
v 0.64675218 0.00519643 -0.13205853
v -0.70652020 -0.14674932 -0.14861159
v 0.20203063 0.16221663 0.31477189
v 0.33905515 -0.13577135 0.34834811
v -0.53210819 -0.29151529 0.09239663
v -0.59285563 -0.20963882 -0.03407766
v 0.62195176 0.00251563 -0.10633448
v 0.46149090 0.03781546 -0.26061985
v 0.32902864 -0.19642094 0.34455928
v -0.58341426 -0.14424047 0.03531025
v 0.47908369 0.16333905 -0.02361757
v -0.43656859 0.01821697 0.18815330
v -0.51345241 -0.03181132 -0.00795491
v 0.37638369 -0.03718810 0.01105835
v -0.64649749 -0.13391770 0.01309217
v 0.51294476 0.01294211 -0.18325093
v 0.37885550 0.13038005 -0.19073147
v -0.34551504 -0.09523713 0.01617604
v -0.43425867 -0.36167619 0.21229300
v -0.30566987 -0.03523251 -0.29602501
v 0.26759207 0.05267087 -0.39902243
v -0.43633541 -0.32948774 0.24012408
v 0.58270794 0.03548096 -0.08730162
v 0.53493851 -0.04434108 -0.14157644
v -0.28167388 0.10692333 0.18826638
v 0.24983001 0.32143226 -0.19748980
v -0.16866380 -0.21689391 -0.20940557
v 0.62306619 0.06122369 -0.08281869
v 0.58105469 0.02274864 -0.13866964
v -0.58918214 -0.22842185 0.03127046
v 0.12235723 -0.25065789 0.12883681
v 0.46684608 -0.09210649 -0.07349391
v -0.30786127 0.04140839 0.32041129
v 0.59193867 0.03559256 -0.03921843
v -0.67370236 -0.18752575 0.02215816
v 0.62406230 0.02844690 -0.05632415
v 0.38040018 0.16710737 -0.11117069
v 0.25120032 -0.17501162 0.22434962
v 0.57700676 0.11792880 -0.01811650
v -0.72391683 -0.13153876 -0.01502633
v 0.15634245 -0.19355997 0.36003727
v 0.69487965 0.04541601 0.01665060
v 0.24352664 -0.12621984 0.40086591
v -0.33137256 -0.28283912 -0.16576631
v -0.47783458 0.07446779 0.26123995
v 0.37181953 -0.04124717 -0.21659988
v 0.15062620 0.20764846 -0.15208389
v 0.27552983 0.25407469 -0.34913856
v -0.28165609 0.22803719 -0.10580733
v 0.30044213 0.09252441 -0.34174037
v 0.30433226 -0.05723334 0.31347501
v 0.40465987 0.17622538 -0.12514998
v -0.27652830 -0.28753614 0.10100441
v -0.44006625 0.10560160 0.14960149
v 0.21810335 0.29595923 -0.30966711
v -0.16479144 0.24595237 -0.16683665
v 0.37358463 0.25355107 -0.16349469
v 0.30361670 0.44218817 0.23774230
v -0.51019406 -0.05448963 -0.02792985
v -0.47795516 0.00025599 -0.06759108
v 0.50627470 -0.01395638 -0.17978993
v -0.65583229 -0.15348735 0.08331548
v -0.25480282 -0.37707463 0.29508334
v 0.23774138 -0.01846671 0.31403780
v -0.81095624 -0.08724841 -0.12112510
v 0.34722668 0.46760601 0.20587933
v 0.38676992 -0.22595386 0.27534276
v -0.37975657 0.19139956 0.03097977
v 0.33432370 0.20883074 0.01233760
v -0.02836135 0.23594496 0.29842833
v -0.37050626 -0.13383475 0.17177731
v 0.70286304 -0.01258837 -0.12043361
v -0.44104606 -0.19562459 -0.05019551
v 0.29413581 -0.06198091 -0.32284504
v 0.41471735 -0.06470197 0.10405362
v -0.14275090 0.05503482 0.24344864
v 0.72056770 0.08194175 -0.00079293
v 0.42651254 -0.06838110 0.04221249
v -0.25998437 0.25855300 0.00719388
v -0.30454463 -0.35184422 0.07372817
v 0.12379858 0.40346563 0.09945099
v -0.06648990 0.32658213 0.05949047
v -0.33935490 -0.10111316 -0.02479033
v 0.03224102 0.31313771 0.18978047
v 0.21684721 0.37566251 0.13398790
v 0.65015703 0.08102405 -0.11270081
v 0.59913993 0.02503755 -0.01654438
v 0.37853059 0.17000008 -0.25024486
v 0.38168547 0.15423180 -0.27175713
v 0.41513520 -0.08322551 -0.04576673
v -0.85060817 -0.09896682 -0.12008972
v 0.41259581 0.35492176 0.22641402
v -0.42315349 0.13180046 0.23776862
v 0.34756109 -0.08577111 0.05305417
v -0.61712658 -0.22577420 0.02162147
v 0.60592979 0.00412750 -0.24208102
v 0.39916059 0.18053780 0.08182415
v 0.19933981 -0.17591114 0.37826732
v 0.65853906 0.00215761 -0.19495672
v -0.35996011 -0.22022954 0.20627514
v -0.35497224 0.05566805 0.07934666
v 0.62824941 0.11871961 0.01217650
v 0.69572067 0.12550959 0.05232711
v 0.03896052 0.46786681 0.08713470
v 0.11370079 0.07061180 0.15162100
v -0.51073331 -0.12287486 0.09900753
v -0.20451789 -0.46193340 0.28033429
v 0.02126834 0.33489212 0.12032434
v 0.31566298 -0.05818111 -0.25999868
v 0.41121364 0.10738856 -0.23033625
v -0.17489949 -0.04220539 -0.21230549
v 0.60877818 0.05140715 -0.00830934
v -0.66006052 -0.18752608 0.05285183
v 0.11392817 0.20842475 0.32815135
v -0.23800874 -0.02586493 0.14502193
v -0.19846870 0.02194306 -0.29260081
v 0.25936589 0.43563491 0.23559779
v -0.42467466 -0.39026725 0.24248864
v -0.37827957 -0.07530454 0.03399640
v -0.25454250 -0.33120710 0.33155382
v 0.52614391 0.08199073 -0.13618076
v 0.17677277 0.43694556 0.21226455
v 0.61455041 0.20346776 0.03497343
v -0.61473471 -0.14883640 0.02545839
v -0.42510921 -0.24925290 -0.06993755
v 0.41228408 0.12121108 -0.24683401
v 0.25136355 0.26017243 -0.35756212
v 0.68746644 0.05927733 0.02685159
v -0.50202531 -0.22261348 0.03894206
v 0.56690073 0.01804393 -0.13321093
v 0.18452376 0.29784998 -0.01008443
v -0.24374202 0.14450234 -0.24106270
v -0.49064660 -0.35310209 0.23327599
v -0.39322746 -0.34270895 0.09049954
v -0.33743075 -0.29326212 -0.14685689
v -0.43460977 -0.10275082 0.10170108
v -0.65770364 -0.03422072 0.04560296
v -0.43484169 0.17354672 0.00352647
v -0.41545603 -0.43758941 0.22547923
v 0.25108182 0.27795675 0.20521748
v 0.36555812 -0.06859777 0.12795134
v 0.16174257 -0.13567773 0.40428117
v -0.38811296 0.04852531 -0.17458208
v -0.22203749 -0.40920225 0.25316963
v -0.58254051 -0.05071282 0.11840855
v 0.28311512 0.33849502 0.03498104
v 0.22857660 0.41190717 0.26563847
v 0.32922179 0.23656705 -0.05122456
v -0.31220213 -0.34162700 0.07304595
v 0.67655760 0.07894431 0.07616401
v -0.46090472 -0.19596656 -0.02427468
v 0.57673424 0.00197421 -0.08484399
v 0.40208369 0.03182016 -0.22656293
v 0.63598418 0.01126560 -0.03323966
v -0.67057753 -0.15412797 -0.10511234
v -0.63975179 0.01540832 0.13138336
v -0.70124972 -0.16795602 -0.14785163
v -0.78321546 -0.11832964 -0.09791709
v 0.38939175 0.01403088 -0.21760032
v -0.28087649 -0.41052842 0.26906097
v -0.66411698 -0.16871849 -0.06719622
v 0.49124011 -0.03577456 0.00104579
v -0.55844247 0.00600585 0.19738948
v -0.38827643 -0.31214169 0.14968519
v 0.33653331 0.10947319 -0.01910451
v -0.47882420 -0.23504929 -0.02522744
v -0.30142665 -0.00336747 -0.21164790
v -0.69110543 -0.13243923 -0.08359817
v 0.13555710 -0.08764504 0.39918643
v 0.67265117 -0.02072667 -0.10967092
v -0.32019556 -0.32642081 0.13900363
v 0.04059315 0.14338404 -0.00298379
v 0.09000760 0.20458527 0.33111137
v -0.27769494 -0.42431539 0.20387077
v -0.27798432 0.24866793 -0.00571389
v -0.37743446 0.11292849 0.22906302
v 0.24477047 -0.07716706 0.26677179
v -0.49618968 -0.29691365 0.20826375
v -0.14139280 -0.06782253 0.29584593
v -0.43166697 -0.33323115 0.10278035
v 0.30682129 0.25361949 -0.27665615
v -0.36724854 -0.15740559 0.15732877
v 0.34835011 -0.04315400 -0.11662793
v 0.43725291 -0.09491554 -0.01661207
v -0.32643247 -0.09919561 0.04063886
v -0.70102203 -0.13621876 -0.06493317
v -0.23835078 -0.44261017 0.27271459
v -0.50612241 -0.38690564 0.09206531
v 0.43313783 0.10420480 -0.26966000
v 0.52887613 0.21556035 0.21154357
v -0.31685609 -0.08605001 -0.25548881
v 0.51461476 -0.02130527 -0.16277480
v -0.66526681 -0.19227432 0.01204231
v 0.04592824 0.32037175 0.21295533
v 0.61502796 0.00350110 -0.17450213
v 0.41439426 -0.01874150 0.28983605
v -0.35659093 -0.14662173 0.04910476
v 0.09742430 -0.20938343 0.37089273
v -0.08048667 0.00278531 0.32184726
v -0.58204985 -0.13541576 0.07722186
v 0.59413087 -0.00685608 -0.17509031
v 0.35355547 0.21412459 0.05583054
v 0.45370197 0.04133414 -0.10511378
v -0.31247851 -0.33132648 0.08278764
v 0.00323328 0.30382985 0.17454089
v 0.19841090 0.17371453 0.31335339
v -0.24763641 -0.14255737 -0.28530306
v -0.43191230 -0.03440322 0.24189901
v 0.08146120 0.35981470 0.19178636
v 0.61720842 0.14004846 -0.00772580
v -0.39437351 0.05599733 0.30087137
v 0.62288243 0.08465259 -0.05379146
v -0.55021381 0.08248906 0.12082390
v -0.24015415 -0.01093975 -0.33175156
v 0.28810364 -0.04578415 -0.26357514
v -0.65827161 -0.19565099 0.00108042
v -0.19975227 0.20805553 -0.20617092
v 0.65834695 -0.00871622 -0.19265735
v -0.57162976 -0.25978643 0.11148000
v 0.53955239 -0.02734607 -0.20868415
v -0.44905379 -0.34916809 0.11138812
v -0.28942025 -0.29525119 0.12678045
v 0.43670857 -0.03476658 0.13498622
v -0.19544709 0.25434697 -0.12233133
v -0.33263224 0.02376277 -0.20199499
v 0.18464093 0.29871297 0.21951488
v -0.13905938 0.11431879 -0.22744411
v -0.71378309 -0.15483156 -0.16074213
v 0.04723917 0.32442173 0.20930073
v 0.41439193 -0.05075965 -0.17295283
v 0.38920173 0.17228006 -0.18557933
v -0.09667031 0.29051024 -0.03253912
v 0.31565186 0.19569270 -0.24784395
v -0.54399019 -0.17981738 0.05063479
v 0.49528059 0.13523377 -0.10414827
v 0.52864510 0.07168026 0.05769477
v 0.10088374 0.39093593 0.06490545
v -0.40966922 -0.24372804 -0.07771280
v -0.54497194 -0.06369013 0.24415195
v -0.27626204 -0.16972649 0.01236277
v -0.33025894 -0.20663634 -0.26725936
v -0.33166867 -0.10954955 -0.22921053
v 0.62076300 0.06952379 -0.10696935
v -0.62843233 -0.14082059 0.01532329
v -0.43316722 -0.16402790 -0.10828480
v -0.20072895 -0.27820826 -0.17832650
v -0.42471462 0.14854336 0.21254773
v 0.61525035 0.01916203 -0.13938728
v 0.57957971 0.06225241 -0.14123243
v -0.37339151 -0.37414098 0.26769567
v -0.40768120 -0.23885876 0.20792274
v 0.10158978 0.28855461 0.26507574
v 0.60218686 0.00554007 -0.21438600
v 0.01033225 0.38706499 0.13806823
v -0.67569435 -0.17717269 -0.05101058
v 0.66418678 0.05739328 0.06072830
v 0.19524476 0.16454241 -0.22819769
v 0.10895455 -0.00712210 0.27203214
v 0.25931364 -0.20725606 0.29616833
v 0.24046035 -0.18647927 0.30129042
v -0.57556862 -0.04527366 0.07765106
v 0.01607312 -0.14601959 0.35477901
v 0.76181471 0.10262588 -0.12541381
v -0.56256557 -0.05127602 0.08811979
v 0.35324889 0.17918369 -0.26043105
v -0.27050519 -0.41323066 0.27736807
v 0.38416636 0.20301104 0.03471791
v 0.34235033 -0.14218599 0.26022649
v 0.29460555 0.06442106 0.30391568
v -0.43569618 -0.15693668 0.14028791
v 0.60405743 0.02143723 0.01260000
v 0.26367176 0.24373126 0.00362029
v -0.46927488 -0.34170222 0.07120779
v -0.26915157 -0.31644949 0.05700594
v -0.36678901 0.13689157 0.06648462
v 0.52557451 0.10563103 -0.20592222
v -0.38564032 0.15181002 -0.11962099
v -0.66393971 -0.19311821 -0.17733610
v 0.73597205 0.00674046 -0.07280257
v -0.67485940 -0.15239871 0.05127800
v 0.40445152 0.22863939 -0.21083049
v 0.38278356 0.16504978 -0.06407437
v -0.67847335 -0.11529117 0.05162222
v -0.34655520 -0.27002287 0.19339010
v 0.31698301 0.07489923 -0.21019578
v 0.14991951 0.38241124 0.06109574
v -0.57823151 -0.05964613 0.20190409
v -0.40933535 -0.09061196 0.07611178
v 0.30386138 0.23408295 -0.29455721
v -0.82796431 -0.10467285 -0.11722305
v 0.02071674 -0.16752812 0.38748327
v -0.52116340 -0.07936888 0.12512368
v 0.44502231 -0.04106290 -0.25510228
v 0.67476332 0.14995003 -0.02702011
v -0.10716119 0.05685971 -0.05936048
v 0.56088090 0.07479896 -0.18488970
v 0.33216453 0.04868332 -0.30563277
v -0.37284595 -0.31293815 0.21167913
v -0.64716482 -0.18788803 -0.13279086
v 0.75496763 0.09388506 -0.12371704
v 0.19849661 0.28302950 0.04369242
v -0.41201991 -0.36961460 0.19695321
v 0.51388586 0.13745721 -0.21801847
v 0.10632196 0.37964267 -0.00564054
v -0.66003525 -0.15671846 0.07047768
v -0.44706589 -0.40570506 0.16729590
v 0.40435746 -0.09840254 0.26908350
v -0.64018613 -0.14958496 -0.02649681
v -0.75975496 -0.15436426 -0.17661391
v -0.61068517 -0.13246617 0.09667575
v -0.27620208 -0.43603331 0.21561724
v 0.25673014 0.10903443 -0.34877074
v 0.52061367 -0.00294762 -0.22940449
v -0.43327260 -0.18331635 0.05101803
v 0.73001379 0.09083407 -0.02253235
v -0.15353610 -0.05228078 0.27562371
v -0.67629170 -0.12323138 -0.00223719
v 0.43652838 -0.03309774 0.13194306
v -0.45685714 0.06888985 0.16869336
v -0.45680082 -0.18471760 0.19106559
v 0.51662582 0.03281567 -0.23708937
v 0.06427710 0.27237269 -0.13008159
v -0.61029840 0.05598671 0.11149426
v -0.71549892 -0.10559393 0.02224260
v 0.38005438 0.03231112 -0.32774997
v 0.29632580 -0.05136285 0.25240901
v 0.64081931 -0.01490479 -0.11305442
v -0.74889416 -0.12250094 -0.08475164
v 0.66596717 -0.02077979 -0.17982702
v 0.40531582 0.15987548 -0.23540601
v 0.32462424 0.06580640 -0.28778797
v -0.36074534 -0.35301501 0.05733330
v -0.66876286 -0.09861425 0.00572955
v 0.56586611 0.07272492 -0.20300004
v -0.34605578 0.08728079 0.09379027
v -0.09484960 0.07996158 0.33076918
v 0.13741176 0.35118136 0.06155538
v 0.33175188 -0.04522237 -0.22609705
v 0.60276908 0.22700994 0.00185186
v 0.17592752 0.25473019 0.27830428
v 0.29959294 0.12646696 0.00998448
v 0.58478332 0.14943892 0.00619175
v 0.52458572 -0.02232384 0.00386318
v -0.04337151 0.16019875 0.34081617
v -0.02779926 0.33614585 0.06583132
v -0.43983644 -0.20796739 -0.06761643
v -0.20474806 -0.22058275 -0.02741387
v -0.46302855 -0.12674740 0.19140023
v 0.18044873 0.20670883 0.32260999
v -0.70502442 0.02338966 0.10153334
v 0.21790940 -0.19400425 0.07139479
v -0.64238024 -0.19027549 0.06788968
v 0.46447384 -0.07246485 -0.10806769
v 0.21673691 0.35321423 0.04095054
v 0.30504227 0.16489573 -0.14833386
v 0.45239219 0.00967556 -0.13879120
v 0.51165164 0.01473371 -0.25478190
v 0.23104188 0.36627439 0.19472107
v 0.25221837 0.00772800 -0.02410311
v -0.20169911 -0.43416613 0.25285879
v 0.58134544 0.12031491 -0.08681232
v 0.70059150 0.12532768 0.01753315
v 0.46035653 -0.01310321 0.03517553
v -0.37854719 0.11481826 0.05599957
v 0.09107940 -0.19011508 0.08102043
v 0.25671890 -0.09277215 -0.28803670
v 0.15597107 0.20495379 -0.18817516
v -0.68224818 -0.14583491 0.04411288
v -0.73736066 -0.16780046 -0.08460128
v 0.42959979 -0.04136077 0.13469526
v -0.23373160 -0.43305039 0.23613501
v -0.68913513 -0.17209490 -0.01542686
v 0.36916605 0.34488165 0.19527957
v 0.44175369 -0.04535352 0.08196095
v -0.25678840 -0.44782582 0.25400192
v 0.25821999 0.40622395 0.27114698
v -0.52835834 -0.15893316 0.02428567
v 0.38444012 -0.21107748 0.24064507
v -0.21085584 0.18158585 0.23899335
v -0.48308349 -0.02386074 0.18608665
v -0.30049548 -0.35370228 0.26488367
v 0.12406094 0.21094218 0.33019233
v -0.62823385 -0.07299177 0.06128279
v -0.36127344 -0.36218157 0.28836805
v -0.42041868 -0.22324076 0.20091361
v -0.59689569 -0.05599796 0.04089128
v -0.43090135 -0.42258346 0.25254917
v 0.37419391 0.36894166 0.26026097
v -0.49233395 0.02151668 -0.01745893
v 0.31808156 0.21931680 0.00379732
v 0.27483088 -0.16876352 0.34939298
v 0.41123518 0.08412410 -0.12170471
v 0.46551409 -0.08147413 -0.06706904
v 0.59700406 -0.00669145 0.13398454
v 0.52104789 -0.05429980 0.21938254
v 0.57408363 -0.02485549 -0.00535134
v 0.35307682 -0.13555893 0.34348390
v -0.49217716 -0.27343178 0.19007751
v -0.01363404 0.31352192 -0.07678868
v 0.59162110 0.09704298 0.05575259
v -0.49349597 -0.33190197 0.22193967
v -0.55926782 -0.01697841 0.21772075
v 0.15121764 0.20168127 0.01439488
v 0.55957240 0.13711284 0.02393427
v 0.10519063 0.20196331 0.35485798
v -0.29580083 -0.28139246 0.17366570
v 0.23995484 -0.03387053 -0.08803742
v -0.11734247 0.01745256 0.32084048
v 0.23688887 0.29054981 -0.01883378
v 0.48514920 -0.02753834 0.04681862
v -0.06261596 -0.20122260 0.29392594
v -0.52160680 -0.34988153 0.07764955
v 0.27816993 0.21797603 -0.19882020
v -0.37218711 0.01243016 0.03571929
v -0.20856515 -0.06967912 -0.27834159
v -0.14729618 -0.42688647 0.27777556
v -0.32390603 -0.36619282 0.27955639
v -0.72168881 -0.12442814 -0.08426664
v 0.06383175 0.01411711 0.33966929
v 0.44075730 0.12119867 -0.26575315
v 0.06662702 -0.25184798 0.18010139
v -0.10656922 0.24114957 0.24111646
v -0.26374257 -0.42263263 0.28663442
v 0.27917412 0.00635114 -0.37084076
v -0.25725567 0.24355412 -0.07980979
v 0.24232504 -0.05088764 0.38674402
v 0.14051853 -0.15359455 0.26728287
v 0.30778414 0.24385938 -0.01919034
v 0.29528952 -0.07443594 0.39252165
v -0.11783995 0.27777240 -0.10089340
v -0.36470914 -0.17690662 -0.19208549
v -0.64793831 -0.17262827 0.07053009
v -0.31258333 -0.03718770 -0.19938955
v 0.41646063 -0.11244503 0.02157810
v 0.62064630 0.06421933 -0.22905192
v -0.22546729 0.12832692 -0.11469048
v 0.25440827 0.29146892 0.05633874
v 0.47420800 0.17667389 -0.09239497
v 0.21232861 0.35667461 0.26844284
v -0.67352468 -0.15225065 -0.02772777
v -0.67732936 -0.02490255 0.13472791
v 0.68244803 0.08591355 -0.12764096
v -0.74019992 -0.16522454 -0.14154878
v 0.24275099 0.26415175 -0.31975141
v -0.60784954 -0.02282882 0.03452531
v -0.44808826 -0.22630128 -0.02339659
v 0.64716077 0.06415039 -0.11947217
v 0.32305494 -0.15022506 0.27401853
v -0.56239021 -0.03873072 0.19037727
v -0.27829573 -0.19803177 -0.18293421
v -0.58707625 -0.18856673 0.00316990
v 0.08230338 0.43142343 0.00360977
v 0.16751507 0.31263664 0.16122824
v 0.62231004 0.18922272 -0.02655897
v 0.02477401 -0.08190621 0.30060202
v 0.24273618 -0.15366943 0.33759695
v -0.01250205 0.34858045 0.00103472
v 0.21952333 0.41321808 0.14950839
v -0.75594103 -0.11069649 -0.15759979
v -0.15770598 0.14184082 0.29587424
v -0.21936372 -0.40682501 0.29463297
v 0.67840135 0.03390810 0.07074666
v 0.33107424 0.10616687 -0.17211159
v -0.33312982 -0.19840679 0.01621263
v 0.57112718 0.04726613 -0.03443301
v -0.28939080 -0.37399611 0.25021929
v -0.31282684 -0.11095197 -0.26335573
v -0.62038821 -0.18363021 -0.03421009
v 0.27065924 0.25687402 -0.32717204
v 0.16107751 0.02534809 0.05919998
v -0.48783916 0.01101824 0.02031283
v 0.10670744 -0.09462205 0.40340394
v -0.66833395 -0.15492564 -0.05743270
v -0.20560871 0.25197875 0.14584780
v 0.39047727 0.37217337 0.22594778
v 0.36528501 0.21991108 -0.19060352
v 0.54251647 0.16920698 -0.01297705
v 0.36051884 0.41063195 0.24018601
v 0.32200158 -0.03495335 0.35050738
v -0.27000982 -0.30335742 0.12400731
v 0.42358753 -0.07220027 0.28649887
v 0.36999896 0.18591015 -0.30530968
v 0.36477652 -0.07445053 0.16238348
v -0.23972100 -0.37761149 0.30470887
v -0.33402804 -0.22044545 -0.27542099
v 0.41037834 -0.06109834 0.11290263
v 0.29025534 0.23250161 -0.07953398
v 0.31943679 -0.16638482 0.32975805
v 0.31731939 -0.20875582 0.23892906
v 0.48961550 0.20180075 0.11584561
v -0.36037961 -0.05510625 -0.23358849
v -0.35836706 0.17131792 0.26239493
v 0.04635288 0.44610593 0.04026164
v 0.16609341 -0.10923710 0.38650098
v 0.28458986 0.01493265 -0.07227491
v 0.29438725 0.29705724 -0.12099305
v -0.46414369 0.00897327 -0.07256857
v 0.26585856 0.20370209 -0.02010589
v 0.04541765 -0.11415559 0.37119085
v -0.26914924 -0.20188287 -0.06254001
v -0.03469646 -0.15691766 0.34800842
v 0.44188577 0.02476558 -0.01807253
v 0.32268617 0.31162992 0.12564564
v -0.30767328 -0.25336495 0.07852647
v 0.36765814 0.32673478 0.24053961
v 0.65674710 0.12509535 -0.09915890
v 0.25432578 0.18981433 -0.05777453
v -0.27712071 -0.43230718 0.27217332
v -0.23993188 0.24182156 -0.08271110
v 0.45215735 0.14093232 0.03485311
v -0.48054737 0.08840850 -0.04457204
v 0.18531838 0.40783325 0.15992238
v 0.62791407 0.06462863 0.04782854
v 0.65689683 -0.00053345 -0.16104889
v -0.01158416 -0.11966112 0.23979686
v 0.45912409 0.21730584 -0.03106643
v -0.27128902 0.07775988 0.22007760
v -0.35117793 -0.43187466 0.25089234
v -0.44333905 0.00581038 0.26710582
v -0.37054309 0.14351901 -0.13761319
v -0.26478159 -0.33239183 -0.00175177
v 0.09382719 0.41633400 0.27541625
v -0.75346541 -0.15890715 -0.09596863
v 0.60758221 -0.03178579 -0.24703650
v 0.57682335 0.05974881 -0.16877337
v 0.35445249 0.20217620 -0.11777063
v -0.39240709 -0.32610196 -0.02983508
v 0.09005551 0.33233416 0.04635318
v 0.76138300 0.12143219 0.04644911
v 0.03655672 0.15799387 -0.26794642
v 0.11827346 0.35636491 0.19854486
v -0.20758024 -0.37855762 0.28863156
v -0.63509256 0.00754047 0.03789904
v 0.06794747 0.40005711 0.06329880
v -0.19649839 -0.02330520 0.10651527
v -0.42744797 -0.23312609 -0.09054060
v -0.39792573 -0.16285190 -0.15825884
v 0.39147741 -0.02121787 0.18569092
v 0.14314610 0.42221507 0.19279987
v 0.53686136 0.18441117 0.04393672
v 0.59565699 0.17676730 0.04397437
v 0.20682985 0.36566347 0.30893666
v -0.56695253 -0.02947927 0.15688148
v -0.36058545 -0.36355823 0.26894835
v -0.04534585 0.21661431 -0.22304033
v -0.43867218 -0.40588075 0.22843203
v -0.23363104 -0.29019126 -0.14295413
v 0.32826269 0.05684430 -0.26484638
v 0.13095887 0.31752032 0.18646225
v 0.60883451 0.09264853 -0.07481015
v 0.28641328 0.43896055 0.24525212
v 0.18821065 -0.05906654 -0.42188910
v 0.55231673 -0.00681943 -0.02958528
v -0.47734866 -0.27504957 -0.03631235
v -0.06115993 0.33717260 0.02008997
v -0.59889698 -0.01123499 0.12616345
v 0.36995411 0.02872614 -0.08068529
v 0.22736236 0.26701850 -0.11570706
v 0.02613405 0.20325798 0.32619596
v -0.11582195 -0.24495788 -0.14009291
v -0.22971913 -0.06481005 -0.26228422
v -0.75492656 -0.14622447 -0.20224236
v -0.54983938 -0.27233920 0.05397745
v -0.05868539 -0.12202738 -0.31005934
v -0.41149169 -0.43627343 0.23063928
v -0.64175248 0.02757735 0.13753097
v -0.26752609 0.08089690 0.22298875
v 0.42865276 -0.08667118 0.24552837
v -0.30115581 0.22848862 -0.04515146
v -0.62564468 0.00059059 0.06093500
v -0.62874615 -0.07817121 0.07879315
v 0.56853908 0.08299085 -0.14999682
v 0.29957128 -0.18390244 0.34286591
v 0.12823772 0.37964225 0.00318735
v 0.42821974 -0.08080125 -0.06090062
v 0.55861306 0.13980493 -0.08078178
v 0.21838348 0.29598221 -0.01344713
v 0.02910160 0.05905610 0.35533732
v -0.61759335 0.06265427 0.12683618
v -0.25925899 -0.30437353 0.00748621
v 0.42831135 0.06636158 -0.22334665
v 0.36005735 -0.08350851 0.08155791
v -0.66825962 -0.12078495 -0.01759853
v 0.47988471 0.14982474 -0.08102408
v -0.25191408 -0.39451146 0.28274935
v -0.24416664 0.13004118 0.19350396
v 0.53019959 -0.06142443 0.05511800
v -0.68166864 -0.16159467 0.04428247
v -0.51811898 -0.32204080 0.13618861
v -0.04631722 -0.22369878 0.25442576
v -0.34636196 -0.34164721 0.18503639
v 0.31380817 0.34719250 0.26439369
v 0.67270404 0.11607650 -0.00148361
v 0.39815968 0.45614868 0.21101126
v -0.45836183 -0.19865853 0.17172365
v -0.66389418 -0.19500577 -0.01947618
v -0.39157706 -0.14940596 -0.20211568
v 0.52802634 0.10686281 0.06358266
v -0.48014337 -0.25692397 -0.08592214
v 0.42352128 -0.07365545 -0.02123471
v -0.46518835 -0.32108366 0.21973081
v -0.37444544 0.16101563 0.27989864
v -0.22870624 -0.15099081 -0.22956812
v 0.33451539 0.06474194 0.00394769
v 0.00210105 0.35151815 0.03212534
v 0.25715706 0.45081294 0.21741502
v 0.12304470 0.03462464 0.35929912
v 0.67466575 0.11482102 -0.18925565
v -0.69727212 -0.13610017 -0.07567155
v 0.33779150 0.04281799 -0.08594251
v 0.66140783 0.09116583 0.02639041
v -0.51135534 -0.36161518 0.14619327
v 0.70742053 0.08901297 -0.01838285
v -0.57481360 -0.09719846 0.01044241
v 0.25630096 -0.18022411 0.35587978
v 0.18123336 0.16319144 0.33147049
v 0.17111635 0.13049738 0.33517802
v 0.36123189 0.22613168 0.05585885
v -0.83186227 -0.10086462 -0.11509733
v -0.39261195 0.00502711 -0.15476887
v 0.27105075 -0.04146406 0.29159242
v 0.16591516 0.44073200 0.21881315
v -0.45066404 -0.36551312 0.24121773
v -0.66994929 -0.13996586 0.05902828
v 0.40345943 0.00510570 0.06942472
v -0.07369900 0.30212045 0.17525357
v 0.52647310 -0.02491646 -0.18162429
v 0.45589817 -0.01795444 -0.29601580
v 0.33520013 0.23443270 -0.27722797
v -0.52325732 -0.13338187 0.01389653
v 0.24795921 -0.19972423 0.30294442
v 0.01464546 -0.24132836 0.22742738
v -0.19779757 0.27199993 -0.04858978
v 0.35293490 -0.02815271 -0.16959809
v 0.17859355 0.44125178 0.21803716
v 0.38766104 -0.01841838 -0.04352377
v -0.30472779 -0.25879514 0.20196263
v 0.66638446 0.01128155 0.01205461
v -0.59375554 -0.00080654 0.18434411
v 0.59718382 0.11711112 -0.13168080
v -0.60053205 -0.24095510 0.04086297
v 0.09373584 0.40539473 0.27580920
v -0.39575231 0.18506540 0.01357343
v -0.55425447 -0.20561695 0.16176210
v -0.43595457 0.16727868 -0.00664436
v -0.50882274 -0.26124579 0.01664633
v -0.47521669 -0.04098104 0.21967171
v 0.46802574 0.11335584 -0.03778709
v -0.02706940 -0.23620364 0.02056361
v 0.51920426 0.02058002 0.09005507
v 0.49075148 0.16861644 -0.03062684
v 0.56191480 0.18704286 -0.00369439
v -0.54264832 -0.06563132 -0.00474684
v 0.04894024 0.24447411 -0.12735039
v -0.12936395 -0.03506019 0.36170000
v -0.40781999 -0.18166003 -0.14090182
v 0.43400314 -0.06035860 -0.32610649
v 0.58907562 -0.04803909 -0.23005845
v 0.39119548 0.05410645 -0.08207680
v 0.37599921 0.12291119 -0.14260337
v -0.60239440 -0.22954565 0.02520069
v 0.17058164 0.18379661 -0.03275587
v 0.24176687 0.43647486 0.21207519
v -0.30635408 -0.18838361 0.00091727
v 0.59931695 -0.02978389 -0.00615762
v -0.53658634 -0.14887995 0.02641067
v 0.29593098 0.24966319 -0.32448792
v 0.28116566 0.20962948 -0.22454247
v 0.32226571 -0.11814726 0.35629836
v -0.77589482 -0.10616584 -0.11666185
v 0.39551365 0.17718087 -0.17733914
v -0.59366655 0.03097795 0.08899922
v 0.43349200 -0.13701546 0.25250059
v 0.13729571 0.42753562 0.17736828
v -0.05459756 0.21402884 0.28548044
v 0.50632161 0.06767932 0.11007878
v -0.05314101 0.17704067 -0.19102451
v -0.42315337 -0.42519736 0.22122172
v -0.55621052 0.07063319 -0.02652467
v -0.02173661 0.35312933 0.04874540
v 0.63847351 0.05556830 -0.02872955
v -0.31813008 -0.42563111 0.19866900
v 0.41927519 0.20254393 -0.09087525
v -0.37290254 -0.19065180 -0.27271086
v 0.59788972 0.06021670 0.02401891
v -0.00503394 -0.13955668 0.24164161
v 0.34900650 -0.13174233 -0.03195521
v 0.29796952 -0.05874288 -0.27191180
v -0.59620637 -0.22775531 0.02739153
v -0.55680418 -0.24924974 0.01676624
v -0.35757935 0.18573581 -0.13084757
v -0.30948943 -0.33233958 -0.07321268
v 0.32750624 -0.04060515 0.18957096
v -0.37688491 -0.33993736 0.16818172
v 0.05955504 0.22869830 0.31262115
v 0.08504802 0.08631881 0.35820782
v 0.20958489 0.38481006 0.15437713
v 0.40803081 0.22955382 -0.23897156
v 0.36581966 -0.20725366 0.32422245
v -0.13978933 0.13090760 -0.27287751
v -0.72813755 -0.14003482 -0.03274553
v -0.49450570 -0.15677351 -0.00536127
v -0.51194340 -0.05315007 0.04196716
v -0.27060026 -0.28679401 0.15699895
v -0.23815741 -0.31864145 0.03099655
v 0.53665996 0.15095462 0.03780010
v -0.74660599 -0.15849638 -0.05234155
v -0.00802114 0.36977145 0.12166671
v -0.22732806 -0.01111626 0.00388595
v -0.37315091 -0.26975220 -0.16393094
v -0.33730936 -0.18630569 0.09087297
v -0.69281352 0.05256829 -0.00257421
v -0.72058529 -0.13009608 -0.02137087
v 0.38900244 -0.02888068 -0.29959679
v -0.77041674 -0.10096653 -0.20093299
v -0.05023729 0.21715984 0.01060916
v 0.14958653 0.40078774 0.00353782
v 0.21713157 0.37980524 0.17717448
v 0.30472365 0.45500386 0.18394378
v -0.62930834 -0.22205123 0.05379799
v 0.35884205 0.11280163 -0.28870693
v -0.16020370 0.28593987 0.10670285
v 0.65478164 0.05208077 -0.12301837
v 0.65640110 0.02777726 0.05823090
v 0.10831483 -0.07472870 0.37579426
v -0.69176561 -0.13795134 -0.09129310
v 0.32525390 0.28555855 0.08446302
v -0.15633002 0.14148638 -0.30073756
v -0.41236895 -0.31670180 -0.01035499
v -0.52166742 0.04129902 0.12420950
v -0.12369913 -0.43709949 0.21519613
v 0.23593296 0.30057594 -0.18662384
v 0.50192189 0.17095847 0.07536869
v -0.74906278 -0.15814343 -0.06804266
v 0.64726180 0.04725431 -0.18370585
v -0.16388266 0.23121238 0.23525822
v 0.44618759 0.12454937 -0.24937966
v -0.64517683 0.01674923 0.00836486
v -0.30366740 0.17609617 -0.16580564
v 0.38062686 -0.13961953 0.33662429
v -0.81045926 -0.10347629 -0.11557268
v 0.44706902 0.22152096 -0.02173182
v 0.35203397 -0.01804104 -0.14451969
v 0.60395694 0.02391997 0.10249580
v 0.65964222 -0.03879028 -0.11424570
v -0.61954397 -0.12635851 0.03068157
v -0.38183957 -0.06361460 0.06473887
v 0.13322707 0.14958879 0.09149142
v -0.49337122 -0.03046024 0.06472318
v -0.03870234 0.29388893 0.19208610
v 0.40210474 0.04896849 -0.08837567
v -0.22012025 -0.23948634 -0.20930509
v -0.38838953 -0.15965620 -0.22444470
v 0.65043986 0.10161484 -0.09089243
v -0.02131126 0.30618504 0.16828167
v -0.43872899 -0.40801209 0.15700147
v -0.50154448 0.10145448 0.11298897
v 0.38456160 0.18682146 -0.13692696
v -0.40650272 -0.03540709 -0.13534631
v -0.22365308 -0.28496462 -0.08227678
v 0.29891527 -0.06381469 0.36380515
v -0.59907305 -0.06877971 0.03972149
v -0.31481618 0.05704047 -0.24642655
v -0.02141315 0.35980615 0.02131853
v -0.64333773 -0.00609237 0.01951725
v 0.56152374 -0.05455028 0.05817942
v -0.24889165 0.24180198 0.06822789
v 0.00473733 0.22434829 -0.19572079
v 0.39538717 -0.03036457 0.15012550
v -0.35766956 -0.14964913 -0.21201502
v -0.43958876 -0.35778251 0.19797195
v 0.25462830 -0.11613777 0.38629308
v -0.48465204 -0.38653064 0.17863950
v -0.28335410 -0.30991441 0.17414379
v -0.51264626 -0.05878837 -0.03989040
v 0.50483251 -0.01859469 0.00016437
v -0.71329081 -0.12881263 -0.01691754
v 0.39640707 -0.06954238 0.31984070
v -0.48218513 -0.26276410 -0.06409430
v -0.70414382 -0.17977019 -0.09093796
v 0.28649178 0.24648347 -0.33969015
v 0.62799156 -0.00670370 -0.16365579
v -0.48285469 0.12295689 -0.01299604
v -0.67861074 -0.15666699 0.05123836
v -0.52227730 -0.12399304 0.07472463
v -0.20442009 -0.26553971 0.11752875
v 0.17363441 0.36281082 0.02014729
v 0.19610655 -0.21383123 0.33258715
v -0.09710643 0.21247253 -0.24144074
v 0.68827170 0.10230945 0.06946740
v -0.58050346 -0.11819510 0.06193256
v 0.14066008 0.29073563 0.02643172
v -0.19710895 -0.27283585 -0.15309884
v 0.53140485 -0.04346860 -0.05955194
v -0.45706719 -0.34795907 0.21224523
v 0.04847310 0.15569660 -0.26193610
v -0.65985304 -0.16231227 0.07304700
v 0.00763310 0.17397331 -0.22431052
v -0.16218722 0.21549037 -0.22326550
v 0.61987895 0.19520070 -0.00163435
v -0.79487211 -0.11618723 -0.18791111
v 0.36471370 -0.07135081 -0.30309078
v 0.54577458 0.01748460 0.08757108
v 0.36619940 -0.10202461 0.33263114
v -0.41441816 -0.14900741 -0.16636048
v 0.44285962 -0.05248540 0.08214054
v 0.64957833 0.10806405 0.06123768
v 0.53030527 0.10023875 -0.12301110
v -0.33746958 -0.20372583 -0.26753157
v -0.35246432 -0.40154925 0.21217288
v 0.39602655 0.03509849 -0.05326519
v -0.60505176 -0.21118283 0.09625527
v -0.32125595 -0.42440528 0.26509225
v -0.42397767 0.22516915 0.19478887
v -0.31115314 -0.39670652 0.28077447
v 0.23748362 0.23345968 -0.04657204
v 0.28688377 0.37401325 0.25008637
v -0.41050163 -0.23346905 0.19114488
v 0.52680749 0.13244146 -0.22564247
v 0.02053576 -0.11314791 0.36654437
v -0.72693825 -0.12951234 -0.09230126
v 0.06673165 0.41947818 0.08288649
v 0.07591261 -0.22126515 0.31680974
v 0.62267649 0.10980400 -0.05620888
v 0.27867985 -0.19628949 0.36183515
v -0.23047823 -0.03812247 -0.15221436
v -0.32743204 0.14076208 0.10396966
v -0.33135653 -0.11122949 -0.22815490
v -0.58621472 0.04194860 0.10355569
v 0.54558903 0.00296448 -0.20120493
v 0.33162925 0.08867392 0.23323402
v -0.38638642 -0.39043349 0.26400506
v -0.04378575 0.35807604 0.11917391
v 0.51411664 -0.04434890 -0.21101028
v -0.18139988 -0.15725639 -0.07596248
v 0.61470610 0.04116761 -0.11343833
v -0.44584799 -0.38997212 0.13721314
v -0.31226590 -0.04965634 0.33530304
v -0.24569827 0.20489004 0.32869023
v -0.36418110 -0.00067051 0.05298624
v -0.68830746 -0.17095061 0.00600672
v -0.50307190 -0.32342637 0.11249945
v 0.10644287 0.00497494 0.32545397
v 0.59160340 0.01934844 -0.22089496
v 0.38134596 0.34945863 0.19454393
v 0.60158479 0.04868618 -0.23219065
v -0.22949404 -0.39942211 0.23874205
v 0.34637955 0.39394796 0.25923476
v 0.68937910 0.11355234 -0.04885966
v -0.41171470 -0.42626336 0.21311685
v -0.30873773 -0.30175537 -0.07838924
v 0.29181248 -0.05656817 0.23812723
v -0.49659592 -0.31048131 0.10746515
v 0.15046801 0.31652105 0.21738011
v -0.52312243 -0.07712099 0.11090380
v 0.01412965 -0.23805378 0.06751734
v -0.56823903 0.12046026 0.14230424
v -0.52637899 -0.21180284 0.02174105
v -0.40156844 -0.38769734 0.26259029
v 0.32909456 0.40328020 0.20130956
v -0.35962147 0.09363008 0.29098520
v -0.45922747 -0.34664434 0.21217106
v 0.04364142 0.26476783 -0.07656129
v -0.50435287 -0.12869358 0.13574164
v 0.00170790 0.15303168 0.34234416
v -0.20385045 -0.02324807 -0.27720395
v -0.39610133 0.21444710 0.22465461
v 0.20198649 -0.18429685 0.29936290
v 0.51308298 -0.03221425 -0.05798514
v -0.14448667 0.16553046 -0.15698309
v 0.34985590 0.11995857 -0.19373189
v 0.55774957 0.07947369 -0.18421704
v -0.15470779 -0.24155158 -0.19142777
v -0.28213632 -0.22296181 -0.04685781
v -0.48581710 0.10067637 0.15494365
v 0.42363158 0.16625568 -0.24548069
v 0.41389298 0.13015746 -0.17683220
v 0.37566972 0.18054943 -0.03828386
v -0.17449266 -0.23966955 -0.06978896
v 0.42898768 -0.11724251 0.28777489
v -0.16849241 0.26412362 0.17821476
v -0.77309644 -0.10092485 -0.18936136
v -0.39354542 -0.41505831 0.18357641
v 0.32845533 0.18981634 -0.30545712
v 0.18190482 0.20431423 -0.13000305
v 0.68735951 0.09458717 -0.12989049
v -0.19893076 -0.40857333 0.25558767
v 0.33763120 0.22888103 0.19430569
v 0.69774520 0.07285476 0.00467610
v 0.29791561 -0.10960881 0.14056158
v 0.43424970 0.07040793 -0.28049970
v 0.11709582 0.02431341 0.36182648
v -0.69887471 -0.13466977 -0.11487847
v -0.46534956 -0.38485783 0.15003508
v 0.77119654 0.14567734 0.02880390
v -0.69235420 -0.16822675 0.00028569
v -0.45757633 0.09218612 0.14151523
v 0.64070994 0.01086947 -0.00028879
v 0.26929718 0.06495426 0.31615484
v -0.31511703 0.22737467 -0.02787958
v 0.17414773 -0.25567424 -0.06880492
v 0.08600556 -0.21831292 0.33909169
v 0.68743420 0.11186475 -0.12829043
v -0.35998723 -0.23116136 -0.18146998
v -0.44845104 -0.36627918 0.23988222
v -0.35387158 -0.24796598 -0.08570448
v -0.44644287 -0.02719196 -0.09205693
v 0.34623927 -0.10690825 0.18467996
v -0.08771449 -0.06618503 -0.24059814
v -0.43857422 -0.43523353 0.23467058
v 0.38518780 0.20892981 -0.16682643
v 0.40493843 0.13003157 -0.21629459
v -0.73769975 -0.15988268 -0.17734779
v 0.36590168 -0.02122343 -0.05759504
v -0.47706041 -0.19184990 -0.01144561
v 0.57773441 0.02285583 -0.10355467
v 0.44589353 -0.02173325 -0.24328981
v -0.52852046 -0.36227274 0.10789331
v 0.17739961 0.27084649 -0.00470694
v 0.52395189 0.18079236 -0.04041611
v 0.41144612 -0.06324212 -0.03571695
v 0.62390596 -0.00841476 0.03561053
v 0.18442610 0.42031017 0.20398712
v -0.63516062 -0.12331542 0.05326812
v -0.42791727 -0.41625980 0.16756654
v -0.56957638 -0.11397612 0.07709707
v 0.51617646 0.22479849 0.06387216
v 0.56793702 0.08034135 -0.01016816
v 0.25227374 -0.05790554 0.06287777
v 0.51056033 -0.03682588 -0.12475590
v 0.61821663 0.04860615 -0.09826732
v 0.28122038 0.06223112 -0.38871613
v -0.20423718 0.02685420 -0.23927766
v 0.07983819 0.41037220 0.09310883
v -0.69624126 -0.13639106 -0.07543325
v -0.43330014 -0.21639666 0.18182263
v 0.01328628 0.05127626 0.32607073
v 0.43762469 0.18205714 -0.18426979
v -0.47622651 -0.27419832 -0.00614327
v -0.63268739 -0.21138614 0.05877699
v 0.42384815 0.14643140 -0.34010768
v 0.08811635 0.35023335 0.04721447
v 0.45509064 -0.04076722 -0.22199097
v 0.47897381 -0.00192732 0.07278125
v 0.66052634 0.03501854 -0.04542989
v -0.51500857 -0.33883390 0.16385429
v 0.12434924 0.32635427 0.21713345
v 0.62582248 0.06404600 -0.00960302
v 0.37743729 -0.00819997 0.15939063
v 0.66511548 0.05957334 -0.11879571
v -0.22495040 -0.35327700 0.27922916
v 0.38885641 0.39453909 0.25002879
v 0.20329374 0.36321184 0.10230149
v 0.33735710 0.37782142 0.19134012
v 0.45810169 0.22676273 0.05264160
v -0.60840440 -0.19419163 0.10060872
v 0.69890118 0.12728256 0.01683556
v 0.33183601 -0.22013298 0.23871987
v 0.59818274 -0.04100312 -0.17809519
v -0.55250281 -0.03583096 0.13972220
v -0.40143070 -0.37147370 0.21807459
v 0.35863084 0.20851418 -0.20419437
v 0.70897198 0.11394866 0.02438976
v 0.32158828 0.02198754 -0.08294798
v 0.33353043 0.27641499 -0.25909537
v 0.26261473 0.02264545 -0.38395864
v -0.28366596 -0.24017724 -0.18751943
v 0.32638180 0.07779831 -0.21037740
v 0.70276433 0.01608487 -0.14408329
v 0.53129303 0.12284850 -0.09587965
v 0.15959524 -0.17946796 0.11379093
v -0.41654873 -0.29186541 0.22872460
v 0.08361715 0.41125292 0.24894607
v -0.67405820 -0.03359146 0.07859519
v 0.44450736 0.25491330 -0.00240408
v 0.19180393 -0.11429095 0.39807656
v 0.40412903 -0.05635440 -0.08073593
v -0.60977030 0.03235228 0.08373202
v 0.62291574 0.02455571 -0.09131642
v 0.56019300 0.05956796 -0.20778170
v -0.00841171 0.46834958 0.01220871
v -0.50098681 0.06734058 0.03773711
v 0.56805843 0.01032475 -0.14946909
v -0.49714693 0.09650796 -0.00848375
v 0.28244743 0.01178999 -0.36962396
v 0.52861708 0.00847819 -0.21500479
v 0.56065691 0.02189720 -0.24572265
v -0.37875459 0.21268257 0.17965157
v -0.61425883 -0.11849588 0.06709182
v -0.40776539 -0.24400148 -0.07304841
v 0.40972075 0.33905756 0.20697609
v 0.62832403 0.05074199 -0.21618558
v 0.69005215 0.05040541 0.06233896
v 0.58560026 0.02628870 -0.11314183
v -0.30101329 -0.34573376 -0.00517986
v 0.06061247 0.12038936 0.21280873
v -0.43478537 -0.19452703 0.23257695
v -0.36011302 -0.16482931 -0.22035821
v -0.63098234 -0.18360680 -0.07214958
v 0.55214649 0.17090060 -0.01526093
v 0.68794394 -0.01094840 -0.15869144
v -0.44295320 0.00517103 0.21864703
v 0.32844192 -0.00830158 0.25895521
v -0.32633829 0.11392809 0.30311084
v -0.81476861 -0.10784568 -0.13986313
v 0.24115418 0.05062565 0.31176412
v 0.22815275 0.44662842 0.19683266
v -0.39380616 0.10547243 -0.12627386
v -0.64904499 -0.10503580 0.02761723
v -0.50867420 -0.21256498 0.03561781
v 0.48433799 0.11554340 -0.24585333
v 0.37854654 0.19724193 0.06240475
v -0.71771312 -0.17792489 -0.11548840
v 0.24844626 0.32324198 -0.23626700
v -0.04215548 0.03715740 0.28705251
v 0.21688555 0.27406928 0.06852511
v -0.03599743 0.05751115 0.29681003
v 0.16741706 0.38197786 0.20982221
v -0.64112318 -0.17462203 0.08324350
v -0.53979355 -0.12657158 0.05820995
v 0.42201585 0.16003929 -0.23538256
v 0.20947684 0.35592410 0.27806002
v 0.08392058 -0.16720021 0.39560917
v -0.03019970 -0.13653854 0.39528990
v -0.41837555 -0.41499126 0.19648591
v 0.50147176 -0.01051898 -0.20222658
v -0.63689023 -0.17697898 -0.24432668
v -0.25191832 -0.23801035 -0.12923318
v 0.38779196 0.19217953 -0.17264719
v -0.47555912 -0.04082229 0.07638925
v -0.37870854 -0.40976587 0.27084917
v 0.12519537 0.26751304 -0.06793666
v -0.51354659 -0.01097433 0.14013389
v -0.04889314 0.30322817 0.16833983
v -0.66497868 -0.13642314 -0.02326852
v 0.18418103 0.08581451 0.07601088
v -0.19774331 0.18894854 -0.22712220
v -0.38687533 -0.35107791 0.14500321
v 0.57345974 0.03060972 -0.21771003
v 0.14837144 0.37152302 0.27560323
v -0.42306265 -0.32107136 0.16033548
v -0.24007209 -0.41874871 0.28022557
v 0.34499255 0.39199805 0.17712320
v -0.52446693 -0.20157430 0.04141276
v -0.68775743 -0.14214727 -0.10819174
v -0.05626890 0.03469618 0.06364791
v 0.50335354 -0.03851949 -0.17004007
v 0.32061881 -0.05735438 0.05496294
v -0.45616502 -0.34412885 0.11020575
v -0.53721964 -0.25005162 0.01437708
v 0.52279294 0.11163916 0.05575318
v -0.04829303 0.30301604 0.16951810
v 0.68646502 0.12494475 0.04162607
v -0.46081564 -0.03286891 0.24718753
v -0.38445505 -0.03296412 -0.21589048
v -0.49608970 -0.13446578 0.02091634
v 0.18180043 0.39325434 0.26213148
v 0.10896962 0.35569531 0.24178235
v 0.40772358 0.22530308 -0.18466297
v 0.49088588 -0.04711215 -0.23670495
v -0.33283892 0.05716009 0.27595356
v 0.26157862 0.01497833 -0.23461199
v 0.01458629 0.30941805 -0.08211377
v 0.23036638 -0.18455654 0.07969471
v 0.40053338 0.09289548 -0.29717684
v 0.14688115 -0.20674595 0.24288866
v 0.29130253 0.25438225 0.21357557
v -0.06449834 -0.09393704 -0.20642361
v 0.16469020 0.40835568 0.26478627
v -0.70327550 -0.14779085 0.00426140
v -0.43247855 -0.36270079 0.13883342
v 0.32272616 0.21790686 0.00038208
v -0.25316411 -0.39026725 0.22842950
v 0.06153356 -0.11386982 0.38426000
v -0.48574239 0.13196704 0.12166279
v -0.68264431 -0.14330289 -0.12221200
v 0.45695841 0.17232430 -0.16403662
v -0.48018599 -0.30209291 0.03398974
v -0.69011891 0.01615040 0.09227105
v -0.61316866 -0.13455060 0.06489000
v -0.59693432 -0.04990403 0.04202144
v -0.08360362 -0.08552478 -0.02052411
v -0.19504446 -0.47005415 0.24557275
v -0.32292643 -0.32431939 -0.06752216
v -0.68497771 -0.18440409 -0.15541619
v -0.58518589 -0.04164143 0.06708913
v 0.57489657 0.04905261 -0.17231327
v 0.54752779 -0.05424103 -0.16147867
v -0.63593280 -0.17729196 0.09363750
v -0.34529290 0.13677667 0.28444082
v -0.39634266 -0.20965883 -0.14512800
v 0.08565046 0.40434825 0.31656981
v -0.46555698 -0.31899226 0.11472329
v 0.51002848 0.20729694 0.04431651
v -0.13164476 0.17837018 -0.26173633
v 0.46425340 -0.06416351 -0.08617532
v -0.55637985 -0.25606528 0.14045721
v 0.31065708 -0.05451320 0.31176001
v -0.28658140 -0.30421194 -0.11204076
v 0.54830241 -0.00951368 -0.06176295
v 0.47439778 0.16022900 -0.16207838
v 0.10369276 -0.09648998 0.40196669
v 0.39318374 -0.03945437 -0.17724764
v 0.64834636 0.08846731 -0.04746374
v -0.49100175 -0.37686086 0.20939294
v 0.57952851 0.05809407 -0.01433981
v 0.27113226 -0.06564167 0.14096698
v -0.34139687 -0.10345863 0.00100030
v 0.36269987 -0.06070891 0.07073508
v 0.17736159 0.35505605 0.25263724
v -0.53524798 0.01543626 0.13234621
v 0.05825265 0.22050196 0.31295142
v 0.57879013 0.00045193 -0.07897715
v -0.18654454 0.15436274 -0.29847777
v -0.16897120 0.24891853 -0.17145619
v 0.36114094 0.32451898 0.26416185
v 0.26678324 0.27753723 -0.36891460
v 0.29830486 -0.06351063 -0.07412682
v 0.12608773 0.26118994 -0.09164940
v 0.40375683 -0.03948151 0.13795093
v 0.31254008 0.28707451 -0.29761821
v -0.20509791 -0.46708786 0.23841475
v 0.28095210 -0.20300354 0.34668896
v -0.48883474 0.10917120 -0.00558838
v 0.13907588 0.42630911 0.17090754
v 0.59955740 -0.00357118 -0.23051959
v -0.39822429 -0.31404889 0.04430490
v 0.40283230 0.11083847 -0.19125056
v -0.00041038 0.37096590 0.11356016
v 0.29748735 0.27861896 -0.31196642
v -0.31419021 -0.10442889 -0.24363883
v 0.38299000 -0.16739102 0.29014918
v -0.38384292 -0.31605467 -0.02545830
v -0.57384646 -0.11494729 0.05682292
v -0.37187171 -0.12301375 -0.22322705
v -0.59166557 -0.10600115 0.10198416
v -0.55165255 -0.12041613 0.12750393
v -0.50536466 -0.30887783 0.12936470
v -0.40605620 -0.38707849 0.17899770
v 0.11270709 0.29812875 0.25750998
v -0.42459309 0.25056833 0.19412196
v -0.16565877 -0.42943552 0.21679449
v 0.09515296 -0.26907921 -0.19502345
v 0.19481683 -0.19584633 0.27469882
v -0.63602477 0.00796051 0.05708239
v -0.76712257 -0.10853774 -0.18943052
v -0.23803335 -0.45271328 0.23624182
v -0.11055935 -0.14489509 0.36805227
v -0.30739918 -0.11491385 0.05369668
v 0.39559078 -0.07676473 -0.20491879
v -0.38253918 -0.36421657 0.23044978
v 0.49038181 0.09450394 0.09800790
v 0.47425085 -0.05394249 -0.11899632
v 0.39065272 -0.03488404 -0.07818250
v 0.52573818 0.01563658 -0.21778202
v -0.77558815 -0.13335691 -0.08589242
v -0.45508316 -0.40485147 0.22271100
v 0.06309268 0.37180215 0.11446049
v 0.44709450 0.11568584 -0.25530371
v 0.28959113 0.26954144 -0.06146916
v -0.10898622 0.17711127 0.30289668
v 0.66902494 0.07618579 -0.05872063
v -0.53628337 -0.18884236 0.15113208
v 0.57383138 0.05990661 -0.14507189
v -0.21511170 0.22787413 0.14379057
v -0.44104463 -0.41808671 0.25006121
v 0.69271970 0.06264141 -0.01446251
v -0.29732928 -0.04783953 0.01365328
v -0.07878193 0.30594385 0.15914921
v -0.67948437 -0.17373884 0.04163074
v 0.35813010 -0.05260749 0.12160340
v 0.06807999 -0.19570006 0.37432575
v -0.62951100 -0.06009728 0.04048047
v 0.66961324 0.04533286 -0.10007454
v -0.21638425 -0.15689223 -0.29788226
v -0.55677617 -0.15361564 0.03171396
v 0.59481317 0.04173711 -0.21865514
v 0.56102443 0.20427936 -0.02198089
v 0.46806639 -0.00188250 -0.24792930
v 0.43215606 0.10361952 -0.25594062
v -0.25157261 -0.22936890 -0.16487707
v 0.58234096 0.08658272 0.02929464
v -0.20953909 -0.03838056 -0.27646494
v 0.56583041 0.08966425 -0.00287905
v -0.31790870 -0.19918953 -0.18730077
v 0.47287458 0.14031982 -0.21029896
v -0.51253158 -0.15163904 0.12571730
v 0.09529881 0.33730412 0.17996433
v 0.50736940 0.16987342 0.03242197
v -0.49364892 0.00396710 0.16008016
v 0.55427825 0.06033531 -0.19513291
v 0.00777481 0.21905190 0.06288050
v -0.28563693 -0.19460621 -0.04834597
v 0.30925849 0.38355714 0.18888605
v -0.32733548 -0.32835746 -0.06158539
v 0.51123524 -0.03908609 -0.14895681
v 0.58112556 0.09227332 -0.05649129
v -0.37784117 -0.33779147 0.00247209
v -0.60787922 -0.17514808 -0.00060703
v -0.43453932 -0.12459092 -0.12698212
v 0.60902357 0.06240216 -0.20942554
v 0.34838602 0.12672089 -0.06661130
v 0.39395139 0.12838942 -0.27814233
v 0.33835304 -0.07601809 -0.27148658
v 0.63249350 0.10256037 -0.00217626
v 0.17605917 0.39837560 0.27004075
v 0.04861506 0.33459598 -0.02345038
v 0.18005770 0.16663802 -0.16605741
v 0.23979682 -0.15664393 0.39237395
v 0.56459600 0.02607471 -0.23164237
v 0.76675010 0.07527012 -0.10970587
v -0.61431837 -0.05186483 0.10290860
v -0.10609480 0.25907263 -0.14253914
v -0.19775389 0.25550157 -0.08133138
v -0.46147674 0.05138525 -0.05638621
v -0.52120823 -0.17051730 0.00736111
v -0.66060400 -0.18990418 -0.03944401
v -0.36886325 -0.40813303 0.27341849
v 0.67334694 0.13141067 0.00306654
v 0.50848109 0.07411000 -0.22168303
v -0.53830451 0.07704408 0.13474448
v 0.35427704 -0.05303217 -0.25111154
v 0.62986940 0.07574216 -0.15265915
v 0.47956580 -0.09789879 -0.02094272
v 0.60124087 0.07378118 0.04724554
v -0.65022433 -0.18536776 -0.15055573
v 0.18964456 0.32987043 0.16973370
v 0.45236486 0.08958949 -0.00733493
v -0.24403062 -0.30575523 -0.09084979
v 0.19229293 0.21625865 -0.07925772
v -0.48208135 0.09985319 0.15059265
v 0.10577482 0.01967932 0.36290422
v -0.32305741 0.19897078 0.04776719
v -0.40880802 -0.31949571 0.21590514
v 0.28579414 -0.08089401 -0.35558021
v 0.18793002 0.35625529 -0.00690033
v 0.70910043 0.04995340 0.01863763
v 0.30137447 0.37918049 0.19732231
v 0.63843405 0.00388434 -0.09249386
v 0.54018795 -0.07141314 -0.08899808
v 0.54639983 0.18890205 0.01564183
v -0.18963388 -0.45508593 0.25590008
v -0.44885886 -0.35708392 0.11744270
v -0.58990163 -0.04601042 0.09998488
v -0.69607550 -0.17432250 -0.04328635
v 0.31203488 0.21041957 -0.21047454
v -0.46670574 -0.33507842 0.06575987
v 0.45802093 -0.03028299 -0.29769975
v -0.66047484 -0.19476426 -0.03348433
v 0.35765445 0.00830560 0.22287235
v 0.51468194 0.17931266 0.02398107
v 0.08706342 0.35381383 0.24915314
v 0.05155117 -0.10221498 0.31855774
v -0.36737388 -0.14803362 0.04090178
v -0.59984708 -0.21388987 -0.09655198
v 0.16357769 0.38466331 -0.00987768
v -0.52784383 0.10644161 -0.01431069
v 0.46805954 0.11367849 0.08849357
v 0.59524930 0.13336723 -0.07345220
v -0.45912948 -0.36562216 0.10983403
v -0.50790274 -0.15331799 0.12118273
v 0.60939449 0.09987793 -0.08527475
v 0.13456926 0.33101904 0.12677214
v 0.39561376 0.08807521 -0.16854425
v -0.33228934 -0.29071650 -0.14912063
v 0.76491851 0.09788756 -0.11832432
v 0.23441866 0.36823100 0.26279190
v -0.00865566 0.23374504 0.29810342
v 0.58910906 -0.02747428 0.03781385
v -0.66847509 -0.19055171 0.04619356
v 0.16444938 0.42241198 0.15628394
v 0.41751105 0.12203217 -0.05723199
v 0.04420074 0.35510015 0.05387073
v 0.41415086 0.08048876 -0.20377553
v 0.62879026 0.10611266 -0.14720619
v 0.42274040 -0.14825602 0.26125529
v 0.37717777 0.15549177 -0.19192238
v -0.25730872 0.19838664 -0.20098355
v -0.46471515 -0.38769245 0.20937419
v 0.55366182 0.11304872 0.04710428
v 0.26745418 0.27707073 0.21708490
v 0.36028120 0.26957214 -0.19794315
v -0.69684118 -0.16896814 -0.04596551
v 0.27462980 0.15831542 -0.12512600
v -0.34979510 -0.23688596 0.23252600
v 0.39941105 0.16717786 -0.13948825
v -0.80907768 -0.11759085 -0.12005763
v 0.34789890 -0.09303669 -0.15590347
v -0.55786347 -0.04842136 0.16508311
v -0.23244733 -0.26945120 -0.02476994
v -0.35612983 -0.28557897 -0.17325985
v 0.57997042 0.04664195 -0.16940223
v 0.72962373 0.13974282 -0.12465888
v 0.11799756 0.25042582 -0.06225857
v 0.29491639 0.05410707 -0.34630883
v -0.68738371 -0.16480617 -0.19805333
v -0.47651312 -0.14605576 -0.04824444
v -0.63529539 -0.11553971 0.08426683
v 0.35756904 0.41539273 0.21803251
v 0.52084374 0.16852398 0.07684951
v -0.28613976 -0.30436322 -0.06885456
v 0.20338298 -0.00889357 -0.39802778
v -0.30799225 -0.28496712 -0.13915864
v -0.62273085 -0.00137727 0.03737840
v 0.01654391 0.22926947 0.30874187
v -0.42742372 -0.06710327 -0.12158538
v -0.23307121 -0.40212631 0.23773299
v -0.68960810 -0.15757687 -0.18362190
v -0.32442665 0.20082183 0.05602566
v 0.55077875 -0.00257636 -0.05501509
v 0.28062898 0.25445670 0.21947770
v -0.12311364 0.12952060 -0.27915993
v 0.70244890 0.09433222 -0.16275333
v -0.30475035 -0.40193200 0.28016755
v 0.32332087 0.18651326 -0.20625439
v -0.54860550 -0.06840429 0.21838963
v 0.46292037 0.05997500 0.13051923
v -0.49828041 -0.12829076 0.05757085
v -0.61887139 -0.20721629 0.08618612
v 0.41817141 0.18984935 -0.03612989
v -0.23691392 -0.37030783 0.31095999
v -0.42907521 -0.00615584 0.15442121
v -0.22359139 0.03113601 0.22222385
v -0.53775001 -0.28628045 0.05043134
v 0.39627731 -0.01109082 0.16509843
v 0.71876633 0.01152993 -0.12595238
v 0.65147662 0.02407755 -0.14035246
v 0.23751229 0.29201484 0.04036625
v 0.39348042 0.17657794 -0.20542699
v 0.34717965 0.27751261 -0.22467393
v 0.16334799 -0.16265979 0.33209357
v 0.41300073 -0.04355235 0.24177866
v 0.25018880 0.39669839 0.17136052
v 0.22625387 0.27364779 0.00779155
v -0.28337598 0.18646224 -0.19446415
v 0.30611777 -0.13367335 0.35786730
v 0.46474907 0.15778190 -0.07561226
v 0.18739611 -0.17324996 0.15863116
v 0.41375452 0.12054580 0.15913209
v 0.29550412 0.22305843 -0.23217450
v -0.25093925 -0.31491405 0.01138142
v 0.00582503 0.38701525 0.32971859
v -0.30453858 0.00850675 -0.24553744
v 0.18151742 0.16421488 -0.18715951
v 0.19115567 -0.04303802 -0.43371502
v -0.33439001 0.15035605 0.08836754
v -0.71874923 -0.14858352 -0.17084381
v 0.59563524 -0.02855706 -0.18174097
v -0.59855020 -0.01513019 0.14002800
v -0.72706151 -0.17143099 -0.14791100
v 0.08606234 0.28454673 0.26945597
v 0.64971578 0.03320455 0.05550009
v -0.69706601 -0.12088450 -0.03387485
v 0.34298795 -0.09460112 -0.24715412
v -0.44492066 -0.30562305 0.23144846
v -0.23254833 -0.15117893 -0.28116441
v -0.53864473 -0.32914686 0.10062236
v -0.03954066 0.30434471 0.16920978
v -0.49446723 -0.38431311 0.15726715
v 0.16238496 0.27455014 0.25348139
v 0.39374819 0.18223849 -0.24982762
v 0.42681128 -0.08659076 0.25111836
v 0.63919646 0.21094286 0.02111873
v 0.54707068 0.10009830 -0.07409795
v 0.49241555 0.23649630 0.00839988
v -0.20394336 -0.44888496 0.26281035
v -0.07256333 0.34987929 -0.00641460
v -0.49802399 -0.16103849 0.14544874
v 0.08771483 0.36116558 0.14067006
v 0.45958966 0.00746067 0.00886393
v -0.54028064 0.10722318 -0.03628503
v 0.20422615 0.44282454 0.19972265
v -0.45901692 -0.31281152 0.02952794
v 0.32381904 0.19652107 -0.30064407
v 0.35631359 0.24785952 -0.23943706
v 0.04043988 0.12143700 0.35794473
v 0.44508660 -0.05312516 0.00738288
v 0.33071950 0.26040751 -0.25487721
v -0.43905574 -0.15629348 0.14154582
v -0.75357300 -0.15076241 -0.14126490
v 0.63147944 0.09459425 -0.15342245
v -0.67050588 -0.19280702 -0.18397638
v -0.42355382 0.11876872 0.23315209
v -0.22269556 -0.04619889 0.10221541
v -0.50706524 -0.32293248 0.11793622
v 0.12076546 0.27482510 -0.04022457
v -0.18020587 -0.28953087 -0.13926746
v -0.42602783 0.18534899 0.01084402
v -0.72896785 -0.16663894 -0.09707953
v -0.28482878 0.08214279 0.36463609
v 0.33529317 0.12429149 -0.06133948
v -0.72814119 -0.12414864 -0.12647454
v 0.48727947 -0.05935186 -0.24980408
v 0.48652259 0.17213516 0.06594883
v -0.56857914 -0.22380862 -0.02002187
v -0.64074373 -0.16395812 -0.02625542
v 0.64456481 -0.04039585 -0.14636758
v -0.49713036 -0.31337017 0.11670659
v -0.45012876 -0.32650247 0.03571756
v -0.00915276 0.23814519 0.28999504
v 0.45093796 0.37942654 0.22967139
v 0.66229177 0.03748063 0.05244638
v 0.15315576 0.40233973 0.27110782
v 0.41782641 -0.02058166 0.16029680
v -0.23383287 -0.15290459 -0.02265896
v 0.53270602 -0.00963588 -0.16628766
v 0.62675017 0.00261499 -0.20258622
v -0.62272745 -0.07403856 0.03894021
v 0.00298855 0.22273746 0.30653623
v 0.11351038 -0.13415135 0.40217689
v -0.21941708 -0.25908256 -0.15973106
v -0.54057097 -0.13657755 0.02569988
v -0.29220220 -0.33007583 0.16272634
v 0.56300014 0.02229448 0.01866310
v 0.25246793 -0.06330778 -0.37449390
v -0.55410993 -0.01792033 0.03069185
v -0.33308113 -0.36411461 0.28704563
v 0.41197142 -0.06917276 -0.22875486
v -0.30382016 -0.36498067 0.24567771
v -0.46185830 -0.19721988 -0.02826865
v -0.34341693 -0.18182564 0.00163370
v -0.53734398 -0.08258238 0.12335149
v 0.35781077 -0.21512832 0.16855875
v -0.30876189 -0.13370836 -0.27247772
v 0.09711404 0.40850705 0.11764275
v -0.69565839 -0.17462757 -0.00358681
v -0.66394246 -0.17333859 -0.15784118
v -0.00871545 0.42778614 0.10989764
v 0.64029360 0.01315666 0.09696044
v -0.37258375 -0.22414732 -0.18158768
v 0.22851726 -0.18336010 0.22502822
v 0.69749117 0.13654776 0.01232842
v -0.62428546 -0.18010943 -0.03748067
v -0.32846773 -0.00393772 0.06440912
v -0.37065750 -0.36895436 0.26379323
v 0.64335752 0.05391114 -0.03539693
v -0.11579815 0.25420555 0.23879549
v 0.41120496 0.21253932 -0.18655881
v 0.17535971 -0.08975901 0.41441479
v 0.45026013 0.07236372 -0.13584492
v 0.57627785 0.03491785 -0.16135079
v -0.25976646 -0.27395004 -0.16417183
v -0.53534687 0.04522080 0.11923970
v 0.21879774 -0.02491489 0.21902218
v 0.50414312 -0.03827041 -0.25439769
v -0.62269074 -0.19763511 -0.05959597
v -0.83576071 -0.08507693 -0.11795162
v -0.40724695 -0.34719649 0.16519859
v -0.01523343 0.23359768 0.02270185
v -0.40135437 0.14244771 0.02431902
v -0.15105084 -0.30731547 -0.06320424
v 0.49904063 0.12171176 -0.15202466
v -0.17125130 0.15151408 -0.26810521
v 0.10306045 0.41308069 0.08295455
v 0.40923262 -0.01127283 0.13446024
v -0.54463410 -0.33689970 0.08724467
v -0.77237642 -0.14028428 -0.10478890
v -0.03481541 0.22657426 -0.03312035
v -0.12889725 0.25295913 -0.16777657
v -0.21309343 -0.32823741 -0.11999768
v 0.38653767 0.05049242 -0.18783119
v -0.34446931 0.08470796 -0.20961317
v 0.31184435 0.36359128 0.24892578
v -0.05736583 0.15197758 -0.29814297
v 0.44320482 0.03650099 -0.28711903
v -0.30341682 -0.32623124 0.07798847
v 0.12160937 0.42247707 0.22944547
v 0.18623500 0.04074299 0.34572160
v -0.60880262 -0.20360225 0.10429475
v -0.62045872 -0.12663624 0.03273270
v 0.28788719 -0.23491675 0.28971139
v -0.10648283 0.02247807 0.32464066
v 0.45103568 0.11669571 -0.09122925
v 0.41341850 -0.10224824 0.05034813
v 0.35259467 0.40694320 0.23389712
v -0.51533657 -0.08799262 0.13522045
v -0.31069341 -0.34327289 0.07331137
v 0.19794828 0.27914056 -0.31614995
v -0.45545855 -0.19284257 -0.02261386
v -0.32970992 -0.29541558 0.21530691
v 0.63550502 0.01116260 -0.05142993
v -0.32644600 -0.12382423 -0.26558530
v -0.11483495 0.17462900 0.29264659
v 0.33408085 0.44046190 0.24371476
v -0.49542415 0.11481638 -0.01977928
v 0.31198680 -0.05967141 0.16292281
v 0.55886501 -0.01931776 -0.03483737
v -0.32367733 0.19323963 -0.16084608
v 0.62656814 -0.03142486 -0.15309271
v 0.30340713 0.36059138 0.21977289
v -0.51492435 -0.15009210 0.14053836
v -0.31452736 -0.21681274 -0.27304602
v 0.26989895 0.26097330 0.01016615
v -0.68927079 -0.14407353 0.03598987
v -0.44547498 -0.02513132 0.26049072
v -0.58019584 0.08634150 0.13332784
v -0.29325598 -0.35589442 0.05810073
v 0.56656027 0.09398922 -0.22071622
v -0.69267178 -0.15284395 -0.17635578
v -0.52537298 -0.30249071 0.12497645
v 0.63275689 -0.02081463 -0.22182336
v 0.55243796 0.04544747 -0.02344600
v -0.30711070 -0.26067829 0.15125002
v 0.33514443 0.28837460 0.02077679
v -0.16824493 -0.40690261 0.26733869
v -0.23655523 -0.44237825 0.21389046
v 0.30653667 0.02430855 0.05807159
v -0.57324773 0.00193077 0.08611839
v 0.63592714 0.03433231 -0.04050422
v 0.02246304 0.35860461 0.01279253
v -0.57869387 -0.10485385 0.04413746
v -0.64866483 -0.11743575 0.02702785
v 0.62270838 -0.00036181 -0.24204753
v 0.53616226 0.02315389 -0.01678704
v 0.30984157 0.45860860 0.23473337
v -0.28314477 0.24277316 -0.06681047
v 0.42604387 0.20787960 0.05972137
v 0.65149337 0.12172447 0.01210123
v -0.01232280 0.35233945 0.07505159
v 0.22595990 0.25920516 0.05361652
v -0.44990474 -0.03762490 -0.10007916
v -0.42364922 0.18457605 -0.04213130
v -0.45651615 -0.25602946 -0.10283765
v -0.81390196 -0.10974933 -0.13940163
v 0.36450785 0.18226500 -0.11715413
v -0.28247786 -0.40377259 0.21398745
v 0.42390764 0.04489242 0.17886624
v -0.77743298 -0.10068889 -0.12808932
v 0.47799310 0.09976314 -0.22642660
v -0.72584939 -0.13277942 -0.16866304
v 0.08971196 0.12518929 0.08408570
v -0.06980180 0.24370342 0.27930328
v -0.18670005 0.25514868 -0.14967823
v 0.52277082 0.11007097 -0.12711549
v 0.36398983 -0.05577234 -0.21499650
v -0.37156013 0.12952788 0.05546856
v 0.27754381 0.28578848 -0.10006038
v -0.43208042 0.06399178 0.05731775
v 0.12344787 -0.03090427 0.35301858
v -0.61189336 0.03544790 0.07529118
v 0.53150237 0.08413850 0.07236029
v 0.45386666 0.18532853 -0.07868423
v -0.54023558 0.13690591 -0.04117384
v 0.26176834 0.02053978 -0.37879384
v -0.54163140 -0.12722707 0.03688391
v -0.70264721 -0.00950194 0.05641381
v 0.27452472 0.31805721 0.04661966
v 0.32499775 0.28798640 -0.23202416
v 0.55404603 -0.00114934 -0.05232377
v 0.64181244 0.13984165 -0.06807225
v -0.23868358 -0.20684052 -0.00112923
v 0.39570010 -0.02415835 0.10118502
v 0.83163536 0.19836721 0.05097158
v 0.53585893 -0.04505038 -0.21882153
v -0.30311292 -0.29205650 0.16699411
v 0.30188531 0.46467015 0.23176296
v -0.59247214 -0.21743885 -0.00669940
v -0.71369845 -0.13475800 -0.03816248
v 0.46700153 -0.09320299 -0.07509837
v 0.25151455 0.02231776 0.01012217
v -0.61657172 0.05889750 0.09189752
v 0.57214403 -0.01596999 -0.23235410
v 0.24858940 0.04702835 -0.37983093
v 0.33825225 0.05669945 -0.35174224
v 0.54725903 0.00546830 -0.14630976
v -0.51464790 -0.12544949 0.02249844
v 0.45492971 -0.02839941 0.08121214
v 0.30322045 0.22263364 0.24684462
v -0.58519924 -0.00990801 0.18611071
v -0.53467387 -0.11507989 0.08865427
v 0.38035643 0.02956837 -0.33099732
v 0.42944878 -0.05406426 -0.01608740
v 0.39620626 -0.13512778 -0.09948020
v -0.47578934 0.17385222 0.13335973
v 0.62910157 0.02327935 -0.23197229
v 0.24448833 -0.03242563 -0.34851393
v -0.29951978 -0.37425181 0.27464345
v -0.27133644 -0.30344993 0.17403558
v -0.51877683 -0.11028005 0.15110023
v 0.46977070 0.16343039 0.07990770
v 0.30278239 -0.10763877 0.15231825
v -0.25937745 0.02051092 -0.25755024
v -0.20409507 -0.15704232 -0.29963985
v -0.34876332 -0.43487138 0.22107244
v -0.51632959 -0.27116385 0.18744712
v -0.16566877 0.27658877 -0.04797372
v -0.69378543 -0.01345257 0.13376197
v 0.31082910 0.40909055 0.20424305
v -0.23354790 0.01352276 -0.28611740
v 0.30004647 0.04688142 -0.38879508
v 0.45827436 0.01597290 0.12521593
v -0.33715168 0.06100959 0.09477226
v -0.39038330 0.20773005 -0.03824117
v -0.33745828 0.14182954 0.30138400
v 0.62215137 0.00240184 0.10859990
v -0.67789871 -0.18124764 -0.05758471
v -0.38674504 -0.37959546 0.27127135
v 0.71363646 0.11640729 -0.04376063
v -0.10051836 -0.07687470 -0.22656539
v -0.46508506 -0.30872810 0.06883325
v 0.29632908 0.41430128 0.19107819
v -0.66972315 -0.14254281 -0.05697435
v -0.68302453 -0.15729417 0.04706320
v 0.27948374 -0.13972773 0.21794432
v 0.55026031 0.07928102 -0.01042515
v -0.43874031 -0.11298305 -0.13920444
v -0.49399233 0.10646109 -0.01051523
v 0.57494313 0.09063639 -0.09634350
v 0.13616197 0.33147207 0.17000620
v 0.51881093 0.17837945 -0.03193774
v -0.48648256 0.07387582 -0.05540496
v -0.54367471 -0.00287921 0.21981204
v -0.56906223 -0.01690280 0.15854354
v -0.11023605 0.22159062 -0.18890774
v -0.59851307 -0.13367063 0.10068534
v -0.09102754 0.28568670 -0.07018916
v 0.33346227 -0.07051837 0.07300957
v 0.32555917 0.42114443 0.24357451
v -0.31636795 -0.02466297 -0.12504661
v -0.17754188 0.01652082 0.25074428
v -0.37455076 0.27927536 0.19318333
v 0.48761290 0.13266277 0.02498830
v -0.75749570 -0.14677654 -0.20014012
v 0.66472119 -0.01680421 0.03003674
v -0.46210748 -0.16214553 -0.07310517
v -0.29908508 0.02255137 -0.22187866
v 0.34430230 0.11123233 -0.11112007
v -0.01731218 0.17791605 -0.15491536
v -0.29731873 -0.28835499 0.19698863
v 0.60204864 0.11653796 -0.02224854
v -0.27652556 -0.27105352 -0.14417800
v -0.63287032 -0.12547201 0.07426091
v 0.37212455 -0.13092345 0.13200167
v -0.31560659 0.15957935 0.09513497
v -0.00164803 0.39310431 0.30893949
v 0.36965182 0.07962900 -0.20092010
v 0.31794381 0.45472631 0.23456271
v 0.62737215 0.00715324 -0.05358860
v -0.27775896 0.21223433 -0.13750510
v -0.48465848 -0.15792620 0.17785460
v 0.37530243 0.24481420 -0.17249870
v 0.10109191 0.33316046 0.15623644
v 0.65418363 0.05007425 0.02666321
v 0.60698754 0.05885792 -0.22066893
v -0.56943887 -0.12672706 0.09047407
v 0.05590419 0.42505839 0.04686313
v 0.39945954 -0.14973184 0.25951201
v 0.70131117 0.04923853 -0.17199799
v 0.65192413 0.00085159 -0.14082386
v -0.64637750 0.03786760 0.09929075
v -0.46359482 0.18253058 0.01507987
v 0.37165260 -0.07581919 0.24441011
v -0.61646247 -0.15583688 -0.00382735
v 0.50021839 -0.03652788 -0.00759933
v -0.56803185 -0.22868460 0.02552555
v 0.43486670 0.07055221 -0.24268150
v -0.22521149 -0.25800851 -0.00185065
v 0.56284529 0.12019445 0.01895239
v -0.21260822 -0.46295077 0.22111434
v 0.64783889 0.01754382 -0.22968093
v -0.55145633 -0.27262816 0.05385325
v 0.36362702 0.18662056 -0.12845090
v 0.17526747 0.36615777 0.28664172
v 0.45919296 -0.03369848 0.07547785
v 0.18981571 0.03950197 0.02620940
v -0.14143097 0.00725155 0.29758716
v -0.50621760 -0.03604022 0.04419556
v 0.34623116 -0.18032601 0.28804895
v -0.69174635 -0.18189067 0.00180622
v 0.15990852 -0.19585255 0.13999411
v -0.54487342 -0.00875861 0.21821250
v 0.30814409 -0.12196873 0.34712660
v 0.51935321 -0.06811060 0.21364060
v -0.68779486 0.06005914 0.00401269
v 0.15191412 0.35988286 0.23802139
v -0.39612556 -0.24338014 0.23176707
v -0.40063280 0.13883668 0.02201318
v 0.51360297 -0.06920820 0.05186779
v 0.26910436 0.07503313 0.28186235
v 0.31832188 -0.00699480 0.23537037
v -0.50767279 -0.34037352 0.20389028
v -0.27659753 -0.29681709 -0.00182179
v 0.16790748 0.43115056 0.14941922
v 0.29762042 -0.05004057 -0.25678763
v 0.55297136 0.09181233 -0.07186558
v -0.70771676 -0.13113126 -0.05260807
v 0.18539150 -0.00106245 0.29425877
v 0.71725631 0.08280578 0.02480425
v 0.08016679 0.28151271 0.26469207
v 0.40826854 0.16777962 -0.34551591
v -0.44389683 -0.31210259 0.23701246
v -0.04016346 -0.20999599 0.29481047
v -0.28080124 -0.42330515 0.20406820
v -0.73103023 -0.15204124 -0.04749535
v 0.43809044 0.10829923 -0.15057969
v -0.18454318 -0.28068545 -0.14624082
v 0.14721189 0.36726630 -0.00835854
v -0.50991720 -0.02393821 0.14651042
v 0.32512558 0.31670725 0.05110709
v 0.38191640 0.17052548 -0.06004312
v -0.49649692 -0.03057003 0.16141957
v 0.36070439 -0.17376596 0.28758311
v -0.42162204 0.07898401 0.05474776
v -0.38160801 0.05973089 0.06787871
v 0.62796426 -0.00717968 -0.04196296
v -0.36686552 -0.36094400 0.27988908
v -0.40413564 0.14072281 0.03368574
v -0.66990423 -0.17827049 -0.05505760
v 0.62638038 -0.00664944 -0.08626744
v -0.59667230 -0.08910500 0.08053631
v -0.51271236 -0.32590899 0.13126704
v 0.21423198 0.38771549 0.09558710
v 0.44531107 -0.05910402 -0.10672299
v -0.36661208 -0.10621610 -0.16523169
v -0.23254290 -0.25145566 -0.20994075
v 0.16197008 0.30408987 0.03561274
v -0.61842138 -0.14377177 0.00881684
v -0.39916092 0.09081504 -0.09831162
v -0.33038682 -0.18437576 0.14607662
v -0.77225351 -0.13087633 -0.15768929
v 0.11170741 0.38975221 0.21798767
v 0.71637386 0.08582546 -0.09247892
v 0.71456820 0.02570472 0.01778210
v -0.03045177 0.33919412 -0.05456588
v 0.45170140 0.03076191 0.02578171
v 0.32141504 0.08899303 -0.22040209
v 0.48311543 -0.08796576 -0.01227241
v -0.22233856 0.03214208 0.09408862
v 0.42446810 -0.07243184 -0.15651485
v 0.23558030 0.41289690 0.15638176
v -0.46883941 -0.24637252 -0.01058047
v -0.33767805 0.20095593 -0.09349027
v -0.53689253 -0.11863366 0.16537648
v -0.18763304 -0.40361470 0.29646656
v 0.73583049 0.02192746 -0.12724918
v 0.17712462 -0.07712492 0.39761537
v -0.71685678 -0.13184890 -0.15189129
v -0.56476563 -0.07598735 0.06784445
v 0.67008716 -0.01055873 -0.13819984
v -0.58903134 -0.09576377 0.02013314
v -0.55793881 -0.21148397 0.14998758
v -0.62685120 -0.20011459 -0.05287066
v -0.11588494 0.30325770 -0.02181354
v 0.53453749 0.13881375 -0.08860669
v 0.00164967 0.26107082 -0.15422657
v -0.11969949 0.22543183 0.26838258
v 0.65013969 0.05724058 0.04871489
v 0.57608598 -0.04054345 -0.05959627
v -0.20263678 0.21790579 -0.19075316
v 0.74536204 0.13837972 -0.11889680
v -0.32173449 0.16009027 0.10047737
v 0.04309290 0.42544827 0.16705811
v -0.44031519 -0.19798240 0.20418616
v 0.11253649 0.38240835 0.18888496
v 0.29001290 -0.10126239 -0.32426909
v -0.40500060 -0.36386475 0.18481727
v 0.01770385 -0.11540990 0.32314187
v 0.44225866 0.04393994 -0.04112387
v 0.68810272 0.07053578 0.06325673
v 0.32221541 -0.00336605 -0.33071953
v 0.45229945 0.02968780 -0.26209244
v -0.63296115 -0.14311086 0.01568059
v -0.59049106 -0.07553199 0.06186257
v -0.43072805 -0.38450509 0.16539025
v -0.32509249 -0.42991191 0.20162849
v 0.43509042 0.13199756 -0.04987594
v -0.20315050 0.20715767 0.22730714
v 0.59006363 -0.02342656 -0.21705157
v 0.39472663 -0.08544560 -0.01444282
v -0.18902817 0.23425332 0.21777843
v -0.04174971 0.12570000 0.12746215
v -0.74915403 -0.16010314 -0.09126536
v 0.23289530 0.44532719 0.20524612
v 0.05969174 -0.13043958 0.38501698
v 0.08233462 0.42158675 0.08218904
v 0.41809657 -0.08515094 -0.03701054
v 0.36058229 0.38520423 0.26287609
v -0.62953222 -0.09279896 0.03561977
v -0.43470466 -0.11809416 -0.13525043
v 0.21007827 0.37048745 0.19815899
v -0.25870734 -0.10112949 -0.12123743
v 0.24852708 -0.21892323 0.20693505
v -0.62226635 -0.16308148 0.00640326
v 0.13453516 -0.18444715 0.37295526
v 0.29758704 -0.01041084 0.27620298
v -0.41752857 0.19663009 0.00818452
v 0.43971369 -0.07883514 -0.01688932
v -0.45471814 -0.31495714 0.02939943
v -0.35397559 -0.27308795 0.23793082
v -0.62748134 0.05876804 0.12807021
v -0.59341067 -0.21595374 -0.12342711
v -0.22808501 -0.46085477 0.27008009
v 0.35597757 0.26449716 0.11142655
v 0.34669352 -0.19155832 0.27290896
v 0.53760499 0.19398680 -0.03171591
v -0.04926990 -0.11988762 -0.30505806
v 0.62683886 -0.00020486 -0.23530018
v -0.12116805 0.13196999 0.06335194
v -0.31034261 0.17267124 -0.16788538
v 0.19412908 0.42759961 0.18026544
v 0.28036451 0.06311914 -0.01709688
v 0.70042861 -0.01228449 -0.15817288
v 0.23221387 0.34940353 0.29654157
v 0.49141201 0.12055096 -0.16320959
v 0.30302110 -0.02934926 -0.27201942
v -0.00251577 -0.15349096 0.35729289
v 0.68762583 0.07593881 0.10208889
v -0.74888533 -0.15203837 -0.11785933
v -0.43040311 0.06983693 -0.06376509
v 0.34732136 0.25675276 0.08939409
v -0.44624901 -0.17519256 0.15040390
v 0.43069011 0.33048451 0.18854433
v 0.58294243 0.02271253 -0.14040053
v 0.20707835 -0.01818327 0.34007764
v -0.15687323 0.18785569 0.27268600
v -0.37912828 0.04992573 -0.17064026
v -0.07012887 -0.20755304 0.26692668
v 0.22565745 0.39555612 0.16002151
v 0.64860296 0.40866828 0.15571964
v -0.23280683 -0.21861392 -0.21031311
v 0.50820702 -0.04421848 0.01927619
v -0.15210435 -0.16265234 0.33268058
v 0.10650279 -0.01057901 0.33267659
v 0.63860601 0.11500219 -0.09499930
v -0.63501501 -0.13146642 0.01026163
v 0.43234718 -0.10573971 0.04839664
v -0.57838345 -0.20937604 0.13907604
v -0.38540721 0.18175411 -0.12640616
v -0.81614935 -0.11038905 -0.12109751
v -0.29844868 0.22750664 -0.10119390
v -0.52523875 -0.33490592 0.15627977
v 0.47512013 -0.00356030 0.09928721
v -0.31990626 -0.16773537 -0.27468702
v 0.16722378 -0.21549627 0.33652961
v 0.35216805 0.35894391 0.25233567
v -0.31414622 -0.29632649 0.15546335
v 0.56430352 0.00808479 -0.23773281
v 0.33462244 -0.09359795 0.20277831
v 0.41377228 0.00272916 0.16308199
v 0.56201577 0.06942853 0.21035284
v 0.65429282 0.12128253 -0.09222496
v 0.17031117 0.24153714 -0.18503992
v 0.26544225 0.27811041 0.20788236
v -0.24647188 -0.07032275 -0.02530202
v -0.58574605 -0.19036663 0.00413133
v -0.25375521 -0.07230712 0.15033028
v 0.21913303 0.34000936 0.04058819
v -0.03838109 0.16858247 -0.17640816
v -0.21789446 -0.16773655 -0.21208616
v -0.36711729 -0.35266098 0.08917827
v -0.65104437 -0.17455180 -0.07169233
v 0.25330880 0.19035085 0.26818544
v -0.51590198 -0.32391304 0.12531687
v -0.37729967 -0.15945429 0.02107469
v -0.36853343 0.21751428 -0.01377941
v 0.59084630 0.09512423 -0.21523650
v 0.28025919 0.01224423 -0.00619654
v -0.19993888 0.03661428 -0.31119773
v 0.34588373 0.01916254 -0.21024805
v 0.51454544 0.08245637 -0.22777334
v 0.50244075 0.12548143 0.10217221
v 0.36538634 -0.07843366 -0.14783970
v -0.02191106 0.33980292 0.00046425
v 0.31634897 0.16465856 -0.17070340
v 0.40713149 -0.11813082 -0.10406762
v -0.32213861 -0.07466139 0.36860150
v 0.63574874 0.05768115 -0.14880809
v 0.35396671 -0.08941280 -0.19035400
v -0.61118436 -0.25279456 0.03622516
v 0.46015370 0.00490704 0.12073687
v 0.33867162 -0.05358578 -0.30845922
v 0.43436301 0.22108066 0.05813313
v 0.73344791 0.04882620 0.04036050
v -0.18986194 0.20076507 0.23822993
v -0.34258395 -0.20460539 0.08584189
v 0.16902044 0.31967634 0.22222546
v 0.00528546 0.27829021 0.23833781
v -0.79818016 -0.09158595 -0.21201341
v 0.05758701 -0.20468217 0.26228642
v 0.65168828 0.09849242 -0.06486192
v 0.35372317 -0.01510710 0.00262747
v -0.44075504 -0.31123650 0.03711500
v 0.71214300 0.07856934 -0.01825210
v -0.72218782 -0.12622669 0.00013351
v 0.00277459 0.27959415 0.25098795
v -0.35820186 -0.10978523 -0.21498509
v 0.08870240 0.42058566 0.00445556
v -0.10039964 -0.15020135 0.31403261
v -0.11098504 0.15600179 -0.27456689
v -0.67546928 -0.10401707 0.05752762
v 0.53007680 0.17692712 0.07079168
v -0.32963619 -0.08712775 0.11175245
v -0.34968093 0.20627947 -0.00862901
v 0.28379193 0.06546839 0.31336266
v 0.12763962 -0.17625976 0.38305926
v 0.14989378 0.09821382 0.19806392
v 0.20839515 -0.13391441 0.00544268
v -0.50234586 -0.27315813 0.04625023
v 0.06263280 0.19904809 0.34436902
v 0.54233253 0.10570905 0.08590376
v 0.51836675 0.10607245 -0.18376818
v 0.45171618 0.02487374 -0.24645126
v 0.71433073 0.11687575 0.01752533
v 0.62889051 -0.01578942 0.00092465
v 0.31448260 -0.00457812 0.24156414
v 0.33837420 0.03546279 -0.13516390
v 0.59376723 0.13692239 -0.01024036
v -0.46539962 0.01277087 -0.04671498
v -0.54882544 -0.00755107 0.21839377
v -0.62556088 -0.06144554 0.08961921
v -0.60823941 -0.11173622 0.05100433
v -0.50443029 -0.04017553 0.04840254
v 0.21517791 -0.03167024 0.21727431
v -0.18564084 -0.29407528 -0.08854231
v 0.51124710 0.02132236 0.01628695
v -0.02629888 0.36972180 0.09870992
v -0.65914613 -0.19923113 0.01209526
v 0.25070095 -0.06031251 -0.37753090
v 0.22415654 -0.03208069 -0.39191607
v 0.71191704 0.00045810 0.02724527
v 0.05195194 0.45344535 0.10578465
v -0.48357874 0.15381180 0.13197005
v -0.58002687 -0.09662541 0.02114347
v -0.28955278 -0.09536955 -0.11897786
v 0.32073379 0.38434517 0.25775626
v 0.09522722 -0.09375345 0.30229318
v 0.65233862 0.21654814 -0.00040992
v -0.45735005 -0.38521564 0.10875405
v 0.38152719 0.30124775 0.27427623
v -0.57090008 -0.02830381 -0.02336936
v -0.75691271 -0.12887309 -0.14089559
v -0.29402420 0.07850295 0.18717383
v 0.33918190 0.22476332 -0.26577809
v -0.67797911 -0.09969920 0.02071746
v -0.08790144 -0.02263483 0.28870535
v 0.07217609 0.32999903 0.11869873
v 0.03847193 0.39683276 0.17836121
v -0.37072539 -0.05183548 0.32533139
v -0.22167300 -0.32514015 -0.01832446
v 0.08075038 0.42388386 0.07461128
v -0.23186851 0.18984289 -0.24010651
v 0.58374953 0.16304110 -0.01388363
v -0.39920098 0.10572574 0.21925470
v 0.37980232 0.42803329 0.22311455
v 0.35873473 0.39144158 0.21122953
v -0.49357340 -0.20918599 0.00651236
v 0.35595644 -0.19590630 0.29381877
v -0.21679723 -0.40802744 0.25816208
v 0.30016053 0.21282868 0.01559366
v -0.67891210 -0.15229620 -0.16357136
v 0.05858362 0.39840874 0.18166041
v -0.61339754 -0.20979713 -0.00411167
v 0.03921093 0.30489847 0.16939586
v -0.56738394 -0.19613919 -0.00651200
v 0.32945320 0.16987152 -0.23498437
v -0.75244045 -0.11978370 -0.09647567
v -0.34736061 0.12908939 0.28670919
v -0.73035097 -0.16668430 -0.08926644
v -0.41449720 -0.32900494 0.24411952
v 0.74750167 0.07966057 -0.12797953
v -0.77515250 -0.12344413 -0.07724553
v 0.38278905 0.05022674 -0.30247623
v -0.28660780 -0.20044187 -0.01551907
v -0.10967759 -0.01843276 0.30281472
v 0.21264412 0.36263028 0.13192302
v 0.45449635 0.11413775 -0.08333568
v 0.45341286 0.05456433 -0.26583162
v 0.40331072 -0.06557620 -0.24848630
v -0.58029914 -0.22222359 0.00933183
v 0.47476423 0.17594998 -0.09228542
v 0.29040220 -0.06703604 0.32494643
v -0.75894111 -0.15330163 -0.10978696
v -0.06338053 0.31231758 0.08887513
v -0.14825389 0.01923935 0.27960765
v -0.47301820 0.13104093 0.11497129
v -0.57727551 -0.21080694 -0.01698195
v -0.55137742 -0.35537845 0.06779905
v -0.77854025 -0.13487899 -0.09617003
v -0.50780296 -0.00450461 0.21735507
v 0.20150024 0.42426369 0.26129168
v -0.15730090 -0.43281969 0.28233674
v -0.20776047 -0.39484859 0.29703093
v -0.60558975 -0.03414656 0.01947467
v 0.00360983 0.20471762 -0.02487211
v -0.31626907 -0.33776748 0.16343428
v 0.25343779 -0.06412496 -0.34425202
v 0.29860446 0.35122800 0.27139395
v 0.45106915 -0.02521725 -0.04286043
v 0.65188062 0.15889709 -0.02842447
v -0.30558839 -0.34625000 0.07748595
v -0.32114530 -0.20859151 -0.27536938
v 0.03120920 0.25049528 0.29934168
v -0.46951017 -0.36363277 0.23451690
v 0.09691362 0.22316760 -0.19580038
v 0.58718199 0.01992536 -0.21512499
v -0.30378515 -0.20543838 -0.21375796
v 0.30068606 -0.16822287 0.28955054
v -0.58976883 -0.24104092 0.06860951
v 0.57363248 0.12568967 0.04613557
v -0.47991532 0.03652708 -0.06588227
v 0.31170815 0.33267179 0.04081429
v 0.60176462 0.11707209 -0.16782288
v -0.04213152 -0.02523320 0.34976393
v 0.16509882 0.00397013 -0.44509625
v -0.48058373 -0.19931696 0.21636912
v -0.30167541 -0.27446765 0.18612391
v 0.08091247 0.44157717 0.14079100
v 0.58797592 0.13140111 -0.07558534
v -0.21417953 -0.09917960 -0.04757832
v -0.51510149 -0.05066651 -0.02117121
v 0.66915601 0.09935249 -0.18934193
v -0.69005805 -0.12668797 0.03465963
v 0.42843226 -0.02787004 -0.27560821
v -0.31257555 -0.24139526 0.12681566
v -0.21920384 -0.46620172 0.24698475
v -0.25165346 0.24367392 0.09815823
v -0.28418922 -0.03168101 -0.28267211
v 0.11458495 0.32991192 0.15945670
v -0.56238562 -0.09216743 0.05232612
v 0.37357679 0.00694286 -0.32159293
v 0.33287653 0.46665436 0.19505534
v -0.37294206 -0.21837772 0.18946403
v 0.17047614 -0.11727956 0.32012993
v 0.45818794 -0.06882680 0.01694857
v 0.13232899 0.07782359 0.17975052
v 0.30874896 -0.12336644 0.16416267
v 0.27762064 0.28632164 -0.09540942
v -0.44334793 -0.11889459 0.10798514
v 0.42796910 0.04407887 -0.25699618
v 0.48677579 0.04529715 0.12829772
v 0.62391055 0.04308885 0.00041457
v -0.72396624 -0.11323909 -0.01191916
v -0.48337796 -0.30314437 0.11068955
v 0.26747805 0.15709317 0.07996821
v -0.09112427 0.22997031 0.26749063
v 0.13382962 0.43361956 0.12192217
v 0.39390931 -0.00710495 0.02775285
v -0.41591305 -0.08181658 -0.13218085
v 0.17653662 0.41996562 0.24872608
v 0.62423313 0.07626320 -0.02226378
v -0.30842775 -0.14965695 0.01997476
v 0.07923844 0.43011940 0.07941960
v 0.48589975 -0.04096260 -0.03333483
v -0.44679296 -0.26125461 0.24760950
v 0.41503939 0.08685098 -0.19476560
v 0.54931343 0.02375147 0.00137543
v 0.66384667 0.04941189 0.05012575
v 0.25581419 -0.05225346 -0.37312442
v -0.38907561 -0.34344462 0.05231561
v 0.67103618 0.04438574 -0.20034514
v 0.64910948 -0.00530118 -0.16900375
v 0.61303210 0.39090011 0.15441981
v 0.43886292 0.18158491 -0.04845448
v -0.66150802 -0.19807115 -0.01194164
v -0.71828961 -0.17691728 -0.10232303
v 0.29718477 -0.23638760 0.29849944
v -0.60845834 -0.21538958 -0.00542768
v 0.23884998 -0.02698779 0.11845548
v -0.59024620 -0.14491749 0.03572424
v -0.70308757 -0.16611005 -0.04590859
v 0.74674296 0.09190540 -0.09222299
v -0.03388601 0.02931819 -0.33135709
v -0.16607526 -0.01580816 0.20202208
v 0.13497190 0.45026141 0.14031304
v -0.83472323 -0.08286138 -0.12488197
v 0.57232636 0.04146288 -0.01641568
v 0.23918563 0.02233957 -0.44651520
v 0.46620050 0.04266350 0.02010331
v -0.61506355 -0.01159516 0.04457685
v -0.01175614 0.34217009 0.04226492
v -0.36484632 -0.25079522 0.23819235
v -0.56678170 -0.22656761 -0.01348049
v -0.41290802 -0.07531516 -0.12792808
v -0.56932175 -0.16188337 0.03291556
v -0.31022036 0.19644979 0.27515724
v 0.28739884 0.23586963 0.00559242
v -0.37208110 -0.13222177 -0.21843839
v 0.49648914 -0.04511764 -0.16324171
v 0.33043277 -0.00426409 0.25371337
v -0.31896996 -0.08564539 -0.25637725
v 0.33711237 -0.02255843 0.01894719
v -0.33262384 -0.19304919 -0.23034075
v -0.68344229 -0.17772898 -0.09023378
v 0.42563939 0.20603690 -0.09750365
v -0.68029946 -0.18881911 -0.01207568
v -0.53930748 -0.27597299 0.14857528
v -0.53761631 -0.21776822 -0.01940381
v -0.11849560 -0.03798374 0.15578258
v -0.53173590 -0.33469945 0.11834663
v 0.17511433 0.36276379 0.02060509
v 0.07531106 0.17030631 0.35038346
v 0.40585977 0.21678022 -0.19837695
v -0.22470832 -0.42320877 0.23713104
v -0.80888361 -0.11782900 -0.11600582
v 0.65321577 0.07440189 0.06332339
v 0.17518261 0.35448372 -0.00300689
v -0.61334556 -0.20209870 -0.00851311
v 0.33992016 -0.04982292 -0.36876717
v -0.09544051 0.23443502 0.26811355
v 0.71083254 0.13108048 0.03408410
v 0.22005613 0.41195932 0.27618217
v -0.10380417 0.16080023 -0.15887655
v -0.35613245 -0.26019317 0.21148916
v 0.15896030 -0.12282011 0.40480846
v -0.00924142 0.27963769 0.24789649
v 0.20483004 0.18534040 -0.08473894
v -0.05985916 0.12186103 -0.07764456
v 0.64355737 -0.00071242 -0.21313143
v 0.12841865 -0.10927253 0.37380153
v 0.45143825 0.03910513 -0.10840220
v 0.21071993 -0.16099055 0.38942856
v -0.27195945 -0.34216848 -0.00098064
v 0.61017507 0.08319115 0.02797082
v 0.38919371 0.13713545 -0.08221302
v 0.49085489 0.14210957 -0.12239071
v 0.32392991 0.16904394 -0.10149304
v -0.34295711 0.20198292 0.27404642
v -0.33093843 0.14696811 0.31456351
v 0.16693488 0.15804124 -0.02574954
v -0.44103360 -0.20606880 -0.08094935
v 0.00468097 0.34927487 0.06268571
v 0.02622809 0.12727608 0.07009644
v -0.38671362 0.20109178 -0.00456944
v -0.31348008 -0.30623299 0.14034669
v -0.58743161 -0.05661198 0.00583240
v 0.14456598 0.41701227 0.20871842
v -0.39569137 0.05460859 0.29353476
v 0.16007635 0.33026645 0.06508292
v 0.38023573 0.24269487 -0.14031228
v 0.57360590 0.02916770 0.02608225
v -0.59578377 -0.18927009 0.12253803
v 0.63707280 0.03847243 -0.17291319
v -0.51102442 -0.29914016 0.17291956
v -0.02719549 0.17978105 -0.21989657
v -0.52118099 -0.11861299 0.12302874
v 0.20906717 -0.18880352 0.17062393
v -0.52721786 0.02622317 0.13277149
v 0.41226900 0.14986397 0.15769419
v -0.74541998 -0.11982796 -0.17413828
v 0.56152028 0.09934617 -0.20904088
v -0.40957507 -0.35911125 0.16776852
v 0.69824868 0.13742352 0.01325612
v -0.28850836 0.01566148 -0.22573705
v 0.44451901 0.19527976 -0.11882473
v 0.18337844 0.12772575 0.34054691
v -0.35786027 -0.19642952 0.20101050
v -0.06181728 0.08744005 0.35040325
v -0.03135300 0.22353628 -0.05356426
v 0.29813409 0.00013838 -0.36398178
v -0.61116326 -0.22347182 0.04463787
v -0.14198616 -0.43423772 0.26798549
v -0.18244988 -0.24241987 -0.21070692
v -0.32909024 0.21013811 0.31102866
v -0.33107999 -0.32589474 -0.10796607
v 0.15667069 0.39784297 0.18539569
v 0.31759611 -0.08982916 0.21490757
v -0.62587196 -0.18193002 -0.08299262
v 0.64371401 0.09557648 -0.02580006
v -0.69498962 -0.17563170 -0.11825312
v -0.49895328 -0.05481510 -0.04740383
v 0.23389496 0.13125458 -0.19596598
v 0.46830875 0.16185339 -0.15773273
v -0.72955155 -0.13054115 -0.07239962
v 0.25137228 0.28968421 -0.01945421
v 0.12987776 -0.07698877 0.33131510
v -0.44467565 -0.01588747 0.26374060
v 0.41832247 -0.05805569 0.09986560
v 0.36797848 0.22171322 0.11335172
v -0.51176196 -0.21637896 0.20141731
v -0.83263826 -0.08958535 -0.13344288
v 0.62871617 0.20361128 -0.01279536
v -0.44761941 -0.20927347 0.18477282
v 0.04587562 0.45719823 0.09967978
v 0.12743625 0.43657151 0.14805266
v -0.00391176 0.29886091 -0.11567736
v 0.61889809 0.12660746 0.01306367
v -0.36934644 0.19641900 -0.06658781
v 0.60940957 0.05224032 -0.01897309
v -0.62052274 0.03119861 0.15137750
v -0.51639366 -0.01920672 -0.03367410
v 0.43385905 0.19757408 -0.15921775
v 0.39660150 0.23713279 -0.21331316
v 0.09223106 0.37663218 0.27764836
v -0.27968571 -0.34069794 -0.00859681
v -0.42585433 -0.41372931 0.21826062
v 0.07304692 0.41830426 0.03546777
v 0.58707559 -0.00449462 -0.22613433
v -0.59537661 -0.22067387 0.00307345
v 0.14681092 0.42326254 0.21826851
v 0.59970087 0.04538849 -0.07619958
v 0.53636003 -0.02136949 -0.04103633
v -0.34008044 -0.05818192 0.35194302
v -0.43315339 -0.28574938 -0.11309163
v -0.17912832 -0.32937720 -0.04467603
v -0.51471710 -0.21093148 0.20110841
v 0.64846909 0.02730413 0.05370153
v 0.44987980 0.16007222 -0.19668955
v -0.25346845 0.24649993 0.08096007
v -0.50867218 -0.02302570 0.22773550
v -0.41608375 -0.02290967 0.27063558
v 0.25041106 0.30285695 0.12824599
v -0.18901944 -0.30374354 0.02350744
v 0.20351684 0.23402363 0.31169057
v -0.52134180 -0.27589974 0.02809877
v -0.67370957 0.02912933 0.06867702
v 0.00343469 0.17295779 -0.19994783
v 0.22407493 0.12721363 -0.17428653
v -0.43939361 -0.41158050 0.22020967
v 0.40905350 0.05329729 -0.12563637
v -0.11957357 0.24477194 -0.17222826
v -0.64645576 -0.20779051 0.03214278
v -0.18180038 -0.42801577 0.28966475
v 0.42813662 -0.10556483 0.05197604
v 0.08832286 0.42206672 0.26165172
v 0.30786800 -0.18070991 0.17688361
v -0.38890249 0.17939308 -0.11032653
v 0.60517544 -0.02376976 0.04413012
v 0.27634257 0.02942535 -0.37041858
v 0.32964587 0.26938510 -0.26093611
v 0.11596428 -0.21581811 0.34910351
v -0.36999878 -0.42809749 0.19789773
v 0.36804295 0.14819098 -0.12212104
v 0.28806975 0.22126558 -0.04418200
v 0.58079457 0.01487662 -0.23077554
v -0.68423235 -0.16601314 0.04948140
v -0.44789791 0.12078142 0.13638943
v -0.05189503 0.32284403 0.01095563
v -0.21279165 0.21530980 -0.21081282
v 0.38604397 0.25710392 -0.02399345
v 0.57501221 0.07253438 -0.00497549
v -0.36089835 0.00764896 0.09596500
v -0.00081361 0.34728423 0.09411031
v -0.66511506 -0.15845403 -0.04570284
v -0.45125592 -0.35883379 0.23089698
v -0.30859923 -0.24870187 0.14365369
v 0.05304054 0.23093215 -0.19050400
v -0.50833845 -0.12111477 0.03433719
v 0.59521139 0.10969920 -0.03242241
v -0.26362407 -0.34374434 0.08347739
v 0.57330453 0.03886651 -0.02311031
v 0.64376253 0.01868113 -0.15517321
v 0.37832698 -0.01381541 -0.22540586
v 0.30596238 -0.10323550 0.22554632
v 0.54938865 0.04052474 0.05095701
v -0.19382751 -0.38770491 0.26633015
v 0.28915769 0.29070631 0.03554480
v -0.54531544 -0.26441547 0.13696916
v -0.20002651 0.05035115 0.24401906
v 0.60633725 0.01977383 -0.10023888
v 0.68554485 0.06356966 0.02960041
v 0.17970987 0.35999256 0.13077866
v -0.17115152 -0.40127403 0.28435138
v 0.62751967 0.09564699 -0.22608036
v -0.52939051 -0.16134688 0.04115078
v -0.71018314 -0.13762170 -0.05388208
v 0.56496018 0.11716735 0.00032679
v 0.57736939 0.15281144 -0.04964846
v 0.02085729 0.28782016 0.22795908
v 0.37875837 0.22131407 -0.12094227
v -0.58896202 -0.24663967 0.07465948
v 0.34058428 0.23287736 -0.26003268
v 0.56058991 0.09540089 -0.20357826
v 0.52226090 0.06218003 0.00041698
v 0.41186240 0.06723733 0.02002398
v 0.63278502 0.11658681 -0.03245769
v -0.29126495 -0.03791714 -0.21413860
v 0.70233977 0.01779597 -0.11421981
v 0.71641648 0.07778956 0.02539522
v -0.08129537 0.32538003 0.06403351
v 0.63885027 0.04314227 -0.15531348
v 0.05943318 0.32084659 -0.05244075
v -0.64310271 -0.20888856 0.01022023
v -0.66543722 -0.18992564 -0.16160643
v 0.41576052 -0.01173328 -0.29385072
v 0.37374148 0.45499262 0.19244507
v 0.44434455 -0.03473726 -0.24104220
v -0.45086238 0.14279212 0.24058667
v 0.61816806 -0.00536176 -0.03106996
v 0.24484657 0.13029668 -0.19950953
v 0.26707453 -0.06604549 0.27041906
v -0.66772527 -0.19232482 0.02719819
v -0.41564396 0.10892661 0.04697055
v -0.85803044 -0.08855003 -0.12490878
v 0.36224928 -0.19203654 0.18136972
v 0.12155657 0.10751239 0.20725301
v 0.34466958 0.16676188 -0.22155665
v 0.43750054 -0.07291846 0.23495078
v -0.68028283 -0.14122523 -0.08763471
v 0.11747235 0.08309813 0.20182374
v -0.78497726 -0.09761968 -0.12347913
v 0.60042417 0.06217409 -0.04203755
v 0.00493754 0.36299434 -0.02589774
v 0.40283370 0.33675790 0.15916644
v -0.69157094 -0.14130795 -0.09573737
v 0.61578453 0.12433653 -0.03180183
v 0.25979903 0.21666986 -0.19577172
v -0.32268670 -0.12479849 -0.26737088
v 0.36941406 -0.09655512 0.15067358
v 0.63867307 -0.01815819 0.04752024
v -0.23195542 0.03354986 0.20249985
v -0.32022688 -0.39541769 0.21056294
v -0.22682318 -0.00199325 -0.30647022
v 0.58134311 0.09081136 -0.16302007
v 0.24976689 -0.21646482 0.20891929
v -0.24852234 0.21748996 0.13681871
v -0.61580819 -0.21888807 0.07204183
v -0.79382128 -0.10015751 -0.11429116
v -0.66008633 -0.19367746 -0.20402363
v 0.62857002 0.08516859 -0.16076607
v -0.29373506 -0.03260623 -0.12152309
v -0.17648694 0.13352880 0.39080682
v 0.24416208 0.31312218 -0.16016315
v -0.39313757 -0.32794431 -0.00948274
v 0.32970124 -0.16196585 0.14060101
v 0.34108388 -0.07502914 -0.37651280
v -0.31627589 -0.26520291 0.17327182
v 0.45704961 -0.08099461 -0.03019068
v -0.34935915 -0.42643255 0.26584637
v -0.26005328 -0.44437003 0.25136039
v 0.69854665 0.04946613 0.06286936
v 0.25538781 0.40196896 0.18929151
v 0.44149256 -0.08834679 -0.01763071
v -0.11397911 0.27184778 -0.12406345
v 0.63114470 0.11753140 0.00455281
v 0.26894471 0.29087132 -0.00288244
v -0.55867326 -0.07111375 0.09246169
v 0.55752093 0.17434606 -0.03712116
v -0.41364765 0.07273684 0.19265518
v -0.59694493 -0.18583697 0.00895862
v -0.53368729 -0.01129499 0.20818874
v 0.24862474 -0.20258188 0.31211039
v 0.41024417 -0.07821009 -0.20454183
v 0.55495155 -0.04881846 0.01663316
v -0.38257897 -0.39033186 0.19353032
v -0.40664387 0.07613648 0.23726293
v -0.65605736 -0.18659188 -0.19857070
v -0.19500953 -0.15255766 -0.18890086
v -0.19030783 -0.25828433 -0.08436672
v -0.59338570 -0.03179465 0.08604468
v 0.56952947 0.08496877 0.05743305
v -0.62579221 -0.18658081 -0.28596950
v -0.26146466 0.23252431 -0.13037503
v 0.41055465 0.20726942 -0.17627856
v 0.62647504 0.03299200 -0.17017370
v 0.79194075 0.14520681 0.03513989
v 0.61199176 0.05496994 -0.02269316
v 0.21433166 0.26503763 0.05668304
v 0.53517312 0.04575263 -0.23066893
v -0.09877250 0.31305325 0.07266887
v 0.29665649 -0.18939897 0.31732577
v 0.21255583 -0.17496392 0.32984862
v 0.16936651 -0.21874967 0.33277255
v -0.45714214 -0.38086691 0.11987519
v 0.40861702 -0.01038382 -0.01096610
v -0.66843230 -0.14986372 -0.08914293
v -0.40860891 -0.25189817 0.21968071
v 0.34247631 -0.04779951 0.22564521
v -0.34612942 0.20705228 0.27231503
v -0.68837267 -0.16537231 0.00786881
v 0.53698063 0.08215682 0.10237792
v -0.14134786 0.10032575 -0.22532666
v 0.42252839 0.07690027 0.14238417
v 0.34889001 0.22791909 -0.20750847
v 0.11802958 0.38454503 0.15282491
v 0.63346863 -0.01219569 -0.16297686
v 0.41746372 0.07666576 -0.02971186
v 0.38885373 0.03067953 -0.13136789
v 0.65993917 0.07643755 -0.06217461
v 0.48254424 -0.08244099 -0.04246402
v 0.50377667 -0.02961665 -0.16737029
v 0.30078280 -0.08607084 0.06836320
v 0.58902395 -0.00848039 -0.10151784
v -0.56216669 -0.12994342 0.10853636
v 0.53315657 0.19613650 0.02706311
v -0.12142506 -0.40323144 0.26896504
v 0.31539050 0.30066842 0.12154937
v 0.21373613 -0.19242823 0.05793516
v 0.70410317 0.08684109 0.02683357
v 0.14238945 -0.13074678 0.40309140
v -0.03420248 0.17123428 0.33293378
v -0.39535525 0.05356388 0.22621629
v -0.46822461 0.10763460 -0.01048204
v -0.24292776 -0.05543713 -0.03663127
v 0.37079832 0.14996551 -0.01092631
v 0.22567831 0.01412608 0.18801099
v -0.34205016 -0.38966042 0.19764839
v 0.13677782 0.34620601 0.04444579
v -0.21826258 -0.44956911 0.24610950
v 0.33534446 0.23837298 0.02985308
v 0.39371794 0.04101284 -0.12811381
v 0.52963775 -0.01655195 -0.08485992
v 0.25008366 0.26482767 0.22875191
v -0.46824002 -0.41892523 0.24221523
v -0.35478482 -0.28150225 -0.16831073
v 0.42610741 -0.05024935 0.10860471
v 0.36570302 0.07252450 0.23905590
v -0.48818049 0.14491297 0.13765863
v 0.23113278 0.30072939 0.00299966
v 0.77214271 0.14715722 0.05168947
v 0.22967041 0.29386559 -0.34500107
v -0.05324235 -0.17024454 0.38976216
v 0.12196504 0.34273762 0.07865582
v 0.47434634 0.05105451 0.13463314
v 0.23089942 0.15174058 -0.06280872
v -0.24350390 -0.15499653 -0.13784477
v 0.16903347 0.25141427 -0.06753138
v 0.40253097 0.23480442 0.06345150
v -0.39686158 -0.25410059 -0.08872011
v 0.24745786 -0.05718179 0.37816757

