# https://github.com/mikedh/trimesh
v -0.37094679 -0.16979702 -0.27970752
v 0.15403457 -0.00125132 0.47531343
v 0.35563791 -0.34881803 0.09828283
v 0.40896800 -0.32647580 0.23742743
v 0.32982814 0.36848608 0.17578942
v -0.68543029 0.09945748 -0.02512601
v -0.23031263 0.11003326 -0.45229575
v -0.05238252 0.22184408 0.48421228
v -0.47618100 -0.19280151 -0.11501308
v 0.06332235 0.27471122 -0.25100094
v 0.05741154 -0.17128608 0.52931601
v 0.57740670 -0.04804788 0.30457133
v 0.30874181 0.37396941 0.18412909
v -0.42044947 0.34554067 -0.12614623
v -0.64273220 0.08024020 0.04110846
v 0.07075942 -0.17909189 -0.60754466
v -0.24766955 0.22701599 -0.26956257
v -0.12974912 -0.18405303 0.41748667
v 0.46446034 -0.26879135 0.08747636
v 0.22854272 0.28688687 -0.21160665
v -0.20006996 0.06943187 -0.40547755
v 0.07292513 -0.22329503 -0.68937939
v -0.37204939 -0.19421670 0.27571058
v 0.27070722 -0.38067243 0.13925038
v 0.38739941 0.34058827 0.10391025
v -0.13427794 -0.14913559 -0.41497386
v 0.67151845 0.22332817 -0.02044516
v -0.63123333 0.19998017 -0.11505772
v -0.23559399 0.04508802 -0.42843157
v 0.65825462 0.16704060 -0.00461315
v -0.37025535 0.06438500 0.47291154
v 0.10079336 0.41412547 0.02289452
v -0.30952328 -0.25696737 0.24994509
v 0.11336417 0.41939610 0.05136861
v -0.14849345 0.32651192 0.20794906
v -0.04896990 0.36396044 0.11956446
v 0.01772056 -0.07001466 0.51720798
v 0.25640810 -0.30701917 -0.22228563
v 0.39546132 -0.32595822 0.07195337
v 0.16544205 -0.40093303 0.08556556
v -0.58016706 0.01597054 -0.03027637
v -0.38187885 -0.15506573 -0.54295212
v -0.24858591 0.30890465 0.35184085
v -0.37589028 0.27090752 -0.38372940
v -0.34283534 0.31871030 0.19145173
v 0.09545501 -0.38541058 -0.00587100
v 0.67554027 -0.01054323 0.22090775
v 0.44339490 0.30314359 0.08645846
v -0.44392228 -0.04325425 0.29897514
v 0.43389854 -0.11521391 0.38707936
v -0.30963796 0.04744120 -0.54135227
v 0.47688651 -0.17242292 0.28660002
v -0.33522335 -0.27619180 -0.14395565
v -0.23900656 0.22693375 -0.36348110
v -0.30003366 -0.48371422 -0.40322322
v -0.30484799 0.26887241 -0.12326457
v -0.26154098 -0.07311106 -0.53865510
v -0.28090209 -0.36997607 -0.51948094
v -0.31976342 -0.07097396 0.43860263
v 0.52704215 -0.15266009 -0.18265495
v 0.05219973 0.20175576 -0.36577687
v 0.36074492 -0.02538054 0.44460440
v 0.73809141 0.22388214 0.02301709
v 0.67953598 -0.01277742 0.14362952
v -0.28607455 -0.24048075 -0.50172901
v 0.09594071 -0.09086286 0.52706331
v 0.49434495 -0.18320674 0.24874607
v 0.12015083 0.23027228 0.45274428
v 0.58114082 0.01658426 0.05738942
v 0.65981293 0.11422748 0.19265166
v -0.03076135 0.22469580 -0.27972192
v 0.37859714 0.28114915 -0.08413886
v 0.31294703 0.22996463 -0.26072937
v -0.19802630 0.18458030 -0.30228770
v -0.47075278 -0.15008724 -0.22165775
v -0.05742101 -0.24813566 0.44002014
v 0.00738914 -0.20104340 -0.37470156
v 0.12271973 0.26077032 0.43874240
v -0.04653615 -0.09255468 -0.63429505
v -0.54202092 -0.03966306 -0.29892477
v -0.46167600 -0.04798096 0.24391422
v 0.56884199 0.15785837 0.22204280
v 0.15322460 0.08815815 0.48757771
v -0.47517896 0.14383197 -0.41874444
v -0.30224463 -0.27482772 -0.46877679
v 0.24675451 -0.37370741 0.19429864
v -0.56116575 -0.12175963 0.05629434
v -0.03604925 -0.31525606 -0.16748902
v 0.27045834 -0.33049893 0.36406326
v 0.09814499 -0.03138624 0.52161872
v -0.27889293 -0.11227920 0.52970648
v -0.26407689 -0.45978254 -0.48813254
v -0.59958661 0.05968223 0.08086409
v 0.37985155 0.07594641 -0.30489364
v -0.44050694 0.29405457 0.03818606
v -0.28946754 -0.14642163 0.52524936
v -0.20371956 -0.10869406 -0.51587081
v 0.11978019 0.20742330 -0.33294660
v -0.31083006 -0.15674691 -0.51110840
v -0.38827747 -0.17909394 0.27906227
v 0.16001794 0.39065030 0.22669883
v 0.06358197 -0.24952215 0.50925571
v 0.46789068 0.08472785 -0.23490480
v -0.29600289 -0.44262102 -0.41535491
v 0.30501300 -0.20374568 -0.29642498
v -0.39311770 -0.35912877 -0.50769687
v -0.35741967 -0.32069176 -0.46570379
v -0.07509696 0.33426112 -0.09358382
v -0.51161540 0.17577715 -0.34052134
v 0.05240821 -0.13078819 0.53745729
v -0.35297835 0.09125869 0.47114819
v 0.04463737 0.37279838 0.45343834
v 0.37815070 0.18317296 0.41437143
v -0.27789786 -0.28617582 -0.50034332
v 0.36415830 -0.34555539 0.13438043
v -0.23030315 -0.11456421 -0.52028590
v -0.04323681 -0.23478910 0.38840026
v 0.50170112 0.07185389 -0.19790442
v -0.18047005 0.20211034 0.51832336
v 0.63564724 -0.03900563 0.27034768
v 0.48287314 0.03159649 -0.22686319
v 0.02051777 0.35813588 0.02646278
v -0.11683325 0.29476684 -0.12220634
v 0.15133391 -0.38264167 0.23789793
v 0.55571008 -0.17276299 0.10269706
v -0.02471548 0.34296441 0.22966044
v -0.33547118 0.19212471 0.43380392
v -0.41739339 -0.25829306 0.10809430
v -0.34250724 0.31273368 -0.21592337
v -0.33374590 -0.14883831 -0.53094441
v -0.56084323 0.14954437 -0.19848946
v 0.09474328 -0.40189722 0.10793101
v 0.42890286 0.08789615 -0.28401893
v -0.28403497 -0.28024960 -0.51639259
v 0.39169934 0.25367770 -0.13503167
v -0.30770645 0.22500183 0.32823557
v -0.45960471 0.33028704 -0.16273588
v 0.33556557 0.18781836 -0.26682812
v -0.64249671 0.16844232 -0.09365255
v 0.25922441 -0.25696033 0.46573278
v -0.28364941 0.05001184 -0.53700060
v 0.62955016 -0.03219386 -0.01399885
v 0.48513719 -0.18962421 -0.10772690
v 0.18014292 0.37950492 0.28319684
v 0.01006188 -0.33278272 0.45569363
v 0.03840767 -0.35782251 0.33119044
v -0.05733667 0.22887731 0.47572866
v -0.32668930 0.09147996 0.47415730
v -0.46933350 -0.13989368 -0.17218906
v -0.08961676 -0.17862269 -0.64731884
v -0.19407375 0.04040220 -0.49852648
v -0.26576424 -0.31849593 -0.05475654
v -0.07512239 -0.03541786 -0.54948175
v 0.39543721 0.17661774 0.40200275
v -0.02573269 -0.16331097 -0.55899012
v -0.15262923 0.35537142 0.02372230
v -0.28864616 0.26028225 -0.15175778
v 0.33040279 -0.37374973 0.01993208
v -0.37584847 -0.23551695 -0.55925226
v 0.47236073 0.25474194 0.11216294
v -0.29721493 -0.39863852 -0.42776495
v 0.18548343 -0.18025443 -0.37483174
v -0.17149334 -0.31668550 0.03000632
v 0.49601075 -0.11123157 0.34089497
v -0.45768154 0.24097784 0.17184936
v -0.51112545 0.00516775 0.15783246
v -0.02244983 0.37849045 0.03202073
v 0.53191930 -0.21017374 0.13120906
v 0.12488265 -0.29965094 0.45515588
v -0.47833398 0.32281440 0.04403547
v -0.37938368 0.30714586 -0.31334218
v -0.47574589 -0.04888539 0.20106606
v -0.09343132 -0.29230350 0.43532717
v -0.08875585 0.32753336 0.44464946
v 0.13447621 0.08962016 0.48921964
v 0.26108259 -0.33583814 0.34367758
v 0.44347525 0.13534825 0.38140422
v -0.26013497 -0.31342235 -0.05970922
v 0.63690346 -0.02445820 -0.00482681
v 0.44286558 0.13083522 -0.19958031
v -0.29309857 -0.22860448 -0.51792967
v 0.06317142 -0.18967499 -0.66792142
v -0.46211788 0.24923845 0.00503392
v -0.41941589 0.32200608 -0.25774372
v -0.53387618 0.22040829 -0.24214205
v 0.14970407 0.10672180 0.48949924
v 0.12991245 0.35115319 0.37189820
v 0.58138561 0.18324792 0.09597649
v -0.30065250 -0.24688053 0.27105474
v 0.56320488 -0.11502723 0.27762359
v -0.09080896 0.36575118 0.41933009
v 0.11651663 0.33672360 0.45516115
v -0.01582522 0.25963959 0.44065639
v -0.08964539 0.34574300 0.36808887
v -0.38158020 -0.25919732 -0.44356623
v -0.43600333 0.33342946 0.08162366
v 0.64169699 0.09351437 0.06638213
v -0.55363643 -0.07252103 0.07755621
v -0.03179158 -0.29015037 0.50042158
v 0.27330932 0.25424838 -0.27711013
v 0.22865701 0.36122170 -0.02151009
v -0.24380127 0.20776695 -0.34349954
v -0.01663163 -0.12927374 -0.67013043
v 0.16710459 -0.19915456 -0.32649562
v 0.54609489 -0.14063181 0.03507454
v 0.38573366 -0.10348513 -0.31557554
v -0.45545599 0.04049239 -0.43761405
v -0.25021860 0.19000491 0.38305175
v 0.25597638 -0.37566373 0.08103019
v -0.44291663 -0.16113003 -0.24874988
v 0.02465247 -0.30742863 0.51961535
v 0.74771988 0.07902008 0.10652339
v 0.19885597 -0.35523474 -0.02660107
v 0.60634583 -0.08402381 0.28250176
v -0.33726612 0.25777048 -0.14370719
v 0.17740332 0.35050589 0.40561771
v -0.02522714 0.32898498 0.14010254
v -0.15881708 0.24370928 -0.26034105
v 0.63003409 0.05748491 -0.07454840
v -0.23587781 0.31995371 -0.03478908
v 0.15842864 -0.16706458 0.51131910
v 0.37496081 0.33353120 0.24474308
v 0.03483373 0.36477721 0.25792861
v -0.08598356 0.35025111 0.01455109
v 0.29993999 0.05711298 -0.37884483
v -0.09901220 -0.17931649 -0.63758373
v -0.31232786 0.07348236 -0.52557933
v -0.10240868 -0.19031081 -0.57602793
v 0.45975399 0.12362824 0.38183719
v -0.41937160 -0.24408951 -0.07819037
v -0.30252999 -0.39272714 -0.53110635
v 0.43094876 -0.28522244 -0.01519766
v 0.66187990 0.04316692 0.11525976
v -0.19932240 0.11130805 -0.38163251
v 0.60815728 -0.13365775 -0.07726413
v -0.34011140 0.09355216 0.47477400
v -0.09635537 -0.14436918 -0.66140807
v -0.08534432 0.07944559 0.51433629
v 0.70660824 -0.01803859 0.13342887
v -0.39093164 -0.27150810 0.14800970
v -0.07701411 -0.20178126 -0.61763316
v 0.48501122 -0.25300619 0.02840597
v -0.55935311 0.25742504 0.02979165
v 0.13212946 -0.17870043 0.49294350
v 0.22682503 0.39171684 0.10928857
v -0.56442750 -0.05005298 -0.12157209
v -0.34368658 -0.21942759 -0.54531533
v -0.22037378 0.04548599 -0.46293974
v -0.35159785 -0.27021700 0.18965797
v 0.63972628 -0.13703656 0.07386761
v -0.51912069 -0.07372683 0.12668368
v -0.36768031 -0.11799689 0.49544394
v 0.50087768 -0.04482112 0.38184917
v 0.08546640 0.27220979 0.44967830
v 0.33059061 -0.05952380 0.49106085
v 0.08751969 -0.27803805 -0.64052922
v -0.40466583 -0.23626058 -0.48829764
v -0.39634842 0.02324944 0.34856951
v 0.41701388 0.31466991 0.01154495
v 0.24066216 0.32734117 -0.02414283
v 0.34954256 -0.35493365 0.00068814
v -0.40991765 -0.15807217 -0.42654625
v -0.55930060 0.17809606 0.08395501
v 0.15315980 -0.39409098 0.07039434
v -0.16672994 0.34566832 0.41444296
v 0.08600368 -0.04879032 -0.43466869
v 0.47076017 -0.21425636 -0.08474069
v 0.65081209 0.01924539 -0.02148206
v 0.13695590 -0.39536700 0.21607219
v -0.12330074 -0.02106868 -0.55167770
v -0.50885385 0.26039362 -0.06610662
v 0.40043926 0.22807232 -0.13025299
v -0.38151723 -0.18594176 -0.53254992
v -0.46013150 -0.01715546 0.24014065
v 0.64984792 0.01413287 -0.01541923
v -0.33566445 0.34054923 0.14731173
v -0.47505108 0.30137450 -0.08722340
v 0.11886246 0.01869727 0.50580186
v -0.42384377 -0.05921166 0.44020945
v -0.24136129 0.18507038 -0.36902481
v -0.33139548 -0.10399370 -0.50719965
v -0.43285987 -0.11973356 -0.43503577
v 0.06982768 0.10601412 -0.39356163
v 0.52138770 0.06818149 -0.17242937
v 0.32717144 -0.19719413 0.48898694
v -0.10315703 0.00547079 -0.41850641
v 0.57756811 -0.09716281 -0.00577456
v -0.13819723 -0.30689308 0.47046965
v 0.50956231 -0.23293690 0.13298261
v 0.07565533 -0.25343314 0.53764737
v -0.43051550 0.32108191 -0.08888082
v 0.20169720 0.28985268 -0.22898988
v -0.54856837 0.21530658 0.07075961
v -0.41624275 0.24130830 -0.39975399
v 0.44614893 0.28600344 0.02664896
v -0.29130304 -0.30661008 0.12572300
v 0.39422578 -0.31090748 0.01787538
v 0.53200775 0.16127141 0.23921768
v -0.22443186 0.30628997 -0.05859468
v -0.01678292 -0.31072024 0.32703710
v -0.48871505 0.30308020 -0.15503231
v 0.25960508 -0.03373027 0.48863989
v -0.42346045 -0.10199142 -0.49415693
v 0.15831983 -0.39946920 0.06294288
v -0.27368748 -0.32518753 -0.51873499
v -0.25727621 -0.08087616 -0.55207163
v -0.28788331 -0.36812106 -0.51670241
v -0.39016908 -0.37383050 -0.51158285
v -0.64473999 0.08211637 0.04232466
v -0.28990605 0.31006563 0.43354928
v -0.13413239 -0.31588373 0.07371034
v 0.45239443 -0.27518272 0.08802067
v 0.40772426 -0.28371045 -0.01737582
v -0.12906079 -0.25802726 -0.31151405
v -0.61908758 0.20756659 0.05104334
v -0.44455436 0.24185771 0.17138717
v 0.09592795 -0.40099585 0.13140571
v 0.57116479 -0.11140265 0.28556725
v 0.04319134 0.41548738 -0.00995534
v 0.62648600 0.05084987 0.04559131
v -0.00444232 -0.33506915 0.32745507
v -0.21277578 0.06131506 -0.39603841
v -0.14593726 0.03371499 -0.42149612
v -0.34822509 -0.39377117 -0.37822682
v -0.15686454 0.33482128 0.08043322
v -0.44576102 -0.02694765 0.30696955
v -0.57181549 -0.02049553 -0.25878465
v -0.32207507 -0.26832780 -0.55460620
v -0.11740568 0.38479990 0.08182962
v 0.53848284 0.00490119 0.33724207
v 0.55166644 0.01146717 0.31350797
v 0.10301077 -0.21645142 -0.60629678
v 0.14787346 -0.24425398 -0.58731079
v 0.56001151 0.05132433 -0.11508396
v -0.15408058 -0.00769853 0.52325052
v 0.64912081 0.16945471 0.04502103
v -0.31570935 0.29528803 -0.16560808
v -0.31902242 0.06579152 0.36798248
v 0.33163556 0.35888734 0.12453090
v -0.20172626 0.16095529 -0.40273649
v 0.62415791 0.24254470 0.06848270
v 0.13155375 -0.36152625 0.33362091
v 0.10730232 0.27302128 -0.27332258
v 0.06355060 -0.04037558 0.51853365
v 0.40566784 0.20606279 0.37156811
v -0.16959333 -0.31757846 -0.03589197
v 0.07996174 -0.01234376 -0.41956010
v 0.34965613 -0.25203970 -0.25459567
v 0.50069153 -0.15519913 -0.15985592
v 0.60314357 -0.05402185 0.15084729
v -0.40343049 -0.07366784 0.43641210
v 0.53605479 0.19985077 0.23352461
v 0.12459862 -0.29147312 -0.22581056
v 0.19867350 -0.31600797 0.39802727
v 0.66620839 0.06158381 0.21640754
v 0.32888061 0.29001582 -0.08889779
v 0.56336963 0.03066891 -0.15420511
v -0.34970123 -0.18882655 -0.45342949
v 0.11541265 -0.22098964 -0.58974636
v -0.23769636 0.04979594 -0.52686846
v -0.43419209 0.29737636 -0.32033467
v 0.35200340 -0.35509151 0.06969398
v -0.17524929 -0.25134888 0.50053710
v -0.48518813 0.23579723 0.08996576
v 0.16912916 0.17460927 0.45330334
v -0.16351414 -0.28642380 0.22248647
v 0.55131143 -0.10910625 0.24445239
v 0.62303269 -0.08650612 -0.08236375
v -0.13563919 -0.18014491 -0.39921117
v -0.42766735 -0.18248709 -0.20513250
v 0.26161078 -0.01920018 0.48568606
v -0.31269285 -0.30575028 -0.06114912
v 0.26070440 -0.29570466 0.40893918
v 0.48457879 -0.22961140 0.26323292
v 0.05631661 -0.38387856 0.25845945
v 0.59202403 0.04208612 -0.05438022
v 0.00615293 0.32432985 -0.09808192
v 0.18672389 -0.29280540 0.42448109
v 0.09570241 0.38588220 0.17885476
v 0.38326681 -0.30957425 0.30909976
v -0.35053945 -0.24458513 -0.55473608
v 0.47980747 0.28382403 0.12220298
v -0.06560007 -0.07509648 -0.63800901
v -0.02162805 -0.33064780 0.06732076
v -0.44620422 -0.18062460 -0.18297298
v -0.36455426 0.21349987 0.21915610
v -0.20168757 0.05263235 -0.39301112
v 0.43385723 -0.24631420 0.30480227
v -0.29647899 0.30723947 0.00750794
v 0.07662700 -0.21710892 -0.65046072
v -0.30215117 0.07387253 0.51541805
v 0.40811309 0.32666436 0.22310537
v -0.34585658 0.21525863 -0.45156893
v -0.11942388 0.30878642 0.34608164
v -0.22000015 0.31865045 0.44040468
v 0.36536199 -0.09204283 -0.34830990
v -0.56321728 0.07596418 -0.22175305
v 0.34617645 -0.32824156 0.24948817
v 0.34760898 -0.10507144 -0.34743661
v -0.16282764 -0.31451839 0.06728046
v -0.12594368 0.37242392 0.03040420
v 0.46125913 0.16584972 -0.14678521
v 0.58391380 -0.02198096 0.16627388
v 0.06206051 0.37234905 0.21839991
v 0.63362616 0.16524044 -0.02692663
v -0.28121901 -0.20599012 0.34759781
v 0.47287011 -0.24914196 -0.06994911
v -0.04235413 -0.17671035 0.53161800
v -0.37173337 0.27427164 -0.09430042
v -0.35250577 0.06507314 -0.49911422
v -0.07357187 0.37253943 0.45579267
v 0.11137080 -0.28566238 -0.61621612
v -0.47803062 0.26887864 0.07664959
v -0.29756728 -0.19320959 0.36691922
v -0.12295234 -0.23980395 0.42883733
v -0.08265948 -0.24003613 0.52571046
v 0.59238523 -0.00452946 -0.13440409
v 0.46748549 -0.22322032 -0.09647540
v -0.31337094 -0.12437429 -0.49137738
v -0.43663397 0.05269038 0.24753697
v 0.42672771 -0.27334297 -0.06769364
v 0.12159944 0.33622217 -0.04387990
v -0.52628779 0.00377634 -0.32413045
v 0.27235836 0.34401107 0.38350919
v -0.23282185 0.29288444 0.45035055
v 0.57491887 -0.14127477 0.15292948
v 0.21557592 0.28250960 -0.25128475
v -0.05331508 0.31019568 0.37219656
v -0.31873852 -0.07355126 0.43034738
v -0.27890858 -0.51591778 -0.43561938
v 0.58460575 -0.09418979 0.14590760
v -0.24257851 0.04415131 -0.52497327
v -0.02905603 -0.34437782 0.26164922
v 0.23789944 0.05820046 -0.39606798
v 0.12952276 -0.36653990 -0.01012315
v -0.31959179 0.19475676 0.42470142
v 0.01800762 -0.01369883 -0.41901442
v 0.30159557 -0.25944817 -0.26082754
v -0.35447168 -0.15985210 -0.35574865
v 0.56438565 0.16665719 0.24585655
v 0.39452493 0.34326577 0.15172932
v 0.31044492 0.32156608 -0.02895628
v 0.55873185 0.00197702 -0.15078479
v -0.19974732 -0.12432273 -0.58682072
v 0.45710155 -0.11703134 -0.26732722
v 0.23911706 0.36718401 0.32938251
v -0.59163654 0.15299538 0.06986549
v 0.60091692 -0.12241663 0.12336192
v 0.68103015 0.14831884 0.22377983
v -0.13583490 0.33773467 -0.02086708
v -0.05765645 -0.16282271 -0.67051387
v 0.42172480 -0.02566781 0.42556939
v -0.29676163 -0.35483250 -0.52964944
v -0.19116256 0.31911251 0.28088158
v -0.56680274 -0.12252907 -0.01071154
v -0.00323118 0.31418383 0.44865939
v -0.55839366 0.06115309 -0.39652234
v 0.18457073 0.27154028 -0.25328237
v 0.03001172 -0.39065340 0.19859254
v 0.31144491 -0.19760180 -0.29747528
v -0.26891151 0.15586533 0.43441918
v 0.27623728 0.11847322 -0.31290898
v 0.59260941 0.13858113 0.07417084
v 0.12318239 -0.01736892 -0.43169278
v -0.49456289 -0.04169063 -0.42345834
v 0.00762757 0.29622665 0.36806068
v -0.41157305 -0.16313589 -0.48592842
v -0.20210986 -0.17832498 0.47998431
v -0.53373903 0.03969990 -0.30367586
v -0.51578063 0.12285386 -0.26114893
v -0.41088259 0.32344744 0.02933955
v -0.22805046 0.07479222 0.52755010
v -0.24689934 0.28083390 -0.12500638
v -0.27355471 0.18465751 0.35859171
v 0.14310376 -0.32056883 -0.63847381
v 0.20474805 0.14031139 0.46027917
v 0.39156625 0.34006068 0.09935260
v 0.73093480 0.18594275 0.04481453
v 0.18114668 -0.04112726 0.50089175
v -0.36932912 0.25336385 -0.17744038
v -0.36873192 -0.26823053 0.17391038
v 0.25907436 -0.11642810 0.45114252
v 0.25757661 -0.22995035 -0.30876505
v 0.09858983 -0.23346944 -0.63527423
v -0.32547885 -0.27678937 -0.17801075
v -0.33239943 -0.46476731 -0.53557312
v -0.22702201 0.03020336 -0.53871262
v 0.61047941 0.02193566 -0.12741002
v 0.27636167 0.06878627 0.47043434
v -0.41106495 0.33287272 -0.19805723
v -0.26669037 0.34072834 0.04442822
v 0.65372145 0.07623946 0.10942169
v -0.49564788 -0.06907114 -0.38367638
v 0.67310613 -0.00808855 -0.04465715
v 0.53391486 0.16405182 0.24308513
v -0.34006390 0.24530405 0.38404381
v -0.35255674 -0.40646207 -0.40728754
v 0.53867626 -0.11625414 -0.18050252
v 0.32859534 -0.18834104 0.46327320
v -0.23402065 -0.10331430 -0.51174963
v -0.29995409 -0.11786766 -0.45743695
v 0.37981573 -0.31350893 0.30487287
v -0.17476928 -0.08880641 -0.42273644
v -0.06095469 -0.34760791 0.20468977
v 0.05968512 0.41202396 -0.02636432
v 0.14014101 0.40933785 0.04801467
v -0.50841916 -0.08624258 0.17504948
v 0.48080006 -0.07471891 0.38939786
v 0.33749169 0.21410564 0.45032728
v 0.56860113 0.10315373 -0.06775072
v -0.48412260 0.30265218 -0.16697289
v -0.06909161 -0.36102748 0.14493179
v 0.06619665 -0.36705095 -0.03203463
v 0.23069002 0.34199813 0.36929515
v -0.33064213 0.23645073 0.40146482
v -0.45681611 -0.15960535 -0.29632032
v 0.33659050 0.07274656 -0.36625981
v -0.30467767 0.29603952 -0.26952845
v -0.37260300 -0.31965667 -0.43715310
v -0.53891796 0.15975177 -0.29582199
v 0.51560134 0.14153093 0.28997120
v 0.67291844 0.10375699 0.16720326
v -0.53929931 -0.06277575 -0.32339472
v 0.10376586 -0.19741400 -0.38263616
v -0.07609430 -0.33415943 -0.00127064
v -0.44068995 0.15563002 0.23143822
v -0.64403206 0.03207013 -0.10259427
v -0.04828366 0.27474093 -0.19230579
v 0.20369145 -0.16748106 -0.41017252
v -0.60679281 0.01163410 -0.15696454
v -0.32567275 0.32529694 0.09470896
v 0.18413441 0.36128828 0.33610028
v 0.03083473 -0.34466445 0.34474930
v 0.28790322 0.35800287 0.24098158
v -0.39119288 -0.22446559 -0.21480891
v 0.17204377 -0.32252896 -0.11195838
v 0.43335158 0.27683917 0.33865717
v 0.28453270 -0.16343397 -0.37894502
v -0.19532028 -0.18952800 0.42408895
v 0.21408109 -0.38009447 0.19533160
v 0.04583648 -0.20629831 -0.70243847
v 0.16899331 -0.14953032 0.49500915
v -0.34874451 0.24537659 -0.42169073
v -0.59067327 0.26021421 -0.06800810
v -0.08463784 -0.17816824 0.54109561
v 0.36477819 0.14119038 0.45659092
v 0.62879741 -0.09367245 0.21922255
v 0.52628314 -0.11792340 0.32876894
v -0.10188662 -0.16633256 -0.64647341
v 0.31324953 0.17611535 -0.27527112
v 0.17400253 0.29838082 -0.17850089
v 0.03331744 0.43347663 0.04006059
v 0.03239685 0.00666323 -0.43409118
v 0.74797767 0.28589320 0.01303077
v 0.38017154 0.16561620 -0.26185364
v 0.65860224 -0.02191309 0.00826578
v 0.67350823 0.08529301 0.18357930
v 0.15551665 -0.09472009 0.50163579
v -0.07412173 0.24538258 -0.27484503
v 0.48569137 0.21937837 -0.10359141
v 0.29754245 0.20853055 -0.30989337
v -0.00258464 0.38709745 0.37383169
v 0.51852173 0.25902125 -0.00618979
v -0.47445074 -0.15062781 -0.18611136
v -0.25891954 -0.17825648 0.53015101
v -0.22148624 0.06808186 -0.47799739
v -0.13250412 0.37670296 0.11331628
v 0.13226673 0.25586239 -0.29516244
v 0.05437287 -0.22076921 0.52080739
v 0.00126101 -0.37125456 0.06224230
v 0.66545624 0.05845020 0.18770361
v -0.34780574 0.25945836 0.37923938
v 0.47644624 -0.11500926 -0.24651313
v 0.05176114 0.32050243 -0.12871781
v -0.42749271 -0.12529437 -0.48097163
v 0.23461911 0.33357158 0.39646727
v -0.54622114 -0.07171287 0.08935776
v 0.09095119 0.12148090 0.47892642
v 0.48129642 -0.14539619 0.32160956
v 0.54397881 -0.09811571 0.31455934
v -0.41374937 0.09667399 0.30780602
v -0.56853473 0.25188887 -0.09183107
v 0.38576466 -0.31158382 0.32415798
v -0.47296825 0.27159688 0.00244412
v 0.07799304 0.29776278 -0.16748850
v -0.16919640 -0.04385018 0.55379802
v -0.63811564 0.02756440 -0.10032981
v 0.67585415 0.13508730 -0.01074115
v -0.06014730 -0.24161993 0.44984135
v -0.61594784 0.26804999 -0.11651218
v -0.62777513 0.10664262 -0.03636917
v 0.33414483 0.27544853 0.42912903
v -0.06926170 0.26871985 0.48548710
v 0.20155308 0.36667848 -0.02914160
v -0.49736819 0.25096959 0.00772763
v -0.09686511 -0.31043273 0.42860633
v -0.25262141 -0.25303915 -0.26670259
v 0.57227963 0.17750369 0.13783941
v 0.02972041 -0.30303952 -0.22712126
v -0.10438360 -0.31701678 0.12374823
v -0.30644509 -0.48931479 -0.42143518
v -0.16933635 0.31258664 0.35681453
v -0.25262710 -0.08360203 -0.56435555
v -0.19376278 0.31018278 0.27318609
v 0.38328183 -0.26236027 -0.15348810
v -0.30512983 -0.14506774 -0.38739324
v -0.37114355 -0.43921718 -0.51184499
v 0.58988023 0.03036410 0.30172694
v -0.40085724 0.30701867 0.02658650
v -0.37780541 0.30825013 -0.00438493
v -0.00534554 -0.19618616 -0.68638700
v 0.36725616 -0.29938480 0.33326936
v -0.59229547 0.06887133 -0.14716062
v -0.26858228 0.25460899 -0.27470505
v -0.03879005 -0.19597578 -0.66776669
v 0.51275778 -0.14986557 -0.15416007
v -0.29640469 -0.30997041 0.12581946
v -0.28350973 -0.46421856 -0.43817565
v 0.07587705 0.36751613 0.29109216
v 0.32055295 -0.03283820 -0.37271726
v 0.09849475 -0.25752845 -0.65407890
v -0.60433090 0.04534145 -0.12268855
v -0.08463009 0.31664327 -0.10390923
v 0.16518024 0.30270776 -0.16405384
v -0.49578276 -0.15607026 0.13383317
v -0.39372456 0.08533676 -0.48789722
v 0.10209561 0.38823426 0.17416826
v -0.08219119 -0.31704053 0.19059364
v 0.40208414 0.23624662 -0.10198338
v -0.32502982 -0.06640466 0.41947424
v 0.31071320 0.36051089 0.16073991
v -0.62739354 0.19708042 -0.09259091
v -0.38610971 -0.00345785 0.48878333
v -0.01744714 -0.14577971 -0.40805078
v 0.54106677 -0.18878627 0.04091064
v 0.76581526 0.10291575 0.12157469
v 0.65795964 -0.04329077 0.22609121
v 0.23034328 0.39662626 0.16025689
v -0.60941905 0.11442243 -0.15474397
v -0.23449105 0.23504427 0.42083189
v -0.04382328 0.35264599 -0.06736055
v -0.18902874 -0.14441015 -0.55717444
v -0.42755330 -0.14067999 -0.45178333
v 0.75252748 0.19331151 0.03648618
v 0.65081578 0.01775103 0.25694096
v -0.53082442 -0.11167557 -0.16960183
v 0.05104072 -0.25258112 -0.62833118
v -0.20067587 0.33328503 0.15497160
v 0.12200344 -0.27253234 -0.63176948
v 0.15707642 -0.28793609 0.50168657
v 0.42432770 0.23833397 0.33276129
v -0.08960264 -0.30890796 -0.17410159
v 0.56735218 0.08449605 0.30530629
v 0.50110924 0.08556987 -0.15949394
v 0.68258721 -0.01039707 0.23591998
v 0.19047984 0.34435982 0.41151750
v 0.51392907 -0.08746713 -0.15823069
v -0.36668617 -0.24155205 0.22354716
v -0.38390467 -0.40644369 -0.54501343
v -0.00762247 0.12815687 0.49427012
v 0.70115662 0.09697428 0.10262561
v 0.65006334 0.26029977 0.01024142
v -0.51201802 0.27133811 -0.06869511
v 0.19214755 0.39838558 0.20874408
v -0.33803037 0.32031766 -0.20553304
v -0.15120308 0.32739019 -0.05227824
v 0.28154203 -0.34417242 -0.01654846
v 0.24400005 -0.06635156 0.48303053
v 0.59355205 -0.11393791 0.25119707
v 0.32784083 0.29884508 0.39509761
v -0.51194388 -0.08340763 -0.34352818
v -0.61125261 0.20015086 0.03637587
v 0.17403871 -0.17091289 0.50837427
v 0.07361723 -0.13356084 -0.58367634
v 0.15796822 -0.30480048 -0.61268568
v 0.21388109 -0.20244816 -0.36662155
v 0.26390034 0.36203107 0.32458529
v -0.19105792 0.04640116 -0.44097108
v -0.17898789 -0.18441327 0.47184402
v 0.36677399 0.28154373 0.36890861
v -0.52709204 0.11197388 -0.35144514
v -0.14532226 -0.00549027 -0.52687210
v 0.07473945 -0.19260639 0.51078486
v 0.06362738 -0.19598787 -0.62978214
v -0.17187414 0.22634032 -0.28947285
v 0.33125305 0.27507919 -0.10859202
v 0.05773729 -0.02778645 0.51807439
v 0.50955296 -0.08143656 -0.17817989
v -0.16468763 0.32586682 0.29164290
v -0.19717893 -0.13578542 -0.55827379
v -0.63934863 0.10205370 -0.08895919
v 0.16408060 -0.31668293 -0.09633821
v -0.40826741 0.22524276 0.17658564
v -0.38116583 -0.15393159 -0.31255504
v 0.11592156 0.02046620 0.50570661
v -0.26986536 0.21412072 -0.34647918
v -0.56992453 0.25601089 -0.17035869
v -0.41036221 -0.26326713 0.02539972
v 0.62810737 -0.07237575 0.17936736
v 0.27271119 0.33469722 -0.04884280
v 0.10879232 0.38087747 0.15177923
v -0.48755434 0.05056107 0.18048012
v 0.10926388 -0.17736392 -0.59441054
v 0.21768217 -0.29552069 0.39350939
v -0.59959018 0.12082206 -0.14214450
v 0.11297037 -0.30185664 0.45044208
v 0.34620461 -0.36988419 0.00447788
v -0.39020917 0.26307717 -0.13927157
v -0.26020879 0.22059903 -0.25411862
v -0.08028495 -0.09448816 -0.60627633
v 0.23898065 0.27396432 -0.23033389
v 0.71274418 0.07827360 0.10475839
v 0.65633523 0.25872391 -0.01426386
v 0.02376697 -0.16498083 -0.68842638
v -0.64471412 0.21000519 0.03284688
v -0.16123042 -0.27074343 0.44816500
v 0.44305763 -0.25226218 0.20372474
v -0.43572125 -0.13727026 -0.44208655
v -0.49027357 0.25767091 -0.31889927
v -0.01660382 0.31947678 0.35800096
v -0.40715465 0.02398764 0.41842568
v -0.45234275 0.30343801 -0.27689841
v 0.43042427 -0.11454283 -0.26261798
v -0.31654650 -0.22615167 -0.47816432
v -0.52607900 0.10504138 -0.34415239
v 0.52523398 0.23843420 0.15326203
v -0.41905242 0.30795053 0.06622225
v 0.40443599 0.01367858 0.42450008
v -0.46556333 0.08840872 0.18565372
v -0.28955758 -0.41610798 -0.54393739
v -0.24239771 -0.16717841 0.48782590
v -0.61796075 0.01793241 -0.11547061
v -0.29753143 -0.08598197 -0.47711721
v 0.30746552 -0.36404130 0.00366582
v 0.09530228 0.36229819 0.36371371
v -0.58447212 0.16610390 -0.16007568
v -0.07898334 -0.13138105 -0.67193747
v 0.09118421 -0.23070316 -0.65951765
v -0.19348907 -0.18018746 0.49542367
v 0.56294644 -0.19198178 0.14763291
v -0.55942047 0.05277884 0.09119406
v 0.59097767 -0.04626789 -0.06450315
v -0.37790576 0.30994067 0.02466716
v -0.43360206 -0.05293660 0.31891969
v 0.68582487 -0.03350226 0.17069092
v -0.17780694 0.00041078 -0.52149004
v -0.00733228 -0.22783780 -0.60989481
v 0.06142173 0.04853338 0.52161157
v 0.40258524 -0.13027854 -0.32290393
v 0.09021219 0.11520524 -0.38784933
v -0.36602935 0.14054294 0.31782970
v 0.46083480 -0.25578219 -0.02717208
v 0.01864158 -0.31873819 -0.15713112
v -0.34882271 0.32367754 0.07355383
v 0.13330460 -0.19341014 0.49223939
v 0.32178780 -0.13145764 0.45355985
v -0.57059199 0.01209108 -0.21272846
v -0.26918268 -0.21799812 -0.33488095
v -0.06247285 -0.21645701 0.46231988
v -0.47634172 -0.14836182 -0.23124954
v -0.00534491 -0.37779701 0.18666479
v -0.26731417 -0.02754939 0.51197898
v -0.37081999 -0.41166961 -0.54582477
v 0.58108234 -0.09249164 -0.16164710
v -0.42374390 0.16033630 -0.43841583
v 0.01777688 -0.38720512 0.17534740
v -0.34617361 0.25400019 0.39261794
v 0.27135500 0.37540507 0.25014594
v 0.38068315 -0.34295845 0.03749663
v 0.54618591 0.19028878 -0.05594332
v 0.56880814 0.22040448 0.13361737
v 0.16252354 0.40245599 0.22485267
v -0.41735286 -0.26799786 0.06453478
v -0.56499922 0.26388004 -0.08616000
v -0.10782710 -0.23794687 0.35405597
v -0.47015643 -0.15571077 -0.28291917
v -0.55206358 0.13628255 -0.22396597
v -0.31069976 -0.26875895 -0.56162059
v -0.00735051 -0.34729573 0.03000574
v 0.61597759 -0.13890190 0.04241518
v 0.28030923 0.02557723 0.52239448
v -0.01812709 0.30300403 0.30311587
v -0.25001490 -0.24403006 -0.29236168
v 0.62655187 0.13029283 0.14711162
v 0.34368616 -0.28849062 -0.05527853
v -0.36338544 -0.33004621 -0.39280528
v 0.32082057 0.28610471 -0.12106362
v 0.18621349 -0.37632564 0.31581694
v -0.38122836 -0.33770955 -0.53151447
v -0.31274506 0.02422575 0.42789489
v -0.07255301 -0.27663624 0.42475760
v -0.52364963 0.26841646 -0.22181366
v 0.75332010 0.09599872 0.13249266
v 0.10202190 0.00339387 0.50619256
v -0.28095716 0.24956498 0.30638188
v 0.52730292 -0.14299835 0.25156638
v 0.59273070 0.16125827 -0.09106725
v 0.31544879 -0.31818035 0.37225530
v 0.24278991 -0.37234980 0.26370344
v -0.30427057 -0.48974621 -0.46433061
v 0.43486628 -0.03293749 -0.27745855
v -0.30108291 0.26578474 -0.31167093
v 0.05590174 0.33844769 -0.04671656
v 0.17884816 -0.16930389 -0.39873439
v 0.51764172 0.17261297 -0.10406856
v -0.12522136 -0.31973687 0.51117790
v -0.61810428 0.21276908 0.03370994
v 0.49479920 0.19067255 -0.13298948
v 0.40182933 0.31984034 0.13615514
v -0.20383754 0.25620380 -0.18788008
v 0.40601942 -0.23801520 0.37591621
v -0.28689098 -0.25521693 0.24361125
v 0.58797181 -0.13690551 0.15834898
v 0.35333943 -0.29297549 -0.08623232
v -0.22999628 -0.30719700 -0.12976786
v -0.01959058 -0.19719692 -0.67644119
v -0.20804113 0.04871515 -0.48904911
v 0.15277949 0.33093414 0.43246102
v 0.23020092 0.36525387 0.33173198
v 0.22449671 0.38753635 0.21750632
v -0.39519304 -0.26203594 -0.04774411
v -0.61652482 0.23533861 0.03719319
v -0.16976684 -0.10550054 -0.40852541
v -0.30362085 -0.18761238 -0.51999098
v -0.48969492 0.13599074 0.21984665
v -0.38556975 0.28664878 -0.35592034
v 0.21831948 -0.30461296 -0.20820259
v 0.38086793 0.13133205 0.44192427
v -0.51682955 0.29541489 -0.19502601
v 0.53862399 -0.07592366 0.34032407
v 0.23486811 0.13522166 -0.36426747
v -0.45108530 -0.22952203 0.12989944
v 0.55531788 -0.05803303 0.33280826
v -0.69191390 0.14388636 0.04206712
v 0.16052210 -0.31497228 0.41081503
v 0.09561504 -0.39272863 0.27200368
v 0.19155997 -0.05085498 0.49852201
v -0.42135856 -0.19652909 -0.18700381
v 0.26766920 -0.36258087 0.24667047
v 0.62125576 -0.12261111 0.04265176
v 0.61574703 -0.01147383 0.28097868
v 0.67979640 0.10060942 0.10177589
v 0.57232845 0.14278027 0.23194160
v 0.49485570 0.19481713 -0.12725386
v 0.58427423 0.19296488 0.13561526
v -0.44767931 0.19825712 0.15994634
v -0.31559217 -0.47841042 -0.41408291
v -0.06471030 -0.17905056 -0.56896961
v -0.07346826 -0.31046116 0.24631834
v -0.00615333 -0.37723646 0.18985103
v 0.64936239 -0.04962055 0.24860197
v 0.52681237 0.07700656 -0.11894302
v -0.58636427 0.02721908 0.08283165
v -0.14787343 0.36182234 0.06546205
v 0.48438752 -0.14118910 0.30326957
v 0.48364908 -0.07345821 -0.25650972
v -0.36516714 -0.21103379 0.29683313
v -0.22308107 0.11042226 -0.45526001
v -0.49896795 0.28056335 -0.09782311
v 0.31062725 -0.20054451 -0.29096347
v -0.60646474 0.14885052 -0.09080887
v 0.44776392 -0.27970836 -0.01222705
v 0.37479833 -0.32612807 0.02676854
v -0.21749395 0.31150439 -0.02951941
v 0.11707093 0.29181650 -0.19111589
v -0.41040534 -0.25023943 0.16354552
v 0.01418297 0.35030046 0.31947410
v 0.38308796 0.30848700 0.05956890
v -0.46705979 -0.00153754 -0.46474755
v 0.17256016 0.00975368 0.50093162
v 0.37902468 0.22014126 0.36571056
v 0.48530486 0.26843581 -0.06886003
v -0.40932599 -0.25264582 -0.01933457
v -0.44759458 -0.24287930 0.04914093
v 0.02487287 0.33240470 0.45130295
v 0.07377307 -0.32318249 -0.14414759
v 0.32012656 -0.29877877 -0.08720993
v 0.34824407 -0.36035234 0.08512545
v -0.32429320 -0.04906791 0.46566898
v 0.75209987 0.10012788 0.14518797
v -0.49980885 -0.11598417 -0.27975944
v 0.52468556 0.06239384 -0.17425430
v 0.61447668 0.24019557 0.00672886
v 0.49695763 -0.03738351 -0.19414349
v -0.10208211 0.31729737 0.37129539
v -0.08123937 -0.20635575 -0.59961998
v 0.68621528 0.06651255 0.10815728
v 0.49008420 0.02536903 -0.21659291
v -0.32398117 0.27922699 -0.39215043
v 0.66685146 -0.03761677 0.23092923
v 0.45164880 -0.12792613 -0.26465797
v 0.04372941 0.35016325 0.33708203
v -0.27110296 0.28852749 0.25507799
v -0.62994272 0.12624091 -0.12175464
v 0.34275228 -0.31832853 0.32549530
v 0.17289259 -0.27772450 0.50309658
v -0.65027297 -0.03916883 0.01773300
v -0.08064141 0.30098444 0.43402672
v 0.25103912 0.29720846 -0.09052740
v 0.65858930 0.24214765 -0.00294628
v 0.02506674 -0.14904407 0.51686245
v 0.61858302 -0.07168762 0.28006709
v 0.37234676 -0.20386994 0.42863742
v 0.17547718 -0.38987705 0.01936461
v -0.48236287 -0.14697918 -0.23254222
v -0.18572977 -0.10385292 -0.62657034
v 0.44392979 -0.12495402 -0.24849600
v 0.05419364 -0.19807789 -0.63821888
v -0.12429179 -0.18874224 0.47003642
v -0.22385389 0.34819391 0.09670829
v -0.44794172 -0.15416613 -0.22196402
v -0.19277573 -0.06922980 -0.60648859
v 0.00250871 -0.31485283 -0.17052728
v -0.03385134 -0.22288482 -0.62607658
v 0.03934009 0.09063651 0.49553877
v -0.31585813 0.19558945 0.42557377
v -0.41410241 -0.03789545 0.43836191
v 0.17073944 -0.39921871 0.21859950
v -0.34945709 -0.38679889 -0.46371245
v 0.45656908 -0.27004567 0.16997749
v -0.39026073 0.13194622 -0.47559455
v 0.62693471 -0.10458388 -0.08111503
v -0.54016232 -0.11088645 -0.22490239
v 0.12454677 -0.31059462 -0.63792825
v -0.32059410 -0.05615588 0.52036983
v 0.54163623 -0.11477002 0.25124329
v -0.23538889 0.15751575 -0.47471896
v 0.66979998 -0.02709533 0.07140715
v -0.29048419 -0.42208296 -0.51914370
v -0.35638282 0.31006530 -0.31204292
v -0.45559755 0.26034510 -0.32103395
v -0.42148992 -0.16964749 -0.29457289
v -0.24359915 0.23685929 -0.40340024
v -0.15237227 -0.30555147 -0.20433553
v -0.69208342 0.16334192 0.00659744
v -0.36943096 -0.28174973 0.02584195
v 0.35497975 0.01483122 -0.32514235
v 0.49762273 -0.02118560 -0.19790825
v 0.59901416 0.14216095 0.09211604
v -0.27567723 0.10259480 -0.50631535
v -0.37613153 0.08398595 0.32944337
v -0.27235463 -0.25234255 -0.25835049
v 0.41069204 -0.15121841 -0.27332494
v 0.06486512 0.11574402 -0.41766959
v 0.30773953 -0.00899333 -0.37155452
v -0.32497731 0.22699848 -0.43148297
v -0.58150160 0.00163008 -0.23587185
v -0.18132144 -0.12054740 -0.60922486
v 0.64349866 0.14076054 -0.05048840
v -0.03209615 -0.28107131 0.43322486
v 0.46489835 -0.10034211 -0.23304643
v -0.53205222 0.24427240 -0.01203789
v 0.11937393 0.21317527 -0.32856581
v 0.62591225 0.02367342 0.26335198
v -0.46892738 0.29338995 0.02956091
v -0.55163437 -0.13205725 -0.03073716
v -0.24760115 0.17459372 0.48706898
v 0.08326871 -0.14886504 -0.56300342
v -0.05063368 -0.20884651 -0.63339102
v 0.38242254 0.33218193 0.05795752
v -0.39391190 0.00047062 -0.50716329
v -0.16321729 -0.25382930 0.52632266
v 0.54804754 -0.09829474 0.30625445
v 0.59189850 -0.06738354 0.29272392
v -0.58131158 0.12032174 -0.06257417
v 0.06599251 -0.32353953 0.44665462
v -0.35825786 -0.04363469 0.33897185
v 0.11859450 -0.34919947 -0.03118091
v -0.29928964 -0.08555426 -0.47687840
v 0.00352854 -0.26838845 0.51975369
v 0.27433193 -0.28778723 -0.23341540
v -0.52635777 0.03843523 0.12459541
v -0.52851081 0.27538791 -0.08900186
v -0.29994452 0.26943845 -0.19542208
v -0.51892102 -0.10914629 -0.16548759
v 0.06588820 0.40198013 -0.00720166
v 0.15519294 0.40342379 0.19985768
v -0.53589863 -0.04764190 0.14807305
v -0.50493342 -0.15395714 -0.09247635
v 0.62637937 0.21142365 0.08625786
v 0.45510811 -0.21538572 -0.17617491
v -0.22540055 0.07519884 0.41710356
v 0.09386805 0.27835512 -0.22351761
v -0.61277109 0.12518138 0.09507714
v -0.28173006 -0.08887720 -0.48555100
v 0.61433953 -0.03827650 -0.01917339
v -0.60139245 0.18584645 -0.09915030
v 0.29299167 -0.35175690 0.23556611
v -0.08286294 0.35323030 -0.07547149
v 0.29306340 -0.14216530 0.44807696
v 0.01962774 0.33115566 0.37155783
v -0.55424577 -0.04003600 -0.17561319
v 0.36669707 -0.25088853 0.43197250
v -0.29187340 0.09783915 -0.50914925
v 0.67670536 -0.00365789 0.21301359
v 0.69623464 0.11577766 0.09473245
v -0.27772766 0.32440192 0.12927912
v 0.06238545 0.38383237 0.19326815
v 0.31203386 -0.26818597 0.43646339
v -0.21139699 0.33901733 0.35893148
v 0.18032412 -0.39600819 0.16479892
v -0.33361727 -0.42664471 -0.45480406
v 0.47123879 -0.19740658 0.31592032
v 0.08953720 -0.24676195 -0.31758708
v 0.36515146 -0.09382142 0.44507080
v -0.01207933 -0.04064757 0.51038760
v 0.00530600 -0.15472850 -0.56596237
v -0.10521031 0.30370164 0.44278908
v -0.32460505 -0.21903515 -0.54782075
v -0.33946395 -0.25276995 -0.45081931
v -0.00904688 -0.05837536 -0.44161808
v -0.45913422 -0.12689947 -0.41207257
v 0.46430275 0.19275215 0.30999255
v -0.37528676 -0.26942387 -0.08140054
v -0.35677728 -0.35561296 -0.46941978
v 0.40760896 -0.07745817 0.42212534
v 0.57395315 0.25868955 0.06444785
v -0.00436280 -0.00463827 0.52328265
v 0.24325436 -0.36641940 -0.01729562
v 0.58914912 0.06232850 0.27639109
v 0.09812668 -0.36652374 -0.02387504
v 0.43476355 -0.07284469 0.39885509
v -0.27147818 -0.47668421 -0.41587275
v 0.23894092 -0.24545036 -0.27625448
v -0.49338886 0.24884957 0.07639244
v 0.37740093 0.18668742 -0.21179825
v 0.38528135 0.00527947 -0.33477479
v 0.16583061 -0.17441329 0.50172704
v -0.15682417 0.33438990 0.09321123
v 0.11048001 -0.37238109 0.35820687
v 0.08044241 0.30865508 0.44908142
v 0.24260449 -0.33646396 0.36622083
v -0.20775442 0.29296154 0.34049428
v -0.01843446 0.26486415 -0.22085376
v 0.29677224 0.20905289 -0.29967141
v -0.08568463 0.33142114 0.39123815
v -0.53012276 -0.19426788 0.01325847
v 0.26922464 -0.33268750 -0.08901578
v 0.64641833 -0.06243728 0.24173839
v -0.31068623 0.17111720 0.45080295
v -0.40539116 0.22657822 0.22465608
v -0.40975779 -0.15469807 -0.38016799
v 0.21696469 -0.06389870 -0.41436300
v -0.23792137 -0.23881456 0.33122450
v 0.00940066 0.30562037 0.32070422
v 0.21582800 -0.37440035 0.25535461
v -0.31250033 -0.34370667 -0.41284943
v 0.57894897 -0.06514071 0.30603766
v -0.13665599 -0.15772583 0.54925418
v -0.33372477 -0.14884768 0.34914654
v 0.33433264 0.29614046 -0.07304093
v -0.47518477 -0.08666360 -0.43798116
v -0.38768739 0.00144285 0.31192788
v -0.69481176 0.07061574 -0.02209531
v 0.13742809 0.31111237 -0.15092838
v 0.00741536 -0.16533029 -0.67962831
v 0.55011564 0.00447721 -0.13473006
v 0.23206879 0.12496370 -0.36500198
v 0.55061519 -0.10895078 -0.01368181
v 0.11362946 -0.34760502 -0.03871351
v 0.18460843 -0.15649328 -0.41610682
v 0.35623601 -0.23960519 -0.24711984
v 0.51072341 -0.04541646 0.37285459
v -0.10568178 0.12676434 -0.40273327
v -0.55254036 -0.15182030 0.02242893
v -0.25519571 0.16875514 -0.36221287
v -0.40453207 0.30364105 -0.08200307
v 0.66456431 0.02994257 0.09759088
v 0.03936803 0.44381970 0.03741482
v -0.19473286 0.01786385 -0.54141492
v -0.42549685 0.27538958 0.09439744
v 0.20555945 0.23452874 0.43172824
v -0.30322954 -0.20072469 -0.48728791
v -0.32055697 0.18369657 0.31218061
v 0.52115929 -0.00064481 -0.15393895
v 0.04637375 -0.16637510 -0.67631507
v -0.00484722 0.30828807 0.28360054
v 0.21087645 0.27160245 0.43702579
v 0.34987792 0.30509225 0.30340344
v -0.21635456 0.34949523 0.40961003
v -0.57672864 -0.06151018 -0.14337274
v 0.09772903 -0.30252677 -0.66239405
v -0.46190482 0.30781448 -0.09851056
v -0.22192729 0.31143919 0.25830972
v -0.41576409 -0.25579080 -0.01779515
v -0.12800987 0.31915894 0.34822538
v -0.13439678 -0.23109737 -0.34289426
v 0.10143352 0.36833495 0.31478435
v 0.03095279 -0.16666664 -0.66377592
v -0.26384372 -0.25845230 -0.24605092
v 0.39687654 0.32463452 0.14412823
v 0.53555149 -0.15587923 0.20045470
v -0.21959242 -0.17162460 0.54627198
v -0.51312989 -0.06537378 0.16432700
v 0.65933281 0.19012883 -0.04681957
v 0.48092800 0.01561240 -0.22911622
v -0.44630784 -0.17098697 0.24036276
v 0.19585848 0.39442220 0.01183242
v 0.46193081 -0.21935250 -0.16015704
v -0.13692969 0.00840033 -0.51703352
v -0.32964844 -0.08464508 0.51886219
v -0.19805108 0.04676659 -0.42614600
v -0.24657014 -0.32693586 0.09726457
v 0.16682303 -0.25956574 -0.56689668
v -0.35013789 -0.37406749 -0.44906431
v 0.48360956 -0.07700416 -0.22451007
v -0.47344661 0.25829712 -0.30666357
v -0.28956744 -0.12683389 0.54191059
v -0.25270954 0.23862301 -0.28942862
v -0.52393609 0.02933826 -0.42718837
v -0.32724378 -0.28285420 -0.14697278
v 0.22074319 0.17090325 0.44853774
v -0.29570925 -0.26310176 -0.48450229
v 0.22466412 0.30269966 -0.09830627
v 0.53409660 0.25930834 0.10690968
v 0.37660968 -0.27656770 -0.09994496
v -0.00197734 -0.07029674 -0.57358456
v 0.07676948 -0.26954317 -0.67637831
v -0.18613344 0.32211080 0.30280063
v 0.35829210 -0.33950672 0.20831653
v 0.41664910 0.11988495 0.41033873
v 0.04674317 -0.39432427 0.18274561
v 0.39873010 -0.00371955 0.41619596
v -0.46319130 0.18433408 0.15577495
v -0.36388111 0.32630280 0.10030741
v 0.30987534 0.30331489 -0.07539879
v -0.41372955 -0.14899239 -0.47345930
v -0.51697880 -0.07522143 -0.33412743
v -0.31482434 0.32822192 0.36030543
v 0.38499373 0.00876977 -0.32600883
v -0.14493844 -0.23070429 0.44685698
v 0.18492912 -0.33014956 0.40258220
v -0.15530598 -0.00682402 -0.50147188
v 0.65374988 0.20389988 -0.01418224
v -0.22579253 -0.11875352 -0.53470904
v 0.27879566 -0.24513909 -0.28589216
v -0.43659168 0.04409869 -0.48430273
v 0.11752777 -0.31950042 -0.11010084
v -0.32498720 -0.43594196 -0.55593085
v 0.16285791 -0.33411849 0.39618313
v -0.52031624 0.25853807 -0.21342924
v -0.56699675 0.13559164 -0.21320093
v 0.34290540 -0.00561218 -0.36006057
v 0.41877872 -0.28478593 0.00405214
v -0.07547811 -0.32384411 0.09251629
v -0.43550912 -0.18664858 -0.15859044
v 0.02428268 0.37721533 0.45170355
v 0.17438667 -0.35895827 0.31728137
v -0.14799964 -0.24366376 0.34250546
v -0.26591069 -0.42321828 -0.45926824
v 0.45723206 -0.26795459 0.30084389
v 0.36398768 -0.23231865 -0.27703443
v 0.63866681 0.00908164 0.04509604
v 0.60719401 0.18188739 0.10674655
v 0.28200245 0.13316770 -0.32060775
v 0.33240062 -0.34900287 0.15854144
v 0.02782855 -0.32321328 0.44626057
v -0.00591510 -0.32607603 0.43774185
v 0.67386812 0.21025887 0.00687709
v 0.42137635 -0.08781988 -0.27528721
v 0.64541602 -0.02775845 0.24943671
v 0.55775881 -0.18634328 0.03132746
v 0.48161101 -0.09717193 -0.21199895
v -0.31486759 -0.45549938 -0.55891746
v 0.40341568 0.05683172 -0.27241278
v 0.31973460 -0.13897482 -0.33928812
v -0.11250276 -0.17869850 0.53941262
v -0.01352550 0.38394916 0.04747657
v 0.12277922 -0.40008286 0.14014703
v -0.14937890 -0.30408746 0.47984740
v -0.33514294 0.18483101 0.44381845
v -0.13344604 -0.20473835 -0.38757539
v 0.31227610 0.12604503 -0.30697650
v -0.11124820 -0.13639425 0.55389130
v 0.58456135 -0.10954107 0.27062857
v -0.35732704 -0.27696294 -0.41897467
v -0.28479236 -0.26952791 -0.52639163
v 0.35193899 -0.10217474 -0.32991427
v 0.52823138 0.29306027 0.04364318
v 0.04134294 -0.28729075 -0.23398674
v -0.22131523 -0.16702147 0.48361978
v 0.35945857 0.18618268 0.42331421
v -0.10529672 -0.30956855 0.15705124
v -0.41062438 -0.13629508 -0.52784151
v -0.44505581 0.28520185 -0.31597644
v -0.63248944 0.18558384 -0.03568965
v 0.66496843 0.10034370 0.00408341
v 0.20081960 -0.38014996 0.19798106
v -0.06422971 -0.19871868 -0.58654922
v -0.07797514 0.31854638 0.44100714
v -0.55247265 -0.03774275 -0.14862987
v -0.43382460 -0.12454689 -0.48295557
v -0.00333039 -0.33787173 -0.00209156
v 0.02655967 -0.18768854 0.52421892
v 0.39516413 -0.28100541 0.31378606
v 0.58944148 0.04334925 -0.09786322
v 0.02918697 0.38612205 0.44690460
v 0.00052968 -0.32622039 0.49147138
v -0.39358041 -0.21847829 -0.52882701
v -0.20357388 0.09425198 -0.41118738
v -0.27164325 -0.13561520 0.45759094
v 0.25088015 0.26280016 -0.22226891
v 0.03434867 -0.18349883 -0.63129818
v -0.32952535 0.17759316 0.47969201
v -0.04016116 0.25687656 0.45526055
v 0.29638350 0.34231281 0.00487040
v -0.36143979 -0.44083303 -0.54790747
v -0.30086249 -0.26857343 0.23549932
v 0.36982527 0.28348526 -0.07412153
v -0.59371555 0.20499854 -0.15356320
v 0.22505273 -0.29622284 0.41139442
v 0.10089709 0.27995405 -0.24517851
v 0.16335419 -0.21752301 0.48949733
v 0.26657301 0.14779328 0.46815708
v -0.11195489 -0.32006562 -0.05798017
v -0.02604471 -0.37789071 0.15767953
v -0.26858109 0.33895844 0.45234129
v 0.06652094 -0.20650411 -0.68089521
v 0.29383048 0.34086400 0.04502075
v -0.18178336 0.32859388 -0.08458973
v 0.55961788 -0.10584095 0.16931650
v -0.42871508 -0.12632398 -0.47155580
v 0.35603070 -0.10853783 -0.35130677
v -0.51981997 0.24061416 0.11038813
v 0.26213008 0.18929043 0.43602628
v 0.43379861 -0.26091304 -0.08889239
v -0.26169285 -0.44196549 -0.50921845
v -0.25386503 0.30070621 0.26201376
v -0.15298930 -0.28272265 0.47848311
v -0.49355271 -0.15032908 0.15955126
v -0.13592911 -0.02558125 -0.59392238
v 0.56853539 0.15501925 0.20802335
v 0.39441887 -0.31592384 0.17137647
v -0.14175594 0.29955646 0.36005765
v -0.55085182 -0.00612959 -0.19253269
v 0.21254179 -0.25215310 -0.30532071
v -0.42651910 -0.05792622 0.30898032
v -0.26790023 -0.13113934 0.45608726
v 0.22735462 0.38521016 0.23325579
v 0.44267780 -0.18411373 0.34341872
v -0.19598985 0.17105004 -0.38149691
v -0.56131184 0.09722475 -0.20551619
v 0.30748177 0.34909001 0.20027460
v 0.64435619 0.25098604 0.00746665
v -0.25522509 0.15093306 -0.51847434
v 0.43669128 -0.30095017 0.09669816
v -0.49990112 0.28622562 0.03982086
v -0.27022767 -0.35807973 -0.51370412
v -0.36473835 -0.01599134 -0.51551318
v -0.25826019 0.30307060 -0.12089129
v -0.38126037 -0.32729724 -0.42136854
v -0.38054395 -0.23539221 -0.21188280
v -0.41262525 0.29064924 -0.34693009
v 0.54735905 0.15665999 0.19900845
v 0.28836361 0.29356256 -0.08400151
v -0.08670571 -0.19583873 -0.62316120
v -0.39917874 -0.31951928 -0.52474189
v -0.30675873 -0.47321653 -0.46186554
v -0.00650880 0.19442996 0.47139022
v -0.54767698 0.26143390 -0.08857694
v 0.22191228 -0.38090482 0.18382829
v -0.10171784 -0.06103549 -0.41512972
v 0.60287547 -0.06542908 0.27907047
v -0.35920808 -0.13222398 0.33124089
v -0.44092628 0.31803757 0.04496606
v 0.35149893 -0.29648936 0.34685713
v -0.32176068 -0.31042665 -0.54870635
v 0.18738344 0.31468982 -0.10643420
v -0.43428189 0.24492335 -0.36428314
v -0.03369303 -0.26553446 0.43934968
v 0.50142974 0.22153762 0.21051592
v -0.23161431 0.18969621 -0.40878093
v -0.51275057 0.27156177 -0.00771517
v -0.32496151 0.05996239 0.35635135
v -0.13084531 0.33185399 0.22486882
v -0.16048743 -0.27591264 -0.25973773
v 0.36446550 -0.27470055 -0.07054275
v -0.31457800 -0.30060813 -0.46649078
v 0.06957377 -0.37610084 0.30378270
v -0.26044133 0.22539647 0.39017928
v -0.23070306 0.28797352 -0.13102475
v -0.05807226 -0.32461852 0.52320170
v 0.34801990 0.14320940 0.46736279
v 0.46442425 -0.05827969 -0.19605066
v -0.00457998 -0.09935918 -0.59345090
v 0.36014453 -0.02453711 0.45807600
v -0.12567984 0.31285039 0.35283202
v -0.01624513 0.23121274 -0.30075651
v -0.12631196 0.36584389 0.04100059
v 0.22254863 -0.30681688 0.40444764
v -0.03898008 0.37246311 -0.00414393
v -0.41333115 0.25656763 -0.37797773
v 0.63182276 0.24861054 0.00574607
v 0.52380341 0.06392466 -0.13200089
v 0.23863858 0.35903370 0.35005799
v -0.06305115 0.31001031 0.47717097
v -0.09972696 0.31518766 0.35970151
v 0.02787850 -0.22032872 -0.37313670
v 0.34382042 0.20419136 -0.26932877
v 0.32238618 0.31323341 0.35367718
v -0.44189134 0.15241292 0.23560426
v -0.27574748 -0.46887511 -0.41248465
v -0.40888768 -0.15551174 -0.38437909
v 0.00337543 -0.37201184 0.23250608
v -0.29484412 -0.23313800 -0.29094371
v -0.16354407 -0.31227913 -0.06499830
v -0.35865712 -0.00503547 0.42135757
v 0.00717841 -0.09130730 0.52589202
v -0.33870998 -0.42680281 -0.48197201
v -0.46275952 0.19416368 0.16222897
v 0.09288946 -0.40590370 0.07714064
v -0.34249401 0.30919874 -0.29997647
v 0.30829179 0.26867491 -0.24047981
v -0.54496318 -0.09828107 -0.18325603
v -0.26758528 0.33066708 0.04499291
v 0.54193747 0.28921628 -0.00306177
v -0.29136395 -0.29427436 -0.52618027
v 0.24456388 0.39311582 0.09962757
v 0.66405606 0.01449411 0.07469530
v -0.25555271 0.35243645 0.04986141
v 0.04558852 -0.15802170 -0.61032093
v 0.60744190 0.05162811 -0.08759100
v 0.62412268 0.24084473 0.06648359
v -0.44909191 -0.10471535 -0.43584332
v 0.52396625 0.08613539 0.34777367
v 0.58566338 -0.03615552 -0.10129744
v 0.07600255 0.38212579 0.22883707
v -0.35468307 -0.42037845 -0.54097998
v 0.32951942 0.18709774 -0.30768058
v 0.65785712 0.04933889 0.14063525
v 0.02783165 0.35216728 -0.01627938
v 0.44250807 -0.28773180 0.10171051
v -0.28106719 0.28465715 -0.21949142
v 0.54694748 0.25681859 -0.05898647
v -0.44829500 -0.12402764 0.22901125
v 0.55252409 -0.09309197 0.30538493
v -0.24495697 0.23885104 -0.24509224
v -0.36137122 -0.20299649 0.31447417
v -0.44753131 -0.17390391 -0.18175976
v -0.41821861 -0.14800075 -0.50078374
v -0.18941888 -0.13163139 -0.53681922
v -0.33215117 0.30107135 -0.28750339
v -0.17237000 0.26536590 -0.17351264
v -0.53805572 0.04581410 -0.34270000
v -0.41114074 -0.07391354 0.48045880
v 0.17921245 -0.28406671 0.50105059
v -0.42290902 -0.18827018 -0.20088461
v -0.31470668 0.15105288 0.45373130
v 0.43995026 0.07527840 -0.26381028
v -0.29785565 -0.36852175 -0.51864266
v -0.20752375 0.33302256 -0.01534200
v 0.13394859 -0.19398445 -0.37506723
v 0.26282421 -0.34825596 -0.03740781
v -0.12782206 -0.17475173 -0.56546962
v 0.60307091 -0.09232170 0.19144949
v -0.19475242 -0.30875677 -0.00410189
v -0.29409680 -0.42209542 -0.42077512
v 0.56605226 0.15729505 0.23069467
v -0.15268420 -0.02369397 -0.57969570
v -0.23838070 -0.20944211 -0.35401714
v 0.44504789 -0.24703145 -0.08877972
v -0.23836607 0.26314175 -0.34702036
v -0.16602017 0.01959826 -0.41099396
v -0.16583996 -0.03081891 -0.51056051
v 0.17984378 -0.30356228 -0.19083533
v -0.36656690 -0.35943344 -0.41205674
v 0.02166315 -0.18764307 -0.39754307
v 0.40825969 -0.22045600 0.38153636
v -0.29992571 -0.27810234 0.19542921
v -0.59703428 -0.04229331 0.12277532
v -0.03705789 -0.13166064 -0.55898893
v -0.58340102 0.24099492 0.01240758
v 0.40360090 0.26513299 -0.07235849
v 0.11531244 -0.26372230 -0.63436693
v -0.73120970 0.03044684 0.01126991
v 0.38528198 -0.30468705 0.34037358
v 0.55626953 -0.18158543 0.14692074
v 0.20672703 0.39124161 0.02166603
v -0.57658142 -0.10142261 0.08822432
v -0.22943731 0.28936017 0.30311644
v -0.25263995 0.17511684 -0.50840199
v -0.57947713 0.23035327 0.05211148
v 0.41975009 0.04311334 0.40454948
v 0.07661374 -0.37199798 -0.01238402
v -0.33434767 0.27142328 -0.29959437
v 0.06178957 -0.36695057 -0.01116615
v -0.50799316 0.28956801 -0.07258238
v 0.13334410 0.36656842 0.44059557
v -0.39721826 0.03095483 0.39140117
v 0.00441643 0.34090686 0.29407293
v -0.36243227 0.13955814 0.31456342
v -0.28999132 0.29961637 -0.04864345
v 0.07022949 -0.19210611 0.52549541
v 0.58254778 -0.07499308 0.11988218
v 0.12595698 0.29466191 0.43689105
v -0.26134312 -0.13496487 0.48343039
v -0.33999926 0.27593881 0.23614651
v -0.11884537 -0.32275832 0.50536251
v -0.58305246 0.06620125 -0.21838483
v 0.20715082 -0.11194800 -0.41013259
v -0.47016272 0.06721815 -0.45594692
v 0.10762985 -0.24568051 -0.64462513
v -0.30076826 0.32687187 0.10336138
v -0.04929815 -0.21474676 -0.61240906
v 0.37838075 -0.33870780 0.21873669
v -0.49968684 -0.19735116 0.10719192
v -0.05693810 0.15387908 0.51908118
v 0.23519164 -0.33928770 0.33971211
v -0.34537855 -0.25008205 -0.44275117
v -0.42373684 -0.17000160 -0.29036957
v 0.42178115 -0.32378301 0.08394404
v -0.01879837 -0.20991328 -0.36591697
v -0.36460403 0.30753505 0.14476717
v -0.01922027 -0.30968806 0.32628533
v -0.05643771 0.21464263 0.50305724
v -0.25824228 -0.43041301 -0.49793187
v 0.17693634 0.26793030 0.42892092
v 0.70660138 -0.02709178 0.18104541
v -0.57023913 0.23960719 -0.06536236
v 0.11984392 -0.21797751 0.48990133
v -0.14206523 -0.30335134 -0.14468485
v -0.56833923 0.20576495 -0.20949411
v -0.24907076 -0.02745399 -0.39109242
v -0.29056326 -0.30259538 -0.54434729
v -0.35089716 -0.27823496 -0.42361468
v -0.45842478 0.25661907 -0.35050750
v 0.05891766 -0.17795670 -0.67054212
v 0.24867114 0.38103437 0.20156416
v -0.25664097 0.17269270 0.43366903
v 0.11693865 -0.39261571 0.16734417
v 0.30135635 0.35246137 0.07141397
v -0.09342487 -0.13429914 -0.66123247
v 0.19383407 0.21035579 0.44003284
v -0.37069371 0.33681327 -0.09518347
v -0.07921284 -0.15682624 -0.65459728
v -0.43652833 -0.23559070 0.00417076
v 0.40743500 -0.12072577 0.41171294
v -0.30365676 -0.43925634 -0.54966438
v -0.08756870 -0.15218671 -0.53879648
v 0.10939725 0.37081385 0.41451955
v -0.19603305 0.16790494 -0.34067291
v 0.39478841 0.14732547 0.44037959
v -0.29942501 -0.30994385 0.08450330
v 0.01836730 -0.13348757 -0.57507086
v -0.34160668 -0.24198744 -0.56375480
v -0.15415521 0.32519448 0.26769367
v 0.24982984 -0.20140393 0.47752601
v 0.08004223 -0.29633039 -0.26262352
v 0.70483333 0.03918671 0.08908956
v 0.23026408 -0.36920583 0.24216805
v 0.61705881 -0.09763231 0.21581036
v 0.67497343 0.13819693 0.11464119
v 0.19704606 -0.37292871 0.26891440
v -0.09526315 -0.33137643 0.43976754
v 0.35155681 0.26650900 -0.15545012
v 0.48512727 -0.03094156 -0.22755720
v 0.18538484 0.34913003 0.35365736
v -0.51592869 0.04607243 -0.31988963
v 0.38546127 0.31598556 0.14831254
v -0.05531259 -0.31951368 -0.09600778
v -0.31101048 -0.47999358 -0.44042009
v -0.20622125 0.01113766 -0.47997963
v -0.15231653 0.32240960 0.19879231
v -0.52051562 0.09187388 -0.32844830
v 0.09350424 -0.15522408 -0.56926048
v -0.26653278 0.35844451 0.40489510
v -0.61399698 0.14105472 -0.01761512
v 0.44496742 0.27920547 0.01950255
v -0.42402768 0.35314611 -0.20299847
v -0.28065604 0.23077002 0.32102206
v 0.57232004 0.13670945 0.27569461
v -0.51522601 0.14285727 -0.35465449
v -0.52075654 -0.06765933 -0.34457934
v -0.08868086 -0.05594519 -0.60718369
v -0.28871602 -0.23279899 -0.51970470
v -0.07181585 -0.00743073 -0.40456071
v 0.60761982 -0.11287912 0.17954168
v -0.26811308 -0.36943322 -0.50241065
v 0.19284841 0.11498589 -0.38575089
v -0.08892395 0.30011138 0.48208818
v -0.36477268 -0.36315227 -0.54003739
v -0.62022978 0.04063799 -0.12108219
v 0.67874396 -0.00823623 0.15724911
v -0.41910812 -0.02029159 0.43038484
v -0.62220812 0.26097706 -0.10179231
v -0.40978372 0.15844136 0.28189972
v 0.49971187 0.14146560 0.29720786
v 0.46745461 -0.26371261 -0.01505637
v 0.68650156 -0.04760758 0.20656475
v 0.18677223 0.17047232 -0.36464441
v -0.27592105 -0.37341151 -0.52021492
v 0.36251673 -0.28339025 -0.06951857
v -0.31943157 0.24781007 -0.41272664
v -0.34609237 0.13028133 -0.49736822
v 0.48170391 0.17550859 -0.12267174
v -0.51779145 -0.15521778 0.10104936
v -0.56645042 -0.12512514 -0.01055141
v -0.42766240 -0.20166260 -0.16991256
v 0.30095360 -0.23595989 -0.24082308
v 0.01166375 -0.32512602 -0.12983362
v 0.21518877 0.38786900 0.05144427
v 0.25303504 0.22046278 -0.30141056
v -0.26742759 -0.34676349 -0.48497576
v -0.27975455 0.29944956 -0.24405098
v -0.27129048 -0.10981575 0.53969568
v 0.47022247 0.28131229 0.17554265
v 0.02125312 0.35583210 0.21205932
v -0.41771579 0.24146877 -0.39810005
v 0.02633346 -0.13921566 -0.40185475
v -0.17088573 -0.22576609 0.54539466
v 0.50609249 -0.24744418 0.05340944
v -0.01628297 -0.26921558 0.39376879
v 0.40996364 -0.19630343 0.38408417
v -0.30516118 0.12372328 0.44643018
v 0.46346891 -0.04712154 0.38934627
v -0.11789948 0.18191607 -0.35238931
v -0.05555293 0.33968776 -0.07648741
v 0.24558130 0.11209921 0.47908667
v 0.18097204 0.40308124 0.04616356
v 0.07046105 -0.33164939 -0.03605534
v -0.23488621 0.19589189 0.40150347
v 0.40195119 0.03866809 -0.28259656
v -0.32729760 -0.16394784 -0.47879964
v 0.34814438 -0.13967176 0.45750710
v 0.41225207 -0.21978582 0.38623440
v -0.40547022 -0.22666253 -0.44651106
v -0.06187134 0.34086174 -0.07521242
v -0.32681865 -0.02005425 0.51993752
v 0.43543050 0.12579557 -0.24662635
v -0.48764619 0.27522188 0.01094177
v 0.22977671 -0.27103928 0.47971469
v -0.20970249 -0.31662750 0.08501203
v -0.10809839 -0.10472839 -0.54151267
v -0.04322571 -0.36513773 0.10526328
v -0.45266706 0.30956045 -0.15787476
v -0.18912095 0.28584263 0.47141838
v -0.52686864 -0.13763177 -0.08785176
v 0.02009642 -0.23788328 -0.62336951
v 0.39380047 0.14417855 0.44160873
v -0.35975915 -0.27501974 -0.54699606
v 0.64007145 -0.02821421 -0.06803185
v -0.23435400 0.20851129 0.40745199
v -0.11851125 0.30601987 0.37105811
v -0.17924561 -0.12342859 -0.51152283
v -0.34017187 -0.39679021 -0.45153806
v 0.41135997 0.23779970 -0.15954854
v 0.64154911 -0.00335267 0.05015520
v -0.34257016 -0.29758662 0.04570933
v -0.33330971 -0.45432359 -0.41198683
v 0.67493737 0.12406119 0.11393405
v -0.57209367 0.14020433 0.09837452
v -0.46001822 -0.06519907 -0.47124511
v -0.29423031 -0.45713252 -0.54802322
v -0.03758782 -0.31563690 0.28209350
v -0.54619807 -0.16868137 0.00725305
v 0.24381147 0.37033683 0.33516580
v -0.35295364 -0.16616222 -0.55071908
v -0.02043292 0.43817940 0.07192023
v -0.10555131 -0.04434811 -0.43648586
v -0.33041772 0.31635070 -0.02369848
v -0.33966166 -0.42394832 -0.47922313
v 0.11348445 -0.21078466 -0.61676276
v -0.24421920 0.00960679 -0.53655398
v -0.15149011 0.10362619 -0.37415421
v 0.10727749 -0.34036201 0.39686480
v -0.25200647 -0.13820854 -0.39076388
v -0.06704953 -0.32384631 0.01544375
v -0.25988871 0.22042578 -0.25649777
v 0.58263725 -0.04394892 -0.11845901
v -0.37767014 -0.22946927 -0.44167703
v 0.55152994 0.00256245 -0.13686320
v -0.45914868 0.14671661 -0.43888843
v 0.03145945 0.22072656 0.48215401
v -0.48306444 -0.13376160 -0.33169603
v 0.66857511 0.01932471 0.21620232
v 0.60199893 0.26532912 0.03346275
v -0.68313766 0.08398354 0.04745462
v -0.32643282 -0.14977509 -0.41228682
v 0.34147584 0.35646409 0.10209249
v -0.20452191 -0.09627501 -0.58799565
v 0.20495592 0.40037063 0.09025213
v 0.34266317 -0.16597277 0.45602638
v 0.64841115 0.08544793 -0.03450628
v -0.52761370 0.20580168 -0.19835967
v -0.62352550 0.14530547 -0.08133271
v 0.63474989 0.15903527 0.16649729
v 0.28991956 -0.30403069 -0.10493583
v 0.45016697 -0.28208560 0.00311044
v 0.67434865 0.14587298 0.15997373
v -0.30715647 0.23993179 -0.37776199
v -0.27573696 0.30447382 0.34530243
v 0.08715484 -0.23736370 0.50635546
v -0.03408024 -0.33991370 0.25428540
v -0.02846227 -0.34790218 0.11818878
v 0.28957120 -0.37783006 0.08734513
v 0.18622351 -0.31813571 0.41920072
v 0.34827936 0.31024811 0.01063492
v -0.58862531 0.03273385 -0.13033073
v 0.53222555 0.19231063 -0.08428729
v -0.03244056 -0.33922884 0.50611734
v 0.06786118 0.35017684 0.00442953
v 0.40827912 0.29932460 0.01720133
v 0.54054832 -0.12342215 0.29341620
v -0.64461195 0.20694946 -0.00233981
v 0.09973996 -0.13009576 0.52769983
v 0.04382440 -0.35897100 -0.02356451
v -0.07279180 0.36675540 0.34794423
v -0.29709277 -0.24066928 -0.50106186
v 0.38139752 -0.24471223 -0.22577126
v 0.40672037 -0.08243640 0.42258349
v 0.74515444 0.14609903 -0.03148683
v -0.24816924 0.13876627 -0.40323573
v 0.30819032 -0.37841004 0.02829096
v -0.39004105 -0.23309150 -0.44965404
v -0.20683688 0.28901330 0.46327448
v -0.17277385 0.33303353 0.38922513
v 0.61002839 0.01752412 -0.12027066
v 0.59243304 -0.07896633 0.29204515
v -0.41555184 0.21399765 -0.42198750
v -0.33548477 -0.05798188 0.37624937
v -0.52448344 -0.09845556 -0.12481646
v -0.00043615 -0.32678095 0.10692228
v 0.37946042 0.21675172 -0.22284293
v -0.15146379 0.33462259 0.44519964
v -0.39432412 -0.09455340 0.42714232
v -0.64004827 0.10040761 -0.09223188
v 0.55501634 0.07373618 -0.07970972
v 0.09128374 0.34912300 -0.02313788
v -0.19859372 0.35508713 0.06551695
v 0.61966217 0.08048901 0.23198956
v 0.27360350 0.31550062 -0.08387706
v 0.50768894 0.04953281 -0.16982770
v 0.10420363 0.12753950 0.47915745
v -0.21719098 -0.08699939 -0.40627381
v -0.43977147 0.23869941 -0.37804741
v -0.06006199 -0.17509478 0.53678507
v -0.42900699 0.32676810 0.03815867
v -0.32546815 -0.43218845 -0.39678362
v 0.17708927 -0.37300950 -0.00563387
v -0.37917095 0.06617606 0.35847038
v 0.30168572 0.10095529 0.47285041
v 0.56012917 0.18173626 -0.02051005
v -0.21252427 -0.31699187 0.09082843
v 0.38784069 -0.26009682 0.37912527
v 0.45507246 0.12829486 -0.17727116
v 0.15794531 0.10241538 0.48871857
v 0.54067832 0.03046050 -0.12617648
v -0.09690879 -0.02700632 0.54782581
v -0.20844865 0.30830532 0.36406517
v -0.41778055 -0.24480546 -0.10270111
v 0.25529078 -0.24997286 0.46552545
v 0.66519475 0.18076770 0.06881122
v -0.31417358 0.21210971 0.46097729
v 0.50727671 -0.16364118 0.25515911
v 0.11935763 0.12469482 -0.39412647
v -0.33278483 0.27237219 -0.33834332
v -0.46770096 0.13534240 -0.42040759
v -0.48198563 0.25667289 -0.32128629
v -0.32084209 0.09758993 -0.51821876
v -0.10256205 -0.19215921 -0.57481605
v 0.28563917 -0.37867483 0.03377185
v -0.22444123 0.05798865 -0.45917752
v -0.43778408 0.27832559 -0.33218941
v -0.13802311 -0.07333374 -0.43422902
v 0.01565416 -0.35291383 -0.00856243
v 0.27844647 -0.29920775 -0.17597452
v 0.49522489 0.27861103 0.05487293
v -0.46041727 0.21131711 -0.38431138
v 0.25891727 -0.26898354 0.46508664
v 0.42024881 -0.24379121 0.32366356
v -0.38027483 0.11911992 0.31136864
v -0.28079790 -0.09548154 -0.49537316
v 0.05336321 -0.16511016 0.53036308
v 0.48601946 0.04432201 0.40488142
v -0.31060767 -0.47005665 -0.48881122
v 0.62850630 0.13662122 0.09881184
v 0.41198814 0.26865581 0.31214535
v -0.51472425 0.19225487 -0.22085252
v 0.15127671 -0.26368538 0.51658130
v 0.76902735 0.14210191 0.12876904
v -0.29884040 -0.49972397 -0.42645755
v -0.30533546 -0.14297538 -0.41182321
v -0.30935425 -0.14229847 0.46763152
v 0.06656705 -0.18902360 -0.66696370
v -0.36406219 0.07952320 0.47826999
v -0.33700898 0.13096999 -0.49457031
v -0.29870138 0.04774655 0.37590390
v 0.33210078 0.30486357 0.42097360
v -0.01430803 -0.15985930 -0.57650477
v 0.19871902 0.40006453 0.04928097
v 0.05231984 0.38776845 0.43041116
v -0.52876323 0.20707224 -0.09107278
v -0.29776341 -0.31373736 -0.00476092
v 0.11616251 -0.39485502 0.16995923
v -0.31358764 -0.05408702 0.44116268
v 0.64069980 -0.05292157 0.08329695
v 0.26277530 -0.33598375 0.34207511
v -0.26919961 -0.31802967 -0.06884689
v -0.30291468 -0.26790267 -0.21218231
v 0.72836846 0.27548191 0.00327387
v -0.56101912 -0.12933594 0.05369614
v -0.32054466 0.27230003 -0.38633811
v -0.20252419 0.32920429 0.18001598
v -0.01282480 0.32016176 0.32011008
v 0.41085356 -0.21378948 0.39813960
v -0.45976442 -0.16146465 -0.17688014
v -0.20416030 0.07327700 -0.47257805
v -0.30715087 0.17024779 0.44375527
v 0.02103927 -0.20321427 -0.68308687
v -0.01370418 -0.14262231 -0.66915095
v -0.53877509 -0.07456163 -0.25182083
v 0.04002869 -0.32827049 -0.09333945
v -0.37106454 -0.28818789 -0.43094513
v 0.33163312 -0.13409948 0.45402011
v -0.37902042 -0.38841501 -0.48006862
v -0.29920363 0.19217290 -0.47674766
v 0.26506382 -0.25374410 0.48207831
v 0.03418156 -0.24708660 -0.63823068
v 0.61832011 -0.01055793 0.26713923
v -0.15644215 0.19428629 -0.33950567
v 0.12716495 -0.04267054 0.51598573
v -0.32417232 -0.10923277 -0.51193571
v -0.17687954 -0.11459983 -0.41291451
v 0.64027703 0.04827880 0.24880476
v 0.46398199 0.30075768 0.17543271
v -0.38145667 0.04250681 0.43615142
v 0.12624294 0.34458792 0.34786457
v -0.05656563 -0.15171131 -0.57221156
v 0.07183255 0.41153842 0.10280806
v 0.00631777 -0.21208329 -0.59961927
v -0.30118126 0.27254802 -0.27548146
v 0.48403591 -0.24755441 0.18503121
v 0.34306550 -0.25452116 0.43772855
v -0.25388974 0.04018109 0.53014535
v -0.37292117 0.00859389 0.35951510
v 0.11323057 -0.22927804 0.51680291
v -0.06077987 -0.09773856 -0.55453086
v 0.13971822 -0.13490543 0.50396323
v -0.27096277 0.18915363 -0.49094674
v 0.64418519 0.10732580 -0.08514930
v 0.30118245 -0.06607123 0.49587533
v 0.28566465 0.32126194 -0.02596801
v 0.07519007 -0.14495280 0.53683048
v -0.28441918 0.13774984 0.46016347
v 0.15869679 -0.40091446 0.09310760
v 0.60192978 0.11682573 -0.11417806
v -0.08219250 0.09731312 -0.41459149
v -0.01508499 -0.22905505 -0.61109662
v -0.34534582 -0.02496783 0.51380002
v 0.35157478 -0.32664892 0.23239438
v 0.07077111 -0.26868364 -0.68942779
v -0.19774531 -0.16886392 0.47185403
v -0.48856002 -0.12166816 -0.15345570
v -0.27472427 -0.47260889 -0.40623704
v 0.50582087 0.19314571 0.17050985
v 0.49264833 -0.19674405 -0.15955952
v -0.50716567 -0.12697029 -0.23202558
v -0.33377451 0.10080703 0.45698842
v -0.24779791 0.24004708 -0.24476361
v -0.24096334 -0.50221819 -0.46060616
v 0.45652241 0.30322427 0.03768481
v -0.52980554 -0.13916107 0.13054165
v -0.33951986 0.29573470 -0.05780799
v -0.18753681 -0.09342146 -0.62568301
v -0.37484244 0.29994488 -0.34758505
v -0.56788611 0.27620894 -0.06839558
v 0.30309045 -0.37091571 0.14541931
v -0.23875701 -0.03920914 -0.46611279
v -0.11156483 -0.02541628 0.53627366
v 0.04902639 0.38567588 0.45036581
v 0.15337214 0.40362918 0.01338534
v 0.52607369 -0.12720156 0.25301555
v -0.48053509 0.30455762 -0.23119654
v -0.42760962 -0.22642285 -0.12060539
v 0.07671169 -0.05617614 0.53112400
v 0.07686588 0.37378508 0.24256970
v 0.30659738 -0.10646167 0.47891110
v 0.21044002 0.26770079 -0.25493285
v -0.71941352 0.06590058 -0.00095140
v 0.25756511 0.35801035 0.33228210
v -0.06115481 -0.14050573 -0.55381644
v -0.18499087 0.31608874 0.25626600
v 0.53114653 -0.15113211 -0.13897370
v -0.14310589 0.34406161 0.15452746
v -0.00762409 0.25461268 0.44000861
v -0.06391945 -0.27391401 0.35601467
v -0.36411893 -0.34702036 -0.52943283
v 0.01820450 0.27446628 -0.22629720
v 0.57347375 -0.04639431 -0.13920519
v 0.26136634 0.15007196 0.46462646
v -0.36957344 0.28284183 0.17534168
v 0.45643517 0.34223163 0.09264958
v -0.25874579 0.20689820 -0.46550557
v -0.00225710 -0.21275200 -0.59301126
v -0.29360712 0.27177265 0.37009180
v 0.25134343 0.15620252 0.43749157
v -0.71615875 0.10932643 0.02734978
v -0.34686026 0.24480274 -0.42461073
v -0.66701233 -0.01935957 0.02193180
v -0.14556639 0.30706567 0.37856245
v -0.27666622 0.09800201 0.50462556
v -0.36364302 -0.16029073 -0.43371269
v -0.38340992 -0.26141411 -0.44609773
v 0.47577968 -0.21125792 0.30726117
v -0.36342570 -0.00456194 0.42064643
v -0.15480393 0.21971697 0.48623270
v 0.07946032 0.27232954 -0.24194039
v -0.26677591 0.34032199 0.45154318
v -0.60127574 -0.11173082 0.00964770
v 0.44142157 -0.26581562 -0.08184774
v -0.38079304 -0.39184666 -0.53381038
v -0.63636988 0.03167255 -0.11450239
v -0.23700213 0.18682691 0.48857966
v -0.31870690 0.27446285 0.24807771
v 0.09063144 -0.09562629 -0.41688636
v -0.29135075 -0.46880999 -0.54486394
v 0.50610822 -0.01259601 -0.18564031
v 0.25358891 0.38673475 0.17058107
v 0.57085371 0.04292543 -0.11985144
v 0.12423533 -0.24792717 -0.62083846
v 0.35591754 0.31122810 0.31472412
v -0.28242302 -0.13737524 0.41692451
v 0.46083748 -0.26691467 -0.02738378
v 0.15540025 0.28701544 -0.22077972
v 0.41507414 -0.29761401 0.15922262
v 0.69442552 0.21527295 0.05610508
v -0.07166192 0.16927691 0.50877863
v -0.55666101 -0.13787884 -0.01568088
v 0.15138230 -0.22277510 0.50740653
v 0.15270190 0.25591534 -0.29608458
v -0.39198840 -0.30045313 -0.50597858
v 0.47299543 0.15973428 -0.14157023
v -0.58794141 0.01870457 -0.17882612
v 0.54445910 0.16191192 0.22658877
v -0.60177028 0.13682839 0.06442122
v -0.45826957 0.03973626 0.24585602
v 0.37460864 -0.10441051 0.46774843
v 0.20305790 0.06258764 -0.39338028
v -0.32921112 0.25500894 -0.40404832
v -0.34622678 0.28295740 -0.39699215
v 0.46418285 0.00552503 0.39984623
v 0.60757071 -0.02120755 0.17010175
v -0.06526094 -0.11020614 -0.61552864
v 0.60873860 -0.10468236 0.02734168
v -0.00062659 -0.14176773 -0.60460687
v 0.44390744 -0.23140621 -0.15782407
v 0.25722367 0.38660017 0.15484667
v -0.54452652 -0.10897405 -0.25328955
v -0.09230452 -0.05733769 -0.62992251
v -0.28121036 -0.26817545 0.22148940
v 0.59644997 -0.08605943 -0.12357448
v -0.33347619 -0.21540958 -0.54698569
v -0.41581157 0.25055259 -0.38604945
v 0.27241632 -0.36281127 0.00203317
v 0.39491495 0.31410521 0.22465283
v 0.48067814 0.02136574 -0.21464986
v -0.28259456 -0.05071323 -0.53674811
v -0.21006855 -0.31527513 -0.03340736
v 0.25940716 0.26963288 -0.22788264
v -0.30053732 0.29387897 -0.20479050
v -0.28109521 -0.27961501 -0.49234709
v -0.31509361 0.29970235 -0.21945336
v 0.24428546 0.18955773 0.43340018
v 0.34208465 -0.31517911 0.32804292
v 0.35963026 -0.35882631 0.08682370
v 0.63925421 0.04103740 0.10898355
v 0.51724625 0.06173259 0.34893632
v -0.54993975 -0.03490939 0.14078398
v -0.37514275 0.27243459 0.42521751
v -0.57693738 -0.01466410 -0.16437182
v -0.05490130 -0.13353750 -0.41519639
v -0.38369882 -0.17171952 -0.33326012
v 0.34857020 -0.30871177 -0.01449658
v -0.14431086 0.34192485 0.16563657
v 0.50709045 -0.07288539 0.35537940
v 0.30189559 0.27853662 -0.12530428
v 0.69929034 0.04955431 0.09665184
v -0.30826178 0.33471948 0.04629662
v 0.59285414 -0.06771828 -0.00893440
v 0.45173609 -0.18579744 0.32858169
v 0.25370455 -0.19953111 0.44422206
v 0.09695358 -0.24653967 -0.65970141
v 0.00697866 -0.34977782 0.10056613
v 0.04875391 -0.32309586 -0.10188772
v -0.04599306 -0.34065229 0.49330297
v -0.51665759 0.24862565 0.10887458
v -0.31601721 -0.26633281 -0.20587122
v -0.45559397 -0.20525090 -0.15620603
v -0.27320409 0.31644416 -0.00649319
v -0.16840164 0.33868632 0.41368455
v 0.02545989 0.34831193 0.30358183
v -0.35946786 0.32087275 -0.25376663
v -0.57806599 0.14158484 0.07561216
v -0.13245516 -0.30866632 -0.14343899
v -0.30927199 0.33285937 0.09545448
v 0.60238105 0.00029954 -0.10835607
v -0.21277769 0.14513844 0.43401751
v -0.29776093 -0.42727578 -0.41234487
v -0.47375482 -0.09389942 -0.41313392
v 0.45729727 0.11231438 -0.19935538
v -0.15616050 -0.24560414 0.33624107
v 0.23702553 0.31642520 0.44670099
v -0.27232075 -0.33036333 -0.49220651
v -0.59655303 0.08971763 -0.15589364
v -0.19394267 0.25256264 0.48691648
v -0.40656108 -0.23512517 -0.48681638
v -0.01545937 0.38688105 0.03799198
v 0.15025175 0.21251406 -0.33357593
v -0.05090696 0.34232053 0.13827287
v -0.03952343 0.35040516 0.20360692
v 0.66554946 -0.03949628 0.22527227
v -0.33587569 -0.43663374 -0.42208347
v 0.20238979 0.31464016 -0.02835849
v -0.36602479 -0.36427721 -0.54218888
v -0.52754170 0.05987652 -0.41506624
v 0.03237149 0.34574765 0.36843958
v 0.17477779 0.26341248 -0.29051495
v 0.30710652 -0.27740705 0.40243468
v 0.03181921 -0.13463615 -0.60210317
v -0.35323799 0.15271573 -0.49845764
v -0.00602374 0.15081090 0.49097618
v 0.00718907 0.23657879 -0.32514268
v -0.54680592 0.07317416 -0.30407238
v -0.26064813 0.27095526 -0.24882495
v -0.24994381 -0.03826318 -0.43137670
v 0.69956225 -0.03077520 0.16507487
v 0.21940018 -0.20491597 0.48964909
v -0.00022826 -0.15003718 -0.61098301
v 0.14759970 0.10588388 0.47911826
v 0.17314626 -0.31851485 -0.12866452
v 0.62027830 -0.08343965 -0.10481698
v 0.46493530 0.18903296 0.27712232
v 0.19701092 0.07156651 -0.39678052
v 0.14416370 0.41444403 0.06606850
v -0.22888456 0.16213435 -0.46254784
v 0.10985660 -0.20394029 -0.58072418
v -0.32160127 -0.16503759 -0.39208382
v -0.13090263 0.06863046 -0.40428174
v -0.28828701 -0.26435718 0.23077980
v -0.31383279 0.15868449 0.33911595
v -0.36312097 0.12610739 0.35259145
v 0.58879334 0.16223697 0.21299623
v 0.18591470 0.23232540 -0.32467225
v -0.34041148 -0.19455847 -0.29140699
v 0.53411496 0.03416373 0.33051118
v -0.01712641 0.25310600 0.46607733
v 0.67007184 0.22436674 -0.01476995
v 0.54813522 0.27448112 0.04192561
v -0.32951134 -0.47907710 -0.53807735
v 0.42300022 -0.21382682 0.35466319
v -0.41849869 0.01528507 0.41092026
v 0.04920442 -0.39787498 0.14812165
v 0.11343750 0.37081921 0.33095974
v -0.03556065 -0.22125442 0.53578591
v 0.44712234 0.01326830 0.42913124
v -0.04026921 -0.10470857 -0.59318602
v -0.40102792 0.01330498 0.41581023
v 0.09981026 -0.26449141 -0.61433220
v -0.40055969 0.26284802 -0.10260771
v 0.63162267 0.18434268 0.15343894
v -0.23983236 0.34518030 0.41330215
v 0.17617685 -0.05802336 -0.40655237
v 0.50182927 -0.12335539 0.34006894
v -0.15099879 0.30290446 0.36422089
v -0.07481474 -0.32380942 0.42869467
v 0.31318182 -0.26632890 0.44241211
v 0.46628901 0.07324378 -0.22014856
v 0.44962052 -0.26251179 0.20963070
v -0.08414121 -0.05462832 -0.60602421
v 0.11638670 -0.22977608 -0.31455669
v 0.30749375 0.33339712 0.29571760
v 0.28602090 -0.06060872 0.49374855
v -0.15304440 -0.28793994 0.52074891
v 0.00131039 0.12913062 -0.41149080
v 0.30071041 -0.26320070 0.44579059
v 0.26776695 -0.36220157 0.24088936
v -0.53115869 -0.07825708 -0.25500220
v 0.22135922 -0.36987853 0.24041009
v 0.05710645 -0.17921259 -0.57991028
v 0.34328499 -0.06502403 -0.37753633
v 0.31201220 -0.00231897 0.49030149
v -0.34347016 0.24144477 0.37040627
v -0.28286132 0.24409488 -0.37125927
v 0.03028079 -0.16581134 -0.61855108
v -0.36992297 -0.28554797 -0.47441539
v -0.23388657 -0.26137120 0.27321318
v -0.39190200 -0.19768675 -0.42892385
v -0.06164119 0.18197519 -0.34382394
v -0.25377387 -0.46427819 -0.47054842
v 0.07941205 0.42494199 0.05983481
v 0.07151210 0.43143013 0.05666774
v 0.16411805 0.36605731 -0.05076074
v -0.33590072 0.15695101 -0.49520940
v 0.42970920 0.30893400 -0.04461417
v -0.35779580 -0.31615266 -0.56394535
v -0.00580090 0.31418401 0.12329409
v -0.13816056 -0.02384342 -0.51671952
v 0.15139514 0.37128535 0.33472857
v -0.27407631 -0.12862000 0.45514229
v -0.62834275 0.24665692 -0.09033030
v -0.04791969 -0.16647170 0.46351418
v -0.61723906 0.05166504 -0.09294095
v 0.55711734 -0.07750754 -0.17641394
v -0.23929688 0.14084943 0.49295044
v -0.27330047 -0.52150452 -0.51447022
v 0.61528182 -0.01404830 0.28231102
v -0.34764746 0.07870077 0.48904434
v -0.35542509 0.23191303 0.28115761
v 0.02312199 -0.32053721 0.39775872
v -0.23994172 0.32125226 0.35334921
v 0.47156727 0.27946195 -0.03133585
v 0.38740903 0.03628126 -0.30654949
v 0.66254282 0.06916513 0.20513044
v 0.16448173 0.32320181 -0.01949247
v -0.31293356 -0.47295266 -0.47121283
v -0.17474326 0.00124063 -0.55859911
v 0.26596001 0.36685511 0.10119972
v 0.31412238 -0.35016349 0.23208058
v -0.56260592 0.16941108 0.05675181
v -0.33075470 -0.10517733 -0.52303481
v -0.01919916 0.24264064 -0.27798280
v -0.50367832 0.16170302 -0.35042596
v -0.60194898 0.10072447 0.09397905
v -0.11712150 -0.18455903 -0.58192384
v 0.17945686 0.36749828 -0.02583489
v -0.38315439 0.28316811 -0.12634102
v 0.42112672 -0.29703808 0.19428094
v -0.35223734 -0.08892395 0.33157128
v 0.15405896 0.31429362 0.45872808
v -0.71067679 0.14188448 -0.00700800
v -0.24736050 0.33245808 0.43150905
v -0.35168648 0.23359266 0.23181850
v 0.10455310 -0.40119711 0.24306151
v 0.65370286 -0.05480159 0.19710775
v 0.33227581 0.33442426 0.00057718
v 0.23459728 -0.27627036 0.45604205
v 0.18617555 0.15347019 0.47245371
v -0.33956221 0.30870908 -0.30129167
v 0.29130369 -0.32857621 -0.02598553
v -0.37895301 -0.05555669 -0.52527946
v -0.10047099 0.32410029 -0.05248214
v 0.19890431 0.39806211 0.22163118
v 0.03375498 0.35343233 0.32729226
v 0.01254235 -0.38320455 0.20673403
v 0.06594601 -0.24549335 -0.60494292
v -0.09714892 -0.17828313 0.42151675
v -0.57135659 0.00958884 -0.26583752
v -0.54018152 0.22933625 0.06440245
v 0.64829773 -0.03922219 0.13665314
v -0.25324410 0.24799752 0.46728346
v -0.21157619 0.04810385 -0.50417119
v 0.24728221 -0.19107184 -0.34517515
v -0.39138263 -0.20229296 -0.43821946
v 0.10488467 0.17865577 -0.33878529
v -0.52013677 0.08636701 0.11175664
v 0.25630128 0.15100755 0.45568115
v -0.58739907 0.03237012 -0.03050049
v -0.21268775 0.16939510 0.49442738
v 0.07364724 0.23839118 0.47899619
v 0.02245432 -0.38750309 0.18252105
v -0.62841791 -0.03986029 -0.06379201
v -0.38483578 -0.25568029 -0.52687150
v -0.36359093 -0.37077463 -0.40420640
v -0.22911671 0.21363759 -0.25884461
v 0.11678941 -0.30715120 0.42880431
v -0.16075687 -0.21763045 0.40480319
v 0.50602961 -0.23012438 -0.04427405
v 0.45253673 0.08579753 0.37639719
v 0.68357855 -0.00672541 0.14743780
v 0.42340171 -0.31103626 0.07957209
v -0.14727704 0.12840691 -0.36847344
v -0.01866923 -0.17541645 -0.56977057
v -0.32068253 0.32895935 -0.13515079
v 0.08603432 0.38203934 0.43608236
v -0.12996423 0.27520597 -0.14977439
v 0.44162679 0.08972636 -0.25101733
v -0.52086991 0.09268658 0.14939341
v -0.35594279 -0.37985763 -0.38989890
v 0.37918931 -0.14175434 -0.32995614
v 0.70184648 0.05631963 0.08973751
v 0.37008756 -0.34133452 0.14354283
v 0.65395635 -0.03126691 -0.00028558
v 0.05798345 0.35146159 0.32294202
v -0.20243879 -0.21313120 -0.39550218
v -0.51214629 -0.08856805 0.15671203
v 0.20591494 0.28438103 0.41987902
v -0.50630540 0.14136785 -0.29481167
v -0.48458701 -0.13798811 -0.18691075
v 0.00110256 -0.29186666 0.50771081
v -0.35640931 -0.28705978 0.12026343
v -0.31185919 -0.19686435 -0.46920148
v 0.10641223 -0.35001528 0.35497752
v 0.31142512 0.35593802 0.19113408
v 0.66830814 0.06725861 0.20123211
v 0.04445183 -0.14029692 -0.57024455
v -0.15036660 0.31376603 0.45148093
v 0.02411988 -0.17733249 -0.63473135
v -0.29115540 0.23438722 0.31366050
v -0.55101645 -0.07253127 -0.11629442
v -0.14170520 -0.08153608 -0.51787841
v 0.67176008 0.00567220 0.22280580
v 0.53569305 -0.17766169 0.20721215
v -0.45650312 0.29821146 -0.25734493
v -0.47135994 0.25020170 0.16562313
v 0.72197992 0.01238511 0.16912436
v -0.21763773 0.02306921 -0.54810774
v 0.45447010 -0.15856804 0.36571172
v -0.07842605 0.32124135 -0.08289806
v -0.00906832 0.42886820 0.07246879
v -0.01514992 0.23309469 -0.32309666
v 0.32419074 -0.36279675 0.16482918
v 0.26952273 -0.19655564 0.44531667
v -0.17878829 -0.25825453 -0.30244768
v -0.09581378 -0.28028938 -0.26865253
v -0.28881434 -0.31749913 0.04752400
v -0.42358273 -0.16805942 -0.26023397
v 0.68917668 0.04384150 0.16086286
v 0.14054520 -0.31646788 -0.62374979
v 0.29142600 0.04264405 0.45701402
v 0.29565808 -0.09728962 0.44818556
v -0.00752410 -0.31241310 0.41810176
v 0.37431285 -0.30670053 0.26435211
v -0.28770745 0.10539217 -0.49989718
v -0.08582609 0.32657200 -0.06150377
v 0.39052030 -0.15195884 0.42582136
v 0.52408963 -0.18036480 0.22876023
v 0.03017532 0.38035437 0.36419505
v -0.23960856 -0.27664953 -0.21231988
v 0.31171376 0.35578763 0.16166291
v -0.11367185 0.33535093 0.42599657
v -0.01523186 -0.21433902 -0.59415245
v 0.09795526 -0.20330672 -0.61300498
v -0.32000428 -0.11916024 0.38188595
v 0.45762637 -0.18322888 0.32012075
v 0.53957438 -0.01738960 -0.14990282
v 0.51327628 -0.04461472 0.34282601
v -0.01699544 -0.24416430 -0.33751869
v 0.65459424 0.12713601 0.11189203
v -0.32613266 -0.29064754 0.15627031
v -0.05530195 0.15366457 0.51834089
v -0.04137000 -0.27554086 0.42373455
v -0.60240138 0.14494672 -0.02500671
v 0.15813062 0.39229134 -0.01965165
v -0.52309585 0.04670069 -0.42812556
v 0.11334732 0.38504979 -0.02675436
v 0.66064930 -0.05642918 0.01619001
v 0.53623039 -0.11729558 -0.17355603
v 0.67125833 0.01837787 0.22146586
v -0.61555839 0.15364894 -0.12269338
v -0.68304735 0.15348364 -0.03211313
v 0.34576923 -0.25030708 0.44483045
v -0.37952438 -0.29205883 -0.43994391
v -0.32132375 -0.14285056 -0.37357616
v -0.45409593 0.31214246 0.06637415
v 0.63087988 0.00648115 -0.12010295
v -0.67986494 -0.04286700 0.03622931
v 0.30148101 0.36925086 0.07992451
v -0.32245201 -0.29625598 -0.45262375
v 0.16678695 0.26439312 -0.27740008
v 0.14640437 -0.20519882 -0.57080662
v -0.36585698 0.34430885 -0.08595562
v -0.20111236 -0.32011038 0.01258501
v 0.41242385 0.01229558 -0.30287305
v -0.42556176 -0.10668305 -0.49779370
v -0.10584878 0.31758162 0.36376852
v 0.10243217 -0.25591460 -0.59508580
v -0.34494624 0.32757610 0.39671740
v 0.05385601 0.03049459 -0.41223338
v 0.33061618 -0.15402079 -0.35190606
v 0.02824609 0.34834966 0.32888716
v -0.24111933 -0.16958156 0.39631474
v -0.52851140 -0.19953573 -0.00442218
v 0.33564347 0.31045386 0.38424367
v -0.44331822 0.13892820 0.25741333
v 0.36670154 0.33551717 0.16338933
v 0.65227354 0.07047774 0.24479906
v 0.26513314 0.27131310 -0.19889210
v -0.14144185 -0.02109397 -0.51351947
v 0.08287478 -0.39804298 0.20442949
v 0.39935908 -0.32864347 0.13138920
v -0.29890269 -0.12414131 0.47836852
v 0.12939076 -0.39772642 0.17340176
v 0.25684106 0.35516965 0.32876325
v -0.26826423 0.26481226 -0.27625868
v -0.36607155 0.27304024 -0.38821959
v 0.15171920 -0.39921710 0.06890357
v 0.39078256 0.20825471 -0.22996350
v -0.18950315 -0.11764766 0.55166280
v 0.17392868 0.35093400 0.41033953
v 0.03031180 0.39636934 0.10876498
v 0.21365523 0.38448867 -0.00612444
v -0.63400996 0.20244893 -0.09138292
v -0.22275773 -0.16053826 0.46257690
v 0.32523701 0.14997189 0.45866299
v 0.35949442 -0.10303234 -0.33973122
v 0.22458118 0.29656282 -0.19583464
v -0.39068210 -0.19291200 -0.52373773
v -0.44636866 0.04287483 -0.48388448
v 0.62596220 -0.08282632 0.26135072
v 0.48025930 -0.25156850 0.13750204
v 0.34790802 -0.21763119 -0.29984665
v -0.26008686 -0.08557335 0.53825730
v -0.46577129 -0.09843013 -0.40990940
v 0.30825555 -0.14122230 -0.34897968
v -0.32247078 -0.06755982 0.43587062
v -0.28582573 -0.26934251 -0.52566063
v -0.08429355 -0.31315446 0.19172481
v 0.04926017 -0.16587362 -0.60933489
v 0.23593900 -0.23686245 -0.31804773
v 0.48048472 0.19831881 0.23450685
v 0.63495833 0.29634622 -0.02042835
v -0.27658221 -0.21667248 -0.33280575
v -0.05617767 -0.20447713 -0.35018370
v -0.08517490 -0.08443827 -0.59713250
v -0.39986795 -0.26413643 0.04360669
v -0.03720868 -0.23298764 -0.33735827
v -0.43724495 0.27616519 -0.33636612
v -0.58943027 -0.07994656 -0.04177373
v 0.45541343 0.25203642 -0.08478679
v -0.52055216 0.13254456 -0.26900673
v -0.45674449 0.30876175 0.07014386
v 0.10661602 -0.37813848 0.34722888
v 0.22193867 0.20935391 -0.33104506
v -0.14097184 -0.29857174 0.52176750
v 0.70045614 0.08808149 0.09680296
v 0.01428832 0.13484451 -0.40235645
v -0.04620834 -0.29440081 0.49619430
v -0.03891912 -0.14185633 -0.55556691
v -0.04564382 0.41675341 0.06000254
v 0.46907908 0.12739137 0.37970030
v -0.40287632 -0.26448414 -0.04190708
v -0.44634575 0.02350857 -0.47596705
v 0.72479892 0.16461405 0.02993177
v 0.24765024 -0.27063647 0.46650982
v -0.17010468 -0.17298850 0.48806649
v 0.63317728 0.02618222 -0.05986162
v 0.02429095 -0.38679060 0.20173694
v 0.27477762 0.36983570 0.21133240
v 0.46683663 -0.14626871 0.34326547
v -0.27263317 0.14497383 0.45731303
v 0.40100759 0.24507204 -0.15553045
v 0.01688300 0.38511088 0.02133507
v -0.62712389 0.12817320 -0.13228902
v 0.57359231 -0.10799325 0.29406518
v 0.59882009 -0.09783967 0.27682695
v -0.34033695 -0.21340540 -0.45560712
v 0.22024737 -0.05656670 -0.40500104
v 0.19124073 0.13660458 -0.37989420
v -0.07111869 0.36361888 -0.02672543
v 0.11307224 -0.22925319 0.50381207
v 0.21390565 0.39556015 0.10043761
v 0.65286314 -0.04990562 0.13426593
v 0.20947590 0.21539034 -0.33889231
v -0.02795637 -0.32878610 0.28612757
v 0.52866369 0.04078167 0.35324556
v -0.71153152 0.14894581 0.02748874
v -0.63404030 0.10548814 0.08559877
v -0.23010749 0.23145016 0.39370283
v -0.12268052 0.32318139 0.42870769
v -0.31076947 0.06031536 0.42112926
v -0.60412318 0.22959924 -0.00170168
v -0.20442548 -0.03759007 -0.57908452
v 0.19144846 0.40347329 0.12028578
v 0.52564752 0.03668321 0.32725221
v 0.63075262 0.12074381 0.16140245
v 0.58385569 -0.07985741 0.16819987
v -0.28490871 -0.25644547 -0.53356922
v 0.20192946 0.19624254 -0.31636003
v 0.11852664 0.30662966 -0.18350688
v -0.15394926 -0.26950678 0.43900305
v 0.53884691 -0.05207561 -0.17361593
v -0.37486213 -0.25400686 -0.15916881
v 0.46010008 -0.27264392 0.11180051
v -0.46872002 0.18331942 -0.39469790
v -0.44695756 0.30610946 0.05579320
v 0.40451798 -0.28334194 -0.05204660
v -0.10118242 0.32064104 0.29737946
v -0.07058706 -0.13152483 -0.66292459
v -0.21203542 0.08009996 -0.45224747
v -0.01256240 0.30737221 0.30505067
v 0.39581189 -0.25935137 0.38308230
v 0.03620281 -0.27890253 0.53420520
v -0.31650421 -0.31551656 -0.53982222
v -0.00815888 -0.30195075 0.40761679
v 0.53399450 0.11744960 0.34315622
v -0.43285346 -0.03490099 0.45531043
v -0.24505031 0.18743782 0.40886143
v -0.14074267 0.36261922 0.04314970
v -0.39301708 0.25948465 -0.11707538
v -0.07561745 0.30842119 0.40012687
v -0.27836028 0.14190444 -0.51060975
v 0.40582153 -0.23218764 0.40161732
v -0.38276094 -0.03016720 0.42070541
v -0.04313895 0.16306315 0.51438880
v 0.42509890 0.32880211 0.08174642
v 0.47438255 -0.20805679 -0.09087136
v 0.22891700 0.18983792 -0.33677089
v -0.20583624 0.30854499 0.24985749
v -0.10186093 -0.14541064 -0.66205913
v 0.26239133 -0.37589368 0.01371026
v -0.52463591 0.27895072 0.03270449
v 0.09745067 0.33962819 -0.04580268
v -0.17234686 0.25331652 -0.22200140
v -0.62983346 -0.05676577 0.02807849
v -0.34923279 0.09273414 0.47754961
v 0.33719423 0.31686595 0.30526766
v -0.33417499 0.32515320 0.09422895
v -0.06995428 -0.31968030 0.50747246
v 0.52055293 -0.18112586 -0.02668572
v -0.56212223 0.14656949 -0.21321163
v -0.32726833 -0.20282176 -0.54723579
v -0.37575576 -0.29425010 -0.45726326
v -0.35873604 0.34815735 -0.17884111
v -0.30061758 -0.11199773 0.42846557
v -0.35055462 -0.27971303 0.17156573
v 0.14460024 -0.39970791 0.19647591
v 0.14571585 -0.33141741 -0.06442364
v 0.35729122 -0.06902193 -0.35892186
v -0.53369981 0.19525194 -0.27292648
v -0.29984316 -0.12603635 -0.44787538
v 0.57629979 0.18119079 -0.04524025
v -0.46449950 0.32581830 -0.11725525
v -0.34919745 0.30106544 -0.35352159
v -0.24625917 0.22123058 -0.39524478
v -0.47945610 -0.05611244 -0.45211041
v 0.35406810 -0.07884505 -0.33567449
v -0.18770838 -0.08804327 -0.50172931
v -0.28171277 0.22362880 -0.39068952
v 0.46110290 0.18985486 0.27828312
v -0.07423944 -0.27632511 0.51176184
v -0.61633390 -0.02652088 -0.04035534
v -0.49265891 0.13493529 0.23721236
v -0.21999267 0.09946314 -0.38228211
v -0.33019418 0.24766947 -0.19774078
v 0.41425988 0.08947081 0.41491628
v 0.13564111 -0.40030184 0.13266671
v -0.49062958 0.28482592 0.03497181
v -0.30268967 -0.44821706 -0.37686926
v -0.34519219 0.28448862 0.38827616
v -0.51388705 0.25191578 0.05897929
v 0.00873646 0.39151695 0.02259578
v -0.02131741 0.33207327 -0.09986087
v -0.35441643 -0.13200574 0.49372721
v -0.26078093 0.24645942 -0.38668519
v 0.49148121 -0.24959362 0.12320074
v -0.60458177 0.22555035 0.03230332
v -0.46013260 0.29652250 0.10184228
v 0.03877845 0.36644435 0.25383621
v -0.26093814 0.33406281 0.33970422
v 0.62852132 -0.08970466 0.23659538
v -0.31526342 -0.17273065 -0.52489579
v -0.47936821 0.20143332 -0.37363541
v 0.42756391 -0.29056701 0.28072646
v -0.26618397 -0.10393403 -0.44655722
v 0.18750930 -0.31998768 -0.12952882
v -0.14489171 0.32525039 0.21369582
v -0.18293813 0.03065747 -0.41709584
v 0.00522892 0.08520632 0.49600700
v -0.05027036 -0.32032642 0.25549167
v -0.15352950 0.31597129 0.45050818
v -0.31976989 -0.44187382 -0.39033216
v -0.29699302 -0.34416211 -0.45319706
v -0.51716352 0.12785879 -0.38300028
v -0.33917123 -0.06286331 0.44480935
v 0.09194206 -0.37651831 0.35689500
v -0.32152015 0.30667305 -0.26159936
v -0.46310821 0.30638021 -0.12492187
v 0.43115300 -0.05118669 -0.27931166
v -0.47113761 0.25707960 -0.03852091
v 0.38967395 -0.27147496 -0.13623607
v -0.21131068 -0.31198931 -0.07785787
v -0.29607266 -0.49932891 -0.43309128
v -0.34433529 -0.38820887 -0.45375204
v 0.68075633 0.06983569 0.20048305
v 0.45413086 -0.22461270 0.28864247
v 0.16801573 -0.18678245 0.50857621
v -0.07754353 -0.08963009 -0.61319774
v 0.44805098 -0.10895952 -0.26073799
v -0.07781973 -0.33476740 0.45012441
v -0.46033880 -0.14408532 -0.18767717
v 0.21067718 0.13983506 0.45147973
v -0.14788043 -0.31352714 -0.06458702
v -0.36367461 0.27746999 0.41145542
v 0.39489955 -0.16889264 -0.29023874
v 0.34740964 0.18957907 -0.30530760
v 0.07514317 0.39139703 -0.03073549
v 0.06948215 -0.40149713 0.18100893
v -0.06743506 -0.28033119 -0.24698019
v 0.46335319 0.02986021 -0.24331297
v -0.49104208 -0.03787265 -0.41698876
v -0.41065025 -0.09717166 -0.51948571
v -0.16740049 -0.06394479 -0.51518637
v -0.21792743 -0.21104825 0.38730922
v -0.44752243 -0.19880281 -0.03868837
v 0.59594649 -0.12753986 0.08698729
v -0.22180602 -0.04856633 -0.47734231
v 0.14896053 0.31739751 0.44612670
v 0.63158172 -0.00598027 0.26908538
v -0.03727801 -0.29089665 0.35883465
v -0.10453359 0.01604270 0.54284346
v -0.49724826 0.26137263 -0.07020421
v 0.61612326 -0.12698391 0.06511991
v 0.48917887 0.24320559 -0.04681431
v -0.35058573 0.02885062 -0.52522224
v -0.04989479 0.37082183 0.00053776
v -0.31620905 -0.18452810 -0.52708596
v 0.06261621 0.44429183 0.10016766
v -0.62868202 0.20521593 -0.01683284
v -0.17836770 -0.18492168 -0.40852922
v -0.08020982 0.39008471 0.00433871
v 0.68064320 0.18801208 -0.06284087
v -0.30621806 -0.33714181 -0.43350852
v 0.24543342 0.25619468 -0.30780768
v 0.33222088 -0.31032035 0.34763697
v 0.26602665 -0.30170327 -0.21239021
v -0.10111164 -0.33123860 0.51605737
v -0.52292597 0.18455842 -0.32002890
v 0.58964628 -0.08482242 0.19747922
v -0.06146615 -0.21923704 -0.35009497
v 0.62358028 -0.04626339 0.14653806
v -0.01561690 -0.14825058 -0.62852502
v 0.41210541 0.25338948 0.33663675
v 0.65754765 -0.04936430 0.21600091
v 0.33274460 0.26615864 0.43150973
v -0.35582507 -0.16350809 -0.44375801
v -0.02119135 -0.36218390 0.04718234
v 0.23308471 -0.20267528 0.48985618
v -0.33291999 -0.22204979 -0.55319721
v 0.38620281 0.30285192 0.17986947
v 0.65516073 0.08715139 0.11121108
v -0.32328209 -0.11542905 0.52430552
v 0.07005259 0.12933493 -0.37564516
v 0.54022348 0.11840553 0.33693630
v -0.40101823 -0.21657008 -0.47380418
v 0.27194691 -0.09717809 -0.39485320
v -0.13231991 0.31412643 0.35388127
v -0.44313389 0.35045704 -0.19169801
v -0.55147916 0.08689980 -0.26022661
v 0.24909855 0.32397681 -0.03248935
v -0.38124657 0.34305587 -0.09498265
v -0.52076375 0.22361407 -0.03851832
v -0.30327642 -0.18629217 -0.51482481
v -0.31821159 0.05884220 0.36231518
v 0.48056138 -0.20551710 0.26565862
v -0.11632738 -0.22409062 0.48055005
v 0.18329787 -0.31984687 0.41765353
v 0.09273662 -0.40626845 0.09820873
v -0.28132826 -0.36969230 -0.45996097
v -0.07106799 0.33228794 0.33083889
v 0.37827036 0.25540304 -0.13689944
v -0.12427700 -0.32418698 0.01255208
v 0.32236797 -0.26588804 0.43142077
v 0.09469818 0.17044789 0.47211528
v 0.56200552 0.26546746 0.06776145
v 0.39841336 -0.04519072 -0.32500768
v -0.33455673 -0.41613302 -0.44157225
v 0.59133095 0.16955221 0.16068187
v 0.19875413 0.39083397 0.10397482
v -0.33459106 0.31244645 0.17722756
v 0.00306965 0.26453632 -0.23544379
v 0.29269207 0.10874938 0.48561090
v -0.48250341 0.11083307 0.19745444
v -0.00327479 0.30472183 0.28486931
v -0.16792969 -0.24671634 0.47343326
v 0.08863771 -0.02552086 -0.42799580
v -0.19744065 0.35013452 0.09643534
v -0.37292811 -0.18956317 -0.43355420
v 0.50983590 0.21822995 -0.10309225
v 0.00467879 0.43384585 0.02347932
v -0.27982756 0.23370835 -0.37472975
v 0.35167018 0.21484299 0.43926647
v -0.57937640 0.23399511 0.04947673
v 0.48461708 -0.00323450 -0.22768772
v 0.11571975 0.37963670 0.27140883
v -0.37774694 -0.27443403 -0.46740997
v -0.06275710 -0.32144263 0.17781135
v 0.58841050 -0.00383520 0.08208367
v -0.27850407 -0.31518090 -0.06424250
v 0.53898215 -0.18853667 -0.07670709
v 0.24516197 0.29668820 -0.18233299
v 0.29555070 0.13227034 -0.36417392
v 0.49697194 0.00135051 -0.18599401
v 0.58656806 -0.12029625 0.08800046
v 0.15709946 -0.02410562 0.51009417
v -0.38063562 -0.39818794 -0.54393828
v -0.40659836 -0.15602781 -0.49438739
v 0.33082366 -0.21921414 -0.27618137
v -0.34737143 0.29236224 -0.33394825
v -0.29118720 -0.25802523 0.24559946
v -0.36146593 0.02379431 -0.51751626
v -0.34417731 0.23122896 -0.45916498
v -0.35899612 0.16495277 -0.47521558
v -0.16304934 -0.01606526 -0.51593673
v 0.33342034 -0.27512416 -0.14371350
v 0.40544856 -0.21696076 0.37704307
v -0.36910844 0.31250685 -0.27101994
v -0.14168055 -0.21158215 0.45726132
v 0.14256476 -0.25352526 -0.60331595
v -0.20296861 -0.28445977 -0.21670660
v -0.33238569 -0.43199286 -0.46621150
v -0.31895509 -0.47085428 -0.41574055
v -0.26842210 0.29896933 0.43622082
v 0.54397166 0.20329198 0.16883518
v 0.28330052 0.08937586 -0.34630620
v 0.19937140 -0.33522439 -0.05331708
v -0.40338075 0.28559834 -0.13312691
v 0.51991057 -0.12280679 -0.15929641
v 0.66703469 0.05885463 0.20629843
v -0.54200202 0.24997248 -0.06396257
v -0.25738171 -0.30806616 0.16953009
v -0.21374150 0.08652444 0.47550857
v 0.53892863 0.03337768 -0.13498375
v -0.27187181 -0.46990326 -0.44713968
v 0.35087460 -0.29714176 0.34651303
v -0.06583194 -0.18889320 0.43286836
v -0.53485984 0.15537307 -0.28794235
v 0.57472962 -0.00435494 -0.15246631
v 0.28188464 0.32906413 0.37591237
v 0.44722512 -0.28826964 0.18066287
v -0.11049008 -0.21939926 0.47823083
v -0.25613573 0.26705313 0.27675971
v -0.55669439 0.05409603 -0.30192372
v -0.30479124 -0.15072918 0.48134243
v -0.22543788 0.31570598 0.20005119
v 0.65396392 0.07403959 0.25019974
v -0.44754142 -0.01857160 -0.48290244
v 0.52318174 -0.11046617 0.34521607
v -0.34110555 0.13298115 -0.49753851
v -0.15190813 -0.10664368 -0.63397270
v -0.51585799 -0.11748628 -0.08410715
v 0.41999134 0.32261539 0.07416102
v -0.03176657 0.38061383 0.44118291
v -0.25643328 0.30188131 0.21779890
v 0.06183071 -0.40585184 0.16318507
v -0.55618924 0.23650289 0.03529192
v 0.47543767 -0.06871201 -0.25845927
v 0.54121101 0.00860528 0.33734593
v -0.39677608 -0.17592664 -0.33285502
v 0.05421433 0.37208110 0.43906987
v 0.05583091 -0.36494464 -0.00973219
v 0.60054797 -0.11279187 0.24264139
v 0.56826997 -0.06252679 -0.09771739
v 0.54832870 0.17177773 0.21038090
v -0.31180927 0.24282210 -0.38389984
v 0.10223103 0.18433365 -0.33893538
v -0.24145430 -0.29144105 -0.16289920
v 0.57265300 -0.10082705 -0.13163063
v -0.55348080 0.23381174 -0.19928919
v -0.25354767 -0.06408468 0.53725374
v 0.53196740 0.10196526 0.33796182
v -0.41728917 0.05124631 -0.48032933
v -0.44780180 -0.00380628 -0.47383407
v -0.35160953 0.34040794 -0.20664048
v 0.30098763 0.37225258 0.19092026
v 0.04407240 -0.24867924 -0.62375444
v -0.35804099 0.32329714 0.01467807
v 0.15636891 0.18227369 0.46303442
v 0.09928109 0.29756445 -0.14026293
v -0.11868688 -0.08842263 -0.43550846
v 0.25508800 -0.36091036 0.30652726
v 0.20446658 -0.24255618 0.49904868
v -0.12656219 -0.11613915 -0.52686346
v 0.15212768 0.39617467 0.18058802
v 0.18492813 -0.35000640 -0.01198910
v -0.33366436 -0.42528793 -0.43714842
v 0.09684180 0.30989686 -0.15497527
v 0.12713796 0.24572915 -0.29434818
v -0.31540689 -0.30534297 -0.03324911
v 0.49506330 -0.24731840 0.13183133
v 0.36448306 0.15975529 -0.27920607
v -0.52666312 0.17162743 -0.22110744
v -0.12461489 -0.16746274 -0.57085693
v -0.26615164 -0.14056093 0.44692776
v 0.42721137 -0.17134300 -0.26939940
v 0.32615009 -0.35679442 0.11760355
v -0.28848749 -0.24702540 -0.53771627
v -0.32375637 0.31442574 0.07019714
v -0.25646666 0.30263120 0.27559957
v 0.22783121 -0.17919524 0.49065274
v 0.47559974 0.18865290 -0.14226849
v 0.28619814 -0.37835065 0.13253783
v -0.24405786 -0.29255754 0.18163064
v 0.16098636 -0.07714979 0.49363747
v 0.08390088 0.21389402 -0.34705234
v 0.44723433 -0.11503474 -0.25753540
v -0.36220154 -0.44996142 -0.52243859
v -0.17102371 0.33095202 0.39077753
v 0.37421137 0.28716698 -0.06956068
v 0.00480093 -0.13771890 -0.64493281
v -0.22820938 0.34567595 0.06609941
v -0.57236093 0.18128577 -0.07936450
v -0.29401764 0.19243613 0.41587713
v -0.40345338 -0.15918654 -0.51404083
v 0.60426426 -0.11484299 0.17576531
v -0.44738403 -0.24816604 0.00961153
v -0.46666402 0.13471530 -0.42235476
v 0.02481328 0.12415475 -0.37397873
v -0.25967169 0.18913092 -0.48589796
v -0.32269710 -0.03501951 0.41834605
v -0.25367489 0.12723202 -0.51003808
v -0.50755757 -0.18013993 0.06460422
v 0.15191624 0.03638430 -0.38143307
v -0.04010592 -0.13073547 -0.66455549
v -0.41261503 -0.25222805 -0.04142100
v -0.26408190 0.23419276 0.48322996
v -0.30161276 -0.18900363 -0.51485336
v -0.37043747 -0.15560995 0.34105083
v -0.20540239 0.31731158 0.29322037
v 0.51821816 -0.11136077 0.32958806
v 0.11986754 0.32701448 -0.08760089
v 0.00302935 -0.15884508 -0.61922526
v 0.64050037 0.13534749 0.14302224
v 0.42278934 0.11929837 0.40569580
v -0.00831875 0.41835624 0.06114346
v 0.73813820 0.19600490 0.02872691
v 0.47475123 -0.16989262 0.27897280
v -0.50220048 0.24559368 -0.32502270
v -0.22011702 0.33237129 -0.03737428
v -0.38701573 -0.24107857 -0.43422514
v -0.59162235 -0.05173289 0.06129160
v 0.17041473 0.12851210 -0.36740920
v -0.36046243 -0.31593838 -0.47006330
v 0.35567492 -0.34233877 -0.01507405
v 0.03482378 -0.24664275 -0.63220692
v 0.14408313 0.36871591 0.29807827
v -0.26618236 0.34630778 0.10505128
v 0.24226835 0.37781227 0.04351376
v 0.03272841 -0.21242814 -0.69895726
v -0.16951019 0.26802370 -0.21544869
v -0.11395858 0.36108953 0.05752734
v 0.44512898 0.21862298 0.35633874
v 0.56739461 -0.13509977 0.12113621
v 0.67043483 0.07502915 0.11111672
v -0.39745101 -0.22031346 -0.44196224
v -0.37611264 -0.16401640 -0.37515208
v -0.04869052 -0.29838881 0.49089676
v 0.70789582 0.01025773 0.22258499
v -0.03730270 -0.10715596 -0.64016318
v 0.10716051 -0.33150870 0.41041553
v -0.43141475 0.29343995 -0.32546240
v 0.45399663 0.23454975 0.28780910
v -0.55187714 0.24798432 -0.06628288
v -0.57234162 -0.00761388 -0.04675418
v 0.55721718 -0.15372172 0.18661320
v -0.06871768 0.26395416 -0.22531085
v -0.18130839 0.02298969 -0.53193951
v -0.51555353 -0.08387137 -0.32652020
v -0.33018088 0.19288397 0.40662733
v 0.33036241 0.24494705 -0.22685860
v 0.00283436 -0.32140291 -0.15014067
v 0.59821981 0.26379526 -0.06336598
v 0.07148988 -0.40176105 0.17762446
v -0.24258015 -0.03814159 -0.56483555
v -0.43422422 0.24363938 -0.38166666
v -0.50238085 0.00871524 -0.33978969
v -0.33554116 0.06586135 0.49684560
v 0.30761728 0.31241643 0.41809744
v -0.32034743 -0.26489639 -0.56042153
v -0.53205049 -0.10461728 -0.13044749
v 0.46433356 -0.24100313 -0.01675870
v 0.48175240 0.03858740 -0.22805580
v -0.26748776 -0.33143359 -0.50704026
v -0.16821925 -0.26628685 0.28013021
v -0.29131535 -0.50449389 -0.42366591
v 0.02679986 -0.23042341 -0.59617001
v -0.27261609 0.02613476 0.52341926
v -0.32392070 -0.44577411 -0.56436747
v -0.10839798 -0.18264554 -0.57274127
v -0.26254982 -0.08359624 -0.44403309
v 0.54700458 -0.11378454 0.30663240
v 0.03795470 -0.23929079 -0.66755807
v -0.28358036 0.30813932 0.22363341
v 0.38129789 0.31727272 0.04963945
v -0.34531006 0.30639538 -0.30960801
v -0.38573498 -0.15234569 -0.40338653
v -0.57047337 -0.06689016 0.07254994
v -0.22621341 0.07481143 0.43972400
v -0.27756041 -0.00167829 -0.52057570
v -0.42891273 0.14885370 0.24355145
v -0.50837195 0.16876897 -0.23381329
v -0.28997940 0.28096992 0.45518538
v 0.65533274 0.00313500 -0.02091113
v 0.60661751 0.12445549 0.12216443
v 0.41895011 -0.09762097 0.42922214
v 0.25151485 -0.38559163 0.07497984
v 0.07573733 -0.32917014 0.01152507
v 0.51408786 -0.08626096 -0.19838749
v -0.38584763 -0.31340531 -0.43969068
v -0.36378103 0.30951014 -0.28656834
v -0.38077766 -0.30652064 -0.53681892
v -0.32206672 -0.44529307 -0.43707857
v -0.19229959 -0.20795107 0.52537286
v 0.22906092 -0.05084899 -0.40963772
v 0.20787361 0.39507809 0.07134277
v 0.76039743 0.22046641 0.02946227
v -0.31787106 -0.21446057 0.33414567
v -0.32315600 0.23206812 0.39201000
v -0.03440904 -0.25663376 0.39608195
v 0.04128173 -0.09935909 -0.56921667
v -0.20515548 0.19877039 -0.42421147
v -0.42594755 0.28180692 -0.03744169
v 0.19790822 0.33675787 0.43414670
v 0.36447480 0.23498578 0.41209042
v -0.04439754 -0.23839304 0.43116170
v 0.32314917 -0.25065279 0.45578736
v -0.24199349 0.15900233 -0.43626732
v 0.36622304 0.16466816 0.43266469
v -0.03480273 0.26164204 -0.23548247
v -0.58444691 0.04529884 0.09873903
v 0.07207795 -0.39330927 0.06585108
v 0.18729046 0.35065779 0.39937997
v -0.48017278 -0.02387153 -0.44732016
v 0.00460278 -0.13696814 -0.56165910
v -0.53561252 0.18283907 -0.28069198
v 0.07997502 -0.40597048 0.14748742
v 0.01534084 -0.23253945 -0.66364658
v 0.54055649 0.15576732 0.20689702
v 0.58230448 -0.06818189 -0.12046461
v 0.18216404 0.39026427 0.22836064
v -0.37400919 -0.10317505 0.33889273
v -0.00970756 0.37520057 0.36912799
v -0.33418936 -0.24621846 -0.55685377
v 0.52299070 0.16404498 0.23847204
v 0.56523424 0.19386350 -0.09023383
v -0.37614745 -0.16515939 -0.37645397
v 0.55666214 -0.10338297 0.31079590
v -0.27073255 -0.34897968 -0.49886426
v 0.66357017 0.11844149 0.06876565
v 0.01429879 0.29122388 -0.16740935
v -0.22643062 0.00603410 -0.43920952
v 0.58291668 0.08046646 0.27067965
v -0.12170076 -0.18336205 -0.62122571
v -0.69608855 -0.00963854 0.06484774
v 0.65200204 0.09154516 0.10605951
v -0.21885037 0.11431330 -0.42311800
v 0.23044449 0.17705251 -0.33887333
v 0.02111656 -0.15881225 -0.63748926
v -0.21693885 0.28335673 0.35330078
v 0.58004522 -0.00338282 -0.17838636
v -0.27739576 -0.29342568 -0.13148558
v -0.56832200 0.15547277 0.10430734
v 0.25301763 -0.31098506 -0.14848298
v 0.22420764 -0.38881192 0.13037430
v -0.38702768 -0.27175048 0.10872565
v -0.25403717 0.36054248 0.07671967
v 0.48066375 -0.16952932 -0.18736598
v 0.22317185 0.08600269 0.45224959
v -0.44521329 0.26549149 -0.01758724
v 0.20012999 -0.32658136 -0.08511575
v -0.66002655 0.16974255 0.03159816
v -0.03142817 -0.10036182 -0.64291400
v -0.10930714 -0.30797154 0.43887439
v -0.47294295 -0.15299803 -0.26609135
v 0.38740113 0.16828676 0.42322487
v 0.14884014 0.21589933 0.46256697
v -0.06674786 0.35586378 0.36921248
v -0.35839301 0.13728774 -0.49159545
v -0.43858191 0.02420207 0.45744273
v 0.29314157 -0.21672113 0.48899060
v 0.41013417 0.25268507 0.35814971
v 0.64227128 -0.05751544 0.00451789
v 0.10182860 -0.39832655 0.24868856
v 0.48920566 0.21882612 0.21651232
v 0.47603765 0.22472674 -0.11274770
v -0.45567751 0.20792617 -0.40050599
v -0.47076410 0.30202699 -0.08954414
v 0.08594045 0.10815759 0.50938737
v -0.59051615 0.12623696 -0.04664734
v -0.50888687 0.24156636 -0.03508767
v -0.28412133 0.27827641 0.24222596
v 0.06236968 -0.25218353 -0.61692566
v -0.18711053 -0.13535279 -0.60349417
v 0.16124497 -0.28259832 -0.25126672
v 0.42455959 -0.19732076 0.36684546
v -0.19023128 0.31958222 0.44010633
v -0.30867806 -0.30342326 -0.46919015
v -0.35897112 -0.34256279 -0.46094948
v -0.27296060 -0.34910494 -0.51211852
v 0.04536191 0.26433912 0.46670157
v 0.47776014 0.04872266 -0.24155924
v 0.45466462 0.10181765 -0.20669027
v 0.21841340 -0.37203810 0.25240454
v -0.17429915 -0.02649211 -0.59156919
v -0.31737712 0.32290599 0.43303192
v -0.22032647 0.00632602 0.53574228
v 0.59097970 0.23900121 -0.04313802
v 0.34368402 0.32390234 0.30178443
v -0.30564484 -0.48557386 -0.42602551
v -0.37054294 -0.35845649 -0.40990031
v 0.07303362 0.42420298 0.08423980
v 0.39675948 0.19528529 -0.20334086
v -0.28654641 -0.39087903 -0.51892662
v -0.38002351 -0.04373804 0.35658842
v 0.30149764 -0.22042206 -0.26835203
v -0.50231236 -0.19131234 -0.05852039
v -0.37982738 0.21533413 0.21389052
v 0.38131666 0.30756119 0.28508028
v 0.35330874 -0.26260695 0.42869845
v -0.26945096 -0.10708119 0.43687493
v -0.36654395 0.28817880 -0.04568861
v -0.39132965 -0.35071987 -0.48895884
v 0.61008352 -0.10343144 0.24782805
v 0.26252067 0.35661310 0.33184576
v 0.23519352 0.36944026 0.01513078
v -0.58909470 -0.01376454 -0.13892588
v -0.29921913 0.31435302 -0.02047083
v 0.50926501 0.13049528 0.30967104
v -0.35191691 0.30067328 -0.32988006
v -0.32818767 0.34060261 0.02372085
v -0.20773797 -0.07366285 -0.48716444
v 0.02516721 -0.32669985 0.38147566
v -0.03923666 -0.26095119 0.35584518
v -0.24567866 -0.10610157 -0.39609545
v 0.34889120 0.12966523 0.45973036
v -0.05477417 -0.33182934 0.09365541
v 0.66273004 0.10177983 0.03216770
v 0.60525823 -0.08812097 0.26941797
v -0.63981247 0.19604039 -0.00142758
v -0.52044266 0.20088714 -0.27267486
v -0.50730771 0.30385014 -0.10791681
v -0.59915441 0.09615696 0.10327087
v -0.33185795 0.31614628 -0.03038807
v -0.08406305 -0.17229573 0.48993960
v -0.31812632 0.04190094 -0.53453237
v -0.39773202 -0.35145965 -0.49787724
v 0.15612331 -0.32000178 0.40931106
v -0.09770092 -0.11571901 0.51304412
v 0.39994675 -0.32274407 0.13284388
v -0.70088047 0.02663578 0.03618993
v -0.30551398 0.08598813 0.44555810
v 0.05326953 -0.37141114 0.31382281
v 0.14646207 0.41978413 0.07777740
v 0.44212976 0.28508970 0.21370287
v 0.35410932 0.13250478 -0.28784350
v -0.15539737 0.33377478 0.04593888
v -0.26594782 0.17159969 0.42755392
v -0.04927664 -0.33148164 0.24455711
v -0.27840987 0.23925161 0.48339862
v 0.63211733 0.17693265 -0.10593623
v -0.26515490 -0.06851927 -0.54137003
v -0.16669139 -0.11105875 0.55598557
v -0.54026389 -0.03012330 -0.34344438
v -0.21570620 -0.28295696 0.21302637
v 0.16786689 0.41380408 0.06761871
v 0.01265211 0.31691545 0.30160031
v 0.33301541 -0.35792246 0.14719354
v 0.03634502 -0.32336187 0.44695106
v -0.07498476 -0.14025840 -0.40127051
v -0.11487405 -0.08227738 -0.63976640
v 0.43028542 -0.29191980 0.20212123
v 0.39897478 0.14779486 0.40097830
v -0.26792222 -0.48999873 -0.52413923
v 0.13800199 0.29365122 0.43834543
v -0.56757170 0.04248844 -0.23699182
v 0.24323858 -0.20669840 0.47999465
v -0.41300684 0.28791326 -0.34991780
v -0.01354107 -0.17821266 0.52862680
v -0.71961915 0.00392622 0.06006435
v -0.07988107 -0.29231548 0.52641225
v -0.09287295 -0.08516664 -0.65219057
v -0.39893737 -0.35386401 -0.49875578
v -0.54196393 -0.03414233 -0.33257762
v -0.24698299 -0.00790736 -0.40252680
v 0.06500153 -0.20637023 -0.64752930
v 0.11455394 -0.25170767 -0.63348377
v -0.06155169 -0.25791255 0.40458763
v 0.60872412 -0.10368116 0.25298023
v -0.47198051 0.06251592 0.19974028
v -0.32831258 -0.11231226 -0.52268547
v -0.25504032 0.25327837 0.45589426
v -0.53464681 -0.07604787 0.12863946
v -0.14181362 0.35360742 0.03619995
v 0.35483167 -0.28208849 0.36873266
v 0.68280488 -0.01842155 0.21644245
v -0.14954387 -0.24797963 0.45228004
v -0.36435145 -0.15966012 -0.40222496
v 0.42023730 0.03268190 0.42797613
v 0.66839802 -0.00628700 0.06362386
v -0.43660659 -0.24856728 0.01036140
v -0.26222947 -0.30762288 0.02670312
v 0.65935165 0.14025182 0.15012026
v -0.26085541 0.12392075 -0.52246207
v 0.39134949 -0.14870891 0.42333716
v -0.56484139 0.22606891 0.06134264
v -0.27361223 0.18447582 -0.48944855
v -0.38080341 0.30585793 -0.30159971
v 0.37381655 0.18201604 0.41291475
v -0.45238736 -0.13831593 -0.37209025
v -0.22582725 -0.14630915 0.49273920
v 0.05819885 0.38810509 0.43599838
v -0.46932769 -0.15370674 -0.14832404
v 0.67059660 -0.06295628 0.18320598
v -0.68335760 -0.01312687 -0.00109238
v 0.33899218 -0.31175146 0.33990631
v 0.05473305 -0.40037262 0.09903804
v 0.40704370 0.25899357 0.27550280
v 0.05534916 -0.32583937 0.43761453
v -0.38948813 -0.32833016 -0.52238393
v -0.31468943 0.29569051 -0.20083529
v -0.04587784 0.22619227 -0.29980534
v 0.37838128 -0.34074983 0.11014511
v -0.07271950 0.34845215 -0.04406064
v 0.05247789 0.39566529 0.11350015
v 0.45573062 -0.20832343 0.32376975
v 0.25334531 0.36787310 0.31891337
v -0.35669428 -0.37993246 -0.41441131
v -0.48650637 0.32982656 0.05018399
v 0.50832349 -0.21151538 -0.00805453
v -0.31907120 0.06796071 0.50488168
v -0.30855820 0.02434133 0.44323674
v 0.59150696 -0.01182081 -0.01592792
v -0.44452873 0.29225320 0.01014214
v 0.68236464 0.14867388 0.17225805
v 0.42572090 -0.29107693 0.00988698
v -0.41552877 -0.20984593 -0.43068883
v 0.58216757 -0.17067832 0.04701203
v -0.35506541 -0.06673855 -0.53817052
v 0.02861654 0.28183538 -0.20814197
v 0.47937307 0.18106353 -0.16950202
v 0.63215691 -0.01315826 0.10908644
v -0.06799881 0.34578690 0.45161211
v 0.13090962 0.09703514 0.48909751
v 0.58130753 0.00237102 0.05188510
v -0.21583726 -0.11855964 -0.51400346
v -0.33997858 -0.28365350 0.17119259
v 0.66727245 0.08467270 -0.06073305
v -0.45437697 -0.10818947 -0.43933469
v -0.55863583 0.24231568 -0.18537541
v -0.55900478 0.04276896 -0.06434542
v 0.20641233 0.20281065 -0.32560128
v -0.21197008 0.00562751 -0.47078431
v -0.32628220 -0.13809180 -0.52365381
v 0.39193505 -0.01026907 -0.28673300
v 0.37605357 -0.27561402 0.36925530
v -0.58944917 -0.10983383 -0.04836173
v -0.12726857 0.21908739 -0.30916715
v -0.32326651 -0.14921354 -0.45294017
v 0.64000976 0.01510496 0.01385885
v 0.25978076 0.36173400 0.05282949
v -0.01957263 -0.09207821 -0.55090332
v -0.58800101 0.00298353 0.12367078
v 0.06224180 -0.09183237 0.51623899
v 0.10308681 0.42752784 0.12565307
v -0.39619446 -0.15477344 -0.43327665
v 0.67479950 0.04399890 0.11407580
v -0.28841144 -0.36180818 -0.53350818
v 0.19655095 0.21278211 0.43839604
v 0.66294694 0.20311697 -0.04781868
v 0.33438906 -0.20415011 -0.30435610
v 0.10849739 0.23961580 -0.31272376
v 0.32546413 -0.34497219 0.23608363
v 0.67293537 0.23116110 0.04204438
v -0.30181170 0.12816761 -0.51980948
v -0.03113084 -0.37549257 0.15489852
v -0.11341323 0.38466063 0.09096476
v -0.01508438 -0.29624331 0.51200408
v -0.63379806 0.24579327 -0.11096403
v -0.55086005 0.27989998 -0.14530310
v -0.05087686 0.36920261 0.38342521
v -0.71976030 0.03754576 0.06218493
v 0.33732688 -0.33066472 0.23988760
v 0.57724315 -0.00111573 -0.04782166
v -0.31407249 0.28315413 -0.15732878
v 0.50497025 0.29676265 -0.01172234
v 0.62697339 0.03832932 0.07986201
v -0.32713914 -0.45760879 -0.43292361
v -0.28546435 0.21788049 -0.46721566
v -0.46013165 -0.18724824 0.08349207
v -0.51446027 0.24509642 -0.27061689
v 0.30407605 -0.23102282 -0.26247078
v -0.46238732 0.27960011 -0.03336473
v -0.27872348 -0.28245729 -0.15199769
v -0.31525275 0.32876849 0.04437069
v -0.15754588 0.26280040 0.46444520
v 0.31226820 0.03830993 -0.36346635
v -0.63219488 0.09132223 0.06034203
v 0.27632320 0.37247628 0.06727913
v -0.39670423 0.24917930 -0.41480675
v -0.31195652 0.26897854 -0.36158115
v 0.55417150 0.15443796 0.28636575
v 0.49568215 -0.21308652 0.05672399
v 0.08697098 0.38176587 -0.03171556
v 0.43592861 0.12188227 -0.21850319
v 0.12296779 0.09367971 -0.42155471
v -0.25700319 -0.04524036 -0.37290645
v 0.30213356 -0.22573821 -0.26622045
v 0.26091242 -0.29181814 -0.20945680
v 0.63480794 -0.02534864 0.13991298
v 0.13746127 0.14338742 0.47986382
v 0.20047450 0.34341717 0.38473123
v 0.47801179 -0.26286682 0.04316419
v 0.02420798 0.33611080 0.34134585
v -0.10113843 0.28603387 0.47592637
v 0.03580875 -0.18484545 -0.64207834
v 0.03765745 -0.24644880 -0.61944789
v -0.55418712 0.15037295 0.12349129
v -0.50695741 -0.10919838 -0.15808198
v 0.12435734 -0.05334186 -0.43469194
v 0.23313555 0.37117937 0.02495153
v -0.34892964 0.05974287 0.42217186
v -0.18139420 0.01146729 -0.54603982
v -0.08306722 0.37392506 0.39402223
v -0.40383005 0.02694500 0.43650010
v 0.01467508 -0.13868123 -0.65199625
v 0.11572163 -0.27517012 -0.63694447
v 0.46877965 -0.26023856 0.16106854
v -0.09686277 0.02784696 0.52377534
v -0.21559902 0.21711263 0.46647382
v 0.65923280 0.14101681 0.15550283
v -0.10895789 0.32220852 0.22240987
v -0.37416998 0.32571322 -0.01442464
v -0.44634244 -0.07082576 -0.48583290
v 0.11670297 0.36451218 0.31293976
v -0.22192897 -0.25538749 -0.27529451
v 0.18863930 -0.24807560 0.50454783
v 0.64664799 -0.02204212 0.06343503
v -0.32011864 -0.27503610 -0.42944390
v -0.30670193 0.34306231 0.10226107
v -0.31580985 -0.38602537 -0.52751750
v 0.11102025 0.26961356 0.44917744
v 0.34448773 0.30264577 0.30531663
v -0.43915373 0.29128239 -0.01358901
v 0.62282544 0.08321147 0.24408902
v 0.17773300 -0.33193332 -0.03534689
v -0.27608040 -0.27078310 -0.51467061
v -0.37105206 0.24311915 -0.41551071
v -0.42678934 -0.15422679 -0.36068681
v -0.33669940 0.30576637 -0.14196651
v 0.27303076 -0.11130928 0.47054029
v 0.61160392 0.25334978 0.04360370
v 0.32884026 0.30683777 0.33896765
v 0.47392777 0.05231246 0.42661873
v 0.15261427 -0.29061040 0.45003411
v -0.41657329 -0.06546512 -0.50626254
v 0.17322630 -0.03667795 -0.41533047
v -0.29808348 0.33706558 0.06202500
v -0.12913580 -0.20754549 -0.36237067
v 0.33122012 0.32746077 0.29560685
v 0.14165375 0.28266686 0.43856862
v -0.15591779 0.35156339 0.04453490
v -0.61651313 -0.01746903 -0.05568279
v -0.38809893 -0.23964383 -0.52017242
v 0.25031635 0.14649829 -0.33476076
v 0.25659689 0.12656079 -0.37519228
v -0.51315558 0.22776777 -0.07035188
v -0.08971798 0.38356969 0.40703455
v 0.19529743 -0.37768081 0.31248063
v -0.05808404 -0.04522568 -0.39907089
v 0.16467544 0.40826443 0.03556481
v 0.42684942 -0.30441284 0.05763771
v 0.38905212 -0.10012665 0.43203500
v -0.05505592 -0.24575645 0.52322555
v 0.60178840 -0.08475167 0.11305496
v 0.25808430 0.30857310 -0.07715221
v 0.16475581 -0.40295899 0.09375399
v -0.55388904 -0.05079178 -0.04148675
v -0.00886125 -0.20262299 -0.67322898
v -0.34950116 0.13770357 0.36879748
v -0.05036647 -0.09358577 -0.57984591
v 0.58967578 0.05327021 0.28602782
v 0.56289530 0.12848058 0.30215952
v 0.51545006 0.04329936 0.33678818
v -0.55583394 0.03832144 -0.05931722
v -0.56048721 -0.15033264 -0.01458415
v -0.43907201 0.28187397 -0.03458435
v 0.61104351 0.07081351 0.25849897
v -0.57317883 0.26308480 -0.16145709
v -0.49032688 0.30879363 -0.17962265
v 0.07932256 -0.37184346 -0.01399267
v 0.13486035 -0.29437417 0.43197429
v 0.23674551 0.04771683 0.48689923
v -0.04680011 0.17666942 0.49540603
v -0.00087779 0.38497785 0.19188672
v -0.07056586 -0.30166981 0.27880740
v -0.34533906 -0.19718462 -0.26136839
v -0.07040238 -0.23999757 0.35229611
v -0.31681260 -0.17518540 -0.52962726
v 0.30556577 -0.28982607 -0.14414328
v 0.43866694 0.22714281 -0.12501311
v -0.46052706 -0.01107818 0.22871953
v -0.25841057 0.29283583 -0.20588252
v -0.37546816 -0.24628197 -0.20015901
v 0.60667121 -0.09251363 0.12249562
v -0.63699907 0.22894742 -0.08490472
v -0.43097085 -0.15171282 -0.37243491
v -0.21756998 0.07085475 0.46480840
v -0.32134524 0.30482936 -0.18236196
v -0.31883267 -0.33255902 -0.43393058
v -0.18804447 -0.18025099 0.49165785
v -0.09744869 -0.30114457 0.53120470
v -0.36719692 -0.07955392 0.51573771
v -0.26897913 -0.23671140 -0.31228429
v -0.37432209 -0.25257155 -0.42376944
v -0.39911282 -0.30817679 -0.49066022
v -0.34161803 -0.20805152 -0.54710340
v -0.31009126 -0.14890753 0.48338544
v -0.53099144 0.06583654 0.12512031
v -0.39266008 0.04040613 0.44730908
v 0.17140609 -0.35527158 0.36297801
v 0.08934929 -0.29586554 -0.24592924
v -0.38003802 0.26002246 -0.12136332
v 0.48697838 -0.11614455 -0.22457293
v 0.55135316 -0.18647453 0.08616239
v 0.40362644 0.24096966 -0.17518674
v 0.25679508 -0.35763642 0.31739926
v 0.26065481 0.35989457 0.33740216
v 0.36527482 0.29577243 0.30366766
v -0.40597102 -0.06326230 0.33157918
v -0.43993065 -0.14390875 -0.38880983
v 0.14109342 0.09232362 0.49502194
v 0.16424821 0.32060769 -0.09059204
v 0.31897560 0.30541095 0.39925781
v -0.22732487 0.09225507 -0.40138713
v -0.34210324 -0.42711273 -0.50388265
v -0.50014138 -0.12786692 -0.21734658
v 0.64007300 -0.08627302 0.24289857
v -0.08322024 0.02463679 -0.42829344
v 0.22660933 0.05423537 0.49272323
v 0.06992114 0.37538517 0.22608288
v 0.52629882 0.06881116 -0.13873982
v -0.40616927 0.02507445 -0.49671993
v 0.60624844 -0.03149031 0.28465432
v 0.75772136 0.11330321 0.14430863
v -0.47300214 0.30965090 -0.12795651
v -0.17041621 -0.29818755 0.19777355
v 0.47963530 0.04852760 -0.24217555
v -0.35295326 0.28588384 -0.04425830
v 0.49837774 -0.13735609 0.27997836
v 0.30067232 -0.32058200 -0.03951142
v 0.11097874 0.42679763 0.11204614
v -0.16462730 0.23261224 -0.32535282
v -0.38178581 -0.18146577 0.27852044
v 0.37627304 0.34322304 0.06246270
v -0.38566887 -0.40925422 -0.53920603
v 0.30035171 -0.01308198 -0.38185507
v -0.34860009 0.22431205 0.43327004
v -0.24406129 -0.50549954 -0.49644604
v -0.45913473 -0.13496818 -0.39593229
v 0.04886049 -0.38119367 0.26698881
v 0.01059365 -0.23290262 -0.33924431
v -0.36748400 -0.11940391 0.49697435
v -0.60161358 0.20961972 0.04583687
v -0.24958320 0.16644889 0.48109794
v -0.61319500 0.13159950 0.06239386
v 0.03120620 0.02741636 0.51947868
v 0.31415614 -0.30760652 0.36291483
v 0.51172304 -0.17049019 -0.16045891
v -0.19029693 0.16624966 -0.32995147
v -0.39507791 0.02187885 0.42538476
v 0.46762219 -0.25276163 0.18946162
v -0.31282330 -0.07645503 0.44431466
v -0.61616516 0.11807343 0.06081466
v 0.62431616 0.15191825 -0.01915540
v -0.06337561 -0.20924535 -0.59502846
v -0.15349302 -0.30011570 -0.15203726
v -0.35184383 -0.33104247 -0.54559368
v 0.03426686 0.13057044 -0.37055296
v -0.15605874 -0.28093997 0.27678096
v 0.32108173 -0.12064993 -0.35857847
v 0.01021311 0.31907165 0.18316174
v -0.31792688 -0.01997544 0.45605883
v 0.68397439 0.11261912 -0.00852406
v -0.25099102 0.15101980 -0.51453567
v -0.02044138 -0.00324687 -0.39702103
v 0.32801491 0.00684010 -0.38280332
v -0.57899481 -0.02250969 -0.13155648
v -0.38705936 0.05951555 -0.49392024
v 0.34281266 0.23909567 0.44494942
v 0.78998595 0.29099733 0.02451976
v 0.35145688 -0.26913261 0.39869562
v 0.09256343 0.28889638 0.43695113
v -0.07602776 -0.09622192 -0.60763144
v 0.34425747 0.30790317 0.32297587
v -0.45828635 -0.19880007 0.18090656
v -0.07579318 0.33654425 -0.09167562
v 0.39650577 -0.13638869 0.42550659
v 0.26905537 -0.14577895 -0.36810449
v 0.35216808 -0.25328523 -0.22721303
v -0.36439723 0.30859801 0.11148591
v 0.66282392 0.04917314 0.09501299
v -0.38635212 -0.22013158 0.23748888
v -0.21173051 -0.12555671 -0.54151040
v 0.21250547 0.27024385 0.44090030
v -0.31123132 -0.15477562 -0.41555870
v 0.18105926 -0.32518011 -0.10425125
v -0.37966162 -0.12201060 0.47960287
v -0.58436239 0.08860026 -0.04583682
v -0.04575406 -0.32428774 -0.00538380
v 0.22835653 0.06454653 -0.40025717
v 0.40846398 -0.15232790 0.40778601
v -0.61889154 0.22746617 0.02687793
v -0.47244933 0.28116778 0.04654706
v -0.36740857 -0.28930020 0.02667614
v -0.05797869 0.29812941 0.33463630
v -0.49889666 0.25560978 0.11740056
v -0.15224209 -0.20881866 -0.32877880
v -0.49070877 0.06587794 -0.42551464
v -0.48357242 0.28724933 -0.24875402
v -0.27850398 0.21113165 0.42076576
v -0.08709620 -0.23567930 0.43486729
v -0.26912242 0.27753127 -0.25272247
v 0.11240468 -0.15544841 -0.57152689
v 0.52295977 -0.22352201 0.09047407
v -0.23357408 0.19967832 -0.43738478
v 0.72457474 0.23707244 -0.03720819
v -0.33284670 -0.44256327 -0.47527227
v 0.43843070 0.09318775 -0.25747165
v 0.33278999 0.20424260 0.44472376
v -0.39996976 -0.24546711 -0.14160067
v -0.25472599 0.33237514 0.16185571
v 0.03593855 0.37819326 0.45320600
v -0.16651784 0.30173355 0.45920017
v 0.56928712 0.28702700 0.06613734
v -0.30609637 -0.28879616 -0.55420440
v -0.03096002 -0.20764445 -0.65771544
v -0.34551284 0.29443038 -0.28676385
v 0.06155866 0.18654186 0.46378493
v -0.05188593 -0.33872658 0.01943171
v -0.32447940 0.25924936 0.36921540
v 0.09832714 -0.34435910 0.00696439
v 0.31412846 0.34864560 0.28483510
v 0.69102383 0.24930225 0.00890595
v 0.27649003 0.27368253 0.43358916
v 0.35628977 0.22653867 -0.23871717
v 0.06741340 -0.13983531 -0.39814627
v 0.58336109 0.26015657 -0.03211490
v 0.66408110 0.05168879 0.20798081
v -0.34616953 -0.40200502 -0.44126010
v 0.44920963 -0.10156765 -0.25641605
v -0.38850829 0.30927119 -0.30722854
v 0.08928244 0.02235098 0.50377578
v -0.11692844 -0.22664382 0.54546142
v -0.28965819 -0.46759099 -0.41043037
v -0.30743507 -0.10936768 -0.46561146
v -0.56209564 -0.09268059 -0.21664248
v -0.17912982 -0.23617248 0.50907439
v -0.23429728 0.13859285 -0.48878616
v 0.39174446 0.12604690 0.42521834
v 0.05619613 -0.11249496 0.53119457
v -0.27081990 -0.34900731 -0.48148257
v -0.32713196 -0.01269692 -0.50800371
v 0.03531412 0.37897044 -0.01080353
v -0.00883082 0.14466435 0.49837637
v 0.30301452 0.35412574 0.28650194
v 0.34372145 -0.27538443 -0.17145827
v 0.04732505 0.35455224 0.34294012
v -0.50189519 0.28599045 -0.09056841
v -0.51752645 0.17257625 -0.32289177
v 0.22514094 -0.23899859 -0.30340332
v -0.33935452 -0.08949827 0.45566106
v 0.56891638 -0.09390230 0.12643586
v -0.35279292 -0.19069627 -0.55624491
v -0.08444862 -0.22781217 0.51541460
v -0.08368738 0.35548192 0.39440158
v 0.44415393 -0.23698796 0.29698843
v -0.50239772 0.13504510 -0.39988580
v 0.24307281 -0.09069470 -0.38408312
v -0.38806793 0.15240499 -0.47222570
v 0.43637305 0.26500303 0.24119520
v 0.06425072 0.37463835 0.23606196
v 0.13234745 -0.40075964 0.19797498
v 0.49773845 -0.18025433 -0.15369824
v 0.65123641 -0.04592180 0.06552634
v 0.20079535 0.25129342 0.43727657
v 0.56413567 0.12991947 -0.08792440
v 0.32178560 0.17654277 0.46030915
v -0.24894392 -0.18265551 0.52128571
v -0.39185444 -0.22047931 -0.47068837
v -0.27636537 -0.21446073 0.34819913
v 0.36616403 -0.03199752 -0.34481430
v -0.24433401 -0.01885401 -0.44569516
v -0.38160440 -0.15946390 -0.35151970
v -0.53174776 0.24775133 -0.24035908
v -0.16178851 -0.24702252 0.35678938
v 0.56608647 0.15446164 0.21194389
v 0.29910576 -0.33287951 0.30148911
v -0.21214502 -0.19357848 0.42464197
v -0.27165687 -0.18579769 0.36616609
v 0.63229936 0.04577401 0.02547322
v 0.37723795 0.32523724 0.22921702
v 0.38714102 -0.10114877 0.45001838
v -0.29877272 0.30673000 -0.10014732
v -0.33774614 0.00879983 0.36660275
v -0.41059056 -0.00630961 -0.49180213
v 0.44327235 0.09446089 -0.27625835
v -0.02125471 -0.23557493 0.51533329
v -0.28843209 -0.00974833 0.50409830
v -0.03285897 -0.27868456 0.33015394
v -0.14558719 -0.02088417 -0.56056535
v -0.37164441 -0.31643516 -0.40799433
v 0.46787494 -0.22523963 0.30873024
v 0.56700999 0.03223607 -0.13710018
v -0.47999921 -0.18867639 -0.02811260
v -0.02351370 -0.32223630 -0.09953761
v -0.23196173 -0.07493970 -0.45692167
v -0.31891665 -0.14119746 -0.37730536
v 0.53854042 -0.06800141 0.33505535
v 0.39707443 0.16375723 -0.22602421
v 0.01731793 0.34469873 0.32279950
v -0.09925352 0.32204825 0.28589925
v 0.45642054 -0.07145512 -0.23286521
v 0.61203498 0.09621162 0.23351222
v 0.52650821 -0.02908487 0.34310463
v -0.32926112 0.31214505 0.06988094
v -0.17768770 0.27114809 -0.16823491
v 0.25207356 -0.35658416 0.31447932
v 0.16513625 -0.37244695 0.33853343
v 0.12406127 0.33938149 -0.07345401
v -0.25289562 -0.09356521 -0.43626872
v -0.45611110 -0.14269236 -0.31975016
v 0.60587335 -0.11367579 0.17566893
v -0.01739199 0.44239438 0.05614315
v 0.44905770 0.13835068 0.36650538
v -0.30572003 -0.25333557 -0.55106324
v -0.38092721 -0.31637451 -0.42745435
v 0.09010223 -0.21849583 -0.63089663
v 0.35658747 0.21960057 0.40649712
v -0.08479290 -0.05534815 -0.53155684
v 0.13763990 -0.36984387 0.33509851
v 0.11294539 -0.36416972 -0.01308104
v -0.04850521 0.21256566 -0.29733846
v -0.47275496 -0.20571260 -0.09293738
v 0.21602993 -0.28148887 0.49016565
v -0.46110988 0.13108380 0.15814151
v -0.11584320 0.24865378 0.48074833
v -0.58967006 0.24509305 -0.07509001
v 0.10412991 0.20348412 -0.34311676
v -0.60348535 0.26045728 -0.13891414
v -0.75696033 0.09637047 -0.01267286
v 0.64229053 -0.06207396 -0.07294184
v -0.22689049 -0.03963815 -0.38962355
v -0.41197678 -0.26169389 0.12663019
v -0.27882430 -0.09249961 -0.51043332
v -0.47576910 -0.11372732 -0.33296505
v -0.13762188 -0.05407514 0.54527664
v 0.09457595 -0.27485976 -0.61994785
v -0.02177821 -0.34876782 0.24833015
v -0.25197569 0.24602053 -0.28275663
v -0.52600986 0.17102340 -0.28560221
v -0.20858297 0.32169294 -0.05212401
v -0.39962038 -0.29168722 -0.48795819
v -0.31797391 0.31108427 -0.01673763
v 0.19956662 -0.03276101 0.49863765
v 0.25919214 -0.20309471 0.45527342
v -0.55193156 0.01325113 0.13193142
v -0.46565264 0.14199643 -0.42485079
v 0.20299178 0.39489225 0.24479944
v -0.04567997 -0.09479853 -0.58180666
v 0.66502404 0.09877737 0.08504474
v -0.24483672 -0.05138205 -0.58269829
v -0.24671391 0.15088549 0.38060707
v 0.69954896 0.25719306 0.03025078
v -0.54353255 -0.14696160 0.03897347
v -0.32217747 -0.32192731 -0.54905981
v -0.49151224 -0.17611152 -0.10018459
v -0.61347401 0.20308283 -0.04285800
v -0.20341283 0.33387136 0.01580494
v -0.18974847 0.26730466 -0.18469028
v 0.68860352 0.13948029 0.00319973
v 0.09686632 -0.31187856 0.42648312
v -0.37344387 0.30562800 -0.33551940
v 0.13897471 0.27557874 0.44978794
v 0.16137227 0.38847831 0.16580325
v -0.07325638 0.36879495 0.39358431
v 0.36293903 -0.06977037 -0.34832820
v 0.33821771 -0.34978521 0.18580434
v 0.30654252 -0.37019420 0.01693911
v -0.35699177 -0.29816586 -0.46257466
v -0.04516142 -0.34083530 0.45263225
v 0.12341046 -0.27278033 -0.31190872
v -0.30654192 -0.43767446 -0.53091979
v -0.17473270 0.01591208 -0.51925421
v 0.02139091 0.33053416 0.37053499
v 0.14373229 -0.23106907 -0.58766210
v -0.41115814 -0.16501169 -0.36556169
v -0.12144233 0.31609899 0.40836889
v 0.17245686 -0.37517354 0.31278291
v 0.42480239 -0.25464600 0.22539219
v -0.49535769 0.12999694 -0.39587629
v -0.07726572 -0.34727138 0.18169519
v 0.03024050 -0.11134627 0.52944708
v 0.14978939 -0.18186986 -0.35609186
v 0.47781318 0.17521001 -0.17889118
v 0.52467668 0.27679867 0.03700493
v -0.37688458 -0.26842964 -0.11160733
v 0.40035358 0.30715176 0.26523089
v -0.36813861 -0.36133486 -0.47507691
v 0.07289723 -0.37081879 0.34182611
v -0.26167363 -0.42611414 -0.49241209
v 0.14664291 -0.26376322 0.51449090
v 0.26367906 -0.37592074 0.23553628
v 0.21744557 0.28195435 -0.23012272
v -0.26352444 -0.25350541 0.26210174
v -0.08796553 0.35447362 0.39918700
v 0.43575254 0.25541317 0.34947893
v -0.48251438 0.27615586 -0.08533707
v -0.31385687 0.19089001 0.42761341
v -0.34307101 -0.25666597 -0.43217906
v 0.03931478 0.40667331 -0.02367751
v 0.33936992 -0.26690748 -0.22323008
v -0.38693529 0.32259884 0.12309720
v -0.20836385 -0.00462129 -0.56028795
v 0.49760041 0.16939035 -0.06110578
v -0.00523278 0.26903671 -0.21146540
v -0.45622319 -0.15962254 -0.29102194
v -0.12121075 0.03046505 -0.42564642
v -0.23825896 -0.31487098 -0.09512766
v -0.28540447 0.23412782 0.34348941
v 0.14730206 -0.12996536 0.49381527
v -0.23219612 0.06739774 -0.54306316
v -0.46070001 -0.13415352 -0.39630836
v -0.21357177 0.01594844 -0.39153433
v -0.35531709 0.30537894 -0.14390324
v 0.47564554 -0.25215372 0.19800673
v 0.23695561 -0.29918593 -0.22059777
v -0.50118196 -0.15451375 0.13074820
v -0.39844012 -0.19256312 -0.48107827
v 0.01794456 -0.10627431 -0.56268620
v -0.42963338 0.25872758 0.18938284
v 0.30990866 0.25111166 -0.24064893
v 0.20511441 -0.28904560 0.48692310
v -0.65611637 0.05372825 0.01537265
v -0.27579057 0.25425398 -0.32140112
v 0.10382681 0.34771577 0.34380293
v 0.64422232 -0.05889202 0.08232931
v -0.62411195 0.03266320 -0.09474448
v -0.51077551 0.15345743 0.10074678
v -0.38877976 -0.23055167 -0.17943107
v -0.40587205 0.25926375 -0.13358390
v 0.73056918 0.07145272 0.15304300
v 0.18463866 0.38637489 0.28501767
v 0.70919520 0.09128150 0.09911876
v -0.01186170 -0.31023976 0.33206925
v -0.27348718 -0.28971669 0.17893475
v 0.59133446 -0.11537370 0.25191513
v -0.03405058 0.29435956 0.39376679
v -0.50324905 0.27201071 -0.06935573
v -0.23218408 -0.16455398 0.47433680
v -0.31791732 0.30189240 0.35400230
v 0.13581239 0.41046801 0.03859619
v -0.38402671 -0.10588194 0.49388969
v -0.34964594 -0.01103845 -0.50967777
v 0.66473156 0.23780870 0.00225244
v 0.23238084 0.38329870 0.04749130
v 0.19155912 -0.20429279 -0.32319587
v 0.50406396 -0.21375616 -0.05834436
v 0.61200237 -0.08168664 0.04328109
v -0.06332285 -0.34694374 0.21435888
v 0.19820200 0.32472894 0.44288138
v -0.39566094 0.01877483 -0.50683033
v -0.40050954 -0.02942747 0.50197464
v -0.40914321 0.01280013 -0.50750649
v 0.22685398 0.17305301 -0.34856689
v -0.37464985 0.22017682 0.24075285
v -0.33972278 -0.02804607 0.36452594
v 0.40121606 -0.18487914 -0.26658428
v -0.01626799 -0.25825042 0.50759619
v 0.34204304 0.32292259 -0.01125130
v 0.44240183 0.12453413 0.38437968
v -0.19135010 -0.31037620 -0.11109816
v -0.66689581 -0.01488189 0.01870381
v 0.56866401 -0.09643302 0.21207984
v -0.25653207 -0.50888211 -0.52770483
v -0.34046081 0.31122404 -0.26334071
v -0.45985371 0.05990872 -0.47489196
v 0.16572934 0.41307569 0.07058994
v -0.05737703 -0.20307654 -0.58387488
v 0.63000625 0.04733907 0.10921724
v 0.09542017 -0.28999943 0.51656318
v 0.51986068 -0.24020785 0.05167820
v 0.47921371 0.18041265 0.29887229
v -0.47786370 0.31161857 -0.22063532
v -0.03232534 -0.07572350 0.52256054
v 0.26213083 0.29110095 -0.10466340
v -0.56105483 0.12405878 0.09999388
v -0.28142494 -0.30859628 -0.51947612
v 0.50764090 0.27015027 0.04814732
v -0.02748906 0.12798464 -0.36661768
v -0.11993319 -0.00143216 -0.42179811
v -0.57773346 0.20915538 -0.15086991
v -0.35200649 -0.29939044 0.05298114
v 0.23230512 0.35426494 0.31615683
v 0.49021280 -0.21130687 -0.02177055
v 0.07382774 -0.32732546 -0.10501027
v -0.17599858 0.33911306 0.03264277
v -0.25615287 0.33614346 0.13807437
v 0.03175291 0.36025000 0.46958563
v 0.12577108 0.35421991 0.33660156
v 0.32924512 -0.38052118 0.01640738
v -0.23307943 -0.32835907 0.08576886
v -0.44949439 -0.08351916 -0.47646260
v 0.68393350 0.00517718 0.03502784
v -0.55233985 0.24413522 0.06451622
v 0.48467910 0.21349081 -0.10372460
v 0.48068753 -0.11686447 0.36135882
v -0.10299271 -0.01598271 -0.53393847
v 0.11472028 0.35136521 0.42467666
v 0.58833164 -0.11586563 0.24235405
v -0.29103726 -0.39364293 -0.44285589
v 0.36398351 0.22039500 0.39984462
v 0.32346931 0.30674219 0.35891527
v -0.31873599 0.30862448 -0.23798639
v -0.04161956 -0.13169651 -0.63183719
v 0.60977697 0.02529248 -0.07082752
v -0.35997233 0.29404616 -0.22102079
v 0.05165342 -0.37282154 -0.00089984
v -0.50843930 -0.17971639 0.08300291
v 0.04049437 -0.11018088 -0.44339621
v 0.36291760 -0.21415479 -0.29699636
v 0.06877858 0.40894616 0.11609320
v 0.16352151 0.32026911 -0.11587346
v 0.25917169 -0.27579179 0.47059992
v -0.43168181 0.06882694 0.33270842
v 0.51860613 0.10966012 -0.14329138
v -0.07456775 -0.11151156 -0.54514283
v -0.36174849 -0.29219887 0.09223945
v 0.22397816 0.28835398 -0.22708058
v 0.27786630 -0.34096327 -0.01876232
v 0.67214197 0.14677648 -0.09244511
v 0.13194343 0.41181117 0.10642555
v 0.49493533 -0.08229969 0.37100911
v 0.65164667 -0.01379764 -0.06184923
v -0.38860071 0.09981306 0.32664001
v 0.04443720 -0.21795848 -0.60014397
v -0.34131908 0.32109797 0.19350918
v 0.35132170 -0.06864198 0.48794845
v -0.15033039 -0.09593265 -0.62017381
v -0.22542332 -0.19358857 0.53896302
v -0.03952312 0.31316474 0.12504707
v 0.23431031 -0.29988152 0.40509120
v 0.34629929 -0.33139819 0.25228238
v -0.47886756 -0.09004842 -0.40052959
v -0.15470557 -0.26617810 0.47081682
v -0.34492275 0.30180010 -0.32807234
v 0.03187941 -0.20469093 -0.59010476
v 0.42104018 0.01394119 0.42899010
v 0.48677689 -0.00955137 -0.17953280
v -0.33099297 -0.44109756 -0.46990401
v 0.08226135 -0.32224032 0.49015060
v 0.40920779 0.26020271 0.34985924
v -0.27984503 -0.42154095 -0.52020705
v -0.57144707 -0.12203789 -0.01192398
v -0.34272552 -0.39122134 -0.44430980
v -0.11149939 -0.04324052 -0.56468713
v 0.66713697 0.04422743 -0.10023442
v 0.57393008 0.16980672 0.16223669
v 0.54547024 -0.12281284 0.27104777
v 0.30701479 -0.02875850 -0.38341066
v 0.42501587 -0.30566490 0.14502849
v 0.33512694 0.30911180 0.38142765
v -0.29821372 0.22972217 -0.45107377
v -0.03300259 -0.35131842 0.20206405
v 0.04928900 -0.24395262 -0.60873663
v 0.46592736 -0.17944553 -0.19959579
v 0.55337429 -0.15330528 0.16158205
v -0.12258770 0.32366502 0.40727988
v 0.02207548 -0.29971460 -0.21493320
v -0.48498908 -0.12456080 -0.30688989
v -0.16738063 0.28636616 0.34308898
v -0.39455166 0.23955369 0.25262481
v -0.40124750 -0.08068064 -0.52029264
v -0.18979967 0.32853562 0.07745547
v -0.13417068 0.25366259 0.48717156
v -0.08255763 -0.15155663 -0.54442757
v 0.45143116 -0.27449170 0.18592450
v 0.00268932 -0.33021647 0.45259365
v -0.53423631 0.24716336 -0.07249187
v 0.35994714 -0.28212833 -0.13435936
v -0.34901330 -0.38675180 -0.39126396
v 0.44605809 0.10037041 -0.20827772
v -0.44358468 0.26488554 0.16036864
v 0.59878129 0.11695638 -0.04912754
v -0.24433321 0.01496620 -0.46317467
v -0.38485396 -0.36407343 -0.48378670
v 0.62774551 0.17018045 -0.10933279
v 0.28115851 -0.33495921 0.29354209
v 0.27295294 0.17600109 0.44958618
v -0.28359056 0.04279439 0.51723248
v -0.58896875 0.08877968 -0.07465310
v -0.05124537 0.32804641 0.14182247
v 0.62118113 0.18487911 0.15455639
v -0.01837372 0.09220723 -0.39370027
v -0.13256006 0.31291020 0.37723505
v -0.64504999 0.20421825 0.03110764
v -0.04713721 0.15993835 0.51549494
v 0.45469669 -0.04956097 0.39366269
v 0.09876360 -0.33816594 0.40466723
v -0.37031272 -0.38271505 -0.54236621
v -0.17862177 -0.05294637 0.54192948
v 0.52964735 -0.00848590 -0.19362330
v -0.06517704 0.35727614 0.17065690
v -0.20504852 0.01857937 -0.48038605
v -0.31146035 -0.47013962 -0.49155232
v 0.42532009 0.29527825 0.15689629
v 0.09093697 0.34557766 -0.01732549
v 0.49888381 0.25844863 0.01764736
v 0.66280174 -0.01096519 0.10827835
v -0.26284182 0.19213958 -0.48769900
v -0.47088790 0.21284127 0.15568359
v -0.54758799 -0.02276361 0.10824192
v -0.47208893 -0.21554455 -0.04056704
v -0.00801958 -0.17477012 -0.56660044
v 0.47219172 0.07707971 -0.25417149
v 0.69707096 0.18595964 0.03455608
v 0.61663687 0.04463702 0.06435411
v -0.11073947 -0.11088022 -0.53910482
v -0.58258325 0.22211868 -0.01785547
v -0.26635811 0.22894123 -0.40793893
v -0.02117137 -0.14702009 -0.63346928
v 0.61221313 -0.06540576 0.28572062
v -0.11898763 -0.26455668 -0.29690102
v -0.63389605 0.11786494 0.04779153
v -0.47409421 0.14480372 0.23085386
v -0.17190512 0.30202267 0.37952873
v 0.23020215 0.12503453 0.48135498
v 0.56137437 -0.09558842 0.22044218
v -0.12668040 -0.16099332 -0.60580373
v -0.28728130 0.17677818 0.40539795
v -0.36787295 -0.30767712 -0.53866172
v 0.23945807 0.38650903 0.24236077
v 0.01927196 0.38759166 0.14610036
v 0.01767800 0.34334728 0.33108917
v 0.05858217 -0.14930500 0.53524649
v -0.09244233 -0.30970332 0.52968842
v -0.44458127 0.29153174 -0.00874142
v -0.61825442 0.25122634 -0.07976474
v -0.18343632 0.25023538 -0.24698876
v 0.66585815 0.03706681 0.23423953
v 0.31237119 -0.03704187 -0.38079029
v -0.33921698 0.26377898 0.34472728
v 0.30415061 -0.20204076 0.48055390
v -0.18632627 -0.17551175 0.47508597
v 0.23975533 -0.35089093 -0.05985794
v 0.35138369 0.27202120 -0.11272490
v -0.25370196 0.24065654 -0.39996538
v -0.15877388 0.32045519 0.18749379
v -0.35228467 0.34215692 -0.20883965
v -0.40064651 0.20184118 -0.43465832
v 0.09840424 -0.29443774 -0.63769805
v -0.61079121 0.23455584 -0.00358243
v -0.41423461 -0.08976544 -0.50474745
v -0.58316100 0.26645905 -0.11898546
v -0.21822919 -0.25552446 0.31444848
v 0.15942581 -0.16183439 -0.38446814
v 0.41849247 -0.25722936 -0.08914014
v -0.51863688 -0.13356826 0.14440788
v -0.05409053 0.32399443 0.21915707
v -0.41049540 0.33533040 -0.10469697
v -0.16759822 0.31685275 0.22542807
v -0.15179303 -0.05790910 -0.50790310
v 0.10281680 0.00476136 0.53522658
v 0.67794269 0.00711391 0.21338148
v 0.34609938 -0.29047644 -0.15674537
v -0.50131774 -0.13255574 -0.28473747
v -0.20088373 -0.30457899 0.13921966
v -0.21165563 0.19595881 -0.38317710
v -0.32648113 -0.12359849 -0.52846032
v 0.04745650 0.32154787 -0.09105125
v 0.57170212 0.09344059 0.28962004
v -0.05105093 -0.19547454 0.46315560
v 0.74778903 0.12605137 0.16445720
v 0.44290495 0.08996034 -0.27916041
v 0.26403025 0.04275479 -0.37813184
v -0.53974134 -0.11420631 -0.22845921
v 0.36963189 0.23781440 -0.20104660
v -0.16494755 -0.02437813 0.52095246
v 0.07127575 -0.33146337 -0.03831044
v 0.17793086 -0.13219073 0.50001544
v 0.09403861 0.37997642 0.25577545
v 0.32976905 0.31583104 0.30551362
v -0.31107575 -0.15600038 -0.38598943
v 0.06914429 -0.33135447 -0.02887474
v -0.30878624 0.04351880 0.42960972
v -0.31332612 -0.46134681 -0.55573821
v -0.44888896 -0.05794960 -0.47136468
v 0.12969537 -0.31207705 -0.65503424
v 0.18813393 0.30876887 -0.11861515
v 0.25052050 0.28289586 -0.22297154
v -0.33494860 0.26904690 0.25669149
v 0.64301938 0.16973996 0.00762281
v 0.46997976 0.23182513 -0.08651137
v 0.63683748 0.00425732 0.12515536
v 0.47656870 0.22321782 -0.09042262
v -0.49573764 -0.17949629 -0.10612740
v 0.58926129 0.03287484 0.28417563
v 0.51461309 -0.22312310 0.06798888
v -0.26981509 -0.31145668 0.13426155
v -0.71983445 0.15272638 0.00355917
v 0.51009822 0.02762242 0.36706311
v 0.42444593 0.30601639 0.21896985
v 0.58886236 -0.08334787 0.15904185
v -0.25477868 0.26524243 0.48205617
v -0.32423148 -0.09209631 -0.51408482
v -0.04334817 -0.08571330 0.53456491
v 0.56759882 0.26278120 -0.01256756
v 0.55968398 -0.01701841 0.32607263
v -0.46884781 0.25366697 -0.32853138
v -0.40222988 -0.32391369 -0.50353914
v 0.41268054 -0.07567280 0.41767311
v -0.29640675 -0.24930896 -0.54152220
v 0.40217507 -0.28428805 -0.08066174
v 0.34876269 -0.04615513 -0.33371499
v -0.33032021 -0.34772319 -0.53982836
v 0.51013470 0.07873629 0.35806769
v -0.26330024 -0.51866806 -0.43949062
v -0.33521819 0.29120085 -0.20089115
v 0.47987926 -0.18985623 -0.15905595
v -0.08725047 -0.19374321 -0.58650815
v -0.35895616 -0.17393395 -0.36317113
v 0.69769728 0.09020887 0.10274103
v 0.23515402 -0.24346495 0.48633331
v -0.20350271 -0.18393949 -0.40156439
v 0.16843660 -0.25303417 0.50400805
v -0.14253829 0.36207747 0.15781182
v -0.43824038 -0.04980239 0.46430096
v -0.28633109 -0.10212557 -0.48117703
v 0.30751461 -0.16613430 -0.33934966
v 0.42611748 -0.20198260 0.38287187
v 0.55616254 -0.12899858 0.02559422
v 0.45808375 0.07861738 0.40701175
v -0.19054806 -0.19217296 0.49728110
v -0.39095607 0.15134196 -0.46674472
v 0.68752235 0.00164077 0.10441323
v -0.16533643 0.32385305 0.29164943
v -0.36118481 -0.33866596 -0.55770558
v -0.17723320 -0.12711184 -0.42237976
v 0.33559614 -0.16631612 0.48572743
v -0.12322939 -0.01039802 -0.53533792
v -0.33924261 -0.05491402 0.43839344
v 0.26041138 -0.38166541 0.09324059
v -0.38174444 0.31729004 0.10522559
v -0.21880358 -0.06398924 0.53032124
v 0.41090634 0.15817946 -0.22863635
v 0.73592180 0.10284037 0.19682285
v -0.33678892 0.31248063 0.18305798
v -0.48256266 -0.20837933 0.13036229
v -0.40695509 -0.16899820 -0.47366929
v 0.10567470 -0.02482958 -0.43136007
v 0.31142417 -0.18821295 0.45872700
v -0.61926037 0.19199961 0.04067687
v -0.47174323 0.03447324 -0.45330119
v -0.58263552 -0.11555987 -0.02545709
v -0.32246667 -0.14699450 -0.45477864
v -0.56320119 -0.09816998 -0.05061224
v -0.23893251 -0.08287334 -0.44635949
v -0.31248632 0.00433116 0.51605874
v 0.64928544 -0.00282683 -0.00931304
v 0.12689665 0.18957111 -0.35103732
v -0.54971617 0.17865494 0.10741228
v -0.19842808 -0.17449147 0.51838863
v -0.40383586 0.28289989 -0.03231945
v 0.44329882 -0.14152156 0.37061024
v -0.03406862 0.34459564 0.19813001
v -0.27476937 -0.34298250 -0.52263033
v 0.11565132 -0.37919760 0.01673872
v -0.30659327 -0.10953703 0.42500100
v 0.25890970 0.32165411 -0.05884756
v -0.32961982 -0.46884277 -0.52810478
v 0.25811532 -0.04127576 -0.40153098
v 0.25515828 -0.33644366 -0.05650044
v 0.56200093 0.14052686 -0.12119629
v 0.26832277 0.31448433 0.43429303
v 0.46561393 -0.25829768 -0.01315983
v -0.31712958 -0.21044335 -0.45325068
v 0.60814029 -0.06127389 0.14185418
v 0.18951893 0.38212118 0.30134365
v -0.44019517 -0.22189942 -0.11789916
v 0.63304132 0.02454654 -0.05695433
v -0.42785394 0.30728668 0.04496958
v -0.19140275 -0.21667336 0.39731982
v 0.12615111 0.41316879 0.06745651
v 0.53735644 -0.18584514 0.17236471
v -0.03767167 0.34811559 0.45589340
v -0.74149603 0.10441944 0.01515875
v 0.45227924 -0.12362000 0.37139785
v 0.34500813 -0.25183254 0.42685705
v 0.61734754 0.21015757 0.03213917
v 0.48354772 0.14385712 -0.14086741
v -0.13259973 0.15397617 -0.35480931
v -0.33152500 0.32009956 -0.21023381
v -0.57032484 0.16256170 0.07004902
v 0.38737431 0.33668911 0.08623959
v 0.02435012 -0.31565204 0.45002037
v 0.25942236 -0.39252248 0.04328777
v 0.60843176 0.20996772 0.08476529
v 0.22282153 -0.28749299 -0.23805773
v 0.33030614 0.30938938 0.40028295
v -0.23670174 -0.52647638 -0.45127615
v -0.10666241 0.12502572 -0.38304222
v -0.01677708 0.20560132 0.47047648
v -0.30811685 -0.38640612 -0.44667679
v -0.44347474 0.05917584 0.24681839
v 0.65873545 -0.07908513 0.19151056
v 0.25459957 -0.20404327 -0.33661819
v -0.28879589 -0.25668278 0.24224369
v -0.07466590 -0.22940846 0.37947479
v -0.20774159 0.33320239 0.15219408
v -0.34911370 -0.19661464 -0.45020652
v -0.18397020 -0.30880260 -0.15350729
v 0.39567670 0.34420407 0.22354540
v -0.36254385 -0.11071282 0.50289726
v 0.41074321 -0.11152649 0.41693395
v 0.17105865 0.28601122 -0.19783551
v -0.11621918 0.33859235 -0.03403242
v 0.47190136 -0.03126184 0.38774738
v -0.00492407 0.34033221 -0.06930746
v 0.63047296 -0.01423646 0.00180097
v -0.00829058 -0.07008734 -0.56708246
v 0.39441985 0.23002161 0.36136061
v 0.39793742 -0.26994109 0.33718121
v 0.63292533 -0.06333707 0.00610705
v 0.63793367 0.15302815 0.14065924
v 0.55981594 0.24381825 0.00096671
v 0.41585299 -0.31488535 0.06850205
v 0.27718168 -0.34442768 -0.02451453
v 0.12644267 0.26875210 -0.28309506
v -0.53440386 0.01719813 -0.31113854
v -0.05089946 -0.29606512 0.28073898
v -0.26055110 0.26441833 0.46016055
v 0.62431145 0.28323486 0.02800207
v -0.43783540 -0.11454780 -0.47226265
v -0.59504288 -0.09629414 -0.02315650
v 0.56695092 -0.01643767 -0.16020578
v -0.22816646 -0.08346693 -0.58021486
v -0.54011005 0.24498017 0.02364669
v -0.02790737 -0.25973034 -0.31975150
v 0.37293309 -0.27207294 -0.12889692
v -0.17101856 0.01274500 0.52742463
v -0.34475845 -0.42315403 -0.42950174
v 0.51772189 -0.15819609 0.23631431
v 0.53918844 -0.21543175 0.13590938
v -0.53093916 0.23592731 -0.21989608
v -0.31299376 -0.15587530 -0.37899476
v 0.52662891 0.19298226 -0.05064297
v 0.22778521 0.26085192 -0.28301138
v -0.37549311 -0.36576635 -0.49175626
v 0.39242548 0.30840996 -0.05816493
v 0.57773751 0.13468629 0.24420927
v 0.29725128 0.14146030 -0.34725511
v 0.46615180 -0.19896176 -0.19164245
v -0.36569494 0.29462060 -0.15877269
v 0.05974735 0.34517574 0.35535821
v -0.08421557 -0.31000483 0.21965975
v 0.48933885 0.25791162 0.19604939
v -0.47245678 0.08614103 -0.44077331
v 0.55849659 0.00892430 -0.15420645
v -0.49509224 -0.04931026 -0.33602539
v 0.18822719 0.29655567 -0.18630205
v -0.53491056 0.23460516 -0.06307846
v 0.21217614 0.38784927 0.27063295
v -0.28110120 0.30910349 0.00288328
v -0.50117177 -0.13224699 -0.26916569
v -0.32809886 0.28205544 0.22402832
v -0.42337415 -0.08076492 -0.48990428
v -0.57791704 -0.12662773 0.03061550
v -0.43257982 0.33361799 -0.20195754
v -0.71848816 0.03942806 0.03750642
v 0.58189726 -0.11834478 0.17021573
v 0.59309787 -0.11159606 0.17459384
v -0.16448194 -0.30930424 -0.16952744
v 0.42580071 -0.30514064 0.08337902
v -0.30894822 0.26338699 -0.13029052
v -0.00151224 0.20093623 -0.34553027
v -0.21525489 0.25072271 -0.22656715
v 0.30131456 0.32546350 0.38688970
v -0.23778382 -0.30669436 -0.11755022
v -0.35324386 -0.06400308 0.52172267
v -0.23166661 0.13960831 -0.39814502
v -0.12433778 -0.18786094 -0.36912549
v -0.17866023 -0.14117537 -0.53808665
v -0.12911533 -0.06794047 0.54570717
v 0.67352295 0.10859024 0.19720757
v -0.26353317 0.13813700 0.44773334
v -0.28039253 0.21408080 -0.47716486
v -0.65388250 0.02014815 0.03735320
v -0.38987628 -0.25826332 -0.50428307
v -0.24389341 -0.03408117 0.52335370
v 0.14833611 -0.29163238 -0.24744982
v -0.34378859 -0.28090945 -0.12942345
v 0.00851085 -0.12445984 0.52741140
v 0.19116165 -0.26971003 0.51324534
v -0.44400078 0.07700582 -0.45133454
v 0.05558502 -0.38116965 0.27303505
v -0.17834038 0.20207748 0.51452208
v -0.45625898 -0.10914277 -0.44310755
v -0.03389622 -0.13194835 -0.63197285
v -0.59219450 0.18042254 -0.08524850
v 0.57056147 -0.17280714 0.05703769
v 0.22088167 0.01208004 0.49511102
v -0.10451529 0.34632117 -0.00848036
v -0.37002099 0.15016916 0.33489385
v 0.31219923 -0.33353120 0.28109235
v -0.15845665 -0.31055617 0.13977730
v 0.05052692 0.16219020 0.49731615
v -0.62889242 0.13150920 -0.08824423
v 0.01472455 0.25053898 -0.25976181
v 0.29960606 0.05773607 -0.36651680
v 0.22253752 0.37546489 0.01304787
v 0.54253912 -0.18473879 0.21015827
v 0.46325052 -0.04865494 -0.20081881
v -0.10369638 -0.09411407 -0.54227799
v 0.01640680 0.38262409 0.36334115
v 0.40311283 -0.18734579 0.44896135
v 0.23323546 -0.17507595 -0.38706520
v 0.28413516 0.04325649 -0.39166230
v -0.31128454 0.29529744 -0.05584208
v -0.25457969 -0.09292054 -0.43615901
v -0.35052121 0.23493797 -0.43699273
v -0.42076188 0.00831779 0.39288667
v 0.30959100 -0.30203441 -0.07079872
v -0.02073197 -0.15109429 -0.40558636
v 0.39306754 -0.23823172 0.40210432
v -0.15727213 -0.22817528 -0.31165218
v -0.39490694 0.28162333 -0.02172539
v -0.01774720 0.38584036 0.00543879
v -0.44487378 -0.08743887 -0.48016307
v 0.03315083 -0.17126799 -0.66303104
v 0.30728298 -0.11251746 0.45753357
v 0.38919517 -0.32284415 0.19434139
v -0.46949661 -0.14870790 -0.21623202
v 0.21843646 0.13776240 0.45446408
v -0.45552137 0.29628882 -0.26288015
v 0.58859557 0.16244805 -0.04999935
v -0.01725107 0.34917948 0.25299102
v 0.11387757 -0.26787776 -0.63893706
v -0.05097059 0.39786825 0.14816682
v -0.38549489 -0.25955316 -0.44823977
v 0.63685590 0.13576573 0.17474143
v -0.12474050 0.31150085 0.39020237
v -0.41951227 0.29011592 -0.07238928
v 0.58700442 -0.07739237 0.06157917
v 0.62876141 0.16507758 0.11354823
v -0.01722838 0.38230032 0.02545234
v -0.40049133 -0.16618572 -0.49191180
v 0.15176436 -0.18886173 -0.34066904
v -0.09534488 -0.14574942 -0.66603619
v -0.42640308 -0.14224648 -0.48289135
v 0.23559946 0.28211445 -0.22299278
v -0.10555285 0.32217079 0.44544682
v -0.08305046 -0.26519826 0.53311670
v -0.63503212 -0.09098414 0.03910565
v -0.34885576 -0.41949898 -0.40321499
v -0.53999072 -0.10477018 -0.09859898
v -0.05571793 0.38723502 0.09301612
v -0.60959744 -0.08400582 0.07543659
v -0.31937376 0.30533835 0.00810940
v 0.03296999 -0.20781203 0.52268147
v -0.36667502 0.30380842 0.39819127
v 0.61156249 0.25904053 -0.03414066
v -0.31415740 -0.01619538 0.43657869
v 0.03770122 -0.13198221 -0.57022089
v -0.30602318 -0.48486581 -0.44300035
v -0.29313344 0.17548813 -0.48490387
v -0.10646963 0.25571406 0.48666489
v -0.20909072 0.35335904 0.07020047
v -0.28714812 0.23186132 0.38820624
v -0.17935072 -0.21101938 0.51849318
v -0.23201205 0.25034991 0.28916135
v -0.03833868 -0.10326996 -0.65385991
v 0.23133478 -0.11392532 0.49552926
v -0.19937059 -0.13541983 -0.57774037
v -0.29499620 0.33062536 0.03999772
v -0.66328478 0.07061327 -0.02078090
v 0.05922920 0.37610453 0.37394184
v 0.29658487 0.37169188 0.07533766
v 0.19991213 -0.31349146 -0.14027464
v 0.15942065 -0.30251476 -0.60354435
v 0.33430821 -0.37442520 0.01521164
v 0.03435814 0.37270725 0.28779960
v 0.57088643 -0.09217426 0.20532733
v 0.01243117 -0.36775336 0.24364474
v 0.44159091 -0.29762161 0.20863630
v -0.56819749 0.27731186 -0.13008651
v -0.40431637 0.10265733 -0.48149386
v -0.33852482 -0.24796413 -0.55804092
v -0.21789092 -0.21914603 -0.37756193
v -0.34444427 0.28351477 0.37716055
v -0.24041505 0.29026443 -0.09945734
v -0.10103810 -0.04186337 0.54520893
v -0.53039652 0.19213688 -0.30682606
v -0.57389516 -0.07034934 0.06857616
v -0.57356083 0.04509376 -0.25604621
v 0.32237652 0.16819683 0.45457193
v -0.36439502 -0.25905952 0.19162069
v -0.27680606 0.25305817 -0.31570071
v 0.19603303 -0.09060597 0.51093465
v 0.22063190 -0.24871846 -0.29968792
v 0.47644970 0.19579853 0.29722506
v -0.14887661 0.33558491 0.43015325
v -0.22878446 0.26641849 0.37671036
v 0.68505377 0.00655846 0.03412025
v -0.38347709 -0.13890906 0.34566864
v -0.35419139 -0.34407943 -0.45475888
v -0.31725657 -0.09803404 0.41239116
v -0.03948889 0.33360597 0.37552810
v -0.16789533 -0.26393276 0.28910309
v -0.06807079 0.31753832 0.21614000
v -0.36911526 -0.09037213 -0.51448441
v 0.22962695 -0.38829312 0.17117816
v -0.41491932 -0.25905558 -0.01017924
v 0.19635883 -0.34439433 -0.02917688
v 0.67100930 -0.03347162 0.22934528
v -0.29773337 -0.29737729 0.14443465
v -0.28263506 -0.13671340 -0.41534936
v -0.43287235 -0.02654807 0.47649768
v -0.26736990 -0.08299536 -0.54414237
v 0.04857935 0.38112387 0.03194811
v -0.27047378 -0.36597604 -0.46933305
v -0.59082073 0.12617509 -0.16883323
v -0.45622864 -0.13722676 0.20879452
v 0.46889138 -0.14747760 0.33574679
v -0.24331459 -0.29497150 0.18318957
v 0.64936143 -0.02336365 0.14536905
v -0.13050821 0.20810835 -0.33778760
v -0.20779045 -0.15971570 0.57166749
v 0.38688973 0.30973449 0.17004159
v -0.29620981 -0.27268988 -0.21333453
v 0.46668324 -0.15319103 0.33520472
v 0.18285953 -0.15064247 -0.41513377
v -0.07004586 0.35822853 0.11003961
v -0.20156384 0.19221500 -0.32756877
v -0.40886557 0.31995195 -0.26994315
v -0.57847989 0.09691803 -0.18190962
v -0.25052127 0.00425968 0.53637564
v -0.01246811 0.34686828 0.25775647
v -0.32533452 -0.38139459 -0.53940094
v -0.59491205 0.22558984 -0.13799983
v -0.21280135 0.35391697 0.06002130
v 0.40537739 -0.29906434 0.00922544
v -0.45610607 0.23247300 0.14727043
v 0.22917631 -0.39095157 0.15086256
v 0.44188210 0.13235471 0.34855792
v -0.38886383 -0.21742330 -0.54244214
v 0.29686877 0.24220476 0.41971815
v 0.62495428 -0.02609126 0.10103583
v -0.30823278 -0.20693083 -0.52681071
v -0.33975786 -0.39039642 -0.38585407
v 0.21610098 -0.33057818 0.38706943
v 0.55852175 -0.10926011 0.30254459
v 0.53458947 -0.16362682 0.11964477
v 0.23662139 0.20914987 0.41170359
v -0.32457107 -0.09155165 -0.48613188
v 0.00370054 0.43716601 0.07858128
v 0.66568440 0.05797375 0.11570795
v -0.58841771 0.02022271 0.08396529
v -0.17461008 0.04055989 -0.39769474
v 0.58417964 0.27396908 0.05024496
v -0.31629974 0.26362544 -0.33821788
v -0.30125815 0.21141267 0.39139527
v -0.06785359 -0.31816661 -0.12660906
v -0.27199548 0.28693724 -0.20349172
v 0.29599449 -0.08276813 -0.37387908
v -0.58300489 0.00789654 -0.25335616
v 0.24207550 0.37232545 0.34016663
v 0.69826913 0.04629098 0.09282152
v -0.04496009 -0.20930423 -0.59607625
v -0.52652800 0.24078679 -0.28926376
v -0.31378657 -0.27873427 0.19529457
v -0.53069276 -0.05317470 -0.32051510
v -0.51008099 0.24548011 -0.02780014
v -0.29983532 -0.08010084 0.52231252
v 0.51709914 -0.05071560 0.34300065
v -0.26577207 0.35463133 0.41474152
v -0.50997144 -0.13596208 -0.08524442
v -0.37074283 -0.23470393 -0.22229417
v -0.21826001 0.19315983 -0.43460813
v -0.57395315 0.07137636 -0.20637172
v 0.30217752 -0.03532843 0.49836385
v 0.48512733 0.19861057 0.23786309
v -0.32574373 -0.31335208 0.02766786
v -0.30551732 -0.20596434 -0.49939770
v -0.48141426 0.09781743 -0.43715990
v -0.59883302 0.22787461 0.01440195
v 0.03274940 -0.39155719 0.09462880
v -0.17800824 -0.30422667 -0.08597758
v -0.35955709 0.29084617 -0.37194073
v -0.01978450 0.23729336 -0.31610388
v 0.49617264 0.07410128 -0.18467958
v -0.17053057 -0.29225546 0.22884585
v 0.05301282 -0.17765683 -0.40750092
v -0.31229535 -0.25008568 -0.55694634
v -0.47630647 -0.07947865 -0.42187566
v 0.54334068 0.20763449 0.11758210
v 0.18131478 0.34058592 0.41615877
v -0.49642339 -0.01696289 -0.39532641
v 0.04457264 -0.25217259 -0.62588292
v -0.07529072 -0.11122207 -0.66212553
v -0.16378674 0.33223316 0.28871083
v 0.67978877 0.16462624 0.00422018
v -0.03491450 -0.26837519 0.50902164
v -0.25713700 -0.50094390 -0.44080722
v -0.12352372 0.30922288 -0.06928157
v 0.48748744 0.24609409 -0.05170018
v -0.47510630 0.29554680 0.02683354
v -0.08026138 0.31474656 0.37785521
v -0.42306185 -0.17166466 -0.30192438

