# https://github.com/mikedh/trimesh
v -0.30025688 -0.14444926 -0.24483766
v 0.14911324 -0.01293191 0.49447119
v 0.33628476 -0.33995742 0.10905875
v 0.37911421 -0.32912061 0.22848769
v 0.34485164 0.39817187 0.25282541
v -0.53945237 0.05238152 -0.06785359
v -0.21078646 0.09391557 -0.40510786
v -0.05314023 0.17342721 0.52622139
v -0.38459146 -0.17398930 -0.09611148
v 0.07684625 0.25556356 -0.18679911
v 0.05496661 -0.16855820 0.49245271
v 0.62956685 -0.03400669 0.46206170
v 0.33009681 0.40189406 0.26572579
v -0.42091772 0.39187258 -0.19978380
v -0.52448136 0.05727509 0.08924689
v 0.06860793 -0.17234093 -0.62463027
v -0.18777429 0.20149069 -0.20762517
v -0.09211285 -0.16462907 0.33553022
v 0.43848598 -0.29143158 0.12215594
v 0.21097916 0.27203098 -0.20466137
v -0.15694980 0.04893390 -0.31368840
v 0.08706196 -0.23835899 -0.79819310
v -0.26542872 -0.16287163 0.24566844
v 0.24775010 -0.37619430 0.12530164
v 0.41481140 0.37705526 0.17090517
v -0.08328877 -0.11899015 -0.26158699
v 0.57602197 0.20635444 -0.01343455
v -0.57467830 0.21030760 -0.22175774
v -0.18833193 0.01656112 -0.36866406
v 0.61095005 0.15867180 0.04045950
v -0.36518112 0.03128111 0.50001711
v 0.24071698 0.42411369 0.05170049
v -0.25771910 -0.20506506 0.21089739
v 0.18412100 0.42994654 0.09631672
v -0.09799588 0.29915795 0.18106876
v -0.01842744 0.32348219 0.12643991
v 0.01605317 -0.08353492 0.49581584
v 0.18838763 -0.25759470 -0.13446525
v 0.37922350 -0.32133046 0.09745808
v 0.14738576 -0.40273699 0.08909515
v -0.51998806 0.00747897 -0.10173024
v -0.41413257 -0.13455425 -0.55950576
v -0.24193241 0.28605279 0.41389418
v -0.39052680 0.29894218 -0.45590371
v -0.27191365 0.28599742 0.19648463
v 0.06349248 -0.37242904 0.01926279
v 0.73929048 -0.00770546 0.36308303
v 0.45358172 0.34683603 0.17343880
v -0.36282149 -0.04835757 0.28087521
v 0.44748488 -0.12075934 0.47274870
v -0.31820142 0.05338909 -0.53319639
v 0.50052959 -0.17675044 0.38841176
v -0.29440480 -0.22428922 -0.08984099
v -0.20712864 0.18426928 -0.33551583
v -0.35614809 -0.54230058 -0.54719645
v -0.24396570 0.25159049 -0.14282560
v -0.26600787 -0.05965673 -0.54238975
v -0.32289761 -0.38989133 -0.62875497
v -0.26042750 -0.08697481 0.39845216
v 0.44185904 -0.16972138 -0.17070344
v 0.03331255 0.15541643 -0.24428378
v 0.35809523 -0.03655218 0.52130288
v 0.60410732 0.17741588 0.05442410
v 0.74740762 -0.01914092 0.23955524
v -0.30753332 -0.21547426 -0.50081795
v 0.07055860 -0.09960435 0.49427342
v 0.52477509 -0.18916550 0.33055758
v 0.11642963 0.18521653 0.49301091
v 0.64047486 0.03169619 0.12465668
v 0.71746927 0.15712006 0.34760994
v -0.00396922 0.15170752 -0.23337755
v 0.39053991 0.31438845 -0.08563017
v 0.31623873 0.22412720 -0.25298741
v -0.15374643 0.14638823 -0.24701840
v -0.40188089 -0.13881396 -0.21132039
v -0.04443834 -0.22930568 0.39608490
v 0.00313218 -0.14912206 -0.22288880
v 0.12255361 0.22017515 0.49058062
v -0.05412976 -0.08959220 -0.66970754
v -0.54679960 -0.02356618 -0.33789423
v -0.41406083 -0.03854122 0.24716118
v 0.61060286 0.21653351 0.36414996
v 0.14928244 0.06930450 0.49542999
v -0.51554763 0.16753973 -0.49407578
v -0.32194957 -0.24809894 -0.46154681
v 0.23728988 -0.37692818 0.19662292
v -0.47751474 -0.11291164 0.11464076
v -0.03967873 -0.26046985 -0.08179557
v 0.26898235 -0.32763582 0.38134444
v 0.07586867 -0.05247597 0.49515790
v -0.29224455 -0.12206835 0.53839058
v -0.31416428 -0.53284585 -0.68289113
v -0.50806785 0.04662357 0.14460279
v 0.37032825 0.09874033 -0.29555774
v -0.38611481 0.29710004 0.04973762
v -0.28735435 -0.14952876 0.53683096
v -0.19175076 -0.08874349 -0.45515707
v 0.10909052 0.14471804 -0.28205305
v -0.31624615 -0.13877431 -0.49886197
v -0.29002893 -0.15502597 0.24777709
v 0.18737322 0.42170870 0.28615695
v 0.04466351 -0.22674459 0.50206828
v 0.44634822 0.11349567 -0.25501958
v -0.33882585 -0.47632581 -0.51979280
v 0.23096934 -0.16983326 -0.23123316
v -0.45121571 -0.37853831 -0.61981040
v -0.40676481 -0.32152900 -0.53889430
v -0.02712824 0.29307318 -0.08101350
v -0.54364264 0.19563910 -0.43747485
v 0.04729646 -0.13440467 0.49406430
v -0.35363960 0.05558483 0.50610316
v 0.04383938 0.38378072 0.52308756
v 0.40184417 0.19825193 0.52372003
v -0.30595565 -0.26276767 -0.51032472
v 0.34890679 -0.34003627 0.13983169
v -0.22744457 -0.09690825 -0.50051397
v -0.04552268 -0.19428971 0.31289637
v 0.48442742 0.11252777 -0.22445534
v -0.22042131 0.14994760 0.53624904
v 0.70023972 -0.03013183 0.40959433
v 0.44498208 0.05720695 -0.25986931
v 0.07407787 0.31267658 -0.05794473
v -0.07719160 0.26247752 -0.11569179
v 0.14776461 -0.38443467 0.23962104
v 0.53037214 -0.22492722 0.13762099
v 0.00803436 0.30662093 0.22163963
v -0.33332554 0.15895426 0.50053346
v -0.36744368 -0.21923845 0.11299710
v -0.32382032 0.33924529 -0.26559532
v -0.35909209 -0.13457736 -0.55680293
v -0.57076579 0.16245353 -0.31127986
v 0.08260102 -0.41113234 0.11122220
v 0.39985251 0.11399675 -0.27799436
v -0.31326139 -0.27945125 -0.58173120
v 0.35695824 0.26403105 -0.16525777
v -0.22984777 0.15260528 0.31041735
v -0.44693124 0.38273260 -0.21988313
v 0.34535781 0.19146486 -0.27180246
v -0.55341053 0.13862696 -0.17063215
v 0.27456006 -0.26382279 0.52548295
v -0.29954645 0.05364453 -0.53230023
v 0.61961406 -0.06649136 0.01165288
v 0.43003696 -0.20129248 -0.11770766
v 0.21448292 0.40898749 0.35064423
v 0.00202953 -0.32424423 0.46860147
v 0.04059101 -0.34367663 0.33543789
v -0.05219274 0.18088329 0.52292097
v -0.33597273 0.06011210 0.52966076
v -0.41271898 -0.12453903 -0.17297538
v -0.09732862 -0.16695535 -0.67550606
v -0.18639868 0.02035808 -0.51477367
v -0.21901336 -0.26158658 -0.00695505
v -0.07150174 -0.03749980 -0.54503524
v 0.42310202 0.20804822 0.51430297
v -0.02219160 -0.14529845 -0.53164405
v -0.10400323 0.30988619 0.02235044
v -0.23899615 0.23503117 -0.17785838
v 0.29434019 -0.35130116 0.03437153
v -0.40990508 -0.23616068 -0.61803770
v 0.48748758 0.30132866 0.23245832
v -0.33669567 -0.41359866 -0.50313205
v 0.15379900 -0.13640013 -0.26380432
v -0.12992060 -0.26893693 0.02135355
v 0.52635247 -0.10529076 0.45845178
v -0.39987299 0.20077837 0.21498129
v -0.45664191 0.00607035 0.21496275
v -0.00885799 0.32293060 0.02924548
v 0.48888636 -0.26120993 0.15845135
v 0.12607950 -0.29992118 0.47898698
v -0.35700321 0.31139418 0.08313269
v -0.37671953 0.34725943 -0.36942440
v -0.42146260 -0.04141485 0.23878138
v -0.09082227 -0.27181196 0.42773262
v -0.09134187 0.31913313 0.51564533
v 0.12365466 0.06247683 0.49646696
v 0.26026392 -0.33217597 0.36616978
v 0.47516811 0.16554411 0.49735054
v -0.22792606 -0.26114634 -0.01821939
v 0.61936599 -0.06454986 0.00903494
v 0.44509006 0.16592020 -0.23767826
v -0.31081903 -0.20982747 -0.53556538
v 0.05647461 -0.19547364 -0.76230854
v -0.41053045 0.26620919 -0.04543949
v -0.44260439 0.37496758 -0.35754550
v -0.55015701 0.24881998 -0.35317594
v 0.15209046 0.07985069 0.49567240
v 0.13298829 0.35122013 0.41947812
v 0.57405066 0.23252030 0.21613492
v -0.24694262 -0.19850804 0.21809891
v 0.58920699 -0.12582773 0.39187267
v -0.07643054 0.34045529 0.49336961
v 0.11989053 0.32307610 0.52690583
v -0.01857420 0.21353993 0.49544200
v -0.03698792 0.32015097 0.41286379
v -0.41373459 -0.24502067 -0.46807477
v -0.33924484 0.31830761 0.08569372
v 0.63793844 0.08643165 0.13215709
v -0.49050906 -0.06744630 0.12560861
v -0.03792100 -0.29575807 0.53731877
v 0.22505729 0.21721016 -0.26264647
v 0.29816273 0.38458103 -0.00505485
v -0.18951772 0.15631503 -0.32745829
v -0.02614845 -0.13032062 -0.73929244
v 0.12091329 -0.15165408 -0.23391290
v 0.54110295 -0.18474858 0.00255336
v 0.34587833 -0.07842727 -0.28788093
v -0.48853540 0.05433763 -0.51819861
v -0.21739736 0.12344409 0.34686220
v 0.24260612 -0.36969656 0.05696671
v -0.38131303 -0.14379549 -0.22266591
v 0.01776345 -0.31023258 0.53001326
v 0.74960881 0.07435154 0.21518309
v 0.17451210 -0.33852240 -0.01436460
v 0.65870321 -0.08566885 0.40951610
v -0.25928357 0.24545012 -0.15613982
v 0.19011143 0.35390660 0.47568765
v -0.02466264 0.29449347 0.16076691
v -0.14466132 0.20159511 -0.20126969
v 0.59726906 0.04045429 -0.07857770
v -0.19138160 0.30126330 -0.05377844
v 0.13393183 -0.16329865 0.49030569
v 0.40041110 0.35777622 0.32478374
v 0.06545087 0.36206645 0.29622653
v -0.09868593 0.30533928 -0.01295793
v 0.27341402 0.06114243 -0.32020366
v -0.10595109 -0.16687304 -0.66066843
v -0.34998050 0.07652978 -0.53510070
v -0.10789751 -0.17390776 -0.57602280
v 0.49844819 0.14724475 0.49791771
v -0.34696680 -0.20857683 -0.05309233
v -0.34930244 -0.42852727 -0.66964954
v 0.39167812 -0.27637115 0.00246505
v 0.64249963 0.02581626 0.16862422
v -0.16550124 0.07469878 -0.32449111
v 0.50732827 -0.18739600 -0.07947188
v -0.34791237 0.06097931 0.52047694
v -0.11043781 -0.13294891 -0.68989068
v -0.07638810 0.04281279 0.52638191
v 0.73549032 -0.03885689 0.23795168
v -0.32596880 -0.22968572 0.12873214
v -0.08626492 -0.18728881 -0.64081204
v 0.43794635 -0.26890314 0.02710459
v -0.42864302 0.23764230 0.14283706
v 0.10498901 -0.16710375 0.49119449
v 0.27693623 0.42409337 0.16225284
v -0.53797436 -0.03671483 -0.18458068
v -0.38406101 -0.21887039 -0.61405027
v -0.19945183 0.02952628 -0.42048031
v -0.28521258 -0.22596794 0.17179111
v 0.55396563 -0.21314797 0.08095873
v -0.44666561 -0.06153513 0.19870117
v -0.34987706 -0.12641752 0.53335494
v 0.51457053 -0.04187857 0.51023614
v 0.08956081 0.21840402 0.49164701
v 0.31589335 -0.06513599 0.53258419
v 0.08518121 -0.28019696 -0.69660538
v -0.44353086 -0.24499361 -0.58133245
v -0.33947319 0.00038222 0.30234456
v 0.38943100 0.34982240 0.00324894
v 0.26633233 0.34258279 -0.04332173
v 0.28844717 -0.32730103 -0.00148940
v -0.39586708 -0.14090836 -0.41057923
v -0.49447078 0.14721589 0.13053425
v 0.14337954 -0.39794528 0.06971703
v -0.18486372 0.32058793 0.46737728
v 0.04003467 -0.05163126 -0.26864949
v 0.42341146 -0.22158447 -0.08681482
v 0.61665010 -0.03274589 -0.02539087
v 0.13046283 -0.39977625 0.21719252
v -0.11622237 -0.01938190 -0.53963584
v -0.43526232 0.24862994 -0.11291326
v 0.39878350 0.25953966 -0.15358862
v -0.41604197 -0.18009189 -0.58506602
v -0.40528673 -0.02093901 0.25935546
v 0.61833709 -0.03651043 -0.01811164
v -0.25291279 0.30975816 0.15668450
v -0.43848705 0.33335090 -0.14167859
v 0.10783115 -0.00216228 0.49521908
v -0.39151597 -0.05970424 0.49827674
v -0.18675797 0.14066675 -0.33491790
v -0.34076405 -0.09125368 -0.51831210
v -0.44307816 -0.10174590 -0.44664693
v 0.07387234 0.07266493 -0.28751466
v 0.49502483 0.10397218 -0.21588036
v 0.33103675 -0.20833185 0.53139597
v -0.08899141 -0.01642088 -0.28785497
v 0.56215483 -0.15477638 -0.02178016
v -0.12995443 -0.29460114 0.48543614
v 0.48385939 -0.26722634 0.18871419
v 0.06937659 -0.25990325 0.53643501
v -0.40018779 0.36085781 -0.15480019
v 0.18822467 0.26244363 -0.21540715
v -0.46275693 0.19580080 0.14889787
v -0.44522330 0.26784375 -0.47497603
v 0.43884847 0.33705688 -0.00868080
v -0.24356940 -0.25446007 0.12225897
v 0.35766190 -0.29422283 0.00835353
v 0.56757653 0.20900041 0.36858985
v -0.18023388 0.28953907 -0.07794382
v -0.03044440 -0.26464328 0.27892980
v -0.49168211 0.36362922 -0.23692593
v 0.24107127 -0.04213160 0.50984770
v -0.43543708 -0.08652957 -0.51405007
v 0.13351595 -0.40067869 0.06638959
v -0.30506790 -0.32520849 -0.57726914
v -0.25318339 -0.06807785 -0.55346614
v -0.33158961 -0.39563638 -0.64219427
v -0.45677835 -0.40955752 -0.65460372
v -0.52456361 0.05785543 0.08900325
v -0.29547805 0.29176053 0.52918148
v -0.07118050 -0.28011620 0.04982848
v 0.42601594 -0.29806688 0.12372211
v 0.38032952 -0.27294785 -0.01005443
v -0.09837071 -0.19770040 -0.18630514
v -0.50931889 0.17566113 0.05021190
v -0.40855932 0.20611706 0.20460121
v 0.07848678 -0.41044813 0.11883930
v 0.61921996 -0.11344339 0.40595081
v 0.12402926 0.41650832 0.01429041
v 0.63889700 0.05814534 0.12606044
v -0.01590208 -0.29626167 0.29588604
v -0.14322868 0.03528686 -0.30127874
v -0.10208773 0.01504822 -0.29149234
v -0.39181057 -0.41468361 -0.47648486
v -0.13136169 0.30437881 0.08447863
v -0.36118299 -0.03902360 0.28503144
v -0.55654407 -0.00903467 -0.31550747
v -0.36030400 -0.27170688 -0.62805969
v 0.00103539 0.36723691 0.12483276
v 0.59798616 0.03239447 0.48680967
v 0.60015076 0.03636543 0.48574859
v 0.10318930 -0.21983024 -0.66726458
v 0.14848928 -0.25022373 -0.66224313
v 0.55346489 0.06321689 -0.14967830
v -0.16759288 -0.03453204 0.53754711
v 0.60705125 0.18013375 0.16533904
v -0.27420232 0.28040728 -0.21692219
v -0.25483879 0.02981149 0.33131072
v 0.37962708 0.38729912 0.18864165
v -0.21767250 0.13992560 -0.37875292
v 0.54913414 0.26263091 0.20274450
v 0.13055657 -0.36107826 0.35995060
v 0.10026220 0.24430555 -0.21526702
v 0.05186925 -0.05897790 0.49548009
v 0.44454235 0.24460648 0.48697460
v -0.10771301 -0.26386878 -0.01380189
v 0.06019438 -0.01804700 -0.28108519
v 0.27439386 -0.22323367 -0.18928048
v 0.44509423 -0.17201529 -0.16189866
v 0.65541667 -0.04959176 0.22925296
v -0.37108234 -0.07580142 0.48070771
v 0.53607470 0.23161043 0.35661694
v 0.10884113 -0.22499432 -0.15842791
v 0.20632577 -0.31655481 0.43098161
v 0.74068385 0.09374416 0.37061876
v 0.30077818 0.30102623 -0.09231827
v 0.52775151 0.03457767 -0.18555108
v -0.34408957 -0.16539158 -0.41798311
v 0.09889797 -0.20439601 -0.59045804
v -0.23583291 0.04381040 -0.52099669
v -0.45347941 0.33861542 -0.40660653
v 0.32051170 -0.34518653 0.07671363
v -0.16887896 -0.23277134 0.51387161
v -0.45117810 0.23088677 0.12476279
v 0.18435045 0.14309427 0.49347615
v -0.11916383 -0.23297741 0.15516344
v 0.57598668 -0.11840387 0.34136039
v 0.53662783 -0.15599187 -0.08922347
v -0.08914734 -0.14127910 -0.24710910
v -0.33876061 -0.16207835 -0.17348728
v 0.23410662 -0.03198144 0.50790048
v -0.26507136 -0.25140554 -0.01308510
v 0.27258739 -0.30229452 0.43063390
v 0.47265485 -0.25268516 0.32392332
v 0.05332209 -0.38427815 0.26190135
v 0.60295171 0.02685160 -0.06785113
v 0.06460056 0.28910196 -0.12787575
v 0.19144262 -0.29269609 0.45915481
v 0.10680004 0.40435186 0.24643956
v 0.37974957 -0.31679153 0.34376872
v -0.39707166 -0.24533848 -0.62699932
v 0.46936762 0.31426123 0.24578916
v -0.06805889 -0.07354175 -0.66743541
v -0.03178287 -0.28803742 0.03966540
v -0.38216537 -0.15474066 -0.14459506
v -0.34193203 0.17639488 0.26279709
v -0.14395066 0.02633286 -0.30210632
v 0.44230741 -0.25936326 0.39433908
v -0.24318974 0.30998033 -0.02035189
v 0.07276331 -0.21949424 -0.73689097
v -0.30774367 0.03877962 0.53560567
v 0.41444391 0.35366422 0.30617443
v -0.40202081 0.22729796 -0.50621039
v -0.09665684 0.27520075 0.35424429
v -0.23911102 0.31032357 0.52807009
v 0.31982410 -0.06470008 -0.30074695
v -0.57227778 0.07670750 -0.32041484
v 0.34410408 -0.33406413 0.26934496
v 0.29301459 -0.08121280 -0.29832220
v -0.09692983 -0.26494592 0.07146037
v -0.08134311 0.31791770 0.01140864
v 0.48525611 0.21718369 -0.16345444
v 0.64766800 -0.02886027 0.20950690
v 0.07686278 0.38660711 0.26095423
v 0.60054994 0.16346025 -0.00673755
v -0.21461810 -0.17302114 0.24958371
v 0.41458511 -0.25179973 -0.05662672
v -0.03926199 -0.16787903 0.49366453
v -0.28862280 0.25854144 -0.13412985
v -0.37741354 0.06931503 -0.53542513
v -0.04074404 0.37613118 0.51573747
v 0.11285012 -0.28500611 -0.66956872
v -0.41870531 0.25886270 0.12359384
v -0.22566888 -0.16772801 0.25059211
v -0.09524024 -0.22040835 0.41546789
v -0.09654720 -0.23123097 0.53496504
v 0.55901623 -0.02216296 -0.14121790
v 0.38372210 -0.22278690 -0.10283262
v -0.30579191 -0.10718114 -0.45830977
v -0.40092918 0.04318560 0.26580361
v 0.34788397 -0.26384461 -0.05407824
v 0.17741780 0.31667814 -0.10336000
v -0.52593106 0.00720232 -0.39925796
v 0.26746801 0.33123675 0.45785382
v -0.25944516 0.27281746 0.53014827
v 0.55942655 -0.18512599 0.21379867
v 0.18452963 0.25635555 -0.22184776
v -0.02809132 0.27950040 0.38251716
v -0.25721112 -0.08183040 0.37564820
v -0.32957992 -0.58805269 -0.60566056
v 0.59696674 -0.11985341 0.24033080
v -0.26969019 0.03231879 -0.53190124
v -0.01989874 -0.32342148 0.24204947
v 0.21807502 0.05359341 -0.31686145
v 0.08471818 -0.34328473 -0.00475143
v -0.32279357 0.15988602 0.47993964
v -0.00673408 -0.03061479 -0.26422635
v 0.24254267 -0.21432225 -0.19568849
v -0.30906779 -0.13714908 -0.32195368
v 0.58494383 0.21475166 0.38713419
v 0.41151187 0.36660412 0.21602975
v 0.33539802 0.35063136 -0.04795846
v 0.53470206 0.00411937 -0.17611663
v -0.21263014 -0.10243967 -0.57918066
v 0.40177709 -0.10006812 -0.25103450
v 0.26741767 0.39156255 0.38802382
v -0.49896759 0.12270771 0.13395402
v 0.57283443 -0.16989805 0.19682196
v 0.69042939 0.18445228 0.34707814
v -0.11403915 0.29110292 -0.05108849
v -0.06390809 -0.15932490 -0.71689898
v 0.43899062 -0.02012874 0.52968532
v -0.34252593 -0.37926096 -0.65038466
v -0.15215917 0.28083614 0.27785522
v -0.48083085 -0.11454129 -0.05699049
v 0.04342805 0.25934631 0.48970461
v -0.55913478 0.08347456 -0.48186404
v 0.17380641 0.24907345 -0.22833633
v 0.02697886 -0.39457256 0.20519018
v 0.22544672 -0.17025751 -0.23033692
v -0.26362947 0.11358353 0.46218899
v 0.26466975 0.09851796 -0.31608945
v 0.60670894 0.18149357 0.18549955
v 0.07924982 -0.01705474 -0.28601205
v -0.50080174 -0.02780695 -0.46589667
v -0.00079290 0.26666933 0.36924401
v -0.43733615 -0.14868487 -0.52333224
v -0.18569504 -0.16888136 0.47349691
v -0.54475534 0.04355980 -0.39091524
v -0.55369407 0.12785126 -0.37731621
v -0.33576173 0.32065022 0.04228245
v -0.22934349 0.02778944 0.53613144
v -0.17986184 0.24415877 -0.15377457
v -0.23594643 0.11449772 0.32664156
v 0.13957661 -0.32813644 -0.73115939
v 0.19169661 0.11103372 0.49409932
v 0.41546378 0.37660462 0.16961558
v 0.62165338 0.15356122 0.11485601
v 0.15665832 -0.04309671 0.49337393
v -0.29576460 0.25042173 -0.15703414
v -0.28720668 -0.23197800 0.15366948
v 0.25040850 -0.11502192 0.48856822
v 0.18994033 -0.18482925 -0.21692258
v 0.10021565 -0.23761567 -0.71319509
v -0.24355413 -0.22987078 -0.10281476
v -0.40257344 -0.53736866 -0.71497333
v -0.21701799 0.01986682 -0.54272121
v 0.56632173 0.00641179 -0.13275118
v 0.27021462 0.06215561 0.53298777
v -0.42082205 0.39509076 -0.27963316
v -0.25121886 0.32390380 0.07031675
v 0.65124339 0.08657057 0.19693257
v -0.48957062 -0.05422594 -0.40865600
v 0.60540074 -0.06777418 -0.03616106
v 0.55193597 0.20852269 0.37049332
v -0.33033311 0.21337652 0.46450534
v -0.39550275 -0.43160120 -0.50492054
v 0.48370308 -0.13388427 -0.16905569
v 0.29850739 -0.18350452 0.51563770
v -0.23443958 -0.08452245 -0.45983782
v -0.29478580 -0.10089859 -0.43516183
v 0.37599966 -0.31821060 0.33991519
v -0.12894128 -0.07485158 -0.28671497
v -0.04274807 -0.31285360 0.19385602
v 0.13193722 0.41799927 0.01316758
v 0.22164293 0.42559633 0.04951032
v -0.45120803 -0.07706062 0.19162992
v 0.50892222 -0.06814858 0.50019395
v 0.34500065 0.21603209 0.52530915
v 0.57336193 0.10102255 -0.11500584
v -0.49385396 0.36878467 -0.25227469
v -0.03458140 -0.35647833 0.14278381
v 0.04933666 -0.34057137 0.00296612
v 0.25783798 0.33608356 0.44238570
v -0.32273033 0.19685262 0.45228359
v -0.41979000 -0.13956302 -0.27707544
v 0.30831155 0.08498002 -0.31578079
v -0.29145122 0.29618961 -0.26190245
v -0.40956870 -0.32570612 -0.51059115
v -0.55023271 0.18648320 -0.40440151
v 0.54937071 0.19055830 0.44573379
v 0.74491066 0.11654228 0.23471245
v -0.53240198 -0.04335945 -0.33929420
v 0.05919774 -0.14203295 -0.23526306
v -0.07464453 -0.27330667 0.00343959
v -0.37268618 0.11968129 0.27525720
v -0.56287336 0.01587046 -0.17260797
v -0.03530889 0.23891577 -0.15838259
v 0.14891648 -0.12517670 -0.26923507
v -0.57175773 0.01245773 -0.21030129
v -0.27882883 0.31309646 0.12081726
v 0.21432431 0.37998524 0.39872235
v 0.02550453 -0.32590991 0.34736329
v 0.35001132 0.37612066 0.30562472
v -0.32781154 -0.18639170 -0.14082421
v 0.11759425 -0.27556679 -0.06861737
v 0.42824140 0.29224405 0.45776886
v 0.22796893 -0.12400690 -0.27329281
v -0.17143795 -0.16121641 0.34939587
v 0.20217563 -0.38060692 0.20266925
v 0.04679459 -0.21487141 -0.79192454
v 0.15633126 -0.14994065 0.49019125
v -0.38275912 0.26459712 -0.48545083
v -0.51944119 0.28270367 -0.14264733
v -0.09858671 -0.17439568 0.51481682
v 0.36466011 0.13800989 0.52789593
v 0.69264519 -0.09478584 0.34586692
v 0.54640073 -0.11877181 0.43084762
v -0.10828852 -0.15542500 -0.67767650
v 0.32578939 0.17012012 -0.28969088
v 0.18040363 0.28187740 -0.18093012
v 0.13469125 0.43148497 0.07850926
v 0.02199580 -0.00279653 -0.27236030
v 0.57309884 0.23830271 0.09333663
v 0.38231301 0.19498287 -0.24673498
v 0.62102205 -0.07182463 0.02165651
v 0.74334651 0.12313612 0.33946535
v 0.12704204 -0.10357980 0.49232709
v -0.03545509 0.21376693 -0.18848059
v 0.46358949 0.25290039 -0.13276280
v 0.25880742 0.18273091 -0.28632420
v 0.01029228 0.40404406 0.47205067
v 0.50742310 0.30787802 0.05625928
v -0.41861159 -0.13253565 -0.20239206
v -0.23705700 -0.17272708 0.52810872
v -0.20907390 0.04614053 -0.48221865
v -0.08728094 0.31496635 0.08869729
v 0.08762695 0.21884382 -0.23058070
v 0.03726793 -0.20123148 0.49261922
v -0.00667168 -0.36042938 0.05382659
v 0.75468767 0.09788312 0.32769877
v -0.32732666 0.22509380 0.44927448
v 0.40757400 -0.10481020 -0.24518986
v 0.09058163 0.29302236 -0.13060693
v -0.44179422 -0.10592525 -0.49571928
v 0.24804108 0.33749238 0.47034702
v -0.49328122 -0.06442081 0.12077519
v 0.08722744 0.08613314 0.49638322
v 0.49025905 -0.14793764 0.41344163
v 0.59694409 -0.09094604 0.44382614
v -0.34682781 0.06376513 0.30417019
v -0.47753391 0.24773823 -0.12940818
v 0.37638357 -0.31693405 0.34803677
v -0.37780952 0.28397071 -0.04653410
v 0.08925802 0.28247353 -0.14954665
v -0.14957337 -0.06509624 0.53640908
v -0.55984312 0.01683024 -0.16793223
v 0.62177634 0.09486555 0.00366369
v -0.04384824 -0.22229140 0.39647219
v -0.55971301 0.31876117 -0.21040648
v -0.52142853 0.06572256 -0.11328389
v 0.35011700 0.28743941 0.52645528
v -0.08221351 0.21898134 0.52943856
v 0.28283289 0.38327101 -0.01570874
v -0.42878351 0.25289732 -0.04477592
v -0.09533855 -0.28992581 0.44342282
v -0.19762290 -0.20657521 -0.17494170
v 0.57312512 0.23067516 0.26344305
v 0.00207343 -0.24477872 -0.12260957
v -0.09279756 -0.26011887 0.10904098
v -0.35609630 -0.55678272 -0.58182317
v -0.14563847 0.27389872 0.36219400
v -0.24898615 -0.06990320 -0.56056482
v -0.16257663 0.27387509 0.26870081
v 0.32921112 -0.23810521 -0.11446553
v -0.24541299 -0.11543883 -0.31208995
v -0.43510374 -0.50634259 -0.70390892
v 0.63118857 0.05425448 0.47070646
v -0.34939739 0.31632388 0.04970058
v -0.29782420 0.30552989 -0.03355556
v -0.00880704 -0.19555160 -0.74436551
v 0.38077155 -0.29816857 0.38116559
v -0.58515531 0.06281611 -0.25352177
v -0.20219624 0.21114992 -0.28776145
v -0.05342361 -0.18731388 -0.70282215
v 0.44702426 -0.17193416 -0.15940151
v -0.23606400 -0.25646928 0.10554665
v -0.32839319 -0.50767434 -0.54661471
v 0.09636296 0.37933475 0.33456197
v 0.27896157 -0.01758137 -0.31670836
v 0.11084890 -0.26851353 -0.77021670
v -0.57994056 0.04105565 -0.21043512
v -0.00758865 0.28588074 -0.09841124
v 0.12455734 0.27784678 -0.17294174
v -0.44107416 -0.13745819 0.15382233
v -0.43355146 0.09740672 -0.53186411
v 0.11362390 0.40582424 0.23424731
v -0.06684523 -0.26684237 0.16065010
v 0.41691059 0.26937068 -0.13031530
v -0.25704515 -0.07775236 0.34625617
v 0.35715768 0.39546475 0.22260237
v -0.56085116 0.19144985 -0.18830259
v -0.38208291 -0.02091063 0.53307199
v -0.02500879 -0.10961949 -0.24379906
v 0.51186824 -0.23674126 0.05263738
v 0.75002873 0.08954233 0.22295132
v 0.72686261 -0.04011841 0.36138895
v 0.27513281 0.41906339 0.22741160
v -0.59076762 0.12845170 -0.25029311
v -0.23928599 0.17914690 0.40783000
v 0.05129658 0.30471474 -0.08915588
v -0.18964846 -0.11902530 -0.51550990
v -0.43990928 -0.11954828 -0.46948707
v 0.62411612 0.13826588 0.06884924
v 0.71723866 0.03848976 0.40787646
v -0.49629760 -0.09932111 -0.22645564
v 0.04481631 -0.24711376 -0.66389108
v -0.17413706 0.30173182 0.16981058
v 0.13323174 -0.28989410 -0.74966693
v 0.14534426 -0.28903130 0.51667672
v 0.45141742 0.27299204 0.43072647
v -0.05348615 -0.26245892 -0.06042902
v 0.61292386 0.11878505 0.46674708
v 0.51627779 0.13419311 -0.18961157
v 0.73387659 -0.01476080 0.37305182
v 0.21240117 0.34715497 0.48341313
v 0.51878637 -0.10224967 -0.16172242
v -0.27875677 -0.20003347 0.21641943
v -0.44947895 -0.45788595 -0.69675028
v -0.00656908 0.08551052 0.50528288
v 0.71121359 0.09651257 0.19459379
v 0.55196428 0.26486033 0.06950884
v -0.44585043 0.26997039 -0.12138097
v 0.23253906 0.42681196 0.25891718
v -0.33704001 0.35131818 -0.27790782
v -0.12609787 0.28412369 -0.08274780
v 0.24397440 -0.31730986 -0.01900524
v 0.21537541 -0.07076085 0.49092087
v 0.63187164 -0.12066773 0.37030414
v 0.37344062 0.31555209 0.49618262
v -0.49114245 -0.07297082 -0.36796594
v -0.51501399 0.16623339 0.05413333
v 0.14076103 -0.16659321 0.49000797
v 0.06851165 -0.12640296 -0.58579296
v 0.15835604 -0.31091359 -0.69451338
v 0.17091121 -0.15698342 -0.25036475
v 0.32340264 0.36462864 0.39796722
v -0.17986974 0.02170778 -0.34768471
v -0.15361632 -0.17269716 0.43922994
v 0.40657589 0.30122820 0.48681617
v -0.56226945 0.12231836 -0.46640754
v -0.12993987 -0.01612263 -0.50381768
v 0.07455119 -0.19102602 0.49160600
v 0.05994152 -0.19408438 -0.66365713
v -0.14030977 0.18218088 -0.21931511
v 0.32263893 0.29099292 -0.10846965
v 0.04093301 -0.04808935 0.49598706
v 0.49082190 -0.08737624 -0.19817503
v -0.11701765 0.28507218 0.31682885
v -0.20494653 -0.11326324 -0.52585667
v -0.57070184 0.08016073 -0.16952710
v 0.09260877 -0.26972827 -0.07395905
v -0.37789318 0.19383465 0.23389380
v -0.28782809 -0.13802947 -0.26640010
v 0.09948908 -0.00188863 0.49577647
v -0.23241098 0.17730226 -0.38313532
v -0.56439853 0.29747248 -0.27220032
v -0.33599430 -0.22937769 0.04666001
v 0.64160198 -0.08562481 0.27389377
v 0.34020653 0.36197704 -0.01515593
v 0.13117173 0.41042164 0.22748189
v -0.43971682 0.03579094 0.23145410
v 0.10362981 -0.16979906 -0.60929602
v 0.22068501 -0.29590088 0.44450095
v -0.59180957 0.11429804 -0.25510728
v 0.11428823 -0.30331305 0.47670740
v 0.29799977 -0.34198263 0.02069624
v -0.31042826 0.25861099 -0.15924332
v -0.17960346 0.17840371 -0.24060179
v -0.07754774 -0.08648805 -0.61145610
v 0.24459025 0.28079590 -0.19000725
v 0.73955268 0.09182554 0.21058060
v 0.54547316 0.24549581 -0.02113719
v 0.01866323 -0.17118852 -0.77293015
v -0.51335013 0.17256334 0.04308813
v -0.12853892 -0.25098911 0.44267878
v 0.46399453 -0.26725346 0.25187868
v -0.42818704 -0.11764624 -0.43066379
v -0.51745272 0.29818049 -0.39500669
v 0.00394497 0.30025634 0.38351464
v -0.37264007 0.00435677 0.46812424
v -0.45437294 0.35862193 -0.38008127
v 0.36831108 -0.09666471 -0.26810980
v -0.31602234 -0.20297493 -0.45877200
v -0.56419361 0.11842537 -0.46204233
v 0.52410579 0.28204897 0.26729897
v -0.37069485 0.30484191 0.07037959
v 0.45072436 0.02597908 0.52809256
v -0.42416242 0.07560207 0.24140550
v -0.33564687 -0.44938946 -0.66375816
v -0.20965731 -0.17182608 0.50488508
v -0.56897026 0.00985436 -0.19256459
v -0.27183875 -0.08230779 -0.46568468
v 0.27001813 -0.34603786 0.00930962
v 0.11812398 0.36904961 0.43838167
v -0.57806069 0.17628957 -0.25698692
v -0.08966427 -0.12573537 -0.70372844
v 0.08732598 -0.23496957 -0.74267209
v -0.18004799 -0.17115425 0.47327009
v 0.50174242 -0.25214297 0.16975278
v -0.48570558 0.04420254 0.16845448
v 0.57017756 -0.09342589 -0.08094840
v -0.33302504 0.32020405 0.03660661
v -0.34194401 -0.06031148 0.28652051
v 0.74196970 -0.04342317 0.27897692
v -0.16227570 -0.00148174 -0.47239277
v -0.01286608 -0.22141035 -0.64111686
v 0.06495538 0.02088577 0.49658903
v 0.34307310 -0.09988355 -0.27724168
v 0.08669310 0.08173330 -0.29005250
v -0.32444239 0.09671786 0.30396050
v 0.43005192 -0.25971556 -0.00574015
v 0.00364019 -0.26521137 -0.09254929
v -0.29784516 0.31330711 0.11012230
v 0.11421146 -0.18266235 0.49057823
v 0.29237348 -0.13570108 0.49598241
v -0.56728357 0.01564971 -0.30699071
v -0.21187763 -0.17203501 -0.22669618
v -0.05145865 -0.19435906 0.39230812
v -0.43693629 -0.12933311 -0.22073340
v -0.02019862 -0.36086142 0.18956904
v -0.26912728 -0.05630731 0.53787673
v -0.43564773 -0.47111139 -0.71663743
v 0.48447707 -0.12738973 -0.17422996
v -0.45344183 0.18182102 -0.51447499
v 0.00365665 -0.38723272 0.15732989
v -0.33187735 0.21814068 0.46464711
v 0.31992802 0.39267248 0.32410789
v 0.35141635 -0.33368284 0.05592307
v 0.53490609 0.23408842 -0.05870866
v 0.55327916 0.25900897 0.24497026
v 0.25053421 0.42733696 0.26631367
v -0.33391809 -0.23267600 0.06571878
v -0.47470894 0.25780234 -0.12826085
v -0.09969935 -0.19501802 0.25518411
v -0.42594665 -0.13672477 -0.26264113
v -0.57299942 0.13385491 -0.31813255
v -0.34987777 -0.26479957 -0.61871457
v -0.01852370 -0.31390065 0.03497477
v 0.56498998 -0.19932985 0.06795797
v 0.27559265 0.01159209 0.53310454
v -0.02502410 0.26464307 0.26988685
v -0.18892676 -0.19999522 -0.18935440
v 0.60613829 0.17569731 0.26789218
v 0.27311602 -0.25873238 -0.05829023
v -0.39887440 -0.33516356 -0.46555838
v 0.30600408 0.27978063 -0.16367687
v 0.17114505 -0.36974540 0.30879301
v -0.43700606 -0.36314732 -0.65839368
v -0.25868857 0.00294374 0.38784912
v -0.06668071 -0.25842139 0.41527238
v -0.53620023 0.32271424 -0.30777347
v 0.75533986 0.08084091 0.22777292
v 0.10276159 -0.01276764 0.49503282
v -0.22338803 0.18538497 0.30271679
v 0.53717315 -0.15019873 0.35060900
v 0.55464184 0.19452645 -0.07815292
v 0.31568432 -0.32048520 0.38606036
v 0.23853904 -0.36556664 0.28403056
v -0.35165268 -0.56607723 -0.64978749
v 0.40004042 -0.01109368 -0.28235129
v -0.23730445 0.22890967 -0.32288933
v 0.08772223 0.30330491 -0.09093691
v 0.12705801 -0.12648061 -0.25918013
v 0.50258338 0.21792960 -0.13837649
v -0.13043764 -0.31168813 0.52628058
v -0.50078565 0.19409260 0.00460530
v 0.47608536 0.23314418 -0.14908162
v 0.42657837 0.35607004 0.22053279
v -0.16954081 0.21780568 -0.18156338
v 0.42024302 -0.23992378 0.43271556
v -0.20833929 -0.20535998 0.19868070
v 0.56430054 -0.17918254 0.24745058
v 0.27060959 -0.25956470 -0.05834709
v -0.17450452 -0.25447404 -0.06510949
v -0.02562847 -0.19284205 -0.72886318
v -0.19585882 0.03031605 -0.48328605
v 0.15977143 0.33986041 0.52708530
v 0.31415644 0.36644050 0.40447018
v 0.29474822 0.41867346 0.27365509
v -0.31100968 -0.22518595 -0.01594059
v -0.48463163 0.20893244 0.06691281
v -0.09559859 -0.09069716 -0.27615193
v -0.32515702 -0.17062205 -0.53990299
v -0.39222714 0.10348465 0.26859879
v -0.40961170 0.32178971 -0.43324593
v 0.14903553 -0.24817809 -0.13910599
v 0.40566337 0.14039896 0.52625901
v -0.52496809 0.34632888 -0.28875229
v 0.57106251 -0.07328092 0.47700179
v 0.19624722 0.10493710 -0.31029806
v -0.38500559 -0.19911459 0.14160138
v 0.60699213 -0.04553783 0.47146338
v -0.54780972 0.09019228 0.03571482
v 0.16108280 -0.31219190 0.44004306
v 0.07673532 -0.39181009 0.26154274
v 0.16659941 -0.05283722 0.49283534
v -0.35545945 -0.16712312 -0.14796592
v 0.25614882 -0.36313474 0.25372219
v 0.55793381 -0.19841199 0.04591841
v 0.70062941 0.01533079 0.42028952
v 0.70260680 0.12470561 0.20619544
v 0.63132977 0.20598327 0.39210302
v 0.47169900 0.23615687 -0.14841668
v 0.57184547 0.23571095 0.25070867
v -0.40789345 0.17090462 0.22603323
v -0.36588746 -0.53205109 -0.55812883
v -0.06554472 -0.16039035 -0.53569144
v -0.05666390 -0.25544575 0.20716208
v -0.01993631 -0.35888681 0.19291051
v 0.71188045 -0.04796853 0.38482460
v 0.54510611 0.10846022 -0.15719290
v -0.48439780 0.02373314 0.17311658
v -0.09243200 0.31276983 0.03889699
v 0.51422769 -0.13795322 0.39033049
v 0.43394843 -0.05103926 -0.25498998
v -0.30857000 -0.16925189 0.23372827
v -0.21506144 0.09389236 -0.41315150
v -0.45768863 0.29613250 -0.12888241
v 0.23366988 -0.16914788 -0.23232995
v -0.55010027 0.12827104 -0.16435224
v 0.41617557 -0.27212384 0.01423288
v 0.34692788 -0.31106502 0.01415215
v -0.16358127 0.28963462 -0.09084602
v 0.11721736 0.28396320 -0.16006604
v -0.30470634 -0.21447825 0.18535776
v 0.03304034 0.36646742 0.40758654
v 0.45014688 0.35717997 0.14568880
v -0.50874156 0.02603101 -0.50479603
v 0.15582164 -0.00944158 0.49447376
v 0.42815879 0.25601709 0.50005490
v 0.43938345 0.29906172 -0.07480063
v -0.33775112 -0.21365818 -0.03694928
v -0.39309487 -0.20839632 0.05826593
v 0.01768755 0.33306599 0.52616286
v 0.03694770 -0.27644092 -0.06243356
v 0.24891105 -0.26441208 -0.06041772
v 0.32030722 -0.34706619 0.09974440
v -0.27703196 -0.07711317 0.41667688
v 0.75882268 0.09232415 0.24414113
v -0.50058311 -0.09507296 -0.30018881
v 0.50118893 0.10248887 -0.21044484
v 0.55568093 0.26077309 0.05265933
v 0.47900003 -0.02251144 -0.22844063
v -0.08495067 0.27089086 0.36290097
v -0.08518409 -0.18999633 -0.60031682
v 0.73488754 0.08098790 0.20278417
v 0.47641817 0.05763279 -0.23605213
v -0.35445014 0.30536029 -0.42676097
v 0.72617936 -0.03345628 0.37358168
v 0.36980471 -0.10997587 -0.25967941
v 0.06136912 0.35204852 0.40287420
v -0.21919604 0.23951276 0.26076528
v -0.58825684 0.10744597 -0.21890973
v 0.34942764 -0.32406297 0.34690872
v 0.17310759 -0.28242427 0.52506042
v -0.52180558 -0.04730675 -0.03104824
v -0.08037021 0.28039101 0.52837741
v 0.26422757 0.30253360 -0.09833176
v 0.56225049 0.25054601 0.10402113
v 0.01998170 -0.14343783 0.49433789
v 0.67387450 -0.07084689 0.40839902
v 0.38810846 -0.20919834 0.51285046
v 0.15976503 -0.38209015 0.03121248
v -0.43816000 -0.12825200 -0.21736863
v -0.19096747 -0.08654067 -0.62839431
v 0.36794540 -0.10895660 -0.26091430
v 0.05077807 -0.19874060 -0.71050829
v -0.11818993 -0.16764277 0.40002248
v -0.18460530 0.31894782 0.10775187
v -0.37706497 -0.14008106 -0.18528625
v -0.20081003 -0.05800144 -0.61513954
v -0.01888331 -0.26292390 -0.08987708
v -0.04176301 -0.21101703 -0.64365041
v 0.04787782 0.05558946 0.49750626
v -0.28634679 0.14539753 0.45449236
v -0.36726287 -0.04910337 0.45440295
v 0.14869948 -0.39774302 0.19139428
v -0.39366025 -0.40649039 -0.54338437
v 0.44762775 -0.29122838 0.21065006
v -0.41864771 0.14271593 -0.53007531
v 0.52737975 -0.16964552 -0.08311789
v -0.49748775 -0.10211038 -0.25819007
v 0.12421238 -0.31934246 -0.72806919
v -0.31644386 -0.08112520 0.53907984
v 0.57177812 -0.11918871 0.34288225
v -0.23001748 0.13326664 -0.47972497
v 0.61874205 -0.09219718 0.09818354
v -0.34062934 -0.47662425 -0.68271947
v -0.37790012 0.34189352 -0.38598204
v -0.50306791 0.30109909 -0.40872744
v -0.37937379 -0.14421670 -0.25266445
v -0.27059674 0.21648970 -0.45201176
v -0.13217579 -0.24689141 -0.09528080
v -0.54596853 0.11054879 0.00780920
v -0.28774118 -0.24020948 0.02779930
v 0.30430427 0.01661226 -0.31791434
v 0.47390291 -0.00520680 -0.23615366
v 0.61042088 0.17378791 0.18917046
v -0.28408012 0.08987352 -0.53022611
v -0.33671644 0.06183839 0.30815533
v -0.22525810 -0.20555618 -0.17489819
v 0.37344405 -0.12624310 -0.24993306
v 0.03106016 0.07084583 -0.27325013
v 0.26068276 0.00212437 -0.31878537
v -0.34109303 0.22728845 -0.50800151
v -0.56260186 0.01037274 -0.31969815
v -0.18994141 -0.10255728 -0.62304032
v 0.61475015 0.14197697 0.01212807
v -0.02165643 -0.26119795 0.39479163
v 0.40622765 -0.09151851 -0.25293636
v -0.43859673 0.24344574 -0.05250036
v 0.11323752 0.15869893 -0.27744821
v 0.68541873 0.05337242 0.43630773
v -0.39227632 0.29074684 0.08015692
v -0.48373574 -0.11881503 -0.02816934
v -0.26438931 0.13558002 0.53414100
v 0.07410631 -0.13741148 -0.56060666
v -0.06651949 -0.19688769 -0.66094655
v 0.42747706 0.36922246 0.10330229
v -0.41492540 0.01760567 -0.53002459
v -0.15856811 -0.24979188 0.53482264
v 0.60601598 -0.08636089 0.44122797
v 0.64934677 -0.06005329 0.43670380
v -0.52682602 0.07179733 -0.13072228
v 0.05803940 -0.31822518 0.47251844
v -0.28661901 -0.05451452 0.30812234
v 0.11442111 -0.32867384 -0.01719352
v -0.27149180 -0.08207656 -0.46709815
v 0.00126021 -0.27504417 0.53720182
v 0.19834852 -0.24311201 -0.15141036
v -0.47513109 0.03928849 0.19534150
v -0.45225984 0.26520079 -0.12168873
v -0.23887473 0.24063295 -0.19253781
v -0.45485014 -0.10755976 -0.18087173
v 0.16998121 0.39619824 -0.01644151
v 0.18576309 0.42290995 0.24595518
v -0.46801311 -0.04373814 0.18992835
v -0.43307692 -0.13660303 -0.11096712
v 0.56599408 0.24127412 0.19877611
v 0.36982852 -0.20640332 -0.16617684
v -0.21839501 0.04706388 0.38022968
v 0.06670520 0.21924148 -0.22313155
v -0.50398880 0.09264517 0.14679900
v -0.26050532 -0.08234587 -0.47500259
v 0.61652094 -0.06740136 0.00340398
v -0.56467944 0.17795156 -0.19988440
v 0.29116952 -0.35160571 0.24859615
v -0.00688757 0.29901654 -0.07584503
v 0.26453224 -0.14069125 0.48922291
v 0.02892258 0.30324584 0.37551123
v -0.54542977 -0.03436712 -0.27423432
v 0.37692669 -0.25694549 0.48040664
v -0.29661673 0.08827814 -0.53185886
v 0.75003338 0.00727645 0.34290820
v 0.66954023 0.11553863 0.20317595
v -0.21072307 0.30416387 0.17774613
v 0.08321012 0.39475349 0.25311533
v 0.31014609 -0.27229044 0.48224658
v -0.21051823 0.33409825 0.47581479
v 0.17090242 -0.39704689 0.15693082
v -0.38276839 -0.47878274 -0.60285169
v 0.48207152 -0.21724814 0.39619270
v 0.06411105 -0.18405020 -0.19871610
v 0.37243739 -0.09248916 0.53003770
v 0.00821965 -0.06103757 0.49615502
v 0.00784948 -0.13365051 -0.53421831
v -0.09423911 0.27786669 0.52887452
v -0.35900372 -0.21374130 -0.60185987
v -0.34242892 -0.22968163 -0.43931919
v 0.00455316 -0.05451271 -0.26048169
v -0.45745817 -0.10487532 -0.39824310
v 0.48724180 0.24349542 0.42319950
v -0.30615368 -0.22873029 -0.04640223
v -0.40047881 -0.36546615 -0.53963423
v 0.41576502 -0.07555519 0.52633226
v 0.53300309 0.28589058 0.15181822
v -0.00927522 -0.03355435 0.49709383
v 0.20456208 -0.34749311 -0.00749449
v 0.62044924 0.10528253 0.46706760
v 0.07033001 -0.34295049 -0.00182152
v 0.44613460 -0.07123918 0.51461434
v -0.31711307 -0.54166228 -0.57365644
v 0.16003795 -0.20325299 -0.19404843
v -0.41792238 0.23538579 0.16157158
v 0.38145849 0.20631291 -0.23777638
v 0.34225714 0.02651826 -0.30951479
v 0.14523284 -0.16852477 0.49016747
v -0.10408691 0.31274131 0.11342160
v 0.10388247 -0.36521748 0.34385657
v 0.10569297 0.25443953 0.48876220
v 0.24021918 -0.33516121 0.38164601
v -0.18094130 0.25133148 0.32293198
v -0.01392271 0.22542438 -0.17807616
v 0.30144790 0.20583142 -0.26961112
v -0.08843159 0.31552646 0.45848519
v -0.43772718 -0.17974570 0.03281887
v 0.20892848 -0.28996056 -0.03780541
v 0.70704186 -0.06810548 0.36792234
v -0.29625028 0.12775201 0.48794386
v -0.37165856 0.17630057 0.24615639
v -0.39587843 -0.13434030 -0.35604590
v 0.19347055 -0.04486126 -0.30605480
v -0.18330599 -0.19256060 0.24535856
v 0.00459631 0.26669568 0.33273321
v 0.20428991 -0.37237495 0.26147199
v -0.34786108 -0.33916596 -0.46596017
v 0.63262957 -0.05820987 0.44699287
v -0.13728032 -0.16443409 0.53537625
v -0.26825342 -0.12456701 0.27787992
v 0.29781464 0.30482188 -0.08800142
v -0.46460858 -0.07646378 -0.45909545
v -0.29926068 -0.03268081 0.30855721
v -0.54161561 0.03544024 -0.05274738
v 0.14213546 0.29799870 -0.14524519
v 0.00121236 -0.16945758 -0.76238960
v 0.53809369 0.00597510 -0.17162243
v 0.21737655 0.10086347 -0.31303456
v 0.55561620 -0.16185530 -0.03037616
v 0.08948547 -0.31816465 -0.01582763
v 0.13271087 -0.11488835 -0.26977664
v 0.27289397 -0.21369179 -0.19905138
v 0.54675400 -0.04025741 0.50039142
v -0.07839417 0.08027255 -0.27815560
v -0.46547189 -0.14510882 0.04113570
v -0.21498413 0.13742252 -0.37587073
v -0.38819349 0.31794855 -0.13787127
v 0.73305047 0.04548312 0.19824173
v 0.06645691 0.42753682 0.07900210
v -0.20733587 0.00624485 -0.56178457
v -0.38517448 0.26747453 0.15286179
v 0.22558025 0.20056047 0.48875850
v -0.31051901 -0.17659916 -0.46865433
v -0.27800363 0.13352844 0.30336335
v 0.54114830 0.01066804 -0.16740100
v 0.04107113 -0.17275189 -0.77286136
v 0.00223595 0.26842913 0.30277228
v 0.21989080 0.23578262 0.48703021
v 0.38847542 0.32849145 0.38612902
v -0.23752546 0.34402668 0.49332622
v -0.54249477 -0.04767566 -0.22485285
v 0.10578769 -0.30804592 -0.75869137
v -0.43686408 0.34545869 -0.15248202
v -0.18955983 0.26784912 0.24214143
v -0.31619301 -0.22216044 -0.02948549
v -0.11021535 0.27897754 0.34743300
v -0.10967300 -0.18216698 -0.20871010
v 0.11411669 0.37664646 0.35107696
v 0.02781204 -0.16797285 -0.73602289
v -0.20436487 -0.21104297 -0.16776076
v 0.42081386 0.35133341 0.24354854
v 0.55718327 -0.15694118 0.31282422
v -0.21238375 -0.16726944 0.53711265
v -0.45206341 -0.06160810 0.19196379
v 0.58859515 0.18139614 -0.01466423
v 0.44000059 0.03637192 -0.26365918
v -0.37693828 -0.15570763 0.20209053
v 0.27933210 0.41876999 0.05039772
v 0.39414638 -0.21111324 -0.12968118
v -0.15074611 -0.00077304 -0.51551050
v -0.32077119 -0.10099968 0.53837925
v -0.17776266 0.01831635 -0.34150964
v -0.19563328 -0.25654513 0.09872092
v 0.15754475 -0.26601073 -0.64969850
v -0.39705497 -0.39381728 -0.55429733
v 0.43289369 -0.06621473 -0.25002453
v -0.50918335 0.29668269 -0.40675685
v -0.28017786 -0.13924506 0.53758860
v -0.18869345 0.19544324 -0.27332944
v -0.54885221 0.05274937 -0.48700678
v -0.29399958 -0.22729038 -0.08185044
v 0.21519712 0.14016820 0.49292773
v -0.31369820 -0.23732893 -0.47725689
v 0.24819759 0.30677661 -0.09757562
v 0.50496340 0.29269785 0.20205010
v 0.26881915 -0.25000182 -0.09777531
v -0.00044937 -0.06894643 -0.56294364
v 0.07262367 -0.27658173 -0.76626199
v -0.14634289 0.28151053 0.29811013
v 0.34952012 -0.34032449 0.23010390
v 0.43270344 0.13790755 0.52349514
v 0.04141751 -0.40666807 0.17178792
v 0.41626450 0.00156951 0.51760781
v -0.43477809 0.15562764 0.20942235
v -0.32559136 0.31125936 0.12125666
v 0.27753747 0.29760051 -0.11585080
v -0.43647307 -0.13019678 -0.49821392
v -0.50591362 -0.06157237 -0.36659339
v -0.31118348 0.29816023 0.46501288
v 0.33939686 0.02628545 -0.31030869
v -0.12037440 -0.20939948 0.42267758
v 0.18301293 -0.33007044 0.41730937
v -0.14335661 -0.01154558 -0.48734871
v 0.58977026 0.20660968 0.05600278
v -0.22044457 -0.10321400 -0.52122462
v 0.20113264 -0.20151767 -0.19757895
v -0.46484017 0.06100791 -0.52534676
v 0.05884502 -0.26937020 -0.07733878
v -0.38862544 -0.50452775 -0.73609447
v 0.16644432 -0.33459556 0.40740129
v -0.54321361 0.30129012 -0.32444096
v -0.56947404 0.14906400 -0.31993520
v 0.29636085 0.00560100 -0.31782386
v 0.39978012 -0.28243604 0.01979994
v -0.08712628 -0.26332971 0.09358847
v -0.38531449 -0.15717617 -0.13499467
v 0.05205970 0.38396627 0.52276599
v 0.17600633 -0.35758543 0.34127021
v -0.11315887 -0.19966288 0.24569599
v -0.31485426 -0.44870403 -0.56155694
v 0.43391141 -0.28713763 0.36045194
v 0.28519669 -0.19895239 -0.21151438
v 0.63200325 -0.04200141 0.05160895
v 0.58550048 0.21504557 0.21450341
v 0.24405116 0.10569233 -0.31433168
v 0.32938468 -0.34839571 0.15290472
v 0.02343186 -0.31084317 0.43103531
v -0.01231230 -0.31273922 0.43633834
v 0.59066623 0.21191876 0.07542371
v 0.39671317 -0.06396264 -0.27242392
v 0.71492660 -0.01063970 0.40220222
v 0.51671362 -0.23495330 0.05400447
v 0.44846100 -0.08929875 -0.22917755
v -0.37134501 -0.53128695 -0.74585390
v 0.38741046 0.07080237 -0.29067734
v 0.25951734 -0.11423815 -0.28058061
v -0.11921092 -0.18137138 0.53271484
v -0.01274564 0.32351351 0.01011567
v 0.11398741 -0.40616003 0.13997082
v -0.14424978 -0.29093850 0.50483549
v -0.32434577 0.14813797 0.49729252
v -0.09864271 -0.15979098 -0.23782071
v 0.26559842 0.10153047 -0.31566304
v -0.12529548 -0.13701534 0.53093535
v 0.63599211 -0.11303948 0.39027828
v -0.37550521 -0.25990817 -0.44209835
v -0.31942543 -0.26434395 -0.58633006
v 0.31612143 -0.07992154 -0.29493305
v 0.48766714 0.31851232 0.10580651
v 0.00327643 -0.21787544 -0.15130307
v -0.20410658 -0.16413645 0.46962553
v 0.38233876 0.19242007 0.52550751
v -0.10829489 -0.24103117 0.13288222
v -0.42780501 -0.11736640 -0.53623068
v -0.47063211 0.33448637 -0.40098262
v -0.51949650 0.15112790 -0.05625984
v 0.62302661 0.05047816 -0.00824583
v 0.19467548 -0.38246846 0.20439179
v -0.05925350 -0.17899045 -0.56007653
v -0.09487341 0.29469907 0.44747561
v -0.55163383 -0.02666730 -0.23058406
v -0.44449723 -0.10209095 -0.47789803
v -0.00100913 -0.28845805 0.00251083
v 0.01799297 -0.17825101 0.49307123
v 0.41105634 -0.28649396 0.38340640
v 0.57385784 0.04294598 -0.12175782
v 0.06794137 0.39032456 0.51706117
v -0.00377220 -0.32673088 0.51661676
v -0.43195587 -0.21457399 -0.58993697
v -0.17210196 0.06657245 -0.33657488
v -0.24139674 -0.14723422 0.46073490
v 0.22191496 0.23266821 -0.24904583
v 0.02756985 -0.17515443 -0.66172600
v -0.31672540 0.14308010 0.52885926
v -0.03520853 0.21026865 0.49789301
v 0.36283532 0.38689741 0.04535408
v -0.42899522 -0.50996721 -0.73522449
v -0.24602829 -0.21406086 0.19594800
v 0.36516252 0.30659774 -0.09864282
v -0.57349968 0.23392308 -0.25801498
v 0.21879670 -0.29957777 0.44175616
v 0.09467592 0.24644139 -0.20768046
v 0.15223607 -0.21115518 0.50681043
v 0.26509416 0.12553191 0.51930946
v -0.05995049 -0.26844776 -0.02611789
v -0.02381612 -0.36795640 0.15811270
v -0.28755954 0.32290402 0.52207512
v 0.07672425 -0.22068581 -0.79317647
v 0.37606463 0.38345459 0.09222941
v -0.16124915 0.29837301 -0.06211899
v 0.58810723 -0.11462466 0.28021997
v -0.44392106 -0.10568433 -0.47789171
v 0.28987080 -0.08388221 -0.29737091
v -0.43036276 0.21154530 0.17358154
v 0.26167089 0.15504801 0.49295607
v 0.36510727 -0.24807794 -0.07624949
v -0.31565517 -0.49843511 -0.65791357
v -0.20597120 0.25340539 0.24849671
v -0.14426556 -0.26864228 0.48399594
v -0.43484604 -0.12876342 0.17924091
v -0.14200185 -0.02750540 -0.61333936
v 0.59916908 0.21477473 0.36235327
v 0.37434983 -0.32515892 0.16040710
v -0.14128883 0.28460243 0.41850609
v -0.56539983 0.00563269 -0.29287109
v 0.13650274 -0.20336998 -0.19315775
v -0.37947857 -0.05403538 0.26832375
v -0.23566099 -0.12231719 0.40849933
v 0.28082746 0.41758928 0.30051979
v 0.46056947 -0.19409889 0.42838505
v -0.21601248 0.14303948 -0.37425110
v -0.58538985 0.09683336 -0.28845036
v 0.36354369 0.37872365 0.28104767
v 0.55530870 0.25911304 0.07466137
v -0.28665295 0.14512783 -0.52551633
v 0.40434888 -0.30917680 0.10536724
v -0.41294050 0.28425989 0.04131420
v -0.31273669 -0.36934137 -0.60576123
v -0.39469898 -0.00395632 -0.52987218
v -0.20342544 0.28599557 -0.07806553
v -0.41538817 -0.33279234 -0.48880044
v -0.30993563 -0.19839109 -0.13818392
v -0.42806116 0.33179525 -0.42119071
v 0.56611562 0.20646866 0.34673423
v 0.28247276 0.29637966 -0.11853448
v -0.09661750 -0.18204066 -0.63213581
v -0.44762486 -0.33650208 -0.63209671
v -0.36238390 -0.54771394 -0.65445924
v -0.01330217 0.14134346 0.50083369
v -0.47152928 0.24762593 -0.12587535
v 0.21186458 -0.37964815 0.19667922
v -0.05927987 -0.05970401 -0.27088618
v 0.66903073 -0.05383354 0.42631394
v -0.27720013 -0.11547274 0.28278857
v -0.34695673 0.31831408 0.05522570
v 0.36882636 -0.29647374 0.39699647
v -0.36642417 -0.32763946 -0.65277410
v 0.18819614 0.30204716 -0.14208326
v -0.46915710 0.26543710 -0.46593884
v -0.02814169 -0.24197026 0.39134285
v 0.52076530 0.26613909 0.33493212
v -0.21485908 0.16131777 -0.36215749
v -0.41740090 0.27250397 -0.01492415
v -0.25445411 0.02192650 0.33343792
v -0.05842718 0.29210326 0.20546365
v -0.14037739 -0.21955122 -0.14540832
v 0.29372719 -0.25443286 -0.06074699
v -0.33022469 -0.27790216 -0.46090007
v 0.04905722 -0.37328300 0.28266680
v -0.25221899 0.17407860 0.41824856
v -0.13902710 0.25789908 -0.13759314
v -0.06660889 -0.32756627 0.53755337
v 0.32576829 0.13030954 0.52870876
v 0.45889899 -0.05141224 -0.23515674
v -0.00172900 -0.09303981 -0.58215874
v 0.34642306 -0.04066872 0.52753973
v -0.11036600 0.27609050 0.36545733
v -0.02630947 0.18145709 -0.21582460
v -0.07699528 0.31945392 0.02081649
v 0.22837831 -0.31440124 0.42755291
v 0.04024849 0.31996167 -0.04370472
v -0.43520239 0.28399250 -0.46633008
v 0.55458093 0.26240370 0.05261512
v 0.53211522 0.08496483 -0.17801377
v 0.27060983 0.35834301 0.42593816
v -0.06672227 0.27051538 0.52882063
v -0.08141509 0.27052349 0.35588315
v 0.03969688 -0.16294208 -0.21905294
v 0.34372932 0.21047498 -0.25703034
v 0.32910293 0.32446596 0.45630488
v -0.37172925 0.11586981 0.27757260
v -0.32964143 -0.52186245 -0.54613078
v -0.39329699 -0.13498570 -0.35611099
v -0.01495669 -0.35615930 0.20754308
v -0.25060466 -0.18836887 -0.19287810
v -0.13934234 -0.25577906 -0.03874512
v -0.29523709 -0.02285166 0.41545352
v 0.00617077 -0.10084917 0.49568191
v -0.39231375 -0.47170544 -0.62790060
v -0.40366843 0.16112472 0.23300283
v 0.08456494 -0.41082758 0.09937267
v -0.35990876 0.33144170 -0.37131348
v 0.25709409 0.23221570 -0.24558380
v -0.52576226 -0.08074962 -0.23931390
v -0.23567595 0.32338005 0.03500023
v 0.48334801 0.31878421 0.05855875
v -0.33001822 -0.30189240 -0.61348337
v 0.27800655 0.42607564 0.17414601
v 0.63559353 -0.03656491 0.14900194
v -0.22689261 0.32918110 0.08103772
v 0.05312487 -0.15039852 -0.60808063
v 0.58771396 0.03143880 -0.09953785
v 0.55241781 0.26510361 0.16812633
v -0.45845869 -0.08881149 -0.44158265
v 0.56076258 0.11368921 0.49181178
v 0.54753399 -0.07839774 -0.13376041
v 0.09829625 0.39824018 0.27186567
v -0.41871455 -0.48455155 -0.72945762
v 0.30023530 0.17726499 -0.28924289
v 0.64727849 0.03169537 0.18433492
v 0.08198573 0.31219101 -0.07222880
v 0.41665676 -0.30309382 0.13047028
v -0.24855754 0.26593071 -0.26908326
v 0.51273286 0.30440784 0.03961860
v -0.37109226 -0.11323726 0.23540854
v 0.59623730 -0.08770283 0.44718948
v -0.19486088 0.21398252 -0.18914892
v -0.29366806 -0.16522439 0.24047095
v -0.36693066 -0.15583426 -0.15822579
v -0.43589145 -0.12923242 -0.51847464
v -0.20202199 -0.11152581 -0.51097494
v -0.34197953 0.31688318 -0.32719165
v -0.08186623 0.22198784 -0.17188247
v -0.55932921 0.06219504 -0.45228565
v -0.38055226 -0.08402538 0.51891214
v 0.16991511 -0.28702980 0.51527464
v -0.34621680 -0.16074617 -0.16901182
v -0.28714669 0.11022031 0.49210563
v 0.40853745 0.09276245 -0.27872393
v -0.34213391 -0.39882445 -0.65438837
v -0.20141412 0.31510416 -0.02520745
v 0.07556724 -0.14249666 -0.23466274
v 0.22902900 -0.32446826 -0.01809184
v -0.13311130 -0.15849824 -0.56120157
v 0.63824815 -0.10169473 0.29711875
v -0.13157451 -0.26410666 -0.00876007
v -0.33193892 -0.45368871 -0.52707756
v 0.59435141 0.21631956 0.38231844
v -0.15335596 -0.01249010 -0.53913230
v -0.19034354 -0.16534109 -0.24030031
v 0.39368501 -0.24124701 -0.07831766
v -0.27324188 0.25510228 -0.32914513
v -0.13048068 0.00412544 -0.29690549
v -0.14317974 -0.02947797 -0.46285757
v 0.13091719 -0.25444785 -0.12072790
v -0.40190703 -0.36509880 -0.47316426
v 0.00890628 -0.13588198 -0.23106575
v 0.42641905 -0.22589782 0.43753675
v -0.22154097 -0.23211408 0.16249880
v -0.49566188 -0.04361439 0.14650896
v -0.02904022 -0.11493331 -0.51634234
v -0.46077874 0.23615387 -0.00891607
v 0.40553892 0.29395634 -0.10085995
v 0.12616794 -0.27936968 -0.74886107
v -0.54139090 0.00666787 0.00056646
v 0.38665187 -0.30447066 0.37062818
v 0.51857823 -0.23246883 0.17248957
v 0.27660087 0.41325188 0.03597347
v -0.47496188 -0.09167209 0.14916040
v -0.17845841 0.25399357 0.34405294
v -0.27969542 0.16618377 -0.52058089
v -0.48599598 0.20733167 0.03827558
v 0.43412936 0.04487072 0.51641744
v 0.04802224 -0.35200095 0.00840379
v -0.32576653 0.28045970 -0.34466574
v 0.03431183 -0.33974251 0.00784184
v -0.45995066 0.32259560 -0.13867792
v 0.14302954 0.36844543 0.51227796
v -0.34565225 0.00866976 0.44568929
v 0.03454275 0.31287277 0.30621231
v -0.29487568 0.09814293 0.31195617
v -0.26384485 0.28402480 -0.09923684
v 0.05167145 -0.18137673 0.49248898
v 0.61663461 -0.07084095 0.22407955
v 0.11869673 0.24820141 0.48828292
v -0.23055489 -0.13347955 0.43042731
v -0.25812346 0.22089063 0.26595756
v -0.11779252 -0.31792101 0.52179688
v -0.57393086 0.05865068 -0.31504762
v 0.15056175 -0.08555400 -0.28709465
v -0.51063174 0.08772250 -0.51170808
v 0.10641630 -0.25338903 -0.74166459
v -0.24166776 0.31495807 0.14357066
v -0.05696276 -0.20418911 -0.64206076
v 0.36356804 -0.33527330 0.23409548
v -0.40429053 -0.17845026 0.15196492
v -0.05806358 0.11086228 0.53403944
v 0.23078018 -0.33723810 0.36631030
v -0.35247943 -0.22724508 -0.43505135
v -0.39922553 -0.14208159 -0.25916716
v 0.35961142 -0.33154288 0.08036071
v -0.00186632 -0.15569139 -0.21789740
v -0.33963659 0.29510400 0.14333040
v -0.03328241 -0.26118544 0.27311757
v -0.05538407 0.16348317 0.52910626
v -0.31694391 -0.47797430 -0.64823878
v 0.18278374 0.23650341 0.48823756
v 0.73918778 -0.04775129 0.28898278
v -0.51501036 0.26071066 -0.13871959
v 0.10304651 -0.19966471 0.49225527
v -0.08611377 -0.25355446 -0.06657428
v -0.56252682 0.23638186 -0.29926863
v -0.17414899 -0.03321380 -0.31818950
v -0.32144648 -0.30098602 -0.60161918
v -0.36870599 -0.25893107 -0.44042519
v -0.47734073 0.29469162 -0.43582231
v 0.05589103 -0.18971266 -0.77555829
v 0.30428720 0.41541383 0.27671990
v -0.23488083 0.11724149 0.43988803
v 0.11166683 -0.40392008 0.15673546
v 0.37934861 0.39401314 0.12138974
v -0.10423347 -0.12707780 -0.69505864
v 0.20436850 0.17882808 0.49149185
v -0.37067613 0.37936908 -0.17802693
v -0.08960266 -0.15133651 -0.69954711
v -0.35825288 -0.20543188 -0.03497457
v 0.42051879 -0.11984053 0.49794319
v -0.37209234 -0.50810981 -0.72986609
v -0.09142795 -0.13140382 -0.50480807
v 0.13022891 0.37248269 0.49582613
v -0.15963478 0.13122147 -0.27379215
v 0.40186518 0.16065148 0.52511156
v -0.24484906 -0.25584832 0.11206720
v 0.00357760 -0.11325862 -0.52803928
v -0.37354821 -0.24334642 -0.62258714
v -0.10504055 0.29463062 0.27715230
v 0.22759534 -0.19604890 0.49990419
v 0.06092747 -0.23388006 -0.15056454
v 0.74147469 0.04649403 0.20387703
v 0.22436045 -0.36853525 0.24629457
v 0.62671596 -0.11589631 0.32692558
v 0.67713624 0.17442121 0.25239223
v 0.18696269 -0.37573215 0.26136500
v -0.08964988 -0.32224128 0.48400301
v 0.33048752 0.27676368 -0.13883609
v 0.44431937 -0.02109202 -0.25446582
v 0.20291814 0.34928200 0.42615551
v -0.54774702 0.04743450 -0.37723824
v 0.43960923 0.34992766 0.20605433
v -0.04222427 -0.26684204 -0.03948524
v -0.35931939 -0.54580390 -0.59873670
v -0.19375890 0.00455729 -0.42897639
v -0.10680281 0.29698342 0.23369186
v -0.56583005 0.10436293 -0.45554632
v 0.08287033 -0.14424168 -0.56491482
v -0.26526847 0.34056893 0.48246178
v -0.52131379 0.09655421 -0.09584928
v 0.43881515 0.33259848 -0.02005393
v -0.41235071 0.39897314 -0.24274459
v -0.23202981 0.16192481 0.30680874
v 0.60242724 0.19953060 0.42406997
v -0.55409080 0.16381347 -0.45292810
v -0.51494014 -0.04929069 -0.37694249
v -0.08931497 -0.05676955 -0.63977039
v -0.30849868 -0.21344227 -0.53168094
v -0.04557842 -0.02981048 -0.27136636
v 0.56963146 -0.17691109 0.22486836
v -0.30486414 -0.37896469 -0.58211112
v 0.16744919 0.09075450 -0.30816817
v -0.09056367 0.26289099 0.52919084
v -0.42397627 -0.39927477 -0.68128198
v -0.57538223 0.02496422 -0.20643625
v 0.75564802 -0.00591784 0.25467324
v -0.38059470 -0.02948985 0.47415751
v -0.57631016 0.29077810 -0.22129303
v -0.35081765 0.10645764 0.29110613
v 0.55684060 0.19351678 0.44261059
v 0.41356689 -0.26645121 -0.00530035
v 0.72624785 -0.06464443 0.30341777
v 0.15369126 0.13099554 -0.29943767
v -0.31927097 -0.39203253 -0.62305766
v 0.28319749 -0.25616154 -0.06441438
v -0.34278572 0.26655722 -0.47689453
v -0.37398803 0.13311459 -0.53508526
v 0.48878437 0.22232525 -0.15284872
v -0.43811071 -0.14032023 0.15335628
v -0.47806638 -0.11831430 -0.05491092
v -0.36389697 -0.16776043 -0.13607429
v 0.20150708 -0.20013076 -0.19894698
v -0.00056658 -0.27444723 -0.05476632
v 0.31799361 0.41538820 0.06672574
v 0.23236634 0.18545140 -0.28532568
v -0.30442551 -0.34207708 -0.53784907
v -0.25402367 0.27578026 -0.24482892
v -0.26185524 -0.12337765 0.53893840
v 0.47490713 0.31450430 0.28591964
v 0.04967569 0.35704055 0.25474629
v -0.44769150 0.26853997 -0.47370285
v 0.03652899 -0.11114132 -0.24839126
v -0.17563014 -0.20377934 0.53575027
v 0.45322934 -0.27071634 0.04815683
v -0.03308186 -0.22579299 0.33205947
v 0.42805663 -0.19873787 0.45367783
v -0.30340084 0.08621539 0.48541105
v 0.48030671 -0.03932483 0.51954699
v -0.07107268 0.12758102 -0.25957936
v 0.04594713 0.30365285 -0.09227142
v 0.24556285 0.09398901 0.52224797
v 0.29080048 0.42119336 0.05996327
v 0.07088222 -0.28439751 -0.02755532
v -0.22000414 0.13833472 0.38949987
v 0.38552308 0.05890534 -0.29190078
v -0.31576073 -0.13580029 -0.42512926
v 0.31542435 -0.15207373 0.51642936
v 0.42110056 -0.22314829 0.45676059
v -0.42113203 -0.21130177 -0.46703908
v 0.04472520 0.30263597 -0.09409861
v -0.31339973 -0.05486170 0.53855652
v 0.41602784 0.14961107 -0.26098126
v -0.40957117 0.28341699 0.00155046
v 0.23407713 -0.27481112 0.52520025
v -0.15332155 -0.25981843 0.06335850
v -0.10032022 -0.08459781 -0.47945657
v -0.03030637 -0.35420480 0.10698128
v -0.47675681 0.36386746 -0.23256347
v -0.19258551 0.25891075 0.52850360
v -0.46221766 -0.12056813 -0.08745914
v 0.00789276 -0.23579247 -0.67833990
v 0.39719263 0.15260889 0.52578217
v -0.41195017 -0.28369504 -0.63997877
v 0.58951706 -0.08593261 -0.05866613
v -0.21889549 0.13881259 0.36908951
v -0.12022053 0.28738502 0.42187303
v -0.15711276 -0.10299236 -0.47076392
v -0.39172152 -0.42514792 -0.56519014
v 0.37863189 0.26094842 -0.16529427
v 0.63035840 -0.05317604 0.06189743
v -0.27721533 -0.24942276 0.03782127
v -0.37831056 -0.49599996 -0.52193969
v 0.64411753 0.13196461 0.21834837
v -0.49008599 0.10429019 0.15844095
v -0.46860251 -0.05171662 -0.49253899
v -0.35311192 -0.53220510 -0.73436165
v -0.03644715 -0.26348379 0.25874555
v -0.45408806 -0.16206603 0.01377640
v 0.26836693 0.38381264 0.39882401
v -0.38288936 -0.15540354 -0.58145171
v 0.03380900 0.41345447 0.08903106
v -0.10154262 -0.04552179 -0.28786111
v -0.27635044 0.32288677 0.00219901
v -0.39302048 -0.46942335 -0.62709361
v 0.11054645 -0.20629790 -0.64352018
v -0.25686404 0.00587773 -0.54771960
v -0.12532093 0.06503911 -0.28720343
v 0.10503703 -0.33272660 0.40983114
v -0.17876706 -0.11091879 -0.28149056
v -0.03033067 -0.28127229 0.01190924
v -0.17954054 0.17836800 -0.24100971
v 0.55737281 -0.06677455 -0.12629166
v -0.38824078 -0.20880134 -0.43306255
v 0.55026942 0.00289604 -0.15426637
v -0.50085753 0.17272763 -0.49967808
v 0.02733382 0.16848662 0.49647304
v -0.45075759 -0.11763834 -0.31617841
v 0.75161093 0.04622536 0.35248157
v 0.53472704 0.28561538 0.11126187
v -0.54412740 0.04506014 0.05640828
v -0.28998408 -0.12560351 -0.35979581
v 0.39389640 0.39268795 0.16046570
v -0.21916498 -0.07954916 -0.59766436
v 0.25808156 0.42470673 0.17610915
v 0.31013742 -0.16643596 0.51313287
v 0.62963241 0.06040907 0.02810422
v -0.55875129 0.22216362 -0.31192985
v -0.57594025 0.13872905 -0.19554952
v 0.59581405 0.19121079 0.29806694
v 0.22618772 -0.26426959 -0.07994211
v 0.41540402 -0.27517983 0.01949641
v 0.69029522 0.19003862 0.31858659
v -0.31564775 0.25749484 -0.39053711
v -0.24330300 0.27741218 0.41067657
v 0.06180022 -0.21508154 0.49529317
v -0.03038737 -0.31090358 0.23192543
v -0.05034057 -0.31971347 0.10784526
v 0.26385310 -0.36319038 0.06945980
v 0.18697311 -0.32094511 0.43131605
v 0.40264243 0.35175106 0.03475722
v -0.57700878 0.02479658 -0.22062469
v 0.50758916 0.23460104 -0.10565037
v -0.04199257 -0.33639014 0.52258778
v 0.10743581 0.31450409 -0.05741698
v 0.45020208 0.35448289 0.10545722
v 0.58910871 -0.11565810 0.41322106
v -0.51359493 0.17373890 -0.02219025
v 0.08930453 -0.12915394 0.49252036
v 0.01670835 -0.32801703 0.01135266
v -0.01926636 0.36786991 0.43201357
v -0.30971351 -0.21632998 -0.48881936
v 0.30949855 -0.21866219 -0.18049386
v 0.41175058 -0.07744480 0.52648628
v 0.62633568 0.10095530 0.03364774
v -0.20083039 0.11490343 -0.36702672
v 0.26498485 -0.35336733 0.02371532
v -0.42839739 -0.21766822 -0.48998874
v -0.18814208 0.25581235 0.52827567
v -0.15179084 0.30196941 0.44150507
v 0.57210028 0.00111930 -0.12415563
v 0.64451700 -0.07308400 0.43079904
v -0.45589674 0.23133926 -0.49289623
v -0.26382312 -0.06966915 0.32112929
v -0.48081100 -0.09164066 -0.18358788
v -0.04411749 -0.28611559 0.04842632
v 0.37382990 0.23818570 -0.21088468
v -0.13449557 0.31450573 0.50849551
v -0.35686725 -0.08944967 0.47679412
v -0.57141787 0.07950216 -0.17040846
v 0.57227451 0.08917600 -0.11961540
v 0.12287787 0.31367868 -0.06591967
v -0.20954931 0.32883018 0.05979236
v 0.70144337 0.13722581 0.39363664
v 0.29211098 0.33672231 -0.05553458
v 0.51036394 0.07964396 -0.20342173
v 0.09739759 0.09443619 0.49644917
v -0.18993269 -0.06761501 -0.31377554
v -0.47641486 0.26477799 -0.46208221
v -0.05575882 -0.16371207 0.49347073
v -0.33383781 0.32265726 0.06571058
v -0.37069136 -0.45671123 -0.49111488
v 0.17005454 -0.36517346 0.00672428
v -0.33939457 0.04113699 0.30759865
v 0.29793215 0.09455663 0.53028798
v 0.57032669 0.20217539 -0.03253420
v -0.16117151 -0.25326851 0.09897674
v 0.39937460 -0.26397347 0.43431175
v 0.46372467 0.17198704 -0.21860573
v 0.15193932 0.07609895 0.49561304
v 0.54983532 0.03976350 -0.15580711
v -0.11295564 -0.04768647 0.53714001
v -0.16267000 0.26603928 0.37412173
v -0.33999202 -0.21155164 -0.06607310
v 0.27616122 -0.25746673 0.52905649
v 0.61125571 0.17261977 0.13879959
v -0.32683593 0.17827976 0.52873766
v 0.51455832 -0.17520867 0.36051971
v 0.11324449 0.09672868 -0.29525334
v -0.33337978 0.28936857 -0.38341960
v -0.49434274 0.15141287 -0.50894278
v -0.50758845 0.30353481 -0.40145230
v -0.33847103 0.09880559 -0.53516978
v -0.10156485 -0.17664364 -0.57300746
v 0.25526109 -0.36034727 0.03492905
v -0.19988972 0.03816714 -0.41451019
v -0.46231240 0.31874064 -0.42340776
v -0.11289625 -0.06244125 -0.28756180
v -0.00409459 -0.31488493 0.01998871
v 0.22038221 -0.25520164 -0.12131442
v 0.49015632 0.32118577 0.13189638
v -0.48222867 0.23785104 -0.47691515
v 0.26811513 -0.27607229 0.51648319
v 0.43900177 -0.25147209 0.40551928
v -0.33517969 0.08191358 0.30435076
v -0.26230574 -0.08306237 -0.46386930
v 0.04631317 -0.15785600 0.49299273
v 0.49315938 0.05818213 0.52448261
v -0.36917546 -0.54169899 -0.66649574
v 0.61858958 0.15520826 0.18611166
v 0.42496392 0.28775471 0.41350922
v -0.55232555 0.20411995 -0.33255753
v 0.14330217 -0.26717848 0.53515869
v 0.74293464 0.12199101 0.23746561
v -0.34520283 -0.56492740 -0.56973559
v -0.26064655 -0.11486894 -0.33818296
v -0.27518320 -0.14483462 0.47923648
v 0.05853333 -0.19639014 -0.76700175
v -0.36406398 0.04425940 0.51182628
v -0.33968350 0.12418780 -0.53520846
v -0.25263947 0.00534290 0.34252423
v 0.36383861 0.31628343 0.50564557
v -0.00662627 -0.13562050 -0.52985758
v 0.28355426 0.42520794 0.06615682
v 0.09604979 0.38287047 0.50484598
v -0.49932352 0.17601781 -0.13939461
v -0.24386193 -0.26140875 0.02790537
v 0.10749791 -0.40407795 0.15737732
v -0.26723528 -0.06355239 0.39040357
v 0.61280519 -0.11127806 0.09701773
v 0.26113716 -0.33214295 0.36571452
v -0.20726478 -0.26202533 -0.01952656
v -0.24444155 -0.22150996 -0.13992052
v 0.56256855 0.24945500 0.08470003
v -0.47968367 -0.12184458 0.08387871
v -0.35620725 0.29337192 -0.44881424
v -0.18655945 0.29489711 0.19179848
v 0.00998754 0.27690282 0.31255421
v 0.41836289 -0.21599215 0.46495724
v -0.37195039 -0.14952117 -0.16434047
v -0.21076864 0.05730546 -0.43194297
v -0.30027562 0.13335541 0.49064243
v 0.01206816 -0.20425075 -0.76033610
v -0.02190247 -0.14453942 -0.74542785
v -0.52451420 -0.06381733 -0.30524790
v 0.01333187 -0.27719802 -0.04303589
v -0.39969447 -0.27636692 -0.45894668
v 0.30554768 -0.14196968 0.50716811
v -0.43885893 -0.43095931 -0.64495337
v -0.32449633 0.18687432 -0.52202487
v 0.26157719 -0.26525396 0.52820498
v 0.03411478 -0.25050071 -0.70647198
v 0.69987315 0.02086326 0.42215320
v -0.10190557 0.14303218 -0.25651178
v 0.10717582 -0.06145069 0.49456701
v -0.31915152 -0.09279678 -0.49440846
v -0.09281989 -0.10392743 -0.27105322
v 0.68117321 0.07972884 0.43700582
v 0.45273820 0.32484010 0.28191069
v -0.35163084 0.01363141 0.45366654
v 0.14455736 0.35248736 0.42634651
v -0.04313780 -0.13037908 -0.51674366
v 0.10199692 0.42611346 0.15194267
v 0.00193091 -0.18967888 -0.57321864
v -0.29508394 0.25800157 -0.34104484
v 0.47587320 -0.26821330 0.22413741
v 0.35520202 -0.25883740 0.50167388
v -0.27792737 0.00437261 0.53731042
v -0.31588364 -0.01738397 0.30730546
v 0.10301070 -0.23379408 0.52741885
v -0.05290771 -0.08354674 -0.50520706
v 0.13153306 -0.13740939 0.49118432
v -0.29793367 0.18423162 -0.51949149
v 0.59515208 0.09230702 -0.06858834
v 0.28752172 -0.07013932 0.53037697
v 0.32988644 0.34978053 -0.04989196
v 0.06483147 -0.14469425 0.49306729
v -0.27680504 0.08427091 0.46397257
v 0.14114645 -0.40399319 0.10534665
v 0.54201633 0.12603952 -0.15771784
v -0.08017642 0.06002882 -0.28296769
v -0.02560869 -0.21393442 -0.62828249
v -0.35458443 -0.05145782 0.53757215
v 0.35615230 -0.32926813 0.27672759
v 0.08256920 -0.27702773 -0.78755492
v -0.16926041 -0.16544127 0.44863185
v -0.44007188 -0.11401156 -0.17908539
v -0.32005173 -0.53761357 -0.56633568
v 0.55336171 0.25042704 0.29035407
v 0.40858263 -0.20081721 -0.14633521
v -0.46526167 -0.11612336 -0.25741073
v -0.34159753 0.06800969 0.51634645
v -0.19574213 0.21415481 -0.18946147
v -0.29853114 -0.58255750 -0.66114980
v 0.45666096 0.34501353 0.06093031
v -0.44521359 -0.12503716 0.16997184
v -0.27061611 0.29080418 -0.08776923
v -0.19247222 -0.07999220 -0.62679189
v -0.39715299 0.33972430 -0.40532780
v -0.51193005 0.31908533 -0.15251473
v 0.29214257 -0.36679778 0.15502112
v -0.20131159 -0.03088555 -0.39928833
v -0.11652481 -0.04283087 0.53709662
v 0.09081890 0.38234398 0.51703507
v 0.21634170 0.42462385 0.04217714
v 0.54239565 -0.12880720 0.36815214
v -0.50729656 0.36293787 -0.31707752
v -0.33832923 -0.19764206 -0.09425611
v 0.06015771 -0.07116725 0.49543449
v 0.11489556 0.40049338 0.29833704
v 0.29774860 -0.10796086 0.52067220
v 0.20033927 0.24600659 -0.23850723
v -0.54496670 0.03420359 -0.00660884
v 0.28993869 0.37878066 0.40009046
v -0.05538429 -0.12174889 -0.50953001
v -0.15807106 0.27959272 0.25444183
v 0.44657081 -0.17806984 -0.14767295
v -0.08557704 0.30380216 0.14267114
v -0.01670206 0.20938861 0.49569440
v -0.04560757 -0.22844431 0.27722141
v -0.41924578 -0.37737009 -0.67374396
v 0.05946836 0.24225722 -0.19707018
v 0.53798407 -0.06687443 -0.15507409
v 0.26090416 0.12731200 0.51485890
v -0.33823732 0.24933887 0.21273388
v 0.42896178 0.36298922 0.19183922
v -0.25685027 0.19404283 -0.50001180
v -0.00589025 -0.19176818 -0.57529563
v -0.25950044 0.21463543 0.40931326
v 0.23566559 0.13043791 0.49425921
v -0.54698235 0.06533133 0.00444092
v -0.38231117 0.26402515 -0.48588863
v -0.53146511 -0.02859049 -0.02398324
v -0.14365128 0.28709167 0.42288309
v -0.28789201 0.06988980 0.53582263
v -0.34575504 -0.13668777 -0.39152756
v -0.41422573 -0.24683392 -0.46904597
v 0.46262923 -0.23401138 0.40427700
v -0.30781764 -0.01576872 0.42067948
v -0.14294264 0.17288885 0.53452712
v 0.07600647 0.23737271 -0.20974839
v -0.28561807 0.32478240 0.52149945
v -0.50208563 -0.10855296 0.02784052
v 0.39488763 -0.25742447 -0.06037213
v -0.44608679 -0.43847898 -0.68980330
v -0.57377821 0.02265316 -0.19419238
v -0.25693023 0.14356047 0.53418529
v -0.24884602 0.22058918 0.26829651
v 0.07371385 -0.08127338 -0.26652384
v -0.35003218 -0.54595613 -0.74239779
v 0.48792031 0.00274491 -0.22491612
v 0.30715433 0.41393778 0.23614855
v 0.55815268 0.05157941 -0.14403370
v 0.13033120 -0.25543344 -0.69679213
v 0.36432505 0.32749701 0.40583956
v -0.22950681 -0.12509598 0.36093965
v 0.40217388 -0.26852554 -0.01290837
v 0.14440686 0.27842668 -0.18163915
v 0.39614624 -0.31381750 0.16630293
v 0.59500033 0.20470847 0.14703310
v -0.07977503 0.11971571 0.52368373
v -0.46258995 -0.13447326 -0.05147840
v 0.14222053 -0.22188282 0.52152342
v 0.13680987 0.22352749 -0.24608532
v -0.44848555 -0.31413713 -0.61464745
v 0.47704408 0.20764017 -0.18002385
v -0.57418597 0.01902089 -0.26889870
v 0.57650983 0.20867206 0.35371277
v -0.51573253 0.10552895 0.10882262
v -0.40175322 0.02514591 0.27005565
v 0.35953024 -0.11485042 0.53012246
v 0.19325589 0.05019674 -0.31417575
v -0.35100535 0.26980999 -0.47718337
v -0.36951622 0.31291184 -0.43057281
v 0.48760441 0.02186142 0.52661943
v 0.65255105 -0.03486620 0.21540950
v -0.06214373 -0.09763979 -0.60724801
v 0.55785847 -0.18672259 0.03048044
v -0.00197422 -0.13424940 -0.61526906
v 0.36795759 -0.21957843 -0.13986717
v 0.32357261 0.41175157 0.21998364
v -0.49830654 -0.10230863 -0.28284967
v -0.08608606 -0.06215816 -0.66606349
v -0.20518407 -0.22515063 0.17066707
v 0.52533269 -0.13275859 -0.12906465
v -0.36735386 -0.21407190 -0.60657942
v -0.42941803 0.27095711 -0.47647047
v 0.23881376 -0.34424764 -0.00246603
v 0.42609641 0.34678480 0.29739442
v 0.47650668 0.05235490 -0.23626444
v -0.29204777 -0.03986031 -0.52823669
v -0.15977508 -0.25939000 -0.01319122
v 0.24030083 0.25288114 -0.22781093
v -0.26035166 0.27669454 -0.22901042
v -0.30831069 -0.25731024 -0.50120646
v -0.30780992 0.30840054 -0.27185500
v 0.24719520 0.16052537 0.49101806
v 0.33995062 -0.32022506 0.36698633
v 0.30881006 -0.35089821 0.06415743
v 0.73205417 0.06173811 0.19733964
v 0.56001329 0.08867817 0.49825266
v -0.47335491 -0.03240398 0.18868826
v -0.34489939 0.23118776 0.49303395
v -0.55939507 -0.01405217 -0.25344861
v -0.03559712 -0.10217552 -0.24775240
v -0.34528580 -0.14595844 -0.29553762
v 0.28283346 -0.28527796 -0.02655659
v -0.13559651 0.30248967 0.12886988
v 0.54564321 -0.06227816 0.49227738
v 0.30895048 0.28333884 -0.13722888
v 0.70062995 0.04562833 0.18737462
v -0.26925641 0.32155746 0.06044669
v 0.59695393 -0.10922544 -0.00493526
v 0.46519884 -0.19495085 0.42518911
v 0.24822713 -0.18247780 0.49312100
v 0.10453584 -0.25906077 -0.77392632
v -0.04197178 -0.32394671 0.08924700
v 0.07062652 -0.27841049 -0.04558337
v -0.05209377 -0.33857417 0.52183288
v -0.42403984 0.22090647 0.17267245
v -0.25577149 -0.22159468 -0.13259521
v -0.35593000 -0.17853893 -0.11941276
v -0.24039927 0.31452817 -0.00362723
v -0.14214855 0.30954781 0.46709251
v 0.04215538 0.32349226 0.32344708
v -0.37049970 0.35802951 -0.32105529
v -0.51216567 0.11073577 0.11731189
v -0.07126735 -0.25463149 -0.07202269
v -0.27773380 0.31434968 0.10695938
v 0.57696378 -0.02727784 -0.11252639
v -0.20505852 0.09092143 0.40320426
v -0.33742920 -0.45881286 -0.51748526
v -0.46618950 -0.08261726 -0.43343997
v 0.45908365 0.15217578 -0.23361930
v -0.12225033 -0.19953623 0.25007892
v 0.26415995 0.32037067 0.52507651
v -0.30420864 -0.32137150 -0.53334188
v -0.58763689 0.08556846 -0.27150169
v -0.14646815 0.19136128 0.53049958
v -0.44539890 -0.23042870 -0.55605215
v -0.00406278 0.33954260 0.04468744
v 0.12230682 0.15500218 -0.28223693
v -0.03528739 0.29349372 0.14210969
v 0.02260272 0.33566377 0.21416850
v 0.72980881 -0.04127279 0.35059398
v -0.38253310 -0.47503981 -0.53433067
v 0.22963732 0.31987378 -0.05677214
v -0.42818132 -0.39980388 -0.67941910
v -0.54751289 0.08344088 -0.49406669
v 0.03469571 0.33749914 0.39352348
v 0.15844189 0.23738489 -0.23955801
v 0.32013839 -0.28344443 0.45222598
v 0.03010484 -0.12355758 -0.59363961
v -0.36752996 0.15475944 -0.53194582
v -0.01026834 0.10341364 0.50047183
v 0.02101607 0.19815455 -0.21798870
v -0.55733204 0.07977096 -0.36037201
v -0.20945692 0.22732291 -0.24203849
v -0.19549572 -0.03500957 -0.36030641
v 0.73967642 -0.04574337 0.27549702
v 0.22970001 -0.20251177 0.51154780
v -0.00032085 -0.14022732 -0.62209654
v 0.14665669 0.08112658 0.49551868
v 0.11146168 -0.27119935 -0.07762621
v 0.53961223 -0.14260581 -0.09894004
v 0.49574360 0.24353889 0.40743959
v 0.14889792 0.04589394 -0.30729890
v 0.24163285 0.43446493 0.10011525
v -0.23078211 0.13606276 -0.45709935
v 0.09163196 -0.18902072 -0.57934749
v -0.28590053 -0.13205212 -0.29837048
v -0.08708790 0.03500771 -0.28706551
v -0.22870201 -0.21952952 0.18270536
v -0.29465687 0.11628276 0.30613393
v -0.28585267 0.07369390 0.32089436
v 0.60076272 0.21509433 0.36295024
v 0.16673885 0.18956715 -0.27626997
v -0.27330929 -0.15668307 -0.21959656
v 0.57803452 0.05613185 0.49574345
v -0.02964751 0.19756475 0.49824601
v 0.57558888 0.20764491 -0.01253336
v 0.50470549 0.30630454 0.09467124
v -0.39191794 -0.55700034 -0.73222327
v 0.43783703 -0.22061126 0.42970857
v -0.36405021 -0.00470392 0.45092210
v 0.03916492 -0.40612620 0.12893215
v 0.16423532 0.38060921 0.38705182
v -0.03893614 -0.20615758 0.49363738
v 0.46634501 0.03052596 0.52899700
v -0.04213044 -0.09484224 -0.58981532
v -0.36716819 -0.00075747 0.45704946
v 0.09393734 -0.26185459 -0.65458888
v -0.38314804 0.25828871 -0.10938977
v 0.57658893 0.21082851 0.29340833
v -0.22024256 0.33849484 0.51182485
v 0.12750807 -0.05196188 -0.29183444
v 0.50470418 -0.12483700 0.42563990
v -0.14711839 0.28492740 0.41885924
v -0.07323105 -0.31195652 0.44795188
v 0.31072068 -0.27212802 0.48518604
v 0.45450187 0.10458431 -0.24975234
v 0.45542240 -0.28026611 0.22830175
v -0.09034351 -0.05657997 -0.65496403
v 0.07494310 -0.17280044 -0.20947328
v 0.35737300 0.35459080 0.37434214
v 0.26763877 -0.06508784 0.52246565
v -0.15288593 -0.27669671 0.53272945
v -0.01746811 0.09172232 -0.26023701
v 0.29622206 -0.27515760 0.48510459
v 0.25969565 -0.36314175 0.25838289
v -0.52265137 -0.06500188 -0.30783084
v 0.21874668 -0.36890930 0.24523000
v 0.05837747 -0.16000843 -0.55898046
v 0.29380974 -0.04153097 -0.31102744
v 0.28447345 -0.00912902 0.52703553
v -0.32860252 0.21372220 0.45851663
v -0.30159676 0.25429577 -0.41811886
v 0.02779177 -0.15786585 -0.62767547
v -0.41241637 -0.27636957 -0.52140772
v -0.17878757 -0.20440751 0.21084368
v -0.40067723 -0.17412405 -0.42742658
v -0.02428143 0.13145640 -0.24099433
v -0.30649504 -0.53684151 -0.66472697
v 0.19220050 0.43311819 0.11576061
v 0.14471593 0.42935863 0.06308037
v 0.24208955 0.37457916 -0.03342014
v -0.36196569 0.16340989 -0.53030384
v 0.39230609 0.34291115 -0.02883926
v -0.40841547 -0.33238778 -0.66152471
v -0.01868785 0.29012471 0.17954598
v -0.12371505 -0.02756565 -0.48850605
v 0.19874868 0.38208616 0.39453307
v -0.22901803 -0.13826469 0.43802077
v -0.56022626 0.28651217 -0.17505923
v -0.05201227 -0.16085689 0.35891336
v -0.57406235 0.04285994 -0.18260227
v 0.47730088 -0.10551280 -0.19841005
v -0.24853541 0.10879305 0.53640085
v -0.33066726 -0.60118151 -0.70908552
v 0.69864178 0.01241776 0.42118984
v -0.35889569 0.04761091 0.52365196
v -0.30653018 0.17792757 0.27616683
v 0.02121580 -0.30509043 0.39725322
v -0.21099439 0.30254531 0.42958999
v 0.43876129 0.32404298 -0.03618477
v 0.36926395 0.06178394 -0.29776084
v 0.74260014 0.10238893 0.36220962
v 0.21237247 0.31615224 -0.06845728
v -0.36367649 -0.54018819 -0.63950998
v -0.16444214 -0.00751846 -0.57280821
v 0.37795907 0.39683560 0.12846172
v 0.30466551 -0.34899709 0.26037797
v -0.50416684 0.13890629 0.10461961
v -0.33673513 -0.08996642 -0.51389664
v -0.03099901 0.17635511 -0.21874307
v -0.54362088 0.18228754 -0.45363104
v -0.49987030 0.06923135 0.15475762
v -0.11139549 -0.16619393 -0.55684018
v 0.26437750 0.37514699 -0.02695793
v -0.35530254 0.29864067 -0.14562756
v 0.42342463 -0.30864549 0.23971306
v -0.28081936 -0.08188161 0.30144683
v 0.16460478 0.31469843 0.52777666
v -0.54465079 0.09331284 -0.03577359
v -0.25287721 0.32874057 0.52309126
v -0.34136653 0.19172850 0.25539136
v 0.09036414 -0.40195084 0.23079991
v 0.73485559 -0.05196701 0.31680152
v 0.37541991 0.37973684 0.06359877
v 0.23946258 -0.27895314 0.51792383
v 0.17866534 0.12012291 0.49455470
v -0.35753447 0.32812095 -0.37234402
v 0.24407159 -0.29202861 -0.03113877
v -0.40830699 -0.03776644 -0.52699029
v -0.06387197 0.28044060 -0.08613181
v 0.23531309 0.42714542 0.26734883
v 0.04885807 0.33314297 0.33483642
v 0.00667680 -0.38116205 0.20290019
v 0.06230361 -0.23753379 -0.63558739
v -0.06662006 -0.16146478 0.34160599
v -0.56370950 0.02183232 -0.32542959
v -0.43800071 0.21133094 0.16192517
v 0.67724133 -0.04125242 0.21928298
v -0.26023969 0.20077372 0.53091693
v -0.19825308 0.03203009 -0.49014312
v 0.20216581 -0.15375337 -0.25206432
v -0.40216312 -0.17811875 -0.43050542
v 0.06662754 0.11836704 -0.27384487
v -0.47738716 0.07580040 0.18177651
v 0.25412509 0.12849776 0.50861096
v -0.52552861 0.02096359 -0.09315882
v -0.23616734 0.13061166 0.53587669
v 0.05302656 0.17926075 0.49472314
v 0.01592753 -0.39355361 0.18243146
v -0.50915438 -0.03977043 -0.09342110
v -0.43658632 -0.25844845 -0.60572398
v -0.40678075 -0.38001677 -0.48143685
v -0.17573696 0.17220367 -0.25948638
v 0.11763610 -0.30466381 0.44633302
v -0.14223748 -0.17638053 0.30888525
v 0.44331947 -0.24877663 -0.03309780
v 0.46675965 0.09879752 0.52339792
v 0.75010514 -0.01432581 0.24289505
v 0.39509833 -0.31398213 0.10283057
v -0.14877750 0.08732804 -0.29148197
v -0.01155839 -0.15580153 -0.54041833
v -0.33749852 0.37008044 -0.21094626
v 0.10688049 0.37986678 0.50821632
v -0.07584026 0.23568194 -0.15471475
v 0.42396155 0.11739749 -0.26819521
v -0.46612272 0.07786966 0.20496361
v -0.39769208 -0.39166752 -0.47443074
v 0.31781968 -0.11165084 -0.27880868
v 0.72911084 0.06170074 0.19574249
v 0.35210150 -0.33839041 0.14191711
v 0.60710806 -0.08990104 0.00356237
v 0.06351972 0.34582976 0.35913643
v -0.14239289 -0.16897391 -0.23814543
v -0.43705678 -0.07534757 0.20554431
v 0.20254731 0.25038311 0.48602453
v -0.55610484 0.15275429 -0.40421793
v -0.42965978 -0.12345259 -0.18806168
v -0.00201537 -0.29822442 0.53792048
v -0.28409633 -0.24534187 0.11114545
v -0.31732443 -0.16901225 -0.43825129
v 0.11124553 -0.35029644 0.37504944
v 0.36524531 0.38512942 0.26463887
v 0.74533951 0.10784222 0.35130185
v 0.03416684 -0.12363175 -0.54152316
v -0.15018712 0.30189338 0.52509791
v 0.01666641 -0.16841164 -0.66195226
v -0.22619902 0.16808872 0.31008276
v -0.52085942 -0.05927528 -0.19005655
v -0.11542592 -0.06792837 -0.47121119
v 0.74856126 0.02145946 0.35447028
v 0.52289009 -0.21879700 0.27800047
v -0.48514241 0.36249074 -0.34969071
v -0.38712376 0.21186833 0.21641661
v 0.76124042 -0.00350199 0.28150579
v -0.23700280 0.02065689 -0.54167730
v 0.45476508 -0.17412400 0.43877944
v -0.00077993 0.28366593 -0.10636218
v 0.01357571 0.38488087 0.07649177
v 0.00598099 0.19093484 -0.21690942
v 0.31269214 -0.35975716 0.18002965
v 0.25930613 -0.19017987 0.50399011
v -0.12900838 -0.20065740 -0.18340577
v -0.09096565 -0.22256483 -0.15260366
v -0.25438392 -0.26011014 0.03624731
v -0.36940902 -0.14549530 -0.22204830
v 0.76732254 0.06103335 0.27887467
v 0.14065942 -0.32311708 -0.70846957
v 0.27595931 0.03851234 0.53345156
v 0.27575156 -0.09995276 0.50244170
v -0.02247559 -0.29290727 0.41737321
v 0.38192293 -0.31312823 0.29963216
v -0.29298067 0.10183663 -0.53153163
v -0.06512775 0.27755043 -0.08954860
v 0.40575522 -0.14856242 0.50565380
v 0.51668596 -0.21941428 0.29992190
v 0.05231045 0.39747176 0.44946444
v -0.18513037 -0.22698516 -0.13422094
v 0.36828661 0.38987932 0.22573654
v -0.10221124 0.30738238 0.48618570
v -0.01768970 -0.19323981 -0.57836884
v 0.09306918 -0.19796324 -0.64307302
v -0.25219384 -0.10219838 0.32126698
v 0.46804795 -0.19113399 0.42437920
v 0.53144419 -0.01280281 -0.17973311
v 0.54870486 -0.02738169 0.50307912
v -0.01652978 -0.18433017 -0.19583626
v 0.68763465 0.17057198 0.24900426
v -0.26059967 -0.24391750 0.13898788
v -0.03392943 0.10739926 0.52856177
v -0.03680461 -0.25964603 0.40413189
v -0.51890290 0.09937993 -0.10051723
v 0.22613980 0.39046061 -0.02416701
v -0.54518622 0.06913681 -0.49420714
v 0.19936995 0.38723913 -0.02582002
v 0.60958433 -0.12136673 0.05800302
v 0.46425712 -0.13668989 -0.18036230
v 0.74440271 0.03744753 0.36999223
v -0.58576846 0.15139961 -0.23629509
v -0.53590578 0.09239510 -0.06918394
v 0.35749292 -0.25511172 0.50611007
v -0.41965789 -0.28722847 -0.49667323
v -0.23845682 -0.11665037 -0.28129455
v -0.36834878 0.30332747 0.08940388
v 0.56930596 -0.02741535 -0.12447616
v -0.51719141 -0.05713397 0.03778439
v 0.37210262 0.40231025 0.15506236
v -0.34428969 -0.27370387 -0.45008624
v 0.16023317 0.24259141 -0.23424187
v 0.12327779 -0.19833571 -0.59213132
v -0.37489179 0.38818374 -0.18973109
v -0.16337126 -0.25988472 0.00921930
v 0.38361022 0.03687197 -0.29318267
v -0.43444446 -0.09171471 -0.51740521
v -0.08833312 0.27244130 0.35997429
v 0.10207684 -0.25181365 -0.63433975
v -0.31820831 0.30454680 0.49980572
v 0.04847325 0.01215227 -0.28078580
v 0.26394391 -0.12248880 -0.27632284
v 0.03937899 0.36355969 0.40634844
v -0.18665737 -0.15135279 0.36548626
v -0.42924961 -0.18776004 0.04694442
v 0.34889051 0.32364985 0.46674234
v -0.36677182 0.09746484 0.28809974
v 0.41918722 0.35859463 0.22738586
v 0.71619058 0.10916018 0.39858529
v 0.24319074 0.25856686 -0.22077788
v -0.12497238 -0.02641807 -0.48820788
v 0.07525741 -0.40606809 0.20248596
v 0.37892252 -0.32448882 0.13793153
v -0.25405508 -0.13309222 0.44727939
v 0.11532039 -0.40400466 0.15153047
v 0.31119430 0.36198264 0.41216192
v -0.23963037 0.24095382 -0.30706108
v -0.38523149 0.30548230 -0.44758755
v 0.13925046 -0.40278122 0.07484380
v 0.37429804 0.22515644 -0.22566679
v -0.19134401 -0.12618439 0.53754872
v 0.19269086 0.35317451 0.47887728
v 0.08358500 0.41363060 0.19240552
v 0.27413189 0.40647408 0.01452245
v -0.55815136 0.19118202 -0.18368547
v -0.18084806 -0.16311981 0.45120874
v 0.34738001 0.13837624 0.52837402
v 0.31179452 -0.07893825 -0.29631090
v 0.21415383 0.28567481 -0.18329152
v -0.42867276 -0.18608837 -0.57853931
v -0.48545644 0.06567816 -0.52029687
v 0.67279536 -0.09207465 0.38598192
v 0.46856543 -0.27940980 0.19112341
v 0.28325030 -0.18546359 -0.22765306
v -0.27488154 -0.09916338 0.53887945
v -0.46908528 -0.08259089 -0.41924432
v 0.25456947 -0.11376571 -0.28025723
v -0.25783283 -0.08288605 0.38088748
v -0.32181269 -0.26691040 -0.59098792
v -0.06880400 -0.25326991 0.17076163
v 0.04946813 -0.15745734 -0.61693680
v 0.15740071 -0.19456096 -0.20801573
v 0.53599012 0.25105032 0.33206293
v 0.50384641 0.30305290 0.01952921
v -0.21589293 -0.16993670 -0.22761780
v -0.03609763 -0.15352492 -0.21789384
v -0.08951662 -0.07208391 -0.58717471
v -0.32305363 -0.23477674 0.07324836
v -0.02206031 -0.17389400 -0.20438528
v -0.46230447 0.30724180 -0.43492496
v -0.50633138 -0.07070587 -0.05485983
v 0.42271063 0.28130108 -0.10378405
v -0.54813486 0.14568065 -0.36001268
v -0.36698946 0.30135038 0.09799297
v 0.10226762 -0.37302774 0.32820040
v 0.20147838 0.17201439 -0.29270223
v -0.14216785 -0.29054511 0.53327709
v 0.71551847 0.09080577 0.19417579
v -0.02491797 0.09094624 -0.26168144
v -0.05185657 -0.29920661 0.53745329
v -0.03088292 -0.12418357 -0.51782149
v 0.02487010 0.36062959 0.02283570
v 0.50818044 0.15156649 0.49293968
v -0.29720810 -0.22982679 -0.02397786
v -0.48447567 0.04695556 -0.51833266
v 0.62975371 0.12950487 0.11786932
v 0.25252873 -0.27579075 0.52091700
v -0.15440175 -0.16096166 0.41751918
v 0.60038108 -0.01207898 -0.07338390
v 0.02263724 -0.39181545 0.20424168
v 0.34210050 0.39010915 0.27518484
v 0.47143826 -0.14668351 0.43350598
v -0.27168420 0.09551203 0.46955222
v 0.36771134 0.25970316 -0.17124435
v 0.04899257 0.32490662 -0.02195922
v -0.58952731 0.10989925 -0.22511968
v 0.62164611 -0.11040951 0.41017097
v 0.65442032 -0.09778633 0.40041661
v -0.34810114 -0.18723717 -0.42530140
v 0.15119490 -0.04815366 -0.29774693
v 0.16936705 0.10973247 -0.30672631
v 0.01502662 0.30980310 -0.06697287
v 0.08981572 -0.20808554 0.49360147
v 0.26991051 0.42306191 0.15702066
v 0.71130288 -0.05230126 0.23568647
v 0.18153980 0.17984726 -0.28599969
v -0.03619129 -0.29187685 0.23527782
v 0.55905420 0.06392466 0.50307178
v -0.54707563 0.09757984 0.03626705
v -0.52023381 0.07100136 0.12255482
v -0.22500512 0.17917034 0.39002061
v -0.12065499 0.29619864 0.44366732
v -0.26256874 0.03150038 0.42126471
v -0.47474977 0.21639885 -0.03254338
v -0.21380958 -0.03391826 -0.59724724
v 0.30394927 0.42392865 0.17041567
v 0.58163357 0.06381784 0.49374509
v 0.70806044 0.17888975 0.30184275
v 0.61340898 -0.08572309 0.27591270
v -0.32571393 -0.24935322 -0.58805346
v 0.16768187 0.14745386 -0.29787228
v 0.13847175 0.29131338 -0.15646595
v -0.11842307 -0.25130340 0.43274766
v 0.49965656 -0.06948709 -0.19839562
v -0.31605715 -0.20966639 -0.10098351
v 0.43211436 -0.29752392 0.15121023
v -0.50717223 0.20566505 -0.48162782
v -0.37150684 0.30009982 0.09323034
v 0.34497261 -0.26769197 -0.03885796
v -0.06631490 0.27744189 0.30328360
v -0.08458220 -0.12631908 -0.70688748
v -0.21209098 0.05556218 -0.45060176
v -0.01767649 0.26105309 0.28247952
v 0.40332648 -0.26079851 0.42374679
v 0.02957774 -0.28346083 0.53728324
v -0.35709485 -0.33603704 -0.64993685
v -0.01352650 -0.28267878 0.40776768
v 0.56038910 0.14246963 0.48188901
v -0.39286613 -0.04431411 0.50066173
v -0.21355779 0.11855742 0.36308289
v -0.09267747 0.31549400 0.07656252
v -0.35489154 0.26496628 -0.13356358
v -0.05951029 0.26729643 0.39021158
v -0.30489108 0.13998996 -0.52987510
v 0.41385832 -0.23641926 0.46089599
v -0.32545605 -0.03474399 0.42673817
v -0.04526330 0.11901194 0.53225827
v 0.42994839 0.36602747 0.16624272
v 0.44043022 -0.21383734 -0.09107420
v 0.19902334 0.15262377 -0.30041283
v -0.17898987 0.26965299 0.24827537
v -0.10566188 -0.13696699 -0.69305450
v 0.23781414 -0.35943130 0.01773710
v -0.42510581 0.27451876 0.06504206
v 0.17146651 0.31658405 -0.09439105
v -0.08806975 0.22305296 -0.17151429
v -0.51904678 -0.05689679 0.00143517
v -0.35475987 0.05491268 0.51048797
v 0.38112006 0.33932021 0.37607563
v -0.27639699 0.31380624 0.11874664
v -0.07290886 -0.32163042 0.53643245
v 0.49381372 -0.21201816 -0.03308047
v -0.57012326 0.15612553 -0.31622201
v -0.35919100 -0.19593114 -0.59329432
v -0.41544294 -0.28839159 -0.50600666
v -0.36201286 0.39189398 -0.23428240
v -0.24697156 -0.10237863 0.38050815
v -0.27447411 -0.23813488 0.14411551
v 0.12647602 -0.40349582 0.17275479
v 0.13304113 -0.27939701 -0.04426070
v 0.30616537 -0.04621865 -0.30904615
v -0.54833633 0.21818775 -0.38653290
v -0.26881072 -0.10522597 -0.39792606
v 0.54375231 0.21550936 -0.06881870
v -0.45055845 0.36872783 -0.18482044
v -0.37419602 0.32987329 -0.40639031
v -0.24903156 0.18208210 -0.46235701
v -0.49000216 -0.04045228 -0.47054878
v 0.32263348 -0.05413679 -0.30381948
v -0.17153916 -0.07048447 -0.44394439
v -0.26835445 0.22036047 -0.37148455
v 0.49463853 0.24467956 0.40759179
v -0.08416557 -0.27870628 0.53755826
v -0.49879596 -0.04369269 -0.12617645
v -0.39203280 0.09497402 0.27261901
v -0.14748177 0.06880801 -0.29627627
v -0.27988347 0.24794172 -0.15681580
v 0.41972107 0.10133499 0.52323413
v 0.12497741 -0.40661460 0.12636915
v -0.41276053 0.28428960 0.03008416
v -0.35013756 -0.48934165 -0.50775623
v -0.33351749 0.25050196 0.46681029
v -0.44605333 0.24492010 0.10932004
v -0.00071265 0.35578933 0.06340728
v 0.06349554 0.30101693 -0.10158870
v -0.33931544 -0.13193470 0.53181803
v -0.28090462 0.23850942 -0.45400521
v 0.46300191 -0.28216600 0.16688010
v -0.49167052 0.20485897 0.00112188
v -0.37720132 0.28245568 0.13305725
v 0.06696980 0.36677825 0.28599688
v -0.27655348 0.30967492 0.43746015
v 0.69278669 -0.09183235 0.35463014
v -0.32238767 -0.15483576 -0.52292973
v -0.50273478 0.23092924 -0.46895415
v 0.42224580 -0.29994798 0.35128158
v -0.23929705 -0.08701411 -0.37076911
v 0.13614559 -0.27303523 -0.07954089
v -0.10680167 0.29756409 0.21568918
v -0.16812684 0.00739044 -0.32512870
v 0.00347753 0.05505285 0.49997622
v -0.05307401 -0.26215369 0.21164899
v -0.14405245 0.29885742 0.52543509
v -0.36248344 -0.47732872 -0.50016516
v -0.32252124 -0.33827093 -0.48843136
v -0.54979897 0.14432947 -0.47529584
v -0.31475097 -0.06146169 0.43008155
v 0.08704507 -0.37001923 0.32859945
v -0.34117019 0.32873657 -0.30997935
v -0.47274664 0.35631138 -0.19419163
v 0.38360342 -0.03700349 -0.28652009
v -0.40915826 0.25865948 -0.06960753
v 0.29804641 -0.24358025 -0.11762868
v -0.15911952 -0.25684741 -0.03224624
v -0.34649721 -0.57448345 -0.60635245
v -0.39459309 -0.41853380 -0.57246816
v 0.75274897 0.10722495 0.32535091
v 0.47388262 -0.23882686 0.38690737
v 0.13734332 -0.17706268 0.49026716
v -0.07577573 -0.08417623 -0.62534845
v 0.41585252 -0.08400792 -0.25185329
v -0.07723396 -0.32863936 0.49561879
v -0.40408832 -0.12914015 -0.17278613
v 0.20152812 0.11304432 0.49421361
v -0.09820747 -0.26056147 -0.03822900
v -0.34558493 0.24825698 0.50092810
v 0.34822088 -0.13762285 -0.25099152
v 0.33392540 0.19014844 -0.27529085
v 0.17680284 0.38973922 -0.02314850
v 0.06232649 -0.40925461 0.16510767
v -0.04763787 -0.21599279 -0.16288137
v 0.43642291 0.05405376 -0.26592293
v -0.50343579 -0.02339192 -0.46336100
v -0.42288953 -0.08047777 -0.52899629
v -0.14901124 -0.04914955 -0.45221940
v -0.18438533 -0.17141588 0.30896872
v -0.42682049 -0.16223627 -0.06187408
v 0.56550574 -0.18655288 0.13291880
v -0.20352232 -0.03893525 -0.40113401
v 0.15011708 0.32204890 0.52703077
v 0.69105780 0.01995853 0.42967290
v -0.02434815 -0.25066558 0.33316791
v -0.11307327 -0.01862469 0.53678960
v -0.43633509 0.25938478 -0.11804534
v 0.57261020 -0.19142836 0.10056135
v 0.45817846 0.27253047 -0.09152485
v -0.33880737 0.03167114 -0.53162724
v 0.02066622 0.31347764 -0.06177638
v -0.34501484 -0.17698897 -0.56842333
v 0.13922074 0.43702012 0.10754967
v -0.49905443 0.17763768 -0.06346034
v -0.12977698 -0.14581250 -0.25863543
v -0.04368749 0.32060349 -0.01886067
v 0.58083123 0.16057961 -0.06585468
v -0.33708045 -0.32633591 -0.46862376
v 0.22860715 0.24436705 -0.23894182
v 0.34227777 -0.31013530 0.39235246
v 0.19089791 -0.25371596 -0.13981594
v -0.10774827 -0.32578665 0.52800602
v -0.53844267 0.22002241 -0.42847297
v 0.60818183 -0.10096160 0.30303350
v -0.04130041 -0.16273983 -0.21214288
v 0.61957943 -0.06526731 0.21982962
v -0.01435255 -0.13671535 -0.62869543
v 0.43607867 0.28362498 0.42822197
v 0.73135656 -0.05026644 0.33093634
v 0.34481645 0.27541557 0.52742910
v -0.33793750 -0.13742524 -0.40147626
v -0.01508977 -0.34168574 0.04765284
v 0.21167010 -0.20354982 0.50915980
v -0.36764050 -0.21926799 -0.60914558
v 0.43041202 0.34210876 0.31196019
v 0.64652675 0.09075358 0.19589393
v -0.31896439 -0.12472322 0.53680545
v 0.08308131 0.09964830 -0.28628817
v 0.56398338 0.14288466 0.48045689
v -0.43693140 -0.20404257 -0.52121687
v 0.22234133 -0.07480044 -0.30057690
v -0.11852500 0.27732676 0.36078265
v -0.41952410 0.39729324 -0.23473611
v -0.56650376 0.08663752 -0.33392408
v 0.26896158 0.34045154 -0.04403302
v -0.37801978 0.38363147 -0.18049037
v -0.46823576 0.20196652 -0.08657593
v -0.31361675 -0.16438068 -0.50650102
v -0.26013589 0.03295156 0.32968855
v 0.49172583 -0.22848752 0.32133973
v -0.08907958 -0.20102584 0.40939748
v 0.18003830 -0.32111722 0.43147460
v 0.07599467 -0.40756318 0.08826157
v -0.31807944 -0.36835453 -0.50983685
v -0.02638311 0.31117913 0.39828402
v 0.38501433 0.27416420 -0.13564301
v -0.07849625 -0.27626100 0.02105549
v 0.32718131 -0.27685389 0.46504569
v 0.10199902 0.12737939 0.49576896
v 0.52377748 0.29789537 0.12590966
v 0.34796831 -0.02637576 -0.30335158
v -0.38547659 -0.45145145 -0.55864078
v 0.57251465 0.20739965 0.31574073
v 0.29890603 0.42473099 0.18778370
v -0.27832422 0.28770021 0.19339590
v 0.04811666 0.23562472 -0.19798186
v 0.29333439 0.09886996 0.53148705
v -0.40582848 0.08888750 0.26080784
v -0.00150332 0.26160657 0.31808758
v -0.14962405 -0.22866419 0.46477458
v 0.08490282 -0.02996576 -0.28519508
v -0.09355084 0.31415048 0.10890377
v -0.38027844 -0.16604599 -0.41788578
v 0.47978607 0.25184074 -0.12177112
v 0.09938715 0.42785731 0.06326926
v -0.24765071 0.20949808 -0.36220345
v 0.36027706 0.22230317 0.52712262
v -0.47807989 0.21791229 0.06998443
v 0.47093821 0.02489272 -0.24112020
v 0.14612290 0.40658507 0.31575823
v -0.41869035 -0.26139405 -0.50487024
v -0.07217804 -0.26050401 0.13990748
v 0.64070982 0.00788691 0.14314632
v -0.23051314 -0.26023650 -0.01311864
v 0.46778762 -0.20974568 -0.08156724
v 0.22618741 0.28743392 -0.18149135
v 0.28184450 0.13278154 -0.30914965
v 0.48770124 0.02894993 -0.22695611
v 0.57669652 -0.16823237 0.13608247
v 0.14031635 -0.03176329 0.49395877
v -0.44434491 -0.45007873 -0.69812381
v -0.43274936 -0.14590341 -0.54293191
v 0.26741847 -0.18732269 -0.22246088
v -0.34959018 0.30749497 -0.41206267
v -0.20290698 -0.20494500 0.19882625
v -0.37313426 0.03218397 -0.53319454
v -0.38880557 0.24950022 -0.49502182
v -0.38780123 0.17668751 -0.52606827
v -0.15060453 -0.01657993 -0.46617699
v 0.28585792 -0.24967584 -0.09703894
v 0.42748591 -0.22238295 0.43956739
v -0.38404128 0.35878554 -0.35346910
v -0.12759955 -0.19019906 0.42045736
v 0.14503485 -0.26008266 -0.68052649
v -0.16681683 -0.23032555 -0.12102986
v -0.38598099 -0.48148507 -0.62043983
v -0.36940324 -0.52294594 -0.54595977
v -0.28396556 0.27369988 0.52958864
v 0.55575055 0.24872187 0.28618667
v 0.26685309 0.08320748 -0.31847459
v 0.15931159 -0.29250717 -0.03608746
v -0.33732411 0.28847042 -0.15477344
v 0.48722878 -0.14097209 -0.16082776
v 0.74958915 0.10275748 0.34161720
v -0.50187457 0.27070796 -0.13506398
v -0.21227935 -0.24952661 0.12627430
v -0.22996488 0.05238229 0.41357833
v 0.54319561 0.05415408 -0.16438712
v -0.31045467 -0.52648693 -0.59541458
v 0.36840135 -0.29711217 0.39626062
v -0.04589472 -0.17445251 0.34284887
v -0.55801052 0.16908035 -0.41067079
v 0.53429765 -0.01135504 -0.17606758
v 0.28420365 0.33055973 0.46354699
v 0.43286714 -0.30170101 0.21960460
v -0.09525319 -0.19412181 0.40985823
v -0.21245325 0.21631634 0.28803217
v -0.54917836 0.04698854 -0.36674678
v -0.30401617 -0.14188914 0.50425637
v -0.20784339 0.27776495 0.20733385
v 0.71570122 0.10843844 0.39954576
v -0.46447203 0.00035342 -0.51599705
v 0.52933276 -0.11774796 0.43548802
v -0.36477399 0.13525990 -0.53460699
v -0.16150069 -0.09335643 -0.65330356
v -0.45664766 -0.10815170 -0.11993617
v 0.43026236 0.36455372 0.17327532
v -0.00709243 0.40094858 0.51130772
v -0.22339872 0.26247191 0.22897296
v 0.05251656 -0.40910870 0.15713495
v -0.46170786 0.23555367 0.02502281
v 0.43302941 -0.04587650 -0.25721535
v 0.56060535 0.02089727 0.50608510
v -0.35567915 -0.14568710 -0.27656925
v 0.09704299 0.37382174 0.52194005
v 0.03106774 -0.33664703 0.00764728
v 0.61854351 -0.12427867 0.35703692
v 0.55901140 -0.08917705 -0.10715132
v 0.56344277 0.20982404 0.33650929
v -0.30575883 0.25560564 -0.41226259
v 0.04301832 0.12047201 -0.26243889
v -0.17528854 -0.24263042 -0.09352239
v 0.51495284 -0.13922107 -0.13666235
v -0.55636019 0.26387113 -0.31271076
v -0.27010673 -0.08708875 0.53903806
v 0.55802047 0.12557653 0.48914903
v -0.44268966 0.05901261 -0.53024697
v -0.46699908 0.01512483 -0.51837826
v -0.37545675 0.38465312 -0.27944696
v 0.33778742 0.39965853 0.25308964
v 0.03837653 -0.24352258 -0.65991580
v -0.29980570 0.32290009 0.00753991
v 0.15743338 0.13995053 0.49395451
v 0.08293083 0.27132249 -0.16507284
v -0.08777047 -0.07434030 -0.27867597
v 0.24182034 -0.35758716 0.30861500
v 0.20264795 -0.24664779 0.53337127
v -0.11649705 -0.09571752 -0.47498226
v 0.21669006 0.42726442 0.27029824
v 0.14309517 -0.32229912 -0.02307171
v -0.38263428 -0.46069941 -0.55308235
v 0.12249617 0.29995891 -0.13346417
v 0.09682172 0.20472202 -0.24522556
v -0.24381810 -0.25882161 0.00702234
v 0.46131754 -0.28302059 0.16543639
v 0.36355478 0.17665364 -0.27435216
v -0.55316287 0.18949559 -0.33495957
v -0.12600735 -0.14395593 -0.52178746
v -0.22363630 -0.13258846 0.35220265
v 0.38041988 -0.14486663 -0.23227546
v 0.30411774 -0.35552675 0.10533310
v -0.31493527 -0.23139253 -0.56093872
v -0.29068419 0.31684256 0.09049471
v -0.21890399 0.24947973 0.24966320
v 0.20826796 -0.16916069 0.48851523
v 0.46200642 0.22985996 -0.16366567
v 0.26976103 -0.36987665 0.14290296
v -0.18977098 -0.23929815 0.13943829
v 0.13082692 -0.08788602 0.49244842
v 0.07496770 0.17366748 -0.25228733
v 0.41082972 -0.09052122 -0.25059447
v -0.42873228 -0.51913100 -0.71277809
v -0.15562874 0.30852789 0.45053527
v 0.36966079 0.31773236 -0.08656559
v -0.00754622 -0.13373108 -0.70838439
v -0.21877490 0.32379720 0.10193318
v -0.53158796 0.16804449 -0.16226314
v -0.27244747 0.14597665 0.44553319
v -0.43018848 -0.14745504 -0.54991251
v 0.56763685 -0.17901433 0.22508900
v -0.36561894 -0.21867402 0.06632166
v -0.50612664 0.15941083 -0.50162709
v -0.01467427 0.05853685 -0.26694864
v -0.29558840 0.17337231 -0.52190465
v -0.26358178 -0.05658311 0.36556861
v -0.27191040 0.12269179 -0.52530807
v -0.44112110 -0.16737078 0.10077329
v 0.13716610 0.02055807 -0.30374980
v -0.05095308 -0.12922779 -0.72595751
v -0.33829126 -0.21358138 -0.04241721
v -0.28497663 0.18052995 0.53176737
v -0.32905498 -0.17877463 -0.55141896
v -0.28515324 -0.12874496 0.26967022
v -0.14918242 0.27731639 0.31786883
v 0.54677856 -0.10397742 0.45465669
v 0.14610602 0.30562380 -0.12802714
v 0.00164263 -0.14879626 -0.63469076
v 0.63944638 0.16303833 0.24492617
v 0.43638954 0.13718186 0.52294910
v 0.01523942 0.37410557 0.05149125
v 0.61604601 0.15828499 0.06711236
v 0.49135113 -0.17567001 0.40248650
v -0.51128823 0.28328282 -0.41816479
v -0.15878473 0.29458320 -0.07990153
v -0.41000614 -0.22145548 -0.45669699
v -0.49885389 -0.04618232 0.12210242
v 0.14363970 0.09266561 -0.30374488
v -0.41669434 -0.31977433 -0.56054884
v 0.29940081 -0.31490669 -0.00508194
v 0.02840113 -0.24593824 -0.68258595
v 0.17830490 0.39693812 0.35948855
v -0.22588208 0.32266086 0.11693241
v 0.32465172 0.40910330 0.05331680
v 0.02163869 -0.21235205 -0.76656574
v -0.11010119 0.22411408 -0.17886120
v -0.07660265 0.30829149 0.07102609
v 0.45026925 0.25518632 0.47504929
v 0.56168896 -0.17666033 0.15442723
v 0.73275733 0.09886384 0.20764276
v -0.40875581 -0.20231450 -0.44975656
v -0.35003501 -0.14100380 -0.34177908
v -0.05271063 -0.30328411 0.53743422
v 0.75453395 0.00051611 0.32631683
v -0.04394682 -0.10171906 -0.67359340
v 0.09853499 -0.32306898 0.42331392
v -0.45396069 0.34607312 -0.39711460
v 0.46211287 0.26584780 0.41842160
v -0.51345670 0.27272341 -0.13892891
v -0.51133794 -0.01476558 -0.12853281
v 0.53970075 -0.20603038 0.24160533
v -0.04430321 0.20885278 -0.19376241
v -0.17886038 0.00969203 -0.54114586
v -0.49120295 -0.07646840 -0.36024264
v -0.30607128 0.15453336 0.46324557
v 0.32368848 0.24524532 -0.22391252
v -0.01711779 -0.26764986 -0.07813207
v 0.51156676 0.29553422 0.01263431
v 0.06349225 -0.40908745 0.16309740
v -0.25398064 -0.02910519 -0.56900495
v -0.45324412 0.27101928 -0.46971682
v -0.53189522 0.02292146 -0.42111874
v -0.34603590 0.03683439 0.53255695
v 0.33284315 0.32278898 0.50854653
v -0.36186582 -0.26307538 -0.62514162
v -0.49209991 -0.09135980 -0.20129444
v 0.42912969 -0.25895965 -0.01260809
v 0.45115888 0.06387277 -0.25547528
v -0.30888322 -0.33967781 -0.59087479
v -0.12090178 -0.20719209 0.23440817
v -0.34566000 -0.57157528 -0.58431929
v 0.01693525 -0.21997049 -0.62180293
v -0.28221798 0.00274655 0.53747290
v -0.38287312 -0.51612413 -0.74086130
v -0.10531503 -0.16374968 -0.54721111
v -0.22650519 -0.07266250 -0.37712169
v 0.57580793 -0.11619967 0.42012632
v 0.02854521 -0.24043587 -0.74067187
v -0.23625812 0.26824257 0.22137384
v 0.42968994 0.35768062 0.05758035
v -0.35735139 0.33068046 -0.36158261
v -0.37310907 -0.13646990 -0.37695357
v -0.49399361 -0.05868872 0.12384435
v -0.22260940 0.04901148 0.39930463
v -0.29321429 -0.00007544 -0.53236103
v -0.36892617 0.11313989 0.28066435
v -0.55627722 0.18886462 -0.32965609
v -0.30797878 0.24605854 0.52990526
v 0.62103397 -0.04025019 -0.00746270
v 0.62050515 0.15692732 0.23327339
v 0.41368410 -0.10181115 0.51923245
v 0.22591859 -0.37589374 0.05527274
v 0.06544612 -0.29709238 -0.01662659
v 0.44633326 -0.08332936 -0.23334803
v -0.41749111 -0.31433782 -0.49411717
v -0.36267859 0.34064719 -0.34785271
v -0.43056211 -0.32352212 -0.64661455
v -0.37446257 -0.49937567 -0.57742602
v -0.18643169 -0.18773186 0.52572507
v 0.21180452 -0.03250536 -0.31092921
v 0.30725303 0.42157710 0.07894899
v 0.61335504 0.16991442 0.07903031
v -0.23796934 -0.18183494 0.23645408
v -0.29704586 0.18503562 0.43680087
v -0.02734170 -0.22677116 0.37179464
v 0.04168527 -0.09549465 -0.56576908
v -0.23939919 0.15969783 -0.46167111
v -0.34709588 0.29304868 -0.05134287
v 0.22071683 0.34488249 0.51598769
v 0.39467221 0.25808960 0.52216935
v -0.03898737 -0.21100651 0.38934952
v 0.33706445 -0.25897789 0.51567352
v -0.22561270 0.13325913 -0.41082290
v 0.37922534 0.16918714 0.52611953
v 0.01349584 0.20959371 -0.20393400
v -0.51303911 0.03663886 0.13886325
v 0.06597266 -0.39963564 0.06722258
v 0.19918214 0.35073227 0.46930593
v -0.50920838 0.00347898 -0.49559021
v 0.01053805 -0.11953641 -0.53312635
v -0.54767168 0.20111877 -0.39188686
v 0.05975340 -0.40963748 0.12783651
v 0.00684165 -0.22994055 -0.71940428
v 0.56434357 0.20658232 0.34886897
v 0.54037035 -0.10036323 -0.13374522
v 0.24923199 0.42373535 0.29641855
v -0.32270122 -0.09267723 0.28700268
v 0.01199885 0.38144413 0.43407297
v -0.37441936 -0.24884127 -0.62537855
v 0.54402989 0.21273921 0.37092561
v 0.53071767 0.23523414 -0.06385270
v -0.34785360 -0.14082985 -0.34052634
v 0.59084368 -0.10238884 0.43614176
v -0.30258653 -0.35049993 -0.55797648
v 0.63528532 0.11320364 0.16023272
v 0.03241055 0.26765773 -0.15106331
v -0.18913318 -0.00293916 -0.36160880
v 0.65032792 0.13882276 0.43871167
v -0.12510331 -0.16594221 -0.61955130
v -0.53094852 -0.02435198 0.08151233
v 0.63923883 0.07024316 0.13890229
v -0.19164602 0.09557657 -0.36159736
v 0.17753462 0.13550942 -0.30354005
v 0.00771024 -0.15780473 -0.70448476
v -0.20512322 0.21814157 0.31760648
v 0.50639826 -0.02023241 -0.20574509
v -0.21320306 -0.24468815 -0.07861910
v -0.47639084 0.12787314 0.16718666
v 0.19650817 -0.26446605 -0.09818838
v 0.22834893 -0.38192627 0.15160179
v -0.33599237 -0.23183957 0.10451730
v -0.19806370 0.32663614 0.05235312
v 0.42924896 -0.16992036 -0.18138893
v 0.19373454 0.07210469 0.49544933
v -0.39428261 0.27048016 -0.05710294
v 0.13265425 -0.27906585 -0.05101417
v -0.53651094 0.12102509 0.05542903
v -0.03907644 -0.09894565 -0.70166284
v -0.10178889 -0.29233399 0.45313755
v -0.42487013 -0.13636090 -0.25746018
v 0.39451018 0.17257281 0.52506858
v 0.14789984 0.16909386 0.49336410
v -0.02569462 0.33747596 0.41600728
v -0.37930632 0.13605021 -0.53443247
v -0.39687073 -0.00015149 0.51420009
v 0.27973169 -0.21638232 0.53201532
v 0.43765640 0.28489205 0.43762103
v 0.60440218 -0.11711075 0.02588575
v 0.08772106 -0.39795122 0.25432351
v 0.51775175 0.26381227 0.34261096
v 0.44601333 0.25662416 -0.13661732
v -0.47641194 0.23392533 -0.48257834
v -0.43496263 0.33390293 -0.14180876
v 0.06694075 0.06515833 0.49745533
v -0.52407968 0.07942485 -0.12678201
v -0.43939206 0.23454271 -0.07726993
v -0.22915785 0.23051593 0.26487380
v 0.05897837 -0.24836978 -0.65841049
v -0.20226417 -0.11240403 -0.57826829
v 0.11996707 -0.22446248 -0.15770237
v 0.43135950 -0.20219052 0.44576696
v -0.20874837 0.31584778 0.52717030
v -0.32728463 -0.28100544 -0.46392721
v -0.40316314 -0.34592959 -0.52617437
v -0.31359988 -0.36240175 -0.60569024
v 0.04695728 0.20988671 0.49295834
v 0.43512505 0.06917679 -0.26597658
v 0.45702037 0.14152321 -0.23921473
v 0.20621641 -0.37077391 0.24405704
v -0.18380040 -0.02981270 -0.61024910
v -0.31598079 0.30076021 0.52259225
v -0.21654950 -0.02890136 0.53765756
v 0.49636015 0.25145286 -0.08726702
v 0.38424885 0.34211159 0.37045681
v -0.35677981 -0.55333775 -0.59372312
v -0.40914947 -0.36790946 -0.48992372
v 0.12396778 0.43268478 0.13648339
v 0.41210601 0.23154773 -0.20505688
v -0.33120355 -0.42253214 -0.64813083
v -0.30920544 -0.05932372 0.30102286
v 0.22500537 -0.18675552 -0.21551448
v -0.42182761 -0.16803770 -0.05892736
v -0.34599480 0.17850964 0.25975412
v 0.41281816 0.33655882 0.36405668
v 0.35877803 -0.27220652 0.46543083
v -0.24688505 -0.10168704 0.35838681
v -0.30719796 0.28316516 -0.09350191
v -0.44915527 -0.37475982 -0.61548573
v 0.66242224 -0.10723413 0.36904198
v 0.28717992 0.37754491 0.40305415
v 0.31800100 0.39235842 0.01810069
v -0.55801177 -0.01367400 -0.19562772
v -0.24276435 0.30727950 -0.03736003
v 0.56444573 0.17570727 0.46053079
v -0.36463633 0.32982388 -0.39110672
v -0.25652659 0.32816121 0.03002121
v -0.20507142 -0.06048230 -0.42832851
v 0.00156506 -0.29557717 0.36888191
v -0.04711486 -0.20646185 0.29409504
v -0.20042422 -0.08365781 -0.30899608
v 0.32740733 0.12092055 0.52747798
v -0.05261693 -0.28859013 0.06489935
v 0.63614923 0.09573296 0.11825491
v 0.66677159 -0.08825164 0.39896020
v -0.52009404 0.15957727 -0.03515388
v -0.54910392 0.22407886 -0.37586552
v -0.49284998 0.35578281 -0.18806952
v -0.50712842 0.06893056 0.14719604
v -0.27062169 0.30613744 -0.05108621
v -0.08106292 -0.16365659 0.49571624
v -0.32629690 0.04660860 -0.53306049
v -0.45570168 -0.37755349 -0.62849867
v 0.15766683 -0.31729433 0.43605807
v -0.08705062 -0.11695231 0.49582228
v 0.38521916 -0.32091483 0.13664891
v -0.54097867 0.00244214 0.03582333
v -0.28341144 0.04783091 0.44095185
v 0.03360859 -0.36272916 0.28444123
v 0.23340987 0.43330684 0.11694238
v 0.46280339 0.31686521 0.30993807
v 0.34634700 0.13952802 -0.29484135
v -0.15832728 0.30934036 0.02201611
v -0.24385445 0.12593052 0.44054452
v -0.03638970 -0.30995053 0.21582301
v -0.29347354 0.18676345 0.53121328
v 0.56153011 0.18969722 -0.07174444
v -0.26430121 -0.05853909 -0.54669136
v -0.16893724 -0.12337101 0.53724843
v -0.54109108 -0.01089199 -0.35742140
v -0.16341741 -0.22290960 0.17452456
v 0.24945761 0.43176565 0.12170828
v 0.00974498 0.28141168 0.28157002
v 0.29352775 -0.36405191 0.13109799
v 0.03075294 -0.31232882 0.43310097
v -0.04800785 -0.11103949 -0.24685135
v -0.11907906 -0.08131517 -0.67383802
v 0.42686236 -0.30526170 0.24627964
v 0.42626190 0.17782946 0.51720625
v -0.32216847 -0.57012463 -0.73174602
v 0.14356758 0.24045540 0.48831508
v -0.56903660 0.04581363 -0.32459006
v 0.24773593 -0.20985672 0.52674878
v -0.42508566 0.33312300 -0.41970271
v -0.01758238 -0.16963893 0.49344084
v -0.53493869 -0.01550926 0.07360137
v -0.09612568 -0.29076728 0.53742653
v -0.09418675 -0.08541755 -0.68621385
v -0.45575300 -0.37849641 -0.62589282
v -0.54378206 -0.01416891 -0.35213801
v -0.18659493 -0.01931344 -0.34618869
v 0.06321481 -0.20935416 -0.72188628
v 0.11991736 -0.26367632 -0.73218554
v -0.05210850 -0.23881339 0.40347904
v 0.65366215 -0.11071805 0.37189057
v -0.42235032 0.04761754 0.24576002
v -0.32287413 -0.09459627 -0.49921873
v -0.28970328 0.22356714 0.53060275
v -0.46124747 -0.06493679 0.18118840
v -0.09775627 0.31207421 0.05278461
v 0.36787081 -0.28454003 0.41472709
v 0.74149710 -0.02012481 0.34512055
v -0.12937734 -0.22959788 0.43592516
v -0.33461502 -0.13758075 -0.35990801
v 0.44705632 0.04278111 0.52515590
v 0.63189650 -0.05590085 0.12696889
v -0.37694842 -0.21502163 0.06598233
v -0.21766189 -0.25977650 0.02132201
v 0.67741221 0.19599050 0.32163918
v -0.28508544 0.12242604 -0.52824682
v 0.39831969 -0.15077853 0.52016467
v -0.44626513 0.20623180 0.15664676
v -0.30900279 0.17810467 -0.52241558
v -0.40309784 0.35316107 -0.38529849
v 0.39070207 0.19453938 0.52484858
v -0.43969157 -0.11636002 -0.36672094
v -0.20621364 -0.14495890 0.42479852
v 0.07826664 0.38943720 0.51291645
v -0.40154666 -0.13704844 -0.15681627
v 0.71448678 -0.07481812 0.29044119
v -0.52749455 -0.02678645 0.01003005
v 0.34934044 -0.31623122 0.36663768
v 0.02518564 -0.39702454 0.08798016
v 0.43589893 0.29472300 0.38340563
v 0.04754340 -0.31802475 0.45555612
v -0.44213992 -0.35157183 -0.64825678
v -0.27091289 0.28549367 -0.23816496
v -0.01682606 0.16151707 -0.22657742
v 0.36047244 -0.33295789 0.12628987
v -0.03565167 0.29634637 -0.07403316
v 0.09108168 0.41650993 0.18707469
v 0.45879483 -0.22347394 0.41507024
v 0.28181601 0.39483422 0.37902710
v -0.40195072 -0.39385131 -0.50159413
v -0.34553567 0.31898433 0.06844524
v 0.47850955 -0.24064906 0.00261402
v -0.32210433 0.03282508 0.53507674
v -0.27209964 -0.00013656 0.40891957
v 0.61219198 -0.04133842 -0.03185420
v -0.37922138 0.29874688 0.05589490
v 0.69036180 0.18932976 0.32561365
v 0.38608107 -0.28075284 0.00968666
v -0.42004374 -0.19987611 -0.46284834
v 0.52712369 -0.22951983 0.06264917
v -0.35885537 -0.05252399 -0.52519298
v 0.05637147 0.23986201 -0.19815515
v 0.45590904 0.22220583 -0.17715766
v 0.72220165 0.00308958 0.20030142
v -0.07144410 0.32730785 0.52388662
v 0.11595175 0.07146235 0.49581930
v 0.64069450 0.02167880 0.12273752
v -0.20997950 -0.10014282 -0.48571286
v -0.24437131 -0.23834103 0.15412614
v 0.59400856 0.04111129 -0.08542968
v -0.45019567 -0.09457465 -0.44754353
v -0.56122345 0.28504598 -0.28972679
v -0.53425932 0.02624182 -0.14080788
v 0.19640628 0.16760601 -0.29384160
v -0.19504219 0.00215073 -0.42440155
v -0.31717965 -0.12001742 -0.49363506
v 0.36994535 0.00690436 -0.29831308
v 0.38770908 -0.27436954 0.41138664
v -0.47849879 -0.10860132 -0.07480295
v -0.06030031 0.16389966 -0.23570216
v -0.30187386 -0.12190656 -0.39413825
v 0.62776768 -0.02196381 0.00524010
v 0.35091394 0.39551926 0.09030564
v -0.02230567 -0.08196533 -0.52618235
v -0.49696848 -0.00213169 0.16226052
v 0.05395416 -0.09963126 0.49451205
v 0.21485835 0.44533268 0.17723711
v -0.38898802 -0.13603565 -0.40008643
v 0.70640790 0.04508764 0.18831061
v -0.33548465 -0.38435945 -0.64396501
v 0.20797104 0.17831011 0.49140191
v 0.56698066 0.19026990 -0.05807567
v 0.25314185 -0.16924833 -0.23636645
v 0.08640141 0.19439568 -0.24658842
v 0.31131345 -0.34377053 0.23987694
v 0.58752114 0.22073540 0.11417335
v -0.32203463 0.13484287 -0.53285795
v -0.03077743 -0.36109754 0.16226321
v 0.00222548 0.36451113 0.13347849
v -0.02322313 -0.29749349 0.53756762
v -0.57829928 0.26531154 -0.20686463
v -0.54517353 0.33564326 -0.24562611
v -0.03096760 0.36822069 0.44195306
v -0.53447104 0.00836525 0.07281575
v 0.33810648 -0.33651304 0.26353043
v 0.61000979 -0.01393132 -0.04970173
v -0.27737254 0.26666343 -0.19000143
v 0.44885090 0.33373925 -0.00358914
v 0.63902509 0.03289240 0.10861382
v -0.37454128 -0.50244373 -0.54545808
v -0.31207085 0.21060969 -0.51367730
v -0.43220392 -0.15373471 0.13608097
v -0.53582931 0.28222948 -0.37893632
v 0.23850818 -0.19238156 -0.21301220
v -0.37598991 0.29115137 -0.03034437
v -0.22560979 -0.23429014 -0.10071743
v -0.26826423 0.32763994 0.01985558
v -0.14851587 0.22905938 0.52848256
v 0.29096660 0.04213895 -0.31974927
v -0.53320605 0.05856097 0.07198938
v 0.35752311 0.40569386 0.14021865
v -0.41666427 0.28261122 -0.47032672
v -0.33902785 0.28913099 -0.42596832
v 0.58297080 0.20395111 0.42661855
v 0.50217634 -0.24235199 0.09950551
v 0.18254730 0.38012108 -0.03031178
v 0.43567836 0.15727118 -0.24792743
v 0.10047636 0.07158390 -0.29484034
v -0.18522424 -0.04810844 -0.32517010
v 0.21639878 -0.18784870 -0.21346585
v 0.18851227 -0.24801785 -0.14804827
v 0.63037956 -0.05103254 0.19046731
v 0.13012221 0.11294943 0.49592999
v 0.21077189 0.34049094 0.44410449
v 0.42616606 -0.28193736 0.04848546
v 0.03564448 0.31038204 0.36238006
v -0.09069024 0.23658983 0.52980572
v 0.03062076 -0.18131660 -0.67863363
v 0.03398024 -0.24197660 -0.65989929
v -0.46246272 0.12080736 0.18637255
v -0.47061291 -0.09952744 -0.18762317
v 0.09716606 -0.04828282 -0.28419507
v 0.32639533 0.39567834 0.02548935
v -0.30407211 0.02706791 0.43644166
v -0.18029496 0.00120821 -0.56520236
v -0.04935773 0.36194560 0.45252866
v -0.37237805 0.00167639 0.46479487
v 0.00119122 -0.13849761 -0.72240287
v 0.12927020 -0.28793335 -0.75544327
v 0.45577145 -0.28533667 0.20676197
v -0.08685444 -0.00273252 0.53625023
v -0.22036131 0.17859253 0.53042918
v 0.68965471 0.19068716 0.30830908
v -0.05295761 0.28837350 0.21346690
v -0.29186419 0.32745862 0.03073577
v -0.45821393 -0.05612076 -0.49828872
v 0.16215946 0.37804055 0.39077571
v -0.16272509 -0.20655879 -0.17942825
v 0.18851434 -0.25373301 0.53432149
v 0.62698179 -0.06988879 0.12363820
v -0.33815211 -0.25672820 -0.44894066
v -0.23102088 0.32165852 0.12606037
v -0.36695874 -0.42874894 -0.68182236
v 0.11260926 0.21717399 0.49082500
v 0.39588380 0.32572532 0.38589326
v -0.36456221 0.29943809 -0.01249380
v 0.66693932 0.13015424 0.43251580
v 0.13782883 -0.28738549 -0.03558322
v -0.30666891 -0.26206404 -0.56087059
v -0.41307119 0.26182413 -0.48465279
v -0.40422791 -0.13518012 -0.33975664
v -0.31552833 0.31401768 -0.19920821
v 0.24234653 -0.11054599 0.48885444
v 0.54169142 0.27661636 0.15290582
v 0.36128098 0.31812412 0.42299706
v 0.48398072 0.06005238 0.52559131
v 0.15734959 -0.29551888 0.48737144
v -0.44066861 -0.04823053 -0.51389909
v 0.14783357 -0.02714624 -0.30156076
v -0.26178515 0.32119775 0.07731460
v -0.06515238 -0.15821339 -0.21820918
v 0.36861351 0.34814611 0.37039959
v 0.13573930 0.23463163 0.48934650
v -0.11020958 0.30965489 0.05619083
v -0.52073330 -0.01571833 -0.08096346
v -0.43562010 -0.23964642 -0.59734505
v 0.23894010 0.12236468 -0.31067216
v 0.21338177 0.10395454 -0.31240931
v -0.45602518 0.21335311 -0.09818821
v -0.03717814 0.38234574 0.48653483
v 0.17788409 -0.37124756 0.30657211
v -0.04525476 -0.05321806 -0.26578072
v 0.26684359 0.42607433 0.06188442
v 0.39519048 -0.31147316 0.08332857
v 0.39081144 -0.09754564 0.52617127
v -0.05562686 -0.23396617 0.52345479
v 0.59087414 -0.13937156 0.14633749
v 0.25661722 0.30332276 -0.11240681
v 0.14290144 -0.40398687 0.09946828
v -0.49181598 -0.05699301 -0.11915881
v -0.01777867 -0.20023841 -0.73075277
v -0.29153770 0.08257075 0.31731534
v -0.05419819 -0.08777567 -0.58724636
v 0.61761081 0.09397923 0.47145247
v 0.58904183 0.16188307 0.45991293
v 0.57894522 0.06982438 0.49437109
v -0.52448606 0.01521110 -0.13487999
v -0.46840510 -0.14389692 -0.00278843
v -0.34154853 0.29661870 -0.04548213
v 0.69643128 0.12705620 0.40731442
v -0.56434578 0.30375758 -0.26488134
v -0.49916270 0.37494543 -0.28216541
v 0.07757750 -0.36242104 0.00789062
v 0.13948485 -0.29731241 0.45692194
v 0.21274154 0.03048394 0.50401962
v -0.02923656 0.12821361 0.51986825
v 0.04285121 0.37699142 0.20500146
v -0.06213795 -0.23251019 0.21969377
v -0.23924069 -0.16887997 -0.21969149
v -0.05340369 -0.19531904 0.28418654
v -0.32352582 -0.15490016 -0.52517861
v 0.25511804 -0.25572363 -0.09035169
v 0.42816132 0.26026446 -0.13860412
v -0.40559521 -0.01557690 0.25982684
v -0.24911313 0.26353598 -0.21847013
v -0.30172980 -0.20761231 -0.12457995
v 0.60027206 -0.12910546 0.18734096
v -0.56004214 0.23792763 -0.17003208
v -0.41500139 -0.13046995 -0.34819460
v -0.23151876 0.04508514 0.40672749
v -0.31255940 0.32455453 -0.24772739
v -0.35050908 -0.31918189 -0.45983759
v -0.17275409 -0.17364950 0.46928838
v -0.11327538 -0.29585823 0.53672808
v -0.35961971 -0.09143537 0.53668642
v -0.22514021 -0.19309485 -0.19569322
v -0.39394611 -0.23389398 -0.44051337
v -0.45163703 -0.32212731 -0.59740740
v -0.37614337 -0.20524307 -0.60543734
v -0.28846127 -0.14598772 0.49433139
v -0.47693044 0.05636097 0.18884002
v -0.37787798 0.01541125 0.49329418
v 0.16926014 -0.35371009 0.37177959
v 0.06867786 -0.24186614 -0.13741964
v -0.34960213 0.26872078 -0.13911425
v 0.43102202 -0.11358276 -0.22667207
v 0.53187948 -0.23024033 0.11289009
v 0.36488572 0.24950857 -0.19410747
v 0.24386843 -0.35455361 0.31704879
v 0.27988264 0.38096103 0.40019882
v 0.39171481 0.31606099 0.39727667
v -0.31985319 -0.07349580 0.29383710
v -0.42087519 -0.12415172 -0.38032076
v 0.12066512 0.06776159 0.49616715
v 0.15055037 0.30450791 -0.13430746
v 0.35477549 0.31973991 0.50290406
v -0.16181728 0.06786826 -0.31881514
v -0.41592416 -0.48223740 -0.67174673
v -0.47250071 -0.11085960 -0.23218603
v 0.67993057 -0.10004658 0.35775721
v -0.07132598 0.00299306 -0.28380272
v 0.19941232 0.03177693 0.49558169
v 0.11975101 0.40451720 0.29617199
v 0.53339809 0.10638978 -0.17379695
v -0.43518084 0.04105630 -0.52973789
v 0.65750366 -0.01581625 0.45000261
v 0.75598234 0.10746951 0.25264174
v -0.46539062 0.36107293 -0.19728860
v -0.14598286 -0.23414023 0.15584061
v 0.43539679 0.06769568 -0.26585507
v -0.29697403 0.28189167 -0.09692591
v 0.52954990 -0.13239157 0.37858003
v 0.22088283 -0.27324438 -0.04632553
v 0.18753609 0.44053254 0.14948888
v -0.18131763 0.17246966 -0.29077852
v -0.28457281 -0.15333664 0.24912624
v 0.40910929 0.38091943 0.12462561
v -0.44871548 -0.46041870 -0.69965249
v 0.24830928 -0.00332643 -0.31788945
v -0.34699950 0.19501126 0.51231360
v -0.30398351 -0.59193707 -0.70793486
v -0.44716617 -0.11367043 -0.38799965
v 0.03595765 -0.38101128 0.24871820
v 0.00012015 -0.17293735 -0.20584945
v -0.35279131 -0.12271711 0.53261036
v -0.49991184 0.17905201 0.08213539
v -0.26202631 0.12946372 0.53455168
v -0.52923381 0.09097707 0.08112687
v 0.01759650 -0.00637181 0.49725813
v 0.31982160 -0.31023315 0.40415373
v 0.43445534 -0.18361178 -0.15175143
v -0.15552722 0.12764360 -0.26753888
v -0.36651024 0.00378402 0.45996490
v 0.47171059 -0.26957390 0.22806683
v -0.26228178 -0.08728198 0.40330139
v -0.52231437 0.08330475 0.09620106
v 0.60728300 0.16421828 0.02903073
v -0.06725997 -0.19379675 -0.59498972
v -0.08767328 -0.25217998 -0.06874362
v -0.40233806 -0.35518220 -0.66924131
v 0.03173250 0.09058881 -0.26869452
v -0.10875557 -0.21926716 0.20052058
v 0.24906427 -0.10020448 -0.28783935
v -0.02041687 0.28850234 0.18061364
v -0.27535513 -0.04037821 0.40376231
v 0.62403744 0.06979853 0.00194978
v -0.27544549 0.14004637 -0.52367347
v -0.01713234 -0.02712259 -0.26457226
v 0.27666762 0.01639991 -0.32002294
v -0.55682027 -0.01863685 -0.21190186
v -0.42003438 0.06844194 -0.53414047
v 0.36065421 0.24404767 0.52709562
v 0.57629979 0.23565656 0.10368987
v 0.37077603 -0.27615753 0.44669303
v 0.08715586 0.23923305 0.48962083
v -0.07811399 -0.08529308 -0.60413712
v 0.36059862 0.32842654 0.40791070
v -0.38844556 -0.17373705 0.17762625
v -0.01297980 0.29804718 -0.07609355
v 0.40403756 -0.13781661 0.51435107
v 0.21959810 -0.11544452 -0.28051797
v 0.26946208 -0.23199128 -0.17726973
v -0.31722391 0.29247770 0.16499013
v 0.70098227 0.05973186 0.18740810
v -0.31879246 -0.18012296 0.21873470
v -0.21615590 -0.10615901 -0.52759224
v 0.20585398 0.23882040 0.48764411
v -0.27511233 -0.12477648 -0.32952532
v 0.10866458 -0.27369031 -0.06547520
v -0.34397891 -0.12497839 0.49411163
v -0.52253193 0.05066406 -0.11512040
v -0.04826650 -0.27153346 -0.01633653
v 0.20896190 0.05989428 -0.31567934
v 0.41923776 -0.15406391 0.48564446
v -0.48768121 0.20457953 0.05920858
v -0.39381796 0.28078237 0.11231086
v -0.28420615 -0.24473056 0.04002445
v -0.03745434 0.25735432 0.33073249
v -0.41075957 0.23121059 0.17873640
v -0.08085604 -0.16711432 -0.21627307
v -0.52493715 0.08484707 -0.50570738
v -0.51213062 0.33686170 -0.35212785
v -0.23784722 0.15599874 0.41666460
v -0.06932551 -0.21449389 0.40524656
v -0.22512601 0.24583775 -0.24786133
v 0.09706584 -0.14882347 -0.58171010
v 0.46547055 -0.27245167 0.10137480
v -0.23944654 0.17781100 -0.42567593
v 0.56966591 0.19152611 -0.04900222
v -0.38209859 -0.49929354 -0.63370848
v 0.43171862 0.12673374 -0.26174551
v 0.35614875 0.21311268 0.52672458
v -0.32355601 -0.20807374 -0.09463356
v -0.20493531 0.30106860 0.18356471
v 0.03518460 0.38961583 0.52236360
v -0.16171539 0.27320689 0.52829051
v 0.50652248 0.30761057 0.16711609
v -0.35321251 -0.29352838 -0.63240367
v -0.04329111 -0.19995032 -0.69567645
v -0.33851728 0.30670404 -0.33429566
v 0.08677793 0.14069743 0.49551356
v -0.05291490 -0.27825204 0.01739818
v -0.31048149 0.22236568 0.43174070
v 0.05509119 -0.30380163 -0.01151172
v 0.35780978 0.36394525 0.35696161
v 0.57202637 0.23243968 0.02753930
v 0.31229305 0.28219920 0.52866518
v 0.34023955 0.22471015 -0.24390225
v 0.05574233 -0.11484687 -0.24978630
v 0.51742512 0.29131547 0.01332143
v 0.75084400 0.09159982 0.34331542
v -0.39203054 -0.42475927 -0.52949739
v 0.41483477 -0.07964281 -0.25499004
v -0.37979344 0.34963325 -0.36897215
v 0.08470850 0.00539371 0.49581140
v -0.12706296 -0.22309370 0.53630269
v -0.33527723 -0.51583803 -0.53508323
v -0.29440859 -0.09765594 -0.44652474
v -0.52775544 -0.07636379 -0.25289062
v -0.17200744 -0.22043926 0.51178527
v -0.22822350 0.12254824 -0.48101419
v 0.39516065 0.13743292 0.52680683
v 0.04994503 -0.12055378 0.49366790
v -0.30558765 -0.34496149 -0.53264236
v -0.33758718 -0.00933686 -0.52603710
v 0.15790993 0.36773938 -0.03622981
v -0.01219787 0.10036826 0.50457877
v 0.35079756 0.37004885 0.35699677
v 0.27359426 -0.24548842 -0.13653186
v 0.07451434 0.34962100 0.37498647
v -0.45027375 0.28291920 -0.12491829
v -0.54063314 0.20807137 -0.43164650
v 0.16655391 -0.19204214 -0.21173099
v -0.28816134 -0.09638760 0.43346354
v 0.60682905 -0.08921160 0.24400668
v -0.39529976 -0.17916141 -0.59389144
v -0.07225816 -0.21913341 0.52065897
v -0.06522793 0.32993793 0.44268101
v 0.45420861 -0.24828354 0.39743647
v -0.53869247 0.15090662 -0.48301059
v 0.19274853 -0.07436700 -0.29782420
v -0.41807553 0.16948831 -0.52548158
v 0.45136172 0.30165032 0.35521349
v 0.10999246 0.39923933 0.29272726
v 0.11344398 -0.40591723 0.17191991
v 0.44919121 -0.18200278 -0.13607599
v 0.61454982 -0.10875715 0.08719502
v 0.21225546 0.22577488 0.48830879
v 0.55807674 0.15500683 -0.12021026
v 0.33032918 0.17062272 0.52500665
v -0.21395357 -0.17933187 0.52947217
v -0.42662016 -0.20381692 -0.51007420
v -0.20301954 -0.17889883 0.25125599
v 0.31916192 -0.01886736 -0.31188592
v -0.19536260 -0.02148887 -0.37317008
v -0.33765754 -0.14110281 -0.32851166
v -0.54578954 0.28174588 -0.34392864
v -0.13129108 -0.19778742 0.25641772
v 0.59778923 0.21502012 0.36499313
v 0.30602676 -0.33380604 0.31735328
v -0.18722595 -0.16090396 0.33644745
v -0.21414055 -0.15963639 0.28821421
v 0.63403076 0.00881530 0.03328659
v 0.40546989 0.35690010 0.31740937
v 0.37020114 -0.11120779 0.52938122
v -0.22837453 0.28843799 -0.08069497
v -0.26238140 -0.02437967 0.33875516
v -0.43518141 0.01117445 -0.52605104
v 0.42491645 0.12689127 -0.26548305
v -0.01555849 -0.23034789 0.50769448
v -0.28154373 -0.03866276 0.53774148
v -0.04874640 -0.22998416 0.26477057
v -0.14631097 -0.01678543 -0.54424709
v -0.40997118 -0.31609192 -0.47062370
v 0.46571359 -0.24243885 0.39323062
v 0.53152239 0.03421598 -0.18078350
v -0.43678308 -0.16096050 -0.04574601
v -0.03279439 -0.26819780 -0.04176181
v -0.21950884 -0.06368309 -0.40075681
v -0.23843466 -0.11507894 -0.28768876
v 0.57976329 -0.06419494 0.47723806
v 0.38261798 0.17695737 -0.26130638
v 0.03559544 0.31288433 0.32731524
v -0.07456587 0.28698316 0.28527591
v 0.42927521 -0.05352997 -0.25744918
v 0.66964632 0.16046125 0.40765455
v 0.56360483 -0.01290814 0.50043368
v -0.29211694 0.31703264 0.09069533
v -0.11915091 0.24173427 -0.15503152
v 0.24389805 -0.35273182 0.32251018
v 0.15565440 -0.36320171 0.33263439
v 0.19089292 0.33722207 -0.04911163
v -0.23185606 -0.08196785 -0.36839375
v -0.44000015 -0.12452906 -0.31958649
v 0.56970412 -0.17652345 0.22243501
v 0.03177021 0.39376080 0.05008855
v 0.46936527 0.14577974 0.50714284
v -0.33956227 -0.24882369 -0.60422093
v -0.41852507 -0.31439126 -0.48070639
v 0.08951132 -0.22265029 -0.69090921
v 0.39502755 0.24167366 0.52365726
v -0.08099273 -0.05196984 -0.50658762
v 0.13871221 -0.36339802 0.35034487
v 0.10277068 -0.35254520 -0.00270600
v -0.01173722 0.14131460 -0.23478657
v -0.37425026 -0.18470098 -0.08414420
v 0.20963629 -0.28127623 0.51959640
v -0.41527903 0.11427621 0.23890162
v -0.11874796 0.20689943 0.53065151
v -0.52445918 0.26717699 -0.14269912
v 0.05344462 0.14825580 -0.25461662
v -0.57078129 0.30538672 -0.23546749
v -0.54656816 0.05041870 -0.03513975
v 0.55106014 -0.14048558 -0.08363292
v -0.15732192 -0.03897680 -0.29918072
v -0.35437897 -0.22613141 0.09847779
v -0.26107240 -0.08187221 -0.48386917
v -0.48062533 -0.09173062 -0.34523737
v -0.13708489 -0.07009360 0.53572601
v 0.09875657 -0.27293590 -0.66616571
v -0.02705481 -0.33185032 0.21314661
v -0.19409142 0.19778357 -0.29073176
v -0.54636431 0.19224684 -0.38594651
v -0.16974664 0.28239295 -0.10461178
v -0.45076025 -0.30507284 -0.59634519
v -0.27635339 0.31577232 -0.01049651
v 0.18384051 -0.03991982 0.49299127
v 0.24742661 -0.18950757 0.49738768
v -0.48973134 0.01190076 0.16749838
v -0.50393194 0.16519490 -0.50073922
v 0.26245379 0.42321971 0.29602933
v -0.05039691 -0.08833328 -0.58642823
v 0.67038566 0.13273780 0.21108076
v -0.24314605 -0.04392278 -0.58028573
v -0.21094535 0.08912322 0.35029548
v 0.57398403 0.23644352 0.08588458
v -0.46483988 -0.14532658 0.04228626
v -0.36695588 -0.34120598 -0.65742099
v -0.41732877 -0.15157133 -0.10400180
v -0.49856547 0.18594308 -0.04561106
v -0.17174323 0.30891621 -0.02148846
v -0.12186559 0.23727995 -0.16174868
v 0.62265229 0.09824703 0.01012079
v 0.08955728 -0.30815062 0.45197681
v -0.38566810 0.33827507 -0.40107992
v 0.13482533 0.22998966 0.48986828
v 0.21469305 0.42671084 0.27120844
v -0.05287458 0.36692438 0.46454805
v 0.32176301 -0.04488989 -0.30671093
v 0.32516372 -0.35007250 0.20256762
v 0.26217008 -0.35142770 0.01665787
v -0.41162947 -0.29735523 -0.53963679
v -0.04942495 -0.33209473 0.48154476
v 0.08758145 -0.21331716 -0.17800769
v -0.36467868 -0.50714308 -0.72457260
v -0.16844031 0.00917412 -0.49251917
v 0.02753221 0.29896587 0.37276414
v 0.14664936 -0.23182841 -0.64221734
v -0.37869450 -0.14270274 -0.31961781
v -0.10373467 0.28467026 0.42625532
v 0.16058758 -0.36900076 0.30858552
v 0.44177032 -0.28453952 0.26254013
v -0.51978606 0.13559109 -0.50212735
v -0.05267583 -0.31371522 0.16351767
v 0.02927550 -0.11143657 0.49509999
v 0.09168703 -0.13582467 -0.23891586
v 0.45977971 0.21841072 -0.17934655
v 0.49448347 0.31728917 0.12432580
v -0.32134381 -0.22180577 -0.06886432
v 0.42542490 0.33193383 0.35364285
v -0.42309508 -0.38782978 -0.60676032
v 0.07259717 -0.35756785 0.34210533
v -0.31241515 -0.46285939 -0.63046575
v 0.14121820 -0.26727238 0.53522217
v 0.24697325 -0.37006256 0.21056765
v 0.20223106 0.27546325 -0.19895250
v -0.19183916 -0.20272589 0.20432279
v -0.06717025 0.32944947 0.44458655
v 0.43740556 0.28683105 0.44856527
v -0.44978970 0.29574645 -0.12727380
v -0.32083595 0.15743302 0.48037109
v -0.35898319 -0.23450340 -0.43560845
v 0.13983867 0.39611328 -0.01162811
v 0.26892978 -0.23769301 -0.16823620
v -0.31697768 0.29836076 0.15029956
v -0.21586442 -0.01327067 -0.58118898
v 0.51583010 0.22261958 -0.10879317
v 0.03729804 0.23963606 -0.18652062
v -0.42314932 -0.13864487 -0.28722143
v -0.09081292 0.00880244 -0.28921375
v -0.18760231 -0.25931081 -0.03990726
v -0.22217916 0.16575173 0.32676411
v 0.13121118 -0.14057177 0.49103123
v -0.23443802 0.06422362 -0.51070786
v -0.44692492 -0.11379762 -0.38942307
v -0.15234435 -0.00091190 -0.30521244
v -0.30955711 0.29216677 -0.19073181
v 0.47325256 -0.26820639 0.23046425
v 0.16051918 -0.25016800 -0.14262429
v -0.43747005 -0.13434787 0.16654056
v -0.42438057 -0.16872913 -0.49107102
v 0.00992318 -0.09517825 -0.53721112
v -0.37338671 0.22086440 0.21902555
v 0.30410883 0.24825151 -0.22479112
v 0.19396994 -0.28892985 0.50085449
v -0.53636211 0.03753073 0.07630864
v -0.25881046 0.24202350 -0.33365393
v 0.10700502 0.36055657 0.38591835
v 0.61320776 -0.10425306 0.14637908
v -0.57081676 0.02356457 -0.18515946
v -0.44882804 0.13653167 0.20071928
v -0.32421732 -0.19214201 -0.13119361
v -0.35791820 0.27076575 -0.13482378
v 0.76404995 0.05662398 0.23998915
v 0.22375676 0.41124994 0.35225642
v 0.64156240 0.05415548 0.16298224
v -0.02134423 -0.27085990 0.30660099
v -0.20473066 -0.23854297 0.14250596
v 0.61742580 -0.12555885 0.36402807
v -0.03985729 0.25570846 0.36953142
v -0.42864671 0.25843787 -0.11490086
v -0.20952813 -0.16267680 0.46855068
v -0.31657961 0.28261200 0.46165764
v 0.24546126 0.41848624 0.03174799
v -0.36583716 -0.11373590 0.51680493
v -0.35070765 -0.00835195 -0.52714396
v 0.57167274 0.23834796 0.07763217
v 0.32262367 0.41491479 0.07893567
v 0.16163783 -0.16328138 -0.24025211
v 0.45269522 -0.23298763 -0.05240506
v 0.60202879 -0.14008351 0.07981221
v -0.04391157 -0.31387895 0.18653350
v 0.21552621 0.33800012 0.52334827
v -0.41373664 0.03648357 -0.53231055
v -0.39114872 -0.04469654 0.53012580
v -0.43878874 0.03372199 -0.52842540
v 0.21762244 0.14508940 -0.30368286
v -0.32609785 0.17502062 0.27048337
v -0.26930106 -0.05307554 0.32169107
v 0.35890117 -0.15772988 -0.23477353
v -0.01944453 -0.26551768 0.53603905
v 0.38400480 0.37049758 0.04988956
v 0.45844018 0.14467566 0.51155609
v -0.14913285 -0.25563797 -0.05136059
v -0.52942771 -0.02031991 0.01505014
v 0.59783590 -0.10922070 0.31965443
v -0.31628922 -0.58864748 -0.72727209
v -0.35470611 0.34421334 -0.31381372
v -0.48608711 0.07660649 -0.52038038
v 0.25625569 0.43281946 0.10338680
v -0.05675013 -0.18421915 -0.56902391
v 0.67009276 0.06641188 0.18893564
v 0.09417856 -0.29324660 0.52832979
v 0.44920209 -0.27208030 0.04704940
v 0.50758028 0.22836114 0.40597320
v -0.48675624 0.38150871 -0.30942854
v -0.02268382 -0.09176663 0.49586391
v 0.27422488 0.29874405 -0.10290816
v -0.48208079 0.09772993 0.16777119
v -0.30990392 -0.31081161 -0.58561629
v 0.49922672 0.31528428 0.14965975
v -0.03379150 0.06003091 -0.26961514
v -0.09583057 -0.01861432 -0.28943902
v -0.57124394 0.24296583 -0.27063125
v -0.27865359 -0.24920756 0.04699422
v 0.24133107 0.35105997 0.42704388
v 0.45469224 -0.24595700 -0.02358165
v 0.05441348 -0.27706572 -0.05392844
v -0.17674957 0.31429306 0.01274845
v -0.21455795 0.31084397 0.15543340
v 0.01491721 0.35702729 0.52582812
v 0.14276189 0.37310833 0.39161536
v 0.28208169 -0.35412982 0.03256713
v -0.19058399 -0.25568756 0.10094944
v -0.45852587 -0.06897979 -0.48866564
v 0.62804735 -0.06832908 0.05624193
v -0.46854600 0.23025212 0.04251854
v 0.47345331 0.25091016 -0.12878622
v 0.49191964 -0.11934162 0.44474992
v -0.09530046 -0.02713116 -0.54263639
v 0.14042456 0.34939912 0.52557135
v 0.61777270 -0.12285776 0.34846759
v -0.32812074 -0.40354753 -0.51096934
v 0.40176916 0.24624807 0.52088714
v 0.34839183 0.31963596 0.44480190
v -0.34241843 0.33791649 -0.30104101
v -0.03964054 -0.11789014 -0.62107855
v 0.59431672 -0.00920845 -0.08697507
v -0.31636477 0.31394950 -0.28351608
v 0.02527563 -0.34727457 0.01549547
v -0.44054836 -0.16329911 0.11022376
v 0.03648889 -0.08482832 -0.25866154
v 0.29208562 -0.18471222 -0.22947605
v 0.11835948 0.42649934 0.17505284
v 0.19740051 0.30767116 -0.12970434
v 0.26122230 -0.28158772 0.50480008
v -0.36436239 0.04162771 0.29826930
v 0.50588232 0.14810482 -0.19556113
v -0.06680356 -0.09366459 -0.49784949
v -0.28906694 -0.24443771 0.09419490
v 0.18759683 0.25963542 -0.21852031
v 0.24451198 -0.31314728 -0.02156350
v 0.57797015 0.13808548 -0.09210049
v 0.20842212 0.44567353 0.17715654
v 0.53052342 -0.07384659 0.49003258
v 0.60234880 -0.06576830 -0.04743277
v -0.34606162 0.06858313 0.30365676
v 0.04352626 -0.19727995 -0.58420002
v -0.26075208 0.28593028 0.19712535
v 0.32992402 -0.07795558 0.53152114
v -0.16283943 -0.08526045 -0.65113461
v -0.21442482 -0.17920797 0.53276360
v -0.00706971 0.30289683 0.18651158
v 0.24611825 -0.30431262 0.43315217
v 0.34275407 -0.33376521 0.27405161
v -0.46755528 -0.08148222 -0.43061048
v -0.14244293 -0.24742107 0.45877218
v -0.37236211 0.33606452 -0.39144352
v 0.03106469 -0.18342036 -0.56993359
v 0.45140380 0.01870403 0.52911007
v 0.49220133 0.01583640 -0.22238457
v -0.38171464 -0.49499479 -0.62368560
v 0.06514170 -0.31317863 0.49680224
v 0.43002209 0.29087842 0.44314966
v -0.32606474 -0.46168128 -0.65620303
v -0.47243795 -0.12224361 -0.05938538
v -0.39262509 -0.42149249 -0.56536627
v -0.11873863 -0.03769492 -0.55630350
v 0.58319169 0.00739418 -0.10780139
v 0.58370894 0.21553557 0.25340477
v 0.57168180 -0.12657294 0.37864250
v 0.26305664 -0.01375885 -0.31709561
v 0.40767977 -0.30801448 0.14207965
v 0.35515523 0.32084927 0.48503846
v -0.31521595 0.23343594 -0.50308907
v -0.03487142 -0.33038282 0.19268128
v 0.04744297 -0.23859133 -0.64434648
v 0.39530140 -0.17501652 -0.19832791
v 0.54578614 -0.19714917 0.20610020
v -0.11685076 0.29471371 0.44123286
v 0.01267400 -0.23406745 -0.13795249
v -0.46908051 -0.10616735 -0.32051173
v -0.17189546 0.26675588 0.39217737
v -0.32054669 0.18685967 0.26677197
v -0.40737683 -0.06626363 -0.53429484
v -0.10719170 0.31246424 0.10883857
v -0.11488845 0.18984440 0.53112400
v -0.08068243 -0.13280776 -0.50841111
v 0.44648811 -0.29033250 0.22195001
v -0.00286344 -0.32482490 0.46792135
v -0.50656766 0.27404940 -0.13713855
v 0.27361244 -0.25589591 -0.08249637
v -0.39006796 -0.39699081 -0.47209325
v 0.44699392 0.13470921 -0.24975345
v -0.38160247 0.22955148 0.20706646
v 0.61853570 0.12427977 0.00744115
v -0.19306414 0.00703553 -0.38460341
v -0.44090658 -0.39467794 -0.62200671
v 0.56718445 0.18069041 -0.07510408
v 0.28547409 -0.33701417 0.31979227
v 0.26346797 0.14543751 0.50012362
v -0.26858050 0.00517645 0.53743088
v -0.54062456 0.05911295 -0.14205450
v -0.00503727 0.30828103 0.18453786
v 0.57733583 0.21578430 0.28437033
v 0.01731332 0.05575303 -0.27166900
v -0.10878646 0.27572542 0.38153362
v -0.52377725 0.16034165 0.02968941
v -0.04766466 0.11685224 0.53285706
v 0.47570258 -0.04182241 0.52040255
v 0.09033575 -0.32790199 0.41178966
v -0.43555075 -0.42142805 -0.68734813
v -0.16485095 -0.07035264 0.53638798
v 0.49236622 -0.00482979 -0.22031638
v 0.01247840 0.33526924 0.18621001
v -0.19653122 0.01126802 -0.42754516
v -0.37669197 -0.54237181 -0.68673635
v 0.44746974 0.33139247 0.22125064
v 0.15227361 0.32825792 -0.05219952
v 0.50166547 0.30841994 0.06822104
v 0.62843215 -0.06508482 0.16236103
v -0.28649250 0.17946891 -0.51930743
v -0.42053956 0.17885552 0.21151690
v -0.48021170 -0.01342448 0.18531868
v -0.40687218 -0.18664595 -0.03508931
v -0.00438330 -0.15504132 -0.54134947
v 0.44244656 0.10347863 -0.25929180
v 0.61712527 0.16006029 0.07773522
v 0.63863957 0.02972734 0.10185599
v -0.10070673 -0.09072774 -0.48000282
v -0.47678095 0.20727383 -0.05041919
v -0.25794014 0.19873673 -0.47505876
v -0.01783429 -0.13596249 -0.63216406
v 0.66883111 -0.06364667 0.41930151
v -0.10347605 -0.20232069 -0.18077424
v -0.51990330 0.08810556 0.10962773
v -0.38766363 0.10571060 0.27166399
v -0.17367862 0.27236217 0.40356198
v 0.22902220 0.10090905 0.50376999
v 0.57983816 -0.11106344 0.31807116
v -0.13940415 -0.14765316 -0.64154172
v -0.25509748 0.13250603 0.44276696
v -0.41941598 -0.32662550 -0.65466595
v 0.29337004 0.41393217 0.29385701
v 0.03826136 0.38419405 0.18341219
v 0.03715752 0.31541556 0.32538426
v 0.04721384 -0.14591868 0.49347168
v -0.10414953 -0.30768484 0.53673947
v -0.36329567 0.30185241 0.00399359
v -0.55617613 0.30350879 -0.18045907
v -0.10700846 0.21492125 -0.18966503
v 0.73059887 0.05800386 0.39242068
v 0.27028504 -0.02062015 -0.31649816
v -0.29755360 0.22775358 0.42393312
v 0.28384206 -0.19970746 0.52640539
v -0.16446844 -0.16651912 0.44824570
v 0.20147555 -0.32401776 -0.02191920
v 0.34471101 0.28769845 -0.11654966
v -0.27202311 0.21918996 -0.44738600
v -0.12440990 0.29872769 0.20743036
v -0.37108392 0.38906103 -0.26418635
v -0.43926430 0.22101997 -0.50387633
v 0.10477294 -0.30587161 -0.73204052
v -0.47503105 0.21390322 -0.03801854
v -0.42674252 -0.07572846 -0.52441525
v -0.55365586 0.32718030 -0.21178912
v -0.17110640 -0.20331265 0.22867090
v 0.10162546 -0.12167751 -0.25155908
v 0.37922898 -0.24381992 -0.07944202
v -0.43321306 -0.11438234 0.19579928
v -0.03050172 0.28349906 0.19135138
v -0.42085263 0.38755307 -0.18909511
v -0.15334702 0.28912786 0.23345089
v -0.12418691 -0.05180662 -0.46885866
v 0.08751818 -0.01881109 0.49551585
v 0.75136304 0.01723619 0.34504107
v 0.26449969 -0.25503495 -0.08949035
v -0.46192554 -0.11875962 -0.28566957
v -0.16836400 -0.24111119 0.12935939
v -0.20086960 0.15866071 -0.34573793
v -0.32096684 -0.10758284 -0.49881312
v 0.06954385 0.28478312 -0.13823272
v 0.60975134 0.13046497 0.46419302
v -0.04491349 -0.18075600 0.38447547
v 0.75221455 0.12047546 0.27014366
v 0.41957027 0.12043049 -0.26957333
v 0.22849247 0.03238941 -0.31807905
v -0.49038193 -0.10474744 -0.24856766
v 0.34755942 0.23888648 -0.22150743
v -0.16160224 -0.05054573 0.53711492
v 0.05233978 -0.28325340 -0.02379855
v 0.15671983 -0.13404515 0.49085680
v 0.13693425 0.40580976 0.30890998
v 0.39027357 0.33726090 0.37534377
v -0.26286674 -0.12279208 -0.30152085
v 0.08398733 -0.28098315 -0.03240818
v -0.25420925 0.01268396 0.39216855
v -0.36725938 -0.53808933 -0.74810225
v -0.46447769 -0.04626048 -0.49957171
v 0.13168599 -0.32255930 -0.75419611
v 0.21886423 0.30518129 -0.13410363
v 0.22850338 0.26781243 -0.21211648
v -0.28136405 0.21902467 0.26199609
v 0.60934103 0.16229825 0.04084452
v 0.45489922 0.26657733 -0.11645268
v 0.70000768 0.00809227 0.19387770
v 0.45838392 0.25560373 -0.13182040
v -0.39118055 -0.16226259 -0.11487697
v 0.62226111 0.07545432 0.47178224
v 0.48349506 -0.25587785 0.07651433
v -0.22429949 -0.25465024 0.11728902
v -0.54387987 0.10005938 -0.02850129
v 0.54269207 0.04626858 0.51349187
v 0.43916285 0.33391464 0.30897227
v 0.60428333 -0.09041242 0.26458931
v -0.27509025 0.21307209 0.53021330
v -0.31991941 -0.08117336 -0.49875349
v -0.05552503 -0.09266619 0.49566194
v 0.52599263 0.29779601 0.05305697
v 0.60262561 0.00532650 0.48436579
v -0.50798637 0.29184830 -0.41316223
v -0.45317212 -0.34294698 -0.62175107
v 0.41747409 -0.07255066 0.52629793
v -0.32937774 -0.24034278 -0.58824545
v 0.34654555 -0.26565796 -0.04979560
v 0.31113967 -0.03098590 -0.31114516
v -0.37870404 -0.37585834 -0.67146832
v 0.54722291 0.10076349 0.50053233
v -0.31346560 -0.58892614 -0.60411602
v -0.29322821 0.29859668 -0.23759320
v 0.43062904 -0.19051404 -0.14124787
v -0.08111256 -0.17317200 -0.55577195
v -0.32408547 -0.14259680 -0.30164394
v 0.71840304 0.09488720 0.19679737
v 0.23253469 -0.25516781 0.53459990
v -0.14486156 -0.14564690 -0.26078260
v 0.16824678 -0.25864476 0.53431344
v -0.09079247 0.31019977 0.12644218
v -0.39632338 -0.05913327 0.51468170
v -0.26924464 -0.08698671 -0.42618942
v 0.22747095 -0.13692458 -0.26294008
v 0.43781203 -0.21254030 0.43658188
v 0.54425138 -0.17753780 -0.00525761
v 0.46759105 0.09079283 0.52447367
v -0.17951794 -0.18229941 0.49410787
v -0.43031687 0.16324028 -0.52468592
v 0.74410820 0.00490089 0.21529600
v -0.11862053 0.28463924 0.31966206
v -0.41768667 -0.35905886 -0.66776001
v -0.12642829 -0.10049342 -0.27894005
v 0.32900697 -0.16679902 0.52826720
v -0.11912403 -0.01820668 -0.51832235
v -0.31068587 -0.05229127 0.42493919
v 0.24301438 -0.37133351 0.06686433
v -0.32954827 0.29691875 0.14647207
v -0.21764515 -0.07775296 0.53777450
v 0.38889423 0.17160936 -0.26134953
v 0.75640154 0.10468213 0.31155777
v -0.24253531 0.27706501 0.20849340
v -0.40355873 -0.19263327 0.12676415
v -0.43780676 -0.16452423 -0.53804523
v 0.06808612 -0.02908459 -0.28135180
v 0.28738913 -0.17714939 0.50120944
v -0.52313972 0.14805464 0.06110850
v -0.51469660 0.05641533 -0.50829315
v -0.47622913 -0.11525106 -0.06607788
v -0.30010453 -0.11919604 -0.39799508
v -0.49770686 -0.08253027 -0.07263645
v -0.21421508 -0.06841378 -0.36230361
v -0.32188490 -0.02785911 0.53747731
v 0.61594021 -0.05689301 -0.00908533
v 0.11944210 0.14224005 -0.28659856
v -0.46559238 0.14861453 0.17152646
v -0.18660159 -0.17671011 0.51423830
v -0.33848774 0.29052722 -0.06791139
v 0.44895136 -0.14800850 0.45078936
v 0.01458628 0.32122767 0.21606268
v -0.30323833 -0.34148124 -0.56900579
v 0.10148720 -0.37136683 0.01368062
v -0.24607544 -0.10329396 0.36788994
v 0.30487111 0.34706116 -0.04498853
v -0.39910391 -0.54624212 -0.72286081
v 0.21159279 -0.02551172 -0.31201935
v 0.23140071 -0.30345225 -0.02971959
v 0.52575475 0.17347716 -0.15442927
v 0.28476086 0.32050490 0.52419740
v 0.43111116 -0.26399752 0.00817587
v -0.32041264 -0.18687239 -0.44064698
v 0.66363394 -0.05159480 0.23071390
v 0.23241004 0.40652734 0.37040919
v -0.34383661 -0.19657819 -0.09146485
v 0.60517484 -0.00700354 -0.06287107
v -0.37297693 0.30322620 0.06395007
v -0.16281600 -0.18066400 0.29415506
v 0.23045145 0.43181953 0.07800563
v 0.52303469 -0.22252259 0.23510209
v -0.03877526 0.33987460 0.52586436
v -0.54660672 0.05583309 -0.00009599
v 0.47100002 -0.11493672 0.46198949
v 0.36250061 -0.25703254 0.49408960
v 0.58209658 0.22512029 0.07911068
v 0.48388362 0.19404112 -0.18655612
v -0.10583161 0.09961663 -0.27515784
v -0.33728275 0.34568900 -0.28539863
v -0.50303900 0.13255666 0.11095977
v 0.41929415 0.37408587 0.16324380
v 0.01686150 -0.30491069 0.42259920
v 0.22707355 -0.37193042 0.03881469
v 0.56338680 0.24426217 0.20478681
v 0.16401879 -0.23619001 -0.15819941
v 0.34940571 0.32057035 0.50018090
v -0.30146965 -0.60518420 -0.65415424
v -0.07887775 0.07319724 -0.28006682
v -0.01224251 0.15076125 0.50058335
v -0.34073102 -0.38184965 -0.48601758
v -0.38068393 0.05337601 0.28662783
v 0.69766468 -0.09526464 0.30552626
v 0.19998021 -0.16137812 -0.24379830
v -0.22587667 -0.21711192 0.18446904
v -0.06746691 -0.18408322 0.28560260
v -0.17526326 0.30491811 0.16259567
v -0.34866548 -0.17327884 -0.42040005
v -0.14149083 -0.24999009 -0.08395734
v 0.39323688 0.35935250 0.31486318
v -0.34618708 -0.11555003 0.53573716
v 0.42174301 -0.10409123 0.50546128
v 0.16330822 0.27070573 -0.19768961
v -0.09538696 0.29389727 -0.05061470
v 0.49439263 -0.01749896 0.52248585
v 0.06757535 0.30432099 -0.09338558
v 0.62430942 -0.05101550 0.01470637
v -0.00536395 -0.06822526 -0.55698806
v 0.42811266 0.26995447 0.49369827
v 0.41562727 -0.27154821 0.39674053
v 0.60998690 -0.10322823 0.02908753
v 0.59582943 0.18764538 0.28132257
v 0.53412324 0.28634214 0.08463361
v 0.39655259 -0.31326956 0.10903908
v 0.24582699 -0.31967199 -0.01694686
v 0.10187809 0.24182850 -0.21807855
v -0.53961623 0.02164174 -0.37140858
v -0.05362275 -0.22972994 0.24340883
v -0.29918939 0.22869843 0.53032660
v 0.53285676 0.29058111 0.07407498
v -0.44703326 -0.09495088 -0.47054681
v -0.50396931 -0.08767962 -0.02793165
v 0.52407855 -0.02960658 -0.18653648
v -0.23286723 -0.06971957 -0.58692211
v -0.45921755 0.24114366 0.04330244
v -0.02741666 -0.19996735 -0.18077393
v 0.31960189 -0.24622004 -0.09021711
v -0.17570479 -0.02367913 0.53734571
v -0.38562217 -0.45735258 -0.53670001
v 0.53585988 -0.16968451 0.33380297
v 0.49377522 -0.25855982 0.17382498
v -0.55193162 0.27853072 -0.32361528
v -0.26276872 -0.12301268 -0.29934260
v 0.52482837 0.23616973 -0.07149901
v 0.20625623 0.22669464 -0.25452638
v -0.43026054 -0.39084375 -0.61371481
v 0.37737855 0.33908433 -0.05788296
v 0.62875509 0.20285544 0.39980209
v 0.27484694 0.13466699 -0.30910593
v 0.41701940 -0.19175711 -0.15739480
v -0.29319140 0.27920815 -0.19659539
v 0.06888291 0.34345549 0.39765629
v -0.06826189 -0.24536987 0.18947184
v 0.49230722 0.29555717 0.30013466
v -0.50741529 0.10292690 -0.51290309
v 0.52592236 0.00649025 -0.18787071
v -0.52253145 -0.02838645 -0.38250583
v 0.16489246 0.27397579 -0.19337696
v -0.49153820 0.22429074 -0.13568614
v 0.23731150 0.40935552 0.32938182
v -0.25383452 0.30951434 -0.02214801
v -0.46636817 -0.11720115 -0.27200964
v -0.29975843 0.24041377 0.23872545
v -0.43047935 -0.07131617 -0.52052730
v -0.47792488 -0.12642676 0.07078630
v -0.42995921 0.39430791 -0.26786402
v -0.54147685 0.00771699 0.03227242
v 0.57978189 -0.14320111 0.27119625
v 0.57303584 -0.15439264 0.27209640
v -0.13112044 -0.25073433 -0.07367089
v 0.40656719 -0.30778742 0.12343688
v -0.23624846 0.24446353 -0.15412378
v 0.01435450 0.15952867 -0.23701714
v -0.08191609 0.20417325 -0.20275775
v 0.31865078 0.32663390 0.48354349
v -0.17936642 -0.25583091 -0.05892983
v -0.35100165 -0.07676192 0.53824854
v -0.18304540 0.11387945 -0.34152296
v -0.07415559 -0.15135814 -0.22834902
v -0.17406160 -0.12012157 -0.50531763
v -0.13310717 -0.07743525 0.53566837
v 0.72533762 0.14687507 0.34628910
v -0.23904528 0.08457891 0.44462597
v -0.29110220 0.20372730 -0.51300663
v -0.52325678 0.00805867 0.09085637
v -0.44133055 -0.26959106 -0.60277861
v -0.25571319 -0.06143089 0.53770328
v 0.08660301 -0.23230521 -0.15697737
v -0.27013528 -0.23245490 -0.06568764
v 0.00297281 -0.12701143 0.49535146
v 0.18565433 -0.27403846 0.53016824
v -0.46862069 0.08126856 -0.52534080
v 0.04516519 -0.37723139 0.27006188
v -0.22150773 0.15187374 0.53545046
v -0.46197510 -0.08929949 -0.42735541
v -0.04180537 -0.11990719 -0.64859170
v -0.56123024 0.17433545 -0.19247781
v 0.54479891 -0.22253196 0.09470616
v 0.21781069 -0.00518255 0.50294036
v -0.10041773 0.29757199 -0.03717895
v -0.30200639 0.10039423 0.30902201
v 0.30987561 -0.33538651 0.29596946
v -0.12650138 -0.24822228 0.11463752
v 0.03838450 0.11165722 0.49797255
v -0.56152076 0.09815782 -0.16223343
v 0.02867457 0.22927666 -0.19222909
v 0.26901010 0.05710861 -0.32049373
v 0.29743069 0.40010640 0.02294577
v 0.51719064 -0.22776505 0.25266975
v 0.45813093 -0.03905312 -0.24002936
v -0.09757887 -0.07535209 -0.48063752
v 0.03278695 0.40408200 0.46471119
v 0.39406130 -0.20701194 0.50744957
v 0.19048297 -0.13446586 -0.27196738
v 0.25063458 0.04344098 -0.31979239
v -0.26114765 0.29134208 -0.08770255
v -0.22508381 -0.07672984 -0.36742789
v -0.38349998 0.25682387 -0.49078184
v -0.35682952 -0.00839580 0.44456130
v 0.24300556 -0.26670140 -0.05390200
v -0.01984147 -0.11393633 -0.24206197
v 0.40090832 -0.24303210 0.47189716
v -0.09629576 -0.17891605 -0.20796730
v -0.33127859 0.29015967 -0.07230248
v -0.01797645 0.31517726 -0.02716238
v -0.44565955 -0.07594644 -0.50067788
v 0.02675440 -0.17031342 -0.72923458
v 0.28039959 -0.11575345 0.49527338
v 0.38418490 -0.32562387 0.23601666
v -0.39946657 -0.13448064 -0.19008979
v 0.19743949 0.10840159 0.49443394
v -0.48283929 0.35599557 -0.36230546
v 0.57828909 0.18637608 -0.03503324
v 0.02059325 0.31281081 0.24875948
v 0.12393908 -0.28024209 -0.75558138
v 0.02642546 0.38411170 0.16502711
v -0.41739017 -0.24381587 -0.47139508
v 0.66588849 0.19669420 0.35508344
v -0.10836139 0.28185809 0.41668451
v -0.31836060 0.29628199 -0.06433474
v 0.61018276 -0.11232443 0.11274680
v 0.60150921 0.18712762 0.20993520
v -0.00158633 0.34025839 0.03999464
v -0.43532166 -0.15740401 -0.54396683
v 0.09106114 -0.14119971 -0.23428482
v -0.10985080 -0.13370427 -0.69034481
v -0.43862551 -0.12169120 -0.49170506
v 0.24621567 0.28413159 -0.18328607
v -0.10310130 0.30910045 0.50779384
v -0.10091130 -0.26156443 0.53669769
v -0.48442236 -0.09440299 0.12140413
v -0.39208636 -0.44659898 -0.49954420
v -0.43601254 -0.11194404 -0.14207423
v -0.00429085 0.35850674 0.11283616
v -0.49766031 -0.08641959 0.10740386
v -0.24820431 0.31006646 -0.01945258
v 0.02231718 -0.19320121 0.49221596
v -0.33357573 0.27147838 0.48949152
v 0.53472751 0.27525750 0.01058425
v -0.26924542 -0.03503646 0.38887838
v 0.03058689 -0.11580201 -0.54091489
v -0.35629487 -0.55337316 -0.60634041
v -0.32621419 0.17133364 -0.52628237
v -0.09493942 0.20069431 0.53095967
v -0.21062173 0.32902113 0.06087523
v -0.26547486 0.18078655 0.42170268
v -0.18062614 -0.19310854 0.51028287
v -0.21585055 0.20275751 0.29965597
v -0.04381839 -0.10349844 -0.71378851
v 0.20811881 -0.11575429 0.48939341
v -0.20747492 -0.11282978 -0.54521817
v -0.25944328 0.32293084 0.05656793
v -0.53828311 0.03498494 -0.06626963
v 0.07823788 0.39159295 0.47599453
v 0.35132521 0.40473861 0.13332115
v 0.12540247 -0.26202619 -0.10274074
v 0.15710706 -0.30606970 -0.68142182
v 0.28625834 -0.34971461 0.02254602
v 0.07974559 0.37515679 0.31767014
v 0.59750605 -0.10651057 0.31404707
v 0.01031402 -0.36628878 0.23836587
v 0.41019079 -0.31567797 0.20998137
v -0.54822236 0.33445737 -0.23457445
v -0.44913080 0.12005947 -0.52786320
v -0.38242233 -0.24982212 -0.62825465
v -0.16054739 -0.17641462 -0.23009309
v -0.33150899 0.25075996 0.46270072
v -0.18030716 0.27615324 -0.11429886
v -0.10768119 -0.05785416 0.53514457
v -0.54284406 0.22543050 -0.41254961
v -0.49896312 -0.06353756 0.11166202
v -0.55868310 0.03970168 -0.34162122
v 0.31427822 0.15797688 0.52406424
v -0.28930521 -0.22280270 0.17528330
v -0.25207788 0.23880632 -0.33013383
v 0.16772857 -0.09129089 0.49135375
v 0.14007141 -0.20343253 -0.19370514
v 0.50659072 0.23861171 0.39508048
v -0.16798857 0.32546744 0.49735659
v -0.21432051 0.19492672 0.34577429
v 0.62824667 -0.06726690 0.05604928
v -0.29141513 -0.12276918 0.27346754
v -0.40618971 -0.36124098 -0.56368679
v -0.25148338 -0.09317061 0.36830145
v -0.02062926 0.30798233 0.39264408
v -0.11406970 -0.20664279 0.23160857
v -0.01858804 0.27943009 0.21228795
v -0.38656756 -0.08222122 -0.54278553
v 0.20717677 -0.38442522 0.17670164
v -0.32063445 -0.22693916 -0.00730715
v 0.16065422 -0.32302305 -0.02346217
v 0.72753334 -0.03199487 0.37174743
v -0.24659045 -0.24920309 0.13293087
v -0.23165323 -0.10669897 -0.32606626
v -0.39712700 -0.04122270 0.52136886
v -0.26844242 -0.06870253 -0.52233303
v 0.10536814 0.33553794 -0.03479834
v -0.31143618 -0.36334828 -0.52283162
v -0.58736247 0.12719241 -0.27977434
v -0.40712863 -0.10975941 0.21514663
v 0.47441062 -0.14697953 0.43057802
v -0.19294445 -0.24192032 0.13570112
v 0.62704295 -0.05686259 0.19240232
v -0.06648424 0.15281665 -0.24564961
v -0.20987320 -0.15834337 0.53827167
v 0.44794056 0.34040561 0.20524292
v -0.24121261 -0.22362438 -0.13593180
v 0.47432452 -0.15102351 0.42936909
v 0.13878004 -0.11204445 -0.27328834
v -0.05583876 0.30008030 0.09215027
v -0.16316082 0.16546309 -0.23128290
v -0.40550587 0.36752698 -0.35882285
v -0.58395737 0.08919124 -0.29093707
v -0.25708392 -0.02205527 0.53788966
v 0.03128184 0.31594634 0.27106914
v -0.38058460 -0.42350757 -0.68769926
v -0.57574576 0.25113234 -0.25153404
v -0.23780575 0.32539231 0.05803076
v 0.36561519 -0.28780413 0.00714391
v -0.39338857 0.20378412 0.21753648
v 0.21188161 -0.38493177 0.16904020
v 0.51904416 0.17313075 0.47144076
v -0.42770201 -0.20961784 -0.59157884
v 0.30055344 0.21374458 0.48915163
v 0.63822699 -0.03235354 0.18784155
v -0.31227696 -0.18696709 -0.52214831
v -0.38542759 -0.40254086 -0.47259241
v 0.21694691 -0.33144045 0.40844363
v 0.61102176 -0.10504816 0.42290470
v 0.54886585 -0.18834548 0.18717498
v 0.24215767 0.17892282 0.48964840
v -0.30232590 -0.08545830 -0.47447193
v 0.05050203 0.42453200 0.11121198
v 0.64255494 0.03540593 0.16610694
v -0.50542700 0.02159659 0.14704570
v -0.13148651 0.01406806 -0.29714423
v 0.52151251 0.29904535 0.14662664
v -0.32622162 0.27638447 -0.37458766
v -0.25507188 0.16114199 0.42679721
v -0.05527242 -0.26525453 -0.04429595
v -0.24939036 0.26953933 -0.26192930
v 0.25062707 -0.06451701 -0.30645561
v -0.56290573 0.01877130 -0.32565576
v 0.26639828 0.38822258 0.39293960
v 0.69143349 0.03802969 0.18787555
v -0.04979398 -0.18950331 -0.57701868
v -0.53760201 0.26785910 -0.39400777
v -0.23348421 -0.23204777 0.16597041
v -0.53219575 -0.03441729 -0.35318851
v -0.43076494 0.24503960 -0.06787941
v -0.29382890 -0.09883720 0.53911954
v 0.55735326 -0.03111962 0.49925670
v -0.26913175 0.34031600 0.49130064
v -0.43053344 -0.12900864 -0.12823284
v -0.30342662 -0.19698651 -0.14755557
v -0.23835713 0.16057883 -0.47061828
v -0.57602650 0.06945031 -0.30787626
v 0.28233671 -0.04215074 0.53284329
v 0.53524101 0.24404305 0.34252456
v -0.26550665 -0.25656095 0.04672951
v -0.30921310 -0.18668735 -0.49936023
v -0.51319855 0.11313300 -0.50916725
v -0.47390005 0.22130151 -0.02118508
v 0.01217466 -0.39172167 0.08664202
v -0.11299969 -0.25614467 -0.04805636
v -0.37816942 0.32165244 -0.42369837
v -0.01025138 0.19174552 -0.21153821
v 0.47192943 0.10409852 -0.23615065
v -0.13256855 -0.23386861 0.15683049
v 0.04055053 -0.13073783 -0.23961376
v -0.34759071 -0.24466234 -0.60878915
v -0.47637358 -0.06690676 -0.44988042
v 0.54921079 0.26348373 0.26011208
v 0.20266306 0.35088903 0.50015575
v -0.52133816 0.00056913 -0.44124427
v 0.04010271 -0.24853204 -0.67263460
v -0.08376288 -0.10845935 -0.70272011
v -0.12862869 0.29188812 0.27763519
v 0.61504269 0.15188646 0.04645682
v -0.04311655 -0.26819068 0.53677583
v -0.30487421 -0.57185972 -0.60860431
v -0.10173373 0.27135557 -0.08987548
v 0.45296711 0.27311775 -0.09584426
v -0.38318694 0.29877859 0.01215522
v -0.06255070 0.26488957 0.34357491
v -0.38507679 -0.14335518 -0.24777696

