# https://github.com/mikedh/trimesh
v -0.44163674 -0.19514477 -0.31457737
v 0.15895589 0.01042927 0.45615563
v 0.37499103 -0.35767865 0.08750691
v 0.43882182 -0.32383099 0.24636716
v 0.31480461 0.33880028 0.09875342
v -0.83140826 0.14653344 0.01760157
v -0.24983881 0.12615094 -0.49948364
v -0.05162480 0.27026096 0.44220319
v -0.56777054 -0.21161373 -0.13391468
v 0.04979846 0.29385889 -0.31520277
v 0.05985646 -0.17401396 0.56617928
v 0.52524662 -0.06208908 0.14708099
v 0.28738680 0.34604475 0.10253237
v -0.41998121 0.29920873 -0.05250865
v -0.76098311 0.10320532 -0.00702998
v 0.07291092 -0.18584284 -0.59045911
v -0.30756480 0.25254130 -0.33149996
v -0.16738540 -0.20347700 0.49944308
v 0.49043471 -0.24615112 0.05279678
v 0.24610625 0.30174273 -0.21855192
v -0.24319012 0.08992983 -0.49726671
v 0.05878829 -0.20823106 -0.58056569
v -0.47867006 -0.22556178 0.30575272
v 0.29366431 -0.38515055 0.15319911
v 0.35998744 0.30412132 0.03691533
v -0.18526712 -0.17928103 -0.56836069
v 0.76701492 0.24030191 -0.02745578
v -0.68778837 0.18965276 -0.00835770
v -0.28285605 0.07361491 -0.48819906
v 0.70555925 0.17540939 -0.04968580
v -0.37532961 0.09748889 0.44580597
v -0.03913026 0.40413725 -0.00591145
v -0.36132747 -0.30886966 0.28899279
v 0.04260735 0.40884569 0.00642051
v -0.19899103 0.35386592 0.23482934
v -0.07951237 0.40443867 0.11268900
v 0.01938795 -0.05649439 0.53860009
v 0.32442856 -0.35644364 -0.31010601
v 0.41169915 -0.33058599 0.04644867
v 0.18349835 -0.39912906 0.08203597
v -0.64034599 0.02446212 0.04117750
v -0.34962511 -0.17557721 -0.52639848
v -0.25523943 0.33175650 0.28978753
v -0.36125377 0.24287289 -0.31155509
v -0.41375703 0.35142317 0.18641882
v 0.12741755 -0.39839211 -0.03100478
v 0.61179006 -0.01338100 0.07873246
v 0.43320808 0.25945115 -0.00052188
v -0.52502310 -0.03815094 0.31707504
v 0.42031220 -0.10966847 0.30141002
v -0.30107450 0.04149330 -0.54950821
v 0.45324343 -0.16809539 0.18478827
v -0.37604186 -0.32809439 -0.19807030
v -0.27088448 0.26959825 -0.39144635
v -0.24391922 -0.42512783 -0.25924999
v -0.36573029 0.28615436 -0.10370353
v -0.25707412 -0.08656539 -0.53492045
v -0.23890656 -0.35006085 -0.41020694
v -0.37909931 -0.05497311 0.47875309
v 0.61222523 -0.13559878 -0.19460647
v 0.07108690 0.24809510 -0.48726994
v 0.36339465 -0.01420891 0.36790591
v 0.87207556 0.27034837 -0.00838992
v 0.61166435 -0.00641392 0.04770382
v -0.26461574 -0.26548722 -0.50264013
v 0.12132281 -0.08212136 0.55985320
v 0.46391481 -0.17724797 0.16693453
v 0.12387203 0.27532804 0.41247767
v 0.52180684 0.00147234 -0.00987785
v 0.60215652 0.07133490 0.03769338
v -0.05755348 0.29768407 -0.32606632
v 0.36665434 0.24790984 -0.08264755
v 0.30965534 0.23580205 -0.26847133
v -0.24230617 0.22277237 -0.35755700
v -0.53962463 -0.16136050 -0.23199512
v -0.07040367 -0.26696563 0.48395538
v 0.01164611 -0.25296474 -0.52651429
v 0.12288585 0.30136546 0.38690418
v -0.03894254 -0.09551716 -0.59888256
v -0.53724217 -0.05575995 -0.25995529
v -0.50929117 -0.05742071 0.24066727
v 0.52708113 0.09918325 0.07993564
v 0.15716675 0.10701179 0.47972542
v -0.43481028 0.12012420 -0.34341308
v -0.28253967 -0.30155650 -0.47600675
v 0.25621915 -0.37048665 0.19197436
v -0.64481670 -0.13060762 -0.00205207
v -0.03241976 -0.37004229 -0.25318250
v 0.27193430 -0.33336204 0.34678206
v 0.12042131 -0.01029650 0.54807955
v -0.26554134 -0.10249006 0.52102232
v -0.21398950 -0.38671923 -0.29337397
v -0.69110537 0.07274089 0.01712538
v 0.38937485 0.05315249 -0.31422955
v -0.49489903 0.29100910 0.02663450
v -0.29158074 -0.14331448 0.51366770
v -0.21568835 -0.12864463 -0.57658452
v 0.13046986 0.27012858 -0.38384014
v -0.30541393 -0.17471951 -0.52335483
v -0.48652601 -0.20316191 0.31034744
v 0.13266265 0.35959193 0.16724071
v 0.08250042 -0.27229971 0.51644313
v 0.48943317 0.05596004 -0.21479002
v -0.25317994 -0.40891623 -0.31091699
v 0.37905663 -0.23765810 -0.36161679
v -0.33501968 -0.33971921 -0.39558336
v -0.30807450 -0.31985450 -0.39251325
v -0.12306570 0.37544906 -0.10615414
v -0.47958815 0.15591520 -0.24356779
v 0.05751996 -0.12717171 0.58085030
v -0.35231712 0.12693255 0.43619320
v 0.04543535 0.36181608 0.38378909
v 0.35445726 0.16809398 0.30502287
v -0.24984008 -0.30958396 -0.49036196
v 0.37940985 -0.35107452 0.12892915
v -0.23316173 -0.13222018 -0.54005784
v -0.04095095 -0.27528849 0.46390411
v 0.51897478 0.03118002 -0.17135349
v -0.14051880 0.25427309 0.50039768
v 0.57105476 -0.04787943 0.13110104
v 0.52076417 0.00598602 -0.19385707
v -0.03304233 0.40359515 0.11087029
v -0.15647492 0.32705614 -0.12872089
v 0.15490320 -0.38084871 0.23617482
v 0.58104801 -0.12059877 0.06777313
v -0.05746532 0.37930790 0.23768124
v -0.33761683 0.22529516 0.36707434
v -0.46734309 -0.29734769 0.10319151
v -0.36119419 0.28622204 -0.16625142
v -0.30839971 -0.16309926 -0.50508595
v -0.55092067 0.13663521 -0.08569904
v 0.10688554 -0.39266211 0.10463982
v 0.45795321 0.06179555 -0.29004350
v -0.25480855 -0.28104791 -0.45105398
v 0.42644048 0.24332437 -0.10480559
v -0.38556510 0.29739839 0.34605378
v -0.47227818 0.27784145 -0.10558864
v 0.32577330 0.18417186 -0.26185381
v -0.73158288 0.19825770 -0.01667294
v 0.24388875 -0.25009787 0.40598264
v -0.26775238 0.04637914 -0.54170102
v 0.63948625 0.00210363 -0.03965058
v 0.54023743 -0.17795593 -0.09774615
v 0.14580293 0.35002232 0.21574946
v 0.01809424 -0.34132120 0.44278583
v 0.03622433 -0.37196839 0.32694301
v -0.06248061 0.27687132 0.42853639
v -0.31740591 0.12284783 0.41865385
v -0.52594805 -0.15524833 -0.17140272
v -0.08190491 -0.19029003 -0.61913157
v -0.20174880 0.06044631 -0.48227933
v -0.31251511 -0.37540531 -0.10255804
v -0.07874304 -0.03333592 -0.55392826
v 0.36777237 0.14518726 0.28970253
v -0.02927378 -0.18132348 -0.58633620
v -0.20125523 0.40085661 0.02509417
v -0.33829618 0.28553331 -0.12565716
v 0.36646542 -0.39619827 0.00549264
v -0.34179184 -0.23487324 -0.50046682
v 0.45723388 0.20815524 -0.00813244
v -0.25773421 -0.38367841 -0.35239786
v 0.21716785 -0.22410871 -0.48585916
v -0.21306607 -0.36443406 0.03865910
v 0.46566904 -0.11717239 0.22333816
v -0.51549011 0.28117731 0.12871742
v -0.56560904 0.00426515 0.10070216
v -0.03604166 0.43405029 0.03479598
v 0.57495219 -0.15913755 0.10396678
v 0.12368580 -0.29938072 0.43132481
v -0.59966475 0.33423460 0.00493825
v -0.38204786 0.26703227 -0.25725996
v -0.53002918 -0.05635594 0.16335076
v -0.09604038 -0.31279507 0.44292173
v -0.08616983 0.33593363 0.37365362
v 0.14529777 0.11676348 0.48197228
v 0.26190129 -0.33950031 0.32118541
v 0.41178238 0.10515238 0.26545787
v -0.29234385 -0.36569837 -0.10119905
v 0.65444094 0.01563346 -0.01868855
v 0.44064111 0.09575025 -0.16148236
v -0.27537808 -0.24738151 -0.50029397
v 0.06986824 -0.18387634 -0.57353425
v -0.51370531 0.23226772 0.05550732
v -0.39622742 0.26904458 -0.15794191
v -0.51759535 0.19199660 -0.13110816
v 0.14731768 0.13359290 0.48332611
v 0.12683660 0.35108626 0.32431832
v 0.58872062 0.13397554 -0.02418195
v -0.35436237 -0.29525301 0.32401055
v 0.53720278 -0.10422672 0.16337454
v -0.10518737 0.39104703 0.34529057
v 0.11314274 0.35037109 0.38341650
v -0.01307625 0.30573925 0.38587075
v -0.14230287 0.37133503 0.32331395
v -0.34942585 -0.27337396 -0.41905770
v -0.53276181 0.34855130 0.07755360
v 0.64545548 0.10059709 0.00060718
v -0.61676377 -0.07759576 0.02950381
v -0.02566216 -0.28454268 0.46352440
v 0.32156137 0.29128665 -0.29157382
v 0.15915130 0.33786234 -0.03796533
v -0.29808480 0.25921887 -0.35954079
v -0.00711480 -0.12822685 -0.60096842
v 0.21329589 -0.24665505 -0.41907835
v 0.55108678 -0.09651504 0.06759572
v 0.42558900 -0.12854299 -0.34327015
v -0.42237657 0.02664715 -0.35702950
v -0.28303987 0.25656575 0.41924131
v 0.26934665 -0.38163093 0.10509367
v -0.50452030 -0.17846456 -0.27483386
v 0.03154149 -0.30462468 0.50921750
v 0.74583089 0.08368861 -0.00213630
v 0.22319981 -0.37194711 -0.03883754
v 0.55398846 -0.08237876 0.15548739
v -0.41524869 0.27009082 -0.13127455
v 0.16469520 0.34710518 0.33554780
v -0.02579164 0.36347649 0.11943814
v -0.17297286 0.28582346 -0.31941238
v 0.66279918 0.07451552 -0.07051910
v -0.28037405 0.33864412 -0.01579972
v 0.18292545 -0.17083050 0.53233254
v 0.34951055 0.30928618 0.16470242
v 0.00421659 0.36748794 0.21963072
v -0.07328119 0.39516294 0.04206010
v 0.32646599 0.05308354 -0.43748599
v -0.09207331 -0.19175996 -0.61449897
v -0.27467525 0.07043494 -0.51605791
v -0.09691984 -0.20671386 -0.57603300
v 0.42105979 0.10001172 0.26575670
v -0.49177638 -0.27960217 -0.10328840
v -0.25575757 -0.35692704 -0.39256316
v 0.47021940 -0.29407373 -0.03286037
v 0.68126017 0.06051757 0.06189530
v -0.23314357 0.14791732 -0.43877390
v 0.70898628 -0.07991952 -0.07505638
v -0.33231041 0.12612499 0.42907107
v -0.08227294 -0.15578946 -0.63292545
v -0.09430055 0.11607839 0.50229073
v 0.67772615 0.00277971 0.02890606
v -0.45589447 -0.31333047 0.16728726
v -0.06776330 -0.21627370 -0.59445429
v 0.53207606 -0.23710926 0.02970735
v -0.69006312 0.27720776 -0.08325377
v 0.15926991 -0.19029713 0.49469253
v 0.17671382 0.35934031 0.05632430
v -0.59088063 -0.06339113 -0.05856350
v -0.30331218 -0.21998480 -0.47658044
v -0.24129573 0.06144569 -0.50539917
v -0.41798311 -0.31446606 0.20752484
v 0.72548687 -0.06092517 0.06677650
v -0.59157580 -0.08591852 0.05466621
v -0.38548359 -0.10957626 0.45753297
v 0.48718488 -0.04776367 0.25346223
v 0.08137198 0.32601553 0.40770960
v 0.34528789 -0.05391161 0.44953755
v 0.08985817 -0.27587911 -0.58445311
v -0.36580083 -0.22752756 -0.39526284
v -0.45322365 0.04611666 0.39479443
v 0.44459677 0.27951741 0.01984096
v 0.21499199 0.31209952 -0.00496393
v 0.41063792 -0.38256627 0.00286568
v -0.42396823 -0.17523597 -0.44251326
v -0.62413037 0.20897622 0.03737578
v 0.16294006 -0.39023671 0.07107166
v -0.14859618 0.37074870 0.36150867
v 0.13197269 -0.04594938 -0.60068786
v 0.51810884 -0.20692827 -0.08266657
v 0.68497407 0.07123666 -0.01757324
v 0.14344898 -0.39095771 0.21495186
v -0.13037911 -0.02275547 -0.56371957
v -0.58244538 0.27215728 -0.01929998
v 0.40209502 0.19660498 -0.10691734
v -0.34699252 -0.19179161 -0.48003387
v -0.51497626 -0.01337192 0.22092584
v 0.68135875 0.06477617 -0.01272682
v -0.41841608 0.37134030 0.13793895
v -0.51161510 0.26939812 -0.03276820
v 0.12989376 0.03955681 0.51638466
v -0.45617157 -0.05871909 0.38214213
v -0.29596460 0.22947401 -0.40313169
v -0.32202688 -0.11673371 -0.49608716
v -0.42264158 -0.13772121 -0.42342457
v 0.06578302 0.13936330 -0.49960861
v 0.54775053 0.03239080 -0.12897837
v 0.32330617 -0.18605641 0.44657791
v -0.11732264 0.02736246 -0.54915786
v 0.59298140 -0.03954924 0.01023104
v -0.14644003 -0.31918505 0.45550317
v 0.53526521 -0.19864747 0.07725105
v 0.08193408 -0.24696301 0.53885978
v -0.46084321 0.28130600 -0.02296145
v 0.21516973 0.31726170 -0.24257261
v -0.63437974 0.23481235 -0.00737865
v -0.38726217 0.21477284 -0.32453191
v 0.45344943 0.23495001 0.06197873
v -0.33903664 -0.35876012 0.12918703
v 0.43078962 -0.32759213 0.02739724
v 0.49643898 0.11354241 0.10984552
v -0.26862985 0.32304084 -0.03924555
v -0.00312144 -0.35679716 0.37514442
v -0.48574799 0.24253121 -0.07313867
v 0.27813888 -0.02532894 0.46743205
v -0.41148382 -0.11745326 -0.47426379
v 0.18312371 -0.39825970 0.05949618
v -0.24230707 -0.32516658 -0.46020082
v -0.26136902 -0.09367448 -0.55067706
v -0.24417701 -0.34060571 -0.39121053
v -0.32355982 -0.33810350 -0.36856198
v -0.76491636 0.10637730 -0.00435393
v -0.28433406 0.32837072 0.33791712
v -0.19708428 -0.35165125 0.09759220
v 0.47877294 -0.25229853 0.05231921
v 0.43511900 -0.29447305 -0.02469720
v -0.15975086 -0.31835413 -0.43672296
v -0.72885621 0.23947206 0.05187478
v -0.48054942 0.27759835 0.13817313
v 0.11336914 -0.39154357 0.14397213
v 0.52310956 -0.10936191 0.16518368
v -0.03764657 0.41446644 -0.03420109
v 0.61407495 0.04355439 -0.03487782
v 0.00701744 -0.37387663 0.35902411
v -0.28232288 0.08734325 -0.49079812
v -0.18978679 0.05238178 -0.55149990
v -0.30463961 -0.37285873 -0.27996880
v -0.18236738 0.36526373 0.07638781
v -0.53033906 -0.01487171 0.32890767
v -0.58708686 -0.03195639 -0.20206183
v -0.28384614 -0.26494876 -0.48115274
v -0.23584674 0.40236285 0.03882648
v 0.47897947 -0.02259209 0.18767446
v 0.50318217 -0.01343108 0.14126733
v 0.10283224 -0.21307258 -0.54532897
v 0.14725766 -0.23828422 -0.51237839
v 0.56655812 0.03943177 -0.08048961
v -0.14056829 0.01913498 0.50895393
v 0.69119042 0.15877567 -0.07529698
v -0.35721642 0.31016880 -0.11429397
v -0.38320604 0.10177155 0.40465426
v 0.28364405 0.33047557 0.06042016
v -0.18578003 0.18198499 -0.42672002
v 0.69918168 0.22245848 -0.06577910
v 0.13255094 -0.36197421 0.30729121
v 0.11434244 0.30173701 -0.33137816
v 0.07523195 -0.02177326 0.54158717
v 0.36679333 0.16751909 0.25616163
v -0.23147365 -0.37128815 -0.05798205
v 0.09972911 -0.00664053 -0.55803502
v 0.42491841 -0.28084576 -0.31991088
v 0.55628884 -0.13838294 -0.15781318
v 0.55087042 -0.05845194 0.07244161
v -0.43577865 -0.07153425 0.39211649
v 0.53603494 0.16809110 0.11043227
v 0.14035611 -0.35795194 -0.29319319
v 0.19102122 -0.31546113 0.36507294
v 0.59173292 0.02942347 0.06219631
v 0.35698304 0.27900544 -0.08547731
v 0.59898782 0.02676016 -0.12285915
v -0.35531285 -0.21226151 -0.48887587
v 0.13192734 -0.23758328 -0.58903462
v -0.23955983 0.05578149 -0.53274024
v -0.41490477 0.25613731 -0.23406285
v 0.38349512 -0.36499652 0.06267434
v -0.18161963 -0.26992643 0.48720255
v -0.51919818 0.24070770 0.05516874
v 0.15390788 0.20612428 0.41313055
v -0.20786446 -0.33987018 0.28980947
v 0.52663624 -0.09980862 0.14754438
v 0.70943749 -0.01702037 -0.07550402
v -0.18213104 -0.21901073 -0.55131322
v -0.51657408 -0.20289582 -0.23677772
v 0.28911492 -0.00641892 0.46347168
v -0.36031437 -0.36009502 -0.10921313
v 0.24882138 -0.28911477 0.38724449
v 0.49650270 -0.20653762 0.20254251
v 0.05931112 -0.38347897 0.25501755
v 0.58109641 0.05732065 -0.04090930
v -0.05229469 0.35955778 -0.06828809
v 0.18200515 -0.29291472 0.38980734
v 0.08460478 0.36741257 0.11126997
v 0.38678405 -0.30235696 0.27443081
v -0.30400720 -0.24383177 -0.48247284
v 0.49024728 0.25338683 -0.00138320
v -0.06314125 -0.07665122 -0.60858262
v -0.01147323 -0.37325814 0.09497611
v -0.51024306 -0.20650855 -0.22135091
v -0.38717648 0.25060487 0.17551512
v -0.25942451 0.07893184 -0.48391593
v 0.42540702 -0.23326515 0.21526545
v -0.34976822 0.30449861 0.03536778
v 0.08049070 -0.21472359 -0.56403053
v -0.29655868 0.10896543 0.49523044
v 0.40178224 0.29966453 0.14003631
v -0.28969234 0.20321931 -0.39692745
v -0.14219093 0.34237209 0.33791903
v -0.20088929 0.32697737 0.35273927
v 0.41089988 -0.11938557 -0.39587283
v -0.55415684 0.07522085 -0.12309125
v 0.34824881 -0.32241899 0.22963138
v 0.40220335 -0.12893006 -0.39655101
v -0.22872543 -0.36409086 0.06310055
v -0.17054425 0.42693013 0.04939976
v 0.43726215 0.11451574 -0.13011597
v 0.52015960 -0.01510166 0.12304085
v 0.04725823 0.35809100 0.17584561
v 0.66670239 0.16702063 -0.04711570
v -0.34781992 -0.23895910 0.44561189
v 0.53115511 -0.24648419 -0.08327150
v -0.04544628 -0.18554166 0.56957144
v -0.45484397 0.29000184 -0.05447098
v -0.32759801 0.06083125 -0.46280333
v -0.10639970 0.36894765 0.39584786
v 0.10989149 -0.28631869 -0.56286359
v -0.53735590 0.27889460 0.02970535
v -0.36946565 -0.21869116 0.48324633
v -0.15066445 -0.25919956 0.44220674
v -0.06877175 -0.24884127 0.51645595
v 0.62575430 0.01310404 -0.12759030
v 0.55124891 -0.22365372 -0.09011818
v -0.32094994 -0.14156742 -0.52444500
v -0.47233880 0.06219515 0.22927034
v 0.50557148 -0.28284130 -0.08130905
v 0.06578109 0.35576624 0.01560021
v -0.52664453 0.00035036 -0.24900293
v 0.27724871 0.35678536 0.30916458
v -0.20619853 0.31295142 0.37055284
v 0.59041119 -0.09742355 0.09206031
v 0.24662220 0.30866364 -0.28072172
v -0.07853884 0.34089100 0.36187595
v -0.38026589 -0.06527212 0.48504657
v -0.22823727 -0.44378281 -0.26557821
v 0.57224476 -0.06852616 0.05148439
v -0.21546684 0.05598382 -0.51804531
v -0.03821331 -0.36533415 0.28124896
v 0.25772387 0.06280752 -0.47527450
v 0.17432733 -0.38979506 -0.01549488
v -0.31638998 0.22962750 0.36946321
v 0.04274932 0.00321713 -0.57380247
v 0.36064845 -0.30457407 -0.32596660
v -0.39987561 -0.18255511 -0.38954365
v 0.54382753 0.11856273 0.10457891
v 0.37753800 0.31992739 0.08742888
v 0.28549182 0.29250076 -0.00995409
v 0.58276165 -0.00016534 -0.12545294
v -0.18686453 -0.14620578 -0.59446084
v 0.51242602 -0.13399455 -0.28361994
v 0.21081646 0.34280547 0.27074122
v -0.68430543 0.18328303 0.00577697
v 0.62899941 -0.07493521 0.04990189
v 0.67163092 0.11218541 0.10048151
v -0.15763067 0.38436642 0.00935433
v -0.05140481 -0.16632053 -0.62412876
v 0.40445900 -0.03120688 0.32145345
v -0.25099730 -0.33040404 -0.40891421
v -0.23016596 0.35738885 0.28390795
v -0.65277469 -0.13051684 0.03556740
v -0.04989042 0.36902133 0.40761417
v -0.55765259 0.03883163 -0.31118065
v 0.19533505 0.29400712 -0.27822837
v 0.03304457 -0.38673425 0.19199491
v 0.39744309 -0.22494607 -0.36461362
v -0.27419358 0.19814712 0.40664935
v 0.28780481 0.13842849 -0.30972853
v 0.57850981 0.09566870 -0.03715788
v 0.16711494 -0.01768310 -0.57737350
v -0.48832405 -0.05557431 -0.38102001
v 0.01604803 0.32578394 0.36687732
v -0.38580993 -0.17758691 -0.44852456
v -0.21852466 -0.18776861 0.48647171
v -0.52272278 0.03584000 -0.21643646
v -0.47786716 0.11785645 -0.14498168
v -0.48600346 0.32624462 0.01639664
v -0.22675742 0.12179499 0.51896870
v -0.31393683 0.31750900 -0.09623819
v -0.31116298 0.25481731 0.39054185
v 0.14663093 -0.31300125 -0.54578823
v 0.21779948 0.16958906 0.42645898
v 0.36766872 0.30351675 0.02908961
v 0.84021622 0.21832429 -0.02522696
v 0.20563503 -0.03915781 0.50840956
v -0.44289362 0.25630593 -0.19784662
v -0.45025712 -0.30448306 0.19415130
v 0.26774022 -0.11783428 0.41371682
v 0.32521290 -0.27507147 -0.40060753
v 0.09696400 -0.22932321 -0.55735338
v -0.40740359 -0.32370794 -0.25320673
v -0.26222545 -0.39216596 -0.35617295
v -0.23702602 0.04053990 -0.53470403
v 0.65463710 0.03745954 -0.12206887
v 0.28250873 0.07541693 0.40788090
v -0.40130788 0.27065471 -0.11648130
v -0.28216189 0.35755289 0.01853969
v 0.65619951 0.06590834 0.02191080
v -0.50172514 -0.08391634 -0.35869676
v 0.74081159 0.05159707 -0.05315323
v 0.51589382 0.11958093 0.11567694
v -0.34979469 0.27723157 0.30358225
v -0.30961075 -0.38132298 -0.30965453
v 0.59364939 -0.09862401 -0.19194937
v 0.35868326 -0.19317755 0.41090867
v -0.23360170 -0.12210616 -0.56366140
v -0.30512235 -0.13483673 -0.47971210
v 0.38363180 -0.30880722 0.26983052
v -0.22059730 -0.10276124 -0.55875790
v -0.07916130 -0.38236222 0.21552351
v -0.01256698 0.40604869 -0.06589622
v 0.05863911 0.39307940 0.04651903
v -0.56563032 -0.09542454 0.15846904
v 0.45267791 -0.08128925 0.27860180
v 0.32998273 0.21217920 0.37534541
v 0.56384033 0.10528491 -0.02049559
v -0.47439122 0.23651966 -0.08167109
v -0.10360183 -0.36557662 0.14707978
v 0.08305663 -0.39353052 -0.06703538
v 0.20354205 0.34791270 0.29620460
v -0.33855397 0.27604884 0.35064605
v -0.49384218 -0.17964768 -0.31556520
v 0.36486942 0.06051311 -0.41673884
v -0.31790408 0.29588944 -0.27715445
v -0.33563727 -0.31360719 -0.36371505
v -0.52760315 0.13302036 -0.18724249
v 0.48183203 0.09250355 0.13420862
v 0.60092628 0.09097169 0.09969407
v -0.54619670 -0.08219205 -0.30749527
v 0.14833398 -0.25279504 -0.53000927
v -0.07754407 -0.39501223 -0.00598087
v -0.50869370 0.19157875 0.18761925
v -0.72519082 0.04826979 -0.03258057
v -0.06125843 0.31056607 -0.22622898
v 0.25846642 -0.20978543 -0.55110997
v -0.64182782 0.01081047 -0.10362779
v -0.37251669 0.33749741 0.06860065
v 0.15394452 0.34259135 0.27347818
v 0.03616493 -0.36341900 0.34213534
v 0.22579511 0.33988509 0.17633843
v -0.45457423 -0.26253948 -0.28879362
v 0.22649330 -0.36949110 -0.15529940
v 0.43846175 0.26143426 0.21954548
v 0.34109643 -0.20286101 -0.48459724
v -0.21920261 -0.21783958 0.49878207
v 0.22598656 -0.37958202 0.18799396
v 0.04487837 -0.19772521 -0.61295247
v 0.18165536 -0.14912000 0.49982706
v -0.31472987 0.22615604 -0.35793060
v -0.66190541 0.23772474 0.00663112
v -0.07068896 -0.18194081 0.56737435
v 0.36489627 0.14437087 0.38528591
v 0.56494963 -0.09255905 0.09257817
v 0.50616556 -0.11707500 0.22669026
v -0.09548471 -0.17724013 -0.61527038
v 0.30070969 0.18211058 -0.26085132
v 0.16760144 0.31488425 -0.17607167
v -0.06805637 0.43546829 0.00161192
v 0.04279789 0.01612299 -0.59582210
v 0.92285657 0.33348370 -0.06727509
v 0.37803006 0.13624953 -0.27697232
v 0.69618243 0.02799845 -0.00512495
v 0.60366988 0.04744990 0.02769324
v 0.18399128 -0.08586037 0.51094443
v -0.11278838 0.27699822 -0.36120951
v 0.50779325 0.18585634 -0.07442002
v 0.33627746 0.23433019 -0.33346254
v -0.01546155 0.37015083 0.27561271
v 0.52962035 0.21016449 -0.06863886
v -0.53028989 -0.16871995 -0.16983068
v -0.28078210 -0.18378589 0.53219330
v -0.23389858 0.09002318 -0.47377613
v -0.17772730 0.43843961 0.13793527
v 0.17690650 0.29288095 -0.35974419
v 0.07147780 -0.24030693 0.54899561
v 0.00919369 -0.38207972 0.07065801
v 0.57622480 0.01901728 0.04770845
v -0.36828482 0.29382291 0.30920425
v 0.54531848 -0.12520832 -0.24783640
v 0.01294064 0.34798247 -0.12682869
v -0.41319117 -0.14466351 -0.46622396
v 0.22119713 0.32965079 0.32258752
v -0.59916109 -0.07900492 0.05794033
v 0.09467494 0.15682864 0.46146965
v 0.47233382 -0.14285475 0.22977751
v 0.49101359 -0.10528538 0.18529254
v -0.48067093 0.12958285 0.31144184
v -0.65953553 0.25603953 -0.05425397
v 0.39514571 -0.30623358 0.30027920
v -0.56812698 0.25922304 0.05142234
v 0.06672806 0.31305200 -0.18543035
v -0.18881941 -0.02260412 0.57118696
v -0.71638811 0.03829855 -0.03272739
v 0.72993201 0.17530905 -0.02514600
v -0.07644637 -0.26094845 0.50321048
v -0.67218268 0.21733879 -0.02261788
v -0.73412174 0.14756268 0.04054555
v 0.31817266 0.26345769 0.33180279
v -0.05630989 0.31845835 0.44153562
v 0.12027325 0.35008597 -0.04257447
v -0.56595290 0.24904187 0.06023119
v -0.09839167 -0.33093962 0.41378984
v -0.30761993 -0.29950309 -0.35846347
v 0.57143414 0.12433223 0.01223576
v 0.05736738 -0.36130029 -0.33163297
v -0.11596965 -0.37391466 0.13845548
v -0.25679389 -0.42184687 -0.26104718
v -0.19303425 0.35127455 0.35143507
v -0.25626805 -0.09730084 -0.56814629
v -0.22494891 0.34649044 0.27767137
v 0.43735254 -0.28661531 -0.19251066
v -0.36484665 -0.17469664 -0.46269655
v -0.30718338 -0.37209177 -0.31978101
v 0.54857188 0.00647372 0.13274741
v -0.45231706 0.29771349 0.00347243
v -0.45778662 0.31097037 0.02478571
v -0.00188405 -0.19682072 -0.62840855
v 0.35374075 -0.30060101 0.28537315
v -0.59943563 0.07492654 -0.04079947
v -0.33496833 0.29806805 -0.26164863
v -0.02415649 -0.20463768 -0.63271129
v 0.57849127 -0.12779696 -0.14891861
v -0.35674536 -0.36347154 0.14609227
v -0.23862624 -0.42076278 -0.32973659
v 0.05539113 0.35569751 0.24762237
v 0.36214435 -0.04809504 -0.42872617
v 0.08614059 -0.24654335 -0.53794110
v -0.62872118 0.04962726 -0.03494197
v -0.16167153 0.34740576 -0.10940722
v 0.20580313 0.32756877 -0.15516594
v -0.55049139 -0.17468235 0.11384402
v -0.35389766 0.07326680 -0.44393036
v 0.09056732 0.37064424 0.11408920
v -0.09753716 -0.36723870 0.22053719
v 0.38725770 0.20312256 -0.07365146
v -0.39301449 -0.05505697 0.49269229
v 0.26426870 0.32555702 0.09887747
v -0.69393587 0.20271099 0.00312078
v -0.39013648 0.01399493 0.44449463
v -0.00988549 -0.18193993 -0.57230246
v 0.57026529 -0.14083128 0.02918389
v 0.78160185 0.11628918 0.02019806
v 0.58905673 -0.04646314 0.09079346
v 0.18555377 0.37418917 0.09310219
v -0.62807041 0.10039314 -0.05919483
v -0.22969611 0.29094166 0.43383378
v -0.13894314 0.40057722 -0.04556523
v -0.18840903 -0.16979499 -0.59883904
v -0.41519731 -0.16181169 -0.43407962
v 0.88093877 0.24835715 0.00412312
v 0.58439291 -0.00298770 0.10600546
v -0.56535125 -0.12403002 -0.11274800
v 0.05726513 -0.25804850 -0.59277135
v -0.22721469 0.36483821 0.14013262
v 0.11077514 -0.25517058 -0.51387203
v 0.16880858 -0.28684092 0.48669648
v 0.39723799 0.20367591 0.23479611
v -0.12571913 -0.35535699 -0.28777418
v 0.52178049 0.05020705 0.14386550
v 0.48594069 0.03694663 -0.12937631
v 0.63129783 -0.00603333 0.09878814
v 0.16855852 0.34156463 0.33962184
v 0.50907171 -0.07268460 -0.15473895
v -0.45461556 -0.28307065 0.23067489
v -0.31833038 -0.35500145 -0.39327663
v -0.00867585 0.17080323 0.48325735
v 0.69109958 0.09743600 0.01065743
v 0.74816239 0.25573918 -0.04902600
v -0.57818562 0.27270585 -0.01600925
v 0.15175605 0.36995924 0.15857098
v -0.33902070 0.28931713 -0.13315827
v -0.17630830 0.37065673 -0.02180867
v 0.31910968 -0.37103498 -0.01409168
v 0.27262467 -0.06194226 0.47514015
v 0.55523247 -0.10720810 0.13209000
v 0.28224105 0.28213805 0.29401261
v -0.53274536 -0.09384444 -0.31909043
v -0.70749122 0.23406833 0.01861840
v 0.20731638 -0.17523259 0.52674061
v 0.07872282 -0.14071871 -0.58155972
v 0.15758041 -0.29868737 -0.53085798
v 0.25685096 -0.24791288 -0.48287836
v 0.20439804 0.35943350 0.25120336
v -0.20224611 0.07109454 -0.53425747
v -0.20435944 -0.19612940 0.50445813
v 0.32697210 0.26185930 0.25100106
v -0.49191466 0.10162941 -0.23648275
v -0.16070467 0.00514208 -0.54992652
v 0.07492771 -0.19418676 0.52996373
v 0.06731323 -0.19789135 -0.59590715
v -0.20343849 0.27049977 -0.35963058
v 0.33986714 0.25916550 -0.10871439
v 0.07454157 -0.00748356 0.54016167
v 0.52828395 -0.07549687 -0.15818475
v -0.21235761 0.36666143 0.26645693
v -0.18941133 -0.15830760 -0.59069097
v -0.70799541 0.12394668 -0.00839129
v 0.23555243 -0.36363760 -0.11871737
v -0.43864161 0.25665087 0.11927749
v -0.47450358 -0.16983372 -0.35871002
v 0.13235405 0.04282103 0.51563668
v -0.30731973 0.25093919 -0.30982304
v -0.57545054 0.21454930 -0.06851707
v -0.48473012 -0.29715657 0.00413943
v 0.61461282 -0.05912669 0.08484095
v 0.20521586 0.30741742 -0.08252966
v 0.08641291 0.35133329 0.07607658
v -0.53539187 0.06533121 0.12950614
v 0.11489796 -0.18492879 -0.57952505
v 0.21467932 -0.29514048 0.34251779
v -0.60737079 0.12734610 -0.02918170
v 0.11165250 -0.30040026 0.42417672
v 0.39440945 -0.39778575 -0.01174049
v -0.46999007 0.26754332 -0.11929982
v -0.34081411 0.26279435 -0.26763546
v -0.08302216 -0.10248826 -0.60109663
v 0.23337105 0.26713273 -0.27066055
v 0.68593574 0.06472167 -0.00106382
v 0.76719737 0.27195203 -0.00739053
v 0.02887071 -0.15877314 -0.60392261
v -0.77607810 0.24744704 0.02260563
v -0.19392192 -0.29049772 0.45365119
v 0.42212072 -0.23727091 0.15557081
v -0.44325545 -0.15689427 -0.45350927
v -0.46309441 0.21716136 -0.24279189
v -0.03715261 0.33869722 0.33248726
v -0.44166923 0.04361851 0.36872712
v -0.45031255 0.24825406 -0.17371558
v 0.49253744 -0.13242093 -0.25712612
v -0.31707069 -0.24932843 -0.49755660
v -0.48796445 0.09165739 -0.22626248
v 0.52636218 0.19481942 0.03922510
v -0.46740997 0.31105912 0.06206491
v 0.35814762 0.00137808 0.32090759
v -0.50696421 0.10121538 0.12990195
v -0.24346830 -0.38282654 -0.42411658
v -0.27513811 -0.16253074 0.47076672
v -0.66695124 0.02601046 -0.03837663
v -0.32322410 -0.08965615 -0.48854974
v 0.34491292 -0.38204473 -0.00197799
v 0.07248057 0.35554677 0.28904575
v -0.59088349 0.15591821 -0.06316444
v -0.06830240 -0.13702673 -0.64014649
v 0.09504243 -0.22643675 -0.57636327
v -0.20693018 -0.18922070 0.51757723
v 0.62415040 -0.13182059 0.12551305
v -0.63313538 0.06135514 0.01393364
v 0.61177778 0.00089012 -0.04805791
v -0.42278647 0.29967725 0.01272772
v -0.52526015 -0.04556172 0.35131884
v 0.62968004 -0.02358135 0.06240492
v -0.19333820 0.00230330 -0.57058728
v -0.00179848 -0.23426524 -0.57867277
v 0.05788809 0.07618099 0.54663414
v 0.46209738 -0.16067353 -0.36856622
v 0.09373128 0.14867719 -0.48564613
v -0.40761632 0.18436801 0.33169889
v 0.49161765 -0.25184882 -0.04860402
v 0.03364296 -0.37226501 -0.22171295
v -0.39980027 0.33404800 0.03698536
v 0.15239775 -0.20415792 0.49390054
v 0.35120216 -0.12721422 0.41113725
v -0.57390040 0.00853245 -0.11846620
v -0.32648775 -0.26396126 -0.44306570
v -0.07348704 -0.23855497 0.53233165
v -0.51574719 -0.16739053 -0.24176566
v 0.00950879 -0.39473259 0.18376054
v -0.26550105 0.00120852 0.48608124
v -0.30599225 -0.35222787 -0.37501213
v 0.67768753 -0.05759355 -0.14906424
v -0.39404595 0.13885157 -0.36235666
v 0.03189711 -0.38717750 0.19336490
v -0.36046988 0.28985971 0.32058880
v 0.22278200 0.35813767 0.17618400
v 0.40994996 -0.35223407 0.01907020
v 0.55746573 0.14648913 -0.05317798
v 0.58433717 0.18179999 0.02226448
v 0.07451288 0.37757504 0.18339166
v -0.50078762 -0.30331969 0.06335077
v -0.65528953 0.26995775 -0.04405916
v -0.11595486 -0.28087571 0.45292783
v -0.51436627 -0.17469677 -0.30319721
v -0.53112775 0.13871019 -0.12979940
v -0.27152178 -0.27271834 -0.50452662
v 0.00382268 -0.38069081 0.02503672
v 0.66696519 -0.07847396 0.01687240
v 0.28502578 0.03956236 0.51168442
v -0.01123007 0.34136498 0.33634490
v -0.31110305 -0.28806490 -0.39536893
v 0.64696538 0.08488835 0.02633108
v 0.41425627 -0.31824887 -0.05226683
v -0.32789648 -0.32492885 -0.32005221
v 0.33563703 0.29242879 -0.07845037
v 0.20128193 -0.38290590 0.32284087
v -0.32545066 -0.31227177 -0.40463525
v -0.36680156 0.04550776 0.46794066
v -0.07842531 -0.29485106 0.43424278
v -0.51109904 0.21411867 -0.13585386
v 0.75130033 0.11115652 0.03721242
v 0.10128222 0.01955537 0.51735228
v -0.33852628 0.31374496 0.31004697
v 0.51743269 -0.13579798 0.15252377
v 0.63081956 0.12799007 -0.10398159
v 0.31521323 -0.31587550 0.35845023
v 0.24704078 -0.37913293 0.24337630
v -0.25688848 -0.41341519 -0.27887371
v 0.46969214 -0.05478131 -0.27256584
v -0.36486137 0.30265978 -0.30045253
v 0.02408124 0.37359044 -0.00249621
v 0.23063830 -0.21212719 -0.53828871
v 0.53270012 0.12729631 -0.06976064
v -0.12000508 -0.32778564 0.49607518
v -0.73542297 0.23144555 0.06281458
v 0.51351303 0.14820093 -0.11689736
v 0.37708029 0.28361064 0.05177750
v -0.23813428 0.29460192 -0.19419679
v 0.39179578 -0.23610663 0.31911686
v -0.36544269 -0.30507386 0.28854179
v 0.61164308 -0.09462847 0.06924738
v 0.43606925 -0.32638627 -0.11411756
v -0.28548804 -0.35991997 -0.19442622
v -0.01355270 -0.20155180 -0.62401915
v -0.22022343 0.06711426 -0.49481219
v 0.14578757 0.32200786 0.33783671
v 0.14624541 0.36406720 0.25899377
v 0.15424520 0.35639927 0.16135755
v -0.47937644 -0.29888591 -0.07954763
v -0.74841797 0.26174480 0.00747357
v -0.24393508 -0.12030393 -0.54089892
v -0.28208467 -0.20460270 -0.50007898
v -0.58716273 0.16849683 0.17109451
v -0.36152777 0.25150788 -0.27859476
v 0.28760341 -0.36104783 -0.27729917
v 0.35607246 0.12226515 0.35758954
v -0.50869101 0.24450091 -0.10129973
v 0.50618553 -0.07856640 0.20364636
v 0.27348900 0.16550624 -0.41823691
v -0.51716501 -0.25992948 0.11819752
v 0.50364357 -0.07052824 0.19415310
v -0.83601809 0.19758046 0.04841942
v 0.15996142 -0.31775266 0.38158703
v 0.11449477 -0.39364713 0.28246462
v 0.21652055 -0.04887276 0.50420868
v -0.48725766 -0.22593507 -0.22604169
v 0.27918962 -0.36202699 0.23961873
v 0.68457776 -0.04681024 0.03938510
v 0.53086472 -0.03827845 0.14166787
v 0.65698600 0.07651322 -0.00264366
v 0.51332706 0.07957730 0.07178017
v 0.51801240 0.15347740 -0.10609103
v 0.59670299 0.15021881 0.02052185
v -0.48746514 0.22560963 0.09385945
v -0.26529688 -0.42476976 -0.27003700
v -0.06387587 -0.19771078 -0.60224777
v -0.09027262 -0.36547655 0.28547460
v 0.00762965 -0.39558613 0.18679154
v 0.58684427 -0.05127257 0.11237934
v 0.50851870 0.04555292 -0.08069315
v -0.68833077 0.03070502 -0.00745328
v -0.20331487 0.41087484 0.09202711
v 0.45454738 -0.14442497 0.21620861
v 0.53334975 -0.09587717 -0.25802946
v -0.42176431 -0.25281569 0.35993800
v -0.23110069 0.12695217 -0.49736851
v -0.54024720 0.26499417 -0.06676382
v 0.38758463 -0.23194113 -0.34959701
v -0.66282916 0.16942999 -0.01726550
v 0.47935227 -0.28729290 -0.03868698
v 0.40266877 -0.34119111 0.03938494
v -0.27140665 0.33337420 0.03180720
v 0.11692449 0.29966980 -0.22216573
v -0.51610434 -0.28600061 0.14173326
v -0.00467441 0.33413351 0.23136163
v 0.31602904 0.25979406 -0.02655099
v -0.42537805 -0.02910610 -0.42469907
v 0.18929866 0.02894893 0.50738955
v 0.32989055 0.18426545 0.23136622
v 0.53122628 0.23780987 -0.06291943
v -0.48090088 -0.29163346 -0.00171986
v -0.50209427 -0.27736229 0.04001592
v 0.03205819 0.33174345 0.37644303
v 0.11059844 -0.36992407 -0.22586162
v 0.39134204 -0.33314550 -0.11400212
v 0.37618092 -0.37363851 0.07050650
v -0.37155443 -0.02102265 0.51466107
v 0.74537706 0.10793160 0.04623482
v -0.49903461 -0.13689537 -0.25933006
v 0.54818213 0.02229881 -0.13806374
v 0.67327243 0.21961805 -0.03920162
v 0.51491523 -0.05225558 -0.15984635
v -0.11921355 0.36370385 0.37968984
v -0.07729466 -0.22271517 -0.59892315
v 0.63754302 0.05203719 0.01353040
v 0.50375026 -0.00689474 -0.19713371
v -0.29351217 0.25309369 -0.35753992
v 0.60752362 -0.04177727 0.08827677
v 0.53349286 -0.14587638 -0.26963654
v 0.02608970 0.34827802 0.27128983
v -0.32300991 0.33754224 0.24939071
v -0.67162859 0.14503586 -0.02459955
v 0.33607692 -0.31259409 0.30408189
v 0.17267756 -0.27302477 0.48113275
v -0.77874041 -0.03103092 0.06651424
v -0.08091260 0.32157785 0.33967602
v 0.23785067 0.29188332 -0.08272303
v 0.75492811 0.23374929 -0.10991369
v 0.03015178 -0.15465030 0.53938705
v 0.56329155 -0.07252835 0.15173519
v 0.35658506 -0.19854154 0.34442437
v 0.19118933 -0.39766395 0.00751674
v -0.52656573 -0.16570637 -0.24771582
v -0.18049207 -0.12116517 -0.62474638
v 0.51991421 -0.14095142 -0.23607770
v 0.05760921 -0.19741517 -0.56592941
v -0.13039365 -0.20984170 0.54005039
v -0.26310247 0.37744001 0.08566470
v -0.51881850 -0.16825122 -0.25864178
v -0.18474144 -0.08045815 -0.59783757
v 0.02390072 -0.36678174 -0.25117746
v -0.02593968 -0.23475261 -0.60850275
v 0.03080237 0.12568355 0.49357128
v -0.34536943 0.24578136 0.39665514
v -0.46094194 -0.02668753 0.42232090
v 0.19277942 -0.40069437 0.24580471
v -0.30525392 -0.36710742 -0.38404050
v 0.46551043 -0.24886294 0.12930492
v -0.36187378 0.12117653 -0.42111379
v 0.72648966 -0.03952225 -0.07911217
v -0.58283687 -0.11966253 -0.19161472
v 0.12488114 -0.30184674 -0.54778737
v -0.32474437 -0.03118655 0.50165987
v 0.51149440 -0.11035132 0.15960437
v -0.24076028 0.18176484 -0.46971294
v 0.72085792 0.03800651 0.04463077
v -0.24033904 -0.36754167 -0.35556787
v -0.33486551 0.27823707 -0.23810379
v -0.40812719 0.21959113 -0.23334049
v -0.46360606 -0.19507828 -0.33648136
v -0.21660155 0.25722888 -0.35478872
v -0.17256874 -0.36421153 -0.31339025
v -0.83819830 0.21613505 0.00538568
v -0.45112073 -0.32328996 0.02388460
v 0.40565521 0.01305017 -0.33237040
v 0.52134252 -0.03716439 -0.15966284
v 0.58760738 0.11053401 -0.00493839
v -0.26727438 0.11531609 -0.48240453
v -0.41554660 0.10613351 0.35073140
v -0.31945115 -0.29912895 -0.34180278
v 0.44794005 -0.17619371 -0.29671681
v 0.09867008 0.16064221 -0.56208909
v 0.35479629 -0.02011104 -0.42432368
v -0.30886161 0.22670849 -0.35496446
v -0.60040128 -0.00711259 -0.15204556
v -0.17270148 -0.13853753 -0.59540933
v 0.67224711 0.13954410 -0.11310488
v -0.04253588 -0.30094466 0.47165805
v 0.52356905 -0.10916571 -0.21315649
v -0.62550765 0.24509905 0.02842458
v 0.12551033 0.26765159 -0.37968338
v 0.56640571 -0.00602557 0.09039626
v -0.54557842 0.29603302 -0.02103510
v -0.61953294 -0.14529946 -0.03330498
v -0.23081300 0.21360740 0.43999693
v 0.09243111 -0.16031863 -0.56540012
v -0.03474788 -0.22080532 -0.60583544
v 0.33736801 0.29514137 0.01261275
v -0.37289837 -0.01666444 -0.48430204
v -0.16786645 -0.25786668 0.51782268
v 0.49007908 -0.11022859 0.17128089
v 0.53445023 -0.07471379 0.14874405
v -0.63579708 0.16884613 0.00557394
v 0.07394563 -0.32885388 0.42079082
v -0.42989671 -0.03275487 0.36982134
v 0.12276788 -0.36972511 -0.04516830
v -0.32708752 -0.08903198 -0.48665866
v 0.00579687 -0.26173273 0.50230557
v 0.35031536 -0.33246243 -0.31542042
v -0.57758439 0.03758196 0.05384932
v -0.60476184 0.28557503 -0.05631500
v -0.36101428 0.29824394 -0.19830635
v -0.58299184 -0.11073281 -0.15010346
v -0.03820480 0.40776202 0.00203819
v 0.12462278 0.38393766 0.15376019
v -0.60378414 -0.05154566 0.10621774
v -0.57678992 -0.17131126 -0.07398558
v 0.68676472 0.18157318 -0.02626039
v 0.54038775 -0.22436811 -0.18617298
v -0.23240609 0.10333380 0.45397744
v 0.12103091 0.33746877 -0.22390366
v -0.72155339 0.15771759 0.04335528
v -0.30295482 -0.09540854 -0.49609941
v 0.61215806 -0.00915164 -0.04175076
v -0.63810545 0.19374134 0.00158380
v 0.29481381 -0.35190809 0.22253606
v -0.15883832 0.40744403 -0.07509795
v 0.32159457 -0.14363936 0.40693098
v 0.01033289 0.35906547 0.36760446
v -0.56306177 -0.04570487 -0.07699208
v 0.35646749 -0.24483156 0.38353837
v -0.28713003 0.10740016 -0.48643968
v 0.60337728 -0.01459223 0.08311898
v 0.72292906 0.11601670 -0.01371105
v -0.34473228 0.34463996 0.08081210
v 0.04156077 0.37291124 0.13342097
v 0.31392163 -0.26408154 0.39068019
v -0.21227576 0.34393641 0.24204814
v 0.18974581 -0.39496952 0.17266700
v -0.28446618 -0.37450668 -0.30675644
v 0.46040606 -0.17756501 0.23564795
v 0.11496337 -0.30947369 -0.43645805
v 0.35786557 -0.09515367 0.36010391
v -0.03237830 -0.02025757 0.52462018
v 0.00276253 -0.17580651 -0.59770644
v -0.11618152 0.32953659 0.35670367
v -0.29020634 -0.22432901 -0.49378157
v -0.33649898 -0.27585828 -0.46231943
v -0.02264692 -0.06223802 -0.62275445
v -0.46081027 -0.14892361 -0.42590204
v 0.44136369 0.14200889 0.19678560
v -0.44441980 -0.31011748 -0.11639886
v -0.31307578 -0.34575975 -0.39920536
v 0.39945287 -0.07936115 0.31791842
v 0.61490315 0.23148851 -0.02292252
v 0.00054962 0.02427781 0.54947144
v 0.28194666 -0.38534570 -0.02709675
v 0.55784893 0.01937447 0.08571458
v 0.12592335 -0.39009696 -0.04592855
v 0.42339250 -0.07445021 0.28309581
v -0.22584331 -0.41170615 -0.25808904
v 0.31784391 -0.28764775 -0.35846055
v -0.56885535 0.26231334 -0.00878669
v 0.37334338 0.16706195 -0.18582013
v 0.42830557 -0.01595932 -0.36003479
v 0.18642840 -0.18030183 0.51328659
v -0.20956144 0.35603845 0.07300088
v 0.11707755 -0.37954468 0.37255713
v 0.05519186 0.36287066 0.40940061
v 0.24498983 -0.33776668 0.35079563
v -0.23456754 0.33459160 0.35805655
v -0.02294620 0.30430391 -0.26363137
v 0.29209659 0.21227434 -0.32973170
v -0.08293768 0.34731582 0.32399112
v -0.62251830 -0.20879006 -0.00630194
v 0.32952076 -0.37541440 -0.14022616
v 0.58579481 -0.05676907 0.11555445
v -0.32512215 0.21448240 0.41366202
v -0.43912375 0.27685586 0.20315576
v -0.42363718 -0.17505585 -0.40429008
v 0.24045883 -0.08293615 -0.52267122
v -0.29253674 -0.28506854 0.41709048
v 0.01420502 0.34454504 0.30867523
v 0.22736609 -0.37642574 0.24923722
v -0.27713957 -0.34824738 -0.35973871
v 0.52526844 -0.07207154 0.16508242
v -0.13603167 -0.15101755 0.56313217
v -0.39919609 -0.17312835 0.42041320
v 0.37085062 0.28745908 -0.05808045
v -0.48576096 -0.09686342 -0.41686684
v -0.47611409 0.03556652 0.31529856
v -0.84800792 0.10579124 0.00855677
v 0.13272072 0.32422608 -0.15661156
v 0.01361837 -0.16120298 -0.59686708
v 0.56213760 0.00297933 -0.09783768
v 0.24676102 0.14906394 -0.41696942
v 0.54561418 -0.05604626 0.00301254
v 0.13777345 -0.37704536 -0.06159940
v 0.23650599 -0.19809820 -0.56243694
v 0.43957806 -0.26551861 -0.29518831
v 0.47469282 -0.05057551 0.24531779
v -0.13296938 0.17325613 -0.52731097
v -0.63960886 -0.15853180 0.00372215
v -0.29540727 0.20008779 -0.34855500
v -0.42087066 0.28933355 -0.02613488
v 0.59607816 0.01440201 -0.00305997
v 0.01227916 0.46010259 -0.00417247
v -0.18212985 0.02948286 -0.52104527
v -0.46581921 0.28330460 0.03593308
v 0.18553865 0.26849699 0.37469798
v -0.29594004 -0.22485021 -0.50592148
v -0.36311030 0.23386471 0.32099786
v 0.50117028 -0.01195766 -0.14047691
v 0.05167638 -0.15999831 -0.57976878
v -0.01193039 0.34814698 0.26442879
v 0.20186210 0.30742228 0.38702133
v 0.31128043 0.28169304 0.22067782
v -0.19518366 0.35496381 0.32589385
v -0.61096251 -0.07534469 -0.06189264
v 0.08967037 -0.29700762 -0.56609672
v -0.48694557 0.27017027 -0.04453910
v -0.25429475 0.35502926 0.27447802
v -0.51533514 -0.28942117 -0.00610481
v -0.14580441 0.35934037 0.34901777
v -0.15912056 -0.28002775 -0.47707838
v 0.08875035 0.36002341 0.27849174
v 0.03409354 -0.16536044 -0.59152889
v -0.32332253 -0.30586165 -0.32434112
v 0.37293920 0.29793561 0.04470791
v 0.51391965 -0.15481728 0.08808517
v -0.22680110 -0.17597976 0.55543131
v -0.57419640 -0.06913945 0.13669020
v 0.73007041 0.19886151 -0.07897491
v 0.52185535 -0.00514711 -0.19457325
v -0.51567739 -0.18626629 0.27863500
v 0.11238486 0.37007445 -0.02673288
v 0.52971524 -0.22759175 -0.19063288
v -0.12311327 0.01757370 -0.51855654
v -0.33852568 -0.06829049 0.49934515
v -0.21833949 0.07521682 -0.51078236
v -0.29750702 -0.39732659 0.09580823
v 0.17610133 -0.25312075 -0.48409492
v -0.30322081 -0.35431769 -0.34383133
v 0.53432542 -0.08779360 -0.19899562
v -0.43770987 0.21991158 -0.20657030
v -0.29895702 -0.11442270 0.54623258
v -0.31672561 0.28180277 -0.30552784
v -0.49901992 0.00592715 -0.36736995
v -0.36048794 -0.33841804 -0.21209510
v 0.22628929 0.20163831 0.40414774
v -0.27772030 -0.28887460 -0.49174765
v 0.20113067 0.29862270 -0.09903691
v 0.56322980 0.22591880 0.01176926
v 0.48440021 -0.30313361 -0.10211460
v -0.00350531 -0.07164706 -0.58422548
v 0.08091529 -0.26250461 -0.58649462
v -0.22592400 0.36271107 0.30749112
v 0.36706409 -0.33868894 0.18652917
v 0.40059474 0.10186236 0.29718232
v 0.05206884 -0.38198051 0.19370328
v 0.38119569 -0.00900861 0.31478411
v -0.49160451 0.21304053 0.10212756
v -0.40217087 0.34134626 0.07935817
v 0.34221318 0.30902928 -0.03494678
v -0.39098600 -0.16778800 -0.44870466
v -0.52804404 -0.08887050 -0.30166143
v -0.31846517 0.35828361 0.25559798
v 0.43059057 -0.00874591 -0.34170896
v -0.16950248 -0.25200909 0.47103637
v 0.18684529 -0.33022866 0.38785502
v -0.16725534 -0.00210246 -0.51559502
v 0.71772945 0.20119008 -0.08436725
v -0.23114046 -0.13429302 -0.54819345
v 0.35645872 -0.28876051 -0.37420538
v -0.40834320 0.02718947 -0.44325870
v 0.17621051 -0.36963063 -0.14286289
v -0.26134896 -0.36735618 -0.37576729
v 0.15927149 -0.33364141 0.38496500
v -0.49741882 0.21578600 -0.10241753
v -0.56451941 0.12211929 -0.10646665
v 0.38944998 -0.01682537 -0.40229729
v 0.43777731 -0.28713584 -0.01169566
v -0.06382993 -0.38435850 0.09144410
v -0.48570377 -0.21612099 -0.18218622
v -0.00349435 0.37046441 0.38064110
v 0.17276698 -0.36033112 0.29329255
v -0.18284041 -0.28766462 0.43931490
v -0.21696714 -0.39773250 -0.35697955
v 0.48055273 -0.24877158 0.24123588
v 0.44277871 -0.26568490 -0.34255448
v 0.64533043 0.06016469 0.03858314
v 0.62888753 0.14872922 -0.00101030
v 0.31995377 0.16064307 -0.32688382
v 0.33541656 -0.34961003 0.16417815
v 0.03222524 -0.33558342 0.46148586
v 0.00048211 -0.33941281 0.43914536
v 0.75707000 0.20859900 -0.06166952
v 0.44603950 -0.11167713 -0.27815050
v 0.57590544 -0.04487721 0.09667119
v 0.59880406 -0.13773327 0.00865046
v 0.51476103 -0.10504512 -0.19482034
v -0.25839019 -0.37971181 -0.37198102
v 0.41942093 0.04286107 -0.25414819
v 0.37995186 -0.16371147 -0.39799565
v -0.10579459 -0.17602560 0.54611039
v -0.01430536 0.44438478 0.08483748
v 0.13157102 -0.39400572 0.14032324
v -0.15450801 -0.31723642 0.45485932
v -0.34594008 0.22152403 0.39034435
v -0.16824935 -0.24968570 -0.53733003
v 0.35895377 0.15055960 -0.29828995
v -0.09720092 -0.13577315 0.57684720
v 0.53313059 -0.10604268 0.15097886
v -0.33914888 -0.29401770 -0.39585096
v -0.25015926 -0.27471188 -0.46645319
v 0.38775659 -0.12442793 -0.36489549
v 0.56879562 0.26760823 -0.01852015
v 0.07940944 -0.35670608 -0.31667042
v -0.23852387 -0.16990648 0.49761403
v 0.33657837 0.17994530 0.32112092
v -0.10229855 -0.37810594 0.18122026
v -0.39344376 -0.15522374 -0.51945233
v -0.41947955 0.23591733 -0.23097029
v -0.74548244 0.22003978 -0.01511947
v 0.70691025 0.15020923 0.01641264
v 0.20696370 -0.37783146 0.19157033
v -0.06920592 -0.21844691 -0.61302185
v -0.06107686 0.34239370 0.43453869
v -0.55331147 -0.04881820 -0.06667571
v -0.42315197 -0.14700283 -0.48801312
v -0.00565164 -0.38728538 -0.00669395
v 0.03512637 -0.19712608 0.55536658
v 0.37927192 -0.27551684 0.24416572
v 0.60502511 0.04375251 -0.07396862
v -0.00956742 0.38191953 0.37674803
v 0.00483156 -0.32570991 0.46632603
v -0.35520494 -0.22238258 -0.46771708
v -0.23504579 0.12193152 -0.48579988
v -0.30188978 -0.12399618 0.45444697
v 0.27984536 0.29293212 -0.19549198
v 0.04112749 -0.19184324 -0.60087037
v -0.34232533 0.21210623 0.43052474
v -0.04511379 0.30348450 0.41262808
v 0.22993170 0.29772818 -0.03561329
v -0.29388440 -0.37169886 -0.36059040
v -0.35569671 -0.32308602 0.27505064
v 0.37448800 0.26037279 -0.04960026
v -0.61393142 0.17607398 -0.04911141
v 0.23130877 -0.29286790 0.38103271
v 0.10711826 0.31346667 -0.28267655
v 0.17447229 -0.22389084 0.47218427
v 0.26805186 0.17005464 0.41700470
v -0.16395929 -0.37168345 -0.08984245
v -0.02827330 -0.38782501 0.15724635
v -0.24960266 0.35501286 0.38260746
v 0.05631762 -0.19232240 -0.56861395
v 0.21159634 0.29827344 -0.00218792
v -0.20231758 0.35881472 -0.10706048
v 0.53112853 -0.09705724 0.05841301
v -0.41350907 -0.14696364 -0.46521989
v 0.42219061 -0.13319345 -0.40524262
v -0.60927719 0.26968303 0.04719472
v 0.26258925 0.22353284 0.37909645
v 0.50248998 -0.27374816 -0.10153531
v -0.20773052 -0.38549587 -0.36052328
v -0.30175886 0.34800702 0.27553082
v -0.16171302 -0.29680303 0.47297028
v -0.55225939 -0.17189474 0.13986160
v -0.12985635 -0.02365711 -0.57450545
v 0.53790176 0.09526379 0.05369344
v 0.41448790 -0.30668873 0.18234582
v -0.14222305 0.31451052 0.30160922
v -0.53630388 -0.01789186 -0.09219430
v 0.28858083 -0.30093619 -0.41748366
v -0.47355962 -0.06181705 0.34963685
v -0.30013943 -0.13996148 0.50367522
v 0.17388178 0.35283101 0.16599178
v 0.42478612 -0.17412855 0.25845239
v -0.17596722 0.19906060 -0.38874269
v -0.53723383 0.09761614 -0.12258203
v 0.25141987 0.31945634 0.11950153
v 0.73340368 0.24285905 -0.05972806
v -0.22379723 0.15673827 -0.51143235
v 0.46903372 -0.29272354 0.08802907
v -0.58686173 0.28819135 0.03832753
v -0.22771865 -0.34681806 -0.42164701
v -0.33477771 -0.02802635 -0.50115412
v -0.31309494 0.32014564 -0.16371705
v -0.34713256 -0.32180211 -0.35393661
v -0.45115227 -0.27239332 -0.28558168
v -0.39718932 0.24950323 -0.27266946
v 0.52860248 0.10685132 0.05128267
v 0.29425445 0.29074547 -0.04946853
v -0.07679392 -0.20963681 -0.61418664
v -0.35073262 -0.30253649 -0.41738704
v -0.25113356 -0.39871913 -0.26927185
v 0.00028457 0.24751648 0.44194674
v -0.62382472 0.27524188 -0.05127853
v 0.23196000 -0.38216153 0.17097738
v -0.14415582 -0.06236697 -0.55937326
v 0.53672022 -0.07702461 0.13182700
v -0.44121605 -0.14897522 0.37969324
v -0.53489584 0.31776106 0.03470641
v 0.33417147 -0.29650497 0.29671782
v -0.27709723 -0.29321387 -0.44463867
v 0.18657075 0.32733247 -0.07078513
v -0.39940667 0.22440961 -0.26262748
v -0.03924436 -0.28909868 0.48735654
v 0.48209411 0.17693615 0.08609971
v -0.24836951 0.21807463 -0.45540440
v -0.60810018 0.27061954 -0.00050618
v -0.39546895 0.09799828 0.37926477
v -0.20326345 0.37160474 0.24427399
v -0.18059748 -0.33227408 -0.37406713
v 0.43520379 -0.29496825 -0.08033851
v -0.29893130 -0.32331410 -0.47208145
v 0.09009033 -0.37891871 0.32489857
v -0.26866367 0.27671432 0.36210999
v -0.32237902 0.31804800 -0.12445637
v -0.04953563 -0.32167077 0.50884998
v 0.37027150 0.15610926 0.40601686
v 0.46994948 -0.06514714 -0.15694457
v -0.00743097 -0.10567856 -0.60474312
v 0.37386599 -0.00840550 0.38861227
v -0.14099367 0.34961027 0.34020671
v -0.00618078 0.28096837 -0.38568839
v -0.17562863 0.41223389 0.06118469
v 0.21671894 -0.29923248 0.38134235
v -0.11820865 0.42496455 0.03541686
v -0.39145988 0.22914276 -0.28962541
v 0.70906460 0.23481739 -0.04112298
v 0.51549155 0.04288448 -0.08598802
v 0.20666732 0.35972440 0.27417782
v -0.05938003 0.34950528 0.42552128
v -0.11803883 0.35985184 0.36351991
v 0.01606011 -0.27771538 -0.52722049
v 0.34391150 0.19790773 -0.28162724
v 0.31566939 0.30200085 0.25104952
v -0.51205343 0.18895605 0.19363591
v -0.22185349 -0.41588774 -0.27883849
v -0.42447835 -0.17603779 -0.41264719
v 0.02170753 -0.38786435 0.25746909
v -0.33908358 -0.27790713 -0.38900933
v -0.18774582 -0.36877924 -0.09125146
v -0.42207718 0.01278073 0.42726162
v 0.00818605 -0.08176541 0.55610210
v -0.28510621 -0.38190022 -0.33604342
v -0.52185059 0.22720265 0.09145513
v 0.10121398 -0.40097982 0.05490861
v -0.32507926 0.28695574 -0.22863944
v 0.35948950 0.30513412 -0.23537584
v -0.56416410 -0.11581253 -0.12719816
v -0.29949462 0.33795410 0.05498559
v 0.60052693 0.25964832 -0.06468229
v -0.25270969 -0.28665629 -0.43887720
v 0.21112119 0.36015600 0.02510913
v 0.69251859 0.06555313 0.00038867
v -0.28421283 0.37569180 0.01868510
v 0.03805217 -0.16564488 -0.61256123
v 0.62716985 0.07181743 -0.07564415
v 0.69582748 0.21658583 -0.03515916
v -0.43972510 -0.12061922 -0.43010402
v 0.48716986 0.05858156 0.20373556
v 0.62379271 0.00608670 -0.06883448
v 0.05370885 0.36601144 0.18580848
v -0.29065156 -0.35620531 -0.35250235
v 0.35880354 0.19693050 -0.32611823
v 0.66843575 0.06698242 0.09693559
v -0.02632242 0.39214352 0.03967004
v 0.46835941 -0.27236974 0.07295075
v -0.31357688 0.30338359 -0.16989958
v 0.58116210 0.20922934 -0.15759155
v -0.52549773 -0.13481802 0.22261396
v 0.50881082 -0.09848112 0.16358036
v -0.29505306 0.26371956 -0.30103558
v -0.42907435 -0.24076861 0.38847739
v -0.52813196 -0.19197358 -0.20529372
v -0.40054578 -0.16676909 -0.48309287
v -0.17681578 -0.15173697 -0.56266356
v -0.32232282 0.28525949 -0.24781516
v -0.26287377 0.30874395 -0.17514282
v -0.51678222 0.02943316 -0.23311438
v -0.44172925 -0.06380171 0.44200546
v 0.18850981 -0.28110358 0.48682654
v -0.49960124 -0.21579421 -0.23275739
v -0.34226665 0.19188544 0.41535693
v 0.47136307 0.05779435 -0.24889661
v -0.25357741 -0.33821905 -0.38289690
v -0.21363339 0.35094094 -0.00547654
v 0.19232997 -0.24547224 -0.51547170
v 0.29661942 -0.37204367 -0.05672378
v -0.12253280 -0.19100523 -0.56973767
v 0.56789368 -0.08294868 0.08578022
v -0.25793034 -0.35340685 0.00055630
v -0.25625470 -0.39050213 -0.31447265
v 0.53775311 0.09827053 0.07907090
v -0.15201245 -0.03489783 -0.62025911
v -0.28641784 -0.25354311 -0.46773398
v 0.49641076 -0.25281590 -0.09924176
v -0.20349026 0.27118123 -0.36489558
v -0.20155966 0.03507108 -0.52508247
v -0.18850017 -0.03215985 -0.55826342
v 0.22877038 -0.35267672 -0.26094276
v -0.33122674 -0.35376808 -0.35094926
v 0.03442002 -0.23940416 -0.56402040
v 0.39010033 -0.21501420 0.32553601
v -0.37831044 -0.32409057 0.22835959
v -0.69840664 -0.04097223 0.09904169
v -0.04507557 -0.14838797 -0.60163552
v -0.70602334 0.24583595 0.03373123
v 0.40166289 0.23630966 -0.04385703
v 0.10445695 -0.24807490 -0.51987278
v -0.92102849 0.05422580 0.02197336
v 0.38391209 -0.30490345 0.31011897
v 0.59396082 -0.13070202 0.12135190
v 0.13685317 0.36923137 0.00735858
v -0.67820090 -0.11117312 0.02728824
v -0.28041619 0.32472679 0.26217991
v -0.22558448 0.18404990 -0.49622303
v -0.67295825 0.25337487 0.06594738
v 0.40537086 0.04135596 0.29268155
v 0.10520525 -0.39199504 -0.03317182
v -0.34292880 0.26238686 -0.25452301
v 0.08926731 -0.39415860 -0.03017414
v -0.55603564 0.25654042 -0.00648683
v 0.12365866 0.36469141 0.36891317
v -0.44878426 0.05323990 0.33711308
v -0.02570990 0.36894095 0.28193352
v -0.42998886 0.18097335 0.31717068
v -0.31613782 0.31520793 0.00194994
v 0.08878754 -0.20283549 0.55850178
v 0.54846096 -0.07914521 0.01568481
v 0.13321725 0.34112239 0.38549915
v -0.29213133 -0.13645019 0.53643346
v -0.42187506 0.33098701 0.20633544
v -0.11989823 -0.32759559 0.48892820
v -0.59217405 0.07375184 -0.12172204
v 0.26373988 -0.13834199 -0.53317046
v -0.42969367 0.04671381 -0.40018573
v 0.10884340 -0.23797198 -0.54758573
v -0.35986876 0.33878568 0.06315211
v -0.04163354 -0.22530441 -0.58275741
v 0.39319342 -0.34214228 0.20337790
v -0.59508318 -0.21625206 0.06241892
v -0.05581262 0.19689587 0.50412291
v 0.23960310 -0.34133729 0.31311393
v -0.33827770 -0.27291900 -0.45045099
v -0.44824818 -0.19792160 -0.32157195
v 0.48395088 -0.31602317 0.08752737
v -0.03573041 -0.26413518 -0.51393652
v -0.38957143 0.31996611 0.14620394
v -0.00515814 -0.35819072 0.37945309
v -0.05749135 0.26580209 0.47700816
v -0.19954067 -0.38285169 -0.34762496
v 0.17108895 0.29935721 0.36960429
v 0.67401499 -0.00643226 0.07310805
v -0.62546790 0.21850371 0.00799486
v 0.13664132 -0.23629031 0.48754743
v -0.19801669 -0.35314825 -0.22279543
v -0.57415164 0.17514805 -0.11971959
v -0.32399255 -0.02169417 -0.46399534
v -0.25968003 -0.30420476 -0.48707539
v -0.33308834 -0.29753882 -0.40680414
v -0.43950886 0.21854652 -0.26519266
v 0.06194429 -0.16620073 -0.56552601
v 0.19305511 0.34665495 0.12640843
v -0.27840114 0.22814390 0.42745003
v 0.12221047 -0.38131133 0.17795287
v 0.22336407 0.31090963 0.02143820
v -0.08261628 -0.14152047 -0.62740636
v 0.18329965 0.24188350 0.38857380
v -0.37071130 0.29425749 -0.01234001
v -0.06882301 -0.16231598 -0.60964739
v -0.51480377 -0.26574951 0.04331608
v 0.39435118 -0.12161102 0.32548273
v -0.23522116 -0.37040287 -0.36946267
v -0.08370945 -0.17296961 -0.57278484
v 0.08856560 0.36914498 0.33321294
v -0.23243132 0.20458841 -0.40755370
v 0.38771167 0.13399945 0.35564762
v -0.35400099 -0.36403936 0.05693940
v 0.03315700 -0.15371650 -0.62210250
v -0.30966514 -0.24062847 -0.50492251
v -0.20326987 0.35575834 0.25823504
v 0.27206433 -0.20675896 0.45514786
v 0.09915698 -0.35878074 -0.37468249
v 0.66819197 0.03187940 -0.02569790
v 0.23616773 -0.36987641 0.23804154
v 0.60740167 -0.07936832 0.10469516
v 0.67281067 0.10197266 -0.02310985
v 0.20712942 -0.37012523 0.27646381
v -0.10087642 -0.34051159 0.39553210
v 0.37262607 0.25625429 -0.17206416
v 0.52593517 -0.04079111 -0.20064858
v 0.16785154 0.34897807 0.28115922
v -0.48411036 0.04471036 -0.26254106
v 0.33131331 0.28204349 0.09057073
v -0.06840090 -0.37218535 -0.15253031
v -0.26270157 -0.41418323 -0.28210348
v -0.21868359 0.01771803 -0.53098291
v -0.19783023 0.34783581 0.16389275
v -0.47520122 0.07938483 -0.20135027
v 0.10413814 -0.16620651 -0.57360619
v -0.26779711 0.37632009 0.32732841
v -0.70668018 0.18555522 0.06061905
v 0.45111966 0.22581248 0.05905903
v -0.43570465 0.30731905 -0.16325235
v -0.32928228 0.29961520 0.33523539
v 0.54221278 0.07388829 0.12731925
v -0.47636116 0.12190107 -0.25638092
v -0.52657294 -0.08602796 -0.31221616
v -0.08804674 -0.05512084 -0.57459700
v -0.26893336 -0.25215572 -0.50772846
v -0.09805328 0.01494902 -0.53775507
v 0.64560819 -0.04884715 0.13421501
v -0.23136203 -0.35990173 -0.42271018
v 0.21824765 0.13921727 -0.46333364
v -0.08728424 0.33733180 0.43498552
v -0.30556905 -0.32702973 -0.39879283
v -0.66507733 0.05631177 -0.03572814
v 0.60183996 -0.01055462 0.05982497
v -0.45762151 -0.01109332 0.38661218
v -0.66810614 0.23117602 0.01770841
v -0.46874982 0.21042508 0.27269328
v 0.44258314 0.08941444 0.15180513
v 0.52134234 -0.26097399 -0.02481239
v 0.64675528 -0.03057072 0.10971172
v 0.21985318 0.20994909 -0.42985117
v -0.23257115 -0.35479051 -0.41737211
v 0.44183600 -0.31061894 -0.07462277
v -0.29607740 0.22906291 -0.34855872
v -0.31819671 0.12744805 -0.45965120
v 0.47462341 0.12869191 -0.09249475
v -0.59747225 -0.17011532 0.04874244
v -0.65483445 -0.13193597 0.03380809
v -0.49142784 -0.23556477 -0.20375085
v 0.40040010 -0.27178901 -0.28269917
v 0.02389407 -0.37580478 -0.20490092
v 0.11238392 0.36034977 0.03616280
v 0.27370372 0.25547415 -0.31749541
v -0.23042968 -0.35144991 -0.43210244
v -0.30548543 0.32311884 -0.24327303
v -0.28072575 -0.09625385 0.54045290
v 0.46553782 0.24812031 0.06516568
v -0.00716944 0.35462368 0.16937235
v -0.38774005 0.21439758 -0.32249725
v 0.01613793 -0.16728999 -0.55531830
v -0.16614133 -0.24775286 0.55503911
v 0.55895567 -0.22417203 0.05866205
v 0.00051591 -0.31263819 0.45547807
v 0.39187062 -0.19386898 0.31449047
v -0.30692154 0.16123118 0.40744933
v 0.44663113 -0.05491824 0.25914556
v -0.16472627 0.23625113 -0.44519925
v -0.15705298 0.37572271 -0.06070339
v 0.24559975 0.13020940 0.43592536
v 0.07114358 0.38496912 0.03236385
v 0.07003989 -0.37890127 -0.04455537
v -0.24976827 0.25344908 0.41350704
v 0.41837934 0.01843083 -0.27329230
v -0.33883449 -0.19209538 -0.53246999
v 0.38086444 -0.12726977 0.39858487
v 0.40340361 -0.21642336 0.31570825
v -0.38980842 -0.24202329 -0.42598307
v -0.16846788 0.37908748 -0.05632624
v -0.34023759 0.01475320 0.50131857
v 0.45483315 0.10198006 -0.23227143
v -0.56572121 0.26702675 0.02033309
v 0.22547628 -0.26726747 0.43422914
v -0.26608342 -0.37343657 0.10666555
v -0.11587655 -0.12485895 -0.60356879
v -0.05614506 -0.37607065 0.10354528
v -0.42857730 0.25525343 -0.08318605
v -0.18565640 0.31277448 0.41433313
v -0.59151965 -0.15469541 -0.08824437
v 0.03230008 -0.23997410 -0.56839907
v 0.39040831 0.13574821 0.35743529
v -0.30756810 -0.26634443 -0.45401338
v 0.69062591 0.02950419 -0.07739756
v -0.24981251 0.27820998 0.44581446
v -0.11680198 0.32465473 0.32024318
v -0.20137845 -0.14386483 -0.55228180
v -0.28862223 -0.36843249 -0.33788598
v 0.44408804 0.21465099 -0.15380280
v 0.65273976 0.04647069 0.03841297
v -0.40792498 -0.34575048 0.05359740
v -0.28830883 -0.41264725 -0.30203396
v 0.70575726 0.11615778 0.00951974
v -0.65410137 0.17611846 0.03830808
v -0.45143393 -0.07868152 -0.44995123
v -0.23534869 -0.38205993 -0.36168486
v -0.03872849 -0.36779001 0.30544144
v -0.63830805 -0.17529672 0.00072971
v 0.21925601 0.35686100 0.27150762
v -0.32301793 -0.17692091 -0.51998651
v -0.07467484 0.46290433 0.05480941
v -0.10956000 -0.04317442 -0.58511060
v -0.38448504 0.30981460 -0.04959597
v -0.28630280 -0.37847328 -0.33135268
v 0.11642244 -0.21527141 -0.59000534
v -0.23157437 0.01333586 -0.52538836
v -0.17765930 0.14221328 -0.46110502
v 0.10951795 -0.34799743 0.38389847
v -0.32524586 -0.16549829 -0.50003719
v -0.10376839 -0.36642033 0.01897827
v -0.34023684 0.26248357 -0.27198580
v 0.60790163 -0.02112328 -0.11062635
v -0.36709949 -0.25013721 -0.45029151
v 0.55279046 0.00222886 -0.11946003
v -0.41743982 0.12070558 -0.37809876
v 0.03558509 0.27296650 0.46783501
v -0.51537126 -0.14988485 -0.34721363
v 0.58553922 -0.00757593 0.07992306
v 0.66927087 0.24504286 -0.04433638
v -0.82214797 0.12290693 0.03850096
v -0.36288157 -0.17394665 -0.46477783
v 0.28905529 0.32024026 0.04371928
v -0.18987882 -0.11300085 -0.57832700
v 0.15183029 0.37603453 0.00439511
v 0.37518895 -0.16550958 0.39891991
v 0.66718996 0.11048679 -0.09711677
v -0.49647614 0.18943973 -0.08478947
v -0.67111081 0.15188187 0.03288411
v 0.67368579 0.12685975 0.03492764
v 0.35365140 -0.34379178 -0.12992956
v 0.48492992 -0.28899136 -0.01327553
v 0.65840214 0.10170732 0.00136086
v -0.29866517 0.22236876 -0.36498690
v -0.30817091 0.33153546 0.27992830
v 0.11250947 -0.25964585 0.51741773
v -0.03777311 -0.36892381 0.27664536
v -0.00658397 -0.37609088 0.12853232
v 0.31528929 -0.39246973 0.10523047
v 0.18547390 -0.31532627 0.40708542
v 0.29391629 0.26874515 -0.01348738
v -0.60024184 0.04067112 -0.04003677
v 0.55686200 0.15002021 -0.06292420
v -0.02288854 -0.34206751 0.48964697
v 0.02828655 0.38584960 0.06627604
v 0.36635616 0.24416631 -0.07105455
v 0.49198788 -0.13118620 0.17361134
v -0.77562904 0.24016002 0.01751064
v 0.11017539 -0.13103759 0.56287926
v 0.07094045 -0.38992500 -0.05848168
v -0.12631723 0.36564088 0.26387489
v -0.28447202 -0.26500860 -0.51330429
v 0.45329648 -0.27076226 -0.27104867
v 0.40169013 -0.08742800 0.31868070
v 0.86397320 0.19124278 -0.09662139
v -0.29550812 0.16262913 -0.43944472
v 0.35139579 -0.40345278 0.03286660
v -0.35168469 -0.24851477 -0.40931934
v -0.22553168 0.32221425 0.39827329
v -0.19375685 0.36409765 0.33694515
v 0.64795649 0.03392894 -0.11638570
v 0.54034901 -0.08484865 0.15329126
v -0.37520695 0.19665603 -0.35107878
v -0.40714645 -0.04629461 0.43136942
v -0.56815588 -0.10527045 -0.06604504
v 0.04324520 -0.36744630 0.16541825
v 0.38509092 0.19531773 -0.23480120
v -0.16843200 0.35473943 0.38190377
v -0.43178096 -0.09965712 0.37749052
v -0.70867860 0.12131306 -0.01405530
v 0.53775817 0.05829636 -0.03980403
v 0.05968960 0.38456732 0.01964390
v -0.18763815 0.38134408 0.07124154
v 0.53788102 0.02375222 0.07034248
v 0.25509602 0.29427895 -0.11221953
v 0.50501388 0.01942166 -0.13623369
v 0.11100967 0.16064280 0.46186572
v -0.24444926 -0.10638376 -0.49877208
v -0.40312812 0.21262084 -0.29401264
v -0.06436516 -0.18647750 0.58009946
v -0.52417618 0.33087894 0.01060675
v -0.28024495 -0.40766570 -0.30245233
v 0.18412399 -0.38084558 -0.01799203
v -0.41894734 0.09121513 0.40934208
v 0.30543926 0.10735394 0.41541287
v 0.54993159 0.16129713 -0.00848590
v -0.26387703 -0.38071519 0.08268012
v 0.37630674 -0.25622019 0.32393882
v 0.44642025 0.08460268 -0.13593659
v 0.16395131 0.12873182 0.48182407
v 0.53152132 0.02115751 -0.09654584
v -0.08086194 -0.00632617 0.55851167
v -0.25422728 0.35057139 0.35400859
v -0.49556905 -0.27805924 -0.13932914
v 0.23442030 -0.24247900 0.40199438
v 0.71913373 0.18891561 -0.00117715
v -0.30151120 0.24593966 0.39321691
v 0.49999517 -0.15207371 0.14979851
v 0.12547077 0.15266097 -0.49299961
v -0.33218989 0.25537580 -0.29326701
v -0.44105917 0.11927193 -0.33187240
v -0.45638281 0.20981100 -0.24112026
v -0.30321312 0.09637427 -0.50126773
v -0.10355926 -0.20767477 -0.57662463
v 0.31601721 -0.39700240 0.03261464
v -0.24899274 0.07781017 -0.50384486
v -0.41325578 0.23791054 -0.24097106
v -0.16314998 -0.08422623 -0.58089626
v 0.03540290 -0.39094275 -0.03711358
v 0.33651072 -0.34321383 -0.23063463
v 0.50029343 0.23603633 -0.02215052
v -0.43860587 0.18478316 -0.29170761
v 0.24971941 -0.26189476 0.41369009
v 0.40149581 -0.23611033 0.24180785
v -0.42536995 0.15632626 0.31838655
v -0.29929003 -0.10790071 -0.52687705
v 0.06041324 -0.17236431 0.56773347
v 0.47887954 0.03046190 0.28528026
v -0.25203988 -0.39841428 -0.31112671
v 0.63842297 0.11803418 0.01151201
v 0.39901236 0.24955687 0.21078148
v -0.47712302 0.18038978 -0.10914753
v 0.15925126 -0.26019225 0.49800387
v 0.79512000 0.16221282 0.02007249
v -0.25247800 -0.43452054 -0.28317952
v -0.35002437 -0.17108181 -0.48546344
v -0.34352529 -0.13976233 0.45602655
v 0.07460078 -0.18165706 -0.56692564
v -0.36406037 0.11478700 0.44471371
v -0.33433446 0.13775219 -0.45393220
v -0.34476331 0.09015019 0.40928358
v 0.30036294 0.29344371 0.33630159
v -0.02198979 -0.18409811 -0.62315202
v 0.11388381 0.37492111 0.03240512
v 0.00858989 0.39266646 0.35597634
v -0.55820298 0.23812667 -0.04275094
v -0.35166490 -0.36606598 -0.03742720
v 0.12482710 -0.38563207 0.18254116
v -0.35994002 -0.04462166 0.49192178
v 0.66859442 0.00543492 0.06957616
v 0.26441345 -0.33982453 0.31843570
v -0.33113444 -0.37403402 -0.11816722
v -0.36138779 -0.31429541 -0.28444409
v 0.89416838 0.30150878 -0.07815230
v -0.64235461 -0.13682729 0.02351358
v -0.28488204 0.25122815 -0.32386199
v -0.21848893 0.36351144 0.16823348
v -0.03563714 0.36342070 0.32766595
v 0.40334424 -0.21158680 0.33132195
v -0.54757845 -0.17340812 -0.18941981
v -0.19755197 0.08924855 -0.51321316
v -0.31402612 0.20714019 0.39686811
v 0.03001037 -0.20217778 -0.60583758
v -0.00550589 -0.14070520 -0.59287399
v -0.55303591 -0.08530591 -0.19839373
v 0.06672551 -0.37934297 -0.14364301
v -0.34243461 -0.30000883 -0.40294358
v 0.35771859 -0.12622927 0.40087208
v -0.31918192 -0.34587070 -0.31518388
v -0.27391094 0.19747148 -0.43147045
v 0.26855043 -0.24223422 0.43595165
v 0.03424834 -0.24367249 -0.56998932
v 0.53676713 -0.04197912 0.11212525
v -0.21097872 0.24554038 -0.42249960
v 0.14715408 -0.02389039 0.53740454
v -0.32919312 -0.12566876 -0.52946299
v -0.26093918 -0.12527223 -0.55477583
v 0.59938085 0.01682877 0.06060371
v 0.47522575 0.27667525 0.06895474
v -0.41128254 0.07138221 0.41863632
v 0.10792850 0.33668846 0.26938263
v -0.06999347 -0.17304355 -0.62767947
v 0.04166817 0.39696339 0.05367345
v 0.01070464 -0.23448771 -0.62601984
v -0.30727857 0.28709444 -0.20991808
v 0.49219862 -0.22689553 0.14592499
v 0.33092895 -0.25020495 0.37378323
v -0.22985214 0.07598956 0.52298021
v -0.42995867 0.03457176 0.41172475
v 0.12345044 -0.22476202 0.50618690
v -0.06865203 -0.11193036 -0.60385472
v 0.14790337 -0.13240145 0.51674211
v -0.24399188 0.19407563 -0.46240199
v 0.69321823 0.12234458 -0.10171025
v 0.31484318 -0.06200314 0.46137369
v 0.24144286 0.29274333 -0.00204405
v 0.08554867 -0.14521135 0.58059365
v -0.29203328 0.19122878 0.45635441
v 0.17624712 -0.39783573 0.08086854
v 0.66184324 0.10761194 -0.07063829
v -0.08420859 0.13459744 -0.54621530
v -0.00456130 -0.24417567 -0.59391081
v -0.33610725 0.00152217 0.49002796
v 0.34699723 -0.32402971 0.18806118
v 0.05897303 -0.26033953 -0.59130061
v -0.22623019 -0.17228657 0.49507618
v -0.53704816 -0.12932476 -0.12782601
v -0.22939682 -0.40760422 -0.24613839
v 0.45828003 0.13586438 0.05066562
v 0.57671404 -0.19267088 -0.17278384
v -0.54906964 -0.13781722 -0.20664042
v -0.32595149 0.13360438 0.39763042
v -0.29985368 0.26593935 -0.30006576
v -0.18339553 -0.42187887 -0.26006249
v 0.45638388 0.26143503 0.01443930
v -0.61439753 -0.15328495 0.09111147
v -0.40842357 0.30066526 -0.02784674
v -0.18260139 -0.10685072 -0.62457412
v -0.35253191 0.26016545 -0.28984228
v -0.62384218 0.23333254 0.01572356
v 0.31403834 -0.37503365 0.13581753
v -0.27620244 -0.04753274 -0.53293723
v -0.10660485 -0.00800168 0.53545070
v 0.00723388 0.38900778 0.38369656
v 0.09040256 0.38263449 -0.01540645
v 0.50975180 -0.12559591 0.13787895
v -0.45377362 0.24617738 -0.14531556
v -0.51688999 -0.25520366 -0.14695469
v 0.09326568 -0.04118504 0.56681347
v 0.03883620 0.34707677 0.18680236
v 0.31544614 -0.10496248 0.43715000
v 0.22054078 0.28939497 -0.27135846
v -0.89386034 0.09759756 0.00470604
v 0.22519153 0.33724004 0.26447374
v -0.06692532 -0.15926258 -0.59810287
v -0.21191067 0.35258472 0.25809020
v 0.61572230 -0.12419438 -0.13027446
v -0.20063475 0.38432103 0.16638379
v 0.00145388 0.29983675 0.38432279
v -0.08223134 -0.31938371 0.43480790
v -0.30899206 -0.31667063 -0.38512173
v -0.02305936 0.30667537 -0.25552422
v 0.60896349 -0.02591420 -0.12333627
v 0.26182851 0.17283192 0.41439402
v -0.40090960 0.31634480 0.13794947
v 0.48390856 0.32147405 -0.00654006
v -0.26064128 0.21975356 -0.43099937
v 0.00137605 -0.23373581 -0.61072689
v -0.32771379 0.32890987 0.33087030
v 0.26702127 0.18196715 0.38072395
v -0.88533521 0.15332153 0.05025865
v -0.31140932 0.22558032 -0.36333287
v -0.80255955 -0.01012865 0.06784683
v -0.14748149 0.32703969 0.33424178
v -0.26544040 0.12611422 0.47342846
v -0.38153097 -0.18389370 -0.47589782
v -0.35259411 -0.27599430 -0.42314953
v 0.48893014 -0.18850444 0.21024531
v -0.41903377 0.00664485 0.42061338
v -0.16666523 0.26654509 0.43793830
v 0.08291415 0.30728635 -0.27413240
v -0.24793372 0.35586157 0.38158691
v -0.70046592 -0.11490869 -0.00854513
v 0.48795554 -0.27420679 -0.10332336
v -0.31549931 -0.34521431 -0.37781751
v -0.69896156 0.04069195 -0.03481241
v -0.21707405 0.23009337 0.44297403
v -0.38856775 0.32833654 0.22785890
v 0.10754903 -0.10997920 -0.56724888
v -0.23266932 -0.39166385 -0.34733015
v 0.52429616 -0.02793694 -0.14636451
v 0.20002349 0.35953173 0.10501361
v 0.58355480 0.03427146 -0.09566918
v 0.11813946 -0.24042091 -0.54488480
v 0.34751007 0.29495922 0.22360869
v -0.33533925 -0.14965448 0.47290939
v 0.51950109 -0.26530376 -0.04185920
v 0.16639365 0.29560420 -0.25992027
v 0.43400204 -0.28141052 0.15214230
v 0.79385072 0.22583742 -0.03482294
v -0.06354881 0.21883810 0.49387357
v -0.65073210 -0.14128439 0.02011663
v 0.16054407 -0.22366740 0.49328965
v 0.16859391 0.28830320 -0.34608388
v -0.33549127 -0.28676909 -0.39730966
v 0.46894678 0.11182839 -0.10311659
v -0.60169685 0.01838824 -0.08875354
v 0.51240838 0.11515178 0.09946477
v -0.68780798 0.16812785 0.02001981
v -0.51478595 0.05432660 0.22165637
v 0.38968703 -0.09397060 0.40537441
v 0.21285991 0.07497853 -0.47258478
v -0.30741689 0.24020788 -0.33091325
v -0.32293737 0.25300297 -0.36341149
v 0.44076130 -0.01081135 0.27307302
v 0.56259036 -0.00754890 0.12479399
v -0.06837814 -0.12277249 -0.62380934
v 0.65961868 -0.02264214 0.02420292
v 0.00072104 -0.14928603 -0.59394461
v 0.51985729 -0.24323398 -0.17578095
v 0.19087474 0.36144876 0.08970971
v -0.59074646 -0.11563947 -0.22372942
v -0.09852299 -0.05251723 -0.59378153
v -0.35723662 -0.31120029 0.27231175
v 0.66756719 -0.03936027 -0.11808432
v -0.29959854 -0.21674727 -0.48739195
v -0.40220511 0.23014808 -0.29562843
v 0.30601889 -0.38137487 0.00653236
v 0.36373350 0.28142563 0.15191123
v 0.48484963 -0.00962341 -0.19303527
v -0.27314135 -0.06156616 -0.54525948
v -0.26036203 -0.37116027 -0.05362350
v 0.27851349 0.28638458 -0.22795434
v -0.34072298 0.31106344 -0.18057059
v -0.25387973 -0.30191979 -0.48348773
v -0.32237729 0.29100415 -0.16705172
v 0.24137573 0.21859008 0.37578231
v 0.34421867 -0.31013316 0.28909951
v 0.41045046 -0.36675441 0.10948997
v 0.54645431 0.02033669 0.02062745
v 0.47447926 0.03478701 0.19962001
v -0.62652457 -0.03741480 0.09287969
v -0.40538615 0.31368142 0.35740110
v -0.59447962 -0.01527603 -0.07529503
v -0.07420548 -0.16489947 -0.58264041
v -0.42211187 -0.19748062 -0.37098259
v 0.41430694 -0.33214557 -0.00243657
v -0.15302522 0.38136005 0.20240328
v 0.46853775 -0.08349264 0.21848142
v 0.29484069 0.27373439 -0.11337969
v 0.69795066 0.05348029 0.00592907
v -0.34726715 0.34788150 0.03214655
v 0.58875436 -0.02621113 -0.01293353
v 0.43827331 -0.17664404 0.23197426
v 0.25918198 -0.21658443 0.39532316
v 0.08937132 -0.23401856 -0.54547656
v 0.05592911 -0.37560892 0.11188526
v 0.02688130 -0.36778125 -0.15819205
v -0.03989236 -0.34273040 0.46477306
v -0.60927534 0.27634484 0.04507671
v -0.37626290 -0.31107092 -0.27914721
v -0.55525798 -0.23196286 -0.19299930
v -0.30600891 0.31836012 -0.00935914
v -0.19465473 0.36782479 0.36027658
v 0.00876441 0.37313163 0.28371659
v -0.34843600 0.28371599 -0.18647796
v -0.64396626 0.17243391 0.03391244
v -0.19364296 -0.36270112 -0.21485528
v -0.34081018 0.35136905 0.08394960
v 0.62779832 0.02787692 -0.10418576
v -0.22049688 0.19935547 0.46483073
v -0.25809267 -0.39573866 -0.30720451
v -0.48132014 -0.10518157 -0.39282790
v 0.45551085 0.07245298 -0.16509145
v -0.19007069 -0.29167205 0.42240322
v 0.20989113 0.31247973 0.36832544
v -0.24043286 -0.33935514 -0.45107117
v -0.60546911 0.09386680 -0.04028559
v -0.24141718 0.31376404 0.44333336
v -0.36772326 -0.23982166 -0.41758060
v -0.02685596 0.43421948 0.03129652
v 0.17819668 0.27002594 -0.38491493
v -0.06652653 0.39114732 0.13443606
v -0.10164957 0.36514652 0.19304532
v 0.60129011 -0.03771977 0.09995055
v -0.28921831 -0.39822766 -0.30983627
v 0.17514224 0.30940652 0.00005516
v -0.30386829 -0.32875055 -0.40495861
v -0.50757045 0.03631216 -0.33606580
v 0.03004727 0.35399616 0.34335566
v 0.19111370 0.28944007 -0.34147188
v 0.29407462 -0.27136967 0.35264340
v 0.03353357 -0.14571473 -0.61056679
v -0.33894601 0.15067202 -0.46496946
v -0.00177913 0.19820817 0.48148057
v -0.00663793 0.27500302 -0.43229663
v -0.53627974 0.06657737 -0.24777272
v -0.31183931 0.31458759 -0.25561142
v -0.30439189 -0.04151678 -0.50244695
v 0.65944809 -0.01580704 0.05465272
v 0.20910034 -0.20732017 0.46775037
v -0.00013567 -0.15984704 -0.59986955
v 0.14854269 0.13064119 0.46271783
v 0.23483084 -0.36583036 -0.17970282
v 0.70094436 -0.02427348 -0.11069392
v 0.43412703 0.13452703 0.14680505
v 0.24512392 0.09723908 -0.48626214
v 0.04669455 0.39442313 0.03202175
v -0.22698702 0.18820593 -0.46799630
v 0.12808123 -0.21885985 -0.58210093
v -0.35730201 -0.19802305 -0.48579720
v -0.17471737 0.10225321 -0.52149796
v -0.34787202 -0.30918482 0.27885422
v -0.33300871 0.20108622 0.37209797
v -0.44038925 0.17852090 0.38428855
v 0.57682401 0.10937961 0.06304222
v 0.20509054 0.27508366 -0.37307456
v -0.40751368 -0.23243386 -0.36321741
v 0.49019536 0.01219561 0.16527891
v -0.00460531 0.30864725 0.43390867
v 0.76455480 0.24108858 -0.01700655
v 0.59156501 0.24265769 -0.01082002
v -0.26710472 -0.40115386 -0.34393141
v 0.40816340 -0.20704238 0.27961785
v -0.47294721 0.03527406 0.37091839
v 0.05924392 -0.38962376 0.16731115
v 0.06263968 0.36102921 0.27486768
v -0.03218515 -0.23635128 0.57793444
v 0.42789963 -0.00398936 0.32926548
v -0.03840799 -0.11457491 -0.59655678
v -0.43488765 0.02736743 0.37457100
v 0.10568318 -0.26712823 -0.57407552
v -0.41797134 0.26740733 -0.09582564
v 0.68665648 0.15785687 0.01346955
v -0.25942215 0.35186577 0.31477946
v 0.22484563 -0.06408484 -0.52127033
v 0.49895442 -0.12187378 0.25449800
v -0.15487917 0.32088155 0.30958253
v -0.07639845 -0.33566231 0.40943748
v 0.31564295 -0.26052982 0.39963818
v 0.47807619 0.04190324 -0.19054477
v 0.44381863 -0.24475747 0.19095965
v -0.07793891 -0.05267666 -0.55708432
v 0.15783031 -0.28675175 -0.41964009
v 0.25761449 0.31220344 0.21709302
v 0.30440304 -0.05612960 0.46503145
v -0.15320286 -0.29918316 0.50876832
v 0.02008888 0.16653892 -0.56274456
v 0.30519876 -0.25124380 0.40647656
v 0.27583826 -0.36126137 0.22339584
v -0.53966600 -0.09151229 -0.20217353
v 0.22397178 -0.37084776 0.23559017
v 0.05583542 -0.19841674 -0.60084009
v 0.39276025 -0.08851708 -0.44404522
v 0.33955094 0.00449107 0.45356742
v -0.35833779 0.26916733 0.28229591
v -0.26412591 0.23389399 -0.32439965
v 0.03276981 -0.17375684 -0.60942662
v -0.32742953 -0.29472637 -0.42742306
v -0.28898558 -0.31833491 0.33558267
v -0.38312677 -0.22124945 -0.43042111
v -0.09900096 0.23249395 -0.44665354
v -0.20105268 -0.39171487 -0.27636987
v -0.03337640 0.41676581 0.00390901
v -0.00169174 0.43350163 0.05025510
v 0.08614656 0.35753545 -0.06810135
v -0.30983576 0.15049212 -0.46011499
v 0.46711230 0.27495682 -0.06038909
v -0.30717617 -0.29991752 -0.46636599
v 0.00708604 0.33824331 0.06704219
v -0.15260607 -0.02012119 -0.54493302
v 0.10404162 0.36048454 0.27492404
v -0.31913459 -0.11897530 0.47226381
v -0.69645929 0.20680168 -0.00560136
v -0.04382712 -0.17208652 0.56811500
v -0.66041577 0.06047013 -0.00327963
v 0.63693380 -0.04950228 -0.15441781
v -0.23005834 0.17290580 0.44949999
v -0.21593371 -0.44182754 -0.31985486
v 0.53192192 -0.04051436 0.14343217
v -0.33639926 0.10979062 0.45443675
v -0.40432000 0.28589851 0.28614840
v 0.02502818 -0.33598399 0.39826426
v -0.26888904 0.33995917 0.27710846
v 0.50437325 0.23488089 -0.02648693
v 0.40555412 0.01077858 -0.31533813
v 0.58248550 0.03594133 0.04805127
v 0.11659099 0.33025134 0.02947234
v -0.26219064 -0.40571713 -0.30291569
v -0.18504439 0.00999972 -0.54438996
v 0.15396094 0.33687460 0.07393773
v 0.32357928 -0.35132986 0.20378320
v -0.62104499 0.19991586 0.00888401
v -0.32477427 -0.12038824 -0.53217298
v -0.00739932 0.30892617 -0.33722252
v -0.46373579 0.14111850 -0.24722087
v -0.70402759 0.13221760 0.03320047
v -0.12284751 -0.20292413 -0.60700756
v 0.09453620 0.35984960 -0.02471185
v -0.41100621 0.26769555 -0.10705446
v 0.41882885 -0.28543067 0.14884883
v -0.42365536 -0.09596629 0.36169574
v 0.14351314 0.31388882 0.38967952
v -0.87670273 0.19045611 0.02175759
v -0.24184379 0.33617556 0.33992684
v -0.36200646 0.27545682 0.20824564
v 0.11874206 -0.40044340 0.25532311
v 0.57255012 -0.05763616 0.07741398
v 0.28913173 0.28911164 -0.06244441
v 0.22973198 -0.27358755 0.39416030
v 0.19368576 0.18681747 0.45035270
v -0.32158992 0.28929722 -0.23023933
v 0.33853579 -0.36512378 -0.02083229
v -0.34959900 -0.07334694 -0.52356863
v -0.13707002 0.36775997 -0.01883246
v 0.16249554 0.36897877 0.17591354
v 0.01865189 0.37372166 0.31974807
v 0.01840789 -0.38524702 0.21056788
v 0.06958840 -0.25345293 -0.57429844
v -0.12767777 -0.19510147 0.50142747
v -0.57900363 -0.00265463 -0.20624544
v -0.64236230 0.24734156 -0.03312027
v 0.61935413 -0.03719196 0.05402330
v -0.24624850 0.29522133 0.40364999
v -0.22489929 0.06417762 -0.51819932
v 0.29239860 -0.22839031 -0.43828595
v -0.38060212 -0.22646718 -0.44593352
v 0.14314181 0.23894450 -0.40372574
v -0.56288636 0.09693361 0.04173677
v 0.25847751 0.17351735 0.40275133
v -0.64926952 0.04377665 0.03215785
v -0.18920815 0.20817855 0.45297810
v 0.09426792 0.29752159 0.46326923
v 0.02898110 -0.38145259 0.18261063
v -0.74768150 -0.03995015 -0.03416291
v -0.33308524 -0.25291213 -0.44801897
v -0.32040107 -0.36153245 -0.32697594
v -0.28249645 0.25507149 -0.25820285
v 0.11594272 -0.30963859 0.41127560
v -0.17927624 -0.25888035 0.50072110
v 0.56873971 -0.21147214 -0.05545030
v 0.43831378 0.07279756 0.22939646
v 0.61705196 0.00087499 0.05198054
v 0.45170510 -0.30809036 0.05631361
v -0.14577658 0.16948578 -0.44546491
v -0.02578007 -0.19503136 -0.59912276
v -0.30386651 0.28783825 -0.05935532
v 0.06518815 0.38421190 0.36394843
v -0.18408820 0.31473002 -0.14483403
v 0.45929205 0.06205523 -0.23383942
v -0.57561707 0.10750349 0.09382322
v -0.31419346 -0.36804771 -0.30536708
v 0.44055891 -0.17185785 -0.38110363
v 0.67458212 0.05093853 -0.01626746
v 0.38807359 -0.34427860 0.14516854
v 0.70080465 0.02736723 -0.00413352
v 0.05244718 0.35709339 0.28674760
v -0.26248467 -0.25728852 -0.55285895
v -0.58723575 -0.10178852 0.10787974
v 0.20928258 0.31837893 0.35373354
v -0.45650595 0.12998141 -0.18540537
v -0.53951424 -0.15252361 -0.18575981
v 0.00422048 -0.28550887 0.47750118
v -0.42872229 -0.32877770 0.12938140
v -0.30639395 -0.22471645 -0.50015163
v 0.10157894 -0.34973410 0.33490559
v 0.25760496 0.32674661 0.11762929
v 0.59127676 0.02667499 0.05116236
v 0.05473681 -0.15696210 -0.59896594
v -0.15054609 0.32563871 0.37786397
v 0.03157335 -0.18625332 -0.60751045
v -0.35611179 0.30068570 0.31723824
v -0.58117342 -0.08578725 -0.04253229
v -0.16798447 -0.09514379 -0.56454563
v 0.59495890 -0.01011506 0.09114131
v 0.54849595 -0.13652638 0.13642384
v -0.42786384 0.23393215 -0.16499914
v -0.55559611 0.28853509 0.11482965
v 0.68271941 0.02827221 0.05674294
v -0.19827268 0.02548153 -0.55453813
v 0.45417511 -0.14301206 0.29264399
v -0.15607215 0.35881674 -0.05943394
v -0.03171235 0.47285554 0.06844581
v -0.03628083 0.27525455 -0.42928392
v 0.33568931 -0.36583638 0.14962871
v 0.27973932 -0.20293140 0.38664323
v -0.22856820 -0.31585166 -0.42148960
v -0.10066192 -0.33801392 -0.38470137
v -0.32324475 -0.37488815 0.05880069
v -0.47775644 -0.19062355 -0.29841965
v 0.61103082 0.02664964 0.04285108
v 0.14043100 -0.30981869 -0.53902996
v 0.30689269 0.04677576 0.38057646
v 0.31556463 -0.09462649 0.39392942
v 0.00742740 -0.33191895 0.41883031
v 0.36670280 -0.30027285 0.22907206
v -0.28243425 0.10894772 -0.46826276
v -0.10652444 0.37559354 -0.03345894
v 0.37528536 -0.15535526 0.34598890
v 0.53149325 -0.14131533 0.15759856
v 0.00804019 0.36323699 0.27892566
v -0.29408675 -0.32631391 -0.29041880
v 0.25514090 0.32169595 0.09758927
v -0.12513247 0.36331946 0.36580744
v -0.01277403 -0.23543823 -0.60993612
v 0.10284135 -0.20865022 -0.58293700
v -0.38781470 -0.13612211 0.44250494
v 0.44720477 -0.17532378 0.21586227
v 0.54770458 -0.02197638 -0.12007254
v 0.47784775 -0.06184775 0.18257293
v -0.01746109 -0.30399844 -0.47920114
v 0.62155384 0.08370002 -0.02522020
v -0.39166564 -0.33737755 0.17355274
v -0.07667446 0.19992989 0.50811994
v -0.04593539 -0.29143572 0.44333723
v -0.68589991 0.19051351 0.05050381
v 0.09012143 0.39412209 -0.01513628
v -0.50100553 0.02426456 -0.36204398
v 0.02732469 0.38286045 -0.02768870
v 0.71171427 0.00850838 -0.02562299
v 0.60820365 -0.09790127 -0.16674978
v 0.59811401 -0.00069179 0.07293949
v -0.64534831 0.15589827 -0.00909168
v -0.83018893 0.21457219 0.00495768
v 0.33404553 -0.24550243 0.38355085
v -0.33939084 -0.29688919 -0.38321459
v -0.40419072 -0.16905075 -0.46585774
v -0.53984308 0.32095742 0.04334442
v 0.69245380 0.04037765 -0.11572975
v -0.84253848 -0.02860002 0.03467423
v 0.23085940 0.33619145 0.00478666
v -0.30061430 -0.31880808 -0.45516130
v 0.17334072 0.28619486 -0.32055825
v 0.16953096 -0.21206193 -0.54948193
v -0.35682219 0.30043393 0.01781985
v -0.23885347 -0.38033605 0.01595071
v 0.44123751 -0.01228081 -0.31256342
v -0.41667905 -0.12165140 -0.47818220
v -0.12336443 0.36272192 0.36756277
v 0.10278750 -0.26001555 -0.55583185
v -0.37168416 0.35060543 0.29362908
v 0.05923877 0.04883692 -0.54368097
v 0.39728844 -0.18555278 -0.42748931
v 0.01711319 0.33313960 0.25142592
v -0.29558128 -0.18781033 0.42714325
v -0.62777323 -0.21131143 -0.05578878
v 0.32239643 0.29725787 0.30174497
v -0.51986462 0.18039156 0.22672689
v 0.31421590 0.31243974 0.09939280
v 0.58835649 0.03179530 0.09101284
v 0.28707552 0.28405935 -0.17700632
v -0.15791133 -0.01576986 -0.53883106
v 0.09049216 -0.39001784 0.20637302
v 0.41979566 -0.33279812 0.12484688
v -0.34375033 -0.11519038 0.50945765
v 0.14346112 -0.39144817 0.19527304
v 0.20248781 0.34835663 0.24536461
v -0.29689810 0.28867069 -0.24545628
v -0.34691164 0.24059820 -0.32885167
v 0.16418794 -0.39565301 0.06296334
v 0.40726712 0.19135299 -0.23426020
v -0.18766230 -0.10911094 0.56577688
v 0.15516649 0.34869349 0.34180179
v -0.02296140 0.37910810 0.02512443
v 0.15317857 0.36250326 -0.02677132
v -0.70986855 0.21371587 0.00091963
v -0.26466739 -0.15795669 0.47394505
v 0.30309400 0.16156752 0.38895199
v 0.40719432 -0.12712643 -0.38315156
v 0.23500855 0.30745080 -0.20837773
v -0.35269141 -0.19973564 -0.46893615
v -0.40728089 0.02007149 -0.44747210
v 0.57912904 -0.07357799 0.13671952
v 0.49195316 -0.22372720 0.08388068
v 0.41256577 -0.24979879 -0.37204021
v -0.24529220 -0.07198334 0.53763509
v -0.46245730 -0.11426938 -0.40057445
v 0.36194164 -0.16867888 -0.41770214
v -0.38710874 -0.05223358 0.49085376
v -0.24983878 -0.27177462 -0.46033335
v -0.09978310 -0.37303901 0.21268797
v 0.04905220 -0.17428991 -0.60173291
v 0.31447729 -0.27916396 -0.42807972
v 0.42497933 0.14558728 0.13695078
v 0.76607025 0.28963953 -0.06038592
v -0.33727151 -0.26340824 -0.43799368
v -0.07625772 -0.25542936 -0.48247355
v -0.08083319 -0.09679264 -0.60709023
v -0.47668231 -0.29349610 0.01396503
v -0.05235706 -0.29208130 -0.47033125
v -0.41218546 0.24508856 -0.23780730
v -0.67252916 -0.08918725 -0.02868763
v 0.48811620 0.22277175 -0.06578952
v -0.49296942 0.11940847 -0.17800076
v -0.54649949 0.31617314 0.04229474
v 0.11096441 -0.38324925 0.36625737
v 0.24239898 0.24669343 -0.36938787
v -0.13977583 -0.30659840 0.51025790
v 0.68539381 0.08535720 -0.00056987
v 0.05349461 0.17874277 -0.54303145
v -0.04056011 -0.28959498 0.45493531
v -0.04695532 -0.15952909 -0.59331238
v -0.11615774 0.47287726 0.09716939
v 0.42997772 0.10321625 0.26646090
v -0.50854450 -0.29914147 -0.05983630
v -0.40821582 0.00006158 -0.43360144
v 0.81984413 0.19972324 -0.05800578
v 0.24277174 -0.26548219 0.41210264
v -0.18580763 -0.18501537 0.55861378
v 0.66597354 0.06444342 -0.04633934
v 0.02594466 -0.38176578 0.19923222
v 0.20745476 0.34956229 0.14747995
v 0.46223500 -0.14585389 0.25302500
v -0.27358210 0.19443563 0.44507384
v 0.43430388 0.23044091 -0.13981654
v -0.01522657 0.44531512 0.06462936
v -0.66472048 0.14644717 -0.03945836
v 0.52553850 -0.10557700 0.17795935
v 0.54321992 -0.09789301 0.15323728
v -0.33257276 -0.23957363 -0.48591280
v 0.28929985 -0.06497973 -0.51225513
v 0.21311441 0.16347669 -0.45306206
v -0.15726401 0.41743466 0.01352201
v 0.13632876 -0.25042084 0.51402265
v 0.15790078 0.36805838 0.04385457
v 0.59442335 -0.04750998 0.03284538
v 0.23741202 0.25093341 -0.39178497
v -0.01972146 -0.36569536 0.33697730
v 0.49827319 0.01763868 0.20341933
v -0.87598741 0.20031178 0.01871043
v -0.74784672 0.13997492 0.04864271
v -0.23520984 0.28372997 0.39738506
v -0.12470607 0.35016412 0.41374806
v -0.35897022 0.08913033 0.42099383
v -0.73349661 0.24279964 0.02914003
v -0.19504137 -0.04126187 -0.56092179
v 0.07894766 0.38301796 0.07015590
v 0.46966153 0.00954859 0.16075936
v 0.55344474 0.06259786 0.02096215
v 0.55430233 -0.07399172 0.06048703
v -0.24410352 -0.26353770 -0.47908503
v 0.23617706 0.24503121 -0.33484775
v 0.09858153 0.32194594 -0.21054780
v -0.18947545 -0.28771019 0.44525844
v 0.57803726 -0.03466413 -0.14883624
v -0.43366712 -0.29834729 -0.21735409
v 0.48808584 -0.24776390 0.07239079
v -0.43026784 0.16097380 -0.30776799
v -0.52240825 0.31211913 0.01835606
v 0.46406335 -0.29899189 -0.06523526
v -0.13604996 0.36384019 0.29147530
v -0.05659192 -0.13673058 -0.61896169
v -0.21197985 0.10463774 -0.45389321
v -0.00744831 0.35369131 0.32762182
v 0.38829726 -0.25790420 0.34241781
v 0.04282788 -0.27434424 0.53112715
v -0.27591360 -0.29499605 -0.42970753
v -0.00279126 -0.32122272 0.40746593
v 0.50759989 0.09242956 0.20442343
v -0.47284079 -0.02548788 0.40995914
v -0.27654281 0.25631821 0.45463997
v -0.18880789 0.40974444 0.00973688
v -0.43114260 0.25400305 -0.10058719
v -0.09172460 0.34954596 0.41004217
v -0.25182948 0.14381893 -0.49134439
v 0.39778474 -0.22795603 0.34233862
v -0.44006583 -0.02559040 0.41467264
v -0.04101460 0.20711437 0.49651939
v 0.42024943 0.29157674 -0.00274988
v 0.50833488 -0.20227623 -0.09066851
v 0.25881067 0.22705206 -0.37312895
v -0.23268260 0.34743702 0.25143960
v -0.09806000 -0.15385430 -0.63106376
v 0.28696850 -0.39235607 0.00968341
v -0.62416601 0.28338268 0.00036692
v 0.02343483 0.36267233 0.00278570
v -0.25662398 0.28358006 -0.27248850
v -0.74062020 -0.05663474 0.05472181
v -0.34370571 0.13055560 0.44461125
v 0.29326844 0.29441169 0.23445968
v -0.39195299 0.33650014 0.06971125
v -0.06699971 -0.31773019 0.47851244
v 0.54729211 -0.15023357 -0.02029097
v -0.55412120 0.13701345 -0.11020124
v -0.29534566 -0.20971237 -0.50117725
v -0.33606857 -0.30010861 -0.40851986
v -0.35545921 0.30442074 -0.12339983
v -0.35426360 -0.12161684 0.47642303
v -0.42663515 -0.32129121 0.19901596
v 0.16272447 -0.39592001 0.22019702
v 0.15839057 -0.38343781 -0.08458658
v 0.40841705 -0.09182520 -0.40879753
v -0.51906323 0.17231613 -0.15932007
v -0.33087561 -0.14684674 -0.49782467
v 0.60884720 0.14687221 -0.02166180
v -0.47844052 0.28290874 -0.04969005
v -0.32419884 0.27225757 -0.30065289
v -0.24348679 0.26037908 -0.32813251
v -0.46891004 -0.07177261 -0.43367201
v 0.38550270 -0.10355330 -0.36752951
v -0.20387760 -0.10560208 -0.55951416
v -0.29507113 0.22689714 -0.40989450
v 0.42756727 0.13503015 0.14897445
v -0.06431332 -0.27394390 0.48596540
v -0.73387182 -0.00934907 0.04546577
v -0.59328502 0.17489655 0.20180570
v -0.29250357 0.13011827 -0.46828794
v -0.38050491 0.24739724 -0.23866576
v 0.40879869 0.07760663 0.30659842
v 0.14630483 -0.39398912 0.13896427
v -0.56849861 0.28536224 0.03985947
v -0.25524175 -0.40709248 -0.24598229
v -0.35686693 0.31847531 0.30974203
v -0.58172071 0.25891143 0.00863854
v 0.01818558 0.42724460 -0.01821572
v -0.10613035 0.36312959 -0.09813305
v -0.36951742 -0.13207676 0.45563638
v -0.24065721 0.25440943 -0.31936514
v 0.51996052 -0.21702124 0.07952138
v -0.71749300 0.24624175 0.06348477
v -0.54306388 0.31058931 0.07062730
v 0.01058710 0.36611044 0.22167557
v -0.24532282 0.35845071 0.24194828
v 0.56425595 -0.08757697 0.11856061
v -0.30813915 -0.19062556 -0.52686185
v -0.45600164 0.17193741 -0.27831665
v 0.43288201 -0.28118604 0.21017136
v -0.29307091 -0.12085395 -0.52234530
v 0.23887299 -0.36694014 -0.17951676
v -0.18298176 0.35293666 0.21170248
v -0.19774942 0.05392449 -0.50906301
v 0.00698031 0.11535980 0.49203774
v -0.04746672 -0.37849915 0.29933438
v -0.16300654 0.33308518 0.37558129
v -0.27705634 -0.40641892 -0.28049916
v -0.27146482 -0.35005328 -0.41796279
v -0.48452803 0.11138810 -0.29070473
v -0.36359149 -0.06426491 0.45953715
v 0.09683906 -0.38301742 0.38519055
v -0.30187011 0.28460953 -0.21321936
v -0.45346978 0.25644904 -0.05565210
v 0.47870255 -0.06536990 -0.27210322
v -0.53311694 0.25549975 -0.00743430
v 0.48130149 -0.29936963 -0.15484348
v -0.26350182 -0.36713123 -0.12346950
v -0.24564810 -0.42417437 -0.25983015
v -0.29407749 -0.35788393 -0.33503595
v 0.60876369 0.03244643 0.07561520
v 0.43437910 -0.21039854 0.19037755
v 0.19868815 -0.19650222 0.52688527
v -0.07931133 -0.09508394 -0.60104710
v 0.48024940 -0.13391112 -0.26962265
v -0.07840551 -0.34089541 0.40463004
v -0.51658928 -0.15903050 -0.20256823
v 0.21982624 0.16662581 0.40874583
v -0.19755340 -0.36649281 -0.09094504
v -0.38176426 0.30668303 0.32198274
v 0.44157821 -0.20016241 -0.32948595
v 0.36089388 0.18900970 -0.33532435
v -0.02651651 0.39305487 -0.03832247
v 0.07663780 -0.39373964 0.19691020
v -0.08723225 -0.34466958 -0.33107901
v 0.49028346 0.00566665 -0.22070301
v -0.47864836 -0.05235338 -0.37061656
v -0.39841101 -0.11386554 -0.50997514
v -0.18578973 -0.07874003 -0.57815337
v -0.25146952 -0.25068063 0.46564972
v -0.46822438 -0.23536935 -0.01550267
v 0.62638724 -0.06852683 0.04105578
v -0.24008973 -0.05819740 -0.55355060
v 0.14780396 0.31274614 0.36522263
v 0.57210571 -0.03191906 0.10849786
v -0.05020788 -0.33112770 0.38450140
v -0.09599391 0.05071009 0.54889739
v -0.55816144 0.26336044 -0.02236307
v 0.65963632 -0.06253944 0.02967848
v 0.52017927 0.21388072 -0.00210378
v -0.36236408 0.02603009 -0.51881719
v -0.12045580 0.42816603 0.06285190
v -0.28740329 -0.19206722 -0.48574865
v -0.01398832 0.45156357 0.09278565
v -0.75830966 0.23279420 0.02979466
v -0.22695842 -0.22403085 -0.55842298
v -0.11673215 0.45956594 0.02753810
v 0.78045511 0.21544456 -0.05982706
v -0.27535564 -0.34794772 -0.39839330
v 0.26225969 0.26802230 -0.37667352
v 0.32216397 -0.31050539 0.30292150
v 0.34115535 -0.34969056 -0.28496450
v -0.09447501 -0.33669055 0.50410873
v -0.50740933 0.14909443 -0.21158481
v 0.57111079 -0.06868325 0.09192495
v -0.08163188 -0.27573428 -0.48804706
v 0.62758112 -0.02725948 0.07324651
v -0.01688126 -0.15978579 -0.62835455
v 0.38813213 0.22315399 0.24505153
v 0.58373874 -0.04846216 0.10106549
v 0.32067275 0.25690168 0.33559036
v -0.37371263 -0.18959095 -0.48603976
v -0.02729292 -0.38268209 0.04671184
v 0.25449932 -0.20180073 0.47055253
v -0.29819947 -0.22483158 -0.49724883
v 0.34199363 0.26359510 0.04777876
v 0.66379476 0.08354919 0.02652822
v -0.32759979 -0.10613489 0.51180565
v 0.05702388 0.15902156 -0.46500218
v 0.51646358 0.09392640 0.19341570
v -0.36510509 -0.22909759 -0.42639148
v 0.32155249 -0.11955573 -0.48912948
v -0.14611484 0.35092613 0.34697986
v -0.46674365 0.30362085 -0.14865991
v -0.53645456 0.08716208 -0.18652916
v 0.22923551 0.30750206 -0.02094568
v -0.38447338 0.30248028 -0.00947492
v -0.57329178 0.24526161 0.00953929
v -0.29293609 -0.20820364 -0.52314860
v -0.37628728 0.08473285 0.39494181
v 0.46939689 -0.18254668 0.20997751
v -0.14357516 -0.24715538 0.55170262
v 0.18655744 -0.31857648 0.40383247
v 0.10947856 -0.40497372 0.10815588
v -0.24457707 -0.37103003 -0.41008511
v -0.11575288 0.35339677 0.26339376
v 0.37152642 0.23664185 -0.13815586
v -0.17005774 -0.37211299 0.00404868
v 0.31755462 -0.25492221 0.39779586
v 0.08739732 0.21351638 0.44846162
v 0.60023355 0.23303956 0.00961325
v 0.44885841 -0.06400568 -0.34666377
v -0.28363687 -0.38081461 -0.32450372
v 0.61014724 0.13170476 0.00562301
v 0.09860222 0.35693699 0.02016594
v -0.39085793 0.33719268 0.16105923
v -0.04197736 0.29344794 -0.27290571
v 0.29204974 0.11862880 0.43973476
v -0.55917835 0.13277864 0.13410103
v -0.00504626 0.34783709 0.25165105
v -0.18623534 -0.26476848 0.48209193
v 0.09237260 -0.02107596 -0.57079649
v -0.30133048 0.38611853 0.08396690
v -0.36557779 -0.21308035 -0.44922262
v 0.53988570 0.18461916 -0.08441336
v -0.09002956 0.43983442 -0.01631062
v -0.31200445 0.25791863 -0.38725606
v 0.34306329 0.20738281 0.35141033
v -0.68067294 0.25007793 0.02896903
v 0.49829593 -0.03136171 -0.21425524
v 0.08531659 0.35268834 0.22705944
v -0.33680356 -0.28747404 -0.42994970
v -0.05333616 -0.38238126 0.21571523
v 0.53611124 -0.01555732 0.02102102
v -0.32649499 -0.37012529 -0.11536635
v 0.61017668 -0.16732769 -0.07184694
v 0.26413652 0.30594251 -0.18317465
v 0.30925691 0.13175914 -0.41919822
v 0.50624263 -0.02624892 -0.14503193
v 0.59643960 -0.07236014 0.03991846
v 0.17388256 -0.01644794 0.52622956
v -0.31692630 -0.34629712 -0.38975272
v -0.38044733 -0.16615221 -0.44584286
v 0.39422882 -0.25110561 -0.32990187
v -0.34515271 0.27722952 -0.25583380
v -0.37946740 -0.31110543 0.29237267
v -0.34979761 0.01540466 -0.50183791
v -0.29954901 0.21295770 -0.42330816
v -0.33019102 0.15321803 -0.42436293
v -0.17549415 -0.01555060 -0.56569654
v 0.38098279 -0.30057251 -0.19038808
v 0.38341120 -0.21153855 0.31451872
v -0.35417557 0.26622820 -0.18857077
v -0.15576157 -0.23296523 0.49406525
v 0.14009467 -0.24696784 -0.52610540
v -0.23912039 -0.33859399 -0.31238332
v -0.27879038 -0.38250065 -0.31198317
v -0.26850691 -0.41876265 -0.28552130
v -0.25287864 0.32423875 0.34285304
v 0.53219283 0.15786211 0.05148369
v 0.29974791 0.09554424 -0.37413782
v 0.23943120 -0.37794161 -0.07054672
v -0.46943742 0.28272629 -0.11148037
v 0.55259240 -0.10464150 -0.15776508
v 0.58448029 0.01495178 0.07097965
v -0.58212942 0.22923699 0.00713883
v -0.30248404 -0.36660570 0.21278590
v -0.19751811 0.12066659 0.53743881
v 0.53466171 0.01260130 -0.10558036
v -0.23328891 -0.41331962 -0.29886481
v 0.33334786 -0.29717138 0.29676542
v -0.08576916 -0.20333388 0.52288783
v -0.51170915 0.14166579 -0.16521391
v 0.61516160 0.00264517 -0.12886506
v 0.27956563 0.32756856 0.28827772
v 0.46158311 -0.27483824 0.14172113
v -0.12572697 -0.24467671 0.54660344
v -0.29981822 0.31778994 0.26548725
v -0.56421041 0.06120352 -0.23710065
v -0.30556628 -0.15956920 0.45842850
v -0.24303238 0.35364702 0.19276853
v 0.59222668 0.03964075 0.10085368
v -0.43061078 -0.03749661 -0.44980782
v 0.51703078 -0.10318439 0.25494409
v -0.31743714 0.13070239 -0.46047002
v -0.14231555 -0.11993094 -0.61464179
v -0.57506835 -0.12682086 -0.04827812
v 0.40972033 0.28067708 -0.02495328
v -0.05644070 0.36027908 0.37105811
v -0.28946787 0.34129071 0.20662484
v 0.07114486 -0.40259495 0.16923520
v -0.65067065 0.23745212 0.04556103
v 0.51784593 -0.09154753 -0.25970319
v 0.52181667 -0.00368671 0.16860676
v -0.43787301 -0.20616619 -0.38914081
v 0.01138566 0.37034044 0.35619971
v 0.08059407 -0.39324224 -0.02711165
v 0.58255237 -0.10130506 0.12824586
v 0.57752854 -0.03587653 -0.08828346
v 0.53321469 0.13373140 0.08425251
v -0.31785971 0.23003855 -0.35553709
v 0.16144373 0.24819531 -0.41543186
v -0.30762005 -0.34025171 -0.23227599
v 0.63035315 -0.06243302 -0.12659889
v -0.55060148 0.20375235 -0.08586761
v -0.23698857 -0.04108062 0.53546941
v 0.50591439 0.07835399 0.18677461
v -0.39188868 0.04348000 -0.43041167
v -0.42860451 -0.02273738 -0.42928991
v -0.32776234 0.29616275 -0.13383399
v 0.26418787 0.34484667 0.12875089
v 0.04976827 -0.25383589 -0.58759308
v -0.41627625 0.32369420 0.02181624
v 0.15530445 0.22459683 0.43211430
v 0.11563136 0.32380641 -0.11545300
v -0.14960328 -0.10250495 -0.59234095
v 0.26835567 -0.36423355 0.30443951
v 0.20628522 -0.23846456 0.46472609
v -0.13662733 -0.13656078 -0.57874471
v 0.08756529 0.36508495 0.09087780
v 0.22676110 -0.37771368 -0.00090650
v -0.28469443 -0.38987646 -0.32121450
v 0.07118744 0.31983480 -0.17648637
v 0.15745419 0.28673625 -0.34347081
v -0.38699567 -0.35186434 -0.07352056
v 0.52880907 -0.21161622 0.09822629
v 0.36541137 0.14285693 -0.28406000
v -0.50016344 0.15375927 -0.10725531
v -0.12322243 -0.19096956 -0.61992645
v -0.30866697 -0.14853337 0.54165286
v 0.47400290 -0.19781938 -0.30652338
v 0.34818241 -0.35806212 0.12987399
v -0.26203975 -0.26265827 -0.51449382
v -0.35682854 0.31200892 0.04989957
v -0.29402936 0.35578269 0.30153590
v 0.24739449 -0.18922980 0.49279025
v 0.48919305 0.14744586 -0.12087131
v 0.30263522 -0.38682467 0.12217268
v -0.29834473 -0.34581694 0.22382298
v 0.19114581 -0.06641356 0.49482653
v 0.09283406 0.25412056 -0.44181737
v 0.48363894 -0.13954826 -0.26447630
v -0.29567081 -0.38079184 -0.33209908
v -0.18641867 0.35337618 0.33101979
v 0.37876195 0.25660163 -0.05255577
v 0.01714808 -0.14170672 -0.58148122
v -0.23764384 0.36755469 0.03026563
v -0.61313391 0.19452704 0.00353414
v -0.31558782 0.23889562 0.38622105
v -0.37671831 -0.17091803 -0.47816914
v 0.64089167 -0.05067165 0.12644163
v -0.52914912 -0.27765805 -0.04709861
v -0.42720139 0.11001977 -0.34308243
v 0.06430084 0.18977264 -0.48100883
v -0.22375500 0.20488952 -0.44989127
v -0.38181239 -0.01345590 0.47112349
v -0.23543940 0.13177224 -0.49476811
v -0.57399404 -0.19290909 0.02843516
v 0.16666637 0.05221053 -0.45911634
v -0.02925875 -0.13224317 -0.60315347
v -0.48693883 -0.29087472 -0.04042480
v -0.24318716 0.28785557 0.43469256
v -0.27417058 -0.19923265 -0.47828779
v -0.45572171 -0.18247494 0.41243142
v -0.26162237 0.35730678 0.26857191
v 0.48965779 -0.11874412 0.20451942
v 0.09362906 0.34840512 -0.04717463
v 0.00441606 -0.16889392 -0.60375971
v 0.64155436 0.10765664 0.04111831
v 0.40918913 0.10141487 0.28844246
v -0.03187693 0.46260691 0.07079566
v 0.86023039 0.23372480 -0.00965855
v 0.45815131 -0.16411524 0.15545911
v -0.49311271 0.20790455 -0.23188064
v -0.28144932 0.37015939 0.00515297
v -0.36402529 -0.26070166 -0.41175327
v -0.68439078 -0.05728345 0.00048078
v 0.19718976 0.16435859 -0.43107355
v -0.30423054 -0.31210247 -0.37957776
v 0.41194904 -0.36977088 -0.02506617
v 0.04124643 -0.24734727 -0.58182788
v 0.10986135 0.34049374 0.23666799
v -0.30648261 0.36995471 0.09317015
v 0.15988497 0.34652126 0.03371071
v 0.04381815 -0.21250422 -0.63134885
v -0.22891918 0.31193331 -0.25203618
v -0.15131453 0.41388753 0.04402859
v 0.43998867 0.18205963 0.23762816
v 0.57310021 -0.09353922 0.08784519
v 0.60811228 0.05119446 0.01459068
v -0.38614625 -0.23831241 -0.43416792
v -0.40219027 -0.18702899 -0.40852508
v -0.04467040 -0.29349348 0.44435933
v 0.66125768 0.01999935 0.11885317
v -0.03065859 -0.11259286 -0.60673290
v 0.11578603 -0.33994839 0.39751711
v -0.40886885 0.24080682 -0.25381020
v 0.44588041 0.20325169 0.15719661
v -0.59029758 0.22324522 0.00636315
v -0.63334537 -0.00046218 0.03502445
v 0.57473367 -0.10141307 0.13162108
v -0.09313215 0.31905553 -0.25685927
v -0.18375640 0.03628734 -0.52273321
v -0.53990412 -0.09127434 -0.29279780
v -0.35429052 0.23123460 0.35000911
v 0.33703634 0.24464877 -0.22980468
v 0.02278651 -0.37515599 -0.22214928
v 0.68487287 0.23205630 -0.13936627
v 0.07948750 -0.39443466 0.19215153
v -0.23117965 -0.04717799 -0.56066614
v -0.41520429 0.21625948 -0.29361650
v -0.47286651 -0.00549098 -0.25846061
v -0.32504642 0.09488831 0.46113428
v 0.28239140 0.30204388 0.32764834
v -0.27882904 -0.26671743 -0.49570143
v -0.57200110 -0.11787474 -0.05960055
v 0.49953741 -0.22304660 -0.02090930
v 0.51234591 0.01330203 -0.20063631
v -0.22609228 -0.32318935 -0.42320570
v -0.21553673 -0.32538164 0.32585227
v -0.23697069 -0.43741250 -0.26301253
v 0.03666448 -0.24087633 -0.57053709
v -0.26301420 0.04952298 0.50936556
v -0.26496825 -0.37542409 -0.38787365
v -0.11148092 -0.20154142 -0.59827149
v -0.29859447 -0.09452999 -0.51094449
v 0.51820117 -0.11136940 0.19313851
v 0.04736419 -0.23814571 -0.59444422
v -0.33090264 0.34803611 0.22589299
v 0.33290580 0.27686483 0.04169855
v -0.33326876 0.28211030 -0.25763345
v -0.39836088 -0.16822147 -0.42981949
v -0.64695311 -0.07509159 0.02125552
v -0.22981741 0.10061138 0.48014337
v -0.26190656 -0.00328115 -0.50879037
v -0.48889929 0.18456751 0.20643854
v -0.46046674 0.14867333 -0.13797049
v -0.27198002 0.31588128 0.38046551
v 0.68963158 0.04652019 -0.03435956
v 0.59272981 0.09198366 0.01105547
v 0.42421609 -0.09343079 0.33921182
v 0.27711111 -0.39528954 0.09468694
v 0.08602854 -0.36124787 0.03967673
v 0.58184242 -0.08919256 -0.16342695
v -0.35420415 -0.31247279 -0.38526416
v -0.36488351 0.27837312 -0.22528397
v -0.33099318 -0.28951913 -0.42702323
v -0.26967090 -0.39121044 -0.29673111
v -0.19816749 -0.22817029 0.52502066
v 0.24631733 -0.06919262 -0.50834620
v 0.10849418 0.36857909 0.06373654
v 0.90743989 0.27101839 -0.02010578
v -0.39777279 -0.24708620 0.43183726
v -0.34926617 0.27910063 0.34721914
v -0.04147637 -0.28649634 0.42036930
v 0.04087819 -0.10322353 -0.57266420
v -0.17091176 0.23784295 -0.38675180
v -0.50479925 0.27056512 -0.02354052
v 0.17509960 0.32863325 0.35230571
v 0.33427739 0.21188197 0.30201149
v -0.04980770 -0.26577958 0.47297391
v 0.30923390 -0.24232768 0.39590117
v -0.25837427 0.18474555 -0.46171176
v 0.35322073 0.16014919 0.33920982
v -0.08310130 0.31369036 -0.26703095
v -0.65585476 0.05395883 0.05861481
v 0.07818325 -0.38698289 0.06447957
v 0.17539877 0.35058331 0.32945397
v -0.45113719 -0.05122203 -0.39905012
v -0.00133250 -0.15439987 -0.59019184
v -0.52355337 0.16455938 -0.16949707
v 0.10019663 -0.40230352 0.16713832
v 0.02384003 -0.23513833 -0.60788882
v 0.51676935 0.10495231 0.06492507
v 0.62423855 -0.03600055 -0.10718400
v 0.11509611 0.35679320 0.16030273
v -0.42531720 -0.11367287 0.39078277
v -0.03141396 0.36895701 0.30418301
v -0.29395935 -0.24359564 -0.48832905
v 0.50195158 0.11535075 0.10601848
v 0.59975076 0.15249285 -0.11661498
v -0.40444133 -0.18948892 -0.41238162
v 0.52248055 -0.10437710 0.18545008
v -0.23887855 -0.34745944 -0.43975204
v 0.69185501 0.12367935 -0.02270143
v -0.00381297 0.31479004 -0.18375537
v -0.26372805 0.01500736 -0.51681030
v 0.51550543 0.02211016 0.10264766
v -0.11829821 -0.20078191 -0.62290019
v -0.86122859 0.00507490 0.04818314
v 0.66476524 0.11284716 0.07321673
v -0.24605474 0.13305002 -0.48463863
v 0.28335437 0.21859561 -0.37420660
v 0.03452288 -0.15981978 -0.57049382
v -0.22875451 0.34857184 0.38899505
v 0.65369225 0.01346678 -0.15102763
v -0.34158844 -0.34216323 -0.18435204
v -0.66025311 0.18307239 0.04142801
v 0.30952710 -0.35750407 -0.19877757
v 0.22006637 -0.39569753 0.10914680
v -0.43806297 -0.31166142 0.11293401
v -0.31001067 0.39444882 0.10108621
v 0.53207850 -0.16913828 -0.19334304
v 0.25260913 0.09990069 0.40904981
v -0.49614397 0.26050279 0.02192846
v 0.26760572 -0.37409687 -0.11921734
v -0.78354222 0.21845999 0.00776729
v -0.02377990 -0.10177797 -0.58416516
v -0.11682539 -0.32360908 0.42461121
v -0.52101576 -0.16963516 -0.27472252
v 0.38029212 0.16400070 0.32138115
v 0.14978045 0.26270479 0.43176988
v -0.10780109 0.37425157 0.32241768
v -0.33747974 0.13852526 -0.44875842
v -0.48029307 0.04855563 0.40068534
v 0.30655149 -0.21705996 0.44596586
v 0.38261193 0.22047806 0.27867839
v 0.68014032 0.00207987 -0.01684998
v 0.11593614 -0.39870188 0.24305362
v 0.46065953 0.17383996 0.09041369
v 0.50606197 0.19282930 -0.08887807
v -0.43494308 0.18192700 -0.31843364
v -0.50656557 0.27015102 -0.03727952
v 0.10494016 0.15115684 0.52131945
v -0.65695262 0.17304906 0.03348733
v -0.57838166 0.24859002 0.00709458
v -0.33908480 0.32603690 0.21957810
v 0.06576099 -0.25599727 -0.57544088
v -0.17195687 -0.15830153 -0.62872010
v 0.20252287 -0.34073418 -0.34483111
v 0.41775969 -0.19245102 0.28792396
v -0.17171420 0.32331666 0.35304239
v -0.29007152 -0.32584110 -0.47445312
v -0.31477910 -0.33919600 -0.39572462
v -0.23232135 -0.33580813 -0.41854686
v 0.04376653 0.31879151 0.44044477
v 0.52039522 0.02826853 -0.21714188
v 0.45230883 0.06211209 -0.17416580
v 0.23061039 -0.37330228 0.26075205
v -0.16479790 -0.02317152 -0.57288921
v -0.31877345 0.34505177 0.34347156
v -0.22410344 0.04155340 0.53382695
v 0.68559933 0.22654957 0.00099097
v 0.30311918 0.30569306 0.23311204
v -0.25450987 -0.41780996 -0.25832787
v -0.33193639 -0.34900355 -0.32987690
v 0.02209945 0.41572121 0.03199621
v 0.38141292 0.15902284 -0.20162486
v -0.24188924 -0.35922593 -0.38972247
v -0.45084158 -0.02815236 0.41215399
v 0.37798992 -0.25408858 -0.32118958
v -0.58279711 -0.21458697 -0.05811342
v -0.41365999 0.25215864 0.16802692
v 0.34981519 0.27856356 0.20610389
v 0.34783947 -0.25300735 0.39196607
v -0.29201686 -0.11247535 0.51536298
v -0.42588991 0.29319248 0.00212469
v -0.33350405 -0.32667989 -0.36243191
v 0.55774486 -0.09962875 0.12661412
v 0.23786144 0.33568129 0.26063737
v 0.15238604 0.34652206 0.01216087
v -0.62017763 -0.01385508 -0.08222404
v -0.35567391 0.32142651 -0.00358163
v 0.45408425 0.08528331 0.15881133
v -0.33919749 0.27152267 -0.26865339
v -0.39984876 0.35304397 0.01742049
v -0.21040452 -0.08684339 -0.54600036
v 0.04876935 -0.35782254 0.39406940
v -0.03135845 -0.31544057 0.41759533
v -0.29093307 -0.12854531 -0.48319486
v 0.37037504 0.13840991 0.39198273
v -0.05693141 -0.37506855 0.12241147
v 0.68931079 0.10782670 -0.05391952
v 0.54374480 -0.08799031 0.13987574
v -0.75953090 0.23250352 0.03229873
v -0.49178144 0.17769541 -0.16948423
v -0.52176547 0.25191748 -0.02776410
v -0.69118041 0.12338337 0.05934569
v -0.39309424 0.32615513 -0.00968993
v -0.08706316 -0.18093486 0.48416296
v -0.30995575 0.03719328 -0.53600419
v -0.33976236 -0.32536578 -0.36725581
v 0.15457980 -0.32270923 0.38256407
v -0.10835123 -0.11448571 0.53026599
v 0.41467431 -0.32457331 0.12903886
v -0.86078227 0.05082942 0.03655653
v -0.32761651 0.12414537 0.45016438
v 0.07293046 -0.38009316 0.34320438
v 0.05951427 0.40626138 0.03861243
v 0.42145616 0.25331417 0.11746767
v 0.36187163 0.12548153 -0.28084564
v -0.15246744 0.35820916 0.06986166
v -0.28804120 0.21726884 0.41456333
v -0.06216358 -0.35301277 0.27329123
v -0.26334617 0.29173979 0.43558395
v 0.70270461 0.16416807 -0.14012802
v -0.26600859 -0.07849946 -0.53604871
v -0.16444555 -0.09874648 0.57472271
v -0.53943670 -0.04935461 -0.32946739
v -0.26799497 -0.34300432 0.25152817
v 0.08627614 0.39584252 0.01352915
v 0.01555924 0.35241926 0.32163063
v 0.37250307 -0.35179302 0.16328910
v 0.04193711 -0.33439490 0.46080115
v -0.10196167 -0.16947731 -0.55568969
v -0.11066903 -0.08323959 -0.60569477
v 0.43370849 -0.27857789 0.15796281
v 0.37168765 0.11776024 0.28475034
v -0.21367598 -0.40987283 -0.31653243
v 0.13243641 0.34684700 0.38837582
v -0.56610680 0.03916324 -0.14939359
v 0.23874123 -0.20354007 0.43324053
v -0.40092802 0.24270350 -0.28013289
v -0.00949974 -0.18678640 0.56381279
v -0.90429968 0.02336170 0.04652733
v -0.06363646 -0.29386371 0.51539797
v -0.09155916 -0.08491574 -0.61816734
v -0.34212175 -0.32923162 -0.37161875
v -0.54014587 -0.05411575 -0.31301722
v -0.30737105 0.00349871 -0.45886490
v 0.06678826 -0.20338631 -0.57317233
v 0.10919051 -0.23973903 -0.53478199
v -0.07099488 -0.27701172 0.40569624
v 0.56378615 -0.09664427 0.13406992
v -0.52161068 0.07741430 0.15372053
v -0.33375102 -0.13002826 -0.54615223
v -0.22037734 0.28298959 0.38118577
v -0.60804611 -0.08715896 0.07609053
v -0.18587098 0.39514059 0.01961530
v 0.34179252 -0.27963695 0.32273823
v 0.62411273 -0.01671829 0.08776435
v -0.16971038 -0.26636136 0.46863490
v -0.39408788 -0.18173949 -0.44454190
v 0.39341831 0.02258269 0.33079636
v 0.70489955 0.04332684 0.00027883
v -0.49626476 -0.28211296 -0.04525953
v -0.30679703 -0.35546926 0.03208423
v 0.64129108 0.08451312 -0.02139866
v -0.23662537 0.12541546 -0.51667732
v 0.38437930 -0.14663930 0.32650965
v -0.68341768 0.24590603 -0.03396147
v -0.23822165 0.19084699 -0.45648152
v -0.35850900 0.25855479 -0.21790095
v 0.35693103 0.16949271 0.30098096
v -0.46508318 -0.16027185 -0.37745956
v -0.24544084 -0.14765941 0.56067985
v 0.03813105 0.38677302 0.35908031
v -0.53710872 -0.17036507 -0.13983180
v 0.62670642 -0.05109444 0.07597077
v -0.83922064 0.00053271 -0.01221481
v 0.32864395 -0.30727166 0.31317493
v 0.08428046 -0.40372071 0.11009592
v 0.37818849 0.22326411 0.16759999
v 0.06315493 -0.33365402 0.41967297
v -0.33683634 -0.30508852 -0.39651105
v -0.35846597 0.30588731 -0.16350560
v -0.07492962 0.29086748 -0.37303326
v 0.39629009 -0.34854177 0.09400034
v -0.10978732 0.40055791 -0.01408812
v 0.01387410 0.37482068 0.03992561
v 0.45266643 -0.19317292 0.23246926
v 0.22487460 0.34091195 0.25879967
v -0.31143785 -0.36601362 -0.32722849
v -0.62747705 0.34066883 0.03192274
v 0.53813744 -0.18238169 -0.01872309
v -0.31603807 0.10309634 0.47468668
v -0.34501672 0.04881923 0.47755390
v 0.57082188 0.01769680 -0.00000165
v -0.50983608 0.28575954 -0.03561062
v 0.67436743 0.10801800 0.01890245
v 0.46536076 -0.30140102 0.01008730
v -0.41101378 -0.21981576 -0.39852929
v 0.63721144 -0.11183681 0.03137489
v -0.35127547 -0.08095312 -0.55114806
v 0.00086161 0.32380879 -0.21812877
v 0.50283706 0.13992122 -0.16184638
v 0.54211211 -0.02940610 0.01787145
v -0.06455352 0.36426595 0.37933761
v 0.14586750 0.12260793 0.48237568
v 0.52192050 -0.01693677 -0.01896732
v -0.22169501 -0.13697645 -0.54229403
v -0.43558586 -0.32896593 0.18825904
v 0.74053639 0.12823410 -0.03603641
v -0.45855826 -0.12180430 -0.43112585
v -0.55604815 0.19958539 -0.08102402
v -0.58375025 0.05929611 0.01211704
v 0.21641840 0.23801526 -0.35736099
v -0.22889794 0.00910428 -0.51716703
v -0.33538476 -0.15616620 -0.55367255
v 0.41392478 -0.02744250 -0.27515292
v 0.36439803 -0.27685851 0.32712394
v -0.70039958 -0.11106634 -0.02192050
v -0.19423681 0.27427512 -0.38263214
v -0.34465915 -0.17652053 -0.51174212
v 0.65225190 0.05217373 0.02247761
v 0.16864756 0.32794875 0.01535334
v -0.01683959 -0.10219109 -0.57562429
v -0.67903352 0.00809875 0.08508104
v 0.07052943 -0.08403347 0.53796589
v -0.00868472 0.40972301 0.07406903
v -0.40340093 -0.17351125 -0.46646690
v 0.64319110 0.04291017 0.03984100
v -0.24133824 -0.33925688 -0.42305136
v 0.18513086 0.24725410 0.38539013
v 0.75891316 0.21596403 -0.03756168
v 0.41563630 -0.23905188 -0.37234575
v 0.13059337 0.28483590 -0.37885910
v 0.33961484 -0.34617388 0.23229031
v 0.75834966 0.24158680 -0.03008460
v -0.28158876 0.12149235 -0.50676101
v -0.03148426 -0.38988760 0.14753385
v -0.22905193 0.40481013 0.04845104
v -0.00694563 -0.29499313 0.48644048
v -0.68929690 0.22627500 -0.01506343
v -0.55654657 0.22415674 -0.04498008
v -0.07078612 0.37018454 0.32489735
v -0.90504956 0.06672627 0.05155412
v 0.33654729 -0.32481641 0.21624474
v 0.54447645 0.01169986 -0.04594159
v -0.35077244 0.29964486 -0.12465615
v 0.56108963 0.25978607 -0.01985554
v 0.61492169 0.04376625 0.05111020
v -0.27973697 -0.41277385 -0.32038918
v -0.25885785 0.22515129 -0.42075402
v -0.48805937 -0.22076178 0.03090318
v -0.49309129 0.20796335 -0.16229747
v 0.36964393 -0.26966408 -0.31192937
v -0.54878473 0.26804885 -0.03638509
v -0.33183715 -0.33062443 -0.20327795
v -0.36224127 0.32989708 0.06888580
v -0.16657589 0.29654142 0.40040785
v 0.33356977 0.03448090 -0.40718341
v -0.73118365 0.12408349 0.04869467
v 0.19512326 0.33925870 -0.00566038
v -0.37674418 0.21574739 -0.35928679
v -0.28488520 0.24882606 -0.29719394
v 0.52537221 0.10492483 0.14611295
v 0.48918796 -0.18382105 0.01394246
v -0.00860535 0.38341069 -0.03311934
v 0.43617883 0.08649337 -0.18907896
v 0.14545922 0.11577553 -0.54826909
v -0.32878214 -0.04237228 -0.42064279
v 0.38786837 -0.26362771 -0.31897506
v 0.33331257 -0.33561847 -0.27086532
v 0.63923633 0.00033527 0.08935864
v 0.14480034 0.17382543 0.46379769
v 0.19017711 0.34634340 0.32535794
v 0.52985752 -0.24379629 0.03784291
v 0.01277149 0.36183953 0.32031167
v -0.11158662 0.33547789 0.42204702
v 0.04099673 -0.18837431 -0.60552305
v 0.04133466 -0.25092101 -0.57899654
v -0.64591157 0.17993854 0.06061003
v -0.54330194 -0.11886933 -0.12854080
v 0.15154862 -0.05840090 -0.58518881
v 0.13987578 0.34668040 0.02441370
v -0.39378715 0.09241782 0.40790209
v -0.18249343 0.02172637 -0.52687722
v -0.11677671 0.38590449 0.33551577
v -0.43528205 0.05221361 0.40820533
v 0.02815894 -0.13886487 -0.58158958
v 0.10217307 -0.26240686 -0.51844573
v 0.48178789 -0.23514041 0.11537512
v -0.10687111 0.05842644 0.51130038
v -0.21083672 0.25563276 0.40251845
v 0.62881088 0.09134644 0.00269657
v -0.16495816 0.35604352 0.23135284
v -0.45647576 0.32396781 -0.05958503
v -0.43447092 -0.08553077 -0.47337708
v 0.07124648 0.35098380 0.23510382
v -0.28113285 -0.30421615 -0.37116075
v 0.18876427 -0.24241818 0.47477424
v 0.66631418 0.02580455 0.00323188
v -0.30208513 -0.29334396 -0.40994710
v -0.38238296 0.36446610 0.07846176
v -0.26466095 -0.34330183 -0.37321267
v 0.10943124 0.32205310 0.40752989
v 0.29309165 0.27956623 0.22474001
v -0.51374525 0.28312668 -0.01468422
v 0.57871151 0.03626869 0.05566224
v 0.21763718 -0.37648115 -0.03511057
v -0.24549188 -0.27950212 -0.46847063
v -0.32903293 0.22441415 -0.34636861
v -0.44935077 -0.17327349 -0.38161698
v -0.35787049 0.29751509 -0.08472481
v 0.30371499 -0.11207257 0.45222610
v 0.68151647 0.23008321 -0.06569843
v 0.29639956 0.29555145 0.25493824
v 0.46387479 0.04457254 0.32764614
v 0.14787894 -0.28570193 0.41269681
v -0.39247796 -0.08269970 -0.49862605
v 0.19861902 -0.04620966 -0.52910018
v -0.33438182 0.35293344 0.04673539
v -0.19311923 -0.25687757 -0.50653219
v 0.29382670 0.30677545 0.22081414
v 0.14756820 0.33070210 0.38779071
v -0.20162600 0.39347193 0.03287897
v -0.71229297 -0.01921974 -0.03040212
v -0.34057775 -0.23964122 -0.44299978
v 0.26169261 0.17063190 -0.35884935
v 0.29981202 0.14916705 -0.43797526
v -0.57028604 0.24218243 -0.04251555
v -0.14225784 0.38479364 0.32753426
v 0.21271080 -0.38411409 0.31838915
v -0.07091332 -0.03723331 -0.53236103
v 0.06250729 0.39045453 0.00924520
v 0.45850837 -0.29735255 0.03194684
v 0.38729280 -0.10270767 0.33789873
v -0.05448499 -0.25754672 0.52299637
v 0.61270261 -0.03013178 0.07977244
v 0.25955141 0.31382340 -0.04189762
v 0.18661018 -0.40193111 0.08803970
v -0.61596215 -0.04459054 0.03618532
v 0.00005618 -0.20500757 -0.61570519
v -0.40746465 0.19283637 0.42027962
v -0.04653474 -0.09939589 -0.57244539
v 0.56174070 0.01256119 0.10060316
v 0.53674883 0.09507811 0.14440611
v 0.45195490 0.01677434 0.17920524
v -0.58718181 0.06143177 0.01624554
v -0.65256935 -0.15676837 -0.02637987
v -0.53659552 0.26712924 -0.02368658
v 0.52565575 0.01457082 0.10968351
v -0.58201188 0.22241199 -0.05803283
v -0.48149106 0.24264185 -0.07707991
v 0.08106762 -0.38126585 -0.03587598
v 0.13023585 -0.29143593 0.40702668
v 0.26074949 0.06494972 0.46977887
v -0.06436365 0.22512522 0.47094381
v -0.04460680 0.39296430 0.17877199
v -0.07899378 -0.37082940 0.33792102
v -0.45143744 -0.22548927 -0.30304530
v -0.08740108 -0.28467607 0.42040569
v -0.31009936 -0.19547063 -0.53407592
v 0.35601354 -0.32392848 -0.19793490
v 0.44917256 0.19402117 -0.11142211
v -0.51545888 -0.00657946 0.19761224
v -0.26770800 0.32213569 -0.19329491
v -0.44920653 -0.28495163 -0.27573806
v 0.61307031 -0.05592179 0.05765028
v -0.71395600 0.21996719 0.00022265
v -0.44694027 -0.17295569 -0.39667523
v -0.20362119 0.09662437 0.52288932
v -0.33013105 0.28510419 -0.11699651
v -0.28715622 -0.34593615 -0.40802357
v -0.20333485 -0.18685248 0.51402736
v -0.08162200 -0.30643088 0.52568132
v -0.37477410 -0.06767246 0.49478903
v -0.31281805 -0.28032795 -0.42887536
v -0.35469806 -0.27124912 -0.40702549
v -0.34658858 -0.29422629 -0.38391304
v -0.30709270 -0.21085997 -0.48876950
v -0.33172128 -0.15182735 0.47243953
v -0.58505249 0.07531211 0.06140062
v -0.40744215 0.06540100 0.40132394
v 0.17355204 -0.35683307 0.35417646
v 0.11002073 -0.34986493 -0.35443884
v -0.41047391 0.25132415 -0.10361239
v 0.54293472 -0.11870635 -0.22247377
v 0.57082689 -0.14270873 0.05943469
v 0.44236717 0.23243074 -0.15626602
v 0.26972175 -0.36071923 0.31774974
v 0.24142700 0.33882815 0.27460548
v 0.33883485 0.27548388 0.21005864
v -0.49208885 -0.05302880 0.36932126
v -0.45898607 -0.16366580 -0.39729887
v 0.16152170 0.11688565 0.49387670
v 0.17794608 0.33670750 -0.04687662
v 0.28317571 0.29108199 0.29561156
v -0.29283243 0.11664188 -0.48395914
v -0.26828229 -0.37198806 -0.33601856
v -0.52778202 -0.14487426 -0.20250711
v 0.60021549 -0.07249946 0.12803993
v -0.09511451 0.04628051 -0.57278419
v 0.25380635 0.07669380 0.48986477
v 0.02009125 0.34625310 0.15599376
v 0.51919955 0.03123254 -0.10368270
v -0.37715769 0.00909260 -0.46370199
v 0.55499321 -0.04716437 0.11930603
v 0.75946033 0.11913692 0.03597552
v -0.48061365 0.25822890 -0.05862440
v -0.19484957 -0.36223483 0.23970649
v 0.52387381 0.02935952 -0.21849604
v -0.40893251 0.28987601 0.00840932
v 0.46720558 -0.14232060 0.18137670
v 0.38046181 -0.36791962 -0.03269730
v 0.03442140 0.41306275 0.07460341
v -0.14793697 0.29275483 -0.35992712
v -0.47899881 -0.20959492 0.30791461
v 0.34343678 0.30552661 0.00029979
v -0.32262230 -0.35808975 -0.37875962
v 0.35239410 -0.02283752 -0.44582069
v -0.35020065 0.25361285 0.35422650
v -0.18413907 -0.41906202 -0.28495723
v -0.47110328 -0.15626591 -0.40386495
v 0.06176334 -0.38137606 0.28525943
v 0.02106715 -0.29286790 -0.47263914
v -0.38217673 -0.11609070 0.46133834
v -0.70331532 0.24018742 0.00953835
v -0.23714009 0.20343405 0.42764416
v -0.69715619 0.17222193 0.04366084
v 0.04481591 0.06120452 0.54169917
v 0.30849066 -0.30497989 0.32167593
v 0.58899069 -0.15736860 -0.16916639
v -0.22506663 0.20485571 -0.39236405
v -0.42364562 0.03997368 0.39080462
v 0.46353382 -0.23594934 0.15085641
v -0.36336479 -0.06562810 0.48532790
v -0.71001595 0.15284213 0.02542825
v 0.64134932 0.13961822 -0.06734152
v -0.05949125 -0.22469395 -0.59506726
v -0.21931276 -0.34805140 -0.23533091
v -0.30134961 -0.30690274 -0.42194608
v 0.03680121 0.17055207 -0.47241136
v -0.20336193 -0.34261274 0.35304135
v 0.39309919 -0.14109538 -0.42931759
v 0.04084309 0.34964094 0.18570985
v -0.36049861 0.00042732 0.50835538
v 0.74391127 0.15543970 -0.01899790
v -0.22653654 0.16199321 -0.50539786
v -0.02375042 0.02062886 -0.52946979
v 0.37936220 -0.00271970 -0.44558370
v -0.60116929 -0.02638252 -0.05121112
v -0.35408437 0.05058916 -0.45370001
v 0.32497111 0.23414366 0.36280322
v 1.00367212 0.34633809 -0.05465036
v 0.33213773 -0.26210767 0.35069820
v 0.09797099 0.33855975 0.38428143
v -0.07394154 -0.10715076 -0.61112583
v 0.32791632 0.28737980 0.23804101
v -0.52812713 -0.22386311 0.18418688
v -0.13860658 0.37504128 -0.10725769
v 0.38897398 -0.13496077 0.33666208
v 0.31851262 -0.17611340 -0.45569104
v 0.43487406 -0.27457917 -0.27715635
v -0.41157052 0.32471833 0.05798171
v 0.62466556 0.03861443 0.00261788
v -0.45391178 -0.26014018 0.25624305
v -0.20730510 -0.14495441 -0.55542856
v 0.21915697 0.30166733 0.39415649
v -0.34735030 -0.18477477 -0.50159210
v 0.25345394 -0.37666991 -0.14302731
v -0.41534433 -0.11904283 0.46509409
v -0.64619285 0.12653647 0.02344675
v -0.04324162 -0.37704203 0.00556893
v 0.24775115 0.06919878 -0.48483503
v 0.39769024 -0.15059188 0.32992753
v -0.75010186 0.25035280 -0.00545272
v -0.55108070 0.28155315 -0.01921674
v -0.45061097 -0.33386987 0.01332784
v -0.07850304 0.33890450 0.33854014
v -0.58703375 0.28000897 0.05606472
v -0.22362815 -0.25052300 -0.44128454
v -0.45648041 0.04690882 -0.34532189
v -0.45501420 0.23763695 -0.14538021
v -0.31916076 0.26626456 0.42486688
v -0.10486688 -0.25686473 0.46448803
v -0.31311882 0.30922478 -0.25758359
v 0.12774353 -0.16207336 -0.56134367
v 0.58044899 -0.17459233 0.07957335
v -0.22770160 0.22154564 -0.44909364
v 0.87948358 0.28261876 -0.02541415
v -0.28359485 -0.38583302 -0.31683606
v 0.44514278 0.05964176 -0.25319776
v 0.30943123 0.19537254 0.36272293
v -0.47638351 -0.28286049 -0.18856777
v -0.30451667 0.36368167 0.14014672
v 0.03669250 0.36677068 0.38404843
v -0.17132027 0.33026022 0.39010984
v 0.63205177 0.26644340 -0.03484142
v -0.25898027 -0.28406394 -0.47600508
v -0.01862893 -0.21533859 -0.61975449
v -0.35250843 0.28215671 -0.23923203
v 0.03633938 0.23238629 0.43205631
v -0.05085697 -0.39920115 0.02146523
v -0.33847734 0.29613304 0.30669010
v 0.14156309 -0.38491654 0.02544049
v 0.27044713 0.33334598 0.21270862
v 0.81002122 0.26616484 -0.00972739
v 0.24068701 0.26516587 0.33851311
v 0.37233996 0.22836721 -0.23353210
v 0.07908447 -0.16482376 -0.54650623
v 0.64929712 0.22899766 -0.07755122
v 0.57731819 0.01177776 0.07264620
v -0.30030853 -0.37925076 -0.35302281
v 0.48358449 -0.12349248 -0.25784206
v -0.39722317 0.26890913 -0.24548492
v 0.09385637 0.03930826 0.51174009
v -0.10679390 -0.23019394 0.55462021
v -0.24403912 -0.41934392 -0.28577754
v -0.32046151 -0.12107942 -0.48469818
v -0.59643590 -0.10899737 -0.18039435
v -0.18625221 -0.25190571 0.50636357
v -0.24037105 0.15463747 -0.49655816
v 0.38832831 0.11466087 0.32362983
v 0.06244723 -0.10443614 0.56872118
v -0.23605213 -0.35305309 -0.43032277
v -0.31667671 -0.01605698 -0.48997033
v -0.08728169 0.39020151 0.01462274
v -0.00546377 0.18896043 0.49217397
v 0.25523147 0.33820266 0.21600708
v 0.41384861 -0.30528042 -0.20638469
v 0.02013577 0.35948345 0.31089377
v -0.55351663 0.28906167 -0.05621853
v -0.49441972 0.13708112 -0.21413708
v 0.28372797 -0.28595504 -0.39507568
v -0.39054769 -0.08260894 0.47785857
v 0.53100365 -0.09859302 0.00886504
v -0.31028605 -0.20223111 -0.51859838
v -0.09663909 -0.23649094 0.51017016
v -0.10214682 0.38102588 0.34612215
v 0.43409929 -0.22569239 0.19654037
v -0.46610293 0.11918358 -0.31676102
v 0.29339707 -0.10702238 -0.47034204
v -0.35806033 0.13532168 -0.41896981
v 0.42138442 0.22835577 0.12717691
v 0.01850898 0.35003734 0.17939664
v 0.15125091 -0.39560202 0.22403003
v 0.54628569 -0.17850587 -0.17132050
v 0.68792295 0.01691356 0.04385765
v 0.18933523 0.27681199 0.38624439
v 0.57019460 0.10483213 -0.05563854
v 0.31324202 0.18246281 0.39561161
v -0.28393430 -0.18597914 0.51309925
v -0.35708869 -0.23714170 -0.43130255
v -0.34971121 -0.25002265 0.44514224
v 0.41316617 -0.04512768 -0.37774268
v -0.29330540 -0.01621914 -0.51822019
v -0.42555127 -0.17782497 -0.37452778
v -0.51770598 0.21375675 -0.13678953
v -0.19228595 -0.29625764 0.45716107
v 0.53438377 0.09390315 0.05889466
v 0.29218480 -0.33195299 0.28562498
v -0.23706409 -0.22625300 0.51283646
v -0.32917321 -0.21195897 0.44411796
v 0.63056797 0.08273272 0.01765986
v 0.34900600 0.29357439 0.14102468
v 0.40408090 -0.09108974 0.37065554
v -0.36917090 0.32502201 -0.11959967
v -0.41311085 0.04197932 0.39445034
v -0.38599971 -0.02379367 -0.45755321
v 0.46162823 0.06203052 -0.28703362
v -0.02695092 -0.24080199 0.52297217
v -0.29532048 0.01916610 0.47045508
v -0.01697154 -0.32738495 0.39553732
v -0.14486341 -0.02498290 -0.57688361
v -0.33331764 -0.31677842 -0.34536499
v 0.47003630 -0.20804042 0.22422989
v 0.60249752 0.03025616 -0.09341686
v -0.52321535 -0.21639228 -0.01047919
v -0.01423302 -0.37627482 -0.15731341
v -0.24441461 -0.08619630 -0.51308656
v -0.39939865 -0.16731597 -0.46692196
v 0.49731755 -0.07180789 0.19287264
v 0.41153088 0.15055710 -0.19074205
v -0.00095959 0.37651312 0.31828380
v -0.12394118 0.35711330 0.28652263
v 0.48356587 -0.08938028 -0.20828125
v 0.55442357 0.03196199 0.05936989
v 0.48941165 -0.04526160 0.18577558
v -0.36640531 0.30725747 0.04906655
v -0.23622449 0.30056190 -0.18143833
v 0.26024905 -0.36043647 0.30644846
v 0.17461810 -0.38169217 0.34443250
v 0.05722962 0.34154090 -0.09779641
v -0.27393520 -0.10516256 -0.50414366
v -0.47222206 -0.16085567 -0.31991380
v 0.64204258 -0.05082813 0.12890284
v -0.06655418 0.49102795 0.06219776
v 0.42875016 0.13092160 0.22586796
v -0.27187780 -0.25784743 -0.49790555
v -0.34332934 -0.31835774 -0.37420228
v 0.09069314 -0.21434139 -0.57088399
v 0.31814742 0.19752747 0.28933698
v -0.08859307 -0.05872646 -0.55652601
v 0.13656756 -0.37628970 0.31985211
v 0.12312009 -0.37579423 -0.02345607
v -0.08527321 0.28381670 -0.35989034
v -0.57125968 -0.22672422 -0.10173056
v 0.22242357 -0.28170148 0.46073487
v -0.50694072 0.14789139 0.07738140
v -0.11293843 0.29040813 0.43084514
v -0.65488094 0.22300912 -0.00748090
v 0.15481521 0.25871241 -0.43161690
v -0.63618940 0.21552786 -0.04236077
v -0.96735251 0.14232224 0.00979403
v 0.73352093 0.01633766 -0.06225076
v -0.29645908 -0.04029950 -0.48006639
v -0.46957460 -0.29725641 0.15478259
v -0.29657623 -0.10312701 -0.53699750
v -0.47091290 -0.13572404 -0.32069269
v -0.13815886 -0.03805668 0.55482727
v 0.09039532 -0.27678365 -0.57372999
v -0.01650161 -0.36568528 0.28351370
v -0.30985993 0.29425749 -0.27478147
v -0.50565541 0.14979996 -0.18525790
v -0.24741928 0.36099297 0.00036376
v -0.34848052 -0.27830160 -0.37957120
v -0.35959446 0.30639625 -0.02297876
v 0.21529272 -0.02560220 0.50428402
v 0.27095768 -0.21668185 0.41315919
v -0.61413175 0.01460149 0.09636448
v -0.42737335 0.11879796 -0.34896237
v 0.14352979 0.36656478 0.19356954
v -0.04096304 -0.10126378 -0.57718503
v 0.65966249 0.06481694 -0.04099128
v -0.24652737 -0.05884131 -0.58511084
v -0.28248248 0.21264778 0.41091862
v 0.82511395 0.27794260 -0.02538302
v -0.62222522 -0.14859660 0.03566068
v -0.27739903 -0.30264866 -0.44069859
v -0.56569564 -0.20065172 -0.09636738
v -0.72838259 0.22022259 -0.04010494
v -0.23508242 0.35882652 0.05309834
v -0.25763133 0.29732940 -0.20763189
v 0.75455469 0.18071356 -0.00372133
v 0.10417536 -0.31560650 0.40098941
v -0.36121961 0.27298090 -0.26995885
v 0.14312409 0.32116783 0.40970764
v 0.10805149 0.35024577 0.06039806
v -0.09363819 0.37066552 0.32262057
v 0.40411505 -0.09465083 -0.38994548
v 0.35127166 -0.34949788 0.16904104
v 0.35091496 -0.38896066 0.01722034
v -0.30235410 -0.29897645 -0.38551253
v -0.04089789 -0.34957588 0.42371976
v 0.15923947 -0.33224350 -0.44580975
v -0.24840514 -0.36820585 -0.33726698
v -0.18102509 0.02265004 -0.54598927
v 0.01524960 0.36210245 0.36830586
v 0.14081524 -0.23030974 -0.53310692
v -0.44362178 -0.18732065 -0.41150558
v -0.13914998 0.34752774 0.39048249
v 0.18432613 -0.38134629 0.31698030
v 0.40783447 -0.22475246 0.18824425
v -0.47092935 0.12440278 -0.28962526
v -0.10185562 -0.38082755 0.19987270
v 0.03120550 -0.11125597 0.56379420
v 0.20789176 -0.22791506 -0.47326785
v 0.49584669 0.13200933 -0.17843582
v 0.55486989 0.23630817 -0.05031595
v -0.43242532 -0.31505352 -0.15435034
v 0.37528229 0.28236973 0.17681891
v -0.31318215 -0.33483994 -0.34339350
v 0.07319730 -0.38406974 0.34154689
v -0.21093214 -0.38936889 -0.35435840
v 0.15206760 -0.26025409 0.49375957
v 0.28038487 -0.38177890 0.26050490
v 0.23266006 0.28844541 -0.26129293
v -0.33520973 -0.30428493 0.31988069
v -0.10876080 0.37949777 0.35378742
v 0.43409956 0.22399533 0.25039259
v -0.51523900 0.25656530 -0.04340034
v -0.30687782 0.22434703 0.37485573
v -0.32715884 -0.27882856 -0.42874968
v -0.06120910 0.41723335 -0.03572692
v 0.40981007 -0.29612195 -0.27822396
v -0.45689291 0.34683695 0.09589483
v -0.20086329 0.00402809 -0.53938693
v 0.47937071 0.11616112 -0.01341840
v -0.04776359 0.29843739 -0.23641020
v -0.48929709 -0.18060020 -0.29482245
v -0.15160859 0.05212765 -0.56207907
v -0.28891560 -0.37043113 -0.15034807
v -0.34862977 0.30250391 0.36021471
v 0.16339293 -0.11935896 0.49659932
v -0.22995423 0.07057185 -0.57541853
v -0.47447509 -0.15450940 -0.40319365
v -0.27479920 0.03280879 -0.47785622
v -0.40107706 0.31859112 -0.09707468
v 0.47803849 -0.23610109 0.16554922
v 0.31339204 -0.34820384 -0.29857123
v -0.56489390 -0.17467962 0.09495583
v -0.37249964 -0.21639711 -0.47108549
v 0.02596593 -0.11737038 -0.58816123
v -0.48588002 0.29659078 0.15974012
v 0.31570849 0.25397182 -0.25650674
v 0.21625887 -0.28916132 0.47299173
v -0.77587062 0.06992577 -0.04556333
v -0.29277071 0.26648447 -0.30914831
v 0.10064860 0.33487496 0.30168748
v 0.67523688 -0.01353098 0.01827954
v -0.67740715 0.04176183 -0.00432950
v -0.57272297 0.17038321 0.00077428
v -0.45334220 -0.26896134 -0.22766852
v -0.45382592 0.24776179 -0.13234402
v 0.69708836 0.08628147 0.06609687
v 0.14552057 0.36149985 0.21777894
v 0.77682799 0.12840754 0.03525528
v -0.00237918 -0.34961963 0.35753748
v -0.34224367 -0.34089041 0.21536355
v 0.56524318 -0.10518855 0.13980220
v -0.02824387 0.33301067 0.41800216
v -0.57785141 0.28558356 -0.02381060
v -0.25484002 -0.16643117 0.48012292
v -0.31925502 0.32117277 0.24634695
v 0.02616352 0.40244979 0.04544440
v -0.40221626 -0.09802798 0.47097442
v -0.34858423 -0.01372495 -0.49221158
v 0.75779033 0.23726945 -0.07312728
v 0.14213799 0.35168260 0.01604694
v 0.22148043 -0.24530420 -0.40613967
v 0.55543274 -0.19452469 -0.06428365
v 0.62197596 -0.02328977 0.00674997
v -0.08273412 -0.38000849 0.24218427
v 0.18087780 0.31145772 0.36241448
v -0.37758523 0.00106610 -0.48135009
v -0.40987036 -0.01415839 0.47382352
v -0.37949765 -0.00812174 -0.48658758
v 0.23608550 0.20101660 -0.39345092
v -0.42320183 0.26533300 0.21102232
v -0.41014451 -0.00301660 0.40736082
v 0.44353098 -0.21202841 -0.29839504
v -0.01309145 -0.25098312 0.47915331
v 0.30008125 0.27534756 -0.07239217
v 0.42636347 0.10439260 0.25720331
v -0.23356734 -0.36511442 -0.17083573
v -0.80436397 -0.00944387 0.02235749
v 0.53949213 -0.08364535 0.10450524
v -0.19677493 -0.42911673 -0.32813752
v -0.32621551 0.27823475 -0.21286769
v -0.43362030 0.04321095 -0.42940354
v 0.07520299 0.39333194 0.03779308
v -0.05800392 -0.22193393 -0.59872591
v 0.58991969 0.02826627 0.02949885
v 0.09666180 -0.28675222 0.50479650
v 0.59051925 -0.20833541 0.05630699
v 0.45084715 0.13246417 0.19177136
v -0.46897119 0.24172841 -0.13184212
v -0.04196686 -0.05968037 0.54925722
v 0.25003675 0.28345785 -0.10641864
v -0.64002889 0.15038764 0.03221658
v -0.25294599 -0.30638099 -0.45333591
v 0.51605505 0.22501625 -0.05336511
v -0.02118662 0.19593838 -0.46362025
v -0.14403582 0.01575001 -0.55415720
v -0.58422303 0.17534494 -0.03110856
v -0.42535943 -0.34957331 0.05896806
v 0.22327919 0.35746989 0.20526978
v 0.52573335 -0.17665674 -0.01995944
v 0.09324199 -0.37758523 -0.15609209
v -0.17524758 0.36393306 0.05253709
v -0.29774779 0.36144295 0.12071532
v 0.04858861 0.36347270 0.41334313
v 0.10878025 0.33533150 0.28158775
v 0.37640858 -0.40691251 0.00024763
v -0.27557486 -0.40103054 0.07058827
v -0.44046289 -0.09805854 -0.46425956
v 0.73981965 0.07868344 0.01381374
v -0.63613367 0.25801831 0.08651390
v 0.49590492 0.17607147 -0.07866297
v 0.46945542 -0.11438733 0.27796769
v -0.11068497 -0.00483426 -0.52524048
v 0.08901601 0.35333130 0.32378197
v 0.55889064 -0.10887350 0.13624051
v -0.25395381 -0.38373834 -0.37474242
v 0.32619786 0.19454192 0.27880210
v 0.29854679 0.29384840 0.27302867
v -0.29505354 0.27933243 -0.17493178
v -0.04359858 -0.14550288 -0.64259589
v 0.62523717 0.05979340 -0.05467997
v -0.40357989 0.27414286 -0.15852550
v 0.07803120 -0.39836851 -0.01729514
v -0.57633030 -0.19613367 0.05578206
v 0.04449985 -0.13553345 -0.62813091
v 0.43374956 -0.24359737 -0.36451668
v 0.01919769 0.39139301 0.05713356
v 0.12964252 0.33286706 -0.10204259
v 0.25712112 -0.26999590 0.43639976
v -0.49900120 0.09602618 0.36714756
v 0.53132993 0.07121542 -0.09102165
v -0.08233194 -0.12935853 -0.59243619
v -0.43443006 -0.33996004 0.09028399
v 0.26035950 0.31707254 -0.23564087
v 0.31122065 -0.36877927 -0.01596114
v 0.76631379 0.15546748 -0.09278975
v 0.05546473 0.37794882 0.03569457
v 0.45934728 -0.09075280 0.25198564
v 0.70094454 0.03817302 -0.07626569
v -0.43113983 0.13104299 0.34962329
v 0.04534814 -0.23863703 -0.61608791
v -0.42188609 0.35626569 0.18989301
v 0.37271941 -0.05932838 0.44437575
v -0.13782138 -0.10660485 -0.58921295
v -0.23642184 -0.20796917 0.54516250
v -0.07197653 0.32343262 0.06358256
v 0.22250240 -0.29545042 0.37703022
v 0.34984452 -0.32903114 0.23051317
v -0.49017981 -0.09861460 -0.37044871
v -0.16696821 -0.28493512 0.48286149
v -0.31748337 0.26753569 -0.26470113
v 0.03269412 -0.22596149 -0.61027598
v 0.39067653 0.00917836 0.32887012
v 0.48135242 -0.03493915 -0.13668102
v -0.28027129 -0.38720030 -0.31612241
v 0.09938100 -0.33130199 0.48349893
v 0.38839346 0.22952697 0.25656885
v -0.23362531 -0.38140064 -0.38421100
v -0.67045623 -0.12183216 0.03553743
v -0.29282594 -0.36095017 -0.32325333
v -0.10426015 -0.04878613 -0.57307070
v 0.75108218 0.08106068 -0.09266745
v 0.56415117 0.12407786 0.07106861
v 0.51925874 -0.11905274 0.16345307
v 0.35097295 -0.04375815 -0.44972569
v 0.44235200 -0.30331531 0.14797731
v 0.31509864 0.29737434 0.27781680
v -0.28121150 0.22600839 -0.39905846
v -0.03113375 -0.37225398 0.21144682
v 0.05113503 -0.24931391 -0.57312685
v 0.53655326 -0.18387456 -0.20086366
v 0.56096244 -0.10946138 0.11706392
v -0.12832464 0.35261634 0.37332690
v 0.03147696 -0.36536172 -0.29191393
v -0.50089765 -0.14295425 -0.29326805
v -0.16286579 0.30597648 0.29400060
v -0.46855664 0.29224771 0.23847762
v -0.39511818 -0.09509765 -0.50629038
v -0.27240765 0.34460700 0.04607236
v -0.15345290 0.31748074 0.44321913
v -0.08443283 -0.17030549 -0.58044410
v 0.45637417 -0.25865090 0.14989901
v 0.00824208 -0.33560801 0.43726596
v -0.56190491 0.22027732 -0.00784519
v 0.44628185 -0.30836076 -0.18622234
v -0.30795860 -0.37651283 -0.31043470
v 0.44512227 0.06603161 -0.16680199
v -0.50556690 0.30021963 0.11367082
v 0.57902688 0.10963298 -0.10569623
v -0.29560226 0.02289688 -0.54174596
v -0.32880130 -0.33346894 -0.34556669
v 0.68830663 0.15967052 -0.14356150
v 0.27684292 -0.33290425 0.26729190
v 0.28243795 0.20656466 0.39904878
v -0.29860064 0.08041234 0.49703407
v -0.63731289 0.11844642 -0.00725171
v -0.09745347 0.34781179 0.09910709
v 0.66502643 0.15397391 0.02474245
v -0.05406076 0.12866144 -0.51573157
v -0.15633366 0.35009497 0.37293646
v -0.76632273 0.24809486 0.03252587
v -0.04660976 0.20302446 0.49813280
v 0.43369079 -0.05729952 0.26692280
v 0.10719146 -0.34842989 0.39754477
v -0.30507469 -0.34400207 -0.39738432
v -0.19239260 -0.03554010 0.54747099
v 0.56692851 -0.01214201 -0.16693021
v -0.14283249 0.37928304 0.15510380
v -0.21356581 0.02589073 -0.53322697
v -0.24622874 -0.39790744 -0.29636830
v 0.40317044 0.25916404 0.09254195
v 0.02960034 0.36289743 0.01754855
v 0.49610218 0.20847732 -0.03292632
v 0.69717133 0.04315443 0.05419567
v -0.23919114 0.20481025 -0.45609057
v -0.52123624 0.24682704 0.09985029
v -0.61496431 -0.03210273 0.03116515
v -0.53730565 -0.24444315 -0.04604478
v -0.01165585 -0.19449891 -0.59185147
v 0.50193685 0.05068078 -0.24905118
v 0.77701664 0.21185900 -0.00862306
v 0.59463423 0.05954671 0.02685224
v -0.12077221 -0.13103269 -0.59820688
v -0.68838549 0.23696353 0.01470825
v -0.27477604 0.25914574 -0.34081909
v -0.02450845 -0.15807769 -0.63477451
v 0.55559516 -0.06716485 0.15213972
v -0.13449922 -0.32679266 -0.41302782
v -0.74788880 0.14762431 -0.01404467
v -0.56052482 0.18389682 0.19004372
v -0.17013162 0.33168319 0.35549548
v 0.23138210 0.14916000 0.45893997
v 0.54291058 -0.08011339 0.12281318
v -0.11395665 -0.17433348 -0.57006580
v -0.31946513 0.22105032 0.36802894
v -0.31632993 -0.28872871 -0.42265752
v 0.18554610 0.35908592 0.19086453
v 0.00028256 0.39098924 0.10878852
v -0.00180152 0.37127897 0.33679405
v 0.06995051 -0.15269132 0.57702136
v -0.08073515 -0.31172180 0.52263737
v -0.52586687 0.28121108 -0.02147642
v -0.68033278 0.19894387 0.02092959
v -0.25986418 0.28554949 -0.30431247
v 0.60111749 0.01612977 0.07605839
v 0.35445732 -0.05346358 -0.44508243
v -0.38088036 0.29980439 0.26552141
v 0.32445920 -0.20437406 0.43470237
v -0.20818409 -0.18450436 0.50192618
v 0.27803510 -0.37776411 -0.09779669
v 0.35805637 0.25634393 -0.10890014
v -0.23538081 0.26212314 -0.35254475
v -0.19313787 0.34218267 0.16755721
v -0.33348542 0.29525277 -0.15349296
v -0.36202869 0.18266237 -0.36544031
v 0.09203554 -0.28300390 -0.54335564
v -0.74655133 0.25520846 0.03085367
v -0.40172672 -0.10380241 -0.48507965
v -0.61266619 0.20573783 -0.02618180
v -0.26535198 -0.30773625 0.40022606
v 0.21722618 -0.20199126 -0.51737714
v 0.45775595 -0.27063876 -0.09883825
v -0.60406065 -0.15275417 0.09301649
v -0.07767934 0.36448976 0.24696276
v -0.40013817 0.28310776 -0.02029882
v -0.18184943 0.34457761 0.21740524
v -0.17939916 -0.06401160 -0.54694760
v 0.11811542 0.02833382 0.57493728
v 0.60452229 -0.00300838 0.08172190
v 0.42769909 -0.32591796 -0.22400038
v -0.54070997 -0.14635186 -0.28380537
v -0.23340347 -0.36804682 0.14907990
v -0.22244166 0.23325691 -0.42061627
v -0.33199543 -0.13961414 -0.55810755
v 0.02536916 0.35831258 -0.04386979
v 0.53365296 0.05641622 0.11504707
v -0.05718838 -0.21019307 0.54183573
v 0.74336344 0.13162728 0.05877076
v 0.46623966 0.05949017 -0.28874749
v 0.29956800 0.05312017 -0.43818462
v -0.58910078 -0.12366518 -0.20835076
v 0.39170432 0.23674232 -0.18058577
v -0.16829285 0.00178946 0.50479007
v 0.09021170 -0.37967336 -0.05282233
v 0.19914189 -0.13033633 0.50917405
v 0.05114297 0.35414308 0.20264089
v 0.26926452 0.29440120 0.23568344
v -0.35928479 -0.18920866 -0.47045803
v 0.05430124 -0.38172579 -0.02534131
v -0.36336324 0.07435364 0.46705085
v -0.25939286 -0.38460431 -0.36337411
v -0.43330023 -0.06963873 -0.44315764
v 0.12770475 -0.30159476 -0.55587238
v 0.15740362 0.31235644 -0.10312667
v 0.27253762 0.29797930 -0.23382661
v -0.38853312 0.31906915 0.25138685
v 0.67669779 0.17718168 -0.02559890
v 0.48506030 0.19707292 -0.05657005
v 0.57366729 0.00042237 0.05643302
v 0.49475345 0.19083190 -0.04902484
v -0.60029477 -0.19673000 -0.09737784
v 0.55626154 -0.00970465 0.09656906
v 0.54573119 -0.19036835 0.05946342
v -0.31533065 -0.36826316 0.15123409
v -0.89578897 0.20539337 0.03561962
v 0.47750443 0.00897627 0.22063431
v 0.40972900 0.27811813 0.12896743
v 0.57344139 -0.07628332 0.05349439
v -0.23446710 0.31741279 0.43389902
v -0.32854351 -0.10301925 -0.52941608
v -0.03117132 -0.07876042 0.57346791
v 0.60920495 0.22776641 -0.07819210
v 0.51674235 -0.03936333 0.16777951
v -0.42970923 0.21548563 -0.24390054
v -0.35128766 -0.30488038 -0.38532725
v 0.40788701 -0.07879493 0.30904827
v -0.26343575 -0.25827515 -0.49479896
v 0.45780456 -0.30291814 -0.11152789
v 0.38638574 -0.06132436 -0.35628483
v -0.28193635 -0.31958804 -0.40818837
v 0.47304648 0.05670909 0.21560305
v -0.21313490 -0.44841003 -0.27486518
v -0.37720817 0.28380504 -0.16418910
v 0.52912945 -0.18919842 -0.17686403
v -0.09338839 -0.21431445 -0.61724436
v -0.39382684 -0.20527110 -0.42469829
v 0.67699152 0.08553055 0.00868469
v 0.23777333 -0.23176210 0.43806675
v -0.26214388 -0.22223209 -0.54234618
v 0.16862644 -0.24742356 0.47370261
v -0.19428411 0.41395521 0.18918145
v -0.48015735 -0.04047150 0.41392022
v -0.30341753 -0.11726444 -0.53616464
v 0.38755828 -0.19534402 -0.41575924
v 0.41442293 -0.19142491 0.32916185
v 0.56807369 -0.08045937 0.05644604
v 0.44857645 0.06644192 0.28954983
v -0.20157817 -0.20204651 0.50045431
v -0.35159528 0.13944364 -0.40880355
v 0.63093650 -0.00161936 -0.00646955
v -0.21205235 0.36306685 0.26363677
v -0.30468297 -0.31827310 -0.44765115
v -0.22803812 -0.15373026 -0.56581950
v 0.34218535 -0.16583320 0.44318762
v -0.12733476 -0.00258936 -0.55235356
v -0.36779931 -0.05753678 0.45184770
v 0.27780840 -0.39199728 0.11961685
v -0.43394065 0.33766133 0.06397913
v -0.21996202 -0.05022551 0.52286798
v 0.43291843 0.14474958 -0.19592318
v 0.71544206 0.10099862 0.08208795
v -0.43104252 0.34789628 0.15762258
v -0.56156659 -0.22412540 0.13396044
v -0.37610343 -0.17347217 -0.40929332
v 0.14326328 -0.02057458 -0.58136833
v 0.33545920 -0.19927651 0.41624460
v -0.71538109 0.23594457 0.02024523
v -0.42878985 0.01253115 -0.39830923
v -0.68904197 -0.11586867 0.01516370
v -0.34482878 -0.17479296 -0.51156223
v -0.62869549 -0.11380969 -0.02858804
v -0.26364991 -0.09733290 -0.53041536
v -0.30308774 0.03652143 0.49464014
v 0.68263066 0.05123934 -0.00954075
v 0.13435121 0.23690219 -0.41547608
v -0.63383996 0.20869537 0.04329810
v -0.21025458 -0.17227283 0.52253896
v -0.46918398 0.27527255 0.00327250
v 0.43764627 -0.13503462 0.29043108
v -0.08272353 0.36796358 0.18019736
v -0.24630040 -0.34448376 -0.47625485
v 0.12981544 -0.38702840 0.01979682
v -0.36711109 -0.11578010 0.48211205
v 0.21294832 0.29624707 -0.07270660
v -0.26013571 -0.39144343 -0.33334872
v 0.30463782 -0.05703980 -0.49104261
v 0.27891585 -0.36943507 -0.08328129
v 0.59824705 0.10757657 -0.08796331
v 0.25188470 0.30846375 0.34438866
v 0.50011671 -0.25259784 -0.03449553
v -0.31384653 -0.23401432 -0.46585438
v 0.55264664 -0.07095297 0.05299446
v 0.14662783 0.35771501 0.23227812
v -0.53655374 -0.24722064 -0.14433348
v 0.66090780 0.05609662 -0.05103759
v -0.48273093 0.31134716 0.02598909
v -0.21998948 -0.25268272 0.50048459
v 0.02185076 0.39451802 0.05690738
v 0.55167812 -0.14916767 0.10962734
v -0.03656808 0.35635656 0.38592243
v -0.93638539 0.15300581 0.03041348
v 0.43355849 -0.13230330 0.28080624
v 0.32751566 -0.24663255 0.35962448
v 0.65259850 0.19519487 -0.01483233
v 0.48321185 0.09367311 -0.09517869
v -0.15936786 0.20833570 -0.43446076
v -0.32576725 0.29451013 -0.13506900
v -0.63761061 0.19256674 0.02913827
v 0.35545447 0.29929233 0.00923538
v 0.03183873 -0.32639340 0.47744155
v 0.29177117 -0.41311455 0.04776084
v 0.65347672 0.17567325 -0.03525622
v 0.28162429 -0.33879602 -0.31791607
v 0.31120658 0.29820839 0.30038500
v -0.17193383 -0.44776857 -0.24839807
v -0.13444708 0.17685419 -0.48601758
v -0.02131164 0.26044139 0.44036961
v -0.27550268 -0.39096260 -0.40733603
v -0.50626552 0.06497566 0.20700896
v 0.61980623 -0.06290562 0.07749487
v 0.30921894 -0.24670842 -0.42943805
v -0.35171509 -0.29625368 0.30001834
v -0.08186490 -0.27473369 0.47334698
v -0.24021991 0.36148664 0.14179251
v -0.34956196 -0.21995044 -0.48001298
v -0.22644956 -0.36761510 -0.22305724
v 0.39811656 0.32905564 0.13222763
v -0.37890062 -0.10587560 0.47005737
v 0.39974338 -0.11896175 0.32840666
v 0.17880911 0.30131668 -0.19798142
v -0.13705140 0.38328743 -0.01745014
v 0.44941005 -0.04502473 0.25300890
v -0.07742348 0.37634346 -0.04522934
v 0.63663650 0.02254258 -0.01110444
v -0.01121722 -0.07194940 -0.57717681
v 0.36072701 0.19008875 0.22902298
v 0.38024756 -0.26833397 0.27762190
v 0.65586382 -0.02344592 -0.01687342
v 0.68003792 0.11841091 -0.00000408
v 0.58550870 0.20129436 -0.08270020
v 0.43515339 -0.31650111 0.02796502
v 0.30853641 -0.36918333 -0.03208220
v 0.15100726 0.29567567 -0.34811157
v -0.52919143 0.01275453 -0.25086847
v -0.04817618 -0.36240029 0.31806916
v -0.22191283 0.30013826 0.38999450
v 0.71576613 0.27588862 -0.01807083
v -0.42863756 -0.13414472 -0.47397846
v -0.68611646 -0.10490866 -0.01838135
v 0.60982335 -0.00326876 -0.13387507
v -0.22346571 -0.09721430 -0.57350761
v -0.62100255 0.24881667 0.00399095
v -0.02839809 -0.31949335 -0.45872909
v 0.42626429 -0.29792583 -0.16757673
v -0.16633232 0.04916913 0.51750362
v -0.30389476 -0.38895550 -0.32230347
v 0.49958390 -0.14670768 0.13882565
v 0.58460164 -0.17230369 0.09799378
v -0.50994670 0.19332391 -0.11617687
v -0.36321881 -0.18873790 -0.45864689
v 0.52842945 0.14979479 -0.02978692
v 0.24931419 0.29500917 -0.31149638
v -0.32072571 -0.34068894 -0.36979771
v 0.40747240 0.27773559 -0.05844690
v 0.52671993 0.06651714 0.08861646
v 0.31965566 0.14825359 -0.38540429
v 0.51528424 -0.20616642 -0.22589010
v -0.43819848 0.31003302 -0.12094999
v 0.05061179 0.34689596 0.31306013
v -0.10016923 -0.37463975 0.24984764
v 0.48637050 0.22026604 0.09196414
v -0.43749827 0.06935517 -0.36864352
v 0.59107077 0.01135836 -0.12054220
v -0.46765307 -0.07023408 -0.28954494
v 0.21156192 0.31913552 -0.17922713
v -0.57828295 0.24491958 0.00952922
v 0.18704079 0.36634299 0.21188408
v -0.30836785 0.30869263 0.02791457
v -0.53597534 -0.14729282 -0.26632172
v -0.35643932 0.32369712 0.20933118
v -0.41626894 -0.09021368 -0.45928124
v -0.67790926 -0.12682872 -0.00955531
v -0.43520042 0.27292809 -0.13605106
v -0.89549947 0.07113913 0.04274041
v 0.58401269 -0.09348846 0.06923519
v 0.61315995 -0.06879948 0.07709128
v -0.19784345 -0.36787418 -0.26538399
v 0.44503424 -0.30249387 0.04332115
v -0.38164800 0.28231046 -0.10645726
v -0.01737898 0.24234378 -0.45404345
v -0.34859368 0.29727221 -0.25037655
v 0.28397837 0.32429311 0.29023594
v -0.29620120 -0.35755780 -0.17617062
v -0.35548609 -0.05124423 0.50519681
v -0.28028780 0.16533718 -0.45476708
v -0.17451999 -0.22436374 -0.50990194
v -0.18325888 -0.16222918 -0.57085574
v -0.12512349 -0.05844568 0.55574602
v 0.62170833 0.07030541 0.04812604
v -0.28802106 0.19169509 0.45084074
v -0.26968282 0.22443429 -0.44132307
v -0.78450823 0.03223764 -0.01614997
v -0.33842200 -0.24693559 -0.40578753
v -0.23207365 -0.00673145 0.50900406
v 0.21006924 -0.35095954 -0.33792225
v -0.41744190 -0.32936397 -0.19315927
v 0.01404889 -0.12190825 0.55947137
v 0.19666895 -0.26538160 0.49632251
v -0.41938087 0.07274307 -0.37732831
v 0.06600484 -0.38510790 0.27600822
v -0.13517301 0.25228122 0.49359363
v -0.45054287 -0.12898603 -0.45885965
v -0.02598707 -0.14398952 -0.61535400
v -0.62315875 0.18650964 0.02198081
v 0.59632403 -0.12308232 0.01936922
v 0.22395265 0.02934264 0.48728171
v -0.10861285 0.39507037 0.02021824
v -0.43803555 0.19994409 0.36076570
v 0.31452283 -0.33167586 0.26621523
v -0.19041194 -0.37289008 0.16491708
v 0.06266934 0.21272317 0.49665979
v -0.69626403 0.16486058 -0.01425503
v 0.00077452 0.27180129 -0.32729453
v 0.33020201 0.05836354 -0.41253987
v 0.14764436 0.35082340 0.00314997
v 0.56788760 -0.14171252 0.16764680
v 0.46837008 -0.05825676 -0.16160825
v -0.10981388 -0.11287604 -0.60391843
v 0.00002665 0.36116621 0.26197109
v 0.41216439 -0.16767962 0.39047316
v 0.27598795 -0.21568602 -0.50216299
v 0.31763577 0.04307200 -0.46353221
v -0.36142141 0.29925281 -0.02398162
v -0.28407556 -0.10911125 -0.50489014
v -0.31754243 0.21305206 -0.38320363
v -0.48469424 0.02503138 0.34121203
v 0.37617642 -0.33736742 -0.08769543
v -0.02162247 -0.18825223 -0.56911075
v 0.38522676 -0.23343134 0.33231148
v -0.21824852 -0.27743453 -0.41533709
v -0.45853531 0.27308699 0.02885170
v -0.01751794 0.45650345 0.03803996
v -0.44408804 -0.09893131 -0.45964825
v 0.03954726 -0.17222254 -0.59682751
v 0.33416641 -0.10928148 0.41979375
v 0.39420542 -0.32006440 0.15266612
v -0.53952664 -0.16293517 -0.24237424
v 0.23943345 0.16712320 0.41449425
v -0.42820346 0.23658206 -0.16345482
v 0.59890205 0.13852003 -0.06496546
v -0.05509540 0.38554811 0.25722256
v 0.10381606 -0.25551346 -0.52229267
v -0.12836663 0.41162479 0.13130653
v -0.35359961 -0.27529049 -0.42508447
v 0.60782325 0.07483728 -0.00560057
v -0.14111960 0.34114361 0.36372024
v -0.52066392 0.28394988 -0.08044381
v 0.56382608 -0.04246031 0.01041154
v 0.65601355 0.14302754 0.01716127
v -0.03287043 0.42434224 0.01091005
v -0.36566097 -0.17496744 -0.43985674
v 0.21246758 -0.23652376 -0.44705325
v -0.08083896 -0.15779458 -0.64172751
v -0.41418067 -0.16280179 -0.47407764
v 0.22498325 0.28009728 -0.26269948
v -0.10800441 0.33524114 0.38309982
v -0.06518961 -0.26883209 0.52953565
v -0.78564185 -0.08756528 -0.04319282
v -0.30562517 -0.39239901 -0.30688578
v -0.64396894 -0.09759631 -0.05512373
v -0.10714502 0.41596326 0.07319607
v -0.72153461 -0.08159205 0.04346932
v -0.39054319 0.30061024 0.03567138
v 0.04362281 -0.22242284 0.55314702
v -0.39977428 0.33613849 0.30689099
v 0.68839747 0.24282354 -0.07886556
v -0.35906938 0.00264569 0.48427904
v 0.04481554 -0.14816241 -0.59952688
v -0.25575149 -0.41635847 -0.27966028
v -0.26005268 0.17964263 -0.44352537
v -0.11799984 0.31073380 0.44237009
v -0.20755970 0.37769696 0.07952569
v -0.30882141 0.28293610 0.35470980
v -0.17807530 -0.22893023 0.52670348
v -0.24817355 0.29794231 0.27866673
v -0.03285898 -0.10304148 -0.59393138
v 0.25455076 -0.11209635 0.50166512
v -0.19126627 -0.15800989 -0.61026263
v -0.33054912 0.33831987 0.02342751
v -0.78828639 0.10624160 0.02470782
v 0.04022053 0.36061615 0.27188915
v 0.24184455 0.33864516 0.01735418
v 0.27442181 -0.36495674 -0.17780854
v 0.16173425 -0.29895985 -0.52566695
v 0.38235807 -0.39913580 0.00787726
v -0.01102932 0.37025771 0.25792903
v 0.54426682 -0.07783795 0.09660758
v 0.01454832 -0.36921793 0.24892360
v 0.47299099 -0.27956522 0.20729125
v -0.58817261 0.22016633 -0.02559857
v -0.35950193 0.08525520 -0.43512455
v -0.29462728 -0.24610612 -0.48782721
v -0.27523446 -0.26187742 -0.52503073
v -0.35737956 0.31626958 0.29162034
v -0.30052292 0.30437559 -0.08461581
v -0.09439500 -0.02587259 0.55527335
v -0.51794899 0.15884325 -0.20110250
v -0.64882714 -0.07716110 0.02549029
v -0.58843857 0.05048583 -0.17047118
v 0.33047485 0.17841676 0.38507962
v -0.43948483 -0.29531631 0.20795810
v -0.30153424 0.26731002 -0.30126756
v 0.22433750 -0.08992104 0.53051561
v 0.30119240 -0.29400438 -0.40567073
v 0.44630864 0.15298536 0.19936962
v -0.12976466 0.34570238 0.36294991
v -0.24324840 0.33791023 0.40764642
v 0.74186081 0.08038383 0.01219122
v -0.47553903 -0.15504892 0.41786975
v -0.30219305 -0.32691786 -0.34583101
v -0.38302976 -0.10289747 0.45648089
v -0.05834852 0.35922959 0.35841212
v -0.22172096 -0.32122278 0.34659764
v -0.11755354 0.35564652 0.21999204
v -0.35166299 -0.09852303 -0.48618335
v 0.25207713 -0.39216101 0.16565467
v -0.50920415 -0.29117200 -0.01305134
v 0.23206344 -0.36576557 -0.03489159
v 0.61448532 -0.03494838 0.08694312
v -0.34887627 -0.34555149 0.15593842
v -0.33361688 -0.16672784 -0.50463247
v -0.46861771 -0.01187344 0.43162650
v -0.26629737 -0.09728818 -0.56595170
v -0.00820944 0.42670977 0.09869455
v -0.22951141 -0.36860380 -0.41583446
v -0.59427893 0.12515779 -0.05789210
v -0.50532866 -0.16469412 0.20244239
v 0.46337214 -0.14797567 0.24091558
v -0.29368475 -0.34802267 0.23067802
v 0.67167991 0.01013529 0.09833579
v -0.19453219 0.26340005 -0.42992559
v -0.20570770 -0.16108800 0.60506332
v 0.32583889 0.27906334 0.13484028
v -0.35120699 -0.32175535 -0.29073727
v 0.45904198 -0.15535857 0.24104032
v 0.22693901 -0.18924049 -0.55697918
v -0.08425295 0.41637677 0.12792896
v -0.23996687 0.21896692 -0.42385465
v -0.41222528 0.27237692 -0.18106346
v -0.57300234 0.10464482 -0.07288216
v -0.24395862 0.03057464 0.53486162
v -0.05621807 0.37779021 0.24444377
v -0.27008444 -0.33928162 -0.39110255
v -0.61407828 0.20004734 -0.02446564
v -0.18779695 0.38244167 0.06201183
v 0.44513962 -0.31032458 0.01130697
v -0.51882350 0.26116186 0.07700437
v 0.24647100 -0.39697137 0.13268492
v 0.36472005 0.09157866 0.22567508
v -0.35002565 -0.22522877 -0.49330550
v 0.29318413 0.27066493 0.35028467
v 0.61168158 -0.01982898 0.01423010
v -0.30418861 -0.22689457 -0.53147304
v -0.29408813 -0.37825197 -0.29911569
v 0.21525505 -0.32971594 0.36569521
v 0.50602180 -0.11347207 0.18218449
v 0.52031314 -0.13890816 0.05211456
v 0.23108512 0.23937692 0.33375877
v -0.34681624 -0.09764501 -0.49779183
v -0.04310095 0.44980001 0.04595058
v 0.68881392 0.08054157 0.06530896
v -0.67140847 0.01884883 0.02088487
v -0.21773364 0.06705172 -0.49824524
v 0.64684677 0.24889281 -0.04613672
v -0.30637786 0.25086644 -0.30184811
v -0.34744444 0.26168334 0.35599333
v -0.08043476 -0.37107873 -0.20892216
v -0.29460064 0.30433518 -0.14505413
v 0.34136191 -0.10101925 -0.44130251
v -0.60310400 -0.00297821 -0.18105654
v 0.21775272 0.35642833 0.28739366
v 0.70510477 0.05455226 -0.00223251
v -0.04012620 -0.22910513 -0.61513376
v -0.51545405 0.21371448 -0.18451974
v -0.39408892 -0.32542074 0.22461873
v -0.52918971 -0.07193212 -0.28784171
v -0.58939707 0.24592061 0.01227912
v -0.30584174 -0.06136448 0.50550550
v 0.47684509 -0.07031156 0.18674460
v -0.26241237 0.36894670 0.33818242
v -0.58940947 -0.14291552 -0.04225601
v -0.43805903 -0.27242136 -0.29703277
v -0.19816287 0.22574082 -0.39859802
v -0.57187980 0.07330242 -0.10486719
v 0.32201833 -0.02850612 0.46388438
v 0.43501365 0.15317811 0.13320161
v -0.38598084 -0.37014323 0.00860621
v -0.30182156 -0.22524132 -0.49943513
v -0.44962993 0.08250186 -0.36515254
v -0.72376597 0.23444769 0.04998897
v 0.05332414 -0.39139274 0.10261558
v -0.24301679 -0.35230866 -0.12389880
v -0.34094480 0.26003990 -0.32018310
v -0.02931762 0.28284121 -0.42066956
v 0.52041584 0.04410404 -0.13320851
v -0.20849261 -0.35064232 0.30086121
v 0.06547511 -0.22457585 -0.57538807
v -0.27699998 -0.25550899 -0.50510359
v -0.47623935 -0.09205054 -0.39387086
v 0.53747064 0.15178525 -0.02494788
v 0.15996650 0.33028284 0.33216178
v -0.47150865 -0.03449491 -0.34940851
v 0.04904257 -0.25581312 -0.57913125
v -0.06681856 -0.11398480 -0.62153089
v -0.19894478 0.37257820 0.29978648
v 0.74453485 0.17736602 -0.03801645
v -0.02671244 -0.26855972 0.48126751
v -0.20939980 -0.43002811 -0.27301010
v -0.14531371 0.34709018 -0.04868766
v 0.52200776 0.21907043 -0.00755610
v -0.56702566 0.29231504 0.04151186
v -0.09797205 0.36460352 0.41213551
v -0.46104690 -0.19997413 -0.35607177

