# https://github.com/mikedh/trimesh
v 0.49418995 0.25061139 0.44610083
v -0.14660421 -0.14552298 0.10094948
v -0.28740868 -0.02037421 0.47015041
v -0.17979024 0.21202517 0.47135955
v 0.58788300 0.15370607 0.26128617
v -0.32724851 0.07049073 -0.23409005
v -0.75403839 0.03507783 -0.34731925
v 0.20435555 -0.08480924 0.32616624
v 0.73703963 -0.10684960 -0.20077157
v 0.39751214 0.07121833 0.46957180
v -0.52265167 -0.09385950 -0.07447162
v 0.83986217 0.06460819 0.08318455
v -0.56944060 0.07066657 -0.28742713
v 0.43651316 -0.21486709 -0.36026964
v -0.38084954 -0.20051655 -0.53900462
v -0.54713887 0.04017157 0.47708586
v -0.56373626 0.19031222 -0.33924243
v -0.32702878 0.10725206 -0.09262763
v -0.19278769 0.27121228 0.33517414
v 0.68043691 0.04415606 0.05066140
v 0.48833871 0.03075230 0.37784886
v -0.26578769 0.07485162 -0.19178528
v -0.33575237 -0.20680305 0.24818558
v -0.24193251 0.31770289 0.34357437
v -0.11851371 -0.29165503 -0.36117390
v -0.07307139 0.06732374 0.03258549
v -0.13857850 0.00020335 -0.58494359
v -0.64949113 0.01716947 -0.36325857
v -0.55526066 -0.00174068 -0.29359829
v 0.24027017 -0.04711938 -0.41388363
v -0.62770379 -0.01433950 -0.27566284
v 0.48273432 0.32494840 0.23993981
v -0.00864894 -0.07560740 -0.24888407
v -0.59807229 -0.04238974 -0.44242823
v 0.07799833 -0.14871249 0.22808148
v -0.31731769 0.36180079 0.33449310
v 0.47264010 0.05711018 -0.11445610
v 0.26278564 0.00762299 -0.38559398
v -0.49900016 -0.17966641 0.41738111
v 0.08566277 -0.12279297 0.24253966
v -0.32418206 0.06456698 -0.60598654
v 0.36012384 -0.34732109 0.38540402
v -0.62934965 0.14956397 0.33254644
v -0.32130033 -0.25473550 -0.64819521
v -0.23518209 0.00411841 -0.61196160
v -0.02465839 0.22466405 0.49325943
v 0.82663780 -0.07202815 -0.27785096
v 0.56602311 -0.12426148 0.47267431
v 0.18706577 0.11496854 0.44883138
v 0.23088567 0.08515553 0.30210069
v -0.62263477 0.14817165 -0.50448078
v -0.45884037 0.25056204 0.28222185
v 0.09886551 -0.11008484 0.22747961
v 0.41688034 0.05140832 -0.28604433
v -0.33920830 0.09972122 -0.57235044
v -0.36379337 -0.18530189 -0.33545467
v -0.22471046 -0.09475307 -0.73609245
v -0.74784160 0.07749710 -0.38181543
v 0.82104439 0.02177564 0.07790017
v -0.46644315 -0.12848088 -0.33639476
v 0.40758133 0.19692013 0.14429949
v -0.26845899 -0.17842427 -0.19492203
v -0.30257472 -0.00351998 -0.62654734
v -0.09701747 -0.11873562 -0.02748760
v -0.21968096 -0.28629059 0.49279052
v -0.02106696 0.28602421 0.44044310
v 0.54706442 0.12027941 0.27634323
v 0.10400569 -0.00534165 0.22869904
v -0.52023554 0.22240210 0.31165129
v 0.49804518 -0.19413908 0.14116958
v 0.65518153 0.10247966 0.49875453
v 0.71852553 -0.00082799 0.37675244
v 0.23257019 -0.04878791 0.42294574
v 0.23948087 -0.13940920 0.17276852
v 0.14185283 -0.20445983 -0.31645426
v -0.34521571 -0.21844292 -0.49399018
v 0.47251770 0.24754427 0.39509514
v -0.59494847 -0.03335592 -0.52413672
v -0.78069663 0.07204928 -0.38114837
v -0.32451242 -0.06378521 -0.64360195
v 0.21002004 0.10702375 0.38367850
v -0.15767185 -0.27929416 -0.43621671
v -0.09475604 -0.31076282 -0.49955130
v -0.51497024 0.06201740 0.49014351
v 0.54301345 -0.02514713 0.49676087
v 0.71631879 0.28617132 0.25980514
v 0.02314051 0.08403158 -0.03770664
v -0.61786216 -0.27052864 0.38934427
v 0.11698646 0.04498053 0.10719034
v -0.49504188 0.16587944 -0.53224987
v 0.34115013 -0.12180918 -0.13731918
v 0.49863106 0.24988598 0.45254254
v -0.60160089 0.07897405 0.42947736
v -0.26789895 0.05358821 -0.08105791
v -0.48066384 -0.11251674 -0.10089398
v -0.16105287 -0.28026333 -0.35689777
v 0.36106810 -0.22740188 -0.36263457
v -0.65233850 0.14936110 0.21519373
v -0.09863548 -0.19092713 0.09184860
v -0.38411427 -0.13512023 -0.21264456
v -0.44342214 -0.08501630 -0.32401410
v -0.21676962 -0.22937229 0.50066358
v -0.47341606 0.35256401 0.34019533
v -0.78934819 0.12744758 -0.42747080
v -0.69911182 0.17257598 -0.54975075
v -0.39361104 -0.25165060 0.43557745
v 0.10370561 -0.00353855 0.22817197
v 0.47190332 0.02823891 -0.33614463
v -0.47568119 -0.08242220 -0.61095017
v -0.37409869 -0.12547567 0.01171882
v 0.15512109 -0.08363707 -0.40086427
v 0.72465628 0.02054371 0.35449556
v -0.49483681 -0.04366638 -0.37196824
v -0.67973953 0.03075602 -0.37342685
v -0.44160342 -0.17247689 -0.54226404
v 0.36394379 -0.27177122 0.28707781
v -0.50203401 -0.05227908 -0.14228563
v 0.12069875 -0.23466510 -0.19710934
v 0.57661682 0.27544725 0.31230098
v 0.00228240 0.24582919 0.45795232
v -0.70120442 -0.16529049 0.44660017
v -0.43030179 0.13096380 -0.45782411
v 0.49898180 -0.18254861 -0.36681312
v -0.44936320 -0.05494102 -0.63455379
v 0.75571281 0.04980157 0.37545630
v 0.58799076 -0.20526637 -0.07447293
v -0.56489509 0.03081934 -0.57962799
v 0.82877201 0.20908283 0.19250791
v -0.47124314 -0.10590781 -0.39279556
v 0.17685132 -0.19480015 -0.03946345
v -0.61494118 -0.00528097 -0.02261305
v 0.37544158 0.29824567 0.31019056
v -0.40588367 -0.02742648 -0.24912907
v 0.48292705 0.15725408 0.40698093
v -0.74147576 0.07497901 -0.37216336
v -0.56165504 0.10908336 0.45779005
v 0.38566250 0.29238573 0.36257884
v 0.84289950 0.14180146 0.21102969
v -0.31449255 0.36099684 0.33482566
v -0.64464086 0.03997238 0.02370232
v -0.48772255 -0.03236511 -0.47225422
v -0.73968363 0.03807458 -0.50500637
v 0.67895657 0.27175161 0.22791174
v -0.50963211 0.13164663 -0.54323959
v -0.05911325 -0.21412127 0.12954354
v 0.37696674 0.07117189 0.22158451
v 0.19029279 -0.23525718 -0.27907908
v -0.78984070 0.01721520 -0.58503813
v 0.63994420 -0.13154083 0.43260276
v 0.90292233 -0.04827099 -0.25378028
v 0.30979979 -0.06341102 -0.14232905
v 0.58850610 0.29805714 0.37867233
v -0.35538664 0.30489933 0.26908934
v 0.77575582 -0.04551378 -0.01856076
v 0.67466623 0.21574870 0.17138870
v 0.33913490 -0.00029638 0.04577370
v 0.35333046 0.23477975 0.21454476
v 0.46854973 0.04997895 0.35422426
v -0.67186469 0.15295424 -0.29366058
v -0.50605875 0.28460500 0.38451201
v 0.55648297 -0.21404052 -0.01695114
v -0.64305276 -0.10142183 0.37472001
v -0.02072804 -0.18944545 0.27902484
v 0.66569275 -0.10966435 -0.13716419
v -0.23401724 0.07766639 -0.28994730
v 0.47523341 0.16117772 0.38496590
v -0.00404150 0.14309141 0.26185313
v -0.74017042 0.02699468 -0.34272429
v -0.11878596 -0.12096261 -0.50508595
v -0.53909373 0.18505748 -0.33609486
v 0.33839583 -0.15927324 0.02578619
v 0.46845973 0.14904135 0.41012993
v 0.09766005 -0.06127876 0.25474480
v -0.75252283 0.06691527 -0.55739272
v 0.62553602 0.00698456 0.49007946
v 0.34113070 0.16079710 0.19304185
v 0.38290080 -0.25723562 0.29901764
v 0.32568282 -0.09878800 -0.13252394
v -0.18348603 0.05698040 -0.54900980
v 0.00807038 -0.13822226 0.33489722
v 0.55238712 -0.22474192 -0.08475368
v -0.50295091 0.34790573 0.41191691
v -0.31885570 -0.15869547 -0.12282406
v 0.43156946 0.18399067 0.17723383
v 0.54458582 -0.18111259 0.08599902
v 0.81751585 0.22072728 0.18044832
v 0.39221051 -0.32412153 0.45327568
v 0.07911293 -0.04122960 0.29684305
v 0.40726730 -0.22051848 -0.20203261
v -0.35479248 0.27257684 0.48471501
v -0.59429830 -0.10928721 0.36798766
v -0.23111627 -0.01310374 -0.60354096
v 0.39508766 0.02796490 -0.36242670
v -0.42783254 -0.17131329 0.43362284
v -0.06143311 0.30554941 0.45943594
v -0.01664022 0.14659861 0.42221510
v 0.80506992 0.09321002 0.26949733
v -0.04349388 -0.19263744 -0.03262138
v -0.21206190 -0.16609176 -0.55429453
v -0.22190051 -0.18903993 0.28971803
v 0.18749665 -0.22609910 -0.31100976
v -0.02293908 -0.21764122 0.00859860
v -0.20743383 -0.23900829 -0.33687639
v -0.34836125 -0.26658723 0.44127977
v -0.67043674 0.20535815 -0.37801751
v -0.01979803 0.08528940 0.01231086
v 0.17852339 -0.08962267 0.06025639
v -0.16750729 -0.19843864 0.22696567
v -0.62973970 -0.08334029 0.26306811
v 0.25705937 0.13047621 0.27067810
v -0.30954126 0.19261658 0.44253668
v 0.00632094 0.07674846 0.37598464
v -0.65082937 0.15321136 0.22097589
v 0.64727378 -0.13880309 -0.18176076
v 0.33014730 -0.26630810 0.36260527
v 0.70167005 0.26104322 0.19632241
v -0.56285745 -0.00397381 -0.55923063
v -0.42161703 -0.16888849 -0.45782176
v -0.31056547 -0.10726263 0.49223101
v 0.39884013 -0.18437055 -0.12147366
v 0.76184767 -0.07999370 -0.08497404
v 0.22859104 0.04165039 -0.18231995
v 0.23723127 -0.10371287 0.41077837
v 0.62726629 -0.10976691 0.00153690
v -0.09081605 0.02249788 -0.36064166
v 0.51722401 -0.01822919 0.27015373
v 0.33027720 0.08909263 0.21802105
v 0.23510137 0.02015879 0.32339695
v -0.40039179 0.11419670 -0.56720215
v 0.01075266 -0.21515702 -0.08082559
v -0.40568322 0.13499512 0.49367467
v -0.62909263 0.20080824 -0.51491386
v -0.10431590 -0.03140227 -0.40356189
v 0.42264727 0.18576083 0.16632727
v -0.30078644 0.15116282 0.14559996
v 0.50809240 -0.08828739 0.19842511
v -0.70368582 0.07333397 -0.28710306
v -0.58424318 -0.09644921 -0.47704399
v 0.29360834 -0.23637260 0.30928883
v -0.15995961 -0.17472956 0.45248994
v -0.35570395 -0.04791406 -0.64343750
v -0.35350761 -0.24244879 0.37283224
v 0.75278461 -0.02878323 0.03666716
v -0.04406518 -0.01399101 0.46470734
v 0.09574193 0.07681137 -0.08229879
v -0.51339638 0.24034283 0.35957897
v -0.49271274 0.12163746 -0.47041896
v -0.47339863 0.22491725 0.21253631
v -0.40858039 -0.18658222 -0.51821661
v 0.67468292 -0.01408412 0.36655584
v 0.41066271 0.32031196 0.17981504
v -0.42794776 0.08260047 -0.46666136
v 0.42128316 0.26426336 0.03965451
v -0.17098330 -0.22964300 -0.51941317
v 0.18975572 0.13949277 0.43829623
v -0.62014586 0.20772775 -0.29449669
v -0.71054173 0.03507390 -0.47735256
v 0.26129699 -0.14303617 0.12762724
v 0.72630173 0.26242915 0.41647765
v 0.48405159 0.06232150 0.32266435
v -0.20418265 -0.03146794 -0.11428589
v -0.51768351 -0.17307371 0.13186067
v 0.06150796 0.02305957 0.31914800
v 0.74753833 -0.02871132 0.03687536
v 0.78404909 0.16462176 0.37134293
v 0.12912981 -0.00004573 0.17371394
v 0.23306337 0.04632670 0.32680815
v 0.48127589 -0.22902808 0.05591128
v -0.70719576 0.23089316 -0.37094551
v -0.60664839 -0.17878745 0.45016417
v 0.40205887 -0.01478500 -0.40217689
v -0.11014867 -0.15025331 -0.44821575
v 0.54085422 -0.00178346 0.17973661
v -0.27690160 0.27714810 0.38880110
v 0.01059807 0.05049805 -0.14205690
v -0.27801946 0.08025368 -0.18073231
v 0.13152435 -0.17601898 0.07602343
v 0.10123975 0.07570107 -0.09062470
v -0.46179023 -0.04089842 -0.32074067
v 0.23173890 0.00105661 -0.12754580
v -0.71849191 0.17179343 -0.63208264
v -0.49189109 -0.22004706 0.28060019
v 0.20993547 -0.11043917 0.28641623
v -0.31813821 0.10019343 -0.46698728
v -0.21212603 -0.13036741 -0.12972264
v 0.42866439 0.03799716 -0.13552730
v 0.10484628 0.06741657 -0.14245307
v -0.70025414 0.02591136 -0.60114276
v -0.72343224 -0.03193922 -0.50050396
v -0.17948814 -0.28593615 0.48439214
v -0.29958096 0.07591373 -0.05016985
v 0.17866737 0.03754157 -0.30305964
v 0.52029425 0.30373290 0.10858475
v -0.05109519 0.20359555 0.28560916
v 0.43741497 -0.22004837 -0.15368986
v 0.52202058 0.05438452 -0.02829115
v 0.01795482 -0.20205122 0.20412457
v -0.11769103 -0.09588791 -0.23454377
v -0.62919134 0.07418334 -0.52549106
v -0.23442994 -0.25506410 0.37989116
v -0.80823040 0.16815716 -0.33940309
v 0.58567721 -0.10049181 0.32654610
v 0.60452557 -0.12895025 0.48314729
v 0.64738923 -0.04840744 0.02081613
v 0.06996778 -0.13209319 0.25822604
v 0.88755161 0.00311439 -0.34569931
v 0.82304877 0.19102316 0.29238096
v -0.34468034 -0.22183728 -0.53952366
v -0.26265439 0.07936788 -0.58156174
v 0.24115221 0.20156802 0.45247164
v -0.04301961 0.01172096 -0.50380152
v 0.27172107 0.20172182 0.40233356
v 0.61680317 -0.18562782 -0.11733991
v -0.71935070 0.05675724 -0.60743690
v -0.00335425 0.14202553 0.26502636
v -0.05772024 -0.01432231 -0.53939688
v 0.75482649 0.11849094 -0.00403268
v 0.14188093 0.18862779 0.42275468
v -0.11938761 -0.15011649 0.05938446
v 0.46856436 -0.19361092 -0.36998504
v -0.50823855 0.03941118 -0.39552003
v -0.36068708 -0.03572932 0.49079743
v -0.75334466 0.16313532 -0.31881550
v -0.40429920 0.37016538 0.48443252
v -0.26452041 -0.15974078 -0.12614568
v 0.26529881 -0.22052184 -0.18155409
v -0.37428826 -0.09813651 0.12001631
v 0.58342338 0.16766700 0.26469180
v 0.66413188 -0.04452313 -0.13243042
v 0.65990901 -0.03571811 0.00736162
v -0.45253143 -0.05023227 -0.46608281
v 0.26221794 -0.04151532 -0.41490242
v -0.15817472 -0.14682189 -0.51938802
v -0.77004600 0.18585283 -0.41948533
v 0.33297187 0.04766378 -0.28337666
v 0.73576164 0.03831720 0.13376655
v 0.11757567 -0.10862983 0.19262232
v 0.37867525 0.12613714 0.21211167
v 0.22435117 0.28047338 0.45829555
v -0.22161996 -0.13693219 0.48407254
v -0.08878910 0.13879146 0.18605869
v -0.61710620 0.16712444 0.33579361
v -0.37351465 -0.12522818 0.01249706
v -0.46941745 0.15592839 -0.46415493
v 0.41792107 0.15912303 -0.07168642
v 0.58128101 -0.21226683 -0.17200425
v -0.79929256 0.15787856 -0.37784171
v 0.30808237 -0.01236304 -0.16429257
v -0.44618103 0.23742685 0.24179064
v -0.57804221 0.20114815 0.23306805
v 0.30123729 -0.04061778 -0.42021871
v 0.44460762 0.06551192 0.39999592
v -0.31879866 -0.11604737 -0.00736048
v -0.73588198 0.00991600 -0.28259432
v 0.01101577 -0.06703857 0.38653883
v 0.65780091 0.30048245 0.38231936
v 0.17469350 -0.23717418 -0.17351837
v 0.06066456 0.08866350 0.20605214
v -0.31653416 0.05719352 0.07974470
v 0.29760700 0.00267786 -0.39509735
v -0.41322938 -0.24628089 0.24660830
v 0.59877598 -0.07312449 -0.34528026
v -0.34468365 -0.11178369 0.17407608
v 0.63111055 -0.01482468 -0.04443994
v -0.80744338 0.05799558 -0.33094704
v 0.61731982 -0.01533483 0.06312326
v 0.56458402 -0.18265299 0.04581831
v -0.22672266 -0.21722551 0.50003242
v -0.06634914 -0.19583282 0.03124383
v 0.58517498 0.25854510 0.28531301
v -0.14150262 -0.09556015 -0.49840188
v 0.69358993 0.30094337 0.36907837
v -0.44761679 -0.12975031 -0.08061217
v -0.68225813 0.08327939 0.21091256
v 0.22241725 -0.14649941 0.31016910
v -0.19705966 0.00661204 -0.15407516
v 0.03645694 0.09906529 0.05416026
v 0.84521508 -0.01477886 -0.33139500
v -0.38866428 0.39125672 0.33925033
v 0.58141023 -0.21180376 -0.13589978
v -0.50469536 0.29131937 0.43089980
v 0.47690904 -0.22935574 0.22676328
v -0.33017305 -0.19314036 0.24197672
v 0.55136150 -0.00156014 0.08119882
v -0.02094689 -0.02034722 -0.50503147
v -0.50320804 0.20314555 0.13924801
v 0.58666837 -0.20651978 -0.12183829
v -0.06074368 0.19719815 0.30016944
v 0.35194993 -0.18389530 -0.17455052
v -0.51977611 -0.12112228 0.04481282
v -0.26290688 0.07689379 0.13342528
v -0.33340022 -0.22087564 -0.59287113
v 0.84700310 0.11170640 0.15218663
v 0.53333169 -0.07717510 0.15083556
v -0.55216366 -0.17051728 0.15657207
v -0.04598476 -0.00714547 -0.54577959
v 0.28328532 0.23893559 0.40859294
v -0.23296800 0.07250004 -0.38869166
v -0.39342445 0.14296645 -0.29838777
v 0.49175364 -0.22181353 0.24724422
v 0.23676887 -0.10060482 -0.44708166
v -0.55286384 -0.22911257 0.42813176
v -0.02850895 0.00672780 -0.57226521
v 0.41628009 0.22934656 0.36555517
v -0.58936357 0.06565036 0.44688350
v -0.39335850 0.39375380 0.34903693
v 0.02146397 -0.14209153 -0.24586496
v -0.09952411 0.15558517 0.48750353
v -0.41639140 0.13355739 -0.53256601
v -0.15910824 -0.11250463 -0.55800641
v 0.67356819 -0.05691023 0.49373874
v -0.25818112 0.06832534 0.47404176
v 0.51407522 -0.18956870 0.42577517
v 0.68465173 -0.01061125 -0.10759572
v -0.30951098 -0.06482853 -0.65711737
v 0.46781304 0.22442770 0.33204362
v -0.32900307 0.36806837 0.39634830
v -0.04855215 -0.03741563 -0.15215835
v -0.06320231 0.29429606 0.49293756
v 0.43497628 -0.21175182 -0.07163610
v 0.58027864 0.03092175 -0.21623094
v -0.61530292 -0.24756411 0.37495750
v -0.39185604 -0.25007886 0.38563287
v -0.09048709 -0.23047900 0.16315496
v -0.00502934 0.16823618 0.44630900
v 0.10507467 0.01001227 -0.30597553
v -0.43895915 0.21340701 0.12869507
v 0.70693660 0.08319094 0.19477351
v 0.07010818 -0.19636565 -0.74661905
v 0.02510139 -0.19119102 -0.18514593
v -0.23196931 0.17671035 0.45678878
v -0.35705644 -0.21420296 0.23373058
v -0.14988983 0.02430296 -0.59434384
v -0.61629915 -0.25034377 0.45051175
v 0.74958098 0.13027604 0.00836999
v -0.41446206 0.25007796 0.23332594
v -0.22814217 -0.24665146 -0.32113820
v 0.06186156 0.02736617 -0.24118021
v 0.75395048 0.02120189 0.41479558
v 0.24605632 -0.00779389 -0.13372649
v -0.46543983 -0.11783192 -0.11356371
v -0.57953739 0.16457868 0.06399271
v 0.53667778 -0.09339111 -0.42598453
v 0.42467564 0.28610900 0.13302849
v -0.58416790 0.16286966 0.40169644
v 0.51124150 0.03727041 0.35742429
v -0.65468007 0.01700275 -0.47177121
v 0.09567890 -0.10986142 0.23406598
v -0.26946869 0.12692997 0.14637333
v 0.73769641 -0.07840835 -0.05968196
v -0.30449784 -0.20232522 -0.30179924
v 0.44599074 0.12971427 0.27920896
v -0.22442235 -0.26311922 0.38418329
v 0.43117499 0.05603084 0.23240922
v -0.23030400 0.00651074 -0.61689651
v 0.42450660 0.04522692 -0.05214521
v 0.45334157 0.14713550 -0.06005847
v 0.07363932 -0.03966576 -0.31186426
v 0.02550122 -0.08124439 -0.29152405
v 0.73607969 0.28042585 0.25003171
v -0.14823206 -0.16603036 -0.66272855
v 0.84258169 0.07936922 0.07246321
v -0.29022166 -0.06324247 0.03401624
v 0.44173723 0.22366434 0.44087300
v 0.48468357 0.22294223 0.16658936
v -0.30699611 0.21940574 0.39356005
v 0.74166244 0.03023091 0.37096286
v 0.36706737 -0.33094671 0.34059915
v 0.05174654 0.10015177 0.10888822
v -0.31044886 0.21461785 0.15296675
v 0.38196170 0.15908417 0.47866726
v 0.80728632 0.20737994 0.13087472
v -0.24076229 -0.27559477 -0.42707691
v 0.04743814 0.10066757 0.11923365
v -0.39545026 -0.20365188 -0.57278907
v 0.43020654 0.12937899 -0.04749894
v 0.28389853 -0.19925991 0.35337922
v 0.42246482 0.17174578 0.19756444
v -0.47643188 -0.09494511 -0.60501230
v -0.62060159 0.17955573 0.26469007
v -0.19096355 -0.12453198 -0.60342300
v -0.79465115 0.07239593 -0.30302557
v 0.56053388 0.14919327 0.48028752
v -0.36030695 -0.08855303 0.11251201
v -0.07647375 -0.09295676 -0.16435967
v -0.12005418 0.02601030 0.49868470
v 0.31311229 0.26988235 0.45644701
v 0.84564197 0.13475358 0.10700538
v 0.43168890 -0.23589931 -0.24715848
v -0.43783978 0.11755686 -0.54161298
v -0.30896884 -0.23796284 -0.48419210
v -0.33737355 0.10251835 -0.14405523
v 0.37285766 0.26860401 0.27726573
v -0.06264266 0.18621758 0.22684279
v -0.77732551 0.16523863 -0.33219883
v -0.48025471 -0.10155731 -0.28773475
v -0.49368122 -0.03493882 -0.16014577
v -0.18065900 -0.08178075 0.10016017
v 0.50158197 -0.26259273 0.38966674
v -0.39001691 0.09304482 -0.60094434
v 0.81483501 0.18905909 0.10858141
v 0.04572668 0.10165638 0.10459125
v 0.42817733 -0.36195824 0.40505153
v 0.18281671 -0.16752930 -0.38347524
v 0.21420427 -0.08163252 0.21190721
v -0.60246158 0.15070170 -0.36644238
v -0.64344430 0.14371055 0.14360616
v -0.55692136 0.13216996 0.44982913
v -0.66955197 0.16809359 -0.51829350
v 0.20807143 -0.04295786 0.27039024
v 0.24863864 -0.23743272 -0.22137074
v -0.67877650 0.00948321 -0.56486374
v -0.30510867 0.03407231 0.47383448
v 0.42885798 -0.21738768 -0.35992998
v -0.51603824 -0.09165137 -0.08919399
v 0.69193161 0.03748897 -0.04918257
v 0.12393004 0.04195943 0.08905511
v 0.52359051 -0.11432543 -0.42564172
v -0.03945709 -0.06248206 0.44732261
v -0.75735134 0.01298354 -0.27343857
v -0.44249398 -0.16454713 -0.50070959
v -0.10862177 -0.08183975 0.49077797
v -0.10500691 -0.12258527 -0.20927066
v -0.43450579 -0.09213958 -0.19744721
v -0.63518572 0.03493596 -0.50704694
v 0.29791868 -0.22998668 -0.22184886
v -0.57405120 0.03985427 -0.49952629
v -0.14974310 -0.21358664 0.29186752
v -0.65264231 0.12548330 0.30907241
v 0.45478526 0.14348809 -0.08211496
v -0.47448003 0.36908963 0.46711072
v 0.36435142 -0.20991972 -0.38770562
v -0.34204972 0.11788668 0.01273233
v -0.40394020 -0.11611324 0.06687635
v -0.73736203 0.13560964 -0.41365770
v 0.78409827 -0.00807656 0.06802010
v 0.29669330 -0.05134461 0.06565978
v 0.61739475 -0.06743536 -0.31301406
v 0.34753707 0.19624865 0.37954691
v -0.22214153 0.06991223 -0.45815948
v -0.13469791 -0.10676023 -0.50305194
v -0.35036573 -0.16921993 0.21185315
v -0.10850056 0.03676480 0.03538636
v 0.43857706 0.19650109 0.15987162
v 0.28591508 0.04836338 0.46641836
v 0.04551037 -0.21233994 -0.16949853
v -0.67750227 0.01320387 -0.38442019
v 0.50698853 -0.22530273 0.03105703
v -0.09320392 -0.12457037 -0.38564044
v -0.27160943 0.14490609 0.15610045
v 0.43142429 0.29982015 0.10247876
v 0.53058553 -0.10381362 0.27039412
v 0.17695966 0.22904214 0.40848711
v -0.50391757 0.19440566 -0.51604295
v -0.59060264 -0.07448126 -0.00107580
v 0.50181890 0.26991948 0.23138227
v -0.41142365 -0.11694486 0.08348193
v 0.22899204 0.07113279 0.28797308
v 0.03096430 -0.04424512 -0.27178231
v 0.48622051 -0.23103297 -0.10465583
v 0.79387856 0.00239312 0.08184138
v -0.33606246 0.07763269 -0.21400596
v -0.37346721 -0.20592710 -0.53730989
v 0.00059087 0.19073105 0.45285112
v 0.33626711 -0.08365963 0.49877179
v -0.14361064 -0.19177148 0.45341817
v -0.09513514 -0.02716540 -0.39001244
v -0.18465833 -0.04479083 0.05318214
v 0.47348404 0.11606071 0.45557392
v -0.12399332 -0.14117578 -0.51273495
v 0.17718962 0.05539947 -0.23218456
v -0.59484577 0.20692766 -0.29211256
v -0.38302720 0.01590081 -0.44903648
v -0.60768050 -0.19400765 0.36566362
v -0.24879080 0.07546305 -0.45948690
v -0.04994128 -0.10726374 -0.16477598
v 0.44830161 -0.21869931 0.39987379
v -0.32398075 0.07520764 0.06812344
v -0.56080264 0.01940644 -0.58785021
v -0.71736771 0.05763189 -0.36411804
v -0.21748941 -0.06159907 -0.62059951
v 0.03358021 -0.08868847 0.34824246
v 0.79920912 -0.00500136 0.04992460
v -0.72367215 0.23649733 -0.31076372
v -0.60439867 -0.07742038 0.40948349
v -0.65467650 0.14293496 -0.28924772
v 0.40881312 0.21863461 0.39524823
v 0.78915304 0.15295561 0.03906315
v -0.64437246 0.08118917 0.37207133
v 0.26293755 0.15924865 0.29711950
v -0.24802503 0.03731857 0.46931210
v 0.78535277 0.23916663 0.16994676
v 0.22823593 -0.13114250 -0.05793487
v 0.43875521 -0.24190207 0.24079087
v -0.30126563 -0.13048540 -0.61737210
v -0.12582591 0.29399484 0.39931703
v 0.39884490 -0.19258286 -0.14288412
v -0.52462989 0.20836316 0.37292537
v -0.48602411 0.22067007 0.24097274
v -0.15319403 -0.13072939 -0.19404663
v -0.10056122 -0.06953295 -0.13338856
v -0.25716224 -0.17909536 -0.20472056
v 0.53873551 0.04564661 -0.22769919
v -0.35141808 0.35398048 0.28791174
v -0.10372090 -0.25043911 0.39436662
v -0.55916613 0.19367199 0.36505723
v -0.26920471 0.16798241 0.17291836
v -0.15946931 -0.29127476 0.46294293
v -0.21229386 -0.16905488 -0.55271506
v 0.69724053 0.29548749 0.30571151
v 0.20604788 -0.00485677 -0.38121644
v -0.67013496 -0.07107630 -0.47863558
v -0.10437548 0.04140359 -0.43012628
v 0.40594673 0.07408736 0.46397331
v -0.54824060 -0.06873931 -0.07596584
v 0.58441329 -0.16008273 -0.31057227
v 0.08388284 -0.14001608 0.22787544
v -0.67195177 0.19865805 -0.30407181
v -0.26174510 0.07142461 -0.59918696
v -0.20602491 -0.07112839 0.48822284
v -0.56349498 0.07447655 -0.38699445
v -0.63850528 0.15203939 0.31175640
v 0.32696140 -0.20440175 -0.39454481
v 0.51017433 -0.22737016 -0.24477169
v -0.62881124 0.11745731 -0.38481030
v 0.47676435 0.05878775 -0.13780855
v -0.53314537 0.20557335 -0.51355124
v 0.55552912 -0.11419880 0.11566609
v -0.62340552 0.16876841 -0.46660289
v 0.33419889 0.11265711 0.47506976
v 0.65045112 0.23271416 0.48300052
v 0.36686727 -0.03903421 -0.41929540
v 0.00702696 0.12229280 0.25124821
v -0.48231032 -0.10588173 -0.11685038
v -0.78037542 0.04527633 -0.34260011
v -0.62218028 -0.24226272 0.37557471
v 0.06759261 0.04891698 -0.19867830
v -0.80495960 0.16000246 -0.40108430
v -0.38839707 0.15618291 0.04594433
v -0.43493438 -0.18073416 -0.47988325
v -0.49987364 0.30594835 0.35777950
v -0.44653186 0.12335920 -0.58396810
v -0.50919449 0.25420147 0.33851638
v -0.41187054 0.09203517 -0.60473502
v -0.32949507 -0.15552917 -0.09459154
v -0.36773372 0.07038679 -0.62158293
v 0.39494532 0.04540770 0.15171041
v 0.15885483 -0.20263092 -0.33084434
v 0.62254184 -0.12234371 0.39830092
v 0.45848823 -0.22838210 -0.02540029
v 0.46565789 -0.23320471 -0.27256992
v -0.27968031 -0.23339956 -0.65911657
v 0.26024994 -0.15776026 0.14244395
v -0.18779805 -0.23290943 -0.56448829
v -0.09416036 -0.02744534 -0.39246941
v -0.13149597 0.02828764 -0.59602880
v 0.11118262 -0.23322096 -0.05508673
v 0.42760754 0.03787643 -0.11779606
v -0.62788785 -0.07929903 0.29533345
v -0.25846958 -0.13916597 0.48002994
v -0.63783944 0.12067655 -0.28401664
v -0.63870817 0.15938607 0.28863314
v 0.00008879 -0.20371023 -0.11218882
v -0.19421344 -0.02222049 -0.13502450
v -0.33732191 0.05559112 -0.32551879
v -0.13812113 0.17863020 0.49302605
v -0.10691477 0.14754911 0.19771844
v -0.45521611 0.00159694 -0.41100946
v 0.50465339 0.07568613 0.30656922
v -0.24287072 0.06249914 -0.18300067
v 0.02317388 -0.14415424 -0.24665949
v 0.44116992 -0.13822991 0.44668081
v -0.67066795 -0.03049041 0.18529637
v 0.71736807 0.29851195 0.34289369
v 0.66120398 -0.02793934 0.49298432
v 0.12800412 -0.11625808 -0.41006565
v -0.23349997 0.06602301 0.13673967
v 0.56184781 0.28683895 0.41682661
v -0.11615936 0.03830416 0.05462683
v 0.70542467 -0.04935247 0.42026681
v -0.26881686 0.09027857 0.47795770
v -0.45142946 -0.06992961 -0.45850217
v 0.17528597 -0.15265167 0.01899755
v -0.15431118 -0.25203577 0.32681188
v 0.46162650 -0.24591279 0.41858697
v 0.59602219 0.22821715 0.49699849
v -0.13873456 0.23187084 0.30744845
v -0.68542480 -0.18979333 0.43266216
v -0.39626336 -0.14379200 -0.14932576
v 0.45735356 0.02513051 0.41191107
v -0.76130795 0.08682090 -0.39717898
v -0.26716790 0.17520519 0.17561752
v -0.31413332 0.23304419 0.39066458
v -0.30430037 -0.17098805 -0.16754679
v -0.67448533 0.08227804 -0.55233216
v -0.57211965 -0.14749281 0.17352745
v 0.70509326 -0.08183407 -0.08499500
v -0.14037374 0.07547481 0.10341389
v -0.51367468 0.06808146 -0.60363781
v 0.17009281 0.25765133 0.41278389
v 0.30343592 0.02656912 0.17615689
v 0.73429513 0.07475217 -0.05051861
v -0.53200608 0.16923815 -0.47699803
v 0.73541617 0.07763696 0.44525728
v -0.46120897 -0.15120640 0.12357238
v 0.32975742 -0.31230479 0.40386039
v -0.66797483 0.00578222 -0.36000374
v 0.42850918 0.05180920 0.22488728
v 0.31039339 -0.11127684 -0.46610063
v -0.04720170 -0.00521856 -0.12335335
v -0.27600449 -0.09072684 -0.72946781
v 0.25735787 -0.10648446 -0.45411494
v -0.44535986 0.04835695 0.49775741
v 0.24150416 -0.13140358 0.39946574
v -0.10626004 -0.15723097 -0.41419372
v -0.32661116 -0.16730982 -0.16978699
v 0.51238197 -0.08160456 0.18838446
v -0.56586426 -0.10734843 0.34420753
v 0.42223555 0.04563909 -0.19911109
v -0.14577909 -0.16679029 -0.28395873
v -0.43601331 0.11632212 -0.57348144
v 0.45204681 0.03485280 0.43548247
v -0.23704508 0.29864863 0.39094687
v -0.45845339 -0.07025942 -0.45783144
v -0.17008774 -0.27706823 0.38238326
v 0.07399665 -0.21936171 -0.20488730
v 0.31220883 -0.12698643 -0.13467881
v -0.03004927 -0.15387088 -0.67557484
v 0.04149482 -0.15963896 0.26398623
v 0.16447046 -0.23704574 -0.23874590
v 0.32935148 -0.23222426 0.23499505
v -0.65903163 0.11176183 0.13444337
v -0.19748001 -0.25251839 -0.58428895
v -0.08596601 0.01899365 -0.57487875
v 0.33525768 0.15609446 0.45687574
v 0.35017744 0.03570190 -0.35772321
v 0.22035924 -0.06618862 -0.05324039
v -0.64362597 0.12127620 0.09303407
v 0.24946688 0.26844826 0.46222863
v -0.50456470 0.28863549 0.37202829
v -0.48788965 -0.11333059 -0.08209220
v -0.01809989 -0.18971798 0.27682108
v -0.64183825 0.19171654 -0.50407541
v 0.94306421 0.00573038 -0.25186375
v 0.29941592 0.18613948 0.34218162
v -0.32303590 0.04605475 -0.29978460
v 0.18776718 -0.09985816 0.03986992
v 0.32784659 -0.29743508 0.38270614
v -0.26605129 -0.26189882 -0.42222622
v -0.21871795 0.14513926 0.48762655
v 0.80640864 0.24773024 0.26988432
v -0.44282421 0.10166115 -0.13565558
v 0.07970431 0.08475966 -0.01514260
v 0.49575552 -0.21984188 0.07833493
v -0.00946202 0.02398934 -0.15173556
v 0.41953671 0.21823752 0.40128028
v -0.25370485 0.06827509 -0.15861022
v -0.64147210 0.09841564 0.36957631
v -0.79439330 0.11338986 -0.32139453
v -0.41774613 0.14531347 0.48782519
v 0.08119397 0.04415247 0.24257758
v 0.46189380 0.28937927 0.30863473
v 0.63234162 -0.13266039 0.48412362
v -0.68112373 0.27168065 -0.29386151
v -0.53950298 0.09680129 -0.48936331
v 0.41602296 0.03444097 -0.07699148
v 0.00503187 -0.16486943 -0.18902867
v -0.12288823 -0.07590492 -0.05286083
v -0.23624817 -0.18725891 0.32625830
v 0.14173922 0.02769322 0.06394114
v 0.70151031 0.05069797 0.49236149
v -0.20932676 -0.19029169 0.26368856
v -0.37559441 -0.10494104 -0.28321123
v -0.31637996 0.09503854 -0.15416414
v 0.07324854 -0.12643929 0.25864372
v -0.51190710 -0.13535091 0.33930087
v -0.63439506 0.15483439 -0.36497360
v -0.18256667 -0.00187363 -0.58644176
v -0.31104216 0.27792868 0.26922864
v -0.48293740 0.02233533 -0.17175247
v 0.39880106 0.28840977 0.17327707
v 0.78980744 0.05915845 -0.04645583
v -0.41180724 0.39099270 0.46728781
v -0.39930236 0.24940036 0.17149660
v -0.27625218 0.32146552 0.34456214
v 0.41581234 0.17278461 0.03982037
v 0.14727497 0.00542481 0.09824745
v -0.21303420 -0.26944566 0.37293053
v -0.12423085 0.29008529 0.49017581
v 0.12926748 -0.23155618 -0.22742747
v -0.34077367 0.08061036 -0.43679282
v -0.37215045 0.03425835 -0.32207415
v -0.11770141 -0.14622866 -0.48645875
v 0.25340471 0.26837951 0.46341714
v 0.71095788 0.29135618 0.29276979
v -0.54153329 0.12314821 -0.48467368
v -0.17691889 -0.29320061 -0.50716770
v 0.02535138 -0.01772266 0.38045102
v 0.35741341 0.21347938 0.35631660
v 0.33214048 0.18323264 0.39211676
v 0.01143806 -0.20894106 0.17822793
v -0.12442659 0.28739828 0.38935739
v -0.67806554 0.16827562 -0.52458382
v 0.73809195 -0.01715272 -0.23979859
v -0.30781877 -0.26568225 0.47904366
v 0.27074307 0.22494534 0.40643546
v 0.42169785 -0.26133057 0.33183700
v -0.14305030 -0.27246228 0.46882138
v 0.48458883 -0.23102389 -0.00384789
v 0.49544716 0.13701926 0.48034456
v 0.36419830 -0.22227918 -0.37068468
v -0.64228928 0.22189289 -0.54910558
v -0.20460400 -0.11034607 -0.77951819
v -0.33555129 0.12567450 -0.34278369
v 0.43952236 0.24595177 0.02298527
v -0.45954496 -0.13791268 -0.27396506
v 0.30710331 -0.15830515 0.43993026
v 0.04788297 0.07599284 -0.08697927
v -0.12095547 0.06741069 0.08467913
v 0.34172097 -0.03967988 -0.42114317
v 0.05969615 -0.22531816 0.06221829
v -0.65872616 0.12430161 -0.63699287
v 0.57721901 -0.07078561 -0.35675079
v 0.07276033 0.06585104 -0.14817892
v -0.59372616 0.05537135 -0.58666354
v 0.09036144 -0.19843309 0.11276409
v -0.16932899 0.03778067 -0.32474944
v -0.06402372 0.04226239 0.47930610
v 0.01873662 -0.03909637 -0.25189900
v 0.52813613 -0.15522601 0.44381979
v 0.14726609 0.05785952 -0.21903360
v -0.46126395 -0.21299607 0.32980865
v -0.64166057 -0.20362923 0.44773051
v -0.64343995 0.05565629 0.38138637
v 0.29901978 0.01469494 -0.19464940
v 0.51552409 0.06711262 0.27061686
v 0.70086867 -0.03314818 -0.17635268
v -0.36384746 0.22455567 0.13186701
v -0.22596367 0.31266502 0.33922768
v 0.51390368 -0.23893318 0.39944482
v -0.61935943 0.20917200 -0.51489919
v -0.33015394 0.08798490 0.04474461
v 0.18464345 -0.21166854 -0.08071876
v -0.47842419 -0.08131634 -0.61002678
v 0.41312906 0.29089993 0.44969627
v -0.68569857 0.01009401 0.23075241
v 0.84202689 0.11257673 0.19796121
v -0.47193360 0.37997335 0.35440776
v -0.01604538 -0.04496230 0.42372608
v -0.19322245 -0.18059653 -0.24484222
v -0.43013692 0.15356602 -0.35740957
v -0.19665684 -0.27436697 -0.58188814
v 0.53836703 -0.18085881 0.35100952
v 0.80146867 0.00316785 -0.36726564
v 0.09766565 -0.12339752 -0.39416423
v -0.69422716 0.00838729 -0.35973942
v -0.25119823 0.31092301 0.36099952
v -0.70175874 -0.00287926 -0.30479169
v -0.19388616 -0.12235679 0.49468741
v -0.06596684 -0.16028395 -0.65561557
v 0.71912724 -0.02780104 0.49354699
v 0.56087875 0.03801867 0.29603595
v 0.01016412 0.15874144 0.32378867
v -0.21495935 0.29761371 0.40596047
v 0.71403295 0.15610698 0.06432451
v 0.66273212 0.10423969 0.25657928
v 0.55111122 0.19829218 0.28496116
v 0.31215188 0.14417331 0.42710525
v 0.09571327 -0.06377487 0.25817630
v -0.05900854 0.11840701 0.13588253
v 0.28482053 0.03441827 -0.21578853
v -0.61736643 0.02113828 -0.01894950
v -0.11144294 0.16238646 0.24780942
v -0.34980634 -0.18732263 -0.31829187
v 0.12881584 0.05212690 0.03611650
v 0.14551739 -0.23895642 -0.19833931
v 0.30570370 -0.18187693 0.40521577
v 0.48767379 0.25639656 0.41884872
v -0.59333092 -0.22861427 0.44484475
v 0.37639979 -0.34532994 0.38614544
v 0.07720204 -0.14115164 -0.32654712
v -0.12895960 0.04492818 -0.36650482
v 0.06404482 0.08816782 -0.02687126
v -0.52026331 -0.00862770 -0.38282591
v 0.53227568 -0.08461857 0.28370923
v -0.22778788 -0.03448926 -0.05597538
v -0.48689446 -0.08209621 -0.13940431
v -0.50474656 0.32444456 0.44379693
v -0.21786362 0.01104710 -0.61613852
v -0.04343634 0.28468823 0.41008681
v -0.40171674 0.08566612 -0.41368589
v -0.65041286 -0.07391845 -0.46483564
v -0.10578000 0.04242294 -0.45085782
v -0.32353202 -0.22870274 0.28674492
v 0.43050501 0.17625313 0.49362236
v 0.63682437 -0.02143738 -0.18210438
v -0.30562779 0.02693277 0.08548918
v 0.48827094 -0.22936235 -0.27404273
v 0.44073859 0.27063364 0.34704927
v 0.52921110 0.27310082 0.15606739
v -0.20518865 -0.12946333 -0.76069856
v 0.26352894 -0.27177057 0.32537773
v -0.47587264 0.13479115 -0.53559101
v -0.27296144 -0.02387263 0.46970353
v -0.29438567 -0.04069851 0.09265997
v -0.69810063 0.03465996 -0.28254098
v 0.26062843 -0.19175301 0.19531383
v -0.44585723 0.14186294 -0.30955696
v -0.30231321 0.10209195 0.48647431
v -0.63227934 -0.02882016 0.37413090
v -0.25937581 0.26614147 0.27196538
v 0.45675880 -0.32416978 0.42449310
v -0.13903832 -0.05253868 -0.49220020
v -0.24486744 -0.03749466 -0.61681753
v -0.37201729 0.23808600 0.14234716
v 0.53872007 -0.00346261 0.16842844
v -0.25990325 0.09157082 -0.36338493
v -0.75777191 0.01188855 -0.57599503
v -0.65837443 0.13654199 -0.54547483
v 0.56402111 -0.00449161 0.49690217
v 0.23394619 -0.10684551 -0.05997937
v 0.35364458 -0.23151021 -0.24225044
v 0.42331231 -0.24344774 0.31205282
v -0.34627530 0.15235747 0.10573444
v 0.58805293 0.29770172 0.37384155
v -0.56134385 -0.06680190 -0.53091478
v -0.09443954 -0.10494228 0.47149807
v -0.56754798 -0.13315058 0.44606593
v 0.29771405 -0.10284240 -0.12560447
v -0.10223769 -0.08538491 -0.09072310
v 0.24054010 -0.12809092 -0.46400097
v 0.58381611 -0.10068692 0.08023089
v 0.56665784 -0.22140023 -0.14114551
v -0.55105829 0.10724039 0.46453112
v 0.47891003 0.11922038 0.46778774
v -0.31154278 -0.05107503 0.13688195
v -0.62360859 0.13029554 -0.38082469
v 0.61327475 -0.06362868 -0.31023309
v -0.14920066 0.27226993 0.36171567
v -0.30922019 0.09546163 -0.13283716
v 0.26266283 -0.24274871 -0.29321983
v 0.44219360 -0.02577699 0.48832983
v 0.12868850 -0.02833770 -0.35133594
v -0.43594390 -0.06449851 -0.32290643
v -0.47128561 0.37957162 0.34407365
v 0.15266304 0.28052443 0.42249763
v 0.75657862 0.10074848 -0.02747361
v 0.54001617 -0.00954660 0.12075074
v -0.41334546 0.01131852 -0.64059657
v 0.50566262 0.28382447 0.06205943
v -0.18972515 0.11244918 0.49781898
v 0.44797519 -0.28096285 0.36411744
v -0.38220307 -0.24857289 0.27401453
v -0.40785080 0.40349919 0.44676766
v 0.06161794 -0.13624701 -0.31690520
v -0.51871544 0.01424773 -0.62917691
v -0.08843367 0.11075018 0.11867565
v -0.27057782 -0.28380290 0.47267121
v 0.25720963 0.03339973 0.41410637
v -0.37512058 -0.13496201 -0.01141058
v -0.49408260 -0.11073233 -0.59640408
v 0.33012185 0.19077364 0.39246014
v -0.15125792 -0.00674778 -0.25825155
v 0.35772765 -0.25200927 0.37681317
v 0.73077923 0.00388234 0.49397671
v -0.52879715 -0.13006265 0.34931010
v 0.49448982 0.22313760 0.20592442
v -0.21071541 0.17712753 0.21452396
v 0.67758310 0.01674453 0.06216991
v -0.42999989 0.24622324 0.48591036
v 0.28375736 -0.20838460 0.33081189
v 0.69980025 0.15693213 0.08505348
v -0.12049262 0.28158844 0.38548541
v 0.04029901 -0.22611649 -0.07173287
v 0.46072292 -0.07491245 0.49995810
v 0.71756101 0.10284055 0.45905176
v -0.32525554 -0.26944989 0.41385087
v 0.33864081 0.12097997 0.47268546
v -0.35607666 0.13760968 -0.33163235
v -0.04257405 0.04746242 -0.06317681
v 0.40753075 -0.23371463 -0.33513543
v -0.62120396 0.00103570 -0.48113966
v 0.75812000 0.02671281 -0.09802652
v -0.28682140 -0.22808075 0.49826080
v -0.35918158 0.30177873 0.49447277
v -0.12645352 0.01782870 0.05105815
v -0.40485251 0.04708700 -0.21175765
v 0.23938809 0.29214305 0.42531288
v 0.46814469 0.20923811 0.31703588
v 0.43056104 0.03989367 -0.14693266
v -0.03507043 0.02727071 0.45513099
v -0.69183654 0.07257023 -0.64851791
v -0.51913416 0.17334604 -0.34733176
v 0.39966738 0.11630942 0.26506934
v 0.20666851 -0.12804350 -0.43984228
v -0.40192997 -0.19545494 -0.55743021
v -0.33830324 -0.25281152 0.38283184
v 0.81939930 0.21500468 0.28819525
v -0.49347046 0.08564212 -0.39185610
v -0.68659514 0.01481411 0.20965677
v -0.17709686 -0.18561874 -0.30676022
v -0.14288822 0.03745884 -0.53401965
v -0.29832214 -0.20949642 -0.33586696
v 0.12127525 0.28913897 0.48005289
v 0.04826321 -0.03713122 0.34678501
v 0.28213134 -0.19531767 0.36089268
v -0.01809540 0.07843661 -0.02548834
v -0.00629197 0.03983192 0.41862476
v 0.20551555 0.09771850 0.42665479
v 0.63575602 -0.01430289 0.49238908
v 0.47871184 0.03049515 0.13586771
v -0.44967145 -0.23705159 0.37922746
v 0.29480350 0.03193731 -0.21521392
v -0.54751468 -0.10276740 -0.58854812
v -0.12216527 -0.24701600 0.44829434
v 0.34499246 -0.03528289 -0.41975200
v 0.57040697 -0.21637711 -0.18713149
v 0.33139199 -0.06258366 0.00168059
v -0.28531608 -0.17259428 0.48906755
v -0.66613519 -0.00930148 0.29957560
v 0.35344627 -0.03847877 -0.14507611
v 0.29046014 0.18630122 0.32391921
v -0.61151558 -0.00177129 0.42357317
v -0.46618026 0.16780642 0.46650660
v 0.57392770 -0.11486800 0.47760469
v 0.10343207 -0.22122310 0.03349384
v 0.86227715 -0.02153416 -0.18158828
v 0.45258120 -0.16107981 0.41895404
v -0.41746953 -0.10528402 -0.21033375
v -0.47515443 -0.15163258 -0.52050680
v 0.14891709 -0.23152937 -0.09057134
v 0.72668725 0.28065550 0.23903155
v -0.50724471 0.10701240 -0.47703207
v 0.60517919 0.29226801 0.32553473
v 0.08364299 0.06280473 -0.16059464
v 0.45020476 0.14025538 -0.07974074
v -0.21051989 -0.29531118 0.45193592
v -0.14704433 0.07233830 0.10754128
v -0.65711081 0.16590463 -0.36633021
v 0.80947345 0.08056757 0.23109658
v 0.55019343 -0.22389874 -0.12262641
v -0.03602073 -0.00282086 0.45932052
v -0.25995976 0.05960434 -0.28000993
v -0.27183419 -0.02413339 0.07357898
v 0.41968310 0.05539211 0.21513133
v -0.51841968 -0.08464452 -0.37570572
v -0.24254806 0.25341395 0.23001331
v -0.17752528 -0.17175339 0.16802131
v -0.50581080 -0.14063263 -0.55961925
v 0.31215096 0.02840590 -0.37010035
v 0.36416310 0.04900795 -0.26896995
v 0.49440667 0.19266401 0.07037281
v -0.50889099 0.30076569 0.41502875
v 0.54889178 -0.22175889 -0.06391003
v -0.41885671 -0.10291145 -0.31897476
v -0.49299526 -0.11945799 -0.36358461
v -0.68598992 0.01330600 -0.27250135
v -0.30089313 0.17638801 0.15390526
v -0.01710184 0.03413732 0.43545553
v 0.51459378 -0.04459639 0.27382639
v 0.43689981 0.22933345 0.39241502
v 0.49296683 0.03863115 0.38700420
v 0.35636184 -0.24003646 -0.28691158
v -0.00939040 -0.03948462 -0.21393070
v 0.16331322 0.26130149 0.42355865
v -0.22298725 0.15532473 0.18252823
v 0.26679668 0.06985388 0.39946723
v -0.21219051 0.04210549 -0.29674035
v -0.35176948 0.13688284 -0.32380497
v 0.19224493 -0.11875043 0.01354717
v 0.15472133 0.19420114 0.39284688
v -0.72605443 0.04459093 -0.59890062
v -0.32318363 0.08492088 -0.59092772
v 0.64045888 -0.15039667 -0.18300514
v 0.69840533 0.12780522 0.47326371
v -0.06995047 0.04236261 -0.02459308
v 0.51581264 -0.16421100 0.15116084
v -0.43247068 -0.24688430 0.26360381
v -0.18372056 -0.07750446 -0.65514362
v 0.39379045 0.03306694 0.47301859
v 0.74893361 0.27684280 0.24561523
v 0.41303602 0.28525978 0.36660510
v 0.92010081 -0.01212932 -0.32372272
v 0.46022606 0.17555551 0.29885164
v -0.47097296 -0.09299506 0.46165538
v 0.42837372 0.04819690 -0.03066594
v 0.18435624 0.25842547 0.45964828
v -0.41308731 0.03988034 -0.62841886
v -0.00723907 -0.19979306 -0.09826473
v -0.02155837 -0.15601070 0.34681657
v -0.12313337 0.11678398 0.47825298
v -0.08595219 -0.02920765 -0.40433869
v -0.23600656 0.07430197 -0.37839890
v -0.25870603 0.14557631 0.49119565
v 0.57679284 0.27227888 0.45316920
v -0.35590738 0.13313258 0.00646499
v 0.42432898 0.05013297 0.04283109
v -0.76351416 0.09981531 -0.39897686
v -0.12612921 -0.13213910 0.05151648
v 0.43491104 0.30969372 0.09238485
v -0.40830934 -0.11570668 0.08340499
v -0.20192426 -0.03101031 0.48001936
v -0.38866457 -0.25744984 0.40985167
v 0.66439295 0.30137244 0.34236839
v -0.09999903 -0.15225171 0.42867252
v 0.46088719 0.15310295 -0.06143960
v 0.06880409 -0.23415227 -0.04380803
v 0.33384255 0.20093460 0.34186575
v 0.41312426 0.03726401 -0.18863748
v -0.42827249 0.13828526 -0.52586645
v 0.46896961 0.16691032 0.03503432
v 0.07788397 -0.00483585 0.30052233
v 0.06085524 -0.20229717 -0.76508707
v 0.29212984 -0.10142501 -0.46961099
v -0.12413468 -0.27866885 -0.38218707
v 0.72195530 0.19540256 0.09515315
v 0.48956791 -0.23377974 -0.14335923
v 0.04520248 -0.03724027 -0.28402063
v 0.35937339 -0.35226995 0.35934457
v 0.42419991 0.29536834 0.13403374
v -0.26585451 0.09477350 -0.33721885
v -0.68011808 0.06121444 0.29924285
v -0.06204798 0.01347038 0.48012128
v 0.45232588 0.21301430 -0.02982781
v -0.30622455 -0.23994270 -0.43495637
v -0.39416862 0.22947246 0.47446141
v -0.55595177 -0.06643704 -0.35753462
v -0.00394263 0.22562906 0.32815811
v -0.16372727 -0.27906361 -0.35714918
v -0.51154351 0.05393103 -0.48537356
v 0.71524763 0.22627150 0.44706497
v -0.11296509 -0.26427269 0.39156383
v -0.25364432 -0.06414264 0.15771595
v 0.44825482 0.12375973 0.27648175
v 0.70390153 -0.00336005 -0.13720290
v -0.21189223 -0.26617429 0.35820428
v -0.38178828 0.02712483 -0.32271239
v -0.18593979 0.06577701 -0.42136443
v 0.46993485 0.19112043 0.36031997
v -0.42603534 -0.13494806 -0.04729403
v -0.14405432 0.13521478 0.47134945
v -0.47562313 0.06674767 -0.14925425
v 0.53891653 -0.00557388 0.16241334
v 0.09949368 -0.23017672 -0.19224231
v 0.09549617 -0.12069884 -0.40004262
v 0.00621931 0.11070985 0.11002234
v -0.10712986 -0.08512352 -0.32901427
v 0.75417954 0.06441891 0.32501513
v -0.62835377 -0.08997821 0.43034720
v -0.44840667 0.23748800 0.47367585
v -0.14328048 0.11809251 0.14420769
v -0.28589588 -0.23194012 -0.65917546
v 0.16660400 0.17313261 0.41711053
v 0.47067484 0.19083630 0.36148179
v -0.01875507 -0.20657304 -0.05157090
v -0.45997337 0.09273595 -0.13969713
v -0.28957874 -0.27417120 0.42076495
v 0.45944372 0.23781580 0.00461684
v 0.57045794 -0.01665901 0.14404163
v 0.18565142 -0.00929608 -0.37410769
v 0.78727025 -0.03246697 -0.08886468
v 0.20197885 -0.22814545 -0.14416276
v 0.34287721 0.18635938 0.18876576
v 0.28209394 0.07893512 0.42050394
v 0.09963302 -0.04808895 0.25243533
v -0.56995606 -0.01770897 -0.29416612
v -0.35420689 0.09534886 -0.32655883
v 0.13215813 0.19361323 0.43779731
v -0.42504424 -0.17462696 -0.51589376
v -0.70573348 0.13142797 -0.55614990
v 0.45275989 0.30402684 0.30517930
v 0.30545804 -0.05032310 0.05138251
v 0.57866389 -0.18204571 -0.28164631
v -0.07248653 0.02150612 -0.38707227
v 0.68482804 0.07367266 0.07512734
v -0.51547444 -0.12050907 0.03306772
v 0.50453782 0.00228594 0.49100232
v 0.59351170 0.03828370 0.50179273
v -0.42596179 0.01857348 -0.47228327
v 0.37084708 0.16420934 0.18395975
v -0.24682793 -0.03245113 -0.61604369
v -0.40340191 -0.16697237 -0.58656365
v 0.41513491 -0.19729640 -0.08551856
v 0.51247334 0.10484970 0.27689052
v -0.60731810 0.13939951 0.39223626
v 0.66057593 -0.11222544 -0.23408613
v -0.02052285 -0.17188144 -0.67659599
v 0.45233992 0.05448581 -0.10250194
v -0.41319561 -0.13991761 -0.11559732
v -0.53127688 0.10350837 -0.30313650
v 0.19334938 0.00107123 -0.05620877
v -0.44397914 -0.18819092 0.43313417
v 0.29867280 0.14567651 0.44203803
v -0.49315318 -0.11662826 -0.33160481
v -0.15832710 0.12237022 0.14969385
v 0.75423628 0.02811061 -0.09856939
v 0.54444015 0.20156427 0.49671757
v -0.61883098 -0.16024159 0.45292094
v -0.70868021 0.15568461 -0.55738240
v 0.65074003 -0.01464992 0.01457590
v -0.12220342 -0.10602232 -0.65163529
v 0.27287224 0.05022331 -0.25525093
v -0.64796019 0.02148941 0.37489861
v -0.37895626 0.03892352 -0.43594971
v 0.43286052 0.04131944 -0.15145554
v -0.54460359 -0.19356970 0.18573692
v 0.30083421 0.04282880 -0.32214648
v -0.29282975 0.36345920 0.39783791
v -0.15293488 -0.19162099 0.17947501
v 0.27763924 0.02186089 0.47186479
v 0.78890312 0.23674710 0.16863218
v 0.68106437 0.16513507 0.13695717
v -0.48178312 0.39730144 0.38304016
v 0.68345112 0.11177862 0.48151812
v -0.29035130 0.07514484 -0.22547309
v -0.16362745 0.30169824 0.43749082
v -0.46133354 0.06043968 -0.47508666
v 0.45237482 -0.27755728 0.42944357
v 0.27841842 -0.00526276 0.48061666
v -0.66481942 0.02367564 0.33249608
v -0.19188742 0.06850166 -0.37434277
v 0.31223199 -0.04946760 0.03907628
v 0.54047376 0.03602620 -0.26791272
v -0.64422816 0.18682353 -0.49893627
v -0.12619770 -0.29709497 -0.35828862
v 0.70569617 -0.08360016 -0.22869591
v 0.29530767 -0.14070356 -0.13187975
v -0.47784936 0.40587106 0.33444422
v -0.27723345 -0.21411815 -0.60539311
v -0.11531179 -0.04592303 -0.37881082
v -0.39451569 0.01643703 0.48187485
v 0.66320425 -0.09786952 -0.09316211
v 0.13789992 -0.05972406 0.16768801
v 0.72922015 0.00976592 0.38634032
v 0.23907368 0.00343033 0.40349692
v 0.49090117 0.19669913 0.03829860
v 0.41764215 0.27419659 0.13293749
v 0.12847306 0.06771391 -0.09910983
v -0.73778832 -0.02111411 -0.52382404
v -0.44188818 0.14993647 -0.36760741
v 0.55795324 0.20046331 0.28281176
v -0.08360086 -0.02452885 -0.07455055
v -0.70774698 0.25670511 -0.33766419
v -0.08486179 -0.18732606 0.38201979
v 0.38084793 0.27567419 0.25638050
v 0.80457056 -0.08687731 -0.25627628
v 0.39372692 -0.27488846 0.33936909
v -0.22554244 -0.18255877 -0.22285491
v -0.49043426 0.31564224 0.34431767
v 0.43348908 -0.23290117 0.05957977
v 0.21985559 -0.14871247 -0.41250727
v -0.28184256 0.09572170 -0.51921111
v -0.86975324 0.18704835 -0.44045675
v -0.40375739 0.25149238 0.21565171
v -0.50279754 0.16289672 -0.36547309
v -0.18742400 0.07004435 -0.45377123
v -0.47411716 0.40981233 0.39483824
v 0.65237582 0.20360383 0.19911744
v 0.36920029 0.24267405 0.29790559
v -0.61316192 -0.09188608 0.44034073
v 0.40101728 0.25968432 0.47161776
v 0.51629543 0.03360321 -0.29854447
v 0.17200056 0.20816907 0.38671201
v 0.00531030 -0.07677331 -0.27923226
v 0.35424009 0.02445472 -0.20726077
v -0.26146141 -0.07085005 0.16429746
v -0.45496878 -0.12640052 -0.39631584
v -0.18484588 -0.08092669 -0.62175310
v 0.53068680 -0.22976625 -0.15628745
v -0.63744748 -0.25824910 0.44991404
v -0.32012099 0.07806533 0.00675541
v 0.32052666 -0.18994960 0.39779347
v 0.62402487 -0.03356562 0.36556157
v -0.41572580 0.25540206 0.26562601
v 0.61012924 0.00575262 -0.02747574
v -0.05182573 0.12929854 0.15703167
v -0.64318609 0.06781854 -0.27896285
v -0.45900416 -0.09120132 -0.44026226
v -0.39169538 0.14726910 -0.50905496
v 0.40069816 -0.15450557 0.44384015
v -0.56788850 0.13909666 -0.55091721
v 0.51959139 -0.05182723 -0.37794539
v 0.24554189 0.10248881 0.26818487
v 0.33187589 -0.21169481 0.36639264
v -0.44409522 0.40809622 0.39721036
v -0.57682133 -0.00516843 -0.34811988
v 0.34247938 -0.26708853 0.28059649
v -0.04879606 0.26034969 0.35207939
v 0.38942051 0.23256099 0.43699995
v 0.47984904 0.05978424 -0.05892755
v -0.37838691 0.06120814 -0.21665791
v -0.31602004 0.05538480 0.03146667
v 0.48626408 -0.27844104 0.37804970
v -0.04593725 0.04327752 -0.06335337
v -0.45258760 -0.05617173 -0.19568910
v 0.67340785 -0.01712047 -0.06273434
v -0.68682885 0.17104627 -0.61264634
v -0.58391792 0.06672904 -0.38365531
v 0.31404647 -0.04987907 0.03595466
v 0.26509294 -0.07549342 0.09875703
v 0.39468437 0.16364041 0.48352280
v 0.38127455 -0.21577102 0.04120399
v -0.28660491 -0.16539879 0.22636275
v 0.41512790 0.33114544 0.20743540
v -0.01275515 0.18958972 0.27507141
v -0.42222449 0.41640118 0.35100251
v 0.08960659 -0.14214556 -0.33648425
v -0.72460330 0.17714746 -0.62942773
v -0.70844227 0.20029365 -0.61681271
v -0.08605085 -0.24468797 0.34976318
v -0.19189256 0.30802202 0.38996369
v -0.37939891 0.29665577 0.27219942
v -0.03229170 -0.14051747 -0.69464844
v -0.28019312 0.29479453 0.28234982
v 0.71002066 -0.02807083 0.02074751
v -0.74676967 0.13650541 -0.41831499
v 0.45345718 0.33749825 0.09464679
v -0.71436673 0.13319476 -0.55806684
v 0.25500461 -0.16685377 0.37598628
v 0.50740159 -0.18680161 0.21461493
v 0.42254096 0.18959123 -0.01996832
v -0.49314180 0.17147602 -0.47183195
v 0.15585910 0.02637838 -0.31967017
v 0.70747823 0.27047464 0.21447131
v 0.49392191 -0.02625097 0.50034797
v 0.15458523 0.18607201 0.40908641
v 0.33111784 -0.19844683 -0.39972684
v -0.00631726 0.12324466 0.12387130
v -0.55346060 -0.18406209 0.22418793
v -0.49092636 0.00106100 -0.31263945
v 0.00811601 -0.02746383 -0.22680612
v 0.45414135 -0.01697335 0.48690364
v -0.46455181 -0.12757118 -0.34843582
v -0.44627610 -0.05444949 -0.32062951
v -0.46688583 -0.12578003 -0.03500419
v 0.32019579 0.09686455 0.21575823
v -0.00340580 0.19016372 0.46044734
v 0.64903837 -0.03053539 -0.12383513
v -0.36276171 -0.02581075 -0.64254588
v 0.23295875 0.10155854 0.33691451
v 0.22443341 -0.02715433 -0.08626951
v -0.43736768 -0.12090101 -0.61644739
v 0.57191020 0.03435874 -0.22650018
v -0.21956435 0.26231402 0.27115461
v -0.03358338 -0.02942625 -0.55515325
v -0.31368858 -0.17109212 -0.20976870
v 0.26917285 0.16902773 0.31984165
v 0.58793986 0.06452744 0.29882929
v 0.52284181 -0.04807028 0.28680408
v 0.53380167 -0.07561536 0.29073739
v -0.32766321 0.33241135 0.47447214
v 0.11922920 0.04325487 -0.26111504
v 0.46333572 -0.27748412 0.36725423
v -0.41375062 0.24925828 0.25576770
v -0.28774089 -0.17620479 0.25323316
v 0.39736488 -0.17724800 -0.10937596
v -0.51905036 -0.09736069 -0.51560313
v 0.44527945 0.19828185 0.15209876
v -0.65279216 0.15066472 0.22258498
v -0.29093301 0.38128111 0.42517197
v -0.42812204 -0.15837634 -0.58462584
v 0.20683494 -0.09795538 0.30517921
v 0.63626224 0.03517860 0.48927739
v -0.25408089 0.01566689 -0.06487890
v -0.27472731 -0.06656105 0.01314847
v 0.74441236 0.06806249 0.44353858
v -0.13918486 0.16048205 0.22157773
v -0.48796394 0.22223291 0.25948942
v -0.18821104 -0.02839116 0.09042103
v 0.80669165 0.01514858 -0.28209043
v 0.46591553 0.30769369 0.28506640
v 0.02012821 0.07351666 -0.07939459
v -0.15530457 0.04869045 -0.58832091
v -0.48147324 0.15961410 -0.00023426
v -0.42645618 0.11031353 -0.55016673
v -0.52510870 -0.05412556 -0.36913076
v -0.19512320 0.29995629 0.41544080
v 0.54654533 0.00992494 0.07022359
v 0.42549884 0.18052870 0.18741946
v -0.07395226 0.02626492 -0.50096011
v -0.50124788 -0.15945151 0.41744167
v 0.47698134 -0.23178126 -0.16480118
v -0.11939439 -0.10514324 -0.65574735
v 0.49651057 0.05970568 -0.05809502
v -0.52465552 -0.08575181 -0.42096201
v -0.39623904 0.16250814 0.47582161
v -0.64759630 0.03203024 0.04380211
v -0.60914665 -0.09336060 0.10205285
v 0.84686750 0.12175510 0.17146498
v -0.35101461 0.24332228 0.45870659
v -0.39409623 0.09853811 -0.59534425
v 0.23217623 -0.14409690 0.20242992
v 0.29067841 -0.04263560 0.08041964
v -0.27159971 -0.14312322 -0.08835089
v -0.20085432 0.05376024 -0.33479902
v 0.24593326 -0.07328679 -0.42410704
v -0.21559547 -0.15364479 -0.15627690
v 0.49422500 0.05916663 -0.09671237
v 0.42711946 -0.20847654 -0.13895717
v -0.03965461 0.01766659 -0.11342502
v -0.50497091 0.33815295 0.39096460
v -0.59252292 -0.00132552 -0.54729253
v -0.60501140 0.06040286 0.43162838
v -0.66986871 0.10490999 0.27941030
v -0.56680989 0.07800136 0.46276832
v 0.30826125 0.19065425 0.39988139
v 0.68976015 0.16613051 0.11276945
v 0.02689464 -0.22581242 0.09062589
v 0.41468990 -0.11245417 -0.46706730
v 0.25778142 -0.01412262 -0.40163288
v -0.77745247 0.06643358 -0.37939188
v 0.76904434 0.11569188 -0.00608190
v -0.59484237 -0.21003994 0.44622642
v -0.50236762 0.29028726 0.43885100
v 0.25952145 -0.13996460 -0.43026415
v 0.54441082 0.19571494 0.49430099
v -0.17161287 0.07161155 0.49146378
v -0.66844821 -0.15654440 0.38099661
v 0.15954249 -0.16710323 0.03327760
v 0.71654087 0.28222257 0.39867538
v -0.79830533 0.01911560 -0.56746930
v -0.15544531 -0.00203802 -0.58406937
v -0.24129859 -0.10484049 -0.06999864
v -0.48265108 -0.12766652 -0.30742466
v 0.04572125 -0.22769704 -0.07237720
v -0.63107324 0.07427347 -0.63375396
v 0.23685470 -0.01432065 0.21557766
v 0.89713353 -0.03466230 -0.17694616
v -0.43095416 -0.04392955 0.49700004
v -0.55571830 -0.08630449 -0.56895578
v 0.31299496 -0.07280139 -0.43023688
v -0.27209491 0.00712084 -0.61976224
v -0.14300832 -0.29814291 -0.56039059
v 0.49880174 0.03308242 0.36811179
v -0.48377085 -0.11829520 -0.38368332
v -0.63195068 0.16975231 0.20638040
v -0.27918491 -0.26359007 -0.50287807
v 0.39100987 -0.23348966 -0.33859241
v -0.17758282 -0.14320467 0.47466874
v 0.30495277 0.10301116 0.21724948
v 0.00128910 -0.20924690 -0.08247637
v -0.01682458 0.07123395 -0.04856782
v 0.29938811 0.06149067 0.22899486
v -0.00645146 -0.06175795 -0.23285604
v 0.50383079 0.20767994 0.30186307
v 0.45246455 -0.22627224 -0.17295693
v -0.20278966 -0.19183522 0.25912595
v 0.05530868 0.09911197 0.10509559
v -0.78942490 0.01902273 -0.26989603
v 0.29285631 -0.02601206 0.49580196
v -0.64707720 0.24013484 -0.31774458
v -0.59120363 -0.03991131 -0.34608513
v 0.32502878 0.21910337 0.25843394
v 0.25438559 -0.08915955 -0.08790105
v -0.15674603 -0.16678007 -0.47193271
v 0.69203162 -0.00344106 0.49385944
v -0.14644182 -0.26588699 -0.56263781
v 0.84024417 0.08758827 0.17108966
v 0.09283079 -0.23279782 -0.02721395
v 0.36397928 0.00060521 -0.17839201
v 0.13497737 -0.23595320 -0.21155664
v 0.13134089 0.19363102 0.44345999
v -0.35526979 0.21390849 0.12945443
v -0.06598364 -0.14637120 0.40363973
v -0.31993604 0.31087369 0.45452425
v 0.13311385 0.03362976 0.08268559
v 0.78194189 -0.05468263 -0.08363292
v 0.55858892 -0.07378368 -0.37561551
v 0.65867966 -0.11785326 -0.20422325
v 0.32442090 0.17675787 0.39530140
v 0.17197669 0.16586278 0.40974474
v -0.47905642 0.17759825 -0.48893040
v 0.04982674 -0.09963097 0.31579438
v 0.25130737 0.04665276 -0.29738018
v -0.70354885 -0.05360815 -0.49435499
v 0.44636732 0.04839328 0.08360609
v -0.32541561 -0.12751292 0.18834093
v -0.09087859 -0.03792198 -0.07332826
v 0.37625769 -0.22679484 -0.22482932
v -0.35375214 -0.24921551 0.38020790
v -0.45071557 0.32135162 0.31417626
v -0.27807167 -0.12792452 -0.67021370
v -0.61680937 -0.01423118 0.41127566
v 0.01785937 -0.17362173 -0.70372474
v 0.26904696 -0.05098560 0.10695226
v -0.71834135 -0.04231736 -0.50538230
v 0.22603989 0.08325610 0.33005759
v -0.19087237 -0.20240304 -0.51458561
v -0.20573571 -0.09036601 0.49802902
v -0.40595061 -0.14872321 -0.42468899
v 0.63269007 -0.08010905 -0.33393189
v 0.69041663 0.03335220 -0.04908452
v -0.13150555 0.30497658 0.44316047
v 0.79261631 0.02653281 0.13283747
v 0.21877374 -0.20624337 -0.36555082
v -0.21487814 0.12396722 0.49823964
v -0.49469769 -0.18432705 0.13435462
v -0.32180631 0.11249985 0.10548708
v 0.81294286 0.04710370 0.15344872
v 0.37928680 0.20243537 0.44679388
v -0.59374768 0.14305063 0.41146684
v 0.72881883 0.26402727 0.19223347
v 0.26495931 -0.22706908 -0.19704302
v 0.30016080 -0.18206939 0.09748515
v -0.17878379 -0.18723415 0.48856825
v -0.46733662 -0.14766903 -0.44832435
v -0.13718040 -0.03206213 -0.53630334
v -0.55658829 -0.07511239 -0.50604838
v 0.16566512 -0.23630144 -0.25477371
v 0.15435281 -0.22719227 -0.27346843
v -0.55518389 0.18828225 0.11258188
v -0.44216195 0.16618864 0.01856405
v -0.52317852 -0.17775993 0.30139065
v 0.34902066 -0.16419695 -0.15697868
v 0.06556056 0.06674886 -0.13642624
v 0.43465415 0.35100275 0.19832607
v 0.37529257 0.04221563 0.13876875
v -0.60708982 0.14598517 -0.36928886
v 0.82269883 -0.08377839 -0.25342521
v -0.17204128 -0.09412126 -0.61770844
v 0.41733971 0.14633043 0.26283607
v -0.59324855 -0.10612611 0.44991952
v -0.04124589 -0.19533993 -0.70028412
v 0.22191560 0.29814163 0.42597169
v -0.39615163 -0.15275967 -0.60187989
v -0.28211775 -0.08257365 -0.71315485
v -0.36365375 0.25769809 0.48325974
v 0.27097812 0.03222584 -0.20503975
v -0.62383062 0.15926072 -0.48382726
v -0.67916143 0.06039516 -0.54027659
v 0.39254019 -0.18342288 -0.04325923
v -0.43932012 0.15431932 -0.46678010
v -0.45976990 -0.10810339 0.45288458
v -0.33559051 -0.15764637 -0.60559088
v -0.37921876 0.38457158 0.34153640
v 0.11351092 -0.19013619 -0.31312114
v -0.30539379 -0.04412802 0.10010351
v 0.63713843 -0.02455909 0.49232709
v -0.53369361 0.08364724 -0.55726010
v -0.68085468 0.05284064 0.26498058
v 0.42885667 -0.09759027 -0.46776888
v 0.28498179 -0.20374097 0.15741003
v 0.05999980 -0.05106697 0.32250458
v 0.55450004 -0.00439565 -0.32542738
v 0.47593951 0.10518148 0.27438056
v -0.51093507 -0.06457398 0.46584809
v 0.12002174 -0.03105161 0.20622520
v 0.76879472 -0.01865488 -0.15975381
v 0.24326317 -0.12751737 -0.07665458
v -0.37885225 0.13264143 -0.37335107
v 0.57765180 -0.18700925 0.40079927
v -0.45000657 -0.23706570 0.29510450
v 0.90782905 -0.03704868 -0.22673869
v -0.24039145 0.05918875 -0.25088242
v 0.06721684 -0.07248157 -0.32463381
v 0.13935198 -0.01526778 0.14998339
v 0.51626754 -0.21671522 -0.30121890
v -0.14318375 -0.25102484 -0.39268270
v 0.22555369 -0.15251672 0.27681667
v 0.69926590 0.11950837 0.04808158
v 0.55161601 -0.09398124 0.46805587
v -0.11151459 0.18795775 0.32024586
v 0.80631477 0.14728950 0.32302278
v 0.35364822 -0.23372553 0.24608828
v 0.16031937 -0.22042486 -0.06220244
v 0.43213820 -0.23106445 -0.21074829
v -0.61824936 0.14370786 -0.58134049
v 0.11979967 -0.22182192 -0.00420060
v -0.61378306 -0.07306374 -0.49038017
v -0.10244256 0.30473942 0.47618833
v -0.33019736 -0.14714476 -0.06715237
v 0.39020175 -0.19093657 -0.01791564
v -0.50798488 0.02871451 -0.39456564
v -0.34441292 -0.18853709 -0.61716688
v -0.29446828 -0.12306966 -0.03682733
v 0.16956854 0.17378233 0.44828069
v 0.77858049 0.05390779 0.19618911
v 0.22474127 0.04597966 -0.18981455
v 0.31905654 0.12595594 0.20745410
v -0.30683452 -0.17351934 -0.26083049
v 0.23222458 -0.05361923 -0.41501442
v -0.11673830 -0.30043393 -0.59315532
v -0.47641698 0.27980772 0.32866597
v -0.56247759 -0.21304569 0.36386955
v 0.10937390 -0.22194229 -0.24508023
v 0.01141984 -0.12249947 -0.27956915
v -0.11269390 -0.03465309 -0.37451416
v 0.01786923 -0.22536810 -0.04463800
v -0.58408636 0.12137994 0.42991573
v 0.40335572 0.03750779 -0.00556673
v 0.33668673 0.19725180 0.47226688
v 0.74063218 0.00560093 0.41002041
v 0.37775195 -0.23169835 0.29049993
v -0.14002442 -0.04755780 -0.02206680
v -0.14157994 -0.07488448 -0.01138897
v -0.17755920 0.01805673 -0.59210545
v -0.61281890 0.14585868 -0.49870330
v -0.44009238 0.24195230 0.20499648
v -0.46558648 0.06035408 -0.16629815
v -0.15182590 -0.03392626 -0.21427633
v 0.25884768 0.24520355 0.40520477
v 0.60837960 -0.06823182 -0.32616252
v 0.53352773 -0.00834948 0.20281938
v 0.50371349 0.00713378 0.14961649
v 0.65922797 0.10975829 0.18633698
v -0.31844592 0.04441567 0.45975399
v -0.40148634 -0.05028430 -0.31318903
v 0.36551759 0.03608349 -0.35550657
v 0.65866590 -0.12220540 -0.17796937
v -0.17323588 -0.24127668 -0.55761534
v -0.39237371 0.10460310 -0.14721738
v -0.57960725 -0.04907411 0.43253312
v 0.62790692 -0.03550982 -0.24634115
v 0.48676789 -0.05816540 0.50129086
v 0.43744907 -0.36663666 0.43209049
v 0.51867807 0.19592009 0.49827543
v -0.68033582 0.05322808 0.25641248
v -0.71633166 0.07624415 -0.54656881
v -0.41993889 0.04505907 -0.46926764
v -0.34036949 0.19396833 0.44771460
v 0.81707215 0.00074973 -0.24302419
v 0.66010827 -0.02884300 -0.07153787
v -0.40708375 -0.18049474 -0.57345837
v -0.29091734 -0.25983170 0.49480924
v -0.03725385 -0.00300081 -0.35854119
v -0.54967695 0.08405552 -0.38850051
v 0.25651950 -0.19366665 -0.39088911
v -0.66286629 0.01448381 0.34200606
v 0.26421371 -0.23843440 -0.32457328
v 0.76689053 0.25467312 0.18752663
v -0.58629793 0.03804804 -0.28485134
v -0.54592127 0.03148951 -0.38689840
v 0.36589143 0.12314104 0.20839258
v -0.27920800 0.01536701 -0.02588975
v -0.22753923 -0.01601754 -0.60239971
v -0.41882986 -0.00319988 -0.22531223
v -0.49561486 -0.03525493 -0.15765809
v -0.50863624 -0.09054093 -0.27948329
v 0.57013285 -0.18048313 -0.30160001
v -0.60707033 0.18274915 0.18478359
v -0.12482986 -0.05525096 -0.08010565
v 0.17914367 0.31083813 0.42878968
v -0.05669967 0.29973376 0.48546606
v -0.19915964 0.26444280 0.45135227
v 0.01028083 -0.17336126 0.28047869
v -0.62814677 -0.07885747 0.29663965
v -0.02952109 -0.20221749 0.25118643
v -0.28914768 0.09055377 -0.53664231
v -0.38148057 -0.12947877 -0.23899710
v 0.53857660 0.28177410 0.39385635
v 0.03018730 0.00218252 -0.23584209
v 0.27060089 -0.13851638 -0.44065499
v 0.80275583 -0.05532340 -0.32129267
v -0.51107085 -0.11359614 -0.03431423
v -0.36979312 -0.20029825 -0.60336316
v 0.83309633 -0.02124986 -0.35641867
v -0.52673811 -0.20620294 0.35384595
v -0.25210509 -0.26867509 -0.43868521
v 0.51937449 0.03839871 0.04365364
v 0.73325843 -0.02861809 -0.29854608
v -0.15513924 0.05290139 0.10346472
v 0.55468601 -0.03326527 0.32411408
v -0.28836063 0.07724448 -0.21291643
v -0.24303548 -0.26373333 -0.57742596
v -0.06795952 -0.21875590 0.34382176
v 0.54102182 -0.20453756 0.04978387
v 0.16638091 0.16371241 0.39548656
v -0.46165392 0.22962269 0.18928908
v 0.00606199 -0.16838405 -0.73623908
v -0.35866308 -0.26355478 0.41218340
v 0.70672923 0.23182920 0.45010021
v -0.30304387 0.10041275 -0.48312458
v -0.39854422 0.39972579 0.30857080
v -0.63040602 0.08344410 -0.63271898
v 0.11115842 -0.03553735 0.22196952
v 0.79768699 0.03391799 0.14311893
v -0.23018849 -0.12826557 -0.77399445
v 0.45768523 0.00695169 -0.37084267
v 0.79029775 0.25947842 0.30802947
v -0.05876815 0.08838025 0.44962952
v 0.84118402 0.17517351 0.22363716
v 0.54296267 0.16790329 0.28331989
v 0.01271335 -0.17097470 -0.73886514
v -0.45393655 -0.13229446 -0.42545444
v 0.41593271 -0.36387423 0.41403598
v 0.83458596 0.06198654 0.04234195
v 0.23226656 0.29322779 0.45519090
v 0.53005320 -0.22831401 0.36959046
v 0.67727041 0.09774270 0.23087576
v 0.59657758 -0.03580384 -0.30598003
v 0.28557110 -0.08723088 -0.43635359
v 0.57801855 -0.20463009 -0.22403425
v 0.01321258 -0.14798377 -0.22323498
v -0.67836541 -0.18285912 0.44830206
v -0.14667301 -0.27384537 -0.43871734
v -0.49987149 0.12646258 -0.54023451
v 0.31350571 -0.22659451 -0.21994542
v -0.39634791 0.39661711 0.45884177
v -0.31411454 0.09390879 0.10716689
v 0.37965190 0.25625414 0.25738606
v 0.36041221 0.02672386 0.08069817
v -0.08387627 -0.01058597 0.49094498
v -0.21773332 0.06664226 -0.43548203
v -0.38021466 -0.08813394 0.49308857
v -0.22980233 0.29403350 0.40127721
v 0.28417176 -0.12531440 0.45419797
v -0.21248893 -0.20843309 -0.32773432
v 0.21866727 -0.09881021 0.20333330
v -0.75495762 0.14397545 -0.42290920
v -0.05060803 -0.00334842 -0.44356096
v -0.50569475 0.31759736 0.37853676
v 0.32632402 -0.22795117 -0.22821212
v -0.22176591 -0.25328314 0.35170078
v -0.10768719 0.28817487 0.40188044
v 0.21355364 0.01049269 -0.36575526
v 0.77810091 -0.08330297 -0.12990069
v 0.05378807 -0.15373774 -0.28182715
v 0.24036883 -0.00357342 0.41569343
v -0.71329343 0.01571379 -0.27123380
v 0.04030195 0.10433511 0.21769300
v -0.31812409 -0.05098956 0.12277468
v 0.13886854 -0.00758904 0.14436576
v -0.76981121 0.02310684 -0.30278361
v 0.48190165 0.21265392 0.31461996
v 0.00641651 0.05188525 -0.12857082
v 0.51580286 0.05085204 0.00944415
v 0.36159962 0.09384854 0.22913338
v 0.48493633 0.22315402 0.31998459
v 0.17854869 0.30424821 0.41889423
v -0.24752763 0.29348519 0.30284694
v -0.48842072 -0.07523578 -0.14271145
v -0.57657862 0.09192739 -0.50291425
v 0.24615401 0.07373597 0.25675485
v -0.04312091 -0.20890073 0.22987160
v 0.48997134 0.07160800 0.30522859
v 0.04682595 -0.14456092 -0.28347304
v 0.18009846 0.12891485 0.39088336
v -0.10766155 -0.22829054 0.42723113
v -0.21017309 -0.13043109 -0.13241856
v 0.20535886 0.03908623 -0.14961453
v -0.57793778 -0.00143993 -0.55303633
v 0.27744791 -0.09201153 -0.44518197
v -0.57478923 -0.05387786 -0.34953418
v 0.49069712 0.25679004 0.24813768
v -0.48013261 0.15413813 -0.02736822
v 0.41578624 0.17449519 0.04123224
v 0.57960892 -0.11136474 -0.38470048
v -0.45389488 -0.23790272 0.21036971
v 0.24072897 -0.17916740 0.30863044
v 0.22827756 -0.14780371 -0.41580686
v 0.59197289 -0.01558534 0.05945478
v 0.48028183 0.16765933 0.39499885
v -0.26464218 0.07498224 -0.17614582
v -0.32677993 -0.06968071 0.14918835
v -0.45311931 -0.03630996 -0.47180450
v 0.46983474 0.18885671 0.26732960
v -0.31533799 0.29258528 0.26818994
v 0.45336065 -0.06444832 -0.41305146
v -0.48415962 0.17945862 -0.48986998
v -0.21065918 -0.09053215 -0.07144951
v 0.46524343 0.13723353 0.28304785
v 0.57505524 0.18390134 0.48609647
v -0.48992532 0.09680558 -0.56781459
v -0.36727110 0.14105922 0.49411792
v -0.19658363 0.05109564 -0.31886628
v 0.64120543 0.29637209 0.31861210
v 0.66615057 0.09852295 0.23103867
v 0.00290631 0.14508095 0.34528351
v -0.76474559 0.08141670 -0.30718750
v 0.79606408 0.05998802 0.23138146
v -0.62926650 0.02982858 -0.50130850
v -0.27968752 0.10171118 -0.31332850
v -0.10690435 -0.24864092 0.33363757
v 0.11122443 0.07503152 -0.06243873
v 0.34442544 -0.22329034 0.36146098
v -0.51732713 0.07645625 -0.30100507
v 0.64623463 0.30072486 0.32935065
v 0.16727836 -0.01756464 0.05920639
v 0.76357818 0.25907022 0.19851230
v 0.77107245 0.26776904 0.34293687
v -0.55259174 -0.07838992 -0.33372653
v 0.72541976 0.27343887 0.40384093
v 0.43298230 0.25364324 0.35984918
v -0.48213181 -0.01783558 -0.47665122
v 0.09697721 -0.11701646 0.22566952
v -0.13031547 -0.15840073 -0.32511529
v 0.46165279 0.25724262 0.31722686
v 0.78041077 0.25346375 0.19755773
v 0.60503638 -0.19516869 -0.17391555
v -0.54107738 -0.09919535 0.44051814
v -0.77097207 0.15546931 -0.32594812
v 0.09338880 -0.20037319 0.10312747
v 0.33620197 -0.06375851 0.50198162
v 0.46749267 -0.21029237 0.40284356
v -0.73591536 0.18666734 -0.31792715
v 0.63745451 -0.01106664 -0.10341554
v 0.07825626 -0.02894682 0.30008987
v -0.57690686 0.19433166 0.16317409
v -0.22708823 0.23449412 0.22520092
v -0.18191542 -0.16676179 -0.22254172
v -0.11906825 0.30388641 0.44422838
v -0.34155321 0.36813843 0.36167926
v 0.66366422 0.01957015 0.33552352
v -0.34306243 -0.19339438 -0.41677740
v -0.55375606 0.16188002 0.03015992
v -0.17889129 -0.28575569 -0.37097168
v 0.75754666 -0.10583946 -0.15634356
v 0.26434290 -0.15944514 0.13529620
v -0.29673982 -0.17596897 0.24670385
v 0.72666419 0.03769628 0.33258376
v 0.00522780 0.24618347 0.38395795
v -0.15761681 0.01760067 -0.68183362
v 0.74334121 0.00836546 0.09489005
v -0.66045010 -0.04466381 0.27483872
v -0.64276451 0.14581566 -0.37543258
v -0.30142403 -0.09544814 0.00323069
v -0.25320023 0.07676435 -0.54990137
v -0.07753004 -0.13647795 -0.05026911
v -0.24992722 -0.14488369 -0.10741627
v -0.41696447 0.41108084 0.41804513
v -0.00276335 0.01613821 -0.17808867
v -0.50036329 0.16804029 -0.53136140
v -0.34736589 -0.12492558 0.18214697
v 0.82336879 -0.02138396 -0.15467842
v -0.33005986 -0.23850589 -0.51883519
v 0.42875066 0.17111360 0.27043688
v -0.36229652 -0.09941201 0.14781700
v -0.46663305 -0.11901439 -0.10340449
v -0.02221568 -0.20895949 0.21218485
v 0.61988819 0.09984588 0.23518211
v 0.36297545 -0.07897403 -0.06138074
v -0.73320520 0.14435780 -0.60539925
v -0.11453103 -0.12325468 0.01578047
v 0.49910420 -0.19154719 0.20413643
v -0.45966575 0.04416747 -0.31989583
v 0.61838329 -0.12355518 0.01195299
v -0.27110109 -0.13971986 -0.60829329
v 0.15772684 0.26723534 0.46326143
v 0.66297650 -0.03569961 -0.09517428
v -0.38665566 -0.03538459 0.49628636
v -0.01561384 0.24885707 0.37865978
v -0.44257805 0.04257812 -0.18607926
v -0.00682300 -0.12758552 -0.21744999
v -0.51707542 -0.04907731 0.46932968
v 0.82473052 0.20301555 0.28365356
v -0.63273394 -0.04737848 0.05416854
v -0.35728875 -0.26036900 0.44981888
v 0.32798839 -0.20822141 -0.39061642
v -0.65392667 -0.07115383 -0.46483788
v -0.18888210 -0.20677522 0.50117677
v 0.72072756 -0.09814040 -0.21658236
v -0.07234450 0.29940882 0.49180281
v -0.25469288 0.02401056 -0.64111483
v -0.25243676 -0.18030228 -0.21840948
v -0.69850063 0.21145493 -0.31251773
v 0.44356209 -0.35914320 0.43279836
v 0.43302840 0.30276677 0.09416555
v 0.58421022 -0.15427206 0.37889457
v 0.84552866 0.09649549 0.14274563
v -0.01635567 -0.10634033 -0.26908898
v 0.46518505 -0.17736168 -0.38956898
v -0.39005238 -0.04070787 -0.64265394
v -0.47518951 -0.15011749 -0.50410640
v 0.71750176 0.02053072 0.49547455
v 0.45648155 -0.22561492 0.13647513
v 0.25781754 -0.00409062 -0.14730124
v 0.60955846 -0.07969708 0.34808886
v 0.58785778 -0.12042202 -0.34655851
v -0.54733282 -0.12935722 0.29165721
v -0.81833130 0.06492960 -0.29039091
v 0.11491611 0.07201330 -0.03061692
v -0.46064591 -0.00312797 -0.31850025
v 0.31455755 -0.22547796 0.27652696
v 0.17107609 0.20200500 0.46264815
v 0.10660449 0.00491454 -0.31242871
v 0.74619645 0.28828242 0.33451819
v -0.07815539 -0.22195396 0.22710639
v -0.22484781 -0.13418694 -0.67797625
v 0.33913830 -0.04592621 -0.00393108
v -0.07596367 -0.18704554 0.02611456
v 0.75109273 0.02085073 0.11580283
v -0.64970028 0.13962889 0.18804191
v -0.49623811 0.12832642 -0.07079019
v -0.60592043 -0.19423470 0.36514375
v 0.34115794 0.21538821 0.37746295
v -0.70384282 0.06275445 -0.63594747
v -0.51242167 -0.16976716 0.42220414
v 0.40580800 -0.13128754 0.47517633
v -0.23307009 -0.19683543 0.49991754
v 0.12317713 -0.10331040 0.18429343
v -0.56229556 -0.25234041 0.41727376
v 0.62574184 0.01166384 0.36250770
v 0.08461928 0.00743867 0.28191650
v -0.12496143 -0.01245100 0.03044491
v 0.44414032 -0.25552505 0.33335802
v 0.48378426 -0.23017769 -0.28024730
v -0.31528372 -0.22376858 -0.58976024
v -0.30531266 0.08823930 -0.56972545
v -0.46238762 -0.06340789 -0.38689545
v 0.40143165 -0.19891679 0.38483590
v -0.46744871 -0.24175781 0.23095679
v -0.05499579 0.04196711 0.47087952
v -0.68763018 0.06146465 0.22264019
v -0.13493942 -0.14591096 -0.49402481
v 0.08664127 -0.18218629 0.14846240
v 0.35352588 -0.01024677 -0.16421662
v 0.37351826 0.03238001 -0.36129758
v -0.53781003 -0.19695559 0.24443963
v -0.08473939 0.02145041 -0.02030540
v 0.10441739 -0.17412068 0.13301696
v 0.02837468 -0.18664853 0.23219185
v -0.25856209 0.12276545 0.14759551
v 0.06060134 -0.19917139 -0.23019099
v -0.23946033 -0.18621497 0.28953356
v -0.10456260 0.12701291 0.15523580
v -0.52513033 -0.19721588 0.27178118
v 0.02142035 -0.18744533 0.23863788
v 0.25364676 -0.01724375 0.17505035
v -0.60725158 -0.08044641 0.38092938
v 0.29773265 0.08677073 0.44958735
v 0.30530158 0.15734787 0.44993681
v 0.35699371 0.18164045 0.46691945
v 0.59908623 -0.05949544 0.08561759
v 0.05969168 -0.13284613 0.27204514
v 0.22865008 0.00478439 0.34547833
v -0.00978884 0.18198352 0.27455702
v 0.34402725 -0.03458977 -0.00530015
v -0.18294001 0.07401708 0.49023438
v -0.46723321 0.12478255 -0.08891530
v 0.55004746 -0.18582249 -0.31711394
v 0.61230052 0.18907832 0.24434030
v -0.11171563 0.13140094 0.46402255
v -0.41137910 0.32678261 0.49748617
v -0.27915379 0.09515137 -0.37739408
v -0.24322507 -0.21724322 0.49999785
v 0.19301170 -0.18890990 -0.06103947
v 0.13152461 -0.02285664 0.18139307
v -0.37582073 0.29711545 0.27115929
v -0.15899555 0.06124193 -0.41368851
v 0.27441859 -0.11598230 0.09387814
v -0.28265870 0.34101227 0.46544141
v -0.06872322 -0.20510581 0.07236668
v -0.62636000 0.11994424 -0.61296338
v 0.75908482 0.01441490 0.43589544
v -0.18802115 0.25977397 0.29870278
v -0.29960173 -0.16345936 0.22173667
v -0.07346103 0.06538036 0.47938624
v -0.05463558 -0.02083263 -0.41028917
v 0.67609817 -0.09228243 -0.11055323
v 0.36071113 0.24379960 0.24184886
v 0.71845978 0.00552863 0.06889280
v -0.43254974 0.03715874 -0.19959043
v -0.20653449 0.04731014 -0.63742894
v -0.06363949 -0.01667918 -0.42106849
v -0.39403886 -0.13778500 -0.02790717
v 0.12339219 0.06304768 -0.17880450
v -0.22401607 -0.00584234 0.46481121
v -0.46120557 0.16076605 -0.35818475
v -0.44249630 0.13174917 0.48829299
v -0.03691702 0.07811560 0.00141450
v 0.71803844 0.26265225 0.42569092
v -0.32869640 -0.14664182 0.46628711
v 0.27093336 0.00349590 0.17407447
v -0.07645795 -0.08750644 -0.19084795
v 0.80419010 0.14259742 0.32546875
v 0.46233970 0.18391275 0.30266622
v -0.44204128 -0.14917745 -0.42983240
v -0.53676492 -0.07030419 -0.36844739
v -0.65412158 -0.23102231 0.41045707
v -0.59655732 0.05404450 -0.58756155
v 0.45639908 0.01093643 0.44799325
v -0.44516975 0.28942984 0.30968887
v 0.32252970 -0.26943260 0.35636610
v -0.75630784 0.05192139 -0.29643324
v 0.13603085 -0.20780063 0.00645634
v 0.67791635 0.25414830 0.19956435
v 0.20012747 -0.05421394 -0.40407452
v 0.42427471 0.27056432 0.06209255
v -0.43184656 0.34579647 0.31158453
v -0.14816418 0.04848471 -0.36326090
v -0.64708471 0.00637574 0.03835368
v 0.65447104 -0.12395609 0.48241550
v 0.51053399 0.30560604 0.09201592
v 0.39454517 0.09510878 0.25533327
v 0.48631743 0.00593991 0.19792637
v -0.67442727 -0.01818514 0.22814326
v -0.46854922 0.12907097 -0.08201632
v 0.65012765 -0.01985110 0.49240911
v 0.58631849 -0.12331181 0.33190134
v 0.26587129 -0.03428924 -0.41347697
v 0.09711414 -0.22766985 -0.20364627
v -0.30324951 -0.22650014 -0.65318519
v -0.58503431 0.20350628 -0.55235493
v 0.82712257 0.21205272 0.19508955
v 0.60243309 0.02181431 -0.04799763
v -0.31811935 -0.04958872 0.11074339
v -0.55362689 -0.07722007 -0.33932263
v -0.67916727 0.04974935 -0.28117791
v 0.67876869 0.10071652 0.25829455
v 0.27593789 -0.19795696 -0.39295492
v -0.57477367 -0.25899628 0.42590547
v -0.16614150 0.18126261 0.26063719
v -0.44924170 -0.24020368 0.39146242
v 0.40152368 0.01203850 -0.09325343
v -0.14150640 -0.29907921 -0.37954736
v -0.20440400 0.31012017 0.37548777
v -0.19333749 -0.24621998 0.32899112
v -0.55930167 -0.08611485 -0.29374808
v -0.28039247 -0.25893316 0.49959135
v -0.72060657 0.21433701 -0.39665589
v -0.40935794 -0.15919471 -0.36005923
v -0.26934350 -0.13154414 -0.66691232
v 0.24590345 0.21651760 0.45512843
v -0.08612582 0.14881223 0.20944287
v 0.01717208 0.09923779 0.30819330
v -0.24567769 -0.12035131 0.49357510
v 0.14822479 0.01526523 -0.32990408
v 0.40862876 0.24555287 0.03622425
v 0.36087441 0.24128908 0.21017915
v -0.00611892 0.12054405 0.33976886
v -0.49843174 0.10006519 -0.11008317
v 0.69096035 -0.08340053 -0.10100786
v 0.46908441 0.34548277 0.20397583
v -0.12751955 0.10512169 0.12798765
v 0.41714740 0.00483472 0.47730762
v -0.65751618 0.05185186 0.36359000
v 0.84776336 -0.02656129 -0.32864934
v -0.17828536 -0.22504385 -0.35703963
v 0.53307408 0.27913198 0.38196337
v -0.60398972 0.10628465 -0.59380931
v -0.52354687 0.21544702 0.22110659
v 0.61131310 0.23405242 0.25240558
v 0.23520105 0.02100735 0.32294959
v 0.54959160 0.16147006 0.48141891
v -0.28979418 -0.17255363 -0.17623346
v 0.64161098 0.28937727 0.28446770
v -0.72195351 0.10841946 -0.55986333
v -0.77212512 -0.00894355 -0.52934635
v -0.07007499 -0.16300662 -0.02601269
v -0.15334721 0.05076356 -0.36387905
v -0.24198870 0.05877199 -0.59579742
v -0.15705255 -0.02336226 0.05853624
v -0.31426942 -0.11885884 -0.01850737
v 0.42194098 -0.23359264 0.06709123
v 0.73206854 0.07452438 0.29259345
v 0.65376025 0.07480389 0.49242646
v 0.54229039 -0.08590342 -0.41785738
v -0.36210850 -0.01718510 0.48274094
v 0.56276673 0.10874721 0.48086524
v -0.28216285 -0.16032217 0.22085202
v 0.80528980 0.22870827 0.31908199
v 0.66892290 0.27368590 0.23651524
v -0.15650919 0.04333515 -0.59086096
v -0.18675396 -0.27077410 -0.40998688
v -0.17920657 0.02097844 0.11528930
v 0.61587757 -0.18721992 -0.11538634
v -0.57631099 -0.07865994 -0.29330215
v -0.26338038 0.01497796 0.12358741
v 0.69334745 -0.07424705 -0.06965048
v 0.53406709 -0.15599895 0.44725645
v -0.37931147 0.39420426 0.45744169
v -0.13066216 -0.28451139 -0.58567715
v 0.22888865 0.23041393 0.45608699
v -0.60157371 0.13932788 0.04585700
v 0.63116205 0.15654027 0.49304879
v 0.53285736 0.26080105 0.33008683
v 0.73781556 0.10777602 0.43750983
v 0.50163019 -0.15889409 0.18271804
v -0.15890025 -0.14682911 -0.21797465
v -0.14383848 0.05419465 -0.45519945
v -0.13567303 -0.06884392 -0.04292869
v 0.47252500 0.07567509 0.26666802
v 0.35524723 0.23298997 0.34258977
v -0.59026349 0.18872114 -0.49143347
v 0.24801937 0.03877371 -0.32921106
v 0.41418791 0.25449085 0.38721752
v 0.22819862 0.00291073 0.30477023
v -0.06356075 -0.07613295 -0.18678521
v -0.27518961 -0.26001588 -0.52128917
v -0.39024848 0.13488105 -0.05541855
v -0.43667829 -0.01316711 -0.64319378
v -0.09260622 0.01886566 -0.57604074
v -0.33942431 -0.18247709 0.22643368
v -0.33531022 -0.09049968 0.16430812
v 0.18433903 -0.04408963 0.02898539
v 0.43359759 0.04454468 0.18420686
v -0.56387949 -0.08386645 -0.28355426
v 0.68857867 0.29873660 0.33717549
v -0.45848966 -0.19875976 0.15420774
v 0.93566912 0.00270124 -0.23813964
v 0.55584151 -0.22074057 -0.17163911
v -0.49602890 0.14648665 -0.31317464
v 0.38021907 -0.00979462 -0.05984821
v -0.15327305 0.17469424 0.27250832
v 0.15422995 -0.16043264 -0.37109375
v -0.35755396 0.37575594 0.31772894
v -0.12880906 -0.28594083 -0.56351429
v 0.77131510 0.23836809 0.37986055
v -0.73572052 0.10475785 -0.57915711
v 0.37387872 0.02455451 0.02763298
v 0.44262090 0.18840946 0.17218252
v -0.01142739 0.24033247 0.34764722
v -0.15485062 0.05452070 -0.47421220
v 0.73678124 -0.03593093 0.46690801
v -0.47256830 -0.08389571 -0.61173731
v -0.09112088 0.29517251 0.41406929
v 0.80377865 0.22191241 0.15764597
v 0.21471624 -0.23749261 -0.21089578
v -0.65295178 0.03781636 0.06005921
v 0.49861568 -0.18743742 0.41900855
v -0.35464561 -0.04840316 -0.64347357
v 0.34876153 -0.30965555 0.41116729
v -0.65401602 0.13562827 0.29212880
v 0.08973586 -0.20682301 -0.25863731
v 0.29929775 -0.02652379 0.07812562
v -0.32589963 -0.08184950 0.05169919
v 0.36037982 -0.05643379 -0.04691789
v -0.58052546 0.04172036 -0.38047928
v 0.46558377 0.03380888 0.38711143
v -0.28939334 -0.16770414 -0.14260711
v -0.57546562 0.10631721 -0.50085634
v 0.07627918 0.01563476 0.29747236
v -0.12183231 -0.10561224 -0.46471488
v 0.31621444 -0.28787190 0.30604854
v 0.46199033 0.18513560 0.36583033
v -0.31553856 0.10542107 -0.49257734
v -0.29129609 0.06805952 0.12189358
v 0.47997603 0.31590208 0.25810444
v -0.14295897 -0.23592925 0.26638961
v -0.05826152 0.01522168 -0.50728101
v 0.15201300 -0.06555417 0.13391235
v -0.69352192 0.02192863 -0.47491035
v 0.59996688 -0.18331927 -0.01877591
v -0.52112490 -0.01071581 -0.37935132
v -0.68128926 0.01882614 0.28541929
v -0.16893812 -0.09572680 -0.55691856
v -0.38546723 -0.23590913 0.34635130
v 0.48552608 0.02318092 0.24803488
v -0.52380282 -0.16207768 0.42824554
v -0.48993412 0.37274793 0.39426383
v -0.31160215 -0.07728496 0.03891290
v 0.23841187 0.29278398 0.45088351
v 0.40300915 0.24257500 0.39603022
v -0.06503981 0.00554495 -0.44037142
v -0.18121132 -0.21351750 -0.50613195
v 0.01893588 0.11919829 0.19787887
v -0.18543544 -0.06967926 -0.07599306
v -0.34479207 0.09764743 -0.16530885
v 0.10809458 -0.13406245 0.19042394
v 0.59930176 -0.11690125 0.34670094
v 0.28512487 0.16174315 0.44751474
v -0.33921480 0.10899408 0.05591490
v -0.14673804 -0.11028416 0.49398735
v -0.41142786 0.26547632 0.49531782
v -0.15651070 -0.14425518 0.11532623
v -0.44811535 0.09022567 -0.61621487
v -0.57034117 0.08765589 -0.50183898
v 0.48885188 0.14624311 0.48391214
v -0.59996158 -0.09460235 0.31952056
v 0.48230603 0.01832570 -0.34883085
v -0.57664829 0.04315585 -0.07019557
v -0.37192798 0.23417424 0.13785195
v -0.28240514 -0.08563745 -0.71515590
v -0.35971567 -0.07889341 -0.64065522
v 0.65265334 -0.08123881 -0.03069923
v -0.42468524 0.08734865 -0.40123057
v 0.17900634 0.04343416 -0.28914499
v 0.60836124 -0.12880537 0.02796003
v 0.50763392 0.04650254 0.31682548
v 0.70580143 -0.03966391 -0.24579431
v 0.41779783 0.18729319 0.15452167
v -0.13247243 -0.14038558 0.07407286
v -0.32176811 -0.08960838 -0.64639974
v 0.40158930 -0.23803790 0.25380155
v -0.73333043 0.02835991 -0.50305861
v 0.53849202 -0.00850674 0.15389717
v -0.11581790 0.15970546 0.48901889
v 0.45536366 0.15953593 0.29192555
v -0.62021160 0.21222667 -0.29305980
v -0.14089604 -0.27946976 0.45959941
v 0.22242339 -0.14571644 0.29591450
v 0.44377786 0.18359049 0.08111207
v -0.33822408 0.33164516 0.48227954
v -0.60255152 -0.11949066 0.37050796
v -0.83505386 0.16272686 -0.42072281
v -0.67909294 0.26968491 -0.30122721
v -0.03590220 -0.07957274 -0.23915292
v -0.28354856 -0.27796233 0.43583307
v -0.31323078 -0.24882674 -0.53239739
v -0.17803343 0.21007630 0.25567344
v -0.60897899 -0.25701934 0.37963620
v -0.33100101 -0.06189756 0.10124344
v -0.29746726 -0.27563795 0.42800531
v 0.87981522 0.02845242 -0.31852093
v -0.29763061 -0.19726855 0.49143377
v 0.75995696 -0.00061177 0.08833291
v 0.10691132 -0.21997668 0.03327475
v 0.63996202 0.01156223 0.49145019
v -0.39123747 0.35649613 0.49036348
v -0.70583773 0.26205143 -0.33332518
v -0.52113801 0.05539270 -0.61398101
v 0.65741986 -0.00591969 0.01469683
v -0.57164997 -0.05350599 -0.43799856
v 0.46074805 0.18436666 0.26560196
v 0.45801267 0.15590028 -0.01271162
v -0.03915853 0.25874108 0.36280400
v 0.53938383 -0.00815290 0.15551746
v -0.55912805 -0.11838776 -0.46020260
v -0.47269624 0.17096712 -0.48050749
v -0.26557109 0.34949926 0.43239433
v 0.66212982 0.22368826 0.19505344
v 0.01827122 0.11673029 0.24935839
v -0.17460087 -0.08431295 -0.09682502
v -0.32786408 -0.09797615 -0.63777727
v -0.66113794 0.07331254 0.08731548
v -0.61338419 0.13466288 -0.28814036
v 0.26505631 0.01491607 -0.17955302
v -0.30987680 -0.11326824 -0.01280583
v -0.26554358 0.07857937 -0.29826418
v -0.63519806 -0.07863125 0.14904031
v 0.17668164 0.05696077 -0.16178818
v -0.36230919 0.06302790 -0.22356497
v 0.31992036 0.21396896 0.28592527
v -0.56906313 0.18704452 0.11549079
v -0.24192731 0.08502777 0.47623861
v -0.57721043 -0.25908768 0.39008430
v -0.65637827 0.17542134 -0.49698094
v -0.71114492 0.13855438 -0.55902439
v -0.01385824 0.20335393 0.29934749
v 0.25600886 0.00765209 -0.16113476
v -0.44960433 -0.01093058 -0.64187872
v -0.16385789 0.24688287 0.29562610
v 0.44096240 0.05420472 -0.23321255
v -0.22343658 -0.10713799 0.15867679
v -0.38844749 0.23273420 0.13467896
v 0.39511412 0.00874048 -0.07718214
v -0.54914755 0.09375896 -0.56086707
v 0.24707162 -0.05473979 -0.41763014
v 0.45711401 -0.15230106 0.42616490
v -0.31399953 0.11123442 -0.52344894
v -0.56000519 -0.25687325 0.40888306
v 0.20104434 0.23846065 0.45568758
v 0.08906817 -0.09395644 -0.37621754
v 0.67277342 -0.10560521 -0.18681917
v 0.65847534 -0.07085703 0.49334940
v 0.41916838 0.04760486 0.17749499
v 0.05881644 0.07758409 -0.07541713
v 0.54844558 0.02900539 0.28796819
v 0.52092952 -0.20359816 -0.32163808
v -0.42792544 0.08412140 -0.16528273
v -0.00137301 0.11947367 0.15135655
v 0.56513244 0.04528555 0.49822569
v -0.59150332 -0.02308539 -0.34944341
v 0.23421089 0.01652686 0.34907526
v 0.22445823 0.12814035 0.38036793
v 0.78577185 -0.04132158 -0.06649763
v 0.90504086 -0.04467569 -0.26610979
v -0.60301578 0.01738827 -0.49099466
v 0.49665523 0.04832940 0.47358584
v 0.30145743 -0.03065537 0.07084777
v -0.39038393 0.39278051 0.46404532
v -0.49676564 -0.12715968 0.06196095
v 0.29374751 -0.21147983 0.33656293
v 0.63124442 -0.15774164 -0.06588861
v -0.21183245 -0.22668569 -0.32764417
v -0.53396976 -0.17197967 0.43118089
v 0.17307140 0.00416067 -0.00392347
v 0.81946385 -0.07824624 -0.26870412
v 0.89354271 0.03035527 -0.32393205
v 0.70386112 -0.05302123 0.42475912
v -0.11784997 -0.14476725 -0.63269687
v -0.50748914 0.14096460 0.47003588
v -0.72299635 0.01912569 -0.48868820
v 0.71512932 -0.03352632 0.41670749
v 0.45667899 0.28776672 0.31639463
v -0.25552511 0.00237394 0.11763757
v -0.31572297 -0.05316349 0.08239564
v -0.32114172 -0.22107653 -0.59370482
v 0.17894460 0.01056092 -0.03904061
v 0.55885494 0.01805882 0.50206816
v 0.53075927 0.03751161 0.48713237
v -0.50703317 -0.01912901 -0.47549900
v 0.46387550 0.20123534 0.24986985
v 0.27056977 0.02531623 0.45557004
v 0.69343287 -0.08608613 -0.11741851
v -0.45016730 -0.07962701 -0.18439358
v -0.54020226 -0.08648751 -0.53636301
v -0.08790022 0.13049106 0.16655311
v 0.52109039 0.05895256 -0.09887158
v -0.65536141 -0.16354121 0.35629651
v -0.65388536 -0.03641628 -0.52338910
v -0.74344206 0.11761535 -0.60669893
v -0.41754889 0.15255055 -0.00227526
v 0.79382831 -0.00023794 -0.35481417
v 0.48609281 0.11055182 0.42922348
v 0.03474541 -0.08642452 0.34811354
v 0.72381204 0.08073632 0.23225647
v -0.68210769 0.02943345 -0.49092728
v -0.26510429 0.26977420 0.28755623
v 0.09398238 0.05969161 -0.18530282
v -0.18654051 -0.17255792 0.17726834
v 0.70798373 -0.04139247 0.00172824
v -0.48842490 -0.02097084 -0.39399800
v -0.41777608 -0.12172448 0.10102481
v -0.44734654 -0.05715349 -0.38984314
v -0.18890603 0.06566696 -0.42434615
v -0.27402589 -0.26491213 0.49941957
v -0.51015496 0.04629639 -0.14013579
v -0.16562566 -0.23687430 -0.52207685
v 0.78672987 -0.00264375 -0.23080845
v -0.27731982 0.19079544 0.43437117
v 0.47743946 0.21280207 0.25724548
v -0.38400435 0.39622363 0.45615748
v -0.28963986 0.24473889 0.38638487
v 0.41675088 0.03923851 -0.05317329
v 0.59232265 0.01060432 -0.24794596
v 0.82411683 -0.01778176 -0.36471704
v -0.15614308 0.17281315 0.26283124
v 0.70378017 0.17106041 0.09140690
v 0.33647728 0.00043856 -0.18237144
v -0.48858577 -0.20147873 0.33837005
v -0.45542637 0.14712296 -0.30767992
v -0.56630391 -0.23734885 0.43308079
v 0.71172076 -0.08917399 -0.19284303
v -0.74030411 0.01198469 -0.27783972
v 0.79931074 -0.03497182 -0.14442721
v 0.61993998 0.00043657 -0.19002509
v -0.61612207 -0.04984850 0.38922375
v -0.56853700 0.06685926 -0.28763613
v -0.15836294 -0.24187994 -0.37052846
v -0.39092910 0.14320357 0.49131164
v 0.29102576 0.18674828 0.28287420
v -0.71986729 0.06417418 -0.53415585
v 0.60998815 -0.04020434 0.08940842
v 0.80168366 0.03001195 -0.05223081
v 0.28169936 -0.21725616 0.26718691
v -0.65915650 -0.14844823 0.40416291
v 0.30944231 0.10625777 0.21502501
v 0.21663399 -0.02410196 0.27428737
v 0.40918970 0.04403599 0.01937417
v -0.19780716 0.17317942 0.45873138
v -0.63124967 -0.20553309 0.37745190
v 0.73383641 -0.03795326 -0.33090404
v -0.66395265 -0.02732079 0.12854846
v 0.49178550 -0.22919372 0.32373759
v -0.50488508 0.03449633 -0.30330166
v 0.32254508 0.10898295 0.46089089
v -0.05878472 0.01640472 -0.07798652
v -0.14195815 -0.30407241 -0.48395279
v 0.37343171 0.28192127 0.47494653
v 0.33954933 -0.34629151 0.36685973
v -0.81183606 0.15326512 -0.40533721
v 0.66166413 -0.11104434 -0.23661599
v 0.52860188 -0.13381708 0.44851175
v 0.69327015 -0.09400319 -0.21159944
v -0.07613989 0.01608825 -0.42485830
v -0.37510863 -0.18698132 -0.59880465
v -0.06024859 -0.10547627 -0.16321281
v 0.40512758 0.03539074 -0.03027623
v 0.51810879 0.22384961 0.08515432
v 0.64932418 0.30087525 0.38356060
v -0.17437707 0.04944215 -0.58745068
v 0.48240852 -0.20075400 -0.35640153
v 0.53903037 -0.07431263 -0.38157827
v -0.67021865 -0.09846819 0.44126150
v 0.52341437 -0.15367456 0.14714982
v -0.16767333 -0.08957054 0.50126415
v 0.08005916 0.05446810 -0.19301873
v 0.59864181 -0.12785980 0.04647507
v 0.39222744 0.08227931 0.46792072
v -0.04642225 0.14885962 0.45957980
v -0.16974929 -0.27334917 0.36041185
v 0.29520094 0.07644072 0.45428881
v 0.00872296 0.16118628 0.37441599
v -0.65283781 0.04283624 0.06051602
v 0.50125736 0.25263017 0.44998425
v 0.29086202 0.16315198 0.23375233
v -0.11632426 -0.13009305 -0.63449413
v 0.33749762 -0.23195511 -0.24544239
v -0.18057473 -0.05414088 -0.13396995
v -0.51520354 -0.08106085 -0.42760509
v 0.66761088 -0.04952560 0.38789400
v -0.40405238 -0.25048760 0.26991606
v -0.33028877 -0.19573604 -0.31801394
v -0.16046058 0.18212196 0.26855081
v -0.22805478 -0.27913529 -0.44630215
v 0.87991863 0.00824036 -0.25985053
v 0.42607597 0.28223482 0.09299181
v 0.50247681 -0.07737423 0.23971398
v 0.40441173 0.17574471 0.47810993
v -0.68897623 0.03452442 -0.50461376
v -0.41047311 -0.24405546 0.23778030
v -0.23084240 -0.12509136 -0.10475287
v -0.51058745 0.16464855 -0.53737587
v 0.65714508 -0.12358528 0.47349104
v 0.39625397 0.24885947 0.07277671
v 0.70556706 0.08206372 0.18725193
v -0.38708371 0.25140131 0.16823539
v 0.53014773 -0.07623547 -0.38786048
v -0.45123199 -0.01443258 0.49756566
v -0.00571586 -0.13889515 0.35091615
v 0.50105184 -0.11937091 -0.43792745
v -0.61578149 0.02270771 -0.49458203
v -0.46634403 0.15904622 -0.01278325
v -0.69018573 0.24666835 -0.34135780
v 0.33143431 0.26971191 0.42780352
v -0.57656032 0.07630658 -0.05828887
v -0.69544387 0.20518482 -0.60891837
v -0.32523167 0.10298945 0.09634901
v 0.48849609 0.24563837 0.45151222
v 0.34124419 0.17303401 0.38784346
v 0.52564216 -0.03909058 -0.37038398
v -0.68768746 0.02459503 0.23138098
v 0.68772471 -0.09956919 -0.21140510
v -0.44081420 0.12153586 -0.45735660
v 0.42193562 0.16902812 -0.06068215
v -0.17523894 0.12379366 0.49397224
v -0.06834232 0.02002074 -0.50821030
v 0.47737613 -0.19590691 -0.36311409
v 0.41442990 0.04776605 0.04087398
v 0.64859879 -0.07221331 -0.00339412
v -0.42056265 -0.17542486 -0.52568996
v -0.38548294 0.05006396 0.48032516
v 0.64795583 -0.10355731 -0.04808306
v -0.17515059 0.02003256 -0.63290298
v -0.02520277 -0.21551748 0.17273600
v 0.34848657 -0.20851390 -0.19688600
v 0.37173581 -0.19292019 0.01108762
v -0.10429724 0.28888100 0.49652171
v 0.20128512 0.11063051 0.38266090
v 0.65759087 0.24683006 0.46892172
v -0.19163054 -0.21711247 -0.54180896
v -0.37976810 -0.24218763 0.25692642
v 0.51941878 -0.05450478 0.18925284
v -0.48673368 -0.09057301 0.45394245
v -0.49209860 -0.18133289 0.41712952
v -0.58976305 -0.10819014 0.12399096
v -0.12698404 -0.30478388 -0.36775377
v -0.30833119 -0.09527750 0.17697626
v 0.49799001 -0.16050340 -0.38464808
v 0.65385842 -0.02287493 0.49260640
v 0.21096945 -0.23767632 -0.21778943
v -0.29499736 0.02820230 -0.00486534
v -0.32843855 -0.06264995 0.13654540
v -0.49489638 0.19571665 0.42545933
v 0.50037682 -0.22894084 -0.22992140
v -0.14694281 -0.28437793 -0.59055722
v -0.53733563 0.21153961 0.25224584
v -0.52966213 0.19614308 0.40081784
v 0.42624789 0.15840648 0.23572658
v 0.48153019 -0.23221792 -0.22164358
v -0.43480575 -0.09480418 -0.19527766
v -0.48198277 0.18097296 -0.31564730
v -0.37545884 0.21847814 0.12611066
v -0.23278429 -0.08909307 -0.74304986
v 0.27690122 0.01720450 0.19174278
v -0.61693722 -0.09323285 -0.46146017
v -0.31760281 -0.09802601 -0.65181196
v 0.42426389 0.16883922 0.29348502
v -0.23258959 -0.19688484 -0.28176954
v 0.39685410 0.24200770 0.43136147
v 0.53140169 -0.12005827 -0.41527608
v 0.32846090 -0.08419466 -0.00030790
v 0.38808292 0.26181120 0.47787365
v -0.69549030 0.05713335 -0.63973188
v -0.42381111 -0.09061833 -0.21258399
v 0.68190831 0.01210084 -0.02870866
v 0.35829887 0.01129412 0.02655277
v -0.21311872 -0.21250978 0.50027633
v 0.35415858 -0.23427650 -0.24988221
v -0.26294884 -0.19786982 0.49970439
v -0.67663467 0.14449999 -0.29315421
v -0.64891219 -0.07649367 -0.46603391
v -0.63671887 0.02722618 -0.49917367
v -0.43986189 0.11194023 -0.56857729
v -0.66635448 -0.19085886 0.36661601
v 0.23459773 -0.23854479 -0.30235869
v 0.71394974 0.10011845 -0.00503289
v -0.59528619 -0.04136539 0.42164031
v -0.72575498 0.04801265 -0.51069301
v 0.92264926 0.00736507 -0.25939876
v -0.30213207 0.35210025 0.32772759
v -0.07007644 0.17560194 0.21765041
v 0.52933002 0.28595376 0.16078760
v 0.39552820 -0.19588871 -0.39722523
v -0.43302974 -0.23940235 0.42038751
v -0.19780152 -0.09298953 -0.68726283
v -0.36219981 0.02919042 -0.31616658
v 0.34339491 -0.34762123 0.36414316
v -0.50782871 -0.04381013 -0.46390381
v 0.38191345 0.04545840 -0.32879376
v 0.60595959 -0.00419456 -0.00174454
v -0.14394517 -0.16480824 -0.64653063
v 0.38934109 -0.23226252 0.28154051
v 0.57613343 -0.18114574 0.03289112
v 0.35049668 0.01792724 -0.38561067
v 0.80735415 -0.01018149 -0.00540115
v 0.41935179 0.20193113 0.45816371
v 0.28208524 0.03854408 0.46871641
v 0.10176294 -0.00397167 -0.31448087
v 0.52364570 0.25125903 0.07586554
v 0.70926297 0.07715157 0.17630808
v 0.54869610 -0.06130065 0.13967319
v -0.51852137 0.23167932 0.29373348
v -0.16802457 -0.15423679 0.13577235
v -0.28647220 -0.23470183 -0.35416982
v 0.63276649 -0.13482703 -0.25862840
v -0.55042857 0.15123944 -0.30507603
v -0.65764230 0.04103650 -0.51664168
v 0.88389963 0.01511023 -0.28298116
v -0.78212529 0.23938383 -0.34114489
v 0.46566921 0.05071773 0.38761464
v 0.62999785 0.28011051 0.27282393
v -0.30600265 0.21129045 0.40138963
v -0.43157497 -0.24436173 0.40866005
v -0.19434589 0.29781428 0.34657010
v -0.29952580 -0.06860802 -0.67392290
v -0.63131011 -0.24230842 0.45131201
v -0.72578102 -0.02892143 -0.53931975
v -0.79262227 0.04077781 -0.31879917
v 0.76381731 -0.06920310 -0.06270477
v 0.23240004 0.09459952 0.31407750
v -0.02237358 -0.21371163 0.19083725
v -0.66753221 0.15591459 -0.59544820
v -0.17563410 0.01979075 -0.24115786
v -0.05246770 0.25748295 0.36318332
v 0.54889965 -0.22425131 -0.15629059
v -0.36762914 0.06056712 -0.33319139
v 0.31560364 0.16851969 0.38177410
v -0.38162956 -0.12430769 -0.24926963
v -0.22245796 -0.04554034 -0.04349641
v 0.23074850 -0.23777765 -0.30465826
v -0.56974399 0.01150423 -0.57355821
v 0.82123554 0.21258555 0.28497371
v -0.51327032 -0.03665115 -0.36479387
v 0.46038437 0.20605457 -0.03028408
v 0.35916337 0.07134341 0.22252691
v -0.33993894 0.37673393 0.44407174
v -0.19338654 -0.13037010 -0.56810200
v -0.33045653 0.05250272 -0.32292441
v 0.80009705 -0.03120596 -0.35222998
v 0.06732890 -0.22352891 -0.15343356
v -0.67126817 0.22052857 -0.57898653
v -0.02781205 -0.21576422 0.16331212
v 0.15620507 -0.15423633 -0.37776685
v 0.75648999 -0.10347704 -0.22141571
v 0.35306841 -0.17558682 0.42293090
v 0.61173290 0.20788409 0.49666637
v -0.73090804 0.00241588 -0.49883050
v 0.79696727 0.11498958 0.32240754
v -0.22296798 0.28454378 0.41621426
v -0.43122545 0.24326180 0.24685748
v 0.48460585 0.10723761 0.43257153
v -0.57216281 -0.22868587 0.43765908
v 0.40227425 0.22125547 0.05315122
v 0.24888243 0.19808379 0.39877689
v -0.23528917 0.08608631 -0.30686226
v -0.46420112 -0.00666626 -0.63977289
v 0.23324051 -0.23716474 -0.21458320
v 0.58084291 0.03567558 0.50223821
v -0.11442350 -0.15474167 -0.35511345
v 0.02126441 0.09048269 -0.00371456
v 0.71270651 0.03500075 0.32322004
v 0.68018210 -0.02248278 -0.10231164
v -0.26929832 -0.25640151 -0.47980088
v -0.24757963 -0.26947862 0.40143555
v -0.44827083 0.05011941 0.49781883
v 0.72972029 -0.08191463 -0.06810838
v 0.63519907 0.01679468 0.48988363
v 0.54600239 0.10906494 0.27431795
v -0.36699203 0.39468083 0.38520557
v 0.46874213 -0.09852540 0.48024487
v 0.51220721 -0.20533213 0.25252169
v 0.43728262 -0.19951151 0.38950336
v 0.41483629 0.14758030 0.50148988
v -0.45860207 0.04166610 -0.17959458
v 0.80709457 0.22526579 0.16848943
v 0.81647140 0.12509814 0.28297877
v -0.33642036 0.11212264 -0.01965333
v 0.81255931 0.09328540 0.24937254
v 0.79287708 0.05522871 0.18995610
v -0.11423614 0.02802967 -0.53176600
v -0.53374034 -0.09433445 -0.32939848
v -0.13815603 -0.18654665 0.14529943
v -0.58937854 0.15601416 -0.35887900
v 0.25823194 -0.07475455 -0.10191488
v -0.05581342 -0.17363732 0.35883969
v -0.41882035 -0.07292386 -0.23147573
v -0.63127655 0.19828214 -0.57387662
v -0.64526236 0.04289634 0.03771530
v -0.06551071 -0.00574888 -0.35620710
v -0.39456871 0.34536931 0.29099816
v -0.22296187 -0.22519699 -0.58081245
v -0.04079271 -0.06639900 -0.18666126
v 0.61766821 -0.15248781 0.42128348
v -0.20856015 0.28234628 0.32778361
v -0.08668580 -0.20464762 0.11735407
v 0.40837064 0.03615383 -0.04388288
v 0.43088472 -0.23228385 -0.30488506
v 0.20377295 -0.07278763 0.28660190
v -0.17316520 -0.05766157 -0.13367726
v -0.28402805 0.02962008 -0.02848760
v 0.36268312 0.20947126 0.47444415
v -0.27914456 0.05617183 -0.62811261
v 0.81503183 0.07446919 -0.00957169
v 0.53588420 -0.18989280 0.43434793
v 0.83125782 0.16147918 0.10131858
v -0.66024637 0.26234320 -0.28981301
v 0.24884462 0.11505402 0.42702681
v 0.37921771 -0.15825282 -0.42306945
v -0.71736211 0.12724516 -0.55921066
v -0.48142898 0.18330353 -0.49477005
v -0.40489617 0.15957938 0.02989708
v -0.36239365 0.26063180 0.22627050
v 0.49586692 0.21144105 0.49679217
v -0.63834661 0.18766439 -0.37172651
v 0.27348414 0.01097657 0.46911365
v 0.44894844 0.04504197 -0.31488240
v -0.23585993 -0.28601891 0.42011026
v 0.45483565 0.04952031 -0.29397646
v -0.54911685 0.17232928 -0.30309236
v -0.24786988 0.03227443 -0.64780903
v -0.64458513 0.14851065 -0.59103906
v -0.19155219 0.04517729 -0.60918927
v 0.14297578 -0.00950156 0.13546944
v 0.76365167 0.02739857 0.43176523
v -0.11200870 0.04612078 -0.44779977
v -0.33226228 0.19118533 0.13523044
v -0.45472038 -0.14213663 -0.28948492
v 0.24708535 0.13634214 0.43990412
v -0.19845963 0.07100359 -0.45292512
v -0.33824611 0.25672480 0.18459210
v 0.65343773 -0.04230938 0.01687892
v -0.07276625 -0.03506647 -0.47660366
v 0.55450433 0.03005842 -0.26730686
v 0.77816367 0.02797527 0.13929446
v -0.45516878 0.15934047 0.47167724
v 0.34741944 -0.20441858 -0.19313234
v 0.05227229 -0.00129938 0.34479535
v 0.69734061 0.09946047 0.02929662
v -0.28006917 -0.12956835 -0.64983296
v 0.40835595 -0.23651999 0.10828950
v -0.64643449 0.20846128 -0.56807804
v -0.64221114 0.09580506 -0.64094871
v -0.04575318 0.01767429 -0.49390587
v -0.05066749 -0.17581473 -0.05338533
v -0.05825521 -0.20896505 0.08484147
v -0.20568568 0.03117491 -0.17455442
v -0.01067202 0.26531413 0.39886168
v 0.80033511 0.17608626 0.07386093
v 0.61474013 -0.15792727 -0.01265295
v -0.15054590 -0.29877862 -0.55964196
v 0.37361246 -0.14446492 -0.43237638
v -0.05951386 0.23650403 0.31746492
v 0.39178234 -0.29566097 0.34493273
v 0.82929283 -0.06593917 -0.28895411
v -0.27546448 0.09567738 -0.49331143
v -0.50222856 0.21997727 0.25488171
v 0.90040880 0.00080549 -0.27310890
v 0.28515333 0.04561614 -0.30424929
v -0.35473803 0.11681576 -0.10163265
v 0.35215816 -0.09264881 -0.04201853
v -0.20832968 -0.14042650 0.48048821
v 0.71608168 0.21281597 0.12136646
v -0.70170957 0.01871886 -0.56916630
v -0.26764482 0.17466472 0.46459743
v 0.48062462 0.03446807 -0.31436008
v 0.44014519 0.05413799 -0.23171665
v -0.68414360 0.04267860 0.17780681
v -0.45816591 -0.12789258 0.42815763
v -0.47656527 0.27057248 0.32142642
v -0.39710698 0.36727935 0.48554909
v 0.51554114 -0.24229594 0.35525349
v -0.47172442 0.22606184 0.20601539
v -0.20585762 0.03955757 -0.28738391
v 0.43381849 -0.14035107 -0.42578143
v 0.39633766 0.14880906 0.49698845
v 0.67413664 0.08769446 0.48529789
v 0.61812043 -0.01521489 0.03017076
v -0.73257995 0.14823379 -0.60631341
v -0.20470794 -0.24792114 -0.35571605
v -0.35216823 0.32127148 0.49134889
v -0.52943420 0.16981781 0.03892032
v 0.37674832 -0.04017738 -0.12046497
v -0.10773323 -0.14971508 -0.33317572
v 0.29890063 -0.32746387 0.38381767
v -0.10153133 0.02394465 0.49494901
v -0.40061194 -0.04572075 -0.25714651
v -0.63155985 -0.01997099 -0.33818138
v 0.06074862 0.09422871 0.16615440
v -0.26811212 0.31077334 0.35902181
v 0.58216840 -0.15696540 0.05299117
v 0.02162089 -0.22692230 -0.00319246
v 0.62520653 -0.17451507 -0.16390340
v 0.78154904 0.26612332 0.23359913
v -0.23511177 -0.07904312 -0.70918494
v -0.10928591 -0.09471773 -0.28981352
v -0.14578359 -0.16708425 0.12335143
v -0.14647965 0.00708433 0.49655640
v 0.78434426 0.21202348 0.11459907
v 0.26714170 0.20137960 0.40158933
v -0.41179073 -0.06390977 -0.24343286
v 0.44921100 0.09211538 0.26304290
v 0.66118634 0.06268293 0.32838303
v -0.34434643 -0.25036687 -0.62497884
v -0.31408691 0.36761051 0.37384230
v 0.50120854 -0.14401963 0.20232192
v -0.00654418 0.15188785 0.41353512
v 0.20630066 -0.07829185 -0.01792409
v 0.36901346 0.24943791 0.23596634
v -0.22313723 -0.14221394 0.17624772
v -0.44903401 0.26945427 0.49190089
v 0.01597575 -0.04633491 0.38716295
v 0.72645730 0.11045749 -0.00330848
v 0.39572892 -0.35008258 0.47658113
v 0.52585059 -0.23651662 0.38475576
v -0.18390368 -0.17650428 0.47922108
v 0.46060854 0.15232980 -0.06420442
v 0.22448413 -0.00445483 0.33936936
v 0.32471120 -0.12135974 0.47880501
v -0.35721314 0.03950939 -0.62496126
v -0.51480085 0.21334425 0.20536090
v -0.19115639 0.06679174 -0.42015147
v 0.24298702 -0.21661127 -0.15846002
v -0.14781129 -0.22075039 0.25718373
v 0.44355625 -0.13284394 -0.43064606
v -0.09753267 -0.11760619 -0.40211973
v 0.49458292 -0.04423669 0.50289851
v -0.56106406 0.03433856 -0.09816514
v 0.78473544 0.18705647 0.37194833
v 0.58556575 -0.20726800 -0.11717691
v -0.40703401 0.39157626 0.46639231
v 0.42350060 0.20345616 0.12258453
v 0.63862824 -0.04682610 0.03491241
v -0.46143579 -0.03791820 -0.47108921
v -0.57660997 -0.01200901 -0.47424814
v 0.69758338 -0.05689099 -0.24154495
v -0.15993100 -0.14742997 0.46343982
v 0.51035279 0.05812949 -0.14456539
v -0.16397437 0.13001579 0.48516393
v -0.47417238 0.09956952 0.48905152
v 0.47473589 -0.07576057 -0.40912682
v 0.47500327 -0.23274143 -0.14691019
v -0.39976430 0.23569269 0.48231295
v 0.22169067 -0.12199540 0.36438233
v -0.00399170 -0.18973906 -0.12818478
v -0.51410002 0.10547263 -0.30722323
v 0.76433343 -0.10624881 -0.16257071
v -0.40550283 -0.13780145 0.44566739
v -0.13095762 0.24195981 0.49925697
v -0.30655205 0.10928148 -0.35058758
v 0.26171309 0.10236289 0.24347670
v -0.22303241 0.07094628 -0.45974356
v 0.82682407 -0.00570073 -0.22753896
v 0.23871456 -0.05397449 0.15557241
v 0.31791741 -0.28719816 0.29919636
v 0.25124663 0.00641088 0.22569539
v 0.78572947 -0.04254429 -0.08076035
v 0.23717256 -0.13955624 -0.07342956
v -0.63767600 -0.03126113 -0.28470939
v 0.17702258 -0.05035146 0.05692138
v -0.37703747 -0.23439968 0.35796335
v 0.29034057 0.24183145 0.47054932
v 0.04740709 -0.13671078 0.28642792
v -0.10543992 -0.12569454 -0.48025435
v 0.06909189 0.04350119 -0.21877037
v -0.16458222 0.01455199 -0.27843827
v -0.71388674 0.16444157 -0.56634349
v -0.67950898 0.27026957 -0.29227924
v 0.42798769 0.34866080 0.19345754
v -0.22061133 0.07215054 -0.38549569
v -0.14677551 -0.08340662 -0.15515834
v 0.42819366 -0.23456304 0.11489799
v -0.55594838 0.20445769 0.17602524
v -0.12726043 -0.15303080 -0.27809632
v 0.59498274 -0.01564373 0.06771390
v 0.13970344 0.05767711 -0.04487189
v -0.29560807 -0.15618019 0.47487047
v 0.26613504 -0.19162707 0.34483635
v 0.27943337 -0.22933978 -0.21051724
v -0.40185642 0.12181585 -0.32336825
v 0.76205957 0.06693296 0.33218440
v -0.21482338 -0.10219969 -0.76034689
v 0.11735398 -0.17097032 -0.33833501
v -0.43618917 -0.21957225 0.35124418
v 0.54394227 0.00780927 0.07657684
v 0.66178238 -0.08993316 -0.28096125
v -0.02425845 0.09673951 0.39770856
v -0.36950839 0.04201420 -0.32481316
v -0.33819988 0.11354072 -0.02601384
v -0.01370800 -0.01667927 0.42894700
v -0.09188437 0.02677462 -0.55709243
v 0.47943252 -0.08435498 -0.42719683
v 0.84153724 -0.07525816 -0.22257777
v -0.41817483 -0.12240403 0.10560272
v -0.30667689 -0.05310704 0.07289577
v 0.44695339 -0.25259683 0.42153081
v 0.69665021 -0.05770593 -0.19400162
v -0.15281253 -0.23152219 -0.40953863
v 0.48930788 -0.22727288 0.03725172
v 0.55175704 0.15514748 0.48036835
v -0.17621382 0.13889758 0.48139256
v -0.25518981 -0.15331814 -0.11623778
v -0.26161495 -0.15737580 -0.59207428
v -0.33387634 0.34051362 0.48532543
v -0.12227648 0.25815651 0.36915705
v -0.11695651 -0.10560916 -0.43499336
v -0.47629741 -0.08070170 -0.44369692
v 0.63088137 -0.02521791 -0.22098739
v 0.37419233 -0.06212514 -0.10739863
v 0.30807397 -0.20105951 -0.39442706
v 0.17044468 -0.23919871 -0.21047986
v -0.34161696 -0.26678333 0.41740504
v -0.35243186 0.37075135 0.35041150
v 0.67285442 -0.07194430 -0.04707688
v -0.53113890 -0.16863239 0.29516175
v -0.22894119 -0.07632511 0.49141574
v 0.25114578 0.04526881 0.38108161
v -0.11643913 -0.12554955 0.02351457
v 0.82629490 -0.05980785 -0.30585000
v -0.70772660 0.10139056 -0.55601388
v -0.37754226 0.15772627 0.48401284
v -0.43790957 -0.24638449 0.24864358
v 0.66453987 -0.06015589 -0.01889291
v 0.61651373 -0.10850167 0.02239493
v 0.81603187 0.08859354 0.00323576
v -0.18308197 0.00013901 -0.17968573
v 0.33707824 0.27011263 0.42297542
v -0.19894840 -0.11412583 -0.12559456
v 0.68363959 0.26536664 0.21371779
v -0.07294757 -0.10369648 -0.10529097
v -0.19639483 -0.23622426 -0.57817638
v -0.35805523 -0.00812220 0.47966704
v 0.18693329 0.10939831 0.38967147
v -0.58808124 0.19641770 0.25209740
v -0.61969274 0.15312321 0.09697643
v 0.09645986 -0.18474047 -0.29799965
v -0.18021575 -0.29531601 0.47052762
v -0.17153656 0.13447197 0.48364183
v -0.68391222 0.04573457 -0.35884047
v -0.72134268 0.06970863 -0.62177843
v -0.70553935 -0.04880980 -0.52490830
v 0.11382210 -0.12776721 -0.39697340
v 0.52464491 -0.06522422 0.16748115
v 0.61583960 -0.11487646 -0.32192448
v -0.00576327 -0.13902415 -0.20121476
v -0.20363751 -0.04729768 0.48144463
v 0.13804340 -0.05700348 -0.37038669
v 0.00149774 -0.11413730 -0.30031502
v -0.31455839 -0.23556264 -0.61677992
v -0.55578417 -0.09919769 -0.00100674
v 0.20023458 0.15698290 0.39220259
v 0.35141346 -0.23695275 0.18646513
v -0.06041659 0.30147460 0.44084972
v -0.42978466 -0.02736931 -0.47161859
v 0.65679759 -0.05617389 0.49315691
v -0.47151488 0.19533040 0.10416801
v -0.30219203 -0.07221939 0.03525645
v -0.13044181 -0.19496433 0.15447405
v -0.40254530 -0.01616593 -0.43426266
v 0.35522985 0.04906286 0.18243028
v 0.55669653 -0.01248626 0.09998959
v -0.50612932 -0.02513098 -0.47369224
v -0.08506148 -0.24383968 0.30423221
v -0.40987569 -0.02417282 -0.64283913
v -0.10005607 0.28864393 0.40743482
v -0.49060473 0.16282521 -0.30310708
v 0.26314354 -0.01572847 0.15643829
v 0.51054347 -0.06516799 0.20394123
v 0.83234507 0.07198213 0.02592362
v -0.07771270 -0.12476752 0.44273752
v 0.12110213 0.07111166 -0.05088133
v -0.25487790 -0.18724793 -0.24704872
v -0.21474747 -0.13165599 -0.58565700
v 0.81799942 0.23324350 0.24771278
v -0.12075277 -0.04283854 -0.45862073
v 0.48984376 -0.07055333 0.49303535
v 0.78182817 0.27046573 0.26627037
v 0.50079852 0.09292206 0.46354246
v 0.44089970 0.21175015 0.46166354
v 0.27759784 -0.16664891 0.11744371
v 0.46657869 0.16403417 0.02964527
v 0.49987400 -0.15674323 0.42694435
v 0.77634054 0.09401476 0.36708602
v 0.69892257 0.00785974 -0.11436108
v 0.50318438 -0.10603905 0.45274809
v -0.63324106 -0.03226044 -0.31784409
v -0.32606751 -0.20550999 -0.33490697
v 0.53159255 -0.22539774 0.36681056
v -0.49103442 0.18606016 0.07671650
v 0.71895921 -0.05280889 -0.27531937
v -0.63346761 0.08608461 0.38658842
v -0.52650458 -0.11489921 -0.55169493
v -0.46185386 -0.14569795 -0.57597518
v -0.62810898 0.07994388 0.40286294
v 0.67827857 0.28475213 0.25098464
v 0.49803025 0.05870508 -0.14638267
v -0.56154639 0.19921444 0.34454918
v 0.38300160 -0.34449732 0.37677753
v -0.56224740 0.18563718 0.10868836
v 0.25389767 0.14522770 0.29658160
v 0.44209784 0.14727736 0.28782976
v -0.28882304 0.17497547 0.16205952
v -0.56068105 0.11634085 -0.37408984
v -0.21462320 0.26256767 0.28574350
v -0.15496926 0.26543954 0.48614204
v 0.81172758 0.22583596 0.17826653
v -0.00875315 -0.21025135 -0.05913747
v 0.59609109 0.02786694 -0.18962042
v -0.61634731 0.04068220 -0.59753335
v 0.16383503 0.21389334 0.39423895
v -0.42735326 0.00731745 -0.42031685
v -0.15174367 0.27505460 0.48378143
v -0.46866480 0.01242429 -0.18298039
v 0.14960504 -0.19188789 0.01333391
v 0.42800340 0.26856509 0.03659032
v -0.45996231 0.05292086 -0.17443955
v -0.58292389 -0.03191011 -0.45724243
v 0.38422063 -0.33635971 0.41644824
v -0.51230305 -0.11370590 -0.28828672
v -0.07579064 -0.11877065 0.44720420
v -0.18960889 0.01549987 -0.64251006
v -0.15499233 -0.17782705 -0.43484837
v -0.27232862 -0.05636080 -0.68088323
v -0.51059920 0.17201219 -0.47323239
v -0.39558586 -0.17113535 -0.40892985
v 0.09193470 -0.23301108 -0.02845670
v 0.51477021 -0.21157195 0.07351268
v 0.86316156 -0.06721463 -0.26345712
v 0.16065505 0.09506123 0.44640490
v -0.67831284 0.00610545 0.24811433
v 0.62588626 -0.17522712 -0.15363179
v 0.72069103 -0.02762160 -0.24168110
v -0.12498910 -0.27669048 -0.51620847
v 0.02542176 -0.17453744 0.25944358
v -0.53580701 -0.10762631 -0.58464199
v 0.12162759 -0.16247863 -0.34923273
v -0.30795875 -0.25162190 -0.53838420
v 0.25857612 -0.17352961 -0.40596637
v -0.53816199 -0.10768455 -0.47603726
v -0.24746582 -0.09205519 0.16660501
v 0.25230160 -0.16297653 0.16080870
v -0.64889234 0.14394622 0.27990124
v 0.39985508 -0.23826624 -0.31702927
v -0.41897759 0.13423887 -0.39465371
v -0.20675032 -0.27742428 -0.57434070
v -0.26873624 0.03614508 -0.05943226
v -0.83876699 0.10719080 -0.33387092
v 0.66274697 0.29098144 0.41600385
v -0.22862671 -0.18399803 0.24564983
v -0.35092580 -0.14776808 -0.26414737
v 0.09805035 -0.18118532 -0.30407950
v -0.15458119 -0.18182224 -0.36700293
v 0.66325289 0.09020800 0.19515574
v 0.17289758 -0.12285306 0.05424101
v 0.25581452 -0.06871211 0.45305273
v 0.29306331 0.10340050 0.41424617
v 0.19017397 0.04926213 -0.15440531
v 0.45275387 0.19078211 0.28655735
v -0.18491063 -0.19607063 0.26850978
v -0.54675829 0.20085034 -0.30305362
v 0.46798402 0.34962708 0.16618040
v -0.35813016 -0.11548168 0.17102419
v -0.46663749 0.03035432 -0.17968823
v -0.14941844 -0.03702886 0.03385585
v -0.10751007 -0.08698773 -0.36704904
v 0.34711635 -0.23255195 0.25489807
v -0.25540316 -0.17781751 0.49880150
v 0.13567927 -0.01027946 0.15635514
v -0.16924444 -0.17765170 -0.26678881
v 0.32850513 0.20765999 0.47158706
v 0.21682382 -0.01659329 0.31131381
v -0.58687645 0.06911169 -0.05287446
v -0.25631657 -0.12508218 -0.74408704
v 0.06506149 -0.20139876 0.14892840
v 0.28757617 -0.24254012 -0.31471983
v -0.55344361 0.17518304 0.06966989
v -0.55135059 -0.07962387 -0.53021437
v 0.12121814 0.04530241 -0.25462636
v 0.26943898 -0.20793246 0.24205253
v -0.19793357 -0.28228080 0.41023728
v 0.29801908 0.01728142 0.49341789
v 0.02910839 -0.08747106 -0.30461484
v -0.71241146 0.09693941 -0.29214838
v -0.20846052 0.01989390 0.46627459
v -0.08917008 -0.14023039 0.43497771
v -0.13934773 -0.12449785 -0.54569829
v 0.66779393 0.29551333 0.28871346
v 0.63296568 -0.16188450 -0.08103396
v 0.39114410 -0.17433110 -0.12216245
v -0.04693975 0.07187869 -0.00566914
v -0.02268483 0.14014597 0.14008357
v 0.42599154 -0.37129131 0.42393950
v 0.41951084 0.31186673 0.32122093
v 0.59782004 0.02904350 -0.06353729
v 0.23269564 -0.15578546 0.33856535
v -0.52627152 -0.13413513 0.31343788
v 0.32048488 -0.05429230 0.02328608
v -0.23138469 -0.27955741 -0.43093780
v 0.67335385 -0.03069109 -0.08989453
v 0.58872950 0.06990889 0.29160178
v -0.42060682 0.13228348 -0.08923733
v 0.28438270 0.15314883 0.44465154
v -0.28998137 -0.04943667 0.06667434
v 0.01337487 0.08555420 -0.02669509
v -0.12977836 -0.05702129 -0.25161216
v 0.24807025 0.00531008 0.23036188
v -0.17603576 0.28824559 0.45234472
v 0.00811518 0.12352536 0.21264917
v -0.56284398 -0.11596029 -0.45073569
v 0.18688032 0.30984244 0.41873345
v -0.10531823 -0.15283254 -0.39178810
v -0.11848773 0.10627494 0.48543465
v -0.51072657 0.13848497 -0.37541240
v -0.30859846 -0.27406469 0.46105465
v -0.29298854 -0.17200495 -0.16453616
v 0.69878036 -0.08845241 -0.11715875
v -0.25458393 0.06827118 -0.60561341
v -0.79176682 0.05979449 -0.60070461
v 0.76856524 -0.10488936 -0.21395516
v 0.03065818 -0.06223327 -0.28232926
v 0.53864747 -0.17907909 0.09547466
v 0.55221516 0.03807091 0.00251190
v -0.44198492 -0.06815838 -0.20509522
v -0.08994990 0.15461111 0.22630085
v -0.76766288 0.10829859 -0.40752605
v -0.06253844 0.28769046 0.49506524
v 0.72810018 0.03815475 0.12408852
v 0.78514576 0.02136471 -0.08017717
v 0.30413711 0.26347542 0.41803497
v -0.17755762 -0.08014653 0.49953231
v 0.66766161 -0.07228120 0.40066364
v -0.29355192 -0.05000690 -0.65657675
v -0.17043047 -0.19854276 0.24449432
v -0.30278209 0.10302172 0.48686069
v -0.42288041 -0.17947216 -0.46451095
v -0.08278412 -0.24057184 0.29138416
v -0.06887022 0.14703703 0.46550986
v -0.59717149 -0.27899572 0.42116514
v -0.28734764 -0.21087673 0.30841675
v -0.36048511 0.02920668 -0.31552890
v -0.44768509 -0.19469586 0.15693451
v -0.35065448 0.08835492 -0.45931721
v 0.24467875 -0.20873171 -0.37432572
v -0.45479321 -0.13616242 0.12247188
v 0.33430794 -0.03124403 0.01540917
v -0.15386485 -0.23366949 -0.39618006
v -0.32011238 0.10382385 -0.08151227
v -0.05288774 -0.15596195 0.38095617
v 0.56764072 -0.03216827 -0.33300516
v -0.50155693 0.18647461 -0.32257843
v -0.40784845 0.27027148 0.26809162
v -0.34073085 0.16502067 0.48053631
v -0.22516111 -0.21517147 0.34375340
v -0.47015139 -0.11907230 -0.08357794
v -0.31995702 -0.12886691 -0.61855209
v -0.63000697 0.12042443 0.37365833
v 0.05735613 0.02913079 -0.23121271
v -0.76252967 0.04368455 -0.36471188
v -0.02620364 0.24938717 0.37492371
v -0.38118726 0.02285784 -0.44661817
v 0.33881640 -0.34383386 0.39020380
v 0.50152612 0.04484341 -0.27294472
v -0.44039914 -0.16768821 -0.51595086
v 0.75824386 -0.10327607 -0.22308336
v -0.04551277 -0.15282968 -0.66577303
v -0.81577462 0.15010068 -0.40855932
v -0.76762813 0.08077696 -0.30801198
v -0.44826570 0.20701110 0.44726706
v -0.57047760 0.00175590 -0.29030696
v 0.64872169 -0.10260972 0.49258441
v 0.55542678 -0.09516274 0.30038598
v -0.27107701 0.03375997 -0.05312675
v 0.04437171 -0.11886396 -0.34793174
v -0.33758324 -0.23604932 -0.63294035
v 0.22701867 -0.21017183 -0.36573827
v 0.23345952 -0.12012457 0.39668018
v 0.44045678 0.04728445 -0.12149847
v -0.31468245 -0.07633397 0.04452379
v -0.24850869 -0.17889556 -0.20164618
v 0.00375947 0.14898880 0.36238274
v -0.25781801 -0.22640987 0.34409913
v -0.05687750 -0.01409769 -0.41626292
v -0.11353551 0.14636204 0.19228303
v -0.11705723 -0.21639021 0.17210054
v -0.00189322 -0.18252775 0.27924520
v -0.25306895 -0.26241356 0.39314249
v -0.57009900 0.20379841 0.28824037
v -0.78840244 0.05690583 -0.61252213
v -0.62223452 0.11022481 -0.38477176
v -0.71417499 0.09839205 -0.63154691
v 0.40613478 -0.23407400 0.16753007
v -0.29165819 0.06464170 -0.26588380
v 0.44359884 0.19588636 0.10805574
v 0.58377600 -0.01378979 0.08156266
v 0.31000286 -0.02307270 -0.15833744
v -0.42296714 -0.17614543 -0.50300390
v -0.27033591 -0.02650319 0.06322695
v 0.16548668 -0.13614412 -0.40067935
v 0.51530081 0.26961526 0.42618990
v 0.55523175 0.05716598 0.26989573
v 0.80023360 0.08655145 -0.01696206
v -0.69330412 -0.00964681 -0.29465213
v -0.15689346 -0.03129862 0.49719888
v 0.28123945 -0.16760615 0.11298206
v -0.59833580 -0.03272340 -0.34532186
v -0.01832533 -0.22199839 0.10347033
v 0.50937814 0.04544843 0.26800412
v 0.54897213 -0.17553656 -0.33582780
v 0.71780574 -0.03960724 0.42993811
v -0.34057307 0.05240840 0.47810751
v -0.58907771 0.04824909 -0.58621413
v 0.49054357 -0.27578330 0.38997811
v -0.34624487 -0.11330762 0.48552257
v -0.14891890 -0.23807171 -0.40916780
v 0.13677773 0.03459397 0.06148276
v 0.52191794 0.00385967 0.19306409
v 0.00095420 0.08735454 0.36374640
v -0.03566254 -0.15326661 -0.11606270
v -0.33491087 -0.04764411 -0.64342344
v 0.73523355 -0.06361691 -0.02870265
v 0.10026734 0.06731570 -0.13723888
v 0.21550018 -0.01101472 -0.08673315
v 0.43202707 -0.13027941 -0.44769096
v -0.03117490 -0.18560541 0.30429655
v 0.49378827 -0.22084560 0.24903898
v 0.54886031 -0.22288279 -0.06919363
v -0.57585341 -0.02466629 -0.07328475
v -0.09435279 -0.17118396 -0.65048969
v -0.41987848 -0.04911692 -0.32270634
v -0.61513066 0.18963532 -0.29845545
v 0.70716888 0.00403499 0.34397975
v 0.32042405 0.02476489 -0.20800632
v 0.43893677 0.04842516 -0.10778199
v 0.45238551 0.20248318 0.36464006
v 0.53322792 -0.21260011 0.04465083
v -0.11460707 0.03539852 -0.58954698
v 0.47787660 0.06273439 0.26644894
v -0.17719740 0.06468682 -0.36204600
v 0.62766039 0.13460037 0.49368736
v 0.29919788 -0.24099784 -0.29303980
v 0.73766488 -0.00954658 -0.35267040
v 0.41990158 -0.23551269 0.13994789
v 0.06607635 -0.13960575 0.25613749
v 0.29245165 0.14294286 0.44008741
v 0.64900607 -0.11889113 -0.07013249
v -0.03511348 0.01361588 0.45724565
v -0.57108003 0.18581402 0.11366730
v -0.55289876 -0.06855424 -0.60086566
v 0.68385714 -0.02703403 0.38622278
v -0.36684993 0.14731687 -0.33084676
v 0.54693955 -0.20595400 0.41822833
v 0.21011275 0.27788138 0.39681265
v -0.21748057 -0.04060828 0.09584460
v 0.47126487 0.24962339 0.29445475
v 0.34653699 -0.10939514 -0.02397426
v -0.32808170 -0.09657610 0.17244776
v 0.54032314 -0.22203644 -0.04861995
v 0.54237944 0.03413517 -0.27093840
v -0.67336845 0.20986378 -0.54995131
v 0.55500442 0.01335440 0.05405868
v -0.19546442 -0.06798334 0.10256482
v -0.56561410 0.11022869 -0.38381281
v -0.00137316 -0.02738880 -0.58657521
v -0.31686240 0.09450984 -0.54390776
v 0.80781716 0.03229408 0.12761252
v -0.06073141 0.02248982 -0.46353078
v -0.00280268 -0.20395526 -0.09671628
v 0.78007585 0.26845518 0.24373108
v -0.16415639 -0.19920970 -0.39869770
v -0.61944294 -0.27244911 0.44583395
v -0.29264513 0.00187074 0.06500544
v 0.59326375 0.26069322 0.46944559
v -0.15162040 -0.28411999 0.39615047
v -0.22356977 -0.05862170 -0.62224209
v -0.01909470 0.06351118 -0.06745214
v -0.12412887 -0.31231499 -0.49764553
v -0.17969674 -0.08950057 -0.09945254
v 0.47994363 0.04126082 0.08435856
v -0.33554366 -0.07706837 0.14955860
v 0.74622130 0.26580921 0.20445843
v -0.46655214 -0.17596626 0.13453296
v 0.70494366 0.00873442 0.33013466
v 0.40355089 0.04932565 -0.24203721
v 0.73454130 0.18272835 0.44136217
v 0.35571998 -0.23509160 0.15803745
v -0.46129876 0.28434610 0.31735763
v -0.05325230 0.25345722 0.32943839
v -0.25077567 -0.22815748 0.35015020
v 0.22798808 -0.23647435 -0.20695169
v -0.30669671 0.02830444 0.02788105
v 0.22772518 -0.11918329 0.38468528
v 0.74355274 0.27822372 0.24868265
v 0.55813396 -0.22305752 -0.14571175
v -0.64355516 0.17821555 -0.49681973
v 0.03750245 0.06780283 0.32855386
v 0.15854235 0.05288399 -0.07937124
v 0.04048363 -0.22528157 -0.09038735
v 0.16422626 0.17453787 0.42921555
v -0.64076942 0.10606586 0.36799592
v -0.22777596 0.07315202 -0.51649475
v -0.13900240 -0.06297594 -0.48378715
v -0.38959283 0.13942841 -0.30025092
v -0.46477768 -0.11643062 -0.27960786
v -0.04112526 -0.06526574 0.44825020
v -0.50567657 -0.14658518 -0.45738232
v -0.42058530 0.08029784 -0.33297947
v 0.62932199 0.02638838 0.48888382
v -0.59520805 -0.09468208 0.33107331
v -0.24340640 0.07398061 -0.56298667
v 0.60620874 0.06403184 0.50211203
v 0.24665616 -0.22895889 -0.18532589
v 0.81207013 0.00894762 -0.03197756
v -0.43732610 -0.12427735 -0.28720081
v 0.28948236 0.11552178 0.41034764
v -0.22395082 0.07312705 -0.46247572
v -0.00931371 0.00584303 -0.48157334
v -0.59686524 0.07411784 -0.38230497
v 0.32354102 0.04611950 -0.29839596
v -0.33707985 -0.07285780 0.49764168
v -0.24813296 0.08816812 -0.63046199
v 0.14944899 0.19492774 0.40107813
v -0.00485042 0.22806428 0.33083937
v -0.63686150 0.23228480 -0.32009959
v -0.52183247 0.22090790 0.28823724
v 0.53562075 0.02067157 0.26980388
v 0.24789061 -0.04008940 0.44669119
v -0.28894651 -0.16244690 -0.59674340
v -0.66802984 0.01031478 -0.36807191
v -0.25535789 0.26258430 0.40668216
v 0.63020968 -0.02695437 0.49211031
v 0.34217793 0.02588645 -0.37390763
v -0.27941540 0.07080986 -0.62213689
v -0.08481856 -0.24376547 0.30535659
v 0.24361004 -0.17741282 0.32824042
v -0.21189898 0.03504900 0.13278368
v 0.54736966 -0.17209217 0.31391406
v -0.54420948 0.09739977 -0.49117380
v -0.37780011 0.31379870 0.49735314
v -0.55060172 0.13048975 -0.03488783
v 0.80119282 0.12472231 0.31818604
v 0.46844772 0.12470860 0.46869656
v -0.21459757 -0.28454337 -0.44134474
v -0.83393651 0.06583466 -0.32076514
v -0.34121966 -0.19334011 -0.32300118
v 0.10812123 -0.17036623 0.13354154
v -0.11877467 0.14839272 0.47448927
v 0.57400328 -0.11997067 -0.37528872
v -0.65350753 0.13800201 0.16134922
v 0.80586344 -0.03297604 -0.35037798
v 0.15747936 -0.16610555 -0.36834320
v -0.59920031 0.18413326 0.16781470
v 0.83015960 0.12268772 0.05122864
v -0.73034644 0.20136479 -0.31966755
v 0.51033020 -0.23500942 0.40352646
v 0.37341848 -0.19967683 0.02121674
v -0.25997955 -0.26260668 -0.41806015
v -0.33302471 -0.15458231 -0.60549325
v -0.45049745 -0.00218614 -0.41166821
v 0.23075199 -0.01454318 0.40012753
v -0.68203813 0.01174982 0.19006287
v -0.59021240 0.15569323 0.40266004
v 0.63076389 -0.01598202 0.04964774
v -0.20766355 0.22207890 0.23300907
v 0.59319985 -0.20414248 -0.10816462
v -0.47765088 0.28219566 0.32973611
v 0.56455994 -0.13751408 0.09873674
v 0.43388444 0.01159268 -0.37663758
v 0.51690167 0.05740598 -0.13912518
v 0.14087984 0.01370442 -0.32659188
v 0.08956419 -0.21304506 0.08180390
v -0.51223785 0.07037498 -0.60485685
v -0.13303965 -0.12716360 -0.20205845
v 0.26518264 0.12864469 0.42230120
v -0.53823328 -0.15010379 0.12721543
v 0.74194175 0.06517929 0.28433067
v -0.09531368 -0.12024546 -0.38466656
v -0.54339576 -0.15216289 0.13128325
v 0.69662184 -0.08886307 -0.21410248
v 0.40770629 0.20440799 0.07518730
v 0.54957134 -0.19152188 0.06287840
v -0.23388380 -0.07205260 -0.69342881
v 0.32539877 0.25650498 0.40271091
v -0.52535021 0.06775461 -0.48781815
v -0.68889093 -0.24414690 0.45546326
v -0.17419340 -0.10501138 -0.11854122
v 0.41545254 0.29915026 0.45349932
v -0.23250353 -0.05239251 0.12055353
v -0.60900420 -0.10974206 0.45140663
v -0.40481079 -0.19373074 -0.56336260
v -0.53671342 -0.07943659 0.44342366
v 0.21364103 0.19320893 0.39392090
v 0.54600090 -0.03964287 0.48371142
v 0.26682884 -0.23866099 -0.32616615
v 0.41608176 0.03352201 -0.08235184
v 0.67472219 -0.08324543 0.42788708
v -0.72993928 0.11036874 -0.56716865
v -0.26713967 -0.23844296 -0.60716724
v -0.66056687 -0.19393057 0.36686584
v 0.43517050 0.18550624 0.07345388
v -0.05876590 0.08422542 0.45459089
v 0.03451730 -0.19577195 0.20449357
v 0.53796548 -0.22653946 -0.16582586
v -0.08798403 -0.06843448 -0.13581616
v -0.57311684 -0.06358666 0.43157133
v -0.29105270 -0.26182547 -0.67556053
v -0.14590470 -0.03227761 0.49972969
v -0.17592368 0.20717946 0.47286779
v -0.58938098 0.00686169 -0.05595630
v -0.02344882 -0.14421718 -0.15272303
v -0.63642561 -0.02721128 0.36693832
v 0.23769614 -0.17271575 -0.09687955
v 0.66379815 -0.09826431 0.42923683
v -0.41339365 0.41029847 0.42598140
v -0.50116009 -0.12031703 -0.29903460
v 0.47771910 -0.21643442 0.30448908
v 0.64743602 -0.07192402 -0.29482567
v 0.26563698 -0.02763199 -0.41116840
v -0.52937275 -0.09504870 -0.54447675
v 0.61492747 -0.11347740 0.38290840
v 0.80159760 -0.01657264 -0.00015556
v 0.17480545 0.30628905 0.45776570
v 0.58589858 0.01312111 0.00180572
v 0.58216166 -0.18265359 0.44369811
v -0.41163546 -0.13837697 -0.08876301
v 0.26835108 0.07470829 0.40067226
v 0.25182208 -0.05085537 0.13731554
v 0.52899241 -0.04614826 0.29602155
v -0.63296634 0.04843348 0.40439373
v 0.16809933 0.02061526 -0.02446785
v -0.07371943 -0.18133835 -0.70209998
v 0.15600194 0.00688207 0.06099142
v 0.92749840 -0.03577213 -0.24723099
v -0.68229240 0.16331950 -0.53342861
v 0.74694133 0.01146252 -0.12155499
v -0.62622184 -0.07689520 0.31414613
v 0.06937233 -0.02794986 0.31362200
v 0.24422126 -0.10637229 -0.45201129
v 0.75501889 0.16197175 0.41500777
v -0.39417219 -0.23372433 0.36499560
v 0.34736994 -0.16249236 0.44177359
v -0.36452767 0.02657341 -0.27424583
v -0.16340649 0.16799629 0.46485224
v -0.00943846 -0.10345545 0.39018017
v -0.78709477 0.02302182 -0.26316774
v -0.38619438 0.32104886 0.49735588
v -0.55406743 0.14032060 -0.54891258
v 0.84656715 0.09759818 0.12624590
v 0.27170363 -0.15363380 -0.41941762
v -0.02437572 -0.02525780 -0.58573049
v -0.05486548 -0.02583262 -0.57467544
v -0.25163990 -0.25202432 -0.36344776
v 0.75736076 0.17946158 0.06418727
v -0.54723847 -0.09885838 -0.02412343
v 0.15697850 -0.23371434 -0.12234783
v 0.67878157 -0.03353779 -0.00200543
v -0.74000394 0.12851903 -0.63304490
v 0.41012973 -0.21722968 -0.36908683
v -0.06440655 -0.19547386 0.34308538
v 0.33953753 0.10100380 0.21344861
v -0.06063394 -0.01862176 -0.44323191
v -0.04728532 -0.14504983 -0.66745573
v -0.15719582 0.06213314 0.49172825
v -0.22658519 -0.27723819 -0.41767088
v 0.40334669 -0.19010258 -0.40077448
v 0.05950943 -0.05898112 0.32152647
v -0.02558491 -0.01237704 -0.17076223
v -0.21083210 -0.28761986 0.49170798
v 0.55493736 -0.03503495 0.15789726
v -0.12111363 -0.28185719 0.39883450
v -0.28775039 -0.14750715 0.47439975
v 0.82600707 0.00401449 -0.24992327
v 0.84646231 0.10997000 0.15887657
v 0.32941419 0.04788884 -0.29091161
v -0.27708024 0.26605514 0.26981458
v 0.24260485 0.23010430 0.45732510
v 0.49444598 0.05895852 -0.14266039
v 0.24179859 0.07286976 0.36789718
v -0.63943243 -0.06071228 0.09217158
v -0.19878462 0.16839623 0.20878598
v 0.31967229 -0.18504466 0.40511006
v 0.22349036 -0.12423131 -0.04770428
v -0.15471107 0.03989233 -0.51937824
v 0.80105370 0.07335521 0.25472078
v 0.40991375 0.14751291 0.50111413
v -0.57159239 0.01060935 -0.48537984
v 0.64159739 0.12270256 0.50035578
v -0.10616639 -0.10775398 -0.67285258
v -0.17893009 0.05669502 -0.57226408
v 0.41015872 0.05044267 0.48801851
v -0.10860239 0.03110602 -0.40788043
v 0.33685061 -0.11731122 -0.47033975
v 0.43338791 0.02369397 -0.36364689
v -0.66641790 0.01951357 0.32095104
v -0.75034136 0.15242791 -0.42224360
v -0.25047809 0.18752621 0.18905362
v 0.61140466 -0.19086155 -0.09811851
v -0.08612226 0.17025979 0.30089188
v -0.74127924 0.13363618 -0.41512257
v 0.29045513 0.16002502 0.44805205
v -0.02183845 0.14254667 0.41744304
v -0.63331038 0.05939748 -0.27748847
v -0.40141180 0.11052607 -0.59164232
v -0.09324933 -0.11733553 -0.33067402
v -0.47602078 -0.11931769 -0.07553504
v 0.65253204 0.08383864 0.30295277
v -0.49538511 0.13582554 -0.38281789
v 0.50431812 -0.20849690 0.10383341
v 0.41350815 0.28063029 0.15275119
v 0.38049889 -0.33444560 0.41282859
v -0.63475186 0.14966580 0.13712828
v -0.38726273 -0.22402653 0.22076990
v 0.59258729 0.03866544 0.31724435
v 0.38065758 -0.22792710 0.37815648
v 0.34208074 -0.18957528 0.39906323
v -0.51847118 -0.05638058 -0.45140991
v -0.48633128 -0.09868037 -0.42076805
v -0.09792554 -0.14214246 0.43987679
v -0.35785994 -0.15116130 -0.10492287
v -0.14216095 -0.09249834 -0.13613416
v 0.13116695 0.19161449 0.46340594
v -0.40517214 0.23806952 0.14324081
v 0.01719659 -0.15961546 -0.21443219
v -0.42125964 -0.11615016 -0.61935341
v -0.05071612 -0.05683358 -0.16128419
v 0.02345445 -0.00381959 0.38611707
v -0.77023804 0.08388937 -0.30916601
v 0.70131284 -0.04844944 -0.23639941
v 0.26549307 -0.16972558 0.38788581
v -0.05330189 -0.11902535 0.42368534
v 0.02187007 0.05705484 -0.14026502
v -0.66682935 0.02360545 -0.47559875
v -0.40064120 -0.25391504 0.40737745
v -0.35677594 -0.15066354 -0.22603802
v -0.44917750 -0.17045702 0.14082053
v 0.33841333 0.07825208 0.50140762
v -0.50350797 0.21984382 0.25604093
v -0.08079708 0.18386342 0.31614554
v -0.50943244 0.30341560 0.40408596
v -0.16446395 0.30503455 0.39136219
v 0.03736741 -0.11973075 -0.32382047
v -0.15202667 -0.17588370 0.14874984
v -0.03476926 0.21883433 0.49857426
v -0.66051340 0.10638569 0.13154201
v -0.59204829 0.05156796 0.44723639
v -0.12352039 -0.01567619 -0.57343888
v -0.40796196 -0.14564519 0.43386236
v 0.69291526 -0.04195461 -0.16678983
v -0.26492307 0.07175519 -0.13461049
v 0.52592486 0.03487707 0.04733745
v -0.45614627 -0.00286321 0.49764985
v -0.44588941 0.06458251 -0.47181138
v 0.48376107 -0.04289360 0.50259525
v -0.38701990 -0.14527032 -0.16157179
v -0.04056031 -0.20817453 0.00560114
v -0.18640664 0.25413525 0.28392187
v 0.32888323 0.14380896 0.19968042
v -0.35848880 -0.12301584 0.47475919
v 0.17659420 -0.04062592 -0.38931987
v 0.79928231 0.09183013 0.29425141
v 0.60113102 -0.13979532 0.03433255
v -0.63904291 -0.16613322 0.35596442
v -0.55845600 0.15470862 -0.54413342
v 0.09757859 -0.23413406 -0.03550200
v 0.38481435 -0.23494807 0.10404240
v 0.77156734 -0.08041508 -0.10732120
v -0.59808731 0.21546626 -0.31868002
v 0.39397204 -0.27254480 0.32328418
v 0.19447805 0.01213385 -0.07699551
v 0.29845357 0.27291542 0.45437506
v -0.28998429 -0.24237655 0.33666533
v -0.31798923 0.10060732 -0.12105519
v -0.28020903 -0.00373150 0.03718644
v -0.54453671 -0.11764577 -0.57676882
v -0.44767097 0.17061409 0.46404147
v -0.55529571 -0.09219348 -0.49001747
v -0.49976382 0.32114244 0.36024556
v -0.03144038 -0.02082603 -0.54856730
v -0.74457741 0.19821054 -0.32146761
v -0.51491731 0.02751439 -0.62908089
v -0.37234378 -0.25980166 0.43282488
v -0.21653678 0.10249931 0.49593398
v -0.33182847 -0.25694636 -0.62528127
v 0.31688538 -0.28432998 0.29551762
v 0.35122028 0.26232171 0.34729668
v 0.02879493 -0.16604699 -0.23313510
v -0.40323600 -0.19519159 0.45019788
v -0.05480674 0.08155221 0.03207679
v -0.41664618 0.12416606 -0.10702363
v 0.36857319 -0.13464065 -0.12802222
v -0.17322090 -0.10960253 0.49938110
v -0.35180199 -0.18708579 -0.37201893
v 0.24288441 0.01135680 0.26646146
v -0.04184462 0.11072087 0.10961265
v -0.53118706 0.21364121 0.21809709
v 0.59809875 0.24911103 0.26977980
v -0.64800245 -0.08069797 -0.47178033
v 0.68297273 0.02468837 -0.00083556
v 0.38726825 0.28059989 0.38858756
v 0.13440767 0.06551157 -0.06377999
v -0.11157900 -0.10237671 -0.24423426
v 0.54429162 -0.22595549 -0.15064219
v 0.40130383 -0.23176824 -0.23969372
v -0.45009711 0.08379319 -0.39246598
v 0.35072631 0.24897046 0.34173089
v -0.77135259 0.25467744 -0.34493443
v -0.36277431 -0.12578057 -0.29277286
v -0.31230870 -0.20641051 -0.34743488
v 0.69560605 -0.01081383 -0.13823892
v 0.20148674 -0.13035326 -0.42672804
v -0.29847413 -0.17095746 0.48331827
v 0.26672110 0.28147173 0.45744702
v -0.31615451 -0.24402545 -0.52136827
v 0.34542456 -0.14656633 -0.43241107
v 0.75298864 0.06252970 0.31172296
v -0.22792198 -0.10500344 -0.71456099
v 0.38483208 -0.02306257 -0.08902068
v -0.05822837 0.06481776 -0.00695915
v 0.27972260 -0.07365185 0.07806747
v 0.55527538 -0.17125951 -0.32955357
v 0.38492408 -0.29298022 0.34194618
v 0.71307176 0.01332568 0.07318924
v 0.73930854 -0.00964327 -0.28444976
v -0.78470677 0.18755369 -0.33627334
v 0.68146592 0.07525948 0.08668555
v -0.42854795 0.09465832 0.49799278
v -0.17570177 -0.21745785 -0.49661353
v 0.04122052 -0.22164652 0.10322733
v -0.16108975 0.01941905 -0.31170213
v -0.71861994 0.15814939 -0.30786157
v -0.55752426 -0.16597338 0.35867444
v 0.50044370 -0.21684137 -0.31081834
v 0.41720635 0.25480211 0.03211452
v 0.47252870 -0.23237516 -0.14140251
v 0.48461577 0.25390121 0.26218683
v 0.40339306 0.21831295 0.10317849
v -0.32142591 0.10637756 -0.47120872
v -0.75827610 0.17722125 -0.42387551
v -0.11876485 -0.07746666 -0.09233095
v 0.28968537 0.19865464 0.45861393
v -0.25641471 0.02819809 -0.64129925
v -0.52544397 -0.03574649 -0.12861347
v 0.44664773 -0.35318843 0.43025041
v -0.54897857 0.17509530 -0.35919297
v -0.39903644 -0.02778516 -0.25665981
v -0.59804535 0.10467276 -0.38441625
v 0.64298320 0.25562832 0.23254125
v -0.61246872 0.00087795 -0.48161837
v 0.79314673 0.26138598 0.24837412
v -0.06952028 0.24567506 0.37460017
v -0.66734564 0.11759450 -0.28639609
v 0.26305485 -0.10383455 -0.45436907
v 0.20367402 -0.05748001 0.31571770
v -0.18416367 -0.21068187 -0.50892371
v 0.68458402 0.05414948 0.48942110
v -0.35420725 0.37749240 0.46177754
v 0.72740859 -0.00525376 0.40184602
v -0.49021500 0.05519355 -0.39806935
v 0.04605073 0.03776445 0.34492862
v -0.47165644 -0.23083381 0.40000436
v 0.16456017 0.27309906 0.41041800
v 0.21219930 -0.11806522 0.31640217
v -0.71527189 0.20559084 -0.61444849
v 0.75801951 0.08951207 0.40492749
v -0.49663088 0.32418618 0.35452899
v 0.15948907 -0.03765568 -0.37703088
v -0.59224898 -0.10325675 -0.45550343
v -0.03080299 -0.13295560 -0.15451597
v -0.67840034 -0.00202673 0.17764385
v 0.11041018 -0.14240734 -0.35597083
v 0.80197310 -0.05141457 -0.32785854
v -0.49211171 -0.10936037 -0.42058253
v -0.57473779 0.11782784 -0.02757623
v -0.24238877 0.06082850 -0.23044845
v -0.29284602 -0.14193040 0.47557309
v 0.59835494 0.29904214 0.36087656
v 0.50919175 0.25570318 0.34062997
v 0.27823123 0.00166007 -0.39349991
v 0.59539318 -0.01226035 -0.28328508
v -0.42664063 -0.17491281 -0.53871316
v 0.65129292 -0.09889404 -0.05450138
v 0.07109462 -0.05989037 -0.32121047
v -0.60021275 0.16200659 0.08468267
v 0.21035138 -0.23879528 -0.26922363
v 0.78298807 -0.10428070 -0.18909664
v 0.66328573 -0.07907934 -0.27695662
v 0.30717006 -0.23732643 0.32957500
v -0.47096190 -0.11790640 -0.09099097
v -0.19920088 0.06947388 -0.37499100
v 0.35908139 -0.20782374 0.05526311
v 0.39197451 0.03925054 0.05463740
v 0.17924429 -0.12369268 0.04223547
v -0.24907102 0.08207408 -0.44329941
v -0.58074945 -0.02322221 0.44404641
v -0.26635495 0.09011749 -0.38796300
v 0.02055291 0.21341425 0.39128369
v -0.64487118 -0.05042300 -0.50768030
v -0.34915951 -0.01015720 0.47877946
v 0.46063638 0.15815341 0.03287048
v 0.53978837 -0.10591953 -0.42688635
v -0.31128746 -0.04438944 0.48515248
v -0.25562710 0.15713368 0.48124206
v 0.72497594 -0.04735585 0.48343793
v 0.17236571 -0.08850437 0.07432441
v 0.39784610 -0.17926836 -0.11219153
v -0.29740593 0.07490248 -0.31652653
v 0.46888143 -0.23063315 -0.29170263
v -0.82951617 0.11323833 -0.34956387
v -0.03574135 -0.16310304 0.35260829
v 0.31695017 0.09793141 0.21559548
v -0.14596473 -0.27166238 -0.58114612
v 0.47897312 -0.06277817 -0.40085062
v 0.16631047 0.05940990 -0.14063081
v -0.39757678 0.02044425 -0.23763850
v 0.83980334 0.14366648 0.22639896
v -0.23389122 -0.21678624 0.49991849
v -0.63095331 -0.01920975 -0.52805096
v 0.65727431 0.27210921 0.24145675
v -0.14340858 -0.16594930 -0.29220009
v -0.03774176 -0.14277939 -0.67857170
v 0.84443551 -0.03854208 -0.32364908
v -0.09739498 -0.03782764 -0.48388278
v 0.15675704 -0.12259109 0.09556121
v 0.51800877 0.05756865 -0.04053035
v 0.03309974 0.09839895 0.03461432
v 0.62622726 -0.01657587 -0.01436451
v -0.21953872 -0.13647681 -0.12940055
v -0.14664039 0.29995078 0.45570680
v -0.15796910 -0.12897934 0.48375347
v -0.60799575 -0.03935295 -0.33361009
v 0.76642585 0.14929701 0.39691156
v -0.54076350 0.16212270 0.43746588
v 0.06794322 -0.23146246 -0.01208461
v -0.45009753 -0.12146220 0.44031757
v 0.15841496 -0.03072041 0.10353390
v -0.34841001 -0.11571481 0.48327363
v -0.21947493 0.07843997 -0.32640612
v -0.24072102 -0.20347045 -0.30773962
v 0.54529190 -0.05557227 0.31130505
v -0.10296027 0.00932328 -0.33725840
v -0.50424731 0.18651366 -0.30514997
v -0.01217254 -0.22144824 0.10953449
v -0.42879865 0.11863291 -0.45792019
v -0.05998636 -0.10483453 -0.17177178
v 0.48335630 0.05205211 0.03829142
v 0.00084297 0.15323642 0.38913298
v -0.67356575 -0.01855619 -0.28617659
v 0.38844016 0.00645659 -0.39372051
v 0.30532742 -0.19573145 -0.39863250
v -0.53170252 -0.20908177 0.21533173
v 0.52443576 -0.03652419 0.20328201
v -0.18111666 -0.25481573 -0.35538366
v -0.37505525 0.08700007 -0.42958167
v 0.20921062 -0.03242562 -0.05441968
v -0.68829399 0.20294005 -0.56044233
v -0.45950931 -0.00095781 -0.64048427
v 0.69437814 0.05883432 0.48696896
v -0.43849224 0.42745829 0.35930094
v 0.44190088 -0.23158047 0.12717138
v -0.15844108 -0.23648873 -0.35843584
v 0.48386621 0.22207402 0.16563758
v -0.61370927 -0.08250214 0.07255173
v 0.25233731 0.04869400 0.38060483
v -0.24149720 -0.13024127 -0.74284613
v -0.44209751 -0.01601759 -0.20940319
v -0.21275073 -0.20955519 0.50015777
v 0.31404766 -0.10627751 0.48186344
v -0.57238382 -0.12000550 0.28332677
v -0.36613944 0.39897114 0.40236598
v -0.15883330 -0.22157012 -0.41459134
v -0.34090635 -0.22022003 -0.49416214
v -0.09443922 -0.11335290 -0.36646056
v -0.46317488 -0.01926934 -0.40679324
v 0.57485825 -0.15595119 0.37116197
v -0.70006996 0.07678977 -0.37088791
v -0.14042604 0.00678790 0.49869072
v -0.34695068 -0.08791558 -0.63880473
v -0.59539205 0.06693998 -0.50566000
v 0.82793933 -0.07193781 -0.18623412
v -0.12220953 0.29310402 0.40078938
v -0.62481153 -0.09003421 0.25996476
v 0.71373028 0.02968734 0.09565607
v -0.20744050 0.05724626 -0.30705640
v -0.39768857 -0.06946352 0.49601293
v -0.17832415 -0.15944532 -0.52212864
v 0.70199829 0.06729354 -0.02631182
v -0.55631363 0.02844440 -0.49331954
v 0.26505435 -0.05615559 0.10917927
v -0.04839127 0.26002452 0.39667326
v -0.33249894 0.37836021 0.42480966
v 0.23129311 0.00993009 0.35037166
v -0.47551575 -0.11917024 -0.07673118
v -0.45877770 -0.02426470 -0.32084468
v -0.30427146 -0.20034975 0.28101799
v -0.03990908 0.02466441 -0.10297569
v 0.67916590 -0.10210522 0.48464829
v 0.27555344 -0.23880915 0.32455587
v -0.16081227 0.14382900 0.18301682
v 0.67614782 0.24542229 0.46103629
v 0.46213722 0.19147199 0.38529652
v 0.49956921 0.04186362 0.26595891
v -0.02602892 0.08678610 0.02171861
v -0.65358829 -0.06255464 0.20724961
v 0.72354472 0.22947547 0.13894878
v 0.44378492 -0.22742920 0.19009095
v -0.06571963 0.07311296 0.47039291
v -0.14325088 -0.11009882 -0.54011172
v 0.84229463 0.15322086 0.21824090
v -0.46032691 0.03715147 0.49763080
v 0.39440361 0.23402709 0.07722715
v 0.67295295 0.00290534 -0.01470289
v -0.45026612 0.02929989 -0.41163570
v -0.44824991 -0.05465290 -0.20120074
v 0.17259040 0.13753028 0.41092598
v 0.26566845 -0.19300473 0.33965451
v 0.34843844 -0.24613877 0.36987153
v -0.51521617 0.23448384 0.34162775
v -0.51151294 -0.08946302 -0.42187908
v 0.67462796 0.29118320 0.27273226
v -0.07895540 0.11548535 0.12638174
v -0.48160300 -0.04123408 -0.37656808
v 0.50550854 0.06575418 0.29480156
v -0.52382898 0.12725584 -0.36593980
v 0.07465216 -0.23434554 -0.04724659
v 0.27716133 -0.20991358 0.20970969
v -0.25705227 -0.06618841 -0.70175600
v -0.54909354 -0.13093708 0.44121289
v -0.07020414 -0.21321847 0.18077515
v 0.40307212 -0.19197744 -0.13180394
v -0.29357329 -0.17696363 -0.59170902
v 0.30090511 -0.31184122 0.39400628
v -0.39240751 -0.08458094 -0.26602477
v -0.44603515 0.01414267 -0.41384205
v 0.12203655 0.05731463 -0.20405187
v -0.69779223 0.08962806 -0.55870318
v 0.44591212 0.18385330 0.08764599
v -0.52799618 0.10395364 -0.54660195
v 0.62740469 -0.17247498 -0.10977242
v 0.53252941 -0.22875695 -0.16368459
v -0.08812149 -0.17481221 0.38937110
v 0.19516276 -0.24048659 -0.22490270
v -0.32439879 0.04481039 0.45880526
v 0.86875761 -0.01569947 -0.18428904
v -0.53668928 -0.10860710 -0.00865422
v 0.38760811 -0.16285953 0.43696827
v -0.01156836 -0.02950143 -0.56534547
v -0.26941234 -0.23626919 -0.65600699
v -0.26164913 -0.24888393 -0.36133847
v 0.52213740 0.24051242 0.12043624
v 0.62495863 0.00384709 -0.11713927
v 0.59502763 -0.20293362 -0.11532927
v -0.04352895 -0.21198772 0.20594558
v 0.00789661 0.18161741 0.42030069
v 0.65196878 -0.08051474 0.39334664
v 0.22967777 -0.16008164 0.31564182
v 0.35373485 -0.27740377 0.38667262
v 0.40205824 -0.35151803 0.41417420
v 0.17718604 0.04124066 -0.29431942
v -0.53607637 0.16225885 -0.53939527
v 0.63452739 0.17806630 0.22220366
v -0.04197470 0.12277230 0.13948916
v 0.52850533 0.27634209 0.41229355
v -0.04967523 -0.10594050 -0.17259566
v 0.71823072 0.08255481 0.29188487
v -0.42253518 -0.06377465 -0.22785811
v -0.00459146 0.17668210 0.28745422
v -0.62624085 -0.08523981 0.41575316
v -0.16584930 -0.29656115 -0.50741386
v 0.46561611 0.20201190 0.34948823
v -0.42044634 -0.10275791 -0.41483688
v -0.11581528 -0.05687649 -0.30430877
v -0.31407842 -0.09450368 0.02173606
v -0.72525907 0.13723230 -0.40856937
v -0.06841033 -0.04891287 0.47591907
v -0.05769791 0.09356688 0.06592800
v -0.17473650 -0.21865965 -0.49654832
v 0.30527183 -0.31247693 0.39630890
v -0.26568577 -0.25147432 -0.53107923
v -0.76021230 0.02371783 -0.31091961
v -0.39484486 0.14692107 -0.00488190
v -0.35548025 -0.26042449 0.45180455
v 0.43112379 0.33934873 0.24919660
v -0.19974606 -0.19502114 -0.31721938
v 0.26081479 0.05599782 0.40071216
v -0.46915579 0.19562404 0.10456636
v 0.41855264 0.13932289 -0.00099179
v 0.28766012 0.03188191 0.20786527
v 0.57081366 -0.11670775 0.09474627
v -0.51349956 -0.04739365 0.47189945
v -0.17747207 -0.20356925 -0.36564344
v 0.77425873 -0.01589766 0.05784001
v -0.54351467 -0.11133914 -0.58343828
v 0.41342247 -0.16123649 -0.41703984
v -0.26290020 0.09294271 0.48244354
v 0.32146317 0.02500659 0.15063030
v 0.64711142 0.07526118 0.49583152
v 0.66966516 -0.07403941 0.40318859
v -0.47024575 0.23895153 0.45552635
v -0.61359310 -0.09557261 -0.46458408
v 0.33246034 -0.29740274 0.32185444
v 0.23583341 -0.20666723 -0.37553623
v 0.04930436 -0.07515406 -0.31292534
v -0.77434671 0.02849284 -0.30958578
v -0.72456646 0.21298267 -0.31935182
v -0.63314879 0.06280608 0.40000466
v -0.28766260 -0.21229216 -0.29555640
v -0.52696329 0.08405743 -0.55416441
v 0.16731256 0.20953132 0.38905582
v 0.23751278 -0.10736688 0.40951347
v -0.67777705 -0.06040810 -0.47446758
v -0.22277765 0.06013811 -0.59238744
v 0.27085951 -0.24150828 -0.30957076
v -0.40010646 -0.18622838 -0.53472084
v 0.29938787 -0.22436810 0.26425198
v -0.35128558 -0.00301788 -0.63815713
v 0.91162223 -0.03366554 -0.18466786
v 0.15872949 0.04179500 -0.04593069
v 0.27692413 -0.06572603 0.08891542
v 0.72890162 0.02441110 0.35439122
v 0.58230823 -0.07979900 -0.38191503
v -0.46931058 0.25450802 0.47455847
v -0.64838517 0.01513525 0.03742193
v -0.00843228 0.15824036 0.25582677
v 0.00719198 0.21490006 0.44609159
v 0.05517128 0.09874582 0.15550338
v 0.07904891 -0.21484004 -0.22302690
v -0.48827812 -0.07947600 -0.30936900
v 0.43323234 0.14846811 -0.12245955
v -0.53584635 0.20612189 0.36663389
v -0.66747415 0.22515808 -0.55997515
v 0.61753821 -0.07669968 0.35424572
v 0.16919203 0.30049464 0.43408599
v -0.33785948 0.10834569 0.06116519
v 0.05056087 -0.20661099 -0.75925547
v 0.15624939 -0.23806189 -0.15989600
v -0.18857506 0.06377587 -0.53903735
v 0.78345007 -0.05080332 -0.10941777
v -0.23501690 0.22866632 0.42630637
v -0.20375173 -0.12501974 0.14992252
v -0.42170686 -0.15589540 0.42892501
v 0.13666822 -0.08691059 0.16906117
v -0.22551535 -0.14270362 -0.13092528
v -0.10835394 -0.31357473 -0.58453810
v -0.29699990 0.34345523 0.32085752
v -0.49988967 -0.18761884 0.32037449
v 0.79944730 0.00061650 -0.24195473
v 0.44547388 -0.10795023 -0.46893641
v -0.00037662 0.09489131 0.35245579
v -0.00814697 -0.20580158 0.21530120
v -0.21905008 0.02894882 -0.66338128
v 0.36430699 0.24618743 0.22585389
v -0.04068204 -0.00920904 -0.14278503
v -0.50885004 -0.07972593 0.45547423
v -0.07645407 -0.17296097 0.37928325
v -0.11498932 -0.14050718 0.45444587
v 0.82655519 -0.02200847 -0.17832059
v -0.63178068 -0.08689478 0.41558945
v -0.31075290 0.13345768 0.49557677
v -0.63452762 -0.15835440 0.36376771
v -0.51646066 -0.11137192 -0.03719125
v -0.30548453 -0.16571392 0.47836509
v 0.45900735 0.22020423 0.30834514
v -0.56314981 0.14206883 0.43633634
v -0.74049568 0.07187445 -0.29547438
v -0.35572705 -0.21977778 -0.57951623
v 0.89702296 0.00389884 -0.28577965
v -0.65106547 0.24234879 -0.31833011
v -0.06343392 -0.18018998 -0.66324675
v -0.21856804 -0.25024268 -0.32319158
v -0.26909748 0.24282655 0.19839378
v -0.12970200 -0.16070309 -0.38475865
v -0.17071815 -0.24394953 0.50077862
v 0.31055313 -0.18049625 -0.40890408
v -0.24523585 0.06262575 -0.17317820
v -0.51457667 0.23152076 0.34023190
v 0.79513055 0.05600460 0.19788933
v -0.44616595 -0.08274407 -0.18877682
v -0.05709314 -0.15144505 0.39026004
v -0.64128089 -0.06296492 -0.49603099
v -0.34943444 -0.21186997 -0.57556868
v 0.25239679 -0.03567342 -0.11801259
v -0.04908700 0.02398141 -0.45597085
v 0.41307056 0.04632614 0.03084888
v -0.29415292 0.10659947 -0.33527020
v -0.05066504 0.26009789 0.35140648
v 0.07254932 -0.23246534 -0.06775992
v -0.34898406 0.08366524 -0.60258865
v 0.25082746 -0.14475662 -0.42199865
v -0.40124443 -0.00371055 -0.46915773
v 0.59495443 0.00418861 0.00191444
v 0.60705507 0.29318514 0.32624999
v 0.40288410 -0.05112707 0.49548528
v 0.56668043 -0.07662943 0.31513169
v -0.37747824 0.15313020 -0.31040871
v -0.00114441 0.02044162 -0.17493971
v -0.39122984 -0.05268022 -0.64178407
v -0.26275074 0.07101493 -0.13613634
v -0.02235834 0.24964236 0.33670419
v 0.60094410 0.24630971 0.48490992
v 0.36318290 0.10460999 0.22085112
v 0.16584781 -0.20373994 -0.33627298
v -0.13477981 0.03652034 -0.54492962
v 0.33991694 0.18314324 0.47140408
v -0.43148762 0.24417958 0.21796466
v 0.32126659 0.09514456 0.47347799
v 0.48427108 0.05765506 -0.15747567
v 0.43710640 0.25624180 0.35454619
v 0.20251070 0.05122029 -0.25138596
v 0.25662911 -0.14070773 -0.10115910
v -0.77260607 -0.00737200 -0.54166627
v -0.23429491 -0.27829415 -0.43157604
v 0.60174996 -0.09325666 -0.38422853
v 0.48266149 0.34462571 0.18245140
v -0.60472387 -0.07124871 -0.43452245
v 0.41625780 -0.11610748 -0.46660620
v 0.10086795 -0.13505341 0.20370397
v -0.52541274 -0.01010881 -0.47803420
v -0.34524325 -0.16421236 -0.28910145
v 0.69760454 -0.05505687 -0.03084617
v -0.65362823 -0.06108696 0.23012167
v -0.73567557 0.08520225 -0.37313333
v -0.08716369 -0.16546386 0.01486610
v 0.50432241 -0.21520111 -0.31335625
v -0.47064865 -0.24033009 0.22227301
v 0.27213490 0.04417583 -0.23181570
v -0.42493871 -0.24282017 0.29973298
v -0.83346307 0.18278424 -0.44761437
v -0.65098864 -0.06953698 0.17664577
v 0.58458310 0.11708599 0.48367468
v -0.23156303 0.00836010 0.12859766
v 0.60693157 -0.03590445 -0.29076788
v 0.45637196 0.00691281 0.46105680
v 0.70780021 0.10630561 0.46537730
v 0.29070076 -0.22669774 -0.35811061
v 0.44631159 0.19267154 0.24837139
v -0.76695740 0.18380056 -0.42191049
v 0.32725966 -0.33885077 0.40074629
v 0.45690054 0.15878202 0.04059561
v 0.44193757 -0.21629925 -0.12101208
v 0.57372636 0.04200832 0.50127864
v -0.55218160 0.02014378 -0.60355574
v -0.40160319 -0.13822067 -0.04882654
v -0.48673093 0.33358669 0.34516826
v 0.29594275 0.02775080 0.18761577
v -0.46835878 0.08339734 -0.14316741
v -0.34674978 -0.17192782 -0.61116606
v -0.38776270 -0.04138888 -0.64264303
v -0.12250489 0.12160683 0.47168159
v -0.57743567 -0.12442362 0.15716548
v 0.25237140 0.03802215 0.39838842
v -0.22482379 -0.13050155 -0.77301794
v 0.18815729 0.11024802 0.45063126
v 0.38696587 0.18810026 0.16533126
v 0.47749615 -0.23243488 -0.23799685
v -0.21669070 -0.18961972 0.29356289
v -0.20595354 -0.14977348 -0.16145033
v -0.47142541 -0.02297077 -0.18049458
v 0.09623078 -0.23432197 -0.07831518
v -0.59617567 -0.24238145 0.44581521
v 0.47567692 0.04489036 0.25946668
v 0.25093642 0.13911194 0.29649389
v -0.47342542 -0.18003182 0.42059973
v -0.30851978 -0.07666649 0.16519925
v 0.01247926 0.25450018 0.42916632
v -0.27010170 -0.08933286 -0.73627251
v -0.29467887 -0.16031560 -0.11708901
v 0.50487250 -0.15825060 -0.38247079
v -0.12731142 -0.13629378 -0.69850421
v -0.24453183 -0.15893395 -0.58410269
v 0.45004576 -0.01885884 0.48710483
v -0.34895915 0.26963294 0.26332116
v 0.55895036 0.08724704 0.26666597
v -0.61317492 0.11042195 0.01696408
v -0.03202696 -0.13773498 0.38094950
v -0.49317065 -0.09925178 -0.27974296
v 0.31469995 0.17466269 0.21097744
v 0.70022088 0.27932417 0.23432793
v -0.24187934 -0.08809680 0.49716672
v -0.61127377 0.15478523 -0.48105460
v -0.66704899 0.03369340 -0.62064123
v -0.01158762 0.21215892 0.47875679
v -0.34939027 -0.09867866 0.05545123
v 0.00501045 0.14612985 0.30517113
v 0.47190338 0.11885109 0.47130960
v 0.44195303 -0.08559016 0.49851444
v 0.32602653 -0.17135268 0.05015997
v 0.53530771 -0.11587486 0.14567538
v 0.45512041 0.33787316 0.24301715
v 0.26742616 0.27355972 0.46516475
v -0.25995010 -0.21305875 -0.32028651
v -0.24742424 0.01003673 -0.07199012
v -0.39293516 -0.15503667 0.17857279
v -0.76842809 0.04943753 -0.55798304
v 0.40187874 -0.23449770 0.27809364
v -0.22072063 -0.08508775 0.14685878
v -0.40498203 -0.19013278 0.18047304
v -0.12497695 -0.07233913 -0.44591889
v 0.67185473 0.08845395 0.15584832
v -0.56202537 0.02281996 -0.58491600
v 0.70487267 0.21798499 0.45784420
v 0.33503395 0.12643293 0.20331390
v -0.45539927 0.34678894 0.49259767
v -0.29400170 0.07730688 -0.21779637
v 0.26675612 -0.22967076 -0.20612372
v 0.31715810 -0.00555268 0.07694110
v -0.46060449 -0.04525752 -0.18554391
v -0.52527189 -0.15687849 0.35041884
v 0.58570546 0.25631729 0.47305602
v -0.04981731 -0.20974132 0.24014762
v 0.68237036 -0.08283377 0.44927526
v 0.72822833 -0.10585989 -0.18039818
v -0.43335035 0.08610114 -0.16067612
v -0.08773109 -0.23142618 0.22578254
v 0.62559682 -0.07186387 0.49035481
v -0.22885369 -0.10868681 0.49785107
v -0.58462071 -0.04609980 -0.44154254
v -0.31399205 0.06337658 0.00729061
v 0.32700145 -0.01231852 0.04935066
v 0.20101765 -0.08514368 -0.00160017
v 0.49860519 0.14796713 0.48244986
v 0.79432493 0.26098281 0.29213378
v -0.51383984 0.08577276 -0.39380711
v 0.40963602 0.31020528 0.16437922
v 0.44989121 0.02113505 0.48109975
v -0.51986998 0.01499003 -0.39226109
v -0.67462265 0.10082308 -0.55755287
v -0.40837115 0.05114914 -0.20620631
v 0.36141586 -0.21839094 -0.37571436
v -0.49804121 0.04586765 0.49147245
v -0.11640975 -0.08795873 -0.27053797
v 0.02424586 0.11618142 0.20634878
v -0.36380640 0.12389091 -0.38075808
v 0.69764096 0.23777926 0.16457094
v -0.26710525 -0.18851392 -0.26450711
v -0.44832784 0.15209182 -0.30129871
v -0.26208076 -0.25715110 0.38431758
v 0.47683278 -0.23050183 0.26746979
v 0.53846616 0.24913135 0.47461534
v -0.67022276 0.02024327 -0.59920281
v -0.13012333 -0.24907471 0.27201536
v 0.07296069 -0.07248699 0.29963997
v 0.35649991 -0.20192043 0.04816072
v 0.00821359 -0.21671940 -0.06702529
v -0.22638786 -0.13317996 -0.67912441
v -0.38710356 0.40554190 0.43290934
v 0.05251504 -0.20826438 -0.20063233
v -0.08276140 0.11465587 0.12466005
v 0.33282888 0.01683231 -0.19993556
v 0.23882766 -0.17468275 -0.10110315
v -0.25982422 0.29292077 0.38498178
v 0.43950796 0.13176070 -0.06973237
v -0.23735152 -0.10950083 -0.07817644
v 0.02930019 -0.11450393 -0.32163852
v 0.67513180 -0.10452908 -0.17790666
v 0.36219314 0.09820506 0.22598501
v 0.40591797 -0.17884448 -0.40711847
v -0.29803503 0.08316234 -0.57828051
v -0.75028521 0.07674921 -0.57330292
v -0.52240759 -0.10265184 -0.05616567
v -0.45972088 -0.14684010 -0.58466625
v 0.44179893 0.05095468 -0.28370199
v -0.23506558 -0.06924669 0.48755449
v -0.16930695 0.27281067 0.47190660
v -0.45919520 -0.12537734 -0.07445694
v 0.13682243 -0.12326705 0.14276791
v -0.75386357 0.09863961 -0.30579856
v 0.58158445 -0.13976368 0.34284598
v -0.23130886 0.06346415 0.13676348
v 0.36969048 -0.02829053 -0.41407859
v -0.44925573 0.10631604 -0.12706523
v 0.49265969 0.05757265 -0.04113987
v -0.73276269 0.02704252 -0.58136880
v -0.01301301 -0.13293655 -0.19390711
v -0.43424305 -0.01526283 -0.47448173
v -0.14403506 0.00853536 -0.59072614
v 0.26724777 -0.00163940 -0.39467773
v -0.28393701 -0.21537603 -0.33506903
v 0.25303757 0.15034576 0.44329101
v 0.29571652 -0.22345041 0.26201153
v -0.26394507 0.07848230 -0.29749930
v 0.83868384 0.01366830 -0.32494912
v -0.27843034 0.07492836 -0.30573893
v -0.47212863 -0.13383999 -0.37731624
v -0.54997617 0.05112090 -0.28998700
v -0.33371493 -0.19943103 -0.33131471
v 0.28637275 -0.19823864 0.14230838
v 0.00523671 0.20830318 0.44804305
v -0.56835282 0.00183075 -0.56163061
v 0.47902980 0.05277260 -0.25793710
v -0.41726834 0.14050116 -0.46177679
v 0.88951886 -0.05515512 -0.23498546
v -0.68121767 -0.17063148 0.44647521
v 0.55545717 -0.16708903 0.08854155
v -0.27567282 0.06183200 -0.07769258
v -0.40916401 -0.09223475 -0.23348518
v 0.20615771 0.27642083 0.45973703

