# https://github.com/mikedh/trimesh
v 0.46882907 0.21134153 0.37270376
v -0.26516187 -0.25366050 0.01467493
v -0.33884281 -0.03255635 0.45027331
v -0.20825648 0.24136673 0.45134869
v 0.57031053 0.07709556 0.16393679
v -0.32958645 0.16884315 -0.25233349
v -0.73922336 0.04783472 -0.16304898
v 0.22028820 -0.18659717 0.39258927
v 0.66552442 -0.06280954 -0.10996225
v 0.41305441 0.04040126 0.43623570
v -0.65070325 -0.06231741 -0.04740220
v 0.75742382 0.07088937 0.05825178
v -0.66255432 0.10082097 -0.11530268
v 0.43445024 -0.23071107 -0.33361483
v -0.39985937 -0.19984521 -0.49153313
v -0.53258508 0.07035777 0.33787543
v -0.52886951 0.21506196 -0.21598560
v -0.43438578 0.16821055 -0.07294159
v -0.20493262 0.27857983 0.34895769
v 0.63043410 0.03516327 0.04641248
v 0.49408937 -0.04110938 0.26143923
v -0.23074135 0.11891598 -0.30787432
v -0.39113683 -0.24630700 0.22462159
v -0.18820401 0.34879130 0.29670584
v -0.04093485 -0.36512199 -0.29880255
v -0.20828430 0.13605723 -0.05893248
v -0.15673646 -0.00211862 -0.59905493
v -0.65179956 0.04504457 -0.21098137
v -0.60682160 0.01260605 -0.14274870
v 0.25897482 -0.11153753 -0.48786330
v -0.65427464 0.02021566 -0.12763084
v 0.48631367 0.27076083 0.16449821
v -0.14090660 -0.13932616 -0.41655710
v -0.63211918 -0.01279181 -0.23980512
v 0.15898964 -0.24568993 0.29933596
v -0.28471044 0.36236638 0.23730746
v 0.54043335 0.05379974 -0.11477798
v 0.26036867 -0.01801218 -0.46334961
v -0.50694352 -0.15776204 0.34787241
v 0.17741671 -0.24389857 0.25988945
v -0.31320003 0.12625732 -0.51260692
v 0.33283558 -0.35032490 0.30427784
v -0.66303694 0.16408837 0.16634879
v -0.33348528 -0.24197257 -0.56120241
v -0.26660132 0.01374881 -0.57624722
v -0.00495385 0.23247571 0.47997603
v 0.71333623 -0.08540639 -0.14644572
v 0.54007858 -0.10956444 0.36565125
v 0.19337109 0.08472839 0.50044668
v 0.24759345 0.08568209 0.36192900
v -0.59915924 0.15283613 -0.30646405
v -0.46360368 0.26010093 0.22011338
v 0.22748423 -0.23208921 0.23832832
v 0.47505313 -0.00063500 -0.21159367
v -0.32109430 0.17338517 -0.46988004
v -0.45115411 -0.22642860 -0.31785896
v -0.23207195 -0.04689725 -0.63450390
v -0.72893900 0.08321371 -0.18354973
v 0.72873282 0.01613535 0.05430075
v -0.50137866 -0.14746240 -0.30320334
v 0.44498542 0.15130848 0.13669555
v -0.34816390 -0.25093463 -0.28020418
v -0.31313384 0.03569512 -0.54527277
v -0.16317059 -0.25872254 -0.15976334
v -0.22035758 -0.29440475 0.45531535
v 0.00584826 0.32446840 0.36245927
v 0.56396443 0.08015952 0.17619285
v 0.22632432 -0.01131224 0.32356390
v -0.55686194 0.22319825 0.20012096
v 0.52262622 -0.15918243 0.12516251
v 0.62774128 0.07999787 0.31765229
v 0.66056967 -0.00789416 0.22061007
v 0.21028556 -0.10084279 0.49372071
v 0.29768330 -0.21481329 0.27914804
v 0.14125782 -0.29332829 -0.37428552
v -0.38280377 -0.22238998 -0.46508649
v 0.47696185 0.19865757 0.31606954
v -0.57850075 -0.00253992 -0.36963844
v -0.74221885 0.07825682 -0.18162772
v -0.33162048 -0.04327712 -0.57572520
v 0.24355885 0.07568145 0.43922982
v -0.12544033 -0.31331360 -0.46370408
v -0.03871789 -0.36296088 -0.42831427
v -0.50325316 0.08235208 0.37863025
v 0.52794731 -0.02799961 0.39909235
v 0.67078811 0.17420802 0.16708168
v 0.08879846 0.19930190 -0.11926875
v -0.61357051 -0.22916216 0.22080003
v 0.26677960 0.06949583 0.19786286
v -0.45648274 0.21117471 -0.39172977
v 0.37690824 -0.18317772 -0.22559853
v 0.47505623 0.20898943 0.37961817
v -0.58249974 0.10330570 0.28954250
v -0.42831457 0.05118539 -0.08720401
v -0.57315731 -0.09784137 -0.08922312
v -0.17290291 -0.34322321 -0.38493147
v 0.36622059 -0.26983407 -0.35764471
v -0.72162724 0.17121315 0.09912045
v -0.16941023 -0.30641997 -0.01396034
v -0.45603079 -0.17248774 -0.23945563
v -0.49209720 -0.08993711 -0.32364991
v -0.20814955 -0.24191618 0.50552636
v -0.48161906 0.32081282 0.21942687
v -0.74067026 0.11947209 -0.20771942
v -0.67234462 0.17490236 -0.30876628
v -0.40013936 -0.24826254 0.42549443
v 0.22271737 0.00697356 0.32520685
v 0.47162336 0.01127214 -0.28590658
v -0.48362395 -0.05886342 -0.51165080
v -0.57239258 -0.13987446 -0.01917639
v 0.13382582 -0.10624203 -0.50800490
v 0.66429418 -0.00131672 0.20942119
v -0.54534394 -0.00639584 -0.25775763
v -0.67969948 0.05234567 -0.20338532
v -0.46660146 -0.16046952 -0.44843876
v 0.35617551 -0.30998626 0.16343698
v -0.64397717 -0.02479678 -0.09239282
v 0.09599261 -0.32726407 -0.23374644
v 0.55210346 0.19336185 0.21856180
v 0.03640936 0.24166280 0.44900373
v -0.69529742 -0.09064885 0.23284240
v -0.41890085 0.18099099 -0.35982874
v 0.49039787 -0.18518941 -0.31012797
v -0.46651411 -0.01588550 -0.51267540
v 0.69716477 0.03641251 0.20499447
v 0.57343978 -0.17268974 -0.06012629
v -0.55596846 0.04821614 -0.40806198
v 0.76274723 0.13782024 0.09649356
v -0.51018763 -0.11058829 -0.33407760
v 0.21144804 -0.31618187 -0.03215786
v -0.73876935 0.02970978 -0.04304598
v 0.33113408 0.30048192 0.26471782
v -0.48145574 -0.04632614 -0.26509601
v 0.51506907 0.09368431 0.26017976
v -0.72303122 0.08463542 -0.17981008
v -0.52624357 0.14449565 0.33318743
v 0.36003590 0.28764170 0.30252168
v 0.75373781 0.07975957 0.11987378
v -0.27529201 0.35867858 0.27100423
v -0.77136278 0.07087844 -0.01617670
v -0.48821443 0.01438020 -0.39007568
v -0.71512651 0.05206045 -0.24668688
v 0.64533031 0.16608700 0.13494679
v -0.47149557 0.18522556 -0.41089833
v -0.12582608 -0.31723312 0.05915006
v 0.44113928 -0.02315316 0.23273034
v 0.20184444 -0.30382794 -0.33308637
v -0.75307333 0.02609295 -0.30262652
v 0.59873205 -0.10937130 0.27169150
v 0.77248472 -0.04753266 -0.11596911
v 0.33913210 -0.16490141 -0.25499898
v 0.55772650 0.23259941 0.24882297
v -0.31816679 0.33515310 0.20439538
v 0.69628608 -0.01104614 -0.00100229
v 0.64106631 0.10977577 0.08644372
v 0.43653047 -0.08419824 0.03512174
v 0.36676690 0.23495805 0.18211146
v 0.48187929 0.01749426 0.31234273
v -0.67857659 0.15570632 -0.13901566
v -0.51170081 0.26795429 0.25057018
v 0.53786337 -0.20604467 -0.02652029
v -0.63355201 -0.06116910 0.20879340
v 0.04606801 -0.28434312 0.30347642
v 0.61216795 -0.05402509 -0.07894400
v -0.18198715 0.16687338 -0.36052132
v 0.48432511 0.09550186 0.29537073
v 0.01557351 0.17159602 0.37223983
v -0.72366494 0.04347751 -0.15793085
v -0.07081370 -0.10486977 -0.56277114
v -0.50209880 0.22178499 -0.22233948
v 0.38127074 -0.23640546 -0.04419015
v 0.47476566 0.09004452 0.31156561
v 0.22144863 -0.14191389 0.33471206
v -0.69063532 0.08251140 -0.31554610
v 0.59158772 -0.01410495 0.33915001
v 0.37273917 0.14774027 0.15585037
v 0.42829287 -0.25164530 0.19662440
v 0.35102957 -0.17097783 -0.24322575
v -0.17241254 0.12339023 -0.52717876
v 0.09696952 -0.21198338 0.39727598
v 0.54638851 -0.21994470 -0.05275800
v -0.49945128 0.30783033 0.26674348
v -0.49771684 -0.18429145 -0.08205905
v 0.47326398 0.10957424 0.05156685
v 0.58749473 -0.13279079 0.05172026
v 0.75427604 0.14964673 0.09022217
v 0.36986861 -0.29660761 0.40008953
v 0.18883555 -0.11874087 0.37298861
v 0.40793252 -0.24414514 -0.24407442
v -0.31842399 0.27904460 0.42736620
v -0.59383816 -0.08113068 0.21093889
v -0.28277162 -0.04539586 -0.58243692
v 0.41573817 -0.01643227 -0.34807363
v -0.41993362 -0.16042450 0.41922313
v -0.06240730 0.33382970 0.40785444
v 0.00136765 0.19143018 0.45551723
v 0.72366989 0.04865048 0.15175501
v -0.15576519 -0.30176795 -0.05220019
v -0.27839571 -0.19199218 -0.54137957
v -0.21017514 -0.22142965 0.38497990
v 0.15645380 -0.31250754 -0.35874045
v -0.13616224 -0.32109612 -0.07980447
v -0.24546531 -0.30030364 -0.36305264
v -0.36364484 -0.27688837 0.39614797
v -0.62800020 0.21874258 -0.21922794
v -0.07816039 0.19965616 0.17153645
v 0.34884495 -0.12196740 -0.05060414
v -0.20722470 -0.28657585 0.23212224
v -0.67460036 -0.06028837 0.09784898
v 0.30877453 0.11298247 0.27400643
v -0.30276099 0.22313759 0.40424722
v 0.02711091 0.07562137 0.46063507
v -0.71480614 0.16758199 0.10565033
v 0.59030914 -0.10761251 -0.12261333
v 0.33208299 -0.28574902 0.33111659
v 0.66362047 0.16160014 0.11142071
v -0.53178215 0.04729301 -0.40985179
v -0.47224280 -0.18095845 -0.39587161
v -0.35062376 -0.11538080 0.48840833
v 0.51982379 -0.09190572 -0.08730471
v 0.68611437 -0.04509497 -0.03479044
v 0.38510883 -0.02250807 -0.13281302
v 0.21087861 -0.16623068 0.47362223
v 0.60273182 -0.07326958 0.01195815
v -0.08538653 0.07470726 -0.44614801
v 0.52260906 -0.04130281 0.20859972
v 0.38438255 0.04872765 0.25593483
v 0.33133873 -0.05110409 0.33321410
v -0.38053411 0.17417395 -0.45555314
v -0.00680195 -0.30522192 -0.24105239
v -0.38802531 0.18460791 0.43392226
v -0.57619458 0.22926424 -0.31889400
v -0.17140880 -0.03947785 -0.49569541
v 0.46804932 0.10256167 0.13498288
v -0.45061147 0.15415144 0.07759428
v 0.51952296 -0.10951081 0.15945002
v -0.68943709 0.09562673 -0.14336586
v -0.57276517 -0.08006699 -0.34611195
v 0.28422189 -0.29704461 0.24188782
v -0.19689703 -0.23457754 0.45831674
v -0.37860376 -0.03680803 -0.54627717
v -0.40039888 -0.27282441 0.29968566
v 0.68265736 -0.00751652 0.02795587
v 0.02566107 -0.05816225 0.52025920
v 0.20678300 0.17343940 -0.05711672
v -0.49749470 0.25661433 0.26597714
v -0.51326007 0.15778875 -0.31841952
v -0.51831031 0.23703566 0.13411097
v -0.44669989 -0.18724394 -0.45826668
v 0.62484801 -0.03201779 0.22683364
v 0.38304886 0.29058200 0.09348815
v -0.44159356 0.12769145 -0.38682932
v 0.36347103 0.25195277 -0.07243690
v -0.20688328 -0.23820400 -0.53564936
v 0.19705413 0.14137107 0.46348250
v -0.58448243 0.21559240 -0.15309918
v -0.71843529 0.05644969 -0.22169355
v 0.36064103 -0.25508833 0.11848785
v 0.67018020 0.14617243 0.25069842
v 0.49512482 0.02366520 0.27395931
v -0.39091945 -0.08428226 -0.19310921
v -0.57592010 -0.17232230 0.02604447
v 0.18879700 0.01317107 0.38543624
v 0.67788422 -0.01178714 0.02687851
v 0.70829082 0.06880639 0.21066895
v 0.30197939 -0.01276600 0.21519034
v 0.29794836 0.01093708 0.36826912
v 0.48268744 -0.25524372 0.01850940
v -0.65791655 0.25532281 -0.19761926
v -0.57121801 -0.13418920 0.31888419
v 0.40997410 -0.06217745 -0.39995423
v -0.08805964 -0.21588680 -0.52229518
v 0.62733150 0.07309014 0.11567774
v -0.33477455 0.28099704 0.29351711
v -0.06317439 0.15626651 -0.27882463
v -0.31573600 0.12013800 -0.27569583
v 0.23858085 -0.27486473 0.13555719
v 0.22359800 0.16690126 -0.14037812
v -0.51654178 0.01681056 -0.27340525
v 0.38118720 -0.04384721 -0.15719968
v -0.63461643 0.19728357 -0.39833635
v -0.53156918 -0.21844992 0.18897192
v 0.26234314 -0.21846151 0.32616356
v -0.30574581 0.16490519 -0.43059710
v -0.33704606 -0.21044385 -0.27306139
v 0.49202907 0.00374535 -0.13816191
v 0.19760075 0.14866818 -0.22756082
v -0.63805485 0.03950127 -0.38757747
v -0.69952267 -0.01096976 -0.26983553
v -0.16097797 -0.30072877 0.45281169
v -0.46072677 0.09011879 -0.06084837
v 0.21057959 0.08196270 -0.39617100
v 0.57099438 0.25994155 0.01849767
v -0.05765060 0.25782299 0.33514369
v 0.44533753 -0.21769571 -0.16724259
v 0.63297784 0.13119115 0.01578045
v 0.15689760 -0.29366219 0.17966041
v -0.20372379 -0.17266721 -0.38899326
v -0.58907223 0.10884669 -0.34186253
v -0.22944359 -0.29945967 0.36364722
v -0.79850507 0.15587622 -0.13710091
v 0.57349420 -0.07691438 0.22003683
v 0.56668317 -0.11235410 0.36132923
v 0.62135059 -0.01453355 0.02391907
v 0.15835470 -0.23464745 0.31488535
v 0.75264817 -0.00709180 -0.17691399
v 0.73833209 0.10003041 0.16659814
v -0.36431792 -0.22371325 -0.49679619
v -0.24573793 0.14223123 -0.51420957
v 0.23655625 0.20131809 0.45792145
v -0.02237090 0.08962250 -0.51972264
v 0.28356510 0.21955790 0.36336696
v 0.60067528 -0.13783710 -0.08727512
v -0.65062416 0.08863786 -0.38077551
v 0.02726541 0.16655491 0.37631220
v -0.05573625 0.02014652 -0.57456577
v 0.68078524 0.06968148 0.00004800
v 0.11618683 0.19280519 0.45562869
v -0.28272268 -0.24533767 -0.00479273
v 0.47387362 -0.19062747 -0.32339692
v -0.51653320 0.06922076 -0.30106738
v -0.37463620 -0.03914005 0.48669642
v -0.74627554 0.16342187 -0.14319810
v -0.37335438 0.34930643 0.36641762
v -0.36376026 -0.24599838 -0.14758623
v 0.26227394 -0.30274481 -0.26027280
v -0.59593570 -0.08979988 0.04306553
v 0.59283221 0.10591622 0.16128916
v 0.62616646 -0.03077163 -0.07157403
v 0.63443595 -0.01131216 0.02214024
v -0.47332934 -0.05176811 -0.41766027
v 0.29838860 -0.09069434 -0.46177232
v -0.18699309 -0.13947189 -0.57522517
v -0.69335210 0.18983410 -0.21935301
v 0.37167525 0.00339084 -0.31579837
v 0.67591363 0.02624393 0.07832751
v 0.22014277 -0.23998755 0.19524975
v 0.45297241 0.06199323 0.13398764
v 0.22006308 0.27931985 0.43798223
v -0.24889693 -0.16860785 0.51558161
v -0.02710651 0.15004601 0.32806408
v -0.66063654 0.18449748 0.16991770
v -0.56263244 -0.15291554 -0.02728729
v -0.45639890 0.20670080 -0.33186829
v 0.47549471 0.09498968 -0.13448900
v 0.56084996 -0.19180755 -0.15119937
v -0.75887603 0.15171064 -0.16739511
v 0.40281117 -0.11754366 -0.18781990
v -0.42937177 0.25946516 0.21269387
v -0.60900146 0.22112603 0.12927245
v 0.31959441 -0.09847216 -0.47115850
v 0.45363411 0.01453089 0.33101326
v -0.40498018 -0.17493303 0.00627890
v -0.73973507 0.02720514 -0.12571041
v 0.04868020 -0.10433629 0.47498330
v 0.61553955 0.20449558 0.26566342
v 0.18685752 -0.33335137 -0.11119246
v 0.18100330 0.10488103 0.31811345
v -0.55243152 0.03002894 0.02310880
v 0.28703749 -0.00954444 -0.45942938
v -0.46173301 -0.27020854 0.19071251
v 0.57793570 -0.06114147 -0.24488965
v -0.46751672 -0.12330209 0.09657381
v 0.62524283 0.00062023 -0.02418864
v -0.78117716 0.07140091 -0.14190312
v 0.60233557 -0.00609335 0.06459033
v 0.57074863 -0.15548332 0.02045916
v -0.21825960 -0.23072845 0.50341970
v -0.18726471 -0.31045967 -0.08632863
v 0.56527197 0.16422531 0.19928300
v -0.21350172 -0.13695647 -0.55459189
v 0.64423156 0.19791152 0.23589653
v -0.47403243 -0.15681896 -0.15668339
v -0.72260058 0.10374049 0.09320068
v 0.16834527 -0.27230108 0.17930961
v -0.30573085 -0.06803706 -0.28594613
v 0.18615972 0.19731869 0.12114725
v 0.72351503 -0.02243063 -0.18008435
v -0.35817441 0.36624438 0.24266839
v 0.57837427 -0.17514604 -0.09607343
v -0.51398414 0.26781440 0.26247329
v 0.48635501 -0.22495162 0.17188296
v -0.35916644 -0.21890169 0.28287131
v 0.56864822 -0.00386881 0.01845247
v 0.03888333 -0.02848697 -0.54512644
v -0.54635906 0.22974786 0.05811843
v 0.58554113 -0.15588197 -0.08502127
v -0.04159561 0.22225881 0.38041428
v 0.41707161 -0.22863436 -0.17954533
v -0.62256819 -0.11910454 -0.00998187
v -0.32178336 0.06656674 0.21769992
v -0.35172260 -0.21886982 -0.52939731
v 0.76505709 0.07966788 0.08010793
v 0.54280895 -0.06976119 0.14011016
v -0.63540530 -0.13289718 0.06059133
v -0.02620475 -0.02051484 -0.58292317
v 0.26682103 0.24984887 0.37857461
v -0.30603060 0.08411781 -0.39439842
v -0.34362888 0.22412169 -0.17529136
v 0.49967170 -0.18367144 0.16824111
v 0.22605309 -0.11474001 -0.51360941
v -0.53503627 -0.19393212 0.31652302
v -0.00268774 0.06544908 -0.55595428
v 0.42351586 0.19164276 0.30914655
v -0.55237901 0.08744101 0.30042827
v -0.36940092 0.36593366 0.24850833
v 0.04004288 -0.25111771 -0.37604842
v -0.10969448 0.15884313 0.49721631
v -0.39100447 0.18903224 -0.43340668
v -0.17326246 -0.12947838 -0.59032917
v 0.62935668 -0.04480275 0.33641094
v -0.27541277 0.07289818 0.48028347
v 0.50922269 -0.16795738 0.34256688
v 0.63326347 0.00311665 -0.05394223
v -0.31395137 -0.04718785 -0.57745326
v 0.46695256 0.19334872 0.26723626
v -0.30630758 0.34432858 0.32064787
v -0.19671203 -0.10385671 -0.31656986
v -0.06903677 0.30721903 0.44521540
v 0.48219937 -0.19019146 0.00541633
v 0.67573619 0.12119304 -0.11096780
v -0.61210233 -0.20285630 0.20374295
v -0.40622321 -0.27472818 0.33148295
v -0.17860056 -0.32621419 0.08892240
v 0.06258259 0.16144195 0.47882855
v 0.08224402 0.06698996 -0.42525700
v -0.51088238 0.23039800 0.04123757
v 0.66355735 0.06069950 0.10411073
v 0.11432022 -0.14419237 -0.66837126
v -0.02026644 -0.29731908 -0.31013921
v -0.25308383 0.22199744 0.42820331
v -0.42464152 -0.26202825 0.17654321
v -0.16175304 0.05191417 -0.57369858
v -0.57644802 -0.19282694 0.32063085
v 0.68224359 0.08684186 0.01583697
v -0.44297066 0.26050779 0.17678216
v -0.29482973 -0.31702048 -0.30641380
v 0.04802667 0.09222472 -0.39036056
v 0.68941921 0.01069230 0.22956495
v 0.35736740 -0.09479360 -0.19231313
v -0.54209572 -0.11710086 -0.14560960
v -0.67577767 0.20392661 0.02542027
v 0.51671416 -0.08073004 -0.32754266
v 0.43111241 0.24624403 0.12132502
v -0.55663264 0.20547305 0.24476480
v 0.50678915 -0.00188535 0.30878514
v -0.62550479 0.07201548 -0.29041556
v 0.21267241 -0.22596434 0.26945022
v -0.35225168 0.12460864 0.15037547
v 0.66116768 -0.06639487 -0.02328717
v -0.37488988 -0.25031990 -0.30225930
v 0.47247118 0.08843486 0.25635391
v -0.20479041 -0.30449253 0.35269278
v 0.47017470 -0.01141100 0.23185383
v -0.26532936 0.02736347 -0.57415682
v 0.49410018 -0.01803358 -0.05684625
v 0.54015839 0.12100270 -0.06062856
v 0.01685923 -0.07584008 -0.46625236
v -0.05214106 -0.14727491 -0.44631928
v 0.68947172 0.16750035 0.15197265
v -0.17810430 -0.20572422 -0.63141048
v 0.75902587 0.07467569 0.04887436
v -0.47217283 -0.09264401 -0.02408838
v 0.43953803 0.18784022 0.36789322
v 0.52461505 0.14372686 0.09768962
v -0.41005737 0.20632772 0.26301691
v 0.67648923 0.01122423 0.22163838
v 0.35538265 -0.35017303 0.20880614
v 0.16017592 0.21165211 0.07118250
v -0.33015257 0.25358236 0.13592872
v 0.37799093 0.13500246 0.44013101
v 0.73632282 0.12465433 0.07844238
v -0.28574049 -0.32840371 -0.41199380
v 0.17373425 0.21741608 0.13706912
v -0.43083262 -0.20001751 -0.48445150
v 0.52400786 0.09618182 -0.04801315
v 0.28299969 -0.26740184 0.35364971
v 0.48648715 0.11347663 0.07230440
v -0.47381333 -0.05249388 -0.50360185
v -0.63738155 0.20702808 0.13500664
v -0.19692728 -0.12351561 -0.59605378
v -0.78176880 0.08685438 -0.12256818
v 0.54882330 0.09498224 0.34696412
v -0.56978375 -0.08242435 0.02509070
v -0.04952931 -0.16987966 -0.38778132
v -0.11580734 0.01833554 0.53275836
v 0.30349886 0.26642683 0.40876663
v 0.76938951 0.10582519 0.06040820
v 0.44985342 -0.26427823 -0.21165106
v -0.43352655 0.14676495 -0.42625856
v -0.33677712 -0.25645489 -0.46954504
v -0.43270117 0.16515763 -0.07892599
v 0.33484757 0.25431708 0.21254513
v -0.08533685 0.29371005 0.19704838
v -0.73587888 0.15541841 -0.15107283
v -0.58661497 -0.10090038 -0.20382622
v -0.65933299 -0.02504857 -0.11389601
v -0.35695279 -0.11088957 0.08897664
v 0.48824692 -0.22713143 0.30942765
v -0.37260598 0.14584401 -0.48920447
v 0.73838389 0.13779111 0.05646031
v 0.15365236 0.21969202 0.03385849
v 0.39348143 -0.32755762 0.30132306
v 0.17803538 -0.23576057 -0.47627783
v 0.31170025 -0.20092496 0.22757618
v -0.60565466 0.16176704 -0.19269805
v -0.70094866 0.16357309 0.06110538
v -0.52661294 0.16792831 0.30542594
v -0.64381194 0.17017406 -0.29537943
v 0.26203451 -0.12859535 0.36714542
v 0.27153936 -0.31605905 -0.21050547
v -0.63405275 0.03236702 -0.37017685
v -0.32847548 0.04647500 0.46265930
v 0.42459521 -0.23993747 -0.33774337
v -0.64157766 -0.07370954 -0.06127640
v 0.64528543 0.05417203 -0.02110917
v 0.33608091 0.08061336 0.03309609
v 0.50480241 -0.12087566 -0.35911149
v 0.01564901 -0.11210934 0.51586896
v -0.74952286 0.02396072 -0.12278679
v -0.47631773 -0.13619451 -0.42876956
v -0.06457843 -0.10576179 0.54573566
v -0.19584534 -0.24664891 -0.34907037
v -0.52516377 -0.07248853 -0.15732685
v -0.60990506 0.06443383 -0.32504365
v 0.34476095 -0.29499450 -0.19337627
v -0.55175149 0.07263000 -0.34338284
v -0.10826166 -0.28567809 0.33417469
v -0.67066574 0.15557101 0.15458541
v 0.56146038 0.16276257 -0.06044061
v -0.41324338 0.33474338 0.32459193
v 0.37569675 -0.26564521 -0.34858379
v -0.38170177 0.20544051 0.00126032
v -0.56864709 -0.08694829 0.01083705
v -0.66471535 0.16126265 -0.24146225
v 0.70370764 -0.01462865 0.04163403
v 0.42018789 -0.13336615 0.11448659
v 0.61867100 -0.00112009 -0.19312693
v 0.34947026 0.15205114 0.38131046
v -0.25388879 0.11312801 -0.47014767
v -0.12372257 -0.06051555 -0.55332685
v -0.45470268 -0.19493622 0.14909780
v -0.37595299 0.08342947 0.00018546
v 0.49476498 0.13960290 0.09847130
v 0.28699246 0.03254234 0.47991252
v 0.01731027 -0.31002921 -0.25055254
v -0.64803201 0.03675146 -0.20571858
v 0.50209600 -0.23946801 0.01491681
v 0.02007861 -0.13552402 -0.45663559
v -0.34097373 0.18728182 0.17465769
v 0.44236356 0.24922563 0.04147198
v 0.54366028 -0.08792719 0.19801566
v 0.16468599 0.24317929 0.41369998
v -0.42282480 0.28154433 -0.38169348
v -0.70476460 -0.03458603 -0.02146738
v 0.52212787 0.22183402 0.15799242
v -0.60321414 -0.06206324 0.01814873
v 0.26217812 0.05958067 0.34728470
v 0.10028058 -0.06271085 -0.41826761
v 0.49025464 -0.24292187 -0.06450105
v 0.70646936 -0.00152496 0.05176255
v -0.31108919 0.17021920 -0.27761197
v -0.39147770 -0.20587100 -0.49166393
v 0.05056059 0.21990040 0.45673662
v 0.31924677 -0.10470030 0.50226200
v -0.15681157 -0.25578272 0.44698444
v -0.17399879 -0.03956559 -0.49357462
v -0.35847408 -0.11000790 0.04954188
v 0.47618857 0.08847325 0.37407753
v -0.06729845 -0.13978964 -0.55704182
v 0.19124791 0.09287713 -0.33068517
v -0.56088388 0.22443576 -0.13987115
v -0.38167387 0.01572202 -0.46245509
v -0.59627336 -0.15392628 0.21607333
v -0.26370424 0.12365295 -0.45542085
v -0.13146257 -0.19391721 -0.35357705
v 0.44899151 -0.22014496 0.34828851
v -0.56234825 0.03532088 0.00976408
v -0.54908097 0.03477001 -0.42940935
v -0.67372912 0.08832739 -0.18760936
v -0.24961466 -0.04890882 -0.59569246
v 0.10627240 -0.15423825 0.42606625
v 0.70993865 -0.00233602 0.03209790
v -0.71290094 0.21468017 -0.14970784
v -0.59936458 -0.05084881 0.25829110
v -0.67240971 0.15572512 -0.13366893
v 0.41040418 0.18187475 0.33373559
v 0.71666443 0.12530585 0.02610480
v -0.62972480 0.10670416 0.19717541
v 0.22998694 0.20047662 0.32205075
v -0.27384183 0.03673883 0.48411360
v 0.71874166 0.14266744 0.09321707
v 0.35188639 -0.20499617 -0.07431057
v 0.43128186 -0.27372435 0.20023268
v -0.32475379 -0.12258899 -0.56823868
v -0.13618803 0.30116221 0.37080279
v 0.48130888 -0.13338697 -0.11430965
v -0.51736164 0.24653797 0.25576630
v -0.58442265 0.20185462 0.13340321
v -0.25352061 -0.21954083 -0.31748849
v -0.28190136 -0.15819815 -0.28512114
v -0.34646681 -0.24972558 -0.27151144
v 0.61189747 0.10768493 -0.13299608
v -0.33445439 0.34990501 0.18338737
v -0.05763778 -0.30559051 0.39120770
v -0.55057913 0.22961152 0.22970122
v -0.33668688 0.20567851 0.18493560
v -0.15168282 -0.31615093 0.42258561
v -0.28008434 -0.19485462 -0.54537207
v 0.65562749 0.18081528 0.19423810
v 0.21475466 -0.01565858 -0.48117840
v -0.69090211 -0.05447419 -0.25242326
v -0.11696171 0.09425622 -0.48314470
v 0.41973430 0.03674563 0.41938126
v -0.66332817 -0.04514679 -0.05972854
v 0.55148810 -0.13656253 -0.22402459
v 0.22615956 -0.21903157 0.29661724
v -0.65136117 0.19690250 -0.14975539
v -0.24897899 0.13175349 -0.53272879
v -0.26372224 -0.08359940 0.51600432
v -0.61704934 0.08653799 -0.20953983
v -0.69175965 0.16483900 0.14835894
v 0.31734043 -0.26137447 -0.40097502
v 0.51980567 -0.19663885 -0.19760846
v -0.57832801 0.17324913 -0.24855113
v 0.58718163 0.09911357 -0.09027532
v -0.45608974 0.26790655 -0.35622582
v 0.55280763 -0.09784453 0.10947293
v -0.61092269 0.20057511 -0.24394839
v 0.33174443 0.09552612 0.46465418
v 0.60583067 0.15228707 0.33825821
v 0.36964598 -0.06843120 -0.42656419
v -0.08887463 0.13522065 0.27544716
v -0.62313336 -0.08410849 -0.08107920
v -0.75255555 0.05940055 -0.15681934
v -0.62067437 -0.19581965 0.19961710
v 0.07855729 0.10076401 -0.35966015
v -0.75624621 0.15263011 -0.18546283
v -0.48643321 0.19683105 0.02141814
v -0.45651856 -0.19249976 -0.40658262
v -0.53823340 0.28080752 0.22733679
v -0.40681818 0.18033658 -0.45863026
v -0.54609925 0.24539076 0.21935263
v -0.39586142 0.14509794 -0.47597691
v -0.44464669 -0.21159607 -0.13370228
v -0.35406315 0.13472871 -0.50673819
v 0.49723214 0.01846385 0.09641942
v 0.15977876 -0.27584785 -0.40137112
v 0.59362680 -0.09136476 0.25346076
v 0.45275834 -0.24938762 -0.04865696
v 0.47934723 -0.23288949 -0.21482638
v -0.27939862 -0.19912693 -0.60023308
v 0.19711536 -0.27122432 0.14442828
v -0.20116645 -0.21607137 -0.57338125
v -0.16141988 -0.03731610 -0.50035942
v -0.11898583 0.07707846 -0.57063538
v 0.03674573 -0.33217698 -0.05435934
v 0.54437423 0.04113385 -0.07770942
v -0.66013837 -0.04460493 0.11296441
v -0.29259461 -0.16748701 0.49361271
v -0.66372699 0.13244285 -0.12344974
v -0.69937730 0.17200600 0.14372922
v -0.12184393 -0.31037658 -0.15579166
v -0.29297674 -0.05356841 -0.30022225
v -0.33789477 0.05659547 -0.40954456
v -0.12591700 0.21181597 0.49753639
v -0.14673753 0.18491301 0.30954182
v -0.47374144 0.07137341 -0.35484424
v 0.50808150 0.03793826 0.25887889
v -0.28778568 0.11530484 -0.28514224
v -0.00173874 -0.24745101 -0.39221680
v 0.44018295 -0.13773991 0.39823052
v -0.76860648 0.00163920 0.04668950
v 0.66487926 0.18693832 0.20239900
v 0.61545002 -0.03865499 0.34087709
v 0.07239698 -0.18278353 -0.53730601
v -0.32164586 0.02942133 0.22406113
v 0.52946085 0.22593492 0.29834551
v -0.33702797 0.10497950 0.06329507
v 0.64475101 -0.05227696 0.26014158
v -0.28723317 0.11399782 0.46503478
v -0.44668347 -0.06891295 -0.44124982
v 0.29977906 -0.25326055 0.06921181
v -0.19433527 -0.31579334 0.29049689
v 0.44200724 -0.23404753 0.35660252
v 0.56327164 0.16600932 0.36990181
v -0.18666188 0.24426025 0.35119221
v -0.65405047 -0.12217599 0.23745102
v -0.49275759 -0.18273352 -0.15795864
v 0.46754763 -0.03343445 0.31071237
v -0.73567235 0.09590586 -0.19654016
v -0.33695275 0.20756483 0.17312171
v -0.42548013 0.20687303 0.25926962
v -0.35728315 -0.25028887 -0.23908588
v -0.61799049 0.11185035 -0.35944435
v -0.64603835 -0.12946616 0.04185687
v 0.64287549 -0.03957528 -0.04884569
v -0.23687415 0.14400369 0.13423896
v -0.48343778 0.13142256 -0.45239633
v 0.15088631 0.27100402 0.41141760
v 0.39202797 -0.06962487 0.05663202
v 0.66571766 0.06750293 -0.02414662
v -0.52382451 0.20914800 -0.29620510
v 0.68445843 0.05438659 0.24953184
v -0.59721720 -0.12569717 0.03631651
v 0.29016978 -0.31865963 0.39347681
v -0.64592588 0.04139653 -0.20027402
v 0.48802418 -0.01071487 0.18762559
v 0.30202529 -0.12316031 -0.49051902
v -0.21145014 -0.00268423 -0.28856048
v -0.31158566 -0.03540223 -0.61440569
v 0.25366378 -0.13945742 -0.51727712
v -0.43591294 0.07006469 0.42551601
v 0.23369557 -0.20187192 0.44804275
v -0.07708905 -0.19527772 -0.49482188
v -0.42519805 -0.22642489 -0.17280495
v 0.53355050 -0.09564333 0.15865950
v -0.55801040 -0.06972194 0.22781074
v 0.48686439 -0.00326190 -0.14254355
v -0.21490707 -0.24907717 -0.38296115
v -0.41236433 0.16564828 -0.44743440
v 0.45758769 -0.00436505 0.37144750
v -0.24164973 0.31108713 0.36551842
v -0.45645782 -0.07050171 -0.43299952
v -0.19142641 -0.32956594 0.31320754
v 0.01570832 -0.30730617 -0.25781226
v 0.31930110 -0.19268253 -0.27912241
v -0.00646131 -0.13694137 -0.63534892
v 0.07802714 -0.25688228 0.33947396
v 0.18014462 -0.30759019 -0.31912291
v 0.38264692 -0.26915029 0.16765948
v -0.74951255 0.13099796 0.05273803
v -0.20106912 -0.24488258 -0.57267225
v -0.07503513 0.06932203 -0.56351161
v 0.33747905 0.13317785 0.44655925
v 0.35919675 0.05682793 -0.35218987
v 0.47448489 -0.01044224 -0.03101642
v -0.77125311 0.14995866 0.03395532
v 0.24648066 0.27493814 0.42994821
v -0.50774610 0.27020192 0.24985582
v -0.62692636 -0.09485496 -0.06137855
v 0.05822174 -0.28319603 0.31237626
v -0.59399492 0.21234377 -0.30774438
v 0.87291938 0.09655654 -0.09374939
v 0.32003587 0.16242322 0.36861557
v -0.35065511 0.00698148 -0.35736710
v 0.30113971 -0.14825219 -0.07444324
v 0.31623024 -0.30071893 0.36054531
v -0.29751724 -0.31341922 -0.40727907
v -0.21742409 0.18243398 0.49173838
v 0.73799288 0.14561719 0.15785685
v -0.46687481 0.18180084 -0.12807766
v 0.19587031 0.20370993 -0.01005755
v 0.49601713 -0.23447376 0.07311703
v -0.14509498 0.09226999 -0.29873314
v 0.42587408 0.18074176 0.34234115
v -0.29465866 0.13932991 -0.27065831
v -0.64508635 0.11236238 0.18876834
v -0.77063143 0.11217445 -0.13684426
v -0.41026360 0.17423241 0.41477099
v 0.22469257 0.06452997 0.29793817
v 0.45527428 0.24818766 0.24596375
v 0.59247899 -0.10763022 0.34396881
v -0.60031700 0.29480335 -0.12250192
v -0.54914236 0.13314711 -0.32051605
v 0.50030684 -0.00921351 -0.08368893
v -0.02906674 -0.25561923 -0.36720106
v -0.27549928 -0.08384190 -0.07636625
v -0.23578255 -0.18270907 0.40981558
v 0.32751974 0.08602446 0.11716861
v 0.65519172 0.01915941 0.29396445
v -0.19179669 -0.25293604 0.35059106
v -0.37429971 -0.09428101 -0.37810633
v -0.45226943 0.12604134 -0.13412234
v 0.18079372 -0.21660200 0.34039944
v -0.49669728 -0.08815651 0.31404093
v -0.63495857 0.17927131 -0.20390388
v -0.21261841 -0.01822494 -0.59785074
v -0.33913916 0.27893519 0.23929960
v -0.59743392 0.05755857 -0.11625776
v 0.38897610 0.26141286 0.10300740
v 0.70798898 0.06562702 -0.01567346
v -0.36542010 0.36647877 0.35774410
v -0.43114847 0.28363383 0.07837536
v -0.26286072 0.32644054 0.29913387
v 0.47140431 0.03885597 0.07525092
v 0.34742081 0.06251898 0.10276192
v -0.22854055 -0.32318774 0.31759331
v -0.13340588 0.29274637 0.47315657
v 0.08126543 -0.31565198 -0.29845464
v -0.34567595 0.13228171 -0.41587034
v -0.35620436 0.12029503 -0.33792758
v -0.08464243 -0.18876623 -0.55130541
v 0.25190595 0.27492118 0.42932692
v 0.67552346 0.17894447 0.17342329
v -0.56074709 0.14622803 -0.30956894
v -0.18839085 -0.33130804 -0.48045424
v 0.08245198 -0.03934344 0.46451539
v 0.37027803 0.19940689 0.31002104
v 0.35551557 0.15954226 0.36367935
v 0.02561906 -0.29822171 0.24921772
v -0.11802046 0.29124549 0.38611540
v -0.64558238 0.18117131 -0.30655912
v 0.64164507 -0.01577539 -0.13442987
v -0.34217700 -0.28224379 0.45076627
v 0.27086511 0.22978425 0.37608296
v 0.40739223 -0.26618400 0.29379284
v -0.09647850 -0.29596415 0.45249802
v 0.47633663 -0.24653752 -0.01030124
v 0.49018964 0.08302042 0.40859073
v 0.37753433 -0.26221389 -0.35258880
v -0.57368201 0.26080531 -0.34844077
v -0.20616910 -0.05493937 -0.65931755
v -0.30118680 0.21083325 -0.35310921
v 0.46162882 0.21227051 -0.07579295
v -0.54643303 -0.16758683 -0.17363513
v 0.29125312 -0.20906971 0.45208693
v 0.04862589 0.18984970 -0.16071156
v -0.30129954 0.12463859 -0.02296253
v 0.36336222 -0.08702089 -0.44340804
v 0.03604782 -0.32739034 0.00934253
v -0.57673275 0.15701668 -0.43216127
v 0.56165266 -0.07272854 -0.27330458
v 0.16390043 0.14256069 -0.26638779
v -0.56529135 0.08933486 -0.40358576
v 0.10860991 -0.31343740 0.06854146
v -0.22196829 0.04509657 -0.43219593
v -0.00469527 0.04212090 0.51642168
v -0.01093227 -0.08564538 -0.42740265
v 0.51294833 -0.15888660 0.35116842
v 0.14564155 0.08874233 -0.36392099
v -0.47141522 -0.19944304 0.29861066
v -0.58620667 -0.14063510 0.30876738
v -0.64842516 0.08618832 0.19897342
v 0.36999804 -0.04579328 -0.26056364
v 0.54986602 0.04489669 0.18374422
v 0.64752561 -0.00169576 -0.08583684
v -0.33719549 0.30387071 0.00822333
v -0.16697744 0.35374883 0.27605021
v 0.53056306 -0.16699633 0.27968577
v -0.56175739 0.24549197 -0.33538458
v -0.54522693 0.11012239 0.00150946
v 0.19916409 -0.31645754 -0.11665353
v -0.47962883 -0.05923989 -0.50632268
v 0.39674434 0.28237605 0.37729675
v -0.72485059 0.02688982 0.09055001
v 0.75712705 0.07362156 0.10962152
v -0.46075106 0.32555759 0.24155849
v 0.04784600 -0.07421204 0.49157083
v -0.26907593 -0.26580676 -0.33035153
v -0.37435687 0.23301899 -0.31459227
v -0.19802170 -0.27866364 -0.56388372
v 0.52585614 -0.18053798 0.27648211
v 0.67306149 0.00192909 -0.22519845
v 0.04975299 -0.19427174 -0.52515769
v -0.65646750 0.03513435 -0.19756609
v -0.25107020 0.31297261 0.32343686
v -0.71386772 0.02173130 -0.13289690
v -0.17615503 -0.14750358 0.53927785
v -0.07971976 -0.19133379 -0.63907409
v 0.66374606 -0.02131645 0.30166999
v 0.56768990 0.01425420 0.19251017
v 0.07095196 0.22068335 0.37552038
v -0.21679477 0.30182955 0.39248893
v 0.64875573 0.08726814 0.03052202
v 0.63689637 0.08705661 0.14203820
v 0.55216557 0.11794119 0.21859887
v 0.32810706 0.13639913 0.41652277
v 0.21298324 -0.13912991 0.34748462
v -0.00717927 0.17656410 0.26724899
v 0.37396353 -0.03683927 -0.23231335
v -0.75411522 0.05099267 -0.04852394
v -0.12636235 0.15903269 0.36223340
v -0.43855172 -0.21928728 -0.31915098
v 0.32463405 0.12271503 0.12462103
v 0.15136622 -0.33558095 -0.19550249
v 0.29556707 -0.22833069 0.42344654
v 0.47737983 0.21780781 0.33741120
v -0.54373193 -0.16700621 0.33687639
v 0.34605795 -0.34323725 0.30345583
v 0.04941078 -0.24066940 -0.43731555
v -0.11657793 0.10879841 -0.44199958
v 0.15050903 0.20314205 -0.06536520
v -0.55448580 0.03040025 -0.24983101
v 0.53377736 -0.09595159 0.20715633
v -0.38425118 -0.05851686 -0.11785434
v -0.62243789 -0.06212676 -0.09708135
v -0.50520855 0.29856399 0.27724615
v -0.22711596 0.03736720 -0.57816315
v -0.03320263 0.29582688 0.38526216
v -0.41413489 0.13327815 -0.33928850
v -0.67048436 -0.05674120 -0.25292084
v -0.11959536 0.08396284 -0.49851447
v -0.35974640 -0.27552846 0.28763077
v 0.42367956 0.14893381 0.44158235
v 0.60041815 -0.02823341 -0.11186071
v -0.42471194 0.07334819 0.08549851
v 0.51487422 -0.20261447 -0.19709194
v 0.44251254 0.23438998 0.27786756
v 0.62481034 0.23263332 0.08489230
v -0.21475174 -0.10384184 -0.65290046
v 0.14923704 -0.32194293 0.33907697
v -0.45102289 0.18185857 -0.39974144
v -0.30627161 -0.04074154 0.47592446
v -0.47755793 0.00764127 0.04911801
v -0.70297241 0.06268379 -0.12778085
v 0.22786510 -0.28526992 0.20910661
v -0.45428377 0.20891747 -0.21925829
v -0.31165221 0.13165426 0.46455503
v -0.61811775 -0.00005938 0.19268085
v -0.25441656 0.29381663 0.26285619
v 0.43753120 -0.28447998 0.32113183
v -0.23038967 -0.08992349 -0.52629614
v -0.29326749 -0.04503885 -0.57149565
v -0.31553569 0.32917562 0.04481933
v 0.61768878 0.06313793 0.11036935
v -0.28786284 0.16253489 -0.39075604
v -0.69086826 0.02443731 -0.33547002
v -0.60695422 0.15987201 -0.35054541
v 0.54271245 -0.02577691 0.38845715
v 0.34522596 -0.19079529 0.01609659
v 0.40999314 -0.25830308 -0.21851382
v 0.42752126 -0.22927424 0.27843112
v -0.51037663 0.15893322 0.03999253
v 0.55748487 0.23283167 0.24144259
v -0.55633199 -0.03580172 -0.39377829
v -0.04958698 -0.14973499 0.52538389
v -0.55902010 -0.10810277 0.32323414
v 0.31712329 -0.17791642 -0.27635878
v -0.22220211 -0.16386141 -0.28636637
v 0.20940347 -0.16781454 -0.54134154
v 0.57642806 -0.06268735 0.05326601
v 0.55169129 -0.20359400 -0.11900076
v -0.51695359 0.14598960 0.34889179
v 0.47814083 0.08239396 0.38980898
v -0.35833058 0.03826826 0.17431331
v -0.66851425 0.13507617 -0.20168079
v 0.62010300 -0.03041252 -0.18678601
v -0.16748947 0.27483541 0.38267124
v -0.34930357 0.18999802 -0.07828744
v 0.25328326 -0.29698443 -0.33986396
v 0.44656041 -0.06447106 0.43604779
v 0.07637861 -0.04370659 -0.47671461
v -0.45685205 -0.01099258 -0.32452124
v -0.47532186 0.32328352 0.22246975
v 0.10751186 0.29771605 0.40513000
v 0.68559700 0.08449064 -0.00813799
v 0.55042368 -0.02639529 0.04616152
v -0.40991724 0.04384977 -0.53370285
v 0.55471218 0.22964898 0.00876997
v -0.18123467 0.13101603 0.50705653
v 0.42350689 -0.28558913 0.27830109
v -0.40812963 -0.28461203 0.23113962
v -0.36212224 0.36888987 0.32999063
v 0.07220361 -0.23569572 -0.42266935
v -0.47284532 0.09496967 -0.47553948
v -0.16849175 0.15060653 0.14873981
v -0.28981480 -0.29993179 0.43847704
v 0.29988140 -0.02135543 0.43917647
v -0.52958381 -0.16376190 -0.01989810
v -0.51391268 -0.09887506 -0.48555124
v 0.34857741 0.16949946 0.36993873
v -0.28802973 -0.06229267 -0.33997485
v 0.35999221 -0.26118949 0.35701644
v 0.67091101 0.00275469 0.30272877
v -0.53463382 -0.09183095 0.29487467
v 0.51952446 0.16922818 0.11558940
v -0.21273786 0.20281664 0.28823656
v 0.63124120 0.04137395 0.04261279
v -0.40527177 0.26183143 0.37550133
v 0.30546328 -0.27186826 0.27944210
v 0.63898557 0.08554047 0.04598013
v -0.14872847 0.28535694 0.38528618
v 0.03687733 -0.32584068 -0.13943630
v 0.45429501 -0.07758504 0.44987059
v 0.65228897 0.03154531 0.28069699
v -0.33788136 -0.29463494 0.36125502
v 0.34305504 0.09584256 0.45417714
v -0.28652993 0.25555852 -0.31579456
v -0.24174622 0.13945153 -0.07440823
v 0.39413506 -0.26625016 -0.32342517
v -0.62086928 0.03827129 -0.29901904
v 0.69300151 0.06487893 -0.04009683
v -0.30808523 -0.23474380 0.47707993
v -0.32383963 0.30925691 0.42800561
v -0.32345241 0.08805248 0.07889106
v -0.50174117 0.10167868 -0.15868226
v 0.24225916 0.29943365 0.35686135
v 0.48692951 0.16919678 0.24138761
v 0.52557206 0.03684357 -0.10852095
v 0.00921673 0.02197020 0.52185750
v -0.62000066 0.10276298 -0.42939046
v -0.48114288 0.23251390 -0.24071057
v 0.41803640 0.07718647 0.29912111
v 0.18422930 -0.18759105 -0.52768403
v -0.43371421 -0.19599141 -0.46680382
v -0.38323778 -0.29079941 0.31618357
v 0.73988336 0.12053288 0.15915897
v -0.52784729 0.11876538 -0.26404160
v -0.74118292 0.05348206 0.07480954
v -0.28377354 -0.23398796 -0.37598979
v -0.16924477 0.07062709 -0.54881382
v -0.31797180 -0.24247071 -0.41700566
v 0.07486375 0.30182606 0.46141976
v 0.09236229 -0.08339584 0.45876190
v 0.28333086 -0.24284458 0.40011680
v -0.08268474 0.20292699 -0.09422848
v 0.05302898 0.01323309 0.49219659
v 0.21455140 0.05858172 0.48583356
v 0.60608637 -0.03002409 0.33486849
v 0.50912869 0.00274992 0.07857011
v -0.47433972 -0.23489642 0.33341396
v 0.33081713 -0.03463506 -0.30962095
v -0.55131912 -0.07254442 -0.45903289
v -0.06364797 -0.28244361 0.45836106
v 0.36669770 -0.07572924 -0.43767154
v 0.56122619 -0.17822461 -0.15087017
v 0.42297196 -0.16323906 -0.03611833
v -0.33179313 -0.20455104 0.46418869
v -0.68342328 0.01559095 0.12355870
v 0.45192707 -0.03714733 -0.19017044
v 0.29499450 0.17878638 0.35347238
v -0.58232754 0.02652720 0.27440143
v -0.48907876 0.18193619 0.33964643
v 0.54706079 -0.09823421 0.35339651
v 0.19864982 -0.31584963 -0.00397503
v 0.76289791 -0.00262021 -0.06867429
v 0.45178187 -0.18766774 0.35267374
v -0.54911697 -0.07972790 -0.16690248
v -0.49685153 -0.13299248 -0.44150221
v 0.22961600 -0.31793311 -0.11794449
v 0.68317699 0.17146820 0.14309281
v -0.51790422 0.14191014 -0.31435436
v 0.58492279 0.20883313 0.20547450
v 0.16839425 0.15910873 -0.26653269
v 0.53631854 0.14492090 -0.05817265
v -0.21979442 -0.30896369 0.39849058
v -0.28951201 0.09931309 0.14147818
v -0.62221795 0.19054577 -0.20949878
v 0.72475767 0.03292225 0.13154396
v 0.55016619 -0.18893792 -0.08731528
v -0.00525493 -0.05235648 0.52004904
v -0.31888351 0.07144393 -0.37007791
v -0.38432345 0.04475388 -0.03146651
v 0.49018377 -0.00961760 0.15568931
v -0.56944060 -0.07945624 -0.25497976
v -0.20800281 0.32050100 0.18336028
v -0.29519501 -0.27033776 0.07113769
v -0.52073944 -0.13164125 -0.45561442
v 0.29701853 0.00835171 -0.43611285
v 0.40997753 0.00410757 -0.25830555
v 0.54570585 0.10002277 0.04262814
v -0.51652223 0.27718502 0.25416225
v 0.53149796 -0.22764063 -0.05818524
v -0.43231535 -0.08410685 -0.36222127
v -0.54740500 -0.14136215 -0.28680524
v -0.68746102 0.03912397 -0.12273921
v -0.38864797 0.18884012 0.13698481
v 0.02397957 0.02190552 0.51244265
v 0.51399750 -0.06132542 0.24142753
v 0.43790430 0.18419862 0.32953298
v 0.50031418 -0.01447533 0.28504029
v 0.39050665 -0.27706817 -0.26217934
v -0.00162865 -0.04323307 -0.39812955
v 0.14048544 0.27929348 0.42247528
v -0.35746706 0.12700613 0.12431096
v 0.31795537 0.01726599 0.40207991
v -0.32015783 -0.00424657 -0.38077691
v -0.27942657 0.25928545 -0.28316009
v 0.35041821 -0.21202871 0.07395552
v 0.12205195 0.21396069 0.41202676
v -0.66899037 0.05755789 -0.36336890
v -0.31205541 0.14084475 -0.49791303
v 0.59481359 -0.11898329 -0.11715547
v 0.64443606 0.05889419 0.29917669
v -0.30878723 0.11838543 -0.08596151
v 0.53110105 -0.14829753 0.15337524
v -0.46624231 -0.27233830 0.21491306
v -0.18615259 -0.04144352 -0.60029495
v 0.40463594 0.01840103 0.42441106
v 0.69653392 0.16928408 0.14604425
v 0.40118051 0.26618913 0.31850794
v 0.79411989 0.02293787 -0.15898603
v 0.48547158 0.11583859 0.25486666
v -0.48815110 -0.07546432 0.39571923
v 0.54815114 0.03462966 -0.01018721
v 0.16201183 0.26626998 0.45569059
v -0.41038707 0.08643667 -0.51373124
v -0.15506835 -0.30127493 -0.18930826
v 0.09207300 -0.22509211 0.38954777
v -0.16108045 0.12498562 0.49201047
v -0.08875461 -0.06557986 -0.50808817
v -0.32179996 0.09969663 -0.37792701
v -0.24936704 0.17950068 0.48714972
v 0.55375397 0.20952255 0.31255898
v -0.34254736 0.23179007 0.03609032
v 0.49508768 0.08914278 0.06220136
v -0.72548175 0.09904697 -0.19120774
v -0.27085441 -0.23655471 -0.01647912
v 0.43531415 0.26630616 0.04410465
v -0.61582994 -0.05310573 0.01616272
v -0.21724622 -0.04668169 0.51901162
v -0.40276700 -0.26582247 0.37423176
v 0.62562150 0.19862840 0.22135964
v -0.10082698 -0.21207458 0.46971315
v 0.55028749 0.14063913 -0.06615092
v 0.13091871 -0.31968462 -0.12782912
v 0.34587857 0.17380187 0.33199638
v 0.51790637 0.02819075 -0.13106091
v -0.39966068 0.19217056 -0.42309037
v 0.58623552 0.11600047 0.03803538
v 0.12869525 -0.04442881 0.42184278
v 0.08445056 -0.15555197 -0.67778409
v 0.28380239 -0.10972423 -0.49484193
v -0.04822914 -0.33542538 -0.38658071
v 0.66553265 0.11989103 0.04465754
v 0.49491009 -0.24579069 -0.09775760
v -0.02327871 -0.08860874 -0.45431998
v 0.31319404 -0.37661356 0.23559880
v 0.43520683 0.25965953 0.11774887
v -0.28264832 0.16721585 -0.35351643
v -0.71668899 0.08406623 0.12608451
v -0.02365305 0.00207671 0.52923775
v 0.58728361 0.24044497 -0.02150368
v -0.33692271 -0.26271489 -0.44016084
v -0.38549379 0.24980481 0.38452688
v -0.61047083 -0.07075065 -0.23039211
v 0.08352898 0.26865816 0.34328538
v -0.18380596 -0.34213686 -0.38650995
v -0.50268668 0.09717517 -0.35523793
v 0.66254711 0.12861076 0.26244035
v -0.09297441 -0.32336402 0.36243746
v -0.31367111 -0.05787532 0.29357159
v 0.48129934 0.07952279 0.24317628
v 0.64592302 0.01750426 -0.06282844
v -0.22237913 -0.31527129 0.30509549
v -0.38302889 0.10455927 -0.35702714
v -0.19444250 0.11913505 -0.46927497
v 0.47469562 0.15282980 0.28527722
v -0.46184736 -0.19350189 -0.02003162
v -0.17680696 0.16040008 0.47619265
v -0.69090438 0.09826874 -0.08653193
v 0.61017406 0.04507900 0.09985220
v 0.01519552 -0.31679457 -0.21369255
v 0.04535623 -0.17891446 -0.53468752
v 0.07724828 0.21946903 0.20179850
v -0.17569727 -0.09794179 -0.46387276
v 0.68061513 0.02346796 0.18727338
v -0.59601247 -0.03953145 0.27709860
v -0.43932259 0.24182223 0.35063916
v -0.30991718 0.11682373 0.15733086
v -0.28356141 -0.19734421 -0.60225588
v 0.17345071 0.14911944 0.45235813
v 0.47535330 0.15164746 0.28771445
v -0.15820429 -0.31224674 -0.10746028
v -0.57574594 0.13992772 -0.09786285
v -0.30892679 -0.30994445 0.36383814
v 0.49999097 0.17732652 -0.07081074
v 0.61300743 0.02559072 0.08213229
v 0.17605540 -0.02898980 -0.48061311
v 0.69980723 -0.00321024 -0.03401099
v 0.30485699 -0.30409837 -0.09889384
v 0.34215033 0.17618722 0.09757615
v 0.30823120 0.04756195 0.43042305
v 0.25378555 -0.11041021 0.32106340
v -0.62129915 0.01016893 -0.13675810
v -0.37455711 0.14328240 -0.34904343
v 0.09474891 0.19421594 0.47635803
v -0.44519660 -0.15272988 -0.45519775
v -0.64938241 0.14671530 -0.34096283
v 0.44657052 0.26484460 0.24430411
v 0.43002203 -0.15418953 0.03825148
v 0.54750514 -0.13273610 -0.20703481
v -0.01341337 0.09119912 -0.44442475
v 0.62784022 0.03451262 0.05526476
v -0.63766032 -0.10106608 -0.00488714
v 0.50009805 -0.01679980 0.41019812
v 0.56585658 0.02510706 0.38094020
v -0.40693286 0.07475141 -0.42961758
v 0.41031137 0.11593483 0.05713540
v -0.29772690 -0.02148047 -0.56162447
v -0.42317244 -0.14873561 -0.51920277
v 0.46720177 -0.18177451 -0.01990498
v 0.51738501 0.07798508 0.19222271
v -0.60831332 0.15933608 0.21700947
v 0.61053050 -0.11767048 -0.16722248
v -0.02538086 -0.20932703 -0.63077503
v 0.53559637 0.04337090 -0.09156409
v -0.48359969 -0.17270219 -0.18001863
v -0.57796550 0.13588355 -0.14993553
v 0.46153468 0.06479996 -0.00063136
v -0.45179284 -0.17569435 0.40566072
v 0.29940799 0.15471718 0.42599490
v -0.56937724 -0.12199621 -0.23431480
v -0.15545949 0.22454521 0.15804665
v 0.69366723 0.06879212 -0.04214391
v 0.53156108 0.14180508 0.40781760
v -0.57600528 -0.11661123 0.31626377
v -0.65783161 0.16300222 -0.32811299
v 0.62975442 0.00843683 0.02371833
v -0.11372454 -0.04409136 -0.61550903
v 0.30537319 0.01029080 -0.33705404
v -0.64801663 0.04266026 0.18971997
v -0.35518035 0.07168633 -0.44019157
v 0.52116984 0.00419845 -0.12509692
v -0.63648039 -0.16102615 0.06913417
v 0.36385280 0.00227956 -0.32972881
v -0.24471229 0.35892063 0.33315831
v -0.24458618 -0.28781283 0.18139915
v 0.27684984 -0.01429949 0.49740511
v 0.72200894 0.14125764 0.09227420
v 0.63770294 0.10187927 0.07085890
v -0.47148415 0.33411747 0.24473532
v 0.63553911 0.05052255 0.29892290
v -0.36526293 0.09399945 -0.28782004
v -0.17245147 0.30203953 0.41713226
v -0.44472969 0.11201635 -0.38591403
v 0.44265443 -0.24090622 0.37052107
v 0.27602351 -0.03966669 0.50983965
v -0.67625171 0.04656629 0.14926617
v -0.19517757 0.13527559 -0.43741855
v 0.40070540 -0.15103740 -0.05059903
v 0.58101183 0.05861123 -0.15775868
v -0.60644817 0.19997033 -0.28640646
v -0.09048991 -0.37119794 -0.27393317
v 0.63843042 -0.06012997 -0.13595936
v 0.43944097 -0.13417193 -0.10111691
v -0.53539586 0.34941441 0.18508105
v -0.28551862 -0.21579644 -0.55681854
v -0.20268634 -0.08376700 -0.48274294
v -0.43420869 0.01936220 0.40958953
v 0.62048542 -0.05111546 -0.06071407
v 0.31159765 -0.10708560 0.18404557
v 0.67290568 0.01090701 0.22157398
v 0.24997510 -0.06289560 0.46589392
v 0.58580267 0.14308985 0.01279490
v 0.42453536 0.24543336 0.12282819
v 0.28996724 0.10459863 -0.02207474
v -0.71351361 -0.00867387 -0.28262049
v -0.39862996 0.22956489 -0.31995195
v 0.56256270 0.12648484 0.19799680
v -0.25849807 -0.08108417 -0.24511117
v -0.63894320 0.24712361 -0.18732168
v -0.09275002 -0.25728455 0.40653446
v 0.37958190 0.25257364 0.19688751
v 0.69707668 -0.08017529 -0.13155958
v 0.40122867 -0.26092476 0.30237797
v -0.30875683 -0.25829381 -0.29010868
v -0.52829921 0.28993458 0.22264913
v 0.43456420 -0.26993829 0.05562786
v 0.21200499 -0.21486360 -0.48897386
v -0.26694137 0.16879220 -0.45707196
v -0.82445127 0.17061251 -0.19933297
v -0.44100368 0.26603019 0.15427448
v -0.48022163 0.21480271 -0.28517988
v -0.20063396 0.14404380 -0.47200981
v -0.44551542 0.35199985 0.25348717
v 0.61623186 0.10794363 0.13899958
v 0.38985735 0.23453921 0.22773114
v -0.57922792 -0.05499655 0.29496893
v 0.39539352 0.24749453 0.41181940
v 0.54398853 0.05319712 -0.20057088
v 0.14577149 0.22229309 0.39830473
v -0.11575404 -0.12030387 -0.43210757
v 0.40204903 -0.04157981 -0.23253134
v -0.25751695 -0.01427805 0.30546999
v -0.49688751 -0.13454446 -0.35728055
v -0.20096932 -0.04825710 -0.59398806
v 0.51331639 -0.20903856 -0.15538299
v -0.59182000 -0.19804288 0.30554891
v -0.58351457 0.08040075 -0.01266452
v 0.31360561 -0.22317290 0.40926221
v 0.58650982 -0.02247143 0.25119811
v -0.42430151 0.25857946 0.22197843
v 0.60907304 0.00883295 -0.01194704
v -0.15046203 0.20655498 0.15809029
v -0.65725619 0.09836196 -0.12556019
v -0.46487987 -0.07493195 -0.41994876
v -0.36286578 0.21613231 -0.41830006
v 0.40294528 -0.18187606 0.40604573
v -0.52561152 0.17971024 -0.38561237
v 0.52211493 -0.07820620 -0.31038702
v 0.28732610 0.06074261 0.31281379
v 0.38324988 -0.22992605 0.32920179
v -0.41859663 0.35018489 0.28468147
v -0.62158370 0.02554675 -0.18975982
v 0.30901289 -0.32004070 0.20362185
v -0.04100767 0.29429150 0.32167783
v 0.38412410 0.21473172 0.38096157
v 0.63006544 0.12757634 -0.01574844
v -0.44941092 0.12932247 -0.20652671
v -0.56640625 0.00093830 -0.00356660
v 0.47350505 -0.25194731 0.28814983
v -0.28900206 0.11446949 -0.08819001
v -0.58630288 -0.04240670 -0.13703018
v 0.63684207 0.02062138 -0.03089259
v -0.61050308 0.19115642 -0.39245817
v -0.59180999 0.09018853 -0.23486432
v 0.40151441 -0.15113163 -0.07745829
v 0.34220254 -0.18772361 0.12823287
v 0.38821527 0.15531273 0.43860692
v 0.34900400 -0.27835113 0.02861968
v -0.37477285 -0.19562709 0.22644304
v 0.37579226 0.32180202 0.13875231
v 0.07358741 0.25675598 0.31063491
v -0.36281890 0.37554547 0.24617264
v 0.07874260 -0.22380206 -0.45760342
v -0.64474821 0.19216344 -0.38906527
v -0.62128830 0.23457861 -0.38034761
v 0.01693409 -0.30813196 0.33092967
v -0.20014660 0.31355822 0.36785272
v -0.32692519 0.32996482 0.22202498
v -0.01619004 -0.12073340 -0.66000760
v -0.26813695 0.30738276 0.24332902
v 0.68393517 0.04847630 0.00894176
v -0.67859817 0.15203564 -0.23851798
v 0.40193221 0.31934553 -0.00091083
v -0.66012788 0.14476770 -0.33259499
v 0.27192912 -0.23024476 0.40120503
v 0.53126752 -0.13387316 0.15432651
v 0.48718333 0.11877092 -0.04354153
v -0.46365970 0.21345869 -0.33323854
v 0.09317624 0.02337997 -0.45456463
v 0.67212015 0.17078607 0.12899207
v 0.49451670 -0.03060821 0.42549580
v 0.13733459 0.16944796 0.44159463
v 0.33346012 -0.24883027 -0.40987301
v -0.00093998 0.24364299 0.18091391
v -0.61593097 -0.15548404 0.11312143
v -0.52362502 0.03851869 -0.22380930
v -0.02851438 -0.03576224 -0.40944690
v 0.45704088 -0.05418375 0.42578816
v -0.50924999 -0.14746055 -0.30952039
v -0.45446697 -0.00580522 -0.32988039
v -0.52025056 -0.15292962 0.00222735
v 0.35608435 0.03938773 0.28189903
v 0.03828308 0.20482996 0.47723958
v 0.61840528 -0.03837347 -0.08215334
v -0.36396506 0.01181236 -0.53537357
v 0.26309121 0.07823686 0.40445814
v 0.38082832 -0.02039219 -0.11155048
v -0.43998718 -0.10240296 -0.52299142
v 0.63764709 0.10461727 -0.12266326
v -0.21485360 0.27996105 0.27879012
v -0.01457934 -0.01079102 -0.58532417
v -0.42929730 -0.23715922 -0.23739044
v 0.26591501 0.19157316 0.32592449
v 0.57901770 0.02906555 0.21424776
v 0.51191336 -0.07003656 0.25024402
v 0.53814149 -0.07079235 0.22950239
v -0.30314377 0.33802134 0.41146672
v 0.11701258 0.02399925 -0.42092526
v 0.43940014 -0.27887732 0.27501082
v -0.42150041 0.25281858 0.21961039
v -0.37940246 -0.20076245 0.26666966
v 0.53825724 -0.05580968 -0.08206625
v -0.51654512 -0.04583439 -0.41184032
v 0.51558739 0.13612913 0.10585907
v -0.72133607 0.16487415 0.10504536
v -0.20624509 0.39036691 0.33627966
v -0.46136877 -0.12780148 -0.50387329
v 0.24439159 -0.21360269 0.32781005
v 0.59686023 0.00410072 0.33586323
v -0.44793323 -0.02860128 -0.12109067
v -0.51086020 -0.08821649 -0.02276664
v 0.69275391 0.04539409 0.24285650
v -0.19902270 0.19878475 0.32707581
v -0.55846912 0.20761016 0.15999608
v -0.37753513 -0.07240262 0.01636127
v 0.70475876 0.00078294 -0.13763498
v 0.46645620 0.26398435 0.21095833
v -0.00842021 0.20543641 -0.12249995
v -0.14429542 0.11193421 -0.55071491
v -0.59521282 0.20207837 -0.02030587
v -0.40481466 0.16872469 -0.43919709
v -0.58113784 -0.03345905 -0.23791604
v -0.20604932 0.31045750 0.38169426
v 0.56375080 0.00131780 0.06142749
v 0.47634870 0.09142542 0.12551041
v -0.07082694 0.09854199 -0.51855409
v -0.51938778 -0.14358583 0.32883444
v 0.47822863 -0.25166890 -0.13039750
v -0.11244006 -0.04316748 -0.61910707
v 0.63777345 0.13559553 -0.00386906
v -0.55375081 -0.06518754 -0.31253529
v -0.39642352 0.18989724 0.40684348
v -0.81450319 0.06457648 -0.02729302
v -0.67193085 -0.08093782 0.01201243
v 0.75191629 0.07125147 0.09910941
v -0.34110788 0.26586223 0.38361487
v -0.37444544 0.14966327 -0.48691332
v 0.30017963 -0.23505622 0.26000199
v 0.38375449 -0.13582002 0.13932779
v -0.41338277 -0.20824304 -0.06895354
v -0.25813881 0.03016597 -0.41796073
v 0.25495717 -0.12168619 -0.48953563
v -0.32014573 -0.23189376 -0.23882878
v 0.57927179 0.04909095 -0.05213702
v 0.48089218 -0.17448884 -0.11242095
v -0.20366730 0.07082334 -0.27959526
v -0.51325101 0.30013019 0.25687811
v -0.57610744 0.02485325 -0.38595140
v -0.57278460 0.09072942 0.28509906
v -0.72196656 0.11715721 0.12325759
v -0.53933412 0.10079805 0.33464068
v 0.33238658 0.18392292 0.37319660
v 0.63507318 0.08890691 0.05776840
v 0.00672927 -0.32275915 0.03669406
v 0.40749210 -0.11733440 -0.43506467
v 0.28117394 -0.03440191 -0.46016768
v -0.74135721 0.07321720 -0.18166567
v 0.69373107 0.08723857 0.00084714
v -0.56636530 -0.15982535 0.31988132
v -0.50484478 0.26883537 0.27749342
v 0.26396129 -0.20184591 -0.49000078
v 0.53242075 0.14426373 0.39447850
v -0.18138468 0.08260677 0.51293510
v -0.69017810 -0.09148362 0.16454336
v 0.29191205 -0.27713311 0.03057063
v 0.66752207 0.17165655 0.23264533
v -0.77005684 0.03119723 -0.28453019
v -0.18896635 -0.02017164 -0.59312594
v -0.43100250 -0.13459651 -0.08488601
v -0.54467314 -0.15739489 -0.21978934
v 0.02744741 -0.32950905 -0.13860472
v -0.55772734 0.11894070 -0.43713194
v 0.35355416 -0.10799509 0.23408274
v 0.78465033 -0.02739533 -0.06321638
v -0.43534303 -0.03802750 0.46027449
v -0.55388743 -0.05650318 -0.42393869
v 0.33183768 -0.13509791 -0.46524137
v -0.29325041 0.02686355 -0.55825740
v -0.13216773 -0.30331472 -0.52216834
v 0.49834883 -0.00863577 0.28938371
v -0.54884565 -0.13983126 -0.29517519
v -0.66057682 0.19792412 0.10476044
v -0.30101231 -0.28579229 -0.49271500
v 0.38509402 -0.28248116 -0.31814900
v -0.17674401 -0.18734017 0.50672674
v 0.34269768 0.07440015 0.27997887
v -0.04011430 -0.29889175 -0.27684954
v -0.12890306 0.18559001 -0.09790801
v 0.33611929 0.04484400 0.30817053
v -0.08244891 -0.11574207 -0.42460296
v 0.52217668 0.15058510 0.21394068
v 0.47184756 -0.23565906 -0.12971038
v -0.18945341 -0.27174836 0.30477908
v 0.17725720 0.20623612 0.04699985
v -0.79306436 0.03545096 -0.11057937
v 0.29429632 -0.04082399 0.51708573
v -0.59108722 0.23343146 -0.16859682
v -0.61863220 -0.00938555 -0.18739030
v 0.35875690 0.20759580 0.22493391
v 0.35194591 -0.18030810 -0.09453952
v -0.20819029 -0.18533771 -0.54602575
v 0.64302188 -0.01598621 0.30110765
v -0.12562229 -0.23646276 -0.57146060
v 0.74591529 0.04946421 0.09873832
v 0.06874911 -0.32160196 0.01180960
v 0.40165767 -0.05979488 -0.24323069
v 0.08680992 -0.32766974 -0.21941587
v 0.09659095 0.19672385 0.47979715
v -0.35721081 0.28527126 0.03446857
v -0.06492241 -0.20660707 0.46097603
v -0.30410418 0.32644278 0.38636822
v 0.34833205 0.11200484 0.08389652
v 0.69606900 -0.02402945 -0.03050835
v 0.54967344 -0.08341483 -0.29475212
v 0.60299850 -0.09237875 -0.13747752
v 0.34929669 0.15489334 0.37472701
v 0.18242700 0.16416459 0.43959790
v -0.44248641 0.22128291 -0.36019969
v 0.11666757 -0.16894834 0.40990072
v 0.28868398 0.07849556 -0.33997026
v -0.69016349 -0.04110852 -0.27162743
v 0.52069116 0.09354754 0.08320866
v -0.42744911 -0.16198409 0.14226875
v -0.28164166 -0.10271297 -0.25484326
v 0.37001178 -0.25603962 -0.27188221
v -0.41324532 -0.27368167 0.31208006
v -0.47393519 0.29992658 0.21293506
v -0.31867599 -0.13870054 -0.60775393
v -0.58141750 0.01405518 0.25981224
v 0.03809958 -0.15818512 -0.64052379
v 0.35696116 -0.16056511 0.19679090
v -0.68705070 -0.02044909 -0.28401044
v 0.26284540 0.04089854 0.39549491
v -0.25957412 -0.25261763 -0.47080052
v -0.24155690 -0.11425668 0.53255194
v -0.42084444 -0.11190324 -0.42469475
v 0.62241209 -0.03048321 -0.20539811
v 0.63791907 0.04124654 -0.02033725
v -0.13008378 0.30503380 0.42842942
v 0.71919584 0.03715513 0.07918650
v 0.20468628 -0.27161133 -0.42216784
v -0.21093526 0.16748206 0.50141692
v -0.57594895 -0.18146448 0.02619628
v -0.58225489 0.11712793 0.02424058
v 0.72752261 0.03475450 0.09054076
v 0.37234938 0.18157986 0.40574908
v -0.57555127 0.18063913 0.24840587
v 0.68236065 0.15684962 0.11067842
v 0.27640259 -0.30543554 -0.21904722
v 0.35057876 -0.26479170 0.07951038
v -0.15766338 -0.23171684 0.48934686
v -0.49256492 -0.15373918 -0.37694514
v -0.19219768 -0.00912347 -0.56605226
v -0.56056035 -0.03758994 -0.36077517
v 0.17743449 -0.30765757 -0.32341641
v 0.17970993 -0.29647052 -0.33725092
v -0.61988932 0.22201070 0.04865547
v -0.46884841 0.23120020 -0.00267893
v -0.53258419 -0.14225933 0.25021216
v 0.42869219 -0.19323307 -0.12056418
v 0.05554693 0.15369514 -0.23355535
v 0.40330321 0.32699788 0.15438668
v 0.46052128 0.00443032 0.08390032
v -0.61101276 0.16829520 -0.20619723
v 0.70894057 -0.08448479 -0.12841929
v -0.21579373 -0.06008014 -0.59266406
v 0.43259063 0.12028076 0.26884931
v -0.56385130 -0.07202748 0.31318918
v -0.04659030 -0.22475657 -0.65123755
v 0.21346031 0.31395239 0.35048425
v -0.39997113 -0.11779909 -0.54499263
v -0.30189618 -0.02815621 -0.60016501
v -0.33679444 0.26436031 0.41432443
v 0.31905589 -0.00486605 -0.30812186
v -0.60105681 0.17129616 -0.27371973
v -0.62530309 0.08820416 -0.34118742
v 0.43124622 -0.19479720 -0.07934242
v -0.40858766 0.20962454 -0.34835288
v -0.48263076 -0.09472492 0.39501834
v -0.35479510 -0.14711727 -0.54954165
v -0.35898632 0.35746911 0.25924644
v 0.06327704 -0.28275582 -0.40146071
v -0.52034307 -0.03621202 0.02308863
v 0.60263407 -0.03387575 0.34299737
v -0.50369847 0.13089389 -0.40069473
v -0.70345199 0.07347712 0.10914697
v 0.40420470 -0.08440648 -0.42851144
v 0.27403268 -0.30560383 0.02539599
v 0.11494122 -0.14287961 0.40604323
v 0.56996191 0.01126848 -0.21732548
v 0.51247990 0.07334484 0.19885823
v -0.51048076 -0.04169524 0.37618577
v 0.20334677 0.01225931 0.34881854
v 0.67245853 -0.00394366 -0.07332644
v 0.28378537 -0.22278325 -0.21590634
v -0.33685085 0.22824678 -0.33471248
v 0.55119628 -0.16083814 0.29360813
v -0.48348987 -0.24276866 0.23804529
v 0.78041273 -0.03211454 -0.09819794
v -0.30677402 0.06205882 -0.35456887
v 0.04831459 -0.14672408 -0.47627002
v 0.26435983 -0.06331247 0.27925038
v 0.51533967 -0.21513236 -0.24743398
v -0.08766484 -0.27637482 -0.47577652
v 0.23831797 -0.27181128 0.25774240
v 0.64058000 0.05977182 0.02368333
v 0.52983385 -0.09834503 0.35170138
v -0.15251094 0.14392149 0.41778323
v 0.72746283 0.07408550 0.18118331
v 0.41165739 -0.24865790 0.20754533
v 0.17340539 -0.32849711 -0.08408578
v 0.44653735 -0.25975364 -0.18672302
v -0.56339997 0.17183839 -0.39938095
v 0.11520559 -0.32484835 -0.08875324
v -0.61199230 -0.05119190 -0.31658310
v -0.09545302 0.31585255 0.44233343
v -0.45959347 -0.19749057 -0.12120473
v 0.43635720 -0.20412639 -0.00356137
v -0.50615591 0.07243487 -0.29866201
v -0.36593923 -0.17257349 -0.55502725
v -0.38004234 -0.18428887 -0.06328690
v 0.17498259 0.16429654 0.47863707
v 0.70223039 0.01003076 0.11169057
v 0.32409713 0.02818466 -0.23315476
v 0.33530766 0.05085793 0.29149258
v -0.40867275 -0.20117401 -0.30032134
v 0.25024301 -0.12288000 -0.48882633
v -0.06735769 -0.29118693 -0.59031022
v -0.45918164 0.28050041 0.25751987
v -0.57861811 -0.17348298 0.22005513
v 0.03760408 -0.31068897 -0.34406161
v -0.03138354 -0.22555859 -0.43654120
v -0.18207625 -0.06652847 -0.49219668
v -0.02584195 -0.32558945 -0.09442008
v -0.52307993 0.17608002 0.31345612
v 0.59595209 0.12145136 -0.01685518
v 0.32122737 0.20235561 0.43766776
v 0.68028408 0.00628935 0.22908598
v 0.42195508 -0.22178726 0.25566053
v -0.33289307 -0.13832097 -0.08262782
v -0.30978823 -0.16067414 -0.11605882
v -0.17811815 0.04892746 -0.57471037
v -0.58654171 0.15977351 -0.30279604
v -0.44507399 0.27437791 0.13919085
v -0.55619693 0.11034310 -0.10465266
v -0.22470459 -0.04683019 -0.37921619
v 0.26278952 0.25037026 0.38172421
v 0.60175353 -0.04436656 -0.21458915
v 0.59428710 0.03310148 0.11329365
v 0.51473689 -0.01467273 0.12601405
v 0.62019849 0.02013393 0.11269633
v -0.38442639 0.08202527 0.39276737
v -0.43704247 -0.07138577 -0.34750348
v 0.36417139 0.04881159 -0.36067024
v 0.60546923 -0.10253953 -0.13034493
v -0.18036468 -0.23778667 -0.56477708
v -0.45157459 0.19188163 -0.09575148
v -0.55298942 -0.01422290 0.30715138
v 0.59135115 -0.03990585 -0.15691783
v 0.47870502 -0.07645071 0.43620488
v 0.40959677 -0.32134008 0.32604843
v 0.50766736 0.15565532 0.40982535
v -0.71343750 0.07560135 0.10270388
v -0.65551919 0.10078399 -0.33443823
v -0.41344073 0.08953185 -0.41039389
v -0.34261557 0.22005805 0.40395477
v 0.70933962 -0.00783518 -0.11210060
v 0.62925625 -0.00148172 -0.04340197
v -0.42219454 -0.16631085 -0.50627941
v -0.31901705 -0.26959801 0.46949124
v 0.07352158 0.03544899 -0.41832218
v -0.57455289 0.10922980 -0.24200369
v 0.25172618 -0.26469392 -0.40490067
v -0.67287201 0.03762423 0.15291119
v 0.27157405 -0.30950233 -0.32998395
v 0.70636404 0.14348426 0.10143786
v -0.63047647 0.06403185 -0.13375944
v -0.56243193 0.05154456 -0.26827559
v 0.45501465 0.06861896 0.11093356
v -0.50250220 0.04122980 -0.08579918
v -0.32468849 -0.03633659 -0.55477685
v -0.44703436 0.06087408 -0.28144163
v -0.67368835 -0.01954320 -0.10471983
v -0.62923342 -0.07402874 -0.16429117
v 0.55438179 -0.14241166 -0.21280076
v -0.66824317 0.19210133 0.10476226
v -0.12628454 -0.00798594 -0.13359556
v 0.12204430 0.34192523 0.33170149
v -0.05834499 0.32104439 0.42414156
v -0.24386419 0.27871484 0.42632392
v 0.00161448 -0.27845415 0.32783806
v -0.65878040 -0.04280428 0.11526299
v -0.00222835 -0.29526067 0.26407242
v -0.27535087 0.15882125 -0.46917278
v -0.41251495 -0.14495006 -0.31497583
v 0.51799220 0.23035136 0.28030953
v 0.01417171 0.04540149 -0.40095627
v 0.29409060 -0.18875402 -0.47333652
v 0.69338298 -0.06107081 -0.17785273
v -0.60887390 -0.11235794 -0.04253337
v -0.39153019 -0.19144270 -0.53150028
v 0.70679843 -0.02616097 -0.20104241
v -0.55953813 -0.17345525 0.23009419
v -0.28877196 -0.31592214 -0.42178100
v 0.58691460 0.07121912 0.03444315
v 0.63487542 -0.03414500 -0.18272582
v -0.28203616 0.11575844 0.12448737
v 0.54613191 -0.04455414 0.25775728
v -0.29530650 0.13835564 -0.30548480
v -0.23911421 -0.27845600 -0.54318690
v -0.04786591 -0.29777884 0.35601100
v 0.52956325 -0.21887916 0.05067681
v 0.16484417 0.15673834 0.43317309
v -0.51938820 0.24350959 0.10896180
v 0.00613689 -0.12703039 -0.65385658
v -0.37528712 -0.28092122 0.36001205
v 0.65930057 0.13363346 0.26913404
v -0.29396126 0.18262736 -0.42150241
v -0.33669752 0.39814308 0.17684829
v -0.55427194 0.12975332 -0.43998885
v 0.22074373 -0.09071656 0.32647264
v 0.72279382 0.03033041 0.08439533
v -0.24011604 -0.09583387 -0.65747184
v 0.47359550 -0.00388649 -0.30239418
v 0.72851682 0.15612739 0.17548379
v -0.06280906 0.06977477 0.50783038
v 0.76160419 0.10680097 0.12240844
v 0.54829961 0.10521451 0.22944877
v 0.01854442 -0.12624083 -0.65110815
v -0.48406968 -0.12427666 -0.39475295
v 0.39809972 -0.32080716 0.31166899
v 0.75449288 0.07619202 0.03621854
v 0.24141750 0.29615039 0.41859347
v 0.51546061 -0.19053349 0.26739997
v 0.65899062 0.09321636 0.10546005
v 0.58625335 -0.02011501 -0.19260821
v 0.32651478 -0.12203977 -0.44800901
v 0.55992699 -0.16143189 -0.15968567
v -0.03259528 -0.24805683 -0.37386653
v -0.62903094 -0.11664546 0.27254719
v -0.12990524 -0.30072963 -0.47510052
v -0.47286972 0.17509438 -0.40656775
v 0.33260077 -0.28806633 -0.25090635
v -0.34837884 0.37475231 0.35759568
v -0.52310008 0.09058702 0.03292959
v 0.37198874 0.22107413 0.20286268
v 0.43573540 0.01740186 0.08978318
v -0.06729595 -0.03237845 0.54379654
v -0.27578592 0.07286029 -0.46473318
v -0.38202322 -0.09148958 0.48125625
v -0.24570085 0.29415154 0.37752080
v 0.27048889 -0.17112854 0.48178440
v -0.28300989 -0.25262398 -0.40592211
v 0.32179683 -0.18895429 0.24512970
v -0.67717165 0.15189135 -0.23752400
v -0.06001990 0.00381344 -0.52161324
v -0.55384588 0.28161752 0.23167711
v 0.39606968 -0.24733710 -0.22300842
v -0.25734383 -0.30879924 0.29767740
v -0.13743834 0.28672016 0.39437756
v 0.26182187 0.02668683 -0.42670307
v 0.68533432 -0.06042957 -0.06131462
v 0.05299738 -0.25161916 -0.40089542
v 0.26480022 -0.07302131 0.46684638
v -0.71228623 0.03758656 -0.11790334
v 0.15956423 0.11217843 0.29937795
v -0.49650431 0.03234069 0.05949033
v 0.28584582 -0.05133164 0.23349899
v -0.75548393 0.03690821 -0.13509299
v 0.50782079 0.15910834 0.22925046
v -0.02174073 0.17294553 -0.24955586
v 0.66877705 0.16272084 0.00922106
v 0.44788173 0.08112404 0.20384441
v 0.49444881 0.16805997 0.24572116
v 0.12315544 0.34251308 0.33419260
v -0.23525965 0.31143427 0.27145708
v -0.64331186 -0.03685505 -0.09616347
v -0.57068002 0.11319473 -0.33620608
v 0.29912913 0.05427269 0.29670346
v -0.08656721 -0.29972580 0.28367901
v 0.49361390 0.03248686 0.26404011
v 0.06298974 -0.25628456 -0.38716877
v 0.17502549 0.07517703 0.45327461
v -0.04909352 -0.27138105 0.44337153
v -0.32843724 -0.21069157 -0.29369229
v 0.38420039 0.03828087 -0.09367439
v -0.55411148 0.04440253 -0.39350733
v 0.30228627 -0.13106304 -0.48083684
v -0.60557568 -0.03194351 -0.22818494
v 0.51368117 0.19877347 0.13920608
v -0.56188440 0.21428496 -0.03513672
v 0.47032750 0.04654405 0.08308823
v 0.55022991 -0.09100662 -0.28346023
v -0.49739015 -0.27034071 0.12552851
v 0.24757886 -0.25321218 0.34143880
v 0.24249995 -0.21271303 -0.47899008
v 0.59028310 -0.02694796 0.06807165
v 0.48776028 0.09768846 0.28259942
v -0.25046489 0.11251007 -0.28903860
v -0.45131081 -0.00276322 0.11529277
v -0.45311660 -0.01129113 -0.42448461
v 0.51920205 0.15091822 0.15084133
v -0.31120232 0.31426755 0.19992140
v 0.45219046 -0.09502621 -0.37901929
v -0.44280320 0.23073983 -0.36507154
v -0.40837637 -0.12336244 -0.06563146
v 0.50493538 0.08434311 0.23566861
v 0.55228180 0.11857317 0.37076724
v -0.46987846 0.13514306 -0.41912961
v -0.34292436 0.18764213 0.45522833
v -0.23216411 0.03749263 -0.41706744
v 0.61480427 0.19253761 0.20396242
v 0.64818251 0.08781020 0.10676960
v 0.01311044 0.17316163 0.42074662
v -0.76001304 0.09948212 -0.12622857
v 0.71361715 0.01670009 0.13213083
v -0.60649884 0.06878905 -0.32599968
v -0.22020376 0.19417328 -0.35784233
v -0.01250089 -0.31475291 0.32668361
v 0.25732881 0.17705032 -0.01729336
v 0.35005373 -0.26975861 0.31755978
v -0.59372211 0.11170940 -0.15301934
v 0.61898619 0.20219973 0.20962408
v 0.41303068 -0.01190153 0.07223238
v 0.70530325 0.14792147 0.11205301
v 0.70483130 0.15103114 0.19968387
v -0.61776888 -0.06866454 -0.20297769
v 0.67148989 0.15791202 0.23740138
v 0.43770745 0.21814097 0.31667602
v -0.51397580 0.01732331 -0.36736879
v 0.21170944 -0.24467391 0.20820411
v -0.16356789 -0.23786779 -0.43288463
v 0.46777815 0.20534292 0.24700803
v 0.71496433 0.14662093 0.11020993
v 0.57271367 -0.17681310 -0.13942575
v -0.53837305 -0.07286409 0.33433139
v -0.74773937 0.15276621 -0.14977020
v 0.10894754 -0.31198168 0.10329011
v 0.32094130 -0.07960425 0.50070363
v 0.46947137 -0.20573352 0.34271818
v -0.72133017 0.18474451 -0.15502584
v 0.61923438 -0.01297410 -0.05578979
v 0.16619453 -0.07985447 0.39919108
v -0.61329579 0.22226910 0.09065717
v -0.24597125 0.29728645 0.15517405
v -0.28395382 -0.25220394 -0.30493388
v -0.12350753 0.30725482 0.42925200
v -0.35763454 0.33496407 0.27524540
v 0.60646248 -0.02938041 0.21727720
v -0.34659413 -0.14198887 -0.46412337
v -0.66163623 0.19657014 0.00925726
v -0.23745039 -0.35134050 -0.32948563
v 0.66937155 -0.08017065 -0.08136127
v 0.25102150 -0.26019540 0.18406236
v -0.39576954 -0.18828321 0.23751548
v 0.67381799 0.02252376 0.18027976
v 0.07386959 0.26176891 0.36158448
v -0.13192260 0.11287373 -0.58621901
v 0.67752314 -0.00196006 0.06203440
v -0.70980853 -0.01726295 0.10443527
v -0.59267658 0.19557512 -0.23387703
v -0.40997761 -0.12760928 -0.14017993
v -0.27174222 0.10805148 -0.51194817
v -0.19168597 -0.24872082 -0.23419012
v -0.35028675 -0.23090354 -0.11387161
v -0.36053786 0.37520662 0.32550561
v -0.13893218 0.05760082 -0.35014260
v -0.45555255 0.21109997 -0.39348924
v -0.44792029 -0.13705921 0.15898931
v 0.72633338 0.01321455 -0.06509775
v -0.35386518 -0.25515926 -0.48043197
v 0.44163963 0.12855226 0.24775729
v -0.51208216 -0.09143351 0.06544044
v -0.55351639 -0.11789587 -0.13425550
v 0.02673727 -0.31121010 0.16908330
v 0.60122198 0.03806610 0.12392736
v 0.48101401 -0.12750849 0.01115387
v -0.68154883 0.14271003 -0.35565880
v -0.29833987 -0.19580153 -0.06456402
v 0.50670117 -0.15723005 0.19364710
v -0.56198740 0.07233700 -0.20231867
v 0.59269434 -0.08725662 0.00647524
v -0.29691026 -0.13639289 -0.56312263
v 0.13019235 0.27316776 0.44878170
v 0.62669849 -0.01648706 -0.05174520
v -0.41380298 -0.04528651 0.47315815
v 0.00038075 0.26623684 0.40482405
v -0.56150848 0.07311981 -0.13259700
v 0.00073827 -0.23563367 -0.39309728
v -0.49892738 -0.03149381 0.37741628
v 0.74643981 0.11533971 0.16583207
v -0.71734709 -0.00658077 0.00368394
v -0.35684028 -0.25793067 0.42575195
v 0.32028693 -0.26619205 -0.39397290
v -0.66917497 -0.05454834 -0.25540009
v -0.18128511 -0.23030154 0.51935941
v 0.65492725 -0.06408162 -0.12844416
v -0.06465982 0.30618006 0.44868550
v -0.25917095 0.06985755 -0.56818020
v -0.30934146 -0.23622181 -0.33774319
v -0.70866472 0.20575729 -0.13982968
v 0.41229644 -0.32720441 0.31997275
v 0.42847165 0.26234066 0.02563577
v 0.56010371 -0.13543408 0.26974487
v 0.75554997 0.07008882 0.08338839
v -0.15300657 -0.20365861 -0.41204867
v 0.45277497 -0.20892239 -0.35547772
v -0.38793221 -0.01094558 -0.54874802
v -0.49918216 -0.13302302 -0.41159382
v 0.66075796 0.00678589 0.30681735
v 0.45239669 -0.25702357 0.11725938
v 0.34566247 -0.10372484 -0.19815111
v 0.57450366 -0.07416305 0.22484088
v 0.56832242 -0.09759957 -0.24862087
v -0.55091500 -0.09446924 0.21796039
v -0.82270288 0.07444201 -0.10913432
v 0.28129065 0.16051477 0.00986935
v -0.58367091 0.02792858 -0.20923552
v 0.32271957 -0.28240454 0.26044738
v 0.17312779 0.19070801 0.47378853
v 0.08631757 0.02287317 -0.44130713
v 0.68995649 0.17522936 0.18876195
v -0.02366870 -0.30506811 0.26436082
v -0.25061232 -0.13921742 -0.62955350
v 0.43862921 -0.13577229 -0.03355139
v -0.19359684 -0.30646586 -0.05195282
v 0.68443620 0.02440798 0.07523036
v -0.73982137 0.16176617 0.08032426
v -0.60838681 0.19623329 -0.05303758
v -0.59975398 -0.15034118 0.20939779
v 0.34434342 0.19610681 0.36720082
v -0.63512492 0.08620092 -0.42005169
v -0.51668990 -0.14483750 0.34290940
v 0.39358738 -0.16929838 0.42725566
v -0.24051195 -0.22728316 0.49439991
v 0.27902856 -0.20081383 0.22920081
v -0.51517475 -0.21535616 0.33009255
v 0.58949238 0.00302754 0.25502294
v 0.20874603 0.03809305 0.35048825
v -0.41377902 -0.04996546 -0.00368784
v 0.43611079 -0.25014162 0.27020288
v 0.49871594 -0.21221404 -0.21419814
v -0.32342741 -0.22160460 -0.53780615
v -0.30176914 0.14598462 -0.48559937
v -0.48649195 -0.04410682 -0.34986666
v 0.40723661 -0.21802184 0.34997383
v -0.49103263 -0.25569856 0.19658421
v -0.00852075 0.04371213 0.53056616
v -0.73886353 0.08931998 0.09021914
v -0.12444523 -0.11964762 -0.55438250
v 0.19781852 -0.27972046 0.16151632
v 0.39034685 -0.09777797 -0.23554775
v 0.35835868 0.04141182 -0.37403399
v -0.59975553 -0.16705731 0.09033324
v -0.32503119 0.07510907 -0.07297745
v 0.26211554 -0.26134530 0.12597404
v 0.07957450 -0.27899790 0.29385668
v -0.37337065 0.11995343 0.11199144
v 0.05320615 -0.29626420 -0.33774590
v -0.26891840 -0.22505705 0.36017758
v -0.16377041 0.16270456 0.24668655
v -0.57395196 -0.17696151 0.14945072
v 0.07808473 -0.27046537 0.31625220
v 0.36897224 -0.07230620 0.21712911
v -0.59724677 -0.05522394 0.24164437
v 0.31460539 0.06239863 0.45114130
v 0.30653474 0.15983163 0.43680674
v 0.34413478 0.18291569 0.42965928
v 0.61011565 -0.00240105 0.05786398
v 0.13537824 -0.22183204 0.35827288
v 0.29228830 -0.07165738 0.38264760
v 0.05434462 0.25041819 0.29587319
v 0.50091034 -0.04339644 -0.05460946
v -0.19664332 0.09250200 0.50562251
v -0.61374062 0.16981097 -0.06376158
v 0.52998990 -0.17039874 -0.24541329
v 0.61156589 0.11208903 0.14243945
v -0.13343936 0.14150333 0.49435335
v -0.37081710 0.31640214 0.38773534
v -0.27587155 0.16623527 -0.41215596
v -0.25400126 -0.23646751 0.49435303
v 0.23568429 -0.29609963 -0.14589028
v 0.23235631 -0.02118310 0.30756998
v -0.32893974 0.31662804 0.23219325
v -0.17545943 0.09995285 -0.46534854
v 0.38933367 -0.21463850 0.10590200
v -0.23963389 0.34494597 0.42288679
v -0.12906536 -0.31546941 -0.07560366
v -0.54956669 0.16353680 -0.41739014
v 0.69042653 0.00538390 0.24639492
v -0.17369854 0.27798334 0.32115662
v -0.40540850 -0.19592981 0.20120427
v -0.04166302 0.07472800 0.51620537
v -0.02961613 -0.04349899 -0.51795596
v 0.64250213 -0.03571860 -0.06314296
v 0.38465676 0.22926439 0.18972281
v 0.66078514 0.01628650 0.05074840
v -0.54894137 0.07058363 -0.16314061
v -0.18975092 0.10447618 -0.56374586
v -0.03044549 -0.02863858 -0.51855445
v -0.51236272 -0.16605963 0.00790960
v 0.19466513 0.14161509 -0.23356022
v -0.28035915 -0.03373493 0.47156438
v -0.39770538 0.23237841 -0.28833446
v -0.41489822 0.17117320 0.41198471
v -0.14690357 0.19772246 -0.04421664
v 0.66386598 0.15042353 0.25569987
v -0.35266569 -0.16391793 0.46273720
v 0.37106118 -0.08615996 0.22203089
v -0.09126450 -0.14537933 -0.40162581
v 0.72190404 0.06760188 0.18096170
v 0.48609126 0.12398694 0.24556781
v -0.45818517 -0.15680632 -0.38628608
v -0.59348977 -0.05789349 -0.22566466
v -0.63178605 -0.17174269 0.22996926
v -0.57045484 0.08224697 -0.40085125
v 0.46673307 -0.04066339 0.37138087
v -0.43515861 0.28993464 0.25228527
v 0.32497987 -0.29118669 0.32022214
v -0.74213403 0.06876875 -0.13411003
v 0.18863565 -0.30913109 -0.07341633
v 0.64221454 0.15429541 0.12172935
v 0.21122108 -0.11463091 -0.49430260
v 0.42585242 0.21172713 -0.01985273
v -0.44954339 0.32675391 0.19886741
v -0.16874766 0.06241679 -0.45677719
v -0.74970347 0.04208316 -0.00781802
v 0.61342424 -0.09362124 0.32745311
v 0.54896468 0.24994484 0.01086324
v 0.43385610 0.01872733 0.28732941
v 0.52693301 -0.04950115 0.15048271
v -0.72650647 0.01319846 0.08144341
v -0.60199207 0.17912152 -0.05511292
v 0.60819232 -0.03251209 0.34582454
v 0.58046538 -0.09811938 0.19252992
v 0.27506420 -0.07337143 -0.47718671
v 0.01620691 -0.31715351 -0.25831321
v -0.31129381 -0.20601767 -0.58831203
v -0.51681805 0.25450909 -0.37742746
v 0.75561720 0.12854874 0.09955402
v 0.60115296 0.01520630 -0.02967394
v -0.47359103 0.04291864 0.06558008
v -0.62689972 -0.06521156 -0.21414208
v -0.70026231 0.07651251 -0.12410285
v 0.65049261 0.08638124 0.13775265
v 0.30118927 -0.25026616 -0.39774793
v -0.53661919 -0.22018853 0.32265812
v -0.24031200 0.16234511 0.33258462
v -0.48227566 -0.23990265 0.32206467
v 0.49942034 -0.03533807 -0.06758884
v -0.15180737 -0.36425525 -0.36203167
v -0.18846889 0.32327431 0.33716440
v -0.22095983 -0.29129264 0.35372686
v -0.65081668 -0.09112628 -0.13731775
v -0.31624186 -0.26832080 0.46835336
v -0.65164369 0.23191440 -0.21340089
v -0.43574497 -0.17858541 -0.39059010
v -0.30643189 -0.14915286 -0.61240947
v 0.24611157 0.21877789 0.45353392
v -0.08947407 0.19978824 0.32448518
v 0.03173164 0.04983688 0.43539751
v -0.27125797 -0.13600478 0.52219665
v 0.12391348 0.07513033 -0.44317007
v 0.42425802 0.20390725 -0.02995469
v 0.38101122 0.23353136 0.15230390
v -0.03392519 0.08363044 0.44446558
v -0.59135926 0.14384589 -0.09041795
v 0.64949745 -0.02340969 -0.06700739
v 0.44875017 0.31005540 0.14441654
v -0.35859960 0.10479230 0.07723404
v 0.41175595 -0.02985511 0.44834450
v -0.64519173 0.08336365 0.18664108
v 0.72738922 -0.03236459 -0.17780781
v -0.19448480 -0.26612052 -0.43859929
v 0.51895851 0.21542007 0.27036175
v -0.55394650 0.14089654 -0.41370270
v -0.60407591 0.22454301 0.12186892
v 0.58865839 0.13580748 0.15555573
v 0.31982839 -0.04783828 0.35281211
v 0.53420752 0.11803456 0.36241561
v -0.40919805 -0.23161562 -0.19262496
v 0.61371505 0.19658715 0.18297809
v -0.66983795 0.11647747 -0.33794820
v -0.74422944 0.00140229 -0.26474562
v -0.22370982 -0.28981745 -0.11648577
v -0.17382932 0.09617085 -0.44813761
v -0.23156984 0.10837004 -0.54113662
v -0.30132860 -0.05597365 0.05289638
v -0.41235220 -0.17359354 -0.05432587
v 0.39686939 -0.28734136 0.06489905
v 0.65864092 0.02020610 0.17114934
v 0.61538196 0.03699514 0.32476366
v 0.50777245 -0.07226508 -0.33173519
v -0.38871792 -0.01867821 0.46340671
v 0.54896528 0.06081311 0.35662392
v -0.35675296 -0.19730961 0.23153093
v 0.73396146 0.12351144 0.17893851
v 0.64176226 0.18392891 0.13379592
v -0.15284455 0.10206467 -0.55696291
v -0.17616843 -0.30911556 -0.43294024
v -0.25045764 0.07579977 0.22946584
v 0.63367504 -0.08410433 -0.09120147
v -0.63993812 -0.08388245 -0.15002120
v -0.34943575 0.09765927 0.15656057
v 0.64453304 -0.02691165 -0.04790465
v 0.51824462 -0.15359016 0.36373156
v -0.33879673 0.36772120 0.36874947
v -0.08313418 -0.26307923 -0.57842797
v 0.22391385 0.23305945 0.44710135
v -0.66992378 0.16946861 0.02221357
v 0.59966183 0.09572175 0.32585296
v 0.52711183 0.18847373 0.26242998
v 0.67167783 0.04810553 0.25024137
v 0.53840709 -0.10015833 0.16045541
v -0.18620986 -0.23411393 -0.37531471
v -0.15526454 0.12244917 -0.48290452
v -0.28028762 -0.09644628 -0.18449719
v 0.52018672 0.03988582 0.19030756
v 0.35505247 0.22848347 0.30131137
v -0.54991692 0.22667000 -0.30618393
v 0.27143741 0.07113272 -0.38934973
v 0.42294145 0.22282901 0.29973346
v 0.27135631 -0.05867304 0.38088953
v -0.17578776 -0.15195301 -0.36284006
v -0.30948126 -0.29593152 -0.48583999
v -0.51139057 0.18657355 -0.03746396
v -0.42032126 0.03705772 -0.54285318
v -0.09820639 0.06432397 -0.57206440
v -0.36831659 -0.22363430 0.27172759
v -0.45328948 -0.11020570 0.17320640
v 0.34767795 -0.11057256 0.05259313
v 0.49328578 -0.01384040 0.07416082
v -0.65401351 -0.08992319 -0.13620988
v 0.64654839 0.19032568 0.20610805
v -0.51121241 -0.22663362 0.07543296
v 0.83380240 0.04627151 -0.08667843
v 0.55958766 -0.17788880 -0.14870535
v -0.52256423 0.17517665 -0.17940111
v 0.49385521 -0.03280184 -0.06017950
v -0.21925347 0.15051274 0.35854837
v 0.15595472 -0.23517954 -0.46691281
v -0.31366470 0.36519560 0.23747656
v -0.09627534 -0.27557680 -0.55384398
v 0.70281821 0.11875281 0.21864861
v -0.68140352 0.10925424 -0.33762738
v 0.53521967 0.04098083 0.04135387
v 0.49101260 0.12002926 0.10191085
v 0.03583559 0.27700096 0.35669658
v -0.16202109 0.10842960 -0.49915037
v 0.67189527 -0.04055641 0.28081995
v -0.47723806 -0.06117561 -0.51959920
v -0.09929259 0.29888901 0.39750826
v 0.73276389 0.13884127 0.08020862
v 0.24217729 -0.31961247 -0.24785304
v -0.77150834 0.06337012 -0.00878374
v 0.50048113 -0.16900635 0.35823065
v -0.37600467 -0.03799340 -0.54826838
v 0.32622495 -0.30297804 0.38228184
v -0.66056836 0.16419488 0.14717588
v 0.06065061 -0.29555479 -0.36129317
v 0.39594609 -0.11254691 0.11153175
v -0.54572850 -0.08749229 -0.00707316
v 0.47881371 -0.11830178 -0.01197071
v -0.59217542 0.08248553 -0.23329915
v 0.47488123 -0.04480549 0.29356581
v -0.40664858 -0.22846268 -0.13852720
v -0.55801684 0.14212686 -0.34121674
v 0.19260019 0.06126374 0.38110894
v -0.16512471 -0.14881626 -0.54822487
v 0.26668251 -0.33853000 0.20239043
v 0.47274524 0.13648364 0.31390420
v -0.30720505 0.17303807 -0.44528002
v -0.37413228 0.01385977 0.19815598
v 0.50188822 0.24869385 0.17674398
v -0.13586481 -0.31978008 0.22398406
v -0.06074172 0.08052537 -0.53441960
v 0.25570020 -0.19675228 0.21444947
v -0.68749642 0.03973513 -0.23953101
v 0.59180266 -0.12742054 -0.01162972
v -0.56114763 0.02110896 -0.24923593
v -0.74925566 0.05108086 0.10799262
v -0.18018223 -0.09281400 -0.58343542
v -0.40323260 -0.24380884 0.35120523
v 0.52566320 -0.03365231 0.16733381
v -0.52867353 -0.13695543 0.32772136
v -0.47368178 0.32040200 0.26378578
v -0.53446436 -0.10567572 -0.01330891
v 0.24055305 0.29657274 0.41091377
v 0.39734828 0.22131839 0.33425167
v -0.06499443 0.01318574 -0.51880866
v -0.23712806 -0.24747854 -0.52034181
v 0.10861460 0.13044146 0.35108635
v -0.36687049 -0.09625113 -0.10254425
v -0.42854822 0.15993276 -0.15993194
v 0.23626667 -0.19217452 0.29744345
v 0.57052028 -0.09697227 0.22545767
v 0.29405349 0.16260749 0.43701798
v -0.49433440 0.12358443 0.00343027
v -0.11172783 -0.13182312 0.53723288
v -0.37395549 0.26017436 0.40000963
v -0.22091986 -0.25180784 0.10344377
v -0.41169143 0.16389680 -0.48636097
v -0.56965905 0.11419120 -0.32945034
v 0.48142046 0.10551760 0.40926820
v -0.63088953 -0.04856737 0.13781308
v 0.47746712 0.01967997 -0.28217778
v -0.74932927 0.07550123 -0.06912167
v -0.32877207 0.32194847 0.02966855
v -0.30298632 -0.02984896 -0.60244560
v -0.36313286 -0.05547609 -0.56547225
v 0.62948114 -0.01957053 -0.02020179
v -0.44277519 0.13916598 -0.32125777
v 0.19672011 0.11653569 -0.36305058
v 0.58701980 -0.10329013 0.01654407
v 0.51077789 0.00161298 0.24680784
v 0.63254881 -0.03681678 -0.14551511
v 0.46733868 0.09063681 0.15917777
v -0.25539118 -0.23319037 -0.00887444
v -0.34530330 -0.06623515 -0.57508969
v 0.42137006 -0.24144599 0.25609571
v -0.69768322 0.03881960 -0.25383088
v 0.57064509 0.00851127 0.10291557
v -0.09314044 0.16640037 0.51251668
v 0.47610530 0.10452494 0.27221048
v -0.58768547 0.21560380 -0.14813243
v -0.10293126 -0.30594721 0.42647141
v 0.19468635 -0.26175779 0.21643332
v 0.50361466 0.09762372 0.02349320
v -0.31094673 0.33340019 0.41632456
v -0.60266113 -0.08716183 0.21500245
v -0.78583390 0.14707944 -0.18886441
v -0.60138226 0.29404598 -0.13354157
v -0.03538172 -0.13057446 -0.42658067
v -0.29820374 -0.30480546 0.38935259
v -0.34423113 -0.27594867 -0.46074557
v -0.20075296 0.23190618 0.30844527
v -0.60825938 -0.21666569 0.21064821
v -0.50264966 -0.01392891 0.03180216
v -0.29420269 -0.29982793 0.38252735
v 0.75732821 0.04007635 -0.15097183
v -0.33410326 -0.20611921 0.48525617
v 0.68840784 -0.00717684 0.05233919
v 0.21934327 -0.31072241 -0.01019697
v 0.60084474 -0.01599307 0.34584054
v -0.35982463 0.33693317 0.38928694
v -0.62932187 0.25828162 -0.18704802
v -0.49425143 0.12320638 -0.45256945
v 0.64324141 0.03018351 0.02168978
v -0.62148649 -0.01442975 -0.24826550
v 0.49574009 0.14196669 0.15627997
v 0.61460769 0.13061577 -0.00011306
v -0.01438724 0.28576753 0.35799289
v 0.57223481 0.01137159 0.10688962
v -0.56220728 -0.11942130 -0.34918508
v -0.44240442 0.21766634 -0.35865510
v -0.23197296 0.34590381 0.38286453
v 0.62781429 0.12262207 0.11116532
v -0.03856975 0.17074117 0.30723187
v -0.31260961 -0.11138898 -0.22643475
v -0.36490315 -0.07309470 -0.56372267
v -0.76634526 0.09513590 0.02004179
v -0.65810949 0.14723049 -0.12259310
v 0.28978425 -0.06143020 -0.31947219
v -0.42462200 -0.15136829 -0.05436388
v -0.30974627 0.13961622 -0.32579085
v -0.72994828 -0.06080022 0.02900714
v 0.30443031 0.14361587 -0.15052781
v -0.39752093 0.14024577 -0.23344436
v 0.33821794 0.21299407 0.28246173
v -0.60162008 0.22295436 0.06678282
v -0.26516560 0.11183791 0.46828380
v -0.55806017 -0.23727264 0.25450173
v -0.63776290 0.18107767 -0.27569264
v -0.66608119 0.14488979 -0.33578980
v 0.05328909 0.26839796 0.31374884
v 0.24272625 -0.12705427 -0.26235542
v -0.43875182 0.04036719 -0.52894330
v -0.16176943 0.27055377 0.31810492
v 0.48883200 0.05930065 -0.14410619
v -0.23702747 -0.08714335 0.30259582
v -0.41466817 0.29676512 0.01894260
v 0.47870705 -0.01064546 -0.10424823
v -0.51793081 0.13942723 -0.39634952
v 0.26624131 -0.11932033 -0.48320448
v 0.46199515 -0.15314673 0.35795811
v -0.30348301 0.17868999 -0.45046005
v -0.53104305 -0.22775689 0.29923609
v 0.19137177 0.23472677 0.46383244
v 0.05298335 -0.14609395 -0.51506495
v 0.61613619 -0.08699661 -0.12516615
v 0.61625499 -0.05929036 0.34382784
v 0.47275549 -0.02319048 0.10417748
v 0.09874096 0.19645989 -0.07773452
v 0.55060440 -0.01563171 0.19205967
v 0.51379937 -0.19740246 -0.26475874
v -0.52642787 0.14748201 -0.10095607
v 0.03578975 0.22017387 0.25647688
v 0.54134542 0.02822891 0.39663440
v -0.63660163 0.01012591 -0.18114425
v 0.31644285 -0.08053581 0.35095719
v 0.25688553 0.12751701 0.40834349
v 0.70603687 -0.00577457 -0.01896178
v 0.77343398 -0.03693054 -0.12355736
v -0.58182561 0.06779318 -0.32619700
v 0.49535882 0.02481456 0.38382024
v 0.37482238 -0.10561875 0.16776581
v -0.34420934 0.36723012 0.37189230
v -0.65664494 -0.07484117 0.02201561
v 0.32300499 -0.26918259 0.24537700
v 0.60203743 -0.10761705 -0.04821093
v -0.24806358 -0.28100723 -0.37085256
v -0.51097280 -0.13629764 0.34812289
v 0.43458897 0.04811731 0.05238371
v 0.70787150 -0.07566555 -0.13697484
v 0.79099268 0.08927219 -0.14768617
v 0.64323151 -0.05772386 0.26403952
v -0.16335090 -0.17367753 -0.63307357
v -0.48319790 0.18107705 0.35017493
v -0.71251446 0.03819802 -0.23950770
v 0.65196675 -0.03750588 0.25347885
v 0.44751903 0.24433669 0.25949824
v -0.44777256 0.06670006 0.05634273
v -0.54669237 -0.01562871 0.00755572
v -0.33070701 -0.21706221 -0.53576666
v 0.48561406 0.09881909 -0.02516999
v 0.53986657 0.01507283 0.39557043
v 0.51656008 0.02121716 0.38923761
v -0.52294999 0.02321541 -0.38913554
v 0.50488937 0.13343835 0.15464747
v 0.28766066 0.01049795 0.46467578
v 0.63155735 -0.03851877 -0.06247590
v -0.57331878 -0.07680109 -0.12034609
v -0.53793973 -0.04689661 -0.42496812
v -0.10882401 0.13646200 0.30594820
v 0.63813412 0.12133266 -0.04882749
v -0.73157549 -0.09668683 0.13297188
v -0.61705160 -0.00062531 -0.34835863
v -0.68371713 0.11583478 -0.35534769
v -0.42128414 0.24438991 0.03915870
v 0.67553318 -0.00318071 -0.21413815
v 0.49373940 0.09110753 0.33862004
v 0.11276405 -0.14787760 0.42622662
v 0.66318458 0.02179074 0.13720635
v -0.64689803 0.06204281 -0.29405954
v -0.31204149 0.26773202 0.26246372
v 0.13203064 0.12385938 -0.33099002
v -0.34414953 -0.25411540 0.09803297
v 0.64713770 -0.00597003 0.00703416
v -0.52732718 -0.00014413 -0.30762768
v -0.57931912 -0.08232737 0.03218480
v -0.44437921 -0.00165566 -0.36993963
v -0.19109270 0.10771324 -0.47407788
v -0.30849302 -0.27827486 0.46854874
v -0.63775033 0.08800353 -0.08310267
v -0.17109489 -0.20373601 -0.53991652
v 0.69522953 0.01360192 -0.10362153
v -0.28253591 0.21425809 0.41027370
v 0.49694377 0.14555138 0.15719819
v -0.34773016 0.36676040 0.36142570
v -0.35696131 0.26115406 0.27410442
v 0.51505774 -0.02448629 -0.01496686
v 0.64929605 0.07146335 -0.12498295
v 0.70088005 -0.01929800 -0.21055558
v -0.23460121 0.14206827 0.34662926
v 0.64270306 0.09449747 0.04857917
v 0.38668868 -0.08024656 -0.25770277
v -0.49355721 -0.18846598 0.28973439
v -0.45731524 0.21425337 -0.18796256
v -0.53811765 -0.19325270 0.32901582
v 0.64079487 -0.07059608 -0.11385825
v -0.74596578 0.03168214 -0.12388574
v 0.69618213 -0.01952112 -0.06780707
v 0.62425762 0.02387766 -0.10014029
v -0.60934842 -0.01244864 0.21267983
v -0.65862542 0.09131406 -0.11245570
v -0.17015772 -0.29003736 -0.43622825
v -0.37318853 0.17884822 0.42951185
v 0.27534416 0.19438775 0.33256635
v -0.68203902 0.08146007 -0.30605644
v 0.64264518 0.02857089 0.05501571
v 0.71796989 0.04544824 -0.01854194
v 0.27438033 -0.28866678 0.20682503
v -0.64128089 -0.08881024 0.21815798
v 0.32004249 0.05537014 0.29155666
v 0.31539509 -0.10067029 0.31028119
v 0.53328383 0.04468900 0.00651117
v -0.23438139 0.20663683 0.44493312
v -0.61478263 -0.15274030 0.21561219
v 0.63174182 -0.05307719 -0.23110616
v -0.77104527 0.00039792 0.03341203
v 0.47924948 -0.21822537 0.25215811
v -0.49977028 0.09852332 -0.20682982
v 0.36773202 0.08249100 0.40591317
v -0.30722603 0.00591215 -0.16142741
v -0.14306621 -0.34633747 -0.44530493
v 0.36231235 0.27197519 0.40233439
v 0.29586178 -0.36889333 0.29824364
v -0.77142078 0.14110215 -0.18344681
v 0.61079085 -0.11259861 -0.16834855
v 0.52577621 -0.12693609 0.34118894
v 0.63994443 -0.05939350 -0.12017552
v -0.07629216 0.04192618 -0.50247049
v -0.39021730 -0.17317536 -0.54112095
v -0.15783310 -0.19924676 -0.34769547
v 0.52881658 0.00762065 -0.01074320
v 0.60138685 0.17703509 0.04043975
v 0.60624391 0.20479944 0.25041747
v -0.18292464 0.10681397 -0.54697615
v 0.48438746 -0.19517179 -0.31425917
v 0.54052633 -0.10617645 -0.31624195
v -0.64222378 -0.01888697 0.25392133
v 0.55759716 -0.12871532 0.12828550
v -0.14581247 -0.11556266 0.55256361
v 0.17929934 0.15516761 -0.27747616
v 0.58282912 -0.09678686 0.02765820
v 0.39788449 0.05795316 0.43574902
v -0.03540136 0.16245426 0.48205483
v -0.20151792 -0.33628845 0.28534713
v 0.31412715 0.04741875 0.46305993
v 0.03738860 0.17518578 0.43410128
v -0.76602066 0.06805561 -0.00796457
v 0.47572657 0.20919614 0.37086916
v 0.33188933 0.15970588 0.18227310
v -0.13990133 -0.13743217 -0.63100201
v 0.38900900 -0.24756837 -0.25084788
v -0.35030103 -0.08093013 -0.24723792
v -0.53091019 -0.06292112 -0.33784714
v 0.61694783 -0.04129243 0.25481772
v -0.43863586 -0.27847067 0.21543996
v -0.45022774 -0.22459978 -0.27502343
v -0.23923725 0.15753572 0.33866733
v -0.26258919 -0.32255644 -0.45832470
v 0.76051319 0.00001226 -0.11856005
v 0.46092209 0.22347635 0.05911853
v 0.50357240 -0.10814443 0.23198578
v 0.39533788 0.15788503 0.43214542
v -0.66243476 0.06375260 -0.30009186
v -0.46685579 -0.27407494 0.16699652
v -0.38776740 -0.18366168 -0.14536503
v -0.46453154 0.21178137 -0.39702350
v 0.62202728 -0.08602865 0.30724359
v 0.40439633 0.20471214 0.02785445
v 0.64854085 0.03949166 0.10565054
v -0.38979122 0.31137785 0.07153908
v 0.53086257 -0.11210895 -0.33481964
v -0.44993091 0.00636438 0.44062662
v 0.06747553 -0.20922118 0.41070467
v 0.49351829 -0.12322722 -0.36288086
v -0.59755749 0.06615056 -0.31733346
v -0.51749730 0.22258452 -0.02674395
v -0.63282239 0.24911965 -0.18632111
v 0.31018555 0.27420676 0.37122181
v -0.76156986 0.11507098 -0.05967553
v -0.61109602 0.23836076 -0.37560046
v -0.57177424 0.09070451 0.01421978
v 0.46677777 0.20745222 0.37677041
v 0.38447508 0.11202860 0.33265030
v 0.52387875 -0.05123749 -0.29129434
v -0.75123060 0.05344262 0.08322351
v 0.63441908 -0.06794651 -0.12439388
v -0.44010550 0.17836021 -0.35072577
v 0.45308965 0.07563277 -0.16604239
v -0.19459268 0.12957156 0.50746185
v -0.07491724 0.09746785 -0.52665931
v 0.48001438 -0.18544300 -0.31891531
v 0.48829728 0.02248736 0.05523714
v 0.61994606 -0.05168645 -0.00452874
v -0.44286203 -0.16007435 -0.46594483
v -0.38772610 0.07697763 0.43730032
v 0.60127962 -0.07315992 -0.02711467
v -0.17024514 0.07032519 -0.58129650
v 0.05677685 -0.31459057 0.15065442
v 0.36447197 -0.23444924 -0.27493775
v 0.35690862 -0.24779731 -0.02447783
v -0.09906736 0.28788489 0.48814929
v 0.22715877 0.09749714 0.43293363
v 0.61705726 0.15992525 0.32058609
v -0.21980876 -0.22007066 -0.55053228
v -0.39813671 -0.28001773 0.23928569
v 0.54405874 -0.07038718 0.16998023
v -0.49893108 -0.06748805 0.38028580
v -0.50090432 -0.16124895 0.34813854
v -0.63304168 -0.09044616 0.02971463
v -0.08946942 -0.38050854 -0.30052316
v -0.37334418 -0.11947741 0.23257153
v 0.49789998 -0.16472687 -0.31408459
v 0.60734063 -0.03358410 0.34857756
v 0.23196112 -0.31935066 -0.26378310
v -0.64062178 0.00552333 -0.02921012
v -0.44789320 0.00067069 0.11551328
v -0.46067548 0.23212953 0.32383022
v 0.49499714 -0.22779489 -0.19985063
v -0.12312774 -0.27580419 -0.58071220
v -0.60654080 0.21803667 0.13732395
v -0.53837240 0.22728278 0.25817585
v 0.47440228 0.10379212 0.13843155
v 0.54826933 -0.14996350 -0.17672625
v -0.52920192 -0.08658998 -0.17117102
v -0.40932822 0.25883678 -0.17343189
v -0.39304754 0.27674362 0.03146597
v -0.24347253 -0.03073206 -0.62719870
v 0.36667904 -0.05926507 0.23864977
v -0.61897808 -0.07885226 -0.29556575
v -0.36439282 -0.09402274 -0.57788777
v 0.43645447 0.13377514 0.30034319
v -0.29439217 -0.24175613 -0.37708372
v 0.39195868 0.22084530 0.37389690
v 0.51401567 -0.11691870 -0.31681111
v 0.37509918 -0.15789670 -0.12614326
v 0.37780192 0.25541866 0.41750777
v -0.62671870 0.07967704 -0.41867027
v -0.56032032 -0.10707979 -0.14347726
v 0.67050713 0.07238410 0.00279968
v 0.48584014 -0.04326338 0.00423659
v -0.20070705 -0.23124450 0.50984311
v 0.37318674 -0.28014028 -0.24122436
v -0.26698896 -0.22079864 0.49760735
v -0.70078981 0.15184818 -0.13342151
v -0.66994387 -0.05419444 -0.25458246
v -0.61339325 0.06290067 -0.32227483
v -0.42591265 0.16080536 -0.43818027
v -0.68700737 -0.13342308 0.15716964
v 0.26187086 -0.30595702 -0.29761142
v 0.65638578 0.08504556 0.00051277
v -0.55294740 0.01557145 0.29008231
v -0.70075130 0.05857574 -0.26391405
v 0.81382883 0.05239316 -0.10009475
v -0.26283056 0.35919774 0.26154655
v -0.12512213 0.27493954 0.20447958
v 0.62273377 0.24877837 0.08998348
v 0.39847168 -0.23104563 -0.38446632
v -0.45789289 -0.23281789 0.35237545
v -0.19769008 -0.04477440 -0.61273587
v -0.35252708 0.11818746 -0.34129238
v 0.30140129 -0.37316999 0.28792030
v -0.50951231 0.00880369 -0.36244071
v 0.40375113 0.00146421 -0.32849407
v 0.59821391 -0.02267265 -0.00887114
v -0.17516951 -0.19215025 -0.62640649
v 0.41924343 -0.22856312 0.25851694
v 0.57137078 -0.16146959 0.01385356
v 0.36008364 -0.01002562 -0.40880910
v 0.71957439 0.02234043 0.00784552
v 0.42732391 0.16074999 0.38213575
v 0.28149301 0.00784884 0.48897028
v 0.04597714 0.01045749 -0.46124551
v 0.61363435 0.22053626 0.01394791
v 0.66664076 0.06031261 0.09551641
v 0.54695135 -0.08272792 0.10415616
v -0.54829216 0.24063256 0.18603173
v -0.29856771 -0.23198229 0.19158047
v -0.33177173 -0.27725226 -0.39556998
v 0.58775896 -0.13932618 -0.18973032
v -0.59283113 0.17717877 -0.14701408
v -0.62259239 0.05962189 -0.32824099
v 0.76021504 0.00410015 -0.13294625
v -0.77449727 0.23903212 -0.13044354
v 0.48242611 -0.00755825 0.30532899
v 0.60204285 0.17502508 0.17468488
v -0.45626134 0.18897253 0.22591220
v -0.46712801 -0.24324733 0.32877755
v -0.17265619 0.32218572 0.32691589
v -0.31305161 -0.02049225 -0.57137263
v -0.58152407 -0.18333629 0.31467158
v -0.68418497 -0.01846640 -0.30474013
v -0.77179998 0.05666506 -0.14033452
v 0.68678361 -0.02454890 -0.02116364
v 0.26672223 0.05613456 0.37957978
v 0.05843207 -0.29679790 0.25341332
v -0.60397768 0.18171062 -0.38807648
v -0.19093293 0.03567389 -0.39770228
v -0.05280700 0.26678413 0.38563013
v 0.53103620 -0.19959733 -0.13413249
v -0.43646240 0.06905248 -0.33720919
v 0.34304759 0.12508172 0.37424606
v -0.43220416 -0.16870838 -0.31356770
v -0.43072557 -0.09671499 -0.07044023
v 0.25565648 -0.31384867 -0.29476190
v -0.54970425 0.04441026 -0.40807638
v 0.74847287 0.12718365 0.16269493
v -0.56578088 -0.01502875 -0.25818306
v 0.64093059 0.27086091 -0.01353676
v 0.42985016 -0.00516956 0.24164894
v -0.30961043 0.35664085 0.37306607
v -0.21033353 -0.11308218 -0.58170176
v -0.31119666 0.05104765 -0.41499546
v 0.68994951 -0.03024684 -0.20013681
v -0.01310148 -0.31618673 -0.25477725
v -0.59153342 0.26256600 -0.36071378
v 0.01468431 -0.32269844 0.08972440
v 0.15817127 -0.21792227 -0.47272155
v 0.66852629 -0.08282501 -0.11962892
v 0.35066894 -0.19750367 0.42775130
v 0.58212566 0.12867919 0.36617154
v -0.71815091 0.01949604 -0.24634856
v 0.71658796 0.04498739 0.17898259
v -0.24771897 0.28244910 0.39443043
v -0.45657465 0.25454646 0.18397781
v 0.49254438 0.09457134 0.33973980
v -0.55096489 -0.18823914 0.31825987
v 0.41914243 0.15498352 -0.00436018
v 0.26058915 0.21985254 0.36127907
v -0.15367740 0.19863191 -0.35677949
v -0.45048615 0.04067988 -0.51185381
v 0.28593045 -0.30327526 -0.25186354
v 0.55929101 0.01457260 0.38886246
v -0.07722588 -0.17397428 -0.48529333
v 0.08984388 0.24135429 0.07531280
v 0.65946043 0.00292299 0.17850648
v 0.64438277 0.00965384 -0.04220710
v -0.23991841 -0.26806396 -0.49369928
v -0.24227543 -0.30576217 0.36718991
v -0.44414753 0.07453980 0.41961995
v 0.65696484 -0.06841806 -0.03192143
v 0.59872580 -0.02363257 0.34241998
v 0.54730797 0.07064673 0.18884718
v -0.35181004 0.36955008 0.28244719
v 0.46443173 -0.10089527 0.41660678
v 0.51705354 -0.14762898 0.15792820
v 0.45166114 -0.21220386 0.34643078
v 0.40849113 0.13963448 0.45782593
v -0.52252913 0.07847307 -0.14253268
v 0.73638260 0.14090908 0.08844587
v 0.73657864 0.06563392 0.16546434
v -0.45761156 0.16913725 -0.07257694
v 0.72645462 0.04325819 0.13744453
v 0.71183252 0.01673932 0.11104070
v -0.11912926 0.07463358 -0.54424411
v -0.58556801 -0.08311349 -0.20717132
v -0.27066714 -0.28769362 0.07128733
v -0.57828534 0.17399250 -0.19570205
v 0.39559382 -0.10950137 -0.11480110
v -0.10430236 -0.26407510 0.36419922
v -0.50771785 -0.06875981 -0.22127542
v -0.56484246 0.22915755 -0.38008124
v -0.77838737 0.06887518 -0.01641163
v 0.00507972 0.05019393 -0.44303691
v -0.38582096 0.33093256 0.21075892
v -0.21381541 -0.21873493 -0.57369137
v -0.10944740 -0.14940915 -0.38703507
v 0.57934320 -0.13750212 0.27259076
v -0.21193725 0.29426628 0.32555681
v -0.12951829 -0.31535751 0.07157777
v 0.52747631 -0.00034840 -0.04092671
v 0.43453500 -0.24711025 -0.28470850
v 0.20296575 -0.16780822 0.38218319
v -0.29530701 -0.07963330 -0.31282914
v -0.52007556 -0.01206391 -0.11597968
v 0.34793922 0.20457353 0.42944068
v -0.27332175 0.11897329 -0.54355741
v 0.73213792 0.07237042 0.00626203
v 0.52361274 -0.15997687 0.35189524
v 0.75227672 0.12385808 0.04679065
v -0.56348330 0.29110032 -0.13485648
v 0.26538333 0.10100050 0.45500079
v 0.39014253 -0.19604272 -0.40830216
v -0.65987629 0.14116962 -0.33938664
v -0.44378749 0.22925603 -0.36482078
v -0.42328256 0.23251686 -0.01846473
v -0.31715786 0.29936519 0.20116363
v 0.47880068 0.18757311 0.41016540
v -0.61875039 0.19519038 -0.21193792
v 0.28461316 -0.00308616 0.47840831
v 0.46471956 0.03101544 -0.26919821
v -0.24651085 -0.32338157 0.36543852
v 0.50357348 0.04285359 -0.20005614
v -0.56259185 0.19413047 -0.16072173
v -0.23603004 0.09208475 -0.56246269
v -0.58344185 0.17485270 -0.39591897
v -0.18566418 0.09512157 -0.55953103
v 0.24998324 -0.03013030 0.29471266
v 0.69965518 0.01951013 0.23577026
v -0.10178932 0.10775054 -0.48460793
v -0.44777113 0.18761921 0.06403321
v -0.54073095 -0.16745895 -0.19796917
v 0.25529909 0.13132754 0.45061532
v -0.19336623 0.13863015 -0.47628185
v -0.33487734 0.31020090 0.08317889
v 0.63115340 -0.02369125 0.03556983
v -0.07855459 -0.03673899 -0.55021256
v 0.60196865 0.06211969 -0.15704344
v 0.70145881 0.01597128 0.07836692
v -0.46085143 0.18437758 0.37698948
v 0.36843699 -0.21195143 -0.27773947
v 0.13656136 0.02909054 0.42666501
v 0.64183307 0.06528378 0.02088057
v -0.30039835 -0.12065345 -0.59573501
v 0.39355206 -0.28305802 0.09168290
v -0.58036959 0.23394158 -0.36546683
v -0.56252164 0.13292634 -0.43119302
v 0.00512842 0.09558940 -0.49752524
v -0.15395096 -0.29615998 -0.21286118
v -0.10642093 -0.31635463 -0.06404244
v -0.26170608 0.09635452 -0.29078996
v 0.01961273 0.29214290 0.35774678
v 0.72425866 0.13660406 0.04285730
v 0.60227323 -0.10609274 -0.00376160
v -0.14595491 -0.30911356 -0.51951361
v 0.38833728 -0.18220530 -0.41260773
v -0.13741222 0.30193406 0.24521685
v 0.38377643 -0.29476473 0.28582343
v 0.71572632 -0.07807820 -0.15250401
v -0.25797874 0.16889706 -0.44908738
v -0.53498703 0.22354427 0.16479546
v 0.77555221 -0.00742393 -0.12376416
v 0.31973514 0.03781270 -0.33735418
v -0.40030378 0.20694004 -0.09785394
v 0.46630663 -0.13562378 -0.02145318
v -0.23983967 -0.17845245 0.51096237
v 0.66484660 0.11817864 0.05930896
v -0.64715487 0.03994688 -0.36008719
v -0.26904729 0.21910085 0.42620438
v 0.49283499 0.04084943 -0.23917413
v 0.49090558 0.05139888 -0.16730370
v -0.75701267 0.06398447 0.06246363
v -0.44816563 -0.11867354 0.38683271
v -0.46579939 0.26769671 0.24340111
v -0.37323081 0.34537786 0.37315291
v 0.51426584 -0.19319448 0.24780233
v -0.49163437 0.24167955 0.13366693
v -0.29672366 -0.01671250 -0.38745335
v 0.42840242 -0.17124629 -0.40613884
v 0.39296231 0.13275687 0.44810188
v 0.63794398 0.05266837 0.29673117
v 0.64854711 0.03835030 0.02534886
v -0.67457825 0.14749812 -0.36338937
v -0.23518947 -0.29579237 -0.41128093
v -0.32090560 0.32274181 0.41726419
v -0.58656740 0.20823774 0.01698335
v 0.47789744 -0.07547445 -0.07519037
v -0.10504308 -0.23048553 -0.45432997
v 0.22162148 -0.34972185 0.36253726
v -0.10112680 0.01739648 0.53592598
v -0.44756007 0.01808013 -0.28249422
v -0.64836180 0.00141480 -0.19319221
v 0.22039500 0.19160870 0.20007341
v -0.25790954 0.30436066 0.31243545
v 0.59419012 -0.12121573 0.04665748
v -0.05476666 -0.31807083 0.06938346
v 0.58396447 -0.14877185 -0.12258065
v 0.72033405 0.16393286 0.13482371
v -0.23946862 -0.01741924 -0.60201222
v -0.15776670 -0.07430349 -0.45252478
v -0.22167835 -0.28425118 0.09947143
v -0.17178239 0.00870521 0.52846116
v 0.71804738 0.13234778 0.05817695
v 0.27648875 0.21647672 0.37298006
v -0.47848415 -0.03034723 -0.25792781
v 0.49416417 0.05697380 0.20068853
v 0.61227918 0.03277791 0.21062306
v -0.37425041 -0.24545825 -0.51931888
v -0.28026927 0.36253706 0.29392844
v 0.54154015 -0.10441358 0.16982825
v 0.01328806 0.17986338 0.45467287
v 0.43408057 -0.08377189 0.02413624
v 0.39066166 0.22107783 0.20286487
v -0.29178631 -0.20429225 0.21415089
v -0.41579214 0.25521272 0.37216774
v 0.06256488 -0.10685816 0.47544301
v 0.66271859 0.08898025 0.00882698
v 0.36150795 -0.32335767 0.41429120
v 0.51554680 -0.19618700 0.28390107
v -0.17962909 -0.22086239 0.48630968
v 0.55443954 0.14168261 -0.07688483
v 0.29120603 -0.04759151 0.36322805
v 0.30484408 -0.16417809 0.49564639
v -0.34911212 0.09980465 -0.53153813
v -0.60244381 0.20911476 0.10395914
v -0.20474453 0.11275961 -0.46434432
v 0.33845225 -0.27404293 -0.04220214
v -0.12918808 -0.30596924 0.24576747
v 0.43998769 -0.15746197 -0.40141416
v -0.11181262 -0.17566916 -0.51299691
v 0.49088868 -0.04936147 0.43812868
v -0.71739882 0.07467638 -0.07955708
v 0.70709300 0.08178173 0.21396859
v 0.58567852 -0.15804282 -0.08526622
v -0.35515720 0.36750364 0.36225182
v 0.49929458 0.15616924 0.07380305
v 0.62380624 0.00077445 0.02317654
v -0.48297980 -0.02734715 -0.40354645
v -0.58829713 0.03382390 -0.29737043
v 0.62805700 -0.04609095 -0.14311212
v -0.19201787 -0.20998877 0.47554290
v 0.60724163 0.10314059 -0.07309742
v -0.16647370 0.14431283 0.50173372
v -0.45249367 0.12777117 0.40375307
v 0.47489339 -0.10382032 -0.36874717
v 0.47096151 -0.26206982 -0.10458226
v -0.38544306 0.24985769 0.38914561
v 0.21427555 -0.17722902 0.43436465
v -0.11747811 -0.30663186 -0.24240351
v -0.58956164 0.13871843 -0.14612870
v 0.67511725 -0.08853771 -0.07701626
v -0.42317596 -0.14244801 0.40242711
v -0.14978100 0.26013786 0.48118776
v -0.27183509 0.18263713 -0.38277659
v 0.28832799 0.08761159 0.32013100
v -0.25904515 0.11750805 -0.46847683
v 0.71201521 -0.00965375 -0.10735969
v 0.36964396 -0.15578125 0.17472416
v 0.27411839 -0.33732244 0.20749950
v 0.36037490 -0.04721341 0.26296896
v 0.70117331 -0.01162973 -0.03164253
v 0.25721407 -0.23448651 -0.21341500
v -0.69106495 -0.00745252 -0.13218120
v 0.40588099 -0.07270635 0.05754616
v -0.36140117 -0.26336589 0.34018973
v 0.28163463 0.24103770 0.45333621
v 0.11757615 -0.24164313 0.34039780
v -0.03584325 -0.12384330 -0.54293168
v 0.02442946 0.07363641 -0.40390104
v -0.29835123 -0.01284812 -0.36046648
v -0.66809684 0.16985080 -0.32852805
v -0.59635204 0.29241931 -0.12173828
v 0.37521502 0.34533483 0.12545654
v -0.28029364 0.08737458 -0.41647789
v -0.25905237 -0.06238565 -0.33962727
v 0.41301185 -0.27694452 0.11342629
v -0.63080448 0.21221767 0.09129160
v -0.12622000 -0.25071800 -0.41013169
v 0.59712481 -0.00221462 0.06168545
v 0.33335698 0.09206431 0.04016186
v -0.35821339 -0.19049573 0.41626230
v 0.25272241 -0.26371217 0.35543653
v 0.29338348 -0.30289918 -0.19130749
v -0.48113513 0.15781961 -0.22661826
v 0.68979061 0.02005203 0.18803501
v -0.21604924 -0.04818054 -0.64314133
v 0.05744634 -0.28570962 -0.38188559
v -0.46243650 -0.20315486 0.30214912
v 0.55777055 -0.00968946 0.04405180
v 0.60531294 -0.08196748 -0.18833737
v -0.08313870 0.07425570 0.45579621
v -0.42957452 0.09519125 -0.31929880
v -0.44753069 0.17837253 -0.04896884
v 0.07651658 -0.06734633 0.49559006
v -0.11128524 0.07694860 -0.55735242
v 0.48877564 -0.10445708 -0.37277049
v 0.72619665 -0.06643760 -0.10782533
v -0.57598436 -0.08638664 0.02149066
v -0.51243836 -0.02715932 0.02375261
v 0.43481326 -0.23708275 0.37949124
v 0.63770372 -0.03812966 -0.10689985
v -0.15960045 -0.25170228 -0.48706710
v 0.47791901 -0.26403505 0.00490630
v 0.53821063 0.10641725 0.35918176
v -0.19497113 0.16616379 0.48871237
v -0.34472999 -0.24600275 -0.05985642
v -0.32344964 -0.16635408 -0.54916799
v -0.29892358 0.33788282 0.42497283
v -0.15610340 0.25743577 0.40297022
v -0.14829391 -0.10715975 -0.52725542
v -0.49029574 -0.07576530 -0.39075875
v 0.59956044 -0.04505074 -0.12524071
v 0.52985275 0.00867627 -0.09438155
v 0.31020015 -0.25454116 -0.40953150
v 0.18979052 -0.32701442 -0.23442772
v -0.34286836 -0.28838402 0.36928731
v -0.36089185 0.34066352 0.25583637
v 0.63665378 -0.04221681 -0.02438277
v -0.55111724 -0.12849024 0.21923253
v -0.25990742 -0.09737270 0.52947015
v 0.29222536 0.02590090 0.40366110
v -0.31856367 -0.20880485 -0.09447628
v 0.71386433 -0.06868316 -0.16643676
v -0.65564162 0.11045947 -0.34479988
v -0.36283967 0.19229223 0.42516047
v -0.46907476 -0.27669877 0.18647557
v 0.63070732 -0.04065941 -0.00115645
v 0.59685028 -0.06475295 0.01273879
v 0.76646197 0.13113387 0.01108154
v -0.29649636 -0.03549350 -0.29111966
v 0.31679118 0.27184016 0.37413213
v -0.30828604 -0.18539998 -0.28225613
v 0.65202701 0.16269195 0.13074687
v -0.11868101 -0.24339281 -0.26788831
v -0.20028260 -0.22830988 -0.57502550
v -0.37021005 -0.01106229 0.47294626
v 0.20262519 0.07252971 0.44923371
v -0.60284603 0.22284223 0.14470339
v -0.69742811 0.16919759 0.04832943
v 0.05183540 -0.26131496 -0.43297249
v -0.17282791 -0.31571805 0.41932595
v -0.19133557 0.16226378 0.48629034
v -0.62667054 0.09252909 -0.21370742
v -0.64301819 0.10302001 -0.38853431
v -0.66627383 -0.03099890 -0.32643503
v 0.07795016 -0.19069444 -0.51891965
v 0.52645755 -0.10626119 0.13192014
v 0.57812262 -0.08762457 -0.21449664
v -0.11375291 -0.25852773 -0.31799459
v -0.24377686 -0.07651731 0.51695257
v 0.14332357 -0.10199537 -0.47993842
v -0.13251697 -0.21703830 -0.42454773
v -0.32730177 -0.23567356 -0.54457384
v -0.67589664 -0.06267433 -0.02267256
v 0.20910440 0.14401086 0.42403466
v 0.35607141 -0.29061610 0.12696354
v -0.05821211 0.30957171 0.39524978
v -0.43669292 -0.02262180 -0.44110861
v 0.61468834 -0.05183686 0.34263217
v -0.59265977 0.20964816 0.03712889
v -0.53365463 -0.09235521 -0.01683198
v -0.23287651 -0.30126774 0.07788657
v -0.38294044 0.02598685 -0.44327208
v 0.44347018 -0.03409245 0.09520551
v 0.55908656 -0.02866330 0.04344436
v -0.50589144 0.02169112 -0.38956413
v -0.11686404 -0.32676184 0.31656471
v -0.40258101 0.02823290 -0.54328072
v -0.11125083 0.28787374 0.39912328
v -0.49471375 0.22003865 -0.13950512
v 0.37836644 -0.10721628 0.26667553
v 0.52379054 -0.09473247 0.14618795
v 0.79034138 0.11829375 0.01881661
v -0.01024475 -0.18094149 0.49275944
v 0.31560257 0.19931540 -0.00662050
v -0.36141741 -0.23290005 -0.32070944
v -0.21770614 -0.13692971 -0.58481520
v 0.74215007 0.13147037 0.14289229
v -0.20090543 -0.03565480 -0.51773727
v 0.48082873 -0.07734757 0.42243913
v 0.72068417 0.17125654 0.15060771
v 0.49450353 0.06560151 0.38005960
v 0.43550336 0.17376044 0.39763999
v 0.25367391 -0.26560715 0.08348028
v 0.57457089 0.10378847 0.03097441
v 0.50751209 -0.14637631 0.32843134
v 0.69891864 0.03750858 0.20366150
v 0.64295006 0.02641024 -0.05708854
v 0.50110310 -0.10091902 0.36123234
v -0.67236686 -0.01040117 -0.15861963
v -0.46562755 -0.22958210 -0.28315401
v 0.51399279 -0.19211712 0.27326891
v -0.45790192 0.24116540 0.06251539
v 0.64045018 -0.04272973 -0.15962043
v -0.65244943 0.10493979 0.19516248
v -0.54755932 -0.09129171 -0.42111385
v -0.48928648 -0.12950167 -0.48781189
v -0.64512897 0.09997107 0.22057383
v 0.64366478 0.18257204 0.15974921
v 0.59785187 0.09899758 -0.07520191
v -0.54950976 0.23416260 0.21482225
v 0.36755458 -0.33696485 0.27645904
v -0.62882364 0.20785654 0.05564191
v 0.23661475 0.16057992 0.33384034
v 0.46365201 0.10656536 0.26735425
v -0.36293706 0.19815199 0.15595177
v -0.58242887 0.13707069 -0.22959483
v -0.23751579 0.27449650 0.30063018
v -0.17138873 0.27878076 0.45127407
v 0.74365073 0.14159706 0.09451891
v -0.10703182 -0.31281820 -0.17647283
v 0.72815782 0.16305560 -0.08450748
v -0.57267523 0.07973095 -0.41150767
v 0.14853628 0.23819515 0.40137669
v -0.43857113 0.07877415 -0.36638376
v -0.16523609 0.28953689 0.45981944
v -0.59735501 0.02401497 -0.13426752
v 0.25052154 -0.30713856 0.02428660
v 0.38845071 0.24877648 -0.04825355
v -0.51300520 0.10322547 -0.12746957
v -0.61138636 0.00975398 -0.26314306
v 0.38312054 -0.30303061 0.35484383
v -0.56978774 -0.12231245 -0.17798692
v -0.00685944 -0.17078897 0.49958292
v -0.19323882 0.06292793 -0.58889186
v -0.18906143 -0.23295465 -0.49939680
v -0.27607533 0.01780371 -0.56599706
v -0.49749371 0.21152526 -0.29329917
v -0.40720114 -0.18412422 -0.40539098
v 0.06120706 -0.32230079 0.00195587
v 0.51496196 -0.20801631 0.07677707
v 0.74753028 -0.07688534 -0.13055606
v 0.11824407 0.02910652 0.52633822
v -0.72497237 0.03156243 0.09065796
v 0.58818072 -0.13852049 -0.11346588
v 0.63998622 -0.02651901 -0.13527274
v -0.11314487 -0.29441386 -0.51509082
v 0.08299713 -0.26664776 0.32064599
v -0.54929239 -0.08216141 -0.44477910
v 0.15177591 -0.25721446 -0.40925592
v -0.33426431 -0.27795485 -0.47612971
v 0.28472024 -0.21520574 -0.44612545
v -0.55861849 -0.08984454 -0.35559094
v -0.28151101 -0.12681654 0.30269307
v 0.27708012 -0.27939874 0.19784442
v -0.70340735 0.16257368 0.13162127
v 0.39819664 -0.25253484 -0.32288197
v -0.40944791 0.19824725 -0.32581520
v -0.21238202 -0.29072499 -0.53898138
v -0.46935895 0.02213420 -0.12972973
v -0.86268586 0.10044508 -0.11105512
v 0.61931133 0.19499335 0.27120996
v -0.24968362 -0.25940272 0.29042435
v -0.42748967 -0.15925631 -0.28944948
v 0.07338043 -0.26798671 -0.41773802
v -0.21596074 -0.22336748 -0.45738798
v 0.61885405 0.01653387 0.09752629
v 0.31040493 -0.23165268 0.08053587
v 0.25175539 -0.10819837 0.49805245
v 0.35566556 0.06811294 0.37087694
v 0.38024700 0.10651380 -0.12007777
v 0.47068101 0.14718208 0.23753300
v -0.15599050 -0.26626402 0.33733138
v -0.48974809 0.25909287 -0.18712512
v 0.44598979 0.31481114 0.10488136
v -0.48523176 -0.08686749 0.09882499
v -0.55895418 0.06372750 -0.13674375
v -0.38755363 -0.09639274 -0.01113966
v -0.16031525 -0.11751233 -0.48398629
v 0.43111658 -0.22695985 0.18171164
v -0.27343011 -0.20270677 0.51376879
v 0.24010314 -0.03978527 0.28569800
v -0.22504401 -0.25774410 -0.36996919
v 0.31724373 0.21222223 0.43687606
v 0.23053463 -0.08400066 0.39733681
v -0.77717328 0.11114521 -0.05875383
v -0.28305200 -0.10267194 -0.64684713
v 0.17806397 -0.28577596 0.18763152
v 0.28214711 -0.30413762 -0.32966059
v -0.65107334 0.21487969 0.01777602
v -0.54875380 -0.03655135 -0.40761653
v 0.15418893 0.04575821 -0.40138352
v 0.28572971 -0.29040033 0.16980413
v -0.20328712 -0.32203513 0.37714428
v 0.27184939 0.01893348 0.50542867
v -0.02068822 -0.15458350 -0.47018117
v -0.72556734 0.11138755 -0.12162097
v -0.20181905 0.01429008 0.49879277
v -0.00521888 -0.18852232 0.47716236
v -0.12851921 -0.06743626 -0.57796240
v 0.63603741 0.19256562 0.18071562
v 0.59909248 -0.11076713 -0.05356009
v 0.54619265 -0.05673964 -0.08357173
v -0.12426081 0.19948070 -0.01327059
v -0.00308329 0.27544981 0.13608098
v 0.39433599 -0.33277810 0.32601759
v 0.39110124 0.29190114 0.25525147
v 0.59844607 0.01562886 -0.04152286
v 0.23090670 -0.26689070 0.28335476
v -0.52793795 -0.10160667 0.25652903
v 0.43656462 -0.14864662 -0.01017869
v -0.27105552 -0.32985452 -0.42056391
v 0.63527983 0.00079687 -0.04325610
v 0.56653136 0.03601960 0.22531351
v -0.52121717 0.19307792 -0.09271283
v 0.28225949 0.15706232 0.44671363
v -0.48478115 -0.03996291 0.02334026
v 0.04202666 0.21168303 -0.12841469
v -0.16150454 -0.03362849 -0.41906536
v 0.34838170 -0.09720476 0.25038639
v -0.19415547 0.28983676 0.41530919
v 0.07298641 0.10791556 0.36754632
v -0.56571907 -0.11549073 -0.32833797
v 0.12803669 0.34957114 0.31596029
v -0.05218941 -0.17300814 -0.48596367
v -0.12940705 0.09985594 0.51334137
v -0.49253166 0.18627587 -0.28823450
v -0.32820591 -0.28581160 0.42502499
v -0.41395700 -0.22927068 -0.20949894
v 0.63565052 -0.05888631 -0.05926977
v -0.24579537 0.12640616 -0.52966762
v -0.75045902 0.06467638 -0.31663999
v 0.67975062 -0.10259607 -0.11175893
v 0.10264570 -0.07981054 -0.41460925
v 0.56770468 -0.14830159 0.07901792
v 0.63969404 0.09697048 0.00732299
v -0.58258843 -0.07831609 -0.12937832
v -0.09309878 0.17653753 0.33401859
v -0.73232657 0.10524020 -0.19906709
v -0.06683233 0.30142012 0.45625153
v 0.67024994 0.02646668 0.07308774
v 0.71166360 0.05937385 -0.02160895
v 0.31467754 0.26630071 0.36753479
v -0.17738472 -0.09559995 0.54557508
v 0.62441045 -0.04645861 0.24428943
v -0.29525098 -0.01098862 -0.56766093
v -0.18617050 -0.26687971 0.32049847
v -0.31156173 0.13478227 0.46324515
v -0.47988471 -0.19364299 -0.37326133
v -0.10535210 -0.33735675 0.23948205
v -0.07812002 0.16667700 0.47807723
v -0.56446743 -0.23971421 0.27974135
v -0.37101510 -0.22888418 0.33459336
v -0.40666175 0.07765312 -0.35091767
v -0.51663095 -0.21846446 0.06102503
v -0.34150299 0.14394186 -0.41545326
v 0.22223179 -0.27481383 -0.42729688
v -0.57643956 -0.11280053 0.04528973
v 0.54228973 -0.02359950 0.01357128
v -0.12052540 -0.25957453 -0.49305457
v -0.36107668 0.20100956 -0.08316492
v -0.05044192 -0.25190955 0.39208925
v 0.56065226 -0.03500907 -0.24208608
v -0.44070727 0.25758758 -0.17481801
v -0.42392465 0.26595268 0.21461254
v -0.32813355 0.18724312 0.45062712
v -0.23255846 -0.24462189 0.38289300
v -0.55497783 -0.11823978 -0.10352947
v -0.37216014 -0.12230428 -0.54318225
v -0.61573505 0.14120640 0.20577365
v 0.02988826 0.08574460 -0.38138866
v -0.74751198 0.05644397 -0.16606475
v -0.02022761 0.25361201 0.40582120
v -0.37509349 0.03622440 -0.46324190
v 0.29354134 -0.35530660 0.33717850
v 0.53238124 0.04275306 -0.18442860
v -0.50124145 -0.14443524 -0.41887495
v 0.67064857 -0.09867460 -0.12439431
v -0.04801231 -0.18153653 -0.63896960
v -0.77330971 0.13608064 -0.18545613
v -0.74306166 0.09931790 -0.13965431
v -0.41745055 0.24226603 0.35339198
v -0.63697946 0.02422188 -0.13517182
v 0.61044836 -0.08632132 0.33606854
v 0.57355386 -0.07227828 0.19237214
v -0.48384902 0.00831817 -0.11420095
v -0.02813770 -0.19562094 -0.48778564
v -0.35525396 -0.21893969 -0.55066454
v 0.24130329 -0.26813096 -0.40979776
v 0.24770571 -0.17584857 0.44428593
v 0.52984351 0.03580774 -0.10554506
v -0.54846817 -0.09801130 -0.00276516
v -0.32421300 -0.25484410 -0.29336742
v -0.00248584 0.16050544 0.42611682
v -0.29460910 -0.24965201 0.39802295
v -0.03108521 -0.00139636 -0.50860584
v -0.11296328 0.17091611 0.32453290
v -0.19025970 -0.31675231 0.06113676
v 0.01343418 -0.29421580 0.30226955
v -0.26141837 -0.29911911 0.38118026
v -0.61727703 0.21660572 0.15898292
v -0.73793179 0.05781729 -0.33353266
v -0.57784998 0.16077742 -0.25039577
v -0.64700943 0.12140596 -0.40106097
v 0.40091309 -0.28316468 0.14639339
v -0.37348515 0.07666321 -0.32746974
v 0.50496513 0.13620962 0.07752019
v 0.61067700 0.02709502 0.04351144
v 0.36316797 -0.13620028 -0.21717913
v -0.44723246 -0.16808189 -0.43843183
v -0.37977153 0.03619177 -0.08031277
v 0.16689973 -0.21225777 -0.49234426
v 0.48568618 0.22269139 0.33332065
v 0.58720946 0.04222382 0.15313157
v 0.71517682 0.08015212 0.00445613
v -0.69154739 0.01505584 -0.12868974
v -0.16904391 -0.04567225 0.54212165
v 0.24428196 -0.27506441 0.07901347
v -0.61192638 -0.01041494 -0.21025947
v -0.04923395 -0.32084870 0.00012903
v 0.52908289 -0.01794919 0.19050401
v 0.53861243 -0.16505714 -0.24883002
v 0.65426755 -0.04955399 0.26358771
v -0.35345253 0.06188509 0.44734049
v -0.56657732 0.07776918 -0.39711100
v 0.47092929 -0.24310151 0.30369645
v -0.37845334 -0.12343784 0.47143206
v -0.13537003 -0.26830971 -0.48113096
v 0.30445805 0.12058410 0.11642195
v 0.57254207 0.02697038 0.11782012
v -0.01048030 0.07530584 0.45424193
v -0.08763644 -0.29398334 -0.23699772
v -0.34135538 -0.03262439 -0.56899869
v 0.66643602 -0.02615968 -0.00272293
v 0.19821861 0.13972238 -0.19628470
v 0.39036369 -0.08254166 -0.04329294
v 0.43366525 -0.14567827 -0.42015618
v 0.02247269 -0.26947743 0.35331556
v 0.50762653 -0.18694280 0.13582304
v 0.54580539 -0.22230700 -0.02265028
v -0.67803895 0.01119697 -0.05241323
v -0.12897235 -0.22836137 -0.63012487
v -0.41697624 0.03688781 -0.36277831
v -0.61786860 0.20600457 -0.13936055
v 0.64553696 -0.03247667 0.20685022
v 0.40632996 -0.05605080 -0.22362208
v 0.55062306 0.03922429 -0.08935110
v 0.45116648 0.16272169 0.30812052
v 0.52304167 -0.22135535 0.03884923
v -0.06673425 0.12210265 -0.55364799
v 0.50378132 0.00498448 0.21554236
v -0.19032733 0.14474669 -0.43363717
v 0.59852642 0.08992286 0.32166025
v 0.35872003 -0.26096082 -0.29221559
v 0.62302989 -0.02458158 -0.25385815
v 0.41636598 -0.27145088 0.12789810
v 0.17716992 -0.24466756 0.25847489
v 0.28960079 0.14597841 0.44228137
v 0.60832691 -0.06106627 -0.04294142
v 0.03074032 -0.01269370 0.51562947
v -0.59599739 0.21920872 0.06638922
v -0.53257698 -0.02524360 -0.45126897
v 0.62864387 -0.02479403 0.24922262
v -0.29237199 0.25505036 -0.29453114
v 0.53622526 -0.16967969 0.32899612
v 0.20652403 0.29324445 0.29564646
v -0.39713365 -0.09570098 0.04063973
v 0.47077587 0.20331478 0.23456205
v 0.44343382 -0.13765565 -0.08202314
v -0.41912436 -0.09316950 0.24210358
v 0.52420628 -0.22523543 -0.04570664
v 0.57862246 0.05273239 -0.16215906
v -0.61185759 0.23161793 -0.32701334
v 0.61038113 0.04395404 0.02383407
v -0.35005361 -0.13841751 0.08554831
v -0.56553674 0.13813280 -0.24991149
v 0.07088525 0.01663650 -0.57075167
v -0.31593227 0.15540503 -0.44878417
v 0.73016012 0.03740973 0.07165824
v -0.06249220 0.08775225 -0.50946462
v -0.12787977 -0.30628395 -0.18993136
v 0.72711861 0.17417091 0.13730967
v -0.19477561 -0.24241847 -0.47210395
v -0.57360297 -0.21584545 0.30402499
v -0.46148753 0.07132525 0.01289184
v 0.56565851 0.18965366 0.33934009
v -0.15152517 -0.33954221 0.33112800
v -0.24839376 -0.03243798 -0.58233619
v -0.15444355 0.16133977 -0.12476648
v -0.14020377 -0.35662127 -0.44236511
v -0.33288875 -0.13646856 -0.21595380
v 0.54241979 0.07478584 0.07939774
v -0.46097767 -0.06910439 0.12214874
v 0.69357979 0.15825370 0.11309326
v -0.56263518 -0.17474274 0.04658361
v 0.64339834 -0.04798570 0.20205794
v 0.47389713 0.05412536 -0.16147253
v 0.67621976 0.09505225 0.25846672
v 0.32978529 -0.29449147 0.11840013
v -0.45834893 0.27948007 0.23912990
v -0.10491477 0.31493482 0.23389503
v -0.28126970 -0.26249665 0.38765949
v 0.23495311 -0.31901342 -0.24162231
v -0.57815444 0.00164111 -0.00122895
v 0.19114521 -0.15961967 0.46089610
v 0.69044179 0.16618407 0.15112072
v 0.53738731 -0.21454521 -0.13032995
v -0.60741299 0.19081390 -0.28598708
v 0.11422361 0.07690090 0.41753930
v 0.33362284 0.05938917 0.02052436
v -0.01313277 -0.32473907 -0.19331980
v 0.17298193 0.14373818 0.46803939
v -0.64073646 0.12229150 0.19169818
v -0.25533801 0.12348792 -0.49822229
v -0.23207216 -0.05968909 -0.50520134
v -0.36621785 0.22036338 -0.19167373
v -0.57788980 -0.13112387 -0.17339119
v -0.00216047 -0.11195652 0.51857048
v -0.52746773 -0.15204184 -0.36479747
v -0.52339506 0.11176471 -0.25749931
v 0.59691942 -0.00119280 0.34004676
v -0.61482614 -0.04641736 0.15979721
v -0.25354373 0.12681708 -0.52151388
v 0.57913905 0.03595857 0.36292338
v 0.31413719 -0.30534887 -0.15045521
v 0.73638296 0.04235860 -0.00022581
v -0.49071729 -0.14181289 -0.28593263
v 0.31113604 0.08031887 0.42205444
v -0.25080207 0.13417147 -0.45539173
v 0.11832622 0.10998623 -0.43932298
v -0.58191097 0.09655493 -0.24515648
v 0.33362469 0.01650872 -0.36232701
v -0.35566261 -0.07483696 0.49894372
v -0.22746709 0.17806162 -0.53754371
v 0.10425335 0.20956507 0.41790143
v 0.07224023 0.27132636 0.34210950
v -0.58364564 0.22460259 -0.17041102
v -0.58429140 0.22290915 0.16789797
v 0.52941817 -0.02519646 0.19686916
v 0.21677306 -0.07827109 0.49585551
v -0.32911867 -0.14655034 -0.57266158
v -0.66153800 0.03239457 -0.21571234
v -0.27562231 0.28466350 0.37785327
v 0.59549695 -0.04809399 0.34506023
v 0.34518209 0.02143371 -0.39701518
v -0.26241320 0.14002538 -0.53098619
v -0.08043735 -0.33341509 0.28791797
v 0.23086469 -0.25900131 0.35834381
v -0.31152457 0.02867188 0.22303104
v 0.54452419 -0.12632178 0.22400400
v -0.57189214 0.13386580 -0.31397727
v -0.34119800 0.31500053 0.40784556
v -0.69191206 0.17318222 -0.02703963
v 0.71755660 0.05250295 0.17410263
v 0.47395328 0.10081856 0.37324050
v -0.26555249 -0.31652302 -0.41077757
v -0.83054721 0.07334460 -0.12308553
v -0.45611197 -0.23251271 -0.29183549
v 0.28889793 -0.24856861 0.10952976
v -0.08969790 0.16115157 0.50431651
v 0.55178124 -0.10054060 -0.26669893
v -0.70340627 0.16757682 0.08209943
v 0.69396371 -0.04203118 -0.20369472
v 0.14557627 -0.24888583 -0.45575121
v -0.62092239 0.20951222 0.09390009
v 0.75615382 0.11032017 0.03103473
v -0.71758431 0.18804039 -0.14715411
v 0.49579042 -0.20562777 0.31846225
v 0.33908191 -0.25529754 0.00148205
v -0.27901492 -0.30959469 -0.41902760
v -0.35600662 -0.14911747 -0.54779613
v -0.46203846 0.06519314 -0.36306253
v 0.22734815 -0.06954786 0.47095519
v -0.77084470 0.04916099 0.05615599
v -0.56400353 0.19346520 0.24997808
v 0.62436533 0.02641580 0.04821350
v -0.19271386 0.26533723 0.26261207
v 0.58405358 -0.16327229 -0.08341941
v -0.47918576 0.27370283 0.23802796
v 0.57680029 -0.09483643 0.09215972
v 0.45139852 0.00156970 -0.32494766
v 0.63531494 0.11905888 -0.06087607
v 0.12520820 0.09193486 -0.42820764
v 0.11563767 -0.30610189 0.13409221
v -0.48055875 0.13210078 -0.44731647
v -0.15449724 -0.20342734 -0.38741392
v 0.29059866 0.13955110 0.40842891
v -0.61064649 -0.13747364 0.03007904
v 0.66735280 0.02129301 0.16410762
v -0.01454610 -0.15599528 -0.47447670
v -0.60745728 -0.13493252 0.04529111
v 0.64047223 -0.06037191 -0.12803443
v 0.45241714 0.11267903 0.07828440
v 0.54716212 -0.17569695 0.04729353
v -0.23642766 -0.00741137 -0.60009664
v 0.30844873 0.26395082 0.37817380
v -0.51343995 0.11891377 -0.35598570
v -0.65521532 -0.18136825 0.27630508
v -0.22476444 -0.19182885 -0.30828384
v 0.39903471 0.29270613 0.37679812
v -0.35886985 -0.09747304 0.16714729
v -0.57619941 -0.06725490 0.31865060
v -0.43188778 -0.19051653 -0.47567058
v -0.51271510 -0.05436857 0.34056094
v 0.21439280 0.20543392 0.41133314
v 0.52707487 -0.04193942 0.37238336
v 0.28295285 -0.30897674 -0.32361525
v 0.52493769 0.01439116 -0.05930676
v 0.62703979 -0.05801079 0.26504010
v -0.66893524 0.11593250 -0.33373672
v -0.27184966 -0.22899501 -0.55682516
v -0.65589666 -0.13564998 0.17751411
v 0.48857462 0.09186625 0.01151032
v -0.06396721 0.07193935 0.51511490
v 0.07022797 -0.30797961 0.17680775
v 0.53185964 -0.19685853 -0.13676527
v -0.18103522 -0.15575437 -0.34037018
v -0.55416250 -0.03454284 0.30090445
v -0.28994367 -0.23214479 -0.60357279
v -0.15687343 -0.03528450 0.54344600
v -0.19424754 0.22932751 0.46612033
v -0.73305881 0.04018380 -0.05729739
v -0.11901186 -0.24946728 -0.30935720
v -0.63468850 -0.00105859 0.17874525
v 0.29365039 -0.27142766 -0.11491816
v 0.61907691 -0.07826217 0.26275346
v -0.36393279 0.37524581 0.32290500
v -0.55554515 -0.14286868 -0.20229554
v 0.47813585 -0.19252828 0.25046343
v 0.59409118 -0.06040644 -0.19713712
v 0.27484474 -0.05328756 -0.46966624
v -0.55849403 -0.05375497 -0.40324211
v 0.58012831 -0.09978380 0.26943555
v 0.71576643 0.01027563 0.01550225
v 0.15604086 0.31225538 0.42810234
v 0.63409102 0.05390843 -0.00404269
v 0.55194658 -0.18125005 0.32403439
v -0.49474406 -0.18098184 -0.12694357
v 0.33871689 0.01102293 0.38368094
v 0.43393797 -0.12948290 0.11360216
v 0.51831371 -0.06901756 0.26047388
v -0.59941924 0.08388156 0.25037360
v 0.46154732 0.09057426 -0.01814002
v -0.09632614 -0.20317315 -0.68015260
v 0.36927709 0.02000266 0.06291263
v 0.79285365 -0.03540882 -0.10621081
v -0.65443790 0.17209226 -0.31307995
v 0.67039144 0.03400957 -0.05742475
v -0.65911376 -0.02998361 0.12473541
v 0.19107452 -0.08706887 0.37923396
v 0.23345548 -0.12615532 -0.51708519
v 0.67893112 0.06370959 0.23750848
v -0.39053079 -0.24825595 0.35302430
v 0.33588052 -0.19457768 0.43996578
v -0.43465972 0.05975877 -0.28335431
v -0.14498910 0.19380911 0.48958844
v 0.09392378 -0.17640615 0.44236064
v -0.78914553 0.03956683 -0.10535388
v -0.35683253 0.32278645 0.39260370
v -0.51763886 0.18679696 -0.39734173
v 0.76875305 0.08179899 0.07214658
v 0.31967136 -0.21711302 -0.42014825
v 0.00130591 -0.00578122 -0.58630860
v -0.04316778 -0.04602685 -0.60333407
v -0.30446517 -0.30872768 -0.35671520
v 0.69149345 0.11972216 0.04063484
v -0.68258262 -0.07232188 -0.02230513
v 0.16141982 -0.33312410 -0.13083534
v 0.64372897 0.00465288 0.01011352
v -0.66310287 0.13530658 -0.39272451
v 0.42833546 -0.23665087 -0.32414311
v -0.06452975 -0.27318630 0.37680584
v 0.44649118 0.08000608 0.15336959
v -0.07102649 -0.03025228 -0.52971435
v -0.04990848 -0.14348112 -0.64385623
v -0.17261025 0.06174086 0.51415426
v -0.28378433 -0.31546763 -0.42803413
v 0.40621462 -0.22139853 -0.39018142
v 0.10327166 -0.14764804 0.41204682
v -0.13080114 0.00338925 -0.36776915
v -0.20332962 -0.29750046 0.44904071
v 0.59071046 -0.02132329 0.07408208
v -0.12614128 -0.34193546 0.34142935
v -0.34865895 -0.18989545 0.43187732
v 0.71493959 -0.00284306 -0.11297156
v 0.75698984 0.06807467 0.08817578
v 0.37792245 0.01576879 -0.30863333
v -0.35063559 0.27066407 0.19551589
v 0.24442536 0.22728015 0.45652458
v 0.68765020 0.16520290 -0.08460739
v 0.31269747 0.07229871 0.36901063
v -0.72901380 -0.04886974 0.01214349
v -0.21438828 0.21511033 0.28612942
v 0.31069544 -0.22818175 0.42295033
v 0.38944316 -0.18529236 -0.01996169
v -0.18309110 0.07841496 -0.51781219
v 0.72049016 0.02504284 0.14075822
v 0.40474740 0.13411084 0.45436472
v -0.54433352 0.08691501 -0.35622129
v 0.61265862 0.09019110 0.32720271
v -0.09642200 -0.05140718 -0.62747902
v -0.17697714 0.12247010 -0.53688163
v 0.41261697 0.03631812 0.45802477
v -0.11497565 0.07040180 -0.48634320
v 0.30528590 -0.14620039 -0.50172007
v 0.45704770 0.03221720 -0.30288905
v -0.69144660 0.04304367 0.13684015
v -0.68495709 0.16063163 -0.23480052
v -0.33286157 0.21651770 0.17786519
v 0.60633993 -0.11721172 -0.07482747
v -0.14402962 0.14830115 0.41321030
v -0.67467141 0.15121512 -0.23339409
v 0.29152733 0.15570703 0.44913253
v -0.01188487 0.17789903 0.45097643
v -0.63077921 0.09722137 -0.13899361
v -0.37983620 0.16572979 -0.47109696
v 0.00946306 -0.13510330 -0.43179131
v -0.58595914 -0.12260016 -0.05956618
v 0.61561984 0.04870817 0.18679738
v -0.47871983 0.18889624 -0.30039382
v 0.51696026 -0.19209145 0.11589725
v 0.42902192 0.26122937 0.08719200
v 0.37847805 -0.29887801 0.34281015
v -0.73525327 0.15561451 0.06739267
v -0.42732784 -0.27293167 0.14748025
v 0.56750995 0.00321333 0.22887194
v 0.39296907 -0.24609403 0.35252628
v 0.33826795 -0.23122853 0.39390534
v -0.54798871 -0.03384559 -0.34077910
v -0.51713181 -0.09056225 -0.35429847
v -0.02103233 -0.18712202 0.48757923
v -0.51235580 -0.17869049 -0.13863559
v -0.22054860 -0.13723187 -0.34751040
v 0.08901472 0.17773511 0.50259203
v -0.39411384 0.29195192 0.05117233
v -0.07096668 -0.26823482 -0.35023803
v -0.43665951 -0.09956852 -0.53045148
v -0.17117202 -0.07865018 -0.35481018
v 0.07422413 -0.02857704 0.47655809
v -0.75617778 0.10413351 -0.13425949
v 0.63283908 -0.04084269 -0.13614234
v 0.27960908 -0.21889032 0.42342967
v -0.04280360 -0.17810236 0.49050719
v -0.06732495 0.14584705 -0.29833809
v -0.64378643 0.05581945 -0.26928565
v -0.41843954 -0.25975525 0.36858773
v -0.41374788 -0.19565490 -0.28249875
v -0.54404032 -0.18774559 0.04275043
v 0.32806221 0.06929690 0.48278445
v -0.53889853 0.22116315 0.16490632
v -0.13591716 0.16896425 0.40790886
v -0.49921483 0.29379013 0.26428252
v -0.17925857 0.31686050 0.35267335
v -0.02039026 -0.20981267 -0.47424525
v -0.22696552 -0.28528115 0.15899792
v -0.02186154 0.21917862 0.48514748
v -0.77904797 0.12814502 0.04682991
v -0.56323248 0.07708149 0.30249888
v -0.17284431 -0.02876214 -0.60182887
v -0.42726806 -0.14763603 0.39073816
v 0.64306879 -0.00630385 -0.07913623
v -0.31435743 0.14018512 -0.24127856
v 0.60457909 0.07792515 0.03302999
v -0.45030627 0.02007280 0.42945182
v -0.42990428 0.11802287 -0.39154032
v 0.48247761 -0.04423314 0.43032810
v -0.50302339 -0.17572252 -0.15764490
v -0.13491255 -0.31350580 -0.12698118
v -0.15867394 0.28879961 0.29170600
v 0.36107871 0.08344376 0.20137730
v -0.39416879 -0.13829289 0.44620430
v 0.15060464 -0.08278294 -0.50155425
v 0.72057861 0.04541972 0.16417460
v 0.58860707 -0.08726299 0.01857095
v -0.68569767 -0.10281886 0.15036902
v -0.51917464 0.20081848 -0.38082492
v 0.10880785 -0.32727984 -0.02178073
v 0.35237116 -0.28861418 0.07380383
v 0.69603336 -0.03706666 -0.04780592
v -0.54164660 0.22996256 -0.17832212
v 0.42441237 -0.25253490 0.24961889
v 0.45272863 0.02947086 -0.00103781
v 0.30226406 0.27397984 0.40651086
v -0.34412074 -0.29320785 0.31022149
v -0.36788744 0.20660351 -0.00192130
v -0.44243002 0.05528121 -0.02613132
v -0.56227309 -0.09732498 -0.43561953
v -0.47202632 0.19112261 0.35189244
v -0.56435043 -0.07237371 -0.36213797
v -0.55294549 0.29197407 0.22470450
v -0.01850563 -0.01133483 -0.58185005
v -0.73280436 0.19445170 -0.14918339
v -0.49532464 0.07965400 -0.47843200
v -0.37845024 -0.26132759 0.39963391
v -0.21045312 0.13205643 0.50199240
v -0.35029617 -0.25399858 -0.52874988
v 0.25793409 -0.34221882 0.22435743
v 0.32774794 0.26019907 0.30594060
v -0.02350375 -0.26568228 -0.37282363
v -0.42393869 -0.19686621 0.41907945
v -0.14623359 0.19497794 0.06101445
v -0.41950381 0.21659732 -0.04065804
v 0.43233126 -0.18781683 -0.11561242
v -0.16395853 -0.13892427 0.54559422
v -0.37935430 -0.20843117 -0.39384401
v 0.30881059 -0.06627582 0.32537195
v -0.02251621 0.22475919 0.22791255
v -0.60613859 0.22499335 0.11828101
v 0.57412946 0.15677731 0.18366712
v -0.66153675 -0.06210797 -0.27113321
v 0.68278831 0.08091174 0.01318175
v 0.37780976 0.26677319 0.31629968
v 0.31334215 0.07614253 0.02240291
v -0.15323064 -0.17032811 -0.42518032
v 0.53954417 -0.19345456 -0.12658563
v 0.39506960 -0.26903111 -0.27202931
v -0.47844020 0.13672750 -0.28368914
v 0.34036508 0.24748245 0.30025351
v -0.74277949 0.26245606 -0.14690372
v -0.37458223 -0.11210468 -0.38566464
v -0.38128710 -0.24384657 -0.38160765
v 0.64012134 0.01289800 -0.06484658
v 0.19565821 -0.19960597 -0.50761735
v -0.35705453 -0.21136411 0.43374705
v 0.26797575 0.28643391 0.41807365
v -0.32523707 -0.25540668 -0.50608552
v 0.37520355 -0.16733068 -0.40496612
v 0.67761594 0.02702815 0.18214144
v -0.23702973 -0.07997353 -0.63007492
v 0.48696667 -0.03590153 -0.10376125
v -0.23042282 0.16126591 -0.07425560
v 0.39256930 -0.19433823 0.01903360
v 0.54866987 -0.15636975 -0.24188295
v 0.37389183 -0.29909632 0.28614727
v 0.66223586 0.02750951 0.05016080
v 0.64501750 -0.01841822 -0.16705763
v -0.76777518 0.17497998 -0.14096741
v 0.62285036 0.02388510 0.06028773
v -0.41045529 0.13101479 0.42975605
v -0.21393777 -0.26355910 -0.51112205
v 0.02907450 -0.31587413 -0.01274958
v -0.30692798 -0.02676492 -0.37788245
v -0.70712334 0.15664446 -0.14400855
v -0.57537931 -0.13916026 0.24571598
v 0.50308067 -0.21681742 -0.25877076
v 0.42726555 0.22533742 -0.05824445
v 0.48527166 -0.24192840 -0.10053816
v 0.50059974 0.19982292 0.16677153
v 0.45703232 0.15755244 0.05909162
v -0.28863963 0.17969313 -0.40735114
v -0.68665868 0.18656580 -0.23056516
v -0.26711538 -0.14731605 -0.29107594
v 0.30665994 0.18905081 0.42530230
v -0.25322351 0.07274051 -0.56899989
v -0.64772785 -0.04177808 -0.10844440
v 0.41894230 -0.31671312 0.32100862
v -0.51040500 0.21111929 -0.24436858
v -0.45129028 -0.01498711 -0.30990219
v -0.62950861 0.11139756 -0.21872917
v 0.61511087 0.15861440 0.13628867
v -0.60896486 0.03999397 -0.30643943
v 0.73068875 0.16609254 0.13832989
v -0.06517398 0.21320429 0.44077352
v -0.69098181 0.13129124 -0.12853429
v 0.26614973 -0.13470656 -0.51176852
v 0.17675796 -0.15844412 0.41353768
v -0.24747969 -0.24301788 -0.50415587
v 0.63992065 0.01539397 0.29444265
v -0.31677985 0.36115500 0.39547923
v 0.66291118 -0.01338252 0.23893833
v -0.50257152 0.11545657 -0.29022187
v 0.15115339 0.04590221 0.42198673
v -0.48146272 -0.21849471 0.32841092
v 0.12486942 0.28947425 0.40274537
v 0.21658723 -0.23003276 0.34575352
v -0.62847286 0.24600811 -0.37578729
v 0.68557322 0.03097076 0.23677751
v -0.54249996 0.29138017 0.22406670
v 0.16044751 -0.06909315 -0.48718390
v -0.58991283 -0.09834100 -0.31305081
v -0.06163751 -0.27571905 -0.23062944
v -0.75823450 0.02432032 0.05336291
v 0.11486363 -0.20165339 -0.47340217
v 0.69235981 -0.05650024 -0.18313052
v -0.53178668 -0.11005632 -0.33826461
v -0.71697021 0.18444088 -0.02828473
v -0.33828783 0.09632108 -0.28746650
v -0.35958886 -0.17030369 0.43596089
v 0.56635290 0.22675422 0.24105066
v 0.51161307 0.17739455 0.26098216
v 0.27686593 -0.02362062 -0.46044689
v 0.58919525 0.00588213 -0.18377855
v -0.44697842 -0.15309466 -0.47493511
v 0.60554063 -0.05854424 -0.03393183
v 0.06516860 -0.10810260 -0.46573895
v -0.68461955 0.19783354 0.03385883
v 0.19190836 -0.30978510 -0.35239050
v 0.68977851 -0.09387510 -0.08956858
v 0.60773611 -0.07117102 -0.18084279
v 0.32895869 -0.26446941 0.33208010
v -0.56633365 -0.12556513 -0.08750102
v -0.20600985 0.13671416 -0.43530372
v 0.33756819 -0.26169252 -0.05096793
v 0.49735656 0.06914660 0.03964338
v 0.29012135 -0.21402785 0.10106008
v -0.26237765 0.13343307 -0.43659994
v -0.55482471 0.00692424 0.29885247
v -0.34141123 0.13914931 -0.38719860
v 0.11013129 0.25044143 0.38357142
v -0.60393620 -0.02150532 -0.34095755
v -0.34281218 -0.00622488 0.47704837
v 0.53599387 0.04683397 0.03570846
v 0.50962782 -0.10345368 -0.34677574
v -0.31275231 -0.04645783 0.49172464
v -0.24588414 0.19186665 0.46568060
v 0.66664982 -0.04581210 0.29486835
v 0.26933256 -0.20475556 0.02594104
v 0.53957748 -0.05806691 -0.08698176
v -0.32963645 0.11795898 -0.34890622
v 0.48054114 -0.22717534 -0.23383321
v -0.80583727 0.10076322 -0.13400015
v 0.01588070 -0.25439790 0.36837241
v 0.33874890 0.05083414 0.29374677
v -0.11641550 -0.24905874 -0.57472652
v 0.48326302 -0.09289020 -0.34915811
v 0.33467782 0.12799414 -0.08049644
v -0.50348353 0.03237896 -0.17934066
v 0.74825728 0.07275125 0.12879658
v -0.23520832 -0.22965628 0.50269198
v -0.61534846 0.00964691 -0.34982318
v 0.63190043 0.18268293 0.14210683
v -0.19552302 -0.24729039 -0.38799429
v -0.02076526 -0.11838938 -0.63893771
v 0.72154754 -0.04458378 -0.17239805
v -0.13314393 -0.01751947 -0.54742837
v 0.31359929 -0.20820683 0.12948570
v 0.66313040 0.14750099 0.00125177
v 0.13606520 0.22549495 0.00628389
v 0.60572827 -0.03342240 -0.01983659
v -0.22738978 -0.22656381 -0.30271557
v -0.14924918 0.31278476 0.43427458
v -0.16405106 -0.16649096 0.52911270
v -0.62421453 -0.01299693 -0.20414796
v 0.69025487 0.05880088 0.22238670
v -0.51036251 0.20287380 0.30396441
v 0.08857556 -0.32244891 0.03738549
v -0.45156488 -0.10701005 0.39821520
v 0.34129804 -0.13128930 0.14090846
v -0.38297516 -0.12916492 0.46299887
v -0.22520885 0.14954814 -0.40505835
v -0.30286443 -0.23899364 -0.39301261
v 0.53324634 -0.07630238 0.26088640
v -0.14435798 0.04722955 -0.44922832
v -0.46953726 0.23475999 -0.15057072
v -0.03246938 -0.31889468 0.00206461
v -0.42357776 0.16615330 -0.36126167
v -0.14341746 -0.20269567 -0.35720015
v 0.53968745 0.07625355 0.05197530
v 0.02535020 0.16766998 0.44621176
v -0.69789881 -0.00651929 -0.13704087
v 0.37435389 0.02317383 -0.39162049
v 0.30216211 -0.24204582 -0.43403664
v -0.58059669 -0.20109132 0.13310248
v 0.54390395 -0.03543904 0.17692620
v -0.18100750 -0.31668437 -0.40905708
v -0.36427271 0.12199517 -0.40395883
v 0.42463684 -0.05089384 0.00217392
v -0.62548691 0.22037312 -0.33346418
v -0.44619080 0.03678831 -0.51566637
v 0.64940417 0.02709847 0.28591132
v -0.36828876 0.38681731 0.23869205
v 0.43555650 -0.26281318 0.10447343
v -0.17434736 -0.29685563 -0.41285881
v 0.52367419 0.14860097 0.08436155
v -0.68691397 -0.04850105 0.01104022
v 0.29296997 0.02778027 0.40116739
v -0.27088118 -0.12028306 -0.64187479
v -0.56410974 -0.00054887 -0.18045568
v -0.20420827 -0.22707418 0.51526737
v 0.29565459 -0.14422877 0.50713992
v -0.63593167 -0.07030351 0.12859932
v -0.33149520 0.38143817 0.30655599
v -0.15760079 -0.26281235 -0.48367262
v -0.38644457 -0.23010845 -0.45626989
v -0.11754540 -0.18002382 -0.48727730
v -0.48828816 0.01999162 -0.34584978
v 0.54924834 -0.14143808 0.26703125
v -0.65611988 0.10476934 -0.19349483
v -0.15836568 0.00688163 0.52766931
v -0.36859265 -0.07235745 -0.56861591
v -0.59488678 0.11063123 -0.31605613
v 0.71609020 -0.05587303 -0.08556706
v -0.12985288 0.29938149 0.37682307
v -0.67401558 -0.07184860 0.09602685
v 0.67170227 0.04638645 0.04237705
v -0.23816326 0.07428248 -0.40919542
v -0.39989835 -0.06766856 0.47509915
v -0.23083866 -0.17729685 -0.55929440
v 0.63769364 0.04460036 -0.01445501
v -0.53646708 0.07347705 -0.34810799
v 0.38184470 -0.17236623 0.10389546
v -0.03736008 0.25804803 0.43638542
v -0.29405716 0.35889450 0.35201064
v 0.29827970 -0.04850688 0.38254160
v -0.58230090 -0.12451968 -0.06086743
v -0.53355443 -0.02526142 -0.23635033
v -0.38002971 -0.21588777 0.30305877
v -0.21531312 0.06083069 -0.24817103
v 0.63157898 -0.08900068 0.31504917
v 0.22625600 -0.28753868 0.33065614
v -0.24394506 0.13936067 0.23604429
v 0.63430893 0.15270463 0.30474794
v 0.46678603 0.13285717 0.31924245
v 0.51662356 -0.01480235 0.20692606
v -0.18866688 0.18073367 0.00073863
v -0.73667467 -0.03039637 0.06102012
v 0.67443109 0.13632277 0.07100944
v 0.44374618 -0.25379270 0.16556913
v -0.03754287 0.07187336 0.51924664
v -0.16371761 -0.12919448 -0.59861332
v 0.75127316 0.08591358 0.12462868
v -0.44874781 0.06421365 0.41871041
v 0.43904257 0.18251708 0.10256383
v 0.66468865 0.05691735 0.00197807
v -0.53912181 0.04949502 -0.30288363
v -0.58981574 -0.03781025 -0.12147151
v 0.18613699 0.11081089 0.44638959
v 0.25517720 -0.26312479 0.35655728
v 0.34857231 -0.25912863 0.36111504
v -0.54898977 0.23635201 0.22198457
v -0.54422170 -0.06859964 -0.30907369
v 0.63962412 0.18652821 0.17191404
v -0.05705995 0.20681985 0.23451561
v -0.52412450 -0.02181112 -0.29067031
v 0.51764065 0.03508902 0.26508984
v -0.51156121 0.16446139 -0.27085149
v 0.02170710 -0.32276469 -0.11925521
v 0.27388611 -0.27940217 0.27622664
v -0.26016465 0.01498073 -0.59014839
v -0.54742390 -0.11347572 0.32248089
v -0.13815588 -0.31748572 0.14600116
v 0.46705064 -0.17161636 -0.08203000
v -0.31873673 -0.17283525 -0.56164074
v 0.24718936 -0.32546937 0.39580649
v -0.43252447 -0.05431761 -0.33004814
v -0.51338625 0.04724801 -0.32084915
v 0.16071451 0.09346253 -0.35517684
v -0.63762879 0.11158445 -0.35123840
v 0.50707686 0.09843344 0.05877375
v -0.50653863 0.13609442 -0.39377809
v 0.59845865 -0.13547648 -0.08152259
v 0.53754675 -0.19058569 -0.13716811
v -0.10377031 -0.24385199 0.41973048
v 0.22770050 -0.31083649 -0.28679919
v -0.42578834 0.08274652 0.34956124
v 0.76421571 0.00347728 -0.06886242
v -0.65743327 -0.08190121 -0.00534928
v 0.38627279 -0.18905640 0.41734129
v 0.04572845 0.00185349 -0.57421100
v -0.26227254 -0.20637867 -0.60254288
v -0.29499316 -0.30374557 -0.37689686
v 0.61926907 0.21401283 0.05674283
v 0.64389908 0.03938760 -0.06098481
v 0.58557612 -0.15283322 -0.08079922
v -0.07861595 -0.30269620 0.26748350
v 0.08341035 0.19212882 0.45508093
v 0.60910118 -0.05854754 0.25086784
v 0.21495593 -0.27376756 0.26565081
v 0.35219321 -0.27193484 0.35225326
v 0.37505633 -0.31914198 0.32949117
v 0.20692077 0.09014428 -0.38044286
v -0.50190073 0.20069227 -0.38471481
v 0.60656983 0.09283362 0.14725271
v -0.03682811 0.23297356 0.14498892
v 0.50677496 0.22719634 0.32811624
v -0.14109084 -0.19893606 -0.34991455
v 0.65968323 0.03615042 0.17235568
v -0.51358229 -0.04620947 -0.20974736
v 0.07604147 0.24623317 0.31443775
v -0.60403401 -0.04873373 0.26288456
v -0.15840523 -0.33289537 -0.47158936
v 0.46917799 0.16447523 0.28933623
v -0.39689863 -0.02505450 -0.43120387
v -0.22339685 -0.11413060 -0.42543745
v -0.45953357 -0.14366220 -0.04796919
v -0.67163455 0.14636017 -0.22829610
v -0.02911702 -0.08234823 0.54046482
v -0.03440344 0.22639072 0.10380247
v -0.21255907 -0.26616651 -0.50904936
v 0.25875878 -0.32039243 0.39775816
v -0.31481546 -0.28756264 -0.48168966
v -0.74326259 0.03915009 -0.14027496
v -0.34775776 0.25648201 0.02511526
v -0.35461977 -0.25489840 0.42283386
v 0.39446402 0.31984463 0.18291432
v -0.26083219 -0.21950471 -0.42356083
v 0.30583102 0.02727394 0.41373506
v -0.60895610 0.20614085 0.03426372
v 0.49646589 0.01135883 0.08426575
v 0.38138291 -0.03771807 0.24524575
v 0.57692963 -0.07543157 0.07493570
v -0.49100795 -0.03021654 0.38047275
v -0.23300231 -0.22418377 -0.46671307
v 0.70563984 0.01062410 0.03572073
v -0.55850989 -0.08866512 -0.44276488
v 0.40650788 -0.19445518 -0.39909172
v -0.26990905 0.11977579 0.47258562
v 0.43497461 -0.04122911 0.12702395
v 0.61161172 0.03474258 0.34028220
v 0.62554991 -0.04739002 0.24725562
v -0.43944579 0.25124297 0.33366558
v -0.60788792 -0.08299015 -0.30850270
v 0.30242646 -0.33382615 0.22730546
v 0.21853910 -0.27064487 -0.43095514
v 0.04736402 -0.07664120 -0.46525496
v -0.76325160 0.04225666 -0.13215396
v -0.69238162 0.19653600 -0.15619135
v -0.61734921 0.08648849 0.22653915
v -0.34947017 -0.27539629 -0.26224446
v -0.49976045 0.12411909 -0.40001398
v 0.13661672 0.22461553 0.40548399
v 0.20810419 -0.17961347 0.46619862
v -0.69696206 -0.04893916 -0.24611866
v -0.21393409 0.11704094 -0.53134990
v 0.27668816 -0.29168114 -0.34997419
v -0.42396346 -0.17615883 -0.48453718
v 0.30440369 -0.29089385 0.18645266
v -0.35098603 0.04728893 -0.53997785
v 0.79631400 -0.01836303 -0.06780031
v 0.40694916 0.06310945 0.02250186
v 0.39946139 -0.18002589 0.05592266
v 0.67068326 0.01249397 0.20479645
v 0.55412114 -0.07430628 -0.28259596
v -0.45403823 0.24342023 0.33365399
v -0.80896115 0.04816630 -0.02931172
v 0.06232619 0.22275114 0.31733757
v 0.04844987 0.22921735 0.44928163
v 0.20503138 0.20731114 0.14429481
v -0.00784797 -0.30534029 -0.30052257
v -0.58478951 -0.04080041 -0.18482895
v 0.52787066 0.21095012 -0.10174146
v -0.51953757 0.24321796 0.24660027
v -0.58456802 0.27532697 -0.34298617
v 0.58114445 -0.06696101 0.24150980
v 0.13243571 0.30907825 0.39125913
v -0.47569442 0.13761190 0.01996135
v 0.07933272 -0.16295439 -0.65731406
v 0.10767301 -0.33210376 -0.15770894
v -0.18979214 0.13272214 -0.50727814
v 0.69692677 -0.01797467 -0.03916975
v -0.25559986 0.25867319 0.41484815
v -0.32653689 -0.20213485 0.21862102
v -0.43753502 -0.15848880 0.38338122
v 0.29710022 -0.17237541 0.23019072
v -0.25274035 -0.22934818 -0.30290198
v -0.06524140 -0.30415678 -0.56427002
v -0.25372514 0.35314283 0.25985166
v -0.50294322 -0.16456549 0.26004261
v 0.69622338 0.01006986 -0.11450475
v 0.41722795 -0.10182136 -0.44511610
v -0.05349895 0.09034812 0.44132912
v 0.08246603 -0.30472079 0.21282208
v -0.21808748 0.08649470 -0.58194500
v 0.38717955 0.24051583 0.18120894
v -0.12988405 0.00760273 -0.34867537
v -0.51036710 -0.05758803 0.37222999
v -0.13579811 -0.24960825 0.36708468
v -0.08629505 -0.18468276 0.49559960
v 0.72190213 0.00372830 -0.07243901
v -0.61450183 -0.04896503 0.25086865
v -0.29795080 0.16909555 0.47730172
v -0.68198562 -0.09742598 0.16613063
v -0.61959815 -0.10482876 -0.04548395
v -0.38342017 -0.20034911 0.40202874
v 0.47312450 0.17888644 0.23527065
v -0.52801263 0.19075087 0.29913038
v -0.72310913 0.10221177 -0.13572632
v -0.37773201 -0.22123197 -0.50532109
v 0.77064121 0.00278124 -0.13249172
v -0.59767067 0.23400436 -0.16683555
v -0.08671004 -0.22785768 -0.63032675
v -0.29304704 -0.32214093 -0.26831955
v -0.27800816 0.28697318 0.09725120
v -0.19324499 -0.20277026 -0.47871855
v -0.14991708 -0.25622660 0.51232964
v 0.30694783 -0.22727256 -0.44045076
v -0.30131337 0.12249251 -0.30713713
v -0.55588835 0.22967720 0.21728218
v 0.71572620 0.01149857 0.11299060
v -0.56238544 -0.06530961 -0.13874426
v -0.05867333 -0.22490971 0.43930396
v -0.62610728 -0.04076056 -0.31874841
v -0.37499544 -0.20971550 -0.51681751
v 0.31932816 -0.07862303 -0.24381363
v -0.04568911 0.08878697 -0.50558180
v 0.51910925 0.02915772 0.01616524
v -0.26124707 0.18870994 -0.37122557
v -0.04516430 0.29319066 0.31568870
v 0.05662145 -0.32937637 -0.17394704
v -0.32806900 0.16104507 -0.50575817
v 0.25843117 -0.21117741 -0.47655150
v -0.36291701 0.07641801 -0.45799616
v 0.60444129 0.01561010 0.00147995
v 0.57897693 0.21008652 0.22286984
v 0.39691582 -0.07332098 0.46799570
v 0.56198364 -0.06401525 0.21576485
v -0.30699518 0.26818651 -0.22304332
v -0.15554239 0.06497449 -0.32660344
v -0.39254591 -0.01808987 -0.55239797
v -0.29351291 0.13457081 -0.26148307
v -0.01675114 0.31053221 0.28317341
v 0.56944311 0.17637271 0.35259116
v 0.43365842 0.08792426 0.22007027
v 0.14045571 -0.28028592 -0.41949028
v -0.15446098 0.06279308 -0.56126595
v 0.33510071 0.18542393 0.43591553
v -0.45211157 0.26649407 0.14965147
v 0.33125240 0.07592314 0.45526072
v 0.65572923 0.14183319 -0.08889257
v 0.44163144 0.21880355 0.29654217
v 0.25831842 0.08523633 -0.32642204
v 0.33240461 -0.22312525 -0.13725837
v -0.73810679 0.00142763 -0.28048208
v -0.28021869 -0.32761016 -0.42381245
v 0.57422000 -0.07232802 -0.26717350
v 0.46290579 0.29901540 0.13413391
v -0.64672852 -0.03299962 -0.23500410
v 0.40305805 -0.12673338 -0.44192141
v 0.23161522 -0.21371105 0.29635549
v -0.51462245 0.03607596 -0.38381344
v -0.41395521 -0.19058667 -0.32389882
v 0.66068649 0.00923884 -0.01559367
v -0.69226694 -0.04828314 0.08000800
v -0.70946360 0.09511284 -0.18314001
v -0.20841110 -0.29082978 -0.10971808
v 0.50893557 -0.20888379 -0.26090690
v -0.50564420 -0.25735483 0.16634464
v 0.37779799 0.01083848 -0.23019376
v -0.44510612 -0.26154369 0.26827425
v -0.75040722 0.18760291 -0.22977906
v -0.73946244 -0.04168548 0.04318778
v 0.57073188 0.07772548 0.33205199
v -0.19980448 0.12149376 0.22654432
v 0.59665656 -0.01805889 -0.17540723
v 0.46083939 -0.03622814 0.39985058
v 0.64803278 0.03245542 0.28479141
v 0.29714361 -0.27294204 -0.38245618
v 0.47140816 0.15113907 0.17902264
v -0.68732673 0.18919589 -0.22402360
v 0.27509198 -0.34417865 0.36123589
v 0.52539438 0.03857760 0.06905458
v 0.45847511 -0.24408828 -0.06045222
v 0.54979616 0.02233418 0.38822335
v -0.52447587 0.04802332 -0.44888976
v -0.51821542 -0.17572556 -0.03696061
v -0.53368241 0.29717463 0.22644135
v 0.40034264 -0.06513244 0.10213592
v -0.63877988 0.10702178 -0.09100778
v -0.36646807 -0.15377104 -0.55775738
v -0.39099383 -0.00861396 -0.54471976
v -0.14459866 0.12072404 0.49766564
v -0.69351268 -0.09048443 0.02651066
v 0.27925834 0.01701329 0.42771572
v -0.23216161 -0.10246083 -0.66070598
v 0.19435270 0.07285382 0.50827491
v 0.40545985 0.17826602 0.06824320
v 0.48941177 -0.21055618 -0.19441196
v -0.19577973 -0.22249916 0.38195500
v -0.26947588 -0.23560539 -0.28521127
v -0.60913378 0.00784518 -0.11667113
v 0.10456007 -0.33475682 -0.06780930
v -0.55026561 -0.18148407 0.34076798
v 0.50020081 -0.00151615 0.24628779
v 0.28267947 0.14648929 0.30229560
v -0.50794482 -0.16397908 0.35173768
v -0.34718397 -0.06845975 0.26747867
v 0.08764693 0.28113407 0.38981971
v -0.29553086 -0.02635217 -0.61379337
v -0.42549610 -0.22026457 -0.11882139
v 0.49479324 -0.17833930 -0.31923956
v -0.13950314 -0.13126083 -0.65423262
v -0.28928733 -0.16472372 -0.56242353
v 0.45931467 -0.04792983 0.42181709
v -0.32432595 0.29109791 0.25414878
v 0.55035871 0.06083152 0.16159821
v -0.68698847 0.14371544 -0.00218050
v -0.00291127 -0.22353786 0.42271233
v -0.58750689 -0.10355705 -0.18224630
v 0.34998536 0.14487730 0.18105185
v 0.66789448 0.17848480 0.13424668
v -0.25194374 -0.10207322 0.53689110
v -0.58838421 0.16696392 -0.27452922
v -0.60926878 0.05183510 -0.41409665
v 0.01836565 0.21735950 0.47303686
v -0.57671094 -0.11667283 0.00029654
v -0.02486767 0.19035085 0.36868405
v 0.46949449 0.07827832 0.39939466
v 0.43986055 -0.09228963 0.44271389
v 0.35708112 -0.24991003 0.01024971
v 0.55866313 -0.08600584 0.12581928
v 0.43518895 0.30443907 0.17677465
v 0.26692930 0.27880490 0.42540643
v -0.30415395 -0.26132450 -0.38614178
v -0.47191930 -0.04870921 -0.10027693
v -0.47139069 -0.15313271 0.15618560
v -0.71232778 0.05798507 -0.29885617
v 0.42554986 -0.23838340 0.24003421
v -0.21612567 -0.10257556 0.29639328
v -0.47509196 -0.22247422 0.08268330
v -0.24512108 -0.11848626 -0.49886766
v 0.63139194 0.02745654 0.09021223
v -0.55523205 0.04066481 -0.42222354
v 0.65268117 0.12797925 0.27722090
v 0.37070185 0.07950862 0.23115028
v -0.40066794 0.33086136 0.34384438
v -0.39008808 0.09649672 -0.24268381
v 0.28602344 -0.30716041 -0.15593708
v 0.42326999 -0.07549810 0.03985607
v -0.59923828 -0.02626220 -0.12917066
v -0.53043765 -0.14431712 0.27964169
v 0.56648082 0.19346000 0.32804465
v -0.07522272 -0.31079865 0.22052363
v 0.63486952 -0.07585511 0.28170282
v 0.65581399 -0.06930029 -0.10196804
v -0.48921099 0.15184182 -0.11889739
v -0.11871461 -0.32117057 0.18908580
v 0.59179121 -0.05344960 0.34435982
v -0.25415352 -0.11732441 0.52925497
v -0.60902286 -0.00385628 -0.26204813
v -0.55277431 0.03670207 -0.02319105
v 0.44296572 -0.04737089 -0.00409322
v 0.37256801 -0.16341686 -0.02703177
v 0.49067175 0.10739096 0.40447631
v 0.72894144 0.14517948 0.17025653
v -0.51727039 0.12234001 -0.26786625
v 0.41045958 0.25961021 0.16639471
v 0.45240095 -0.01531260 0.43097267
v -0.52906954 0.05339334 -0.27659550
v -0.62325996 0.11626045 -0.35975531
v -0.48673248 0.11048262 -0.16601428
v 0.37686417 -0.25683063 -0.35749039
v -0.47654229 0.07361389 0.39547619
v -0.14665630 -0.06378642 -0.43536904
v 0.12060153 0.14535394 0.34432769
v -0.31674704 0.21302029 -0.35380623
v 0.65465742 0.13844809 0.09041738
v -0.37974307 -0.22787751 -0.30661601
v -0.42746222 0.23368104 -0.16692509
v -0.26645809 -0.28781825 0.39319682
v 0.50088155 -0.19331002 0.20014258
v 0.51800811 0.19284010 0.38542402
v -0.63147724 0.03806345 -0.39199638
v -0.20410913 -0.34262347 0.17582488
v 0.18224315 -0.13272648 0.39244416
v 0.34544086 -0.25272211 -0.07184428
v 0.00792366 -0.30901659 -0.23332699
v -0.25115344 -0.13991109 -0.63512754
v -0.33815461 0.38161495 0.32812724
v -0.07168431 -0.30520305 -0.23659006
v -0.06223856 0.18968290 0.22956899
v 0.38718164 -0.09381997 -0.23214343
v 0.26681292 -0.27010116 -0.14909033
v -0.27985102 0.29503763 0.34747177
v 0.50420219 0.07753037 -0.09041303
v -0.42219523 -0.11553735 -0.14122446
v -0.00696054 -0.19916984 -0.48480594
v 0.62164563 -0.08363834 -0.11213459
v 0.41167194 0.06503586 0.26085046
v 0.42035750 -0.20787647 -0.37178916
v -0.32229275 0.13185662 -0.48534563
v -0.69602221 0.08561851 -0.32817268
v -0.61048454 -0.09583435 -0.04455714
v -0.48194596 -0.12748906 -0.49600631
v 0.49646890 0.07639228 -0.18890813
v -0.25329709 -0.08593246 0.52515399
v -0.19323082 0.28517163 0.44751391
v -0.52207637 -0.15410486 -0.08348177
v 0.29089916 -0.17828254 0.26394528
v -0.74089968 0.10622948 -0.13501835
v 0.56361979 -0.13434803 0.23384953
v -0.30975091 0.01118025 0.23132762
v 0.37925047 -0.07668975 -0.43409812
v -0.49284816 0.19308764 -0.09594910
v 0.61927831 0.12451248 -0.01150705
v -0.66985589 0.04813761 -0.35096535
v -0.10471742 -0.23666072 -0.33252984
v -0.43152571 0.01879320 -0.42972356
v -0.17200002 -0.00432625 -0.60048771
v 0.25693390 -0.00384337 -0.46482465
v -0.30687836 -0.24576816 -0.42063695
v 0.25874400 0.13967754 0.46544066
v 0.32506618 -0.28497255 0.16209087
v -0.29593047 0.13885927 -0.33581975
v 0.71784532 0.00608391 -0.16988155
v -0.34882563 0.14048827 -0.29454747
v -0.52505279 -0.14830934 -0.32082757
v -0.64569628 0.08783615 -0.11914787
v -0.43564788 -0.23249081 -0.30260003
v 0.27984032 -0.29429987 0.06276949
v 0.03657927 0.22768186 0.44990057
v -0.53712946 0.04954758 -0.41248173
v 0.53120178 0.07288302 -0.16681743
v -0.38166112 0.19925363 -0.38232166
v 0.76074672 -0.05246543 -0.10707237
v -0.64975774 -0.10454908 0.25036457
v 0.58363777 -0.13090797 0.06955349
v -0.43729663 0.06668518 -0.06551094
v -0.46078217 -0.09212701 -0.27336058
v 0.19973734 0.27825952 0.44444540

