# https://github.com/mikedh/trimesh
v 0.44346818 0.17207167 0.29930669
v -0.38371956 -0.36179799 -0.07159962
v -0.39027697 -0.04473848 0.43039617
v -0.23672272 0.27070829 0.43133783
v 0.55273807 0.00048505 0.06658742
v -0.33192441 0.26719558 -0.27057695
v -0.72440827 0.06059160 0.02122128
v 0.23622085 -0.28838509 0.45901230
v 0.59400916 -0.01876949 -0.01915292
v 0.42859671 0.00958418 0.40289959
v -0.77875483 -0.03077532 -0.02033278
v 0.67498547 0.07717054 0.03331901
v -0.75566804 0.13097537 0.05682176
v 0.43238732 -0.24655505 -0.30696005
v -0.41886920 -0.19917387 -0.44406164
v -0.51803130 0.10054396 0.19866499
v -0.49400276 0.23981170 -0.09272878
v -0.54174274 0.22916904 -0.05325554
v -0.21707752 0.28594738 0.36274123
v 0.58043134 0.02617048 0.04216355
v 0.49984002 -0.11297106 0.14502962
v -0.19569501 0.16298033 -0.42396337
v -0.44652128 -0.28581095 0.20105761
v -0.13447550 0.37987971 0.24983731
v 0.03664400 -0.43858892 -0.23643124
v -0.34349722 0.20479074 -0.15045045
v -0.17489444 -0.00444058 -0.61316621
v -0.65410799 0.07291967 -0.05870417
v -0.65838253 0.02695279 0.00810090
v 0.27767950 -0.17595570 -0.56184298
v -0.68084556 0.05477083 0.02040115
v 0.48989305 0.21657327 0.08905663
v -0.27316427 -0.20304492 -0.58423012
v -0.66616607 0.01680612 -0.03718200
v 0.23998094 -0.34266737 0.37059045
v -0.25210321 0.36293200 0.14012183
v 0.60822654 0.05048930 -0.11509987
v 0.25795174 -0.04364736 -0.54110521
v -0.51488692 -0.13585764 0.27836370
v 0.26917067 -0.36500415 0.27723923
v -0.30221796 0.18794765 -0.41922730
v 0.30554736 -0.35332868 0.22315165
v -0.69672424 0.17861275 0.00015113
v -0.34567022 -0.22920965 -0.47420961
v -0.29802057 0.02337921 -0.54053283
v 0.01475069 0.24028738 0.46669266
v 0.60003459 -0.09878463 -0.01504049
v 0.51413405 -0.09486740 0.25862819
v 0.19967642 0.05448824 0.55206192
v 0.26430121 0.08620866 0.42175731
v -0.57568377 0.15750059 -0.10844731
v -0.46836698 0.26963982 0.15800491
v 0.35610294 -0.35409358 0.24917704
v 0.53322589 -0.05267831 -0.13714302
v -0.30298027 0.24704912 -0.36740965
v -0.53851485 -0.26755530 -0.30026323
v -0.23943345 0.00095857 -0.53291535
v -0.71003640 0.08893032 0.01471597
v 0.63642120 0.01049505 0.03070132
v -0.53631413 -0.16644391 -0.27001196
v 0.48238951 0.10569681 0.12909159
v -0.42786878 -0.32344496 -0.36548629
v -0.32369298 0.07491022 -0.46399820
v -0.22932371 -0.39870945 -0.29203907
v -0.22103418 -0.30251887 0.41784015
v 0.03276347 0.36291260 0.28447545
v 0.58086449 0.04003963 0.07604249
v 0.34864295 -0.01728282 0.41842875
v -0.59348840 0.22399440 0.08859061
v 0.54720724 -0.12422577 0.10915545
v 0.60030103 0.05751607 0.13655001
v 0.60261381 -0.01496034 0.06446770
v 0.18800095 -0.15289766 0.56449568
v 0.35588571 -0.29021737 0.38552755
v 0.14066282 -0.38219672 -0.43211678
v -0.42039180 -0.22633705 -0.43618283
v 0.48140600 0.14977089 0.23704393
v -0.56205302 0.02827608 -0.21514016
v -0.70374113 0.08446436 0.01789293
v -0.33872855 -0.02276903 -0.50784838
v 0.27709764 0.04433914 0.49478114
v -0.09320881 -0.34733304 -0.49119145
v 0.01732026 -0.41515890 -0.35707721
v -0.49153608 0.10268676 0.26711696
v 0.51288116 -0.03085209 0.30142385
v 0.62525737 0.06224471 0.07435824
v 0.15445641 0.31457222 -0.20083086
v -0.60927880 -0.18779565 0.05225578
v 0.41657272 0.09401113 0.28853542
v -0.41792360 0.25646996 -0.25120968
v 0.41266638 -0.24454626 -0.31387788
v 0.45148140 0.16809288 0.30669382
v -0.56339866 0.12763736 0.14960763
v -0.58873016 0.04878257 -0.09335010
v -0.66565078 -0.08316599 -0.07755226
v -0.18475294 -0.40618306 -0.41296518
v 0.37137306 -0.31226623 -0.35265487
v -0.79091597 0.19306520 -0.01695284
v -0.24018498 -0.42191279 -0.11976928
v -0.52794731 -0.20985526 -0.26626667
v -0.54077226 -0.09485792 -0.32328576
v -0.19952948 -0.25446004 0.51038921
v -0.48982209 0.28906161 0.09865840
v -0.69199234 0.11149660 0.01203197
v -0.64557737 0.17722873 -0.06778181
v -0.40666768 -0.24487448 0.41541141
v 0.34172916 0.01748567 0.42224175
v 0.47134343 -0.00569463 -0.23566854
v -0.49156675 -0.03530465 -0.41235149
v -0.77068651 -0.15427324 -0.05007160
v 0.11253056 -0.12884699 -0.61514544
v 0.60393214 -0.02317714 0.06434682
v -0.59585100 0.03087471 -0.14354703
v -0.67965937 0.07393532 -0.03334379
v -0.49159953 -0.14846216 -0.35461348
v 0.34840724 -0.34820130 0.03979616
v -0.78592026 0.00268551 -0.04250002
v 0.07128647 -0.41986305 -0.27038354
v 0.52759016 0.11127645 0.12482263
v 0.07053632 0.23749641 0.44005516
v -0.68939042 -0.01600721 0.01908463
v -0.40749988 0.23101819 -0.26183337
v 0.48181391 -0.18783019 -0.25344279
v -0.48366505 0.02317003 -0.39079708
v 0.63861674 0.02302346 0.03453264
v 0.55888879 -0.14011312 -0.04577965
v -0.54704183 0.06561293 -0.23649597
v 0.69672251 0.06655765 0.00047922
v -0.54913217 -0.11526877 -0.27535966
v 0.24604475 -0.43756360 -0.02485227
v -0.86259758 0.06470052 -0.06347892
v 0.28682661 0.30271816 0.21924511
v -0.55702782 -0.06522579 -0.28106296
v 0.54721105 0.03011453 0.11337858
v -0.70458663 0.09429184 0.01254320
v -0.49083203 0.17990795 0.20858480
v 0.33440927 0.28289768 0.24246448
v 0.66457617 0.01771767 0.02871788
v -0.23609143 0.35636032 0.20718279
v -0.89808476 0.10178450 -0.05605573
v -0.48870632 0.06112550 -0.30789715
v -0.69056934 0.06604631 0.01163262
v 0.61170399 0.06042238 0.04198183
v -0.43335903 0.23880449 -0.27855703
v -0.19253890 -0.42034495 -0.01124342
v 0.50531179 -0.11747820 0.24387617
v 0.21339609 -0.37239873 -0.38709366
v -0.71630603 0.03497071 -0.02021492
v 0.55751997 -0.08720177 0.11078021
v 0.64204711 -0.04679433 0.02184206
v 0.36846441 -0.26639181 -0.36766893
v 0.52694690 0.16714169 0.11897361
v -0.28094694 0.36540684 0.13970141
v 0.61681640 0.02342150 0.01655618
v 0.60746646 0.00380285 0.00149874
v 0.53392601 -0.16810012 0.02446977
v 0.38020337 0.23513635 0.14967814
v 0.49520889 -0.01499043 0.27046120
v -0.68528849 0.15845840 0.01562926
v -0.51734287 0.25130361 0.11662835
v 0.51924384 -0.19804883 -0.03608944
v -0.62405133 -0.02091638 0.04286680
v 0.11286407 -0.37924078 0.32792801
v 0.55864322 0.00161416 -0.02072380
v -0.12995708 0.25608036 -0.43109530
v 0.49341679 0.02982599 0.20577554
v 0.03518853 0.20010062 0.48262650
v -0.70715946 0.05996035 0.02686259
v -0.02284143 -0.08877692 -0.62045628
v -0.46510381 0.25851250 -0.10858411
v 0.42414564 -0.31353766 -0.11416650
v 0.48107159 0.03104769 0.21300130
v 0.34523720 -0.22254902 0.41467935
v -0.62874776 0.09810753 -0.07369950
v 0.55763942 -0.03519446 0.18822056
v 0.40434763 0.13468345 0.11865888
v 0.47368494 -0.24605496 0.09423117
v 0.37637633 -0.24316767 -0.35392758
v -0.16133906 0.18980007 -0.50534773
v 0.18586867 -0.28574449 0.45965472
v 0.54038990 -0.21514748 -0.02076231
v -0.49595168 0.26775497 0.12157008
v -0.67657799 -0.20988743 -0.04129404
v 0.51495850 0.03515781 -0.07410012
v 0.63040358 -0.08446900 0.01744150
v 0.69103628 0.07856619 -0.00000398
v 0.34752673 -0.26909366 0.34690335
v 0.29855818 -0.19625215 0.44913417
v 0.40859771 -0.26777181 -0.28611621
v -0.28205553 0.28551239 0.37001738
v -0.59337807 -0.05297414 0.05389011
v -0.33442700 -0.07768799 -0.56133294
v 0.43638867 -0.06082944 -0.33372056
v -0.41203472 -0.14953570 0.40482339
v -0.06338148 0.36211002 0.35627297
v 0.01937551 0.23626176 0.48881933
v 0.64226985 0.00409093 0.03401266
v -0.26803648 -0.41089845 -0.07177901
v -0.34472954 -0.21789259 -0.52846456
v -0.19844979 -0.25381938 0.48024178
v 0.12541097 -0.39891601 -0.40647116
v -0.24938540 -0.42455101 -0.16820756
v -0.28349680 -0.36159897 -0.38922888
v -0.37892842 -0.28718948 0.35101619
v -0.58556372 0.23212701 -0.06043836
v -0.13652276 0.31402290 0.33076203
v 0.51916647 -0.15431213 -0.16146468
v -0.24694210 -0.37471306 0.23727883
v -0.71946108 -0.03723646 -0.06737015
v 0.36048970 0.09548874 0.27733475
v -0.29598075 0.25365859 0.36595774
v 0.04790088 0.07449427 0.54528546
v -0.77878290 0.18195263 -0.00967523
v 0.53334451 -0.07642192 -0.06346590
v 0.33401868 -0.30518994 0.29962790
v 0.62557095 0.06215706 0.02651902
v -0.50070679 0.09855983 -0.26047298
v -0.52286857 -0.19302841 -0.33392146
v -0.39068207 -0.12349898 0.48458567
v 0.64080739 0.00055911 -0.05313578
v 0.61038113 -0.01019624 0.01539315
v 0.54162663 -0.08666652 -0.08330610
v 0.18452597 -0.22874847 0.53646606
v 0.57819736 -0.03677226 0.02237940
v -0.07995701 0.12691665 -0.53165436
v 0.52799410 -0.06437643 0.14704570
v 0.43848789 0.00836267 0.29384863
v 0.42757607 -0.12236696 0.34303129
v -0.36067644 0.23415118 -0.34390414
v -0.02435656 -0.39528683 -0.40127918
v -0.37036741 0.23422068 0.37416989
v -0.52329654 0.25772023 -0.12287414
v -0.23850173 -0.04755342 -0.58782887
v 0.51345140 0.01936251 0.10363849
v -0.60043651 0.15714006 0.00958860
v 0.53095353 -0.13073424 0.12047494
v -0.67518830 0.11791948 0.00037134
v -0.56128722 -0.06368476 -0.21517992
v 0.27483547 -0.35771659 0.17448682
v -0.23383446 -0.29442552 0.46414351
v -0.40150353 -0.02570200 -0.44911683
v -0.44729015 -0.30320001 0.22653908
v 0.61253011 0.01375019 0.01924458
v 0.09538733 -0.10233349 0.57581109
v 0.31782407 0.27006742 -0.03193465
v -0.48159301 0.27288580 0.17237535
v -0.53380746 0.19394004 -0.16642007
v -0.56322193 0.24915408 0.05568564
v -0.48481938 -0.18790565 -0.39831674
v 0.57501316 -0.04995147 0.08711144
v 0.35543504 0.26085204 0.00716126
v -0.45523933 0.17278245 -0.30699724
v 0.30565888 0.23964217 -0.18452832
v -0.24278328 -0.24676502 -0.55188560
v 0.20435253 0.14324936 0.48866874
v -0.54881901 0.22345707 -0.01170167
v -0.72632885 0.07782547 0.03396547
v 0.45998508 -0.36714053 0.10934846
v 0.61405861 0.02991574 0.08491918
v 0.50619805 -0.01499111 0.22525430
v -0.57765627 -0.13709658 -0.27193254
v -0.63415676 -0.17157091 -0.07977174
v 0.31608602 0.00328256 0.45172444
v 0.60823005 0.00513703 0.01688166
v 0.63253248 -0.02700898 0.04999498
v 0.47482896 -0.02548626 0.25666672
v 0.36283338 -0.02445254 0.40973011
v 0.48409903 -0.28145936 -0.01889248
v -0.60863733 0.27975246 -0.02429301
v -0.53578758 -0.08959094 0.18760422
v 0.41788930 -0.10956990 -0.39773157
v -0.06597061 -0.28152031 -0.59637463
v 0.71380877 0.14796372 0.05161886
v -0.39264753 0.28484598 0.19823314
v -0.13694684 0.26203495 -0.41559231
v -0.35345250 0.16002232 -0.37065935
v 0.34563735 -0.37371051 0.19509095
v 0.34595627 0.25810146 -0.19013153
v -0.57129335 0.07451953 -0.22606984
v 0.53063548 -0.08875102 -0.18685356
v -0.55074102 0.22277372 -0.16459006
v -0.57124734 -0.21685278 0.09734365
v 0.31475082 -0.32648385 0.36591092
v -0.29335344 0.22961694 -0.39420691
v -0.46196610 -0.29052031 -0.41640013
v 0.55539370 -0.03050647 -0.14079653
v 0.29035524 0.22991979 -0.31266856
v -0.57585555 0.05309118 -0.17401221
v -0.67561311 0.00999970 -0.03916711
v -0.14246781 -0.31552139 0.42123127
v -0.62187254 0.10432385 -0.07152689
v 0.24249181 0.12638384 -0.48928237
v 0.62169456 0.21615018 -0.07158941
v -0.06420602 0.31205043 0.38467818
v 0.45326009 -0.21534307 -0.18079530
v 0.74393511 0.20799778 0.05985206
v 0.29584038 -0.38527316 0.15519625
v -0.28975657 -0.24944648 -0.54344273
v -0.54895312 0.14351004 -0.15823400
v -0.22445725 -0.34385526 0.34740332
v -0.78877980 0.14359529 0.06520128
v 0.56131119 -0.05333695 0.11352758
v 0.52884072 -0.09575795 0.23951118
v 0.59531194 0.01934034 0.02702201
v 0.24674162 -0.33720171 0.37154469
v 0.61774480 -0.01729799 -0.00812867
v 0.65361542 0.00903767 0.04081532
v -0.38395554 -0.22558922 -0.45406872
v -0.22882146 0.20509458 -0.44685736
v 0.23196030 0.20106815 0.46337125
v -0.00172218 0.16752404 -0.53564370
v 0.29540917 0.23739399 0.32440037
v 0.58454746 -0.09004638 -0.05721033
v -0.58189762 0.12051849 -0.15411413
v 0.05788507 0.19108431 0.48759800
v -0.05375227 0.05461536 -0.60973465
v 0.60674399 0.02087201 0.00412868
v 0.09049273 0.19698258 0.48850268
v -0.44605774 -0.34055883 -0.06896993
v 0.47918290 -0.18764400 -0.27680877
v -0.52482790 0.09903035 -0.20661475
v -0.38858533 -0.04255078 0.48259544
v -0.73920643 0.16370842 0.03241929
v -0.34240955 0.32844749 0.24840270
v -0.46300012 -0.33225596 -0.16902679
v 0.25924903 -0.38496774 -0.33899146
v -0.81758314 -0.08146325 -0.03388524
v 0.60224110 0.04416543 0.05788653
v 0.58820099 -0.01702013 -0.01071765
v 0.60896295 0.01309380 0.03691886
v -0.49412721 -0.05330394 -0.36923775
v 0.33455926 -0.13987336 -0.50864226
v -0.21581146 -0.13212189 -0.63106227
v -0.61665821 0.19381540 -0.01922068
v 0.41037861 -0.04088210 -0.34822008
v 0.61606556 0.01417066 0.02288846
v 0.32270986 -0.37134525 0.19787718
v 0.52726954 -0.00215068 0.05586359
v 0.21577497 0.27816635 0.41766894
v -0.27617389 -0.20028350 0.54709071
v 0.03457607 0.16130057 0.47006953
v -0.70416695 0.20187050 0.00404179
v -0.75175023 -0.18060289 -0.06707165
v -0.44338036 0.25747323 -0.19958165
v 0.53306836 0.03085633 -0.19729157
v 0.54041898 -0.17134826 -0.13039449
v -0.71845949 0.14554273 0.04305148
v 0.49753994 -0.22272427 -0.21134721
v -0.41256249 0.28150347 0.18359709
v -0.63996065 0.24110392 0.02547684
v 0.33795157 -0.15632656 -0.52209830
v 0.46266061 -0.03645014 0.26203060
v -0.49116173 -0.23381868 0.01991827
v -0.74358815 0.04449427 0.03117350
v 0.08634463 -0.14163402 0.56342775
v 0.57327819 0.10850869 0.14900745
v 0.19902156 -0.42952856 -0.04886656
v 0.30134204 0.12109855 0.43017474
v -0.78832889 0.00286435 -0.03352710
v 0.27646798 -0.02176674 -0.52376145
v -0.51023662 -0.29413620 0.13481671
v 0.55709535 -0.04915845 -0.14449902
v -0.59034979 -0.13482051 0.01907153
v 0.61937511 0.01606515 -0.00393735
v -0.75491095 0.08480623 0.04714081
v 0.58735132 0.00314812 0.06605741
v 0.57691324 -0.12831363 -0.00489999
v -0.20979653 -0.24423140 0.50680697
v -0.30818027 -0.42508656 -0.20390110
v 0.54536903 0.06990552 0.11325301
v -0.28550082 -0.17835277 -0.61078185
v 0.59487319 0.09487966 0.10271469
v -0.50044811 -0.18388760 -0.23275459
v -0.76294303 0.12420158 -0.02451120
v 0.11427329 -0.39810276 0.04845011
v -0.41440204 -0.14268614 -0.41781712
v 0.33586249 0.29557210 0.18813422
v 0.60181499 -0.03008240 -0.02877370
v -0.32768455 0.34123200 0.14608647
v 0.57533830 -0.13848832 -0.05624707
v -0.52327299 0.24430943 0.09404677
v 0.49580097 -0.22054753 0.11700263
v -0.38815987 -0.24466303 0.32376590
v 0.58593494 -0.00617749 -0.04429389
v 0.09871355 -0.03662672 -0.58522141
v -0.58951008 0.25635016 -0.02301116
v 0.58441389 -0.10524414 -0.04820424
v -0.02244755 0.24731946 0.46065909
v 0.48219329 -0.27337343 -0.18454015
v -0.72536027 -0.11708680 -0.06477655
v -0.38065985 0.05623970 0.30197453
v -0.37004498 -0.21686400 -0.46592349
v 0.68311101 0.04762936 0.00802924
v 0.55228615 -0.06234730 0.12938479
v -0.71864700 -0.09527709 -0.03538941
v -0.00642474 -0.03388421 -0.62006676
v 0.25035673 0.26076216 0.34855628
v -0.37909320 0.09573559 -0.40010518
v -0.29383332 0.30527693 -0.05219494
v 0.50758976 -0.14552936 0.08923802
v 0.21533729 -0.12887521 -0.58013713
v -0.51720864 -0.15875165 0.20491429
v 0.02313348 0.12417036 -0.53964341
v 0.43075165 0.15393895 0.25273797
v -0.51539445 0.10923167 0.15397304
v -0.34544334 0.33811352 0.14797972
v 0.05862178 -0.36014390 -0.50623190
v -0.11986485 0.16210108 0.50692910
v -0.36561751 0.24450710 -0.33424735
v -0.18741670 -0.14645214 -0.62265193
v 0.58514518 -0.03269526 0.17908317
v -0.29264441 0.07747101 0.48652521
v 0.50437015 -0.14634605 0.25935858
v 0.58187526 0.01684455 -0.00028873
v -0.31839180 -0.02954718 -0.49778914
v 0.46609211 0.16226974 0.20242891
v -0.28361210 0.32058880 0.24494742
v -0.34487191 -0.17029777 -0.48098138
v -0.07487123 0.32014200 0.39749327
v 0.52942246 -0.16863111 0.08246875
v 0.77119374 0.21146432 -0.00570466
v -0.60890174 -0.15814850 0.03252840
v -0.42059034 -0.29937753 0.27733302
v -0.26671404 -0.42194936 0.01468985
v 0.13019451 0.15464771 0.51134813
v 0.05941336 0.12396765 -0.54453844
v -0.58280557 0.24738899 -0.04621993
v 0.62017816 0.03820805 0.01344796
v 0.15853226 -0.09201909 -0.59012353
v -0.06563427 -0.40344715 -0.43513250
v -0.27419835 0.26728454 0.39961785
v -0.49222660 -0.30985355 0.11935582
v -0.17361625 0.07952538 -0.55305332
v -0.53659689 -0.13531011 0.19074994
v 0.61490613 0.04340768 0.02330395
v -0.47147927 0.27093762 0.12023837
v -0.36151731 -0.38738951 -0.29168940
v 0.03419179 0.15708326 -0.53954089
v 0.62488794 0.00018272 0.04433432
v 0.46867850 -0.18179330 -0.25089979
v -0.61875159 -0.11636979 -0.17765549
v -0.77201796 0.24327454 -0.01315216
v 0.49675050 -0.06806895 -0.22910078
v 0.43754917 0.20637906 0.10962155
v -0.52909738 0.24807644 0.08783317
v 0.50233680 -0.04104112 0.26014596
v -0.59632945 0.12702821 -0.10905990
v 0.32966593 -0.34206727 0.30483443
v -0.43503469 0.12228732 0.15437759
v 0.58463895 -0.05438137 0.01310761
v -0.44528192 -0.29831457 -0.30271935
v 0.49895161 0.04715546 0.23349887
v -0.18515848 -0.34586588 0.32120228
v 0.50917441 -0.07885283 0.23129845
v -0.30035472 0.04821620 -0.53141713
v 0.56369376 -0.08129409 -0.06154730
v 0.62697518 0.09486990 -0.06119865
v -0.03992085 -0.11201440 -0.62064046
v -0.12978332 -0.21330541 -0.60111451
v 0.64286369 0.05457483 0.05391358
v -0.20797655 -0.24541809 -0.60009241
v 0.67547011 0.06998216 0.02528550
v -0.65412402 -0.12204556 -0.08219300
v 0.43733880 0.15201612 0.29491347
v 0.56454659 0.06451146 0.02878988
v -0.51311862 0.19324970 0.13247377
v 0.61131603 -0.00778244 0.07231390
v 0.34369794 -0.36939934 0.07701313
v 0.26860529 0.32315245 0.03347678
v -0.34985626 0.29254684 0.11889067
v 0.37402016 0.11092075 0.40159479
v 0.66535938 0.04192872 0.02601003
v -0.33071870 -0.38121268 -0.39691073
v 0.30003035 0.33416462 0.15490460
v -0.46621495 -0.19638313 -0.39611393
v 0.61780918 0.06298465 -0.04852736
v 0.28210089 -0.33554381 0.35392022
v 0.55050951 0.05520748 -0.05295564
v -0.47119477 -0.01004265 -0.40219146
v -0.65416151 0.23450042 0.00532320
v -0.20289102 -0.12249923 -0.58868456
v -0.76888645 0.10131282 0.05788922
v 0.53711271 0.04077120 0.21364072
v -0.77926052 -0.07629567 -0.06233061
v -0.02258487 -0.24680257 -0.61120296
v -0.11156049 0.01066078 0.56683195
v 0.29388547 0.26297128 0.36108622
v 0.69313711 0.07689678 0.01381101
v 0.46801794 -0.29265717 -0.17614362
v -0.42921332 0.17597303 -0.31090415
v -0.36458540 -0.27494693 -0.45489800
v -0.52802879 0.22779691 -0.01379675
v 0.29683748 0.24003011 0.14782454
v -0.10803104 0.40120253 0.16725397
v -0.69443226 0.14559819 0.03005317
v -0.69297528 -0.10024346 -0.11991768
v -0.82498473 -0.01515832 -0.06764625
v -0.53324658 -0.13999841 0.07779312
v 0.47491187 -0.19167012 0.22918856
v -0.35519505 0.19864321 -0.37746459
v 0.66193283 0.08652312 0.00433921
v 0.26157805 0.33772767 -0.03687428
v 0.35878557 -0.29315704 0.19759457
v 0.17325404 -0.30399185 -0.56908047
v 0.40919626 -0.32021737 0.24324515
v -0.60884774 0.17283237 -0.01895371
v -0.75845301 0.18343560 -0.02139540
v -0.49630454 0.20368665 0.16102272
v -0.61807191 0.17225453 -0.07246536
v 0.31599760 -0.21423283 0.46390063
v 0.29444009 -0.39468536 -0.19964020
v -0.58932906 0.05525082 -0.17548996
v -0.35184228 0.05887770 0.45148411
v 0.42033240 -0.26248726 -0.31555676
v -0.76711702 -0.05576771 -0.03335880
v 0.59863925 0.07085509 0.00696422
v 0.54823178 0.11926728 -0.02286293
v 0.48601437 -0.12742588 -0.29258126
v 0.07075511 -0.16173662 0.58441532
v -0.74169433 0.03493790 0.02786499
v -0.51014149 -0.10784189 -0.35682952
v -0.02053508 -0.12968382 0.60069340
v -0.28668377 -0.37071255 -0.48887005
v -0.61582172 -0.05283748 -0.11720649
v -0.58462441 0.09393169 -0.14304036
v 0.39160320 -0.36000234 -0.16490367
v -0.52945179 0.10540573 -0.18723941
v -0.06678023 -0.35776955 0.37648186
v -0.68868923 0.18565872 0.00009841
v 0.66813552 0.18203703 -0.03876627
v -0.35200670 0.30039710 0.18207312
v 0.38704211 -0.32137069 -0.30946195
v -0.42135385 0.29299432 -0.01021168
v -0.73335397 -0.05778335 -0.04520225
v -0.59206873 0.18691565 -0.06926680
v 0.62331700 -0.02118075 0.01524797
v 0.54368246 -0.21538770 0.16331340
v 0.61994720 0.06519518 -0.07323980
v 0.35140345 0.10785361 0.38307405
v -0.28563607 0.15634380 -0.48213586
v -0.11274721 -0.01427087 -0.60360169
v -0.55903959 -0.22065251 0.08634245
v -0.64340538 0.13009414 -0.03501545
v 0.55095291 0.08270472 0.03707097
v 0.28806981 0.01672130 0.49340665
v -0.01088983 -0.40771848 -0.33160657
v -0.61856174 0.06029904 -0.02701697
v 0.49720341 -0.25363329 -0.00122340
v 0.13336116 -0.14647768 -0.52763069
v -0.41033807 0.22965753 0.19321492
v 0.45330286 0.19863111 -0.01953479
v 0.55673504 -0.07204077 0.12563722
v 0.15241233 0.25731644 0.41891289
v -0.34173200 0.36868298 -0.24734402
v -0.81892657 0.00530919 -0.04185896
v 0.54243678 0.17374855 0.08460259
v -0.79500467 -0.00718163 -0.04718447
v 0.29536423 0.04802855 0.40659636
v 0.16959687 -0.08117658 -0.56475288
v 0.49428880 -0.25481078 -0.02434627
v 0.61906022 -0.00544304 0.02168372
v -0.28611591 0.26280570 -0.34121799
v -0.40948817 -0.20581488 -0.44601798
v 0.10053031 0.24906974 0.46062213
v 0.30222642 -0.12574096 0.50575215
v -0.17001250 -0.31979400 0.44055068
v -0.25286245 -0.05196579 -0.59713686
v -0.53228980 -0.17522497 0.04590161
v 0.47889307 0.06088579 0.29258114
v -0.01060358 -0.13840349 -0.60134876
v 0.20530620 0.13035478 -0.42918581
v -0.52692199 0.24194387 0.01237026
v -0.38032055 0.01554323 -0.47587368
v -0.58486623 -0.11384492 0.06648305
v -0.27861768 0.17184284 -0.45135483
v -0.21298388 -0.28057069 -0.54237813
v 0.44968143 -0.22159059 0.29670322
v -0.80071568 -0.00456588 -0.04859529
v -0.53735924 0.05013358 -0.27096850
v -0.63009048 0.11902288 -0.01110068
v -0.28173989 -0.03621857 -0.57078540
v 0.17896459 -0.21978804 0.50389004
v 0.62066817 0.00032933 0.01427120
v -0.70212966 0.19286302 0.01134804
v -0.59433049 -0.02427724 0.10709870
v -0.69014287 0.16851529 0.02190986
v 0.41199520 0.14511490 0.27222294
v 0.64417589 0.09765609 0.01314646
v -0.61507720 0.13221917 0.02227950
v 0.19703631 0.24170458 0.34698200
v -0.29965863 0.03615908 0.49891511
v 0.65213054 0.04616824 0.01648739
v 0.47553685 -0.27884984 -0.09068627
v 0.42380852 -0.30554661 0.15967450
v -0.34824198 -0.11469258 -0.51910520
v -0.14655015 0.30832958 0.34228855
v 0.56377292 -0.07419107 -0.08573518
v -0.51009339 0.28471279 0.13860722
v -0.68282115 0.18303916 0.02583368
v -0.35384721 -0.30835226 -0.44093034
v -0.46324152 -0.24686337 -0.43685377
v -0.43577138 -0.32035577 -0.33830231
v 0.68505949 0.16972324 -0.03829299
v -0.31749070 0.34582958 0.07886298
v -0.01155467 -0.36074191 0.38804874
v -0.54199219 0.26555103 0.09434521
v -0.40416902 0.24337462 0.19695283
v -0.14389634 -0.34102711 0.38222826
v -0.34787482 -0.22065435 -0.53802907
v 0.61401439 0.06614308 0.08276467
v 0.22346145 -0.02646039 -0.58114040
v -0.71166921 -0.03787208 -0.02621093
v -0.12954794 0.14710885 -0.53616309
v 0.43352187 -0.00059611 0.37478921
v -0.77841568 -0.02155426 -0.04349125
v 0.51856291 -0.11304232 -0.13747691
v 0.36843628 -0.29804707 0.36535901
v -0.63077056 0.19514695 0.00456104
v -0.23621288 0.19208236 -0.46627063
v -0.32141957 -0.09607042 0.54378581
v -0.67060375 0.09859943 -0.03208521
v -0.74501407 0.17763862 -0.01503852
v 0.30771947 -0.31834719 -0.40740523
v 0.52943707 -0.16590755 -0.15044522
v -0.52784479 0.22904095 -0.11229196
v 0.69759893 0.13943937 -0.04274208
v -0.37903410 0.33023974 -0.19890040
v 0.55008614 -0.08149024 0.10327978
v -0.59843987 0.23238181 -0.02129388
v 0.32928997 0.07839514 0.45423859
v 0.56121027 0.07185999 0.19351590
v 0.37242469 -0.09782818 -0.43383294
v -0.18477622 0.14814851 0.29964611
v -0.76395637 -0.06233526 -0.04530802
v -0.72473562 0.07352477 0.02896142
v -0.61916846 -0.14937657 0.02365950
v 0.08952197 0.15261103 -0.52064198
v -0.70753276 0.14525776 0.03015864
v -0.58446932 0.23747918 -0.00310805
v -0.47810274 -0.20426536 -0.33328199
v -0.57659322 0.25566667 0.09689409
v -0.36710450 0.23731396 -0.33329245
v -0.58300406 0.23658003 0.10018887
v -0.37985227 0.19816074 -0.34721881
v -0.55979830 -0.26766297 -0.17281303
v -0.34039259 0.19907063 -0.39189351
v 0.59951895 -0.00848000 0.04112845
v 0.16070268 -0.34906477 -0.47189790
v 0.56471181 -0.06038582 0.10862058
v 0.44702843 -0.27039313 -0.07191363
v 0.49303657 -0.23257427 -0.15708283
v -0.27911696 -0.16485430 -0.54134965
v 0.13398078 -0.38468841 0.14641260
v -0.21453486 -0.19923331 -0.58227414
v -0.22867940 -0.04718685 -0.60824949
v -0.10647570 0.12586929 -0.54524201
v -0.03769117 -0.43113297 -0.05363194
v 0.66114092 0.04439127 -0.03762278
v -0.69238889 -0.00991083 -0.06940463
v -0.32671961 -0.19580805 0.50719547
v -0.68961459 0.14420915 0.03711715
v -0.76004642 0.18462592 -0.00117469
v -0.24377665 -0.41704291 -0.19939448
v -0.39174002 -0.08491633 -0.46542001
v -0.33846766 0.05759981 -0.49357033
v -0.11371288 0.24500173 0.50204670
v -0.18656027 0.22227690 0.42136517
v -0.49226677 0.14114989 -0.29867899
v 0.51150960 0.00019038 0.21118858
v -0.33270061 0.16811055 -0.38728380
v -0.02665136 -0.35074779 -0.53777415
v 0.43919596 -0.13724992 0.34978023
v -0.86654508 0.03376881 -0.09191738
v 0.61239046 0.07536466 0.06190431
v 0.56969607 -0.04937064 0.18876985
v 0.01678984 -0.24930897 -0.66454637
v -0.40979174 -0.00718035 0.31138259
v 0.49707389 0.16503091 0.17986439
v -0.55789655 0.17165485 0.07196330
v 0.58407736 -0.05520144 0.10001636
v -0.30564946 0.13771707 0.45211184
v -0.44193745 -0.06789630 -0.42399749
v 0.42427215 -0.35386944 0.11942606
v -0.23435935 -0.37955093 0.25418192
v 0.42238799 -0.22218227 0.29461807
v 0.53052115 0.10380148 0.24280512
v -0.23458922 0.25664964 0.39493597
v -0.62267613 -0.05455865 0.04223987
v -0.58925182 -0.22167504 -0.16659153
v 0.47774172 -0.09199941 0.20951365
v -0.71003681 0.10499083 0.00409865
v -0.40673763 0.23992446 0.17062588
v -0.53682691 0.18070185 0.12787467
v -0.41026589 -0.32958972 -0.31062496
v -0.56149560 0.14142267 -0.16655654
v -0.71995705 -0.11143950 -0.08981371
v 0.58065766 0.00268352 -0.01269638
v -0.33337456 0.21253255 0.16506404
v -0.45320091 0.19476366 -0.30115485
v 0.13167982 0.28435671 0.41005129
v 0.48062003 -0.16581887 -0.06289285
v 0.59714019 0.06025369 0.00222536
v -0.51564300 0.24905786 -0.11541218
v 0.63350064 0.03113622 0.05380639
v -0.73322541 -0.10018794 -0.05093935
v 0.25058216 -0.32501444 0.38309327
v -0.62387693 0.07701084 -0.04054430
v 0.54753911 -0.07323893 0.15036389
v 0.29365718 -0.13504378 -0.51493740
v -0.37569860 -0.00014990 -0.45376760
v -0.34716684 0.01992239 -0.49934363
v 0.24996972 -0.17243040 -0.58043933
v -0.42646605 0.09177244 0.35327458
v 0.22588696 -0.27234024 0.49661973
v -0.04791806 -0.23332447 -0.57545000
v -0.52378494 -0.28553995 -0.17582291
v 0.55471909 -0.10968211 0.12893455
v -0.55015659 -0.03209543 0.11141397
v 0.55149323 -0.05216289 -0.08597601
v -0.28403503 -0.33136404 -0.48196357
v -0.38871539 0.21497443 -0.32138735
v 0.46312857 -0.04358291 0.30741253
v -0.24625438 0.32352564 0.34008998
v -0.45446229 -0.07074402 -0.40816760
v -0.21276508 -0.38206363 0.24403183
v -0.04258001 -0.39525065 -0.31073722
v 0.32639334 -0.25837862 -0.42356598
v 0.01712664 -0.12001187 -0.59512293
v 0.11455947 -0.35412559 0.41496170
v 0.19581877 -0.37813467 -0.39949992
v 0.43594232 -0.30607632 0.10032390
v -0.83999348 0.15023409 -0.02896731
v -0.20465824 -0.23724680 -0.56105554
v -0.06410424 0.11965042 -0.55214447
v 0.33970043 0.11026125 0.43624273
v 0.36821604 0.07795396 -0.34665650
v 0.72861052 0.04530414 -0.00879245
v -0.89888030 0.17864113 -0.02512342
v 0.24349444 0.28142804 0.39766780
v -0.51092750 0.25176835 0.12768333
v -0.76596308 -0.07637933 -0.04066490
v 0.13454336 -0.37667406 0.34793141
v -0.54615152 0.23297100 -0.11141333
v 0.80277455 0.18738270 0.06436497
v 0.34065586 0.13870697 0.39504951
v -0.37827432 -0.03209179 -0.41494960
v 0.41451228 -0.19664623 -0.18875641
v 0.30461386 -0.30400282 0.33838451
v -0.32898322 -0.36493966 -0.39233193
v -0.21613024 0.21972868 0.49585018
v 0.66957712 0.04350412 0.04582937
v -0.49092537 0.26194054 -0.12049975
v 0.31203631 0.32266021 -0.00497251
v 0.49627876 -0.24910565 0.06789915
v -0.28072795 0.16055062 -0.44573075
v 0.43221146 0.14324598 0.28340203
v -0.33561245 0.21038473 -0.38270640
v -0.64870059 0.12630913 0.00796038
v -0.74686962 0.11095904 0.04770601
v -0.40278110 0.20315135 0.34171683
v 0.36819118 0.08490747 0.35329875
v 0.44865477 0.20699605 0.18329276
v 0.55261642 -0.08260006 0.20381403
v -0.51951021 0.31792605 0.04885766
v -0.55878168 0.16949293 -0.15166879
v 0.58459073 -0.05286799 -0.09038638
v -0.06316534 -0.34636903 -0.54537344
v -0.42811033 -0.09177889 -0.09987166
v -0.23531693 -0.17815922 0.49337286
v 0.51330030 0.14435570 0.17039606
v 0.60887313 -0.01237916 0.09556741
v -0.17426662 -0.31558040 0.43749356
v -0.37300500 -0.08362098 -0.47300142
v -0.58815897 0.15704414 -0.11408056
v 0.28833890 -0.30676472 0.42215517
v -0.48148745 -0.04096210 0.28878099
v -0.63552207 0.20370825 -0.04283416
v -0.24267016 -0.03457625 -0.60925972
v -0.36723620 0.27994171 0.20937057
v -0.71193051 0.09278181 -0.06076304
v 0.37915111 0.23441596 0.03273773
v 0.62617046 0.07209559 0.01510891
v -0.31903297 0.34196481 0.24820040
v -0.46299458 0.31786728 -0.01474588
v -0.24946922 0.33141559 0.25370556
v 0.52699625 -0.09507267 0.11068146
v 0.54756665 0.11961316 0.10727639
v -0.24404691 -0.37692985 0.26225612
v -0.14258091 0.29540747 0.45613733
v 0.03326337 -0.39974779 -0.36948186
v -0.35057822 0.18395306 -0.39494786
v -0.34025824 0.20633173 -0.35378101
v -0.05158344 -0.23130381 -0.61615205
v 0.25040719 0.28146282 0.39523670
v 0.64008904 0.06653276 0.05407678
v -0.57996088 0.16930786 -0.13446417
v -0.19986282 -0.36941549 -0.45374078
v 0.13955258 -0.06096422 0.54857975
v 0.38314265 0.18533441 0.26372549
v 0.37889066 0.13585190 0.33524197
v 0.03980006 -0.38750234 0.32020748
v -0.11161433 0.29509273 0.38287339
v -0.61309922 0.19406699 -0.08853441
v 0.54519820 -0.01439806 -0.02906117
v -0.37653524 -0.29880530 0.42248887
v 0.27098715 0.23462316 0.34573045
v 0.39308661 -0.27103740 0.25574866
v -0.04990670 -0.31946599 0.43617466
v 0.46808439 -0.26205114 -0.01675459
v 0.48493212 0.02902158 0.33683687
v 0.39087036 -0.30214858 -0.33449289
v -0.50507474 0.29971769 -0.14777598
v -0.20773420 0.00046733 -0.53911692
v -0.26682228 0.29599199 -0.36343476
v 0.48373532 0.17858925 -0.17457117
v -0.63332111 -0.19726098 -0.07330520
v 0.27540293 -0.25983429 0.46424356
v 0.04936881 0.30370656 -0.23444386
v -0.48164359 0.18186650 -0.13060419
v 0.38500348 -0.13436189 -0.46567291
v 0.01239949 -0.42946255 -0.04353323
v -0.49473935 0.18973175 -0.22732967
v 0.54608631 -0.07467148 -0.18985839
v 0.25504056 0.21927032 -0.38459665
v -0.53685653 0.12329837 -0.22050798
v 0.12685838 -0.42844170 0.02431883
v -0.27460760 0.05241247 -0.53964239
v 0.05463319 0.04197941 0.55353725
v -0.04060116 -0.13219440 -0.60290629
v 0.49776053 -0.16254719 0.25851706
v 0.14401700 0.11962514 -0.50880837
v -0.48156649 -0.18589002 0.26741266
v -0.53075272 -0.07764100 0.16980422
v -0.65341032 0.11672034 0.01656047
v 0.44097626 -0.10628150 -0.32647789
v 0.58420795 0.02268077 0.09687157
v 0.59418255 0.02975667 0.00467899
v -0.31054351 0.38318574 -0.11542034
v -0.10799121 0.39483261 0.21287273
v 0.54722244 -0.09505950 0.15992670
v -0.50415534 0.28181195 -0.15586996
v -0.76029998 0.13225988 -0.04172570
v 0.21368475 -0.42124656 -0.15258829
v -0.48083350 -0.03716344 -0.40261856
v 0.38035959 0.27385214 0.30489725
v -0.76400268 0.04368562 -0.04965240
v 0.67222714 0.03466639 0.02128182
v -0.44956854 0.27114180 0.12870924
v 0.11173739 -0.10346179 0.55941558
v -0.34492940 -0.35101700 -0.41586086
v -0.31857681 0.31247196 -0.27177498
v -0.19938655 -0.28296030 -0.54587930
v 0.51334530 -0.18021716 0.20195469
v 0.54465425 0.00069032 -0.08313125
v 0.00184033 -0.26514599 -0.65615112
v -0.61870784 0.06188141 -0.03539276
v -0.25094214 0.31502220 0.28587422
v -0.72597665 0.04634186 0.03899789
v -0.15842389 -0.17265037 0.58386832
v -0.09347267 -0.22238362 -0.62253261
v 0.60836482 -0.01483186 0.10979298
v 0.57450110 -0.00951027 0.08898440
v 0.13173981 0.28262526 0.42725208
v -0.21863021 0.30604541 0.37901735
v 0.58347851 0.01842931 -0.00328047
v 0.61106068 0.06987352 0.02749710
v 0.55321997 0.03759019 0.15223660
v 0.34406224 0.12862495 0.40594032
v 0.33025321 -0.21448493 0.43679294
v 0.04465001 0.23472118 0.39861542
v 0.46310654 -0.10809681 -0.24883816
v -0.89086407 0.08084706 -0.07809838
v -0.14128177 0.15567891 0.47665739
v -0.52729714 -0.25125191 -0.32001010
v 0.52045226 0.19330317 0.21312556
v 0.15721506 -0.43220544 -0.19266567
v 0.28543043 -0.27478445 0.44167727
v 0.46708584 0.17921907 0.25597367
v -0.49413294 -0.10539814 0.22890803
v 0.31571612 -0.34114453 0.22076620
v 0.02161953 -0.34018719 -0.54808402
v -0.10419627 0.17266864 -0.51749432
v 0.23697326 0.31811631 -0.10385913
v -0.58870834 0.06942821 -0.11683610
v 0.53527898 -0.10728462 0.13060345
v -0.54071444 -0.08254447 -0.17973331
v -0.75798130 -0.04215731 -0.05475838
v -0.50567055 0.27268341 0.11069536
v -0.23636831 0.06368729 -0.54018784
v -0.02296892 0.30696556 0.36043751
v -0.42655304 0.18089017 -0.26489109
v -0.69055587 -0.03956395 -0.04100603
v -0.13341072 0.12550275 -0.54617113
v -0.39596081 -0.32235420 0.28851661
v 0.41685414 0.12161449 0.38954231
v 0.56401193 -0.03502944 -0.04161704
v -0.54379606 0.11976360 0.08550785
v 0.54147750 -0.17586657 -0.12014115
v 0.44428650 0.19814631 0.20868585
v 0.72040963 0.19216582 0.01371722
v -0.22431484 -0.07822035 -0.54510242
v 0.03494513 -0.37211531 0.35277620
v -0.42617318 0.22892597 -0.26389188
v -0.33958179 -0.05761045 0.48214543
v -0.66073018 0.05598106 0.00557604
v -0.70784420 0.09070762 0.02697927
v 0.19510177 -0.37878680 0.22289941
v -0.46271032 0.27597198 -0.12895963
v -0.32099122 0.16121657 0.44263572
v -0.60395622 0.02870141 0.01123080
v -0.24945731 0.32149178 0.25374702
v 0.41830361 -0.24479017 0.21777058
v -0.32174101 -0.12730831 -0.56039202
v -0.34166753 -0.05258304 -0.52617371
v -0.25905406 0.42026526 -0.05270851
v 0.69665742 0.12973846 0.05231028
v -0.31582239 0.23349898 -0.41812712
v -0.62396455 0.03698608 -0.09494501
v -0.55553401 0.18320203 -0.15561596
v 0.52140379 -0.04706221 0.28001213
v 0.45650575 -0.27474508 0.09217256
v 0.46634173 -0.28509596 -0.19477719
v 0.43173021 -0.21510075 0.24480942
v -0.67447793 0.16550896 -0.02574939
v 0.52691674 0.16796163 0.10904363
v -0.55132020 -0.00480154 -0.25664181
v -0.00473441 -0.19452769 0.57926971
v -0.55049223 -0.08305497 0.20040233
v 0.33653253 -0.25299045 -0.42711306
v -0.34216654 -0.24233791 -0.48200965
v 0.17826685 -0.20753816 -0.61868215
v 0.56903994 -0.02468780 0.02630112
v 0.53672469 -0.18578777 -0.09685601
v -0.48284882 0.18473881 0.23325248
v 0.47737160 0.04556754 0.31183022
v -0.40511841 0.12761156 0.21174467
v -0.71341997 0.13985680 -0.02253690
v 0.62693131 0.00280364 -0.06333894
v -0.18577826 0.27740091 0.40362677
v -0.38938698 0.28453439 -0.02373771
v 0.24390367 -0.35122016 -0.38650805
v 0.45092720 -0.10316513 0.38376576
v 0.02406871 -0.05907547 -0.60209322
v -0.47776020 0.04251336 -0.32613602
v -0.47935808 0.26699546 0.10086583
v 0.06236070 0.31490770 0.38776237
v 0.61461544 0.06823280 0.01119763
v 0.56083125 -0.04324398 -0.02842769
v -0.40648904 0.07638103 -0.42680913
v 0.60376167 0.17547348 -0.04451949
v -0.17274420 0.14958288 0.51629412
v 0.39903855 -0.29021540 0.19248472
v -0.43405619 -0.32065117 0.18826470
v -0.31639367 0.33428052 0.21321358
v 0.08278928 -0.33514440 -0.52843350
v -0.42697519 0.17569163 -0.32190204
v -0.24854985 0.19046289 0.17880400
v -0.30905175 -0.31606069 0.40428290
v 0.34255317 -0.07611059 0.46424654
v -0.68404704 -0.19256181 -0.02838562
v -0.53374279 -0.08701779 -0.37469840
v 0.36703297 0.14822528 0.34741735
v -0.42480153 -0.11783756 -0.42169815
v 0.36225674 -0.27036974 0.33721972
v 0.61104280 0.00162704 0.11148080
v -0.54047054 -0.05359926 0.24043927
v 0.54455906 0.11531876 0.02525438
v -0.21476032 0.22850576 0.36194915
v 0.58489931 0.06600336 0.02305567
v -0.38054368 0.27743965 0.26509231
v 0.32716924 -0.33535188 0.22807229
v 0.57817096 0.01414880 0.00690679
v -0.17696431 0.28912541 0.38508695
v 0.03345565 -0.42556489 -0.20713973
v 0.44786710 -0.08025762 0.39978307
v 0.58701694 -0.03974993 0.10234225
v -0.35050720 -0.31982002 0.30865917
v 0.34746927 0.07070515 0.43566886
v -0.21698320 0.37350738 -0.29995674
v -0.44091839 0.23144063 -0.08563966
v 0.38073936 -0.29878572 -0.31171495
v -0.62053466 0.07550687 -0.11689842
v 0.62788308 0.10304505 0.01783286
v -0.32934907 -0.24140686 0.45589906
v -0.28849769 0.31673509 0.36153841
v -0.52045131 0.15827627 0.10672398
v -0.59862983 0.15627035 -0.10560688
v 0.24513024 0.30672428 0.28840983
v 0.50571430 0.12915546 0.16573931
v 0.62058306 0.03379346 -0.07010925
v 0.05350389 0.01666968 0.58858395
v -0.54816473 0.13295574 -0.21026301
v -0.44315159 0.29168177 -0.13408938
v 0.43640542 0.03806350 0.33317292
v 0.16179010 -0.24713859 -0.61552578
v -0.46549845 -0.19652788 -0.37617743
v -0.42817229 -0.32878730 0.24953526
v 0.66036737 0.02606107 0.03012270
v -0.56222409 0.15188865 -0.13622710
v -0.79577076 0.09215000 -0.06003770
v -0.39045024 -0.28235716 -0.44521937
v -0.19560131 0.10379533 -0.56360793
v -0.33762145 -0.27544501 -0.49814439
v 0.02845224 0.31451315 0.44278660
v 0.13646138 -0.12966046 0.57073879
v 0.28453037 -0.29037148 0.43934095
v -0.14727409 0.32741737 -0.16296861
v 0.11234993 -0.01336575 0.56576842
v 0.22358726 0.01944494 0.54501230
v 0.57641673 -0.04574528 0.17734793
v 0.53954548 -0.02499530 0.02127250
v -0.49900797 -0.23274125 0.28760043
v 0.36683077 -0.10120743 -0.40402797
v -0.55512363 -0.04232144 -0.32951766
v -0.00513066 -0.31787121 0.46842778
v 0.38840297 -0.11617559 -0.45559111
v 0.55204540 -0.14007211 -0.11460885
v 0.51455194 -0.26389450 -0.07391725
v -0.37827018 -0.23650780 0.43930984
v -0.70071143 0.04048337 -0.05245820
v 0.55040783 -0.03581590 -0.23526475
v 0.29952884 0.17127155 0.38302556
v -0.55313951 0.05482568 0.12522969
v -0.51197726 0.19606596 0.21278626
v 0.52019393 -0.08160043 0.22918831
v 0.29386759 -0.41047618 -0.04144390
v 0.66351867 0.01629375 0.04423970
v 0.45098254 -0.21425566 0.28639346
v -0.68076438 -0.05417177 -0.12347121
v -0.51854861 -0.11435236 -0.36249763
v 0.31031489 -0.40433687 -0.14531764
v 0.63966680 0.06228091 0.04715407
v -0.52856374 0.17680788 -0.15167665
v 0.56466639 0.12539823 0.08541428
v 0.25314552 0.25541273 -0.37247074
v 0.62243229 0.14958641 -0.03660457
v -0.22906896 -0.32261622 0.34504521
v -0.43197969 0.12628788 0.17541510
v -0.58732510 0.21518691 -0.05266735
v 0.64004183 -0.01472308 0.03199136
v 0.55013901 -0.15397710 -0.05200414
v 0.02551086 -0.10189211 0.58077759
v -0.37780726 0.08328353 -0.46014589
v -0.49681270 0.11364115 -0.13651201
v 0.56068444 -0.07462732 0.09624729
v -0.62046146 -0.07426795 -0.13425379
v -0.17345756 0.38758808 0.13670725
v -0.41286474 -0.36892217 -0.02574593
v -0.53566808 -0.12264989 -0.35160959
v 0.28188607 -0.01170248 -0.50212538
v 0.45579198 -0.04079280 -0.24764112
v 0.59700507 0.00738153 0.01488347
v -0.52415353 0.25360438 0.09329575
v 0.51410413 -0.23352237 -0.05246045
v -0.44577396 -0.06530225 -0.40546778
v -0.60181475 -0.16326630 -0.21002588
v -0.68893206 0.06494194 0.02702293
v -0.47640282 0.20129222 0.12006436
v 0.06506099 0.00967372 0.58942980
v 0.51340121 -0.07805444 0.20902866
v 0.43890876 0.13906378 0.26665092
v 0.50766158 -0.06758180 0.18307638
v 0.42465147 -0.31409985 -0.23744713
v 0.00613310 -0.04698152 -0.58232844
v 0.11765765 0.29728544 0.42139187
v -0.49194688 0.09868754 0.06609369
v 0.36911410 -0.03532191 0.40469256
v -0.42812511 -0.05059864 -0.46481347
v -0.20708369 0.38168806 -0.24251524
v 0.50859147 -0.30530697 0.13436387
v 0.08938256 0.23372024 0.43120664
v -0.61192632 0.07052485 -0.12783718
v -0.30092716 0.19676863 -0.40489835
v 0.54916823 -0.08756991 -0.05130580
v 0.59046680 -0.01001683 0.12508970
v -0.54762399 0.19440827 -0.14732994
v 0.54638940 -0.13238406 0.15558964
v -0.50001395 -0.29779232 0.16622230
v -0.18858463 -0.00538259 -0.54544628
v 0.41548142 0.00373512 0.37580353
v 0.64413422 0.06172536 0.04647329
v 0.38932499 0.24711847 0.27041078
v 0.66813898 0.05800505 0.00575066
v 0.51071709 0.05612167 0.21088171
v -0.50532925 -0.05793358 0.32978305
v 0.66792858 0.02106241 0.01029152
v 0.13966744 0.27411446 0.45173287
v -0.40768683 0.13299300 -0.39904368
v -0.30289763 -0.40275681 -0.28035179
v 0.20570436 -0.29417354 0.43227893
v -0.19902754 0.13318726 0.50576794
v -0.09155703 -0.10195208 -0.61183769
v -0.40759337 0.12509128 -0.37745512
v -0.24002807 0.21342507 0.48310378
v 0.53071517 0.14676620 0.17194876
v -0.32918730 0.33044755 0.06571566
v 0.56584638 0.12815259 0.08157163
v -0.68744934 0.09827863 0.01656139
v -0.41557962 -0.34097034 -0.08447473
v 0.43571725 0.22291857 -0.00417555
v -0.82335055 0.00949521 -0.05107954
v -0.23256816 -0.06235307 0.55800390
v -0.41686940 -0.27419513 0.33861181
v 0.58684999 0.09588434 0.10035087
v -0.10165492 -0.27189744 0.51075381
v 0.63968778 0.12817529 -0.07086223
v 0.19303332 -0.40521699 -0.21185021
v 0.35791460 0.14666913 0.32212698
v 0.62268847 0.01911748 -0.07348435
v -0.37104890 0.24605587 -0.32031429
v 0.70350146 0.06509061 0.04103643
v 0.17950653 -0.08402176 0.54316324
v 0.10804586 -0.10880678 -0.59048116
v 0.27547497 -0.11802346 -0.52007288
v 0.02767640 -0.39218193 -0.39097434
v 0.60911000 0.04437950 -0.00583807
v 0.50025231 -0.25780165 -0.05215597
v -0.09175991 -0.13997722 -0.62461936
v 0.26701465 -0.40095717 0.11185305
v 0.44621375 0.22395071 0.10146401
v -0.29944217 0.23965822 -0.36981404
v -0.75325990 0.10691802 -0.04707384
v 0.01474189 -0.00931696 0.57835424
v 0.72224140 0.26787564 -0.01317954
v -0.36762086 -0.28548709 -0.44536528
v -0.37681893 0.27013716 0.29459232
v -0.66498989 -0.07506428 -0.10324961
v 0.17100060 0.31168723 0.35841265
v -0.20388465 -0.40521008 -0.41587070
v -0.49382991 0.14041930 -0.22510231
v 0.60984659 0.03095004 0.07781574
v -0.07298373 -0.38245538 0.33331108
v -0.37369791 -0.05160801 0.42942724
v 0.51434386 0.03528585 0.20987082
v 0.58794457 0.03836857 0.01154603
v -0.23286602 -0.36436832 0.25198671
v -0.38426951 0.18199372 -0.39134187
v -0.20294522 0.17249309 -0.51718551
v 0.47945637 0.11453917 0.21023445
v -0.49765936 -0.25205573 0.00723080
v -0.20955960 0.18558538 0.48103583
v -0.90618557 0.12978981 -0.02380961
v 0.68143153 0.09573187 0.03729105
v -0.06910264 -0.40341246 -0.23514278
v -0.00478371 -0.23713009 -0.66933239
v 0.14827724 0.32822821 0.29357469
v -0.24426468 -0.11076006 -0.59873128
v 0.60705072 -0.01748299 0.04953164
v -0.56367123 0.01091530 0.12385002
v -0.43023852 0.24615645 0.22760247
v -0.47655389 0.11555496 0.17045403
v -0.28122696 -0.16274831 -0.54533631
v 0.18029742 0.12510626 0.48760575
v 0.48003173 0.11245863 0.21394710
v -0.29765353 -0.41792044 -0.16334967
v -0.69151843 0.18711948 -0.05602858
v -0.32827488 -0.34571773 0.30691132
v 0.54053819 0.11683724 -0.14623833
v 0.65555692 0.06784046 0.02022295
v 0.16645940 -0.04868353 -0.58711851
v 0.61234421 0.02604648 0.02084270
v 0.40773511 -0.38005131 -0.05362491
v 0.34142345 0.16601506 0.00638653
v 0.33436847 0.01618879 0.44034213
v 0.40793806 -0.17273149 0.38969147
v -0.67264217 0.03804683 0.02064991
v -0.39490736 0.19121593 -0.37152803
v 0.05733970 0.19481865 0.51491874
v -0.46534896 -0.13083282 -0.39450178
v -0.59303135 0.16200261 -0.12577575
v 0.44038111 0.22566237 0.18342891
v 0.55458605 -0.25805596 0.02512045
v 0.51634640 -0.08342648 -0.13242331
v 0.04565980 0.16089211 -0.50177723
v 0.57085240 -0.00464742 0.03540217
v -0.75984621 -0.08162308 -0.04284200
v 0.49565828 -0.03588554 0.32939392
v 0.53820139 0.01193042 0.26008767
v -0.38790396 0.13092932 -0.38695189
v 0.44977567 0.06766032 -0.06968895
v -0.34862587 -0.01050981 -0.50720525
v -0.44294295 -0.13049886 -0.45184189
v 0.51926863 -0.16625263 0.04570860
v 0.52229667 0.05112046 0.10755493
v -0.60930854 0.17927264 0.04178268
v 0.56048506 -0.12311553 -0.10035884
v -0.03023886 -0.24677262 -0.58495408
v 0.61885285 0.03225598 -0.08062624
v -0.55400378 -0.20548676 -0.24443996
v -0.62465405 0.16825876 0.00326544
v 0.72972000 0.12852870 0.05494604
v -0.45960650 -0.16319777 0.37818727
v 0.30014318 0.16375786 0.40995175
v -0.64560127 -0.12736416 -0.13702478
v -0.15259190 0.32672021 0.16639945
v 0.63309824 0.10947364 0.01428157
v 0.51868200 0.08204591 0.31891763
v -0.53317958 -0.07298087 0.17960659
v -0.60698295 0.17031986 -0.09884357
v 0.60876876 0.03152358 0.03286076
v -0.10524566 0.01783960 -0.57938284
v 0.33787414 -0.02964171 -0.41885716
v -0.64807302 0.06383111 0.00454134
v -0.33140445 0.10444915 -0.44443342
v 0.60947919 -0.03292253 -0.09873828
v -0.72835720 -0.12848260 -0.04746859
v 0.42687136 -0.03826969 -0.33731115
v -0.19659483 0.35438207 0.26847869
v -0.33623749 -0.38400468 0.18332329
v 0.27606046 -0.05045988 0.52294546
v 0.65511477 0.04576817 0.01591621
v 0.59434146 0.03862347 0.00476064
v -0.46118519 0.27093351 0.10643047
v 0.58762711 -0.01073353 0.11632764
v -0.44017455 0.11285406 -0.35016701
v -0.18127550 0.30238083 0.39677373
v -0.42812580 0.16359302 -0.29674143
v 0.43293405 -0.20425516 0.31159854
v 0.27362859 -0.07407061 0.53906262
v -0.68768394 0.06945695 -0.03396374
v -0.19846772 0.20204952 -0.50049436
v 0.48917884 -0.25260720 -0.14027433
v 0.62154990 0.08119625 -0.04760464
v -0.56866825 0.21311715 -0.07387665
v -0.05478211 -0.44530091 -0.18957774
v 0.57116473 -0.03665977 -0.04322280
v 0.58357430 -0.12764031 -0.07035407
v -0.59294242 0.29295778 0.03571787
v -0.29380381 -0.21747471 -0.50824398
v -0.29006088 -0.12161095 -0.58667505
v -0.47390166 0.02228737 0.33730417
v 0.57776654 -0.00436141 -0.02826604
v 0.48529536 -0.15444714 0.20040312
v 0.61659122 0.01204810 0.05680764
v 0.26087654 -0.12922153 0.52829093
v 0.68070412 0.08948056 -0.01270880
v 0.43142858 0.21667011 0.11271888
v 0.45146143 0.14148335 0.05496036
v -0.68923897 0.00376637 -0.04141694
v -0.35537174 0.30919331 -0.27229649
v 0.56717211 0.05250637 0.11318181
v -0.43339530 -0.13763949 -0.41567177
v -0.57013941 0.23754211 -0.03697917
v -0.10063826 -0.32724303 0.43104914
v 0.37831587 0.22947305 0.13739452
v 0.58958286 -0.07347326 -0.00684290
v 0.40873045 -0.24696107 0.26538685
v -0.39197123 -0.33402884 -0.35736248
v -0.56616414 0.26422694 0.10098056
v 0.43563935 -0.30697539 0.05167596
v 0.20415437 -0.28101471 -0.56544048
v -0.25204021 0.24186271 -0.39493284
v -0.77914929 0.15417668 0.04179081
v -0.47824997 0.28056797 0.09289724
v -0.45764571 0.26670870 -0.20488669
v -0.21384391 0.21804327 -0.49024841
v -0.41691372 0.29418737 0.11213607
v 0.58008790 0.01228343 0.07888172
v 0.41051441 0.22640437 0.15755667
v -0.54529399 -0.01810701 0.14959714
v 0.38976976 0.23530474 0.35202104
v 0.57168162 0.07279103 -0.10259728
v 0.11954242 0.23641711 0.40989748
v -0.23681837 -0.16383442 -0.58498287
v 0.44985798 -0.10761435 -0.25780192
v -0.25357252 0.04229394 0.44664252
v -0.53880626 -0.14268842 -0.31824523
v -0.21709278 -0.01558751 -0.56622303
v 0.49594596 -0.18831085 -0.15447852
v -0.54619253 -0.13783666 0.16118380
v -0.84690809 0.08273618 -0.03208446
v 0.30668458 -0.25639620 0.42073092
v 0.54899478 -0.01137723 0.13683467
v -0.43287718 0.26175684 0.17833084
v 0.60801685 0.01191328 0.00358166
v -0.24909833 0.28381145 0.15914890
v -0.67132634 0.12890539 0.02784246
v -0.47075555 -0.05866257 -0.39963529
v -0.33403617 0.28499553 -0.32754517
v 0.40519243 -0.20924656 0.36825132
v -0.48333454 0.22032383 -0.22030756
v 0.52463847 -0.10458519 -0.24282864
v 0.32911029 0.01899642 0.35744274
v 0.43462387 -0.24815729 0.29201093
v -0.39309806 0.29227355 0.17215256
v -0.66634607 0.05626193 -0.03139976
v 0.27554643 -0.37299287 0.12664720
v -0.03321928 0.32823327 0.29127628
v 0.37882766 0.19690245 0.32492319
v 0.78028190 0.19536842 0.02743067
v -0.52043492 0.19743678 -0.19639550
v -0.81679249 -0.05350819 -0.03859987
v 0.46074602 -0.22545359 0.19824995
v -0.53206688 0.18566146 -0.11302665
v -0.72001815 -0.02864166 -0.07837126
v 0.60027629 0.05836323 0.00094916
v -0.53417724 0.21126655 -0.17227000
v -0.59970212 0.11364802 -0.08607334
v 0.48898235 -0.25238419 -0.19087125
v 0.41931212 -0.29995379 0.15770870
v 0.38174614 0.14698507 0.39369103
v 0.31673342 -0.34093124 0.01603538
v -0.46294081 -0.22585540 0.22652332
v 0.33645660 0.31245863 0.07006922
v 0.15992998 0.32392222 0.34619838
v -0.30341327 0.33468977 0.14134277
v 0.06787861 -0.30545858 -0.57872260
v -0.56489307 0.20717941 -0.14870277
v -0.53413433 0.26886359 -0.14388254
v 0.11991903 -0.37157595 0.31209618
v -0.20840064 0.31909442 0.34574178
v -0.27445149 0.36327386 0.17185053
v -0.00008839 -0.10094933 -0.62536669
v -0.25608075 0.31997100 0.20430821
v 0.65784961 0.12502344 -0.00286399
v -0.61042666 0.16756585 -0.05872098
v 0.35040724 0.30119282 -0.09646846
v -0.60588902 0.15634064 -0.10712314
v 0.28885359 -0.29363573 0.42642379
v 0.55513346 -0.08094470 0.09403811
v 0.55182570 0.04795061 -0.06711474
v -0.43417758 0.25544137 -0.19464511
v 0.03049338 0.02038156 -0.58945912
v 0.63676214 0.07109749 0.04351282
v 0.49511150 -0.03496544 0.35064366
v 0.12008393 0.15282391 0.47410288
v 0.33580241 -0.29921371 -0.42001921
v 0.00443730 0.36404130 0.23795652
v -0.67840135 -0.12690598 0.00205493
v -0.55632365 0.07597638 -0.13497917
v -0.06514478 -0.04406065 -0.59208769
v 0.45994040 -0.09139415 0.36467266
v -0.55394822 -0.16734993 -0.27060497
v -0.46265787 0.04283905 -0.33913127
v -0.57361525 -0.18007921 0.03945890
v 0.39197290 -0.01808910 0.34803984
v 0.07997195 0.21949619 0.49403182
v 0.58777219 -0.04621154 -0.04047153
v -0.36516842 0.04943548 -0.42820123
v 0.29322365 0.05491518 0.47200173
v 0.53722328 -0.01363004 -0.13683143
v -0.44260672 -0.08390492 -0.42953551
v 0.70338392 0.17487581 -0.01882634
v -0.21014285 0.29760808 0.28642562
v 0.00442470 0.00784421 -0.61549503
v -0.54490602 -0.30322635 -0.26501217
v 0.26265717 0.21411860 0.33200732
v 0.57009560 -0.00639635 0.12966625
v 0.50098491 -0.09200284 0.21368399
v 0.54248124 -0.06596933 0.16826740
v -0.27862430 0.34363133 0.34846127
v 0.11479596 0.00474362 -0.58073545
v 0.41546458 -0.28027052 0.18276744
v -0.42925021 0.25637889 0.18345308
v -0.47106400 -0.22532010 0.28010619
v 0.67914963 0.06562863 -0.05475654
v -0.51403993 0.00569192 -0.30807751
v 0.58589530 0.07397639 0.05961938
v -0.78987998 0.17908360 -0.01249427
v -0.12155718 0.39945275 0.24738736
v -0.49461550 -0.09722663 -0.42312074
v 0.28194821 -0.32925001 0.35044086
v 0.55745822 -0.02697715 0.18244910
v -0.64178556 -0.07286944 -0.17730245
v -0.74699318 -0.10987192 -0.05868175
v 0.64109540 0.02272568 0.04217443
v -0.25886053 0.23708746 0.43257391
v -0.62897432 0.19298741 0.06050274
v -0.56685925 -0.11641409 -0.05769850
v 0.60282588 -0.01358269 0.00682047
v 0.46699685 0.22027501 0.13685025
v -0.03696863 0.33735618 -0.16560531
v -0.13328628 0.17517798 -0.51310891
v -0.70895243 0.24454263 -0.04037748
v -0.38317317 0.22713584 -0.32822746
v -0.63716704 -0.01279255 -0.10670131
v -0.21697545 0.32095873 0.34794772
v 0.58095628 -0.00728933 0.05263138
v 0.52719855 0.00232214 0.06360135
v -0.06770162 0.17081907 -0.53614807
v -0.53752768 -0.12772016 0.24022721
v 0.47947592 -0.27155653 -0.09599381
v -0.10548571 0.01880828 -0.58246678
v 0.77903640 0.21148539 0.05035690
v -0.58284611 -0.04462327 -0.20410855
v -0.39660797 0.21728635 0.33786535
v -0.98141015 0.09712271 -0.09838815
v -0.73471510 -0.06851504 -0.07802799
v 0.65696508 0.02074783 0.02675384
v -0.33120114 0.28840220 0.30852315
v -0.35479465 0.20078844 -0.37848240
v 0.36818302 -0.32601556 0.31757402
v 0.47683054 -0.22900443 0.19823596
v -0.55516577 -0.27336287 -0.04955618
v -0.31542331 0.00657171 -0.50112247
v 0.26398110 -0.17008561 -0.55496424
v -0.42469603 -0.31014276 -0.32138067
v 0.66431862 0.03901528 -0.00756168
v 0.53466493 -0.14050114 -0.08588471
v -0.36767998 0.12398009 -0.44576553
v -0.52153105 0.26210743 0.12279162
v -0.55969191 0.05103201 -0.22461024
v -0.54055786 0.12105598 0.13856974
v -0.77406442 0.12940444 -0.03289512
v -0.51185828 0.12359473 0.20651302
v 0.35651192 0.17719159 0.34651181
v 0.58038628 0.01168330 0.00276735
v -0.01343609 -0.41970590 -0.01723777
v 0.40029433 -0.12221462 -0.40306208
v 0.30456647 -0.05468121 -0.51870245
v -0.70526195 0.08000082 0.01606053
v 0.61841780 0.05878525 0.00777618
v -0.53788829 -0.10961078 0.19353625
v -0.50732195 0.24738345 0.11613581
v 0.26840115 -0.26372725 -0.54973745
v 0.52043074 0.09281253 0.29465598
v -0.19115648 0.09360199 0.53440648
v -0.71190804 -0.02642284 -0.05190989
v 0.42428160 -0.38716298 0.02786366
v 0.61850321 0.06109054 0.06661528
v -0.74180835 0.04327886 -0.00159109
v -0.22248739 -0.03830526 -0.60218257
v -0.62070644 -0.16435254 -0.09977338
v -0.60669518 -0.18712325 -0.13215402
v 0.00917356 -0.43132102 -0.20483223
v -0.48438138 0.16360793 -0.24050990
v 0.47025362 -0.20166954 0.25258783
v 0.67216712 -0.02012837 0.05051340
v -0.43973187 -0.03212544 0.42354891
v -0.55205661 -0.02670188 -0.27892160
v 0.35068041 -0.19739442 -0.50024587
v -0.31440589 0.04660626 -0.49675256
v -0.12132714 -0.30848655 -0.48394614
v 0.49789590 -0.05035396 0.21065564
v -0.61392045 -0.16136733 -0.20666710
v -0.68920302 0.22609591 0.00314048
v -0.32283968 -0.30799448 -0.48255196
v 0.37917820 -0.33147269 -0.29770562
v -0.17590523 -0.23147568 0.53878480
v 0.38044259 0.04578914 0.34270823
v -0.08151770 -0.38853657 -0.47122270
v -0.24098155 0.29994607 -0.14724819
v 0.37285048 0.02819734 0.38734618
v -0.15844637 -0.16972619 -0.61634988
v 0.54052263 0.09349027 0.12601829
v 0.49123058 -0.24504587 -0.08646382
v -0.17611714 -0.35166150 0.35043225
v 0.29920572 0.31336027 -0.01109588
v -0.79670382 0.05187919 0.04873729
v 0.29573634 -0.05563591 0.53836948
v -0.53509730 0.22672810 -0.01944906
v -0.64606082 0.02114021 -0.02869546
v 0.39248502 0.19608822 0.19143388
v 0.44950622 -0.27145666 -0.10117799
v -0.25963455 -0.20389535 -0.62011874
v 0.59401214 -0.02853136 0.10835582
v -0.10480276 -0.20703852 -0.58028334
v 0.65158641 0.01134016 0.02638698
v 0.04466743 -0.41040611 0.05083315
v 0.43933606 -0.12019496 -0.30806935
v 0.03864247 -0.41938633 -0.22727510
v 0.06184101 0.19981667 0.51613432
v -0.35915184 0.35663402 -0.06051730
v -0.06386119 -0.26684296 0.51831234
v -0.28827232 0.34201187 0.31821215
v 0.56355029 0.19037992 0.08510745
v 0.61019611 0.00662373 0.02261623
v 0.54075789 -0.09304599 -0.21388875
v 0.54731727 -0.06690423 -0.07073177
v 0.37417248 0.13302882 0.35415259
v 0.19287731 0.16246639 0.46945107
v -0.40591639 0.26496759 -0.23146895
v 0.18350840 -0.23826569 0.50400710
v 0.32606056 0.11033836 -0.38256037
v -0.67677814 -0.02860890 -0.04889986
v 0.59501493 0.13870178 0.08281123
v -0.52948260 -0.19645524 0.09619655
v -0.47240472 -0.16750395 -0.43635827
v 0.36376587 -0.28528437 -0.31893507
v -0.47273853 -0.29814783 0.24395220
v -0.49715480 0.27850157 0.11169387
v -0.35928035 -0.14947659 -0.54529423
v -0.54602569 0.04234155 0.10834882
v 0.05833978 -0.14274852 -0.57732284
v 0.44487536 -0.27014458 0.28662956
v -0.65576005 0.00141917 -0.06263858
v 0.29965091 -0.00145902 0.46093220
v -0.32827589 -0.30283219 -0.42701542
v -0.27737808 -0.13814735 0.56707484
v -0.43573824 -0.07508326 -0.42470050
v 0.61213416 0.01914264 -0.07686433
v 0.58542144 0.04914088 0.00841003
v -0.12866202 0.30509102 0.41369835
v 0.64577544 0.04777746 0.02553552
v 0.19059883 -0.33697933 -0.47878486
v -0.20699239 0.21099691 0.50459427
v -0.65720028 -0.17860191 -0.08196206
v -0.84270346 0.12175602 -0.05700593
v 0.64210236 0.02240530 0.02763280
v 0.36541194 0.16072434 0.36470428
v -0.55735493 0.21822764 0.08534491
v 0.63590252 0.04967198 0.02912337
v 0.28784591 -0.38380200 -0.24105144
v 0.40099674 -0.34751403 0.06153562
v -0.13654298 -0.27619952 0.49012548
v -0.51779324 -0.15980934 -0.30556589
v -0.24721494 0.01381520 -0.59580123
v -0.56453246 -0.00006750 -0.21550199
v 0.18920387 -0.37901372 -0.39205915
v 0.20506704 -0.36574879 -0.40103340
v -0.68459475 0.25573915 -0.01527095
v -0.49553490 0.29621178 -0.02392191
v -0.54198992 -0.10675874 0.19903368
v 0.50836372 -0.22226919 -0.08414968
v 0.04553329 0.24064142 -0.33068442
v 0.37195230 0.30299297 0.11044730
v 0.54575002 -0.03335499 0.02903188
v -0.61493564 0.19060525 -0.04310560
v 0.59518230 -0.08519118 -0.00341338
v -0.25954616 -0.02603902 -0.56761968
v 0.44784155 0.09423108 0.27486253
v -0.53445411 -0.03792886 0.17645884
v -0.05193470 -0.25417322 -0.60219097
v 0.20500502 0.32976311 0.27499685
v -0.40379059 -0.08283851 -0.48810539
v -0.32167464 0.02626123 -0.48717511
v -0.30993512 0.27102250 0.34538913
v 0.36713365 -0.04195794 -0.41120398
v -0.57828301 0.18333159 -0.06361219
v -0.57144481 0.11601317 -0.14209828
v 0.46995226 -0.20617154 -0.11542562
v -0.37785518 0.26492977 -0.22992565
v -0.50549161 -0.08134645 0.33715206
v -0.37399971 -0.13658816 -0.49349242
v -0.33875385 0.33036664 0.17695649
v 0.01304317 -0.37537545 -0.48980027
v -0.73529232 -0.02829603 -0.05392624
v 0.56812978 -0.04319241 0.19366765
v -0.47370338 0.17814052 -0.24412936
v -0.72604930 0.09411360 -0.04668665
v 0.37955269 -0.07122269 -0.38925400
v 0.26308358 -0.40746668 -0.10661805
v 0.16988264 -0.23469222 0.48958188
v 0.58542377 0.02693262 -0.10922356
v 0.54902035 0.04150820 0.12333588
v -0.51002645 -0.01881651 0.28652346
v 0.28667182 0.05557023 0.49141192
v 0.57612228 0.01076756 0.01310094
v 0.32430759 -0.31804913 -0.35515809
v -0.29484946 0.32385212 -0.29607388
v 0.52474076 -0.13466704 0.18641698
v -0.51697314 -0.24847163 0.18098608
v 0.65299642 -0.02718040 0.03034282
v -0.37315661 0.06492890 -0.45825535
v 0.02941233 -0.22096658 -0.62790620
v 0.38936764 -0.11135716 0.40851742
v 0.51441187 -0.21354949 -0.19364905
v -0.03214592 -0.30172479 -0.55887038
v 0.25108224 -0.39110583 0.23866814
v 0.58189404 0.00003526 -0.00071493
v 0.50805175 -0.10270880 0.23534690
v -0.19350728 0.09988524 0.51532060
v 0.64861095 0.00088151 0.03934383
v 0.46966660 -0.26359025 0.16900238
v 0.18649141 -0.43656933 -0.10596913
v 0.46093646 -0.28844282 -0.16269776
v -0.50855052 0.19996890 -0.21742141
v 0.11061151 -0.42787480 -0.17330588
v -0.61020154 -0.02932005 -0.14278606
v -0.08846349 0.32696569 0.40847856
v -0.58898962 -0.24783638 -0.17525709
v 0.48251265 -0.21731620 0.01079289
v -0.50432694 0.11615524 -0.20275834
v -0.38746551 -0.15660989 -0.49288768
v -0.46561641 -0.24550810 -0.08974648
v 0.18039665 0.15481073 0.50899345
v 0.62588024 -0.03384627 0.02719204
v 0.42345297 0.01038967 -0.27649495
v 0.35155874 -0.02424008 0.37553108
v -0.51051098 -0.22882867 -0.33981219
v 0.26826146 -0.19214076 -0.56263822
v -0.01797708 -0.28193992 -0.58746517
v -0.44194633 0.28119314 0.18637376
v -0.59475863 -0.13392030 0.07624072
v -0.03416575 -0.39943564 -0.44304296
v -0.07418692 -0.32861772 -0.59351325
v -0.25145859 -0.09840386 -0.60987920
v -0.06955312 -0.42581081 -0.14420214
v -0.46207350 0.23078011 0.19699652
v 0.78854847 0.20539492 -0.02814363
v 0.30576804 0.20745942 0.40306863
v 0.61993605 0.00697777 0.04815155
v 0.46615818 -0.21187618 0.22082117
v -0.52576172 -0.22908415 -0.14318883
v -0.47799653 -0.24646381 -0.22072867
v -0.17867711 0.07979818 -0.55731529
v -0.56026459 0.17368835 -0.10688877
v -0.45005560 0.30680352 0.07338524
v -0.64680737 0.16033211 -0.04300716
v -0.29758328 -0.05973413 -0.54415601
v 0.26673132 0.25553694 0.35824364
v 0.59512746 -0.02050130 -0.10301580
v 0.65504652 0.07455242 0.02376792
v 0.52576029 -0.03647925 0.10241162
v 0.58116901 -0.06949042 0.03905568
v -0.45040685 0.11963489 0.32578075
v -0.47259861 -0.09248725 -0.38181797
v 0.36282516 0.06153969 -0.36583391
v 0.55227256 -0.08287366 -0.08272050
v -0.18749347 -0.23429663 -0.57193887
v -0.51077551 0.27916017 -0.04428559
v -0.52637154 0.02062831 0.18176964
v 0.55479532 -0.04430187 -0.06749450
v 0.47064218 -0.09473601 0.37111890
v 0.38174447 -0.27604353 0.22000639
v 0.49665660 0.11539055 0.32137531
v -0.74653912 0.09797464 -0.05100471
v -0.59470665 0.12532383 -0.12230766
v -0.40694255 0.13400464 -0.35152018
v -0.34486166 0.24614778 0.36019495
v 0.60160708 -0.01642009 0.01882298
v 0.59840417 0.02587955 -0.01526608
v -0.43730533 -0.15212697 -0.43910044
v -0.34711674 -0.27936432 0.44417325
v 0.18429701 0.07389878 -0.47810316
v -0.59942889 0.13440408 -0.09550688
v 0.24693285 -0.33572114 -0.41891220
v -0.68287772 0.06076465 -0.03618369
v 0.27893439 -0.38057026 -0.33539465
v 0.64583760 0.03229542 0.01534909
v -0.67465496 0.09001565 0.01733246
v -0.57894266 0.07159960 -0.14965276
v 0.54413784 0.01409689 0.01347455
v -0.72579634 0.06709258 -0.14570861
v -0.42183781 -0.05665564 -0.50715399
v -0.47523883 0.12494805 -0.33757102
v -0.85176188 -0.00383147 -0.05178157
v -0.74983060 -0.05751654 -0.04909904
v 0.53863066 -0.10434019 -0.12400150
v -0.72941595 0.20145351 0.02474092
v -0.12773921 0.03927908 -0.18708546
v 0.06494492 0.37301236 0.23461330
v -0.05999032 0.34235504 0.36281708
v -0.28856874 0.29298687 0.40129560
v -0.00705187 -0.38354707 0.37519741
v -0.68941402 -0.00675110 -0.06611368
v 0.02506438 -0.38830382 0.27695841
v -0.26155406 0.22708875 -0.40170324
v -0.44354934 -0.16042136 -0.39095455
v 0.49740779 0.17892861 0.16676269
v -0.00184388 0.08862047 -0.56607050
v 0.31758031 -0.23899165 -0.50601804
v 0.58401006 -0.06681822 -0.03441280
v -0.70667696 -0.11111975 -0.05075251
v -0.41326728 -0.18258715 -0.45963743
v 0.58050048 -0.03107208 -0.04566616
v -0.59233814 -0.14070758 0.10634242
v -0.32543883 -0.36316919 -0.40487677
v 0.65445471 0.10403952 0.02523267
v 0.53649247 -0.03967191 -0.06690557
v -0.40893307 0.17861550 0.14551002
v 0.53757781 -0.05584300 0.19140045
v -0.30225238 0.19946679 -0.39805317
v -0.23519294 -0.29317871 -0.50894779
v -0.02777230 -0.37680176 0.36820024
v 0.51810467 -0.23322079 0.05156974
v 0.16330741 0.14976425 0.47085959
v -0.57712251 0.25739649 0.02863452
v 0.00621180 -0.08567672 -0.57147413
v -0.39191115 -0.29828766 0.30784068
v 0.61187190 0.03543775 0.08816785
v -0.28487861 0.26484197 -0.35988027
v -0.27485079 0.39656034 0.04512578
v -0.47813779 0.17606255 -0.24725869
v 0.33032906 -0.14589578 0.43097579
v 0.64790070 0.02674283 0.02567173
v -0.25004360 -0.06340217 -0.54094923
v 0.48950580 -0.01472466 -0.23394571
v 0.66673589 0.05277638 0.04293811
v -0.06684998 0.05116929 0.56603122
v 0.68202436 0.03842843 0.02117972
v 0.55363649 0.04252574 0.17557764
v 0.02437549 -0.08150696 -0.56335115
v -0.51420277 -0.11625886 -0.36405146
v 0.38026673 -0.27774009 0.20930199
v 0.67439973 0.09039750 0.03009512
v 0.25056845 0.29907298 0.38199604
v 0.50086802 -0.15275298 0.16520949
v 0.64071083 0.08869002 -0.01995566
v 0.57592916 -0.00442617 -0.07923640
v 0.36745846 -0.15684864 -0.45966443
v 0.54183543 -0.11823369 -0.09533708
v -0.07840315 -0.34812987 -0.52449811
v -0.57969648 -0.05043179 0.09679234
v -0.11313747 -0.32761386 -0.51148367
v -0.44586799 0.22372618 -0.27290100
v 0.35169584 -0.34953815 -0.28186727
v -0.30040976 0.35288748 0.25634956
v -0.73208565 0.08726524 -0.04130770
v 0.36432561 0.18589413 0.14833930
v 0.51105863 0.00807987 0.09886818
v -0.05071563 -0.05417094 0.59664804
v -0.33383852 0.07907832 -0.49398431
v -0.38383177 -0.09484521 0.46942392
v -0.26159936 0.29426956 0.35376436
v 0.25680602 -0.21694268 0.50937080
v -0.35353082 -0.29681489 -0.48410991
v 0.42492640 -0.27909839 0.28692612
v -0.59938568 0.15980724 -0.05213881
v -0.06943177 0.01097531 -0.59966558
v -0.60199702 0.24563766 0.08481747
v 0.46581534 -0.26672304 -0.21780472
v -0.29292172 -0.36431530 0.24365401
v -0.16718951 0.28526542 0.38687471
v 0.31009009 0.04288097 -0.48765087
v 0.59256780 -0.03755617 0.00727145
v 0.05220670 -0.34950060 -0.51996368
v 0.28923160 -0.14246918 0.51799935
v -0.71127898 0.05945932 0.03542712
v 0.27882650 0.12002175 0.38106292
v -0.67488456 0.11567093 -0.00379401
v 0.43282306 -0.09507424 0.32263219
v -0.74115664 0.05070958 0.03259763
v 0.53373992 0.10556277 0.14388095
v -0.04989797 0.29400581 -0.37054092
v 0.82175124 0.27458966 0.00899798
v 0.53416383 0.06839953 0.17855543
v 0.50396132 0.11296593 0.17145775
v 0.06776219 0.38077798 0.24949099
v -0.22299168 0.32938331 0.24006721
v -0.79820305 0.00152569 -0.04961548
v -0.56478149 0.13446207 -0.16949788
v 0.35210428 0.03480940 0.33665204
v -0.13001350 -0.39055088 0.33748642
v 0.49725649 -0.00663428 0.22285160
v 0.07915352 -0.36800820 -0.49086446
v 0.16995254 0.02143922 0.51566583
v 0.00947452 -0.31447157 0.45951194
v -0.44670141 -0.29095203 -0.45496607
v 0.56304193 0.03747551 -0.03773425
v -0.53028518 0.09024499 -0.23397833
v 0.32712463 -0.17011456 -0.51649171
v -0.63636214 -0.01000917 -0.10683571
v 0.53666520 0.14075692 0.03027448
v -0.64363617 0.27443179 -0.04290523
v 0.52486873 -0.08140710 0.12494424
v 0.52085090 -0.07064849 -0.18222000
v -0.54088539 -0.30277869 0.04068734
v 0.25442874 -0.32725698 0.37424713
v 0.25672233 -0.27762234 -0.54217333
v 0.58859324 -0.03831058 0.07668851
v 0.49523872 0.02771759 0.17020001
v -0.23628759 0.15003791 -0.40193141
v -0.57584172 0.06415427 0.08139720
v -0.45311391 0.01372771 -0.37716475
v 0.56856930 0.11297972 0.03435303
v -0.30706668 0.33594984 0.13165285
v 0.45102027 -0.12560409 -0.34498712
v -0.40144679 0.28202105 -0.24027306
v -0.60609353 -0.15619272 -0.05981340
v 0.54462737 0.03145269 0.18828937
v 0.52950835 0.05324501 0.25543797
v -0.44983160 0.17348053 -0.27044463
v -0.31857762 0.23422503 0.41633871
v -0.26774460 0.02388961 -0.51526856
v 0.58840305 0.08870311 0.08931272
v 0.63021451 0.07709744 -0.01749948
v 0.02331458 0.20124231 0.49620971
v -0.75528044 0.11754753 0.05473036
v 0.63117027 -0.02658784 0.03288020
v -0.58373123 0.10774951 -0.15069088
v -0.16071999 0.28663534 -0.40235612
v 0.08190257 -0.38086486 0.31972966
v 0.40343314 0.27906913 0.02785201
v 0.35568202 -0.31622690 0.27365854
v -0.67011708 0.14696255 -0.00503361
v 0.59173775 0.10367461 0.08989750
v 0.65878296 -0.00623841 0.08525837
v 0.64702833 0.03677271 0.02559373
v 0.63859022 0.03429323 0.05643088
v -0.68294609 -0.05893914 -0.07222885
v 0.61756009 0.04238518 0.07096183
v 0.44243258 0.18263870 0.27350286
v -0.54581982 0.05248221 -0.25808638
v 0.32644168 -0.37233135 0.19073868
v -0.19682029 -0.31733483 -0.54065400
v 0.47390348 0.15344322 0.17678918
v 0.64951783 0.03977813 0.02286212
v 0.54039091 -0.15845752 -0.10493596
v -0.53566873 -0.04653283 0.22814468
v -0.72450668 0.15006311 0.02640772
v 0.12450628 -0.42359015 0.10345275
v 0.30568063 -0.09545001 0.49942565
v 0.47145006 -0.20117469 0.28259283
v -0.70674503 0.18282169 0.00787547
v 0.60101426 -0.01488156 -0.00816404
v 0.25413281 -0.13076213 0.49829227
v -0.64968467 0.25020656 0.01814024
v -0.26485428 0.36007875 0.08514716
v -0.38599220 -0.33764613 -0.38732600
v -0.12794681 0.31062323 0.41427562
v -0.37371585 0.30178970 0.18881153
v 0.54926068 -0.07833098 0.09903090
v -0.35012582 -0.09058336 -0.51146930
v -0.76951635 0.23126027 -0.01164541
v -0.29600951 -0.41692531 -0.28799957
v 0.58119643 -0.05450184 -0.00637898
v 0.23770009 -0.36094564 0.23282853
v -0.49479926 -0.20059744 0.22832713
v 0.62097180 0.00735124 0.02797577
v 0.14251138 0.27735433 0.33921099
v -0.10622840 0.20814680 -0.49060440
v 0.61170512 -0.01228558 0.02917875
v -0.75916696 0.01013790 -0.06596819
v -0.54258871 0.24533460 -0.09232149
v -0.51853120 -0.15977043 -0.28359056
v -0.29028422 0.13933861 -0.47399494
v -0.30584189 -0.36096370 -0.41811115
v -0.45064628 -0.31692338 -0.12032696
v -0.30411124 0.33933240 0.23296608
v -0.27510104 0.09906343 -0.52219653
v -0.41074181 0.25415966 -0.25561705
v -0.54847467 -0.14919282 0.13583165
v 0.62929797 0.04781305 0.02448292
v -0.37767053 -0.27181262 -0.44202876
v 0.45452860 0.08599092 0.22507769
v -0.66186780 -0.08345502 -0.01693612
v -0.64039981 -0.11677736 -0.16510651
v 0.07569022 -0.41346067 0.12598175
v 0.58255583 -0.02371368 0.01267262
v 0.59905255 -0.17604297 0.08368848
v -0.62989241 0.14106226 -0.10591835
v -0.48214874 -0.26834837 -0.14490852
v 0.51429820 -0.12291291 0.18315777
v -0.66430902 0.10050654 -0.08474149
v 0.56700534 -0.05095806 0.00099749
v -0.32271945 -0.13306594 -0.51795197
v 0.10265787 0.27910018 0.43430197
v 0.59042048 0.00272549 -0.00831612
v -0.44095027 -0.05518844 0.45002994
v 0.01637534 0.28361663 0.43098831
v -0.68043888 0.10366150 -0.07911474
v 0.00829954 -0.34368181 -0.56874460
v -0.48077935 -0.01391030 0.28550291
v 0.66814911 0.02766387 0.04801057
v -0.80196023 0.03421694 -0.04680066
v -0.35639182 -0.25549233 0.40168506
v 0.31258547 -0.32416272 -0.39732936
v -0.68442327 -0.03794284 -0.04596230
v -0.17368814 -0.25382787 0.53754210
v 0.58912694 -0.03002283 -0.04030597
v -0.05697514 0.31295130 0.40556818
v -0.26364902 0.11570454 -0.49524561
v -0.36624616 -0.29214132 -0.45707691
v -0.71882874 0.20005964 0.03285837
v 0.38103080 -0.29526559 0.20714714
v 0.42391491 0.22191454 -0.04289401
v 0.53599715 -0.11659607 0.16059519
v 0.66557121 0.04368215 0.02403115
v -0.28965747 -0.30097687 -0.55500835
v 0.44036490 -0.24048311 -0.32138646
v -0.38581204 0.01881672 -0.45484209
v -0.52317488 -0.11592855 -0.31908125
v 0.60401416 -0.00695895 0.11816016
v 0.44831184 -0.28843224 0.09804364
v 0.43350738 -0.20335908 -0.24900097
v 0.53944886 -0.06862901 0.10159288
v 0.54878706 -0.07477711 -0.15068324
v -0.55449718 -0.05958126 0.14426358
v -0.82707447 0.08395442 0.07212228
v 0.44766521 0.24901626 0.05035562
v -0.70669591 0.05898514 -0.09997077
v 0.33088160 -0.33933112 0.24436781
v 0.17517948 0.17941102 0.48492891
v 0.06603064 0.04083180 -0.57018554
v 0.63371646 0.06217629 0.04300570
v 0.03081799 -0.38818222 0.30161524
v -0.27637684 -0.14424790 -0.58113074
v 0.53812015 -0.22561835 -0.06317171
v -0.31123003 -0.42588615 -0.13002022
v 0.61777973 0.02796525 0.03465790
v -0.82994246 0.18390346 -0.02739339
v -0.72053552 0.26414016 -0.03528498
v -0.59358752 -0.10644768 0.05365184
v 0.34752890 0.17682542 0.35693872
v -0.56640708 0.10964739 -0.20415592
v -0.52095819 -0.11990784 0.26361465
v 0.38136676 -0.20730920 0.37933499
v -0.24795382 -0.25773090 0.48888227
v 0.43488002 -0.29831725 0.27410817
v -0.46805397 -0.17837191 0.24291132
v 0.55324298 -0.00560876 0.14753817
v 0.33287278 0.06874742 0.41906002
v -0.70259660 -0.08747993 -0.03782059
v 0.42808127 -0.24475820 0.20704775
v 0.51364762 -0.19425039 -0.14814898
v -0.33157110 -0.21944062 -0.48585212
v -0.29822558 0.20372993 -0.40147328
v -0.51059628 -0.02480574 -0.31283787
v 0.41304153 -0.23712689 0.31511176
v -0.51461655 -0.26963931 0.16221163
v 0.03795429 0.04545716 0.59025276
v -0.79009688 0.11717531 -0.04220191
v -0.11395103 -0.09338427 -0.61474019
v 0.30899578 -0.37725461 0.17457025
v 0.42716780 -0.18530917 -0.30687886
v 0.34319907 0.05044363 -0.38677040
v -0.66170102 -0.13715902 -0.06377316
v -0.56532300 0.12876773 -0.12564951
v 0.41981366 -0.34856993 0.11893113
v 0.13077432 -0.37134728 0.35552150
v -0.48817918 0.11714141 0.07638737
v 0.04581098 -0.39335698 -0.44530079
v -0.29837647 -0.26389912 0.43082157
v -0.22297820 0.19839619 0.33813730
v -0.62277353 -0.15670712 0.02712028
v 0.13474911 -0.35348541 0.39386654
v 0.48429775 -0.12736864 0.25920787
v -0.58724195 -0.03000147 0.10235935
v 0.33147812 0.03802654 0.45269522
v 0.30776790 0.16231540 0.42367670
v 0.33127582 0.18419093 0.39239910
v 0.62114507 0.05469334 0.03011037
v 0.21106482 -0.31081796 0.44450063
v 0.35592651 -0.14809915 0.41981685
v 0.11847807 0.31885287 0.31718940
v 0.65779346 -0.05220310 -0.10391877
v -0.21034665 0.11098692 0.52101064
v -0.76024801 0.21483937 -0.03860786
v 0.50993228 -0.15497500 -0.17371264
v 0.61083126 0.03509974 0.04053859
v -0.15516309 0.15160573 0.52468413
v -0.33025509 0.30602163 0.27798450
v -0.27258930 0.23731917 -0.44691786
v -0.26477745 -0.25569180 0.48870820
v 0.27835688 -0.40328938 -0.23074110
v 0.33318800 -0.01950956 0.43374687
v -0.28205875 0.33614066 0.19322720
v -0.19192329 0.13866377 -0.51700854
v 0.50424874 -0.31329471 0.11792587
v -0.19660909 0.34887964 0.38033217
v -0.18940753 -0.42583305 -0.22357401
v -0.47277340 0.20712936 -0.22181690
v 0.62176824 -0.00364710 0.05689439
v -0.15937594 0.29619271 0.34361047
v -0.51121521 -0.22840026 0.18067186
v -0.00986502 0.08407564 0.55302453
v -0.00459669 -0.06616535 -0.62562269
v 0.60890603 0.02084522 -0.01573270
v 0.40860242 0.21472917 0.13759676
v 0.60311049 0.02704437 0.03260401
v -0.66533303 0.10400851 -0.12669079
v -0.17296737 0.16164222 -0.49006274
v 0.00274851 -0.04059799 -0.61604041
v -0.63068664 -0.19433425 0.04372637
v 0.26593804 0.22018252 -0.28831595
v -0.33670226 -0.06162752 0.47831756
v -0.33420521 0.30399078 -0.21848415
v -0.38730013 0.21059723 0.33567643
v -0.25689015 0.31732935 -0.08984779
v 0.60969359 0.03819479 0.08570880
v -0.37663499 -0.18119405 0.45918730
v 0.47118896 -0.17581582 0.26998731
v -0.10607105 -0.20325223 -0.61240363
v 0.63961798 -0.00739366 0.03645465
v 0.50984281 0.06406113 0.18846941
v -0.47432905 -0.16443518 -0.34273976
v -0.65021455 -0.04548278 -0.08288193
v -0.60945046 -0.11246307 0.04948145
v -0.54435241 0.11044945 -0.21414095
v 0.47706705 -0.09226321 0.29476851
v -0.42514747 0.29043943 0.19488171
v 0.32743004 -0.31294081 0.28407818
v -0.72796023 0.08561611 0.02821317
v 0.24124043 -0.41046154 -0.15328901
v 0.60651273 0.05444254 0.04389435
v 0.22231469 -0.17504787 -0.58453071
v 0.42743015 0.15288994 -0.10179801
v -0.46724024 0.30771136 0.08615027
v -0.18933114 0.07634888 -0.55029345
v -0.85232222 0.07779057 -0.05398972
v 0.57237750 -0.06328639 0.17249072
v 0.58739537 0.19428365 -0.07028945
v 0.47316706 -0.05765412 0.31932554
v 0.56754863 -0.10494220 0.10303905
v -0.77858567 0.04458205 -0.06525643
v -0.73543489 0.22917208 -0.02820952
v 0.56625694 -0.04517308 0.19924000
v 0.57461226 -0.07292695 0.05315849
v 0.28425714 -0.11245361 -0.54089642
v -0.06470031 -0.40663719 -0.31298015
v -0.31933808 -0.18553519 -0.52343893
v -0.44860184 0.30551192 -0.20250002
v 0.68411189 0.04504475 0.00401850
v 0.59987283 0.00859828 -0.01135025
v -0.62906277 0.13542598 0.02041678
v -0.70017254 -0.05320304 -0.08896154
v -0.72135741 0.10327566 0.03297222
v 0.62221652 0.07204597 0.01721077
v 0.32644066 -0.30257535 -0.40254092
v -0.49846467 -0.18138079 0.21941075
v -0.31448251 0.14342761 0.40453202
v -0.51530963 -0.23960160 0.25266689
v 0.59731704 -0.08271463 -0.04192425
v -0.16210833 -0.42943132 -0.34451598
v -0.17253378 0.33642843 0.29884100
v -0.24858215 -0.33636531 0.37846258
v -0.74233168 -0.09613770 0.01911259
v -0.35209122 -0.27770844 0.43711534
v -0.58268082 0.24949180 -0.03014588
v -0.46213204 -0.19797611 -0.42112100
v -0.34352028 -0.16676159 -0.55790657
v 0.24631971 0.22103821 0.45193940
v -0.09282234 0.25076425 0.43952748
v 0.04629119 0.00043597 0.56260169
v -0.29683822 -0.15165824 0.55081820
v 0.09960219 0.13499543 -0.55643606
v 0.43988729 0.16226165 -0.09613363
v 0.40114802 0.22577363 0.09442865
v -0.06173145 0.04671684 0.54916233
v -0.68428677 0.18762660 -0.07075274
v 0.60803449 0.03658115 -0.03300691
v 0.42841592 0.27462807 0.08485725
v -0.58967972 0.10446291 0.02648043
v 0.40636447 -0.06454493 0.41938138
v -0.63286728 0.11487544 0.00969216
v 0.60701501 -0.03816789 -0.02696627
v -0.21068422 -0.30719718 -0.52015895
v 0.50484288 0.15170817 0.15876012
v -0.50390327 0.17550844 -0.23359609
v -0.68460500 0.23363897 0.02263124
v 0.56600368 0.03756253 0.05870585
v 0.40445572 -0.11668391 0.38267466
v 0.51882344 0.07459906 0.24341233
v -0.52860188 -0.29067761 -0.20901644
v 0.58581913 0.10379702 0.08148851
v -0.61772239 0.12453549 -0.11603308
v -0.71633375 0.01174814 -0.00014490
v -0.37734467 -0.41662830 -0.20695885
v -0.19431144 0.14157814 -0.53239620
v -0.22115098 0.15796810 -0.48647586
v -0.44560468 -0.08858503 0.04725652
v -0.51043499 -0.22832823 -0.09014437
v 0.37179780 -0.34109008 0.06270687
v 0.58521330 -0.03411219 0.04970522
v 0.57700360 -0.00081362 0.15710083
v 0.47325456 -0.05862675 -0.24561304
v -0.41532734 -0.02017131 0.44407251
v 0.53516388 0.01287900 0.23238261
v -0.43134308 -0.23429705 0.24220984
v 0.66263306 0.01831461 0.03879502
v 0.61460155 0.09417190 0.03107658
v -0.14917992 0.16079418 -0.52306485
v -0.16558290 -0.34745702 -0.45589361
v -0.32170874 0.13062111 0.34364241
v 0.65147257 0.01901126 -0.06701660
v -0.70356530 -0.08910496 -0.00674024
v -0.43549114 0.18034060 0.18953374
v 0.59571862 0.02042375 -0.02615881
v 0.50242209 -0.15118137 0.28020668
v -0.29828203 0.34123811 0.28005725
v -0.03560621 -0.24164709 -0.57117879
v 0.21893904 0.23570499 0.43811572
v -0.73827380 0.19960934 -0.00142986
v 0.56816167 0.03490324 0.15865713
v 0.52136630 0.11614643 0.19477312
v 0.60554016 -0.01156496 0.06297290
v 0.57518399 -0.04142257 0.13819277
v -0.21351945 -0.32139874 -0.53265476
v -0.16669062 0.19070369 -0.51060963
v -0.42490220 -0.12404864 -0.32606569
v 0.56784844 0.00409655 0.11394709
v 0.35485768 0.22397698 0.26003298
v -0.50957036 0.26461887 -0.12093443
v 0.29485542 0.10349174 -0.44948843
v 0.43169495 0.19116719 0.21224938
v 0.31451401 -0.12025681 0.45700884
v -0.28801477 -0.22777306 -0.53889489
v -0.34377292 -0.33184719 -0.45039085
v -0.63253260 0.23826605 -0.01950937
v -0.40396422 0.08728255 -0.44251257
v -0.10380656 0.10978229 -0.56808805
v -0.39720890 -0.26479152 0.31702149
v -0.57126874 -0.12991172 0.18210469
v 0.51101691 -0.17705548 0.07620087
v 0.55297399 -0.07222548 -0.03588521
v -0.74414760 -0.09597993 0.01113451
v 0.60451818 0.08191477 0.07504061
v -0.56393516 -0.25450748 -0.00334182
v 0.73193562 0.08984177 0.06478278
v 0.56333381 -0.13503703 -0.12577158
v -0.54909962 0.20386665 -0.04562759
v 0.60749131 -0.05580907 -0.06051079
v -0.28523389 0.12633124 0.44458842
v 0.15767948 -0.30992645 -0.56273186
v -0.26977545 0.35463527 0.15722419
v -0.06374162 -0.26521277 -0.54417366
v 0.63432133 -0.00086248 0.05743667
v -0.62708652 0.11375064 -0.09609765
v 0.69656062 0.05740716 0.05507477
v 0.53940433 0.05164906 0.03163919
v 0.08309857 0.31366947 0.36574593
v -0.16919154 0.16233850 -0.52408850
v 0.60700935 -0.04518189 0.09473193
v -0.48190778 -0.03845550 -0.42746109
v -0.10746430 0.30260554 0.38094720
v 0.66174918 0.05577014 0.00277127
v 0.26963833 -0.40173233 -0.28481030
v -0.89006484 0.08892388 -0.07762668
v 0.50234658 -0.15057530 0.29745275
v -0.39736375 -0.02758364 -0.45306325
v 0.30368841 -0.29630056 0.35339639
v -0.66712070 0.19276150 0.00222296
v 0.03156536 -0.38428658 -0.46394902
v 0.49259439 -0.19857004 0.14493787
v -0.76555741 -0.09313510 -0.06584552
v 0.59724760 -0.18016978 0.02297648
v -0.60382539 0.12325069 -0.08611903
v 0.48417872 -0.12341987 0.20002018
v -0.52390385 -0.28922123 -0.13444729
v -0.54056811 0.17793652 -0.18157715
v 0.30892119 0.10689272 0.46474555
v -0.20841712 -0.19202030 -0.63173485
v 0.21715055 -0.38918814 0.09873234
v 0.48350018 0.08783168 0.26197806
v -0.29887155 0.24065506 -0.39798269
v -0.45696846 -0.04033998 0.27441838
v 0.52380037 0.18148564 0.09538354
v -0.12877065 -0.40363091 0.18157852
v -0.06322191 0.14582905 -0.56155819
v 0.35938740 -0.32795039 0.29498661
v -0.68147093 0.05754163 -0.00415167
v 0.58363849 -0.07152183 -0.00448352
v -0.60117042 0.05293373 -0.11912054
v -0.81722206 0.08333558 -0.06943405
v -0.19142634 -0.08990121 -0.60995233
v -0.42099798 -0.25170854 0.35605916
v 0.56580031 -0.09048554 0.08663276
v -0.53354424 -0.11183316 0.22719719
v -0.45742941 0.26805606 0.13330773
v -0.75732660 -0.13406648 -0.06553072
v 0.24269423 0.30036151 0.37094402
v 0.39168739 0.20006178 0.27247316
v -0.06494905 0.02082653 -0.59724587
v -0.29304481 -0.28143960 -0.53455174
v 0.19829333 0.14168462 0.50429380
v -0.54830551 -0.12282300 -0.12909544
v -0.51230437 0.22221810 -0.15455504
v 0.36443874 -0.25028658 0.40446293
v 0.54173881 -0.07704329 0.10421439
v 0.30298215 0.16347182 0.42652124
v -0.64945400 0.13817480 -0.04905437
v -0.07671762 -0.15336207 0.58047837
v -0.33648312 0.25487241 0.30470145
v -0.28532904 -0.35936049 0.09156130
v -0.37526751 0.23756792 -0.35650706
v -0.56897688 0.14072651 -0.15706170
v 0.47398901 0.06479208 0.33462423
v -0.66181755 -0.00253239 -0.04389441
v 0.47262818 0.02103424 -0.21552469
v -0.92201030 0.10784661 -0.06804777
v -0.28561613 0.40972275 -0.07851484
v -0.32356754 0.02593953 -0.48973536
v -0.36655006 -0.03205878 -0.49028927
v 0.60630900 0.04209775 -0.00970436
v -0.46086511 0.19098331 -0.24128498
v 0.21443388 0.18963721 -0.43695614
v 0.56567830 -0.07777490 0.00512812
v 0.51392180 -0.04327659 0.17679022
v 0.55929625 -0.03396964 -0.04523590
v 0.51687956 -0.00601956 0.16383387
v -0.37830997 -0.32599515 -0.09182174
v -0.36883846 -0.04286192 -0.50377971
v 0.44115084 -0.24485406 0.25838989
v -0.66203606 0.04927929 -0.00460315
v 0.60279810 0.02552928 0.05193398
v -0.07046297 0.17309530 0.53601444
v 0.49684691 0.04951396 0.25249541
v -0.55515933 0.21898092 -0.00320506
v -0.06496648 -0.33242467 0.39334342
v 0.16694933 -0.37779915 0.13695213
v 0.56345153 0.01165695 -0.03412568
v -0.28366935 0.33515522 0.35036957
v -0.60277081 -0.05483300 0.05949694
v -0.73661399 0.13143200 0.04299399
v -0.52367157 0.31840706 0.03414407
v -0.03486125 -0.18157619 -0.61400843
v -0.31285891 -0.33164859 0.34287211
v -0.37523147 -0.30307060 -0.38909373
v -0.22347251 0.25373605 0.36121711
v -0.60753977 -0.17631203 0.04166022
v -0.67429829 0.03403973 -0.03763913
v -0.29093811 -0.32401794 0.33704939
v 0.63484120 0.05170028 0.01657727
v -0.37057590 -0.21496989 0.47907859
v 0.61685872 -0.01374190 0.01634547
v 0.33177522 -0.40146813 -0.05366869
v 0.56172740 -0.04354836 0.20023090
v -0.32841176 0.31737021 0.28821039
v -0.55280602 0.25451180 -0.04077086
v -0.46736488 0.19102007 -0.29115790
v 0.62906301 0.06628671 0.02868274
v -0.67132300 0.02464649 -0.05853245
v 0.53073215 0.09956672 0.04695797
v 0.77120268 0.10533127 0.01248549
v 0.01038404 0.31279394 0.35318175
v 0.60508579 0.03089608 0.05826179
v -0.56528652 -0.12045485 -0.23816757
v -0.41211259 0.26436558 -0.23680267
v -0.19837484 0.34230837 0.33333471
v 0.59349871 0.02155589 0.02727720
v -0.09541071 0.22475204 0.36510539
v -0.45061833 -0.13846502 -0.35604447
v -0.40194222 -0.04821325 -0.48966804
v -0.87155259 0.11695927 -0.04723190
v -0.70283484 0.15979810 0.04295415
v 0.31451216 -0.13777648 -0.45939136
v -0.53936720 -0.18946832 -0.09592192
v -0.35394895 0.20065309 -0.35331753
v -0.82469845 -0.04296918 -0.09102602
v 0.43217900 0.23027098 -0.13926743
v -0.43273270 0.21746364 -0.24332376
v 0.35651556 0.21201916 0.27899823
v -0.63417703 0.25886419 0.01807486
v -0.28840387 0.13864805 0.46032900
v -0.53890997 -0.21545759 0.11891916
v -0.61914754 0.18673401 -0.05440435
v -0.62101746 0.15122519 -0.11255521
v 0.12043642 0.33344200 0.32815018
v 0.22944362 -0.26176062 -0.36357605
v -0.42789933 0.09166496 -0.41600782
v -0.15968096 0.29422465 0.34058374
v 0.53670156 0.06439657 -0.05499984
v -0.25061837 -0.06714871 0.44651484
v -0.44088888 0.36079603 -0.09679376
v 0.56229997 -0.03003141 -0.13131431
v -0.48671401 0.18509550 -0.23183197
v 0.28541103 -0.18390086 -0.54877877
v 0.46687627 -0.15399240 0.28975135
v -0.29296649 0.24614555 -0.37747115
v -0.50208092 -0.19864053 0.18958910
v 0.18169919 0.23099291 0.47197729
v 0.01689853 -0.19823146 -0.65391231
v 0.55949903 -0.06838800 -0.06351312
v 0.57403463 -0.04772371 0.19430628
v 0.52634263 -0.09398581 0.03085998
v 0.13866547 0.31533569 -0.08005189
v 0.55276322 -0.06026882 0.09615116
v 0.50666922 -0.19120677 -0.20787941
v -0.62493038 0.21084264 -0.03662942
v 0.07295252 0.32087407 0.36159718
v 0.51755840 0.01117226 0.29504311
v -0.68169993 0.04333721 -0.01284510
v 0.39867479 -0.17759848 0.35283911
v 0.28931281 0.12689368 0.43631902
v 0.62630188 0.02977245 0.02857408
v 0.64182711 -0.02918540 0.01899508
v -0.56063545 0.11819808 -0.16139933
v 0.49406245 0.00129973 0.29405463
v 0.44818729 -0.18058214 0.26468384
v -0.29803473 0.34167972 0.27973926
v -0.81652427 -0.02252267 -0.01792974
v 0.35226247 -0.32688534 0.15419106
v 0.57283050 -0.05749246 -0.03053327
v -0.28429469 -0.33532876 -0.41406095
v -0.48797590 -0.10061561 0.26506490
v 0.69610649 0.09207395 0.10869089
v 0.59627914 -0.07308485 -0.00524557
v 0.68844265 0.14818910 0.02855971
v 0.58260196 -0.06242649 0.10331994
v -0.20885181 -0.20258781 -0.63345033
v -0.45890665 0.22118950 0.23031400
v -0.70203257 0.05727036 0.00967279
v 0.58880419 -0.04148544 0.09025022
v 0.43835908 0.20090668 0.20260185
v -0.64002001 0.13102618 -0.00495210
v -0.77766180 0.02190607 -0.06728421
v -0.34027228 -0.21304789 -0.47782850
v 0.79228348 0.18707725 -0.01129936
v 0.52087826 0.01208684 0.28907269
v 0.50236082 0.00492270 0.29134285
v -0.53886682 0.06555983 -0.30277210
v 0.54590327 0.06564136 0.05942507
v 0.30475155 -0.00432033 0.47378150
v 0.56968182 0.00904859 -0.00753330
v -0.69647026 -0.07397517 -0.05629860
v -0.53567713 -0.00730571 -0.31357324
v -0.12974781 0.14243294 0.44534329
v 0.75517786 0.18371277 0.00121661
v -0.80778950 -0.02983245 -0.09035274
v -0.58021784 0.03516566 -0.17332813
v -0.62399220 0.11405421 -0.10399646
v -0.42501935 0.33622926 0.08059266
v 0.55723810 -0.00612348 -0.07346213
v 0.50138599 0.07166325 0.24801658
v 0.19078268 -0.20933068 0.50433969
v 0.60255712 -0.03715485 0.04215620
v -0.61168844 0.09465216 -0.09719181
v -0.35897869 0.26568985 0.23737121
v 0.17007890 0.18802713 -0.47667721
v -0.50175858 -0.33567286 0.01879761
v 0.58629173 0.02945241 0.01234007
v -0.56622940 0.02068257 -0.22125736
v -0.74086225 -0.04293025 -0.03665520
v -0.44141188 0.05384216 -0.35003614
v -0.19327939 0.14975953 -0.52380961
v -0.34296018 -0.29163760 0.43767789
v -0.76534569 0.12971067 -0.02606956
v -0.17656414 -0.17059773 -0.55775625
v 0.60372913 0.02984759 0.02356540
v -0.28775203 0.23772074 0.38617620
v 0.51644808 0.07830071 0.05715089
v -0.31145599 0.33729714 0.26669389
v -0.42428279 0.27756920 0.16182394
v 0.61336464 -0.08821109 0.02323957
v 0.70626944 0.13232239 -0.00201993
v 0.57764333 -0.02081423 -0.05639413
v -0.31305933 0.11132339 0.43042731
v 0.58162594 0.01793453 0.00575143
v 0.43690005 -0.16093169 -0.33303410
v -0.49852866 -0.17545322 0.24109873
v -0.45920411 0.28138378 -0.06824519
v -0.50993139 -0.14915654 0.22495084
v 0.56986904 -0.05201817 -0.03487346
v -0.75162745 0.05137959 0.03006825
v 0.59305358 -0.00407043 0.00881307
v 0.62857521 0.04731876 -0.01025549
v -0.60257477 0.02495123 0.03613591
v -0.74871385 0.11576887 0.06272474
v -0.18195249 -0.33819479 -0.50192803
v -0.35544792 0.21449287 0.36771202
v 0.25966260 0.20202720 0.38225847
v -0.64421082 0.09874597 -0.07795706
v 0.67530221 0.09734613 0.02062300
v 0.63425612 0.06088453 0.01514693
v 0.26706126 -0.36007744 0.14646316
v -0.62340528 -0.02917223 0.03215304
v 0.33064267 0.00448252 0.36808830
v 0.41415620 -0.17723863 0.34627503
v 0.65737796 0.04534199 -0.00635183
v -0.27095562 0.24009424 0.43113485
v -0.59831560 -0.09994751 0.05377248
v 0.52964723 -0.06820111 -0.13130827
v -0.87813783 0.02811662 -0.06172439
v 0.46671346 -0.20725703 0.18057863
v -0.49465549 0.16255030 -0.11035798
v 0.41291896 0.05599905 0.35093546
v -0.55566734 -0.00458043 -0.24486831
v -0.14417428 -0.38860252 -0.40665704
v 0.35119298 0.26202914 0.32972223
v 0.25217426 -0.39149511 0.22962755
v -0.73100549 0.12893918 0.03844360
v 0.55991757 -0.11415289 -0.10008112
v 0.52295053 -0.12005511 0.23386614
v 0.58661878 -0.02478381 -0.02875160
v -0.07644444 0.06776412 -0.58008271
v -0.40532601 -0.15936941 -0.48343721
v -0.25541759 -0.29301727 -0.53217816
v 0.65250564 -0.02014945 0.00878983
v 0.68466485 0.13022056 -0.00427481
v 0.56316370 0.10872363 0.11727434
v -0.19147222 0.16418581 -0.50650167
v 0.48636639 -0.18958957 -0.27211678
v 0.54202235 -0.13804027 -0.25090563
v -0.61422890 0.06069425 0.06658119
v 0.59177995 -0.10375609 0.10942116
v -0.12395160 -0.14155479 0.60386306
v 0.27853954 0.25586712 -0.36193359
v 0.56701642 -0.06571393 0.00884133
v 0.40354156 0.03362701 0.40357730
v -0.02438046 0.17604890 0.50452989
v -0.23328656 -0.39922777 0.21028243
v 0.33305332 0.01839678 0.47183108
v 0.06605423 0.18918528 0.49378660
v -0.87920344 0.09327498 -0.07644516
v 0.45019579 0.16576210 0.29175407
v 0.37291667 0.15625976 0.13079390
v -0.16347837 -0.14477129 -0.62750989
v 0.44052041 -0.26318163 -0.25625336
v -0.52002734 -0.10771938 -0.36050588
v -0.54661685 -0.04478139 -0.24808921
v 0.56628472 -0.03305927 0.12174144
v -0.47321936 -0.30645376 0.16096386
v -0.57016671 -0.25346351 -0.23203290
v -0.31801391 0.13294949 0.40878388
v -0.29712358 -0.36597759 -0.47034726
v 0.64110774 -0.00821585 0.02273044
v 0.49576822 0.16471788 0.02524525
v 0.50466806 -0.13891464 0.22425756
v 0.38626400 0.14002535 0.38618091
v -0.63589329 0.09298077 -0.09556997
v -0.52323848 -0.30409443 0.09621274
v -0.54469240 -0.24223199 -0.18597718
v -0.41847566 0.25891417 -0.25667110
v 0.58690953 -0.04847201 0.14099613
v 0.41253868 0.16056481 -0.01706780
v 0.59151465 -0.00308039 0.02404916
v -0.39249873 0.37135440 -0.02515723
v 0.53157735 -0.14798242 -0.28177881
v -0.44862983 0.02716134 0.38368756
v 0.14066690 -0.27954721 0.47049323
v 0.48598474 -0.12708353 -0.28783426
v -0.57933342 0.10959341 -0.14008492
v -0.56865054 0.28612280 -0.04070466
v -0.57545912 0.25157097 -0.03128442
v 0.28893676 0.27870163 0.31464007
v -0.94657934 0.15383539 -0.06106219
v -0.52674818 0.27153671 -0.14228255
v -0.81831682 0.07841957 -0.06790944
v 0.44505948 0.16926607 0.30202860
v 0.42770600 0.05102319 0.27745718
v 0.52211535 -0.06338441 -0.21220468
v -0.81477374 0.08229020 -0.06493397
v 0.58111340 -0.03632384 -0.03738266
v -0.43939680 0.23518455 -0.24409492
v 0.48424369 -0.01776259 -0.27140263
v -0.21394643 0.13534945 0.52095151
v -0.08149216 0.17491496 -0.54510832
v 0.48265260 -0.17497911 -0.27471656
v 0.56216466 -0.00279133 0.06960031
v 0.59129339 -0.03115960 -0.00566335
v -0.46516138 -0.14472386 -0.40619969
v -0.38996926 0.10389131 0.39427549
v 0.55460346 -0.04276252 -0.00614628
v -0.16533969 0.12061781 -0.52969009
v 0.13875647 -0.41366369 0.12857282
v 0.38045740 -0.26038456 -0.35298949
v 0.34208143 -0.30267441 -0.06004328
v -0.09383747 0.28688875 0.47977686
v 0.25303242 0.08436377 0.48320639
v 0.57652372 0.07302046 0.17225042
v -0.24798699 -0.22302887 -0.55925560
v -0.41650534 -0.31784785 0.22164497
v 0.56869870 -0.08626959 0.15070763
v -0.51112849 -0.04440310 0.30662918
v -0.50971001 -0.14116502 0.27914757
v -0.67632037 -0.07270218 -0.06456170
v -0.05195479 -0.45623317 -0.23329255
v -0.43835714 -0.14367731 0.28816679
v 0.49780995 -0.16895033 -0.24352108
v 0.56082284 -0.04429325 0.20454869
v 0.25295278 -0.40102500 -0.30977678
v -0.98624611 -0.01715565 -0.05355490
v -0.56734788 0.06399134 0.09448116
v -0.42645454 0.26854241 0.22220111
v 0.48961747 -0.22664891 -0.16977987
v -0.09931267 -0.26723045 -0.57086724
v -0.67574590 0.22453371 0.02240203
v -0.54708266 0.25842249 0.11553386
v 0.52255666 0.04917774 0.04113653
v 0.61500847 -0.06770906 -0.13180894
v -0.62359810 -0.07837579 -0.14706439
v -0.33667368 0.33670062 -0.03121647
v -0.41063628 0.33500910 -0.06317872
v -0.25416079 0.02762895 -0.51134753
v 0.45645690 -0.13573463 0.28555676
v -0.62101895 -0.06447166 -0.12967134
v -0.41118285 -0.09001948 -0.50396359
v 0.44864506 0.09871109 0.30720136
v -0.35619479 -0.28662741 -0.47239792
v 0.38706324 0.19968289 0.31643233
v 0.49662963 -0.11377913 -0.21834613
v 0.42173743 -0.23159872 -0.25197861
v 0.36752093 0.24902613 0.35714188
v -0.55794704 0.10222073 -0.19760865
v -0.69682956 -0.12354124 -0.07437055
v 0.65910596 0.13266736 0.03430803
v 0.61338139 -0.09782089 -0.01807960
v -0.18829539 -0.24997924 0.51940989
v 0.39221489 -0.32600409 -0.23256651
v -0.27102911 -0.24372746 0.49551028
v -0.72494495 0.15919638 0.02631119
v -0.69097555 -0.03189521 -0.04313102
v -0.59006757 0.09857515 -0.14537600
v -0.41196340 0.20967048 -0.30778322
v -0.70766020 -0.07598730 -0.05227673
v 0.28914398 -0.37336922 -0.29286414
v 0.59882182 0.06997268 0.00605843
v -0.51060867 0.07250829 0.15852430
v -0.67574763 0.06913883 -0.01713508
v 0.70500839 0.09742127 0.05920926
v -0.22352904 0.36629519 0.19536550
v -0.18016782 0.37427714 0.19130874
v 0.71613753 0.21160299 0.01917936
v 0.40141520 -0.26620254 -0.37170741
v -0.48275602 -0.22623342 0.28436339
v -0.19757865 0.00344072 -0.53820890
v -0.34285438 0.20718451 -0.36641815
v 0.25940770 -0.39871874 0.21169746
v -0.51119590 0.06141750 -0.26097763
v 0.42558882 -0.04252998 -0.32819441
v 0.59046823 -0.04115075 -0.01599774
v -0.20639385 -0.21949227 -0.60628235
v 0.44914579 -0.22486369 0.23549333
v 0.56660819 -0.14179344 -0.00518400
v 0.36967063 -0.03797848 -0.43200755
v 0.63179469 0.05486235 0.02109217
v 0.43529606 0.11956883 0.30610776
v 0.28090078 -0.02284640 0.50922418
v -0.00980865 0.02488665 -0.60801017
v 0.70362300 0.18981351 -0.04796973
v 0.62401861 0.04347365 0.01472473
v 0.54520661 -0.10415521 0.06863913
v -0.57806295 0.24958582 0.07833000
v -0.42911088 -0.30972779 0.24738860
v -0.37707126 -0.31980270 -0.43697011
v 0.54275149 -0.14382535 -0.12083222
v -0.63523370 0.20311809 0.01104787
v -0.58754241 0.07820728 -0.13984030
v 0.63653046 -0.00690993 0.01708865
v -0.76686931 0.23868039 0.08025780
v 0.49918300 -0.06583424 0.22304334
v 0.57408792 0.06993963 0.07654585
v -0.60652006 0.16665462 0.05043477
v -0.50268108 -0.24213292 0.24889506
v -0.15096650 0.34655720 0.30726168
v -0.32657745 0.02762352 -0.46882242
v -0.53173804 -0.12436417 0.17803112
v -0.64258891 -0.00801137 -0.07016051
v -0.75097775 0.07255231 0.03813013
v 0.60974991 0.02010531 0.02037749
v 0.30104440 0.01766960 0.44508204
v 0.13923772 -0.37988418 0.31598940
v -0.54042321 0.20750666 -0.18070474
v -0.20623174 0.05155704 -0.55424666
v -0.05314628 0.27608535 0.40807691
v 0.51317275 -0.17494333 -0.11197439
v -0.50529563 0.07753783 -0.34122699
v 0.37049153 0.08164375 0.36671805
v -0.48277873 -0.21310906 -0.37786573
v -0.63899320 -0.14788964 -0.09738405
v 0.28056446 -0.38991973 -0.28486556
v -0.52966452 0.07731629 -0.24259454
v 0.67571020 0.04178175 0.04041617
v -0.61829144 0.00659365 -0.15157227
v 0.82147682 0.33566725 0.00321056
v 0.50053692 -0.08168253 0.26077098
v -0.27928194 0.33654776 0.30206037
v -0.22728053 -0.09579426 -0.59530151
v -0.29193678 0.04959257 -0.50706649
v 0.57980192 -0.02928772 -0.04804364
v -0.09353186 -0.40884459 -0.35612094
v -0.51179874 0.30460343 -0.14244100
v 0.05718068 -0.42963266 0.01613668
v 0.16013744 -0.28160822 -0.56767625
v 0.58056265 -0.06217299 -0.01784213
v 0.34826946 -0.21942052 0.43257174
v 0.55251837 0.04947427 0.23567668
v -0.70539379 0.03657621 0.00613338
v 0.63620859 -0.02501480 0.03555763
v -0.27246997 0.28035444 0.37264657
v -0.48192385 0.26583111 0.12109815
v 0.50048292 0.08190508 0.24690808
v -0.52976698 -0.14779240 0.19886063
v 0.43601057 0.08871159 -0.06187157
v 0.27229586 0.24162130 0.32378128
v -0.07206564 0.31117752 -0.40669671
v -0.43677121 0.08802602 -0.38393468
v 0.33862036 -0.36938578 -0.28914386
v 0.53773916 -0.00653039 0.27548671
v -0.04002825 -0.19320689 -0.61547315
v 0.15842333 0.39222586 0.15434016
v 0.60621428 -0.02915478 0.03379291
v 0.60858345 0.04179046 0.01789743
v -0.21053849 -0.27972639 -0.50759768
v -0.23697124 -0.34204572 0.33294427
v -0.44002426 0.09896019 0.34142107
v 0.58420938 -0.05492149 0.00426552
v 0.56225258 -0.06405982 0.19495630
v 0.54861349 0.03222853 0.10337643
v -0.33662802 0.34441936 0.17968880
v 0.46012133 -0.10326514 0.35296869
v 0.52189994 -0.08992582 0.06333472
v 0.46603966 -0.22489619 0.30335820
v 0.40214595 0.13168865 0.41416201
v -0.58645618 0.11528003 -0.10547079
v 0.66567057 0.05655235 0.00840232
v 0.65668583 0.00616970 0.04794990
v -0.57880270 0.22615188 -0.12550056
v 0.64034998 -0.00676903 0.02551650
v 0.63078803 -0.02175006 0.03212531
v -0.12402238 0.12123750 -0.55672228
v -0.63739574 -0.07189254 -0.08494417
v -0.40317822 -0.38884062 -0.00272477
v -0.56719220 0.19197084 -0.03252509
v 0.53295565 -0.14424819 -0.12768732
v -0.15279131 -0.35451290 0.36955875
v -0.59661531 -0.06459575 -0.21107513
v -0.49840838 0.26003295 -0.18628585
v -0.91151237 0.09485401 -0.07053857
v 0.07567014 0.10613674 -0.52986676
v -0.37707320 0.31649581 0.13051967
v -0.20466894 -0.21227288 -0.56657028
v -0.17810208 -0.23241928 -0.58740884
v 0.54101819 -0.12251642 0.12389806
v -0.21531433 0.30618626 0.32332999
v -0.17235078 -0.42606738 0.02580149
v 0.64658195 -0.03685063 -0.03797053
v 0.43818524 -0.26193666 -0.26453191
v 0.20215854 -0.26282883 0.47776449
v -0.41744882 -0.10160504 -0.49198103
v -0.75612307 -0.05374789 -0.20347175
v 0.33319530 0.19967578 0.38443723
v -0.26749894 0.18177475 -0.45900226
v 0.64924395 0.07027166 0.02209574
v 0.51134121 -0.13006094 0.26944256
v 0.67329562 0.08623698 -0.00773729
v -0.46672022 0.31985745 0.02010006
v 0.28192204 0.08694699 0.48297477
v 0.40106735 -0.23383260 -0.39353490
v -0.60239047 0.15509409 -0.11956263
v -0.40614599 0.27520853 -0.23487148
v -0.44166893 0.30545434 -0.06682653
v -0.27192205 0.33809856 0.17605677
v 0.46173447 0.16370516 0.32353866
v -0.59915411 0.20271637 -0.05214933
v 0.29574218 -0.01714889 0.48770297
v 0.48049068 0.01698892 -0.22351402
v -0.25716177 -0.36074424 0.31076679
v 0.55231136 0.03618686 -0.10613580
v -0.57606685 0.21593165 -0.01835111
v -0.22419021 0.15189508 -0.47711635
v -0.52229851 0.20119476 -0.20079884
v -0.17977616 0.14506584 -0.50987279
v 0.35699069 -0.05075905 0.45395592
v 0.63565862 0.01162169 0.03977528
v -0.09156995 0.16938028 -0.52141613
v -0.56327999 0.18405309 -0.00716402
v -0.62674159 -0.19278127 -0.10645343
v 0.26351282 0.12631293 0.46132651
v -0.18827282 0.20625672 -0.49963862
v -0.33150855 0.36367700 -0.01823433
v 0.60886908 -0.00507312 0.05426074
v -0.08434293 -0.03841151 -0.62382150
v 0.64943302 0.09418096 -0.04678002
v 0.62475395 0.00396728 0.01743939
v -0.46653408 0.20941469 0.28230172
v 0.38945457 -0.21948428 -0.36234659
v 0.22085042 0.05948047 0.50853467
v 0.58632559 0.03110709 0.01246453
v -0.32072756 -0.11173856 -0.54163700
v 0.37874818 -0.32959601 0.07507629
v -0.51430470 0.25942189 -0.16285565
v -0.48283213 0.17004764 -0.22143734
v 0.05601002 0.17350452 -0.50114459
v -0.25723445 -0.41650522 -0.37233704
v -0.15458666 -0.42374420 -0.21292636
v -0.31772646 0.16153413 -0.40702549
v 0.04989749 0.31897166 0.31663191
v 0.64818227 0.09712184 0.01185367
v 0.58980632 -0.05425819 0.00512975
v -0.14136392 -0.31944850 -0.47938532
v 0.40306211 -0.21994567 -0.39283904
v -0.21531057 0.36736411 0.17296879
v 0.37577051 -0.29386851 0.22671413
v 0.60215974 -0.09021722 -0.01605392
v -0.24049300 0.24211675 -0.40486336
v -0.56774551 0.22711128 0.07470919
v 0.65069556 -0.01565336 0.02558059
v 0.35431695 0.03000925 -0.37045908
v -0.44586957 0.29706430 -0.09407523
v 0.58045512 -0.17859876 -0.00088783
v -0.27134967 -0.21647838 0.54143649
v 0.61361152 0.02354132 -0.00274853
v -0.59260011 0.06117490 -0.15100807
v -0.27044973 0.26353696 0.38781133
v 0.50504535 0.04723080 -0.16398819
v 0.54166597 0.04865977 -0.10289074
v -0.82988167 0.08529033 -0.05287954
v -0.43816534 -0.10945450 0.34550780
v -0.45503354 0.26482093 0.16537581
v -0.34935465 0.32347634 0.26075673
v 0.51299053 -0.14409301 0.14035118
v -0.51154429 0.25729728 0.06131849
v -0.38758969 -0.07298256 -0.48752278
v 0.42298636 -0.20214151 -0.38649625
v 0.38958699 0.11670469 0.39921531
v 0.60175127 0.01764227 0.10816446
v 0.67897373 0.09191548 0.02052696
v -0.61657655 0.14676243 -0.12046531
v -0.26567101 -0.34366357 -0.46684578
v -0.28964293 0.32421216 0.34317946
v -0.64370060 0.24665768 -0.00495362
v 0.57904655 -0.11077152 -0.02991577
v -0.10235292 -0.31125599 -0.57548422
v 0.14434235 -0.37197986 0.34125683
v -0.10072228 0.01084830 0.57690299
v -0.49450821 0.08188101 -0.30784190
v -0.66516376 0.02280058 -0.04820305
v 0.38004136 0.28898865 0.23399243
v -0.24770693 0.29794794 0.26584905
v 0.60621178 -0.08546605 0.04032379
v -0.13115421 -0.40921935 0.14195938
v 0.54272246 -0.12302864 -0.08125791
v 0.65911901 0.06174238 0.03604831
v -0.24382547 0.04420464 -0.49483949
v -0.20624748 -0.05388926 -0.61523604
v -0.29757312 -0.40141815 0.07559144
v -0.19708511 0.01032609 0.56036592
v 0.65175050 0.05267207 0.00175484
v 0.28583583 0.23157385 0.34437078
v -0.54517758 0.00321531 -0.27242273
v 0.53911734 0.02183222 0.13833416
v 0.56337196 0.00287290 0.09286307
v -0.40415436 -0.24054964 -0.41365892
v -0.24645159 0.35746363 0.21401460
v 0.58187181 -0.06480754 0.13733459
v 0.03312030 0.20783891 0.49581063
v 0.66186047 -0.08925193 0.06619657
v 0.41230986 0.19271773 0.16976342
v -0.36043540 -0.26637056 0.25205407
v -0.38255030 0.24097121 0.25243461
v 0.10915401 -0.16738142 0.56372309
v 0.59897995 0.06750301 0.02096244
v 0.32728699 -0.29663280 0.35200128
v 0.50524294 -0.15585738 0.18304639
v -0.17535448 -0.26522046 0.49339825
v 0.64827061 0.13103542 -0.08956522
v 0.35792792 -0.09072818 0.38708672
v 0.28497699 -0.20699644 0.51248777
v -0.34101111 0.16009989 -0.43811494
v -0.69008678 0.20488527 0.00255737
v -0.21833266 0.15872747 -0.50853717
v 0.43391746 -0.33147457 0.07405575
v -0.11056487 -0.39118809 0.23435122
v 0.43641910 -0.18207999 -0.37218225
v -0.12609257 -0.23373213 -0.62387413
v 0.48719445 -0.05448626 0.37335885
v -0.87373358 0.11501420 -0.06094901
v 0.62945056 -0.02349301 0.05598885
v 0.58579129 -0.10881765 -0.05335552
v -0.30328038 0.34343100 0.25811130
v 0.57508856 0.10888230 0.02502157
v 0.60898429 0.04837499 0.01144066
v -0.50452381 -0.01677610 -0.33600366
v -0.59998429 0.07965682 -0.12049273
v 0.55853063 -0.03529090 -0.04467928
v -0.22410473 -0.27254760 0.48764598
v 0.70413053 0.14815170 -0.00162946
v -0.16897303 0.15860987 0.51830351
v -0.43081495 0.15597282 0.31845462
v 0.47505087 -0.13188006 -0.32836753
v 0.46691972 -0.29139823 -0.06225432
v -0.37112182 0.26402271 0.29597831
v 0.20686042 -0.23246261 0.50434697
v -0.23096451 -0.42352468 -0.35662225
v -0.66502327 0.17196420 0.01496583
v 0.58590114 -0.07082661 0.00853820
v -0.44084907 -0.14709455 0.35918683
v -0.16860440 0.27831590 0.46311855
v -0.23711810 0.25599277 -0.41496563
v 0.31494290 0.07286028 0.39678532
v -0.29505789 0.16406983 -0.47721007
v 0.59720635 -0.01360678 0.01281959
v 0.50057334 -0.25758803 0.19387592
v 0.23031938 -0.38744670 0.11580263
v 0.46950316 -0.10083769 0.30024251
v 0.61661720 0.01928483 0.01747530
v 0.27725559 -0.32941675 -0.35340041
v -0.74445391 0.01635609 0.02034700
v 0.63473940 -0.09506124 0.05817094
v -0.34576491 -0.29233208 0.32241610
v 0.27292868 0.24024394 0.43612310
v 0.18774521 -0.34657547 0.39436769
v 0.03375343 -0.12199207 -0.60560894
v -0.02023298 0.10377161 -0.58903170
v -0.43212023 -0.04024823 -0.44249469
v -0.62230694 0.17526002 -0.09071261
v -0.51319510 0.31456909 0.04880267
v 0.32244235 0.34200886 0.05745554
v -0.33997595 0.10259861 -0.44746009
v -0.37132925 -0.04136468 -0.52409613
v 0.39783004 -0.31932598 0.11195458
v -0.70566052 0.21997766 0.00655796
v -0.12517959 -0.34840521 -0.54216707
v 0.59926683 0.01121448 0.05565699
v 0.52701050 0.12645149 0.12519559
v -0.42081869 -0.22481129 0.35765412
v 0.23930977 -0.33579725 0.36603671
v 0.30733359 -0.37645859 -0.17209771
v -0.56041384 0.19382337 -0.12986825
v 0.61752164 -0.02682891 0.04388562
v -0.21727511 0.00583860 -0.52593577
v -0.00246130 -0.40044889 -0.42543617
v -0.48868385 -0.18673746 0.25305405
v 0.57159877 -0.02718819 0.01152676
v 0.54884350 -0.07400180 -0.09571350
v -0.14201897 0.05177189 0.51388389
v -0.48964065 0.14836830 -0.31378448
v -0.55686152 0.24320436 -0.07192384
v 0.16674116 -0.11801340 0.56223309
v -0.13068610 0.12712258 -0.55761236
v 0.49811879 -0.12455919 -0.31834418
v 0.61085600 -0.05761705 0.00692710
v -0.73379385 -0.05036923 -0.06262141
v -0.71819979 -0.00121160 -0.02539054
v 0.42267317 -0.22156867 0.33745167
v 0.57875723 -0.01855339 -0.01979809
v -0.16638836 -0.27188239 -0.56459558
v 0.46653014 -0.30079719 -0.02743913
v 0.52466416 0.05768703 0.23799516
v -0.21372843 0.19342999 0.49603221
v -0.43427020 -0.33868736 -0.00347506
v -0.38528430 -0.17533234 -0.50626177
v -0.26397079 0.33525205 0.36462024
v -0.18993032 0.25671503 0.43678343
v -0.17963132 -0.10871034 -0.61951745
v -0.50429404 -0.07082889 -0.33782056
v 0.56823945 -0.06488358 -0.02949402
v 0.68551314 0.07947768 -0.08136447
v 0.31232637 -0.30802283 -0.42463592
v 0.20913634 -0.41483009 -0.25837559
v -0.34411976 -0.30998474 0.32116958
v -0.36935183 0.31057572 0.16126120
v 0.60045314 -0.01248932 -0.00168866
v -0.57109553 -0.08834810 0.14330332
v -0.29087365 -0.11842030 0.56752455
v 0.33330494 0.00653299 0.42624062
v -0.52068818 -0.29206014 -0.21246715
v 0.60143369 -0.07755848 -0.02702352
v -0.60355663 0.11952838 -0.13358587
v -0.34813708 0.22685818 0.36630809
v -0.50023991 -0.30701303 0.12430758
v 0.59687483 -0.02116293 0.01658000
v 0.57718676 -0.02100423 0.00308265
v 0.71689212 0.17367420 0.01892731
v -0.40991074 -0.07112601 -0.40255359
v 0.29650414 0.27356765 0.32528883
v -0.41762370 -0.25667411 -0.43891773
v 0.62041450 0.06001727 0.04777594
v -0.16441444 -0.38308913 -0.43048564
v -0.20417038 -0.22039551 -0.57187462
v -0.38236487 -0.01400239 0.46622548
v 0.21831706 0.03566111 0.50879592
v -0.61761087 0.24926676 0.03730936
v -0.77516353 0.18527196 -0.00031757
v 0.00721094 -0.33788943 -0.56794536
v -0.16544007 -0.33612007 0.36812428
v -0.21113457 0.19005561 0.48893881
v -0.56942886 0.13932361 -0.06857437
v -0.56469369 0.13633141 -0.15529019
v -0.62700826 -0.01318800 -0.12796172
v 0.04207823 -0.25362167 -0.64086592
v 0.52827024 -0.14729817 0.09635913
v 0.54040563 -0.06037268 -0.10706879
v -0.22174256 -0.37803131 -0.43477440
v -0.28391621 -0.10573693 0.55246055
v 0.14860375 -0.14698726 -0.58949018
v -0.26653165 -0.31993929 -0.54878044
v -0.34004515 -0.23578447 -0.47236770
v -0.79600912 -0.02615096 -0.04433838
v 0.21797423 0.13103881 0.45586672
v 0.36072937 -0.34427947 0.06746195
v -0.05600762 0.31766880 0.34964982
v -0.44360116 -0.01787430 -0.41059864
v 0.57257909 -0.04749982 0.19210741
v -0.71380472 0.22396593 -0.02991024
v -0.76511717 -0.11249104 -0.06892040
v -0.33531123 -0.40757117 0.00129908
v -0.36333558 0.06813963 -0.45228153
v 0.53171051 -0.11724776 0.00798073
v 0.56147659 -0.04484035 -0.01310087
v -0.50565350 0.06851323 -0.30543602
v -0.14866659 -0.40968400 0.32889724
v -0.39528629 0.08063862 -0.44372237
v -0.12244557 0.28710356 0.39081171
v -0.49882278 0.27725211 0.02409685
v 0.49358934 -0.19870409 0.37691277
v 0.53703767 -0.12429695 0.08843466
v 0.74833769 0.16460538 0.01170960
v 0.05722320 -0.23711547 0.54278135
v 0.51010299 0.32751912 0.03764033
v -0.46795696 -0.27855217 -0.39437014
v -0.22066481 -0.14220341 -0.58397341
v 0.66630071 0.02969724 0.03807180
v -0.28105807 -0.02847107 -0.57685381
v 0.47181374 -0.08414181 0.35184288
v 0.65954024 0.07204734 0.03494506
v 0.48820853 0.03828097 0.29657674
v 0.43010703 0.13577074 0.33361644
v 0.22974999 -0.36456537 0.04951686
v 0.68256313 0.04354277 0.03230355
v 0.51515013 -0.13600938 0.22991832
v 0.62149674 -0.01899759 0.04023698
v 0.58697760 0.04496074 0.00018401
v 0.49902177 -0.09579898 0.26971662
v -0.71149260 0.01145811 0.00060484
v -0.60518754 -0.25365421 -0.23140106
v 0.49639308 -0.15883651 0.17972724
v -0.42476946 0.29627064 0.04831427
v 0.56194115 -0.03265057 -0.04392149
v -0.67143130 0.12379497 0.00373653
v -0.56861401 -0.06768420 -0.29053274
v -0.51671910 -0.11330539 -0.39964861
v -0.66214895 0.11999826 0.03828472
v 0.60905099 0.08039193 0.06851380
v 0.69767350 0.13929008 -0.00402114
v -0.53747314 0.26911074 0.08509532
v 0.35210758 -0.32943237 0.17614052
v -0.69539988 0.23007590 0.00259545
v 0.21933183 0.17593215 0.37109908
v 0.48520619 0.06585336 0.24687874
v -0.43705109 0.22132853 0.14984402
v -0.60417664 0.15780053 -0.08509982
v -0.26040840 0.28642532 0.31551689
v -0.18780822 0.29212198 0.41640610
v 0.67557395 0.05735818 0.01077129
v -0.20531049 -0.41538507 -0.29380819
v 0.86022449 0.29824424 0.02060546
v -0.52900314 0.11877970 -0.22548199
v 0.13323754 0.26249698 0.40851447
v -0.44978902 0.15023085 -0.31245065
v -0.17872849 0.30401915 0.43585745
v -0.72604525 0.03560566 -0.08555467
v 0.35143808 -0.42238927 0.03523929
v 0.34889802 0.22898787 -0.13309743
v -0.56604803 0.15353009 -0.08049960
v -0.63984883 0.05141807 -0.06904370
v 0.38202044 -0.26970154 0.29323944
v -0.62727243 -0.13091899 -0.06768711
v 0.06207176 -0.22280729 0.55196160
v -0.19686876 0.11035600 -0.53527373
v -0.22313052 -0.28808224 -0.56394523
v -0.27982205 0.09196821 -0.45111096
v -0.48438823 0.25103831 -0.11336595
v -0.41881645 -0.19711308 -0.40185210
v 0.03047942 -0.41159049 0.03236844
v 0.51515371 -0.20446067 0.08004146
v 0.63189900 -0.08655606 0.00234500
v 0.07583307 -0.03684819 0.60627162
v -0.77163184 0.05701941 -0.06679840
v 0.55047512 -0.10181386 -0.07329996
v 0.55928147 -0.02541643 -0.02886440
v -0.10130065 -0.31213725 -0.51397312
v 0.14057250 -0.35875806 0.38184842
v -0.56277776 -0.05669651 -0.30491617
v 0.18192424 -0.35195029 -0.46927914
v -0.36056983 -0.30428776 -0.41387525
v 0.31086436 -0.25688189 -0.48628455
v -0.57907504 -0.07200453 -0.23514460
v -0.31555620 -0.16157788 0.43878114
v 0.30185860 -0.39582092 0.23488012
v -0.75792235 0.18120113 -0.01665869
v 0.39653820 -0.26680341 -0.32873467
v -0.39991823 0.26225567 -0.25697666
v -0.21801372 -0.30402574 -0.50362206
v -0.66998166 0.00812332 -0.20002721
v -0.88660479 0.09369937 0.11176068
v 0.57587576 0.09900527 0.12641603
v -0.27074051 -0.33480743 0.33519885
v -0.50405353 -0.17074452 -0.31475163
v 0.04871051 -0.35478812 -0.53139651
v -0.27734029 -0.26491272 -0.54777300
v 0.57445526 -0.05714025 -0.00010316
v 0.44791228 -0.34045231 0.10683072
v 0.24769624 -0.14768463 0.54305214
v 0.41826779 0.03282537 0.32750770
v 0.57032001 0.16376546 -0.08575024
v 0.48860818 0.10358205 0.18850866
v -0.12707037 -0.33645743 0.40615302
v -0.43273792 0.31733543 -0.07119660
v 0.42399555 0.27999520 0.04358231
v -0.61233336 -0.05825330 0.02662580
v -0.65127093 0.09710068 -0.09379928
v -0.62568879 -0.15575661 -0.05613517
v -0.21312040 -0.14803693 -0.60092354
v 0.51511681 -0.22136775 0.10852520
v -0.29145703 -0.22759604 0.52873600
v 0.34452701 -0.06929107 0.41504082
v -0.28084359 -0.33783650 -0.47314954
v 0.30598229 0.21678449 0.40216506
v 0.24424544 -0.15140803 0.48335981
v -0.96747005 0.15317874 -0.06463318
v -0.30978739 -0.08026171 -0.54960722
v 0.29106647 -0.37015316 0.22633463
v 0.27671808 -0.36573514 -0.34460136
v -0.74870306 0.25457636 -0.03411784
v -0.54615700 0.00652117 -0.28501868
v 0.18715972 0.04621400 -0.54814065
v 0.30202046 -0.37286818 0.09755571
v -0.20864068 -0.36178946 0.34405130
v 0.24567971 0.02058555 0.51743948
v -0.07048482 -0.22169593 -0.63574755
v -0.73872322 0.12583570 0.04890645
v -0.19517757 0.00868626 0.53131098
v 0.07873232 -0.23681426 0.51934695
v -0.11769067 -0.01037469 -0.61022651
v 0.60428083 0.08961789 0.07271777
v 0.56521934 -0.05964976 -0.02608622
v 0.70124114 0.06085183 -0.04498101
v -0.20158188 0.32708269 -0.02087204
v 0.01651824 0.41075367 0.13207838
v 0.36268041 -0.29426491 0.22809570
v 0.36269167 0.27193552 0.18928197
v 0.59907210 0.00221423 -0.01950844
v 0.22911775 -0.37799594 0.22814420
v -0.52960438 -0.06907822 0.19962019
v 0.55264437 -0.24300095 -0.04364346
v -0.31072631 -0.38015160 -0.41019002
v 0.59720582 0.03228482 0.00338232
v 0.54433328 0.00213031 0.15902527
v -0.62182748 0.25387239 -0.09618832
v 0.28013626 0.16097581 0.44877571
v -0.67958093 -0.03048915 -0.01999381
v 0.07067846 0.33781189 -0.23013428
v -0.19323072 -0.01023567 -0.58651853
v 0.44869310 -0.19971961 0.27041087
v -0.21227518 0.29142791 0.37827364
v 0.13785765 0.09230576 0.52244347
v -0.56859410 -0.11502119 -0.20594026
v 0.06919307 0.38929987 0.21318713
v 0.00093941 -0.19318375 -0.58013922
v -0.14032635 0.09343693 0.54124808
v -0.47433674 0.23406677 -0.20105660
v -0.34781334 -0.29755855 0.38899535
v -0.53492546 -0.28653643 -0.25446174
v 0.57252061 -0.02932021 -0.00138079
v -0.23700680 0.18454117 -0.45372188
v -0.70915121 0.06955828 -0.03257537
v 0.59093601 -0.10030279 -0.00956269
v 0.17463320 -0.09738781 -0.54688925
v 0.59676188 -0.11752407 0.06256118
v 0.72717291 0.15587004 0.01213408
v -0.72319198 -0.08847381 -0.05366141
v -0.09624766 0.19846395 0.44173634
v -0.69699019 0.10218182 0.00939187
v -0.07112624 0.31514978 0.41743779
v 0.61239964 0.01477861 0.02208696
v 0.63818145 0.09738299 0.03695927
v 0.32521796 0.26912600 0.31703463
v -0.17721182 -0.11105336 0.59161788
v 0.58115929 -0.02063602 0.08791521
v -0.29695007 0.02802966 -0.47874516
v -0.20191054 -0.33521664 0.39650258
v -0.32034141 0.16654283 0.43962961
v -0.53688902 -0.20781383 -0.28201175
v -0.12792009 -0.43414167 0.18757993
v -0.08736982 0.18631698 0.49064463
v -0.53176337 -0.20043269 0.13831758
v -0.45468259 -0.24689162 0.36076996
v -0.45283836 0.12609957 -0.38630641
v -0.58557677 -0.24223307 -0.03488445
v -0.33235151 0.19952881 -0.37158930
v 0.19978485 -0.34089598 -0.48026803
v -0.69808590 -0.08943865 -0.03189243
v 0.75027150 -0.01595496 0.01173339
v -0.08718597 -0.28547958 -0.58992910
v -0.40204096 0.29819527 -0.08481757
v -0.04799610 -0.34785718 0.40322232
v 0.55366373 -0.03784987 -0.15116702
v -0.37985757 0.32870054 -0.02705759
v -0.44000089 0.26163387 0.16113347
v -0.31553623 0.20946556 0.42071795
v -0.23995580 -0.27407232 0.42203259
v -0.63980424 -0.11740726 -0.12348101
v -0.42436326 -0.11574166 -0.46781239
v -0.60146314 0.16198836 0.03788897
v 0.00242038 0.14235841 -0.53156459
v -0.73249435 0.06920339 0.03258237
v -0.01425158 0.25783685 0.43671867
v -0.36899972 0.04959096 -0.47986567
v 0.24826628 -0.36677933 0.28415322
v 0.56323630 0.04066270 -0.09591247
v -0.56208378 -0.12118228 -0.32179904
v 0.58305323 -0.09407314 -0.02570525
v -0.05051185 -0.21024336 -0.61216617
v -0.73084486 0.12206060 0.03764707
v -0.71849519 0.11785884 0.02870336
v -0.38663539 0.27752095 0.25951689
v -0.70348126 0.04668786 0.01996332
v 0.57217503 -0.07003293 0.17955267
v 0.59168088 -0.04939382 0.08435832
v -0.69662106 -0.01712363 -0.17527515
v -0.10064712 -0.27237791 -0.62763953
v -0.37292469 -0.20183006 -0.46838868
v 0.25558791 -0.32609004 -0.45385721
v 0.26195189 -0.23157257 0.49189165
v 0.61923027 0.02433103 -0.08959164
v -0.78225392 -0.11968863 -0.05005410
v -0.39991730 -0.33079261 -0.38508862
v -0.00873114 0.17202209 0.48985094
v -0.33140016 -0.27289414 0.45194679
v -0.00529293 0.01130497 -0.60094875
v -0.11239105 0.19547018 0.45678276
v -0.26346216 -0.41711441 -0.04982702
v 0.02876159 -0.40590388 0.32529390
v -0.26976779 -0.33582467 0.36921802
v -0.66445506 0.22941303 0.02972546
v -0.68746120 0.05872875 -0.05454320
v -0.53346539 0.21133003 -0.11601976
v -0.57984382 0.14441988 -0.17057502
v 0.39569139 -0.33225536 0.12525669
v -0.45531213 0.08868472 -0.38905567
v 0.56633139 0.07653289 0.04698464
v 0.63757795 0.06797983 0.00546023
v 0.41633308 -0.24932785 -0.27602082
v -0.47149777 -0.16001835 -0.37385976
v -0.48920715 0.09888673 -0.22385250
v 0.16831276 -0.28837141 -0.58400917
v 0.45607156 0.17576751 0.24045141
v 0.61918712 0.02728166 0.03636743
v 0.63012010 0.07375279 0.02587432
v -0.68979073 0.03975849 0.03727266
v -0.18119437 -0.06004589 0.58704442
v 0.20732448 -0.38252267 0.04504487
v -0.62551701 0.01189353 -0.07519707
v -0.08014257 -0.41969904 -0.10321227
v 0.54878771 -0.08134680 0.11300392
v 0.52825278 -0.15457770 -0.16183226
v 0.59072936 -0.05950075 0.09723729
v -0.36633196 0.07136178 0.41657346
v -0.54407698 0.10728928 -0.20800790
v 0.45131505 -0.21041971 0.21741478
v -0.41066179 -0.13356808 0.45734155
v -0.12182116 -0.29854771 -0.55309409
v 0.47213838 0.20657425 0.17136113
v 0.62316614 0.05008110 0.04257615
v -0.02191481 0.06325714 0.54473746
v -0.13961035 -0.43470010 -0.35793275
v -0.34779990 -0.01760466 -0.49457395
v 0.59763849 0.01129755 0.02325679
v 0.29616988 0.21212904 -0.25533053
v 0.56522721 -0.15406860 0.00014728
v 0.43530345 -0.16107711 -0.39262137
v 0.07612028 -0.35334945 0.40233457
v 0.52146482 -0.15304001 0.02260709
v 0.54275054 -0.22173122 0.02389307
v -0.78022456 0.04706024 -0.03154171
v -0.16359191 -0.28553879 -0.60976005
v -0.41407397 0.12289254 -0.40285030
v -0.62060654 0.22237384 0.01973435
v 0.58390498 -0.06898834 0.06972069
v 0.49223587 -0.13686650 -0.23923786
v 0.66230941 0.03002343 -0.07092021
v 0.44994742 0.12296020 0.25160101
v 0.51285535 -0.23011057 0.03304764
v -0.01886143 0.20880677 -0.51774907
v 0.52968609 -0.05276542 0.16463578
v -0.20345727 0.22480655 -0.50522834
v 0.56939238 0.04524534 0.14963314
v 0.41824222 -0.28092381 -0.29139140
v 0.50839490 -0.03961658 -0.15504593
v 0.41283038 -0.30738905 0.11584830
v 0.28826350 -0.34972936 0.26081231
v 0.28674993 0.14901397 0.44447532
v 0.56764776 -0.00324140 -0.01575036
v 0.09659413 -0.03900328 0.57401329
v -0.62091476 0.25260341 0.01911113
v -0.51225519 0.01806705 -0.30167225
v 0.57343054 -0.02255403 0.11222246
v -0.21789408 0.36278385 -0.25821555
v 0.52551091 -0.13340536 0.23976390
v 0.20293532 0.30860752 0.19448026
v -0.57678676 -0.15079369 -0.01456514
v 0.47028688 0.15700617 0.17466936
v 0.54033065 -0.16591616 -0.14007202
v -0.51016706 -0.08976290 0.31175941
v 0.50808942 -0.22843444 -0.04279333
v 0.61486554 0.07132961 -0.05337973
v -0.55034673 0.25337207 -0.10407537
v 0.66575783 0.07455368 -0.00639054
v -0.50464284 -0.20885167 0.06853180
v -0.56545937 0.16603690 -0.11601016
v 0.14314367 0.06066179 -0.55492806
v -0.31500214 0.21630022 -0.35366061
v 0.65250301 0.04252539 0.01570397
v -0.06425299 0.15301466 -0.55539846
v -0.25295684 -0.40861261 -0.28314644
v 0.67416137 0.07988663 0.03088827
v -0.22539485 -0.28562725 -0.54551023
v -0.52776301 -0.15924180 0.16221601
v -0.63032997 0.14077975 -0.03922176
v 0.53805327 0.11861411 0.20923460
v -0.15142994 -0.39496446 0.26610556
v -0.27321774 -0.00625427 -0.54243028
v -0.28979239 0.25916839 -0.18208082
v -0.15627868 -0.40092754 -0.38708466
v -0.48608077 -0.18343657 -0.33245507
v 0.60489601 0.10831086 0.07443692
v -0.58641165 -0.06114041 0.09473886
v 0.64093834 0.05069819 0.02172810
v -0.65871829 -0.17351922 -0.04136574
v 0.58185303 -0.10470581 0.07398123
v 0.54424340 0.05892507 -0.08090785
v 0.61789823 0.00737615 0.07557127
v 0.30385062 -0.35389137 0.07876279
v -0.45539913 0.27461401 0.16090216
v -0.15657724 0.37641239 0.13835168
v -0.31176376 -0.29683578 0.42516875
v 0.24191812 -0.40155250 -0.27629292
v -0.84961212 -0.02502223 -0.03033895
v 0.15456524 -0.20005606 0.53710693
v 0.63733077 0.05414440 0.05355878
v 0.51664066 -0.20603289 -0.11494815
v -0.57127088 0.20341223 -0.07515442
v 0.19094478 0.08599896 0.50652474
v 0.50870335 0.06589436 0.12041996
v -0.06674916 -0.42419654 -0.29625222
v 0.18173760 0.11293849 0.50686324
v -0.64070344 0.13851714 0.01540044
v -0.28290004 0.17382383 -0.47994983
v -0.32514191 -0.05640224 -0.52661556
v -0.34284288 0.30129832 -0.08309652
v -0.69100189 -0.14581713 -0.06717454
v 0.03680432 -0.15864730 0.58889079
v -0.54925889 -0.15749848 -0.27221262
v -0.62620479 0.14323160 -0.18201916
v 0.56451678 -0.02877397 0.19120967
v -0.63444424 0.00184736 -0.01147890
v -0.26368108 0.17965354 -0.48004109
v 0.55206943 0.00788529 0.22373471
v 0.38161820 -0.38173887 -0.11558453
v 0.66069585 0.07576960 0.03152595
v -0.54410845 -0.15934843 -0.28466448
v 0.33278972 0.04511595 0.43376124
v -0.27765331 0.19521588 -0.44830778
v 0.24596617 0.21412943 -0.39707261
v -0.56695664 0.11899202 -0.10800800
v 0.34370837 -0.01310207 -0.42625809
v -0.37424541 -0.07681612 0.50024575
v -0.20680121 0.26795512 -0.44462547
v 0.05905772 0.22420239 0.43472472
v 0.14933088 0.31458846 0.35337964
v -0.53042984 0.21692039 -0.02072245
v -0.64675033 0.22491041 0.04755868
v 0.52321553 -0.07106448 0.12393446
v 0.18565552 -0.11645278 0.54501987
v -0.36929080 -0.13065378 -0.54857969
v -0.65504622 0.05447436 -0.06335276
v -0.29588673 0.30674270 0.34902442
v 0.56078428 -0.06923361 0.19801018
v 0.34818625 0.01698098 -0.42012274
v -0.24541101 0.20924088 -0.43983552
v -0.07605613 -0.42306468 0.27047935
v 0.21811932 -0.34058982 0.38844717
v -0.41115013 0.02229475 0.31327838
v 0.54167879 -0.08055139 0.13409393
v -0.59957480 0.17033185 -0.13678074
v -0.30459589 0.31620237 0.31833795
v -0.83322239 0.21587470 -0.01919143
v 0.63392043 -0.01971642 0.03001922
v 0.47945884 0.07692853 0.27778441
v -0.31650743 -0.34850270 -0.38021040
v -0.82715786 0.08085454 0.07459408
v -0.57100427 -0.27168533 -0.26066983
v 0.46967465 -0.32677099 0.08551800
v -0.06062113 0.17391044 0.53414375
v 0.52955925 -0.08111054 -0.15810914
v -0.75330502 0.19715163 0.00284964
v 0.58206397 -0.05108633 -0.05701146
v 0.13367318 -0.33166611 -0.54315925
v -0.64264446 0.23489118 0.01998548
v 0.68214810 0.09795263 0.01084083
v -0.70482224 0.17471601 0.02535933
v 0.48125067 -0.17624611 0.23339806
v 0.30474535 -0.31091824 -0.01825264
v -0.29805028 -0.35658270 -0.41999504
v -0.37898856 -0.14365263 -0.49009895
v -0.47357947 0.13257241 -0.31445688
v 0.22394432 -0.12455256 0.54178286
v -0.85965133 0.08657217 -0.07775088
v -0.53779465 0.23123716 0.09729612
v 0.61796677 0.06881361 0.04677925
v -0.17776415 0.30859557 0.29221508
v 0.57490736 -0.12240209 -0.05867419
v -0.48072061 0.26520997 0.14631979
v 0.58904058 -0.05215877 0.08558270
v 0.46891260 -0.00845328 -0.27325773
v 0.75372821 0.18071179 0.01737304
v 0.10953657 0.17016530 -0.52982342
v 0.14171116 -0.39915872 0.18638054
v -0.44887963 0.19382656 -0.28977609
v -0.17595482 -0.27969110 -0.57276934
v 0.31601471 0.15045750 0.39455661
v -0.68305969 -0.12484348 -0.06705736
v 0.59276378 -0.02259327 0.04388456
v 0.06622147 -0.19174512 -0.56428683
v -0.67151880 -0.11770214 -0.04070103
v 0.58432263 -0.03188075 -0.04196638
v 0.49712801 0.02095006 0.08138150
v 0.54475296 -0.15987203 0.03170867
v -0.23897155 0.05722986 -0.50676441
v 0.29149869 0.27139667 0.35363668
v -0.50152969 0.17007294 -0.22415328
v -0.62153971 -0.11858959 0.09714690
v -0.27533549 -0.27864629 -0.49802646
v 0.38261691 0.28626198 0.30009693
v -0.48523617 -0.14255357 0.21374106
v -0.54339468 -0.02476775 0.18589461
v -0.45896477 -0.18730232 -0.38797855
v -0.48871672 -0.02930056 0.23769821
v 0.21514456 0.21765892 0.42874536
v 0.50814885 -0.04423597 0.26105529
v 0.29907686 -0.37929249 -0.32106435
v 0.63379365 -0.00473969 -0.03626169
v 0.57935739 -0.03277615 0.10219309
v -0.60793126 0.12149627 -0.10030478
v -0.27655965 -0.21954706 -0.50648302
v -0.65122646 -0.07736938 -0.01183763
v 0.54197872 -0.00177374 -0.05043325
v -0.06916852 0.05965327 0.57563889
v 0.10593865 -0.42018729 0.14912191
v 0.52575386 -0.16717760 -0.10770468
v -0.27408642 -0.24307427 -0.54492414
v -0.53520823 -0.00549902 0.17023757
v -0.28883460 -0.20246410 -0.53158498
v -0.16784218 -0.03829138 0.58716238
v -0.21257140 0.25147557 0.45937291
v -0.87673658 0.07350592 -0.05863847
v -0.21457490 -0.35471737 -0.46599138
v -0.63295144 0.02509410 -0.00944781
v 0.34960467 -0.37013957 -0.13295676
v 0.57435560 -0.05826003 0.09627008
v -0.31447190 0.34019318 0.21982859
v -0.60993022 -0.16542034 -0.10555650
v 0.47855261 -0.16862215 0.19643778
v 0.54074633 -0.04888886 -0.09944855
v 0.28405249 -0.07894313 -0.52816409
v -0.58761537 -0.01246125 -0.26200745
v 0.54532915 -0.08609019 0.15596272
v 0.62993532 0.03712390 0.03116007
v 0.13727626 0.31822169 0.39843899
v 0.68228346 0.09469576 -0.00989110
v 0.52173150 -0.17984653 0.20437069
v -0.57785273 -0.22358674 -0.16512415
v 0.40908271 -0.05266244 0.36668965
v 0.61605388 -0.20811041 0.08988877
v 0.50763500 -0.09188686 0.22492620
v -0.56587213 0.11932963 0.09635347
v 0.75499535 0.16053326 -0.01181219
v -0.11893284 -0.22500794 -0.65820527
v 0.58255225 0.03312325 0.06483383
v 0.65820897 -0.03504552 0.03480937
v -0.62658340 0.18086502 -0.09273130
v 0.59384149 0.05655662 0.00670548
v -0.69200575 0.01692797 -0.06467530
v 0.31277668 -0.14618787 0.44484589
v 0.22268970 -0.14593837 -0.58215910
v 0.60284334 -0.03455257 0.06000918
v -0.38688937 -0.26278758 0.34105301
v 0.32439113 -0.22666299 0.43815795
v -0.50479174 0.09294415 -0.29246280
v -0.12657170 0.21962193 0.51432467
v 0.19728602 -0.24935684 0.49454111
v -0.79119635 0.05611183 0.05245999
v -0.32747066 0.32452407 0.28785151
v -0.48121029 0.23327333 -0.24577090
v 0.69093889 0.06599980 0.01804727
v 0.36763909 -0.28059220 -0.42087889
v 0.02698754 0.01369536 -0.58688670
v -0.03147008 -0.06622109 -0.63199264
v -0.35729045 -0.36543104 -0.34998265
v 0.62562615 0.05998274 0.01708242
v -0.81792676 -0.04578538 -0.02048684
v 0.16586116 -0.43253386 -0.13932285
v 0.60867643 0.04284355 0.02223247
v -0.58620185 0.14209412 -0.15240413
v 0.44654119 -0.25607207 -0.27919942
v -0.06465296 -0.35089871 0.41052631
v 0.55344480 0.05900835 0.09329056
v -0.08141904 -0.04188279 -0.61619675
v -0.05253164 -0.14191243 -0.62025666
v -0.18802467 0.06134857 0.53658026
v -0.34098348 -0.35369703 -0.43839735
v 0.40908256 -0.25269449 -0.37958837
v 0.14703390 -0.23631494 0.50256717
v -0.23601738 0.01915554 -0.56477606
v -0.19582714 -0.30738103 0.40637344
v 0.62648362 -0.00761163 -0.00973310
v -0.13116893 -0.40201372 0.28402424
v -0.40956753 -0.23228374 0.38935488
v 0.60387206 -0.00970061 0.02398016
v 0.66751736 0.02617936 0.01747499
v 0.42643070 -0.01635125 -0.32635504
v -0.42419094 0.27527300 0.12121719
v 0.24624586 0.22445600 0.45572406
v 0.88085449 0.27144730 -0.02655440
v 0.38359630 0.07172764 0.37012410
v -0.81859517 -0.03702719 -0.06788461
v -0.22999194 0.26182443 0.36347282
v 0.30171859 -0.27131885 0.44079059
v 0.55539596 -0.24635343 0.00778090
v -0.21147114 0.11693761 -0.51624620
v 0.63992661 -0.02326954 0.02679567
v 0.39958102 0.12070878 0.40761530
v -0.51707464 0.16322067 -0.22706273
v 0.58371985 0.05767964 0.15404963
v -0.08667762 0.00493962 -0.58210540
v -0.17502420 0.18824518 -0.50149918
v 0.41507521 0.02219357 0.42803100
v -0.12134891 0.10969757 -0.56480598
v 0.27372119 -0.17508955 -0.53310043
v 0.48070747 0.04074042 -0.24213120
v -0.71647525 0.06657377 -0.04727075
v -0.61957282 0.16883534 -0.04735744
v -0.41524506 0.24550919 0.16667676
v 0.60127521 -0.04356189 -0.05153643
v -0.20193698 0.12634254 0.52552873
v -0.60806358 0.16879407 -0.05166560
v 0.29259950 0.15138906 0.45021302
v -0.00193129 0.21325140 0.48450986
v -0.62824804 0.13504528 -0.00049874
v -0.35826060 0.22093353 -0.35055161
v 0.11217546 -0.15287107 -0.53290862
v -0.69589746 -0.12588263 -0.04359733
v 0.57870764 0.01357771 0.07064198
v -0.46205455 0.24196692 -0.21796973
v 0.52960247 -0.17568600 0.12796108
v 0.44453567 0.24182841 0.02163281
v 0.37645718 -0.26331043 0.27279171
v -0.83575463 0.16156323 -0.00234294
v -0.46739295 -0.32183683 0.07419062
v 0.54243261 -0.03223877 0.14049952
v 0.40528056 -0.26426098 0.32689607
v 0.33445516 -0.27288178 0.38874745
v -0.57750630 -0.01131060 -0.23014830
v -0.54793233 -0.08244413 -0.28782889
v 0.05586088 -0.23210159 0.53528166
v -0.66685170 -0.20621967 -0.17234832
v -0.29893625 -0.18196540 -0.55888665
v 0.04686251 0.16385572 0.54177809
v -0.38305554 0.34583434 -0.04089615
v -0.15912995 -0.37685418 -0.48604381
v -0.45205939 -0.08298688 -0.44154951
v -0.29162791 -0.10046677 -0.54833615
v 0.12499380 -0.05333449 0.56699914
v -0.74211758 0.12437765 0.04064703
v 0.56436533 -0.03323594 -0.03588526
v 0.29372510 -0.26805508 0.45897350
v -0.03230531 -0.23717937 0.55732906
v -0.15651998 0.23463927 -0.45641115
v -0.62074351 0.08803345 -0.06297255
v -0.43623787 -0.26559550 0.32979798
v -0.47071981 -0.24064624 -0.33895946
v -0.63890314 -0.20503415 -0.05531967
v 0.31771109 0.06034171 0.46416125
v -0.57428908 0.22248249 0.07377170
v -0.19103724 0.15406509 0.49967217
v -0.48899722 0.28416467 0.12447912
v -0.19405317 0.32868645 0.31398454
v -0.07814795 -0.29989460 -0.62467003
v -0.30190438 -0.39467862 0.16924602
v -0.00895383 0.21952289 0.47172073
v -0.89758253 0.14990434 -0.03788219
v -0.53441662 0.10259500 0.15776134
v -0.22216824 -0.04184809 -0.63021880
v -0.44657415 -0.14962687 0.34761396
v 0.59322226 0.02934690 0.00851737
v -0.36379179 0.20861506 -0.34794661
v 0.68323326 0.12097321 0.01872253
v -0.44446623 0.04300882 0.36125377
v -0.41391915 0.17146322 -0.31126925
v 0.48119414 -0.04557268 0.35806096
v -0.61902690 -0.20617473 -0.15371802
v -0.22926480 -0.41883707 -0.25956351
v -0.13094124 0.32346401 0.29949012
v 0.39327419 0.02307857 0.20307419
v -0.42984879 -0.15356994 0.41764942
v 0.12461507 -0.12493996 -0.61378866
v 0.64187491 -0.00099070 0.03409779
v 0.57608306 -0.03473067 0.00280935
v -0.73235244 -0.03950450 -0.05522639
v -0.47989324 0.24692833 -0.21751639
v 0.12003710 -0.42042559 -0.00805946
v 0.31992793 -0.34228030 0.04356524
v 0.62049943 0.00628176 0.01170935
v -0.48520592 0.24445887 -0.03796422
v 0.45485270 -0.23252499 0.17595361
v 0.71097916 0.04680788 0.07491989
v 0.30607456 0.27504426 0.35864669
v -0.39825717 -0.34403914 0.28377762
v -0.41778561 0.31259972 0.11721258
v -0.60465097 0.11429391 -0.08944909
v -0.58000940 -0.07700419 -0.29447022
v -0.49638167 0.21163112 0.23974343
v -0.57340515 -0.05255394 -0.23425844
v -0.60612714 0.26280570 0.08916345
v -0.00557088 -0.00184364 -0.61513281
v -0.72103137 0.19069287 0.02310082
v -0.47573194 0.13179362 -0.32778308
v -0.38455671 -0.26285350 0.36644292
v -0.20436947 0.16161355 0.50805086
v -0.36876389 -0.25105077 -0.43221849
v 0.19898281 -0.40010768 0.15319724
v 0.30427563 0.25807640 0.26458451
v -0.07580244 -0.36531758 -0.51251215
v -0.44464135 -0.19854082 0.38796103
v -0.23766042 0.30840367 0.08995211
v -0.42236143 0.30902860 0.02570754
v 0.49608937 -0.24099302 -0.10320262
v -0.15469617 -0.16824602 0.59180731
v -0.40690657 -0.22977656 -0.41566911
v 0.37473676 -0.14390843 0.38428241
v -0.00318779 0.33879751 0.34621245
v -0.68109012 0.23634548 0.01846494
v 0.55016011 0.06444359 0.09755443
v -0.67507106 -0.04351797 -0.07048610
v 0.68260390 0.13713512 0.02719906
v 0.36835128 0.25294650 0.24401177
v 0.49227661 0.08677349 0.10858582
v -0.19488227 -0.23827952 -0.60612637
v 0.53479666 -0.16095363 -0.10252909
v 0.38883537 -0.30629399 -0.30436492
v -0.50678331 0.18966180 -0.17491227
v 0.33000386 0.24599443 0.25877616
v -0.71420640 0.27023464 0.05112699
v -0.38639012 -0.09842879 -0.47855639
v -0.45026553 -0.28128263 -0.41578043
v 0.58463657 0.03660984 0.00854576
v 0.18982966 -0.26885867 -0.58850670
v -0.41563493 -0.25177073 0.38417581
v 0.26923040 0.29139608 0.37870026
v -0.33431962 -0.26678792 -0.49080276
v 0.40498251 -0.18809502 -0.37752113
v 0.60224324 -0.00847340 0.05255991
v -0.24613747 -0.05494363 -0.54558879
v 0.58910120 -0.04874050 -0.11850182
v -0.40261728 0.25771403 -0.14155206
v 0.50541604 -0.31502461 -0.04000027
v 0.54206431 -0.14148000 -0.15421233
v 0.36285961 -0.30521241 0.23034838
v 0.61139989 0.04169334 0.02713235
v 0.55072641 -0.02719316 -0.04966550
v -0.75084352 0.16240630 0.05433851
v 0.56423473 -0.02748927 0.03388990
v -0.39236265 0.16737127 0.36151928
v -0.25217378 -0.30966038 -0.52563053
v 0.01692847 -0.41010171 -0.12872648
v -0.45276618 -0.07294889 -0.44406277
v -0.69562674 0.15513954 0.01984447
v -0.59323436 -0.11234713 0.13275750
v 0.50571769 -0.21679349 -0.20672318
v 0.43732476 0.19587274 -0.14860341
v 0.49801460 -0.25148165 -0.05967381
v 0.51658368 0.14574462 0.07135625
v 0.51067156 0.09679192 0.01500474
v -0.25585335 0.25300869 -0.34349352
v -0.61504132 0.19591036 -0.03725481
v -0.41546592 -0.21716544 -0.48982096
v 0.32363448 0.17944700 0.39199066
v -0.25003228 0.11728292 -0.49670053
v -0.77001166 -0.04780968 -0.08827533
v 0.39123690 -0.28023779 0.21176681
v -0.47183138 0.24714330 -0.12954420
v -0.50354409 -0.00218906 -0.36314455
v -0.66097182 0.11812238 -0.05304208
v 0.58723849 0.06160046 0.04003611
v -0.60546106 0.07910999 -0.13126048
v 0.66823077 0.07079913 0.02828565
v -0.06082768 0.18073353 0.50694686
v -0.71461791 0.14498799 0.02932751
v 0.26924461 -0.16557857 -0.56916797
v 0.14984190 -0.25940824 0.51135767
v -0.31079572 -0.27535391 -0.49938798
v 0.59525722 -0.02336155 0.09946424
v -0.27935246 0.34481761 0.32918090
v 0.59841383 -0.02151129 0.07603064
v -0.51492810 0.17571957 -0.18237442
v 0.25625604 0.05403996 0.49904484
v -0.49126896 -0.20615561 0.25681752
v 0.08517868 0.30584943 0.39507270
v 0.22097516 -0.34200031 0.37510484
v -0.54167378 0.28642538 -0.13712609
v 0.61312699 -0.02757056 0.06862754
v -0.58836901 0.25857416 0.09360442
v 0.16140597 -0.10053062 -0.59733695
v -0.58757669 -0.09342525 -0.17059818
v -0.09247204 -0.41848248 -0.30674291
v -0.83806860 0.05066736 -0.07091802
v 0.11931710 -0.26089945 -0.59083349
v 0.58274651 -0.06158591 -0.03840250
v -0.57146168 -0.11075225 -0.25594670
v -0.85920268 0.25105393 -0.02899322
v -0.43418694 0.13181365 -0.34448451
v -0.42633170 -0.19867697 0.39634869
v 0.53435081 0.15446629 0.12122475
v 0.51403439 0.09908593 0.18133433
v 0.27550063 -0.04890131 -0.52739388
v 0.58299732 0.02402460 -0.08427201
v -0.46731621 -0.13127653 -0.41115707
v 0.55978835 -0.01819444 -0.01336228
v 0.05924258 -0.15631483 -0.61026740
v -0.76902628 0.23366049 -0.01696501
v 0.17346534 -0.38077492 -0.43555737
v 0.59656894 -0.08346950 0.00995949
v 0.55218655 -0.06326270 -0.08472894
v 0.35074735 -0.29161242 0.33458522
v -0.66170537 -0.13322386 -0.08401107
v -0.21281883 0.20395443 -0.49561644
v 0.31605500 -0.31556132 -0.15719897
v 0.60273862 0.09904265 0.02464937
v 0.40099841 -0.30436301 0.15988469
v -0.27568427 0.18479207 -0.42990044
v -0.52889991 0.03707070 0.15365854
v -0.41646752 0.18818112 -0.38643420
v 0.19970967 0.28746861 0.37585914
v -0.56300128 0.00741237 -0.17423481
v -0.33646485 -0.00229257 0.47531727
v 0.61135131 -0.06448548 0.03854643
v 0.47946721 -0.10098784 -0.26666513
v -0.31421715 -0.04852623 0.49829677
v -0.23614119 0.22659963 0.45011914
v 0.60832369 -0.04426835 0.10629877
v 0.36629939 -0.32100675 -0.02244233
v 0.68130887 0.06313454 -0.06177198
v -0.36186698 0.16101547 -0.38128591
v 0.49220085 -0.22371754 -0.17596379
v -0.78215837 0.08828809 0.08156356
v 0.06750275 -0.34569275 0.38413653
v 0.36054763 0.00373687 0.37189806
v -0.08686628 -0.22645509 -0.56830692
v 0.48755291 -0.12300223 -0.29746559
v 0.50304514 0.19657838 -0.02036206
v -0.60939038 0.04431367 -0.12104283
v 0.65671122 0.00183602 0.03119420
v -0.23652542 -0.24252634 0.50546551
v -0.59974366 0.03850358 -0.17159539
v 0.60652661 0.09325667 0.04275690
v -0.24763745 -0.32863146 -0.48378849
v -0.00378876 -0.09399936 -0.59930366
v 0.59865963 -0.05062547 -0.02114701
v -0.16889289 0.00278870 -0.61097395
v 0.47044152 -0.29382259 0.16341020
v 0.80825198 0.23743331 0.04303389
v 0.23903066 0.35259098 -0.02204655
v 0.58522928 -0.05026893 -0.02530866
v -0.23524085 -0.31665081 -0.47603059
v -0.15185797 0.32561874 0.41284236
v -0.17013299 -0.20400259 0.57447189
v -0.64043325 0.01335909 -0.07468584
v 0.61408389 -0.03169525 0.04786184
v -0.47996148 0.24362490 0.17046294
v 0.10920791 -0.41343534 0.08685559
v -0.45303223 -0.09255791 0.35611284
v 0.52418113 -0.23185819 0.17828304
v -0.41754034 -0.14261502 0.44272414
v -0.23094277 0.22065631 -0.48371059
v -0.36500782 -0.27451682 -0.47828561
v 0.52120078 -0.09703249 0.21046773
v -0.18575570 0.08513582 -0.56119823
v -0.43482721 0.28300631 0.00400853
v -0.05276622 -0.41634113 -0.10540527
v -0.41835690 0.21367370 -0.26460317
v -0.22684857 -0.30055681 -0.54262853
v 0.59601861 0.10045498 0.06565918
v 0.04985743 0.18210353 0.50329053
v -0.72223181 0.00551761 0.01209486
v 0.36026761 0.03989106 -0.38952050
v 0.29899678 -0.28836018 -0.46944076
v -0.62949091 -0.19310087 0.05087321
v 0.56337208 -0.03435389 0.15057039
v -0.18089834 -0.37855300 -0.46273050
v -0.35349017 0.15699027 -0.37833595
v 0.64006305 -0.06936204 0.05876752
v -0.56267983 0.23780619 -0.10648602
v -0.43287230 0.07453443 -0.39084846
v 0.60443020 -0.00463738 0.08485365
v -0.29808527 0.34617636 0.11808313
v 0.42921209 -0.29404590 0.08177547
v -0.19025365 -0.35722256 -0.46728179
v 0.56348217 0.07512793 0.00308551
v -0.76011860 -0.01449995 -0.05047128
v 0.33360267 0.00686654 0.42172995
v -0.30026516 -0.11032484 -0.54090339
v -0.68612200 0.01491986 -0.15150818
v -0.19566581 -0.24459314 0.53037697
v 0.27726153 -0.18218002 0.53241646
v -0.69947958 -0.02060154 -0.02612814
v -0.29685092 0.36390519 0.21074598
v -0.15636827 -0.30405459 -0.55275393
v -0.43198279 -0.23999687 -0.41837767
v -0.14065158 -0.24669474 -0.60809404
v -0.51340139 0.05925258 -0.28490633
v 0.52363849 -0.12692496 0.16290055
v -0.61216986 0.13274892 -0.01610175
v -0.17630534 0.00697536 0.55664784
v -0.39023462 -0.05679932 -0.49842709
v -0.59438157 0.15432248 -0.12645230
v 0.60424107 -0.03980824 0.01509999
v -0.13749622 0.30565897 0.35285673
v -0.72321957 -0.05366300 -0.06791106
v 0.62967426 0.06308556 -0.01090197
v -0.26888603 0.09131870 -0.51133442
v -0.40210810 -0.06587359 0.45418537
v -0.28335318 -0.19514836 -0.59646022
v 0.57338899 0.02190718 -0.00259821
v -0.51662058 0.11850971 -0.20289645
v 0.49863508 -0.28857687 0.09861164
v -0.02632890 0.25607151 0.47609758
v -0.25561535 0.33942881 0.27921158
v 0.36526626 -0.10694385 0.41471151
v -0.68908608 -0.12986910 -0.04500367
v -0.60833120 -0.02625814 -0.15185598
v -0.45578796 -0.23142579 0.32509959
v -0.39071715 0.09699697 -0.39336637
v 0.58399212 -0.07589614 0.14545006
v 0.17695856 -0.33626819 0.33675641
v -0.32707787 0.13489231 0.28907174
v 0.59246999 0.05998695 0.14845961
v 0.47143480 0.07424237 0.25318837
v 0.53367794 -0.07146832 0.14789322
v -0.35130486 0.27468124 -0.02024135
v -0.81976110 0.00176190 -0.08520937
v 0.62531751 0.04317006 0.00307010
v 0.44370744 -0.28015620 0.14104730
v -0.00936611 0.07063376 0.56810033
v -0.18418434 -0.14829016 -0.65711492
v 0.66025174 0.01860629 0.03101645
v -0.43716872 0.09127584 0.33978999
v 0.48368156 0.13100708 0.12790051
v 0.65642440 0.11092937 0.01865903
v -0.62797755 0.06969015 -0.19413157
v -0.73138154 -0.02096761 -0.04174228
v 0.19968359 0.08409150 0.48185319
v 0.24468592 -0.33324486 0.37346005
v 0.34870619 -0.27211848 0.35235855
v -0.58276331 0.23822017 0.10234140
v -0.57693040 -0.04773626 -0.19626828
v 0.60462034 0.08187319 0.07109584
v -0.03516449 0.29815435 0.34264946
v -0.56664610 -0.00238816 -0.20477255
v 0.52977276 0.00442386 0.23537815
v -0.49929348 0.20166695 -0.17576320
v -0.03123796 -0.41118386 -0.19126384
v 0.27061093 -0.34889078 0.34274358
v -0.26327705 0.09614988 -0.47854078
v -0.54575419 -0.09601435 0.20374890
v -0.20610762 -0.42175299 0.11122718
v 0.53102916 -0.15125528 -0.03225605
v -0.34390020 -0.16870685 -0.53157246
v 0.19347361 -0.33909750 0.39760670
v -0.47264144 -0.02405427 -0.39407152
v -0.58073729 0.08035334 -0.22785623
v 0.19939245 0.12961043 -0.50630182
v -0.57746542 0.13354084 -0.14377362
v 0.56824160 0.01301359 0.02990151
v -0.48508108 0.16823520 -0.24095422
v 0.56951261 -0.09847798 -0.05327276
v 0.54256403 -0.15241443 -0.11065164
v -0.11941913 -0.31289178 0.45008987
v 0.26023826 -0.38118643 -0.34869570
v -0.52717793 0.12068266 0.24031721
v 0.65967375 0.02265404 0.04656421
v -0.77817726 -0.05519532 -0.00204434
v 0.38493747 -0.21525328 0.39771432
v 0.10302526 0.03320841 -0.58307654
v -0.25513273 -0.17648815 -0.54907870
v -0.32833716 -0.35860723 -0.39245525
v 0.71640074 0.18751323 -0.00695058
v 0.66283947 0.07492811 -0.00483034
v 0.57612455 -0.10273281 -0.04626917
v -0.11370295 -0.39340466 0.32902142
v 0.15892409 0.20264022 0.48986113
v 0.56623358 -0.03658034 0.10838905
v 0.20023409 -0.38745350 0.21565977
v 0.35065153 -0.26646593 0.31783393
v 0.34805438 -0.28676593 0.24480812
v 0.23665550 0.13904789 -0.46656629
v -0.46772507 0.23912568 -0.23003435
v 0.57861233 0.00760095 0.07230178
v -0.03168151 0.34317482 0.15048869
v 0.48504454 0.17805059 0.24393891
v -0.23250642 -0.29193163 -0.52723342
v 0.60113573 -0.01025397 0.05282648
v -0.60462940 -0.02864429 -0.19163661
v 0.15667439 0.31578425 0.34142128
v -0.58182710 -0.01222765 0.11001593
v -0.15096116 -0.36922961 -0.43576485
v 0.47273985 0.12693858 0.22918427
v -0.37335089 0.05264891 -0.44757086
v -0.33097842 -0.17138471 -0.54656613
v -0.60498869 -0.19282073 -0.11767444
v -0.61801004 0.15548806 -0.04802284
v 0.01017629 -0.11578360 0.60501057
v -0.01110896 0.35921454 0.14167696
v -0.25038165 -0.31367338 -0.52155042
v 0.21224570 -0.32830790 0.39920741
v -0.36394513 -0.32365096 -0.43230009
v -0.72631288 0.05458236 0.03036970
v -0.30067062 0.36604291 0.05511242
v -0.35375932 -0.24937232 0.39386317
v 0.35780424 0.30034050 0.11663204
v -0.32191834 -0.24398831 -0.52990228
v 0.35084727 -0.00144994 0.42675799
v -0.74875641 0.21665767 -0.03603891
v 0.57437915 -0.11660524 0.16952328
v 0.47510570 -0.10731806 0.28262624
v 0.58304560 -0.03415540 0.05512515
v -0.46851635 -0.01303943 0.28904605
v -0.28853256 -0.24479829 -0.56778270
v 0.63702095 0.03714585 0.01360145
v -0.57350510 -0.06599109 -0.30209148
v 0.39959329 -0.22767386 -0.38114360
v -0.27691790 0.14660887 0.46272767
v 0.54848605 -0.10746481 0.10341760
v 0.57611203 -0.00577602 0.18473285
v 0.58143473 -0.02074062 0.09132266
v -0.40864587 0.26353437 0.21180482
v -0.60218269 -0.07040770 -0.15242133
v 0.27239260 -0.37024957 0.13275647
v 0.20124480 -0.33462250 -0.48637402
v 0.04542368 -0.07812835 -0.61758459
v -0.75215650 0.05602048 0.04527786
v -0.66019678 0.18008934 0.00696912
v -0.60154957 0.11017090 0.05307364
v -0.41127777 -0.33850041 -0.22893254
v -0.47255760 0.16418076 -0.24586359
v 0.10592087 0.23969975 0.42191216
v 0.17869559 -0.25186008 0.52288377
v -0.71614701 -0.03747022 -0.01776975
v -0.20509052 0.17394376 -0.47031236
v 0.28251678 -0.34185401 -0.39037761
v -0.44782043 -0.16608928 -0.43435353
v 0.30941951 -0.35741961 0.10865334
v -0.35068652 0.09759574 -0.44179857
v 0.68100578 -0.00306053 0.04906723
v 0.65516877 0.08442390 0.09093442
v 0.52199864 -0.29432574 0.02292991
v 0.61246490 0.00057684 0.05520168
v 0.52593398 -0.06881355 -0.18327688
v -0.43876588 0.23233242 0.19274953
v -0.96953714 0.08119736 -0.09604537
v 0.13308464 0.28726193 0.37884834
v 0.08970775 0.24353462 0.45247170
v 0.35489148 0.31587645 0.13308626
v -0.09474485 -0.39584059 -0.37801820
v -0.68130100 -0.00212482 -0.06028891
v 0.62250894 0.27343214 -0.08102336
v -0.50322884 0.28031403 0.12656663
v -0.50166196 0.32549584 -0.12599719
v 0.54475075 -0.05722233 0.12877385
v 0.09567939 0.31766185 0.34843224
v -0.61352932 0.16687810 -0.02124250
v 0.10810457 -0.11929779 -0.55537271
v 0.05909663 -0.42614564 -0.15552190
v -0.19100922 0.20166843 -0.47551891
v 0.61040348 0.01485398 0.03107826
v -0.27618280 0.28868005 0.40338990
v -0.44932204 -0.27924997 0.28731954
v -0.45336315 -0.16108219 0.33783743
v 0.45753223 -0.25784022 0.29132026
v -0.27996534 -0.31599277 -0.47487873
v -0.02212887 -0.29473886 -0.54400194
v -0.21045037 0.36283043 0.19884583
v -0.50599682 -0.14151214 0.19971070
v 0.59299946 0.01952322 0.01294522
v 0.38898203 -0.09569250 -0.42129582
v -0.10662127 0.08580493 0.53020245
v 0.17307901 -0.40364000 0.21034296
v -0.21712488 0.14404058 -0.50050873
v 0.41005209 0.23484422 0.13656399
v -0.21908607 0.02441450 -0.55456567
v -0.51188415 -0.03545013 0.28898579
v -0.19514215 -0.32625556 0.35488611
v -0.05760080 -0.22885832 0.53675336
v 0.61724907 0.02946508 0.03344257
v -0.59722298 -0.01103529 0.08614784
v -0.28514871 0.20473340 0.45902669
v -0.72944367 -0.03649756 -0.03150645
v -0.72273564 -0.09828559 -0.05377666
v -0.46135578 -0.23498429 0.32569242
v 0.48724166 0.13756865 0.16219616
v -0.49287549 0.23943290 0.16192442
v -0.70572257 0.13254909 0.02402174
v -0.39973694 -0.22268616 -0.43112594
v 0.64425945 0.00166365 0.02079621
v -0.54427582 0.22565994 -0.01534098
v -0.10998614 -0.27552539 -0.59740669
v -0.36752602 -0.39403918 -0.21344751
v -0.28691885 0.33111981 -0.00389138
v -0.25678799 -0.24483743 -0.57267845
v -0.12911601 -0.26850367 0.52388072
v 0.30334249 -0.27404886 -0.47199744
v -0.35739088 0.18235928 -0.44109604
v -0.59719998 0.22783366 0.09433244
v 0.63632184 -0.03300745 0.02809188
v -0.67860484 -0.04787515 -0.08871172
v -0.06025353 -0.29837435 0.48834789
v -0.61093360 -0.01855620 -0.14146587
v -0.40055642 -0.20756103 -0.45806631
v 0.38625956 -0.12157264 -0.36961466
v -0.04229122 0.15359253 -0.55519271
v 0.62514794 0.01198930 0.00148160
v -0.22834121 0.27082044 -0.40718091
v -0.03966356 0.32628343 0.27997094
v 0.04069359 -0.42628738 -0.28013414
v -0.30715394 0.23842493 -0.40892768
v 0.26603490 -0.27759820 -0.53110433
v -0.32458955 0.15654656 -0.44683459
v 0.61392814 0.02703158 0.00104547
v 0.55089885 0.12698792 0.11948968
v 0.39094758 -0.09551488 0.44050610
v 0.55728692 -0.05140107 0.11639799
v -0.23651214 0.38324279 -0.13567793
v -0.30994037 0.10950736 -0.47826719
v -0.39386198 0.01650047 -0.46301186
v -0.32427511 0.19812667 -0.38682985
v -0.01114394 0.37142205 0.22964263
v 0.53794211 0.10643572 0.22027242
v 0.50413394 0.07123853 0.21928944
v 0.11506359 -0.35683191 -0.50270760
v -0.17414215 0.08906582 -0.57760227
v 0.33028448 0.18770459 0.40042698
v -0.47273549 0.28880858 0.08133829
v 0.34123823 0.05670172 0.43704343
v 0.82718736 0.22601131 -0.02030948
v 0.44615647 0.18136531 0.23853815
v 0.31412616 0.11925235 -0.40145814
v 0.40818009 -0.30554277 -0.17335764
v -0.70360744 0.01022725 -0.01929790
v -0.32614246 -0.37692618 -0.41604885
v 0.54669011 -0.05139937 -0.15011847
v 0.44315010 0.25340509 0.08581641
v -0.68873322 0.00524948 -0.03548574
v 0.38985831 -0.13735929 -0.41723663
v 0.36236247 -0.29236871 0.38900700
v -0.50383216 0.08226073 -0.28959268
v -0.48266715 -0.21696098 -0.35869622
v 0.62376839 0.07353455 -0.00034116
v -0.73090565 -0.03547931 -0.07010567
v -0.68325168 0.10502342 0.00685331
v -0.32965851 -0.41619572 -0.23430225
v 0.51354873 -0.20256647 -0.20845757
v -0.54063970 -0.27437958 0.11041627
v 0.48346108 -0.02249888 -0.22857183
v -0.46527353 -0.28026721 0.23681548
v -0.66735131 0.19242156 -0.01194376
v -0.82793629 -0.01383399 -0.09027021
v 0.55688065 0.03836498 0.18042928
v -0.16804594 0.23462743 0.32449096
v 0.58638155 -0.00021333 -0.06004658
v 0.46530685 -0.07936909 0.33864436
v 0.58826542 -0.04139477 0.10420552
v 0.30358645 -0.31918636 -0.40680176
v 0.49650472 0.10960659 0.10967387
v -0.60769606 0.19459122 -0.02613670
v 0.22292429 -0.34950656 0.32172549
v 0.59388828 -0.08162682 0.09751356
v 0.47501266 -0.27187729 0.00010765
v 0.52586597 0.00266003 0.27516806
v -0.49677014 0.07590286 -0.29422379
v -0.63482767 -0.21323046 -0.02509467
v -0.58063388 0.26076257 0.10771446
v 0.50474256 -0.15801567 0.01665607
v -0.80920100 0.13064620 -0.03884815
v -0.38618636 -0.13561425 -0.50434875
v -0.39422500 0.02416095 -0.44679648
v -0.16669244 0.11984126 0.52364969
v -0.80958968 -0.05654523 -0.10414417
v 0.30614528 -0.00399557 0.45704302
v -0.23949942 -0.07442011 -0.54839396
v 0.20054811 0.03545962 0.56591862
v 0.42395383 0.16843176 -0.02884486
v 0.50132740 -0.18867747 -0.15082709
v -0.17486875 -0.25537860 0.47034711
v -0.33299819 -0.32143730 -0.40897220
v -0.74684215 0.03866114 -0.05284768
v 0.11288936 -0.43519166 -0.05730343
v -0.50435555 -0.12058669 0.23572074
v 0.52472472 -0.04792267 0.23310891
v 0.31442252 0.15386666 0.30809730
v -0.54246420 -0.14792633 0.28287566
v -0.38584816 -0.06025300 0.36975813
v 0.16281460 0.30776793 0.35047311
v -0.32096002 0.03662852 -0.49131417
v -0.55631334 -0.28021353 -0.12055377
v 0.48471397 -0.19842802 -0.25600830
v -0.15169486 -0.12622786 -0.60996109
v -0.33404279 -0.17051350 -0.54074442
v 0.46858358 -0.07700082 0.35652936
v -0.29969278 0.31256291 0.24497640
v 0.54176700 0.03441600 0.05653046
v -0.76080203 0.17700893 -0.02132509
v 0.02620442 -0.30934075 0.46447518
v -0.68184304 -0.10786231 -0.08474965
v 0.38527074 0.11509189 0.15112625
v 0.63556802 0.07764544 0.03416544
v -0.26200816 -0.11604965 0.57661551
v -0.56549466 0.17914261 -0.06800383
v -0.55148858 0.06997679 -0.20755205
v 0.04831892 0.22256006 0.46731690
v -0.80403161 -0.13466701 -0.05485814
v -0.05474580 0.23457184 0.43219700
v 0.46708560 0.03770554 0.32747972
v 0.43776807 -0.09898910 0.38691330
v 0.38813570 -0.32846737 -0.02966055
v 0.58201855 -0.05613682 0.10596319
v 0.41525748 0.27100497 0.11053216
v 0.26643246 0.28405005 0.38564813
v -0.34835780 -0.30959025 -0.45199704
v -0.69641435 -0.10745515 -0.12856373
v -0.54984623 -0.15122874 0.13379842
v -0.65622747 0.06653262 -0.03972930
v 0.44922099 -0.24226908 0.20197478
v -0.21153072 -0.12006338 0.44592780
v -0.54520190 -0.25481564 -0.01510644
v -0.36526519 -0.16463339 -0.55181646
v 0.59092921 -0.03354087 0.02457614
v -0.54843879 0.05850967 -0.25953108
v 0.60048968 0.03797352 0.09659761
v 0.40636978 0.03258432 0.25898668
v -0.34593660 0.31493375 0.19509110
v -0.48617446 0.11568654 -0.26757124
v 0.30529079 -0.38465005 -0.10575044
v 0.52938187 -0.14544350 0.00277103
v -0.73787206 -0.00726688 -0.07279740
v -0.53560334 -0.13175577 0.20886454
v 0.54725611 0.13060272 0.18303329
v -0.10062812 -0.41185594 0.20089962
v 0.58736867 -0.06887643 0.11413038
v 0.58339959 -0.03274069 -0.02353789
v -0.54507160 0.21758252 -0.07711867
v -0.14969814 -0.41091496 0.15238905
v 0.55798560 -0.03503534 0.19836485
v -0.27945337 -0.12596200 0.56065881
v -0.63342500 0.03838724 -0.08255371
v -0.79155660 0.01002755 -0.05367271
v 0.55892998 -0.08242325 -0.05753710
v 0.54411834 -0.24169007 -0.05246336
v 0.48273832 0.06681479 0.32650274
v 0.66355801 0.02937615 0.04837926
v -0.52070087 0.15890726 -0.14192536
v 0.41128314 0.20901513 0.16841018
v 0.45491070 -0.05176026 0.38084558
v -0.53826910 0.09179664 -0.16092993
v -0.57189727 0.13169783 -0.16195774
v -0.56509387 0.16981608 -0.12582226
v 0.39231250 -0.29527032 -0.33926645
v -0.45504338 0.10136013 0.29947990
v -0.17690285 -0.03961412 -0.60020012
v 0.21695720 0.17452647 0.48230663
v -0.26968768 0.30214968 -0.32685435
v 0.61167389 0.03911690 0.01626381
v -0.49238092 -0.26724112 -0.34872490
v -0.40659663 0.31527025 -0.03255147
v -0.27083540 -0.31848544 0.40207610
v 0.52493036 -0.15611821 0.13281536
v 0.49755010 0.13654885 0.29623270
v -0.59273171 0.05588363 -0.18478996
v -0.27809492 -0.43617225 0.07963441
v 0.29152560 -0.19296595 0.48524839
v 0.33438179 -0.30352378 -0.19184929
v 0.00763374 -0.40131378 -0.39962870
v -0.27591902 -0.14664221 -0.59113073
v -0.28920567 0.35768798 0.22334515
v -0.19588366 -0.40214175 -0.27254778
v -0.04171573 0.26470992 0.33447793
v 0.44153440 -0.20447226 -0.26435131
v 0.29479820 -0.36551958 -0.19707751
v -0.29987779 0.29715452 0.30996174
v 0.56889641 0.02330003 -0.11109369
v -0.60703892 -0.12157386 -0.20427248
v -0.04322127 -0.28383574 -0.64797330
v 0.56815940 -0.06274761 -0.04636252
v 0.46115077 0.03186668 0.29571593
v 0.43479702 -0.23690847 -0.33645982
v -0.34655043 0.18055090 -0.39241076
v -0.64175928 0.09448782 -0.08304244
v -0.69856155 -0.08901686 -0.03294861
v -0.50417107 -0.10813801 -0.40734637
v 0.55113888 0.10182987 -0.09411426
v -0.27152857 -0.10261823 0.56275344
v -0.21715468 0.29753256 0.42312118
v -0.58495760 -0.18283236 -0.09250661
v 0.44497591 -0.23329803 0.38512266
v -0.72793579 0.11381936 0.03576186
v 0.54565513 -0.12893239 0.12485306
v -0.38819295 -0.04110365 0.32589179
v 0.38881043 -0.12508897 -0.45411763
v -0.53644055 0.27985924 -0.06483298
v 0.74589694 0.19145229 0.01812577
v -0.60694909 0.06923269 -0.12056190
v -0.19642182 -0.34038487 -0.47115260
v -0.42880839 0.05284924 -0.38496539
v -0.19996500 -0.01718785 -0.61024928
v 0.24662003 -0.00604734 -0.53497154
v -0.32981971 -0.27616030 -0.50620490
v 0.26445043 0.12900934 0.48759028
v 0.35441580 -0.34649467 0.06217019
v -0.32791591 0.19923624 -0.37414020
v 0.59700674 -0.00150047 -0.01481399
v -0.41922092 0.20604819 -0.28335604
v -0.57797694 -0.16277868 -0.26433894
v -0.74141645 0.12455140 0.05169126
v -0.53758085 -0.26555058 -0.27388534
v 0.27330792 -0.39036113 -0.01676941
v 0.06792183 0.24706054 0.45175809
v -0.50590611 0.09726440 -0.26333287
v 0.58337373 0.09299345 -0.07569776
v -0.34605390 0.25800610 -0.30286649
v 0.63197458 -0.04977574 0.02084072
v -0.61829782 -0.03846668 0.05425394
v 0.61181837 -0.09472691 0.05056542
v -0.59892046 0.07153836 -0.05332930
v -0.51240033 -0.09201927 -0.31323597
v 0.19331698 0.28009817 0.42915377

