# https://github.com/mikedh/trimesh
v 0.47346514 -0.20661357 -0.12913835
v -0.24910128 -0.01670596 -0.49659684
v 0.66630042 0.08631116 -0.00506783
v -0.51778585 -0.14694008 0.03470264
v 0.37657201 -0.29535177 -0.17249170
v -0.02777672 -0.26305914 -0.47571915
v -0.00821453 -0.20580195 -0.49525642
v -0.35781732 0.15439445 0.37276146
v 0.50201488 -0.14110619 -0.07040387
v 0.13140678 -0.30463368 -0.36578444
v 0.09507734 -0.36090207 -0.30912635
v 0.47071004 -0.21513483 -0.19614048
v -0.15793066 0.04090971 0.50009871
v 0.27545822 0.18215601 -0.35906190
v 0.05397633 -0.22308236 0.59243387
v 0.45624650 -0.18800195 -0.11186603
v -0.18380937 0.36917335 -0.01014629
v -0.58103949 0.23643476 -0.04103201
v -0.39863592 -0.20448263 0.34409791
v 0.49533266 -0.08043624 -0.06365094
v -0.07620139 0.40254748 0.01830380
v -0.59033591 0.25656930 -0.01346418
v 0.47288758 -0.19859412 -0.09787416
v -0.09777439 -0.25767425 0.51577401
v 0.55067217 -0.04518016 -0.00882588
v 0.07758000 -0.09047483 0.58999878
v 0.21565035 -0.26642263 -0.23848537
v 0.54250306 -0.15709579 -0.09489548
v -0.05405039 -0.07508364 0.56680131
v 0.08223462 -0.03679982 -0.54855275
v 0.18529806 -0.32087499 0.22917613
v 0.16631627 -0.30394518 -0.32212606
v -0.03797849 0.33676088 -0.26122472
v 0.55070877 -0.05936561 -0.16243836
v -0.19364299 0.31350690 -0.12430701
v 0.32119739 -0.25042349 -0.26740164
v -0.16523856 -0.30780157 0.49130732
v -0.51532638 0.24967402 -0.05129033
v 0.44897968 -0.19036800 -0.18566748
v 0.36767906 -0.30559492 0.13601762
v -0.14581692 0.36405995 -0.20621827
v 0.17706949 0.28066164 -0.28562564
v 0.23737437 -0.25117660 -0.34225598
v 0.55219024 -0.13979027 -0.05469677
v 0.60718369 0.05835765 0.03792158
v 0.40688038 -0.21247444 -0.28147829
v 0.65424782 0.08937788 -0.02172875
v 0.58457768 0.01273470 0.06010562
v -0.19382355 0.02333713 -0.55712283
v -0.12631294 -0.24751189 0.51611459
v 0.52649987 -0.15193203 -0.15565866
v -0.57485920 -0.10405686 -0.02723876
v -0.66126782 0.12257669 0.06950220
v -0.05372077 0.38958660 -0.01245268
v 0.40037990 -0.28184733 -0.20816541
v 0.42667830 -0.27103993 -0.16839302
v 0.39910507 -0.23444904 -0.29758120
v 0.03423351 0.09346452 -0.50251073
v 0.30001920 -0.24065499 -0.19274105
v 0.07935630 -0.14187640 0.50144321
v 0.44490170 -0.17621310 -0.08853018
v -0.32344556 -0.23543292 -0.30618948
v 0.57214528 -0.02952945 0.01745816
v 0.01835176 0.12953477 -0.52288771
v -0.32260558 0.31285709 -0.05500699
v 0.59491134 0.02904753 0.02308100
v 0.02352595 -0.32964230 0.53787589
v 0.57935429 0.04418318 0.00780961
v 0.36587188 -0.30741364 0.19612384
v 0.26883000 -0.15282071 -0.50999033
v 0.70950466 0.11116224 0.05048440
v 0.18463564 0.13574512 -0.47527060
v 0.18771470 -0.24837086 -0.40525731
v -0.27385265 0.33266485 0.11931928
v -0.38222706 0.17967853 -0.39428550
v 0.04810259 0.10326627 -0.51714730
v 0.27199841 -0.26727363 -0.20791471
v -0.48170301 0.25645593 0.01498252
v 0.51893592 -0.17697999 0.14487442
v 0.57171249 -0.04293167 -0.04046038
v -0.18427938 -0.32694829 0.28600436
v 0.08884796 -0.26344717 -0.34253576
v 0.58694768 -0.02037811 -0.06627260
v 0.54231167 -0.10482594 -0.04816455
v 0.44447005 -0.23774302 0.14856678
v 0.57590377 0.01288341 -0.00955185
v 0.18965423 -0.34016567 0.45884079
v 0.23950133 -0.35133246 0.43413526
v 0.52416462 -0.16342735 -0.14168185
v 0.36015835 -0.26592526 -0.27893636
v 0.57832265 -0.10591792 0.05548644
v 0.56740683 0.02471456 0.04543680
v 0.11319375 -0.25275028 -0.39407548
v -0.37071449 -0.22053780 0.33655357
v 0.52057296 -0.18536848 0.20808703
v 0.58662999 -0.14147826 0.04989778
v 0.53498405 -0.17784232 0.15180010
v 0.58016664 0.04132026 0.05849683
v 0.55011994 -0.12100220 -0.13504168
v 0.45198625 -0.18004234 -0.07586557
v 0.34505245 -0.30836537 0.41349363
v -0.07826207 -0.20268470 0.53571457
v 0.41329867 -0.29052401 0.21910703
v 0.38232136 -0.14257665 -0.22136691
v -0.53587079 0.26809949 -0.00714378
v 0.37779626 0.24955632 -0.04587479
v 0.52916765 -0.10366797 -0.01795161
v 0.06827176 -0.37192291 0.46017313
v 0.66041654 0.10674712 0.01662189
v 0.03008035 0.13523920 -0.51549298
v -0.61314845 0.07245491 0.06007109
v -0.45186955 0.17656574 0.20797071
v 0.43707719 -0.24519867 -0.20877096
v 0.14832872 -0.19904816 0.39439747
v -0.11677890 0.15222049 0.44127154
v -0.12125797 -0.22140406 0.54852289
v 0.60985339 0.03373234 -0.00656177
v 0.56803954 -0.12709376 -0.02669254
v 0.40158868 -0.28209478 0.18343371
v 0.48598039 -0.16034198 -0.12459061
v 0.62425113 0.02573091 0.02723129
v 0.59885955 -0.09386562 0.06477046
v 0.03828011 -0.29469916 -0.33644941
v 0.60858047 0.02266680 -0.01978070
v -0.05941418 -0.19865325 0.59982383
v 0.21557017 -0.33670548 0.21321774
v 0.57309300 -0.16842040 0.09869832
v 0.31434923 0.00039361 -0.41347641
v -0.01982194 0.15647125 -0.47949475
v 0.13654494 -0.11729628 -0.53289527
v 0.35397986 -0.29680437 -0.19932562
v 0.09695867 -0.34927329 0.47479621
v 0.58296961 -0.11007170 0.05260152
v 0.20308824 0.11362445 -0.48738816
v 0.37939614 -0.24720010 -0.12000453
v 0.60418469 0.02463324 0.03501108
v -0.21451291 -0.30880934 0.08444691
v 0.28848889 -0.29100275 -0.14263587
v 0.27101633 -0.12162013 -0.40262824
v 0.22070712 -0.23527202 -0.32388943
v -0.11966862 -0.23985118 0.48944390
v 0.62725872 0.04318556 0.02288513
v 0.51183176 -0.13345470 -0.06964490
v -0.17483312 -0.31456286 0.47770131
v 0.62233305 0.03688516 0.02500629
v -0.48966402 -0.06111982 0.27753806
v 0.12194455 -0.15750980 0.58963192
v -0.15779935 -0.22562754 0.58211184
v -0.32039306 0.02658644 -0.47818160
v 0.25831151 -0.08066377 -0.49797681
v 0.15935615 0.29479158 -0.33732882
v 0.27804500 -0.34733349 0.45077097
v -0.45449084 -0.23510192 0.19807696
v -0.02569258 0.30919719 -0.31783721
v 0.39050275 -0.28793192 -0.13653630
v 0.60487115 0.00635466 -0.00879741
v -0.20417434 0.36469227 0.00439887
v 0.51880479 -0.05613489 -0.06249601
v 0.76668179 0.16584292 0.05562297
v 0.00364521 0.30281132 -0.36390513
v -0.04790488 -0.13192475 -0.53528416
v 0.55528975 -0.14838170 -0.08002540
v -0.59215283 0.15400243 -0.12220346
v 0.66902477 0.09937653 -0.01952231
v 0.05584669 -0.28971165 -0.41857323
v 0.47668731 -0.16364831 -0.22838789
v -0.45332044 0.07790462 0.23851998
v 0.66940236 0.06508011 0.02427506
v 0.11298460 -0.13922741 -0.52437818
v -0.39392111 0.29000401 -0.28004044
v -0.19139963 -0.14684150 -0.50329119
v -0.15681395 0.30825695 -0.27670777
v 0.65901703 0.06860134 0.01146764
v -0.49621817 -0.10660321 0.02494386
v -0.18702999 -0.07656400 0.56813431
v 0.27187660 -0.25993183 -0.22802532
v 0.54037523 -0.08012260 -0.02398919
v 0.23727137 -0.17996186 0.46657243
v 0.66405749 0.04649314 -0.01835069
v 0.59952140 -0.01887518 0.02152777
v 0.27486640 -0.35253182 0.16965985
v -0.24347007 0.28086740 -0.32357016
v -0.09469775 -0.27720764 0.35908529
v 0.24839029 -0.38796955 0.41343674
v -0.27112943 -0.33560151 -0.16339386
v 0.16671044 -0.36975887 0.47207683
v 0.56291556 -0.12778516 0.11554688
v 0.22762534 0.33181337 0.20424482
v 0.53279066 -0.15596487 0.08554059
v 0.00515604 -0.31832293 0.52037930
v 0.41953725 -0.27139798 -0.19248387
v 0.32145786 0.12414271 -0.39135322
v 0.35418099 -0.29962552 -0.18737963
v -0.25017950 0.25843132 -0.36348337
v -0.18147439 0.12706704 0.43296468
v 0.61514390 0.07679792 0.01165441
v 0.57679605 -0.10902925 0.08038276
v 0.47081399 -0.10822175 0.20897970
v -0.33410460 0.11421113 0.33356583
v 0.61109638 -0.03983796 -0.08363834
v 0.52738345 -0.07780301 -0.05637920
v 0.63637334 0.08802288 0.03724295
v 0.23754132 0.06052576 0.45051745
v 0.50735712 -0.12432794 -0.03475243
v 0.52747720 -0.14400309 -0.06959093
v -0.17023160 -0.09646147 -0.53837585
v 0.16077432 -0.37883741 0.48462528
v 0.09489799 -0.38830107 -0.25914431
v -0.08114427 -0.33575416 0.33578259
v 0.30267966 -0.31260547 0.18970636
v 0.03131634 -0.03333804 -0.55671626
v 0.65327138 0.11113861 0.03799418
v 0.53787851 -0.14571752 -0.08500305
v -0.28937456 0.31248906 -0.20381860
v 0.46321747 -0.14443621 -0.24025771
v 0.64540476 0.03771520 -0.00941685
v 0.62426966 0.06716403 0.04225397
v -0.20579678 -0.23836127 0.47957486
v 0.18518549 -0.10429350 -0.51100683
v 0.42813957 -0.27583030 0.14612803
v 0.13884667 0.20187578 -0.43721637
v -0.62658179 0.08373681 -0.07373831
v 0.36498672 -0.11242081 -0.24764210
v -0.35913169 0.31812477 0.04339670
v 0.57261652 -0.02399772 -0.02427630
v 0.44467878 0.03095759 -0.34387180
v 0.47511974 -0.15201978 -0.10298207
v -0.02820772 -0.13527919 0.59024382
v 0.59976971 0.06835902 0.00765195
v 0.67725438 0.06914669 -0.00581703
v -0.10303269 -0.12916723 -0.49479783
v 0.37827319 -0.26178968 -0.13325894
v -0.03606042 -0.22077879 -0.40508813
v 0.29290336 0.27403301 -0.23810157
v 0.09150402 -0.21884128 -0.37825149
v 0.38174844 -0.30635160 0.20787123
v 0.66368073 0.14746675 0.06154016
v 0.44361049 -0.24438198 0.22797191
v 0.10631571 -0.30746132 0.26184905
v 0.14779896 -0.27739045 -0.34589243
v 0.28919485 -0.36795637 0.45656693
v 0.56223822 0.00411513 0.08487719
v -0.23182641 -0.18730691 -0.46794856
v 0.06120363 -0.24324882 0.58599067
v 0.52552539 -0.12540279 -0.09094799
v 0.51168734 -0.15452766 -0.13043407
v 0.31741309 -0.32174864 0.45900118
v 0.31638786 -0.26843780 -0.02151489
v 0.57447684 0.05175359 -0.01832807
v 0.13699093 -0.07521689 -0.53074688
v -0.07806413 -0.17090636 -0.48759139
v -0.21822214 -0.30627662 0.09429747
v 0.63329953 0.07409266 0.05131769
v -0.22781999 -0.30161914 0.28920645
v -0.50853783 0.21606833 -0.12833214
v 0.54487234 0.01327234 -0.10493828
v 0.04425155 -0.29482624 0.54641354
v 0.35685468 0.25536293 -0.06671201
v -0.02075519 -0.24942978 -0.40281150
v 0.42161819 -0.24396095 -0.19011252
v 0.64549327 0.04711771 -0.02690393
v 0.50203860 -0.17207837 -0.08886355
v -0.28366408 0.33042192 -0.01446712
v 0.35743567 -0.27722698 -0.14106804
v 0.64538246 0.11736420 0.01664615
v 0.14718601 0.16017595 -0.46618631
v -0.00810987 0.08877333 -0.53297520
v 0.65064722 0.10443513 0.02792376
v -0.48269632 -0.23563218 -0.07453211
v -0.26643193 0.06349693 -0.50292110
v 0.66296160 0.09450236 0.03325745
v -0.53837717 0.26777101 -0.03987426
v 0.10225339 -0.34838641 0.20157883
v 0.59462816 0.01703386 -0.00288394
v -0.07199046 -0.04723845 -0.56603563
v -0.20071322 -0.29764196 0.27392894
v 0.04467037 -0.25841054 -0.34769920
v 0.48703229 -0.12095925 -0.08541030
v -0.31485841 -0.27124125 -0.37375122
v 0.57813513 -0.10226312 0.04030377
v -0.15681893 0.34371305 -0.14101443
v 0.33996072 -0.32232815 0.41180527
v -0.40547243 -0.14959304 0.31636307
v -0.04532997 -0.20029208 -0.55347943
v 0.47876054 -0.22181371 0.16747791
v 0.33451074 -0.31337696 -0.22753176
v 0.25299054 -0.21760011 -0.45336908
v 0.15076524 -0.28366634 -0.39267156
v 0.06678747 -0.33764032 0.54515487
v 0.45231625 -0.26147053 -0.08982053
v 0.11796834 -0.19351864 0.47595358
v -0.65973753 0.22104895 -0.01125917
v 0.13574606 -0.25693074 -0.30780721
v 0.50315851 -0.20166975 0.23635489
v 0.47418040 -0.08928408 -0.01245975
v 0.15548345 -0.36338031 0.49462518
v -0.36448264 0.32373145 0.06227320
v -0.03412676 0.03805605 -0.52856159
v -0.21517171 -0.25898236 0.44268534
v -0.50396580 -0.29406780 -0.01821482
v 0.40665442 -0.27745587 -0.07028663
v 0.44790655 -0.08612153 -0.19618401
v -0.31120709 0.21886823 0.34469455
v -0.49467131 0.07143349 0.23427413
v 0.39309537 -0.26250011 -0.27121669
v 0.10587519 -0.26960233 -0.50445843
v 0.45454633 -0.23861392 0.15923107
v -0.45962849 -0.19647461 -0.04042906
v 0.58131629 -0.07177113 -0.06256369
v -0.14303245 -0.19452907 -0.51468986
v 0.14931893 -0.26249707 -0.42875469
v 0.47706535 -0.22434059 0.17422533
v 0.65698326 0.08293301 0.01098159
v -0.26275289 0.33991516 -0.13257936
v -0.09671569 -0.23958085 0.57557297
v 0.58476329 -0.00734594 -0.01247552
v -0.57724798 0.24004626 -0.03715755
v 0.24345931 -0.32277241 0.49063754
v 0.26030895 0.28492463 0.21413134
v 0.36181021 -0.21930358 -0.33754584
v 0.66012353 0.09439662 -0.00851893
v 0.64231592 0.11534572 0.02220666
v -0.57404941 0.27348375 -0.06793050
v 0.58943242 -0.08340668 0.08011460
v 0.61471641 -0.10922725 0.06454476
v 0.19621521 -0.21945164 -0.43920493
v 0.51803815 -0.13179858 0.00294328
v -0.56786031 0.12628195 -0.12377407
v 0.08275744 -0.29251143 0.14376135
v 0.61456603 0.02308350 0.03156604
v 0.62904936 0.06506234 0.03263694
v 0.03645439 -0.34171206 0.48326743
v -0.11301816 -0.34254527 0.49028018
v 0.59899509 0.00838180 0.04155916
v -0.61284453 0.03569809 -0.03325134
v 0.02644657 -0.05406743 0.51943076
v 0.10816938 -0.32671779 -0.34184295
v 0.36705953 -0.23869386 -0.30260426
v 0.54786086 -0.15904137 0.12748432
v -0.52094501 -0.01972154 -0.21951418
v -0.15702501 0.39928591 -0.01944718
v 0.19685581 -0.34977895 0.50607061
v 0.55102134 -0.11114058 -0.06116790
v 0.60718530 0.08168741 0.02891570
v 0.39438361 -0.28899345 0.13112873
v -0.01465470 0.15575817 -0.49685413
v -0.09094435 -0.31527489 0.52722263
v 0.10114936 -0.33516464 0.20340580
v -0.21410613 0.07458473 0.50160682
v 0.67231911 0.11843282 0.00541985
v -0.55696630 0.26245868 -0.00130048
v 0.44812125 -0.28338614 0.13504651
v 0.03568968 0.17690268 -0.51650459
v 0.18738145 -0.35669842 0.45808387
v -0.04141289 -0.27567616 0.57074893
v 0.42881304 -0.26986125 -0.16226488
v 0.48010141 -0.18785581 -0.18583161
v 0.51099813 -0.04897437 0.04081786
v -0.37620807 0.23289916 -0.33991995
v 0.66849148 0.07394433 0.00126490
v 0.61049980 0.05374461 0.04806489
v -0.53769183 -0.18802355 0.12645903
v 0.61441219 0.03125476 -0.02822043
v -0.11690536 0.02838910 -0.57280350
v 0.42574883 -0.18988243 -0.11320981
v 0.47935188 -0.12244789 -0.07389066
v 0.35353729 -0.25086927 -0.33819941
v 0.10069782 0.22011626 -0.43493280
v 0.48733619 -0.22838564 -0.06674817
v 0.06925194 -0.33431858 0.02993818
v 0.37803617 -0.26176563 -0.25203809
v -0.17915645 -0.28601298 0.50999057
v 0.05635983 -0.21707246 -0.41098079
v 0.58607757 0.03196668 0.00170997
v -0.14813006 -0.10255674 -0.52541178
v 0.53185308 -0.18305336 0.10542762
v 0.43434796 -0.25583830 -0.11041290
v -0.39084399 0.13560890 0.32762200
v 0.56645930 -0.13717623 0.08955538
v -0.20999700 -0.30301154 0.46398589
v -0.21021593 0.30665302 -0.24843726
v 0.23902550 -0.34234533 0.47697040
v -0.47368300 -0.25661358 -0.05372384
v -0.02664894 -0.23298013 -0.48098192
v 0.59201610 -0.01444565 0.03975171
v 0.48836577 -0.16672599 -0.13546672
v 0.25054023 -0.22081153 -0.28464958
v 0.44359097 -0.16083455 -0.28093785
v 0.64480793 0.01944870 -0.03971860
v 0.61764103 0.06577174 0.02840534
v 0.63797158 0.03161289 -0.00050321
v 0.66204482 0.08353205 0.02884357
v 0.55494779 -0.17638172 0.08029494
v 0.37446409 -0.31445599 0.22061586
v -0.12653151 0.30527163 -0.29270467
v -0.05494729 0.32635272 -0.23159069
v 0.67980421 0.10407346 0.00183439
v -0.09202379 0.04756779 0.53375685
v 0.40332913 -0.28532359 -0.14085710
v -0.55229282 0.16593674 -0.03059388
v -0.06013253 -0.10625112 -0.53948772
v 0.57685983 -0.06358400 0.08756125
v 0.46299434 -0.06506456 -0.19504511
v 0.44178206 -0.28123730 0.25958842
v 0.00029099 0.07929870 -0.53504789
v 0.60466611 0.03406584 0.03520828
v -0.04374668 -0.11474869 0.59239292
v -0.54092121 0.15037319 -0.13054302
v -0.29657888 -0.15038356 0.47614327
v 0.12396169 -0.22497793 0.59047353
v 0.51614249 -0.10244852 0.12108556
v 0.49453151 -0.23152706 0.13589084
v 0.41680008 -0.25934255 0.13309085
v 0.60149378 0.04098056 -0.00788936
v 0.49387646 -0.20697770 0.23215771
v -0.52780664 -0.00798903 -0.32584825
v 0.48266774 -0.02637736 -0.18551862
v 0.30354276 -0.22303528 -0.19293161
v 0.19814844 -0.17593722 -0.36943883
v 0.62657273 0.05386540 0.04338726
v 0.59776866 0.05394823 0.03165564
v -0.05381067 -0.09706178 -0.58784580
v 0.35957691 0.10914433 -0.32845581
v 0.44561166 -0.25915635 0.20479256
v 0.06575406 -0.32516721 0.53153777
v 0.58032870 -0.08988540 0.07365817
v 0.18853232 -0.35281557 0.49134618
v -0.04731478 -0.11275142 0.52595133
v 0.61344242 0.00705051 -0.07942754
v 0.33392462 -0.31472808 -0.20075417
v 0.61086267 -0.06415895 0.08080891
v 0.36180982 -0.18206361 -0.37442967
v 0.61295301 0.02083962 0.02092478
v -0.48481315 -0.19266075 0.10223143
v -0.52777082 -0.18443221 -0.06087747
v -0.13472372 -0.31997988 0.48769936
v -0.45133865 0.23852658 0.15911883
v 0.64073759 0.08643422 0.02828947
v 0.65439278 0.04696923 -0.01330531
v 0.31016952 -0.29135111 -0.28851679
v -0.39711225 -0.19918962 0.32253176
v 0.46359769 -0.03040351 -0.23061877
v 0.48967874 -0.24495332 0.22585398
v 0.64551699 0.03604358 -0.03386116
v -0.20585701 0.31285375 -0.24563444
v 0.24998203 -0.24733229 -0.29034102
v -0.03553015 0.04530387 -0.54805326
v -0.07941677 -0.17794380 0.49373248
v -0.26860362 -0.29354331 0.10711306
v 0.32314169 -0.16011512 -0.30489540
v -0.28121793 -0.13023956 0.48571581
v 0.61654633 0.02448103 -0.00839677
v -0.47328568 -0.18404099 0.18411136
v 0.00053881 -0.18851075 -0.45968679
v -0.13181794 -0.00610000 -0.51418751
v -0.21669239 0.28446364 -0.31587744
v -0.38251311 0.19644916 0.22182533
v 0.06527841 -0.18288180 -0.46660286
v 0.30250111 0.22882934 -0.32873583
v -0.62956083 0.16239825 -0.07606702
v 0.11039889 -0.34903961 0.51896429
v 0.06530100 -0.03851208 -0.53363490
v 0.21174270 -0.23990494 -0.28352317
v -0.07431620 -0.05723336 -0.52101171
v 0.57648998 0.02557309 0.02328996
v -0.22627977 0.16705446 -0.44505656
v -0.46016902 0.29130027 0.03397024
v 0.67441189 0.07561219 -0.03295833
v -0.19631201 -0.28882408 0.49274141
v -0.47629523 0.25122264 -0.15035966
v 0.23167956 -0.21965274 -0.41129643
v -0.14582530 0.30053216 -0.31595713
v -0.45247892 -0.08448851 -0.39740139
v 0.68892241 0.05021580 0.02954184
v 0.85821164 0.25545788 0.04905902
v 0.58554393 0.00105305 0.02953045
v 0.17175008 -0.29800874 -0.18189618
v 0.44608897 -0.09299652 -0.31833553
v 0.49827203 -0.16283217 -0.07387516
v 0.04740348 0.02408370 -0.54930425
v 0.03843886 -0.01998957 0.52017987
v -0.01413369 -0.18144557 0.56068754
v -0.68721282 0.01477940 -0.01397107
v -0.31242773 0.30430490 -0.16926828
v 0.27082300 -0.32417226 -0.17092690
v 0.07205623 -0.39575911 0.48399407
v 0.66664773 0.10821947 0.00154799
v -0.54666090 -0.01251060 -0.30597094
v 0.15966944 -0.38256574 0.45597473
v 0.40953833 -0.27935469 -0.13906723
v 0.39131662 -0.03274485 -0.36488739
v -0.53981400 -0.06792489 -0.21016417
v 0.49520618 -0.12226062 -0.04337150
v 0.57499146 -0.13905682 0.09127462
v -0.49344081 -0.06803435 -0.32326460
v 0.09203953 0.06632595 -0.56133521
v 0.61883348 0.03379488 -0.00272602
v 0.49516308 -0.22326252 0.22299290
v 0.57514489 -0.10417801 0.08435464
v -0.19361939 -0.23553976 0.55590010
v 0.41471440 -0.17246118 -0.31605971
v 0.61325502 0.17123608 -0.04129521
v 0.04440653 -0.30587354 0.13110059
v 0.36583245 -0.20159048 -0.36826560
v 0.57322764 -0.11657698 0.08455688
v 0.47333884 -0.25500309 0.19202685
v -0.52686667 0.25152156 -0.08992629
v 0.19818574 -0.28922909 -0.33260834
v -0.18881348 0.33119431 -0.28789273
v 0.31537789 -0.25543338 -0.26628777
v 0.16565844 -0.26162326 0.56988811
v 0.19442162 -0.32358307 0.40812400
v -0.33879414 -0.25800785 0.20926836
v 0.32165402 -0.32857677 0.13690314
v 0.30285034 -0.32422668 0.15492398
v 0.14551933 0.15143296 -0.50800729
v 0.37960726 -0.25211293 -0.29246259
v 0.24055254 -0.29934293 -0.23670471
v 0.57762265 -0.11863975 0.06968796
v 0.51384002 -0.15619595 -0.17667058
v 0.31717718 -0.27958742 0.44501090
v -0.14761871 -0.26712736 0.51308799
v 0.43797296 -0.12183112 -0.09482098
v -0.22669698 -0.30039346 0.45723891
v 0.53352594 -0.17185991 0.16525412
v 0.67659938 0.08664995 0.00002676
v 0.57795191 -0.13036573 0.07489449
v -0.10938434 -0.36464280 0.43152210
v 0.51395375 -0.15926114 -0.05266906
v 0.22306795 -0.19985580 -0.32965052
v 0.08555040 -0.27377164 0.59482175
v -0.14533347 0.18285331 -0.48954314
v 0.35940230 -0.23305811 -0.22559017
v -0.50690603 0.27184570 -0.04283810
v 0.67118728 0.09863198 -0.00572148
v -0.23423599 0.37990358 -0.43070516
v 0.03125429 -0.30632395 -0.35380486
v -0.22763427 -0.29913610 0.25393385
v 0.00666133 -0.22537646 0.58042169
v 0.53753692 -0.18020152 0.06122786
v 0.55706751 -0.12179974 -0.08236453
v 0.11893359 -0.40609020 0.40732706
v -0.67037892 0.04252692 0.02028468
v 0.48273325 -0.05575766 -0.14118147
v -0.39176479 0.29961771 0.00974007
v -0.34154722 0.26341841 -0.38387468
v 0.53621233 -0.00872053 0.02302902
v -0.01115784 -0.30762386 0.54698813
v 0.28146133 -0.30693963 -0.22026712
v 0.04406434 0.14001483 0.40024841
v 0.16490254 -0.34698537 0.52411330
v 0.11985192 -0.22631738 -0.47130448
v -0.26816997 0.29315588 -0.22433847
v 0.14025387 -0.16116840 -0.53623706
v 0.42593729 -0.16167359 -0.15223727
v 0.55253708 -0.16859414 0.07382655
v 0.23202699 0.16390514 -0.41920334
v 0.25438160 -0.32347021 0.47062916
v -0.10645509 0.06813505 -0.52975804
v 0.60187078 -0.08947639 0.06506652
v 0.21142349 0.24364763 -0.37850136
v 0.53218842 -0.15328772 -0.14263588
v 0.55770051 -0.16039181 0.14673406
v 0.62360734 0.09275958 0.04847729
v 0.54283291 -0.11840498 -0.15567178
v -0.24339166 -0.33540392 0.15193996
v 0.58542931 0.00486443 0.01677819
v -0.56313729 0.23660249 -0.00801235
v 0.53605556 -0.12975079 -0.09792861
v 0.32734105 -0.19089723 -0.25886479
v 0.60798222 -0.08259767 0.04618451
v 0.02565789 -0.21145676 0.53712106
v 0.43169031 -0.24838005 -0.19555314
v 0.02126998 -0.35378301 0.49738410
v 0.26542443 -0.38354117 0.43728477
v 0.42046422 -0.27293995 -0.18000412
v 0.67868900 0.10302618 -0.00100070
v -0.59248900 0.13496333 -0.03692637
v 0.59265625 -0.04929356 -0.04294491
v -0.32660881 -0.25933129 0.16139325
v 0.32924175 -0.28444886 -0.06219735
v 0.43678173 -0.27118379 0.21468198
v 0.08483672 -0.37278005 -0.30206963
v -0.50538278 -0.04842988 0.26906407
v -0.27343932 -0.00923788 0.48357391
v 0.44875926 -0.25208476 0.13476136
v -0.33394650 0.26218984 -0.39603776
v 0.03000194 -0.14544687 -0.51516724
v 0.75291878 0.16072792 0.02880953
v -0.27476907 0.40497914 0.00042772
v 0.48064229 -0.24311626 0.12970799
v 0.59738851 -0.03041059 0.03175223
v -0.22849336 0.26355922 -0.35769731
v 0.53264868 -0.17600830 0.16885781
v 0.53516155 -0.14149100 -0.06037712
v 0.60503566 0.05695488 0.02910289
v 0.63915229 0.02979451 -0.01991048
v 0.25951278 -0.31651914 0.48656583
v -0.50956619 0.28284258 -0.04350278
v 0.60068679 -0.03758665 0.03200457
v -0.69042492 0.07376844 0.05064225
v -0.23929450 0.26353952 -0.31000623
v 0.55017447 0.00698804 0.00378524
v -0.21015967 -0.30098295 0.32314384
v 0.10983801 -0.30796197 0.55175471
v 0.18340984 0.24776082 -0.37391448
v -0.05407479 0.02776143 0.53639776
v 0.07214929 -0.31019339 -0.32217953
v -0.39781329 -0.08361728 0.33468282
v -0.21521293 -0.16013823 -0.46440738
v 0.67660856 0.06018251 0.01810205
v 0.57840943 -0.07498613 0.03924476
v -0.33642733 0.29975411 -0.03673939
v 0.22322112 -0.36523226 0.41552275
v -0.31265384 -0.26195660 0.18861842
v -0.08192426 0.34549767 -0.25629580
v 0.68098396 0.08261213 -0.00875103
v 0.40788966 -0.28994450 0.25008911
v 0.28261080 -0.30847520 0.43183085
v 0.80678713 0.23145331 0.04315830
v 0.42851973 -0.22135773 -0.12664491
v 0.21054614 -0.35548544 0.49879855
v 0.54269421 -0.15987778 0.13181025
v -0.64920044 -0.09996039 0.02514465
v 0.51798785 -0.17115149 -0.15049648
v -0.51168835 -0.17457937 0.17774299
v 0.55732769 -0.16075470 0.15567923
v -0.40835667 0.02618006 -0.37901944
v 0.51974320 -0.15883756 -0.13485575
v 0.34754011 -0.29756302 -0.14258248
v -0.26033008 0.33843634 -0.19122195
v 0.40695143 -0.16676168 -0.15678874
v -0.11133936 -0.04556045 -0.52685934
v -0.55783910 0.24313344 -0.07374925
v -0.59700763 -0.03433359 -0.05659135
v 0.33579007 -0.33502975 0.18733591
v 0.13589525 -0.26274660 0.57385731
v 0.14103150 -0.23250325 -0.51172078
v 0.25775397 0.22992612 -0.37680516
v 0.54800117 -0.08926250 -0.09605482
v 0.57730263 -0.12189017 0.08335212
v -0.35195509 0.10129705 0.42191282
v 0.62704110 0.05331802 -0.01558644
v 0.58227509 -0.06862181 -0.09055763
v 0.56818295 -0.07387624 -0.02556157
v -0.47606951 0.17525882 -0.28465715
v 0.52579612 -0.14297712 -0.10950315
v 0.21456151 -0.32147878 0.18223050
v 0.10833278 -0.18729955 0.61212569
v 0.59939724 0.01352388 0.04174805
v 0.57180810 -0.14455841 0.09376436
v -0.39571589 0.18509369 0.24479292
v 0.59779543 0.08844930 0.04827377
v -0.07667115 0.09254713 -0.51208413
v -0.21375670 0.27056545 -0.36468828
v 0.64823890 0.08705688 -0.01512006
v 0.37017852 -0.21735111 -0.32485563
v -0.17735305 0.18948777 0.43231094
v -0.50206661 0.16635719 -0.24681607
v -0.46741244 -0.19774953 0.18459964
v 0.21976039 -0.35716903 0.45983365
v 0.63673377 0.03701022 0.00778154
v 0.23938748 -0.32352898 0.25233418
v 0.59122884 -0.09722009 0.03504041
v 0.18744038 -0.22090626 -0.34681362
v 0.62651896 0.00586587 0.02104795
v 0.13058086 0.06706244 -0.53682292
v 0.61017895 -0.06444490 -0.07128930
v -0.67648679 -0.03171113 0.02519920
v 0.53484786 -0.13493796 -0.08442751
v 0.08151661 -0.26759359 0.12894225
v 0.48336834 -0.21864131 -0.08680719
v -0.14636102 0.24022634 -0.47124371
v 0.56880450 -0.16034697 0.09905756
v 0.07296437 -0.35292327 0.47748995
v -0.20760420 0.34870458 -0.00836354
v 0.30790991 -0.07203037 -0.45158958
v 0.33346561 -0.25909263 -0.09001274
v -0.39049235 0.21730992 -0.33845615
v -0.17744865 0.12127387 0.45937499
v 0.09493107 -0.21836883 -0.49467888
v 0.01145148 -0.13770634 -0.52314192
v 0.10657988 -0.13192773 -0.46575829
v 0.29541054 0.00652279 -0.45129991
v 0.30995780 -0.37328643 0.44493723
v -0.48979306 -0.03112939 -0.32634047
v 0.40639779 -0.20512138 -0.30963877
v 0.03851646 -0.36064631 0.51726627
v 0.51375633 -0.14908588 -0.14918259
v -0.00194210 -0.31251705 0.29352555
v -0.48660243 0.17960620 -0.27329332
v 0.65144968 -0.00508711 -0.03380552
v 0.67622507 0.11867118 0.00800404
v 0.06668568 -0.36419293 0.50999427
v -0.47163957 0.00675592 -0.37169045
v 0.56764477 -0.01949294 0.03493147
v -0.45560187 -0.21954355 -0.28517666
v -0.30266935 -0.22451466 0.43567157
v 0.38940090 -0.32105911 0.18041992
v -0.46494576 0.27008986 0.04979020
v 0.32052675 0.19582106 -0.29735634
v 0.68045008 0.06440717 -0.00549918
v -0.35191923 -0.22369286 -0.38446653
v 0.57872033 -0.12075839 0.05964285
v 0.43232673 -0.19946937 -0.06431800
v 0.13740493 -0.19284406 -0.47713184
v 0.24020660 0.31578633 -0.25364333
v 0.40274808 0.08286086 -0.30760983
v -0.18370879 -0.11938849 -0.49962389
v 0.36030620 0.17199552 -0.32456252
v 0.00937496 -0.14867939 -0.54982466
v 0.47565663 -0.26960459 0.16521394
v 0.62269008 0.02664123 0.05052015
v 0.60606337 0.01075427 -0.01195720
v 0.00150422 0.22997041 0.41584164
v 0.45003915 -0.16467345 -0.11508390
v 0.11789940 -0.33091289 0.09121594
v -0.54480416 -0.20330468 -0.03746434
v 0.67774272 0.05602799 0.06051469
v -0.09292090 -0.27412987 0.56971890
v -0.59362060 0.05949318 -0.02201797
v -0.41378373 0.27937052 -0.16708148
v -0.01645219 0.42766154 -0.13856274
v 0.50662231 -0.19938931 0.15330023
v 0.57124966 0.00642776 0.04953794
v 0.64713496 0.12833418 0.02366012
v -0.13643384 0.03332156 0.49373055
v 0.59939277 -0.05489776 0.03666705
v -0.54607540 0.09629247 -0.11198409
v -0.39056101 0.15452397 -0.39172086
v 0.42475933 -0.28687280 0.20134911
v 0.28651589 -0.29622254 -0.32747859
v 0.33000106 -0.26839817 -0.25018236
v -0.47976726 0.28095618 -0.11840379
v 0.18579465 -0.27410284 -0.35494834
v -0.17318825 -0.29724127 0.11826625
v 0.61433280 0.09861692 0.04504514
v 0.41266599 -0.13672838 -0.31089866
v 0.54540318 0.16948278 0.11247611
v 0.09150606 -0.35432479 0.46496141
v 0.71354377 0.10479592 0.03738059
v 0.59832597 -0.04322518 0.00852442
v 0.19275057 -0.27878305 -0.20205009
v -0.03810018 0.00789272 0.57748795
v 0.62083048 -0.03614802 0.06810865
v 0.56953841 -0.16299972 0.12711596
v 0.34729710 -0.28769904 -0.21121725
v 0.04967248 0.23805577 -0.42412585
v -0.16428640 0.34877130 -0.05430184
v -0.12385884 0.25028288 -0.40706751
v -0.55869371 0.07918786 0.14542931
v -0.17157260 -0.28047678 0.46298364
v -0.11493693 -0.32698742 0.50416613
v -0.48907346 0.01060501 -0.37039524
v 0.62773108 0.02216280 0.03954732
v 0.12377697 -0.17394510 -0.51126891
v 0.40105832 -0.27516493 0.23613927
v 0.32520938 0.25460571 0.06853847
v 0.19398260 0.24721444 -0.35530195
v 0.49541914 -0.19447136 0.09819999
v -0.53568679 -0.19995144 -0.19170639
v 0.40043545 -0.31343871 0.14740887
v 0.59914047 -0.04426187 0.02550584
v -0.61238348 0.06953850 0.15565515
v -0.34067568 -0.28099287 0.00152715
v -0.25305912 0.11409740 0.44042575
v 0.59769064 -0.02296640 -0.08104602
v 0.56980860 -0.13426320 0.05607414
v 0.41243401 -0.25497559 -0.15737832
v -0.47504938 -0.21806234 0.01059681
v 0.48649678 -0.24206756 0.16958809
v 0.52236605 -0.15727291 -0.13059324
v -0.10343862 -0.04848200 -0.53022617
v 0.22606134 -0.31037089 0.20884484
v -0.51113820 -0.06192940 -0.34264559
v -0.24207944 0.31172758 -0.20535216
v 0.28671801 -0.28795224 -0.24337959
v 0.03772765 -0.35107529 0.49885899
v -0.27667001 0.35532963 -0.06071404
v 0.07462753 -0.28867251 0.51695681
v 0.67087495 0.09448688 0.00407097
v -0.30376485 -0.24888352 0.42332774
v 0.64656186 0.08648676 -0.02334118
v 0.08964688 0.05629048 -0.48757690
v 0.16398588 -0.37802574 0.46816719
v 0.21441798 -0.31248114 0.19266522
v -0.06941517 0.37477136 0.06305889
v -0.45525947 -0.16692027 -0.34281740
v 0.62581146 -0.03801197 0.05225432
v -0.15260619 0.24589664 -0.43723837
v 0.55203652 -0.14675480 0.05527622
v -0.17821613 -0.28820533 0.36482158
v 0.52865559 -0.16157104 -0.11353281
v 0.07481398 -0.26638120 -0.33398151
v 0.51518232 -0.17524657 -0.12450939
v -0.35291618 -0.18095306 0.42627680
v -0.28729573 0.06802002 -0.49656171
v -0.03824347 -0.36205441 0.49517936
v -0.24026039 -0.18439040 -0.43880141
v 0.07420129 0.26656383 -0.34688777
v 0.01585513 0.21153358 -0.45646784
v 0.32311434 -0.32284820 0.20913482
v -0.05228718 -0.03626660 0.55017447
v 0.53267056 -0.14162856 -0.03122285
v 0.04732537 0.23430754 -0.43269950
v 0.20266512 -0.36790553 0.45625967
v 0.16412884 0.22687411 -0.41839936
v 0.50415725 -0.20702201 0.22226971
v 0.57243013 -0.11851779 0.06090486
v 0.56365436 -0.10249525 -0.08016163
v -0.09427960 -0.27679595 0.54940569
v -0.65035510 0.12634024 -0.06724459
v 0.59923398 0.02350860 0.02264132
v -0.08649607 -0.33262649 0.46479958
v 0.49416959 -0.19197057 0.10683560
v 0.36286321 -0.31950694 0.42136699
v 0.48481950 -0.16989523 -0.12786102
v 0.52307945 -0.12526636 -0.01272607
v 0.08157028 -0.21622618 -0.41699752
v 0.42660227 -0.29327941 0.21078673
v -0.77412879 0.13704374 -0.04967051
v 0.61685812 -0.02927985 0.05876181
v 0.47072470 -0.19797128 -0.16181305
v 0.30670664 0.30684730 0.15329053
v 0.32662562 -0.30548435 -0.21882570
v -0.49052975 -0.10156190 0.26889649
v -0.48235005 -0.24256194 -0.01354262
v -0.49081144 -0.13705617 0.13454804
v 0.00183314 -0.13305914 -0.51620209
v 0.13168541 -0.08605811 -0.53802103
v -0.13901794 -0.27939379 0.54300052
v 0.42907488 -0.25618142 0.22765362
v -0.11180008 -0.30241147 0.31793723
v 0.61146379 0.02986242 -0.01328588
v 0.56762350 -0.15417543 0.11798322
v -0.43822992 -0.00078989 -0.46960178
v 0.58248234 -0.10537007 0.08178860
v 0.14654920 -0.13772324 -0.54636365
v 0.37002733 0.20377077 -0.27871823
v 0.38712859 -0.26065788 -0.13464892
v 0.66676557 0.13209894 0.03853035
v 0.18149298 -0.15152952 -0.47862193
v 0.55894363 -0.08416485 -0.04058999
v 0.08583051 -0.28904903 0.54501605
v -0.48796600 -0.18750325 0.01513067
v 0.56293976 -0.11228963 -0.06850797
v 0.63332486 0.08603866 0.03232273
v -0.40324488 -0.31349662 -0.07612267
v -0.64126515 0.08476439 0.06431737
v 0.64493477 0.06094110 0.03404057
v -0.21139076 -0.14568335 0.50212401
v 0.03369218 0.31339192 -0.27720380
v 0.46587437 -0.22713082 0.07794887
v -0.52260184 0.21964723 -0.11730298
v 0.55791163 -0.14145570 0.07587942
v 0.04403156 -0.10213324 -0.55382490
v 0.13066170 -0.33909181 0.48151729
v -0.38027430 -0.30614674 -0.00110576
v 0.42500526 -0.10510974 -0.18131435
v 0.01636338 0.26503441 -0.40229172
v 0.42528215 -0.11519301 -0.32423645
v 0.54581439 -0.14030136 0.08474460
v 0.63524252 0.03672579 -0.01487130
v 0.59831601 -0.11067852 -0.04186159
v 0.51990795 -0.18248928 0.20800507
v 0.64103031 0.07764499 0.00473784
v 0.52864540 -0.19258261 0.21099997
v 0.06675904 -0.34496969 0.22311601
v 0.56434810 -0.05963786 -0.00738487
v -0.17983858 -0.32495695 0.28552938
v 0.08827325 -0.17491239 0.41900393
v -0.05939433 -0.29784042 0.53128636
v 0.58083314 0.02067132 0.05368039
v -0.18677276 0.31758374 -0.30944863
v 0.37059721 0.08028587 0.29873073
v 0.56227273 -0.10967176 0.04977342
v 0.67502463 0.05687308 0.00193971
v 0.65097857 0.06764320 -0.02687261
v 0.17594111 -0.13921943 -0.50734848
v 0.50009453 -0.16488695 -0.14009520
v 0.56548417 -0.09972838 -0.10424462
v 0.53054124 -0.18508352 0.15821713
v 0.48712608 -0.15592980 -0.11737683
v 0.09019285 -0.32318515 -0.36395118
v 0.48310003 -0.19434252 -0.08691382
v 0.02352339 -0.30551025 -0.42289114
v -0.66428763 0.16609317 0.00328630
v -0.03411293 0.32635057 -0.06124952
v 0.21758205 -0.31486687 0.50061905
v 0.60101753 0.05671701 0.02882229
v -0.12147221 0.30482686 -0.15598316
v 0.54851580 -0.16587661 0.14005727
v -0.36679631 0.23730810 -0.23093119
v 0.64249867 0.05218691 0.02422437
v 0.01203561 0.21089926 -0.46303433
v 0.14991489 -0.34836963 0.47438669
v 0.64713204 0.05318379 -0.00320026
v -0.53762329 0.22008768 -0.08124429
v 0.52298701 -0.20832589 0.09417325
v 0.41143143 -0.20927140 -0.07695042
v -0.22456524 -0.34679669 0.18869019
v -0.47801322 0.27157462 -0.09696999
v -0.11424108 -0.33786550 0.19164899
v -0.01040846 0.38601866 -0.02011984
v 0.48713788 0.03373773 -0.22314093
v -0.49496695 0.18595707 0.11150323
v -0.53598571 0.05765715 0.25303155
v -0.37958267 -0.25208351 -0.00827241
v 0.01652876 -0.24537128 0.58714437
v 0.46685693 -0.21615791 0.04373860
v -0.29828721 0.35575500 0.03917728
v 0.54599452 -0.08765362 -0.02671337
v -0.16018537 -0.16025843 0.56335926
v 0.08280349 -0.20109046 -0.50890613
v -0.47854954 0.08184150 -0.25492951
v 0.57717443 -0.10129648 -0.06517076
v -0.15705860 0.39891064 -0.24736851
v -0.25512710 -0.34019232 0.20742849
v 0.14485675 -0.33528000 0.54257560
v 0.60167634 0.03195518 -0.01662743
v 0.20563090 -0.19496630 -0.36210081
v 0.11872420 0.33695871 -0.04513157
v 0.59008896 0.01281925 0.03905410
v 0.23781720 -0.37475014 0.48547074
v 0.59834087 -0.03732184 0.02980211
v -0.39303297 -0.23833038 0.25589013
v 0.22777359 -0.37886745 0.43323702
v 0.41253990 -0.29596579 0.19847208
v -0.17899734 0.11916956 -0.49244142
v -0.36931804 -0.25250024 0.25625110
v -0.17880772 -0.04516736 -0.53117126
v 0.61152697 -0.05710532 0.08330792
v 0.57248771 -0.12899162 0.03473955
v -0.47546208 0.27469024 0.00540991
v 0.39371607 -0.24561487 -0.19359109
v 0.45174313 0.07175796 -0.22087702
v -0.01477614 -0.11122698 -0.53861797
v 0.59882212 -0.03499855 0.04155967
v 0.47370496 -0.19042936 -0.17408830
v 0.17585413 -0.34700397 0.46034950
v -0.12853549 -0.19604178 0.59646493
v 0.24007273 -0.22148868 -0.37020451
v 0.45493907 -0.27088952 0.16462916
v 0.58455884 -0.12626559 0.10224462
v 0.26082563 -0.29045177 0.02593885
v -0.14851269 -0.26419386 0.51410073
v 0.33906835 -0.05271054 -0.40227395
v 0.52520108 -0.04362743 -0.10110617
v 0.59255803 0.00390050 -0.00889555
v 0.56769997 -0.09162970 0.00638822
v 0.12604490 -0.20081492 -0.49633783
v 0.45731473 -0.10392652 -0.13306755
v 0.08347011 -0.14536878 0.57516032
v 0.02848788 -0.19652620 0.55617785
v 0.31521571 -0.23865353 -0.31527647
v 0.53603542 -0.17910755 0.14182115
v 0.56044495 -0.03480581 -0.08895744
v 0.35798341 -0.12983695 -0.26850754
v 0.59694839 0.01178485 0.03565982
v 0.58115101 -0.13186647 0.09165305
v 0.51745886 -0.13657483 -0.13228911
v 0.58891106 -0.07892744 0.06475848
v 0.52026618 -0.15162244 -0.14953032
v 0.61515474 0.02180275 0.00641179
v -0.18659256 -0.18112746 -0.46574947
v -0.31753603 0.07583365 -0.47885275
v 0.62682366 0.12851572 0.05104060
v 0.18098909 -0.35548291 0.21561018
v 0.27992001 -0.20132692 -0.43981618
v 0.61442447 0.06802212 0.04818270
v 0.50209910 -0.12891038 -0.14913103
v -0.20186290 0.39259905 0.05317810
v -0.32661670 0.15270570 0.38149196
v 0.26705354 -0.14113572 -0.38346860
v -0.62924182 0.23114839 0.00675312
v 0.53547478 -0.13151458 -0.16044626
v 0.45586675 -0.12493629 -0.09329867
v 0.32026184 -0.31605139 0.01480207
v 0.58657163 0.03243707 0.00842780
v 0.11095616 0.03519307 -0.56734073
v 0.59880698 -0.05424368 -0.01404274
v -0.31434059 0.29014039 -0.11626334
v 0.56017041 -0.13038750 0.07719618
v 0.05816180 -0.31610531 -0.12254259
v -0.33745050 0.30332896 -0.19073614
v -0.03975016 0.00356540 -0.54362988
v 0.29311612 -0.25408304 -0.29299375
v 0.16976923 -0.33432829 -0.29592991
v -0.12324899 0.29950237 -0.34555021
v 0.40229157 -0.26693165 -0.21213317
v 0.56586635 -0.11729541 -0.13908562
v -0.10516295 -0.21200742 -0.42727652
v 0.62804687 0.12073244 0.01354361
v 0.18009077 -0.29166993 -0.33648407
v 0.31681117 0.01354446 -0.41884625
v 0.05316710 -0.10376099 -0.54805171
v -0.14351805 -0.12661558 0.54931420
v 0.24233705 -0.26516855 -0.25870976
v 0.52453005 -0.12220237 -0.09628034
v 0.51932454 -0.13753878 -0.12084007
v -0.52359056 0.24401307 -0.12256809
v 0.56784868 -0.15852593 0.05360496
v 0.57384634 0.03291776 0.01949236
v 0.55915266 -0.13491444 0.11828107
v -0.50540346 0.30754501 0.00541446
v -0.40568480 -0.17730585 -0.37506923
v 0.49667129 -0.16685244 -0.14690322
v 0.42665642 -0.24714726 -0.19476570
v 0.12341261 -0.27120739 -0.43082264
v -0.04501706 0.00526005 -0.54603601
v 0.77038169 0.16370153 0.01684971
v 0.61734843 -0.00126669 0.02785802
v 0.18308455 -0.36102924 0.47891897
v -0.12835450 -0.19141836 0.53203684
v -0.60459375 0.23066339 0.00350954
v -0.18755814 -0.31689045 0.39048561
v -0.14960574 -0.33644289 0.48249438
v -0.42025480 0.16914198 -0.31481361
v -0.27220285 0.34821633 -0.02490571
v -0.25112736 -0.07978822 0.50541759
v 0.46132860 -0.18200257 -0.15303886
v 0.32006872 -0.26891083 -0.30711964
v 0.30419552 -0.23329376 -0.39476863
v -0.49566317 0.04602192 -0.32949936
v -0.52411360 -0.05970895 -0.22817041
v 0.42374310 -0.22368406 -0.20777297
v 0.59435374 -0.01693792 0.00599587
v 0.45857361 -0.21698081 -0.14621775
v -0.16282669 0.08231168 0.48701060
v 0.59717202 0.02582777 0.03101909
v 0.24772090 -0.37607729 0.39129853
v 0.02594486 0.26208147 -0.40467584
v -0.03573865 -0.19359456 -0.49913573
v 0.66697085 0.08390155 -0.00815022
v -0.53549671 0.29227346 -0.01805852
v 0.61016369 0.08160599 0.00718021
v 0.39087427 -0.24394614 -0.13257000
v 0.49742419 -0.04594662 -0.16309324
v 0.21806879 -0.28095055 -0.28116962
v 0.36550403 -0.27924228 -0.15206695
v -0.30032754 0.35860637 0.08775186
v -0.47284532 0.19397445 0.17325808
v 0.30005586 -0.19540840 -0.32379550
v 0.40297833 -0.22248553 -0.13301477
v 0.67982483 0.07416993 -0.01262105
v 0.77731240 0.18386355 0.04546116
v 0.55258596 -0.14487302 0.13210934
v 0.07448471 -0.02545920 -0.53612733
v -0.09877759 0.07724360 -0.53175938
v 0.39520752 -0.29346973 -0.21168357
v 0.52235079 -0.08275875 -0.04429826
v -0.68383718 0.19143954 -0.01051006
v -0.59248781 -0.02393776 0.09963513
v 0.70399785 0.18401460 0.03819026
v 0.49532375 0.26008272 0.05971945
v 0.05083659 -0.37519610 0.45561996
v -0.52892220 0.24152860 -0.06101274
v 0.43298343 -0.25638106 0.22597432
v 0.50158542 -0.21552041 0.25560737
v 0.66848129 0.05456278 0.02734441
v 0.53719497 -0.12584886 -0.02945676
v -0.20357797 0.30541167 -0.26040858
v -0.11973631 0.34566692 0.00681196
v 0.64647889 0.09191947 0.04107881
v 0.16042319 0.02896599 -0.51228487
v 0.49146664 -0.17700057 -0.16668317
v -0.24893247 -0.17444421 0.50053102
v 0.62685794 0.03276120 0.03546903
v 0.35499755 -0.13884446 -0.27046946
v 0.34375268 -0.27279216 -0.11188444
v 0.53961790 -0.10322134 -0.08769867
v 0.53255665 -0.03228255 -0.00653403
v 0.67073613 0.07119738 0.00102654
v 0.08322354 -0.18800108 -0.48807269
v 0.22359298 -0.31037387 -0.08916548
v -0.57533091 0.02432445 -0.14210138
v 0.60244697 0.00668226 0.01987633
v 0.08809529 -0.36993122 0.46551746
v -0.39532286 0.27366880 0.04046498
v 0.20445916 -0.35476729 0.45620424
v 0.02093457 -0.33691299 0.16370180
v 0.02449816 0.15066104 -0.50128186
v 0.58648527 -0.10155684 0.07995635
v -0.57054484 0.26047724 0.00930419
v 0.63577437 0.12008387 0.01981673
v 0.28382859 -0.18425660 -0.29549420
v -0.18061957 0.31667647 -0.22066852
v 0.58104813 -0.14158998 0.11366278
v -0.13129415 0.12198400 0.48686835
v 0.60179150 0.00433947 0.01936102
v -0.28393584 0.37255755 -0.18137670
v 0.32154167 -0.02565323 -0.41509020
v 0.66693532 0.12340546 -0.01128027
v 0.19394493 -0.28791440 -0.33253008
v 0.03707165 -0.17330766 0.58525515
v 0.33659008 -0.29296756 -0.17274439
v -0.17711979 -0.32794625 0.45858467
v -0.65335441 -0.09698087 0.05674516
v -0.13729280 -0.05084941 0.56359911
v -0.01427338 0.19123870 -0.49728781
v -0.33829981 0.30360955 0.10030062
v 0.34154606 -0.25671077 -0.06912255
v 0.10800159 -0.25909981 0.57106835
v -0.10148066 0.01808467 0.56158268
v 0.59502840 0.01879699 0.01573412
v 0.50269151 -0.18527915 0.06244203
v 0.37451908 -0.32302618 0.18364099
v -0.58766460 0.07577735 -0.11267623
v 0.20740265 -0.34343204 0.23944890
v 0.05596295 -0.13230355 -0.50081795
v -0.12110703 -0.27479148 -0.38542998
v 0.66505492 0.10777944 -0.00726542
v 0.23049664 -0.30704579 0.50137079
v 0.55764347 -0.11813022 -0.04420227
v -0.25616243 0.24105148 -0.37565756
v -0.13534957 -0.21703090 0.50340915
v 0.57117134 -0.09399168 0.04318504
v -0.54568923 -0.08034372 0.01214042
v -0.12210055 0.36488637 0.13062054
v 0.58277375 -0.06593159 0.02040279
v 0.09486133 -0.19595376 -0.46083787
v -0.02353120 -0.20347783 -0.50248504
v -0.10894066 -0.26880774 -0.38064539
v 0.58951730 -0.11751902 0.05505794
v 0.59518075 -0.00037555 -0.04999621
v 0.23945239 -0.02470794 0.43383914
v -0.09388562 -0.29896170 -0.41662684
v -0.51806229 0.12591618 -0.11671652
v -0.16325177 -0.31332198 0.40862125
v 0.58102477 -0.08058921 0.08349299
v 0.37275660 -0.29812905 0.14274669
v -0.12750734 -0.34146544 0.31696427
v -0.05338917 -0.29879898 0.48437160
v 0.51607656 -0.04080921 0.01377276
v 0.10374349 -0.19292673 -0.48122469
v 0.50199258 -0.17306125 -0.13153931
v -0.45751673 -0.06204143 -0.36643586
v -0.01396093 -0.11845908 0.60362375
v 0.46580577 -0.13182509 -0.25127056
v 0.55560875 -0.16796660 0.10174912
v -0.47771505 0.25904810 -0.18558729
v 0.57580853 -0.10816586 0.09363580
v 0.55943811 -0.13474873 -0.06174165
v 0.53182697 -0.14156431 -0.07516345
v 0.07520063 -0.31126609 -0.09545786
v -0.54688925 0.24795753 -0.04289936
v -0.05846061 -0.32365823 0.24039614
v -0.41814286 -0.25381720 0.15647465
v 0.14255017 -0.14753494 -0.49839583
v -0.42373854 -0.27413481 -0.00773594
v 0.66539729 0.07881501 0.00040361
v 0.57788831 0.05050337 0.02803904
v -0.04342321 -0.27550146 0.55584103
v 0.59383023 -0.04330280 0.04651636
v 0.09324777 -0.31143531 -0.37264025
v 0.50678921 -0.16394056 0.04110816
v -0.17075050 -0.13138148 -0.51050586
v -0.07956439 0.33245116 -0.26512790
v 0.31280515 -0.34138504 0.22499257
v 0.58155984 -0.08960678 0.02002406
v 0.67527920 0.06845723 -0.01091102
v -0.38719362 0.31397241 -0.01758072
v 0.45397657 -0.18475479 -0.11892226
v 0.14425763 -0.31641823 -0.37167954
v 0.51510757 -0.18882564 0.22306079
v -0.49200386 0.25532070 -0.16744295
v -0.67737502 0.04224527 -0.03075229
v 0.23995163 -0.25134441 -0.29929259
v 0.60586607 -0.03730156 0.04230672
v 0.05445650 0.45196563 -0.14072838
v 0.08405294 -0.30790937 -0.40409866
v 0.20563743 -0.35965917 0.45843822
v 0.41758752 -0.06570873 -0.31729180
v 0.63890666 0.03868583 0.02489814
v 0.21329483 -0.32128102 -0.05598798
v 0.28663224 -0.09729592 -0.51111704
v -0.63630891 -0.00416189 -0.02096816
v -0.24890044 -0.31510732 0.10363615
v -0.07154804 0.40110877 -0.20794368
v -0.17385507 -0.29290956 0.43490702
v 0.66043252 0.10279611 0.00531104
v -0.20389211 0.31634778 -0.25702578
v -0.06172708 0.27239573 -0.36809140
v -0.27907231 0.35996437 0.04168373
v 0.52997607 -0.20890146 0.11032957
v 0.69839895 0.06168847 0.03184389
v 0.34170720 0.10135227 -0.32916725
v 0.50321370 -0.15869886 -0.06035376
v 0.46738625 -0.17806575 -0.16544506
v 0.39584535 -0.21276245 -0.00131729
v 0.64638531 0.08769354 0.00152028
v 0.29544187 -0.25177112 -0.29562151
v -0.16118050 -0.33772343 0.47866431
v -0.50109297 -0.12871301 -0.23273472
v 0.49595487 -0.24359915 0.11777449
v 0.55577272 -0.10526173 0.00387007
v -0.25453961 0.18350813 0.40542233
v -0.00434913 0.33669028 0.12545434
v 0.46204317 0.10466075 -0.20781007
v 0.40389258 -0.28799522 0.17605561
v 0.59895492 0.00736663 0.00603935
v 0.44182095 -0.27024686 0.14674047
v 0.39191073 -0.26359430 -0.19575247
v 0.01880392 -0.34832665 0.48112434
v 0.59568959 0.05343828 0.01978400
v 0.65848756 0.09245183 -0.00332177
v 0.63949656 0.09098876 0.04519707
v -0.15001194 -0.01663857 0.48480690
v 0.03215650 0.18525556 -0.48425519
v -0.58375281 0.13339823 0.02378931
v 0.65580189 0.05352059 -0.05941232
v -0.25135702 0.26202407 0.28496960
v 0.55715996 -0.12265038 -0.04956049
v 0.24855083 -0.37672538 0.44571295
v 0.42944518 -0.26366436 -0.15179834
v 0.71847969 0.13124633 -0.01037832
v 0.42757362 -0.05931568 -0.26359782
v -0.08531162 -0.33620554 0.49624658
v -0.64460325 -0.08774829 -0.01711039
v 0.40436882 -0.18618050 -0.30328134
v 0.57801318 -0.06284288 0.01366456
v 0.20732626 -0.34329057 0.51782751
v -0.39022818 0.09288301 0.36991140
v -0.03796078 -0.28551209 0.51597250
v 0.58721268 -0.07161665 0.04380566
v 0.12507254 -0.05459842 -0.51623905
v 0.16374055 -0.17066094 -0.48112902
v -0.38910833 0.21448058 -0.39449200
v 0.61338848 0.00889429 -0.02546100
v 0.74901384 0.22323455 -0.02476089
v 0.51642960 -0.19352394 0.09578040
v 0.54215717 -0.15992272 0.14862019
v 0.43700063 -0.19764417 -0.27832416
v 0.42688274 -0.27337781 0.24052417
v -0.70969349 0.05876881 -0.02967627
v -0.16020985 -0.24602850 -0.42505598
v -0.51923895 -0.21845561 -0.19658251
v 0.67030257 0.11964533 0.03017870
v 0.00735387 0.35308149 -0.05048149
v 0.44924158 -0.25658342 -0.10336187
v 0.74809617 0.18268067 0.02653638
v 0.41297588 0.13353905 -0.26404122
v 0.11911977 -0.29761752 -0.37354678
v 0.51048005 -0.14510164 -0.08907190
v -0.39140332 0.31442776 -0.04535135
v 0.36399123 -0.29008004 0.19590843
v -0.46887577 -0.15497252 -0.04921979
v 0.49003500 -0.18757451 -0.14265168
v 0.59695649 -0.06433430 -0.06960237
v -0.00745897 0.35801518 -0.12659538
v 0.63713187 0.04763331 0.01526004
v 0.29191065 -0.33262223 0.45350206
v 0.66787577 0.11087415 0.00139174
v 0.42902368 -0.12971419 -0.32978928
v 0.03371891 0.33306754 -0.33784944
v 0.58609635 -0.09420057 0.06547308
v -0.14013705 0.28125271 -0.32534516
v 0.35843444 -0.26190770 -0.14149976
v 0.17969412 0.32015821 0.04981799
v 0.44467694 -0.20333201 -0.14353749
v 0.09170881 -0.22686195 0.59604400
v -0.72864282 0.02539437 0.02528067
v 0.52131534 -0.06232784 -0.22671488
v 0.04966269 -0.21246007 0.57627845
v 0.09008503 -0.27595672 -0.42018992
v 0.60418081 0.06492795 0.02589868
v 0.37223849 -0.14228900 -0.21162456
v 0.50414205 -0.19578233 0.19980043
v 0.45812988 -0.23371060 0.20644069
v 0.61367923 -0.03801296 0.05110782
v 0.50045031 -0.13922235 -0.24771887
v 0.61001182 0.00552997 0.02552176
v 0.25656420 -0.30672625 0.04349376
v 0.35622215 -0.31933591 0.16216511
v 0.36269870 -0.24301404 0.44034892
v 0.42018154 -0.21305811 -0.25469106
v -0.38201201 0.01214793 -0.43428347
v -0.31592754 -0.32785621 0.00888252
v 0.31109446 -0.26552635 -0.08660260
v 0.33697423 0.14754628 -0.34902546
v 0.66443211 0.09906995 -0.02554780
v 0.48716408 -0.12740834 -0.03367501
v 0.28580323 0.19289732 -0.38802350
v 0.28278145 -0.36624622 0.47292465
v 0.17631283 -0.32058227 0.48405144
v -0.54480368 0.19556689 -0.13450420
v -0.54259002 0.21009299 -0.11518499
v 0.28029060 -0.28951934 -0.27834335
v 0.18223390 -0.21888861 -0.51335800
v 0.26679221 -0.16665694 -0.34720835
v 0.68647242 0.07175004 -0.00159127
v -0.09694195 -0.21775922 -0.41738692
v 0.57814533 -0.11520441 -0.06196019
v 0.54288989 -0.14905652 -0.10866734
v -0.21795046 0.12054893 0.46784836
v -0.17899936 0.14428739 -0.46495193
v 0.10377967 0.13777047 -0.49432915
v -0.33972043 -0.21664870 -0.32872286
v 0.04533479 0.22270304 -0.43333399
v 0.33849555 -0.30429733 0.43422043
v 0.77764916 0.18472980 0.03358693
v -0.00291066 -0.16509026 0.56214392
v 0.59333193 -0.04939226 0.01784231
v -0.63563550 0.26882333 -0.05194645
v 0.59104425 -0.06930573 0.04202515
v 0.46965885 -0.25229311 0.12813723
v 0.41510099 0.01546265 -0.35950983
v -0.00064583 -0.35518152 0.46687678
v -0.65083534 0.05897167 -0.01912467
v -0.40296137 -0.27440846 0.10640675
v 0.32095695 -0.31042382 0.10229070
v 0.48161656 -0.16786593 -0.19279078
v 0.65344876 0.05592361 -0.01803586
v 0.66631043 0.05616954 0.01505750
v 0.28853294 -0.19403571 0.25435901
v 0.66979003 0.04186776 -0.02141771
v -0.57096684 0.06827464 0.15092489
v 0.41771370 -0.05680001 -0.28786063
v 0.56056225 -0.15846202 0.04435906
v 0.48333722 -0.19317849 0.03163514
v 0.60420698 0.00946645 0.03037483
v 0.30229905 -0.25148264 -0.18782839
v 0.33834654 -0.31868297 0.25343406
v 0.53184170 -0.14864460 -0.05233717
v -0.16388498 -0.29084352 0.42562047
v 0.59910047 -0.05353120 -0.03812060
v -0.28684610 0.18938358 0.33381501
v 0.02845410 0.36316130 -0.00259159
v 0.08215663 0.29021886 -0.28749493
v 0.39685094 -0.29385224 0.18995118
v 0.30993837 -0.26385885 -0.18777296
v 0.58346951 0.05579608 0.01121321
v 0.43570155 -0.23294500 0.05978000
v -0.03427095 0.39342237 0.06412759
v 0.19927470 -0.33272400 0.13366821
v -0.18643808 0.36158213 0.00649190
v -0.36003107 0.06089583 -0.46431866
v 0.55784380 -0.00282418 0.00235695
v 0.64226651 0.04713021 0.02009156
v 0.00559196 -0.05268893 -0.56905520
v -0.21126294 -0.25573769 0.44392401
v 0.07060407 0.16884589 -0.51003760
v 0.40684053 0.20708542 0.09112585
v 0.44029912 -0.23421985 -0.15594190
v 0.55542290 -0.04452837 -0.04892686
v -0.02230203 0.25822192 -0.39037251
v -0.21494457 0.36922920 -0.06316943
v -0.05698460 -0.30181623 0.54004240
v 0.64529753 0.02314031 -0.01940486
v -0.36078551 0.15843844 -0.43779004
v -0.10211553 0.35745746 -0.19691983
v 0.53894019 -0.15061508 0.13017803
v -0.13742484 -0.32884037 0.40146446
v -0.54303950 0.27079225 -0.06311280
v 0.39739770 -0.27818766 -0.19483271
v 0.52752161 -0.17927174 0.15669757
v 0.57772094 -0.11092945 0.06153208
v -0.28164586 0.28930759 -0.07988679
v -0.04903610 -0.10101739 -0.52674079
v 0.16952699 0.18081854 -0.44248617
v 0.17311013 -0.26336914 -0.31276098
v -0.28506058 0.20317301 0.34948409
v -0.50936711 0.28506565 -0.16804785
v 0.44766036 -0.21210217 -0.13797626
v -0.19403115 0.16218846 -0.46293914
v -0.80423415 0.20321381 0.00353910
v 0.41448519 -0.24440940 -0.02834857
v 0.62982297 0.04752717 0.03189906
v 0.19135916 -0.11220911 -0.51725715
v -0.49401981 -0.20110625 -0.01637226
v -0.56760424 0.25427273 0.00992014
v 0.52995741 -0.10126640 -0.05920639
v -0.15189089 0.25700521 0.31877124
v 0.54084426 -0.13000041 -0.12559894
v 0.63167256 0.09374024 -0.11264876
v 0.38881198 -0.21570607 -0.13433614
v -0.51124525 -0.16045359 -0.11493310
v -0.43748146 -0.04361332 -0.44447142
v 0.43535683 -0.27970049 0.16611275
v -0.39032048 0.13558473 0.31216630
v 0.43955514 -0.23931077 -0.14000629
v -0.25029209 -0.14586115 -0.47718102
v 0.21682400 -0.25821137 -0.25388733
v 0.06054756 -0.09157813 -0.55224276
v 0.57462519 -0.11133525 -0.06741449
v -0.33095342 -0.15356508 0.48544985
v 0.10941678 0.28356856 -0.22979626
v -0.44958904 -0.31128880 -0.08738562
v 0.44713047 -0.24833259 -0.12893659
v 0.00162679 -0.36412990 0.46068025
v -0.17778581 -0.28802484 0.36579886
v 0.59028131 -0.04135179 0.02596459
v -0.09769074 0.36193937 -0.04887894
v 0.03555831 0.12184779 -0.51339030
v 0.44872755 -0.12037444 -0.10578651
v 0.25449806 -0.33151895 0.14357233
v 0.35007557 -0.29788348 -0.19061941
v -0.31030858 -0.13309608 0.47208822
v 0.21236320 -0.09240294 -0.43632710
v 0.00726894 -0.33415008 0.48383886
v 0.01442917 -0.33968472 0.13839534
v 0.49714953 -0.06514225 -0.07521616
v 0.70077360 0.08026814 0.04320375
v 0.05889574 0.05370818 -0.56193101
v 0.58971745 0.02746233 0.03081909
v 0.09270391 -0.32741988 0.54912519
v 0.58509350 -0.04908685 -0.05750751
v 0.56404424 -0.13285637 -0.05024862
v -0.03383964 -0.15781996 -0.51870453
v 0.34324127 -0.31851238 0.16703343
v 0.61083263 0.03747085 -0.02644873
v -0.25307575 -0.34830552 0.14129657
v 0.19795555 -0.29309234 -0.29711699
v 0.52184957 -0.16837132 -0.06633177
v 0.52014780 -0.19234082 0.16551608
v 0.50774658 -0.21113589 0.14310554
v 0.64131510 0.05270371 0.03152108
v 0.51831907 -0.07626335 -0.10302517
v -0.37443343 0.27374762 -0.00455129
v 0.58506179 -0.08575273 0.09307259
v 0.07691246 0.13282883 -0.51486135
v 0.12315652 0.24670291 -0.39643717
v 0.63860095 0.02475563 -0.02666414
v -0.36883783 0.18908337 -0.34615093
v -0.40013510 -0.27166227 0.01213148
v 0.56543463 -0.13982287 -0.08087361
v 0.49887562 -0.22456923 0.16548324
v -0.07609694 -0.09120576 0.55039239
v -0.14288691 0.25992119 -0.39511135
v 0.21254110 -0.34663290 0.46571338
v 0.58013821 -0.13012071 0.10660410
v 0.59843832 -0.04218379 -0.02726325
v 0.56645143 -0.07136212 0.00924943
v 0.49199474 -0.20618960 0.05263621
v -0.04896021 -0.05088189 -0.52319193
v 0.62872243 -0.01324386 0.03735375
v 0.30018383 -0.32127777 0.24617046
v 0.23576331 -0.36617377 0.44907391
v -0.19944791 -0.30695018 0.33403340
v 0.60177696 -0.03195960 -0.02105521
v 0.42525440 0.26633385 0.12224606
v -0.43522781 0.30227646 -0.02690108
v -0.03717199 0.32768133 -0.18412524
v -0.54346001 0.19866979 -0.07310787
v 0.57353032 -0.13433424 0.05477059
v 0.19346297 -0.35653162 0.44177264
v 0.55625629 -0.10944945 -0.05975602
v 0.51391941 -0.20634133 0.12500295
v 0.39985538 -0.24974930 0.20680442
v 0.25948727 -0.26515311 -0.23348656
v 0.11368048 0.05482382 -0.51277876
v -0.08486459 -0.24829875 -0.42604110
v 0.35242942 -0.31919765 0.44017655
v 0.25310165 -0.34826207 0.46673739
v -0.55636919 -0.16735834 -0.02907312
v 0.50462270 -0.08952782 -0.05760331
v -0.35321522 -0.23567641 0.26541048
v 0.66126049 0.09585276 0.03815618
v 0.53062785 -0.17674169 0.15090853
v -0.18814883 0.30517769 -0.30552006
v 0.44954282 -0.08634847 -0.16172421
v 0.28007278 -0.17070475 -0.30323771
v -0.00251181 -0.31577685 0.42217976
v 0.13546604 -0.28752393 0.56567979
v 0.07040763 -0.29005507 -0.42933807
v 0.53536725 -0.11320662 -0.03145716
v -0.21351360 -0.27215445 0.28957886
v 0.20982188 -0.16484216 -0.38051343
v -0.23913687 0.17770800 -0.42709130
v 0.59012949 -0.10422954 0.04764748
v -0.19238135 0.30799535 -0.28971013
v -0.14346115 0.39266026 -0.08739793
v -0.57433695 -0.04016894 0.14061120
v 0.52064764 -0.20163435 0.20812070
v -0.52206028 -0.00737919 0.31351554
v 0.60493582 -0.02397136 0.04150295
v 0.16846150 -0.35908297 0.48541003
v 0.40081847 -0.22188085 -0.25755635
v 0.56873548 -0.10839158 0.08239710
v -0.31063884 0.12556544 -0.49743327
v 0.12187890 -0.26619697 -0.20602538
v 0.06702307 -0.08533514 0.57535481
v 0.51272166 -0.22665109 0.11644691
v 0.55256194 -0.16152351 0.12828887
v -0.00111538 -0.15404391 -0.49968424
v 0.49463111 -0.15140794 -0.12164038
v 0.61646253 0.07543161 0.00298077
v -0.27055573 -0.00711341 0.50667071
v 0.18521787 -0.04930986 0.47263616
v 0.30485561 -0.30985540 -0.02937350
v 0.07774541 -0.07323368 0.56798220
v -0.23054439 0.04124188 -0.49020267
v 0.36648479 -0.27402502 0.16624239
v 0.13690992 -0.32862237 0.18390906
v 0.77513248 0.17481118 0.05933961
v 0.55615920 -0.13637379 -0.07820567
v 0.54900324 -0.16980894 0.11915970
v 0.36828065 -0.29831129 -0.13976273
v -0.47357488 -0.17619160 0.22626367
v 0.20215333 -0.33477661 0.48668697
v 0.25812235 -0.17725539 -0.32586354
v 0.25840628 -0.06908419 -0.50020349
v -0.19069509 -0.14850467 0.48671639
v -0.19212800 0.34049809 0.09689781
v 0.09366671 -0.31950277 -0.04505920
v -0.54886800 0.19038889 -0.11353590
v 0.63080055 0.06248597 0.00919423
v -0.49531162 0.24581763 -0.09814918
v 0.19825709 -0.24869420 -0.39292914
v -0.30423629 -0.17374063 -0.40695384
v -0.23906578 -0.16957308 -0.47298959
v 0.32457522 -0.29314560 -0.27641448
v 0.22550738 0.28732073 -0.21264201
v 0.63210809 0.06285480 -0.02902287
v -0.28096035 0.29848248 -0.12591776
v 0.01163793 -0.39318728 0.43987387
v 0.51215678 -0.15227775 -0.09217924
v -0.49778378 -0.19697723 0.12743706
v 0.20602840 -0.34408161 -0.25168893
v 0.13819093 -0.34810612 -0.32504374
v 0.27308372 -0.25256029 -0.31170931
v 0.09075008 -0.14235419 -0.45152324
v 0.64740860 0.04566544 0.02034488
v 0.03185187 -0.30606627 0.43777239
v -0.48348773 -0.20054933 0.07117206
v 0.60729694 0.02188978 0.04839438
v -0.38150641 0.19975346 0.23502532
v 0.35752854 -0.28907871 -0.24225047
v 0.42727876 -0.07444319 -0.23466128
v 0.45623606 -0.14173408 -0.10857924
v -0.30285475 -0.29427862 0.40204850
v 0.02023116 -0.34392798 0.53477407
v 0.61539066 -0.06647994 -0.07382223
v -0.06478097 -0.32281110 -0.07024743
v -0.26783022 0.31415105 0.03113939
v -0.20345500 0.31028700 -0.26765302
v 0.38851395 -0.09671468 0.23046546
v 0.30119270 0.16667967 -0.33743644
v -0.13092637 0.39261979 -0.04003356
v 0.54388440 -0.10636571 0.01480734
v -0.11762494 0.31507191 -0.27886328
v 0.59309602 -0.04911827 0.04102337
v 0.11116660 0.19493172 -0.51038820
v -0.61731440 0.07953428 0.02177452
v 0.09399378 -0.36020297 -0.32256579
v 0.10201645 -0.36590114 -0.30143914
v -0.18910217 0.29877195 -0.37159747
v 0.49683723 -0.15591525 -0.18969452
v 0.05884955 -0.28628001 -0.34010842
v 0.06972921 -0.27188224 0.58439833
v 0.10752881 -0.32953119 -0.35476035
v 0.56758261 -0.08749340 0.00042310
v 0.67696893 0.06861436 0.01176608
v -0.01869738 -0.00579482 -0.53294694
v -0.54896259 0.19853455 -0.07487516
v 0.49511051 -0.16945152 -0.16680825
v -0.40246844 0.30856398 -0.08507496
v -0.09388646 0.37231812 -0.20924449
v -0.27899927 -0.27412599 0.10454512
v 0.02678256 -0.29397306 -0.33066356
v 0.19963725 -0.31086466 -0.20685013
v 0.49981672 -0.22395980 0.16759032
v 0.10098064 0.11957483 -0.49709132
v -0.22331800 0.09624442 0.48777258
v 0.32150924 -0.32136574 0.19452330
v 0.61150849 -0.04491074 0.07298911
v -0.15478721 0.27721673 -0.33816814
v 0.48588225 -0.23082024 0.12270987
v -0.16746895 0.09873218 0.47989208
v -0.69445223 0.15827101 -0.01473343
v -0.41307420 0.23097876 0.16454880
v 0.53680694 -0.17325671 0.13295636
v 0.42175475 -0.23746274 -0.11682099
v 0.37391371 -0.26016471 -0.18095714
v 0.43194312 -0.30455214 0.16425651
v -0.22518454 -0.10582813 0.53161907
v 0.48151749 -0.23355845 0.27584684
v 0.36041886 -0.31490460 0.19383779
v -0.03360812 -0.31552774 -0.00001675
v -0.75588328 0.00514549 0.01016997
v 0.55418253 -0.12129456 -0.00276527
v -0.07106161 0.08737805 -0.51070249
v 0.43227127 -0.25598380 0.24734083
v -0.36644623 0.30744952 0.04513285
v -0.02927554 0.26092514 -0.48473635
v 0.57417023 -0.12764698 0.07324117
v 0.55796969 -0.16494587 0.15813112
v -0.18117198 -0.33283702 0.20721164
v 0.09012938 -0.32908648 0.53593171
v 0.30199397 -0.30770329 0.14286688
v 0.35376573 -0.28983375 0.02428620
v 0.56219083 0.01533049 -0.02453727
v 0.03145957 -0.16472697 -0.49933630
v 0.24771811 -0.32872549 0.12674928
v -0.05874093 -0.25415868 0.55738890
v 0.66083932 0.02730218 -0.01272476
v 0.13775748 -0.23684293 -0.44596741
v -0.29491261 -0.12987712 0.50381076
v 0.04454720 -0.38629323 0.47840363
v -0.25382078 -0.31422040 0.03925286
v 0.60963392 0.03281204 -0.01734307
v 0.60316610 0.00321239 -0.06567132
v 0.36724263 -0.21816266 -0.00785610
v -0.58400953 -0.08600803 0.08934082
v 0.60203260 0.00037059 -0.00352198
v 0.49130565 -0.09293093 -0.09254745
v 0.22279286 -0.36437362 0.45386612
v 0.59070945 -0.09001876 0.05446005
v 0.03933311 0.01828346 -0.54369187
v 0.23223114 -0.26139033 -0.33918834
v 0.39069146 -0.24188295 -0.15591490
v -0.04324129 -0.23202197 0.56921655
v 0.34905148 -0.10228327 -0.31083941
v 0.12785721 -0.14521378 -0.52977276
v -0.25007144 0.27458295 -0.31753215
v 0.15274805 -0.29996511 -0.36264470
v 0.13396806 -0.33813772 0.16059071
v -0.19267642 -0.27428925 0.44186610
v 0.06504685 -0.35170811 0.49623072
v 0.41756237 -0.28703547 0.20983541
v -0.50000340 0.00635865 -0.29796433
v 0.54481965 -0.15518910 0.09227115
v 0.10021520 -0.29256648 0.54251969
v -0.62562644 0.17966276 -0.04737164
v 0.11424690 -0.33161622 -0.31699058
v -0.13488716 0.32501552 -0.21825987
v -0.17961222 0.32619715 -0.20114720
v 0.46984661 -0.09241511 -0.10672417
v 0.40772688 -0.23653200 0.03720467
v 0.58759260 0.04601135 0.03901437
v 0.43729833 -0.25899443 -0.19632076
v -0.11417815 -0.11805269 0.53930461
v 0.54261267 -0.11745355 -0.01734659
v -0.09985010 -0.15129887 0.56790376
v 0.52261007 -0.16526479 0.01437500
v -0.22359358 -0.31221884 0.40709981
v 0.52245337 -0.08661542 -0.04266554
v -0.26530296 -0.29300448 0.44200271
v 0.37408614 0.09600508 -0.32249218
v 0.10446176 -0.31395811 0.56722087
v 0.62088537 0.03815243 0.03649053
v 0.35225397 -0.16532119 -0.21714523
v 0.10099086 -0.08400896 -0.53419232
v -0.00984297 -0.30504617 -0.37759101
v 0.04355127 0.03001723 -0.53728509
v -0.40871519 0.32414278 0.05835316
v -0.11024308 0.28372556 -0.38287523
v -0.27160755 -0.01085159 -0.50279224
v 0.65943575 0.07655913 0.02912751
v 0.43714976 -0.24970785 -0.12603915
v 0.41075128 -0.22276974 -0.23315844
v -0.50949293 0.23817632 -0.10314062
v 0.43690303 -0.23208824 -0.14614344
v 0.50232714 -0.21372837 -0.08795685
v 0.03804952 0.34129483 -0.17537135
v 0.19005291 -0.32182890 0.08234832
v 0.66742480 0.08530432 -0.00643474
v -0.56587827 -0.12844910 0.11988685
v -0.39038980 0.28970355 0.10709447
v 0.57193202 -0.11122721 -0.00436142
v -0.32289737 -0.21325491 0.39508104
v 0.23872593 -0.35811341 0.23836645
v -0.19381049 -0.33378017 -0.04988781
v 0.58058906 0.16549273 -0.04986637
v -0.10237261 -0.15567654 0.54539633
v 0.01930028 0.08825171 -0.53862238
v 0.60469162 -0.01886047 -0.00662524
v 0.65054673 0.01519059 -0.03068268
v 0.41357037 -0.28298044 0.21745187
v 0.21110232 -0.29490939 -0.26883543
v 0.43383566 -0.23089199 -0.23693597
v 0.65169567 0.01949966 -0.06459296
v -0.06186539 -0.13591273 -0.52390975
v -0.03193650 -0.26168415 -0.39499804
v 0.11671235 -0.30464864 -0.40958086
v 0.66153288 0.11492975 0.03047565
v -0.22955042 -0.26473424 0.36738253
v 0.66646749 0.11275098 0.00135091
v 0.66415560 0.06765538 -0.01804808
v 0.51682538 -0.12108503 -0.13503331
v -0.06409040 -0.10769084 -0.53551090
v 0.36358652 -0.23608945 -0.25652987
v -0.24084799 -0.01146906 0.49876377
v 0.52271020 -0.19163653 0.14767015
v 0.56886399 -0.07837425 0.05792850
v 0.65869182 0.09895398 0.02155453
v -0.36630577 0.00339711 -0.48006347
v -0.25321162 0.33764905 -0.13672796
v 0.64357996 0.11201251 0.01333863
v -0.11468354 0.32213205 -0.30126441
v -0.08321618 0.38653281 0.14866108
v -0.45182300 -0.16922411 0.21759060
v -0.33695060 0.13012695 -0.46643871
v -0.03134465 -0.21702966 -0.49167383
v 0.35515478 -0.30624080 0.23940557
v 0.11753309 -0.06603859 0.56002045
v -0.04297948 0.25489849 -0.39995280
v 0.00777208 -0.32031202 -0.42430130
v 0.54303551 -0.17250210 0.17117476
v -0.39987859 -0.29702574 -0.00779811
v 0.39293352 0.22325484 -0.18172783
v 0.24107912 -0.35795099 0.46224481
v 0.44995594 -0.22129241 -0.17228255
v 0.43079120 -0.24244609 0.12505454
v 0.65798342 0.09174021 0.01206610
v 0.55555236 -0.12764481 -0.06637567
v -0.61780995 0.04130498 -0.09659984
v -0.45954823 0.28898638 -0.11363174
v 0.19248801 -0.30671513 -0.01800301
v -0.26534858 0.33887917 -0.10651326
v -0.61434180 0.06358039 0.07491782
v 0.10798246 -0.21590310 -0.38387769
v -0.08335114 0.03590306 -0.53424281
v -0.51508737 0.23505926 -0.14974183
v -0.08927978 0.39829370 0.03097363
v 0.06138092 0.23046619 -0.43537122
v 0.30622250 -0.28094155 -0.24090332
v 0.26549345 0.20862338 -0.30364692
v -0.22387330 -0.28901553 0.44771513
v 0.29141751 -0.31457257 0.46161216
v -0.53584868 -0.23855567 0.15859976
v 0.57150537 0.00334308 -0.01938710
v -0.10505220 0.26400602 -0.42046738
v 0.67586619 0.07740690 0.01245663
v 0.57304168 0.01879919 0.04261890
v 0.08243781 -0.37457722 -0.29408070
v 0.65355259 0.05188504 -0.01018685
v 0.32032955 -0.29457065 0.44730216
v 0.36923397 0.17743506 -0.25771451
v 0.20766622 -0.30662557 -0.23297068
v 0.53339219 -0.08976305 -0.07970756
v 0.17385286 -0.33257312 0.50444472
v 0.64542401 0.09244346 0.03723979
v 0.29746857 -0.18067978 -0.29545876
v 0.41260657 -0.11258330 -0.32703480
v 0.49867570 -0.07228614 -0.07910791
v -0.07672799 -0.07961909 0.56562245
v 0.34768188 -0.26839530 -0.27021426
v 0.27453381 -0.23819938 -0.21133894
v -0.10881174 0.09346360 -0.52884245
v 0.05109873 -0.32870123 0.12110725
v 0.55003524 -0.12678929 0.06513990
v 0.57418036 -0.10212266 0.06409669
v 0.59997249 -0.00071266 0.01863998
v -0.24929479 0.29192218 -0.26623425
v 0.06369461 -0.25951204 -0.36348972
v 0.55111301 -0.04752783 -0.03567369
v -0.36224991 -0.13058682 0.42830318
v 0.12451377 -0.29370162 -0.41320336
v 0.46677601 -0.13777927 -0.05722383
v 0.59475595 0.03710335 0.04890887
v 0.50048870 -0.16163284 -0.07348338
v 0.06021512 -0.15684915 -0.54980254
v 0.29063097 -0.18293579 -0.44670102
v 0.25438637 -0.29961988 -0.28297722
v -0.29876146 -0.28227744 0.35082638
v -0.05462098 0.05382013 0.53486234
v 0.28489569 0.28563723 0.00965924
v 0.66150397 -0.00359818 -0.07290155
v -0.25303978 -0.28249568 -0.30656394
v -0.06667733 0.05939551 0.50676417
v 0.40327322 -0.23974356 -0.01952343
v -0.00685932 -0.25123370 0.56834841
v -0.15878823 -0.33524054 0.29470474
v 0.54718995 -0.15050268 0.17677635
v 0.49985623 -0.12980165 -0.04304916
v 0.27877921 -0.29877159 0.40061980
v -0.07709588 0.38755774 0.02743924
v 0.48334065 -0.24161731 0.14000821
v 0.70215744 0.09895151 0.03416340
v 0.55989540 -0.10123374 -0.01262185
v -0.45707443 -0.27038842 -0.04825369
v -0.34747118 0.34511167 -0.03718957
v 0.59282064 0.08287144 -0.03811413
v -0.19385220 0.32112962 -0.04277949
v 0.64891130 0.09796715 0.00892571
v 0.16811500 0.35262507 -0.03156107
v -0.60542977 0.13289946 0.08281362
v 0.18794978 -0.35675871 0.48460075
v 0.09467801 -0.33326277 0.53252280
v -0.21085607 -0.16963375 -0.46233001
v 0.63407987 0.04982868 0.03579228
v 0.76759422 0.20706147 -0.02063484
v 0.13166618 -0.27285209 -0.41240537
v -0.06889252 -0.35227418 0.44781360
v 0.51004183 0.18268210 -0.06841109
v 0.57164693 -0.02926871 -0.03919621
v -0.57180816 -0.06569186 -0.09760450
v 0.63669437 0.03233895 -0.02150673
v 0.42313778 -0.19883800 -0.08498541
v 0.04796277 0.37720397 0.23280025
v -0.05169061 0.29910114 -0.33984196
v -0.19015542 -0.05250806 -0.51217186
v -0.17479651 -0.00066149 0.49892074
v -0.54803085 0.17408985 -0.17869210
v 0.60451281 -0.06100728 0.07011861
v 0.59331727 -0.09294660 0.09652346
v 0.58679426 0.03317697 -0.01598820
v -0.14381750 -0.32876509 0.49174488
v 0.64605844 0.03968638 0.01010776
v 0.37312043 -0.32182845 0.18870407
v 0.41828093 -0.24905378 -0.18118644
v 0.49133825 -0.20866136 0.23159218
v -0.55882186 0.20217878 -0.15794332
v 0.55752164 -0.11731575 -0.11626774
v 0.37630621 -0.27477807 -0.24306947
v 0.51335984 -0.21470506 0.14221019
v 0.00967741 -0.35764983 0.47722515
v -0.23487449 0.30234939 -0.13267048
v -0.14170545 0.29560322 -0.38813177
v -0.10970555 0.39067584 -0.00193241
v 0.36850229 -0.21375801 -0.33933222
v 0.38647977 -0.29430044 0.16297412
v 0.37651080 -0.29676932 0.15515143
v 0.55206281 -0.13297072 -0.04786468
v -0.42493469 -0.16170022 0.27591971
v 0.04631656 0.01713024 -0.54819345
v -0.32560325 -0.27740994 -0.14732319
v 0.13043588 -0.26158100 -0.42532745
v -0.01286379 0.07939376 -0.51876760
v -0.46629155 -0.08579612 -0.29909346
v 0.13296078 -0.37180102 0.17487675
v -0.16784823 0.33800325 -0.19320168
v 0.01417990 -0.36323497 0.46927902
v 0.57652688 -0.10312330 0.05999750
v -0.46662080 0.19251540 -0.23683602
v -0.61303973 0.19011094 -0.08032282
v 0.57269514 -0.06599130 0.04475205
v 0.62622058 -0.00790521 -0.08281869
v 0.58552432 -0.01798449 0.02973941
v 0.46921837 -0.20623761 -0.18088177
v -0.24750337 0.31720352 -0.21817422
v 0.23747441 -0.32478589 0.47540140
v -0.48658201 -0.10850488 0.29396316
v 0.65495867 0.02531873 -0.02447283
v 0.63062829 0.03843850 0.01535548
v 0.59388572 -0.04759977 0.02481440
v 0.11009502 -0.16154000 -0.51986140
v 0.51606393 -0.20358419 0.23177606
v 0.47952986 -0.20100975 -0.14913887
v -0.57295632 0.15725651 -0.02742683
v -0.04859486 -0.26288474 -0.50648910
v -0.52284598 -0.18654564 0.13653842
v 0.64878887 0.10230932 0.03059521
v 0.52717924 -0.19103341 0.16595554
v 0.50817102 -0.14110154 -0.12762982
v 0.49960378 -0.17702228 -0.09724334
v 0.16586441 -0.25485021 -0.38728851
v 0.58894074 -0.04193851 0.07413459
v 0.38534537 -0.30220705 0.22171962
v 0.46016568 -0.15905952 -0.08710372
v 0.55441493 -0.12465528 0.06693047
v 0.14214128 -0.02612072 -0.52722913
v -0.47576255 0.04715839 -0.34267724
v 0.36367387 -0.31431529 0.19305137
v 0.09719095 -0.32575846 0.49973261
v 0.06196544 -0.29002607 -0.31990880
v -0.26293290 -0.16844402 -0.47539279
v -0.16481872 -0.30161801 0.47065666
v -0.24818864 0.14879203 0.44519424
v 0.62546378 0.11761466 0.04238190
v 0.26311556 -0.30043006 0.48566964
v 0.49160096 -0.13787055 -0.05855319
v 0.05288297 0.03628767 -0.49928892
v -0.41336071 -0.26320890 -0.19138880
v 0.53967643 -0.14779706 0.07711819
v 0.17136568 -0.30275413 -0.20497276
v -0.40280223 0.19887421 0.25347912
v 0.59273887 -0.08121119 0.04905200
v -0.17393625 -0.33283293 0.45756593
v -0.44815049 0.09365720 -0.31179863
v 0.10171881 0.13759494 -0.48484832
v 0.59864742 0.01091070 0.03696445
v 0.47078413 -0.25951934 0.17912817
v -0.52419651 0.28386191 0.05969122
v 0.19168186 -0.24452564 -0.31871375
v 0.34588665 0.06370333 -0.40885472
v 0.29195082 -0.11540870 -0.37191504
v 0.41972166 -0.26038563 -0.17758507
v 0.09745383 -0.13337344 -0.50885409
v 0.61612648 0.02138785 -0.01464483
v 0.23915970 -0.36062080 0.48142302
v 0.13610959 -0.32462165 -0.31563717
v 0.08360147 -0.34331280 0.25846118
v 0.61701417 0.06879228 0.01462844
v -0.43956372 0.17683317 -0.33266959
v 0.08090761 -0.28225932 0.55384779
v -0.31119004 -0.30090666 0.35479826
v 0.61397070 0.07703824 0.01234555
v 0.38817358 -0.26933691 -0.05360161
v -0.15442000 -0.12721589 -0.48516709
v 0.09405050 -0.16474384 0.58879578
v 0.18022256 -0.27788123 -0.39044675
v 0.22122411 -0.29848608 0.50261170
v 0.43587661 -0.25557458 0.22514045
v -0.31755358 -0.28254068 0.00185192
v 0.59668577 0.03722330 0.00462520
v -0.07953125 0.41034675 -0.03527340
v -0.19344962 0.32699624 -0.17190313
v -0.39769959 -0.23967221 -0.20345810
v 0.36120898 -0.31889188 0.19386056
v 0.09399943 0.37633482 0.27440533
v -0.16724834 -0.29557124 0.51681995
v -0.00456098 -0.08376541 0.57619190
v 0.45084748 -0.21764824 -0.19973508
v -0.57792330 0.23378593 -0.10221049
v 0.53053761 -0.08311541 -0.03188447
v -0.05327487 -0.07644671 -0.51462984
v 0.02190657 -0.33980495 0.13912183
v 0.03631776 -0.24247876 -0.41933873
v 0.62611163 0.01800522 -0.00724238
v -0.44361025 0.05284834 -0.35256946
v 0.39136097 -0.24273592 -0.00870144
v 0.42425689 -0.27015349 -0.11509421
v -0.42070004 -0.25531676 -0.02172625
v 0.50651646 -0.16793287 -0.06562513
v 0.61473155 -0.02529861 -0.04696327
v 0.29239762 -0.31975150 -0.20577368
v 0.60078901 0.01049545 0.03366609
v 0.09558608 -0.33469015 0.44920701
v 0.45555162 -0.15944541 -0.13299903
v -0.39007923 0.27118027 -0.31613114
v 0.31372675 0.26562721 -0.24105775
v -0.18288332 -0.00739905 0.47158170
v -0.63622522 0.02556702 -0.06848478
v 0.09070670 -0.01167314 0.47568855
v 0.52251464 -0.13840732 -0.05509290
v 0.56310701 -0.13942881 0.10443187
v 0.15006822 0.06192824 -0.49660107
v -0.19041321 -0.31373388 0.47006088
v -0.23550376 0.13141139 -0.46686587
v 0.02532023 0.39177644 -0.02365239
v 0.58392066 0.00228858 0.04387859
v 0.24369794 -0.20681250 -0.36884069
v -0.25034323 0.39332438 -0.00466028
v 0.51731169 -0.15060455 -0.05444762
v 0.42808527 -0.28764802 0.24852008
v -0.15583715 0.11842990 0.45873779
v -0.47846809 0.04630765 -0.30723494
v -0.56119424 -0.10230023 -0.05871840
v 0.32384628 -0.33608961 0.25286245
v 0.40185091 -0.03933772 -0.38069230
v -0.45896539 0.24956550 -0.01608902
v 0.07938866 0.36647224 0.02728771
v 0.62176907 0.04708615 -0.02417928
v 0.52914524 -0.15176558 -0.13006511
v 0.56916058 0.00662149 0.02896303
v -0.33920631 0.15547997 0.37311774
v 0.29080966 -0.17674494 -0.29815003
v -0.24935311 -0.07272416 -0.49097562
v 0.59882003 0.02822333 0.02828793
v 0.59465373 -0.11647068 0.10141188
v 0.31949916 -0.28058872 0.47578743
v -0.57814783 0.16999021 -0.08610194
v 0.05536762 -0.31952289 0.55250287
v 0.10153127 -0.30960080 0.53573108
v -0.45981050 0.12315184 -0.29551160
v -0.25377953 -0.19550323 -0.44031715
v -0.46390089 -0.07449840 0.31607822
v -0.08093908 -0.05070264 0.57998997
v 0.58319390 -0.08775318 0.05378193
v -0.29259613 -0.32119501 0.01172370
v 0.11937854 -0.37110066 0.49979436
v 0.03910422 -0.16247907 -0.51222175
v 0.09103063 -0.31220442 -0.37640491
v 0.00360471 -0.37910783 0.46338823
v -0.21660632 -0.32045877 0.05108389
v 0.52204609 -0.06205405 0.01446950
v -0.48479757 -0.12628251 0.26779118
v 0.60832262 0.03582362 0.02683802
v 0.57365036 -0.13280088 0.07134980
v 0.35326266 -0.32875299 0.22488493
v 0.65580994 0.09355608 0.00779209
v 0.30902112 -0.29830280 0.43523058
v 0.02459911 -0.20275238 -0.49386552
v 0.57004362 -0.14102450 0.11332905
v 0.15046841 -0.33142117 -0.31945768
v 0.48915094 -0.21416630 0.16734356
v -0.04005340 0.29256660 -0.30700272
v -0.03168410 -0.20778380 0.58537751
v 0.52811944 -0.19752006 0.16166407
v 0.57240194 0.06739824 0.17531477
v 0.12681577 -0.38675675 0.46841657
v 0.41332096 -0.26261845 -0.18314919
v -0.43672854 -0.16085327 0.09678623
v -0.33692211 0.15398580 0.38212934
v 0.61054325 -0.03859795 0.03440303
v 0.15445277 -0.35246390 0.49934307
v 0.19070867 -0.33088577 0.48071447
v 0.11673614 0.31052101 -0.24873319
v 0.21160910 -0.28904748 -0.17436346
v 0.46580502 -0.20452669 -0.18795800
v 0.58716792 0.03698839 -0.02769178
v 0.41835585 -0.26272729 -0.22093543
v 0.64365089 0.07673097 0.03691027
v 0.65481466 0.05660202 0.02733041
v -0.03560446 -0.36064893 0.21237713
v 0.31110981 -0.21886502 -0.16847888
v 0.18230595 -0.37671769 0.45319775
v 0.43846062 -0.16568130 -0.09206474
v 0.08626578 -0.14940462 -0.44853055
v 0.64216822 0.01824856 -0.01134792
v 0.52675843 -0.12989032 -0.10136010
v 0.62430471 0.06999916 0.01542258
v 0.56131512 -0.11864576 0.11468941
v -0.18426526 -0.22464059 0.47574115
v 0.30304551 -0.31006652 -0.22023225
v 0.53396952 -0.15543479 0.04667988
v -0.58067673 0.21891597 -0.04340507
v 0.57424784 -0.04878809 -0.07074556
v -0.12502259 0.13224399 -0.51969659
v 0.22098729 -0.30050749 -0.18869820
v 0.15249473 -0.18128332 -0.45163861
v 0.04247797 -0.27245575 -0.35426965
v 0.61929941 -0.03463271 0.08557779
v 0.49639541 -0.08038522 -0.03950289
v 0.35367158 -0.29630375 0.24316767
v 0.26986170 -0.32675391 -0.23573375
v 0.40207535 -0.22122148 -0.22540718
v 0.47175545 -0.17081484 -0.08665425
v 0.53617233 -0.13620391 0.01294518
v -0.00321785 -0.33884239 0.49902380
v 0.47865513 -0.23761307 0.23780596
v 0.45619738 -0.17173007 -0.14870533
v 0.14170414 -0.24357700 0.56745917
v -0.18710433 -0.28207302 0.14665583
v 0.50132936 -0.16707554 -0.15877613
v 0.17088763 -0.33134568 0.13390550
v 0.15738529 -0.15767381 -0.48809627
v -0.49820739 -0.06987870 0.22954395
v 0.08415261 -0.25936165 0.58498716
v -0.54753625 0.26897478 0.03374092
v 0.11103553 -0.32714784 0.51484424
v 0.04920471 -0.08938339 -0.55747390
v -0.46195987 0.32166916 -0.05603826
v -0.28093505 0.32588720 -0.14732152
v 0.30180708 -0.35293034 0.24037528
v 0.62810844 0.10409758 0.04179034
v -0.68260437 0.03540134 0.01466610
v -0.36932966 -0.30154124 -0.02242848
v 0.43704921 -0.22983935 0.05281535
v -0.09222871 -0.11504100 0.57555544
v 0.13248512 -0.34469494 -0.33716330
v 0.59790128 -0.09432000 -0.01429826
v -0.57721299 0.04355434 -0.12160149
v -0.60765970 0.07090554 -0.00185841
v 0.42305946 -0.24391006 -0.24856533
v -0.07386391 -0.32988811 0.47380662
v 0.26060975 -0.20403430 -0.34430686
v 0.45047691 -0.21187201 -0.17388743
v -0.40858603 0.24188775 -0.35256007
v -0.20863645 0.10051583 -0.50844103
v 0.62452149 0.04414083 0.04204719
v 0.66300923 0.08917081 -0.00255197
v 0.58771634 0.07377446 0.02280271
v 0.09580770 -0.13028862 -0.52700990
v -0.23757792 -0.15745679 0.51678050
v 0.24655685 0.31393689 0.20336351
v -0.42129672 0.30739063 0.02877071
v 0.62658608 0.10077951 0.03984821
v -0.27187276 -0.15890911 -0.45523548
v 0.34600809 -0.29252052 -0.21052608
v 0.40434656 0.24976169 -0.02930220
v -0.03819945 -0.26266667 -0.38029662
v 0.45874870 -0.24550781 -0.15669173
v 0.25229040 -0.32703599 0.48506612
v 0.37947074 -0.28046286 -0.24552660
v 0.49241006 -0.13928026 -0.06857684
v 0.12289208 -0.37553310 0.47095567
v 0.59155709 0.00680193 0.04350947
v 0.17104942 -0.01312027 0.48758441
v 0.06670780 -0.35866815 0.45813984
v 0.09721023 -0.27043709 -0.40802455
v 0.66018897 0.08234483 0.02206993
v 0.42117670 -0.25138363 -0.24741776
v -0.13050443 0.40170422 0.05863225
v -0.25841105 -0.07943749 0.50634712
v 0.59679651 0.03725210 0.03450690
v 0.63304609 0.06921911 0.04748327
v 0.65826380 0.07308233 -0.01047674
v -0.24480906 -0.18336494 -0.48417288
v 0.21251781 -0.32592991 0.20967832
v 0.43123949 -0.26439381 0.26368624
v -0.29099563 0.37103081 0.01257388
v 0.63579851 0.03729345 0.03008410
v 0.09370172 -0.10500553 -0.51379216
v 0.04435684 -0.25261417 -0.48830119
v 0.08414060 -0.37617350 0.43194634
v 0.46874827 -0.23394999 0.20010978
v -0.24682108 -0.29700437 0.24432150
v 0.01416147 0.32877243 -0.29527989
v -0.53395033 0.23046696 -0.00444466
v -0.59925437 0.23801899 -0.02159205
v 0.52811211 -0.15505508 -0.09257355
v 0.09981818 -0.27020776 -0.31014273
v -0.21464883 -0.31668672 0.22586790
v 0.23533209 -0.29590106 -0.33801889
v 0.28875270 -0.26016545 -0.25449082
v -0.19939302 0.25776386 0.25528994
v 0.58143806 -0.07751818 0.02432603
v 0.22209570 -0.20544878 -0.32490596
v 0.57787442 -0.12417590 0.13548684
v -0.47603714 0.20543346 -0.20058820
v 0.25284651 0.08516439 0.31177214
v -0.61125803 0.04171419 -0.02924324
v 0.01478187 -0.26636484 0.47971100
v 0.20586875 -0.27234709 -0.29799226
v 0.67469901 0.07378763 0.02296799
v 0.14680953 -0.19042450 -0.51491213
v 0.23031281 0.16524123 -0.41657412
v 0.50664312 -0.19301897 -0.14853671
v 0.62833112 0.01517600 -0.03298658
v 0.27966937 -0.29633781 -0.26825404
v -0.61277157 0.21971641 -0.06730331
v 0.61374664 0.04397723 0.03095929
v 0.16382167 -0.34936601 0.48640364
v 0.60327733 -0.01810734 0.05030978
v 0.02877957 -0.16319865 -0.50882256
v 0.66996938 0.08010727 -0.01955581
v 0.06231779 0.06428012 -0.52843624
v 0.05411568 -0.23672225 -0.41636243
v 0.51146930 -0.04806936 -0.23296979
v 0.63198584 0.05607997 0.03207220
v 0.58345377 -0.10023944 0.05165827
v 0.66239041 0.05875036 -0.03239313
v -0.17466043 0.31680080 -0.10514688
v 0.35904491 -0.31743738 0.16027167
v 0.47859597 -0.10254946 -0.11964002
v 0.52163517 -0.14022236 -0.18600956
v 0.30949479 -0.10868004 -0.44719434
v 0.15685210 -0.15457913 -0.44227883
v 0.35412055 -0.29739663 -0.02314964
v -0.22215638 0.13023941 -0.46103373
v 0.47456735 -0.21478334 0.09817708
v -0.46682960 0.20938148 -0.24963516
v -0.25784585 0.18637124 -0.47453332
v 0.59700620 0.08673408 -0.00113121
v 0.52040082 -0.13140973 -0.09426552
v -0.26071209 -0.32845101 0.23246533
v 0.00493407 -0.34900719 0.47085944
v 0.05876654 -0.10581949 -0.52475023
v 0.12358868 -0.22974214 -0.46363887
v -0.00328705 0.10016257 -0.51392293
v 0.00982463 -0.33676586 0.23573774
v -0.12495685 0.11669113 -0.49547413
v 0.13918713 0.12016673 -0.49534553
v -0.16214031 -0.22327849 0.53056204
v -0.48766434 0.28217292 0.01830515
v 0.19886872 -0.33434695 0.21328208
v -0.02266404 0.39016759 0.19043136
v 0.07016575 0.33645955 -0.16118157
v 0.46679923 -0.25256449 0.13176483
v -0.34644920 0.32053608 -0.04883516
v 0.36996469 -0.17553174 -0.37105122
v 0.63888806 0.09330314 0.03711089
v -0.40499014 0.28695253 0.13684207
v 0.19663876 -0.28442046 -0.36313897
v 0.48213032 -0.15190321 -0.11242601
v -0.35909283 0.29418343 -0.28531057
v -0.13915861 0.13078330 0.47951046
v -0.40408784 0.30917099 -0.09732962
v -0.08758777 -0.13375576 0.53477901
v 0.62032890 0.03343937 0.02668306
v 0.52490133 0.17781834 0.15648358
v -0.13263199 -0.22593851 0.57309705
v -0.32394406 -0.30037394 0.19391698
v -0.42367178 0.08276659 0.34507155
v 0.48867306 -0.20622027 0.14480835
v -0.25245872 -0.30330747 0.42073211
v 0.12791744 -0.37116006 0.49829429
v 0.67419463 0.06527457 0.01984894
v 0.58984727 -0.09462853 0.06197786
v 0.11963287 -0.32598239 -0.18126030
v 0.68240356 0.07187306 0.02848968
v 0.41590700 -0.23039949 -0.00134657
v 0.48422933 -0.12496740 -0.07381213
v 0.08269252 -0.33899507 0.47833294
v 0.01153825 -0.34031954 0.50479615
v 0.59167641 -0.10093297 0.05346215
v 0.13386320 -0.29319939 -0.15967967
v -0.11672892 -0.30034873 0.46601319
v -0.24375188 -0.30293810 0.25679728
v 0.58666009 -0.08067195 0.07681394
v -0.12187603 0.00558454 -0.51378834
v 0.57897913 -0.08766555 0.05836949
v 0.20722079 -0.32130986 0.50253195
v 0.61620325 -0.09030020 0.02520829
v 0.55524588 -0.16450015 0.09840679
v 0.15199794 0.10549618 -0.47805995
v -0.13217793 -0.32805610 -0.09005317
v 0.51219785 -0.11330497 -0.06872362
v 0.54755676 -0.16733931 0.14433175
v 0.20810330 -0.37711298 0.43287510
v 0.54752952 -0.16659796 0.15592825
v 0.39415237 -0.25609082 0.42416614
v -0.06784901 -0.06571931 -0.54048884
v -0.58707231 0.09083515 -0.05057685
v 0.48362276 -0.08688486 -0.07540321
v -0.69928610 0.11291208 -0.05007209
v 0.29775229 -0.28905028 -0.29759285
v 0.34276080 -0.32446432 0.15238628
v 0.20849000 -0.32550111 0.03250596
v 0.41225147 -0.18923400 -0.15563515
v 0.57369846 -0.04041921 0.03331211
v 0.12674239 -0.30340746 0.53871804
v 0.50560552 -0.19187257 0.15538424
v -0.08318481 0.01339446 -0.54078805
v 0.51876873 -0.16860703 -0.06007165
v 0.07976890 -0.08150408 -0.52912939
v 0.04457515 -0.33920538 0.50330496
v 0.14786899 -0.35231802 -0.27788183
v 0.50660992 -0.13596119 -0.09109992
v -0.14666514 -0.32903564 0.47966027
v 0.57724202 -0.10435016 0.07272023
v 0.43201083 -0.25599808 -0.18256924
v -0.26771298 0.32762858 -0.12735191
v 0.67070901 0.06631896 -0.02955148
v 0.25848684 -0.33312809 0.48347482
v 0.51744139 -0.07013024 0.01008874
v -0.29264882 0.05466501 0.39570960
v 0.09303239 0.00300661 -0.52924430
v 0.20143493 -0.35519183 0.44754595
v 0.45297179 -0.25480047 0.13139987
v -0.21860656 -0.32336029 0.40845209
v 0.38087866 -0.25247702 -0.28050077
v 0.57377642 0.02781189 -0.06489015
v 0.06380489 -0.16328791 0.59241635
v 0.51921344 -0.18079707 0.15630305
v 0.20672363 -0.33507529 0.48919734
v 0.14664716 -0.39012980 0.47123110
v -0.23581924 -0.35947868 0.06585777
v -0.04715062 -0.34814626 0.27845573
v 0.60397220 -0.04533488 0.02247006
v 0.44024032 -0.21398348 -0.13722166
v 0.48981333 -0.22174042 0.20423418
v 0.08724113 -0.26569793 -0.47023079
v -0.35724422 -0.33176664 0.14236751
v 0.58468401 -0.10652875 0.06076181
v 0.10256466 -0.18833987 -0.42426816
v -0.03929704 -0.31946731 0.50532407
v 0.44395995 -0.24253277 0.00917336
v 0.47950628 0.20269823 0.16420452
v 0.44254911 -0.27665749 0.15782210
v 0.29707223 -0.28732988 -0.34589654
v 0.55048954 -0.18038628 0.11070484
v -0.09294590 -0.06100670 -0.53603089
v 0.64293325 0.06528263 0.00353405
v -0.57841665 -0.05058372 0.09480544
v -0.65830851 0.20394155 -0.01584862
v -0.50237745 0.18698299 -0.25594932
v 0.28307900 -0.22397029 -0.39924127
v 0.52054471 -0.21112505 0.09602273
v -0.61092854 0.11656346 0.02238920
v -0.48772705 0.10164079 -0.30117548
v -0.04071754 0.14386953 -0.51322162
v -0.17700306 -0.24521211 0.48663533
v 0.45066729 -0.21123661 -0.17869234
v 0.64135218 0.04807444 0.00597954
v 0.56014466 -0.11331597 0.05467650
v -0.40183556 0.26728976 0.14015438
v 0.42475724 -0.21430378 -0.26403895
v 0.16874616 -0.34168249 0.08007333
v -0.08111838 0.14410898 -0.48456490
v 0.60367340 0.04894184 0.03903942
v 0.32168135 -0.27948412 -0.30494961
v -0.48944408 0.06804504 0.21585824
v 0.46020317 -0.14550459 -0.14798328
v 0.25153878 -0.18137267 -0.32862759
v -0.55184138 0.22583181 -0.07882757
v 0.49510229 -0.17156492 -0.04369393
v 0.09924853 -0.38306326 0.49520472
v -0.37462035 0.17772639 -0.42462859
v -0.00945351 0.31772095 -0.29335630
v 0.29885697 -0.26533687 -0.24910462
v 0.12934206 0.31908563 -0.13090727
v 0.55786592 -0.06926502 -0.04819557
v 0.56017768 -0.13864563 0.08009288
v 0.14176495 -0.35535347 0.46377498
v 0.57677746 -0.12898037 0.08048046
v 0.52390373 -0.15035367 0.14336836
v 0.34094265 -0.29859385 -0.19893408
v 0.52627766 -0.14600745 -0.12255433
v 0.64827400 0.03030189 0.04278226
v -0.50885433 -0.04333106 0.02782694
v -0.12502348 -0.36172530 0.42704946
v -0.05944663 -0.25087160 0.58689308
v 0.09862009 -0.28058323 0.53779554
v -0.65305239 0.02731280 0.00611164
v -0.52817053 0.07841715 -0.22165790
v -0.28547767 -0.29739302 0.41140622
v -0.02876882 0.34328899 0.02944366
v 0.43853694 -0.23317522 -0.16282764
v 0.56683457 -0.14814162 0.07958359
v 0.59805167 0.01738007 0.05437946
v -0.07142425 0.37130612 0.03178076
v -0.41181603 0.31707177 -0.13296142
v 0.46356815 -0.24373659 0.09477574
v 0.18431389 -0.25925517 -0.40945089
v 0.67757589 0.07681186 0.01858577
v 0.34579843 -0.13400377 -0.29673085
v 0.41883993 -0.26453045 -0.13294411
v 0.62701225 0.03762029 -0.01425582
v 0.31232139 -0.31211707 -0.25198171
v 0.45341647 -0.20604956 -0.22866184
v 0.66090441 0.08879444 0.02382657
v -0.50599265 0.16065866 0.19146538
v 0.04242897 -0.18049774 -0.49258530
v 0.03740424 0.22987622 -0.43904698
v 0.52439034 -0.14945586 0.08570296
v -0.08266203 0.40344566 0.08723705
v 0.25953141 -0.34181193 0.44896305
v -0.02951670 -0.10392375 0.49866152
v 0.55664974 0.01223190 -0.01065840
v 0.63563001 0.03809944 -0.01005563
v -0.19193000 -0.25747961 0.50223327
v 0.06912786 -0.27269524 -0.29776138
v 0.59560931 -0.11328787 0.08440721
v -0.05096297 -0.12013011 -0.52849233
v 0.60375547 0.04944016 0.04222003
v -0.21814996 0.38341579 -0.07286484
v 0.27484030 0.17084897 -0.37939790
v 0.60341257 0.02811557 0.03887770
v 0.13461718 -0.00709061 -0.54663420
v -0.44157311 0.28348497 -0.00388005
v -0.50293463 0.21327102 -0.13444510
v 0.59964663 0.05206870 0.02969827
v 0.67347872 0.09654906 0.02565211
v -0.18223843 -0.29138947 0.40240645
v 0.11207761 -0.21115586 -0.46594787
v 0.66988510 0.12760946 0.04896548
v 0.58080691 -0.10016969 -0.06010261
v 0.11608729 -0.04623885 -0.52073443
v 0.66089201 0.10537796 0.00315362
v 0.10987327 -0.12349764 -0.54263890
v 0.17030124 -0.34330335 0.45842758
v 0.45220691 -0.25210351 0.19983482
v 0.60971403 0.04130574 0.03093314
v -0.05255505 -0.36749703 0.47537726
v 0.05641311 -0.33554846 -0.37300682
v 0.65825444 0.13764164 -0.00081101
v 0.55333012 -0.09915180 -0.11724919
v 0.56743586 0.01160799 0.05851686
v 0.20299813 -0.32411164 0.49606088
v -0.40056884 -0.13949256 0.39644223
v 0.02672215 -0.27201557 0.57014191
v 0.19798380 -0.38834915 0.43135136
v 0.02327987 -0.32656664 -0.38408327
v 0.50380147 -0.15247262 -0.12297559
v 0.54575205 -0.15657420 0.08569556
v 0.66689944 0.06084555 0.00513321
v -0.02387935 -0.09443283 -0.53344607
v 0.61144567 -0.05598915 0.05308908
v 0.48312032 -0.14178324 -0.06835517
v 0.42489985 0.19071440 -0.20550576
v 0.48037124 -0.19555965 -0.19667539
v -0.28560108 -0.31068736 0.40670124
v -0.54122937 -0.12842959 -0.06677973
v 0.43350893 -0.21343993 -0.15681168
v 0.34603551 -0.20526342 -0.17500415
v -0.05403748 -0.12843844 -0.51161706
v 0.14862081 -0.07433630 -0.53278100
v -0.16257814 -0.14079979 -0.49521434
v -0.34139031 0.10538623 -0.45459935
v 0.60615867 -0.05314033 -0.05521187
v -0.38811514 0.31335461 -0.04792476
v 0.63795507 0.02440169 -0.01032916
v 0.67731369 0.07847676 -0.00056583
v -0.43640530 0.02040125 -0.37269557
v 0.52695918 -0.15170795 -0.14008537
v 0.59424061 -0.09373775 -0.05213970
v 0.33757019 -0.31460705 0.19269776
v -0.54671764 0.25661302 -0.02219182
v 0.52229428 -0.16672114 -0.13003582
v -0.39606416 0.29785544 -0.00390600
v -0.57499981 -0.05183876 0.07237905
v 0.46395034 -0.18766147 -0.15536751
v 0.10991187 -0.38397971 0.43977031
v 0.54800373 -0.16332713 -0.07930440
v 0.63194925 0.04789346 0.08713667
v -0.13303736 -0.26455587 0.53256327
v 0.40247405 -0.22050416 -0.11887568
v 0.36373258 -0.25164583 0.44698933
v 0.61098325 0.02845714 0.00469902
v 0.56423104 -0.15233438 0.11567819
v 0.65678203 0.12668899 -0.00657579
v -0.55746597 -0.18643749 -0.16349781
v 0.44041097 -0.22748309 -0.22085682
v 0.36269999 -0.30832320 0.14505732
v 0.42591146 -0.26042131 -0.15013081
v 0.18168308 0.27624521 -0.31463975
v 0.24894166 -0.32106566 0.47124290
v -0.61171579 0.23367132 -0.04735178
v 0.08596244 -0.17164364 -0.51671070
v 0.51850820 -0.19283140 -0.06664935
v 0.21487311 -0.36145288 0.47241852
v 0.14005704 0.17583865 0.23220998
v 0.60937160 0.03234300 0.01773441
v 0.42863956 -0.12203187 -0.13598451
v 0.44310904 -0.25647914 -0.14604133
v 0.56054169 -0.12036616 -0.03831270
v -0.14204134 -0.20487824 0.51028234
v 0.23040099 0.28363895 -0.33021224
v -0.26211140 -0.32468015 0.12376103
v 0.66639042 0.07130346 0.01752722
v 0.49808976 -0.18008170 -0.13866943
v 0.07426983 0.13272727 -0.48832422
v -0.45213872 0.25997490 0.03752067
v -0.28013244 -0.11615193 0.45654291
v 0.25156832 0.32114297 -0.06200771
v -0.22521853 0.01665267 -0.52885544
v 0.58495450 -0.11536114 0.07359058
v 0.36656994 -0.29015207 -0.18584844
v -0.37104690 -0.03671075 -0.46970707
v -0.55889440 0.13290039 0.16000903
v 0.59359336 -0.02915308 0.03711846
v 0.42739946 -0.07727404 -0.19659442
v 0.65151656 0.03682697 0.01793116
v 0.39937189 -0.23564079 -0.19831270
v -0.41089457 0.32455653 -0.09553526
v 0.41710550 -0.16492973 -0.13655597
v -0.07888964 -0.18566284 0.59765047
v 0.52813345 -0.12679216 -0.17387986
v 0.51014090 -0.19403148 0.14119819
v 0.52089155 -0.15005812 -0.10063243
v 0.22441640 -0.33375400 0.45812675
v 0.60078889 -0.07472572 0.05487537
v 0.08327535 -0.37386531 0.45684421
v -0.15355806 0.06609541 0.52208608
v 0.43116838 -0.24491076 -0.13291401
v -0.34524903 0.18607131 0.30937383
v -0.50181597 0.22506952 -0.16595218
v -0.31461591 0.12542298 0.40269297
v 0.03347415 -0.16073625 0.57887644
v 0.65976667 0.03764543 0.00458360
v 0.02903652 -0.34338975 0.53042710
v -0.20191705 0.14858402 -0.47298738
v 0.53810906 -0.12506472 -0.03859919
v 0.26529464 -0.30814004 0.47274405
v 0.67204809 0.15373638 0.03656656
v 0.00208151 -0.37520427 0.49441671
v 0.58262384 -0.08723058 0.04901421
v 0.47949168 0.10806982 -0.20414132
v 0.52317041 -0.16257316 -0.14602411
v 0.26837093 -0.27106553 -0.23556656
v -0.58716166 0.00000791 0.01481294
v 0.02980095 0.06466088 -0.50781429
v 0.43426639 -0.17611150 -0.28564224
v -0.61561120 0.19599962 -0.02824228
v 0.12743858 0.39880332 0.15237294
v 0.56593335 -0.06002510 0.02766854
v 0.04948118 -0.38142192 0.49912956
v 0.65349388 0.08322138 -0.02361178
v 0.59695888 -0.07854375 0.07146549
v 0.66530609 0.06413859 -0.02805981
v 0.14396781 -0.13697660 -0.45447052
v 0.59007108 0.05953098 0.03651318
v -0.60386866 -0.07704884 -0.06390136
v 0.20648879 -0.37880436 0.45005995
v -0.00168450 -0.25927654 -0.53585422
v 0.56038386 -0.07956740 -0.08787456
v -0.30197990 0.25371990 0.26819828
v 0.52918512 -0.13235521 -0.11213323
v 0.19987759 -0.33132985 0.50064963
v -0.46306843 -0.20902526 -0.03189015
v -0.59919834 0.24376887 -0.00862364
v 0.66551918 0.08945969 0.01301342
v 0.10877341 -0.31037438 -0.40489930
v -0.61203581 0.02705210 -0.10125659
v -0.04014751 -0.04668828 0.52790922
v -0.53263003 0.19693366 -0.10732436
v -0.46300504 -0.17985120 0.20058389
v 0.54364073 -0.11103146 -0.13918206
v 0.48309687 -0.17561926 -0.16737103
v 0.63766581 0.08730174 0.02626792
v -0.12526974 -0.30618271 0.17218617
v 0.18352973 -0.37791613 0.48623252
v -0.10764568 -0.30439067 0.39464837
v -0.16555303 -0.33210048 0.25410438
v 0.60134089 0.06074787 0.01865008
v -0.03692073 0.31206405 -0.27750653
v -0.28605199 -0.02454819 0.48941648
v 0.46557730 -0.16082141 -0.04132800
v -0.48126876 0.28414237 -0.08427978
v 0.57106209 -0.10635272 0.08150321
v 0.44998479 -0.21365017 0.00376728
v 0.07398605 -0.31489107 0.55314589
v 0.26729968 -0.18125777 -0.31824827
v -0.04084229 -0.23880136 -0.40645140
v -0.04985285 0.05830145 0.54572296
v 0.39870295 -0.14739802 -0.19947557
v -0.52262306 0.25403461 -0.08846867
v 0.45472878 -0.15659118 -0.11680893
v 0.61735845 0.05233169 -0.02629885
v 0.56385928 0.00986053 0.05553573
v 0.48041743 -0.18010968 -0.20859662
v 0.56851119 0.01597676 0.01585951
v -0.51085103 -0.17398614 0.01878406
v 0.15704025 -0.29648477 -0.28705460
v -0.53125411 0.26763216 0.02333440
v 0.42748451 -0.18001854 -0.26818329
v -0.23752156 0.25595409 -0.38495576
v 0.12075305 -0.11087310 -0.52469009
v 0.03724995 0.27375484 -0.31586096
v 0.12030919 -0.34948552 0.22491783
v 0.55720729 -0.13438335 0.09556693
v -0.15958926 0.35096085 -0.12451748
v -0.61530715 0.17004779 -0.09974253
v -0.47318739 -0.18159741 0.08286080
v 0.66578162 0.15191337 0.01482335
v 0.57851005 -0.04392517 -0.06702304
v 0.58602732 -0.04835141 0.05319881
v -0.62182057 0.19470036 -0.07645941
v 0.50163877 -0.16760877 -0.13419962
v -0.10823013 -0.20272791 -0.45673996
v 0.55263251 -0.09202638 -0.16129187
v 0.67792869 0.12252674 0.10258739
v -0.04491602 -0.29188722 0.51493001
v 0.51116097 -0.13921355 0.00704373
v 0.40960106 -0.23989430 -0.26508680
v 0.55535001 -0.16119227 -0.03988782
v -0.01470128 -0.02456233 0.50213933
v -0.55037004 0.22759792 -0.10754582
v 0.37715906 -0.29707801 -0.21431336
v 0.44498158 -0.21133325 -0.03386675
v 0.60333633 -0.07292608 0.05155724
v -0.27940544 -0.29053950 0.25598145
v 0.50378680 -0.22760370 0.09790769
v 0.66824114 0.10557482 0.00382039
v -0.13196926 -0.21537820 0.54789340
v 0.08461021 -0.21988770 -0.39902580
v 0.45629606 -0.21602389 -0.14041278
v -0.64762068 0.18617311 -0.00037338
v -0.46126950 0.26891854 -0.21501128
v -0.25099009 0.03102919 -0.51790982
v 0.22765803 -0.27109808 -0.18390289
v 0.06766382 -0.08138198 -0.51595956
v 0.59799194 -0.06861635 -0.06516007
v 0.53119582 -0.15891296 -0.07314262
v 0.56362295 0.02381337 -0.00890331
v -0.20754018 0.01051214 0.51630068
v 0.27457204 -0.17484522 -0.30556262
v 0.43551642 -0.18976033 -0.26054242
v -0.22917439 0.34993893 -0.13139877
v -0.35314995 -0.30589986 0.00663361
v 0.58279121 -0.01629951 -0.00921872
v 0.37863728 -0.27734348 0.02873376
v 0.15762699 -0.33743173 0.50339007
v 0.16872770 -0.37348369 -0.20549452
v 0.45507506 -0.22697747 -0.11134732
v 0.12517729 -0.36363423 0.49684811
v 0.25381595 -0.23319274 -0.27207151
v 0.03035265 -0.32280859 -0.40476653
v 0.58218199 -0.14018938 0.08128780
v 0.31133038 -0.37674028 0.40855885
v 0.01406378 0.35809353 0.07666869
v 0.04755521 -0.35753894 0.48875621
v 0.14422467 -0.22420195 -0.40018097
v 0.02485734 -0.30348462 -0.41057697
v -0.55857503 -0.13491893 -0.22650875
v 0.55739933 0.00463039 0.06516516
v 0.47201490 -0.17801377 -0.15860003
v 0.52561873 -0.15277463 -0.11500162
v 0.27862594 -0.29430196 -0.18965694
v -0.43759555 0.31222293 0.01583570
v 0.20982580 -0.33978090 0.05275477
v 0.04678144 -0.30362180 -0.43717915
v -0.37293011 0.27946034 -0.16794227
v -0.39603311 0.30915827 -0.13237777
v 0.10431132 -0.35979971 0.53710854
v 0.03141278 -0.35628873 0.48349243
v -0.30625609 0.23837876 -0.35618898
v 0.36467355 -0.30303764 -0.18908146
v 0.66032875 0.06656173 -0.01647606
v 0.13205121 -0.00998110 -0.51615816
v 0.53627616 -0.14775887 -0.07257068
v 0.48553696 -0.24648963 0.14295167
v 0.43013155 -0.26354361 -0.19565913
v 0.02438509 -0.25651923 -0.45899829
v 0.17319858 -0.33964455 0.50798249
v -0.17573118 0.11016691 0.45000753
v 0.42594904 -0.26179901 -0.17896846
v 0.65724236 0.06282410 0.00370297
v -0.32891834 -0.34637910 0.05965564
v 0.06422257 -0.13527292 -0.51294863
v 0.65145355 0.11346515 0.03125662
v 0.66276568 0.14221242 -0.00209707
v -0.07193312 0.09062043 -0.52586424
v -0.44664598 -0.07542491 0.30987930
v 0.05694152 -0.14413908 -0.46034068
v -0.25147718 -0.29999363 0.20566761
v 0.58687317 0.09023092 -0.01507327
v 0.65425277 0.01981992 -0.03105575
v 0.55724359 -0.15796152 -0.10937825
v 0.66457283 0.06474915 -0.01294431
v 0.26350629 0.20236011 -0.40106988
v 0.09706953 -0.27030736 0.56984657
v -0.29609600 -0.31651294 0.14774868
v -0.41295496 -0.26474580 -0.05868897
v -0.03408575 0.33643940 -0.11427236
v 0.02820194 0.11039177 -0.55355060
v -0.03911936 0.24516983 -0.48856500
v 0.23885891 -0.34998721 0.16961050
v -0.03845287 -0.32482344 0.28510520
v 0.45365787 -0.21964613 -0.19825536
v 0.66956663 0.09274092 -0.01232770
v 0.50554413 -0.17806034 0.05617458
v 0.66269398 0.04764725 0.01683328
v 0.03025825 -0.31855434 0.00529566
v 0.09665960 -0.25033227 -0.47118464
v 0.19559865 0.12517545 -0.46034080
v 0.65574646 0.05515012 -0.01672113
v -0.35577893 0.02512327 -0.45430607
v 0.25852174 -0.30998784 -0.21379298
v 0.04745650 -0.10504922 -0.52849197
v -0.30871439 0.32349488 0.06174950
v 0.48268110 -0.21558380 0.05346835
v 0.33746508 -0.31520110 0.18368748
v -0.41208833 0.28549811 -0.02858610
v -0.43247867 0.29128948 0.05876216
v 0.49391755 -0.09733508 -0.04635981
v -0.49584544 0.16500705 -0.21421778
v -0.44802910 -0.12623309 0.24559376
v 0.44962278 -0.24109526 -0.13026717
v 0.57238185 -0.10380766 0.05720785
v -0.61601734 0.04918864 -0.03477756
v 0.18898159 0.07382330 -0.46096182
v -0.23269480 0.37501633 -0.12912849
v 0.42918640 -0.24696192 0.03401923
v 0.33647668 0.25803378 -0.27387461
v -0.23098795 -0.25735867 0.33694965
v 0.63935709 0.10404666 0.02832025
v -0.04997900 -0.35177714 0.52932680
v 0.21902707 -0.31914034 -0.23037931
v 0.66891235 0.12087503 0.01973915
v 0.60493648 -0.06451879 0.08674943
v 0.48235783 -0.14164615 -0.07670000
v -0.35890290 0.21014753 0.24254611
v 0.63334358 -0.04255135 -0.04163325
v -0.14016317 -0.32574201 -0.14983782
v 0.41526794 -0.30814657 0.26183432
v 0.43035808 -0.28242326 0.19598895
v 0.46241277 -0.20456836 -0.18858626
v -0.24849083 0.38884950 -0.18804972
v -0.33772883 0.31372118 0.05733031
v -0.11851004 -0.37821466 0.40326414
v -0.25044578 0.25795588 0.29168934
v -0.55384856 0.15680085 0.00885220
v -0.09452151 -0.32427162 0.50654632
v -0.58728808 0.10695083 0.01465496
v -0.23651221 0.36851883 -0.06997931
v 0.63471878 0.03580524 0.00441980
v 0.51155728 -0.16244482 -0.10925883
v 0.05080380 -0.31437275 0.35925588
v 0.55247313 -0.15458092 0.15049243
v 0.50329459 -0.21516319 0.13749433
v -0.09947148 0.00881180 -0.53664345
v -0.20008010 -0.29092902 0.49073431
v 0.62661684 -0.06042570 -0.00976941
v 0.58498704 -0.03888730 0.08874524
v 0.37191328 -0.21936359 -0.09661410
v 0.59775084 -0.05613419 0.00415057
v -0.13778971 -0.31569073 0.36916700
v 0.17521611 -0.31079629 -0.30336243
v 0.40615547 -0.28445253 -0.12630993
v 0.54281968 -0.07712794 -0.00500253
v 0.43912083 -0.11373466 -0.16242447
v 0.67440492 0.07518950 -0.00029236
v 0.25348076 -0.15419322 -0.34436470
v -0.26339981 -0.33022994 0.20642316
v 0.20577556 -0.36979166 0.24497926
v -0.00383320 -0.22601023 0.57971954
v 0.31088167 -0.33517060 0.14213434
v 0.10922724 -0.13457978 -0.53509915
v -0.23667175 0.13638276 0.39867491
v 0.17662075 -0.30545247 -0.25065517
v 0.58578050 -0.08276615 -0.06379685
v -0.26463658 -0.27908316 -0.26330101
v 0.65587866 0.02816203 -0.01494119
v 0.38402605 -0.14145109 -0.22008198
v -0.19335315 0.26037377 -0.37830603
v 0.00138098 -0.19838068 -0.48079982
v 0.08226824 -0.32403463 0.52910757
v -0.56920069 -0.11193861 0.15754205
v 0.06953362 -0.37864041 0.48571631
v -0.20346662 0.16578856 -0.49005926
v 0.25941628 -0.29284492 -0.23951161
v 0.65719354 0.09210677 0.00676367
v -0.08232691 -0.19256803 -0.47919610
v -0.21781984 -0.30024320 0.27376089
v 0.07851078 -0.28561610 -0.28208879
v 0.32698232 -0.10825253 0.03933111
v -0.26076794 0.00381976 -0.48549506
v 0.46750319 -0.12002993 -0.22448497
v 0.50716281 -0.22898966 0.10771108
v 0.11287040 -0.35943413 0.46974578
v 0.45655674 -0.24260125 0.19697553
v 0.37303567 -0.31536520 0.39344776
v 0.02780588 -0.23547556 0.58563352
v 0.61288840 0.01892344 0.02980945
v -0.56106538 0.03770769 -0.19933431
v 0.57633615 -0.06746382 -0.00902912
v -0.33048084 -0.15267608 -0.43103868
v -0.09801179 0.27221307 -0.40880638
v -0.58593947 0.13629648 -0.07889591
v 0.03949308 -0.25307015 -0.41501918
v -0.05512192 0.27873695 0.32090285
v -0.06108357 0.06396956 0.51581967
v -0.00103009 -0.22372031 -0.46234024
v -0.32227570 -0.05610916 -0.50134367
v 0.29132915 -0.31648535 0.13843796
v 0.47801194 -0.18236560 -0.12936851
v -0.54031181 0.27262700 -0.00142658
v -0.06933907 -0.14593670 -0.52075458
v -0.08614688 -0.34356463 0.49046081
v 0.64067173 0.00945665 0.05188504
v 0.70760977 0.08073217 0.02204871
v -0.57663876 0.14382073 -0.12916005
v 0.62725973 0.03377950 0.01639089
v 0.62902385 -0.02383891 -0.05221796
v -0.28459302 0.35856998 -0.08311534
v 0.34441593 -0.29029536 0.42044857
v 0.44631514 -0.25905347 0.17486602
v 0.67636740 0.11979795 -0.00989842
v 0.64103842 0.02258544 0.04180059
v -0.61147988 0.16834304 -0.12966031
v 0.35992870 -0.26532489 -0.30290577
v 0.29529315 -0.31106958 0.16626763
v -0.16651843 -0.09660897 -0.52406496
v -0.21754318 -0.13956389 -0.47214714
v 0.62357557 0.01010938 -0.01183203
v 0.49500346 -0.12688768 -0.10057205
v -0.06254278 -0.13256139 -0.50855172
v -0.12831046 -0.31279212 0.38787115
v -0.22194289 -0.20317630 0.50685495
v 0.36457723 -0.31436208 0.22784361
v 0.56719321 -0.11730954 0.02589428
v 0.50598860 -0.05707181 -0.02523512
v 0.42007223 -0.09052597 -0.18572916
v -0.19351241 -0.09217800 0.48532569
v -0.10997467 -0.20697631 -0.51040250
v 0.00612640 -0.36525536 0.46380702
v -0.32068372 0.03354764 -0.49840701
v -0.30173308 0.33379698 -0.02811885
v -0.12360133 -0.27147949 0.53922111
v -0.55885804 0.28288943 0.01533595
v 0.57676858 -0.08115105 0.03196037
v 0.64606947 0.05104589 0.01948625
v -0.56410050 0.12285176 -0.21479157
v 0.60002708 -0.08961096 0.05646795
v 0.02139099 -0.07336830 -0.55459917
v -0.38544202 0.33380383 0.02423987
v -0.14818114 0.40095505 0.07819296
v 0.14466077 -0.25353608 -0.47059625
v 0.13327670 -0.29731464 -0.36132935
v 0.49156702 -0.16842830 -0.10470703
v 0.75068820 0.20791835 -0.03108291
v -0.36271346 -0.15219553 -0.44696313
v 0.32245421 -0.32899299 0.21924698
v -0.15643771 0.34530488 -0.25999370
v 0.22707541 -0.32052422 0.42722392
v -0.55674517 0.20167494 -0.09994271
v 0.30878335 0.16109765 -0.35414934
v 0.56075197 -0.17498598 0.05402714
v 0.17872477 0.34355354 -0.08080503
v 0.53234565 -0.20772991 0.11528498
v 0.00766665 0.03432737 0.54790127
v 0.58680767 0.03063707 0.00552528
v -0.27479291 -0.26915732 0.49029988
v -0.22187096 -0.24864285 -0.31529167
v 0.55568469 -0.02002292 -0.02673212
v 0.41191068 -0.29820558 0.19995332
v 0.28618839 0.28859109 -0.07579473
v -0.13166443 -0.07194106 0.55113125
v -0.01935816 -0.33986998 -0.11281955
v -0.05864444 -0.24914423 -0.41770047
v -0.09056690 -0.35426074 0.20896986
v -0.49536243 -0.14670911 0.18267801
v 0.49988964 -0.16610906 -0.08048886
v 0.18513602 -0.37544191 -0.21423686
v -0.08617726 -0.06330408 0.53226620
v 0.02509660 0.21319169 -0.48217452
v 0.65097082 0.08553712 0.04671907
v 0.53607619 -0.16974720 -0.06516173
v 0.49375710 -0.13983470 -0.02937087
v -0.35411617 -0.05601349 0.45636097
v -0.33411846 0.36535457 -0.00363722
v -0.41691077 0.27352023 -0.14949828
v 0.57135510 -0.02157964 0.02532896
v -0.34303340 -0.33592990 0.02350283
v 0.21182534 -0.34155098 0.49219918
v 0.58315861 0.04679298 0.06388235
v -0.26665497 0.28046095 -0.29178193
v 0.66809094 0.08158499 -0.00104898
v 0.49984479 -0.18766442 -0.12663364
v 0.30718437 -0.30230337 0.45086426
v 0.32341200 -0.27753329 -0.30916339
v 0.14090355 -0.12421406 -0.54844618
v 0.42843926 0.05194525 -0.30464917
v 0.40338001 -0.23481193 -0.29739818
v 0.58421332 -0.08599102 -0.08742329
v -0.00024530 -0.29157692 0.55785841
v 0.55934739 -0.13432199 0.06718343
v -0.33780622 -0.21366455 0.35738236
v -0.16721009 -0.22549975 -0.42545974
v 0.27556515 -0.22258863 -0.23687688
v 0.66978467 0.06048846 -0.01084813
v 0.10495061 -0.34879783 0.29414782
v 0.44388753 -0.24660626 0.16819829
v 0.53094995 -0.13565746 -0.12191060
v 0.02300408 -0.37185222 0.48676965
v -0.22071096 -0.12741345 -0.51864481
v 0.58799368 -0.05585197 -0.01851778
v 0.36136219 -0.29377690 -0.16625556
v -0.37236881 -0.28997573 0.32731187
v 0.06064379 -0.26447421 -0.33196342
v 0.12524995 0.34871912 -0.07731785
v 0.29265147 -0.26065663 -0.26185581
v 0.39604765 0.08924536 -0.32577094
v 0.56875867 -0.00495862 -0.03123121
v -0.06896031 0.34224024 -0.11124529
v 0.64758140 0.04126266 0.00695819
v 0.50880557 -0.15824255 -0.16265839
v 0.06008753 0.20683618 -0.47769636
v -0.09340230 -0.21249965 0.58134133
v -0.09394595 -0.30805457 0.53656864
v -0.26464278 0.16028094 0.33893090
v 0.07559958 0.09805766 -0.51236212
v 0.45882520 -0.24813554 -0.08830541
v 0.29221392 0.07480526 -0.40489456
v 0.04963449 0.39119467 -0.22489035
v 0.31812876 -0.26914671 -0.26998001
v 0.51790309 -0.17446393 -0.12456453
v 0.00315744 0.25481772 -0.41353273
v 0.47704297 -0.17705709 -0.18926534
v 0.41908726 -0.22337726 -0.24962220
v -0.00194877 -0.16560113 -0.50256157
v 0.06744817 -0.29033902 -0.32855588
v -0.30624390 -0.28112635 0.25572747
v -0.01868267 -0.04531812 -0.57408214
v -0.32712585 -0.24074939 0.42590427
v 0.60630059 -0.07785586 0.04782480
v -0.15107304 -0.07794517 0.55001491
v 0.07564832 -0.08749208 -0.52042311
v 0.56137651 -0.10165330 -0.07376342
v -0.35827315 0.15499917 0.36436486
v 0.22791314 -0.27742547 -0.16398913
v 0.06923872 -0.39642692 0.49180117
v -0.17302567 -0.27498323 0.46890664
v -0.22908291 0.28770587 -0.27909696
v -0.11230609 0.29822499 -0.23537180
v -0.55670321 0.23446676 -0.03174971
v 0.30739039 -0.31063944 0.17810574
v -0.57194734 0.23153855 0.02013329
v 0.26816761 -0.06591929 -0.49009264
v 0.33363718 -0.26384625 -0.14274514
v -0.04824817 0.29548582 -0.27641231
v -0.00038783 -0.16943073 -0.53184813
v -0.00882385 -0.12376387 0.51569760
v 0.51712847 -0.13092677 -0.05307940
v -0.56674117 0.04001281 -0.20957726
v 0.09596919 -0.35591018 0.47980285
v 0.59940028 -0.03979460 -0.09809071
v 0.41841704 -0.11306810 -0.14988469
v 0.39620402 -0.23588230 0.43427715
v 0.56122994 -0.06199636 -0.05664200
v -0.39311540 -0.27088401 0.09820542
v 0.16069809 -0.28478554 -0.39049521
v -0.29041693 -0.26947102 0.37492818
v 0.39487430 -0.27974647 0.13149861
v -0.12497047 0.08288136 0.49884197
v 0.42359120 -0.29724634 0.19503361
v 0.04480844 -0.34700128 0.24318525
v -0.47950709 0.06712282 0.28598154
v 0.44249606 -0.24683875 0.20482135
v -0.54830587 0.24815023 -0.04142497
v -0.67679667 -0.06054693 0.00918193
v 0.15269816 -0.35985973 0.48968962
v -0.09319277 -0.34077787 0.27196413
v 0.56455153 -0.08031115 0.02946988
v 0.61483741 0.00051048 0.03662527
v -0.38896573 0.09944745 0.32063755
v 0.44895402 -0.19369650 -0.25273579
v 0.59733564 0.00921264 -0.02821267
v 0.50222749 -0.07524936 -0.09311154
v 0.56902617 -0.14690241 -0.05620700
v -0.44177997 0.29821587 0.06661177
v 0.29100832 -0.33302775 0.19086668
v -0.61161029 -0.01166992 0.02662124
v -0.17846698 -0.32941133 0.45785886
v -0.16996229 0.41030276 0.04754837
v 0.28526914 0.34513280 0.06466576
v -0.67537963 0.15105200 -0.00656369
v -0.18363684 0.25378084 -0.39235955
v 0.39803398 0.03077227 -0.38379622
v 0.57173133 -0.16723457 0.06176534
v -0.42547598 0.27798614 -0.28066963
v 0.15623716 -0.18749264 -0.47062224
v 0.43001184 -0.21113431 -0.20967421
v 0.55518973 -0.12444717 0.07571131
v 0.13496259 -0.26009279 0.56850004
v 0.38202775 -0.30510765 0.16433597
v 0.65388799 0.00678426 -0.03087997
v 0.09004685 -0.26174209 0.44759542
v 0.02731340 0.37747693 -0.05043254
v 0.65739572 0.05112454 -0.03467485
v -0.43510056 -0.17180495 0.32209891
v -0.25375098 0.06147528 -0.52892399
v -0.12344465 0.08559050 0.53139323
v 0.05998690 -0.27168471 -0.32923159
v 0.02901292 0.31138769 -0.31142652
v 0.49979681 -0.22824676 0.17096233
v 0.39798635 -0.28683543 -0.18318430
v 0.36584109 -0.14499056 -0.23280121
v 0.61362761 -0.02441439 0.08010411
v 0.42478991 -0.26247245 0.17832887
v 0.65216136 0.01127331 -0.02146888
v -0.14584088 -0.32585388 0.27373168
v 0.44966924 -0.26242930 0.16521066
v 0.37180448 -0.24508652 -0.32813677
v -0.02141629 -0.34057766 0.15867746
v -0.28231686 0.04444921 0.50297928
v -0.27552497 -0.22457957 0.44636050
v 0.14838223 -0.27589369 -0.43495554
v -0.03653266 -0.36242393 0.45019716
v -0.14899337 -0.15907098 0.56612295
v -0.05274296 -0.31845951 0.49262375
v -0.30246213 0.19885866 -0.38964242
v -0.18502375 -0.22278319 0.51088250
v 0.22295046 -0.33686540 0.51381898
v 0.37888852 -0.21547252 -0.13541055
v 0.03821152 -0.24021475 0.60027975
v 0.18584399 -0.23943621 -0.29923835
v 0.51269048 -0.14484325 -0.18282601
v 0.66394526 0.11938933 -0.00226849
v 0.28630862 -0.29431996 0.48007780
v 0.45289427 -0.24430048 0.23610258
v -0.20670791 -0.01672506 -0.51643312
v -0.00559282 -0.25111091 -0.41430113
v 0.55890429 -0.14949702 0.05095330
v 0.40211985 -0.23905542 -0.23813042
v 0.32134849 0.04490373 -0.42935047
v -0.34148034 -0.26444101 0.20754899
v 0.65439683 0.10840079 0.01851735
v -0.14884806 0.30218410 -0.36722416
v 0.02462664 -0.18720987 0.59081668
v -0.06197090 -0.17810684 -0.52542132
v -0.43158939 0.18718836 -0.31015304
v 0.51424682 -0.19886392 0.16406304
v 0.67862308 0.08464959 -0.00646639
v 0.48925751 -0.08525452 -0.04769534
v -0.76115578 0.06978852 -0.02429370
v 0.04846378 -0.30499992 0.57561696
v 0.42094558 -0.27405047 0.14391643
v -0.19257955 -0.00250307 -0.53385091
v 0.59047794 -0.08891087 0.08493119
v 0.60934609 -0.05829416 0.07494274
v 0.17169893 -0.32703346 -0.31113693
v 0.60203212 0.00540108 0.02455300
v 0.51630497 -0.16148092 -0.13935599
v 0.02346028 -0.14320953 -0.49034911
v 0.09178907 0.02560377 -0.52212644
v 0.07263047 -0.01495317 -0.50347948
v -0.51197100 0.27814734 -0.02835265
v -0.36515731 -0.20004936 0.37392908
v 0.58562732 -0.08362557 0.07720321
v 0.20510568 -0.30430335 0.49547464
v 0.31665087 -0.33705884 0.17186481
v -0.17297412 -0.30112946 0.00293145
v 0.34045336 0.16835473 -0.31785437
v 0.48031667 -0.15914550 -0.25475442
v -0.11805984 0.28734481 -0.34640279
v 0.00726950 -0.15744457 -0.51600099
v -0.30593908 0.32754177 0.10354485
v -0.31812251 -0.30838966 -0.10938165
v 0.07224041 -0.38154203 0.50438309
v -0.39278793 0.33551458 0.00261423
v 0.58486021 -0.11120453 0.05578101
v 0.56859940 -0.12189281 -0.09789473
v 0.17482480 -0.23518744 0.57962698
v 0.65065366 0.02414720 -0.01683563
v 0.25360152 -0.32413846 0.04677679
v -0.08695909 -0.33840925 0.51260996
v 0.08065307 -0.30620816 -0.38923311
v -0.03384519 0.36838481 -0.00602065
v 0.64076847 0.07768382 0.04410145
v 0.64211798 0.07507488 0.01323807
v 0.34803367 0.02524969 -0.37958169
v 0.57561040 -0.15539345 0.07830772
v 0.50203288 0.08835369 -0.17114270
v -0.38694215 -0.20898068 -0.25362757
v 0.59066641 0.00532644 -0.00237307
v -0.07025857 -0.22775573 -0.42457250
v 0.52166808 -0.20550227 0.10547686
v 0.13617656 -0.32831115 0.52286267
v -0.18110624 -0.29289341 0.49693301
v 0.40247205 -0.12445255 -0.18664381
v 0.15205705 -0.28088900 -0.31699672
v -0.11746782 0.01103656 0.52626824
v -0.26390868 0.29310921 -0.04825092
v -0.41897860 -0.26850569 -0.01780772
v -0.16989399 -0.10998058 -0.49190009
v 0.55547166 -0.14970103 0.17454487
v -0.04767716 -0.32834774 0.53580320
v 0.54245681 -0.16098623 0.04815894
v 0.53160435 -0.19568859 0.09876761
v 0.57819062 -0.10360041 -0.08994851
v -0.05629960 0.32255158 -0.28770196
v -0.26764461 0.11303301 0.48903358
v 0.62353921 -0.04610060 -0.03564802
v -0.52937251 0.24814324 0.01001720
v 0.21234399 -0.23460108 -0.40286261
v -0.41494024 0.35304987 -0.13894598
v 0.55266589 -0.15788467 0.15308040
v 0.13675928 -0.33241913 0.54103160
v -0.17306668 -0.30046514 0.30132496
v -0.26303887 0.08131495 0.44059342
v 0.36293936 -0.25739661 -0.22504422
v -0.19477752 -0.34706005 0.09527877
v 0.06471288 -0.37669826 -0.29242170
v 0.37483436 -0.30270123 0.24234247
v -0.44122034 -0.20862684 -0.11746156
v 0.51646918 -0.17915423 0.06727523
v 0.42423689 -0.26945043 0.09300908
v 0.58420342 -0.07033888 0.03743845
v 0.44696909 0.00079216 -0.30043912
v 0.63399929 0.06849228 0.03292814
v 0.05970189 0.08672111 -0.50965208
v 0.46228549 -0.19873285 -0.18645325
v -0.35015637 -0.20575857 0.27100459
v 0.37681791 -0.28823078 0.10994646
v -0.54071891 0.18941577 0.03607024
v 0.22240457 -0.30664343 0.09213229
v 0.60441768 -0.07548273 0.05938530
v 0.53790486 -0.18981174 0.09737283
v 0.03213319 -0.07635264 0.57203180
v 0.64054954 0.07713042 0.04102421
v -0.24568594 0.31172359 -0.22810999
v -0.61601686 0.18608582 -0.05234057
v 0.58443713 -0.13816482 0.13720053
v 0.01204258 0.24989621 -0.42457241
v 0.20280334 -0.37088752 0.45419836
v 0.05504799 -0.32742259 0.53297317
v 0.43512946 -0.27137229 0.21967882
v 0.53729492 -0.13590071 -0.05574608
v 0.59977591 -0.09279059 0.07467884
v 0.45088315 -0.20198770 -0.11747709
v 0.52997541 -0.10026551 -0.03366548
v 0.05098441 -0.27603224 0.55665863
v 0.56280851 -0.01101311 -0.02802041
v -0.32778877 -0.15735081 -0.49074554
v 0.41987860 -0.25069556 -0.16198087
v 0.58085847 -0.08680107 0.04573980
v 0.14545467 -0.37057418 0.48895171
v -0.58006674 0.22880457 -0.01894736
v -0.09636487 0.39955729 -0.04599145
v 0.67756915 0.06459665 0.01263988
v 0.11605042 -0.38219708 0.49920848
v -0.10687032 -0.11343624 -0.52721387
v 0.47316590 -0.21583764 0.07134488
v -0.36375594 0.30242440 -0.40167731
v 0.58707690 -0.02365630 -0.01082607
v 0.08892599 -0.31493011 0.55558866
v 0.16314545 -0.22139704 -0.45696822
v 0.61322534 0.00701247 0.02367717
v 0.52991420 -0.15026172 -0.09936568
v 0.63049811 0.04013348 0.04334345
v -0.57492554 0.04448693 0.18417555
v 0.62123913 -0.11914888 0.05747276
v 0.56747961 0.14884849 -0.06239602
v 0.33771265 -0.28377551 0.48260745
v -0.24900272 -0.20783319 0.45472571
v 0.34701127 -0.33364594 0.17702013
v 0.60954100 0.00629957 -0.00622207
v -0.47054970 0.25284508 0.02704358
v 0.58153963 -0.07934651 0.04136169
v -0.40225101 -0.20211868 0.34878668
v -0.15233944 -0.07177579 0.54503953
v -0.39799425 0.25931233 -0.21804202
v 0.02741478 -0.29590526 -0.39741808
v 0.07212093 -0.34258726 0.52095866
v 0.28560746 -0.34902361 0.45665407
v 0.09890559 -0.29527971 0.04469046
v -0.09393527 -0.32106158 0.48280689
v 0.32651424 -0.29125959 -0.27007052
v 0.51721406 -0.14190021 -0.15453011
v -0.49028212 -0.23060006 -0.03404656
v -0.60229790 0.13695148 -0.02179443
v -0.00699019 0.34346616 -0.25314662
v 0.59217626 -0.03481523 0.01504454
v 0.13101609 -0.36523998 0.47678477
v 0.54996270 -0.00381413 0.01390336
v 0.16221711 -0.32193747 0.50869727
v 0.09339997 -0.18900509 0.59971297
v 0.54130483 -0.02994768 -0.03789699
v -0.16686361 -0.02884938 0.53195524
v 0.24956480 0.22820003 -0.38388908
v 0.55585682 0.21549882 0.01466023
v -0.19918638 0.28323489 -0.39991510
v 0.36677301 -0.25034302 -0.10573968
v -0.01329660 -0.31814685 0.48857632
v -0.53806973 0.25335497 -0.05379286
v -0.27511549 -0.22352248 -0.41320771
v -0.01787966 0.16596155 -0.53700840
v -0.08495289 0.25085372 -0.41975090
v 0.40852904 -0.27822670 0.21089387
v 0.51715434 -0.19943696 0.22291917
v 0.32122636 -0.27124596 -0.23430204
v 0.39191151 -0.29467198 0.11817478
v -0.13556248 -0.03982786 0.54874253
v 0.16416273 -0.17003673 -0.47500244
v 0.49915302 -0.13255699 -0.12175724
v 0.57383740 0.14513093 -0.08796422
v 0.07299289 0.18100855 -0.46863404
v -0.23445730 -0.29969782 0.14158183
v -0.13091375 -0.30300537 0.48402053
v -0.14267093 0.31751412 -0.28640535
v 0.48033112 -0.17371392 -0.15705693
v -0.01329990 -0.34690723 0.24787575
v 0.09703895 -0.38079798 0.49578720
v -0.50700164 -0.22804108 0.12730476
v -0.36844376 0.29106757 -0.11543141
v -0.17434910 -0.22610289 -0.41956726
v 0.36969072 -0.31018174 0.21221119
v 0.30521256 -0.01098007 -0.42405114
v 0.32750237 -0.26755866 -0.23870960
v -0.45345724 0.18379149 -0.24484226
v 0.57172233 -0.11528169 0.07944924
v -0.43394548 -0.23241633 0.12135324
v 0.26646727 -0.15562022 -0.34642005
v 0.25253758 0.28291196 0.06948836
v 0.60289258 -0.04441217 -0.08366214
v -0.05739403 0.13374177 -0.50813460
v 0.66283083 0.10342899 0.01875973
v -0.02066278 0.05613929 -0.50963640
v -0.35147569 -0.26320040 0.24141440
v -0.57911325 -0.08191213 0.09217390
v -0.65367800 0.19184697 -0.00581256
v -0.32981372 0.31152698 0.00221825
v -0.49224702 -0.18957788 0.02191272
v -0.11281561 -0.28643000 0.50100040
v 0.21769938 -0.35961178 0.44237953
v 0.13264050 -0.32000229 -0.07638960
v 0.09159997 -0.19099121 -0.46787006
v 0.65049607 0.12102053 0.00893080
v 0.63920927 -0.00109647 0.05828202
v 0.07560025 -0.31705976 0.13613197
v 0.65218407 0.09749275 -0.01367941
v -0.13215971 -0.31321132 0.21975672
v -0.32253793 -0.07361871 -0.47972226
v -0.17126569 0.16009739 0.45631614
v 0.26334330 -0.18082163 0.42684418
v -0.50419825 0.19078463 0.11706547
v 0.41879913 -0.06796326 -0.35251319
v 0.71870637 0.11234614 0.03021985
v 0.46801358 -0.25144154 0.26932532
v 0.00971301 -0.33629251 0.22218809
v -0.25819287 0.13004439 0.40046731
v -0.42503756 0.20533556 -0.29228419
v -0.51301402 0.07189130 0.20766383
v 0.53809184 -0.15209144 -0.11827400
v 0.29257181 -0.36780784 0.43688816
v 0.64186186 0.07388864 -0.00550893
v -0.09890735 -0.24839121 0.54147786
v 0.53994054 -0.17788419 0.16841555
v 0.20580301 -0.37519395 0.48473018
v 0.55854785 -0.14359136 0.10559732
v 0.33380547 -0.33357930 0.10087615
v 0.49329591 -0.14745873 -0.08236712
v 0.57896370 -0.06460157 0.07451212
v 0.44103575 -0.20279671 -0.21382222
v 0.27758744 -0.32266718 -0.13679248
v 0.12952113 -0.36729062 0.48952353
v -0.41104788 -0.18049698 0.33698243
v 0.57854259 -0.09604226 0.08415371
v 0.10144845 -0.32943118 0.53515840
v 0.01011799 -0.03333843 -0.55704534
v 0.09516245 -0.23189279 -0.47670805
v -0.01640928 -0.32050109 -0.23220681
v -0.01099217 -0.01571596 -0.54101616
v 0.51441342 -0.16078472 -0.10389034
v -0.01403940 -0.35794550 0.49767959
v 0.46064508 -0.24474706 0.16261694
v 0.09161440 -0.34519905 0.50071692
v -0.34545079 0.31002128 -0.16123752
v 0.64032382 0.04263195 0.00199908
v -0.53488672 0.23671228 -0.05147258
v 0.63054883 0.11011252 0.02598843
v 0.57333142 -0.02229964 0.01286817
v 0.07616955 -0.37651610 -0.29922035
v -0.46745732 -0.02186304 0.38361192
v -0.15752083 -0.33204761 0.00323547
v -0.40614915 0.14667764 -0.34471348
v 0.60943103 0.03298073 0.03614435
v 0.59846562 0.08656250 0.00975662
v 0.07226891 -0.24004623 -0.34576592
v -0.59516716 0.21711484 -0.03527777
v 0.65388930 0.11429963 0.05658561
v -0.08967014 -0.21654123 -0.42172512
v -0.46076444 0.28578350 -0.12821084
v 0.52060938 -0.15762243 -0.07915185
v 0.46435300 -0.13162437 -0.26030400
v -0.12395991 -0.01981317 0.52313995
v -0.03984034 0.04483307 0.53731430
v 0.51304001 -0.15928732 0.02249818
v 0.44559574 -0.16508658 -0.14626381
v 0.57693768 -0.11366008 -0.08086741
v 0.46639213 -0.18730663 -0.09683135
v 0.59246278 0.05600543 0.04602015
v 0.28926423 0.30748743 0.15844376
v 0.38420379 -0.27354759 0.00824797
v 0.51527131 -0.11777911 -0.04313934
v 0.67022902 0.07678515 -0.01305813
v -0.04652807 -0.36483687 0.48468077
v 0.25181186 -0.26477635 -0.22188807
v 0.52118921 -0.09622248 -0.05588073
v 0.40792245 -0.23596106 -0.18451393
v 0.63821638 0.06670693 0.03392404
v 0.32863325 -0.30182889 0.44114593
v -0.13328004 0.07118250 -0.52306002
v 0.28386903 0.01191151 -0.44994122
v 0.67433971 0.08546591 -0.02465260
v 0.29855812 -0.30059522 0.00589687
v -0.30535495 -0.16971704 0.46094105
v 0.71016294 0.08237581 0.01051778
v 0.23999429 -0.32483232 0.53293777
v -0.18403322 0.37231788 -0.05763046
v 0.31541225 -0.37779862 0.44375208
v 0.55123907 -0.05190028 -0.06224290
v 0.59307444 -0.08551933 0.04366595
v 0.47037414 -0.22755194 -0.07544354
v 0.47579190 -0.21348937 0.05542143
v -0.44640759 0.08611214 -0.32853597
v 0.12595779 -0.32402825 -0.35217792
v 0.37264889 -0.17708601 -0.19690751
v 0.40341908 -0.27870035 -0.20885104
v -0.07706654 0.35359061 -0.04548141
v -0.23280180 -0.19858578 0.53882903
v 0.61274326 0.01706451 0.00973895
v 0.36240041 -0.16525434 -0.20736596
v 0.25758427 -0.28299838 -0.36254975
v 0.54133391 -0.13266236 -0.08251093
v 0.41661191 -0.29088640 0.25175571
v 0.14023416 -0.28205311 -0.18950267
v 0.10255156 -0.21420009 -0.48849896
v 0.58367842 -0.00830572 -0.06541356
v -0.50843620 0.22583637 0.08642638
v 0.04368988 0.08850271 -0.50713944
v 0.63719910 0.07387477 0.05366263
v 0.58042741 -0.10356155 -0.03548533
v 0.28434727 -0.26835737 -0.33529195
v 0.40918249 -0.23944613 -0.18963465
v 0.50922656 -0.17600307 -0.14827800
v 0.49049640 -0.13563617 -0.08936682
v -0.01552500 -0.18725251 0.56924975
v 0.49741319 -0.05264394 -0.14645721
v -0.03353568 -0.29970425 0.40892994
v 0.53474593 -0.12933581 -0.06625789
v 0.55460745 -0.14336777 0.14681900
v -0.07035798 -0.32485342 0.51638448
v -0.44254518 0.07926099 0.29760870
v 0.58874726 -0.05461915 -0.04984587
v -0.22915408 -0.23027477 -0.43931109
v -0.32868049 0.30420563 -0.00938991
v -0.19608802 -0.17139643 -0.46570581
v 0.29266202 -0.29601008 -0.30093473
v 0.69829845 -0.00537275 0.04829664
v 0.58868629 0.05510471 0.03745952
v 0.11096674 -0.13965783 -0.52257401
v -0.41130430 0.20998922 -0.32624096
v 0.48375034 -0.21048424 -0.05942252
v -0.08515972 0.28089860 0.32003677
v 0.44503611 -0.18610568 -0.07613975
v -0.27332857 -0.18217026 0.49320292
v -0.34723005 0.31261712 -0.08005345
v -0.10660914 -0.00805310 0.56229758
v -0.41158193 0.18917629 0.25629261
v 0.55125403 -0.13827853 0.00816267
v -0.27050388 0.13959090 0.41651097
v 0.06313330 -0.05178663 -0.53367817
v -0.22587742 -0.16180763 0.53091580
v 0.38705856 -0.15029693 -0.16992581
v 0.44270512 -0.21113005 -0.18652868
v -0.04542276 0.18962047 -0.50453120
v 0.57297480 -0.00475459 0.02119778
v 0.38023174 -0.33813810 0.24164695
v 0.58427900 -0.04659394 0.00941083
v 0.47012427 -0.21787959 -0.19645916
v 0.36673737 -0.32431471 0.38230866
v 0.54324555 -0.05810443 -0.20552652
v 0.17037462 -0.06627560 -0.47695524
v -0.02836275 -0.15757173 -0.52694136
v 0.52186751 0.05057953 -0.20044041
v 0.76344150 0.23705302 0.02099323
v 0.26854226 0.33725154 0.20508380
v 0.47781575 -0.23326081 0.15406573
v -0.14068410 -0.34328738 0.47318867
v 0.19979852 -0.36505601 0.47927016
v 0.53947222 -0.05955485 -0.04675379
v 0.13141355 0.01782534 -0.58039641
v 0.65907508 0.05868870 0.00091606
v 0.61401224 -0.11103505 -0.00956744
v 0.04717494 -0.28252158 -0.22619990
v -0.05804633 -0.24107608 -0.48544323
v -0.53383118 0.25514242 -0.09236851
v 0.41854262 -0.25537553 -0.15123305
v -0.17389190 0.25910848 -0.38176820
v 0.11089690 -0.27081192 -0.41108149
v -0.24896708 -0.31169525 0.20750177
v 0.61834645 0.08190102 0.01011747
v 0.12362111 -0.12485990 -0.53465652
v -0.47391140 0.28002921 -0.01049867
v 0.06872040 -0.32226273 0.55847901
v 0.48625994 -0.17239392 -0.11171076
v -0.53289783 0.23475949 -0.05512323
v 0.49631470 -0.22990304 0.19946998
v 0.12913129 -0.22932905 -0.46303600
v 0.42259586 -0.26131737 0.14163560
v 0.21749677 -0.27787378 -0.28637081
v 0.35156512 -0.18359308 -0.19863312
v 0.39317274 -0.10122924 -0.26673675
v 0.52171975 -0.13564430 -0.08164909
v -0.15297335 -0.20154995 0.58726096
v 0.42535117 -0.24252543 -0.17687997
v -0.04790317 -0.28461942 0.56913692
v -0.41454983 0.05524408 0.34859908
v 0.42912734 -0.20860448 -0.23626912
v 0.59591877 -0.06020254 0.03890926
v 0.06278803 -0.26012766 -0.32184061
v -0.05892084 -0.20677379 0.54831845
v 0.28091291 0.27757841 -0.25396103
v 0.51162016 -0.05699174 -0.06014597
v 0.59059751 -0.09018438 0.05957460
v -0.72916579 0.16086742 0.00370367
v -0.17515272 0.34757847 -0.08613747
v 0.33334357 -0.26523864 -0.20141166
v -0.22156537 -0.25582805 0.50398284
v -0.45685634 0.11362032 0.22168121
v 0.33996147 -0.30997473 0.17073295
v 0.34903574 -0.29458722 0.00628787
v 0.43881226 -0.23332259 -0.00292414
v -0.40548748 -0.04976028 -0.41710585
v 0.56096530 -0.08784412 -0.08356363
v -0.32162473 0.29504099 -0.11758206
v 0.65642953 -0.00486147 0.02773839
v 0.47366142 -0.17959291 -0.18937165
v 0.52765381 -0.07297421 -0.06265531
v 0.66714078 0.05303513 -0.01249072
v -0.47837496 -0.17936082 0.15434790
v -0.43184835 -0.23040628 0.11677298
v 0.07179503 -0.12074882 -0.48419172
v -0.28255790 0.06490736 0.46937346
v 0.61613476 0.01990900 0.00880659
v -0.20619935 -0.33597398 0.13855085
v -0.43621290 0.26501077 0.02438523
v -0.19320573 -0.15132734 -0.48268622
v 0.77626604 0.19561750 0.03983003
v 0.34653667 -0.31532830 0.14094609
v 0.52131772 -0.18340141 0.10647216
v 0.61691165 0.02824364 0.03006026
v 0.54137802 -0.15716481 0.06861675
v 0.65698808 0.13248998 0.03106609
v -0.18750893 -0.19726318 0.49085325
v -0.22471184 -0.31467724 0.09688807
v 0.10599451 -0.40425873 0.40502858
v -0.51647091 -0.25926903 -0.03381374
v 0.44394356 -0.10960718 -0.12718523
v 0.50006896 -0.21853392 0.15648007
v 0.18818891 -0.33983979 0.46836981
v 0.22313786 -0.20123512 -0.33080745
v 0.25333247 0.21949229 -0.32961649
v 0.54334998 -0.11818008 -0.13534030
v -0.16354999 0.31424850 -0.27039421
v 0.49760464 -0.12502098 -0.07746679
v 0.60781723 -0.06301831 0.05306327
v 0.54318130 -0.10375183 -0.07730809
v 0.17958868 -0.26627943 -0.35313931
v 0.65726328 0.03590135 -0.03184247
v 0.25637567 -0.23814398 -0.38100696
v 0.05691418 -0.27472347 0.56426328
v -0.13495275 0.29642862 -0.27951390
v 0.16657907 -0.31795293 -0.33737424
v -0.12069448 0.40251353 0.04579895
v 0.65559077 0.03720427 0.00308147
v 0.36255562 -0.29295379 -0.23035097
v 0.64384437 0.05320805 0.01583517
v -0.03140551 -0.10005230 -0.52500212
v 0.09775451 -0.17044052 0.58813471
v 0.45050937 -0.16300085 -0.13292687
v -0.11544982 -0.08702150 -0.52540284
v -0.32070187 0.12735701 -0.47027689
v 0.21754706 -0.07994449 -0.51262528
v 0.32502583 0.10639736 0.12246093
v -0.09956251 -0.21930599 -0.42984512
v 0.52324307 -0.10590452 -0.03713882
v -0.11206341 0.11821435 -0.48522651
v 0.56895936 -0.07067303 -0.05331969
v 0.17197779 -0.37190428 0.45901063
v 0.59454495 -0.01177787 -0.00212884
v 0.65355253 0.03909244 -0.04964846
v 0.24988264 -0.07090908 -0.49218833
v -0.60207820 0.20607767 -0.01212874
v -0.14077640 -0.24341229 0.54749447
v 0.14738214 -0.18051806 -0.44530147
v -0.01627398 -0.30043375 0.56959528
v 0.51930374 -0.24491136 0.10385606
v -0.05763907 -0.26923692 -0.49560627
v 0.66809791 -0.06572141 0.08422977
v -0.50386447 -0.13436407 -0.01836418
v 0.47234377 -0.27259189 0.16874778
v -0.18053377 -0.32841468 0.26390764
v 0.31757456 -0.29563195 0.12497266
v 0.50961852 -0.15029517 -0.15841740
v 0.03232135 -0.34118810 -0.19645788
v 0.45089811 -0.20251384 0.01613057
v -0.20240039 0.11968409 0.48119849
v 0.48631567 -0.23377228 0.21804124
v 0.49365804 -0.23056017 0.18729234
v 0.50626403 -0.11121243 -0.15748517
v 0.52888495 -0.13108020 -0.14925140
v 0.16213831 -0.35418594 0.49868983
v 0.56067979 -0.04774967 -0.04534680
v -0.42697555 -0.28388920 -0.03859848
v -0.05414810 -0.29108894 0.06816710
v 0.66446239 0.06874764 0.02038771
v 0.01560485 -0.08449262 -0.52082419
v 0.43673062 -0.12972027 -0.15628840
v 0.44191951 -0.04397404 -0.23625880
v -0.31202063 0.35176054 -0.01516467
v 0.10608219 -0.36765909 0.43950790
v -0.44361687 0.27324742 -0.22487462
v -0.19838428 0.19419430 -0.46259835
v -0.03385845 0.21853258 -0.47492313
v 0.60993880 -0.00398568 0.04775959
v 0.42409137 -0.22521150 -0.13067320
v 0.11546960 -0.15899128 0.57392895
v -0.28723723 0.32602116 -0.14788687
v 0.50080460 -0.15595046 -0.07809314
v 0.34109291 -0.17898095 -0.20235315
v -0.22477107 0.09496642 0.50415039
v -0.08752665 -0.14547524 0.60520899
v 0.01104793 -0.27470523 0.57728380
v 0.21130300 -0.34148929 -0.22970787
v 0.58900905 -0.08649103 -0.04557556
v -0.21373254 -0.29200345 0.39870074
v 0.43325591 -0.25924218 0.29287851
v -0.10881609 0.16609991 -0.50253236
v 0.12730664 -0.22918481 -0.45870641
v 0.11378106 -0.37064743 0.51282597
v 0.46733463 0.08362653 0.12123397
v 0.17731106 -0.33093587 0.00841820
v -0.58304477 0.21231917 -0.04568932
v -0.32933301 0.28694603 -0.14379331
v 0.57805455 -0.09960362 0.07683766
v 0.54109800 -0.04672702 -0.00195812
v -0.57080495 0.11464410 0.13158914
v 0.32475519 -0.21447086 -0.19830099
v 0.59037018 0.04448754 0.05273479
v 0.48029053 -0.17524338 -0.11450279
v 0.21705249 -0.32751203 0.48947960
v -0.06164497 -0.24297315 -0.40485373
v 0.65086561 0.05470540 0.01579121
v -0.14391771 -0.23953727 0.53451395
v 0.18027198 -0.36010823 0.48405564
v 0.26849422 -0.28116611 -0.13332465
v 0.50992149 -0.11598140 -0.17258933
v -0.05744123 0.29799521 -0.31297782
v 0.05349082 0.33953616 -0.32116616
v 0.64363599 0.03682080 -0.03860164
v 0.64495087 0.07691836 0.01566690
v 0.58041865 -0.07112238 -0.04507560
v -0.03515303 0.20050180 -0.45269567
v -0.60157132 0.04393520 0.06504118
v -0.19228020 -0.25336820 0.52831799
v 0.40916327 -0.08171620 -0.33184755
v 0.49976718 -0.14135176 -0.03628889
v -0.16586992 -0.32320258 0.25246087
v -0.38754478 -0.19637126 -0.39266622
v -0.02225499 -0.04669852 -0.54153359
v 0.13043350 -0.36931497 0.46177715
v 0.52363348 -0.12315182 -0.10120520
v -0.42278457 0.02876973 -0.37893051
v 0.15454733 0.07454129 -0.47791836
v -0.25311866 0.24674371 0.28813246
v 0.42041054 -0.21575901 -0.26784277
v 0.26787522 0.19724989 -0.36024225
v 0.20030010 -0.33048725 -0.24027723
v 0.57437569 -0.08400232 -0.05731541
v -0.41411352 0.20745973 0.22639202
v -0.10094884 0.12792143 -0.50004590
v 0.49510780 -0.18769360 -0.06659585
v 0.08220240 -0.32153648 0.51217532
v -0.57344568 0.26061675 0.02065305
v 0.58178085 -0.08337370 0.07259053
v -0.07590044 -0.02133149 -0.54007536
v 0.61104673 -0.03025342 0.04342221
v 0.57064146 0.01695357 0.02539778
v 0.17850634 -0.34972122 0.50648421
v -0.00075620 -0.34463167 0.29818577
v 0.51603800 -0.20486733 0.12767267
v 0.32521263 0.31493920 0.06151062
v 0.53646016 -0.18738286 0.11550796
v 0.23000214 -0.15827084 -0.36603984
v -0.10197066 -0.30591804 0.46837026
v 0.59495270 0.02307913 0.00914964
v 0.66124165 0.05984479 -0.00008661
v -0.74267912 0.00087675 0.02021725
v -0.15360832 0.25392354 -0.37117201
v -0.25970978 -0.16837499 -0.46308511
v -0.43688244 0.26708159 -0.02463885
v -0.19950211 0.15257327 -0.47534078
v -0.56799167 0.22495647 -0.09897199
v -0.07083143 0.25732520 -0.41337445
v -0.52379113 -0.05555657 0.19078699
v 0.50552744 -0.17051119 -0.10546628
v 0.66111141 0.10173225 0.03364208
v 0.51207066 -0.15504554 -0.08023255
v 0.56860125 0.03086860 0.08210719
v 0.57710898 -0.06346854 -0.00109935
v 0.64515448 0.10046652 0.04210347
v -0.25568804 -0.24804075 0.34278232
v 0.55805272 -0.07205313 -0.00218907
v 0.17500693 -0.19569197 -0.38009578
v -0.42756796 0.21974900 -0.26417637
v 0.34720466 -0.00619626 -0.38402706
v 0.38336015 -0.10660686 -0.27673256
v 0.10547256 0.25197634 -0.36328673
v 0.45163831 -0.23620710 -0.13654700
v -0.15644614 -0.26407620 0.46987599
v 0.38578105 -0.22985488 -0.29763058
v -0.06880343 -0.28695831 0.55511129
v 0.75334454 0.21707088 -0.03321541
v 0.60033035 0.05039690 -0.01204281
v 0.39145651 -0.17054388 -0.35910070
v -0.05418287 -0.30856270 -0.18664862
v -0.14802837 0.09653120 -0.51247197
v 0.07981563 -0.29370618 -0.41330355
v 0.32300043 -0.29689574 -0.16114143
v -0.57344550 0.23037007 -0.00068116
v -0.09514475 -0.03100289 -0.54021388
v 0.52480268 -0.18863754 0.16172922
v 0.34983212 -0.32935056 0.41270614
v 0.25103652 -0.34405541 0.11528361
v 0.64966375 0.04926780 -0.01810777
v 0.34804234 -0.19831568 0.22753334
v 0.05212489 -0.16653639 -0.50707698
v -0.12377018 0.17936681 -0.47211167
v 0.24707162 -0.34452361 0.44670129
v 0.50372624 -0.15281893 -0.09049323
v -0.17498760 -0.17943630 -0.46779460
v -0.56951004 0.16445440 -0.05910079
v 0.65529394 0.03910612 0.05607262
v 0.45816553 -0.21268733 0.04726309
v 0.55967855 -0.10605133 -0.11390798
v 0.14164817 -0.37962362 0.46767545
v 0.54891336 -0.11901070 0.04723525
v -0.21486962 -0.25918832 0.40583241
v -0.36482790 -0.32538038 0.14346501
v 0.05833978 -0.24665371 -0.36187124
v 0.66338301 0.09592336 0.00077644
v 0.37271965 -0.30280304 0.23490095
v -0.34563568 0.20391023 -0.33385512
v -0.07179052 -0.26288414 -0.41466320
v 0.33751062 -0.18061458 -0.37040809
v -0.36782348 -0.19303066 0.38344344
v -0.50212789 0.28169280 -0.17904252
v -0.05976045 0.13707116 -0.55479765
v -0.02182811 -0.24141975 0.60365331
v 0.01176011 -0.32709843 0.26212761
v 0.49215457 -0.17796783 -0.12723103
v -0.05777535 0.19461748 -0.48385659
v 0.56000578 -0.13857821 0.06235418
v 0.66566879 0.10343176 0.03775385
v 0.54804778 -0.10333867 -0.13324738
v -0.53219730 0.03460702 0.26921171
v 0.30085832 -0.31502849 -0.21068597
v 0.28444737 -0.22388896 -0.27091035
v -0.05459565 -0.32899290 0.06645241
v -0.46694010 -0.07117784 -0.37241495
v 0.42748541 -0.19637062 -0.03541042
v 0.27301478 -0.35878164 0.23164243
v 0.38724393 -0.28700125 0.05106026
v 0.55505586 -0.10747293 0.04393640
v -0.42573518 0.09083730 -0.38082415
v -0.42562640 0.32307380 -0.05614951
v 0.63905084 0.05270448 0.03536130
v 0.12583752 -0.34072900 0.18921462
v 0.07849266 -0.29120690 0.48175374
v 0.41464996 -0.28038043 0.10900325
v 0.56576121 0.01855954 0.02362871
v -0.26948321 -0.30861652 0.41433334
v 0.25887126 0.26668465 -0.28204522
v -0.05494112 0.00997794 -0.53031361
v 0.67263150 0.07833248 0.02049397
v 0.44444603 -0.19992611 -0.22551611
v 0.64377183 0.04365571 0.01547706
v -0.53903395 0.26676941 -0.02340332
v 0.13981399 -0.35118014 0.50661385
v -0.13853976 -0.32132134 -0.33634090
v -0.14098448 -0.21645981 -0.49951687
v 0.20115629 -0.32278138 0.14737436
v 0.25017762 -0.27371922 -0.35143101
v 0.38973960 -0.27005854 0.06507108
v -0.05474401 0.30366528 0.24360152
v 0.58678484 -0.05613406 0.02300853
v 0.23914930 -0.26804054 -0.37816077
v -0.37857533 0.19568494 -0.38185206
v 0.34150526 -0.23339440 -0.33348787
v 0.58416688 -0.08442824 0.08286494
v 0.14268309 -0.05746540 -0.58937669
v -0.08432454 -0.10625616 -0.52383441
v 0.27142915 -0.33953682 0.25318635
v 0.38034493 -0.23705155 -0.27439627
v 0.53362435 -0.18421131 0.18736172
v 0.57401913 0.02644126 0.05679378
v 0.32177949 -0.21954611 -0.25708753
v 0.61127424 0.00734664 -0.00387061
v 0.48229441 -0.21344967 0.11136007
v -0.50033164 -0.19453898 0.17276582
v -0.52064842 0.25777522 -0.08426037
v -0.31987205 -0.30446526 -0.16937177
v 0.65271330 0.07750979 0.01658455
v 0.67050433 0.07352339 0.02393621
v 0.33927470 -0.32468590 0.20999217
v -0.12048107 -0.22131298 0.57816327
v -0.02414404 -0.28797749 -0.43354139
v -0.41541132 0.12663390 0.32388824
v -0.43119627 -0.20852447 -0.15935200
v 0.61970836 0.02156012 -0.01669514
v 0.45358202 0.12133932 0.11960115
v 0.26498136 -0.06622423 -0.50362563
v 0.56538194 -0.08977985 0.00067526
v 0.59476262 0.03665946 0.03148039
v -0.10554229 -0.14928147 -0.53008091
v -0.57229018 -0.13626388 0.08061229
v 0.36340100 -0.28327769 0.43124032
v 0.31593406 -0.29292506 -0.07351786
v 0.44890708 -0.22012562 -0.12199345
v -0.19035690 -0.25004902 -0.36190504
v 0.28371936 -0.03828622 -0.47118956
v 0.60212100 -0.01887392 0.03245622
v 0.11952159 0.03448987 -0.52699953
v -0.25315359 -0.08085133 -0.49949229
v -0.46783626 0.17832327 0.19181372
v 0.54611373 -0.07739824 -0.16577053
v 0.55823135 -0.08449028 -0.08239177
v 0.64690489 0.07584348 0.03516251
v 0.60314977 0.05060781 0.03341444
v 0.55290294 -0.04708265 -0.05091973
v 0.55548912 -0.15073645 0.15801769
v -0.00672504 -0.31637836 0.38086310
v -0.13938379 0.32302797 -0.31946182
v 0.02704844 -0.09470958 -0.53898430
v -0.18435219 0.29752240 -0.33777884
v 0.08697003 -0.30755770 0.54096872
v 0.65097117 0.04683352 -0.00285047
v -0.51343763 0.17986092 -0.16509117
v 0.33366466 -0.32739991 0.13223922
v 0.28314310 -0.26338044 -0.25661895
v 0.67796969 0.08644892 0.00325757
v 0.56870675 0.00650425 -0.00795841
v 0.08156185 0.41874337 0.13529475
v 0.53471589 -0.12173208 -0.00020415
v -0.28688207 -0.30769315 0.12796551
v 0.41834557 -0.29838628 0.16539562
v 0.54603463 -0.14267859 0.10164249
v -0.48247820 0.25538456 -0.06689811
v -0.20186335 0.26680255 -0.36591899
v 0.30172357 -0.31515637 -0.27597091
v 0.16911969 -0.23368490 -0.33170134
v -0.51792955 0.18946570 -0.09840876
v 0.34460014 -0.28703690 0.12982655
v 0.17982173 -0.36399519 0.48960924
v 0.46199086 -0.23047775 -0.11171848
v 0.52531946 -0.16820049 0.11376280
v -0.05487195 0.04692611 -0.55855441
v 0.09617952 -0.30704892 -0.35770768
v -0.47591996 0.24136373 -0.21116525
v 0.33207196 -0.21413840 -0.23838139
v 0.02796815 -0.34293249 0.13397393
v 0.49590063 -0.20944598 0.17723727
v -0.54590636 0.30402383 -0.03332418
v 0.20086788 -0.18685609 -0.35365409
v -0.59758228 0.12786272 -0.16864702
v -0.53506404 -0.07588613 0.05934027
v 0.22165766 -0.34641987 0.45648885
v 0.55286646 -0.13714321 0.09188533
v -0.10728404 -0.18525507 -0.48503208
v -0.11889693 0.02419489 0.50584412
v 0.62668937 0.00359172 0.00340855
v -0.54249775 -0.05688733 -0.09347051
v 0.67240804 0.07463714 -0.00139731
v 0.60595948 0.05033192 0.03339005
v 0.63324547 0.03165731 -0.03246006
v -0.26572645 -0.24683423 0.40367582
v 0.27410442 -0.32563087 0.11687276
v -0.29436752 0.00189430 -0.51126415
v -0.48756260 0.03271886 0.29760396
v 0.64493340 0.01017517 -0.04149434
v 0.16478375 0.08817204 0.42461824
v 0.55889797 -0.00293344 -0.00891386
v 0.62815166 0.04551336 0.03975961
v 0.55074012 -0.09240324 -0.10684997
v -0.26523486 0.38118982 0.05142768
v -0.41203645 0.17770764 -0.39469370
v 0.26593313 -0.24747172 -0.28708917
v 0.22871268 -0.23046157 -0.39150557
v 0.25892073 -0.30542135 -0.14340547
v 0.43244553 -0.21746702 -0.15859362
v -0.31936929 0.02905031 0.46642104
v 0.64830363 0.01843412 -0.09695208
v -0.18530416 -0.22126855 -0.45285973
v -0.16477193 -0.31468272 0.45466059
v 0.10770223 -0.32406661 0.54461646
v 0.41180304 -0.30821341 0.13482702
v 0.06218898 -0.20745924 0.57800144
v 0.66132295 0.05803160 0.02124992
v -0.07713814 0.38692290 0.12029922
v 0.60533041 0.05107930 0.03770407
v 0.58013332 -0.11680903 -0.05634093
v 0.48300451 -0.15432605 -0.23109645
v -0.13254239 0.38088503 -0.03156773
v 0.42467609 -0.10579072 -0.32515731
v -0.40522808 -0.16795594 0.22926217
v 0.45952189 -0.15684965 -0.12959728
v 0.37452903 -0.27274978 -0.24352944
v 0.22994670 -0.32692873 0.50323474
v -0.42258459 -0.03644833 -0.38574991
v 0.39446616 -0.17516674 -0.16444546
v -0.25528941 -0.27981558 0.26731488
v 0.37965694 0.23160501 0.07659952
v 0.14642774 -0.37925002 0.45942792
v -0.27101913 0.22481363 -0.37395549
v -0.51947552 0.08284586 0.13792156
v 0.66274655 0.14223433 -0.00210649
v 0.02564701 -0.16812311 0.59222519
v 0.13770428 -0.35207322 0.22207215
v 0.41349214 -0.26461047 -0.16791770
v 0.02577141 -0.38841558 0.43833292
v -0.28505445 -0.28390512 0.36022380
v 0.39721748 -0.27458069 -0.22193721
v -0.19367358 0.19596639 0.42257649
v 0.41746438 0.12056981 -0.24749577
v -0.25470060 -0.12341714 0.47793394
v 0.45153743 -0.20562711 -0.22141412
v 0.27892569 -0.29204270 0.48272997
v 0.61359316 -0.01434604 0.03613378
v 0.66839528 0.06820661 0.00557047
v 0.53394228 -0.18673453 0.11874932
v 0.40301836 -0.27823552 -0.08309412
v -0.58429408 0.24106658 -0.01937863
v 0.55695873 -0.06116214 -0.06902604
v -0.12111489 -0.22542623 -0.42811900
v 0.58175814 -0.09815771 -0.03627929
v 0.42804897 -0.26276216 0.13572031
v 0.17504507 -0.34652078 0.49433771
v -0.12962338 -0.14097556 0.49937204
v -0.39958295 -0.15380260 0.38944060
v 0.43483406 -0.26432449 0.18588209
v 0.03534213 0.36906701 -0.09374103
v 0.35181341 -0.27795270 0.43547910
v 0.13935472 -0.34102324 0.48373652
v -0.15098342 0.31613404 -0.21712504
v 0.65419155 0.03698802 -0.03456986
v 0.58779025 0.00641568 -0.03276759
v 0.08520788 -0.18664238 -0.47220814
v -0.09418386 -0.17719080 -0.50625569
v 0.20143467 -0.34183222 -0.27662793
v -0.56003034 0.23285881 -0.05213371
v 0.56930572 -0.15243505 0.09826684
v -0.05062542 0.36509973 0.03705309
v -0.46827120 -0.14365885 0.00099310
v 0.59739655 0.04564471 0.02989893
v -0.40167445 0.25860065 -0.21582687
v 0.61284399 0.03486751 0.02666476
v 0.33920586 -0.18547752 -0.36383882
v 0.59823740 -0.04871550 0.04690063
v -0.59898269 0.04461434 -0.02601496
v 0.09826475 -0.31385252 -0.37247881
v -0.45359609 0.29199529 -0.17096286
v 0.09257737 -0.22789600 0.58712631
v -0.29429975 0.24848670 0.27108592
v 0.09405172 0.28124979 -0.28856269
v 0.65336239 0.06818035 -0.02672476
v -0.21704397 0.10594390 0.45026821
v -0.15097421 0.27382880 -0.39124835
v -0.04506091 -0.33377355 0.26843703
v 0.54078710 -0.15143318 0.13297623
v 0.22162554 -0.28190687 -0.38197276
v -0.66917330 0.16224244 0.00135878
v -0.03112440 -0.27410769 -0.37576720
v -0.00830360 -0.32107174 -0.01707518
v 0.55660903 -0.15568393 0.13109934
v 0.53563565 -0.15139559 -0.06929940
v -0.31346700 0.10410262 -0.45964828
v 0.08591318 -0.10346693 -0.52608228
v 0.28311971 -0.30996326 -0.25530994
v -0.22404608 -0.30927247 0.29312998
v 0.66211283 0.05478042 -0.02082062
v -0.11292395 0.31053922 -0.25531512
v 0.59255505 0.04872441 0.03060490
v -0.24165863 0.15289792 0.41266954
v 0.66028523 0.04371447 0.01757826
v -0.40454492 0.15296590 -0.35545206
v 0.04017407 0.40113002 0.17038241
v 0.21108693 -0.17517191 -0.44557190
v -0.31433472 0.18786129 -0.42675224
v 0.64649415 0.11947656 0.00774086
v -0.25738114 -0.09164248 0.46204939
v 0.21411732 -0.34195369 0.49296334
v -0.39456096 0.11107155 0.30949306
v -0.06811321 0.33202884 -0.26486394
v -0.16343121 0.26609123 -0.38935062
v -0.54450703 -0.12154888 0.07726370
v -0.01862012 -0.36513281 0.27158979
v -0.27883965 0.33459830 -0.00581370
v 0.35675791 -0.29064736 -0.19891965
v -0.01670009 -0.27840310 -0.46477026
v -0.12427819 -0.30840042 0.42803678
v 0.21992114 -0.28042814 -0.21970636
v -0.57506341 -0.15849638 -0.00787269
v 0.10888073 -0.40860432 0.39413366
v 0.63501751 0.10242558 0.05042475
v -0.20055588 0.01625269 0.48705408
v -0.51683837 0.14388701 0.21179815
v -0.00307745 0.08286151 -0.53654504
v -0.09205895 -0.34846655 0.45274431
v 0.39876330 -0.13560061 -0.20309117
v 0.50955957 -0.16951311 -0.13466099
v -0.24015421 -0.39114320 0.01958469
v -0.00584233 -0.06542280 -0.53322089
v 0.11014208 -0.25376382 0.58148640
v 0.02581218 -0.30865029 -0.01134953
v 0.62526900 0.04378007 0.01850790
v -0.39235073 0.20344973 -0.34728029
v 0.14577641 -0.24563242 -0.50357068
v 0.59242499 -0.06760567 0.05085951
v -0.58863038 -0.11298892 -0.02290221
v 0.57385224 -0.13620907 -0.07105613
v 0.00619462 -0.26048419 0.60520977
v 0.59343445 -0.06682405 0.05029815
v 0.58747619 -0.04515039 0.05552489
v 0.66561353 0.04847693 0.02677721
v 0.54256171 -0.01374945 -0.00722992
v 0.60643864 0.05627793 0.03769910
v 0.46517533 -0.21464409 0.02849090
v -0.50298518 0.23542804 -0.00596203
v 0.66543233 0.10660204 -0.00707233
v 0.49235862 -0.17232022 -0.16995090
v 0.56782562 -0.04884115 -0.03260490
v -0.08439124 0.26643464 -0.41900292
v -0.51926887 0.18430893 0.00727507
v -0.36625388 0.29316676 -0.16198322
v 0.07873438 0.34344286 -0.04967739
v -0.04557624 -0.26161098 0.59196192
v -0.35484284 -0.20876126 0.37422743
v 0.66216987 0.06301633 -0.03092062
v -0.12291477 -0.34387988 0.47382170
v 0.26677927 -0.17653319 -0.33148351
v -0.31459579 -0.20670687 0.41902673
v -0.22344188 -0.31986973 -0.11457215
v 0.05003944 -0.14900339 -0.54763043
v -0.52398241 0.18475705 -0.09705511
v 0.75771970 0.13522547 0.01482780
v 0.48684829 -0.21565995 -0.09038270
v 0.66493511 0.08022533 0.01902220
v 0.14909977 -0.30100340 -0.36002290
v 0.59452921 0.02691757 -0.00361219
v 0.64974773 0.04074568 0.01743260
v -0.11072988 -0.33219790 0.17654529
v -0.17540275 -0.32589087 0.26654425
v -0.52280152 0.12327216 0.15455872
v -0.46534848 0.27173024 0.02249238
v 0.33241114 -0.16956735 -0.26534593
v 0.67027998 0.11396384 0.01400059
v 0.61473209 -0.07018943 0.06802824
v 0.54164791 -0.13421297 0.09470096
v 0.35339910 -0.29536581 -0.13455737
v 0.13687837 -0.24475536 0.43125385
v 0.42717886 -0.26940882 0.15161023
v -0.49214816 0.14518300 -0.04000181
v -0.11108762 0.01364222 -0.51583219
v 0.51262128 -0.19770017 0.15339756
v 0.46057206 -0.27032387 0.21990955
v 0.42851686 -0.23434119 -0.17546678
v 0.46988159 -0.16848874 -0.14817297
v -0.16228688 -0.29053265 0.49798116
v -0.57371521 0.24173668 -0.01523069
v 0.37639222 -0.24625899 -0.07216525
v 0.10561327 -0.27803969 -0.46999517
v -0.05849135 -0.28492159 0.57218409
v -0.29447186 0.31883475 0.11561491
v 0.54472691 -0.03697047 -0.00671432
v 0.28593752 -0.30814108 0.46696419
v 0.46971130 -0.17857511 -0.14077508
v 0.11477986 -0.35089704 0.53158844
v -0.46240163 0.28174993 -0.15543604
v -0.54002857 0.06198674 -0.13440304
v 0.08581865 -0.14060837 -0.54691184
v 0.59297371 -0.00906893 0.05054711
v 0.20234826 -0.23588842 -0.29841983
v 0.02285618 -0.20495632 0.59315836
v 0.55452776 -0.14382367 0.11655390
v -0.49912226 -0.07494798 -0.36026469
v -0.07700431 -0.29709288 -0.45944217
v 0.09438500 -0.25369665 -0.42401773
v 0.60414928 0.04618374 0.02163997
v -0.32479349 -0.29591423 0.21196195
v 0.21401754 0.10450469 -0.45038483
v 0.22230333 0.29766312 -0.21873337
v -0.14112112 0.28888673 -0.30561638
v 0.27411592 -0.26895586 -0.33952481
v -0.12223551 0.04331371 -0.52510512
v 0.53460753 -0.14179188 -0.05340156
v -0.32405657 0.19915433 0.29377621
v -0.29044050 0.32960984 -0.03975984
v 0.18932568 -0.32397014 0.00046882
v 0.37452605 -0.31864595 0.13500628
v -0.25226292 0.26623723 -0.26858026
v 0.61551470 0.06432058 0.02009046
v 0.49035239 -0.24018267 0.13306227
v 0.59174550 -0.04960987 0.03557533
v 0.46667561 -0.20515451 0.19185746
v -0.30910182 0.34584415 0.02665517
v 0.60650414 -0.01140113 0.00866348
v 0.33602244 -0.23953103 -0.29172114
v -0.04161471 -0.29998249 -0.40059364
v 0.43435109 -0.24244440 -0.15167281
v -0.41774091 0.20754394 -0.30328146
v 0.60707140 -0.04828288 -0.12684408
v -0.43993554 0.17984870 -0.33312383
v 0.58109307 0.03896436 0.03311488
v -0.13538408 0.32149225 -0.27608615
v -0.27479497 -0.13825262 0.51479465
v 0.61817622 0.07474686 0.02500322
v 0.21946068 0.24684371 -0.30178505
v -0.01578254 0.28106955 -0.40754274
v 0.56688589 -0.11613524 -0.04660076
v 0.54739767 -0.18934351 0.11955267
v 0.65979511 0.10234025 0.01345384
v 0.45216525 -0.23494276 0.20099986
v 0.49092975 -0.03216577 -0.16013163
v 0.59292448 -0.07349765 0.04820389
v -0.07786355 -0.29597101 0.52609992
v -0.08855826 0.12103827 -0.50695550
v -0.21590964 -0.23207968 0.51078928
v 0.49139449 -0.18621027 -0.06335652
v 0.58743972 -0.10162778 0.06779438
v 0.64682096 0.16135657 -0.10138737
v -0.28516784 0.33806032 -0.03002922
v -0.39877665 -0.22766522 0.24245508
v 0.14480701 -0.31410068 0.49414498
v -0.28656319 -0.17316695 0.33773944
v 0.11299478 -0.35159120 0.46718681
v 0.58019161 -0.11417456 0.06999791
v -0.00276089 0.21355766 -0.49278229
v -0.20622358 0.07076481 -0.53843999
v 0.58196688 -0.12569015 0.08719075
v -0.37982297 0.18822476 -0.35161650
v -0.55743009 -0.02228361 -0.06813422
v 0.50456250 -0.15601602 -0.19012612
v 0.08164310 -0.33488041 0.51823676
v 0.50553179 -0.14679837 -0.12116992
v 0.48472583 -0.18467189 0.01742396
v 0.59027666 0.01132017 0.03891805
v 0.47841424 -0.19621940 -0.09360528
v 0.57918978 -0.09819700 0.05084479
v 0.40100724 -0.22870472 -0.29727325
v -0.54799080 0.28332943 -0.05132458
v 0.60971117 -0.01614992 0.04476842
v 0.03634297 -0.35375962 0.22727579
v 0.58184862 -0.10206260 -0.05417767
v -0.12141201 0.05111592 0.52301127
v 0.57965028 0.02989544 0.00366935
v -0.02115881 0.35681924 0.08888441
v -0.27041236 0.00057776 0.46016407
v 0.33825004 -0.27247554 -0.15813461
v 0.49257270 -0.15418777 -0.24247706
v 0.44609964 -0.05979757 -0.21825042
v 0.27188078 0.10269262 -0.44280887
v -0.24768752 0.15609096 0.42623985
v 0.08833289 -0.29145557 -0.42209545
v -0.42788431 0.06256152 0.29916534
v 0.65811145 0.12129360 0.03035861
v 0.58444762 -0.09919864 0.05280131
v 0.26163480 -0.24914363 -0.27762592
v -0.35100472 0.09642492 0.38902420
v 0.02061316 -0.36359513 0.48968402
v 0.53184330 -0.20753779 0.12908560
v 0.50682056 -0.21638565 0.14957976
v -0.18992695 0.06810118 0.47405389
v 0.41482997 -0.23580208 -0.26444831
v 0.56541699 -0.08589879 -0.01592910
v -0.47194290 0.18041047 -0.23700438
v 0.52642316 -0.13677543 -0.05375388
v -0.00899236 -0.32620859 0.48379773
v 0.48356423 -0.19143930 -0.20232734
v 0.17125505 -0.36858559 0.47778779
v 0.32062984 -0.26036894 -0.16466737
v 0.54617763 -0.08363321 -0.06954870
v -0.00530857 -0.34153515 0.52469814
v -0.05580315 0.29805031 -0.34738722
v -0.19563380 -0.34361166 -0.17964797
v 0.63634259 0.05164805 -0.02013065
v -0.35990560 0.28829110 -0.24047062
v 0.47482687 -0.20660254 0.04951930
v -0.16089211 0.23709832 0.37203693
v 0.61000782 0.03426272 0.04214099
v -0.17249136 -0.22668779 0.53541350
v -0.50360554 0.26051033 -0.15173489
v 0.52089465 -0.15731144 -0.10863164
v -0.36704636 0.33274862 0.05868087
v 0.66217589 0.08911833 -0.01111007
v -0.39218277 0.26584750 -0.33780435
v -0.11923242 0.31522721 -0.35880589
v 0.11913097 0.09791932 -0.48694393
v 0.28014353 -0.25450695 -0.27630341
v 0.54902035 -0.06946419 -0.04506385
v 0.60855687 0.03912099 0.04269181
v -0.41329521 0.12124173 0.28382075
v -0.28801644 -0.07491520 0.47563821
v 0.30033904 -0.31014493 0.48053920
v 0.12865621 -0.23576993 -0.47296032
v -0.08575987 -0.34115806 0.45380372
v 0.06747779 -0.28495979 0.55927771
v -0.49808079 0.24995615 -0.08546551
v 0.14026664 -0.37839389 0.45274672
v -0.19358274 -0.19033810 -0.44450685
v -0.00807634 -0.33263648 0.18501365
v 0.59445095 -0.08948061 0.04778737
v -0.24620366 -0.07095674 -0.48256010
v -0.61276716 0.10053155 -0.12968242
v -0.60472107 0.17880207 -0.07807165
v 0.33882874 -0.29606655 0.16706404
v 0.05745971 -0.10495028 -0.52261072
v -0.49429935 0.27789620 -0.02990648
v 0.53053099 0.12453085 -0.14719373
v 0.59328574 0.02809417 0.01243186
v 0.58114016 -0.12215908 0.09515512
v 0.01823851 -0.33840761 0.53469479
v 0.13547108 0.02222270 -0.50236785
v -0.53744006 -0.06453492 0.09028328
v 0.53037399 -0.13182876 -0.10856754
v -0.51578581 -0.13709800 0.20945263
v 0.56005460 -0.14497153 0.04611909
v 0.28132260 -0.23345801 -0.25289312
v 0.49208951 -0.16784622 -0.15885013
v 0.28058568 -0.33880192 0.43923888
v -0.08157393 -0.23128974 0.53801465
v -0.00857807 -0.19534063 -0.44415593
v 0.06012487 -0.05190004 -0.56011289
v -0.38025606 -0.24074303 0.24297532
v 0.09812516 -0.07475406 -0.52384698
v -0.32801116 0.32272393 -0.08527318
v -0.01791513 0.16355790 -0.51575422
v 0.50773346 -0.16610610 -0.13157049
v 0.54148692 -0.13826734 -0.06304938
v 0.59243679 -0.08187859 -0.03630084
v 0.64361691 0.02845293 -0.01406452
v 0.41187197 0.12845768 -0.26045924
v 0.49770251 -0.20187908 0.04836845
v 0.26866451 -0.12529206 -0.47597778
v 0.43727240 -0.24238008 -0.15218377
v 0.10298963 -0.34697139 0.14864436
v 0.22092304 -0.31033501 -0.11919263
v -0.11982163 -0.33957469 0.44558498
v 0.67075837 0.09590095 -0.01373965
v 0.23033361 -0.30829984 0.48784998
v 0.26500905 -0.28149509 -0.14161164
v 0.38490635 -0.30638784 0.23826617
v -0.07610443 -0.15072167 0.60430849
v 0.57779610 0.03985123 0.01122667
v 0.58395219 -0.10784007 0.09177309
v -0.40421975 -0.19615528 0.32426593
v 0.12198448 -0.33730546 0.52056170
v 0.59073281 -0.10334790 0.10205251
v -0.06632859 0.14106518 -0.48115265
v -0.09845024 -0.19927581 0.57419038
v -0.26472285 -0.14806159 -0.51038080
v 0.59028846 -0.05609044 -0.02433819
v 0.64990890 0.01107343 -0.02236715
v 0.59268904 0.00569565 -0.05923875
v -0.06670204 0.17030060 -0.50270349
v 0.65605938 0.08796532 0.02725765
v 0.12909251 -0.05923994 -0.53022027
v 0.51144457 -0.19102491 0.06758475
v -0.54402530 0.27533707 0.02412517
v -0.07897250 -0.25043559 -0.50236964
v -0.28619263 -0.33232385 0.01947013
v 0.57727122 0.02590784 0.00905061
v 0.58255577 -0.10231975 0.07596868
v 0.57480884 -0.09029582 -0.02209207
v 0.13571960 -0.38151634 0.47392187
v -0.05429870 0.35356838 -0.27297163
v 0.06881261 -0.20964378 -0.48093501
v 0.63405317 0.05140820 -0.01061136
v 0.17499313 -0.35942212 0.49366343
v 0.57778215 -0.06919461 -0.04022086
v -0.40874833 -0.30451074 0.12567139
v 0.36162090 -0.32924193 0.21773773
v -0.40194994 0.32365584 -0.03218934
v 0.42854899 -0.18036769 -0.11712395
v 0.35654125 0.20564957 -0.26485944
v -0.26862615 0.38266462 -0.19823058
v 0.60957861 -0.06356235 0.05746001
v 0.61858928 -0.03870670 0.03985751
v 0.60266811 0.05342362 0.04858965
v -0.49930787 -0.19240524 0.18589416
v 0.06700173 -0.38720164 0.47501224
v -0.18160236 0.25801048 0.33366466
v 0.49254072 -0.16912842 -0.19871536
v 0.56070793 -0.12576671 -0.08591610
v -0.70081085 0.16838290 -0.04499666
v -0.33171010 0.21772407 -0.36305183
v 0.46560305 -0.17504977 -0.03779843
v 0.12203509 0.04335535 -0.52289665
v 0.31924888 -0.21629238 -0.18080002
v 0.52034473 -0.13986278 -0.12049514
v -0.38372296 0.03154033 -0.40109259
v 0.63500190 0.03562209 -0.00766465
v -0.57665181 0.16806373 0.14108495
v 0.56288195 -0.07643445 -0.02182487
v 0.36862049 -0.28848410 0.41961092
v 0.01756050 -0.32910711 0.21295685
v 0.14890376 -0.37257093 0.47244290
v 0.67965633 0.07106212 -0.00760776
v 0.23253888 -0.25659466 -0.24138544
v 0.34091854 -0.31572098 0.17932662
v 0.50011849 -0.10308405 -0.08973321
v -0.35159659 0.12267051 0.40504640
v 0.56110269 -0.15045711 0.14261454
v -0.14498398 0.28230256 -0.37283826
v 0.37436295 -0.24607581 -0.16589209
v 0.58650523 -0.02580795 0.00396504
v -0.47027528 0.22476318 0.07245114
v 0.38877234 -0.12473662 -0.21418494
v 0.28135073 0.10631055 0.18648022
v 0.28106067 -0.34760603 0.46744126
v 0.58763826 -0.00341375 -0.03516358
v 0.52633423 -0.21169259 0.12857097
v 0.37461910 -0.33007994 0.20938951
v 0.05007849 -0.25463384 -0.36431706
v 0.48593229 -0.25400200 0.10935983
v 0.12506559 -0.23355359 0.56041431
v 0.43167871 -0.26709998 -0.09873956
v -0.49732363 -0.24303716 -0.04488987
v 0.07844082 0.15867262 -0.52044857
v -0.54947698 0.20608059 -0.12556791
v 0.59070790 -0.05552426 0.03443629
v -0.18819030 -0.30795866 0.11950156
v -0.46464786 -0.00196573 -0.32469434
v 0.07230884 -0.31438091 -0.01735178
v -0.46354353 -0.18540090 0.08531001
v 0.17168248 -0.36414218 0.48940185
v 0.22347957 -0.28070110 -0.17864326
v -0.10648689 -0.18490030 0.54385161
v -0.62911952 0.22711851 0.00955375
v 0.54030627 -0.14808787 0.10361245
v -0.42699331 0.25428063 -0.08242013
v 0.60310274 -0.05264580 0.05845404
v -0.45410684 0.08755189 -0.33976990
v -0.21342416 -0.07789316 0.48983514
v 0.30181929 -0.29552186 0.46082795
v 0.58973342 -0.07820527 0.06597394
v 0.57491750 -0.12900975 0.03508896
v -0.16261703 -0.33783975 0.23569879
v 0.65832275 0.03236049 -0.00164959
v 0.58773828 -0.06754747 -0.05312872
v -0.49034601 0.07017425 0.11804008
v -0.26378900 0.36709887 0.02941228
v 0.06351713 -0.01090572 0.47296378
v 0.13972989 -0.36771733 0.49301174
v -0.49172181 0.19909868 0.10358468
v 0.32080331 -0.34546548 0.20560023
v 0.61012387 -0.03194082 0.04019690
v 0.12879395 -0.32152945 0.20631190
v 0.14818391 0.10038331 -0.48175442
v 0.58983731 -0.07982391 0.04404020
v 0.57726967 -0.08658433 -0.04522526
v -0.54670304 -0.17078525 0.14367148
v -0.37381351 -0.19182621 -0.40854442
v 0.05763756 -0.23725434 0.56169009
v 0.43072784 -0.12866850 -0.29483408
v 0.34208608 -0.27422470 -0.32261199
v 0.52730668 -0.10552612 -0.07943648
v -0.07034901 0.02209458 -0.53994060
v -0.28119728 -0.23950811 0.50199020
v 0.45091188 -0.17986816 -0.12500004
v 0.21099564 -0.10703416 -0.51813543
v -0.73540169 0.15195963 0.00623681
v 0.36093858 -0.32503453 0.19003743
v 0.16589978 -0.16739935 -0.50948727
v -0.40488076 0.10074838 -0.40730143
v 0.16374668 -0.37764156 0.43215135
v -0.64178276 0.16818866 -0.01926965
v 0.29299262 -0.38623568 0.44607228
v -0.58871615 0.08337385 0.06543167
v -0.11215216 -0.10880026 -0.51580101
v 0.31868953 -0.02780525 -0.45309997
v -0.06049985 -0.35049275 0.23381026
v -0.24962419 0.05170843 0.44940037
v 0.32433903 -0.23734669 0.28188884
v -0.50408143 0.18602657 0.03263093
v 0.69351941 0.09285022 0.09004079
v -0.34014225 -0.19213244 0.41665307
v 0.41279379 -0.21183912 -0.12734070
v 0.32232672 -0.28956544 -0.02102289
v 0.28998196 -0.31041399 0.14079621
v 0.63596356 0.05444473 -0.02328572
v -0.06409839 0.37870386 -0.06048402
v 0.02327484 -0.25115952 -0.46875626
v 0.57671642 0.03520737 0.04825974
v 0.09567413 -0.22894366 0.59262973
v 0.07610188 -0.06063633 -0.56977683
v 0.59783423 -0.02844401 0.02201191
v -0.41902614 0.30860239 -0.03042874
v -0.37609464 0.20171736 -0.43038493
v -0.38224986 -0.30371746 0.03333834
v 0.59664786 -0.04571403 0.02254653
v 0.56882817 -0.13536233 -0.08235803
v -0.16987039 0.02586770 -0.55142236
v -0.22636789 0.36716729 0.03765722
v 0.32046971 -0.27811050 -0.28132784
v -0.08819285 0.18461041 -0.50490963
v 0.51145023 -0.02942386 -0.22904381
v 0.63243687 -0.04727492 -0.02203158
v -0.14025855 -0.26661682 0.45783842
v 0.66492218 0.11627184 -0.02095678
v 0.35360652 -0.31659117 0.15792206
v 0.08941069 0.16873097 -0.47718889
v 0.07135078 0.05765864 -0.53779274
v 0.10605045 0.26560286 -0.38687724
v 0.58478415 -0.01372416 -0.00333774
v -0.18628658 -0.25204542 0.53616947
v -0.45940310 0.17853066 -0.04084358
v -0.10742691 -0.01916736 -0.55752999
v 0.52531981 -0.15105787 -0.08602184
v 0.59340245 -0.05860738 0.05685407
v 0.17369992 -0.35436594 0.47715148
v -0.27354586 0.10100478 -0.53531379
v 0.18266305 -0.24143419 -0.33298567
v -0.50365496 0.20453084 -0.22053704
v 0.01056048 -0.11756317 0.60887665
v -0.57087219 0.08474899 0.13041873
v -0.66545379 -0.02125996 -0.02332936
v -0.13196099 -0.09955192 0.58717835
v 0.01574272 -0.20294508 0.58122206
v 0.58308423 -0.08018765 0.01487172
v 0.64818710 0.10333133 0.05788761
v 0.61124271 0.01276691 -0.00695604
v 0.51722836 -0.17734730 -0.12135124
v -0.21374151 0.29231361 -0.29812908
v 0.11326656 -0.38258240 0.50316477
v 0.56927079 -0.08342037 -0.04463044
v -0.26116133 -0.30123538 0.16024956
v 0.07219976 -0.29557648 0.55630291
v -0.11797291 0.19980673 -0.47477823
v 0.04724170 -0.34231806 0.18929633
v -0.51403320 0.20421045 0.05838167
v -0.09647399 0.42081404 -0.05547372
v 0.33939937 -0.27850848 -0.07741397
v 0.19834900 -0.38824707 0.41575539
v 0.62585998 0.05407983 0.04870844
v 0.25572303 -0.34569532 0.45948458
v -0.18553200 0.34613878 -0.18322793
v -0.37171957 0.28173739 -0.09920610
v -0.49738681 -0.18143937 0.03676447
v -0.26594993 0.29081988 -0.28621292
v 0.04782450 -0.32087544 -0.39648455
v -0.09068972 0.00649473 -0.51609552
v 0.47323072 -0.23350203 0.16297489
v 0.02981180 -0.17844468 -0.51328278
v 0.62699413 0.05901910 0.02574036
v -0.50858063 -0.20349355 0.18479320
v 0.40268862 -0.18269989 -0.14325938
v 0.15808040 0.01847912 -0.50711930
v -0.64349252 -0.02432930 -0.04584122
v 0.34053129 0.18217885 0.29850394
v 0.61490071 0.02648775 0.00539531
v -0.28574863 -0.29240566 0.22382125
v -0.11998138 -0.32512367 -0.16993091
v 0.53702593 -0.12933810 -0.11371452
v -0.02591875 0.12803409 -0.51742482
v 0.59705973 -0.01514454 -0.12308523
v 0.14793515 -0.26467130 -0.30730149
v 0.60285288 -0.06476682 0.01946062
v 0.31859049 -0.29593682 -0.19047600
v 0.04009210 -0.21590245 0.51330388
v 0.17644310 -0.14856705 -0.42064044
v -0.24142948 0.08850729 -0.53343695
v -0.16277060 -0.32149494 0.45816258
v 0.41234833 -0.25329673 0.00225395
v -0.09131053 -0.31804222 -0.06495951
v 0.58932340 -0.06308583 -0.08036599
v -0.12417050 -0.32725433 0.25637987
v 0.06704411 0.36616683 -0.12885645
v 0.42576021 -0.26941344 0.11780557
v 0.34787253 -0.26755148 0.43689662
v -0.04879045 -0.22505960 -0.52264190
v 0.02218065 0.26517007 -0.39479691
v -0.16919933 0.26553056 -0.37023914
v -0.28887421 0.20045047 0.32743871
v 0.68071043 0.03340572 0.03329111
v 0.51557851 -0.05334383 -0.06649855
v 0.50124538 -0.20908457 0.23666114
v -0.01498109 -0.06753156 -0.53632599
v 0.66162145 0.11164033 -0.00923130
v -0.11124250 0.08117940 0.49879155
v 0.65898144 0.01579919 -0.03787489
v 0.23165336 -0.33662036 0.46874407
v 0.36602357 -0.13788283 -0.23784025
v -0.38741946 0.28180760 -0.09576893
v 0.23955554 -0.33656061 0.26316643
v 0.38473460 -0.30963841 0.20623803
v 0.58744270 -0.05946982 0.03684950
v 0.12611860 -0.22861972 -0.46295482
v 0.46189189 -0.26334846 0.17591864
v 0.20957765 -0.34349242 0.48747694
v 0.53174901 -0.17194986 0.11653805
v 0.49201062 -0.19861545 -0.09823582
v 0.18261175 -0.24336113 -0.31741664
v 0.58627957 -0.02398240 0.01342320
v 0.12947589 0.24916634 -0.44299114
v 0.42641634 0.21021576 0.03293141
v 0.67070067 0.04710095 0.01148140
v 0.53088206 -0.14059697 0.03095758
v -0.02895133 -0.32562819 0.36720541
v 0.60169572 -0.08214817 0.05694717
v 0.21123704 -0.17934293 -0.35658687
v 0.65910512 0.04922311 -0.01982555
v -0.02264833 0.29194242 0.27791470
v 0.34627712 -0.10558494 -0.41169566
v 0.63955706 0.04096344 -0.04037434
v 0.23600085 -0.38543725 0.45672375
v -0.29197085 -0.01343647 -0.50198114
v 0.58248842 0.05514248 0.04807368
v 0.22242999 -0.20683041 -0.41253421
v -0.03486115 0.32643682 -0.23033994
v 0.64785159 0.07585749 0.04030874
v -0.22915706 0.30574143 -0.11896518
v -0.52571881 0.24899045 0.01080227
v 0.53349793 -0.15747941 -0.09582624
v 0.34942669 -0.31348944 0.19016707
v 0.20885347 -0.10672930 -0.43597710
v -0.44446403 0.30168632 -0.16311809
v 0.23358801 -0.32290220 0.51037872
v 0.46620470 -0.19426247 -0.13523406
v 0.55646634 -0.14328814 0.15509278
v -0.55999136 0.16389653 -0.15080999
v 0.60255837 -0.08003221 0.07263035
v 0.06962191 -0.35963520 0.23799050
v 0.04313362 -0.05340990 -0.53643382
v -0.66387796 -0.10225303 0.05576980
v 0.60919291 0.02818502 0.05150333
v 0.34907922 -0.07777426 -0.37714750
v -0.00976518 -0.26159942 0.58392012
v -0.05838425 -0.03177985 -0.54191887
v 0.47848925 -0.19837475 -0.15991613
v -0.30393493 -0.04738894 -0.47704285
v -0.06305596 0.35366833 0.30240762
v 0.13186353 0.10855108 -0.47755301
v 0.52595341 -0.18378997 0.12595931
v 0.68281490 0.04609917 0.01478887
v 0.08393404 -0.32209140 0.51942122
v 0.20843333 -0.32280970 0.49449167
v 0.08051965 -0.15134248 -0.53176844
v 0.04706326 -0.31496927 0.54764819
v 0.16433412 -0.26651579 -0.40081817
v -0.22153421 0.18730499 0.41686276
v 0.21701872 -0.32545498 -0.19468963
v 0.57850832 0.04255232 0.03508079
v -0.58834100 -0.03948769 -0.00178078
v 0.51839566 -0.17760321 -0.06397405
v -0.08024856 -0.27530420 0.52595872
v 0.04422742 0.01568612 -0.54536986
v -0.24385089 -0.28117806 0.17313623
v -0.34552372 0.31608704 -0.15891282
v -0.12368557 0.24931799 -0.40308571
v 0.00434838 -0.34977463 0.48346180
v 0.60837954 -0.05880864 0.06600997
v 0.57996321 -0.14163078 0.10935080
v 0.11027627 -0.34468901 0.49321994
v 0.60488343 -0.05797757 -0.05372149
v -0.36787131 0.31231576 0.05391768
v 0.54170936 -0.14469506 0.14422762
v -0.38236129 0.28611302 -0.11162362
v 0.26461077 -0.34365016 0.23970789
v 0.49112296 -0.15463284 -0.11993932
v 0.47572771 -0.16617373 -0.10997319
v 0.50941765 -0.17322820 -0.13818723
v -0.02368012 0.39845556 0.00261456
v 0.51706934 -0.15155584 -0.09189838
v -0.01327783 0.30801705 -0.34949160
v 0.65151262 0.07751277 0.00685781
v 0.59415376 -0.10153019 0.07561535
v -0.35385233 0.25116876 0.23497844
v 0.53189099 -0.22052407 0.11309522
v 0.54482335 -0.15797134 -0.08660060
v 0.47360009 -0.21702239 0.06317757
v 0.02605001 0.29179054 0.37322196
v 0.44665658 -0.09137045 -0.18544173
v 0.49041030 -0.14512207 -0.09486526
v -0.41609344 0.13359156 0.33237982
v 0.51275402 -0.17030284 -0.01082318
v -0.01214790 -0.00384802 -0.53098452
v 0.54087985 -0.08511153 -0.05768508
v -0.05898720 0.02366123 -0.51763725
v -0.45514128 -0.20637845 0.20941864
v 0.30006626 -0.16488060 -0.31511965
v -0.05008847 -0.35177353 0.19914630
v 0.53673875 -0.14374861 -0.08906975
v 0.48412684 -0.22681457 0.24220735
v -0.62807167 0.23795210 -0.06024702
v -0.41651040 0.29251528 -0.06657451
v 0.54572028 -0.16003487 0.14035481
v 0.20552012 -0.24600214 -0.32034299
v -0.17524692 -0.31370413 0.30213040
v -0.11353135 0.42518416 -0.11989388
v -0.01693702 -0.23691255 -0.48213398
v -0.11154741 0.11719757 -0.50118852
v -0.13871244 -0.24316901 0.53881097
v 0.10928076 -0.33131230 0.21201053
v -0.00199497 0.02746669 0.55197942
v 0.54198873 -0.13857555 -0.11357707
v 0.08914810 -0.27826369 -0.41744536
v 0.58854800 -0.06861037 -0.09288073
v -0.39109445 0.17070660 0.29722071
v -0.49303824 0.14740500 0.10258370
v 0.50745636 -0.14827020 -0.10783237
v 0.11575532 0.12336088 -0.51740515
v 0.50064594 -0.07518968 -0.07126242
v 0.60447717 0.02792062 0.05437191
v 0.59121120 0.02100866 0.04423806
v 0.55127633 -0.07782608 -0.03916550
v 0.70918083 0.16014229 0.01899651
v -0.03889483 -0.12666759 -0.53201777
v 0.43204042 -0.02349648 -0.29669377
v -0.18105246 -0.09820338 0.58323920
v 0.53109115 -0.12957288 -0.15061852
v 0.04914966 -0.34742737 0.50793231
v 0.44118419 0.23929587 0.11225179
v -0.11383086 -0.12861851 0.57032526
v -0.02223313 0.10179442 -0.53182793
v 0.31786862 -0.34003145 0.16538671
v 0.28877416 -0.36036581 0.18982437
v 0.60447639 -0.04151693 -0.02180430
v -0.36819959 0.28655455 -0.00776136
v 0.63790441 0.11185831 0.04532242
v 0.26232931 -0.30932933 -0.11599353
v -0.52786207 0.26055601 -0.05754060
v -0.37144363 0.14436667 0.27999845
v 0.68003279 0.06458575 -0.00803083
v 0.35735196 -0.31702963 0.21958709
v 0.10675175 -0.17434880 0.38439295
v -0.16953020 0.14067337 -0.50602686
v -0.17261454 0.20330407 -0.46730244
v 0.03704160 0.10507213 -0.57489026
v 0.41908312 -0.26920909 0.10628110
v -0.09924626 0.37652618 -0.22924238
v 0.55743802 -0.14540923 0.09642959
v -0.42061210 0.32991844 -0.02364171
v -0.01809794 -0.26948017 -0.40990555
v 0.64366233 0.03291386 0.01885882
v 0.40771499 -0.18007477 -0.30930007
v 0.37124601 -0.20510504 -0.13503745
v -0.32147896 -0.02547616 -0.45219943
v 0.49411881 -0.21252722 0.20350999
v -0.18626621 0.38595873 0.18766992
v 0.60350233 -0.06824041 0.05319488
v 0.03414357 -0.34969479 0.49467337
v -0.21250898 -0.24691527 0.52803111
v 0.46137717 -0.21711612 -0.16403386
v 0.04476380 -0.26218098 -0.41713703
v 0.55666322 -0.08457117 0.01683527
v -0.28216296 -0.30664122 -0.11918095
v 0.64236128 0.11815455 0.05088642
v -0.44306391 -0.15460116 0.27972656
v 0.09063825 -0.23710662 -0.44689018
v -0.50330412 0.24991119 0.00309950
v 0.26316667 -0.29729807 -0.30946973
v 0.49588662 -0.10096768 -0.11073379
v -0.33995900 -0.26240742 0.20592701
v 0.40931237 -0.28652495 0.13217273
v 0.56514680 -0.11568469 0.01366693
v -0.02786657 -0.17238106 0.57277679
v 0.06640515 -0.36118200 0.51282305
v 0.65566665 0.05436882 -0.01367563
v 0.35688031 -0.13565719 -0.40814352
v -0.21611430 -0.14240253 0.53622669
v 0.49375275 -0.15197685 -0.07584821
v 0.45015627 -0.24331309 0.08935291
v 0.36114854 -0.27285320 -0.26004153
v 0.48246813 -0.14004752 -0.11377251
v -0.22952336 -0.32119590 0.14191249
v -0.35352749 -0.32240039 0.00671980
v 0.38541511 -0.09442230 -0.37798142
v 0.64003158 0.05079170 0.00991571
v 0.26190555 -0.29435864 -0.32649481
v 0.47082359 -0.20225427 -0.11550242
v 0.63133508 -0.11080465 0.14693998
v 0.49499816 -0.17449886 -0.10747594
v 0.66869044 0.07559174 -0.00784382
v -0.09211245 -0.37063140 0.45309702
v 0.45371103 -0.25357056 0.19209516
v 0.47964740 -0.22297806 -0.08244118
v -0.25010213 -0.31272030 0.00426385
v 0.41687262 -0.26315516 0.15124065
v 0.52022034 -0.16398695 -0.06630048
v -0.51159424 0.22472759 -0.18713197
v -0.59015489 -0.02881199 -0.17924634
v 0.34614369 -0.22322342 -0.11119771
v -0.50377071 -0.14586714 0.02838786
v 0.54264694 -0.10650971 -0.17105499
v 0.59943020 0.01950938 -0.02000856
v 0.61175764 0.00100948 -0.00172102
v 0.44808182 -0.26013449 0.21968544
v 0.25454077 -0.36588398 0.46059811
v 0.37292016 -0.28912476 -0.25579929
v 0.06299508 0.18729930 -0.47600260
v -0.06141898 -0.12672389 -0.49116802
v -0.48428380 -0.21094641 0.14688748
v 0.19268292 0.28504056 0.28098086
v -0.59100556 0.05358892 0.10596479
v 0.50422585 -0.21425539 0.18440634
v 0.29090032 -0.16891186 -0.33986413
v -0.61191618 -0.08158359 0.06702009
v 0.65424293 0.08931494 -0.00571007
v 0.06650168 -0.17693231 -0.45542976
v -0.57206577 0.14552566 -0.19429716
v -0.13849050 0.31843150 -0.20429692
v 0.44806272 -0.24821475 0.19292539
v -0.02394587 0.30004406 -0.31683964
v 0.60884613 0.00293253 0.01595479
v -0.61037028 0.11069205 -0.12754926
v 0.56219608 -0.05195367 -0.03547782
v 0.56042373 -0.12734094 0.12481809
v 0.54660243 -0.10021181 -0.11156318
v -0.42955399 0.29251266 -0.08132710
v 0.62774408 0.05302896 0.01554555
v 0.03042953 -0.31898206 0.00113257
v 0.15286559 -0.13018149 -0.52163500
v 0.52667224 -0.19654500 -0.05098444
v 0.41600645 -0.11020819 -0.17896584
v 0.00313917 0.02150512 -0.55608183
v 0.12607065 -0.33576164 -0.29492739
v -0.66928446 0.13829511 -0.06084381
v -0.15734632 0.19733857 0.44393629
v -0.19043836 -0.28782773 0.50787348
v 0.00992620 0.18694675 -0.46461082
v -0.68629259 0.00234883 -0.15984008
v -0.11929712 0.00295057 0.52180904
v 0.50935203 -0.18362683 -0.13721576
v 0.32560602 -0.33053437 0.17923629
v 0.46324503 -0.27683672 0.17258424
v 0.33550739 -0.27027836 0.45862299
v 0.17485905 0.30252671 -0.19974375
v 0.41977400 -0.27270669 0.18138123
v 0.71341908 0.07502029 0.04211613
v 0.50944382 -0.17574039 -0.11862659
v 0.45072055 -0.25824615 0.22093421
v -0.06136999 0.10747510 -0.52732384
v 0.17423177 -0.33521745 -0.28113684
v -0.01284729 -0.31171858 0.50879079
v 0.57031536 -0.11732043 0.09913582
v 0.56154859 -0.15692177 0.14674389
v 0.32121524 -0.33721870 0.18911284
v -0.37145925 -0.19215301 0.21495393
v -0.08535564 0.38117391 -0.04043522
v 0.34436786 -0.30629256 0.44548988
v 0.43902647 -0.23584041 -0.10875258
v -0.25296453 0.32756227 -0.11187640
v 0.35554790 -0.22088435 -0.21779504
v -0.14874500 -0.21039154 -0.45505053
v 0.11110562 -0.34244686 0.47031173
v -0.35045695 -0.19633648 -0.35984662
v -0.16407926 0.20908204 0.44465500
v -0.36417630 -0.18056262 0.20862681
v 0.55455649 -0.18315628 0.11882985
v -0.30817655 0.32784832 -0.03723159
v -0.50446153 -0.18262631 0.12946048
v -0.28811601 0.33548898 -0.41481113
v 0.61569178 -0.01012387 0.02469003
v 0.54554534 -0.16980271 0.14170432
v -0.44746023 0.19979045 0.24421528
v 0.07717606 -0.32946402 0.20541199
v -0.51654994 0.27460313 -0.02792110
v 0.59742552 -0.09449390 0.07333201
v 0.18033923 -0.35161769 0.24123806
v 0.17756531 -0.36237451 0.48929405
v 0.67581630 0.03830355 -0.00796252
v 0.57544762 -0.13880444 -0.06784803
v -0.20475923 0.17432186 0.43202627
v 0.61856264 0.05600997 0.03539661
v 0.22023153 -0.32750067 0.50635403
v -0.63497025 0.01014704 -0.03361566
v 0.09317526 0.04960045 -0.51910257
v -0.53918660 0.19208229 -0.11190036
v 0.49335247 -0.25174701 0.10857964
v 0.02671368 -0.39003086 0.43243283
v 0.28854409 -0.29948395 0.48050156
v 0.60012960 -0.03280087 0.03660226
v 0.09093288 -0.31675670 -0.39469600
v 0.57902944 -0.12910654 0.10737944
v 0.15195549 -0.34083101 0.48376134
v -0.01037225 0.23175235 -0.43866515
v -0.38177827 -0.31153813 -0.04445641
v -0.23122664 -0.26930130 -0.38377997
v -0.14174992 0.37951010 -0.01784843
v 0.65794504 0.03511762 0.06398974
v 0.23277842 -0.28479663 -0.37448698
v 0.35469344 -0.28585738 -0.29707384
v -0.15540031 0.22874382 0.37969545
v -0.06665054 0.33424255 -0.12819394
v 0.44394371 -0.21984932 -0.16495937
v 0.16664448 -0.13517806 -0.51698399
v 0.62875915 0.05687603 0.01612899
v 0.60865855 -0.06078826 0.05700564
v 0.14534551 -0.18373090 -0.48793608
v 0.64979172 0.05114514 0.00255388
v -0.19462757 -0.28103006 0.45795462
v 0.20088342 -0.33119500 0.52668422
v 0.62168849 0.01341416 0.02125311
v 0.37914953 -0.29508057 0.14173964
v 0.66444981 0.04469512 0.01745418
v 0.12952945 -0.19751376 -0.38047284
v 0.26414254 -0.27517140 -0.25656906
v -0.16119456 0.33640930 -0.18980637
v 0.09445098 0.19702281 -0.46707523
v 0.31416026 -0.30523074 0.47800964
v -0.02985708 -0.29459852 0.45729089
v 0.03549546 0.28993839 -0.29673973
v 0.41621614 -0.15276811 -0.12933481
v -0.13919050 0.18923905 -0.46940231
v -0.55460840 0.15928929 0.01225486
v 0.63955808 0.02279750 0.01977190
v -0.58289319 0.21544978 -0.00663090
v 0.02555001 0.16043910 -0.48811817
v -0.45910883 -0.20029053 0.02633978
v -0.60781312 -0.04331696 -0.21210945
v 0.48689029 -0.22743151 0.23537666
v -0.34425333 -0.26807675 0.21655044
v 0.39481086 -0.29453942 0.12600750
v -0.64201021 0.07024430 -0.15876669
v 0.57768750 -0.09278981 -0.07089475
v 0.45990589 -0.26433387 0.12656108
v 0.46597618 -0.20636758 0.18363976
v 0.03884099 -0.03539079 -0.55760622
v -0.26702362 0.04609731 -0.52424657
v 0.26047376 0.05127963 -0.46766123
v 0.55390596 -0.12421797 0.02517754
v 0.11196043 -0.30244112 -0.24458154
v 0.59667826 0.05293871 0.04152364
v 0.55656099 -0.09435083 -0.01113994
v 0.44311389 -0.24829923 -0.12271535
v 0.23186840 -0.10141870 -0.51141763
v -0.02081805 0.00669300 0.55922890
v -0.25226930 -0.25637791 0.30664819
v -0.50038493 0.08802693 0.29344428
v 0.39646068 -0.29356050 -0.15662578
v 0.30268154 -0.30143502 0.43506801
v 0.51180172 -0.21316980 0.09896547
v 0.19995525 -0.32887307 0.51413691
v 0.66893536 0.06476218 -0.01099175
v -0.22988349 -0.26456016 0.45293549
v 0.34188905 -0.20413955 -0.23014271
v 0.54299879 -0.11372486 -0.01928642
v 0.58902198 -0.07884008 0.03461558
v 0.57223231 -0.08921520 0.03171009
v 0.32675013 -0.25054848 -0.11715697
v -0.24045807 -0.00757354 0.50060797
v 0.02976905 -0.33306682 0.23656777
v 0.33202207 -0.18376449 -0.19588593
v 0.49785918 -0.16291890 -0.09937906
v -0.38658515 -0.27453005 0.23261175
v 0.49375474 -0.19721410 0.09928665
v -0.08991006 0.31841385 -0.34617260
v 0.18375590 -0.34907535 -0.27717042
v 0.55479860 -0.07593221 -0.05368406
v 0.33877927 -0.31099606 0.15589774
v -0.32427570 -0.01432210 -0.46636900
v 0.22400911 -0.33968613 0.21127170
v 0.47456080 -0.21279781 0.21621639
v 0.43807018 -0.27964079 0.13567355
v 0.42212108 0.11309969 -0.24090028
v 0.66359484 0.07540256 0.03264293
v 0.42447740 -0.28698108 0.27347869
v -0.06976683 0.25627190 0.37991771
v 0.51147610 -0.07036772 -0.06289673
v 0.53548223 -0.15453155 0.09262782
v 0.67180204 0.19860056 0.00283296
v -0.36854053 -0.21567199 0.38162047
v 0.54184794 -0.06719320 -0.03079753
v 0.11264321 -0.34791321 0.45911399
v -0.12325606 -0.14949439 0.56387472
v 0.46186647 -0.18408623 -0.11420244
v 0.55757076 -0.14038856 0.15872353
v -0.27001393 0.05906597 -0.50759888
v 0.55718529 -0.13416864 0.15960175
v 0.14500567 0.16792747 -0.45205164
v -0.56140083 0.14868385 0.12813829
v 0.25448057 -0.25397754 -0.42337486
v 0.08920492 -0.35149026 0.24040821
v -0.49564469 0.21896493 -0.01382014
v -0.46758938 0.26289803 -0.11907992
v 0.65801173 0.09467500 0.02471039
v 0.23493546 0.30789924 -0.15104401
v 0.52306318 -0.13421054 -0.10474384
v 0.16652876 -0.33052960 0.51103806
v 0.26373369 -0.22161187 -0.25984108
v 0.46991789 -0.17304140 -0.04933053
v 0.41043311 -0.20955403 -0.08890970
v 0.59956175 -0.10227062 0.07562363
v 0.15226808 -0.31928092 0.54535508
v 0.40108004 0.22410339 -0.18770751
v -0.08372815 -0.35922179 0.45065668
v 0.35843134 -0.25167572 -0.24136451
v 0.61507678 0.04280564 0.00938214
v 0.02209550 -0.34641501 0.52949816
v 0.42772630 -0.23526666 -0.14172009
v -0.17027870 0.34838471 0.00371425
v 0.00338268 -0.33075213 -0.04009557
v -0.56375122 0.23571038 -0.06239526
v 0.20704067 -0.40223792 0.39858037
v -0.16319780 -0.25168046 0.44988930
v -0.14944053 -0.00875097 -0.55333656
v -0.57685691 -0.16630468 0.07963663
v 0.58653593 -0.03852028 -0.04346687
v 0.14598437 -0.34748667 0.19532114
v 0.00030482 0.39207098 0.15636237
v 0.59467125 -0.05990430 0.04590929
v -0.45098546 -0.18086013 0.12847498
v 0.52247685 -0.12766582 -0.06837407
v 0.54072803 -0.13439864 -0.06458247
v -0.24794799 -0.22335133 0.45390719
v 0.40778625 -0.29394352 0.19857988
v -0.33520946 -0.30535236 -0.11505768
v 0.34025490 -0.27191332 -0.00508786
v 0.21111591 0.25533238 -0.33072644
v 0.45289510 0.13235846 0.21099512
v -0.33528224 -0.35711151 0.04648361
v 0.02785680 -0.36809355 0.48237401
v 0.27687275 -0.34005272 0.23382801
v 0.79307801 0.21777757 -0.00049557
v -0.24593100 0.32698101 0.13096060
v -0.19199294 0.30073744 -0.28653121
v 0.18257123 -0.28045624 -0.36018610
v 0.66209722 0.08006862 0.03773484
v 0.33661216 -0.17020606 -0.24841738
v -0.42460972 0.16132534 -0.37008747
v 0.49667802 -0.21778890 0.20022279
v -0.04590746 -0.31930906 0.31021497
v 0.61535388 -0.02570867 0.03465301
v -0.13292599 -0.34515533 0.41912186
v -0.22440317 -0.01891953 -0.53071755
v 0.44908595 -0.06208044 -0.18974905
v 0.07909685 -0.00722620 -0.54224074
v 0.28596830 -0.28828216 -0.31366983
v -0.00514013 -0.32858318 0.54987925
v -0.01258684 -0.25814816 -0.43982369
v 0.10895941 -0.34078768 0.51910806
v 0.50708169 -0.15314636 -0.13222510
v 0.76295447 0.23627567 -0.00981228
v -0.26921511 -0.21525627 -0.42071605
v -0.25899053 0.27907154 -0.29677966
v 0.59071928 -0.08876595 0.06502807
v -0.19890133 0.29102987 -0.33400530
v 0.60496187 0.03508878 0.04448456
v -0.61634868 0.17777362 -0.09967786
v -0.24422801 -0.30714390 0.26004091
v 0.07643243 -0.19003573 -0.41754377
v -0.12928700 0.30221802 -0.33418187
v 0.07953441 -0.13711737 0.57781899
v 0.56068611 -0.14729916 0.14130187
v -0.10075628 -0.35015550 0.19823337
v 0.47353300 -0.15461361 -0.23584953
v 0.16191131 -0.27344573 -0.40016264
v 0.51073402 -0.19039090 -0.09030682
v 0.61893588 0.03959289 -0.00897941
v -0.09892868 -0.08799544 -0.50923812
v -0.26407483 -0.32931498 0.18941981
v 0.49534988 -0.22771873 0.18180078
v 0.32005161 0.24790476 -0.14845383
v -0.53103161 0.25170636 -0.03217456
v 0.06969503 -0.17038988 -0.51674944
v 0.65393788 0.03750986 -0.02583814
v -0.14349112 -0.27210984 0.55553365
v 0.49350542 -0.17282769 -0.15762246
v -0.56454635 0.14951229 -0.17070407
v 0.37838537 -0.20623569 -0.18080947
v -0.52659434 0.24052685 -0.09315154
v 0.52848697 -0.16865975 0.07471991
v 0.32358044 -0.27378735 -0.26882136
v 0.86290264 0.26453060 0.00312433
v 0.57454365 -0.03486603 0.00470360
v 0.58935654 -0.09510386 0.08078676
v 0.02054501 -0.20930368 -0.48471692
v -0.39281568 -0.25931287 0.04967192
v 0.35441697 -0.28854424 -0.19279963
v -0.45903140 0.26234514 0.09280004
v -0.06500083 -0.34653378 0.51029104
v 0.26086324 -0.30539930 -0.05009460
v 0.12738615 -0.10350129 -0.51600492
v 0.39531198 -0.28734094 0.23738763
v 0.15304719 0.35288483 -0.00789796
v 0.13645452 -0.29519242 0.54346859
v 0.00825457 0.38774228 0.01556995
v 0.48348224 -0.19764259 0.07632756
v 0.48826522 0.08194882 -0.12076100
v 0.46634462 -0.22415301 -0.14492086
v 0.51665407 -0.12353992 -0.09746453
v -0.10261136 0.33590251 -0.15166093
v -0.03265487 -0.18621631 0.58180332
v -0.25103065 0.37066358 0.03858529
v 0.48786414 -0.26426414 0.16530710
v 0.22575349 -0.35900921 0.44983149
v -0.51867795 -0.09581107 -0.02468500
v 0.66399705 0.06181622 0.02409345
v -0.40228826 -0.26538703 0.04427272
v -0.06184295 -0.05005848 -0.55478060
v 0.56968713 -0.12155673 -0.09832975
v 0.61117595 0.05415260 0.02716121
v 0.53770673 -0.12779075 -0.06211399
v 0.08049500 0.18061070 -0.47310060
v 0.14006910 -0.38467366 0.45972064
v 0.56737113 -0.14058547 0.07871687
v -0.26118615 0.36036199 0.05428776
v 0.43250540 -0.25436950 -0.18845019
v 0.54575598 -0.12481137 -0.07987499
v 0.52529234 -0.19230260 0.16782129
v -0.04489738 -0.34661105 0.49676204
v 0.60027653 -0.01240907 -0.03993192
v 0.24606602 0.05443603 -0.52744341
v 0.11209604 0.18796058 -0.45947433
v 0.06234474 -0.32143641 0.17442518
v 0.12092566 -0.09123376 -0.50587630
v 0.10713971 0.03698042 -0.52030063
v 0.47159055 -0.25049824 0.22324526
v -0.15979734 0.26546413 -0.37255275
v -0.10978693 0.36575755 0.00375797
v 0.66279626 0.09279713 -0.00372452
v 0.55887973 -0.09336273 -0.08238468
v 0.24964127 -0.33545059 0.48953444
v 0.64272457 0.07163875 0.03807381
v 0.40498036 -0.27467316 -0.14305681
v 0.14763433 -0.23197223 0.47833145
v -0.44187939 -0.04437304 -0.41730374
v 0.19517595 -0.26004356 -0.36429539
v 0.58845651 -0.03336426 0.01503828
v 0.07100575 -0.34825298 0.24603339
v 0.11071754 0.07302561 -0.50678271
v 0.59634084 0.01834721 0.02479917
v 0.05637139 -0.20857581 -0.48416692
v 0.38059986 -0.30262303 0.22981775
v -0.34094357 -0.28473476 0.26472190
v 0.17064179 -0.22848551 -0.50316960
v -0.00548393 0.12174556 -0.50786459
v 0.47057998 -0.25358629 0.17049885
v 0.47400561 -0.10569605 -0.27056828
v 0.42893994 -0.21785074 -0.11308172
v 0.58020157 0.03447579 0.03956506
v 0.68135744 0.07435006 -0.00491160
v 0.65763581 0.12972894 0.00922465
v 0.14735539 -0.08122650 -0.56178057
v 0.58494925 -0.01585199 0.03724305
v 0.54382670 -0.11641154 -0.13311589
v -0.33309710 -0.14524442 -0.42814210
v 0.80987966 0.20452847 0.06113902
v 0.44441330 -0.24611557 -0.13276562
v 0.22194947 -0.25270072 -0.24847096
v 0.45317584 -0.09406861 -0.17250428
v 0.55097389 -0.11460435 0.02674699
v -0.04312155 -0.23687352 0.55282485
v -0.11900839 0.22035843 -0.46436879
v -0.41676968 0.16849305 0.26154152
v -0.00540599 0.43126059 -0.00582278
v -0.70901895 0.07467249 -0.04648559
v -0.12003350 -0.34487629 -0.09521031
v 0.47995311 -0.09917121 -0.24481422
v 0.63879585 0.04534134 -0.03886145
v 0.57831240 0.01164412 -0.00615038
v -0.47849599 0.23750061 -0.10787341
v 0.14595677 -0.10127106 -0.56318378
v 0.50453836 -0.13656506 -0.04331076
v 0.02092083 -0.35748446 0.46535271
v -0.43847162 0.27936578 -0.15492362
v -0.14680514 -0.25879008 -0.36125726
v 0.61324245 0.00459464 -0.03091151
v -0.38182780 0.33700851 0.04735396
v 0.05946720 -0.32410645 -0.37545893
v 0.20480682 0.30068654 -0.17587031
v 0.55159485 -0.04640836 0.02426963
v 0.09371924 -0.27708581 0.47032231
v 0.00201742 -0.03592996 -0.57960808
v 0.47627386 -0.19992486 -0.20627192
v 0.16455573 -0.30400938 0.26903057
v 0.02831352 -0.35917237 0.50468266
v 0.20646684 -0.32079473 0.24622479
v 0.55227542 -0.16407838 0.09214675
v 0.53209138 -0.16747911 -0.09842235
v 0.36352196 -0.24679606 -0.23519996
v 0.60257226 -0.06021243 0.08357418
v 0.43078902 -0.20266131 -0.25176787
v 0.62287581 0.03474359 -0.01186997
v 0.37594092 -0.26266775 0.42797548
v 0.02576536 0.14990945 -0.51782358
v 0.62912834 0.03141510 0.04867703
v -0.11841698 -0.32162654 0.52597743
v -0.42632836 0.23050320 -0.23039632
v 0.53624451 -0.11311689 -0.01267901
v 0.45385438 -0.15280500 -0.07369384
v 0.34327900 -0.10317889 -0.32577956
v 0.47297758 -0.21465440 -0.00521699
v -0.42814329 0.07462172 0.20643765
v 0.59887493 0.04544171 -0.00960898
v 0.56837285 -0.10888734 0.03781360
v -0.48085254 0.32792166 -0.13657412
v -0.34932345 0.16300970 0.32816374
v 0.07514295 -0.04337823 -0.54342628
v 0.10160044 -0.38062710 0.49346352
v 0.40731210 -0.29145733 0.22437441
v 0.57871091 0.06032392 0.03103337
v 0.40371647 -0.27303451 -0.06741399
v 1.00562406 0.42023072 0.01787645
v -0.11907074 -0.25196546 -0.41759032
v 0.62669617 0.08741127 0.01580611
v 0.59688556 0.10632440 0.00297554
v 0.28752708 0.10145172 -0.41970709
v -0.18965796 -0.32496950 0.34137237
v 0.40791488 -0.13735542 -0.30799457
v 0.08742296 -0.28656638 -0.33242548
v 0.35834396 -0.09705089 -0.40797171
v -0.12039526 0.38798466 -0.01206162
v -0.00496283 -0.23342232 0.58726329
v -0.53181553 0.19395375 -0.11222851
v 0.11044544 -0.23988387 -0.46918979
v 0.42252809 -0.28339463 0.16182691
v 0.25809035 -0.20853189 -0.28006962
v -0.01701498 0.04526230 0.54659474
v 0.50264776 -0.05203164 -0.09775233
v 0.13888103 -0.24564534 -0.45579827
v -0.51027918 0.21903509 -0.14689867
v 0.42773005 -0.30277753 0.13882667
v 0.37828287 0.13903138 -0.30975139
v 0.59901589 -0.04481542 0.03502175
v 0.04661229 -0.35702774 0.48721153
v 0.55807477 -0.15661266 0.08326775
v 0.10818858 -0.23385167 -0.54182339
v -0.32010940 -0.28329453 0.22856414
v 0.18128154 -0.26855111 -0.45117766
v 0.17002815 0.21635278 -0.44757736
v 0.11198625 -0.37822378 0.49328196
v 0.20906338 0.00893134 -0.51087558
v 0.47535360 -0.21626705 -0.10158938
v 0.39855856 -0.29582673 0.21900934
v -0.34952885 0.12168056 0.36482030
v 0.52753663 -0.18671498 0.16841614
v 0.46937311 -0.14524131 -0.06859806
v 0.52318251 -0.18474177 0.15909302
v 0.20782059 -0.33461910 0.14317366
v 0.25611317 -0.33088678 -0.01118329
v -0.18020943 0.34341902 -0.21103477
v 0.06975210 -0.15973823 0.58786166
v 0.40036970 -0.28573230 -0.15043163
v 0.41864088 -0.26091304 -0.21452306
v -0.58959395 0.07399312 -0.10147740
v 0.54398382 -0.13971713 -0.08689168
v -0.33510765 -0.26617956 0.22332925
v 0.29460266 -0.30714116 0.48154145
v -0.17033075 0.31540340 -0.02377042
v 0.05711251 -0.13875565 -0.49153540
v -0.08064860 -0.20008577 0.59526229
v 0.30526814 -0.30417454 -0.18310261
v 0.27477700 -0.24037394 0.31211987
v 0.66137362 0.11235717 -0.00055960
v 0.66630423 0.09280589 0.00490421
v 0.13444453 -0.20460615 -0.47585708
v 0.54719019 -0.14681879 0.05888796
v -0.21593796 0.05798106 0.45799306
v 0.02234554 -0.17394041 0.58481538
v 0.21135445 -0.18413082 -0.48193002
v -0.19905591 0.18701150 0.42402422
v 0.45754102 -0.22384423 -0.11608389
v 0.42715067 0.09984870 -0.26247692
v -0.12675291 0.31388330 -0.32424378
v -0.06683135 -0.10724334 0.58048880
v -0.64260566 0.23666409 -0.01220253
v 0.49603862 -0.20144823 0.15861487
v -0.56328154 0.12022394 -0.07595895
v 0.14364117 -0.24437290 -0.43600118
v 0.20138642 0.29677153 -0.26083392
v 0.23003440 -0.38963622 0.45747200
v 0.60966074 -0.06579331 0.09559155
v 0.36428910 -0.23490900 -0.20137537
v 0.01629329 -0.08102030 -0.53766215
v -0.16234112 -0.24852347 0.56303871
v 0.51358300 -0.19832447 0.12968090
v -0.10532296 0.26745766 -0.39460880
v 0.43298137 -0.28983080 0.25672954
v -0.64521766 -0.00035259 -0.02658557
v 0.51813936 -0.17195711 0.04851383
v 0.65747213 0.06477824 0.01009157
v 0.37043089 -0.27636784 0.05198912
v 0.65483660 0.03583518 -0.02863851
v -0.58111238 0.22063214 -0.06432354
v 0.42229789 0.17407691 -0.21318027
v -0.20696947 -0.28828472 0.45323104
v -0.05710903 -0.01847667 -0.54134583
v 0.44466040 -0.16912770 -0.25368416
v 0.23238435 -0.21202192 -0.39363644
v -0.18811527 -0.06856347 0.49818736
v 0.45292324 -0.18496354 -0.11839819
v -0.47102979 0.20654240 -0.20772278
v -0.35626680 0.30666485 0.08475800
v -0.23315093 0.30284214 -0.15459433
v -0.25007024 0.13789131 0.39084071
v 0.24110818 -0.18635032 -0.32687902
v 0.47093236 -0.04321328 -0.18116748
v 0.67046714 0.08087349 -0.01147991
v 0.57680631 -0.03505006 0.02266915
v 0.25879622 -0.34521359 0.43104410
v 0.11801884 -0.34162873 -0.01858691
v -0.25702050 -0.31874779 0.39311922
v 0.60957408 0.03865158 0.03976087
v -0.45987228 0.10094091 -0.31176591
v 0.08638296 -0.33439046 0.53600973
v 0.64175940 0.07425947 0.03173518
v 0.02999896 -0.32417923 -0.11066118
v 0.60946906 0.04986113 0.04511842
v -0.51484388 -0.15492597 0.08082506
v 0.10485068 -0.35029522 0.51793170
v 0.80808687 0.17143470 0.06226473
v 0.55104125 -0.14514282 0.02993327
v -0.11203159 -0.34239972 0.47075981
v -0.59372234 0.19717747 -0.06503856
v 0.56675798 -0.14541237 0.07762116
v 0.30695418 -0.30642456 0.43519238
v -0.29114157 0.32948533 -0.19493112
v -0.48634064 0.23801050 -0.13930403
v -0.50979543 0.19073963 -0.19322261
v 0.08320609 -0.32221496 0.54402828
v -0.07249114 0.38347325 -0.06820525
v -0.15319958 -0.32588172 0.41029063
v 0.14181989 -0.37847608 0.47970897
v 0.07426438 -0.31863934 0.55241525
v 0.03059146 -0.34112546 0.51362634
v -0.56618953 -0.07330556 0.12026040
v 0.64799738 0.03265104 -0.01662871
v 0.51993561 -0.15388697 -0.15023983
v 0.07774046 -0.34974229 0.51825213
v 0.65810978 0.05653241 0.00500715
v 0.47995377 -0.19788614 -0.21481410
v -0.22854424 0.13801678 0.44417530
v 0.57527131 -0.09290788 -0.04322326
v 0.53354323 -0.13891995 -0.12989834
v 0.60119313 -0.03774536 0.01810500
v 0.35966927 -0.13446681 -0.26228184
v 0.64945024 0.06713918 0.02290449
v 0.37573898 -0.17527799 -0.14742231
v 0.52842271 -0.18095158 0.14717311
v 0.15984872 0.05347818 -0.48838204
v -0.19947708 0.33768195 -0.16670696
v 0.53537583 -0.16338949 0.16737127
v 0.43151066 -0.27638465 0.10180289
v 0.50875562 -0.17081906 -0.09382653
v 0.55808449 -0.16214642 0.07105756
v -0.09755734 -0.26498014 -0.35437238
v 0.45546794 -0.18941087 -0.07636231
v 0.58987063 0.04908777 0.03430812
v 0.46037585 -0.17779690 -0.22926311
v 0.01253864 0.32237437 -0.23426089
v 0.24066001 -0.26311588 -0.40536410
v -0.29118878 0.32776523 -0.04039797
v 0.64128661 0.03458998 -0.02518582
v 0.57345849 -0.13156709 0.10804516
v -0.49651775 -0.01667193 0.24198978
v -0.64218694 0.01679197 0.12536377
v 0.53750867 -0.18069042 0.21845388
v -0.48343500 0.25086913 -0.13390252
v 0.35738826 -0.26480198 -0.04984993
v 0.46903491 -0.18987992 -0.19712713
v 0.35248303 0.25793478 0.11425744
v 0.48514053 -0.09217072 -0.26325476
v 0.65188760 0.00318918 0.00764009
v -0.36735535 0.07157111 -0.44207424
v 0.08667530 -0.35452405 0.47035420
v 0.03063279 -0.31893337 -0.25773361
v -0.55706686 -0.15451494 0.15368798
v -0.19228499 -0.09047956 0.51811564
v -0.54483694 0.17756283 -0.12300011
v -0.17575942 0.33881947 0.03719573
v 0.66501886 0.07334572 -0.03289768
v -0.17756137 0.15139695 -0.47969323
v 0.66871011 0.05645256 0.00940260
v 0.63503456 0.04955819 -0.00033030
v 0.07419443 -0.23872113 0.54350507
v 0.55536699 -0.13480683 0.11126369
v 0.59037924 0.04688616 0.02461675
v 0.01287234 0.09875280 -0.52380383
v 0.57599527 -0.12869720 0.09026760
v 0.23120651 -0.30437008 -0.21492594
v 0.49454239 -0.10745621 -0.09451914
v -0.28750241 0.33336362 0.00851271
v -0.03490233 -0.30407697 0.55272800
v -0.05090781 -0.29825583 0.50015026
v 0.60209566 0.04960671 -0.01399660
v 0.10542230 -0.18730523 -0.54598677
v 0.58133888 -0.00365248 0.04810986
v 0.51787198 -0.19274601 0.15930814
v 0.60001445 -0.06378875 0.06120950
v 0.54433417 -0.03289244 -0.02726123
v -0.17543618 0.03067773 0.46570855
v -0.67216694 0.09228519 -0.04405832
v -0.37797219 -0.24289799 -0.01433110
v -0.53406560 -0.05141558 0.13718835
v 0.16730502 -0.11808235 -0.53474319
v 0.63600504 -0.06295741 0.03288421
v 0.59383452 0.00430727 -0.00703686
v 0.45861334 -0.25583738 0.27227670
v 0.53004950 -0.13128775 -0.12500650
v 0.27277446 -0.29913324 -0.27443844
v 0.00104614 -0.36270049 0.47499740
v 0.57657921 0.18092765 0.11993998
v 0.63736677 0.03419819 0.01376873
v -0.12415713 -0.30425343 0.46877205
v 0.49867749 -0.17300969 -0.14595747
v 0.65331006 0.07309642 -0.00633329
v -0.48760894 0.26736677 0.06540737
v 0.13829023 0.35829893 -0.01029848
v -0.09106653 0.36880419 0.08688230
v 0.05534732 -0.33175758 0.52482694
v 0.17356925 -0.30190939 -0.28827208
v 0.42946485 -0.27793059 0.29135859
v -0.20117252 -0.32667440 0.17350665
v 0.37798330 -0.27109635 -0.23850703
v 0.59479308 0.01736777 0.04574481
v 0.53778386 -0.05409465 -0.01022051
v -0.51808047 -0.04322891 0.23915818
v 0.13334134 -0.25263137 -0.41048288
v 0.39561075 -0.27297977 0.22676992
v 0.58509851 0.00497294 0.04147917
v -0.35586101 -0.30754912 0.11785913
v -0.39303359 0.27330282 0.00965092
v -0.58000463 0.21544269 -0.01489319
v 0.64880234 0.04322693 -0.01420912
v 0.66052485 0.03157032 0.00923702
v -0.46233901 -0.23124683 -0.04141274
v -0.24509466 0.37638417 -0.09088203
v 0.51885033 -0.10040434 -0.02667821
v -0.59072715 0.13805866 -0.00674036
v 0.52890742 -0.20205055 0.12622243
v -0.50722271 -0.20036280 0.12008377
v 0.26189047 -0.27613506 -0.11164111
v 0.38212314 -0.20422721 -0.16299137
v 0.47915313 -0.19367580 -0.17700583
v 0.56418949 -0.14006586 0.09934658
v 0.18156967 -0.32521692 0.05504424
v 0.65872228 0.04525487 -0.00270742
v 0.16860452 0.17889562 -0.48560277
v -0.50176883 -0.10014920 0.20377830
v -0.45749274 -0.09964308 -0.36510745
v 0.58951950 -0.07748344 0.07849824
v -0.64088130 0.05079705 0.03902526
v 0.58804142 -0.10546245 0.06268811
v 0.41085848 -0.24735966 -0.17038329
v 0.64550745 -0.01426882 -0.02667752
v -0.48806229 -0.05892628 -0.21946634
v 0.64580321 0.07143210 0.00002620
v 0.04375944 0.16597387 -0.49319890
v -0.29744491 0.24207479 -0.30608797
v 0.40513140 -0.10234438 -0.23159653
v 0.12077114 0.15998548 -0.45681241
v 0.43141735 -0.25162750 0.23702085
v 0.66675729 0.09041357 0.01372615
v -0.39024228 -0.28327671 0.02479926
v 0.10073802 -0.35394678 0.52177233
v 0.55132675 -0.14684923 0.13840556
v 0.47014290 -0.23075700 0.21746594
v 0.49790117 -0.16038144 -0.11427417
v -0.16799152 -0.32011956 0.47613269
v 0.60113752 0.06113695 0.05450711
v 0.12565285 -0.29183593 -0.33351150
v 0.26748797 -0.32088834 0.48633951
v -0.56513333 0.27403721 -0.01796839
v 0.64604688 0.06448665 0.01094766
v -0.20021328 -0.05797098 0.52652246
v -0.01111706 -0.23789352 -0.40121931
v -0.24604708 0.35383353 0.03973466
v 0.49880320 -0.20388693 0.19607276
v -0.62205195 0.10722320 -0.17831257
v 0.16959670 0.07934807 -0.50537586
v 0.57314020 -0.11247569 -0.13522348
v -0.04341609 -0.23065327 -0.42433429
v 0.15350729 -0.32028279 -0.30870089
v -0.50995153 0.27218392 -0.13987884
v 0.64530677 0.04401125 0.01269048
v 0.11308324 -0.13723511 0.60474122
v -0.28605932 -0.10624447 0.42569494
v 0.22303262 -0.30962771 -0.28739089
v -0.67359370 0.21642461 -0.00655785
v 0.26364654 -0.26877192 -0.37752464
v -0.48133725 -0.21428341 -0.03805086
v 0.63691378 -0.04665359 -0.02636708
v 0.40857974 -0.25019583 -0.20610392
v -0.58792305 -0.06468709 0.04780195
v -0.57141536 0.11604619 -0.10306033
v 0.48518273 -0.16267808 -0.10364705
v -0.00263721 -0.33157319 0.28919843
v -0.47375429 -0.06491712 0.21571079
v 0.42207181 -0.26456356 0.06715399
v -0.26646209 -0.25630724 0.48592189
v 0.04552847 -0.21357664 -0.46854806
v -0.13088220 0.24835512 0.37197030
v 0.43713576 -0.21359020 -0.20480400
v 0.55597615 -0.10370587 -0.08356199
v 0.08620149 0.01102194 -0.53824025
v -0.09689813 -0.03084791 -0.56740266
v 0.06638685 -0.32058606 -0.39973563
v 0.35007155 -0.29223207 -0.20050213
v -0.28000468 -0.01628643 0.43901199
v 0.42631245 -0.27950519 0.20261258
v -0.49315917 0.27206299 0.05202272
v -0.35330629 0.23652357 0.26972318
v 0.41039139 -0.28373152 0.15876764
v 0.21698168 -0.37929189 0.48057961
v -0.31421411 -0.29531506 0.07104471
v 0.40486303 -0.22238888 -0.28232926
v 0.59847045 -0.07004339 -0.03186995
v -0.12089229 -0.31931567 0.32448161
v -0.41849196 -0.23538575 0.19001526
v -0.25616679 -0.21711074 0.51581836
v 0.52931547 -0.18848160 0.10014674
v 0.44603145 -0.29411951 0.18047136
v 0.38428754 -0.22311857 -0.31453764
v 0.43683794 -0.26533243 -0.10284287
v -0.54832155 -0.06787592 -0.16943043
v 0.05415764 -0.23739922 0.60991371
v -0.31270406 0.13906389 0.44891188
v -0.09870195 -0.27597937 0.51794481
v 0.09731239 -0.34492624 0.51785958
v 0.10403323 -0.32016701 -0.36732519
v 0.41006649 0.01948449 0.34076288
v 0.04570369 0.36613190 -0.03105171
v 0.56376696 -0.12835775 0.10933316
v -0.58560073 0.20032144 -0.03087477
v 0.19128333 -0.35648882 0.45300439
v -0.20153293 0.29583877 -0.26905072
v 0.42840344 -0.24818891 0.21521616
v -0.02637655 0.25095662 -0.40945452
v 0.38844731 -0.12809977 -0.23460543
v 0.22657445 -0.27580827 -0.25398606
v -0.72480869 0.12958544 -0.03724761
v 0.50995350 -0.21029648 0.18255872
v 0.54594684 -0.14775535 0.06612337
v 0.40486631 -0.16260085 -0.30967903
v 0.79486471 0.21063280 0.02142740
v 0.61127174 0.03421729 0.05488205
v 0.00989589 0.23352271 -0.48225841
v 0.10547881 0.26291394 -0.35862702
v -0.22301313 -0.20128363 0.47734150
v 0.20576555 -0.24333639 -0.31352672
v -0.15802048 -0.31973732 0.31933159
v -0.39332938 -0.17106006 0.39147878
v 0.57462078 -0.08125480 0.03182220
v 0.57696044 -0.12098326 0.08789313
v -0.65162206 0.15600477 -0.05925742
v 0.44002232 -0.22587527 0.16050959
v 0.07446826 -0.15913016 -0.53655720
v -0.07378513 -0.04526564 0.57387775
v -0.20487976 -0.28608605 0.21241078
v 0.66502112 0.07166848 0.00616330
v -0.08516848 0.23996997 -0.42344344
v 0.66436875 0.09244192 0.00109828
v 0.25053883 -0.32323417 0.20364776
v 0.66289699 0.09719807 -0.01303512
v -0.15039873 -0.12576240 0.53663778
v 0.61526448 0.00016703 0.02889848
v 0.58990484 0.02113933 -0.00840268
v -0.35675585 0.08292475 0.44364971
v 0.39308983 -0.30011904 0.22325987
v -0.23707104 0.33043712 -0.14330055
v 0.05038209 -0.20888892 -0.43171996
v -0.61753726 0.19758707 -0.02391458
v 0.53481370 -0.12595068 -0.15534145
v 0.59930384 -0.08629752 0.07366425
v 0.12469336 -0.19149634 -0.46142805
v -0.21832220 0.31332964 -0.26465368
v 0.54501259 -0.11860436 -0.11636046
v 0.47110558 -0.13829264 -0.08589312
v 0.30487508 -0.27680290 0.18554187
v 0.05609418 0.33075601 0.32807744
v -0.26414427 -0.09587234 -0.46844590
v 0.18098412 -0.29527456 -0.38081703
v 0.57882828 -0.11342868 0.09657174
v -0.28607702 -0.30879161 0.03008892
v 0.23722796 -0.37365377 0.37851983
v 0.48408246 -0.22637559 0.25604105
v 0.27264068 -0.15263546 -0.35821551
v 0.10098827 -0.30758148 -0.20932722
v 0.46806693 -0.24307807 0.11717254
v 0.11678801 -0.18281293 -0.41621122
v 0.01087195 -0.15512428 0.61638761
v -0.56651813 0.21916959 -0.01210424
v 0.44137749 -0.21775463 -0.20848185
v 0.38543829 -0.26621675 -0.10275912
v -0.62080395 -0.04526693 0.05008037
v 0.73864758 0.12418276 -0.06226853
v 0.59486479 -0.05403078 -0.04475239
v 0.38889730 -0.13156083 -0.17665040
v -0.24482533 0.33242571 -0.15299836
v 0.52822900 -0.16271414 0.03961793
v -0.14143503 -0.32848006 0.47657672
v 0.48138827 -0.19777088 -0.01254597
v 0.15510696 0.35179585 -0.02982991
v 0.58437192 0.02158479 -0.00926960
v -0.16339748 -0.23758946 0.54432392
v 0.01392734 -0.09808989 0.57702947
v 0.55305886 -0.15290712 0.14560145
v 0.66092229 0.07964647 -0.00446698
v -0.07921949 0.24389839 -0.43362325
v 0.53167331 -0.15906766 -0.11534742
v 0.59195983 -0.03255837 0.00728124
v -0.46632978 0.19663528 -0.21947998
v 0.66479206 0.04928103 -0.02037644
v -0.03230403 -0.00665088 -0.56158912
v 0.08927961 -0.11532304 -0.47535348
v 0.46258241 -0.15241954 -0.25198147
v -0.19303703 0.05408574 0.49938980
v 0.09499949 -0.31456399 0.51961207
v -0.09669831 0.05004032 0.53328747
v 0.06423854 -0.26523954 -0.31575733
v 0.36523050 -0.11374173 -0.24474129
v 0.18067172 -0.37921092 0.44975334
v 0.48405606 -0.17876351 -0.18321851
v 0.07025382 0.39010659 -0.09310246
v 0.19492954 -0.39031065 0.40679938
v -0.32752851 -0.19955815 0.40362677
v 0.66001940 0.09699252 -0.01343244
v -0.56519556 0.25948787 -0.05817728
v 0.35858780 -0.31225908 0.09771729
v -0.71977365 0.15364394 -0.01672967
v 0.00206682 -0.27725726 0.58164161
v 0.66778260 0.04068588 0.00560063
v 0.66826767 0.09601405 -0.01830992
v -0.11010215 -0.32319880 0.36415786
v -0.15075624 -0.31388760 0.40360281
v 0.67651355 0.10976225 -0.01627454
v -0.52007842 0.04659688 -0.28141421
v 0.61586154 -0.02675835 0.04448035
v 0.53491116 -0.16594975 0.13833070
v 0.66396761 0.07351562 0.01683378
v 0.56173092 -0.15817375 0.13341063
v -0.42905843 0.29503870 0.01664120
v -0.61538726 0.11965922 -0.08000056
v 0.02093866 -0.27950767 0.55835575
v -0.42992157 0.26505461 0.08041424
v 0.80592459 0.17352679 0.07234584
v 0.66550666 0.10900319 -0.00912532
v 0.23760806 -0.29321292 -0.34234849
v 0.62965083 0.07114977 -0.00939453
v 0.67335606 0.08387664 -0.00331166
v 0.04755756 -0.35156584 0.50148022
v 0.22594190 -0.36996746 0.43372649
v -0.16631290 0.30289897 -0.29975647
v 0.48637393 -0.16224727 -0.11191785
v 0.01302415 0.00232372 -0.55204827
v 0.05988175 -0.29359159 -0.42450655
v 0.67494094 0.07178590 0.00269371
v 0.21659240 -0.31826538 0.48723811
v 0.53917563 -0.17856209 0.17628950
v -0.26896834 0.34095457 -0.07725495
v 0.13935778 -0.23527744 -0.33969980
v -0.13954569 -0.17007522 -0.52678597
v 0.60104245 0.06389967 -0.01595180
v 0.12646133 -0.30446124 0.51890957
v 0.58245820 0.03634832 0.01886511
v -0.69119835 0.20652434 0.00597189
v 0.61691165 0.04301059 0.02488974
v 0.10825673 0.08420159 0.50551981
v 0.42698205 -0.28389645 0.14043230
v -0.44150391 -0.12385811 0.28814930
v 0.73507005 0.10475046 0.01812256
v 0.06658021 -0.35366845 0.51426244
v -0.20563576 0.16914804 -0.45060498
v 0.58481395 -0.11998877 0.10404837
v 0.49470103 -0.06281537 -0.08284175
v 0.34361777 -0.31755757 0.20452482
v 0.63804823 0.10333520 0.03832546
v 0.67976117 0.09311104 0.00786513
v 0.21347672 -0.17781904 -0.41096583
v 0.26943016 -0.34610814 0.25660545
v -0.45155075 0.30620369 -0.09290752
v 0.55527723 -0.11295849 -0.05674911
v -0.30154371 0.32830024 -0.10686678
v 0.09373973 -0.35887069 0.44919994
v 0.14648834 -0.08493754 -0.53177291
v 0.39609644 -0.28195181 -0.19468772
v -0.17866088 0.02504970 0.49662080
v 0.56239629 -0.03330140 0.00376466
v 0.22872877 -0.32224303 0.49683335
v 0.17489746 -0.38243505 0.47499406
v 0.29840460 -0.25052500 -0.11063929
v -0.34108508 0.12277296 0.38415396
v -0.27635971 0.10153125 0.46851125
v -0.62411153 0.16769466 -0.08698183
v 0.03367512 -0.13574234 -0.49439940
v 0.50472987 -0.21046278 0.16080093
v 0.26979846 -0.16036096 -0.33293104
v -0.56254005 0.23395075 -0.01892515
v -0.23878455 -0.30496463 0.37910461
v 0.66077930 0.07495649 -0.01167420
v 0.55239594 -0.09608097 -0.08960104
v 0.02131930 0.31923291 -0.16464527
v 0.20031169 -0.24581566 -0.43239701
v 0.70663929 0.12080470 -0.02129024
v 0.67298782 0.10874030 -0.00134963
v 0.06400770 -0.15675700 0.58345479
v 0.50508267 -0.14830297 -0.12092585
v 0.61204982 0.00004436 0.01426288
v -0.27814242 -0.25361025 0.41558486
v 0.54654610 -0.16646412 0.13260531
v 0.53923374 -0.17826980 0.12003216
v 0.45398697 -0.20677027 -0.19544041
v 0.60306633 -0.06939413 0.04628557
v 0.60506213 -0.02134862 0.01159641
v -0.08315864 -0.32603732 0.51080185
v -0.56416953 -0.14036542 -0.06071606
v -0.20427787 -0.26676181 -0.38544339
v 0.55952394 -0.11136538 0.11056602
v -0.17299324 0.37034577 -0.14773312
v 0.01384550 -0.00434169 -0.55444527
v -0.05582673 -0.21382093 -0.44698459
v -0.10632375 0.26409441 -0.35431859
v -0.07506201 -0.31798786 0.50395989
v 0.47169954 -0.20035021 -0.11899078
v 0.24016559 -0.25389570 -0.20558652
v 0.61132455 0.07072869 0.01434033
v 0.10238722 -0.24942546 0.55678213
v 0.07458127 -0.22633907 0.58982623
v 0.65390813 0.05566671 -0.02520624
v 0.58218795 -0.06493952 0.05564308
v 0.61899972 -0.04162207 -0.06208596
v 0.56803489 -0.11883943 -0.01791400
v 0.55390912 -0.17242788 0.09046274
v 0.45849770 -0.19881317 -0.24015987
v -0.43174854 -0.27996761 -0.00066167
v -0.53535831 -0.08263025 -0.00658600
v -0.41656187 0.27865493 -0.25406343
v -0.00490502 0.13907036 -0.51041824
v -0.68273556 0.17732298 -0.02454856
v 0.51228809 -0.16906860 -0.11556667
v -0.41238964 0.06977028 -0.36136705
v -0.07081106 0.35544264 -0.17806493
v 0.59500492 0.10894847 0.01930991
v 0.60813439 -0.06950951 0.02126867
v 0.62385082 0.01724440 -0.03215009
v 0.51355797 -0.05804242 -0.06073645
v 0.44593799 -0.17283702 -0.09302998
v -0.05934262 -0.20194541 0.59242916
v 0.61223543 0.02761500 0.00885993
v 0.09984642 -0.11492664 -0.54375279
v 0.44724983 -0.18445863 -0.09493959
v 0.28873724 0.18047822 -0.40287071
v -0.50847155 0.10418236 -0.28069252
v -0.42227948 -0.22962615 0.27382815
v 0.04502007 -0.25688985 0.59620959
v 0.24244449 -0.05861999 -0.49035257
v 0.39655033 0.14327033 -0.25696412
v 0.58396864 0.00657046 -0.03071703
v 0.53387111 -0.03961630 -0.00265938
v -0.39437288 -0.02411428 -0.42272696
v -0.06751218 -0.23281530 0.59981745
v 0.38577569 -0.31002283 0.21077710
v -0.06461138 -0.33436507 0.42670107
v -0.11582702 0.31863925 -0.25588742
v 0.06622331 0.36918482 0.21327277
v 0.03944425 0.38445050 0.11444893
v 0.56968236 -0.01170282 0.01281014
v -0.23005301 -0.30758560 -0.20859610
v -0.41242403 -0.26344532 -0.02261423
v -0.45131803 0.20561206 -0.27773291
v 0.28300440 0.30733377 -0.18229280
v 0.43955767 -0.16180742 -0.11074179
v -0.53927177 -0.14585966 -0.08213036
v 0.57187504 -0.07169715 0.05510634
v -0.32378751 0.09941345 0.37856293
v 0.53534281 -0.16615003 0.13301975
v 0.66882765 0.10386905 0.01749703
v 0.41456500 -0.27171439 -0.17041957
v 0.22575459 -0.38245171 0.46857077
v 0.60971594 0.02866642 0.00953095
v 0.12657541 0.35173547 0.07528669
v 0.28172806 -0.29965216 0.00073302
v 0.61581486 0.03199005 -0.00040385
v 0.33406073 -0.12732358 -0.29532754
v 0.25350547 -0.27686769 -0.31712240
v -0.23773476 -0.23851873 -0.39476204
v 0.60977960 0.06349766 0.01679978
v 0.65929914 0.08621658 -0.00338611
v 0.63202345 0.08304925 -0.02528298
v -0.23192045 -0.17794538 -0.46159557
v 0.32746267 -0.26059219 -0.33899665
v -0.64131838 0.08605620 -0.13391191
v 0.18914062 -0.26081133 -0.32053834
v 0.67631108 0.08899048 -0.01308650
v -0.14998206 -0.17959717 0.53159463
v 0.67264205 0.09971935 -0.00177372
v 0.53632748 -0.13502282 -0.04467532
v 0.47751248 -0.17761725 -0.01311477
v -0.16683358 0.30717385 -0.29309380
v -0.05314703 -0.32918692 0.49182725
v -0.30814385 -0.13924292 -0.44224960
v -0.23253730 0.28926349 -0.28434184
v -0.12196637 0.38133067 -0.00761270
v -0.10716695 0.39263576 0.01162234
v 0.46972752 -0.21881622 -0.11268589
v -0.13018787 -0.13744399 0.47891480
v 0.06936163 0.28294155 -0.41773379
v -0.07720327 0.16806145 -0.50089276
v -0.14923605 0.34499922 -0.12388385
v 0.13625926 -0.33966514 -0.31533289
v 0.47568911 -0.22804892 -0.14203170
v -0.08609578 -0.15634395 0.51390588
v 0.60035431 -0.03845001 0.05639601
v 0.58579338 0.04724655 0.05415733
v 0.45975000 -0.27661586 0.17252538
v -0.20736580 -0.15370190 -0.46484312
v 0.52382022 -0.16399810 0.03229856
v -0.31468797 0.34920418 -0.04595956
v 0.61615670 0.03355253 -0.01409182
v 0.65755910 0.01410576 -0.02434410
v 0.03972459 -0.26343435 -0.32492322
v -0.11587916 0.25874129 -0.43555179
v 0.66537380 0.11204422 -0.00398752
v 0.28673667 -0.33671504 0.13024965
v -0.09815747 -0.23765799 -0.47815773
v 0.03653878 -0.15781921 -0.52589184
v 0.58212680 -0.11668618 0.06125998
v -0.06801891 -0.22939867 -0.48908770
v 0.59929258 0.03997964 0.04527757
v 0.40978566 -0.10889623 -0.19353040
v -0.37241578 0.18481039 0.29938173
v 0.38602626 -0.27668214 -0.21954799
v 0.58438057 -0.11907907 0.06312877
v -0.44416237 0.21036926 -0.26458955
v 0.62085307 0.04727737 0.01924059
v 0.47148538 -0.24966419 0.13898802
v 0.24587446 -0.35257372 0.18599746
v 0.35633442 -0.26100874 -0.03966701
v 0.62856102 0.05552965 -0.01607004
v 0.60124028 0.04362890 -0.03002620
v 0.65047455 0.09520429 0.01100630
v 0.53579628 -0.13594064 -0.04012710
v -0.12274434 -0.25271016 0.54745966
v 0.38641334 -0.25430956 -0.14820293
v 0.60595810 0.08103782 0.02305982
v -0.71619558 0.01659054 -0.04481912
v -0.51430809 0.07332758 0.25942141
v -0.32089704 0.33447081 0.04614650
v 0.28837824 -0.37485838 0.45565012
v 0.48556083 -0.06905788 -0.13213213
v 0.55551064 -0.11047946 -0.09067881
v -0.16651392 -0.30601338 0.48517242
v -0.26569766 -0.31115329 0.04896322
v 0.39798969 -0.25041148 -0.06232065
v -0.48106283 -0.21715993 -0.03748596
v 0.66259658 0.07160735 0.00371158
v -0.47000951 0.10466193 0.24716476
v -0.20584360 -0.03078166 -0.53014737
v -0.25162140 -0.00841356 0.48530850
v 0.21201634 -0.30410400 0.51596212
v -0.71794647 -0.06792775 0.02755512
v -0.06090564 -0.36947155 0.44284952
v 0.54465556 -0.14989080 0.02200341
v 0.42178127 -0.22791693 -0.23081642
v 0.59277642 -0.03540981 -0.04740974
v -0.26283875 -0.14549646 -0.47940242
v -0.31283784 -0.22766164 0.29671371
v 0.40015668 -0.22124252 -0.05496305
v 0.66475350 0.10344610 0.00137728
v -0.10975999 0.32013100 -0.23716724
v -0.60645252 -0.09921345 -0.03440745
v -0.51494038 0.18693443 0.15179369
v -0.30511752 -0.23741542 -0.42584831
v -0.06482479 -0.26415819 0.57463962
v -0.29631346 -0.29221505 0.36609817
v -0.65871364 0.16323960 -0.01300425
v 0.61702728 0.06260510 0.04656047
v -0.06719881 -0.28724995 0.52941859
v -0.05383599 0.05443132 -0.52974242
v 0.62102175 0.06524143 0.01951815
v 0.61245859 -0.04940371 0.06900615
v -0.04323933 -0.15947537 0.61210632
v -0.07914986 -0.29857588 0.52511168
v -0.18408284 -0.27022201 0.11573555
v -0.04622671 -0.21189977 0.56505448
v 0.12438428 -0.33664045 0.51143992
v 0.50553799 -0.17776461 -0.12758499
v -0.03733027 -0.10325433 -0.56750220
v 0.14554211 -0.06010500 -0.51958853
v -0.09836236 -0.00410927 0.57010674
v 0.51264805 -0.19066925 0.04681975
v -0.53949142 0.21382442 0.09390947
v -0.06902710 -0.29170001 -0.24446830
v 0.21729347 -0.36968726 0.44404030
v -0.42186618 -0.25635201 0.00263873
v -0.26933181 -0.31929636 0.41121602
v 0.08990455 -0.32700261 0.12932011
v -0.28083736 -0.31368846 0.35937342
v 0.08993164 -0.31336159 0.56718767
v -0.38174284 0.34570950 -0.03695318
v 0.45480466 -0.26517782 0.15207621
v -0.30843201 0.31884393 -0.10051209
v -0.19526175 0.03745382 0.46711382
v -0.39789984 -0.24712142 0.06561610
v 0.23289767 -0.27254677 -0.14853349
v 0.06720001 -0.07229668 -0.52674532
v -0.45138830 -0.15053804 0.27706149
v -0.33568719 0.17785320 0.31233540
v -0.19150168 -0.27716392 0.41050714
v 0.57515180 -0.09201391 0.08302808
v -0.48344064 0.23458526 -0.13812897
v 0.44375604 -0.22298807 -0.16439635
v -0.02037881 -0.31486434 0.49865139
v 0.54816020 -0.13943395 -0.05619690
v 0.55618870 -0.15381756 0.14671981
v 0.48896569 -0.20299889 0.06722504
v 0.52319950 -0.15694937 -0.12074065
v 0.18870860 -0.21479453 -0.44733024
v 0.35259125 -0.16373990 -0.21126574
v -0.40337542 0.21972337 0.19034815
v -0.01818888 -0.22696997 -0.42983127
v 0.01428112 0.29150733 -0.34198737
v -0.29831898 -0.34787485 0.08501759
v 0.56753600 -0.12688304 0.07820106
v -0.00303596 -0.10775407 0.59665066
v 0.64306009 0.08624379 0.03067860
v 0.66139340 0.10449708 0.01608035
v 0.67768335 0.11390269 -0.00129813
v 0.62291127 0.06168935 0.03028022
v -0.04086483 0.18455848 -0.50857925
v 0.56162798 -0.14664075 0.13922310
v 0.66783375 0.09871298 -0.00893056
v 0.56140995 -0.09522518 0.03918038
v 0.27234077 -0.23797426 -0.27386090
v -0.18991286 0.30350953 -0.28006044
v 0.60309327 -0.04504180 -0.02907592
v 0.65774953 0.07648081 -0.00382024
v -0.16082495 -0.33300364 0.48879525
v 0.56422073 -0.11562298 -0.10261023
v 0.39232400 -0.13814962 -0.37131411
v 0.36765367 -0.28073424 -0.28892848
v -0.02664143 -0.32433081 0.03267014
v 0.15124586 -0.25366914 -0.43648624
v -0.01157425 -0.24042539 0.53628445
v 0.60282880 0.03990108 0.02138385
v -0.09477758 0.05932008 -0.53186738
v 0.07307670 -0.32273757 0.54678309
v -0.51309341 -0.19926301 -0.04075913
v 0.54003787 -0.19859946 0.11425114
v 0.52999163 -0.15922569 0.11461091
v 0.59863073 -0.11201593 -0.02380627
v 0.44221509 -0.27528197 0.25827920
v -0.15863939 0.32984626 0.03949150
v -0.54140502 0.17631847 -0.13130091
v 0.00530076 -0.35465187 0.49686956
v -0.13134399 -0.15243277 -0.49153858
v -0.24527572 -0.28376907 0.42301297
v -0.51383799 0.27468824 -0.06971189
v -0.59519297 -0.01536012 -0.00380929
v 0.29276407 -0.30346435 -0.23949155
v 0.56858408 -0.03441314 -0.04496691
v 0.11419958 -0.31799358 -0.34984297
v -0.27857244 0.08815496 0.42270952
v 0.20042771 -0.33643603 0.48893780
v 0.00818449 -0.11541367 -0.53540230
v 0.47362617 -0.20779181 -0.13398534
v -0.31089962 0.02816181 -0.49691007
v 0.00849426 -0.24312113 -0.48317084
v 0.46644485 -0.23506729 0.08004829
v 0.26370877 -0.29503882 -0.29923448
v -0.60034496 -0.00164095 -0.00267339
v -0.29543257 0.40797395 -0.06437713
v -0.05995808 -0.34064704 0.21532452
v -0.00345895 -0.36412197 0.47945186
v 0.56599534 -0.10781085 0.08088776
v -0.04486576 -0.13745937 -0.53649873
v -0.48586813 0.09083465 -0.25554544
v -0.53640234 0.19092607 -0.10638307
v 0.06984189 0.19066735 -0.50432241
v 0.17101169 -0.18831089 -0.40376151
v 0.57108033 0.00107846 0.08213401
v 0.04647791 -0.13799581 -0.50741434
v -0.08597159 -0.03629035 -0.53814793
v -0.27575120 -0.27544975 0.27067176
v -0.12086505 0.14156541 -0.51378989
v 0.34894028 -0.04533255 -0.40299171
v -0.17759958 0.30486575 -0.28827369
v 0.40526229 -0.18443342 -0.10602933
v 0.51980257 -0.18404271 0.04047316
v 0.27485514 0.28670537 -0.22535253
v 0.16593334 -0.36243585 0.49929643
v -0.58702600 0.08824623 -0.17558211
v 0.24235651 0.21114725 -0.39786628
v 0.62188375 0.04104389 0.02849551
v 0.26040947 -0.32814401 0.05750132
v 0.54511911 -0.15595368 -0.09372532
v 0.66700822 0.09639892 -0.01627398
v 0.55392820 -0.02244277 0.05577129
v -0.59155768 -0.06207484 0.03119045
v -0.53989732 -0.05126321 -0.14241852
v 0.51286691 -0.16961238 0.01969124
v -0.29307979 0.05455291 -0.51204747
v 0.47891673 -0.21083415 -0.13728821
v 0.68205768 0.07202281 0.03522792
v -0.31196651 -0.28463870 0.17329410
v 0.47808439 -0.19296595 -0.13176531
v 0.56094885 -0.05423083 -0.05679086
v 0.51653647 -0.21848454 0.22411287
v 0.34250951 0.27343816 -0.15900669
v 0.34080327 -0.27585247 -0.16507798
v 0.02066970 0.12389314 -0.55421841
v 0.04148075 0.02551620 -0.58769798
v 0.58917361 -0.10023420 -0.06164357
v 0.37408483 -0.26174775 -0.13312250
v 0.48342532 -0.23270801 -0.06596300
v 0.62945765 -0.03336266 -0.04092400
v 0.50228417 -0.17670855 -0.14853299
v 0.19337779 -0.33334693 0.50590456
v 0.10904711 -0.13816467 -0.48552123
v 0.28611767 -0.30788690 0.05507360
v 0.17689183 -0.35556024 0.49196923
v 0.30954719 -0.30278891 -0.24661189
v -0.70515794 0.18759820 0.00322008
v 0.51808465 -0.20189008 0.20963484
v 0.10855523 -0.29220372 -0.43160486
v 0.59654135 0.02214621 0.04324968
v -0.21502864 -0.24779326 0.52915937
v -0.59773117 0.25091720 -0.00946781
v -0.07584330 -0.24799456 0.58348477
v -0.29643723 -0.22608712 0.43029368
v 0.62305063 0.00112712 0.03612810
v -0.30678064 0.33821711 0.08041240
v 0.59705812 -0.10334558 0.06436771
v 0.59061432 0.04724028 0.03829095
v -0.29236653 0.29933912 -0.24858117
v 0.82891941 0.21468274 0.06324797
v -0.17816864 0.08486670 -0.56063509
v -0.04886732 -0.27628657 0.56898630
v -0.20409262 -0.25791681 0.51684999
v 0.56162357 -0.15040590 0.14099157
v 0.45462865 -0.26208073 0.16492811
v 0.51478732 -0.10680360 -0.18239126
v 0.52636111 -0.08936670 -0.05151734
v 0.10779464 0.28273562 -0.39321235
v -0.19351727 0.31439686 -0.29817513
v 0.49074292 -0.16604911 -0.12571311
v 0.17958176 -0.27627772 -0.39533323
v 0.54039502 -0.11972599 -0.01792121
v -0.38387927 0.16225255 0.26730415
v -0.46677533 0.27261358 -0.02524884
v -0.61553729 0.29477316 -0.02605674
v -0.08080809 -0.28419933 0.54575044
v -0.09741393 -0.34215149 0.45023751
v 0.11060192 -0.33430207 0.16884816
v 0.02867348 -0.22910681 -0.40295675
v 0.07178852 -0.38735849 0.48980069
v 0.14720252 -0.07464661 -0.54241848
v 0.07145220 -0.18235886 -0.49599451
v 0.58191669 -0.07279169 0.07197565
v 0.57119989 -0.05778978 -0.03802297
v 0.56913030 -0.02958887 -0.01702298
v 0.49495536 -0.19288117 0.22304147
v -0.40479603 0.11068159 0.30157745
v -0.46122560 -0.18082255 0.06787282
v 0.44377646 -0.16540486 -0.27272096
v 0.45970446 -0.20982027 -0.14458761
v -0.54705417 0.27759904 -0.04332747
v -0.57844460 0.01371899 0.10855914
v 0.17369696 -0.33185083 0.26138619
v 0.64142656 0.01977002 -0.02763131
v -0.57538676 -0.04082990 0.14768034
v -0.46825275 -0.21302363 -0.18619801
v 0.37375546 -0.31431368 0.18178970
v 0.09629571 -0.07633102 -0.53816545
v 0.66161269 0.05829102 0.00825733
v -0.43327701 0.10750881 0.22226746
v 0.49440640 -0.18275775 -0.10289896
v -0.23057140 -0.31864834 -0.03715897
v -0.10547989 -0.17032507 0.52392697
v -0.10819749 -0.23806544 0.52543330
v 0.06148109 -0.01284640 -0.52745640
v 0.68728566 0.07386792 -0.00672209
v -0.01284742 0.23466498 -0.42572618
v 0.08481324 -0.30126101 0.57237059
v -0.31150922 0.13257337 -0.49267304
v 0.61914223 0.02774779 0.01188006
v 0.43216246 -0.26982629 0.24397582
v -0.13976899 -0.24506962 -0.41010800
v 0.35699934 -0.29267782 -0.25096530
v 0.02067795 -0.31636754 0.30798951
v -0.24956688 0.33712304 -0.03655943
v 0.15067700 0.30854148 -0.14070310
v 0.58224261 -0.04556933 0.05536759
v 0.59068960 -0.07620585 0.04413146
v 0.01796158 -0.19935089 -0.53619200
v 0.10010314 -0.31344107 0.55667704
v -0.05736423 -0.24894580 0.55506533
v 0.53469771 -0.08202860 -0.03146905
v -0.18084148 0.23343813 -0.41232276
v 0.47116283 -0.18074395 -0.18738927
v 0.13346863 -0.29622799 -0.39629155
v -0.07325131 -0.35003886 0.50804281
v 0.07653870 -0.13108949 -0.49740422
v -0.13400280 -0.20405295 -0.44439194
v 0.28474021 -0.37779287 0.44423479
v 0.10954617 -0.35031849 0.19801146
v 0.55360591 0.03024711 -0.02846271
v 0.03765137 -0.31698656 0.48394662
v 0.31274551 -0.31357566 0.19328952
v -0.41270220 0.05452371 -0.38865942
v 0.60849166 0.05031659 0.01209527
v 0.48055893 -0.28392804 0.11549377
v 0.24381146 -0.25497806 -0.22452101
v -0.26669288 -0.17565367 -0.45670119
v 0.52933407 -0.14245379 -0.14000067
v 0.55998987 -0.13638893 0.11533988
v -0.21532720 -0.30306309 0.30342257
v 0.58309484 -0.11262241 -0.02486655
v 0.60262942 0.05710579 -0.02146900
v -0.49548995 -0.15323083 0.20413843
v 0.58490169 -0.11683346 0.04181626
v 0.33703536 -0.32515818 0.18690586
v 0.63414747 0.02037460 0.02429415
v -0.59733737 -0.04924160 0.10777012
v 0.34419075 -0.32371449 0.20606238
v -0.28675753 0.16218279 0.40302145
v 0.32128495 0.18528756 -0.30498698
v -0.19429359 0.07306784 0.46485171
v -0.49349374 -0.14101322 0.16592678
v -0.33160606 0.14071141 0.35547334
v 0.12958221 -0.35513824 0.47242635
v 0.45903787 -0.20431998 -0.10023904
v -0.29447359 -0.35065949 0.13431284
v 0.57090199 -0.13252425 -0.08585510
v 0.68446791 -0.03956705 0.04510019
v 0.60057271 -0.05652770 0.04866421
v -0.73862267 -0.01847433 0.02871537
v 0.55170143 -0.12034920 -0.09434330
v -0.34851336 0.19016860 0.28173488
v 0.59967434 0.05513401 0.01321036
v 0.50964415 -0.15050200 -0.14450195
v 0.45351627 -0.24091551 -0.16364634
v -0.49183458 0.26991183 -0.13915345
v 0.06163853 -0.33457118 0.52901912
v 0.61480117 0.07505846 0.00606710
v 0.61186129 -0.02227649 -0.04257637
v 0.56227964 -0.14567001 0.15329468
v -0.51479107 0.10053039 -0.23400152
v -0.09259996 -0.32255626 0.51070160
v -0.38316447 0.27065420 -0.16778165
v 0.05874112 -0.32346377 0.50613415
v -0.43732819 0.18489596 -0.30031210
v 0.58228010 -0.08582610 0.07906318
v 0.10954744 -0.32198372 0.56196427
v 0.52420551 -0.15647575 -0.09162879
v 0.56463325 -0.14927627 0.09313494
v 0.39606655 -0.28274012 0.13652343
v 0.43627822 -0.24678303 0.08636832
v 0.08159927 0.22084251 -0.44681311
v -0.16456644 -0.34063274 0.30523893
v 0.02553955 -0.34656888 -0.00222144
v 0.05282101 -0.34566659 0.50539219
v -0.27463117 -0.31229740 0.21414271
v -0.03487234 -0.33413729 0.22039241
v 0.61551088 0.02243093 0.01844090
v 0.08347920 -0.34562808 0.50389415
v 0.56444329 -0.13129024 0.08938551
v 0.58198607 0.03914965 0.01044127
v 0.59520364 -0.11556683 0.10365093
v 0.30124086 -0.30580568 -0.15749907
v 0.21382952 -0.32981429 0.50129569
v -0.18322243 -0.28845355 0.23724136
v 0.53213143 -0.14449030 -0.10110149
v 0.60555828 0.06244706 -0.00073177
v 0.65890628 0.10111317 -0.00034636
v -0.15005320 -0.32628924 0.25946599
v -0.35003269 0.23447809 -0.39714086
v -0.08733848 -0.14123298 0.56709641
v 0.36493275 -0.25307286 -0.30551398
v 0.66348767 0.05030826 -0.00864261
v 0.46789360 -0.21549255 -0.12172613
v -0.50720555 0.21933317 -0.18723351
v 0.56271219 -0.12773791 0.09117109
v 0.54944015 -0.03209779 0.01633975
v 0.11224239 -0.32393232 0.36333004
v -0.06066783 0.23639858 -0.45598760
v 0.46001366 -0.15055045 -0.23173630
v 0.58827698 0.10209117 0.03329453
v 0.07633048 -0.05029568 -0.54526001
v 0.33555216 -0.31927353 0.16006708
v 0.62951922 0.02522971 -0.01431167
v 0.60950124 -0.08549770 0.06657597
v 0.53596067 0.08125804 -0.17005008
v 0.57484829 -0.11914180 0.09727705
v -0.16133624 -0.31638515 0.45760331
v 0.24691719 -0.32175308 0.20245475
v 0.19340193 0.30772144 -0.16581082
v -0.04217163 0.14827031 -0.48089522
v -0.44453105 -0.00333178 -0.36667427
v -0.63752979 0.17262530 0.03795433
v -0.06094030 -0.36050215 0.49435273
v 0.15836671 -0.34593892 0.22858661
v -0.00492513 -0.37350380 0.47193530
v 0.52893913 -0.18674859 0.20440274
v 0.08922243 -0.31677756 0.55807930
v 0.49249864 -0.23104125 0.26230484
v -0.16908580 0.13795671 0.44114509
v 0.55042267 -0.13021651 0.06915206
v -0.68053317 0.15636751 -0.02890687
v 0.59538609 -0.10618355 0.08369851
v -0.06838071 0.40942410 -0.05990732
v -0.06002028 -0.24782597 0.54186440
v 0.53970903 -0.09276967 -0.02470164
v 0.49374917 -0.17543814 -0.12871963
v 0.41287136 -0.24882476 -0.22675622
v 0.28388470 -0.30542031 -0.22422752
v 0.46726745 -0.09651136 -0.08540940
v 0.41736579 -0.26209542 -0.15565893
v 0.09009165 -0.30410674 -0.36946440
v 0.24971864 0.18785709 0.26178789
v 0.59507877 -0.07807666 0.07182372
v 0.11230315 -0.37612289 0.42950404
v -0.12096706 -0.32308361 0.49986735
v 0.36382943 -0.31153437 0.23070812
v -0.29439682 -0.31712970 0.11265001
v 0.54236436 -0.07204579 -0.08312142
v 0.52420479 -0.15561135 0.00370270
v -0.12983096 0.10303196 0.50260550
v 0.55459762 -0.02306451 -0.01538628
v 0.20020753 -0.14801498 -0.52059227
v 0.01129639 -0.22570512 0.59717739
v 0.59813619 -0.09438410 -0.03460437
v -0.39884225 -0.24649304 0.02340379
v 0.45082676 -0.24639371 0.09746572
v -0.39914277 0.28353173 -0.03260228
v -0.08097024 -0.30621132 -0.42081457
v 0.06880045 0.26135069 -0.37878072
v -0.49351722 0.01509452 0.09570882
v -0.18469286 0.21108806 -0.44360548
v -0.38852179 0.28613794 0.07919647
v -0.68477523 0.15407205 -0.01805530
v 0.57995570 -0.13766831 0.09218359
v -0.52413422 0.14059103 -0.27194768
v 0.08061135 -0.23990633 0.58795220
v 0.38405254 0.00336844 -0.34387702
v 0.19373286 -0.33414802 0.50174814
v -0.25361374 0.32754686 -0.11997331
v 0.36378971 -0.34285536 0.28447151
v -0.16506159 -0.11610386 -0.51323575
v -0.49906301 0.23551856 -0.00218758
v 0.37919480 -0.23617929 -0.31838197
v -0.48181671 -0.10318725 0.20960107
v -0.00346372 -0.11994952 -0.52579415
v 0.15045851 -0.22314267 -0.52457774
v 0.15002531 -0.33944803 0.50761497
v -0.44645873 0.31559318 -0.04522303
v -0.61548275 0.17327008 -0.09551051
v -0.49670261 0.29422796 -0.07023826
v 0.59076804 -0.05986972 0.04620588
v 0.02424285 -0.38278368 0.48295113
v 0.16291124 -0.26014605 -0.45280993
v 0.83815098 0.29207045 -0.02005068
v 0.39157727 0.21182105 -0.20507488
v -0.56293786 0.18914774 -0.07074291
v 0.51352805 -0.17945474 -0.09546012
v 0.11468782 -0.25296378 -0.34348303
v 0.66671365 0.10463527 0.02119574
v 0.65226018 0.08085115 0.01330552
v -0.54127383 -0.13142949 -0.05940855
v 0.53696805 -0.12929222 -0.01856628
v 0.25633213 -0.32516986 0.38309187
v 0.50248826 -0.18382858 -0.11438969
v 0.45856127 -0.20595571 -0.24087736
v -0.59705848 0.22181734 -0.05893040
v -0.13572457 -0.32865465 0.48508859
v 0.33757389 0.03975558 -0.37461609
v 0.45676321 -0.21323027 0.05729707
v 0.61904454 0.02308539 -0.02436367
v -0.37796772 -0.24889277 0.26753521
v 0.40806001 -0.10027401 -0.21948949
v 0.57319820 -0.13776964 0.04402328
v -0.17192170 0.19854073 -0.44858074
v 0.09286042 -0.14026678 -0.46502092
v 0.07279918 0.13208318 -0.49263260
v -0.03939226 0.27234691 -0.31567508
v 0.40771031 -0.16038033 -0.12659732
v -0.21613188 -0.31787777 0.26280934
v -0.32266849 -0.10634431 -0.44860852
v -0.55106282 -0.24208096 0.00326295
v 0.61124885 -0.01748358 0.04990426
v 0.31857473 -0.25097731 -0.26011643
v -0.21264586 0.38472047 -0.11102986
v 0.37995973 -0.26614952 -0.28881684
v 0.09833145 -0.01712918 -0.52712590
v 0.09452766 -0.23624951 -0.47354168
v -0.58490551 0.22226386 -0.05855810
v 0.48812366 -0.17212476 0.01871212
v -0.38808313 0.05731164 0.38673681
v -0.45652759 0.27188262 -0.21302609
v -0.02896711 -0.32995605 0.46342072
v 0.41912496 -0.21932672 -0.24248326
v 0.52211452 -0.13578853 -0.03746986
v 0.29758200 -0.16833669 -0.33550516
v 0.29278934 -0.14541590 -0.31865650
v 0.59961814 -0.02284569 0.06342652
v 0.02334899 -0.00766835 -0.53799522
v 0.16905791 -0.35992825 0.48631871
v 0.10507452 0.20386672 -0.45823655
v -0.00828834 -0.33530253 0.50383955
v 0.42069432 -0.23342589 -0.15936545
v 0.26774400 -0.25537497 -0.37697101
v 0.11122453 -0.24254313 -0.39861408
v 0.56928021 -0.07498781 0.05353749
v -0.52091253 0.26523754 -0.06938579
v -0.40139812 0.21507302 0.17781016
v 0.62150931 -0.01018535 0.05206090
v 0.14787999 -0.32180437 0.51053727
v 0.28100497 -0.34526718 0.42538923
v 0.32585371 0.17073160 -0.34674454
v -0.49320632 0.28781945 -0.14058220
v 0.05313545 -0.17370939 -0.49437490
v 0.64131868 -0.08295032 0.09863413
v 0.02249165 -0.25129774 0.57377255
v 0.08517051 -0.31176582 0.53512007
v 0.63821095 0.05880013 -0.02614775
v 0.38932908 -0.29925281 0.20820814
v 0.46130550 -0.21855533 0.06958754
v -0.20684853 -0.11733322 0.47426063
v -0.35280851 0.04038008 -0.48246595
v -0.00901347 -0.05936292 -0.55748224
v -0.06153753 -0.33708787 0.52243340
v 0.21017841 -0.29593682 -0.19790183
v -0.51306361 0.14897496 -0.21098560
v 0.06828129 -0.25692898 -0.45741218
v -0.33935517 0.13329753 -0.45478278
v -0.07327545 -0.32640371 0.17131606
v 0.59105670 0.03560881 0.03126368
v -0.19849071 0.30335322 -0.22144690
v -0.29465219 -0.17900278 0.46569702
v 0.01325658 0.34542364 -0.08968311
v 0.59043467 -0.08306292 0.04733211
v 0.43668735 -0.24557453 0.06194305
v 0.21177268 0.19207326 -0.39477032
v 0.41320109 -0.29622275 0.21663958
v -0.53709698 -0.14635244 -0.08560713
v -0.07061136 0.39711168 -0.01155016
v -0.44171792 -0.01945901 -0.34989512
v 0.52332205 -0.13238397 -0.12227240
v -0.00966766 0.00466621 -0.55099916
v 0.23239934 -0.27239972 -0.18469647
v 0.48260188 -0.20790356 0.08270261
v -0.46381310 -0.22062886 0.10216475
v 0.49005419 -0.07829441 0.07372960
v -0.43554056 0.27553880 -0.11549419
v 0.58908355 -0.10428736 -0.01470521
v -0.36721385 -0.31462029 0.14059383
v 0.59065151 -0.04433703 0.01492393
v -0.74508733 0.14467034 -0.01417668
v -0.24580520 0.24702315 0.32591790
v -0.18208729 -0.35234314 0.12775272
v -0.19017753 -0.27820203 0.35122919
v -0.21866868 -0.24959193 0.54343617
v 0.58386075 -0.08729161 0.06018502
v 0.36166811 -0.31161982 0.17221656
v 0.65996855 0.10524446 0.04385269
v 0.67220569 0.08227932 -0.00871682
v -0.03384446 -0.30348402 0.29221284
v 0.06464344 -0.34825531 0.22374934
v 0.03986767 0.31674063 -0.27995703
v 0.57763577 -0.11840945 0.11727864
v 0.50761229 -0.14747360 -0.12405992
v 0.51721317 -0.15209088 -0.03915054
v -0.02960467 0.02595124 -0.52121443
v -0.01631304 -0.33553886 0.13530129
v -0.35145482 0.34889320 -0.12645903
v 0.57871938 -0.10720710 0.09351104
v -0.04899040 -0.10933996 0.58610576
v 0.07252910 -0.34218389 0.35392869
v 0.60758984 -0.06200323 -0.03122514
v 0.53471541 -0.02074926 -0.11767656
v -0.26731706 -0.29091719 0.21635985
v 0.01031011 -0.03374863 -0.52698874
v 0.52985024 -0.18161617 0.12832934
v 0.54242831 -0.03094959 0.01771137
v 0.52549684 -0.16944860 0.07257217
v 0.45789084 -0.27066299 0.13070840
v 0.60054249 -0.11291714 0.06571385
v -0.23464191 0.27512324 -0.24456972
v -0.75690246 0.11164361 -0.02729673
v 0.02469592 -0.34835944 0.52465796
v 0.56374288 -0.12456588 0.10130054
v 0.66838938 0.07362211 -0.02670461
v 0.45529589 -0.18271346 -0.09998396
v 0.39852718 -0.27533752 -0.23478252
v -0.02384043 0.23082659 -0.43716177
v 0.56872123 0.01004625 0.03063104
v 0.03585797 -0.34871507 0.26474184
v 0.02692230 -0.28160548 -0.29807004
v 0.40070045 -0.30348915 0.19749939
v 0.09641957 0.21720406 0.37928170
v 0.58682656 -0.02675915 -0.00778770
v 0.37990272 -0.27807999 -0.10874909
v -0.13667670 -0.33983830 0.48190489
v 0.27818611 -0.33292362 0.45266265
v 0.42683351 -0.27294314 0.20707464
v -0.18079409 0.03974637 -0.54830229
v 0.55806321 -0.13546064 -0.05872184
v -0.37447634 -0.31339854 0.10326183
v 0.60999191 0.03124681 0.03731684
v -0.49674404 0.08578283 -0.27063859
v 0.19546780 -0.35473865 0.48204082
v -0.08416036 0.36227629 -0.15269063
v -0.13446361 -0.05543469 -0.53259808
v 0.52220571 -0.15064204 -0.14146686
v -0.25080714 -0.10084248 -0.48103848
v -0.22685069 -0.01227437 -0.51166517
v -0.44225919 0.26177499 0.01797259
v 0.17536283 -0.32788029 0.21016437
v 0.64100713 0.05085781 0.01943323
v 0.14171207 -0.26094958 -0.46537638
v -0.53431153 -0.03260297 -0.32120019
v 0.16253948 -0.33234882 0.50951374
v 0.06721047 -0.27553648 0.57852334
v -0.11787516 0.26538646 -0.39032432
v 0.53908241 0.19233093 -0.00353581
v 0.59500343 -0.04801865 0.04603675
v -0.66272253 0.15987429 -0.05817440
v 0.64604557 0.03778963 -0.01676008
v 0.04995114 -0.36498338 0.47984084
v -0.49150455 0.02446876 0.31890512
v -0.27972057 -0.18790996 -0.43767762
v 0.59611762 -0.00281356 0.00552161
v 0.54477668 -0.14353567 0.06029609
v 0.27971154 -0.21586998 -0.25398314
v 0.21558622 -0.31375992 0.51850438
v 0.55743915 -0.02213110 -0.04496171
v 0.57381660 -0.12779348 -0.06898719
v -0.52705669 0.22975260 -0.03916129
v 0.03164402 -0.32107171 0.55648130
v -0.62515533 0.18008694 -0.00239238
v 0.49146602 -0.17021644 -0.10422552
v -0.02741572 -0.32905537 0.22148988
v 0.31287801 -0.31612122 0.20372558
v 0.40188107 -0.27440029 -0.20131454
v 0.14412445 -0.10491157 -0.53774923
v 0.51554161 -0.02794415 -0.14005522
v -0.14606690 0.34083921 -0.20332128
v 0.63613737 0.09288748 0.03543958
v 0.13390870 -0.34279341 0.50436401
v 0.53986692 -0.16369507 0.11156821
v 0.53973174 -0.18265489 -0.04732928
v -0.40942308 0.21506548 -0.29853323
v 0.47190166 -0.24925730 0.24371254
v 0.67028373 0.07741281 -0.01544762
v 0.07007881 -0.32132858 0.47497925
v -0.38228756 0.10941647 0.31469738
v -0.05723974 0.40089452 0.00697637
v 0.03285694 0.00034821 -0.54626143
v -0.06776062 -0.30210197 0.51515681
v 0.51344651 -0.06151476 -0.02643886
v -0.18721268 0.02949126 0.50324780
v 0.61234498 0.07187180 0.00442144
v 0.27906221 0.13285112 -0.40737152
v 0.49654812 -0.13707691 -0.09922597
v -0.26894781 0.34364122 -0.20543525
v 0.11243299 0.36585343 -0.04087920
v 0.57497716 -0.02853918 -0.00495970
v 0.36959618 0.23763326 0.07811208
v -0.16170627 -0.11472167 -0.50661343
v 0.66978389 0.09734032 0.00094855
v 0.08570370 -0.31841159 0.55086732
v -0.51085854 -0.08053182 0.22598779
v 0.60807014 0.03415015 0.03960280
v 0.40423733 -0.28535604 0.14749193
v 0.55209088 -0.10138587 -0.11564299
v 0.22789460 -0.27048060 -0.32138205
v 0.57110417 0.01531195 0.05709419
v 0.08197787 -0.32651526 0.51454782
v -0.15358734 0.24903548 -0.33902761
v -0.06455320 0.23283124 -0.46247792
v 0.06474358 -0.34819645 0.46418068
v 0.50840569 -0.04807188 -0.08978278
v -0.19678590 0.16599609 0.49125829
v 0.29327098 -0.22514573 -0.25781161
v 0.57260090 -0.09906392 0.03247106
v -0.07640722 0.27193534 0.30490395
v -0.26041523 -0.16871625 -0.46235171
v 0.58803570 -0.06799081 0.07804799
v 0.54527736 -0.15480222 0.14346892
v 0.65184838 0.04999553 -0.00474882
v 0.52983057 -0.19219078 0.22301543
v -0.36742511 -0.20831448 0.31472653
v 0.00811012 0.37360013 -0.05599614
v -0.11608704 0.36517784 0.17924275
v 0.40049836 -0.06233459 -0.33198076
v 0.54065001 -0.14584535 -0.07309899
v 0.28228459 -0.33695072 0.45327562
v 0.63744509 0.11294258 0.02325150
v 0.32502699 -0.27925617 0.42314467
v 0.39618447 0.26191634 -0.18821898
v 0.58535004 0.01063722 -0.02617094
v 0.48657379 -0.12970963 -0.21666721
v 0.78527635 0.18031287 0.06906696
v 0.03459722 0.15909536 -0.51475739
v 0.02051748 -0.27506238 -0.37993792
v 0.51263040 -0.15268964 -0.05973628
v -0.05309850 -0.01985216 -0.52227122
v 0.47265136 -0.24342588 0.20842594
v 0.03731954 -0.15019214 0.58334404
v -0.09943380 -0.20616165 -0.45239848
v 0.65658283 0.07796112 0.01479298
v 0.60816306 0.05115125 0.03795540
v 0.57672882 -0.14158085 0.09989148
v -0.28647161 -0.26932666 0.35539550
v -0.15148313 -0.31002775 0.26734444
v 0.58726484 -0.05401741 0.02040625
v 0.44566184 -0.26539329 0.21223509
v -0.00757930 -0.31697017 0.53930771
v -0.23400570 0.05592136 0.50013721
v 0.33006567 -0.30929849 -0.20673582
v 0.51278794 -0.19231361 0.19314778
v 0.14148018 -0.30981722 0.56105667
v 0.00761682 -0.12548578 -0.51436192
v 0.59276640 0.02480812 0.02446316
v 0.60972261 0.03785662 0.03977187
v -0.15689045 0.07179640 0.50553685
v -0.27693415 0.29775384 -0.25913858
v 0.41533908 -0.29754162 0.27231264
v -0.55705446 0.09953839 -0.12072158
v -0.14708149 -0.34624094 0.21180835
v -0.10177010 -0.01142475 -0.51638538
v -0.08012743 0.41535127 -0.03731781
v 0.48939738 -0.06708561 -0.24804327
v 0.11222833 0.14735243 -0.51349664
v -0.05460668 -0.07754219 0.58812785
v 0.66063166 0.11675654 0.01798072
v 0.54278457 -0.13098241 0.07320312
v 0.52755547 -0.06701474 0.01000249
v -0.12125179 -0.14519930 -0.50497139
v -0.44194922 0.19162303 -0.33909106
v -0.34902412 -0.33546638 0.02773502
v -0.24021217 -0.25353223 0.43704239
v 0.40081742 -0.01071896 -0.32811704
v 0.33265579 -0.29425073 0.44468337
v 0.61711943 0.03940459 -0.02052471
v 0.06434022 -0.24689427 -0.48618218
v 0.08731785 -0.10241294 -0.54365516
v -0.07152006 -0.19148673 0.60041773
v 0.26969793 -0.35034814 0.19651666
v 0.02230316 -0.00095330 -0.55652821
v 0.43772906 -0.28791213 0.18189469
v 0.24446112 -0.29888892 -0.24331176
v 0.26159513 -0.33418006 0.49002182
v 0.18778254 -0.35851958 0.46361282
v 0.38178268 -0.26187897 -0.12446046
v -0.22273046 0.10893190 0.46261734
v -0.15604946 -0.27270505 0.45741346
v 0.23965576 -0.32605690 0.50028419
v 0.32849604 -0.31515050 0.18474299
v 0.56646657 -0.12328175 -0.03036955
v 0.42316121 -0.17922440 -0.28418511
v 0.20189521 -0.35910439 0.46971560
v 0.66836023 0.15129843 0.03436285
v -0.50118667 0.26182905 -0.10693069
v 0.48507273 -0.26387954 0.16207755
v 0.45217216 -0.24566761 0.19246095
v 0.50857854 -0.14994282 -0.16025597
v -0.29920161 -0.13463838 0.49909979
v -0.34699342 0.21293616 -0.39032584
v 0.08794561 -0.01881710 -0.53877962
v 0.09460360 0.05531588 -0.52333361
v -0.06227070 -0.07232118 0.57012206
v 0.52820623 -0.12379107 -0.02024776
v -0.05749810 -0.31353822 -0.01830489
v 0.08971804 -0.08558968 -0.52071381
v 0.52389765 -0.14841500 -0.05151045
v 0.08649252 -0.25439990 -0.37559080
v 0.01577109 -0.28869906 0.44416940
v 0.59511167 -0.04480730 0.02122894
v 0.75778359 0.16122550 0.04759176
v 0.00354940 0.08878610 -0.50264692
v 0.02916238 0.20151675 -0.48818207
v 0.15436429 -0.04042271 -0.53724515
v 0.58301264 -0.03515071 -0.04228500
v 0.11057466 -0.17607027 -0.44306558
v -0.01326784 0.25168288 -0.40628722
v -0.12642321 0.33498457 -0.07392901
v 0.54586703 -0.15666352 0.13532364
v -0.15504569 -0.31134999 0.44603172
v -0.15193272 0.16580553 -0.52774972
v 0.22949213 -0.33182722 0.47973573
v 0.12363553 -0.36538899 0.49906909
v -0.01862803 -0.36954665 0.49215022
v 0.60481882 0.11860050 -0.01429360
v 0.66378790 0.08098644 0.04321131
v -0.44841391 -0.25249633 0.09606633
v 0.56264758 -0.10925238 -0.02608568
v 0.59055442 -0.09722164 -0.03600204
v 0.48694932 -0.24459019 0.15320057
v 0.26617303 -0.30057165 -0.01465478
v 0.49755436 -0.18022195 -0.08877414
v 0.35927907 -0.28595999 -0.24396008
v 0.51859111 -0.21225470 0.14336538
v 0.49646044 -0.21080020 0.21905130
v 0.46707588 -0.15642564 -0.05668175
v -0.00902754 -0.35156927 0.48027265
v 0.17420590 -0.28385147 -0.38660437
v 0.47711492 -0.24800712 0.21764594
v 0.23004901 -0.32595351 0.25276119
v 0.64502156 0.07181814 0.00274557
v 0.30910447 -0.32083055 0.19067380
v -0.14173585 0.32941708 -0.01263539
v -0.34215155 0.19278662 0.30363256
v -0.63835251 0.22316620 -0.02105515
v 0.57786161 -0.08199275 -0.04586703
v 0.01175392 -0.36326903 0.49813566
v 0.56840396 0.12516527 -0.03969260
v 0.68104333 0.07871360 -0.00791758
v 0.60790324 0.04773399 0.03028044
v 0.13762218 -0.23593965 -0.43848243
v 0.28740850 -0.33996475 0.19741321
v 0.18671001 -0.32314122 0.22832960
v 0.04773974 -0.28914610 -0.40105006
v 0.60560316 -0.03656834 -0.10816601
v -0.16725449 0.01227125 0.47832936
v 0.42804551 -0.21891774 -0.18218365
v 0.52175879 -0.16325788 0.13606998
v 0.17301971 -0.35996181 0.48050833
v 0.02015528 -0.31586498 0.53308862
v -0.07356028 -0.35861197 0.46582544
v 0.00231102 0.29477483 -0.36691833
v 0.47010142 -0.17305814 -0.11209801
v 0.57782114 -0.11266024 0.10202867
v 0.13819215 -0.38088253 0.47658044
v 0.56422722 -0.14269631 0.05382824
v 0.09700567 -0.30892277 -0.37957993
v -0.23693787 -0.12916073 -0.48544431
v 0.30558601 -0.29525167 -0.28111899
v -0.15818626 0.24772717 -0.39796621
v 0.55240178 -0.14390978 0.11803353
v 0.03970993 -0.00074944 -0.54187262
v -0.42817590 -0.19129086 0.28670320
v -0.15542899 -0.21888466 -0.47944438
v 0.59605706 -0.03404821 0.02400857
v 0.53789473 -0.08821745 -0.03484485
v -0.53845835 0.24661218 -0.03156015
v 0.48406208 -0.18863183 -0.13088715
v 0.19975993 -0.31358960 0.04300737
v -0.22938922 -0.31112677 0.42590421
v 0.23225170 -0.38097501 0.49475449
v 0.49895197 -0.21959795 0.20249569
v -0.30503190 0.22014290 -0.37401360
v 0.11432029 -0.14927569 -0.44259855
v 0.27727997 -0.31196174 0.47593957
v 0.13242632 -0.12890676 -0.53595966
v 0.49273038 0.21137789 -0.04711830
v -0.74971396 0.17932099 -0.04462600
v -0.64418381 0.15137568 -0.02343458
v 0.31994271 0.26320988 -0.16512996
v 0.67192572 0.09509754 -0.02059656
v 0.50112510 -0.12495121 -0.17332107
v 0.58509290 -0.09620883 0.10332906
v 0.38761258 -0.24366778 -0.11465031
v 0.18728569 -0.34072363 0.21645734
v 0.02685019 -0.37118751 0.47584069
v -0.45968312 0.26544911 0.00949408
v 0.60609174 -0.02195773 -0.02759400
v 0.60875416 -0.03281641 -0.02977385
v 0.57048714 -0.15258731 0.15518647
v 0.08926961 0.28105611 -0.29658222
v -0.46811551 -0.17629522 -0.21931517
v -0.56457609 0.19366676 -0.07827275
v 0.17139992 -0.34487256 0.46378940
v 0.65000910 0.07536584 -0.01696736
v 0.54301131 -0.14825514 -0.05540130
v -0.56335211 0.03826910 -0.15912811
v 0.18633342 -0.17700231 -0.42635313
v 0.59652138 -0.07204151 0.05750263
v 0.63625312 0.03600928 0.00532085
v -0.49598983 -0.18675824 0.20881987
v 0.55040789 -0.03592125 -0.00474808
v 0.06020474 -0.25918719 0.57676733
v 0.66630220 0.10031950 0.02248368
v 0.49777651 -0.15738791 -0.13904658
v 0.54833156 -0.15735719 0.10752380
v 0.63971281 0.04433098 0.00786638
v 0.44899207 -0.17582923 -0.13033983
v -0.46478382 -0.23282334 0.03426656
v 0.56879669 -0.11681984 0.09968233
v -0.18005866 0.03774781 0.52690744
v 0.06362502 -0.13368237 -0.47748590
v -0.23499079 0.00137518 0.45423895
v 0.57897222 -0.11998808 0.08853352
v -0.47669458 -0.21824259 0.00825506
v 0.58765292 0.04419433 0.03314199
v -0.20877352 0.26049340 -0.29948959
v -0.14397715 -0.32567143 0.41667569
v 0.04083561 -0.33631271 0.23313048
v 0.57430935 -0.13520753 0.08819455
v 0.66597426 0.09355783 0.00047228
v 0.27732387 -0.20601402 -0.25315863
v 0.66307664 0.12314144 0.03905830
v -0.65485752 -0.00865957 0.04197565
v 0.41955042 -0.31617108 0.25663829
v 0.50466478 -0.16055363 -0.14297891
v 0.14287071 -0.12401676 -0.46090811
v 0.74885011 0.22455859 0.06535546
v 0.52763247 -0.18005934 0.15373576
v 0.53099871 0.10644403 -0.15464595
v -0.32453451 0.14714842 0.36586589
v 0.64265877 0.02660251 -0.01140547
v -0.38803872 -0.29181713 -0.00628117
v 0.35239351 -0.02867183 -0.37276357
v -0.26371947 0.29526263 -0.23938334
v 0.64385062 0.03647959 -0.00885686
v 0.62050843 0.02170102 0.00510171
v 0.62521648 0.04676124 -0.00573251
v -0.07394128 0.24347918 -0.46524906
v 0.65384454 0.10827896 0.01414311
v 0.43372169 -0.22503884 -0.17650643
v 0.65622437 0.09040630 -0.00435370
v 0.60026962 -0.01948299 -0.01229727
v 0.21365930 -0.32220602 -0.15722647
v 0.02431619 -0.03610566 -0.54500318
v 0.60923970 0.04064975 0.01024330
v 0.31774053 -0.26954442 -0.17375755
v 0.41929686 -0.28303277 0.14464670
v -0.39866734 -0.22285035 0.17489064
v 0.58331525 -0.07002810 0.03451872
v 0.65062302 0.10641816 -0.01583681
v 0.28107077 -0.31075051 -0.00287585
v 0.27262911 -0.35266489 0.45287520
v -0.48026964 0.20435300 0.04574586
v 0.14037517 -0.34337503 0.49954942
v 0.00883672 -0.05297885 -0.56279045
v 0.66112548 0.07355398 0.01647800
v 0.10729223 -0.30483785 -0.38998234
v 0.20074643 -0.25791690 -0.40037024
v 0.60673070 -0.02574613 -0.04230121
v 0.50667769 -0.20701396 -0.07029003
v -0.38142437 -0.01218583 -0.45910230
v 0.35146978 -0.28089678 0.01355763
v 0.28528601 -0.31544363 0.20986426
v 0.16694015 -0.27249524 -0.02949172
v -0.09956779 0.31010920 -0.42573085
v -0.25390616 0.00384433 0.48822376
v -0.20542514 0.34794137 -0.07933210
v -0.56440830 0.21867868 -0.07040928
v -0.31920451 -0.14667146 0.47223425
v -0.24375074 -0.31794786 0.13472444
v 0.43064895 -0.26623410 0.14790669
v -0.13004866 -0.24451230 0.54833996
v -0.01271045 0.22341388 -0.50414133
v -0.62768680 0.11619650 -0.03771227
v 0.22161061 -0.31148395 0.14998651
v -0.11294514 0.26883978 -0.38655597
v -0.03181615 -0.00002766 -0.56297076
v -0.44948840 0.22602126 0.18161067
v 0.17506567 -0.35864535 0.49282447
v 0.29782751 -0.00132379 -0.47121745
v -0.25389752 -0.18610445 -0.44433892
v 0.57869476 -0.14168617 0.06309092
v 0.53800243 -0.21420585 0.11650795
v 0.08843386 -0.30721506 0.54977465
v 0.65624052 0.00940847 -0.01988998
v 0.02993819 -0.33780605 0.52234042
v 0.25128806 -0.25063264 -0.41356653
v -0.11723842 -0.29307187 0.47755164
v -0.34236014 0.32012087 -0.05558830
v 0.39696655 -0.32433468 0.24447286
v 0.08573785 -0.30368343 0.40409529
v -0.04862440 0.36419904 -0.00479664
v -0.55846643 0.10289774 0.08537085
v 0.23652148 -0.36816376 0.45340651
v -0.44197112 -0.27127433 -0.02180538
v -0.53981978 0.22828031 -0.09033377
v 0.78148180 0.16750611 -0.03517361
v 0.05510489 -0.34397230 0.19236967
v -0.25664294 0.31017601 -0.09577677
v -0.51003385 -0.17663997 0.05199525
v 0.38042641 -0.23364145 -0.10005569
v 0.25238526 -0.31305704 -0.20888004
v -0.16591319 -0.33487484 0.11353120
v 0.09722471 -0.10659620 -0.53376877
v 0.16824949 -0.37221083 0.49182954
v 0.58705217 0.07584845 0.00543354
v -0.42956716 0.25154766 -0.30160001
v -0.07207397 -0.28245589 -0.45341027
v 0.43187866 -0.22237870 -0.17947391
v 0.10288668 -0.16186339 0.59102035
v 0.15178610 -0.37245238 0.44955057
v 0.58416080 -0.02814356 0.02524830
v 0.60303199 -0.05805366 0.03304398
v -0.60092461 0.20667374 -0.06009582
v -0.57621646 -0.05094710 0.08096046
v 0.44527999 -0.24596711 -0.11393914
v -0.50796020 0.24009043 -0.15093984
v 0.30256027 0.01957501 -0.43709573
v -0.09523835 -0.30972904 0.21977299
v -0.49146819 0.20221511 -0.20920360
v 0.26951584 -0.26178166 -0.28919339
v 0.65497619 0.10035102 -0.00348130
v -0.04529209 -0.23746404 0.48753405
v -0.58811355 0.23135000 -0.01922575
v -0.12101299 -0.24512610 -0.40030366
v 0.03739044 -0.09467807 0.59453607
v -0.79117972 0.05905195 0.00110283
v -0.00393723 -0.28134435 0.54051483
v 0.49019700 -0.23113513 0.17620420
v 0.68997848 0.07356098 -0.00900447
v 0.65061009 0.01839021 -0.01748484
v 0.47066635 -0.23884544 0.22811055
v 0.58347076 -0.07221028 0.08473110
v 0.19319023 -0.26097623 -0.32853305
v 0.20833845 -0.36560035 0.44942725
v -0.00398977 -0.22293344 -0.42544812
v 0.47109103 -0.26464236 0.26895440
v 0.53723580 -0.17374933 0.15898925
v -0.34801835 -0.33203822 0.24391299
v 0.18829942 -0.37885970 0.45501757
v 0.14105949 -0.34838831 0.24724780
v -0.03082255 -0.24628791 -0.40073383
v 0.58746624 0.02250995 0.05541325
v 0.37153798 -0.29252082 -0.14666632
v -0.62377948 -0.07404727 -0.06487098
v 0.45099860 -0.08951928 -0.13193320
v -0.24476507 0.23207182 -0.38524306
v 0.53039926 -0.04848982 -0.01972232
v 0.58941936 0.04218766 -0.02831566
v 0.35365462 -0.22151086 0.26792264
v 0.16150659 -0.38154304 0.46672970
v 0.51938415 -0.19870982 0.22038209
v 0.30849132 -0.31176001 0.20249209
v -0.33535895 0.32748574 0.09200424
v 0.44522846 -0.16154662 -0.09395039
v 0.08596319 -0.32869586 0.26762685
v -0.59350646 0.09870769 0.11379735
v 0.17733586 -0.28497237 -0.35174942
v 0.27469933 -0.31083545 -0.18417633
v -0.45621815 0.03203773 -0.38017941
v 0.55899423 -0.14732820 -0.05994800
v -0.10112014 -0.07008497 0.56384385
v 0.66886681 0.09135127 0.00540084
v 0.15010786 -0.30275616 -0.36488688
v 0.32674482 -0.31688341 0.43684471
v 0.66265088 0.08436203 -0.03145084
v 0.40914181 -0.29049644 0.18101794
v -0.10022911 0.33365807 -0.16963224
v -0.56759125 -0.09068936 -0.30701631
v 0.25401768 -0.35167211 0.42979169
v 0.08850496 -0.38085324 0.43398580
v 0.20630957 -0.24465567 -0.45516428
v -0.24405509 -0.29215065 -0.26496565
v -0.09786485 -0.02545232 0.50444162
v -0.10354990 0.17499663 -0.50935620
v 0.32788745 -0.30511263 -0.15835613
v -0.18349171 -0.12929741 -0.52666891
v 0.27474421 -0.30643234 0.47072530
v 0.22011986 -0.32282540 0.48590118
v 0.32639366 -0.29763740 0.43317944
v -0.30584565 -0.22069706 -0.41404068
v 0.48132989 -0.22767620 0.05374700
v 0.57115215 -0.02332839 -0.03668725
v -0.69618547 0.12384897 -0.04334410
v 0.57900780 -0.01764303 0.03045850
v -0.49379432 -0.11950666 0.22300914
v 0.02755374 0.26127762 -0.45539188
v 0.18889147 -0.36855197 0.48155528
v 0.55174112 -0.12559664 -0.03299057
v 0.63371754 0.06332663 0.03563920
v 0.66882628 0.09343792 -0.01449713
v 0.21177626 -0.32960719 0.00260660
v 0.57033575 -0.12698542 0.01192703
v 0.13074374 -0.31118247 -0.36652389
v -0.56162918 -0.05064401 0.09674809
v -0.04073910 -0.27611876 0.51093388
v -0.12215000 -0.26582754 0.54927057
v 0.14841653 -0.29545718 0.24130034
v 0.50305331 -0.21057023 0.24151993
v 0.43251693 -0.20439976 -0.08995226
v 0.28446689 0.30056393 0.14652388
v 0.07112477 -0.25672829 -0.34142107
v 0.33269891 -0.27633175 -0.30883396
v -0.36270848 0.36682028 -0.19872779
v -0.42898655 -0.27660269 -0.05719763
v 0.56525683 -0.01298244 0.01132348
v 0.20295784 -0.34240258 0.46549353
v -0.00706142 0.04974821 0.54468828
v 0.61787522 -0.04937041 0.02061927
v 0.57764089 -0.09028733 -0.05995259
v 0.18463680 -0.31630632 -0.04738392
v 0.35621697 -0.29900402 -0.19493821
v 0.54087543 -0.13432217 -0.13485351
v 0.58181572 -0.09536169 0.04293805
v -0.00179961 0.33041435 -0.24962552
v 0.42415777 0.23367685 -0.03487827
v -0.18600638 -0.30251160 0.32376131
v 0.56359476 -0.09400284 -0.14634570
v 0.33077127 -0.25445995 -0.20743197
v 0.40654957 -0.28827822 0.21719557
v 0.31468177 -0.29531857 0.44199806
v 0.46042866 -0.22332568 -0.06834918
v 0.51052141 -0.22240399 0.09873390
v 0.63211155 0.08714376 0.02577417
v 0.25469118 -0.37069863 0.43260473
v 0.59220904 -0.08351870 0.07736483
v 0.42629063 -0.27284214 -0.10410050
v 0.17564552 -0.37100852 0.42138162
v -0.33936837 0.31936979 -0.02019617
v -0.21845919 -0.30735439 0.47826585
v 0.59011972 -0.02033047 -0.01843293
v 0.62184483 -0.02851641 -0.05520058
v 0.45682451 -0.25695926 0.27377748
v 0.01703791 -0.21026981 -0.44870567
v 0.49048376 -0.20794055 0.20477980
v 0.65850103 0.04891615 0.03122647
v -0.51643974 0.01148541 -0.35710710
v 0.66031843 0.09036751 0.03290114
v -0.17261121 -0.27847844 0.45894936
v 0.24660569 -0.28284204 -0.12339038
v -0.41748238 0.19099414 0.25309327
v 0.06510074 -0.33184722 -0.16326733
v -0.55994636 0.23905411 -0.10140273
v 0.53994596 -0.14716274 -0.10434195
v 0.10548210 0.25756636 -0.38286376
v -0.27300498 -0.03285795 -0.49071133
v 0.12745310 -0.32925841 0.24287596
v 0.58814609 -0.02957754 -0.00854586
v 0.48137704 -0.19235264 -0.14940909
v 0.49423024 -0.13298294 -0.12193033
v -0.37772089 0.33623660 0.03565035
v 0.41989738 -0.27769351 0.10969740
v -0.03899415 0.34279078 -0.21219563
v 0.60425770 0.04268232 0.03809087
v -0.04097714 -0.17846857 0.54976153
v 0.54917830 -0.18170501 0.11464781
v 0.46010587 -0.19472083 -0.12655425
v 0.52013212 -0.18288043 0.11759961
v -0.03993659 -0.09182268 -0.52703810
v 0.12124465 -0.31458414 -0.12792814
v 0.55441791 -0.11802541 -0.04847300
v 0.53367668 -0.20191795 0.12275165
v 0.54412395 -0.17694631 0.14618284
v -0.05771726 0.36144897 -0.10682271
v -0.45187867 -0.20526579 -0.04331142
v -0.64610857 -0.03783277 -0.05645591
v 0.42740047 0.05309841 -0.29822239
v -0.08158853 -0.02457927 -0.50938493
v -0.24696660 0.28407770 -0.25321561
v -0.24733870 -0.25476143 0.42694551
v 0.39371657 -0.24830362 -0.27304608
v 0.54101562 -0.15645839 0.15908617
v 0.07045928 0.35854971 -0.09317450
v 0.55539536 -0.09351075 -0.14326528
v 0.58599150 -0.08811376 0.08112770
v -0.34552211 -0.07996662 -0.45947281
v -0.20645913 0.12781723 0.45357180
v 0.46555680 -0.25807151 0.25847280
v -0.19039360 0.30637646 -0.26172951
v 0.35152280 -0.30854484 0.21435893
v -0.04038219 -0.23359425 0.57343757
v 0.54321331 -0.12011136 0.00924456
v 0.04271041 -0.31115749 -0.43769675
v 0.58934498 -0.04104876 0.03383315
v -0.14321916 -0.31043792 0.04779670
v 0.68085158 0.05519190 0.02870327
v 0.48456889 -0.19257025 -0.08810693
v -0.47348446 0.01560143 -0.35481462
v 0.14858687 -0.37490660 0.46450585
v 0.57969308 0.14790773 -0.13350844
v -0.55360240 0.17691284 -0.17372885
v -0.23524179 0.17411955 0.40717512
v -0.71983635 0.14491087 0.00934947
v 0.20979059 -0.28653774 -0.31014284
v -0.40123549 0.19039074 -0.34048074
v 0.62032080 0.10784020 0.02177368
v 0.72282082 0.03199221 0.04958355
v 0.44350606 -0.18190981 -0.07748711
v -0.00949702 -0.21472220 0.57953423
v -0.05536687 -0.20688790 0.57746905
v 0.63904089 0.09605283 0.04023746
v -0.59462273 -0.09958047 0.00081424
v -0.02779415 -0.23288067 0.59858656
v -0.52824634 -0.09740174 -0.28171957
v 0.31358638 -0.32086182 0.22057059
v 0.45829904 -0.13244723 -0.11039850
v 0.62012482 0.04010646 -0.01451421
v -0.13785735 -0.15364724 -0.47465399
v 0.60996604 0.21197513 -0.01523105
v -0.30477333 -0.30875832 -0.17630140
v 0.20062166 -0.18898401 -0.44494960
v -0.57477516 0.04870752 -0.18856713
v 0.05171944 -0.31240192 0.47908348
v 0.60893708 -0.08913386 -0.00528002
v -0.06499007 -0.29023933 0.55376256
v -0.38540679 -0.23352274 0.19602948
v 0.63898385 0.03358438 0.01968101
v -0.09519720 0.13285899 -0.49166366
v -0.48268756 0.21528172 -0.16168258
v -0.09872221 -0.35433576 0.44456276
v -0.10788625 0.32432452 -0.21695715
v 0.54405433 -0.15095267 -0.09379932
v 0.11429815 -0.38447255 0.40289724
v -0.00977288 -0.07573009 -0.53436297
v -0.54161209 0.12991974 0.18210459
v 0.07096905 -0.18252149 -0.46836793
v -0.11297841 -0.24673983 0.56550342
v 0.45674232 -0.24717151 0.16590491
v 0.28036612 -0.32107085 0.04556147
v 0.51965237 -0.19492102 0.22554994
v -0.10150316 0.35595471 -0.00298715
v -0.49733412 0.19856715 -0.17197055
v -0.26132593 0.35411292 0.11032902
v -0.11085559 -0.27946064 0.32026523
v 0.46879160 -0.19522604 -0.12317884
v -0.00025219 -0.33802447 0.52429539
v 0.68419164 -0.03848082 -0.00806814
v 0.51627696 -0.02815565 -0.12618789
v -0.17941165 0.29176545 -0.30061850
v 0.53054047 -0.14956425 -0.15369964
v 0.14608055 -0.37532651 0.46601331
v -0.14520603 -0.32577872 0.48197681
v 0.51677775 -0.07886757 -0.01247290
v -0.08564991 -0.35505533 0.49306542
v 0.04546613 -0.21696958 -0.43460017
v 0.35465282 -0.28693593 -0.24673596
v 0.54234743 -0.13125399 -0.14211497
v -0.52849865 0.23855162 -0.01859841
v 0.16425696 0.15600350 -0.44809058
v 0.53189027 -0.12149622 -0.13429832
v 0.22045612 -0.18017057 -0.40585852
v 0.01598358 -0.17856203 0.59434992
v 0.66675103 0.06769469 0.01992875
v 0.55270720 -0.13029984 -0.07981712
v -0.23096400 0.37307084 -0.08236092
v 0.08983633 -0.25740910 0.55431849
v 0.55990517 -0.13385344 0.10630977
v -0.05556837 -0.35552382 0.44027725
v 0.13615215 -0.25200284 -0.32116577
v 0.12040818 -0.26179048 -0.38883314
v -0.51429123 -0.10306990 -0.25985354
v -0.51184058 0.27301300 -0.00951909
v -0.09324333 -0.09518556 0.56482536
v 0.45740396 -0.19135660 -0.13537240
v 0.09809181 -0.29581696 -0.36293411
v -0.26612920 -0.08978531 -0.46843663
v 0.30547705 -0.14014547 -0.42243642
v -0.37037754 -0.02707501 -0.45757747
v -0.26909447 -0.10223731 -0.48944089
v 0.62736094 0.03220901 0.02738094
v -0.00011683 -0.33013058 0.51944268
v 0.40501666 0.20404769 0.07641607
v 0.52344960 -0.13935196 -0.10728519
v -0.31102794 0.32107034 -0.04831830
v 0.63949579 0.04023068 -0.01220557
v 0.65963072 0.12142619 -0.01206592
v 0.64037752 -0.07853380 0.01545876
v 0.17269716 -0.17962161 -0.41278756
v -0.56717157 -0.05821413 0.14397728
v 0.58495456 -0.03701242 0.00609538
v -0.55329973 0.26825893 -0.05774133
v -0.45524561 -0.02110422 -0.36400440
v -0.16527799 0.35957453 -0.05736405
v 0.66293925 0.08073536 0.00631291
v 0.64129460 0.06211078 0.02267280
v 0.57626128 -0.09996224 0.09272671
v 0.67906415 0.06990883 -0.01122156
v 0.15750289 -0.27963781 0.56242090
v 0.28600883 0.23714142 0.09213780
v -0.37443984 0.33297029 -0.23107007
v 0.59012878 -0.10068190 -0.05217001
v -0.35949299 -0.16500092 0.18068495
v -0.11601602 -0.14359748 -0.50027019
v 0.58224022 -0.08094120 0.05293244
v 0.43968236 -0.21289465 -0.19488332
v 0.59273565 0.06404634 -0.01780960
v 0.44606572 -0.10544951 -0.13459735
v 0.00035372 0.25072247 -0.40692651
v 0.17681660 -0.25353357 -0.47778040
v 0.51699829 -0.13501748 -0.10851838
v 0.58174562 -0.02170345 -0.01352437
v -0.08330446 0.01035228 -0.52568775
v 0.58732438 -0.12949136 0.08630365
v 0.45023963 -0.08288303 -0.16102915
v 0.51109123 -0.13528016 -0.03960627
v 0.66518086 0.06461675 0.02711853
v 0.59143221 -0.03544781 -0.11286477
v -0.20725867 0.21735096 -0.40381867
v 0.46416509 -0.22686511 0.15994120
v 0.35054919 -0.31313166 0.14322087
v 0.14540362 -0.27981910 -0.30670297
v -0.21473998 0.29984018 -0.20167218
v -0.23185229 -0.10264998 0.51416206
v -0.77823043 0.04548018 0.02923286
v 0.53168303 -0.18020673 0.12402862
v 0.38345411 -0.00537825 -0.35982823
v 0.49959981 -0.05110464 -0.08157700
v -0.11178861 -0.25123960 -0.39651188
v -0.29803652 -0.34621727 0.05245042
v -0.48035663 0.27990475 -0.16888463
v 0.51695514 -0.16603577 -0.14535680
v 0.36121070 -0.29707605 -0.24178439
v 0.55356002 -0.14996333 0.13811487
v -0.26770410 -0.15691790 0.51816028
v -0.33782637 -0.13118860 -0.44799584
v 0.33143681 -0.25650144 -0.26638839
v 0.63285041 -0.00576821 -0.01880646
v 0.25145224 -0.16225190 -0.35954985
v 0.44540966 -0.15541326 -0.26918405
v 0.47721317 -0.16100919 -0.09694785
v 0.59679008 -0.11195219 0.06346637
v 0.02208973 -0.34057623 0.54979724
v 0.26118001 -0.28123492 -0.28322592
v 0.13553831 -0.32791001 0.53094429
v 0.52285695 -0.17918059 0.19932497
v 0.45515049 -0.24983755 0.19665051
v 0.27966768 -0.20474119 -0.31082076
v -0.12830174 -0.33112329 0.46170413
v 0.63664132 0.01937877 0.01783979
v 0.37736517 0.14010078 0.28136364
v 0.60026795 -0.07637024 0.08008671
v -0.24244811 -0.34115344 0.10616711
v 0.42949829 -0.26811346 0.19621497
v -0.63452148 -0.01433668 -0.00944419
v 0.34088790 -0.22893484 -0.17163324
v 0.58242261 -0.05960661 0.02761900
v -0.31400576 0.34592876 0.08373579
v 0.64554489 0.09091876 0.02714455
v 0.33831146 -0.15779249 -0.26017499
v 0.17212051 -0.37253293 -0.22592005
v -0.40613845 0.26208153 -0.07148752
v 0.05474073 -0.34129804 0.50438857
v 0.56318724 -0.07172291 -0.08505842
v 0.50656474 -0.16254300 -0.15788502
v 0.59914923 -0.04694656 -0.06419101
v 0.61180711 0.00162865 0.01488802
v 0.58680397 -0.11957096 -0.07171088
v 0.48748824 -0.21084677 0.20389158
v 0.46917319 -0.13524486 -0.06851873
v -0.45224100 -0.21964240 -0.01626477
v 0.26602685 -0.32081610 -0.22462085
v -0.51226467 0.29871753 -0.01540328
v 0.38380724 -0.21481946 -0.08490510
v 0.62230140 0.02377823 0.02174455
v -0.72311193 0.15004754 0.01367395
v 0.57824230 -0.11524338 0.11019886
v 0.33152837 -0.28593868 -0.28787911
v -0.52403188 0.09754595 -0.26760688
v -0.09387460 0.07813631 -0.54203558
v -0.09856901 0.24806882 -0.40498865
v 0.46664280 -0.24818963 0.14581382
v -0.28693640 0.07873023 -0.49765751
v -0.19661380 0.35640028 0.06944945
v 0.65427750 0.07830909 -0.00944906
v -0.28652769 0.29599616 -0.10085399
v 0.39000779 -0.11227029 0.26129031
v -0.43209541 -0.10734755 -0.34415445
v 0.56145298 -0.14773849 0.09402770
v 0.57232457 -0.09326726 -0.06618446
v -0.61378706 0.04080376 -0.11637681
v -0.44824141 0.05349551 0.23869985
v 0.53700614 -0.14784221 0.08859324
v -0.47021848 -0.13585165 0.24620189
v 0.48841983 -0.08843140 -0.06307986
v -0.20379938 -0.29499835 0.30353317
v 0.67903870 0.05584845 -0.01837277
v 0.52002692 -0.11933331 -0.09401536
v 0.10908842 0.25383040 -0.39812914
v 0.65103000 0.02664205 0.00387955
v -0.31834516 0.32298988 -0.04751778
v 0.06589630 -0.29186159 0.54648608
v -0.58449471 0.25543553 -0.02376655
v -0.58850747 0.19948433 0.03295989
v 0.13603801 -0.32561591 0.51737630
v -0.14215693 -0.30644548 0.48588997
v -0.03171617 0.27361211 -0.40944809
v 0.21948534 -0.30853784 -0.27310756
v 0.51269579 -0.08190033 -0.03567013
v -0.14545515 0.22762178 -0.43706760
v 0.29421425 -0.31176829 0.17643964
v 0.36483473 -0.30437255 0.20272261
v -0.19542834 -0.30128777 0.18610093
v -0.08950734 0.31590533 -0.26885673
v 0.14153412 -0.30723295 0.53789037
v 0.59969580 0.00066725 0.03290097
v 0.66422945 0.06632140 -0.01628387
v 0.25624985 -0.17861800 -0.30853269
v -0.64505672 0.04539371 -0.03903911
v -0.37416264 0.33885130 -0.26342049
v 0.35498136 -0.12084624 -0.30417731
v -0.33151317 0.32264274 -0.21295506
v 0.01467847 0.40489468 0.05912134
v 0.58556443 0.04451500 0.02322604
v 0.23532535 -0.24197912 -0.30550617
v 0.08145353 -0.21193537 0.59816623
v 0.34776995 -0.24723190 -0.24347910
v 0.02280155 -0.18964984 0.58472008
v 0.02927399 0.22072688 -0.43751073
v 0.58446527 0.06173686 0.01478603
v 0.29089433 -0.33217221 0.01650435
v -0.14646602 -0.36723733 0.20389110
v -0.24828152 0.10236317 0.43981171
v -0.08807023 -0.32053748 -0.12369798
v 0.22308469 -0.30292112 0.29330236
v 0.02841228 0.22902876 -0.46140948
v 0.26985598 -0.31992650 -0.23727813
v 0.40705353 -0.26438513 -0.13915297
v -0.63065839 0.18871298 -0.05381528
v 0.24704812 -0.32215035 0.20268765
v 0.20028646 -0.28321040 0.49613398
v 0.54360175 -0.16397974 0.12718165
v 0.12084088 -0.28421336 -0.27113524
v 0.21441543 -0.19555935 -0.42184108
v 0.57457232 -0.11403173 0.08761454
v -0.10748789 -0.26454291 0.56479526
v 0.01404355 -0.39609563 0.43356082
v 0.00479418 -0.32181451 0.01756775
v 0.26020107 -0.29304928 -0.21215349
v -0.55384231 -0.16127703 0.13659188
v 0.50045156 -0.22770327 0.16799086
v -0.15599385 -0.10616939 0.49198142
v 0.58585429 -0.10555556 0.09387112
v 0.13897663 0.34677765 0.29010457
v 0.02641141 -0.20479052 0.58547008
v 0.66152966 0.09714550 -0.01262039
v 0.46837121 -0.23474604 0.15482688
v -0.03898673 -0.32893714 0.15413845
v 0.47345227 -0.23543143 0.21621591
v 0.47730714 -0.26113588 0.17703941
v 0.52652186 -0.15783548 -0.05174363
v 0.05522648 -0.32090637 0.00483769
v 0.40934855 0.14514983 -0.25047544
v 0.04342982 -0.33609203 0.50845075
v 0.07453261 -0.08063249 -0.56184900
v 0.38556689 -0.24199754 -0.08931760
v 0.28540903 0.05678511 -0.42296743
v -0.66864049 0.11348674 -0.03732819
v -0.13155803 0.22491261 -0.44215807
v 0.39568749 -0.20767361 -0.32362795
v -0.29842255 -0.28672433 0.32952929
v -0.17261457 0.32039151 -0.09525590
v 0.65111411 0.09279217 0.02170253
v 0.48807263 -0.17617068 -0.08457127
v -0.00316836 -0.26757497 -0.39592537
v 0.43562007 -0.26719660 -0.15504509
v -0.50536329 -0.18438441 -0.04475558
v -0.52777779 0.25155115 0.00212801
v 0.40901136 -0.05926827 -0.31841680
v 0.44015640 -0.17503342 0.26445824
v 0.57753861 -0.11449099 0.07123035
v 0.53038383 -0.18831834 0.07395190
v -0.14633241 0.32769829 -0.22609702
v 0.58122671 -0.10898840 0.07671899
v 0.15415138 -0.36773270 0.49941909
v 0.04010724 -0.25618523 -0.38578811
v 0.14585750 -0.03728878 -0.51282281
v -0.32966161 -0.29615659 0.15953550
v -0.60801482 0.17864069 -0.06713715
v 0.41777721 0.15207306 -0.23593184
v 0.08069438 -0.27603590 -0.30456316
v 0.60376215 0.04585066 -0.03191191
v 0.65531367 0.12051120 0.05617267
v 0.50231361 -0.21353850 0.14615864
v 0.27839169 -0.16129160 0.29172519
v 0.36366886 -0.19271767 -0.22357935
v 0.53977895 -0.16211011 -0.07098362
v 0.65452313 0.08239043 -0.01546293
v -0.50622296 -0.19162843 0.10775898
v 0.49985334 -0.13421044 -0.07531214
v -0.58604616 0.25180852 -0.03809166
v 0.13745543 -0.38048431 0.50641191
v -0.55947119 0.07983869 0.02504909
v -0.27445602 0.16392116 0.38957012
v 0.57950455 -0.13093483 0.08661109
v 0.09800452 -0.26457721 -0.34561864
v 0.62237275 0.04165471 -0.01008093
v 0.18335289 -0.38159919 0.48443460
v -0.43801931 -0.24646151 0.12939721
v -0.52508438 0.20688155 -0.08399521
v 0.65164489 0.03525601 -0.04348618
v -0.39349315 -0.21683390 0.27368748
v 0.10652584 0.14978215 -0.47878486
v -0.50229967 0.26582384 -0.10073036
v 0.58977240 -0.02551560 -0.00797571
v -0.26403877 -0.32654884 -0.01957613
v -0.03885901 0.27514243 -0.40912506
v -0.18105164 0.30756441 -0.31383371
v -0.26667240 0.30855212 0.13580841
v -0.43149129 -0.29896456 0.11533830
v 0.52624154 -0.21142429 0.14251745
v 0.39778629 -0.25426847 -0.27355182
v -0.26264444 -0.28748631 0.37222591
v 0.02815898 0.32743889 -0.22990313
v 0.28693214 -0.32017249 0.06015065
v 0.66724145 0.10236487 0.00926101
v -0.53184056 0.13896444 0.18476641
v 0.55487025 -0.12402934 0.08016580
v 0.41751081 0.18951319 0.22371268
v 0.59556115 -0.04833876 0.05424136
v -0.06287964 -0.32003796 0.49774635
v 0.47789022 -0.19128960 -0.19230191
v 0.66162497 0.09703892 0.00980198
v 0.21059942 -0.17134032 -0.46281743
v 0.56391573 -0.03534954 0.03330657
v -0.22767572 0.33980387 -0.06793625
v -0.18014359 0.15152736 0.50058436
v 0.11875430 -0.31875569 0.52746391
v 0.49629068 -0.13175163 -0.06165063
v 0.63177609 0.03670722 -0.01862235
v 0.44750211 -0.23475184 0.05809247
v 0.62801361 0.05033302 -0.01484793
v -0.59644002 0.11628509 0.12755290
v 0.56000882 -0.11192566 -0.01747115
v 0.67108166 0.09845173 -0.00377598
v 0.15774268 -0.35694963 0.51613545
v -0.27811411 -0.30561668 0.41008735
v 0.30306315 -0.26071230 -0.15565498
v -0.29366195 -0.15093306 -0.45163977
v 0.52516907 -0.15619704 -0.04165871
v 0.57385564 -0.07268301 -0.07107729
v 0.24518192 -0.30820966 0.46791604
v 0.65355742 0.06292598 -0.02814403
v -0.09895566 0.30345225 -0.37413609
v 0.55779523 -0.16093718 0.15537047
v 0.44375446 -0.20156676 -0.08243073
v 0.20880860 -0.11476710 -0.43995023
v 0.32179654 0.27074540 -0.13595361
v 0.60215461 0.01525999 0.00828663
v 0.65712464 0.12500203 -0.02025446
v 0.35370108 -0.28287381 -0.26405796
v 0.65923733 0.02611540 -0.00581667
v -0.67754352 0.19785345 -0.03610873
v 0.65027857 0.03803766 -0.00510564
v 0.09029471 -0.24849936 -0.43244523
v -0.08014697 -0.25911042 0.52253038
v -0.24079971 0.35123467 -0.16610506
v -0.39181903 -0.11793378 -0.40113163
v 0.61554575 0.04290883 -0.01947492
v 0.23160414 -0.31160069 -0.19617295
v 0.26223230 -0.25149560 -0.40977725
v -0.17824124 -0.35991341 0.10250279
v 0.04585534 -0.04168300 -0.54626489
v 0.49830639 -0.15161695 -0.17783123
v 0.50577182 -0.13432038 -0.12734568
v -0.32923692 -0.33727726 0.01599416
v -0.16081917 0.39954668 -0.27416348
v -0.23769172 -0.25591433 0.36315805
v -0.57476461 0.06007293 0.16576749
v 0.01663995 -0.24336986 -0.47076693
v -0.39147499 -0.23445359 0.16740996
v -0.63744670 0.16018070 0.01058701
v 0.16002700 -0.28187183 -0.15557244
v -0.11188489 -0.10444987 -0.49791029
v 0.21386701 -0.33135536 0.49684316
v -0.65155375 0.04607856 -0.03646753
v 0.01391149 -0.37314153 0.47488454
v -0.02289256 0.40317222 -0.00378320
v 0.63100201 0.06406604 0.03644918
v -0.07004392 -0.07662025 -0.51443839
v 0.65672958 0.05629717 0.01200807
v 0.47794008 -0.23492627 0.24557513
v 0.53983867 -0.16447073 0.15130782
v 0.67568320 0.07995094 -0.00186452
v -0.04645067 -0.10181752 -0.53058267
v 0.30203766 0.18805133 -0.38742983
v -0.13829306 -0.19564590 0.59440356
v 0.29788476 -0.32723403 0.03346631
v 0.38593584 -0.29740721 0.12416315
v -0.47153234 -0.24516964 -0.02253833
v 0.14713827 -0.23026301 -0.34727693
v 0.14073113 -0.19203576 -0.40894639
v 0.40870991 -0.26115748 0.09480917
v 0.14999497 -0.26220432 -0.39643571
v 0.02848342 -0.08758892 -0.57300776
v 0.17976281 -0.17672625 -0.40949348
v -0.15570186 -0.07822172 0.50751472
v 0.34687102 -0.27592885 -0.28321689
v 0.53773206 -0.13825083 -0.01465032
v 0.46980983 -0.23870471 0.28711051
v 0.65478462 0.05257744 -0.01979831
v -0.46235731 -0.19688055 -0.30661356
v -0.60319525 0.14139828 0.02068125
v -0.05638993 0.34510145 -0.10413630
v 0.19092824 -0.32392570 0.08241576
v -0.26385796 -0.07660767 -0.46703872
v -0.25786144 0.05960124 0.46110511
v -0.04590619 -0.22059268 -0.52513397
v 0.65827727 0.07448263 0.01069644
v 0.29513353 -0.30365384 -0.18810681
v 0.04056647 -0.29880142 -0.45458579
v 0.35283196 -0.19466445 -0.27269518
v 0.55873108 -0.08363537 -0.05906039
v 0.47956750 -0.25777152 0.09653372
v -0.13926914 -0.36810157 0.28298733
v 0.08433706 0.06421250 -0.52278674
v 0.11149436 -0.37157941 0.45125526
v 0.10475406 -0.16561864 -0.52119315
v 0.55733430 -0.16827714 0.10503316
v -0.23676497 -0.21274884 0.53491151
v 0.39927846 -0.27508116 -0.14975655
v 0.66754246 0.07572284 -0.00482392
v -0.32398325 -0.24714540 0.28809255
v 0.50981104 -0.06646244 -0.04209736
v -0.55515724 -0.17786525 0.12244242
v -0.23174739 -0.14605772 -0.51175445
v -0.01640147 0.25937599 -0.47531313
v 0.56607676 -0.14672986 0.12788546
v 0.57724464 -0.06398515 0.03547758
v 0.37860405 -0.29172510 0.08028322
v 0.43647587 -0.28902078 0.20416468
v -0.27176201 -0.08450350 -0.50196648
v -0.22530013 0.30422792 -0.24969855
v -0.03224206 0.25779137 -0.45182273
v -0.37778959 0.21276325 -0.36336899
v -0.31728327 -0.28741756 0.23586783
v -0.19183752 0.33083642 -0.11751339
v -0.28715545 0.02490972 0.48338670
v -0.36722454 -0.25697857 0.07035142
v -0.49500701 -0.22848210 0.03396052
v -0.56934273 0.20582697 -0.09265830
v -0.56913924 0.21900949 -0.12701103
v -0.05379775 0.31491953 -0.26799330
v 0.58432233 -0.06711839 0.04705486
v 0.53808457 -0.12244573 -0.03115216
v 0.30878019 -0.17042272 -0.29108554
v -0.56120503 -0.02773371 0.02275945
v 0.37129784 0.23644054 -0.17584124
v -0.13812819 -0.32866728 0.49797681
v 0.51152772 -0.16737449 -0.13438284
v 0.22473845 0.30896157 -0.12972254
v 0.00657716 -0.28882301 -0.38414815
v 0.28898251 -0.30570075 -0.21730202
v -0.15979390 -0.10019189 -0.50046593
v 0.58053392 0.08282951 0.01680565
v 0.41015837 -0.26176816 -0.14784282
v -0.57033789 -0.10508922 -0.10241830
v 0.47664931 -0.19645265 -0.21340662
v 0.62738007 -0.05098781 0.06803554
v -0.05988663 -0.33251575 0.46267125
v 0.48737639 -0.21066320 0.05468661
v -0.00303948 -0.38028413 0.45551965
v -0.07794178 -0.26026839 -0.48926604
v 0.56621963 -0.15114050 0.15323460
v -0.47163418 -0.16681981 0.24959043
v -0.14935753 -0.22356984 -0.41741478
v 0.55812079 -0.17222342 0.10845113
v 0.60471421 0.03772751 -0.02448380
v -0.47386667 0.18946978 -0.23110950
v 0.56786120 -0.01341355 0.00202200
v -0.53471780 -0.08191067 0.16052642
v 0.09754568 -0.25002694 0.58430666
v 0.48485982 -0.21569890 -0.10652426
v 0.58528149 -0.05815886 -0.05835047
v 0.09798026 -0.26175162 -0.38273227
v 0.14097175 -0.33778042 0.51897228
v -0.32141286 0.32352877 -0.03332254
v 0.56578523 -0.13135090 0.06777096
v 0.16230807 -0.36151043 0.15102670
v -0.63056850 0.21044379 -0.09256493
v -0.13310149 -0.22181103 -0.45174080
v -0.41463533 0.16312784 -0.38757125
v 0.42126429 -0.25958067 0.24226892
v -0.44529566 0.16333625 -0.28855589
v 0.66913772 0.08669257 -0.01111948
v 0.60034966 0.07641265 0.05152258
v 0.22989294 -0.34542358 0.44783491
v -0.60850269 0.01886880 0.01487380
v -0.01417392 0.12985459 -0.48758984
v -0.27029023 -0.29984236 0.24509953
v 0.20596313 -0.29749888 -0.27741683
v 0.07536870 0.04933253 -0.50228077
v 0.33019415 -0.24094453 -0.25962356
v 0.32784602 -0.11206308 0.37393165
v 0.16030884 -0.37396449 0.41022855
v 0.17218240 -0.30694193 -0.17573567
v 0.11433238 -0.38604024 0.47391230
v 0.08482322 -0.27015683 0.57141161
v 0.02350822 0.31633231 -0.39724737
v 0.58702576 0.07133342 0.02671686
v 0.10847582 0.34050590 0.05453522
v 0.52308881 -0.20658308 0.14529872
v 0.57545143 0.02365586 -0.03525168
v 0.42557764 -0.07906513 -0.23130110
v 0.40118968 -0.26924518 -0.21954560
v 0.21515393 -0.31420413 -0.25564840
v 0.46159291 -0.27822652 0.16207796
v -0.29940102 0.33149654 0.02672006
v 0.06535897 -0.31128430 -0.41202360
v 0.21088555 -0.34705952 0.51269060
v 0.59855086 0.10104116 0.03618433
v -0.57045442 0.19192907 -0.10086456
v -0.58871758 0.21546805 -0.05112502
v 0.11366060 0.36464426 0.20437224
v 0.53875631 -0.16710192 0.04540527
v 0.53749251 -0.18330932 0.09295312
v 0.49218982 -0.20706655 0.20528746
v -0.00591369 -0.23356295 -0.42303190
v -0.00779074 -0.34627360 0.51603127
v -0.56056124 0.17690459 -0.12751016
v 0.56109989 -0.14986841 0.11588049
v -0.22851342 -0.31649241 0.10923827
v 0.16824275 -0.36262649 0.49340343
v -0.51492387 0.25048593 -0.05081892
v -0.27546439 -0.29483527 0.23373136
v -0.28558961 -0.28635418 0.41353038
v 0.15123534 -0.38841093 0.46663535
v -0.06488386 0.01684398 0.56402832
v 0.23255110 -0.31856677 0.49213257
v -0.24038842 -0.29860741 0.38331842
v 0.53658044 -0.13994271 -0.10948876
v 0.59737587 -0.02933130 0.00637853
v 0.39769906 -0.29269019 0.11612773
v 0.56981790 -0.11318710 0.10202724
v -0.34293377 0.29803094 -0.01242606
v 0.36462015 -0.29748899 -0.15758446
v 0.05389124 0.05788332 -0.51938856
v 0.25524440 0.32436341 -0.05882331
v 0.43921930 -0.17062412 -0.12555885
v 0.03007003 -0.10893199 -0.50960237
v 0.54275310 -0.11906853 -0.04325086
v -0.10493210 -0.00212207 -0.53184402
v 0.48683339 -0.14572714 -0.15901068
v -0.27418146 -0.18924901 0.41487288
v 0.42312109 -0.23244265 0.01593580
v 0.47754964 -0.24146447 0.21407837
v 0.59724170 0.05265555 0.01011494
v -0.61942416 0.19118106 -0.06956553
v -0.13200369 0.00439733 0.51132351
v 0.08408607 -0.14690137 -0.47068232
v -0.17953171 -0.31778586 -0.26585093
v 0.62804872 0.09681009 0.04084763
v 0.38686496 -0.22310063 -0.18691126
v 0.25016698 -0.26105008 -0.41553527
v 0.54419208 -0.13277639 0.07330459
v -0.01852932 0.24878153 0.36520213
v 0.31531534 -0.31221867 0.13125601
v 0.60686487 -0.05740662 -0.04754138
v -0.41227436 0.19589686 0.23629802
v 0.57241225 -0.11213797 0.08898532
v -0.50240606 0.27521127 0.03559867
v -0.03055082 -0.18301573 -0.55880296
v 0.60090864 -0.08708053 0.06329256
v 0.47694993 -0.17229936 -0.12565175
v -0.44837010 0.17081240 0.19861299
v -0.01301557 -0.33306822 0.26571882
v 0.16121040 -0.36783972 0.46612674
v 0.09274770 -0.32915002 0.19946504
v -0.26313883 -0.32529855 0.01484668
v -0.21309800 -0.34390312 -0.16687810
v -0.40899286 0.27089795 -0.26967239
v -0.32076961 0.31414893 -0.07893169
v -0.54847813 0.11757518 0.16878788
v 0.53637350 -0.11960205 -0.10555860
v -0.01796925 0.17461422 -0.51783764
v 0.28056231 -0.27005413 -0.37302721
v 0.58488780 -0.11887515 -0.03168011
v 0.58008242 -0.04020619 0.00212520
v -0.50574058 -0.26237950 -0.06798619
v -0.06526954 -0.22644487 -0.50989634
v 0.45247871 0.18847665 -0.16300705
v 0.42458960 -0.22604218 -0.22672731
v -0.51663280 -0.09332657 0.05194539
v 0.40405035 -0.21155532 -0.09885119
v -0.08800000 -0.02650595 -0.53577721
v 0.30243999 -0.14871806 -0.45967391
v 0.59537798 0.06567557 0.02160156
v -0.05920872 -0.01933125 -0.53405601
v -0.50917166 0.23421821 -0.03077602
v 0.53907025 -0.17014927 0.16786706
v 0.05343402 -0.20904610 -0.41495612
v 0.66929221 0.07319707 0.00636244
v 0.64706373 0.05328223 -0.02764714
v 0.43743342 -0.25361076 0.11053240
v 0.16972215 -0.36452365 0.45318311
v 0.18060479 -0.37627053 -0.18556765
v -0.44570187 0.13453339 0.27652895
v 0.46466652 -0.21079299 -0.17427316
v 0.02541639 -0.11453840 -0.51602024
v -0.17993018 -0.12510841 0.53730297
v 0.26783052 -0.27587327 -0.23041105
v -0.39281788 0.07608169 -0.44435987
v 0.20045391 -0.22841100 -0.48036718
v 0.42097911 -0.29618227 0.09598529
v 0.30441087 -0.27965870 -0.30239493
v 0.58332676 0.00717701 0.07659610
v 0.42785344 -0.10957887 -0.15334475
v 0.16101515 -0.10334280 -0.52083248
v 0.47726953 -0.07760625 -0.12307722
v 0.52488559 -0.11103267 -0.16101030
v -0.39759845 0.11333258 0.33515310
v 0.47857946 -0.23479007 0.09268892
v 0.56905770 -0.01294335 -0.00767443
v 0.22574475 -0.31076378 -0.10487385
v 0.31789204 -0.37468508 0.41927180
v -0.24489039 0.30225402 -0.25779060
v 0.61667085 0.09298196 0.01495737
v -0.39832869 -0.19328764 0.17787516
v 0.64570683 0.03004770 0.00038081
v -0.31625232 0.26967448 -0.26334447
v 0.54262733 -0.14696200 0.11362332
v -0.46646833 0.28149599 -0.12148914
v -0.37628558 0.30308509 -0.05184075
v -0.12489614 0.07624286 -0.51570636
v 0.00108199 -0.07279912 -0.53009152
v 0.63592440 0.05001618 0.02869371
v 0.51682103 -0.07305834 -0.21107075
v -0.18969566 -0.22492588 -0.40790880
v 0.58347929 0.00590208 0.00177875
v 0.58861136 -0.05586664 0.03731304
v -0.39328200 0.19773665 -0.36511475
v -0.06966406 0.17558810 -0.49562919
v 0.58957744 -0.04657825 0.03993118
v 0.45863247 -0.11038151 -0.25839722
v -0.39027271 -0.10629463 -0.41769382
v 0.28940040 -0.39068907 0.43670586
v 0.52802157 -0.11315101 -0.06639802
v -0.33917373 0.18626550 0.26863509
v -0.02225344 -0.34568036 0.22894469
v 0.63412970 0.01171836 -0.02248326
v -0.04053636 -0.26571947 -0.34123787
v -0.12346076 -0.22816676 -0.41904968
v -0.65278447 0.16974247 -0.03249643
v 0.44914645 -0.17335474 -0.10806873
v 0.65833402 0.08875577 0.00462292
v 0.60526460 0.03242542 0.01979741
v -0.37465578 0.16268392 0.28991801
v 0.56664491 -0.15172575 0.12893599
v 0.00382923 -0.21907151 0.53954744
v 0.08034260 -0.34427223 0.16891089
v 0.10807496 -0.14932936 -0.52385509
v 0.05643216 -0.34737015 0.49948782
v 0.62275875 0.06852437 0.01409085
v 0.59459221 -0.10221493 -0.04851836
v 0.63263541 0.05067355 0.00772342
v 0.55564761 -0.17061397 0.08879274
v -0.53241557 0.23770958 -0.08712675
v 0.53866601 -0.12028436 -0.11887449
v 0.67314667 0.08601093 -0.00385320
v 0.11875573 -0.09591553 -0.54551232
v 0.58833838 0.05829401 0.02344812
v 0.04163045 -0.37253889 0.47190022
v 0.65399337 0.08281061 -0.00148582
v -0.07158742 -0.16901535 0.56070971
v 0.43833640 -0.25632992 -0.10722688
v -0.41701490 -0.24155855 -0.00329307
v 0.11404309 -0.32960239 -0.01196784
v 0.33191502 -0.10511076 -0.45765102
v 0.26674908 0.16442558 -0.36190557
v -0.07475504 -0.21567628 -0.44237971
v 0.24471232 -0.31563133 0.06355300
v 0.56295431 -0.17125420 0.11056077
v -0.55426788 0.22959843 -0.05203581
v -0.18254599 0.06958041 -0.53104460
v 0.58476567 -0.12793505 0.11626232
v -0.36661175 0.18608925 -0.40745303
v -0.52291334 -0.19148374 -0.07303604
v 0.07454780 0.28302288 0.34948754
v 0.43684632 -0.23108932 -0.16198339
v -0.14530568 -0.21841605 -0.49339363
v 0.17134714 0.10727660 0.47484958
v -0.72624010 0.08953497 -0.04342030
v 0.35189050 -0.26754698 -0.15125561
v 0.57256913 -0.00136485 0.03283715
v 0.05089971 0.36970001 0.08917972
v 0.41638237 -0.26799294 0.15112659
v 0.59082407 -0.11397103 0.06446677
v 0.02302784 -0.35396171 0.47939819
v 0.33346438 -0.21814072 -0.18123616
v -0.30651122 -0.28146157 -0.13362443
v -0.32814169 -0.29914495 0.22863644
v 0.09981360 -0.34373686 0.20103091
v 0.35985392 -0.23279107 -0.34322214
v 0.59992599 0.01923523 0.01624581
v -0.32000667 0.17284988 0.36899117
v 0.06368357 -0.15695333 -0.49028254
v -0.60287952 0.23380700 -0.01859063
v 0.45388573 -0.24057151 0.08909515
v -0.06526169 -0.33154437 0.23982511
v 0.55355197 -0.08640166 0.02978275
v 0.50699592 -0.20337662 0.19953650
v 0.58213729 -0.13248533 0.08255213
v -0.02617097 -0.01760617 -0.52316755
v -0.09934010 -0.32095706 0.48265544
v -0.52956522 0.21632054 -0.11369860
v -0.56868166 0.19933218 -0.09055123
v -0.06252293 -0.36711317 0.41972053
v 0.46228477 -0.19345158 -0.20170982
v -0.12091345 -0.00484464 0.49831790
v 0.46720648 -0.09051259 0.22769658
v 0.67206341 0.11106354 -0.00566092
v 0.58767283 -0.02606732 -0.02617049
v 0.00840724 0.33289766 0.31042445
v 0.23689219 -0.34817255 0.49949792
v 0.65643615 0.06070361 -0.02544007
v 0.35454330 -0.28439021 -0.21940166
v 0.09330171 -0.12258241 -0.55055797
v 0.62387002 0.02071926 -0.02830473
v -0.24360937 0.12574647 0.40624988
v -0.02766132 0.26734906 -0.32004759
v 0.24011123 -0.23994017 -0.30085269
v 0.58964515 -0.07749553 0.07661474
v 0.07493562 -0.27510333 -0.30555737
v -0.45261028 -0.11917639 0.09452513
v 0.10892167 -0.27304453 -0.33773255
v 0.10836351 -0.31728727 -0.36777523
v 0.49817443 -0.21861918 0.20980698
v 0.52345091 -0.16338730 -0.02847043
v -0.05633658 -0.32629031 0.47778207
v -0.42355946 -0.19702995 0.16907707
v -0.22629517 0.29659292 -0.22550759
v 0.54253471 -0.15373108 0.05978146
v 0.38559341 -0.22571047 -0.28989998
v -0.10679278 0.35124338 -0.16756952
v 0.26142102 -0.30431679 -0.26440808
v 0.04601042 -0.27941853 -0.35735101
v 0.60487187 0.00875297 -0.02049953
v 0.01087615 -0.07792749 0.56654847
v 0.58586293 0.01954529 -0.02401489
v -0.65881777 -0.00333795 -0.03387990
v 0.66003191 0.09584492 -0.03411660
v 0.54890537 -0.15147060 0.14484590
v 0.33101869 -0.15552923 -0.28130254
v 0.16276830 -0.16318879 -0.48938394
v -0.16273765 0.37509403 -0.10965869
v -0.19784127 -0.24857514 0.54766524
v -0.15666157 0.14580232 -0.49712631
v 0.59185010 0.06281158 0.03255439
v 0.48605844 -0.20412880 -0.16614088
v -0.55936813 0.11804789 -0.19061247
v 0.02350855 -0.23471266 0.59968495
v 0.56930113 -0.11805702 0.09963143
v -0.51725012 0.05248325 0.15900621
v 0.32804596 -0.16084264 -0.26632658
v -0.57279259 -0.05042678 0.08064841
v 0.48249030 -0.16824102 -0.19098061
v -0.00212805 -0.19831038 -0.47682196
v 0.64640522 0.06254275 0.00885455
v 0.38141307 -0.27456409 0.20777428
v -0.19540899 -0.18977135 -0.49443346
v -0.48397073 -0.18267384 -0.00963330
v 0.59473765 0.01546504 0.04829876
v -0.19449431 -0.22913083 0.47778863
v 0.43991360 -0.21665117 -0.02118650
v 0.59749717 0.10630041 0.02316061
v 0.45874813 -0.14021192 -0.09531787
v -0.00775082 -0.31154877 0.28332669
v 0.09365213 -0.16704136 -0.49488810
v 0.60320997 -0.06304999 0.07161677
v 0.15241876 -0.30503532 -0.01114277
v 0.65083748 0.04430594 0.03664209
v -0.58113623 0.20160362 0.01045074
v 0.24773476 -0.33234051 0.23429364
v 0.32175454 -0.28914392 -0.14251989
v 0.54090571 -0.13317555 -0.07101294
v 0.50525928 -0.21243332 0.20901281
v -0.41231209 0.30356026 -0.05672735
v 0.56194133 -0.11758932 -0.08970061
v 0.51473564 -0.16593455 -0.14264843
v -0.07660025 -0.12246464 0.57771599
v -0.01708059 -0.26287964 -0.38284436
v 0.16402419 -0.38351637 0.43584985
v 0.61632699 0.07667618 0.01530209
v 0.26250744 0.29047781 -0.11346656
v -0.48975813 0.21733643 0.16651815
v -0.16821830 -0.31155500 0.38424358
v -0.52691329 0.08337386 0.06518757
v 0.00578487 -0.23963410 0.58376950
v 0.41977617 -0.27277386 0.15572676
v 0.19405471 -0.11052373 -0.51282734
v 0.49286681 -0.14358383 -0.22484109
v 0.64692438 -0.02836469 -0.04525848
v -0.47473109 0.29645234 -0.10353804
v 0.23804300 -0.11012863 -0.48537210
v 0.58819628 -0.02988216 -0.00097342
v 0.21139941 -0.26823270 -0.42118421
v 0.22726110 -0.32649103 -0.18144304
v 0.59153980 0.04313310 0.01205996
v 0.31310728 -0.34193510 0.44401073
v -0.16160440 0.28605241 -0.38298947
v 0.16198155 -0.16466428 -0.41122600
v 0.51535010 -0.19889998 0.20433396
v 0.50718272 -0.21933502 0.16348147
v -0.17372704 0.28589755 -0.28239736
v 0.39554596 -0.25306830 0.08822919
v 0.63480848 0.04350287 0.02185571
v 0.51689917 -0.14150344 -0.01560152
v 0.38717046 -0.28823912 -0.17443198
v -0.49571341 0.27018657 -0.12003782
v 0.39352047 -0.32696339 0.25777358
v -0.31030792 0.31027570 0.01475155
v 0.58617043 -0.04720771 0.05130494
v 0.57768738 -0.11517240 0.08385658
v 0.37430003 -0.28742984 0.41618675
v -0.31571236 -0.25972965 -0.17760706
v 0.53321832 -0.13219500 0.12234718
v 0.00906971 0.35962677 -0.22418666
v 0.12607914 -0.29721245 -0.38150856
v 0.09328431 -0.36247236 0.50482529
v 0.63323069 0.01538229 -0.02497202
v 0.62984252 0.06902282 -0.01308393
v 0.11348765 -0.37189478 0.45427948
v 0.56130213 -0.04861898 -0.17968616
v 0.62506771 0.01869538 0.01045725
v 0.36351880 -0.16490561 -0.35888377
v 0.60243809 0.05929825 0.03052382
v -0.34127942 0.35488239 -0.34034050
v 0.65179449 0.06745517 -0.00824547
v 0.43611622 -0.23474367 -0.18087605
v -0.19883826 0.13920423 0.48102611
v 0.03810419 0.40191782 0.05188239
v -0.19982475 -0.17453872 0.42951882
v -0.03428423 0.35564291 -0.05170746
v -0.34584329 0.29382664 -0.12030730
v 0.64037848 0.00669861 -0.03314096
v 0.43552434 -0.23316187 -0.17517021
v 0.59629941 0.01645403 0.03494117
v -0.40481746 0.04152882 -0.42902833
v 0.46174896 -0.27202672 0.24763161
v 0.34625998 -0.09718827 -0.45336002
v 0.10557741 -0.34111547 0.51331490
v 0.57444048 -0.14712578 0.10564584
v 0.64569443 0.05860296 -0.00839287
v -0.50393641 -0.22788820 0.01960450
v 0.47887081 -0.23196416 0.23295283
v 0.54210484 -0.11466846 -0.07421719
v -0.57096839 -0.07118875 0.10175941
v 0.13892448 -0.38028580 0.47814205
v 0.53383720 -0.18777865 -0.05588409
v 0.42869443 -0.25928515 -0.17590800
v 0.33396155 -0.22918594 -0.18383783
v 0.45350498 -0.19575480 -0.08832419
v 0.33984035 -0.30503562 -0.12013280
v -0.03516212 0.05641596 -0.53117824
v 0.17488742 -0.33006001 0.48353055
v 0.60716271 -0.04862454 0.06204021
v -0.03156890 -0.26092064 -0.44071841
v -0.09190455 0.12143463 -0.54449534
v 0.53970939 -0.08149803 -0.02519843
v -0.06394088 0.05251238 -0.51730555
v -0.30128604 -0.22904208 0.48458311
v -0.14194651 -0.08617759 -0.51190728
v 0.34632945 -0.31362069 0.23180494
v 0.63084817 0.03479555 -0.00135779
v 0.57934761 -0.13874957 0.10353321
v -0.23845372 -0.03301497 0.48845774
v 0.61083245 0.00071213 -0.01316592
v -0.00656843 0.17829472 -0.47053626
v 0.47981697 -0.12490903 -0.12766919
v -0.57938045 0.14103216 -0.07173124
v 0.43521643 -0.25272936 -0.20286712
v 0.24086086 -0.28509343 -0.32814243
v 0.21693799 -0.38253427 0.43384239
v 0.22927716 -0.31948745 0.50111520
v 0.59972763 0.04878336 -0.04346803
v 0.57729065 -0.10393066 0.08266079
v -0.03447840 -0.23946090 0.54535568
v 0.56966180 0.22248752 0.01900528
v -0.47922632 0.21218610 -0.23742077
v 0.62637365 0.07033300 0.03334367
v 0.56679928 -0.07818335 -0.10299414
v 0.62677699 0.01636870 -0.00319055
v 0.21028225 -0.32301509 0.16723737
v -0.21523640 -0.23441447 -0.38177970
v 0.50080907 -0.11985141 -0.19961363
v 0.48858911 -0.25844216 0.11398095
v 0.14751163 -0.35053873 0.50212473
v -0.20156276 -0.25164360 0.47360229
v 0.57589066 -0.10462192 0.08109653
v 0.21577345 -0.38033366 0.40243837
v 0.57770520 -0.05806965 -0.09506117
v 0.42044833 -0.12956181 -0.13645640
v -0.52962786 -0.10401511 0.04951534
v 0.04805696 0.22838746 -0.42226017
v -0.11851421 -0.13977470 -0.51109427
v -0.20487109 0.29182026 -0.27402121
v 0.17339230 -0.36092767 0.49276412
v -0.13829736 -0.33799416 0.47696462
v 0.60217714 -0.06767685 0.04889834
v -0.06337786 -0.26797366 0.57225084
v 0.58574605 -0.10551487 0.07852077
v 0.15885824 -0.38773149 0.46446341
v 0.11163855 -0.21836264 0.58904254
v 0.05754913 -0.30140430 -0.42014697
v 0.48786321 -0.17777118 -0.16360712
v 0.67271006 0.06924632 0.00508854
v 0.21733698 -0.32237044 0.23602122
v 0.65890783 0.07682365 0.02563670
v 0.49279317 -0.15335888 -0.13162410
v -0.28098273 -0.28244093 -0.27834457
v -0.53460550 0.25127095 -0.05056277
v -0.05376551 -0.02227241 -0.55956239
v -0.16315269 0.32194126 -0.22108111
v 0.44987065 -0.22247474 -0.13451380
v -0.24777964 0.11035363 0.47613838
v -0.50200814 0.09285912 -0.26545736
v 0.57281208 -0.02760992 0.00333232
v -0.41430491 0.04066762 -0.35448065
v -0.42464346 0.07500896 -0.38161111
v 0.49201918 -0.16342363 -0.04295707
v -0.10364729 -0.33796901 0.24429822
v 0.08366481 -0.13887632 -0.45695153
v -0.02638891 -0.30231291 0.53402960
v -0.40849656 0.29746225 -0.18237111
v 0.24917263 -0.29668772 0.54981124
v 0.54002351 -0.13406780 -0.08928962
v 0.00381498 -0.32158339 -0.11950159
v 0.50901538 -0.13450488 -0.15307307
v 0.05945414 0.18872404 -0.47881052
v -0.34843186 0.29984751 -0.12217426
v 0.54809117 -0.09894328 -0.05552155
v -0.30712235 0.30095002 -0.13788691
v -0.01465122 -0.21827073 -0.44293901
v 0.61644179 0.04428250 0.03473835
v 0.45689458 -0.28193533 0.18482831
v 0.65991592 0.04568232 0.02135158
v -0.52244753 -0.17162460 -0.11117868
v 0.53763390 -0.16218404 0.05206728
v 0.49276859 -0.19454142 0.10812593
v 0.63446063 0.05452289 0.04082076
v -0.09673013 0.03710769 0.51013488
v 0.09265304 0.15399916 -0.47763616
v -0.52431911 0.14696684 0.09346947
v -0.32407182 0.31951839 -0.04097998
v -0.15201434 -0.14384452 0.54881376
v 0.67367375 0.09662649 0.00515258
v -0.53071672 0.16745879 -0.22289592
v 0.61804914 0.01883492 0.04787627
v 0.35352775 -0.31134412 0.16019398
v -0.64427072 0.04579559 -0.08872335
v 0.27116233 -0.15100816 -0.47389454
v 0.12122028 -0.37020177 0.45042479
v 0.49905151 -0.22166127 0.21877533
v 0.14527971 -0.32544228 0.19130677
v 0.58079970 0.04708352 -0.00914851
v 0.58126205 -0.09305355 0.06641686
v 0.01120502 -0.39111549 0.44207990
v 0.10168293 -0.32125130 -0.38805968
v 0.60619617 0.05017839 0.02784325
v 0.59334636 -0.10144606 -0.02329135
v 0.58169049 -0.12544346 0.10575300
v 0.00794624 -0.38456458 0.44510132
v 0.42486712 -0.25784722 -0.12956667
v 0.39255774 -0.22669189 -0.21106023
v -0.62534809 -0.02694166 -0.24654001
v 0.22879821 -0.33774170 0.03883300
v 0.08986372 -0.31590134 0.54524100
v 0.34823465 -0.29784232 -0.26235467
v 0.11028129 -0.25607014 0.56730437
v -0.15773645 0.32692426 -0.13930413
v -0.20087165 -0.30400091 0.37339246
v 0.37811583 -0.10328871 -0.37672344
v -0.38179862 -0.21884042 0.13724914
v 0.47790599 -0.13579088 -0.08863536
v 0.62802190 0.09505095 0.05303413
v 0.61677814 -0.04452871 0.04726851
v 0.56903642 -0.09897527 -0.06065248
v 0.35514838 -0.28896695 0.19618234
v -0.59780169 0.08512729 -0.19034389
v -0.52184165 0.23880723 -0.10019052
v 0.27264798 0.19718251 0.29804999
v 0.06828153 -0.29424769 0.54436272
v 0.66955942 0.07763728 0.03340319
v 0.66220850 0.05765224 -0.01699892
v 0.46904776 -0.20818782 -0.11476782
v 0.54304916 -0.12850070 -0.07052067
v 0.06858292 -0.04134947 -0.54636902
v 0.60628593 -0.05023304 0.04313153
v 0.55799878 -0.18279731 0.10608566
v 0.09941252 -0.30247051 -0.24517459
v 0.03145838 -0.14888027 -0.50482398
v 0.08362550 0.31142142 -0.33843201
v -0.27549064 -0.13258871 -0.48784941
v -0.40802497 0.23403856 -0.36228183
v 0.65761781 0.08028143 0.00203696
v 0.07043046 -0.16421217 0.59422648
v -0.48392132 0.12830397 -0.29680789
v -0.33037221 -0.28848004 -0.16649181
v -0.24651730 -0.27316266 -0.27295604
v -0.35656482 0.04899243 -0.46047369
v -0.51094878 0.26952928 0.01981668
v 0.51627976 -0.02655709 -0.08540329
v -0.35672480 -0.15192014 -0.42933139
v -0.44043291 0.28149831 -0.15926173
v -0.11242563 0.23527761 -0.45968428
v -0.60699379 -0.01819426 -0.08271295
v -0.05398500 -0.25074998 -0.48621419
v 0.63243359 0.03473991 -0.02056509
v 0.00217319 -0.26933104 0.59008050
v 0.22158350 -0.34733003 0.20989022
v 0.30498642 -0.26260424 -0.21513543
v 0.17144413 -0.28134394 -0.15531603
v -0.03473054 -0.31633222 0.00922662
v -0.05586893 -0.19805104 -0.51608151
v -0.06517367 -0.32522434 0.51402307
v -0.29839748 -0.08859029 0.46277639
v 0.57442868 -0.15139093 0.08613199
v 0.46277964 -0.24437134 0.24503422
v 0.60177231 0.04066436 0.03636931
v 0.43258065 -0.23192675 -0.20476425
v -0.18290123 0.14586128 0.43506482
v -0.09058741 -0.28218019 0.54612106
v -0.17412622 -0.30480611 0.36882424
v 0.56435370 -0.11196148 0.10784477
v 0.56704926 0.00683346 -0.02758831
v 0.01315659 -0.13562605 -0.52701759
v -0.41830742 0.23150937 0.16465046
v 0.55927205 -0.14036101 0.11463279
v 0.61396778 0.03325066 0.00235201
v -0.04149592 0.26290774 -0.42881235
v 0.21500415 -0.36406821 0.46699110
v -0.18515232 -0.21600926 -0.42639586
v -0.28213051 0.33141023 -0.10511008
v 0.59130782 -0.00787796 0.05325094
v 0.64101261 0.04796188 0.00125766
v 0.63459545 0.04425533 0.04476915
v 0.59841943 0.05095522 -0.01807785
v 0.78273314 0.21843174 0.03695647
v 0.59642065 -0.05137067 0.00956279
v 0.64542955 0.03950627 0.01441020
v 0.01185054 0.26144084 -0.41278690
v -0.16800138 0.26695776 0.29920387
v 0.61465073 0.01771494 0.01251332
v 0.58144903 0.04547609 0.01927960
v 0.27824745 -0.31031188 0.48611075
v -0.21668194 -0.19124010 -0.47098348
v 0.60661542 0.09208404 -0.02734044
v -0.12781353 0.34154621 0.00545067
v 0.42452133 -0.27018213 -0.15332580
v -0.44316557 0.28377995 -0.05250683
v -0.03298593 0.17620242 -0.46446395
v -0.15050425 -0.26452982 0.54697418
v 0.49497229 -0.18725145 -0.15503529
v -0.09550725 0.19170880 0.41205174
v -0.54361856 0.14944845 0.15789053
v 0.20612042 -0.27494937 -0.23089069
v 0.63528585 0.01162522 -0.00000921
v 0.54694146 -0.18366188 0.11959153
v 0.58229184 -0.05938021 0.03691140
v -0.34104872 -0.33475146 0.07770285
v 0.40689471 -0.10994975 -0.22434497
v -0.07098708 0.28958908 -0.33775705
v -0.04364577 0.24229807 -0.42961574
v -0.36830911 0.29035228 -0.11327314
v 0.54241604 -0.15532503 -0.07753837
v 0.62315869 0.02070208 -0.00985429
v 0.06605101 -0.22326110 -0.48311841
v -0.12509537 0.35314310 0.11253642
v 0.10219222 -0.27830595 -0.33332330
v 0.47271472 -0.23393631 0.22647482
v -0.56414670 0.24351737 -0.02182159
v 0.54297131 -0.15997224 0.12726581
v 0.08739281 -0.29656237 -0.42668951
v 0.58505213 0.03248217 0.01690327
v 0.26961488 -0.30130208 -0.31819105
v -0.23124981 0.33295330 -0.03926242
v 0.33530903 0.26232883 -0.19107731
v 0.60475689 -0.00582636 -0.00087385
v -0.33406848 0.23101021 0.27731982
v 0.46591914 -0.23708495 0.23102671
v 0.19119166 -0.38054305 0.42829669
v 0.59545594 0.07339565 0.04682276
v 0.51517773 -0.08339906 -0.08212069
v 0.38613468 -0.27387697 -0.19570571
v -0.22793907 -0.30192608 -0.16547015
v 0.25689840 -0.25940877 -0.24341890
v 0.46684748 -0.25984207 0.18553758
v 0.37228096 -0.30628115 0.22327098
v -0.48197198 -0.04223581 0.18390398
v 0.55588913 -0.14146549 -0.07499322
v 0.14442927 -0.25974989 -0.48332059
v 0.02099438 -0.38380635 0.42935693
v -0.60766315 0.05207112 -0.03834312
v -0.16516520 -0.26828384 0.48306608
v 0.03256953 0.20778757 -0.47568688
v 0.19815060 -0.23497105 -0.34686518
v -0.13704893 -0.01645395 0.54465294
v 0.00275281 -0.23359065 0.58750713
v 0.58358818 -0.12816224 -0.04196402
v 0.49653918 -0.24372348 0.13282168
v -0.28042132 0.09368488 -0.51095986
v 0.65100312 0.09881759 0.00456011
v 0.51620340 -0.17026919 -0.04825062
v -0.19850838 0.27691340 -0.34023881
v 0.67668611 0.06713358 -0.02098417
v 0.56631500 -0.05491065 -0.00988987
v 0.40474239 -0.28264064 -0.13804498
v -0.19564286 -0.19581592 0.54536164
v 0.19349436 -0.39314219 0.41748220
v -0.08203621 -0.33648977 -0.26246625
v 0.60228378 -0.00934633 0.01526836
v 0.68050182 0.10234037 -0.00387377
v 0.52548462 -0.09535408 0.00163718
v 0.57499152 -0.09800979 -0.05220860
v 0.67049307 0.12306917 -0.01826555
v 0.01551539 0.34753612 -0.24504940
v 0.56475520 -0.12791935 0.09715611
v 0.65343851 0.06301650 -0.00850144
v 0.56783617 -0.13211752 0.09886861
v 0.35342842 -0.26194909 0.44433671
v -0.14203870 -0.21334171 0.58048683
v -0.49287194 0.17038178 -0.12707324
v 0.20445113 0.09754476 -0.46700120
v -0.11771196 -0.14492945 -0.50454742
v 0.42591366 -0.17756610 0.22845495
v 0.64202243 0.07740180 -0.00148986
v 0.37484711 -0.27422100 -0.20711771
v -0.30943766 0.39496732 -0.05878714
v -0.28524262 0.13356403 0.36480558
v -0.32186577 -0.24070054 0.44266185
v 0.45907807 -0.25342911 0.17167917
v -0.31932178 0.25427771 -0.23501551
v 0.50442827 -0.10296045 -0.01186748
v 0.12165339 -0.22073546 -0.53737313
v 0.60184848 0.02013689 0.01766139
v -0.13199796 -0.20631748 -0.45831949
v 0.18993491 -0.27726871 -0.32902950
v -0.53711367 0.25479549 -0.08963346
v 0.59017134 -0.10291621 -0.00461745
v -0.12325093 0.31799436 -0.28532979
v -0.08517275 -0.23939365 -0.42968726
v 0.55897492 -0.15618271 0.09663552
v -0.10629440 -0.06845051 -0.55394840
v 0.59052438 -0.01917245 0.02261600
v 0.58617812 -0.07825375 -0.04241312
v 0.00502747 0.37577343 -0.24198468
v -0.02520180 0.11500382 -0.50039613
v -0.52247971 0.12901151 -0.20225161
v 0.58483368 -0.07621561 0.07509267
v 0.29688084 -0.22004041 -0.24101377
v -0.64803892 0.12210809 0.07412110
v 0.22002584 -0.37550279 0.44102937
v -0.26967967 -0.23694441 0.43743834
v -0.21332750 -0.33019903 -0.19016202
v 0.00637725 0.25021499 -0.45330584
v -0.20197371 -0.30118263 0.45878240
v -0.44919762 -0.17538318 0.09847873
v 0.10013628 -0.20450154 -0.50154513
v -0.55147535 0.23485225 -0.04853296
v 0.55366206 -0.13056971 0.05772302
v 0.25108638 -0.32053906 0.01505756
v 0.47559500 -0.06446603 -0.14215550
v 0.55373824 -0.12420522 0.04372907
v 0.10290676 -0.19084421 -0.41917595
v -0.00523770 0.17739232 -0.47233260
v 0.29115650 -0.31545430 0.42345431
v -0.54362756 0.25457752 -0.05456564
v 0.09861654 -0.20975038 -0.40097308
v -0.08359905 -0.37405771 0.44984233
v 0.34413779 -0.29777044 -0.14304352
v 0.29688790 -0.23567350 -0.25923097
v 0.07174715 -0.24806952 -0.44567686
v -0.49408749 -0.01748796 0.15473197
v -0.46884394 0.27751207 -0.11277023
v 0.59581810 -0.04028922 0.01261538
v 0.54834706 -0.15467076 -0.07346451
v -0.30214113 0.17994824 0.35287583
v 0.62644881 0.03927396 -0.02461368
v -0.23545848 -0.30074885 0.45587885
v 0.63597983 0.10844433 0.02334666
v -0.47104236 -0.12862152 -0.36490959
v 0.08419168 -0.35714591 0.53620368
v 0.00801241 -0.20088115 -0.48930818
v 0.43120000 -0.16860786 -0.23852392
v 0.62564588 0.03845230 0.02918920
v -0.54741502 0.15376520 0.12843543
v -0.46246323 -0.19713038 0.09402668
v -0.23198952 -0.29680407 0.35565570
v 0.41695631 -0.23667637 -0.17548290
v -0.06242210 0.04270640 -0.51567876
v 0.16109809 -0.37350130 0.49793825
v 0.66122293 0.07875481 0.05775957
v 0.36149707 0.06487165 -0.36366928
v 0.48699442 -0.18125957 -0.17185944
v 0.60632980 -0.08432870 0.06256372
v 0.21670991 -0.29341823 0.54690611
v 0.13214442 -0.19330323 -0.48763001
v 0.41135865 -0.23675570 -0.24019706
v 0.17432952 -0.30051869 -0.31037381
v 0.55988300 -0.13177314 -0.05688259
v 0.40154925 -0.28082779 0.17642015
v 0.47564736 -0.12304890 -0.22549048
v -0.53533506 0.20893097 -0.06387195
v -0.00011617 -0.07728800 -0.51447356
v 0.37891370 -0.28911752 0.12037909
v 0.52024996 -0.17478889 -0.07904097
v 0.47626892 -0.22903360 0.07703912
v -0.08299612 -0.28957376 0.33210993
v 0.15756422 -0.34193432 0.24339312
v -0.45012134 -0.16731876 -0.35407642
v 0.14663310 -0.03979170 -0.49831426
v 0.65782219 0.11276865 0.01566511
v -0.55927289 0.24314752 -0.02462077
v -0.34336123 -0.02461889 -0.45424351
v 0.31554487 -0.34724408 0.09142095
v 0.51829219 -0.14323461 -0.12665868
v 0.64574784 0.01884922 0.04298192
v 0.49812269 -0.18225732 -0.15301338
v -0.40648302 -0.04683846 0.41757768
v 0.10983369 -0.39207435 0.42407691
v -0.33771262 -0.24866539 0.23472929
v 0.59840232 0.04107149 0.03439622
v -0.60464019 -0.00056273 -0.01692177
v 0.67361635 0.08153668 0.02689266
v 0.16893652 -0.32532030 -0.10279532
v 0.17107540 0.23321867 -0.39017427
v 0.49660784 -0.23106439 0.22646701
v 0.49820170 -0.17013070 -0.07896590
v -0.39040598 0.04139606 0.42370844
v 0.40696543 -0.13577679 -0.20468006
v -0.20476174 -0.29111320 0.37644291
v 0.49049398 -0.13366006 -0.20502564
v 0.51212442 -0.16818753 0.05058405
v -0.01741730 -0.26215661 -0.37240833
v 0.47867617 -0.12346664 -0.24033248
v 0.52268040 -0.18090439 0.23455167
v -0.49728286 0.27060720 -0.04283378
v -0.63477385 0.22486299 0.01209596
v 0.66169876 0.10200554 0.03402850
v 0.72355372 0.11888696 -0.01627804
v -0.01010209 0.12940283 -0.51816750
v -0.01159248 -0.31446591 0.50353950
v 0.22873241 -0.34525526 0.49545771
v 0.04310495 -0.05156735 -0.52398813
v 0.30539471 -0.27765638 -0.28801069
v 0.31173819 -0.28712571 -0.24030095
v 0.62456387 0.04315798 0.04003060
v 0.54049349 -0.12514177 -0.13839746
v 0.00468653 -0.15084758 0.59349442
v 0.66961330 0.09132344 0.04800397
v 0.21178170 -0.29101282 -0.04344955
v -0.43217409 0.05890691 -0.37062794
v 0.47740352 -0.23948136 0.11228821
v 0.52912700 -0.06043166 -0.01405559
v 0.66898322 0.05569761 0.02657849
v -0.46803543 0.06174612 -0.34494674
v 0.68632585 0.07636496 0.03763568
v -0.09528375 0.05921909 -0.53097779
v 0.57553011 -0.07149351 -0.06770918
v 0.07425448 -0.02413690 -0.52913165
v -0.48552230 -0.13087130 -0.25925156
v 0.56537068 -0.13335854 0.11430377
v 0.13844126 -0.34044722 0.25294486
v -0.57961297 0.12877247 -0.05576780
v -0.31068286 -0.10502264 -0.49330929
v 0.28667289 -0.37795943 0.47638190
v -0.02943407 -0.37041473 0.44291574
v -0.52736986 0.22378927 -0.14479211
v 0.40812927 -0.24425769 -0.22928485
v 0.60604322 -0.02421221 0.00996533
v 0.65957862 0.06488931 -0.01386270
v 0.60225737 -0.00854321 -0.00087920
v 0.58103132 -0.09871680 0.07745552
v 0.09153329 -0.34444770 0.19287413
v 0.57552087 -0.00300484 0.05324931
v 0.41042504 -0.27409136 0.04285204
v 0.46268842 -0.22932726 0.15385300
v 0.47608998 -0.16623028 -0.10496601
v -0.43700787 -0.02191767 -0.40051070
v -0.05071837 0.17920738 -0.46659467
v -0.43811673 0.09986666 -0.33530197
v 0.59111506 0.03489700 0.06420544
v 0.14948831 -0.32341480 -0.32200500
v -0.06881884 0.13747796 -0.50845146
v 0.58524406 -0.10941808 0.00215437
v 0.37684500 -0.31140938 0.14255682
v -0.33378312 0.30884218 -0.06500900
v 0.18824889 -0.28831047 0.51943457
v -0.25119168 -0.30134165 0.09912881
v 0.51941818 -0.17164029 -0.10940012
v 0.29968771 -0.35219267 0.43712437
v -0.00369918 -0.01149534 0.56252891
v 0.60584581 0.06507121 -0.12184725
v -0.12228060 0.35218880 -0.05836705
v 0.64111215 0.02631444 -0.03183049
v 0.21800497 -0.23326832 0.42419311
v 0.08100894 -0.03512561 -0.54441166
v 0.57437587 -0.12830472 0.13515955
v -0.27451080 0.33312500 -0.10335615
v 0.27341372 -0.31179833 -0.25956112
v 0.09090386 -0.28662276 0.45116571
v 0.52457917 -0.13427106 -0.07481325
v -0.55916333 0.21859175 -0.07480124
v 0.30351812 -0.31707233 0.47548923
v 0.71186817 0.10272159 0.00543866
v -0.47966069 0.07177340 0.29394019
v -0.52910453 -0.00811532 -0.33931109
v -0.52491528 0.11317510 0.21968517
v -0.24518201 0.26853517 -0.36279047
v 0.32609460 -0.00364678 -0.45190287
v 0.02086785 -0.23348764 0.58606732
v 0.30910116 -0.30878747 0.44802833
v -0.24010515 -0.30350420 0.27737081
v 0.56256044 -0.12922542 0.10255820
v -0.23768444 0.05877721 -0.54798090
v 0.07231909 -0.38984036 0.41232976
v -0.38264757 0.30648088 -0.02133131
v 0.29044655 -0.31165195 -0.16247308
v 0.60475564 -0.04604989 0.02631009
v 0.45610064 -0.18349868 -0.06494381
v -0.11518388 -0.28324232 -0.36429679
v 0.55670249 -0.15795183 0.14650679
v 0.00245669 -0.23268732 0.61019194
v 0.09603000 -0.15611847 -0.52675337
v 0.53803837 -0.18142149 0.19599026
v -0.18760614 -0.23690057 -0.42689568
v -0.24371430 -0.21463566 -0.42796224
v 0.62126404 0.03527395 0.03860962
v 0.64307255 0.03982967 -0.01692134
v 0.09207461 0.18070881 -0.49851686
v 0.18568696 -0.35404730 0.46859691
v 0.48125345 -0.15912411 -0.10116747
v 0.63126975 0.09285167 0.04438689
v 0.40064973 -0.19158542 -0.14901257
v 0.56162316 -0.15119514 0.13867623
v 0.57555032 -0.11952060 0.10398030
v -0.34360594 -0.28711471 0.37716645
v -0.10723001 -0.09660161 -0.53065175
v 0.27654546 -0.20071104 -0.41317478
v -0.38892150 -0.13372053 0.44796795
v -0.50146532 0.27035767 -0.04503632
v 0.10641080 -0.29011893 0.55921429
v -0.10575381 0.02480730 0.54399538
v 0.57997489 -0.09586707 -0.04819411
v 0.62956512 0.06150215 -0.01872928
v -0.33787629 -0.30187368 0.20241305
v -0.25217536 -0.28936136 0.11339155
v 0.67214262 0.04999664 0.01925707
v -0.20411336 0.13133293 -0.47328228
v 0.59911847 0.04280074 -0.01751685
v 0.56192487 -0.10840788 -0.07187647
v 0.08828785 -0.09506129 0.49034244
v 0.63695920 0.09385951 0.05148718
v 0.64885670 0.07463601 -0.01538569
v 0.05434310 -0.36286822 0.46178490
v -0.00098042 0.26377296 -0.36038446
v 0.41558763 -0.25138891 -0.24404222
v 0.00610669 0.34640074 0.00561363
v -0.23235080 -0.10014048 0.44665158
v -0.47901088 0.25978291 -0.07030380
v 0.53726190 -0.07857037 -0.03155643
v -0.64742196 0.06471491 -0.03400714
v 0.29099262 -0.02992436 -0.44446182
v 0.14333892 -0.33052146 0.12684128
v -0.25607723 -0.01700451 0.48631176
v 0.36345720 -0.31679541 0.15193337
v -0.06689020 -0.27762631 0.50413513
v 0.57780039 -0.00030189 -0.03294838
v 0.63968170 0.05429678 0.04667462
v 0.50086516 -0.22563486 0.23396170
v -0.18732050 0.07443082 0.48762941
v 0.58329743 -0.10127094 0.09836495
v 0.21713555 -0.28710195 -0.27743363
v 0.65567935 0.07924721 -0.02617043
v 0.19279426 -0.33789134 -0.23411268
v 0.40213147 -0.25588489 -0.12820375
v 0.60979140 0.04020163 0.02822345
v -0.06231815 0.30310959 -0.38587880
v 0.43558604 -0.29951552 0.25427783
v -0.62858093 0.21609035 0.02273738
v 0.51058161 -0.10308609 -0.07195181
v -0.40915006 0.09354828 0.39148486
v 0.31763750 -0.26474476 -0.32146689
v -0.40583891 0.21377748 -0.32696009
v -0.11167371 0.24611586 -0.43384245
v 0.56470037 -0.14310834 0.05062193
v 0.66407579 0.10632342 0.02743137
v 0.14914516 -0.19220278 -0.39948839
v 0.02673192 0.23208356 -0.45931858
v 0.44701385 -0.25029099 0.13888305
v 0.27452803 -0.32966894 0.45315653
v -0.56834096 -0.10257661 -0.06692430
v 0.06183353 -0.37463394 0.45513636
v 0.36642987 -0.25679255 -0.30232468
v 0.63420248 0.01724342 -0.00299603
v 0.37802118 -0.24051383 -0.30111235
v -0.02905601 -0.15272164 0.61590505
v -0.66238308 0.20860773 -0.01607805
v 0.46763521 -0.15558934 -0.09772325
v 0.33692154 -0.12640253 -0.30741853
v 0.37799966 0.24195629 0.09869534
v -0.03535260 -0.08844023 0.54228806
v 0.43094313 -0.26701757 0.10114890
v -0.33591831 -0.29370904 0.01386261
v 0.65883332 0.07193080 0.03172183
v 0.62387097 0.01593344 0.01640046
v 0.31293687 -0.29272798 -0.29726514
v 0.51373392 -0.12850067 -0.06104094
v 0.14724487 -0.29769093 -0.34639800
v -0.18093069 -0.18555842 -0.49675432
v 0.40188181 -0.19924396 -0.13509680
v 0.54863769 -0.13467985 -0.08080912
v -0.19548285 -0.32383904 0.22309899
v 0.25500882 -0.28361034 -0.15862878
v 0.06781520 -0.26575196 -0.30838382
v 0.14784227 0.09451865 -0.52360260
v 0.48764443 -0.17803618 -0.10741454
v 0.66319180 -0.03747107 0.02888183
v 0.47886676 -0.15328842 -0.01039687
v -0.43782753 -0.05297282 0.34916750
v 0.17999217 -0.05820438 -0.54081380
v -0.03752381 -0.07898015 -0.52020466
v 0.65318549 0.04883629 -0.03930798
v 0.37009242 -0.28711870 -0.18427104
v 0.20819642 -0.37258691 0.45296168
v 0.57749951 -0.13239992 0.09233689
v 0.13769877 -0.28117317 -0.37919506
v 0.51505488 -0.10999985 -0.04268819
v 0.21584119 -0.14552364 -0.41166049
v -0.13595974 0.16031997 0.45601833
v 0.13413846 -0.24819157 -0.40270999
v -0.51986271 0.06854714 0.14566571
v -0.53824061 0.05844124 0.19980021
v 0.16909279 -0.33406267 0.24329454
v 0.18294847 -0.27552372 -0.34592283
v -0.45704287 -0.20515430 0.02201986
v 0.22396784 -0.35020819 0.18567559
v 0.39049083 -0.29942805 0.26803958
v 0.60774124 -0.04504551 0.05279464
v -0.32633758 0.15843943 -0.45678917
v 0.42025328 -0.24674249 -0.16827545
v 0.64613801 0.10526268 0.02820325
v 0.23913434 -0.25399214 -0.40415370
v 0.46813583 -0.17144114 -0.09871092
v -0.21374311 -0.27227917 0.30520102
v 0.01123009 0.38330662 0.15490437
v 0.01246542 -0.14348370 -0.52172226
v 0.14309719 -0.31461215 -0.18191062
v -0.00079955 -0.13724348 -0.49164808
v -0.27276623 0.32837087 -0.17348467
v 0.59617639 0.03275706 0.03046760
v 0.52828646 -0.08242907 -0.06045997
v 0.53784293 -0.13736776 -0.10914671
v -0.54806238 -0.10968351 -0.19093794
v -0.07251561 -0.05126730 -0.52189064
v -0.20848870 -0.16354594 -0.47747934
v -0.04793817 -0.34241310 0.52655613
v 0.60992324 0.01745841 0.00485264
v 0.32313818 -0.32725972 0.26605815
v 0.65665168 0.04041925 -0.01466495
v 0.35156119 -0.25132588 -0.26729563
v 0.54113030 -0.08440679 -0.04826978
v 0.48936757 -0.25045282 0.15141720
v 0.56940532 -0.11079140 0.08948117
v 0.22707099 -0.23571396 -0.31853768
v -0.50598413 0.14688408 -0.22842379
v 0.58947712 -0.06534660 0.04733527
v 0.45814112 -0.19544089 -0.17042381
v -0.43962359 0.24223925 0.14613134
v -0.15117955 -0.23063275 0.55752933
v 0.61347604 -0.02458563 -0.00299349
v -0.48929611 0.27842218 -0.03216588
v 0.00396967 -0.17930183 0.58781463
v 0.19008553 0.31108055 -0.13013092
v 0.00964500 0.31626567 0.32408872
v 0.47985801 -0.21608269 -0.08256227
v 0.55564010 -0.14184228 0.08201194
v -0.59808332 0.12130269 -0.16015187
v -0.17958452 -0.31095672 0.38525158
v -0.35406008 0.31352818 -0.07628280
v 0.04264902 -0.23627061 0.48949078
v 0.56609809 -0.00633815 0.01250820
v -0.11125833 -0.33769709 0.50403774
v -0.10981438 -0.33036196 0.29257396
v -0.14366576 0.29060507 -0.35731667
v 0.34394282 0.21380135 0.17358558
v 0.32994059 -0.27066073 -0.20870429
v -0.09155602 0.39023253 0.00622419
v 0.07006612 0.03985170 -0.53385961
v -0.25835890 0.25447962 0.32688916
v 0.02382060 -0.25829259 0.45608431
v 0.16062495 -0.07688811 -0.52873003
v 0.57695127 -0.08478534 0.08483928
v -0.32169747 -0.28079960 0.21214563
v 0.32465911 -0.31924787 0.42248827
v 0.10891259 -0.30608386 -0.39944899
v -0.22459412 0.29866827 -0.28109020
v -0.56203061 -0.09659910 -0.12647803
v -0.38234130 0.12940679 0.33799249
v 0.41837725 0.10703579 -0.26793763
v -0.35326806 0.30096909 -0.02677946
v 0.52097321 -0.15624741 -0.10105607
v -0.43314725 -0.20088139 -0.07243386
v -0.33000576 0.32828858 -0.04279676

