# https://github.com/mikedh/trimesh
v -0.02394103 -0.42483169 -0.24724491
v 0.10406090 0.36529949 -0.29310814
v 0.57075167 -0.37565318 -0.47260138
v -0.01879892 0.30311742 0.23565285
v -0.16971976 -0.27329776 -0.58127880
v -0.54888368 -0.38747084 -0.47684997
v -0.56624615 -0.35601816 -0.44304940
v -0.35950875 0.04166964 0.24968863
v 0.22945753 0.08567413 -0.45911521
v -0.56153071 -0.50827682 -0.42520326
v -0.48978144 -0.44556886 -0.51699424
v -0.05254842 -0.27812916 -0.29287413
v -0.34114665 -0.03732294 0.32599986
v -0.14747311 -0.16672091 -0.16659020
v -0.36058995 -0.01702142 0.48491982
v 0.21181367 0.11058266 -0.48209634
v -0.30456436 0.09413490 -0.27629417
v -0.14694956 0.30475152 -0.12918697
v -0.20784315 0.20691271 0.35225704
v 0.29039797 0.15007804 -0.32100588
v -0.21154793 -0.04001198 -0.09985751
v -0.22959355 0.25290516 -0.32959992
v -0.00550424 -0.48196605 -0.29387015
v -0.13552265 0.02653728 0.31845576
v 0.30471894 0.01296001 -0.13678502
v -0.39934906 -0.02848287 0.41888291
v 0.21214800 0.13143764 0.01798412
v 0.10290366 -0.28178579 -0.47222766
v -0.38844272 0.02806263 0.37744749
v -0.58510453 -0.40054411 -0.28370103
v 0.12244807 0.05767612 0.32755843
v -0.54773337 -0.52488387 -0.41892076
v -0.26931435 0.00689855 -0.35175961
v 0.08225166 -0.17156404 -0.26164895
v -0.38026115 -0.09001710 -0.16746719
v 0.06745042 0.04004206 -0.58799869
v -0.27222422 0.20135054 0.55998921
v -0.11039594 0.34071675 -0.17116971
v 0.07160376 -0.35400456 -0.25551611
v 0.19705157 0.21688910 0.53374076
v -0.29423833 0.02163135 -0.34399846
v -0.09126564 -0.17258479 -0.12647361
v -0.54596698 -0.51733208 -0.30574572
v 0.10219338 -0.29935366 -0.45156643
v 0.57680130 -0.04613700 -0.34973335
v 0.08026727 -0.10378234 -0.52943134
v 0.59756541 -0.39756796 -0.42220500
v 0.48984018 -0.01228315 -0.22923946
v 0.12377796 0.34185463 -0.19312572
v -0.16281880 0.00291955 0.33116394
v 0.05652469 -0.28829402 -0.46897718
v -0.00037338 0.29511145 0.20368665
v -0.22842063 0.13900113 0.10451755
v -0.34813932 0.01479516 -0.15806827
v -0.08923231 -0.28411776 -0.40865302
v -0.05857701 -0.33102345 -0.37146017
v -0.04945995 -0.32219777 -0.27506289
v -0.57741988 -0.32030687 -0.26197106
v 0.20824796 0.15204071 0.01623209
v -0.01066326 -0.06749146 0.14488795
v 0.24466969 0.15094523 -0.43853536
v 0.13540350 0.26852500 0.08338243
v 0.38761014 0.03912020 -0.14858223
v -0.33622468 -0.15454890 -0.32065418
v -0.27968284 0.01731203 -0.15322067
v 0.47528747 -0.03662279 -0.32090086
v -0.37696749 0.16585077 0.67338550
v 0.42385048 -0.09876233 -0.32953942
v 0.18112855 0.22980917 0.59614009
v -0.15859421 -0.16023523 -0.38082567
v 0.22448629 -0.11671276 -0.19695096
v -0.22669005 -0.12559249 -0.28806007
v -0.54092312 -0.50111806 -0.32116723
v -0.12608607 -0.00520787 0.03620902
v 0.07749631 0.35644081 -0.18301287
v -0.44477066 -0.28055131 -0.24811561
v 0.16920434 0.17189166 -0.51696283
v -0.25187829 0.09745436 -0.12454708
v 0.28101376 -0.04868136 0.33670533
v 0.28948173 0.03083643 -0.36975425
v 0.02915275 0.04164768 0.25561735
v 0.10671736 0.18276459 -0.55820042
v 0.16271982 -0.14998144 -0.20765014
v 0.26557010 -0.08171452 -0.28358671
v 0.24321231 0.27800524 0.66279101
v 0.37343106 0.01283153 -0.33229133
v -0.37955689 0.01750852 0.76787364
v -0.28134552 0.05692795 0.78897589
v 0.12823254 -0.27494404 -0.52274162
v -0.11647575 -0.19157735 -0.44430587
v 0.34727609 0.02504022 0.51791608
v 0.48704618 -0.02697245 -0.29594916
v -0.59370345 -0.47570562 -0.37676480
v -0.03797488 0.17955004 0.25188887
v 0.23351674 0.24191296 0.85209101
v 0.17183597 -0.08784997 -0.04294167
v 0.21733049 0.04377579 0.82344502
v 0.45530215 0.03937647 -0.21552882
v 0.15944321 -0.20721588 -0.58264905
v 0.30540043 0.19405921 0.25369617
v -0.35772148 -0.03355994 0.85254765
v -0.15538816 -0.01394811 0.30817959
v 0.21595295 0.29148078 0.79869109
v 0.23120701 0.24082921 -0.39509106
v -0.23681471 0.18769553 -0.14195095
v -0.08450563 -0.16711251 -0.10025792
v 0.26671374 0.13774192 0.15520242
v -0.27949196 0.23699939 0.84374535
v 0.60570717 -0.27959090 -0.51903588
v -0.35081580 -0.16802008 -0.31691712
v -0.26002142 0.20734935 0.17829598
v -0.29722264 0.11068695 0.15328856
v -0.03182588 -0.34535077 -0.35103971
v 0.03585332 -0.07626106 0.12032678
v -0.10409835 -0.03303009 0.10212236
v -0.19599529 -0.00389079 0.36403534
v 0.26424995 -0.09017547 -0.24351145
v 0.11784402 -0.29524326 -0.41585729
v 0.21193933 0.26846600 0.65524501
v 0.11439496 -0.25422427 -0.58550882
v 0.56497246 -0.21151963 -0.22284700
v 0.36133328 0.01702952 0.85597610
v 0.01860579 0.10461859 -0.59247822
v 0.45382968 -0.17764764 -0.32783508
v -0.39937657 0.08520836 0.47872013
v 0.13753560 0.04495081 0.34205821
v 0.28690958 0.05824053 0.64064360
v -0.12681837 -0.16695149 -0.20489933
v -0.52231383 -0.30261511 -0.21932437
v -0.39287412 -0.25902629 -0.37934002
v -0.10336900 -0.24787246 -0.52354592
v -0.25692424 0.00283567 0.58704740
v 0.35754815 0.09705775 0.57057023
v -0.24158944 -0.10000116 -0.33121955
v 0.15676846 0.10584554 -0.54335070
v 0.36030641 0.02361003 0.29412958
v 0.05620297 0.28935945 0.27580208
v 0.18004352 0.00711034 -0.00841681
v 0.21062292 0.23092227 -0.07899248
v 0.16503245 0.20346507 -0.50721884
v -0.07830880 0.02031469 0.24871638
v 0.59784603 -0.19775784 -0.24151562
v 0.24476986 0.06496768 -0.43449581
v -0.26907527 0.20665197 0.61095852
v 0.49749738 -0.18987171 -0.18790945
v -0.23180144 0.23652124 0.24592121
v -0.36779904 -0.04253895 0.44540009
v -0.35816643 0.14889485 0.46518555
v 0.11004439 0.35064769 -0.19273341
v -0.39040607 -0.26868072 -0.36016536
v -0.25506350 -0.11872090 -0.24170698
v -0.42351168 -0.01539985 0.84684640
v -0.17732881 0.22396429 0.31480655
v -0.51664621 -0.18644461 -0.20645116
v -0.09311806 -0.32262287 -0.60051823
v 0.49632341 -0.24522549 -0.26613185
v -0.24758853 0.05347799 -0.12590180
v 0.31231165 0.12700851 -0.30233383
v 0.19896916 -0.09864024 -0.09414005
v -0.34822237 -0.05298106 -0.35329092
v -0.50367057 -0.38850504 -0.32025647
v 0.07804524 -0.26914331 -0.26978320
v -0.09831984 0.28183270 -0.06474361
v 0.62777382 -0.35335419 -0.49393776
v -0.56182009 -0.43180406 -0.47392136
v 0.10763572 -0.17677227 -0.30256078
v -0.23563966 0.19313292 0.15105097
v 0.53992063 -0.23005176 -0.51398039
v -0.38902318 -0.26030299 -0.37261322
v 0.00895085 0.36636558 -0.20694441
v 0.16299424 0.29264316 -0.09518950
v -0.48161545 -0.13319653 -0.21949306
v 0.57188940 -0.28322098 -0.28580862
v -0.03177025 0.50944912 0.34060642
v -0.38928065 0.04176881 0.38392675
v 0.07070813 0.08881656 -0.58868301
v 0.31190050 -0.00415375 -0.13825420
v 0.05024740 -0.08018272 0.08005814
v 0.26161045 -0.08021524 -0.30351073
v 0.36450133 0.10026806 0.39054984
v 0.17808987 0.04393515 0.41589141
v -0.54218787 -0.18078077 -0.23135152
v 0.01772886 0.04963760 0.25718150
v -0.21704993 0.16850060 0.85042602
v 0.16209416 0.24125762 0.17983419
v -0.25532341 0.21347532 0.85808682
v 0.30916467 0.21372728 0.79528266
v -0.11421707 -0.09679607 -0.03072118
v 0.31983009 -0.02706077 0.31011233
v -0.29913518 0.00510301 0.58298981
v -0.09580761 -0.21881007 -0.47339946
v 0.00479661 -0.15424079 -0.20308980
v -0.16645271 -0.28466913 -0.60378665
v -0.40604621 -0.09047605 -0.35526544
v -0.31158257 -0.00642533 0.22896777
v 0.60269958 -0.05924420 -0.32027674
v 0.34812731 0.16409649 0.81490165
v 0.09407976 -0.08987638 0.00096527
v -0.25316897 0.01366120 0.17699356
v 0.02148811 -0.32544112 -0.20326279
v 0.28079811 0.10063762 -0.39362565
v 0.61271554 -0.09906099 -0.40399137
v -0.02188656 -0.08402433 0.06465615
v 0.33537927 0.16002424 0.25320104
v 0.03915852 -0.32754189 -0.41253561
v -0.15877855 0.03761426 -0.49140704
v -0.32651851 0.20494433 0.85318422
v -0.50303322 -0.46691868 -0.52994943
v 0.00379334 0.03805064 0.26164791
v 0.16798136 0.00234803 0.35979104
v -0.44508871 -0.31896517 -0.30589855
v 0.64616579 -0.26927981 -0.43650046
v 0.13736752 -0.17891611 -0.47449353
v -0.45344946 -0.05974307 -0.32193506
v -0.01571135 -0.30732572 -0.22203211
v 0.58117867 -0.29403254 -0.32048494
v 0.61797702 -0.08297277 -0.28160971
v -0.19771425 0.15535817 0.39892656
v -0.57720906 -0.44430208 -0.27321163
v 0.20628174 -0.02568279 0.37606537
v -0.32769111 -0.16545448 -0.25798801
v -0.03433049 0.29973489 0.05324963
v 0.21744509 0.15336286 -0.05879122
v -0.21019414 0.15505840 -0.09764037
v 0.43332130 -0.18594688 -0.22583278
v -0.20044939 -0.15152155 -0.30264401
v 0.22098821 0.09637539 -0.46957135
v -0.32560310 -0.04343731 0.39731947
v 0.46247980 -0.06916975 -0.35094300
v 0.57414675 -0.38870791 -0.48415217
v 0.13646443 0.34216586 -0.36158818
v -0.09551281 -0.28048849 -0.63458419
v 0.17775527 0.22491890 0.02652398
v -0.10846265 -0.17113507 -0.12833220
v 0.16356857 0.28127500 -0.45662051
v 0.17810380 0.13328350 0.50289118
v 0.65072155 -0.32839459 -0.45176491
v 0.15995243 0.19270398 0.68220198
v 0.10034494 -0.02346797 0.19600855
v 0.01821792 0.07964567 -0.59284133
v -0.27834389 0.06640541 0.84360796
v 0.39670658 0.07576706 -0.29080957
v -0.02633279 0.20994994 -0.55911458
v -0.33454165 -0.02035115 0.52578086
v 0.19021209 -0.23050489 -0.62082320
v 0.09749238 -0.33252442 -0.35769168
v -0.40487027 -0.06741966 0.85061854
v 0.13880764 -0.04098022 0.00241099
v 0.36645198 -0.10084399 -0.27343890
v -0.49874946 -0.36718339 -0.29444647
v 0.17550646 0.32315910 -0.34783366
v 0.05630422 0.30847532 0.28567255
v 0.62158418 -0.07753289 -0.35269481
v -0.01342635 0.33945635 0.35656855
v -0.04357235 0.36461920 -0.35276461
v 0.28927773 0.08164721 -0.14969613
v -0.22369657 0.09624633 0.47624946
v -0.08638571 -0.16462545 -0.09231211
v 0.19147348 0.21068288 -0.04874813
v -0.04045431 -0.39738777 -0.26884109
v 0.53328115 -0.28375089 -0.46014950
v 0.05008094 -0.47832078 -0.30297482
v -0.35017264 0.06013329 -0.19356367
v -0.11269709 -0.27441084 -0.64850503
v 0.55589032 -0.45739266 -0.51418591
v -0.35851786 -0.19258803 -0.27771008
v -0.36947215 -0.18104891 -0.33494389
v 0.65753728 -0.17701726 -0.33365890
v 0.04495386 0.28125727 0.19079910
v -0.19889963 0.05697355 -0.45400864
v 0.64299083 -0.21954453 -0.31450620
v -0.25653079 0.19700386 -0.34676576
v 0.11884180 0.09915257 0.33420658
v 0.44424140 -0.18936692 -0.27301902
v -0.21899809 -0.03511033 -0.43445659
v -0.00666057 0.38075814 0.37363085
v 0.12138750 0.21976373 -0.52931756
v 0.24040468 0.20004374 0.19281211
v -0.06158921 0.08345138 -0.58750957
v 0.34141764 0.21377811 0.57840568
v -0.41287252 -0.03867583 -0.18576391
v -0.31917688 -0.01549798 0.83888549
v -0.21793221 0.22072883 0.31828719
v -0.15019278 -0.08009537 -0.47000277
v 0.25889078 0.25891450 0.76401716
v -0.12140043 -0.25263610 -0.54529715
v -0.14191721 -0.14462899 -0.42332157
v -0.49298775 -0.43400380 -0.43626389
v -0.22813909 0.05480689 0.47140014
v -0.06184606 -0.30251274 -0.53812820
v 0.02668050 -0.05457070 0.17344029
v -0.21517839 0.23597378 -0.15249467
v 0.22250132 0.27095774 -0.37996182
v 0.20519358 0.28504640 0.85463297
v 0.40427479 0.08325899 -0.22600964
v -0.25152445 0.07793865 0.72589141
v -0.17964420 0.10486564 -0.01625860
v 0.13232428 0.26998612 -0.06039444
v -0.18979993 0.16829714 0.39022428
v -0.01575905 0.55934137 0.40761304
v -0.14463179 -0.33109918 -0.61503142
v 0.27747667 0.12731189 -0.16214170
v -0.09454127 -0.03557899 0.09647518
v -0.25916097 0.10353738 0.14087778
v -0.05386854 -0.33353505 -0.29576945
v -0.12401427 -0.14670782 -0.45120627
v 0.23978363 -0.03495233 0.25012359
v 0.00152976 0.48366827 0.32648218
v 0.18670662 -0.12977053 -0.40482029
v -0.11831583 0.05930389 -0.54981804
v -0.54218298 -0.50812268 -0.34151608
v 0.23722261 0.27445945 0.72862887
v 0.62160909 -0.25984633 -0.30809465
v -0.42456388 -0.00674413 -0.27273649
v -0.39405566 0.13147219 0.50564498
v 0.41432941 -0.17068994 -0.30043718
v -0.17961004 0.29601198 -0.18221591
v -0.36048189 0.01324628 0.76779526
v -0.01950181 -0.11161947 -0.02895407
v -0.12694235 -0.21305497 -0.36185330
v 0.30171463 0.03464363 -0.13830829
v 0.54542208 -0.07129314 -0.37052548
v -0.25860533 0.11768149 -0.16374069
v 0.32481733 -0.02865071 0.32110739
v 0.16383266 -0.07821345 -0.02804933
v -0.48614854 -0.39498615 -0.41573834
v 0.30868641 0.04491775 0.18828651
v -0.01020273 0.31651962 -0.02429370
v 0.11631740 -0.03789064 0.03274623
v 0.41434819 -0.06438544 -0.14571579
v 0.52474785 -0.10392500 -0.41439354
v -0.19405007 0.10065017 0.52920604
v -0.31256336 0.21056591 0.68485183
v 0.35744938 0.01984887 0.29592898
v -0.12826316 0.25121319 0.08602908
v -0.01199805 -0.06684475 0.15117714
v -0.55921471 -0.49702477 -0.44345516
v -0.09758651 -0.25323445 -0.33314797
v 0.30247253 0.22081622 0.80287528
v 0.02160939 0.29838058 0.05979829
v -0.24998094 0.18086688 -0.37441537
v -0.34760341 0.03987343 0.75907105
v 0.21790583 -0.08110132 -0.38403463
v 0.45511305 -0.07471015 -0.16703734
v 0.18692991 0.14573205 0.49201965
v -0.61613607 -0.25748158 -0.31710562
v -0.35534644 0.19451417 0.65347320
v 0.13629706 -0.01594158 0.22786294
v -0.24657871 -0.03443860 0.23776372
v 0.64397436 -0.42044121 -0.43251514
v -0.21032897 0.25583300 -0.18196827
v 0.22276959 0.00014332 0.44917020
v -0.28999329 -0.12306591 -0.31574103
v -0.27786908 0.03781524 0.68184310
v -0.23852408 0.01498554 0.43462944
v -0.04565125 -0.34501722 -0.42091110
v 0.12552583 -0.16336177 -0.34428018
v 0.33057228 -0.09469464 -0.21071890
v -0.04206368 0.34635508 -0.38291925
v 0.60075784 -0.21884954 -0.47609907
v 0.57240355 -0.08610911 -0.23211935
v -0.10841648 0.22927444 0.24388510
v 0.27715743 -0.06207583 -0.16319232
v 0.12681064 0.33232224 -0.16753438
v 0.17764336 0.11413345 -0.52758342
v 0.28167248 0.13934721 0.15942803
v -0.08117881 -0.27642944 -0.31906128
v -0.35713983 -0.18221328 -0.24881011
v -0.07438914 -0.31022146 -0.53474355
v 0.14785984 -0.00132916 0.05931325
v -0.10657146 -0.27653012 -0.37774417
v -0.32761085 0.20748046 0.59540749
v 0.18661697 0.31467310 -0.34896168
v 0.36266860 -0.03558059 -0.32366756
v -0.16183622 0.01909477 -0.48188019
v 0.31012249 0.22073822 0.72478676
v -0.07157061 -0.29405561 -0.59711170
v -0.20376699 0.01442995 0.14908175
v 0.30163765 0.00820295 0.55065340
v -0.29210410 0.16706933 0.46922654
v -0.54084224 -0.15695287 -0.24510175
v -0.33456662 0.01620499 0.77145052
v 0.02818512 0.34480789 0.26683721
v -0.56384468 -0.35916358 -0.44785625
v 0.42801106 -0.08194783 -0.15560660
v 0.13012260 -0.23439635 -0.59768265
v 0.21496111 0.23216374 -0.44601017
v -0.16107896 -0.17377643 -0.34907410
v 0.55603367 -0.29823151 -0.36176887
v 0.60731560 -0.06341692 -0.34145057
v 0.47768167 -0.20739241 -0.43169892
v 0.31913373 -0.05660994 -0.14874701
v 0.30308217 -0.02629180 0.48061061
v 0.17348158 0.23919357 0.67634529
v -0.44853514 -0.19720566 -0.19139059
v -0.40386304 -0.15312088 -0.18198732
v 0.62441516 -0.38761580 -0.48440805
v -0.36957252 0.00510580 0.29851672
v -0.06437953 -0.30520695 -0.57401019
v -0.09908541 0.29234383 -0.02566882
v -0.51113331 -0.27749035 -0.43560970
v 0.30072406 -0.05770374 0.81738472
v 0.21074302 0.11357798 -0.01643295
v 0.15893529 0.23313124 0.78587335
v -0.40615642 -0.25087211 -0.28677019
v 0.47704220 -0.13813490 -0.18493792
v -0.38469407 0.06849434 0.39491662
v -0.02094219 0.30020791 0.03630254
v -0.25072458 0.19474968 0.35879394
v -0.32667586 -0.02751993 0.50292921
v 0.10614023 -0.07973459 0.00005402
v 0.23773122 0.10814866 0.69437903
v 0.25743824 -0.03961037 0.26535162
v 0.41287962 -0.15531649 -0.32361147
v 0.20789553 0.24425015 0.84999287
v -0.08134710 0.24965955 -0.52058709
v 0.26243177 0.19620533 -0.17122638
v 0.21296260 0.11644691 0.04185675
v 0.23754549 0.23991565 -0.14681526
v 0.57269937 -0.15387255 -0.21107805
v 0.49464720 -0.03887073 -0.20493332
v -0.18173160 -0.04144558 -0.45287946
v -0.07413372 -0.16306141 -0.19924344
v 0.17454329 0.21840297 0.73628640
v -0.36143008 0.06696229 0.68977219
v 0.36185065 0.00911820 0.79808825
v -0.41650251 0.05732983 0.76702237
v -0.01820639 -0.05554254 0.18572789
v 0.20342280 -0.06229479 -0.44335863
v -0.17258969 -0.28066170 -0.59586948
v 0.33522940 -0.03617626 0.46988335
v 0.11045205 -0.16421202 -0.29051253
v 0.51305073 -0.20817851 -0.19888163
v -0.03720441 0.26586011 0.22844289
v -0.00300091 0.51801765 0.34311906
v -0.28474897 0.21006623 0.62710762
v -0.18764009 0.08769506 0.04788995
v 0.61578804 -0.10021847 -0.25342754
v 0.52762592 -0.27947053 -0.46910760
v -0.08372452 -0.15277579 -0.49907100
v -0.20784375 0.21719603 0.33023790
v 0.26563907 0.20724712 -0.20161602
v 0.17969547 0.16989647 0.76238239
v 0.54710519 -0.28918737 -0.39546537
v -0.46814346 -0.16293828 -0.19715844
v 0.16386105 0.18972646 -0.51305872
v -0.48165995 -0.19946744 -0.41160718
v -0.02299332 -0.05816100 0.16383779
v 0.05499898 0.32481769 0.29528069
v 0.26552129 0.23045540 -0.24359779
v -0.34000611 0.15970580 0.33159637
v 0.49658892 -0.23153445 -0.34273621
v -0.04356181 0.23248073 0.23648168
v 0.14034878 0.32129446 -0.41547364
v -0.58786112 -0.26847032 -0.38687012
v -0.59803915 -0.19773149 -0.27273834
v -0.19351090 0.09289934 0.05783266
v -0.60856718 -0.46572891 -0.32831270
v 0.00595882 -0.13983648 -0.17145832
v -0.14650165 0.23669249 -0.00530785
v -0.47911894 0.07545329 0.79952002
v -0.60350299 -0.39189228 -0.29851082
v 0.20433280 0.25115347 -0.44354343
v -0.59456336 -0.32357660 -0.33679047
v 0.41537440 0.01352449 -0.15378357
v -0.55870962 -0.17023264 -0.37447229
v -0.24158810 0.23808171 -0.28760105
v 0.60988867 -0.39413017 -0.46398392
v -0.26177338 0.15009899 0.46738109
v -0.03108468 0.36000261 -0.17224407
v -0.54111433 -0.49530956 -0.30024326
v -0.59104878 -0.18365096 -0.26037952
v -0.03939362 0.26778799 -0.52540570
v 0.17539957 -0.12287714 -0.08803564
v 0.10962924 -0.12917989 -0.04499294
v 0.36030716 0.00805980 -0.13509803
v 0.19679366 0.07919769 0.02590188
v -0.07510783 -0.16258930 -0.25861219
v 0.00186745 -0.41455379 -0.32863680
v -0.48067799 -0.34160188 -0.28012219
v -0.09875600 -0.02776607 0.13810323
v -0.23247686 -0.03717047 0.34669593
v -0.13224843 0.24253930 0.09628400
v -0.40312776 -0.00448641 -0.30692151
v -0.19005571 -0.31509018 -0.66285217
v -0.42059422 0.13117899 0.80012113
v 0.64378375 -0.36007816 -0.37895948
v 0.04049370 0.36956349 -0.34863061
v -0.24836870 0.09926677 0.76343441
v -0.09117085 -0.32472831 -0.59320736
v 0.06682333 -0.16083598 -0.23163062
v 0.03240743 0.29706505 0.08840443
v 0.29932040 0.12760980 0.16413683
v 0.31506112 0.14281769 0.75679940
v 0.06994265 0.29906088 0.04535930
v -0.16436097 -0.14619131 -0.28571799
v 0.49885026 -0.23054305 -0.36381817
v 0.17247897 0.17083055 0.78626788
v 0.32311645 0.18345815 0.77994132
v -0.37657937 0.15458763 0.48785064
v -0.04041474 -0.31615046 -0.24741298
v -0.00602988 -0.14480244 -0.10035431
v 0.11988036 -0.02490371 0.05046562
v -0.05101246 -0.31169999 -0.27084514
v 0.28033772 0.02520283 0.79247397
v 0.19151005 0.14727961 0.72665066
v -0.08599138 0.36170992 -0.23618209
v -0.05692792 -0.03635616 -0.58191979
v -0.43424296 -0.03652235 -0.31746337
v -0.01110759 -0.18484773 -0.55253220
v -0.29530144 -0.02403275 0.49701792
v -0.01055409 0.00074713 0.25879255
v -0.01460568 0.30434898 0.32658446
v 0.18515140 0.12259269 0.44840732
v 0.18575661 0.18630205 0.51472253
v -0.24791710 -0.08011880 -0.34911972
v -0.04667224 -0.37348065 -0.27446687
v -0.13047552 -0.22935534 -0.60509455
v 0.35128888 0.12869932 0.59295744
v 0.14676215 -0.19695866 -0.56316000
v -0.35567009 -0.03812336 0.80263484
v -0.26002383 0.13973859 0.45680597
v 0.27804253 0.17915273 -0.29656693
v -0.31265235 0.18805218 0.49374586
v 0.23433204 0.09500046 0.75762135
v 0.56031209 -0.32460755 -0.54532659
v 0.32159939 0.14111906 0.69456220
v -0.25268447 0.20403016 0.65450019
v 0.20761399 0.02761629 -0.02962444
v 0.20829432 0.26235926 -0.40979767
v -0.38072291 0.03624982 0.59970242
v -0.46420261 -0.15639400 -0.38965803
v 0.12224878 0.08811788 -0.55970603
v -0.17560029 0.31446248 -0.29274833
v 0.64191264 -0.39749527 -0.44702598
v 0.01921423 0.33421057 -0.16841087
v -0.49916852 -0.37903079 -0.45619139
v -0.00526459 0.14615689 0.24465235
v -0.38959107 0.00599312 0.47196147
v 0.30325606 0.17459841 0.48232120
v 0.16399936 -0.25915223 -0.56615871
v -0.22828656 0.22817771 0.84912467
v -0.21972464 0.20255829 0.13868365
v 0.27367544 0.21989350 -0.28720221
v -0.30331138 0.07182740 -0.17622627
v 0.02876649 0.36580211 -0.21722746
v 0.10644284 -0.07510317 0.01762844
v -0.39441207 0.07917197 0.57632792
v -0.18833324 -0.28331205 -0.61237836
v 0.00851248 -0.09098148 0.04573258
v -0.25483701 0.18445733 0.85429025
v -0.47859314 -0.35930634 -0.41117835
v -0.22931790 -0.06817931 -0.15512693
v -0.18281373 -0.12686647 -0.38350421
v 0.21086593 0.04169552 -0.04489084
v 0.29777077 -0.02781377 0.46369654
v -0.43447322 -0.27669537 -0.21753797
v -0.41049504 -0.08787898 0.83397835
v -0.55945170 -0.24912792 -0.41379151
v 0.36482915 0.09469132 0.86018473
v -0.30356815 -0.14860013 -0.23040830
v 0.13494706 -0.24724363 -0.51242226
v 0.26043755 0.08280475 0.85132974
v 0.63066852 -0.09314418 -0.30460823
v 0.10357472 -0.11223993 -0.50997406
v 0.08301953 0.18413170 0.27632064
v 0.37500760 0.05062771 -0.14864315
v -0.17514248 0.31237936 -0.22575229
v 0.17388636 -0.21348700 -0.59448004
v 0.23084269 0.21608561 -0.43468222
v 0.08747464 -0.46010515 -0.27751055
v -0.16173708 -0.01372706 0.31680176
v -0.07257430 -0.31793985 -0.32270950
v -0.28140432 0.20846701 0.72055656
v -0.25995821 0.08835191 0.83562076
v -0.07598503 -0.31004897 -0.36551812
v 0.60993248 -0.41393456 -0.50291020
v -0.07572988 0.30276227 -0.02509787
v 0.27351055 -0.07387727 -0.29872301
v -0.00550239 0.48539513 0.38751155
v 0.24350865 0.08343755 0.11831299
v 0.16500491 0.13972186 0.67652881
v -0.51436359 -0.46117970 -0.52250320
v -0.26607513 0.22782263 0.24785894
v -0.36609125 0.12422020 0.29503295
v 0.28467730 -0.04449221 0.31886849
v 0.05662511 0.36125392 -0.19264886
v -0.42547923 -0.25423592 -0.40892729
v 0.21315670 -0.12940729 -0.18826537
v -0.26632699 0.16329563 -0.24966705
v 0.24341303 -0.03561217 0.39169151
v 0.35871008 0.16623962 0.55619013
v -0.24510913 -0.11310995 -0.22324015
v 0.22778150 0.16472726 0.84901404
v 0.08899577 -0.36047330 -0.38189775
v 0.50952452 -0.04879639 -0.22456935
v 0.57284892 -0.29581454 -0.32243419
v -0.49596679 -0.05527064 0.83483177
v -0.17917973 0.28504279 -0.37599272
v 0.34563383 0.04050548 0.24015740
v -0.32464221 0.12372576 0.18290746
v -0.59706116 -0.19614938 -0.26919699
v 0.34673053 -0.10142170 -0.21570988
v -0.01270040 0.07480578 0.25503352
v -0.28224772 -0.00730245 0.54501480
v -0.29272249 -0.14298193 -0.24201657
v -0.33084029 -0.04314052 0.32381469
v -0.02783654 -0.01035932 -0.58934975
v -0.22801408 0.23828067 0.23782769
v -0.00665795 0.23788650 -0.54670143
v 0.53642565 -0.25392902 -0.54362810
v 0.32080519 0.04040968 0.20754273
v -0.35209835 0.05395368 -0.18628196
v -0.20718518 0.19708189 0.84404504
v -0.02609520 0.48642638 0.38033989
v -0.41217339 -0.03095663 -0.32213417
v 0.59495580 -0.34961444 -0.52737641
v 0.18806939 0.25500229 0.67164373
v -0.39207301 -0.04302806 0.81580913
v 0.16126041 -0.14092804 -0.09719265
v 0.21323876 0.04876519 -0.45823964
v -0.49190646 0.05035168 0.84899217
v 0.29219261 -0.04185700 0.30760542
v -0.09920255 0.24648055 0.20170425
v 0.16887242 -0.11886664 -0.32517889
v -0.17649369 0.23772599 0.26575997
v 0.25559181 0.10265742 0.85025477
v 0.08687042 0.36605835 -0.23263897
v 0.08913639 -0.24436699 -0.51531178
v -0.19409689 -0.33282626 -0.64727974
v -0.40569004 -0.00204432 -0.29797366
v 0.26074922 0.19273968 -0.40026119
v 0.12602508 0.34915474 -0.33055037
v -0.15699507 0.24918520 -0.09154044
v -0.00737745 0.29469019 0.09892647
v 0.19780226 0.00853916 0.42401886
v -0.33365360 -0.01599850 0.53828776
v -0.13898313 -0.15503012 -0.41439953
v -0.19398578 -0.13707073 -0.22070193
v 0.16501349 -0.03957717 -0.49155512
v 0.33431312 -0.02997175 0.42847636
v -0.35226730 0.12974772 0.24483940
v 0.51710033 -0.26029384 -0.32055166
v 0.19268817 -0.10927632 -0.40115380
v 0.27343154 -0.05507495 -0.33451474
v -0.11750033 0.25467610 -0.48792395
v 0.10300718 -0.23702851 -0.31831703
v 0.17119925 -0.01830418 0.18761954
v -0.34860599 -0.02928361 0.49458623
v 0.42252472 -0.13661581 -0.34613675
v 0.30446652 0.01771979 0.84544772
v -0.20611158 0.02807705 0.12347423
v 0.39242139 0.08080512 -0.28853372
v -0.41132078 -0.15939386 -0.37332159
v -0.22619870 0.07847129 -0.42912143
v 0.55588919 -0.29242998 -0.28725392
v 0.12643720 -0.15596582 -0.36322665
v -0.16518596 -0.00707100 0.14082643
v -0.16777821 0.19610910 -0.48593226
v -0.11709749 0.23314142 0.24206066
v -0.41404602 -0.02152050 0.83358264
v 0.49593452 -0.13229591 -0.42729869
v 0.17210840 -0.02589539 0.29312444
v 0.11838575 -0.29623953 -0.32614413
v 0.16692020 0.25606859 -0.48061395
v 0.43322295 0.04987589 0.84853554
v -0.06604110 -0.16009623 -0.24204402
v 0.20534790 -0.23203683 -0.54572052
v -0.13734204 0.24376118 0.20864454
v 0.14282428 -0.26126295 -0.54112166
v 0.11601974 -0.04217290 0.03055726
v -0.04128845 -0.36174303 -0.41243318
v -0.25328469 -0.04479404 -0.36769557
v 0.28432494 0.02614748 0.59816796
v -0.29023340 0.06337188 0.72983396
v -0.27077731 0.07564587 -0.15957521
v -0.16155104 -0.15462004 -0.31880963
v 0.28177521 0.19646023 0.20451693
v 0.03284496 0.36533737 -0.20771293
v -0.19174811 0.00821501 0.13853779
v -0.53517479 -0.47948366 -0.31472099
v -0.55405569 -0.30380598 -0.42254847
v 0.20464996 0.30982140 -0.28376848
v -0.13491014 -0.14967988 -0.25789332
v -0.24686943 0.11735804 0.84826672
v 0.09461664 0.29520163 0.06343707
v -0.04934197 -0.31389645 -0.26672840
v -0.37755793 0.16778757 0.77762437
v 0.14402819 -0.12264396 -0.45763484
v 0.06772467 0.02296387 0.25769600
v -0.23852317 0.11677071 -0.42300889
v 0.48880857 -0.21818355 -0.43478781
v 0.64784694 -0.40097213 -0.41540444
v -0.22404233 0.04141293 0.48476759
v 0.04803799 0.36666137 -0.35537639
v 0.40491426 0.05924525 -0.17642139
v 0.12996387 0.27877137 0.06275656
v -0.23007867 0.18367738 0.38332736
v 0.18255918 0.05766707 0.56698716
v -0.23209055 0.25419900 -0.27928749
v 0.03333584 -0.14139520 -0.10206690
v 0.57793665 -0.32932973 -0.54900903
v 0.04734120 0.32014236 -0.47717786
v 0.33823073 0.09607341 0.62656862
v 0.28539944 0.21045400 0.26311600
v -0.11907135 0.01510119 -0.52262491
v -0.26600134 -0.12437705 -0.22804506
v -0.11616608 -0.17192715 -0.19086994
v 0.10259081 0.34174547 -0.39868274
v 0.00713838 -0.14480853 -0.18501306
v -0.17728679 -0.07500099 -0.44456759
v 0.19355975 0.04874094 0.56394875
v 0.45348486 -0.02759260 -0.15446761
v 0.45636365 -0.18197219 -0.30499172
v -0.09261704 -0.03742136 0.06501105
v 0.18050079 0.11114519 -0.52501577
v 0.16636480 0.18182783 0.35947663
v 0.04835932 0.27621374 0.18309902
v 0.25048295 -0.09479629 -0.33307374
v -0.38150066 0.17110394 0.54958189
v -0.13463707 0.24755618 0.08192798
v -0.13969952 0.28854433 -0.41255838
v -0.33807626 0.05658060 -0.30759767
v 0.27671871 0.24494794 0.76632327
v 0.53202134 -0.05782438 -0.24074878
v 0.62516350 -0.11314963 -0.26084408
v -0.08438119 -0.03273496 0.13367814
v 0.38263613 0.13163617 0.80830938
v -0.02479694 0.29865044 0.06054459
v 0.07948426 0.36340171 -0.21138737
v 0.17114109 0.06764936 0.57826859
v -0.10521454 -0.25601164 -0.42035717
v 0.03980823 -0.01014824 -0.59065253
v -0.10435510 0.35177088 -0.28400159
v -0.56461686 -0.53207839 -0.34700412
v 0.05658345 0.31505871 0.29777879
v 0.60795224 -0.06622661 -0.30693457
v 0.03678104 -0.21116745 -0.23643218
v 0.05806208 -0.11172701 -0.02008558
v -0.20227829 0.12814489 0.68206578
v 0.15213388 -0.11512803 -0.05029041
v 0.36249855 0.08856370 0.53241563
v 0.22504681 0.14394984 0.09771311
v -0.39165109 -0.03658805 0.39285517
v 0.34339377 -0.03345602 0.45049694
v 0.27065632 0.08812890 0.67347503
v -0.10187686 -0.28800282 -0.56797385
v -0.54580683 -0.28461868 -0.22183056
v -0.40504360 0.00528973 -0.21082376
v -0.40118924 -0.19757672 -0.21056327
v -0.31440863 0.13558388 0.17636415
v -0.22345503 0.15379170 0.50804847
v -0.29289374 0.21031818 0.68125701
v 0.00795466 0.35078338 -0.42056936
v 0.35891992 0.05941078 0.25508371
v -0.51982158 -0.42550147 -0.32260042
v 0.14719521 0.15411636 0.60070652
v 0.04147499 -0.11859909 -0.06351440
v -0.16938168 -0.15171576 -0.15050641
v 0.27929357 -0.03228683 0.26163065
v 0.08735276 0.28306350 0.11610382
v 0.19170986 0.05426401 0.45821068
v 0.21721941 -0.29672006 -0.63494891
v -0.31235334 0.17645957 0.19178197
v 0.06187043 0.26182055 0.22934659
v -0.36282724 0.05831053 0.25381640
v 0.20588814 -0.06059176 -0.44617939
v 0.33365226 0.10092945 0.64132243
v 0.03351585 -0.10372157 -0.57814544
v 0.00777137 0.37326592 0.28426200
v 0.19743723 0.12656648 0.70682812
v 0.06445495 -0.36796856 -0.35684481
v 0.15446168 0.34242618 -0.24858671
v 0.19356127 -0.02823332 0.25315574
v 0.00446976 0.34449422 -0.43454170
v -0.48633581 -0.10614775 -0.24616340
v -0.08215449 -0.19706839 -0.56386530
v -0.34854257 0.18239520 0.75599515
v -0.31555417 0.08091328 -0.29032660
v -0.16988479 0.08126888 0.40378764
v 0.60251868 -0.21476556 -0.46069375
v -0.21291520 0.17801961 0.38687029
v 0.59271121 -0.37601095 -0.39699873
v -0.53071284 -0.33003247 -0.23443162
v -0.25457603 0.17032483 0.85375595
v 0.18240069 -0.01922206 0.22651468
v -0.19050221 -0.05720846 -0.07987195
v 0.00540170 0.29187402 -0.50899315
v 0.33966663 -0.00351876 0.51332796
v -0.23511581 0.04331902 -0.41595340
v 0.32850495 0.22590333 0.65935785
v -0.08924216 0.15559420 0.30858889
v 0.10395544 -0.27297354 -0.51827824
v 0.20107138 0.18662320 -0.01252453
v 0.17314817 -0.20309280 -0.54632652
v -0.09584133 0.03978714 0.27569875
v 0.10483060 0.35455886 -0.20928767
v -0.35768932 0.18502808 0.69358695
v 0.04232177 0.28613999 -0.51288193
v -0.33464506 -0.16210482 -0.21924403
v -0.56706458 -0.24863628 -0.24216890
v 0.17435162 0.17162912 0.52377200
v -0.19586277 -0.03395960 0.26523703
v 0.07695400 -0.46474934 -0.29758507
v -0.30432028 -0.14012752 -0.28143984
v -0.42028716 0.10115228 0.85189033
v -0.29549664 -0.13901031 -0.27189347
v 0.21308462 0.23803148 0.84989619
v 0.34514010 0.11941757 0.61223054
v 0.20061667 -0.22098321 -0.58630705
v -0.22759610 0.02266357 0.42379934
v -0.10442802 0.28495219 -0.04954242
v 0.44833151 -0.04067689 -0.15506010
v -0.22020261 0.17673770 0.60539842
v 0.23844157 -0.01951386 0.21008843
v -0.30520770 0.00793099 0.83754659
v 0.05262018 -0.37181029 -0.36760581
v 0.34626219 0.15071495 0.31707907
v 0.18612061 0.21745323 -0.04410192
v 0.15202221 0.10521668 0.59996158
v -0.16124555 0.21532999 -0.00676662
v 0.34594628 -0.03270203 0.46009615
v 0.04323057 -0.23572628 -0.52576333
v 0.01745425 -0.12134609 -0.04883949
v -0.14770362 -0.25955439 -0.55894881
v -0.27599111 0.21585506 0.28203654
v 0.03119396 0.28480422 0.18690586
v -0.06316056 0.24791604 0.21899417
v -0.60469466 -0.37829840 -0.34810269
v -0.43740514 -0.30889520 -0.31236568
v -0.33906960 0.18512650 0.49205932
v 0.19973114 0.26896197 0.73058426
v 0.09331349 -0.01111140 0.22539920
v 0.46340936 -0.18696152 -0.34776944
v 0.28075817 0.11304811 0.71058941
v -0.19532806 0.09427878 -0.47634253
v 0.32944992 0.15884462 0.85484093
v -0.15989795 -0.08109173 -0.43553877
v -0.00961176 -0.15675543 -0.14618656
v -0.05904858 -0.24885494 -0.59047002
v 0.53624147 -0.07718497 -0.38074782
v -0.44782710 -0.32838017 -0.34001461
v 0.20952484 -0.05175105 -0.45328641
v -0.22253239 0.10104459 0.47676811
v -0.00128869 0.33449134 0.25392768
v 0.16565931 -0.20589712 -0.48952079
v 0.56408787 -0.06201827 -0.36710882
v 0.03287390 0.41481724 0.31816927
v -0.22364859 0.15238254 0.10406269
v 0.62606740 -0.16236085 -0.26823187
v -0.10394580 -0.00007131 0.23871855
v -0.26347995 -0.11320327 -0.20627132
v 0.26346081 0.19929130 0.48289379
v -0.06502105 0.36038300 -0.20014432
v 0.31490481 -0.04103333 0.35334489
v -0.42397606 -0.28739759 -0.34286767
v -0.24432191 0.00542098 0.58448327
v 0.01939797 0.50187451 0.36855075
v 0.32208216 0.12423097 -0.19969572
v -0.42373753 -0.24827805 -0.20532443
v -0.00230032 -0.29049695 -0.22584195
v 0.34069854 -0.01659789 0.41620839
v 0.52252626 -0.25468466 -0.39935112
v 0.14935230 -0.20978566 -0.43964106
v 0.24908426 0.26697004 0.84326422
v 0.17683364 -0.14610024 -0.13259406
v 0.23665635 0.26762593 0.85654163
v 0.11877283 0.08471237 0.33525798
v 0.33914915 0.08647542 0.21691260
v -0.04563395 0.09506088 0.27524671
v 0.06063372 -0.08148074 0.07218745
v -0.22991580 0.10065351 0.46627262
v 0.56093949 -0.07458512 -0.23782706
v -0.42184442 -0.05633612 -0.34195721
v 0.04903479 -0.10025183 0.02911199
v 0.34506646 0.09159461 0.44013020
v 0.59459823 -0.23302075 -0.50665474
v 0.54495907 -0.28623018 -0.39466614
v -0.52208817 -0.42209780 -0.30538636
v 0.07420897 -0.37849635 -0.32620141
v 0.18780063 -0.12130661 -0.30449685
v 0.20828509 0.06164115 0.62978917
v 0.19496378 0.04151659 -0.48027906
v -0.56277728 -0.49785864 -0.43759045
v -0.00056841 -0.48936599 -0.29328284
v -0.54727459 -0.41753271 -0.48917428
v -0.19653511 0.29226026 -0.31822908
v -0.27131253 -0.06756128 -0.15941998
v -0.50228554 0.01129627 0.83033115
v 0.51331997 -0.05785869 -0.22254507
v -0.35694632 -0.10560986 -0.16222864
v 0.25311276 0.07827733 0.85190439
v -0.33241683 0.00942553 -0.34839225
v 0.48945683 -0.13552341 -0.42511031
v -0.58457869 -0.25671381 -0.25896904
v -0.41851959 0.02524897 0.77372545
v 0.61592871 -0.29430646 -0.34736291
v -0.10542706 0.33588338 -0.15517896
v 0.28818402 -0.02563900 0.45458707
v 0.24213608 0.09344304 0.11339588
v 0.00313066 0.37973017 0.37464866
v -0.22651218 0.19569764 -0.40687758
v 0.03950077 0.35781339 0.35220239
v -0.20235763 -0.05251705 -0.09861249
v -0.07790003 -0.16850637 -0.18986845
v -0.19880384 0.11551460 0.06274220
v -0.35227507 0.09103481 0.22860676
v 0.04637464 0.32978496 0.26863900
v -0.27633142 -0.01092357 0.47043577
v 0.33110067 0.12365645 0.43182671
v -0.19503284 -0.00066071 -0.06152257
v 0.27049199 0.02514375 -0.40203163
v -0.37528461 0.08778448 0.40685120
v -0.53221267 -0.46175474 -0.31994939
v 0.02962786 0.30124080 0.02152175
v 0.16210416 -0.26440609 -0.56901544
v -0.23665497 0.15839896 -0.41029450
v -0.03019024 0.55067217 0.43996477
v -0.37762547 0.10843296 0.71211851
v 0.42584288 -0.18142021 -0.23258033
v 0.20357871 0.18981318 -0.05585602
v -0.20213094 -0.07965313 -0.10617924
v 0.48368362 -0.11845977 -0.18154034
v -0.37414852 0.14498150 0.85344952
v 0.36368743 0.06426118 0.27324152
v -0.12412656 0.22535299 0.26772961
v -0.22821946 0.13185458 0.79191154
v 0.15496071 0.10105849 0.60366696
v -0.46782771 -0.16381735 -0.39475811
v -0.03543855 0.29865813 0.29893813
v 0.13921757 0.35152301 -0.24703340
v 0.35621861 -0.03229068 0.83027554
v 0.33313724 0.13537692 0.47137243
v -0.20830131 0.15337229 -0.09419431
v 0.10725322 0.01764526 -0.56824231
v -0.06382252 -0.17315651 -0.16193983
v 0.17439492 0.23780769 -0.06925488
v 0.33863097 0.00516746 0.27419677
v 0.07311887 -0.20201582 -0.52846688
v -0.20434214 0.10101178 0.66306788
v -0.25840098 0.13714279 0.43774337
v -0.58155298 -0.52976424 -0.31811634
v 0.18283476 0.09717374 0.65394962
v 0.32681254 0.04311207 0.85741550
v 0.19064356 0.00700158 0.10984205
v -0.23281878 0.13010532 0.43669626
v 0.04777290 -0.17169923 -0.23183928
v 0.26533294 0.20001601 -0.35771698
v 0.25347593 -0.08857693 -0.20831469
v 0.36056408 0.12709950 0.34489515
v -0.14746597 -0.01803570 -0.49291608
v 0.32796690 0.09396242 -0.16177906
v -0.28274000 -0.04444337 0.37182635
v -0.16263366 -0.01464990 0.31501114
v -0.00860366 -0.19756950 -0.54654336
v 0.25882730 0.16824841 0.84979630
v 0.24638514 -0.01329865 -0.11826514
v 0.26687515 0.23121196 -0.28171328
v 0.43649220 -0.16298741 -0.20789495
v 0.31718096 0.13572995 0.70530850
v 0.15412255 -0.23980427 -0.61965400
v 0.33194783 0.15771945 0.67908883
v 0.16346505 -0.10298239 -0.43469286
v 0.37787297 0.03462331 0.37571496
v 0.16119345 0.34326777 -0.28317389
v 0.11153266 0.35749677 -0.22438611
v 0.08223631 -0.14388561 -0.06167699
v 0.14488515 0.00461010 0.32388151
v -0.14757693 -0.13782702 -0.42065984
v 0.61952889 -0.07961277 -0.31069037
v 0.11407007 -0.05912520 -0.54980785
v -0.18865658 -0.01591283 -0.06059667
v -0.35806310 0.03702211 0.24856938
v 0.23880622 0.27223012 -0.29230550
v -0.20408598 0.28987548 -0.30499071
v 0.13202792 -0.15044159 -0.27832913
v 0.29243678 0.12315687 -0.35056144
v 0.25336009 0.19439122 0.37848759
v 0.41263416 -0.13329263 -0.22670990
v -0.11313182 -0.15993552 -0.32049853
v 0.20586026 -0.29960757 -0.62753791
v -0.41120988 -0.07065998 -0.17878686
v 0.30402529 0.01875774 0.81833166
v 0.18952569 0.06664651 0.03148371
v -0.39456013 -0.00996092 -0.32235283
v -0.58675128 -0.37140489 -0.29283458
v 0.06540687 0.03761900 -0.58689946
v -0.50655454 -0.51098138 -0.44433877
v -0.52782214 -0.13077432 -0.30904087
v -0.02729644 -0.33603713 -0.42221028
v -0.09606472 -0.27784073 -0.32619864
v 0.17171723 0.23280536 0.01001491
v 0.50716555 -0.04527010 -0.32415983
v -0.03268404 0.04058043 -0.59332991
v -0.11259793 -0.16242628 -0.21623774
v -0.44673294 -0.32510009 -0.32069150
v -0.33419633 -0.04786487 0.39983830
v 0.11745466 0.14039859 -0.55697942
v 0.14048979 -0.26380816 -0.61298734
v 0.11391491 -0.21819112 -0.33283612
v -0.05024948 0.37095815 -0.25596461
v 0.31340146 0.18663789 0.49197423
v 0.39571461 -0.03182934 -0.31795278
v 0.24320959 0.00965829 0.81307077
v -0.19328292 0.29994634 -0.30605081
v 0.03482154 0.29618862 -0.50545490
v 0.11707749 -0.16924141 -0.52010530
v -0.06130605 -0.35450852 -0.31914881
v -0.56379330 -0.49345776 -0.40133944
v -0.47148263 -0.21515411 -0.41253978
v 0.23412229 -0.05172085 -0.10380023
v 0.43014023 0.05382926 0.84063828
v -0.27262437 0.21590939 0.85711122
v -0.30871063 0.17018093 0.36408228
v -0.23300835 0.18159765 -0.12764151
v -0.10562968 0.06762003 0.31262654
v -0.31580195 0.21000236 0.65701616
v -0.02757134 0.35212469 -0.38382477
v -0.27828789 0.14819670 -0.26266670
v -0.33322698 0.17631699 0.29798925
v 0.05713396 -0.37713271 -0.24912684
v -0.00727925 -0.11177148 -0.56081355
v -0.07669829 -0.20922679 -0.32419777
v -0.15694542 0.18229719 -0.50436056
v 0.03836264 0.29227570 0.10400932
v 0.06361100 -0.15786622 -0.53825659
v 0.25287259 -0.01424159 -0.41294017
v -0.03803787 -0.40674120 -0.25504327
v -0.34135911 -0.00658914 0.26214316
v 0.56327486 -0.03934582 -0.33803570
v -0.20321006 0.17605913 0.82943755
v -0.45994988 -0.24080285 -0.19160733
v -0.55762047 -0.32548454 -0.42399269
v 0.63337302 -0.34823790 -0.48768356
v -0.20493908 0.03136240 -0.06611460
v 0.40373319 -0.10445855 -0.29637122
v -0.06079055 -0.23070335 -0.58439165
v 0.27729559 0.11509228 -0.15182160
v -0.02513369 -0.12086648 -0.55292070
v -0.17074879 -0.32536662 -0.63522029
v -0.17786199 0.05719751 -0.00703373
v -0.28687188 0.10950298 0.14750969
v -0.57286644 -0.54174149 -0.27604541
v 0.20313770 0.15140481 -0.49232712
v 0.51951331 -0.31683362 -0.56046748
v 0.14839523 -0.14721224 -0.09450778
v 0.23600282 0.07596868 0.76455802
v -0.60159540 -0.39458287 -0.29266787
v -0.55389243 -0.20915356 -0.40219149
v -0.06849881 -0.31326264 -0.40244204
v 0.28980377 0.05359817 -0.37512317
v -0.23255798 0.18224467 -0.13008581
v -0.23881432 0.22451380 0.19661118
v 0.38362285 -0.09767105 -0.15935273
v 0.00260987 -0.11919334 -0.04817683
v -0.24927127 0.21508260 0.76942533
v -0.12127932 0.34889740 -0.26367724
v 0.22389807 0.27476218 0.74705005
v 0.15943478 0.20617989 0.85027301
v 0.52406889 -0.28266391 -0.55232120
v 0.09559396 -0.40638706 -0.26632252
v -0.53989285 -0.15407181 -0.24805619
v -0.33568347 -0.00653699 -0.15158504
v 0.63591582 -0.16176684 -0.28136623
v -0.36409584 -0.23085333 -0.28032455
v 0.16395892 -0.09511483 -0.43640235
v -0.24560247 0.18021925 0.38492554
v 0.59496737 -0.17344694 -0.23800781
v 0.26359835 0.16299161 -0.16727605
v 0.26622400 0.18080263 0.18261579
v 0.16238125 -0.04494536 -0.49623877
v 0.32776719 -0.09244207 -0.23583181
v 0.57524818 -0.19606586 -0.45928466
v -0.12143771 0.01841702 -0.52088755
v 0.22415242 0.21179977 0.20351550
v 0.01915331 0.30444089 0.02294403
v 0.37869680 0.07296664 0.33470401
v -0.22801332 0.19795023 0.77372593
v -0.24739392 0.10789388 -0.11726208
v -0.20762676 0.10519967 0.68974161
v 0.11768956 0.14095180 0.32681453
v -0.35733587 -0.17950802 -0.29893962
v 0.29410917 -0.02345550 0.84496349
v -0.18040320 0.15789559 -0.02304929
v 0.52843273 -0.04561868 -0.33458918
v 0.27071309 0.13984339 -0.16406989
v -0.47404715 -0.09763417 -0.22578251
v 0.25592887 0.00563403 0.84858257
v -0.36158988 0.06883337 0.24938384
v 0.25913909 -0.05169311 -0.35439193
v -0.27679324 0.10538470 -0.35905266
v -0.05021747 -0.16112040 -0.23666298
v 0.63287443 -0.42949980 -0.42126259
v -0.56827849 -0.53582007 -0.38272414
v -0.27641827 -0.03708985 0.39595997
v -0.13275310 -0.28009924 -0.65822583
v -0.28719440 0.21211286 0.59820765
v -0.09737062 0.24186277 0.20911296
v -0.38895339 0.03141918 0.35677263
v -0.31637779 -0.11104076 -0.33689797
v -0.17602080 0.05364813 -0.00715174
v 0.24249429 0.22351243 0.30367756
v -0.30321425 -0.01879164 0.51147425
v -0.39000791 -0.01769445 0.37359130
v 0.39483961 0.04551424 -0.15782095
v 0.28976873 0.21841793 0.50425005
v 0.13651288 0.08744067 0.36201531
v -0.01110631 0.31601200 0.00078371
v 0.15709160 -0.00833849 0.32621944
v 0.19520496 0.21142022 -0.06555843
v 0.03522524 0.20486158 -0.56707835
v 0.61359793 -0.42668664 -0.41876116
v -0.22814420 0.00193306 0.55782658
v 0.14785771 -0.18997854 -0.48782527
v -0.56951284 -0.15178077 -0.34844321
v -0.11156360 0.00043456 0.24943370
v 0.31897882 0.02786898 0.21764587
v -0.03450608 0.27408203 0.19619009
v -0.19932656 -0.01614853 -0.07028585
v 0.35581270 0.18505254 0.59322846
v -0.60703945 -0.44344959 -0.35467559
v -0.58419979 -0.36558098 -0.41939792
v -0.03862760 0.13878155 -0.58297598
v 0.33900198 0.04138640 0.56833708
v 0.17909724 -0.14359349 -0.20657794
v 0.03379773 -0.08881089 0.06143043
v -0.08813884 0.02935799 -0.56799328
v -0.01616351 0.30110815 0.02846240
v -0.03050999 0.00557555 0.24640018
v 0.33216602 -0.00978190 0.82277989
v 0.23686999 -0.03138428 0.24467319
v -0.07646945 0.12862745 0.31055734
v -0.12317749 0.09053273 0.36173168
v 0.39557323 0.08959019 -0.21130052
v -0.50872904 -0.40732437 -0.32581535
v 0.12054416 -0.17675407 -0.52689153
v 0.00122821 0.28139433 -0.52043569
v -0.39994240 0.00408430 0.40723971
v 0.04563629 -0.28987819 -0.22805874
v 0.30365777 0.14074558 0.72704667
v -0.03327329 0.32320336 -0.10499312
v 0.31461692 0.19119272 0.76909989
v 0.09587529 -0.35236987 -0.38046876
v 0.06049172 -0.32260528 -0.41616902
v 0.20218182 0.08748917 0.06243058
v -0.13140167 0.34072143 -0.19673304
v 0.07356557 0.15546192 0.28281504
v -0.03330544 0.37469351 0.34551343
v -0.57085294 -0.47827396 -0.27725232
v 0.01274686 0.35159296 0.26810953
v 0.63542497 -0.35004422 -0.37234768
v 0.41974786 0.06667548 -0.24600348
v -0.24547228 0.00652620 0.43380788
v 0.35587722 0.10290170 0.54320556
v -0.50131631 -0.40729898 -0.48019806
v 0.29206914 0.01174958 0.20396319
v 0.11990124 0.32665250 -0.42515057
v -0.46613550 -0.17155115 -0.19217198
v 0.19963743 0.27037045 0.69399518
v 0.35590741 0.17768626 0.60355669
v 0.58997029 -0.18690716 -0.43754962
v -0.20504373 0.27757505 -0.24814531
v 0.23074003 0.06318704 -0.44004276
v -0.49876997 -0.44640258 -0.46431306
v 0.22491722 0.25415009 0.85250944
v -0.00973899 0.35908806 -0.16411805
v -0.06975166 0.28038019 0.11904867
v 0.13779047 0.12081165 -0.54909581
v 0.35869297 0.14767672 0.57128358
v -0.33651048 0.05669683 -0.30911249
v -0.12471807 -0.08602911 -0.51476580
v -0.25622681 0.08602324 0.79552388
v 0.03870917 -0.17869116 -0.23044272
v 0.62907457 -0.17670497 -0.28018808
v 0.25637779 0.22231811 0.30394325
v -0.08896496 -0.17900290 -0.31642482
v -0.11612727 0.25706035 0.10653947
v 0.04992757 0.28798148 0.29799485
v -0.35737622 0.04446973 -0.31431615
v -0.15397353 0.11183228 0.38692844
v 0.61458117 -0.44009367 -0.46268779
v -0.51728028 -0.14251454 -0.23653756
v -0.47418153 -0.26304191 -0.19824092
v -0.26367697 0.16556737 -0.21525446
v 0.27485695 0.04651942 0.62136811
v 0.23202361 -0.02867899 -0.09479980
v -0.06397676 -0.17143148 -0.17191698
v 0.01886913 -0.41095313 -0.34528598
v 0.06823873 -0.35373315 -0.25174847
v -0.50022745 -0.59841126 -0.36806080
v 0.61939740 -0.17493021 -0.41554168
v 0.05508285 0.04981497 -0.59265208
v -0.32049236 0.20909779 0.63178140
v 0.05727030 0.29072890 0.10729764
v 0.24370928 0.03697977 0.58993584
v 0.34661776 0.13536434 0.36525941
v -0.07471487 -0.04071223 0.08859942
v -0.04336784 -0.10981182 -0.04420847
v 0.03692466 -0.15477496 -0.13038227
v 0.18534788 -0.01462082 0.36381024
v 0.37544525 0.04147696 0.38861439
v 0.17231521 0.11225163 0.51333374
v -0.07577276 -0.26197556 -0.48946601
v -0.21217972 0.15763721 0.67524362
v 0.39460599 -0.11001077 -0.17434710
v 0.61988926 -0.19770439 -0.41386268
v 0.52861917 -0.07546726 -0.37806359
v -0.03828197 -0.05599802 0.13752712
v -0.39486259 -0.23770404 -0.22225966
v -0.16946988 0.20435436 0.04869419
v 0.18258119 -0.13715655 -0.22026016
v -0.13798231 0.00411759 0.06920144
v 0.15272363 -0.19426277 -0.48746452
v -0.25858110 0.08812355 0.81672943
v -0.04339563 -0.34721780 -0.36069113
v 0.16013885 -0.15290844 -0.19203250
v 0.25681925 0.24153197 -0.30736503
v -0.29340801 0.21405989 0.70019913
v -0.18168077 0.22425395 0.14010577
v -0.04905365 -0.22330493 -0.28070256
v 0.35085949 0.07655621 0.23442926
v -0.48300424 0.06651425 0.85090184
v -0.35437852 0.11816737 0.23575270
v -0.17548110 0.13401712 0.40217781
v 0.36161119 0.03508326 0.47041887
v -0.53696716 -0.36189085 -0.26191521
v -0.41278008 -0.30157408 -0.37428007
v 0.04007833 0.30622700 -0.05222623
v 0.25876835 0.06873922 -0.10545643
v 0.10398596 -0.16455804 -0.11072584
v 0.28493038 -0.02922842 0.43818852
v 0.25509974 0.18251896 0.85046601
v 0.14507283 -0.14906040 -0.36636642
v 0.22252046 0.29568204 0.83062828
v -0.14947592 0.23580208 0.06183618
v -0.01906021 0.17197369 -0.57818949
v 0.08683352 0.28382826 0.11102416
v 0.64781696 -0.36896715 -0.43710229
v -0.18283914 -0.08883214 -0.09071795
v -0.09146933 -0.31925130 -0.55176997
v 0.19690150 -0.13668114 -0.14990124
v 0.02844021 -0.14692199 -0.17577252
v -0.07281671 -0.03051224 -0.57459021
v 0.07198501 -0.40354130 -0.31750071
v -0.31882432 0.04513733 -0.16719191
v 0.19274196 0.24198177 0.60158741
v -0.00232061 0.49512902 0.32997465
v 0.09839994 -0.15267012 -0.52183181
v 0.17863187 -0.15207250 -0.40225258
v -0.23849490 -0.04656166 -0.14994645
v 0.60155326 -0.22593768 -0.25927588
v -0.45288044 -0.03084634 0.85434330
v 0.62262338 -0.37796697 -0.49555427
v -0.03533705 -0.24851169 -0.26112813
v -0.44949058 -0.10019182 -0.33527708
v 0.33168370 0.17788552 0.69930732
v -0.37449503 -0.17472112 -0.20902625
v 0.13640846 0.07790460 -0.55735272
v -0.13086110 -0.13733652 -0.07359774
v 0.07216198 -0.08023464 -0.57614768
v -0.33907089 -0.02057765 0.52657109
v -0.27455673 0.19866414 0.17565288
v 0.09713803 -0.15873434 -0.25408760
v -0.21680699 -0.03293816 0.34711772
v -0.05576892 0.01176079 -0.58264744
v 0.49174842 -0.03669631 -0.20205940
v 0.25579441 0.22572438 -0.33693242
v 0.25100255 0.26899514 0.83206737
v 0.17604797 0.23164035 0.72795177
v 0.33440727 -0.02993220 0.34649432
v 0.12391039 -0.14881866 -0.30249786
v 0.36630899 0.01282006 0.35035741
v 0.17688745 0.01310561 0.09458219
v 0.21836457 0.03027749 0.54080886
v -0.47869548 -0.07819705 0.84508789
v 0.05981724 -0.10842533 -0.54126233
v 0.04006048 0.35929760 -0.38810033
v 0.04427387 0.36858967 0.30098701
v 0.23497394 0.15491669 0.14390686
v -0.06654664 -0.15594901 -0.20322916
v 0.54137611 -0.32380742 -0.51546812
v 0.27405509 0.18014531 -0.35963503
v -0.06329141 -0.14704546 -0.21019866
v -0.26821205 0.07354599 0.82551557
v -0.25327027 0.00001364 0.57506579
v -0.06123707 0.35773730 -0.36464706
v -0.10363626 0.33219653 -0.38701776
v -0.14962018 -0.24453543 -0.55988061
v -0.14796090 -0.16947207 -0.39431947
v 0.25429389 0.25419760 -0.27650678
v 0.54637390 -0.29811466 -0.57405967
v 0.12470298 0.27822605 -0.49177185
v 0.15867692 -0.19582771 -0.39280879
v 0.14733998 -0.22408947 -0.43983775
v -0.35510349 0.03114850 0.24544477
v -0.42896229 -0.15239204 -0.37739474
v -0.29493409 -0.12848720 -0.31636113
v 0.13811205 0.26689261 0.07966252
v -0.46065828 -0.27428040 -0.20387761
v -0.38436353 -0.08042957 0.85133994
v 0.15441968 -0.15253700 -0.11502645
v -0.14960201 -0.01448419 0.27654228
v 0.35429192 0.07423882 0.24243064
v -0.17906389 0.11138789 -0.02449753
v 0.35867697 0.04105109 0.47493330
v 0.26069862 -0.01979011 0.45726788
v 0.10063711 -0.15212967 -0.20260686
v -0.21421196 0.16061918 0.67542887
v -0.08805711 0.26883012 0.12482344
v -0.02262754 0.43336862 0.36864072
v 0.21386233 -0.00653197 0.18216090
v 0.17619814 -0.07262241 -0.42927092
v 0.58718306 -0.36192948 -0.39176634
v 0.52041090 -0.25372615 -0.53112155
v 0.07684678 -0.07404970 0.06483296
v 0.56147105 -0.34545714 -0.45617846
v -0.23892571 0.16578883 0.12693582
v 0.24731682 0.25357640 -0.33071584
v 0.33582637 0.13382664 0.48554626
v 0.16727422 -0.09428724 -0.04427727
v 0.48673719 -0.07661798 -0.18134543
v 0.20527534 0.06742024 -0.01691410
v 0.16032302 0.19284077 0.58394861
v 0.06852905 -0.43221906 -0.31255510
v -0.14773133 0.11582147 0.38080335
v 0.22065234 -0.12241793 -0.29435381
v -0.16855797 0.02203955 0.09611497
v -0.02291994 -0.11685014 -0.05928002
v -0.27747902 -0.12439436 -0.21136950
v 0.20702744 0.26643631 0.65818083
v 0.21065807 0.14307544 -0.48611379
v 0.44652486 -0.02877976 -0.32366008
v 0.24054299 0.17965943 0.44281840
v -0.14404748 -0.10695778 -0.05903513
v 0.20296828 -0.01370410 0.20209332
v -0.25642699 0.07229805 -0.14232564
v 0.05823572 0.37451994 -0.30156437
v 0.35804895 -0.04303085 -0.32246035
v 0.61690152 -0.20456512 -0.26720601
v -0.22472678 -0.12983885 -0.31522992
v -0.09740645 0.02416523 0.26467305
v -0.24186458 -0.11405954 -0.29174817
v -0.02603706 -0.13728796 -0.06574603
v -0.02985599 -0.42527357 -0.25709340
v 0.26711845 0.09237920 -0.11494487
v -0.35285646 -0.17241555 -0.22474737
v -0.22096801 -0.03046915 -0.11189191
v -0.37334263 0.18103410 0.58649033
v 0.48316297 -0.21615118 -0.42265931
v -0.06888846 0.29873776 -0.47466978
v -0.28169706 0.02236139 -0.34478691
v 0.28621715 -0.04350263 0.30369598
v -0.12964265 0.12526728 0.36827353
v -0.11502023 0.34308368 -0.18166223
v -0.03223931 -0.18274680 -0.55007750
v 0.27054265 0.24362577 0.84868473
v 0.34961727 0.12099544 0.58904701
v -0.38738170 -0.05872035 -0.16860864
v 0.16203687 0.33674505 -0.32829574
v -0.18404937 -0.14958270 -0.18907221
v 0.01542335 0.12154329 -0.59291410
v -0.16582559 0.02166649 0.09560966
v -0.03954918 0.32364321 -0.11004267
v 0.04883144 -0.06717786 -0.58839166
v -0.58909696 -0.21147402 -0.38153192
v -0.24593019 0.21845904 -0.21026845
v 0.30200362 0.19175895 0.33962253
v 0.28322524 0.01409602 -0.13476780
v -0.48638338 -0.36534238 -0.30640993
v 0.01370709 0.40108591 0.29660773
v -0.23699869 0.22591998 -0.20184515
v 0.27389219 -0.02158744 -0.14094904
v -0.10098971 -0.03068099 0.03609034
v 0.19266289 -0.21799350 -0.59399211
v 0.09100776 -0.16556276 -0.16246013
v 0.22841240 0.00682913 -0.07702808
v 0.04862262 0.27855629 0.16026589
v -0.19771396 0.08741938 -0.47206417
v 0.21289390 -0.00787440 0.42452908
v -0.25627786 0.01907624 0.17306340
v -0.03110446 -0.41998339 -0.26094666
v 0.07092205 0.32104224 -0.45784467
v 0.20144746 0.16811801 0.02019068
v -0.18223003 -0.07210382 -0.43810478
v 0.14812802 -0.30246946 -0.55384576
v -0.25203645 0.18403888 0.37533906
v -0.36215058 -0.15523310 -0.18468414
v 0.02697735 0.41521791 0.31110236
v -0.02901987 -0.34683409 -0.42027926
v -0.25515679 0.20542407 0.70645934
v -0.08020885 0.15166913 0.30390719
v 0.33708623 0.00396942 0.27370077
v -0.17064489 -0.10943125 -0.08674908
v -0.20058537 0.03919144 -0.43988043
v 0.32612315 0.08614102 -0.15763748
v 0.17749061 0.15664978 0.40178078
v -0.12853384 -0.25633779 -0.55401182
v -0.26852697 0.20699610 0.32635364
v 0.20193040 0.27869898 -0.15063573
v -0.20583479 0.15483333 0.64136773
v 0.12475332 0.15358549 0.32423010
v 0.30203199 -0.08379239 -0.24718422
v 0.17706765 -0.13833979 -0.11303359
v -0.23456073 -0.07560575 -0.37688193
v 0.51493216 -0.07725832 -0.20828018
v -0.33853903 0.05006821 0.69066733
v 0.20286287 -0.12212450 -0.31016552
v 0.04084445 -0.29007459 -0.48519319
v -0.57061601 -0.32647815 -0.40774268
v 0.18769903 0.22858293 0.57906681
v 0.45420718 -0.17724553 -0.33520809
v 0.01343697 0.19177127 0.25829968
v -0.54591072 -0.54710114 -0.39106452
v 0.01628060 -0.49690738 -0.27438027
v 0.20811661 0.11299536 0.70311010
v 0.20818123 0.03993925 0.57045412
v 0.55684394 -0.12610576 -0.42954129
v 0.24046694 0.00621977 -0.09369329
v -0.35570344 0.07142314 -0.24950248
v 0.35140908 -0.00060603 0.79840970
v -0.21068594 0.01009575 -0.43106574
v -0.44054267 -0.26284653 -0.20191607
v 0.47852951 -0.21353015 -0.41918215
v -0.24569975 0.11000794 -0.42079327
v 0.03720263 0.35738322 0.28272161
v 0.13132010 -0.26421204 -0.47244975
v 0.19939695 0.11794311 0.80528688
v -0.24877304 -0.04285226 0.31616229
v -0.47654083 -0.12338656 -0.35855770
v -0.32878965 0.01412443 0.77531570
v 0.29693934 0.06165447 0.85300887
v 0.20768605 -0.12523504 -0.31008160
v 0.26924458 0.06714868 0.14529891
v 0.29733095 0.22783920 0.51691020
v -0.59892488 -0.31192777 -0.34541097
v 0.38815400 -0.04435391 0.86259454
v 0.16035865 0.18940893 0.57856357
v -0.29139024 0.04432895 0.80741775
v -0.00049384 0.06666432 0.25705907
v 0.17468639 -0.10798173 -0.06802145
v -0.09024040 -0.12187780 -0.03595539
v -0.32884306 0.05474054 -0.17408659
v -0.17333531 -0.11081117 -0.09755583
v -0.10264429 0.35345030 -0.25380918
v 0.35456377 0.10032627 0.58266681
v -0.26105729 0.03515460 0.66582149
v 0.21402654 -0.00103354 -0.04546747
v 0.23251882 -0.03811550 0.37641385
v 0.16268657 0.11308264 0.41128951
v 0.18210401 0.14230649 -0.51167768
v -0.43204373 -0.28228211 -0.26649931
v -0.00214640 0.19526960 -0.57029140
v -0.34584293 -0.02638818 0.84920067
v -0.42309248 -0.02138173 0.84304547
v -0.02895758 0.55517668 0.39175555
v 0.32450020 0.03758970 -0.13687834
v -0.09262285 0.20541412 0.26768002
v 0.65112638 -0.27930817 -0.38330868
v 0.24278307 0.17086741 0.84880942
v -0.51611578 -0.12441998 -0.27494091
v 0.27488923 0.21386474 -0.25519612
v 0.27215278 0.15225253 -0.18132222
v -0.04135894 0.09331927 0.27221411
v -0.38808030 0.03132519 0.58640063
v -0.56407338 -0.43015254 -0.46904698
v 0.10354481 -0.39737448 -0.27863476
v -0.00573604 0.23246200 0.27228054
v 0.23929469 0.27067083 -0.21598525
v -0.53638399 -0.15691647 -0.37527221
v 0.33922133 0.05113897 0.57792854
v -0.48378479 -0.10089320 -0.29021451
v -0.33196813 0.06722264 -0.29978231
v -0.24144858 0.23535305 0.24151096
v 0.23894680 0.26128945 0.85663378
v -0.35949814 0.13115825 0.27436972
v 0.35850120 0.15207796 0.52975547
v -0.23267069 0.08636558 0.71611989
v 0.04906810 -0.11630730 -0.54189873
v 0.30694488 0.00965881 0.82462382
v 0.09159236 0.35854542 -0.21356860
v 0.16281329 0.22937123 0.11491738
v -0.38724959 -0.04330179 0.41190311
v 0.25708798 0.03910915 0.59894651
v 0.27513391 0.19675733 0.85210812
v -0.60992950 -0.44128096 -0.31288481
v 0.18262406 0.00351478 -0.47308490
v 0.33427361 0.09353348 -0.32206097
v -0.36919081 0.11452257 0.29480991
v 0.02140586 -0.08081640 0.09014902
v 0.28759950 0.20773135 0.31307921
v -0.34737548 -0.04810959 0.38167435
v -0.55704534 -0.23420683 -0.41589639
v 0.17039305 0.10928718 0.41919622
v 0.16526212 0.15464160 0.39047924
v 0.15619262 -0.14347479 -0.09559397
v 0.07710048 -0.28055874 -0.26360765
v 0.29487148 0.12593178 0.71742362
v -0.12344586 -0.33026168 -0.61721414
v -0.19306006 0.22769439 0.31059182
v -0.42786753 0.00609292 0.78365082
v 0.21093310 0.28155512 -0.38171431
v -0.16530110 -0.14576927 -0.30659881
v -0.04289910 -0.03928350 0.17228319
v -0.25175914 0.13058588 -0.13349548
v 0.20948073 0.22609846 0.30003741
v -0.09029291 0.35559964 -0.21029912
v 0.48649421 -0.11641108 -0.40716362
v -0.03833456 0.36948836 -0.22798941
v -0.09979969 0.00022052 -0.54871607
v 0.14807275 0.26785296 0.03026435
v -0.01396109 0.22639237 -0.55567151
v -0.08035565 -0.16909207 -0.50135976
v -0.18403405 -0.13505456 -0.13837031
v 0.44113994 -0.17630014 -0.28815413
v -0.27611113 0.05345471 -0.33618090
v -0.22197202 0.16670717 0.72569323
v 0.14334722 -0.07901019 -0.52679682
v -0.03681852 0.35061154 0.31063870
v -0.47858757 -0.46519479 -0.50787258
v -0.48850685 -0.44366136 -0.48197213
v 0.05158435 0.02747094 -0.58746493
v 0.20861368 0.29372835 -0.25217986
v 0.60204005 -0.24157816 -0.27254260
v 0.00786004 -0.04459127 0.20922674
v -0.02822452 0.39995238 0.31059822
v 0.55530930 -0.15283844 -0.20248666
v -0.28809038 0.10136759 0.15245318
v -0.05720451 -0.17076291 -0.54094797
v 0.26179469 0.20587668 -0.17650166
v 0.23979600 0.05793495 -0.08799750
v -0.33856598 0.20584695 0.56212044
v -0.29227242 0.20871341 0.73069596
v 0.19479118 -0.23175924 -0.53739429
v 0.17123258 0.22819313 0.23647510
v -0.29745892 0.00836127 -0.14940546
v -0.50026274 -0.13673116 -0.23271894
v 0.08481377 -0.07785182 0.03048762
v -0.09291624 -0.17517622 -0.15955590
v -0.26676354 -0.03305316 -0.15314399
v 0.33760780 0.01272067 0.25952053
v -0.48980641 -0.14584967 -0.21391715
v 0.34831262 0.19004776 0.63122845
v -0.16230482 -0.13797021 -0.24141335
v -0.17845507 0.18102723 0.03427575
v -0.51114476 -0.52695006 -0.45624343
v -0.51131588 -0.53704196 -0.45852640
v -0.41704693 -0.07094815 -0.34801453
v 0.12340254 -0.16760650 -0.33933309
v 0.00755676 0.12118425 -0.59497207
v -0.39852399 0.10134631 0.57654077
v -0.50478101 -0.45868450 -0.47369727
v 0.36204651 0.12230636 0.30916217
v 0.51539785 -0.34120777 -0.58348328
v -0.57514232 -0.34721810 -0.28738227
v -0.09375215 0.35652286 -0.24681009
v 0.18186130 -0.06767810 -0.42493042
v -0.27341050 0.14684919 -0.31175205
v -0.42657766 -0.02450370 -0.30204278
v 0.05393596 0.34040672 0.30148396
v 0.02215710 0.11604732 -0.58916456
v 0.21628310 0.02299609 -0.05606978
v 0.19235663 0.12198215 0.69788617
v -0.34632120 -0.16753237 -0.30570281
v -0.24692672 -0.03429854 0.23726280
v 0.16736600 0.02091666 0.37925434
v 0.37536469 -0.01514532 0.81084740
v -0.59754360 -0.20020722 -0.26720992
v 0.27301207 0.27667302 0.69930732
v -0.20930326 -0.01838656 0.20033193
v -0.11040015 0.32371378 -0.11593982
v -0.19401672 0.13822463 0.05139592
v 0.29430020 -0.04754166 0.35917237
v -0.04709419 -0.22933435 -0.56718761
v 0.08089339 0.00796839 -0.58004075
v 0.18790148 0.05446816 0.56301892
v -0.37163040 0.10723168 0.35565105
v 0.15611091 0.26918599 0.84007382
v 0.19740051 -0.03171637 0.32684776
v 0.15251912 0.21162377 0.28314584
v -0.29096684 0.20257166 0.20332922
v 0.09482204 -0.43841100 -0.27000847
v -0.59797293 -0.31501153 -0.30034012
v 0.14881542 0.16201469 0.61777228
v -0.24436450 0.11626981 -0.11450746
v -0.26339385 0.00336133 -0.38594675
v 0.31708199 0.04398260 0.60067630
v 0.21946013 0.04156697 0.84570968
v 0.09422183 0.05135626 0.28301176
v -0.37118655 0.08076504 0.70464754
v 0.20657140 -0.03117978 0.25386173
v 0.24022424 -0.00236617 0.19000013
v 0.34754908 -0.10055013 -0.23299292
v -0.59365243 -0.37593240 -0.39041081
v 0.19122602 0.17645773 0.39053923
v -0.18622005 -0.00836825 0.35541117
v 0.50987989 -0.21498701 -0.44469115
v -0.48890477 -0.38871235 -0.38330185
v -0.38016558 0.07993659 0.37815693
v -0.33017907 0.21335453 0.82212055
v 0.05976784 0.26225874 0.24776237
v 0.49396044 -0.22627328 -0.35060054
v 0.23102053 0.07022835 -0.07245697
v -0.51684302 -0.60089797 -0.36890975
v -0.20818691 0.24003892 0.23130538
v 0.48330125 -0.23914486 -0.25412342
v 0.27645907 0.14175557 -0.39362526
v -0.20717031 0.04922652 0.61986792
v 0.38807845 0.05908136 0.85362393
v -0.45564604 -0.32451582 -0.29320541
v -0.55908102 -0.53004271 -0.31775117
v -0.05231842 -0.23285362 -0.57509649
v -0.31623930 0.14131720 0.44260663
v 0.25838986 0.19239372 -0.14388745
v -0.52901709 -0.44141695 -0.30149201
v -0.56106627 -0.14000404 -0.33174992
v -0.54058135 -0.50800091 -0.39300761
v 0.16124699 -0.01280121 0.23459473
v -0.09457155 0.05301987 0.28786558
v -0.35458440 0.17783558 0.74001652
v 0.16233669 0.07782627 0.56870878
v 0.07405084 0.30269039 0.01387418
v 0.32001343 0.20664468 0.72352606
v -0.34225419 0.02044119 0.61417037
v -0.08927822 0.34708658 -0.15993300
v -0.52876937 -0.45885834 -0.49554017
v -0.47227576 -0.09420987 -0.22508653
v -0.27224797 0.04443954 -0.34473601
v 0.29947340 0.13106398 -0.32566753
v 0.27227077 0.01537299 0.18691953
v 0.51829612 -0.03786847 -0.31052360
v -0.02765452 -0.34749794 -0.34867835
v -0.16966385 -0.02298685 0.26596868
v 0.26229730 0.06558168 0.14373824
v -0.32277548 0.13986881 0.40486369
v 0.33136028 0.15005040 0.38116300
v -0.23027480 0.16525976 0.51294166
v 0.28036878 0.08879866 -0.39561197
v -0.27413049 0.16907340 0.47476900
v 0.07768644 -0.14578187 -0.19876991
v -0.38852939 0.12290223 0.63839233
v 0.50389701 -0.15813088 -0.18285540
v 0.21306518 0.13691436 -0.00188962
v -0.41465196 -0.27117383 -0.32093745
v -0.03999947 0.07319510 -0.59466827
v -0.46650922 -0.32741100 -0.27934462
v -0.22237924 0.05954284 -0.09152183
v -0.41673917 -0.10314685 -0.35256407
v 0.06420067 0.35572800 -0.38202703
v 0.62675917 -0.28919432 -0.35361245
v -0.03624390 -0.42554128 -0.26694009
v -0.10789586 -0.26941335 -0.34202680
v -0.09516188 0.34496680 -0.35034385
v -0.01542844 -0.34047329 -0.41704080
v -0.05398942 -0.34543964 -0.38098067
v -0.19368097 -0.11630535 -0.12721416
v 0.19484267 0.18784267 0.37557369
v 0.60741580 -0.31811216 -0.52414280
v -0.20535211 0.24144362 0.25103369
v -0.18142676 0.06346032 0.02769485
v 0.05561309 -0.46784705 -0.25688481
v -0.19770817 0.20460929 0.35315070
v 0.12664837 0.12632476 0.35544255
v 0.15574574 0.23580454 0.23788503
v -0.02967591 -0.15868528 -0.09572060
v -0.18895777 -0.02794547 0.32086939
v -0.39979768 -0.24412715 -0.27630743
v 0.23274401 -0.03327367 -0.42063266
v 0.49978027 -0.20227109 -0.44814968
v 0.20229959 0.25754941 0.63218111
v -0.14380474 -0.25129637 -0.63821423
v -0.05203739 -0.26602802 -0.29199731
v 0.15669431 -0.14065576 -0.27752188
v 0.17197788 0.23556541 -0.06470715
v -0.02549225 0.12592021 -0.59159291
v -0.10792244 -0.09288952 -0.51062977
v 0.64963496 -0.17528208 -0.30397233
v -0.06015725 0.05090478 0.26120788
v 0.65191859 -0.37122190 -0.39296016
v 0.57004040 -0.35305965 -0.43338877
v 0.11646885 -0.06605209 -0.54958451
v -0.50445259 -0.27071461 -0.43563229
v 0.07084066 0.03289910 -0.58083361
v -0.36861038 0.12309674 0.31290227
v 0.23164117 0.10254666 0.74856597
v 0.34896469 0.06038838 0.80551821
v 0.65016198 -0.16820078 -0.35701564
v -0.19059946 0.10917119 -0.48025349
v -0.33413801 0.04172637 -0.32713360
v 0.63227600 -0.25536746 -0.44797426
v -0.50656670 -0.14575849 -0.22907297
v -0.17659600 0.03431735 -0.02614372
v -0.09473489 0.23005402 0.23171157
v 0.09510864 0.34653932 -0.16318467
v -0.57545704 -0.35929325 -0.43574533
v 0.16316187 0.19234419 0.70548576
v -0.37648332 -0.04843616 0.40849829
v -0.39839983 -0.20893700 -0.20991132
v -0.11360231 -0.03945369 -0.53459787
v 0.21068135 0.06940200 0.83834219
v 0.00268513 0.54106456 0.40438047
v -0.13460615 -0.16348784 -0.12518771
v -0.42357519 0.04425639 0.85239422
v 0.00004042 -0.24167100 -0.52779692
v 0.23137002 0.26652059 0.62518978
v 0.61401170 -0.17837651 -0.42193481
v 0.09367328 -0.29169774 -0.46282619
v 0.00408074 0.31349152 0.00988544
v -0.07934634 0.36461306 -0.26174855
v 0.14853971 -0.02031846 0.02163594
v -0.36548153 0.04450852 -0.30389172
v -0.22320364 0.15711303 0.10589229
v 0.18922026 0.31603462 -0.33277029
v -0.20147392 0.00791443 -0.44226018
v -0.07820804 0.34668458 -0.37329015
v -0.20962439 -0.03100693 -0.08777120
v -0.27845070 -0.12627071 -0.27148831
v -0.09705780 -0.19876373 -0.55158150
v 0.05276128 -0.14448294 -0.18340935
v -0.28498626 0.19947553 0.53654706
v -0.40728596 -0.04702620 0.83999121
v -0.16968761 0.21731424 0.32347524
v 0.31397101 -0.00466365 -0.33926004
v -0.47506070 -0.14506225 -0.37534088
v 0.60781026 -0.24418943 -0.49393430
v 0.42473975 0.05832296 -0.27178785
v -0.51855069 -0.45944577 -0.51821595
v 0.55067182 -0.31965956 -0.45693690
v -0.32965767 -0.02338820 0.79855603
v -0.07108203 -0.17465521 -0.14516082
v -0.07993585 -0.19391300 -0.56025785
v 0.16070881 0.03662446 -0.52526075
v -0.47829676 0.04240626 0.79782379
v 0.65565515 -0.12411342 -0.31717521
v 0.23827110 0.24349226 -0.37426785
v 0.13975155 -0.14004144 -0.23702815
v 0.28451520 0.15823190 -0.32295054
v -0.35672763 -0.04312554 0.37492156
v -0.06983615 -0.15999460 -0.51703948
v 0.21321023 0.14751956 0.07538968
v -0.49587250 -0.19064355 -0.40385035
v 0.16535601 0.18565312 0.35136232
v 0.25050768 0.01911468 0.16588745
v 0.34928149 0.16041410 0.80621874
v 0.37159371 0.06931112 0.29375684
v -0.30444634 -0.00710075 -0.35118848
v 0.18966742 0.21714118 -0.01808205
v 0.26589382 0.10636602 -0.11448421
v -0.31846371 0.18698607 0.30206320
v -0.10912050 -0.09297340 -0.49933517
v 0.32365718 0.12522176 0.18671110
v 0.56117451 -0.06778100 -0.24394192
v 0.04522446 -0.40185443 -0.34888977
v -0.49560213 -0.37745202 -0.32376519
v -0.07750905 -0.19166531 -0.32206106
v -0.07497881 -0.07324478 -0.56042230
v -0.10965351 0.18691078 0.30738142
v -0.32199612 -0.02625840 0.27215311
v -0.11708248 -0.14297923 -0.06981830
v 0.00281735 -0.33383191 -0.20206600
v 0.16117358 0.25413102 0.05723202
v -0.35912594 -0.00144361 0.28455651
v 0.25975314 0.01178664 0.18225940
v -0.23136975 -0.00620375 0.39747527
v 0.06925507 -0.01583559 0.20065711
v 0.23061980 0.19625300 0.84949273
v 0.27478525 0.07545368 -0.39645085
v 0.02039117 -0.00541029 0.25269151
v -0.20538549 -0.04158239 -0.09147447
v 0.24815112 -0.01844295 0.45030636
v 0.21897171 -0.12356008 -0.19010662
v 0.34751007 0.13308375 0.36996379
v 0.02548681 0.33477378 0.25592151
v -0.27403679 0.15080877 -0.30434468
v 0.39077461 -0.03840457 -0.31604087
v -0.39309511 0.01425914 -0.19954500
v 0.64249897 -0.15004176 -0.36891121
v -0.13872792 -0.12919821 -0.07388228
v -0.22256657 0.14639582 0.10077232
v -0.39961171 0.05690217 0.84865212
v -0.32877734 0.04017746 0.66004533
v 0.16376199 0.34050721 -0.27139884
v 0.59590220 -0.15252718 -0.23575090
v 0.12073478 -0.16352636 -0.11531307
v -0.58079302 -0.51137066 -0.37226069
v -0.21513315 0.17029749 0.60763228
v -0.01520148 -0.14958444 -0.09336240
v 0.24595204 0.15587193 0.15299819
v 0.01447041 0.28258702 0.15490462
v 0.52597874 -0.27005664 -0.35804945
v 0.23936819 0.14072841 0.13775787
v -0.12683024 -0.00353061 0.03133778
v -0.33485186 -0.03669217 -0.35304111
v 0.14954582 0.33756095 -0.21550971
v -0.04893563 -0.04540281 0.14603151
v -0.03331751 0.37006351 -0.32956666
v 0.34261689 0.10982929 0.76918215
v 0.32961765 0.10150697 0.76989138
v 0.33793089 -0.06668607 -0.30894929
v -0.30330026 0.21221037 0.60679877
v 0.52389902 -0.16151664 -0.44991642
v 0.22036305 0.28203091 0.69527632
v -0.05189785 -0.41803649 -0.29751855
v 0.17219938 0.23685206 0.76263070
v 0.00757976 0.32794088 -0.11010622
v 0.11227676 -0.11067269 -0.50001764
v -0.09783240 -0.28157899 -0.39314109
v 0.22478427 0.05180882 0.61212838
v -0.21088266 0.15253481 0.68453592
v -0.40439272 -0.07139241 -0.17723384
v -0.40614459 -0.06744319 -0.34814808
v -0.28678784 0.07273061 -0.16769990
v -0.11819109 -0.23965444 -0.35737503
v 0.22465269 -0.02485433 0.40223795
v 0.18497844 0.08594638 0.46687415
v 0.11030015 -0.32991821 -0.37671506
v -0.17891186 0.23165676 0.28189239
v -0.47161204 -0.20350479 -0.41174480
v 0.09254818 0.25503162 0.16834253
v -0.57271618 -0.52106124 -0.34684253
v -0.34539527 -0.16695170 -0.31434557
v 0.08640461 0.29835874 0.03191013
v 0.16464256 0.08664224 0.41166073
v -0.47057828 -0.05560523 -0.26069489
v -0.18523607 0.07805225 0.55392587
v 0.35683450 0.10450742 0.55763501
v -0.24189122 0.10938811 -0.42682639
v -0.12499242 0.26897287 -0.07288596
v 0.30755448 0.03330397 0.19579341
v 0.20521453 -0.12240730 -0.38161772
v 0.34480122 -0.04797638 -0.14139232
v 0.06949748 -0.26773357 -0.49546313
v -0.24119312 -0.06369430 -0.16069251
v -0.48298076 -0.02938115 0.82444590
v -0.26706401 0.22069605 0.28472406
v 0.54976451 -0.18083946 -0.45239013
v 0.51024407 -0.23147300 -0.21444274
v 0.37418735 0.06542191 0.31679970
v -0.42575562 -0.30273843 -0.37153673
v 0.24204601 0.26582754 0.85646576
v -0.00636829 -0.25356391 -0.51704597
v -0.15109304 0.22917755 0.00167963
v -0.14887600 -0.02848745 -0.49397248
v -0.13096549 0.23761222 0.24570610
v 0.64889890 -0.16628096 -0.30048287
v 0.20723310 0.11303781 0.77905929
v 0.04652287 -0.36561462 -0.23528869
v 0.02155724 -0.47810227 -0.31220141
v -0.58382905 -0.51253611 -0.35480809
v 0.22459292 -0.29730421 -0.65410936
v 0.15678325 0.11654557 0.62780380
v 0.25865924 0.12385347 -0.42539138
v 0.32044169 0.19087175 0.72642398
v -0.43759310 -0.29761690 -0.28432018
v -0.07595091 0.27586901 -0.49729908
v 0.16303162 0.09343954 0.53977323
v -0.23990250 0.00573796 0.50460660
v 0.06083217 0.13941956 -0.57764298
v -0.16111039 0.04009648 -0.49033859
v -0.22313204 0.17527828 0.57482260
v -0.36199135 0.02994870 0.25707835
v 0.50285727 -0.02512354 -0.24362583
v -0.45562741 -0.04514135 0.80415630
v 0.27384961 0.06805938 -0.40043601
v -0.56343049 -0.32083237 -0.24915142
v 0.10101812 0.26631340 0.13714589
v 0.28458935 0.19483359 0.48606250
v 0.21631242 0.11768302 0.02050872
v -0.23548496 0.08703376 0.11912589
v 0.34896579 0.04444551 0.54112273
v -0.28105256 0.20879728 0.58555835
v 0.00803353 0.36464038 -0.36168352
v -0.43519083 -0.27626923 -0.22508861
v 0.42461544 -0.13225134 -0.34556952
v 0.18738395 0.06851513 0.62092811
v -0.22906311 0.26110581 -0.30683824
v 0.17727308 0.22041225 -0.49064186
v -0.20806563 -0.14222229 -0.26914245
v 0.24366160 0.21357407 -0.14036319
v -0.04451472 -0.31904346 -0.44435126
v -0.60448968 -0.43363357 -0.28764224
v 0.49823996 -0.26108268 -0.25800923
v -0.45048183 0.04118393 0.85228556
v -0.54879606 -0.52905416 -0.43172953
v 0.12187201 0.01582014 0.30095536
v 0.45744759 -0.07893921 -0.35620144
v -0.20104779 0.16966073 -0.46139485
v -0.28459996 -0.01632574 0.51261622
v -0.16434167 0.14524932 0.38756225
v 0.42803407 -0.08140435 -0.32419667
v 0.18442516 -0.04784622 -0.03536881
v 0.15670566 0.34231487 -0.31393254
v -0.38711855 -0.02810993 0.45152196
v -0.09744518 -0.01963213 -0.55283999
v -0.21237452 0.02108172 0.51999569
v 0.17758158 0.24252272 0.72951263
v 0.07603943 0.24253689 0.22243705
v 0.35825980 -0.07272367 -0.30477929
v -0.29634100 0.10102333 -0.26499206
v -0.26846758 0.03781828 -0.34773725
v 0.11213751 0.26751527 0.12312916
v 0.13346373 0.07964443 0.35732290
v -0.06668095 -0.08163369 0.01419554
v -0.39736849 0.14001110 0.54866666
v -0.24744377 -0.04415584 0.29336086
v 0.07587323 -0.10103623 -0.54183406
v -0.05906620 0.36939129 -0.25751781
v 0.30709371 0.01102772 -0.13702504
v -0.59564602 -0.31653076 -0.35167810
v 0.15016626 0.18408169 0.33510444
v 0.06965256 0.22388551 -0.54857433
v 0.45274734 -0.16142583 -0.39995345
v -0.08071092 0.26132154 -0.51197511
v 0.22228138 0.03852638 0.11096860
v -0.07130804 -0.30024764 -0.59262812
v 0.05688483 0.27244583 0.20256048
v 0.03891388 -0.48856458 -0.30519187
v 0.18131346 -0.15439117 -0.35718781
v -0.19651996 -0.30329353 -0.62958086
v 0.47406492 -0.09512836 -0.17561896
v 0.01967191 -0.03002473 0.23116668
v 0.22988275 0.14324719 -0.46653000
v -0.27066535 0.03581941 -0.38865289
v -0.10077890 -0.17201246 -0.12842296
v -0.06924079 -0.03489034 0.13112389
v -0.02475445 0.29816982 0.08522594
v -0.01794326 -0.07447054 0.08798829
v 0.10099380 -0.36505491 -0.32151401
v 0.27078903 0.10723035 0.74682760
v -0.46114594 -0.32256505 -0.23709118
v -0.25673619 0.14872007 0.47040343
v -0.47555304 -0.16260161 -0.39372283
v -0.28996253 -0.04295832 -0.14897744
v 0.50567186 -0.11115293 -0.19239312
v -0.58330870 -0.54154378 -0.28305250
v -0.27492979 0.15713957 -0.28147241
v 0.06971671 -0.45403391 -0.30415821
v 0.15907156 0.19259803 0.81644475
v -0.10476881 -0.03225267 0.11096346
v 0.06964764 0.30283305 0.01748223
v -0.02960891 0.28073609 0.15064321
v 0.14571172 0.11232502 0.57325435
v 0.01147127 -0.24200925 -0.23098151
v -0.33232498 0.08391984 -0.23795414
v -0.16762297 -0.10278220 -0.07876060
v 0.42703941 -0.18227214 -0.28198570
v 0.09312118 -0.14759001 -0.52147871
v 0.34448653 0.10764392 -0.29663661
v -0.24168031 0.01554453 0.17223403
v 0.23535566 0.24136186 -0.37883386
v 0.10012734 0.34432259 -0.37575191
v 0.41633010 -0.01987137 -0.14495701
v 0.29604381 0.06197144 0.64773959
v -0.49891034 -0.07432717 0.83643794
v -0.01872076 0.35238463 -0.15195450
v -0.35345730 0.04571075 0.65205938
v -0.37225643 0.07241372 0.67336732
v -0.02873076 0.34260350 -0.42515594
v 0.12828393 0.28220481 -0.00214387
v -0.31726626 0.19053991 0.25956267
v -0.38746485 0.03692021 0.37527791
v 0.33577618 0.20833632 0.68000847
v 0.10354253 0.21877450 0.25816715
v -0.38630161 0.15737863 0.82891190
v -0.59519887 -0.38314977 -0.38832316
v -0.48869011 -0.41245323 -0.47221059
v -0.29393321 0.23311067 0.81015670
v 0.05830625 0.26952243 0.25434712
v 0.36882403 -0.10984769 -0.22915721
v -0.28722414 0.21088952 0.28767556
v 0.47644892 -0.10108001 -0.17744760
v 0.33193389 0.11256068 0.65249401
v 0.15907440 0.08573464 0.58475626
v 0.61850154 -0.26061296 -0.48942119
v -0.45537543 -0.05796960 0.84486264
v -0.12342796 0.02332223 -0.52552623
v 0.26233196 0.02300876 0.85490596
v -0.51633662 -0.50963849 -0.45224437
v 0.26017886 -0.04683923 0.35786167
v -0.39721644 -0.16690697 -0.19311710
v -0.30570400 -0.02698863 0.45394546
v 0.21959803 0.03536354 0.80763775
v 0.05502794 -0.11157442 -0.00632473
v -0.40835944 0.09611718 0.84998018
v -0.03839723 -0.34254766 -0.42199284
v -0.03165038 0.46358442 0.33136579
v -0.18968943 0.00015122 0.15821087
v 0.35744134 0.10670739 0.53231907
v -0.45117840 0.05710106 0.77930319
v -0.43679842 0.00827712 0.78740203
v -0.38076523 -0.15033728 -0.17838153
v 0.21915314 0.16477090 0.09927925
v 0.06737894 -0.28217804 -0.47941703
v 0.41797084 -0.18586631 -0.26591322
v -0.06463215 -0.34608549 -0.30004707
v 0.64145178 -0.18209440 -0.29830125
v 0.24947989 -0.06793927 -0.16030262
v 0.11086285 0.06841925 0.31712171
v 0.21258794 0.11626787 0.05704173
v -0.22353737 0.17273736 0.77306592
v 0.28537837 0.13506538 -0.36906058
v 0.19816068 0.31341156 -0.30742911
v 0.46710607 -0.20025834 -0.42519698
v 0.04543959 -0.37224713 -0.22631803
v 0.55547756 -0.05144358 -0.35616633
v 0.25151193 0.06335824 0.76514167
v -0.18558550 0.15546592 0.39274701
v -0.18640690 -0.28905138 -0.60996115
v 0.35754251 0.08725643 0.41009215
v -0.10985889 0.34759557 -0.19591270
v 0.21802257 -0.04011694 -0.44505697
v -0.58454859 -0.23622096 -0.39911151
v 0.09804119 0.10054823 -0.57860601
v -0.60756248 -0.45797041 -0.30155832
v 0.06942610 0.16228473 -0.57144594
v 0.29077506 -0.06808360 0.84145766
v 0.34330252 0.04621058 -0.34022975
v 0.16356619 0.20429826 0.59301043
v -0.17754273 -0.26989016 -0.59061188
v 0.03896881 -0.07279337 -0.59042543
v 0.23945303 0.11808402 -0.45875716
v 0.29839253 0.16418812 0.41362876
v -0.26300395 0.20659177 0.73402685
v 0.17402700 0.22899468 0.85191047
v 0.02533541 -0.39551678 -0.23434205
v -0.38441354 0.02410036 0.56038159
v 0.05503377 0.32802814 0.30935431
v 0.10545788 -0.19119895 -0.30929998
v 0.16469258 0.16091360 0.38078851
v -0.56369781 -0.48420364 -0.27703780
v -0.25859892 0.23073250 0.23788401
v -0.32373253 -0.01846126 0.53281361
v -0.24528563 0.14427643 -0.11805160
v -0.30022627 0.01114650 0.60875499
v -0.41319406 -0.26754877 -0.33902067
v -0.27023715 0.19139752 -0.30867386
v -0.40863195 -0.00229490 -0.29242337
v 0.19169584 0.29038236 0.78799272
v 0.61213499 -0.07014530 -0.31497094
v -0.21725267 0.20143914 0.13444278
v 0.04457799 0.31850454 0.25562474
v 0.26720411 0.17957455 0.44764221
v -0.24680716 -0.04339922 0.32781333
v -0.49482116 -0.45245442 -0.47648561
v 0.15801817 -0.31398883 -0.58327788
v 0.01252245 0.30256906 -0.00178086
v -0.14127186 0.24267498 0.07397506
v -0.04620247 -0.28269845 -0.28100476
v -0.20199278 0.14457519 0.58082753
v -0.57862639 -0.53459102 -0.27831796
v 0.02396854 -0.21869050 -0.53733361
v 0.00892706 0.37097424 -0.28106627
v -0.11214201 0.19616595 -0.52725714
v 0.40924367 -0.03176367 -0.14406095
v 0.54488891 -0.32588160 -0.53573745
v 0.39910349 0.04229321 -0.31346387
v -0.40011868 -0.24878767 -0.38753515
v -0.27401242 0.20069176 0.33388391
v -0.11700974 -0.10578887 -0.03688606
v -0.27607113 0.17383334 -0.27601540
v 0.61122406 -0.07278653 -0.29788852
v 0.11803120 0.34826013 -0.35796076
v -0.17121652 -0.29070109 -0.61150450
v 0.02134131 -0.12611915 -0.06875801
v 0.14725360 0.31092873 -0.42574391
v -0.06278426 -0.36709955 -0.30348921
v -0.43167838 -0.03527483 0.84049767
v -0.07157713 -0.31466156 -0.36791664
v 0.26309541 0.07892092 -0.41208068
v -0.23291516 0.11639751 0.74207580
v 0.53569138 -0.08718520 -0.20505442
v -0.03434757 -0.07089612 0.08643372
v -0.20024879 0.13228898 0.66545957
v -0.57722610 -0.48085183 -0.40012002
v 0.64665687 -0.29118884 -0.37253645
v -0.05208805 -0.35606956 -0.28179726
v -0.21386442 0.00354139 -0.08520937
v -0.33190480 0.17779958 0.29808578
v 0.45218435 -0.12558886 -0.17741178
v 0.62016636 -0.09105292 -0.38513038
v 0.55924946 -0.32410339 -0.43192434
v -0.12267429 0.08872579 -0.55320984
v 0.14639278 0.03426490 0.34882867
v 0.15209493 0.21380867 0.81409544
v -0.23989879 0.19189632 -0.15151484
v 0.59025228 -0.19394459 -0.23314062
v -0.60284448 -0.41887146 -0.29042578
v -0.13944826 -0.01844792 -0.50214916
v -0.19587669 0.10494744 0.64944208
v 0.16379280 0.13763639 0.67027366
v -0.01298905 0.39235488 0.37562147
v -0.45096982 -0.18796635 -0.19057009
v -0.19493176 0.28979346 -0.33075136
v -0.19077684 0.30318117 -0.24766746
v 0.14862396 -0.26714218 -0.55344188
v 0.06631917 0.17567371 -0.57147855
v 0.02498892 0.30874386 0.33731568
v -0.10993178 -0.18605684 -0.46663865
v 0.05408653 0.07046609 -0.59322739
v -0.16951084 0.05185910 0.03928051
v 0.35362101 0.19165914 0.58059418
v 0.18546204 0.25761119 -0.45256799
v 0.25536376 0.01889987 0.78647101
v -0.00251663 0.37470239 -0.23751317
v 0.05780639 -0.09143121 0.03368810
v -0.12555780 0.25753370 0.07723036
v -0.00642270 -0.04348306 0.20863664
v 0.04363264 0.04774035 -0.59423596
v 0.56569570 -0.22868419 -0.52460796
v -0.18980287 -0.12388122 -0.38062975
v -0.18044163 -0.15253879 -0.19612485
v 0.14540130 -0.22720161 -0.44445536
v 0.53933007 -0.28643703 -0.34288922
v -0.14349699 -0.26306713 -0.56826508
v -0.16698794 0.24747330 -0.09529703
v 0.41822109 -0.02770413 -0.14379440
v -0.25164860 0.05511940 0.69016856
v 0.41764420 0.05683653 0.81564152
v -0.52000523 -0.31227383 -0.43432209
v 0.57745618 -0.29533207 -0.54075605
v -0.47081065 -0.32638603 -0.27313554
v 0.08522592 0.22356246 -0.53758347
v 0.02862735 -0.27362737 -0.22203076
v 0.56447577 -0.20152865 -0.21864752
v 0.30501947 0.20222284 0.49687397
v 0.57285309 -0.34016657 -0.41888803
v -0.35471165 -0.08073708 -0.16153301
v 0.18419240 0.09464953 0.46271423
v 0.22600414 0.07411329 -0.06337012
v 0.12045711 -0.15900320 -0.30468100
v -0.01276997 -0.19990624 -0.24774890
v 0.23419927 0.27542400 -0.30466086
v 0.28367996 0.20845208 0.32340422
v -0.61003125 -0.22876580 -0.35639647
v 0.16497877 -0.09267177 -0.03992704
v -0.13923201 0.26097727 -0.45563212
v -0.25066808 -0.04278761 -0.37235832
v 0.39636898 -0.11285303 -0.28738019
v 0.20129016 -0.02388101 -0.45824009
v -0.01253578 0.32492802 0.34399715
v -0.20260115 0.14721845 0.63217217
v -0.59740734 -0.36153388 -0.34044042
v -0.46416235 -0.34958616 -0.38956720
v -0.40567702 -0.15618446 -0.36695245
v 0.16810426 -0.02129165 0.27054101
v -0.61335826 -0.24899478 -0.34184051
v -0.32641020 -0.15671904 -0.31211403
v -0.27697018 0.14276996 0.42566618
v -0.21370380 0.26821861 -0.33349687
v 0.14440584 -0.02364498 0.16993596
v -0.19246407 0.10511416 -0.05764473
v -0.21241727 -0.09102853 -0.13976282
v 0.24258001 -0.03577661 0.38971838
v -0.35110074 0.07077544 -0.27368575
v -0.01659513 -0.27909392 -0.24063405
v 0.60172570 -0.11635000 -0.41473070
v -0.18370658 0.08104578 0.04121179
v -0.07778616 -0.03959431 -0.56721973
v 0.23246431 0.05704146 -0.43555823
v -0.27639085 0.05162753 -0.37490314
v -0.23841007 -0.03077735 0.22269872
v -0.22340384 0.21328613 -0.38324910
v -0.03867183 -0.04453433 0.18283759
v 0.51239121 -0.11615244 -0.41999051
v 0.00172808 -0.10817750 0.02264322
v -0.38994950 0.12526561 0.48257789
v -0.02048053 0.37280372 0.35546529
v -0.34796646 0.14976011 0.25392398
v 0.27481231 -0.04640064 0.31891069
v -0.25274095 0.20171624 0.59238857
v -0.39290330 0.09580847 0.74617875
v 0.52623570 -0.34183306 -0.59722626
v 0.34814450 0.11014880 0.59603691
v 0.21331567 0.19125034 0.11799036
v 0.22558483 -0.11092553 -0.17177728
v 0.23897438 0.03617328 0.14287625
v 0.28380412 0.13583010 0.15835157
v -0.18563397 0.09397411 0.57441443
v -0.18742119 0.07360633 0.54395890
v 0.37187323 0.14792572 0.84624660
v 0.19542536 0.08160001 0.04287265
v -0.11193306 0.04357072 0.30354315
v -0.00174548 0.15141200 0.24594265
v 0.32308120 -0.03469825 0.33481130
v -0.59426773 -0.27798438 -0.36913297
v 0.32455757 -0.01436336 0.29074660
v -0.47628641 -0.03250083 0.80811012
v 0.06267918 -0.47562337 -0.26501501
v 0.28635392 0.03818617 0.61501104
v -0.21927892 -0.12802969 -0.26590335
v 0.20289691 0.23314123 0.26250377
v 0.27081427 0.04632998 -0.40453213
v 0.26786888 0.20202024 0.85199112
v -0.21929717 0.18853800 0.85431278
v 0.23906659 0.13372874 0.84961641
v -0.39720932 -0.10726392 0.85226542
v -0.49567837 -0.24343404 -0.42651844
v -0.12897740 0.26101220 0.03021824
v 0.30920777 0.07593148 -0.15154447
v -0.15247880 0.22981933 0.01533982
v -0.04197259 -0.12821275 -0.54117453
v 0.18200769 0.11005460 0.44429359
v 0.21105020 0.20773283 0.35126659
v 0.24366701 0.18688525 -0.43239042
v 0.36200753 -0.00639947 -0.13346401
v -0.30372626 -0.00053898 0.56667048
v 0.26810935 0.25367430 0.75827736
v -0.38710779 -0.20030273 -0.37023923
v 0.09872929 -0.32864046 -0.41769323
v -0.55797434 -0.38958362 -0.27798945
v -0.29916745 0.20773537 0.75825465
v -0.51402801 -0.46976548 -0.50696743
v 0.17909174 0.01701497 -0.48847979
v -0.25205809 0.19469978 0.57155401
v 0.32776675 -0.03528823 0.44018763
v -0.04845662 -0.33945647 -0.33128104
v -0.44674113 -0.02861025 -0.23673253
v 0.61255354 -0.39310518 -0.46528742
v -0.43433729 -0.03372632 0.84493113
v 0.34618220 0.08421142 -0.32203707
v -0.23568326 0.06591297 0.13703611
v -0.47482488 -0.34054795 -0.25358033
v -0.21540873 0.16697180 0.78903723
v 0.23133604 -0.02698901 0.40831053
v -0.22864413 0.17440322 0.53730953
v -0.03876963 -0.28546441 -0.26669073
v 0.31258920 0.13774030 -0.26165223
v -0.27000338 -0.03603796 0.39548945
v 0.21668714 0.10555605 0.69583040
v -0.42670959 0.01296721 0.78181100
v -0.33533913 0.17042220 0.84937400
v 0.05675491 0.25316778 0.26233521
v 0.06191245 0.06225341 0.27921385
v 0.22564737 -0.27441126 -0.62879443
v -0.01097663 -0.41902974 -0.32105681
v 0.25745857 0.26061749 0.82951945
v -0.11758804 -0.09423882 -0.47620139
v 0.04449835 0.17987654 0.25779158
v 0.34766343 0.10402668 0.60552579
v 0.18757851 0.21547176 -0.03223278
v -0.19080244 0.02008461 0.37862003
v 0.31904462 0.16179939 0.37733385
v -0.01820722 -0.10953922 0.01413744
v 0.18313031 0.11108496 0.50186902
v -0.09570345 -0.27666607 -0.40931958
v 0.28022879 0.04151592 0.61801291
v 0.12731794 0.33853224 -0.36860493
v 0.61855209 -0.13198479 -0.40405992
v -0.11227085 0.24918896 0.18811089
v -0.18561743 0.29860613 -0.20483796
v -0.20486937 0.17549230 -0.45338017
v -0.12849829 -0.20829731 -0.36018068
v 0.27989703 -0.01788431 0.48320740
v -0.18034396 0.18038751 0.04796053
v -0.11771758 0.23644704 -0.50351036
v -0.37960321 -0.17141451 -0.34776565
v -0.24278030 0.16614929 0.40359047
v -0.00841778 -0.25239503 -0.52043319
v 0.52492684 -0.16970633 -0.45259583
v 0.34819311 0.00016392 0.31114697
v -0.18310560 0.06961135 0.03647009
v -0.12777223 -0.22115146 -0.40429759
v 0.15196569 0.00357215 0.06395195
v -0.49875739 -0.29427892 -0.21372314
v 0.48204306 -0.02090227 -0.20263816
v -0.06478789 -0.32826713 -0.40921402
v -0.25325614 0.18835315 0.16094248
v 0.21292724 -0.00668725 -0.05877205
v 0.24099998 0.24182108 -0.15976389
v -0.10298701 0.35394764 -0.24577081
v 0.20220651 -0.03206067 -0.05304444
v -0.34816608 0.19266085 0.83492601
v 0.06500641 0.32133317 -0.11771592
v -0.49047297 -0.19594036 -0.19093451
v -0.00749575 -0.06191348 -0.58383495
v -0.18360524 -0.11774265 -0.11095548
v 0.25062874 0.00847735 -0.40922871
v 0.30546293 -0.04646453 0.38377750
v -0.19383316 0.05242993 0.59919208
v 0.33508915 0.09309546 0.85584134
v 0.28569117 0.24639678 0.73878372
v -0.17531517 -0.29760349 -0.61945081
v 0.13791162 -0.28343776 -0.54263008
v 0.23732650 -0.08083937 -0.13930081
v -0.07674497 0.26584569 0.14996277
v -0.20527714 0.15662929 0.62092680
v -0.39807189 0.10528457 0.51478875
v -0.37015721 0.01582145 0.56978792
v -0.19013773 0.20620321 0.11908529
v 0.06577580 0.35926893 -0.15991256
v -0.33837083 0.20539828 0.56741852
v -0.12891544 -0.05452869 -0.02669417
v -0.02038850 -0.35357693 -0.34426007
v 0.31804907 0.10032368 0.65789926
v 0.55207807 -0.08984168 -0.22184920
v -0.31292409 0.00552937 -0.14897342
v -0.11294290 0.28578743 -0.08687794
v 0.30033919 0.25769666 0.66788119
v -0.52406991 -0.48137340 -0.35327363
v 0.22156228 -0.12063833 -0.18875539
v 0.26676038 0.13717185 -0.15319744
v -0.05007534 -0.28486964 -0.55968183
v 0.50117868 -0.24011414 -0.29156461
v -0.12764046 -0.25238243 -0.54513550
v 0.07148738 -0.28412160 -0.47353595
v 0.65410531 -0.16853750 -0.30913246
v -0.23336747 0.12187999 0.10579488
v -0.60315788 -0.39749426 -0.36535937
v -0.51252258 -0.27563649 -0.20824818
v 0.31353188 0.24075417 0.66934830
v -0.20995227 0.02691609 -0.07428331
v -0.31302658 0.00209328 0.80220169
v -0.03045270 -0.05996589 0.13848121
v 0.37978828 0.09614023 -0.19991399
v 0.47240710 -0.16143009 -0.42292765
v -0.27516556 0.14456616 0.45453304
v 0.12409998 0.23673582 -0.52150351
v 0.31963938 -0.02665677 0.49619809
v -0.18126495 -0.01061863 -0.46247333
v 0.50603259 -0.05522738 -0.35296944
v -0.26439017 0.11275592 -0.18897204
v -0.18048100 -0.15270296 -0.19213670
v 0.51219761 -0.11471081 -0.19245940
v -0.20961374 -0.07189409 -0.39223278
v -0.25184390 0.22409225 -0.32245210
v -0.06509553 0.35542983 -0.36806363
v 0.53285092 -0.07545931 -0.21731089
v 0.51976120 -0.23968601 -0.48640019
v -0.12015492 0.18426605 0.31926131
v -0.12049751 0.01632628 -0.52052552
v 0.65708089 -0.34632012 -0.42871419
v 0.17672600 -0.23271823 -0.52842581
v -0.36229411 -0.21587972 -0.32726502
v 0.30616349 -0.07613944 -0.28643376
v -0.44779071 -0.32743961 -0.32862848
v -0.19894208 0.10207221 0.65469056
v 0.16081321 0.14112841 0.66379642
v 0.48493367 -0.05109356 -0.18546602
v -0.29825598 0.22097547 0.77544099
v -0.50631630 -0.43420392 -0.51333326
v 0.63103569 -0.44321492 -0.44905296
v 0.15924658 -0.11272791 -0.44336033
v 0.39251682 0.04638384 -0.31834242
v -0.26810470 0.01035093 0.61984295
v -0.26947692 0.21272929 0.31062075
v -0.19584581 0.03869187 0.39871788
v -0.35713333 0.10517737 0.84797198
v -0.10070619 -0.02876063 -0.54952592
v 0.14791568 -0.05313294 -0.52182001
v 0.27430609 0.17883079 0.47251049
v 0.52667624 -0.26018894 -0.54000008
v -0.58650059 -0.30252218 -0.38637918
v 0.38661206 -0.01731986 0.82907993
v 0.30688944 0.19625545 0.27250817
v -0.04246858 -0.17005710 -0.13647178
v 0.15645368 -0.12320615 -0.33112052
v -0.26207855 0.19677211 0.54848462
v -0.01655282 0.51850790 0.33955044
v 0.06294268 -0.09074337 -0.57582235
v 0.23958436 0.11555471 -0.08295350
v 0.17023987 0.27972358 -0.08696831
v -0.22332481 -0.08210082 -0.38245189
v 0.11612389 0.32375875 -0.43386686
v 0.09618765 0.34114003 -0.15156081
v 0.18700153 -0.14114487 -0.39280540
v -0.27612048 0.17121260 -0.30707884
v 0.48492584 -0.16235539 -0.43351951
v 0.54953915 -0.32961106 -0.57059592
v -0.11293235 0.20348449 -0.52758521
v 0.14747488 -0.17696810 -0.45190957
v 0.15131277 -0.23505178 -0.49228624
v 0.18364298 0.01123810 0.40034547
v -0.17976558 0.10515063 -0.03004209
v 0.13878149 -0.24153560 -0.42538199
v -0.33218154 0.02303895 -0.15680294
v -0.20722494 0.22203952 0.16834357
v 0.07230213 -0.35656196 -0.25498053
v -0.24776275 0.23660466 0.84751993
v 0.13010214 -0.27248290 -0.45417672
v 0.10051290 -0.12485964 -0.04153223
v -0.31178096 0.14733189 0.45341095
v 0.17970781 0.11886995 -0.52604181
v -0.40372324 -0.11228025 0.83901203
v 0.37777415 0.04111777 0.34982485
v 0.29176739 0.21743442 0.85286224
v 0.61189574 -0.45623586 -0.45743474
v 0.07668744 0.28724539 0.11441927
v -0.07010104 -0.25312024 -0.32282501
v 0.19984461 0.01891517 0.42956525
v -0.10754928 -0.22976753 -0.49481779
v -0.20119129 -0.12985089 -0.17548968
v -0.23197854 0.02732839 0.62420034
v -0.17063743 0.29357952 -0.37340403
v -0.49757454 -0.33265147 -0.42630854
v -0.04557325 -0.36425963 -0.40408167
v -0.36261532 0.07630844 0.84856325
v 0.05791016 -0.11028525 -0.03894003
v 0.47188661 -0.17615741 -0.18695521
v 0.33895239 0.09637618 -0.16625217
v -0.05520518 -0.34237251 -0.38980678
v 0.11218230 -0.30625618 -0.35539219
v -0.05692004 -0.00103792 0.22868757
v 0.00003158 -0.14405711 -0.16896112
v 0.05950275 0.24357931 0.25596890
v 0.52183223 -0.28514969 -0.53740257
v 0.15867844 -0.19468862 -0.52822745
v -0.40542597 -0.25298569 -0.23795193
v -0.17832352 0.16495904 -0.04883548
v -0.04043008 -0.04101211 0.17614304
v -0.14132895 -0.13850041 -0.08358146
v 0.11973024 0.35183853 -0.26027018
v 0.32005614 0.04327278 0.59547275
v -0.12415391 -0.32162786 -0.59350145
v -0.13560581 0.12267231 -0.53905517
v -0.32804391 0.11007039 0.18611193
v 0.36518231 0.04587888 0.40840778
v 0.26526415 0.19294123 -0.22385052
v 0.59213990 -0.25389001 -0.26935777
v 0.01273331 -0.15272686 -0.55281216
v -0.25979799 -0.01262712 -0.15240081
v 0.27780023 0.14983411 -0.37385970
v -0.39499140 0.07309798 0.45294413
v 0.12602799 -0.14871195 -0.28938156
v 0.24214461 -0.04572237 0.34649277
v 0.06032349 -0.38863397 -0.34068006
v -0.40011904 0.00260877 0.78071046
v 0.38050756 0.09392240 0.85997438
v -0.27357945 0.23810394 0.84353125
v -0.32793713 -0.02667516 0.27615064
v -0.08249969 -0.28087348 -0.46551290
v -0.32547855 0.06006242 0.19440247
v -0.01447096 0.37561053 -0.25856951
v -0.13279589 -0.00824833 0.10089832
v -0.28617963 -0.04119525 0.38944930
v 0.51712286 -0.23712650 -0.46645659
v -0.28495285 0.21576393 0.76530516
v -0.47763813 -0.16217937 -0.39269069
v 0.23513003 0.00513811 -0.43072921
v -0.42954019 -0.02989664 0.80957836
v 0.64229846 -0.23182288 -0.32584906
v -0.33648688 0.20504440 0.79615366
v 0.34236589 0.14997415 0.64081717
v 0.01740270 -0.14384241 -0.17625391
v -0.03508057 -0.33140504 -0.24127321
v 0.12509708 0.15734307 -0.55613899
v -0.16202435 0.21878149 0.08590028
v -0.57350582 -0.32693243 -0.26398361
v -0.04171805 -0.24250422 -0.27757612
v -0.18668941 0.29000664 -0.19370393
v -0.19552431 -0.03285442 -0.07227634
v 0.34189776 0.11029992 0.40938234
v -0.38409978 0.16156934 0.81021535
v 0.59201866 -0.37442929 -0.39501983
v 0.36189407 -0.03543554 0.82899505
v 0.58689797 -0.40100262 -0.46716380
v 0.21230276 0.28528085 -0.19750319
v 0.43326116 0.00358969 -0.31433335
v 0.03817100 0.28278297 0.13799164
v -0.41068250 -0.01444546 0.83921802
v -0.12493771 -0.04999760 -0.51568455
v 0.16535887 -0.04170138 -0.49082029
v -0.20838468 0.05686549 0.09298507
v 0.16901721 -0.21184731 -0.59184480
v -0.19222543 0.04566320 0.53919667
v 0.01401646 0.47704124 0.33132905
v -0.26309991 0.18334594 -0.24183635
v 0.65130168 -0.30973351 -0.37465274
v -0.50858718 -0.45271549 -0.44914174
v 0.00087509 0.30850574 0.03414659
v -0.37543258 -0.01323560 0.36058798
v -0.03527455 0.35963038 -0.16450518
v -0.05994884 0.23386797 0.22931150
v 0.18138388 -0.08289900 -0.41675678
v 0.13155618 -0.09953411 -0.48387432
v 0.61688060 -0.10146522 -0.25430039
v 0.05367909 0.31648090 0.31111720
v -0.24550068 0.10493132 0.75974834
v -0.12001523 0.12509137 0.35759541
v 0.04358313 0.03042201 0.25350505
v 0.47803533 -0.02436677 -0.30517527
v -0.25636467 -0.11089862 -0.20726129
v -0.36694598 0.12642758 0.30530238
v 0.27194190 0.05487573 0.15032746
v -0.15202668 0.24637403 -0.08293609
v 0.31870511 0.22384349 0.71393138
v 0.17007576 -0.09333123 -0.04659348
v -0.38428116 0.08974835 0.63576633
v 0.25017327 0.24147679 -0.19034593
v 0.12107299 0.29260904 -0.47517431
v -0.38400424 0.02551948 0.31161255
v 0.20399262 0.08581554 -0.01216862
v -0.27097932 0.15191506 -0.31439456
v 0.22258736 0.02648186 -0.06204021
v 0.50843656 -0.27457902 -0.26945055
v 0.39077637 0.04412543 -0.32079631
v 0.12915736 -0.15808594 -0.33476681
v 0.38331592 -0.06033756 -0.31183222
v -0.00078192 0.32174140 0.23870628
v -0.00261199 0.09083336 -0.59977877
v -0.25711709 0.15673710 -0.18595459
v 0.05511697 -0.26692280 -0.24435787
v -0.39995641 -0.08963689 -0.35562471
v -0.48707551 -0.35906890 -0.29623926
v -0.33617878 -0.15207250 -0.20118536
v 0.11594131 0.05701084 0.31789777
v 0.31800723 0.17809698 0.72938305
v -0.46197686 -0.06284298 -0.19974394
v -0.09662576 0.28339133 -0.05806683
v -0.03568662 0.45891315 0.33765161
v 0.66065449 -0.35863134 -0.39814290
v 0.25920758 -0.03820021 -0.14226885
v 0.40299907 0.06171236 0.80943042
v -0.11210912 0.35365030 -0.29189208
v 0.08645627 -0.21962437 -0.52753174
v 0.07086618 0.25666779 -0.52885532
v -0.03284919 -0.31969652 -0.23009808
v 0.04786489 -0.11578116 -0.01829110
v -0.22014411 0.10092746 0.44048044
v 0.30688328 0.02403165 0.20219497
v -0.04772762 -0.37859985 -0.27514398
v -0.01060939 -0.46274802 -0.25876558
v -0.08218370 -0.02977404 0.15043464
v -0.09490588 0.35012129 -0.32306767
v -0.09497232 -0.20278952 -0.48115745
v 0.24783285 0.05896587 0.13397069
v 0.38450032 -0.00380072 0.84612340
v 0.01219400 0.09580379 0.24453878
v 0.29498675 -0.02663612 0.45656613
v 0.61649567 -0.23245618 -0.46485990
v -0.14023498 0.00762948 0.30495667
v 0.13152562 0.25639334 -0.50602132
v -0.03316005 -0.46106526 -0.28544039
v -0.21534652 0.23380564 -0.15018092
v -0.00344950 0.36509523 -0.20354167
v 0.11539650 0.28476921 -0.05630319
v -0.53766370 -0.57914323 -0.35568193
v 0.18804076 0.32420856 -0.26851642
v 0.20878009 -0.23114277 -0.54967153
v 0.07176182 -0.35961935 -0.37597460
v 0.30417517 -0.08297748 -0.20833357
v -0.28853104 -0.04694727 0.32090759
v 0.24264479 0.26664263 -0.24254198
v -0.01520193 -0.27965778 -0.23928547
v -0.43010494 -0.01130557 -0.24007802
v 0.02158617 0.49233502 0.36672729
v 0.27680573 0.00246155 -0.38760549
v 0.22922374 0.20129469 0.36503658
v -0.32729924 0.04143064 0.76131916
v -0.50215662 -0.54892665 -0.45850950
v -0.03048893 -0.35959598 -0.41360751
v -0.41542611 0.11568771 0.76817566
v 0.19975390 0.19246614 -0.49019265
v -0.49855995 -0.42579657 -0.49659353
v 0.30839711 0.07561810 0.64711666
v -0.32410580 0.06168000 0.85279655
v -0.15999851 -0.03812627 -0.04400346
v -0.26479530 0.21699566 0.76756823
v -0.49877539 -0.40072018 -0.35320896
v -0.54406106 -0.42557022 -0.48994192
v 0.08095148 0.29822713 0.03945769
v 0.55143398 -0.04129969 -0.28499299
v 0.06964391 -0.35393310 -0.25333154
v 0.10730724 -0.28860804 -0.43512428
v -0.06393888 -0.21210207 -0.57510203
v -0.17593785 0.31100810 -0.25062540
v 0.19708207 -0.00252562 0.15043642
v -0.09742238 -0.10727157 -0.49300516
v -0.45299777 -0.03956768 -0.31021646
v -0.18011172 0.24887848 -0.41274330
v -0.36706910 0.17714229 0.81494230
v -0.18614152 0.07640124 0.54785627
v -0.41239011 -0.08615306 -0.35431445
v -0.11658132 -0.24692188 -0.52204746
v 0.57848376 -0.36116773 -0.42922419
v 0.15982996 0.25724891 -0.07061218
v 0.09387394 -0.30505046 -0.42708668
v 0.23012051 0.12527098 0.74462789
v -0.07395370 -0.31779423 -0.33511522
v -0.11182410 0.00054760 -0.53530151
v -0.48358345 0.02195320 0.81311625
v -0.11751817 -0.02770501 0.11126462
v -0.09453873 -0.21099199 -0.48207763
v 0.55889577 -0.32633409 -0.44349921
v -0.00741483 0.53440130 0.41772011
v -0.60013247 -0.36542726 -0.37349254
v 0.62356567 -0.10908119 -0.25985295
v 0.62295520 -0.45335928 -0.44530290
v -0.45763659 -0.17551905 -0.39681789
v -0.29779035 0.20346701 0.26989445
v 0.18847427 0.32245916 -0.30318490
v 0.00078211 0.41650528 0.37955311
v 0.36427605 -0.09187808 -0.29458043
v 0.56119519 -0.30937999 -0.39202899
v -0.09259047 -0.30279097 -0.33893469
v 0.56797391 -0.41399825 -0.49404523
v -0.06956927 -0.15355183 -0.20773491
v -0.39313588 0.10065661 0.58748770
v -0.01987869 0.53881770 0.42342600
v 0.06464293 0.26482525 0.17634469
v -0.42099524 -0.10760155 -0.17048231
v -0.23160538 -0.03985262 -0.40009502
v -0.26263782 -0.11125754 -0.29040655
v 0.18133928 0.02778471 0.40314388
v 0.10239122 -0.03658022 0.08847677
v -0.02820835 -0.34287575 -0.24833773
v 0.60764575 -0.41930249 -0.44755960
v 0.31724888 0.23746105 0.56737244
v 0.51850700 -0.24095322 -0.47834924
v 0.14915532 0.21232124 0.27832982
v -0.53941554 -0.50092947 -0.34157681
v -0.18420117 -0.13840979 -0.25403386
v 0.54440582 -0.19626072 -0.45498282
v 0.09928412 0.33850148 -0.13219427
v -0.15958023 -0.28075469 -0.65855807
v -0.60279572 -0.38822037 -0.30864933
v -0.23592991 0.12533754 -0.11047799
v 0.29611552 0.22962818 0.51883775
v 0.20363624 -0.03649700 0.29351661
v -0.33849499 0.02968195 -0.16346431
v -0.26913810 0.19786248 -0.26919654
v 0.29465556 0.07980778 -0.36512417
v -0.23151092 0.11969911 -0.42900112
v -0.12274413 0.23961814 0.22766094
v -0.03114609 -0.35955742 -0.37675202
v 0.32789218 -0.03402007 0.34401813
v -0.08117571 0.27683952 0.11103766
v -0.53321570 -0.31577572 -0.22910085
v -0.27456293 0.11217774 -0.34335861
v 0.28898969 0.17094332 0.44428307
v 0.01811348 -0.14037976 -0.17019175
v -0.00112130 0.09104669 0.24943572
v 0.63694578 -0.12594135 -0.36919010
v -0.37689257 0.17042829 0.65637910
v -0.15119979 -0.27301440 -0.65646416
v 0.65326899 -0.37969574 -0.40764320
v 0.35714626 -0.02535347 0.81722939
v 0.24455589 0.14111221 -0.45159864
v -0.22492279 0.07405578 0.10575277
v 0.15287130 -0.22189434 -0.36212826
v 0.17619564 0.23438512 0.19592175
v 0.18917230 0.29937938 0.83288795
v 0.17290786 0.06559980 0.57686806
v 0.06871738 -0.14540529 -0.53415436
v -0.27483991 0.10920649 -0.35874850
v -0.17804733 0.13253723 -0.02665852
v -0.25168571 0.20232540 0.64369369
v -0.13612467 0.00182573 0.07025407
v -0.16898350 0.20812054 0.02851493
v -0.30268943 0.21285228 0.60112947
v -0.16319619 0.21654879 0.05713960
v -0.24728256 0.18602060 -0.36831939
v 0.44838607 -0.18489443 -0.40391219
v 0.04446961 -0.29051059 -0.48379230
v 0.02123208 0.01931389 0.25601974
v 0.24276727 0.02916909 0.77729821
v 0.28654429 -0.03386329 0.43015587
v -0.45708594 -0.21383461 -0.41220456
v -0.31361261 0.21348695 0.59167862
v 0.13316107 -0.25935838 -0.32499129
v 0.28676429 -0.05810903 0.82033318
v 0.23962702 0.08707146 0.10718917
v 0.21120530 -0.27950513 -0.62455773
v -0.01327111 0.03046490 0.25953573
v -0.16460750 -0.26679251 -0.64129353
v -0.08711053 -0.29954106 -0.53419411
v 0.30555776 -0.02940983 -0.33238125
v 0.24065022 0.12254847 -0.08546591
v 0.53399891 -0.32864973 -0.55138314
v 0.22187360 0.26489776 -0.15381953
v -0.00569003 0.27592462 0.30869523
v 0.15223879 0.09584131 0.56775063
v -0.25193787 -0.02253312 0.40316993
v 0.18263716 0.19761732 0.53059226
v -0.39683849 -0.25914189 -0.38293833
v -0.31604508 0.00068503 0.22335242
v -0.12387788 -0.22172396 -0.58976412
v 0.17850432 -0.15664558 -0.39977655
v 0.13788313 0.25347218 0.10280579
v 0.51290798 -0.22603080 -0.44725838
v 0.24499135 0.22173718 -0.38392770
v -0.50324392 -0.12498532 -0.34143773
v -0.59660637 -0.38801000 -0.40331832
v -0.36965322 0.08127218 0.70841604
v -0.23327823 0.22480963 0.30742320
v -0.38839513 0.15522628 0.79077536
v -0.25109708 0.02239877 -0.41135937
v -0.11259120 -0.23488407 -0.61817050
v 0.62719256 -0.23307846 -0.41746891
v 0.04331387 0.24267110 -0.54348457
v 0.01523536 0.31826776 0.34894982
v 0.19818258 0.17731845 0.05022278
v 0.11244375 -0.08687641 -0.01921894
v -0.56693310 -0.23922062 -0.41679740
v 0.03419745 -0.27249172 -0.22415872
v 0.25130379 0.05845418 0.62311566
v -0.19727975 0.12569471 0.65699685
v 0.21787457 0.27453902 0.74045318
v -0.32010311 -0.00866751 0.84982836
v -0.21532945 -0.01540526 0.38110352
v 0.36267129 0.00389247 0.34744552
v 0.05742409 0.29937628 0.05748458
v 0.32966915 0.17359811 0.29557493
v 0.02912113 0.28587249 -0.51550734
v -0.48772594 -0.13690856 -0.36755624
v -0.09561294 0.27986813 -0.00616139
v -0.59460700 -0.43760166 -0.38997072
v -0.06688564 -0.05419838 0.04612545
v -0.24215545 -0.02763633 0.21802722
v -0.52725214 -0.34171420 -0.44352815
v 0.13788186 0.29327479 -0.08302732
v 0.18657404 0.16988312 0.39645055
v 0.03398946 -0.46877661 -0.31725830
v -0.20880949 0.28344575 -0.26865256
v -0.48632839 -0.30222160 -0.43373811
v -0.31526196 0.21078433 0.69308645
v 0.33613497 0.05514583 0.21751142
v 0.22016263 -0.05121186 -0.09006856
v -0.04135522 0.30665609 -0.00993716
v 0.55049682 -0.24721166 -0.24004775
v 0.08945539 -0.28879312 -0.26886150
v -0.26444688 0.00512517 -0.15017787
v -0.33611557 -0.03340876 0.82955623
v 0.17867193 0.06874806 0.53931564
v 0.63336736 -0.41406280 -0.40884876
v 0.34889254 0.06019493 0.23259053
v -0.21353428 0.20041913 -0.42467996
v -0.05849817 -0.24303001 -0.31303713
v 0.18043908 -0.01554021 0.19878303
v 0.16108368 0.32612151 -0.19101919
v 0.13478526 0.27702963 -0.00077953
v 0.45957914 -0.15699990 -0.40946707
v 0.18579090 0.06865739 -0.50423598
v 0.13803895 0.33105224 -0.37844202
v -0.11783490 0.12813403 0.35273501
v -0.12124109 0.01665821 0.28067526
v 0.15487742 0.19552955 0.63348377
v 0.33281818 0.21692792 0.53466082
v 0.38929805 0.09562793 -0.22332990
v 0.27027380 0.18668081 -0.23137058
v -0.05573483 -0.03790889 0.15747197
v -0.12732714 0.05762748 -0.54207343
v -0.25942960 0.22799613 0.78263998
v -0.08025230 0.22354841 -0.53482151
v -0.35245574 0.07077036 -0.27064443
v -0.31318754 0.15010031 0.45516425
v -0.22659707 0.26436695 -0.30474222
v 0.34954551 0.09594668 0.46235961
v 0.61300445 -0.20778978 -0.26208332
v 0.03471268 0.32300314 -0.10152685
v 0.34450471 0.08658099 0.61525470
v -0.23322000 -0.03870440 -0.42405549
v -0.26461601 0.17433748 -0.24568054
v -0.19584043 0.06222340 -0.05504753
v -0.12707973 -0.09256157 -0.48629826
v -0.53042984 -0.49053392 -0.38227698
v 0.18098845 -0.01487186 -0.48256165
v 0.13801509 -0.16067961 -0.12586136
v -0.12933041 0.12785788 -0.54135966
v 0.16982703 0.19625452 0.55780607
v -0.31528834 0.01851408 -0.34429991
v 0.00395552 -0.02875491 0.24021818
v -0.11748435 0.33493814 -0.36133522
v -0.09146210 -0.17482898 -0.17124268
v 0.31390727 0.17412531 0.48516974
v -0.21120334 -0.08223255 -0.12578611
v 0.26749521 0.04513613 0.61641347
v -0.31475297 -0.02634427 0.26515928
v 0.44655910 -0.17261876 -0.19862796
v -0.34205556 0.16258386 0.46613902
v 0.16403511 0.22940226 0.08659562
v 0.30823711 -0.00284921 -0.34264314
v 0.21188244 0.28825656 0.78811735
v -0.09546409 -0.16369562 -0.09356374
v -0.26220202 -0.04528467 0.30282286
v 0.22840285 0.23224233 0.24206620
v 0.00158007 0.15639010 -0.58539617
v 0.09991831 0.06074663 0.29476056
v -0.09747115 0.23709673 0.21841082
v 0.04712591 -0.42182964 -0.33041242
v -0.46910965 -0.46863073 -0.52366984
v -0.37679595 -0.02019152 0.36187434
v -0.27835405 -0.10536446 -0.32310838
v 0.40238318 -0.07612304 -0.14931878
v -0.00442561 -0.45490426 -0.25331298
v 0.28761369 -0.00164050 -0.13727099
v -0.33328566 0.17718109 0.29275686
v -0.17917594 0.11260407 -0.02689260
v -0.45744675 -0.03949295 -0.30231616
v 0.35766342 -0.00308348 -0.13343027
v 0.05145223 0.36039022 0.32050967
v -0.49665728 0.02524367 0.84134650
v 0.45742315 0.04027543 -0.23606014
v -0.23426709 0.14075871 -0.42238560
v 0.54318267 -0.35734057 -0.55598676
v 0.12479215 -0.24772610 -0.48711252
v -0.41441241 -0.06861592 0.84393185
v -0.11978907 -0.21610638 -0.43350303
v -0.19512115 -0.06171750 -0.44766030
v -0.01433874 -0.15360196 -0.20955808
v -0.02357460 -0.35746962 -0.25930130
v 0.17409499 -0.17069533 -0.38772336
v -0.26443261 -0.00392618 0.50124329
v 0.33037576 0.01421517 0.52322406
v -0.04040147 0.17799376 0.25495404
v 0.15963890 0.25809532 -0.00887699
v 0.20155253 0.18396917 0.00703630
v 0.58150196 -0.41144568 -0.47383001
v 0.05082801 0.07016531 0.27567458
v 0.24298736 -0.04435609 0.30708110
v 0.14965245 -0.21952458 -0.60087389
v -0.35710996 0.18480144 0.77313477
v -0.12651074 0.09414884 -0.55102944
v 0.26326266 -0.05783935 -0.15516354
v -0.10116453 -0.32465613 -0.60733557
v -0.30877247 0.19727710 0.51328593
v 0.07449425 0.20256771 -0.55700475
v -0.20926619 -0.08338212 -0.12153949
v 0.04359723 0.05890571 -0.59492540
v 0.06752652 -0.14298804 -0.20167798
v 0.32145464 -0.09161630 -0.22220214
v -0.41524073 -0.08930115 -0.17144650
v 0.53717315 -0.16450471 -0.44988698
v 0.16311294 -0.12645833 -0.44091666
v -0.31999001 -0.14656942 -0.29761294
v -0.38702536 0.11758248 0.47357467
v -0.39427593 0.14561765 0.58611161
v -0.28821224 0.05612855 0.16942674
v -0.44491270 -0.28043449 -0.23547077
v -0.08889093 -0.31005514 -0.54123169
v -0.16699566 -0.15793517 -0.20097646
v -0.27738610 0.02605292 -0.34506378
v -0.02765626 -0.16654648 -0.55168182
v 0.19952154 -0.07554980 -0.39653760
v -0.41260111 -0.23299366 -0.20493878
v 0.08567748 -0.22841276 -0.28807846
v -0.00356867 -0.20382194 -0.54267418
v -0.59593868 -0.36039320 -0.38444433
v 0.19355895 0.20773932 -0.02583725
v -0.02692865 0.39975807 0.36620641
v -0.22331209 -0.05006903 -0.42461926
v -0.21038771 0.17997786 0.38453087
v 0.34395435 0.05812913 0.58863252
v -0.20680110 -0.03474363 0.32544202
v 0.19767043 0.30802915 -0.22230007
v 0.22184341 0.01046579 -0.05366712
v -0.13153131 -0.00594371 0.08565997
v -0.53602785 -0.58425522 -0.35892773
v -0.36896738 0.17276330 0.83413869
v -0.13142990 0.08174087 0.35112649
v -0.29675013 -0.00624693 -0.35073382
v -0.24904893 -0.10826818 -0.20671445
v -0.13306372 0.33772987 -0.18997341
v 0.17564984 -0.02372123 0.25728056
v -0.19635719 0.29651186 -0.30770710
v -0.19628988 -0.09537586 -0.39379841
v 0.20271158 0.02109385 -0.03269340
v -0.23332301 -0.10815611 -0.20307527
v -0.15420371 -0.09218957 -0.43316925
v -0.01772369 -0.05625488 0.16835923
v 0.24718861 0.06606935 -0.43295619
v -0.09525669 0.26594618 -0.49796689
v -0.24148993 0.19692208 0.76065964
v 0.19467424 -0.10323789 -0.39786038
v 0.25271657 0.18378252 -0.09875645
v -0.40434322 -0.11503348 0.84578949
v 0.24370925 0.02486368 -0.09581570
v -0.01948689 0.42565051 0.36661637
v -0.49312446 -0.43240419 -0.43340796
v -0.11913406 0.19007096 0.31163886
v 0.18567295 0.13456966 0.43607196
v -0.36879298 -0.00600334 0.30475599
v 0.16445498 0.08691482 0.60616434
v 0.10656011 0.01842079 0.27510959
v -0.34551930 0.08554526 0.22210126
v 0.22561269 0.28992254 0.80573547
v -0.17340603 0.20059267 -0.07111716
v -0.23026016 0.23693553 0.21136765
v -0.44739294 0.07597808 0.85243219
v 0.05444950 0.05425031 0.27218702
v 0.33566892 0.11868519 0.41398379
v 0.42783093 0.04226200 0.83002025
v -0.15267333 0.00877755 0.10689982
v 0.08493998 -0.20248480 -0.28556955
v 0.28159058 0.00997980 -0.38308719
v 0.27896035 0.19772352 -0.28628364
v 0.13037151 -0.28012845 -0.49571681
v -0.24162777 0.21567613 -0.18560335
v 0.16534238 0.04436466 0.39071077
v -0.13182625 0.24235235 0.10225256
v -0.29140994 0.17047971 0.47289407
v -0.26344234 0.17769001 -0.21379609
v -0.00961767 -0.11505506 -0.04919611
v -0.17092627 0.32380137 -0.24252984
v -0.51798725 -0.14494668 -0.37207431
v -0.19767547 -0.15214923 -0.29333681
v 0.31394038 0.17579016 0.48582023
v -0.00864961 0.33913934 -0.15749148
v -0.13107884 -0.00402693 -0.50291270
v -0.01369545 -0.27089983 -0.49982971
v 0.30250883 0.25139314 0.63435715
v -0.38898459 0.03024501 0.56363153
v 0.18914710 -0.02833598 0.31401399
v 0.48890558 -0.21929675 -0.43174735
v 0.01339266 -0.05430312 0.20011269
v -0.20912476 -0.06502417 -0.10992690
v 0.57826567 -0.34521222 -0.40813655
v -0.23929395 0.20515914 0.34537280
v 0.11486841 0.35675049 -0.27952248
v -0.24258836 -0.02105233 0.20937158
v 0.09612826 0.20125844 -0.55497575
v -0.51210666 -0.21608278 -0.19934678
v 0.20210537 0.14513893 0.73643565
v -0.11937921 -0.32733256 -0.58461660
v 0.28906652 0.14500284 -0.19672666
v 0.23305163 -0.29799035 -0.64343864
v 0.22304966 0.27173680 0.65471220
v 0.49059391 -0.20446290 -0.44220027
v 0.05922800 0.14322186 0.27804318
v 0.22351503 -0.01004226 0.43645358
v -0.04479495 -0.36506659 -0.27326983
v 0.10988984 0.19573604 0.28082451
v -0.38849279 0.06324660 0.32703641
v -0.22829001 0.17890149 0.38753700
v -0.12335454 -0.09302340 -0.48569676
v -0.18787418 0.08448597 0.54490989
v -0.37324315 0.08747099 0.39214033
v -0.20443198 0.14925037 0.58010715
v -0.57081109 -0.17260991 -0.36951435
v -0.14366056 0.02103721 0.32162991
v -0.49077535 0.05798426 0.84942120
v 0.27215925 0.19163293 0.19103926
v -0.40908605 0.06111037 0.51423031
v 0.17736948 0.25071090 -0.47384238
v 0.15519351 -0.15092948 -0.36356303
v 0.56387770 -0.38751152 -0.56748706
v -0.44185182 -0.04695073 0.82802355
v 0.16814578 0.22469670 0.70476443
v -0.03124868 0.23474166 -0.53999031
v 0.03732359 0.17581601 -0.57787085
v 0.33660832 0.12721427 0.46577039
v 0.12623501 -0.17817064 -0.35911110
v -0.20468862 -0.14634886 -0.28464127
v -0.02192680 0.25048399 0.27060539
v 0.55470413 -0.34854007 -0.48852703
v -0.26398304 0.02662186 -0.37189984
v -0.29918116 -0.02485196 0.45457029
v -0.13794810 0.07958886 -0.53890139
v 0.05862463 0.36006659 -0.18814062
v 0.21525641 0.12102717 0.75925004
v 0.59968072 -0.37828702 -0.51227021
v 0.29580230 0.13678530 -0.32621464
v -0.04091191 0.31725276 -0.02567167
v -0.23925664 0.02170159 0.45221576
v 0.18790559 0.09961190 0.47824168
v 0.12716018 0.35303804 -0.29060385
v 0.35017720 -0.02952135 0.83691889
v 0.33410406 -0.03328482 0.43663058
v -0.50923473 -0.51706064 -0.42343095
v 0.37728536 0.08152841 0.34306985
v 0.14476441 -0.17133333 -0.36957595
v -0.02836620 0.15714987 -0.57830769
v -0.58355027 -0.33677512 -0.28113946
v -0.56364536 -0.32637045 -0.25446320
v -0.19159846 0.27091059 -0.37545487
v -0.14839542 0.21108346 0.30803865
v 0.33029369 -0.01163476 0.83411068
v -0.24086522 -0.00760865 0.53283149
v 0.21900561 -0.02649383 0.38756111
v 0.14524107 0.22318655 0.25933233
v -0.10259653 -0.17265402 -0.18681076
v 0.14492887 -0.13307883 -0.31824812
v -0.54085416 -0.20654552 -0.22141327
v -0.42579874 -0.27029133 -0.41256636
v -0.13166304 0.00395560 0.02731799
v 0.10663482 0.25081158 0.18730614
v -0.38017091 0.16520111 0.81976354
v -0.24324952 0.19212747 -0.16248836
v 0.35368729 0.15738100 0.85774541
v 0.12998720 -0.25998691 -0.42007560
v -0.30089489 -0.02823469 0.49451828
v 0.53887922 -0.18398248 -0.45567384
v 0.21448137 0.00099178 0.17168562
v -0.34101859 0.20292453 0.67096198
v -0.50611460 -0.40801236 -0.48469034
v -0.15620723 -0.09375242 -0.06695858
v 0.52961278 -0.10592647 -0.41631058
v 0.61738282 -0.12117574 -0.40317628
v 0.19014260 0.28850698 -0.14384098
v 0.28781447 -0.02282297 0.47173905
v -0.03644760 -0.16834116 -0.15112582
v 0.11225666 0.27174473 0.10664240
v 0.26097155 -0.05023302 -0.35215598
v 0.14049979 0.32108265 -0.41568977
v 0.26626912 -0.01771486 0.47119093
v -0.32321951 0.05819024 0.71805120
v -0.24490491 0.14300482 0.47652748
v 0.32042292 0.12405525 -0.19915986
v -0.10396520 -0.20498979 -0.56405932
v -0.32724810 -0.03335550 0.28450176
v -0.36305413 -0.03772488 -0.15837957
v 0.01170071 0.52327871 0.37771413
v 0.16312690 0.33754957 -0.24292789
v 0.21665856 0.13377288 0.85214555
v -0.35563573 0.19272661 0.66738892
v 0.31757519 0.15452696 0.47548869
v 0.26372567 -0.01824509 0.46741679
v 0.17583056 -0.23657051 -0.53862578
v -0.46423870 -0.07061652 -0.28133595
v -0.28112426 -0.00906735 0.21779914
v 0.21831754 -0.11758073 -0.28316495
v -0.19270778 0.29928473 -0.22979705
v -0.42257458 -0.32590973 -0.39508581
v -0.09852833 0.28765628 -0.08006989
v 0.24560432 0.02521519 0.78135681
v -0.34451842 0.05619070 0.70713514
v -0.00631881 0.34643349 0.36478969
v -0.36622268 0.07629165 0.26373851
v -0.02856562 -0.19769427 -0.55016428
v 0.03312593 0.42854038 0.35846320
v -0.49554408 -0.45672795 -0.53088629
v 0.14594549 0.14311843 0.58909065
v 0.06515647 0.27045849 0.16674912
v 0.29345396 0.23508291 0.52983141
v 0.20820428 0.18733926 0.38952377
v 0.35681859 0.05142283 0.47372776
v 0.07525147 -0.15211029 -0.21777189
v 0.61649644 -0.09870385 -0.39904708
v -0.36260143 -0.20695363 -0.29440612
v 0.10567274 -0.21122630 -0.55749911
v -0.06221920 0.22454554 0.22833262
v 0.18606812 0.14471094 0.42796430
v -0.17844743 0.18102504 0.01907995
v 0.13750759 -0.01344418 0.04591567
v 0.37743565 0.00971484 0.84638518
v 0.26674363 0.04632789 0.61725634
v -0.24971887 -0.04345274 0.32177588
v 0.54609728 -0.11524598 -0.41977948
v -0.38587320 -0.02326789 -0.33471239
v -0.14358351 0.24550751 -0.03783623
v 0.24382731 0.01947633 0.85203248
v -0.43952692 -0.23990156 -0.19719343
v -0.26309893 0.05948525 0.71646112
v -0.36296919 0.06799772 0.68874884
v 0.17418242 0.06261262 0.56485051
v 0.08862717 -0.35885298 -0.37656516
v 0.33069423 -0.03423908 0.47863466
v 0.18744372 0.03414534 -0.48740402
v 0.27041629 -0.00105788 -0.37086442
v -0.39471558 0.09766915 0.58464670
v 0.31339809 0.13001226 -0.28820884
v -0.13969484 0.10014808 -0.54062128
v -0.04752003 -0.20483866 -0.56093633
v 0.33164757 -0.00134410 0.27424398
v -0.26727000 0.18910426 0.85256535
v -0.20350069 0.25789401 -0.16578865
v -0.26616299 -0.03450656 -0.15341529
v 0.52136433 -0.31642672 -0.57817292
v -0.37639695 0.16556127 0.84072703
v -0.41785255 -0.25841728 -0.40422598
v 0.27667797 -0.01098137 0.22959462
v 0.02125086 0.33358580 -0.15715235
v 0.25100401 -0.09178171 -0.22431950
v -0.29441050 -0.00787208 0.54340053
v -0.48069146 -0.37283251 -0.41035748
v 0.36945605 0.00560446 0.44723207
v 0.14624095 -0.25583145 -0.53995478
v 0.59958792 -0.13677233 -0.23866713
v -0.33467048 0.16074769 0.22094728
v 0.17550202 -0.08140916 -0.04248785
v -0.01801969 -0.15549345 -0.10205961
v -0.50309193 -0.06840192 0.84995031
v -0.32049316 0.15422015 0.38050196
v 0.18323067 0.06065201 0.54669237
v 0.45128638 -0.17502053 -0.31425101
v -0.18727316 0.16319712 -0.06953281
v 0.35456884 0.06835109 0.50114834
v -0.22254248 0.19553955 0.36694533
v -0.25970441 -0.04481143 0.29461342
v -0.43971160 -0.16207300 -0.19933611
v -0.04610245 0.02994117 -0.58480322
v -0.47872218 0.08542631 0.79820091
v -0.45938259 -0.02512995 0.85633826
v 0.14219132 0.20169058 0.28965956
v -0.21335006 0.12443485 0.49288008
v -0.05623893 -0.13599041 -0.52979308
v 0.16665080 -0.07459007 -0.45782843
v 0.00545495 0.52128446 0.35192451
v -0.16323714 0.21475060 0.04492739
v -0.47467527 -0.19350930 -0.18883686
v 0.35924852 0.09747445 0.39945909
v -0.22305833 0.15445532 0.74763602
v 0.36715490 -0.10774874 -0.24015184
v -0.29487023 0.03761021 0.68335998
v -0.40726611 0.03018834 0.48156139
v 0.33918315 0.12895851 -0.25043166
v -0.37953544 0.08900138 0.35723600
v -0.30628017 -0.15264089 -0.24444784
v -0.09048443 -0.15400897 -0.07100549
v -0.13169472 0.22429122 -0.49274263
v 0.26416177 0.17711741 0.18055579
v -0.21029107 0.06647386 0.48835441
v -0.08488537 0.36331511 -0.25365451
v -0.05539047 0.17042586 -0.57183307
v -0.23259935 -0.03994109 -0.39137879
v -0.55266857 -0.25339442 -0.22581843
v 0.21123028 0.27654466 0.71232808
v 0.24589300 0.26759046 0.85503113
v 0.01336980 -0.08360685 -0.59322119
v 0.21523587 -0.02871714 0.24583699
v -0.38540551 0.01752651 0.35123098
v -0.49268171 -0.37577713 -0.33018738
v 0.22488001 0.07292201 -0.45317668
v -0.02921142 -0.16623893 -0.12726612
v -0.41310570 -0.25465596 -0.24248481
v 0.07137479 0.20645191 0.25321567
v -0.23465607 0.14660424 0.49073228
v -0.50454366 -0.13534401 -0.23682016
v 0.07847543 -0.34540752 -0.34244266
v 0.07196415 0.05297663 0.28005558
v -0.34547868 0.19491220 0.83573639
v -0.03806026 0.35253176 0.31820729
v -0.41832948 -0.06010371 -0.18251161
v 0.08354019 0.31280583 -0.47407222
v 0.16511080 0.19326903 0.56611627
v -0.11924856 -0.16459879 -0.21311077
v 0.03387136 -0.01713648 -0.59145999
v 0.00987404 0.32874054 -0.12220626
v 0.32594937 0.17897092 0.71648169
v -0.03163327 0.32063359 0.27589414
v 0.26038459 0.21667576 -0.21770915
v -0.10805014 -0.13640474 -0.05746874
v 0.01158640 -0.33938533 -0.20102763
v -0.61115086 -0.25319701 -0.34988734
v 0.64193857 -0.34876367 -0.46216080
v -0.40118882 -0.17669952 -0.37008104
v 0.00575914 0.14083618 0.24356776
v -0.20552948 0.24021438 0.23090541
v -0.19434994 0.26332882 -0.14864707
v -0.31032157 0.02621206 -0.15407029
v -0.02277753 0.43093592 0.31486303
v -0.14817955 0.04472540 0.35037664
v -0.26230538 0.03627114 0.67097402
v 0.19949862 0.06727237 0.07112055
v -0.45406958 -0.33771589 -0.34082323
v 0.53634030 -0.39460823 -0.54408485
v 0.32230994 0.00100799 0.25248390
v 0.10770783 0.14620598 0.30463380
v 0.61711323 -0.16850391 -0.41636604
v 0.04484764 0.29518157 0.31910729
v -0.01065971 0.27924302 -0.52103698
v -0.10125256 -0.03315503 0.10327893
v 0.02725707 -0.05504365 0.18216695
v -0.19176461 0.11131120 0.04797372
v -0.01610184 -0.23092614 -0.24837083
v 0.24120843 -0.11671811 -0.28010002
v 0.15500760 0.20443149 0.83429557
v 0.11388966 0.09860341 0.32888073
v -0.31255579 -0.01435935 0.24146312
v 0.00644005 0.37250936 -0.27509788
v -0.24381021 0.10562208 0.12328137
v 0.10077935 -0.26495448 -0.51957911
v -0.35512224 0.05026777 0.85056412
v 0.61893320 -0.14494751 -0.40540484
v -0.17498371 0.01019320 0.34936807
v 0.21517651 0.09642205 0.77826941
v -0.33902088 0.14829034 0.84866011
v 0.31344306 0.19990079 0.83247393
v 0.21846922 0.23903693 0.55719131
v 0.24156737 0.06035990 -0.43347737
v 0.30644411 -0.05985021 0.82237899
v 0.06175148 -0.01338733 -0.58018839
v -0.15946984 -0.31543007 -0.66322303
v -0.39876086 0.07784139 0.75357234
v -0.23378634 0.20433636 0.35102662
v 0.34013316 0.12183346 0.85393161
v -0.49419364 0.02740736 0.80303490
v 0.13710706 0.33560994 -0.37491211
v -0.57720482 -0.51218247 -0.32590520
v 0.18683304 0.22303452 0.14678557
v -0.58487636 -0.35453179 -0.30681461
v 0.06924080 -0.32667187 -0.23275933
v -0.36809486 0.16418819 0.75658143
v 0.26696992 -0.04773353 0.34725380
v -0.37529355 0.15123050 0.72959304
v -0.44741794 -0.03425105 -0.29884464
v 0.52114952 -0.16922405 -0.45167267
v -0.08391514 0.32742554 -0.10784933
v 0.52286321 -0.04868469 -0.33713764
v 0.38826653 -0.06357379 -0.30942175
v -0.51120979 -0.46187860 -0.52483171
v -0.32542634 0.18500537 0.28976062
v 0.09430753 0.23546788 0.23360150
v 0.04776890 0.37455869 -0.24354355
v 0.60476553 -0.08482823 -0.25279689
v 0.47754896 -0.01985186 -0.30365434
v 0.18815237 0.20168498 0.02573189
v -0.14572310 0.33444819 -0.20401700
v 0.60785836 -0.07376707 -0.38174483
v 0.09839527 0.28013104 -0.50344503
v -0.10339627 0.33754846 -0.16060834
v -0.00755800 -0.43198791 -0.24269596
v -0.01620380 -0.25976026 -0.24036081
v -0.27107191 -0.04681103 0.30667749
v -0.28599638 -0.04142115 0.27570790
v 0.31362116 0.00431354 0.23623429
v 0.22302032 0.00315646 -0.06011902
v 0.16006798 -0.23907258 -0.52567273
v 0.21605772 -0.04053656 -0.38777992
v 0.46329448 -0.00039884 -0.30906430
v -0.07370367 -0.11777525 -0.03304876
v 0.15192473 -0.04136351 -0.01162418
v 0.34604245 0.14747506 0.27488247
v 0.57658160 -0.36027509 -0.43100873
v -0.34147370 0.19685996 0.69915575
v 0.06869577 0.08954494 -0.58910167
v 0.28333694 0.02942438 -0.38520297
v -0.02915614 -0.21083662 -0.54986542
v 0.60045159 -0.13354892 -0.23884362
v -0.40588403 -0.06046200 0.84826535
v -0.56288213 -0.24856888 -0.41288653
v -0.49001580 -0.34086803 -0.23475209
v 0.60656351 -0.41397911 -0.44452536
v 0.25359967 0.21036296 0.34596527
v -0.25103280 0.20102623 0.34953126
v 0.20431352 -0.14677633 -0.35768378
v -0.53017747 0.02378536 0.84594363
v -0.26554331 0.02461861 -0.14792706
v -0.24771550 0.12374432 0.85278177
v 0.26862749 0.08606012 -0.11819177
v 0.36445299 0.00637204 0.49220484
v -0.03069268 -0.36277568 -0.41084263
v 0.29330128 -0.00511296 0.23135848
v -0.09302052 0.25543180 -0.50858939
v -0.51576990 -0.47340527 -0.45039290
v 0.20524584 0.07127093 -0.01751550
v -0.07710708 -0.30674878 -0.38430813
v -0.37733293 -0.01223200 -0.16567881
v -0.36117569 0.13598317 0.45517761
v 0.37495103 0.07625768 0.30560157
v 0.27561101 0.20642360 -0.31467324
v -0.10583265 -0.07099529 -0.53962135
v 0.06619672 -0.30788404 -0.22852233
v 0.16018137 0.21680798 0.77682161
v 0.22168708 0.15603091 0.10008590
v -0.12865815 -0.01947523 -0.51017112
v 0.23827076 0.06792993 -0.08397968
v -0.14840440 0.03028956 0.03294552
v -0.49060842 -0.32484952 -0.22661848
v 0.63502961 -0.13488010 -0.27260455
v 0.16035545 -0.27614346 -0.57487243
v -0.12329426 -0.22151363 -0.52461386
v 0.09934814 0.01697043 -0.57353628
v 0.13045399 -0.25882033 -0.51896811
v 0.23421651 0.13142078 -0.46589157
v -0.18939885 -0.02371217 0.33465093
v 0.29205585 0.12713672 -0.17830659
v -0.09642196 0.14095688 0.32816526
v 0.21726881 -0.01310759 -0.43155900
v 0.22352849 0.11775997 0.85255653
v -0.33229604 0.20554619 0.63011515
v -0.34439644 0.10107189 0.21860193
v 0.25122663 -0.09944832 -0.29002684
v -0.09626061 0.10018688 -0.56814516
v -0.35620430 0.07144305 -0.23518333
v 0.03379155 0.26850840 -0.52957660
v -0.08405466 -0.13153271 -0.50281990
v 0.18930942 -0.09785593 -0.07503663
v 0.45654976 0.01660215 -0.29496470
v -0.40689558 -0.26235032 -0.38924581
v 0.03609627 0.36635008 -0.20866263
v -0.08043808 -0.30133224 -0.51948196
v -0.06434723 -0.05654505 0.04801672
v 0.28212741 0.18963288 0.19638452
v -0.24533425 0.18288673 0.38069493
v -0.42052770 -0.01075517 -0.21247658
v -0.22981855 -0.03825533 0.26311988
v -0.23266478 0.11100630 0.10617299
v 0.17172650 0.00687189 0.01261311
v -0.27834633 0.03700309 0.17801228
v -0.58700740 -0.31609270 -0.36716661
v -0.38151339 0.07929358 0.42085776
v 0.32669714 0.12280583 -0.19859228
v 0.05051664 -0.17409168 -0.54051465
v -0.51698846 -0.17812768 -0.38960475
v 0.40935403 0.03959875 -0.16573288
v 0.19531101 0.30138755 0.82461214
v 0.36164382 0.09188267 0.25483343
v -0.06258813 -0.28230655 -0.30288088
v -0.31533891 -0.00616550 0.84803134
v 0.10280930 -0.15420115 -0.24085440
v 0.18156767 0.28708085 -0.12651755
v -0.15640330 -0.08519278 -0.43558741
v 0.04983258 -0.15163828 -0.19764501
v 0.06784176 -0.15153791 -0.07667251
v -0.17512935 -0.00379824 -0.03238307
v 0.23942833 -0.02423150 0.42325541
v -0.30694216 0.21092966 0.64314312
v -0.45282239 0.04379497 0.79834896
v 0.28655192 0.10906836 -0.37028500
v -0.10692238 -0.16428658 -0.32092017
v 0.59167236 -0.29120618 -0.31578588
v 0.13795871 -0.30265754 -0.52239990
v 0.15717225 0.23191980 0.11899199
v -0.12259436 0.02581355 -0.53091806
v -0.10013019 0.34779826 -0.20292972
v -0.05155148 -0.31062248 -0.45759985
v -0.57352769 -0.15312894 -0.32700804
v -0.06180270 0.01643938 -0.57597935
v 0.02717119 0.25367162 0.28881606
v 0.41359249 -0.04967552 -0.14501217
v -0.45381027 -0.33477017 -0.32462019
v -0.22839870 0.24497953 -0.22649556
v -0.38946211 0.11926172 0.62878150
v 0.05211938 -0.44757086 -0.31541124
v -0.17562816 0.18551846 -0.06442699
v 0.18412679 0.14639616 0.78755945
v -0.48197392 -0.37521335 -0.39117646
v 0.19574374 0.15208571 0.48389736
v -0.02725928 -0.12118759 -0.55208397
v 0.26792851 0.20041777 -0.33732146
v 0.26515964 0.12766476 -0.13938595
v 0.25946495 -0.05988045 -0.34673542
v -0.39817792 0.07693212 0.45665565
v -0.04475561 -0.43392923 -0.29778624
v -0.25671688 0.00009189 0.46068326
v -0.35583705 0.13702837 0.26271352
v 0.04575602 -0.20132078 -0.53366357
v 0.35468736 0.11143664 0.53210920
v 0.13541970 0.23482411 -0.51650274
v -0.13062459 -0.00530494 0.28214490
v -0.10276761 -0.17180736 -0.12839757
v 0.30779859 0.07313947 -0.15038896
v 0.35000905 0.04254709 0.52927053
v -0.18499398 0.11649057 0.02108488
v -0.22388221 -0.02853136 -0.12248269
v 0.00709786 -0.09302808 -0.59223056
v -0.34086767 0.13863781 0.44926566
v -0.25248727 0.13221624 0.13080204
v 0.21426833 -0.03864215 0.27481318
v 0.23851021 0.00325430 0.18072668
v 0.30397099 0.18510631 0.35883459
v 0.10649156 0.29746896 0.02235551
v 0.19032644 -0.03435827 -0.46528023
v -0.46711394 -0.04517857 -0.22793470
v 0.18231666 -0.10538667 -0.07497752
v 0.09567713 -0.21535391 -0.29586506
v 0.30761302 0.17026645 0.19898750
v 0.24930209 -0.10425610 -0.27465540
v -0.11417387 0.23318042 0.23979925
v -0.04329275 0.53862131 0.40948004
v 0.20328860 0.29800081 -0.19486605
v -0.37874311 0.08906685 0.30499399
v 0.37751898 0.03932398 0.37736458
v 0.02192806 0.45583946 0.37395492
v -0.18093014 0.11762108 -0.03768802
v 0.05012648 0.27683029 -0.51968724
v 0.20638365 -0.11288384 -0.11514521
v 0.22463164 -0.02849485 0.24209337
v 0.27628794 -0.04615578 0.36700541
v 0.37045071 0.01956566 0.33210972
v 0.29610068 0.18764448 0.48527765
v 0.64037198 -0.32101664 -0.47606137
v -0.15787444 -0.01706391 0.29016989
v 0.05646503 0.29173350 0.27978146
v -0.22006409 0.22458577 0.82845479
v 0.01542166 0.44529846 0.31771725
v 0.32967660 0.08216167 -0.15589787
v 0.28795180 0.23900069 0.75103837
v -0.28600204 0.02881894 0.66782254
v 0.20659626 0.17084050 -0.04084820
v -0.13898289 -0.16880944 -0.15817933
v 0.14818402 -0.10944048 -0.45090926
v -0.39957979 -0.04600722 -0.34193474
v 0.26952988 0.07622651 -0.40292528
v 0.39058992 -0.02399868 0.83928216
v 0.15988564 -0.06264174 -0.50794733
v -0.51569021 -0.47051862 -0.39119440
v 0.49008423 -0.22149549 -0.42309904
v -0.12527078 -0.20315260 -0.35488397
v -0.36484253 0.00139530 0.55343276
v -0.40888608 -0.15101925 -0.18359463
v -0.52669871 -0.49366406 -0.44948748
v -0.21558455 0.00241020 -0.08862755
v 0.51538366 -0.27191928 -0.49650577
v -0.11045738 -0.24616115 -0.42293775
v 0.60597110 -0.21212211 -0.25701821
v -0.58367682 -0.32908261 -0.35721433
v -0.35718352 -0.04553687 0.44114909
v 0.21837123 0.01933649 -0.04751689
v 0.17418566 0.31757438 -0.19473566
v 0.09700707 0.36706662 -0.25512436
v -0.38119048 -0.25289032 -0.34847590
v 0.08623108 -0.11609846 -0.04011321
v 0.08503608 0.27734381 -0.51011604
v 0.33071637 0.14650881 0.22142637
v -0.61422247 -0.24886341 -0.33687493
v 0.25540382 -0.06667341 -0.34831417
v -0.23030519 0.08354446 0.71027827
v 0.37684950 0.03375190 0.38251507
v 0.18195301 -0.13137560 -0.28460747
v -0.58901280 -0.45610806 -0.26988876
v -0.13881169 0.34078169 -0.30644500
v -0.39038393 0.09818804 0.45905343
v -0.60333145 -0.48011872 -0.30546087
v -0.39498687 0.14247142 0.59119010
v 0.29353997 -0.02300252 0.48012617
v -0.17903233 -0.06015181 -0.46442014
v 0.15724534 -0.08191901 -0.02448911
v -0.04887618 0.27526540 0.15802507
v 0.18703642 0.06798632 0.61963868
v 0.01783350 0.28711343 0.32919848
v 0.16820246 -0.01835014 0.14283296
v 0.14478832 -0.19638672 -0.56220758
v 0.20778702 0.20516440 0.13649578
v 0.26248085 0.01671886 0.17998537
v -0.25232932 -0.03439833 0.24707906
v 0.17078577 0.17435330 0.78654426
v 0.19795293 0.12165441 0.81080639
v -0.56369907 -0.57418424 -0.28065079
v 0.12311584 -0.17018823 -0.34002778
v -0.24859980 0.07539713 0.72067386
v 0.28452846 0.02782569 -0.38202316
v 0.02015848 0.43928167 0.31833541
v 0.11946873 -0.03492510 0.03310508
v 0.51511109 -0.27293262 -0.50606954
v 0.18872735 0.31733537 -0.23617037
v 0.22052783 0.11573245 -0.05527246
v 0.25632566 0.22572315 -0.19069229
v -0.23098956 0.23596174 -0.33996186
v -0.19048296 0.11071377 0.61973214
v -0.20472677 0.19173713 -0.44400099
v -0.32925069 -0.12031256 -0.33483207
v -0.42398959 -0.13618664 -0.36266384
v 0.42018992 0.05342556 0.81866384
v 0.09339640 -0.01210857 -0.57293612
v -0.27398273 -0.04091107 0.38469249
v -0.24447979 -0.05653097 -0.15861236
v 0.09018467 -0.40042755 -0.31297940
v 0.25754705 0.16771829 -0.10073547
v -0.32193160 -0.01767388 0.25816834
v -0.38873798 0.06493617 0.42011371
v -0.39770344 0.10888362 0.55891901
v -0.49275887 -0.47970715 -0.51100814
v 0.20212844 -0.24565740 -0.58071715
v -0.17123213 0.17437725 0.37371624
v 0.15182312 0.26593095 0.82824534
v -0.54579198 -0.21435401 -0.40402681
v -0.58772230 -0.51876539 -0.31964952
v -0.40611723 0.14240067 0.79919237
v 0.09253801 -0.12147907 -0.04109013
v 0.18584859 0.21588954 0.32048324
v -0.09536677 0.32465690 -0.10908093
v -0.40696549 -0.05742297 -0.17757879
v 0.31190768 -0.04266201 0.36632049
v 0.39084548 0.06386505 -0.16257370
v -0.23837924 0.12250958 0.11116926
v 0.25127900 0.21099150 -0.39958608
v 0.46274415 0.02972976 -0.26903331
v 0.14231193 -0.02272414 -0.53111100
v -0.48458317 -0.03851218 0.81844568
v 0.11834972 0.29152358 -0.47537813
v 0.62841403 -0.19714262 -0.28116611
v -0.38005415 0.11364534 0.45619577
v -0.28011656 0.05599549 0.71637338
v 0.17583422 0.03477053 0.03052032
v -0.00028667 -0.32415587 -0.20704606
v -0.47568917 -0.21003525 -0.18868271
v -0.27636239 -0.00615909 -0.35239959
v 0.55295420 -0.29674757 -0.39098254
v 0.64740127 -0.19397479 -0.36372584
v 0.20152842 -0.28541446 -0.62084907
v -0.58719254 -0.25848326 -0.26353979
v -0.20790416 0.15676755 0.09182049
v -0.33825254 0.17774385 0.48256373
v 0.01552740 -0.19492847 -0.23128659
v 0.33409384 0.16159898 0.25882313
v 0.08150892 0.06676190 0.28461716
v 0.04630812 0.32899964 -0.45589009
v -0.17479035 0.01342195 -0.45925981
v -0.23168486 0.19247024 0.76816750
v 0.22299658 -0.03003181 -0.43725735
v 0.09532262 0.36493862 -0.23927151
v -0.36614555 -0.21664779 -0.26523653
v -0.16194591 0.03700995 0.06415537
v -0.03852006 -0.33341050 -0.25239888
v -0.16062382 -0.16190550 -0.17694169
v -0.52574360 -0.55346501 -0.44339019
v 0.16569321 -0.06951819 -0.50100714
v -0.21867099 0.09294175 0.09312938
v -0.20779943 0.05018257 -0.44511160
v 0.00085430 -0.36931035 -0.37343809
v -0.49929288 0.02093638 0.80733591
v -0.23681720 0.22316147 -0.19109537
v 0.35698366 0.01033783 0.79481089
v -0.56753069 -0.27422169 -0.41230610
v 0.33094490 0.05418406 0.21193098
v 0.41963881 0.01353879 -0.31608734
v -0.30690619 0.06045594 0.75153786
v 0.08528744 0.00242247 0.24844842
v 0.28991586 -0.03242130 0.43177351
v -0.00669441 -0.11619957 -0.04639847
v 0.26293343 0.01248986 0.56090629
v 0.22705910 0.22595111 -0.10923740
v -0.13956356 0.06927530 0.35306504
v 0.40388903 -0.07898941 -0.30695429
v 0.59646291 -0.29468599 -0.33860132
v -0.29138833 0.20287463 0.20408045
v -0.54668212 -0.20210029 -0.23097195
v -0.01043330 0.25860023 -0.53588420
v -0.16467620 0.20478956 -0.05282295
v -0.22024739 0.05937639 -0.43715918
v -0.21973105 0.20838045 -0.40758607
v -0.26611692 -0.11458812 -0.27832106
v -0.28245318 0.21753332 0.24538001
v 0.05737296 -0.37072539 -0.36451310
v 0.64675975 -0.26920748 -0.38012826
v 0.03377124 -0.42921406 -0.24013804
v 0.40902716 0.07484519 -0.26752973
v 0.36267528 0.10717852 0.27783862
v 0.65293479 -0.17560393 -0.34862947
v -0.00836830 0.09910075 0.24976410
v 0.16642939 -0.11059713 -0.06088548
v 0.21653086 0.28147492 -0.36248457
v 0.04420213 0.35041547 -0.16027473
v 0.10581902 -0.14764841 -0.21247923
v 0.23246101 0.16176616 -0.08308561
v -0.32513615 -0.16150102 -0.23110303
v -0.02908604 -0.46550789 -0.27973446
v -0.17091231 0.06072523 0.38256735
v -0.08753414 -0.28366873 -0.32127076
v -0.21609235 0.01551126 0.40498611
v 0.13568282 -0.16145459 -0.12595291
v 0.44731256 -0.20713688 -0.22153457
v -0.03673231 -0.25430700 -0.26209611
v 0.18253210 0.23098306 0.19338681
v -0.47040570 -0.17435692 -0.39935401
v -0.56272322 -0.45311123 -0.45191023
v -0.13625301 -0.28991553 -0.59948760
v -0.23775284 0.16930120 -0.12779814
v -0.50503582 -0.23402928 -0.42454788
v 0.28174606 0.24769165 0.78311646
v -0.29984438 0.01697179 0.84169751
v 0.18279622 0.15787220 0.41013682
v 0.53702956 -0.20144793 -0.45748329
v 0.08977670 -0.07627664 0.02919713
v -0.45599833 -0.34030822 -0.34314671
v -0.42132017 -0.15049927 -0.37458098
v -0.38722944 -0.00147330 0.78990036
v 0.13998601 -0.06973079 -0.53453737
v 0.08278634 0.31687763 -0.46359891
v -0.04922934 0.35042891 -0.13585439
v 0.24470064 -0.09008925 -0.35101268
v 0.24260744 0.02136497 0.16077362
v -0.01790117 -0.34902138 -0.23185174
v -0.29486233 0.06287652 0.75967264
v 0.32467410 0.23183669 0.62197196
v -0.03912280 0.02626392 0.24635436
v -0.01302359 0.27861124 0.30401629
v 0.15863049 0.27829900 -0.46643764
v 0.57359892 -0.38012779 -0.47395709
v 0.14586841 0.14593633 0.61318886
v -0.24076849 0.09496956 -0.42744502
v 0.00157089 0.18846720 -0.57337189
v -0.17818514 -0.15955609 -0.35069746
v -0.21564610 0.20539582 0.35472900
v -0.00750054 0.35944548 -0.16666317
v -0.24140330 -0.01167048 -0.41367289
v -0.39847717 0.10866164 0.51794481
v 0.08664743 0.02811617 0.27119502
v 0.04101828 -0.25752240 -0.49953589
v -0.41135889 -0.14217857 -0.36112240
v 0.35892737 0.03779408 0.48387024
v 0.64820951 -0.25769106 -0.38775781
v 0.16697280 -0.13557445 -0.42572570
v -0.37560225 0.06136579 0.28163698
v -0.18703391 -0.28630370 -0.60843277
v -0.58007175 -0.55656183 -0.28775799
v 0.15708664 0.20294052 0.31132799
v -0.04155509 0.26116559 -0.53039831
v 0.22801749 0.05785199 0.10419689
v 0.15362662 0.09209730 0.57144785
v 0.29105210 0.25336957 0.57373744
v 0.31324419 0.01038469 0.22641054
v -0.07180901 0.29917619 -0.47202981
v -0.25497293 0.18893801 -0.34856978
v 0.55590129 -0.19611230 -0.20703416
v 0.14449820 0.04628355 0.35420007
v -0.01853603 -0.02370650 0.24256694
v 0.27794018 0.27653068 0.68614602
v 0.42315641 -0.02057871 -0.31634644
v -0.30823630 0.21282659 0.58681601
v -0.18535703 -0.14075916 -0.15458357
v -0.60181499 -0.29156780 -0.35345960
v 0.21725692 -0.12104467 -0.15688935
v 0.14199622 -0.09748788 -0.46736148
v 0.53354400 -0.13785486 -0.44089749
v -0.22941197 0.24572088 -0.33643600
v -0.41766188 0.12181576 0.78045344
v -0.03297386 0.09381696 -0.59567064
v -0.12126534 0.05441289 -0.54633600
v 0.20088708 -0.02516806 0.22969604
v -0.10870993 -0.20090574 -0.45230362
v 0.26154989 0.17774832 0.42871150
v -0.13403319 -0.01734947 0.00617574
v 0.35519543 0.18805866 0.57972348
v -0.11097821 -0.19846682 -0.44879493
v 0.03254421 0.37494597 -0.25428575
v -0.12342885 -0.22926424 -0.36769375
v 0.31832242 0.19728805 0.77767348
v -0.17188597 -0.13074370 -0.38679132
v 0.16768676 0.31322196 -0.16576964
v 0.14786524 0.16011885 0.58312148
v 0.04480713 -0.11688299 -0.54365712
v 0.19658424 0.11966463 0.84614682
v 0.45749727 0.04074204 -0.23108235
v 0.16938652 0.19287676 -0.51180357
v 0.46820483 -0.19694607 -0.32000279
v 0.20197573 0.04826633 0.52277076
v -0.16606352 0.23674446 0.25869909
v -0.11482506 0.34949774 -0.26733264
v 0.10868872 0.25863674 0.15062054
v 0.62456870 -0.24274030 -0.29091224
v 0.52081156 -0.24462311 -0.50551867
v 0.16379885 0.09008650 0.54110008
v -0.38920033 0.11319466 0.47444281
v -0.09357467 0.02535126 -0.56196952
v -0.20530452 0.01835741 0.14394116
v 0.07046252 0.27000892 0.15762138
v 0.45525420 -0.12956451 -0.39175713
v 0.06132619 -0.12778041 -0.05528037
v -0.04595890 -0.19196148 -0.26189381
v 0.34933206 0.19440371 0.53607291
v 0.51268423 -0.07627934 -0.20593424
v -0.14126086 0.05570733 -0.52484977
v -0.07656216 0.25571638 0.20696555
v -0.39491099 -0.10094608 0.85399801
v 0.25938359 0.22041355 0.30776930
v -0.00556541 -0.45214039 -0.31094342
v 0.16421847 0.25237128 0.05132536
v 0.02927819 -0.22979571 -0.23381069
v 0.35232127 -0.00923050 0.33768937
v -0.42027912 -0.27279460 -0.29280061
v -0.11589792 0.15669282 -0.54826218
v -0.14814812 0.02422843 0.05021973
v 0.10215039 -0.15680602 -0.24688944
v 0.20767984 -0.02838309 -0.44727239
v 0.62361979 -0.15430158 -0.26223499
v 0.46551749 -0.07477703 -0.17081110
v 0.26039508 -0.00349999 -0.12471236
v 0.22318040 0.13342452 0.85119563
v -0.10202189 0.13148431 0.33948404
v -0.54900211 -0.13549738 -0.31958616
v -0.41388169 -0.22979921 -0.40007111
v -0.27421698 0.03413106 -0.38123903
v -0.34191853 0.03140508 0.64148939
v 0.53108269 -0.27626571 -0.44021168
v -0.00775664 0.37520820 -0.24877322
v 0.19663955 0.22190408 0.54387510
v 0.05468498 0.07406270 -0.59294605
v 0.58350730 -0.24393941 -0.52441835
v 0.33813399 0.03112492 -0.34058988
v -0.19337173 -0.03121035 -0.07004388
v 0.31812558 0.04688997 0.19702259
v 0.03962556 0.27364227 0.29227495
v 0.16662040 0.11660786 0.52368504
v 0.33120659 -0.02250684 0.40654808
v -0.28297868 0.13001655 -0.32045752
v -0.52045244 -0.14238296 -0.36994880
v -0.09979594 -0.20842010 -0.50586438
v 0.19704288 0.25147760 -0.45115358
v -0.04325942 0.34727207 -0.13086666
v 0.16838638 -0.01939666 0.15143004
v -0.28359655 0.05700034 0.72032696
v -0.03133377 -0.44569436 -0.26370323
v 0.28282851 0.26778454 0.70330280
v -0.40502140 -0.25061658 -0.31654271
v -0.48518625 -0.38950819 -0.44178784
v -0.11849343 0.30673057 -0.41630810
v 0.20492046 0.20568292 -0.47889692
v 0.14565957 0.16560504 0.35142061
v 0.25641975 0.26713470 0.80824602
v -0.23419400 0.21599808 -0.16853270
v 0.19691126 0.28427976 -0.39025104
v -0.11326777 0.29029390 -0.45219988
v -0.03918188 0.50122643 0.34828761
v -0.37150690 0.01908826 0.77183980
v 0.31642482 0.18852626 0.73715705
v 0.04052949 0.24093322 -0.54482168
v -0.34644404 -0.03295230 0.32456744
v 0.51811910 -0.26285338 -0.29836759
v 0.04468513 0.28358051 0.12992206
v 0.57904130 -0.25575954 -0.53405142
v 0.47003424 -0.00306440 -0.17887405
v 0.55269438 -0.29856756 -0.33860657
v -0.07330571 0.04508184 0.26428550
v 0.19535576 0.16774932 0.41341689
v 0.12226769 0.31772667 -0.11129301
v -0.35613635 0.13770004 0.26528642
v 0.55084252 -0.29355359 -0.36804289
v -0.02629074 -0.07496975 0.09674478
v 0.37778142 0.10258858 -0.20588134
v 0.39404663 -0.03393032 -0.14114439
v 0.19998787 -0.12177435 -0.29106519
v -0.26556388 0.17114791 -0.21927963
v 0.02560405 0.36824369 -0.27069628
v 0.12645279 0.10065576 -0.55620229
v -0.54271585 -0.49911201 -0.29682967
v -0.49797207 -0.56929421 -0.43695632
v 0.03376476 -0.21699420 -0.53573817
v -0.16688253 -0.01387494 0.18734142
v 0.09078413 -0.17381744 -0.27072948
v 0.01891201 0.23987664 -0.54798967
v -0.25771552 0.18321185 0.51706892
v -0.38170817 0.10316632 0.69665170
v 0.18497370 0.09727147 0.50571871
v -0.37219399 -0.01315414 0.47286183
v 0.60807854 -0.24680994 -0.27955174
v -0.22230488 0.06077059 -0.09172842
v 0.48208922 0.01979231 -0.21536250
v 0.13746254 -0.25710028 -0.45389557
v 0.15304719 -0.13040830 -0.31153226
v -0.27404726 0.05158142 -0.15490639
v 0.12044504 -0.14143468 -0.24382676
v -0.03142948 0.29983836 0.25870001
v 0.22265874 -0.00019297 -0.06553250
v -0.06097389 -0.15303990 -0.52694440
v -0.49904230 0.01977138 0.83938402
v 0.06145561 0.36491787 -0.35721239
v 0.21978265 0.10602032 -0.05053749
v -0.01607893 0.38282332 0.36912531
v -0.10175159 -0.14142098 -0.06006011
v -0.21702947 0.06524155 0.66535598
v -0.24775653 0.10457963 -0.42032546
v -0.20550241 0.19646098 0.12040188
v 0.62265188 -0.45357507 -0.44532600
v -0.33540022 -0.04394461 0.42118666
v 0.13978413 0.02570120 0.33766356
v -0.09192937 -0.31396055 -0.61154532
v -0.22480047 0.17782234 0.71561444
v -0.05482014 0.01904881 0.24199341
v -0.06012938 -0.31681016 -0.31078407
v -0.16559793 -0.00658786 0.13993630
v -0.02486262 -0.15631135 -0.17347573
v -0.05209009 -0.03517655 0.16828601
v 0.07188167 -0.10529549 -0.53673017
v -0.48563358 -0.06981692 0.82238108
v 0.35640451 0.09757230 0.24004467
v 0.58178639 -0.28045979 -0.53563988
v 0.28732547 -0.03556347 0.42397207
v -0.13231476 -0.33212665 -0.61913675
v -0.21876560 0.25113225 -0.35839379
v 0.22522891 -0.11254270 -0.22237170
v 0.08758961 0.29560909 -0.49185321
v 0.25793412 -0.08521469 -0.30240160
v 0.22703587 0.26479742 0.61917627
v -0.46757227 0.02532507 0.81891322
v -0.07841467 -0.00183222 0.22713026
v -0.33961928 0.16519156 0.31913960
v 0.17169835 0.00582169 0.36887074
v -0.27558273 -0.05703111 -0.15419318
v -0.47107103 -0.06491572 0.85288292
v -0.24651502 0.00556781 0.58682221
v -0.47665173 -0.10179863 -0.22744234
v 0.56777829 -0.30910394 -0.36026981
v 0.41056716 -0.14865769 -0.29048258
v -0.60270184 -0.46067753 -0.34199065
v -0.42294648 -0.25637451 -0.40738425
v -0.48247170 -0.45926985 -0.49960887
v -0.21566212 0.24775498 -0.37036744
v 0.27150407 0.01555524 0.85301363
v -0.08947325 -0.07479379 -0.01521088
v -0.02454828 0.46560481 0.32328141
v 0.42984930 -0.11445390 -0.17253776
v -0.43944046 -0.16183074 -0.19926888
v 0.43811819 -0.13685735 -0.37499270
v -0.17226602 -0.15986307 -0.35706156
v 0.33673412 -0.02390731 0.33461499
v -0.11579380 0.25869304 0.09293351
v -0.56922376 -0.47381452 -0.44761127
v -0.03213605 0.36872560 -0.21627168
v -0.40130332 0.02168575 0.50179297
v -0.14167131 0.00768223 0.07069920
v -0.36983746 -0.17154375 -0.19693397
v 0.57719618 -0.32387924 -0.36628282
v -0.35014006 0.12689795 0.23531264
v -0.58046359 -0.16420090 -0.33676898
v 0.06793715 0.04456640 0.27369654
v 0.25767979 0.04503970 0.76670355
v -0.11387638 -0.17448102 -0.46094388
v -0.19760194 0.30156177 -0.28640184
v 0.19154988 0.21402723 -0.01484795
v 0.14977013 0.21375734 0.27688628
v 0.24444082 0.06660297 0.85315800
v 0.11338416 -0.30517775 -0.40155780
v -0.10192268 0.22309242 -0.52610838
v -0.58087081 -0.42694661 -0.27548969
v -0.14161599 -0.26565564 -0.57379138
v -0.02990534 0.06816255 0.25803596
v 0.52308840 -0.21007913 -0.45272130
v -0.43212453 -0.12732971 -0.18871051
v 0.48737994 -0.04822039 -0.33892927
v -0.34363413 0.03104415 0.22746865
v 0.24922127 -0.05801338 -0.14860551
v 0.05222036 0.31692067 -0.09071696
v -0.16815510 -0.00146609 -0.03100144
v -0.57773978 -0.51074004 -0.27939039
v -0.21987662 0.10667032 -0.45263973
v 0.55556053 -0.45425296 -0.51557642
v -0.34128761 0.16381989 0.31400493
v -0.49803928 0.02508498 0.84186053
v -0.28513208 0.10315248 0.14963324
v -0.46939754 -0.18614921 -0.19156900
v -0.39229807 -0.11893971 -0.35219637
v -0.17935087 0.23958944 0.21290208
v 0.06756296 0.00193023 0.23474528
v -0.23999509 0.04285772 -0.11921785
v -0.09467985 -0.24748917 -0.50441027
v -0.54431015 -0.40926704 -0.49005592
v -0.14305268 0.13480082 0.37520716
v 0.19998881 0.16990611 0.02588742
v -0.06334955 0.26848471 0.17464395
v -0.21379057 0.21761702 0.82407570
v 0.64442796 -0.10371283 -0.32207319
v -0.33687848 -0.04211017 0.34089160
v -0.32656875 0.10746847 0.18432611
v -0.41480175 -0.25780088 -0.27279881
v -0.19924252 0.13861421 0.57327598
v 0.27135715 0.22175182 -0.24778838
v 0.06047550 -0.29714268 -0.46160302
v 0.04188400 0.40615875 0.34690571
v -0.58469808 -0.33953190 -0.32764009
v -0.37511608 -0.00207629 0.52958697
v 0.16535249 0.22050390 0.27294144
v 0.56363255 -0.24296446 -0.24446467
v -0.07824630 0.28678975 -0.48578423
v -0.14491923 -0.17590000 -0.39946309
v 0.39997822 0.09923756 0.82807142
v 0.00162858 0.30224594 0.21274884
v 0.15109558 -0.21177965 -0.43349007
v -0.40727019 0.04672524 0.52011245
v 0.39365479 0.05076835 0.84664172
v 0.35747141 0.03134599 0.80241823
v 0.56542426 -0.20395634 -0.47989082
v 0.37876278 0.09850276 -0.20173663
v 0.34576768 0.12424131 -0.26327381
v 0.24212658 0.20218663 0.36394334
v -0.31425816 0.08271902 -0.19906656
v 0.59481514 -0.40204433 -0.51726407
v 0.11723877 -0.19745505 -0.33176330
v 0.27517027 0.02000771 -0.39666390
v -0.58382380 -0.16852266 -0.33396506
v -0.16993868 0.18775398 0.00675722
v -0.46376997 -0.04746743 -0.29617918
v -0.20291872 -0.07784126 -0.10602497
v -0.40620416 0.06843068 0.50625724
v -0.21559928 0.19388165 0.36920077
v 0.56957716 -0.32271850 -0.39031962
v -0.23479907 0.18972348 0.65382403
v 0.24831769 0.26374966 -0.26264164
v -0.07964102 0.04182257 0.26616329
v 0.10430785 0.25134447 0.19419380
v -0.47081205 -0.31501305 -0.42698812
v -0.04630313 0.34659213 -0.12912074
v 0.23815107 -0.05837670 -0.11411931
v -0.02588767 -0.45687774 -0.26330897
v 0.56459779 -0.16751571 -0.45122406
v -0.52870184 -0.49360305 -0.37265182
v 0.35040754 -0.03136801 -0.32622984
v 0.59159416 -0.25671914 -0.27121425
v 0.05142985 0.24679101 0.27068314
v 0.03202816 0.11802247 0.26024303
v -0.19926581 0.07561352 0.08153514
v -0.24797551 0.18327795 -0.16599950
v 0.26419121 0.13090375 -0.13121028
v 0.55235380 -0.36669397 -0.52126163
v 0.33905283 -0.02990517 0.48421386
v 0.27591175 -0.03527171 0.26388240
v -0.19295861 -0.33601120 -0.65045857
v 0.03477530 -0.06030359 0.16059090
v 0.18273541 0.07883938 0.45015588
v -0.13306536 0.25510216 0.01338347
v -0.38976261 -0.19719151 -0.37231678
v 0.22286609 0.10890543 0.69826263
v 0.17009209 0.17332992 0.79176366
v 0.04976865 -0.10164826 -0.57402301
v 0.07420070 -0.08620090 -0.57435238
v -0.27366030 0.15122308 0.46227738
v -0.23783641 0.16709782 -0.13035859
v 0.30733734 0.19061093 0.23581880
v -0.11294834 -0.15375522 -0.47186470
v -0.39186662 0.15574686 0.55924785
v -0.17809442 0.06750455 -0.01358487
v 0.27639791 0.06045520 -0.12758073
v -0.33763328 -0.00976990 0.77917689
v 0.12781934 0.05296395 -0.56075954
v -0.37417385 0.10095500 0.71318567
v -0.14039667 0.30263391 -0.40246812
v -0.01464820 0.29839879 0.05918120
v -0.41160256 -0.27022102 -0.39431843
v 0.41706720 -0.01048750 -0.14884938
v 0.19555944 0.24337214 -0.46159881
v -0.35875344 -0.03100386 0.46143779
v 0.25051165 -0.00146942 0.82632232
v -0.00142486 0.33501860 -0.45100361
v -0.07676633 0.02739169 -0.57006150
v -0.44472125 -0.32551527 -0.40976751
v 0.51403582 -0.08821771 -0.20035478
v 0.03163696 0.16989255 0.25510982
v -0.37982199 -0.23968793 -0.24038699
v -0.07947075 -0.17203659 -0.12220021
v -0.44943497 -0.15692855 -0.19961178
v -0.01593373 -0.10889322 -0.56486607
v -0.20015545 0.00435886 -0.44399807
v 0.07966581 -0.42825797 -0.25016665
v -0.22728574 0.09135585 0.10291865
v -0.37980300 0.05019499 -0.25652543
v 0.21447444 0.20991834 0.34260759
v 0.21320835 0.01758027 0.45438033
v -0.30500734 -0.01121547 -0.35184529
v 0.59431291 -0.05189326 -0.33572927
v 0.25766373 -0.02421486 0.44213793
v 0.34660935 0.18550041 0.65165520
v 0.23852384 0.26794913 0.76278973
v -0.24728270 0.06458607 -0.12056171
v 0.36040661 0.11943935 0.29598767
v 0.06581694 0.02219472 -0.57969141
v -0.08530692 0.03401183 -0.57067972
v -0.03069614 -0.43895701 -0.31044406
v -0.03475608 0.33762035 -0.42750418
v 0.13287172 -0.15053965 -0.26892763
v 0.05737123 0.32259002 -0.11100426
v 0.43596545 0.01638878 -0.30603197
v -0.27392149 0.05676103 -0.36704335
v -0.37897399 0.07965026 0.38163784
v 0.51716226 -0.05424593 -0.34649307
v -0.19616227 -0.13238232 -0.16338062
v -0.55688727 -0.21826741 -0.23410526
v 0.14203280 -0.31326696 -0.55878866
v 0.30318990 0.14317107 0.73141754
v 0.55072975 -0.40074739 -0.54462796
v 0.16951394 0.21328098 0.72186291
v 0.27348539 0.18719476 -0.24127470
v 0.36298442 0.14066586 0.79107589
v -0.19851494 0.02176865 0.38835236
v -0.51590961 -0.18773578 -0.39664137
v -0.14351806 0.01700407 0.31665301
v 0.01599490 -0.48926398 -0.30469212
v 0.35145122 0.07198186 0.85728413
v 0.03478728 -0.15262675 -0.18793967
v -0.27333260 0.10749429 -0.20582643
v -0.09866275 0.20651570 0.27343661
v -0.26507172 -0.00347862 0.57336581
v -0.05146180 0.20356901 0.23885661
v -0.19742878 0.12921354 0.65021193
v 0.34007174 0.02395944 0.52296644
v -0.25824142 -0.10095354 -0.31403944
v 0.12049035 0.33028975 -0.15205091
v 0.30816785 0.03102786 0.85521573
v -0.12719309 0.22530736 -0.50186259
v 0.02217825 0.28595662 0.12596422
v 0.16478829 -0.13432781 -0.43365499
v -0.45897424 0.07882874 0.77765912
v 0.10845653 -0.26182595 -0.57412010
v 0.29067758 0.17637901 0.39072433
v 0.33129308 0.11982224 -0.28779587
v 0.00774688 -0.31179667 -0.46055943
v 0.35465583 0.12765045 0.54775310
v -0.04030807 -0.33898452 -0.26249629
v -0.13123450 0.31689951 -0.13673513
v 0.36027506 -0.01328377 0.44411358
v 0.11375736 0.04614476 0.30587545
v 0.15588525 -0.20843622 -0.37393239
v -0.37416771 0.00705922 0.30884355
v 0.39799151 -0.03848845 -0.31476298
v -0.04169676 -0.09979231 -0.03757483
v -0.08637792 -0.02381632 0.17085443
v -0.08961181 -0.25864911 -0.62578475
v 0.14164028 -0.13538186 -0.31190464
v 0.26293007 0.19164263 -0.17093575
v -0.00403003 -0.15341283 -0.20530783
v -0.25043407 0.00978825 0.18020736
v -0.55955058 -0.46969983 -0.45552182
v -0.34178925 0.13928638 0.22592098
v 0.65748739 -0.14731917 -0.31294161
v 0.34695598 0.04005256 0.53275758
v 0.11774021 0.14308080 -0.55695492
v -0.14828488 0.00242731 0.11516221
v -0.36070612 0.08397044 0.72254854
v 0.25503793 0.10085009 0.68514591
v 0.24944417 0.11719094 0.70995986
v -0.05357148 -0.04828986 0.11027510
v -0.03080641 -0.36114892 -0.26363698
v 0.35000983 0.14505842 0.29999077
v 0.00763260 0.32899359 -0.12204099
v 0.09660332 -0.37861747 -0.31669831
v -0.19609873 0.08493506 0.42659926
v 0.13662672 -0.14262079 -0.34051314
v -0.43094444 0.06868023 0.84800601
v 0.19030422 0.16272461 -0.50750536
v 0.23711109 -0.09759682 -0.21516128
v -0.37776536 0.16428401 0.67640465
v -0.28921440 -0.00836372 -0.35101482
v 0.15968814 0.24077563 0.17126532
v 0.52231574 -0.25687206 -0.24592166
v -0.22397374 0.17839456 -0.42215031
v 0.29264671 0.00350190 0.22222888
v -0.06292721 -0.05708786 0.05257253
v 0.50178212 -0.08622283 -0.38943323
v -0.14620316 0.01594305 0.31867132
v -0.09837759 0.34637696 -0.34446973
v 0.14908935 -0.14071372 -0.45763326
v -0.13264902 0.00537840 0.02520753
v 0.61217910 -0.32124028 -0.51282710
v -0.27338228 0.03914534 -0.38568866
v -0.57552868 -0.15473174 -0.28740063
v -0.44123340 -0.28081694 -0.22961015
v -0.01641195 -0.01555345 -0.58582425
v 0.26868576 0.03544885 -0.40502858
v 0.46198314 -0.02312492 -0.16918586
v -0.29996330 0.09005448 0.16740026
v -0.33437791 0.17548472 0.29706049
v -0.41467839 -0.07812601 0.84340799
v -0.12756568 -0.02847573 -0.51150024
v -0.18352772 0.12945434 0.41450763
v -0.28578532 -0.01506912 0.52157784
v -0.12910618 0.26142624 -0.06674022
v -0.22519036 0.13576788 0.74056083
v 0.04153845 0.26876000 -0.52810103
v 0.09970671 0.16876046 0.28830007
v 0.35617545 0.13006607 0.58056968
v 0.08790820 0.33889839 -0.41432890
v -0.08259016 0.32731599 -0.42504799
v -0.21977945 0.20503950 -0.41042972
v 0.16856767 -0.02015700 0.24484815
v -0.59827387 -0.36654958 -0.33802786
v -0.20261520 0.28465471 -0.24697402
v 0.03468992 -0.14748633 -0.11695499
v 0.41520685 -0.05381475 -0.14507157
v 0.26780590 -0.00188817 0.84900057
v -0.28949827 0.20950517 0.73605353
v -0.36062178 -0.19955084 -0.31222749
v -0.19648258 0.22797970 0.18253817
v 0.17153712 -0.21226317 -0.59237552
v -0.24323653 0.23215730 0.27959040
v 0.32574201 0.14660610 0.47851425
v 0.13822649 0.18485478 -0.53831840
v 0.12565340 -0.19892633 -0.56572062
v -0.30085632 0.01705342 0.81244272
v -0.15777631 -0.00207014 0.32570231
v 0.11979864 0.27221602 -0.49635190
v -0.22276181 -0.13296753 -0.30801925
v -0.03596293 0.19620706 0.24243359
v -0.50297558 -0.36987850 -0.28502655
v -0.27276823 0.14511667 -0.31901950
v -0.36181545 -0.16656296 -0.32433558
v 0.07569930 -0.23887157 -0.51321280
v 0.04745596 -0.32600838 -0.42366230
v 0.20626651 -0.24731986 -0.58550507
v 0.57312584 -0.29662412 -0.33562595
v -0.09577496 -0.17327352 -0.18239895
v 0.31272897 0.24374968 0.61914802
v -0.02137488 -0.18004856 -0.24379882
v -0.06391195 -0.29922315 -0.46702164
v 0.16647875 -0.01833696 0.20179048
v 0.21999080 0.21133068 0.20125556
v -0.16087529 0.07857303 0.38837740
v 0.57362515 -0.43344277 -0.48450154
v -0.21876381 0.00928373 0.53507239
v -0.51553637 -0.58804750 -0.38091382
v 0.17146187 0.23696752 0.67944998
v -0.39427689 0.05795613 0.43222681
v 0.39112189 0.08967108 -0.20387413
v 0.31933844 0.03033488 0.79133767
v -0.28820974 0.20564863 0.31194398
v -0.32137436 0.04973288 0.69582433
v 0.32487422 0.03187564 0.85757041
v -0.60200608 -0.28567886 -0.28866053
v -0.13437645 0.00363411 0.29883030
v -0.12405547 0.11445285 -0.55353510
v 0.20516691 -0.29650298 -0.62685168
v 0.50069982 -0.20985578 -0.44513783
v 0.25147882 0.10263614 -0.09300395
v -0.44676885 -0.27930507 -0.24269679
v 0.28626972 -0.07562219 -0.19471535
v -0.36227632 -0.22739406 -0.31710225
v 0.28825155 0.18443452 0.48142183
v -0.22556192 0.05095855 -0.09516323
v -0.17884527 -0.07358249 -0.45488551
v 0.10572720 0.22521257 0.25094071
v 0.35111949 0.02780636 -0.33938745
v 0.33980229 0.15568781 0.78522891
v 0.10849116 -0.36181667 -0.28032446
v -0.32695946 0.21027745 0.84479052
v -0.41545269 -0.03711218 -0.32434076
v -0.45172852 -0.33447587 -0.34551260
v 0.51768959 -0.25281087 -0.38025334
v -0.45166662 0.06964871 0.85410619
v 0.20305650 -0.29469639 -0.62491411
v -0.01253919 0.27595767 0.29952797
v 0.15407990 0.13085385 0.63910782
v -0.22145855 0.25131160 -0.25643456
v 0.19399996 -0.01477952 -0.04179442
v -0.06671295 -0.17428930 -0.14433718
v -0.27661380 0.10503270 -0.36061642
v 0.30942962 -0.06584153 0.84926885
v 0.35384604 -0.00194462 0.50468802
v 0.57666129 -0.07230892 -0.24875483
v -0.23892333 0.23306729 0.28634700
v -0.38127574 0.16294035 0.79104239
v -0.12147431 -0.01116671 0.06252404
v 0.13206719 -0.14765544 -0.28540781
v 0.16378105 -0.24850507 -0.55004358
v -0.17495961 0.21412048 -0.08251206
v -0.55721360 -0.15199609 -0.36423722
v 0.26280949 0.04878117 0.14740583
v -0.41740435 -0.26890808 -0.29231972
v 0.21154369 0.13995481 -0.01325357
v 0.12823030 -0.24299861 -0.59880674
v 0.09053688 0.36835620 -0.24925531
v 0.46939546 -0.15825722 -0.41960382
v -0.30399024 0.12502368 0.15967469
v 0.23605314 -0.09767643 -0.19582486
v -0.36258224 -0.05354896 0.84890163
v 0.12543741 -0.01825220 0.08710577
v -0.26691997 0.17693345 0.85129094
v 0.56062907 -0.31538108 -0.54719931
v 0.19546683 0.18294646 0.02550639
v 0.18069793 0.18713015 0.52179039
v 0.28627947 0.06627069 -0.38192406
v -0.35758713 0.12004245 0.24649347
v 0.21950950 0.07042078 0.79698032
v -0.49637496 -0.13155597 -0.35884345
v 0.12800078 0.06912071 -0.56029361
v 0.35336772 0.09770393 0.23360316
v -0.18265997 0.14534912 0.00990769
v 0.30907968 0.10915746 -0.17387278
v 0.07375623 -0.11710772 -0.04570990
v -0.44083270 0.02705916 0.85440451
v 0.28215998 0.02102653 -0.38677198
v 0.22803099 0.05652033 0.62018269
v 0.15435886 0.17961428 0.66307569
v 0.09535443 0.21570162 -0.54574746
v 0.20286566 0.03915981 0.46477035
v -0.25009465 -0.03029463 0.39366296
v -0.07341678 -0.29063815 -0.60227692
v 0.03843594 0.32630980 0.25558192
v -0.25282636 -0.01641409 -0.39032775
v 0.00007879 0.32391468 -0.09243427
v 0.38534150 0.09931445 0.79735655
v 0.05582834 0.31911725 0.30295640
v 0.06298211 0.36940628 -0.33166593
v 0.19691837 0.01466038 0.10381648
v -0.02397696 0.30839711 0.25083557
v -0.44399470 0.06837013 0.85130924
v -0.53288329 -0.57595348 -0.35217884
v -0.14321676 -0.00640081 0.30227840
v -0.21978542 0.17664197 -0.10531989
v 0.28840056 -0.04653650 0.37513041
v -0.39043269 -0.05049399 -0.17066650
v 0.35237643 0.14205253 0.60175824
v 0.04996511 0.30289587 -0.00769444
v -0.11383106 -0.00618215 0.22813718
v -0.34412816 -0.00996691 0.78015637
v 0.36402199 0.03768756 0.84698516
v 0.34065583 0.12391507 0.47674656
v 0.03282290 0.12418868 0.26081231
v 0.51550478 -0.27051204 -0.49326104
v 0.21053059 -0.23644802 -0.56016612
v -0.15119934 0.22826144 0.07634720
v -0.26686582 0.15258625 -0.23161320
v 0.01793421 -0.07958312 0.08691893
v -0.25885019 0.18128498 0.85300547
v -0.18668585 0.13082147 0.02438028
v 0.17153943 0.21246473 0.57663298
v 0.35744181 0.10598776 0.52126968
v 0.15619536 -0.01299917 0.12315367
v -0.46820465 -0.31904748 -0.22612144
v 0.39069003 0.11334723 0.83869195
v 0.18848103 -0.29902080 -0.61166042
v -0.11624426 0.23005193 0.24894412
v -0.06618751 0.19812192 -0.55593252
v -0.21475048 -0.02576940 0.36133930
v -0.08914084 -0.17214151 -0.29788068
v -0.07689506 -0.25134009 -0.32899544
v 0.15332153 -0.27692574 -0.62165195
v -0.53559268 -0.22905844 -0.41403887
v -0.34311461 0.15122922 0.45854023
v 0.01550579 -0.45054612 -0.25198326
v -0.19347170 -0.10751905 -0.38857886
v -0.15140963 0.30448285 -0.11864588
v 0.22032493 0.27979323 0.68760705
v -0.46123239 -0.33712453 -0.40826961
v -0.19160993 0.14180429 -0.47959793
v -0.20836955 0.11400802 0.70249635
v -0.17246138 0.27836829 -0.13445537
v -0.25258419 0.10838034 0.84655029
v -0.18213883 0.17653133 0.04905531
v -0.48837450 -0.26844889 -0.43224415
v -0.22798228 -0.12107673 -0.33648217
v 0.08061488 -0.01673416 0.20103316
v -0.12991415 -0.01465364 0.13172407
v 0.07955059 -0.06843431 0.07059360
v -0.17056009 0.18692565 -0.00099171
v 0.09508200 -0.14696415 -0.06588195
v -0.22977224 0.19584426 0.36617336
v 0.21362400 0.14607279 -0.48157522
v 0.25675559 0.21279635 0.33355138
v 0.22026724 -0.03504858 0.25838575
v 0.55324501 -0.29827264 -0.30713484
v -0.22632205 -0.02840720 -0.12677808
v -0.58044118 -0.39572430 -0.44529048
v 0.45783272 0.04058747 -0.22732040
v -0.36042002 -0.01579352 0.50280416
v -0.19108196 -0.04390749 -0.44542161
v 0.36392218 0.00113117 0.43439522
v -0.27032337 0.16120763 -0.26242480
v -0.26221636 0.02546875 -0.39949715
v 0.04837172 0.35642758 0.29985777
v 0.36127195 0.07323727 0.26192802
v 0.14380467 -0.25126907 -0.40360558
v 0.12258218 0.35147512 -0.25254664
v -0.20927225 0.10852934 -0.08259575
v -0.00658584 -0.11055350 -0.56654346
v -0.48496997 -0.17551775 -0.39644608
v -0.00514620 -0.21684590 -0.23871973
v 0.12973395 -0.28462344 -0.35123867
v -0.09464781 0.01832496 0.25851658
v 0.19888158 -0.12659045 -0.12613262
v 0.18714812 0.01751782 0.40771207
v -0.38382542 -0.22655737 -0.23083283
v -0.39368927 -0.24407512 -0.29208642
v -0.23780669 -0.11614724 -0.23684199
v 0.31304663 -0.07699721 -0.29022825
v -0.34022617 0.17761710 0.48322397
v -0.13875172 0.24625449 0.00170968
v -0.17637908 0.02639050 -0.46987513
v 0.12949169 -0.16658531 -0.49110931
v 0.32900766 0.13392375 0.67038172
v -0.33330685 0.05653752 0.74659008
v 0.09985106 0.31392273 -0.09752605
v 0.08947057 0.15591756 -0.56995732
v 0.01571860 0.36912310 -0.19994815
v -0.39218709 0.05482408 0.41834018
v -0.24774781 0.14641225 0.12744422
v -0.05225409 0.28029105 0.12735371
v -0.38506374 0.06502952 0.37669134
v -0.36402005 -0.02835984 0.46407929
v 0.36346942 0.12189883 0.34013027
v 0.54883158 -0.40613216 -0.57236445
v 0.48636493 -0.21950437 -0.33001834
v 0.20366827 -0.06744512 -0.39424068
v -0.54986870 -0.13758397 -0.30431557
v -0.34740123 0.19166246 0.84374577
v 0.06850319 -0.40555111 -0.23687345
v 0.03860547 0.31739902 0.33039948
v -0.39340594 0.07703581 0.58283782
v -0.49556705 -0.15697543 -0.38467720
v 0.10769185 0.03530396 0.28622273
v -0.18257464 0.14411032 0.00269028
v -0.27484220 0.12618433 -0.26872882
v 0.24361265 0.07521661 0.12120039
v -0.22772849 0.13385379 0.79504716
v 0.61300182 -0.07533324 -0.37884775
v -0.31341425 0.01840901 0.78368908
v -0.42594817 -0.03674824 -0.32104987
v -0.45847541 -0.03675946 -0.23793893
v -0.01325978 0.32305458 0.25015286
v -0.50489122 -0.11928008 -0.27649403
v -0.54813063 -0.42297569 -0.48742148
v -0.59263563 -0.27472776 -0.37559092
v 0.26149011 0.25814480 0.75876415
v -0.43002126 -0.29303977 -0.41054681
v 0.37318787 0.03255118 0.32151645
v -0.15822993 0.21915029 0.30115500
v 0.25873876 0.19232264 -0.40484568
v -0.37570316 -0.24305712 -0.27078605
v -0.02059003 0.29602537 0.09482738
v -0.04943984 -0.10022173 0.01023098
v 0.48747715 -0.24544723 -0.23884158
v -0.02308173 0.23831533 0.26136747
v 0.15676117 0.24130778 0.19607922
v 0.16914605 -0.22403701 -0.61160940
v -0.44788915 -0.28315774 -0.23749864
v 0.07834406 -0.17221658 -0.25876361
v 0.11507353 0.19048339 -0.55157530
v 0.23179068 -0.24485365 -0.59228200
v -0.13277343 -0.27759168 -0.65790021
v 0.00464489 -0.05884743 0.18571934
v 0.21077646 0.28875461 -0.33370909
v 0.10003778 0.29546335 -0.08340527
v -0.26154080 0.18492389 0.51663965
v 0.22980410 0.19576411 0.37703371
v 0.16507870 0.22774297 0.24901064
v 0.19835405 -0.12812403 -0.38886601
v 0.01176384 0.37360463 0.37087360
v -0.23476475 -0.04769323 -0.14751124
v 0.20482835 0.19139901 0.50103372
v -0.33961263 -0.03109797 0.79503858
v -0.54553992 -0.39561230 -0.48150828
v -0.29846531 -0.04844355 -0.35108691
v -0.38669208 -0.18671164 -0.21961661
v -0.17694151 0.03132518 0.09072053
v 0.24491794 -0.04406027 -0.12213596
v 0.28344172 0.15974775 -0.26028156
v 0.17200476 0.25832349 0.85421354
v -0.54126072 -0.27541474 -0.42805749
v 0.63059503 -0.43301219 -0.45607141
v -0.36077961 0.00545196 0.28080389
v 0.14228012 -0.15329999 -0.20792893
v -0.26686648 0.01876556 0.63437819
v 0.25792536 0.22532248 -0.32870540
v -0.45328566 -0.03846537 -0.22618368
v 0.13219693 0.01168943 0.31686819
v 0.16198589 0.15171871 0.53902060
v 0.34514675 0.17296228 0.65659595
v -0.56889033 -0.42040965 -0.45542490
v 0.17477372 0.08540551 0.62569797
v -0.39285526 0.05672887 0.84847468
v 0.26042613 0.00682655 0.53553092
v -0.03286609 -0.30529141 -0.46695983
v 0.18329157 0.21829210 -0.49298486
v 0.34542936 0.10096772 0.41310871
v -0.26844108 -0.06254322 -0.34430236
v -0.02994570 -0.14318295 -0.06920510
v 0.21898559 -0.13406475 -0.31649789
v 0.32892776 0.12518115 0.42602775
v -0.00146311 0.02615395 0.26299393
v 0.34591982 0.09273907 0.61018211
v 0.24297519 0.25068399 -0.17896931
v 0.51423305 -0.22305255 -0.44997585
v -0.12414585 -0.00750787 0.02861562
v 0.01917213 -0.22682124 -0.23322499
v 0.54955876 -0.29242820 -0.39476538
v -0.24164145 0.16030319 0.85804492
v 0.12949672 0.28091651 -0.04413987
v 0.43825439 0.01781268 -0.30354980
v -0.55578053 -0.49089783 -0.28120521
v -0.39937842 -0.15382282 -0.18111168
v 0.64562380 -0.15450254 -0.29235929
v -0.41175386 -0.07433473 -0.17743969
v -0.23379469 0.25052434 -0.32119593
v 0.12621939 -0.26526284 -0.44077069
v 0.18340008 0.00658288 0.39498508
v 0.20655942 0.28531784 -0.17958561
v -0.05748821 0.36437684 -0.27523294
v -0.49445412 0.01532815 0.83130610
v 0.03976658 -0.37722921 -0.36882937
v 0.21956381 0.12335850 0.85245967
v -0.00159031 0.37592080 -0.25152680
v 0.34789777 0.00682211 0.85834187
v 0.04697905 0.08705468 0.27632546
v -0.42866877 -0.23589674 -0.40658447
v -0.16896683 0.24035574 0.23633102
v 0.49654505 -0.07813992 -0.37922549
v -0.48391554 -0.35920766 -0.25145262
v -0.39773747 0.08372442 0.53676277
v -0.17526397 0.01814592 -0.46053520
v 0.12482100 -0.09836052 -0.49222037
v 0.10125016 0.36484757 -0.30419290
v -0.07102028 -0.07237960 0.01436354
v -0.36431330 -0.21152359 -0.26493582
v 0.30419108 -0.03732308 0.31858525
v 0.56937093 -0.22027706 -0.50918531
v -0.49216083 0.02661090 0.80396724
v -0.43548530 -0.00075329 0.78447664
v -0.46396133 -0.34833232 -0.33708188
v -0.34827483 0.04107785 0.64752060
v -0.54634082 -0.51008725 -0.33421433
v -0.31667188 0.04171376 0.19498572
v -0.51163667 -0.56370699 -0.43741933
v 0.50320011 -0.03739924 -0.30132091
v -0.08001074 0.26762554 0.13620391
v 0.03595280 -0.31738514 -0.45151657
v -0.12933867 0.03692224 0.32084900
v -0.45816404 -0.32687590 -0.29167625
v 0.11230754 -0.02630424 0.06719023
v -0.46141398 -0.03363692 -0.27508762
v -0.60490274 -0.21480773 -0.29460639
v -0.19992749 0.13478300 0.59640062
v 0.33303082 -0.03073498 0.38523558
v 0.28748906 0.06295802 0.64678049
v -0.18655388 0.06646711 0.54556197
v 0.21350968 -0.23526718 -0.55953079
v -0.20115244 0.17600216 -0.09420823
v 0.26167867 0.24173288 0.85620558
v -0.46475387 -0.04055501 -0.23394033
v 0.15744305 0.19079380 0.59066576
v 0.01529793 -0.40386420 -0.23497401
v 0.20439523 0.03317064 -0.45938402
v 0.08857554 -0.19843122 -0.53252810
v -0.23606797 0.00530858 -0.12301350
v 0.10375693 -0.25990999 -0.56552774
v -0.52040970 -0.18037483 -0.21151830
v 0.59892035 -0.28307524 -0.30709395
v 0.35078809 0.06743417 0.85561711
v -0.15968446 0.03851178 0.05795579
v 0.23356789 0.06595104 0.63904172
v 0.15192296 -0.20270814 -0.43388808
v 0.27956152 -0.01228882 0.23305397
v -0.05352703 -0.07825083 0.03822292
v 0.27480468 0.19183005 -0.26188079
v 0.18244341 0.07586353 -0.50660509
v -0.31828913 0.17683747 0.20534976
v 0.18696241 -0.04098934 -0.03602726
v -0.60056436 -0.30542615 -0.34216273
v 0.22228269 0.01901386 -0.44399488
v -0.39319608 -0.18425497 -0.36761588
v -0.08498898 0.22944953 0.22889245
v 0.24996938 0.26133469 -0.26307207
v 0.11362504 0.08084639 0.32710958
v 0.11438081 -0.30099803 -0.36112806
v 0.22773227 0.29145670 0.84648103
v -0.17391746 0.17829658 -0.05168692
v -0.36361355 0.05675441 -0.29117921
v 0.22170426 0.04820570 0.80071527
v 0.13288069 0.19325507 -0.53772050
v -0.01772180 0.06725256 0.25490102
v -0.24292795 0.19216034 -0.36465329
v -0.57364798 -0.38839495 -0.45710221
v -0.41309550 -0.15462494 -0.37233418
v -0.17516099 0.00829658 0.34754965
v 0.15024950 0.06349029 0.37870148
v -0.31240240 -0.04212930 0.29992285
v 0.14484499 -0.17514262 -0.36978522
v -0.07075958 0.01564373 -0.57028943
v 0.20396765 -0.12212174 -0.27723774
v -0.27397448 0.07612880 0.15039527
v -0.19368370 0.15639818 0.05540306
v 0.13005544 -0.08059573 -0.54004019
v -0.25072142 -0.08079883 -0.34022719
v 0.29375023 0.14868259 -0.31130579
v 0.57431847 -0.07788249 -0.24006639
v 0.49547786 -0.03570155 -0.20921063
v 0.18499647 -0.29364645 -0.63898128
v 0.30131412 0.02908306 -0.13686121
v -0.47508353 -0.26393870 -0.42863944
v 0.06635971 -0.15619572 -0.21672553
v -0.36706749 0.10517238 0.38014337
v 0.10237847 -0.18044294 -0.53768086
v -0.35189527 0.17958631 0.73497933
v -0.00414116 -0.11698540 -0.03920135
v -0.39581963 0.01537945 0.39862835
v -0.45711201 -0.18767846 -0.39908707
v 0.18564855 0.01936197 0.40610200
v 0.19707575 -0.03194040 0.30733597
v 0.27107546 -0.07430700 -0.30075243
v -0.37976089 0.04889268 -0.26434243
v 0.64224011 -0.10334522 -0.34525174
v -0.49308142 -0.57111531 -0.44653907
v -0.16128115 0.29964048 -0.15452398
v -0.32365328 0.08629262 0.18906492
v 0.54270488 -0.30993769 -0.58137244
v 0.15014906 0.10321417 0.56143999
v 0.06302457 -0.08074464 0.07047432
v -0.31997913 -0.12133256 -0.33211821
v -0.32776505 -0.11991031 -0.33427498
v -0.08675415 -0.14996938 -0.24305949
v 0.24999727 0.26829720 0.62358087
v -0.26085141 0.11739628 -0.38660112
v 0.26784161 -0.03956175 0.40905780
v -0.17295295 0.30794811 -0.32199377
v -0.50451666 -0.35783017 -0.45257413
v 0.60064274 -0.24267775 -0.27160925
v -0.04491293 -0.22977020 -0.27938685
v 0.25403336 0.21207866 -0.39181021
v 0.09979754 0.36331528 -0.32229325
v 0.25281239 0.26984042 0.82186967
v -0.15719819 0.01906180 -0.00067649
v 0.38619560 -0.01246831 0.84268546
v -0.35820746 0.17411406 0.73659450
v -0.35561496 0.15931375 0.47140989
v -0.03070131 -0.38306627 -0.25995359
v -0.44056469 -0.30638519 -0.41865686
v 0.35144004 -0.01831153 -0.13634616
v 0.12743287 0.24839799 0.20423672
v 0.64614218 -0.10790665 -0.34080651
v -0.22230217 0.23573452 0.28727776
v -0.49849531 -0.39684832 -0.34986350
v -0.20514084 0.27665997 -0.33545062
v -0.13277964 -0.23324035 -0.51836830
v 0.22158940 -0.02259370 -0.08210198
v -0.02375783 0.40952057 0.36632702
v 0.20428357 0.02351784 0.44501802
v 0.09260502 -0.44918403 -0.27356020
v -0.27626488 -0.04286565 0.36301723
v -0.34777671 0.19361886 0.78413886
v 0.53355753 -0.28823033 -0.47517523
v -0.03826176 -0.20588164 -0.26815763
v -0.37940428 0.07815636 0.38322586
v 0.03897764 -0.44472861 -0.24808826
v 0.25837147 0.24594103 0.55165881
v -0.07105511 -0.13552219 -0.50955737
v 0.23253776 0.09289741 -0.45994186
v 0.05095038 0.33774960 0.32974514
v 0.05021686 0.36175656 0.31239483
v 0.14211163 -0.13396603 -0.25165713
v 0.46361160 -0.19658987 -0.39063236
v -0.09690456 -0.15398204 -0.48255426
v -0.02492165 -0.46879253 -0.29027671
v 0.14382039 -0.10039167 -0.02918150
v 0.14694427 -0.04495036 -0.52429706
v 0.58097351 -0.19605261 -0.45048568
v -0.27305600 0.21313363 0.70261925
v 0.17414062 0.14810854 0.70325285
v -0.01768959 -0.36512047 -0.39859825
v 0.12760136 0.22621526 0.25576314
v 0.25336507 -0.03993727 0.26660600
v 0.03501214 -0.48593894 -0.30692455
v -0.10681778 0.31359050 -0.42536578
v 0.03232923 0.29651260 0.09100544
v 0.21609153 0.06491113 0.08245718
v -0.00940459 0.32195768 0.24553056
v 0.12069102 -0.15434000 -0.27096477
v 0.40990832 -0.17192677 -0.28219932
v 0.45780769 -0.18273287 -0.31299308
v 0.19953471 0.27197573 0.76190853
v -0.39896700 0.11711498 0.85213053
v -0.07437215 -0.30984265 -0.38836071
v -0.34035456 -0.17254077 -0.26618361
v 0.18196642 0.32265884 -0.25866270
v -0.10222100 0.21609914 0.26134655
v -0.03999687 -0.10429657 -0.01522135
v -0.21747027 0.17119643 0.10839830
v 0.18702303 0.13910556 0.81000859
v 0.03291733 0.14597930 -0.58314055
v -0.10284638 0.25188017 0.19253159
v 0.54132974 -0.29958969 -0.44908309
v 0.15644899 0.31043646 -0.41543734
v -0.01499784 0.37260669 -0.32919055
v -0.45771328 -0.11373086 -0.20166908
v 0.21658576 0.27738687 0.68162775
v -0.42673102 -0.18910737 -0.19596143
v 0.36622503 0.11287802 0.35435319
v -0.09703510 0.30051035 -0.44823900
v 0.29024544 -0.04477508 -0.33470720
v 0.24865043 0.00717745 0.81020105
v 0.20374802 -0.11973576 -0.29333478
v -0.36991113 0.03621633 -0.18255332
v 0.43727133 -0.17250304 -0.36966613
v 0.18724234 0.00414895 0.11157790
v -0.44734919 -0.32686898 -0.33128655
v 0.00063928 -0.47843131 -0.26632139
v 0.32033840 0.12336113 -0.19778489
v -0.48256138 -0.20534024 -0.41308266
v -0.08631485 -0.10031775 -0.54439408
v -0.12221852 0.26644921 -0.01434357
v -0.17652225 -0.00015966 0.13541383
v -0.39155522 0.14995824 0.52207607
v -0.54942334 -0.30588296 -0.23239911
v -0.15785801 0.22955997 -0.47175139
v -0.14562501 -0.01308439 0.13985623
v 0.11280090 -0.12812881 -0.49775785
v 0.16653365 0.07297187 0.41348344
v 0.19248781 0.06012236 0.60587776
v -0.40940660 -0.10933021 0.83659375
v -0.20482445 -0.10691124 -0.13925558
v 0.16536684 0.09280448 0.53418881
v 0.16103518 -0.11979576 -0.06563927
v 0.06295443 -0.24412428 -0.50927734
v 0.19908027 0.28009072 0.77208668
v -0.54384446 -0.20323089 -0.39794457
v -0.50835216 -0.51155901 -0.44899347
v -0.20346060 0.07270159 0.42218527
v 0.27118221 -0.03938810 0.83525813
v 0.22739336 0.07906177 0.77693236
v 0.17979601 0.23313318 0.60958117
v -0.02303919 0.32826141 0.26732916
v -0.38061902 -0.00060947 -0.17225759
v -0.39236534 -0.05713124 0.85465151
v -0.05159996 -0.25413460 -0.57679844
v -0.21633680 -0.04580641 -0.12181048
v 0.15898345 0.17849499 -0.52223003
v -0.03744921 0.16724162 -0.57609725
v -0.18403369 0.06265652 0.56277782
v 0.11947517 0.27563944 0.09259675
v -0.26329327 0.02280775 0.17374699
v -0.02258964 0.32652926 0.26539981
v 0.29006106 0.13161075 0.73644817
v -0.25093687 0.03631815 -0.13516359
v -0.03751509 0.37330544 0.32999474
v 0.02001904 0.33394304 -0.16245688
v 0.41805667 0.03560139 0.84586930
v 0.23510909 0.04690250 0.78139925
v -0.30581725 0.11499060 0.16291223
v 0.15484139 -0.01999708 0.20210639
v -0.17425954 0.31360826 -0.24896823
v 0.34663945 0.02710024 0.85615939
v 0.15260592 -0.00686500 0.32166067
v -0.44699469 0.06142045 0.85341722
v 0.55939347 -0.25000912 -0.54373813
v 0.13020635 -0.27698606 -0.48141706
v -0.33886909 0.03726046 0.21918057
v 0.59282380 -0.05890363 -0.36931831
v -0.31054938 0.03545197 0.77152550
v -0.03500180 0.29881591 0.07306515
v -0.44110838 -0.28396896 -0.25689444
v -0.11492446 0.32470644 -0.39223412
v 0.26017675 0.00256154 0.51317197
v -0.21642517 0.16257329 0.70818752
v -0.44584426 -0.05029626 0.84139520
v 0.35681507 0.15695395 0.60224420
v -0.48762450 -0.41705164 -0.47156385
v 0.32535246 0.12222670 0.76567996
v -0.24670836 0.00581086 0.58783257
v -0.40316728 -0.22059180 -0.21200584
v 0.04746338 0.29806992 0.23509653
v -0.00554745 0.16370647 -0.58295566
v -0.36747205 0.02563218 -0.17381430
v 0.33006942 0.04063094 0.21844365
v -0.12748419 -0.18138717 -0.43744409
v -0.05815483 -0.31036481 -0.29911298
v -0.21470077 0.04598668 0.11714694
v -0.37270042 -0.09502011 -0.16603480
v 0.10435623 0.01512506 -0.57062823
v -0.44802979 -0.32669738 -0.36239621
v 0.48171586 -0.19270793 -0.19168776
v 0.38466692 -0.00829183 0.83436847
v -0.46332902 -0.34707308 -0.37807772
v 0.61451191 -0.28115904 -0.34094101
v -0.20759825 0.15287335 0.40946019
v -0.48681059 0.07409848 0.82222033
v 0.44029143 -0.14355181 -0.38057715
v 0.18571813 0.07952175 0.46556294
v 0.51764661 -0.24380706 -0.47932076
v 0.24740817 0.25456560 -0.22939517
v 0.04967191 0.06974904 -0.59400904
v -0.28012145 0.03655228 -0.34248015
v -0.31242415 -0.14111565 -0.29635778
v -0.49975070 -0.06305780 0.84608310
v -0.00041006 -0.04024978 0.21394071
v -0.29792765 -0.13132937 -0.20449235
v 0.33233765 0.06084195 -0.14307073
v -0.56319022 -0.19383374 -0.38777539
v -0.16650955 0.21029566 0.03899185
v 0.50984210 -0.15254617 -0.44412500
v -0.15663961 0.32706678 -0.31843233
v -0.50029856 -0.31978497 -0.22292209
v 0.00288225 0.32961383 0.24625649
v 0.08558405 0.31725055 -0.02425149
v 0.16183415 0.24378017 0.85325086
v 0.00357243 0.10571089 0.24325447
v 0.26558274 0.27745029 0.66262060
v -0.15491813 0.24397953 -0.46153715
v 0.16036625 -0.17028520 -0.42686072
v 0.18945891 0.08748898 0.50405717
v 0.17078774 0.22310343 0.71466136
v -0.14955141 -0.14204054 -0.31449738
v 0.12320361 0.29382387 -0.07690375
v -0.13243651 -0.14607319 -0.25416771
v 0.34596816 0.20475067 0.54510498
v 0.18950595 0.20403905 0.05546851
v 0.47894987 0.00893302 -0.20084086
v 0.28743273 -0.06064699 -0.16302137
v -0.03298507 -0.36043280 -0.38144866
v -0.15191965 -0.15201198 -0.32436273
v -0.36803234 -0.00383270 0.30042562
v 0.01052264 0.11949482 0.23987909
v -0.35975191 0.11469866 0.24842402
v -0.06308968 -0.30117205 -0.57600331
v -0.38037339 -0.08185732 0.81633723
v 0.20718856 0.02220108 0.44948852
v -0.31974837 0.03697107 0.76706654
v 0.53394663 -0.32592475 -0.54860300
v -0.19832341 0.16649626 0.39395300
v 0.21895018 0.20188119 -0.46397677
v 0.10320379 -0.39344436 -0.27817279
v 0.35755044 0.01516678 0.50623912
v 0.34981841 0.09104501 0.45912945
v 0.22396480 0.08409513 0.08225075
v -0.36884454 0.12145910 0.31292471
v 0.09421093 -0.02378956 0.18711065
v 0.21317881 0.18106332 0.09934041
v 0.15828393 -0.04394604 -0.51058477
v -0.03832873 0.16837978 0.25659668
v 0.20154025 0.15634385 0.45331603
v -0.32070914 -0.00309882 -0.35238865
v -0.48547253 -0.46261978 -0.49709934
v 0.27565637 -0.08017994 -0.27936101
v 0.21701220 -0.03736729 0.26627046
v -0.15488186 0.14084238 -0.51301879
v 0.14285327 0.14471266 0.36729231
v 0.17483290 0.20748051 0.74925822
v 0.19069873 0.06388269 0.46831593
v -0.02292546 -0.16445997 -0.14188808
v 0.63793468 -0.24820715 -0.33613402
v 0.14931132 0.22106555 0.82405376
v -0.06255082 -0.06568809 0.03629752
v 0.30794632 0.13418195 -0.29537946
v 0.28535199 -0.01910933 0.24886438
v 0.39894563 0.08931661 -0.24904273
v -0.06042068 0.03033748 0.24916287
v 0.32593551 -0.02552745 -0.13645287
v -0.20196190 0.14392048 0.65868503
v -0.37946481 0.08057164 0.40394035
v 0.02002987 -0.36947441 -0.37911209
v 0.23260778 0.03507276 0.78045613
v 0.11966889 0.33240709 -0.15409021
v 0.23747952 0.19978146 0.85019779
v -0.35864887 -0.18552396 -0.26105085
v -0.23124923 0.11576363 0.10450996
v -0.08524281 -0.19339412 -0.34457499
v 0.12118334 0.00338603 0.27220419
v -0.16305767 0.19825546 -0.04307733
v -0.26971450 0.11654831 -0.36280715
v 0.64231008 -0.30465984 -0.36667886
v -0.30764949 -0.12640890 -0.17726888
v 0.19200853 -0.02794340 -0.46906456
v -0.44406193 -0.01687035 0.78757948
v 0.20616482 0.17150806 0.00807302
v 0.25743926 0.12951055 -0.43333873
v 0.24762933 0.16817389 0.16327427
v 0.34244543 0.02943010 0.85648906
v -0.34064659 0.05029912 0.70613140
v -0.07799595 -0.17416078 -0.13409197
v -0.24767902 0.19825092 0.72578973
v -0.02061874 -0.18707563 -0.55104750
v 0.47661033 -0.19624829 -0.19506441
v -0.23565105 0.01538956 0.48691082
v -0.01671537 -0.46426842 -0.30278638
v -0.28338790 -0.01404814 -0.14854975
v 0.18293267 0.22758877 0.27698666
v -0.14748397 0.33793402 -0.23372395
v -0.33561122 0.08369551 0.84968477
v -0.04755823 -0.01309230 0.21135099
v -0.18199196 0.04759957 -0.47354844
v -0.07771680 0.24257287 0.22118056
v 0.28481951 -0.07856860 -0.28361627
v 0.14597052 0.03941555 0.35019410
v -0.16322802 0.00098869 -0.03006263
v 0.39326182 0.11091814 0.82051104
v -0.03370059 0.27721205 0.24486981
v 0.09165248 -0.39130810 -0.26475766
v 0.10879640 -0.33978748 -0.32337391
v -0.05426808 -0.01055229 0.21276182
v 0.18125613 0.12612809 0.49953800
v 0.10059903 0.25014433 0.18263793
v 0.19665873 0.03197242 0.08722878
v -0.12656014 -0.17097482 -0.14985852
v -0.01451364 -0.09108778 0.03637744
v -0.00860457 0.53807515 0.42002860
v -0.26977161 0.22804631 0.77975583
v 0.15343736 0.17319340 0.58779895
v 0.11753898 -0.16437913 -0.11649670
v -0.17754537 0.05510767 -0.02103778
v -0.52643991 -0.13006909 -0.29707134
v -0.55523050 -0.52798659 -0.34125808
v 0.63286722 -0.25973722 -0.33140659
v 0.25651139 0.23314531 -0.32059374
v -0.15801124 0.19169173 -0.49821249
v 0.18030813 0.14988092 0.82902843
v 0.00754980 0.34626389 0.36830920
v 0.35813352 0.10515127 0.53452730
v -0.21600047 0.16444561 0.54289049
v 0.13280302 0.34179103 -0.19876011
v 0.27092680 0.16572881 -0.20377497
v -0.41756028 -0.27501377 -0.30486313
v -0.11456963 -0.22013117 -0.51079017
v -0.38576919 0.13032407 0.66085297
v -0.09214886 0.05082342 -0.57066000
v -0.47226521 0.07306276 0.78706741
v 0.11325971 -0.09406899 -0.51543707
v 0.06904701 -0.15795338 -0.08950508
v 0.14223105 0.28207707 -0.03221805
v -0.47005439 -0.10263329 -0.32332617
v 0.35940534 0.04757032 0.84339577
v -0.38075769 -0.03812006 -0.34411481
v 0.40599421 -0.02633694 -0.14362094
v -0.09663854 0.28344801 -0.05798196
v 0.00051242 0.27441838 0.31052354
v 0.17515200 0.28814766 -0.42195055
v -0.59532470 -0.19117768 -0.26817608
v -0.29334211 -0.04561109 0.36474663
v 0.24333534 0.04665656 0.85588527
v 0.03575800 0.33802971 0.35338995
v -0.03071072 -0.25393081 -0.25592458
v -0.55647784 -0.52419114 -0.34182599
v -0.00022024 -0.29466504 -0.47516420
v 0.47875062 -0.21191338 -0.31563431
v 0.13298531 0.34739053 -0.33973128
v 0.01880871 0.30782309 0.33863285
v 0.20065732 0.14575969 0.74839675
v -0.11383851 -0.16613169 -0.11102170
v -0.17545068 0.31452850 -0.28110075
v -0.15739600 -0.08858527 -0.43152633
v 0.56537426 -0.31695792 -0.39468813
v -0.39838791 0.12541601 0.52006423
v 0.11212354 -0.21214464 -0.32172647
v -0.11484683 0.30116785 -0.43419659
v 0.23193835 0.18446095 -0.45225680
v -0.11956360 0.33667597 -0.16373223
v 0.29089242 0.17203790 0.47321987
v -0.02197021 -0.10449320 -0.57034743
v 0.13222627 -0.16433717 -0.15359804
v 0.30535620 0.10638494 0.16621335
v 0.32487082 0.15413973 0.76645094
v -0.59179014 -0.37421209 -0.40687093
v -0.00615607 0.51158500 0.39502552
v -0.10704811 -0.31660134 -0.62565351
v -0.18486212 0.09480479 0.02869536
v -0.37092614 0.17673951 0.66928619
v 0.25830007 0.22461961 0.29353827
v -0.59011447 -0.42539325 -0.27960101
v 0.14718357 0.13909483 0.61819273
v -0.14220928 -0.12846746 -0.07576399
v -0.29095802 -0.00132674 0.56460369
v -0.19740796 -0.05308772 -0.09222587
v 0.26618093 -0.01270997 0.22091103
v 0.10878260 -0.16246116 -0.10457034
v -0.08739552 -0.30167142 -0.36538649
v 0.18416427 -0.00265923 -0.47477534
v -0.36625510 -0.09356831 -0.16392945
v -0.24607705 -0.03547664 0.37038422
v -0.26270023 0.17987220 -0.21265604
v 0.19386183 0.09363004 0.66382498
v -0.22137868 0.04022404 0.63403493
v -0.04129850 0.27734581 0.15572140
v 0.52242434 -0.27578151 -0.53789383
v -0.00609932 0.36909172 0.28502005
v 0.10554516 0.31105155 -0.44754663
v 0.13086110 -0.25940967 -0.41942006
v 0.59125441 -0.04977800 -0.33551034
v 0.21423157 -0.00241825 -0.04834130
v -0.32864687 -0.16244490 -0.27509591
v -0.20273924 0.08772481 0.65357143
v 0.30959424 0.09918247 0.66723382
v -0.26349282 0.16774121 -0.20983666
v -0.00706748 -0.16679080 -0.55647057
v 0.20658502 -0.07762914 -0.39285451
v 0.21950535 0.10735108 0.76216090
v -0.27352509 0.20936808 0.73172879
v 0.27940741 -0.08188238 -0.27307057
v -0.10578792 -0.16246414 -0.30937532
v -0.30672845 -0.14688210 -0.27382421
v 0.10392879 0.13224392 0.31066221
v -0.60382104 -0.37976649 -0.32625803
v -0.42748874 -0.28067371 -0.27618894
v 0.18652338 0.16649000 0.75100362
v -0.38960055 -0.18878569 -0.21948804
v -0.24035117 0.02661704 -0.12661047
v 0.58307260 -0.40929034 -0.51704437
v 0.21396556 -0.09897801 -0.38231787
v -0.38526204 0.04601251 0.85008848
v 0.62382942 -0.12872274 -0.25635585
v -0.11727350 -0.32860953 -0.58200866
v 0.04561320 -0.07579274 0.08761912
v -0.05052848 0.25791863 -0.52932972
v -0.56716222 -0.54424989 -0.31457213
v 0.36051530 0.10526551 0.25704381
v 0.14197862 -0.01299570 0.25975251
v -0.45940614 -0.31704220 -0.23821653
v 0.37173125 -0.06460643 -0.14516100
v -0.59786975 -0.41388899 -0.40163350
v 0.15215479 0.17955534 0.61765748
v -0.04934523 0.16187009 0.26932758
v -0.13796987 -0.15282577 -0.42139128
v -0.61592799 -0.26466140 -0.31870830
v 0.18175913 0.08460419 0.63483369
v -0.01046996 -0.25803709 -0.23452382
v 0.09811434 -0.02112272 -0.56937623
v 0.51339102 -0.03743570 -0.31149590
v 0.59980410 -0.36871803 -0.50858498
v 0.62192464 -0.31001332 -0.49399316
v -0.20108666 -0.14615698 -0.33736548
v 0.49499491 -0.08645710 -0.18586700
v 0.17407545 -0.20609875 -0.57073879
v 0.07525523 0.34275281 -0.42587841
v 0.14228304 -0.13272308 -0.06455337
v -0.04038096 -0.35249585 -0.36577687
v 0.20751554 0.12546393 0.03288114
v 0.26474524 0.11907319 -0.12401661
v 0.30459514 0.15587896 0.41764590
v -0.29591978 -0.02391007 0.44599333
v -0.45889151 -0.14751366 -0.37977725
v -0.32623559 0.07538596 0.19047561
v -0.28395239 0.10514536 -0.28298339
v -0.13026763 0.25302163 0.06041323
v 0.14609846 0.24302761 0.21538639
v -0.04057235 -0.18908094 -0.25538468
v 0.53665066 -0.29546648 -0.33006960
v 0.39908370 0.07794113 -0.18588729
v -0.09560449 0.29140151 -0.08242740
v -0.17915483 -0.13323484 -0.37902877
v 0.19418155 0.04844841 -0.48638132
v -0.20308852 0.13966148 0.67185134
v -0.06861942 0.32963851 -0.10577945
v 0.18764839 0.20114778 0.01291179
v 0.22948110 -0.04149272 -0.42351618
v -0.11510252 -0.04258897 -0.00323320
v -0.53293312 -0.44105121 -0.50362921
v -0.15396346 -0.14270945 -0.10791379
v 0.41788754 0.00764935 -0.15449981
v -0.01011499 -0.03793530 0.21758316
v -0.21898447 -0.05238988 -0.42183742
v 0.07808030 -0.28053609 -0.47184786
v 0.11827559 -0.01952978 0.22023550
v -0.27406722 0.23512670 0.80564195
v 0.18422399 -0.02826238 0.26886335
v 0.32086489 0.15742171 0.72055233
v 0.10815301 -0.29466319 -0.44671667
v 0.05295977 -0.03961582 -0.58422440
v 0.37532932 -0.02406252 0.81359339
v -0.02480860 -0.36782014 -0.25473112
v 0.50309134 -0.23640360 -0.36907437
v -0.39437908 -0.10657129 0.84620476
v -0.35770962 -0.14840595 -0.33811611
v 0.60666323 -0.11816580 -0.24090526
v -0.35060722 0.19647487 0.66303384
v -0.01277280 0.32871830 -0.12006045
v 0.34059775 0.16041604 0.32193723
v 0.27427378 0.16575044 -0.37526855
v 0.24407992 0.20442310 -0.12705909
v 0.29446626 0.20123570 0.32743526
v -0.15181682 0.22508161 0.08629379
v 0.34797472 -0.03475147 -0.32515627
v 0.34217051 0.10681931 0.44787318
v -0.09297853 0.35231811 -0.29163232
v -0.30439699 0.08101350 0.17198963
v -0.48838201 -0.35557744 -0.26757014
v -0.38593766 0.15749234 0.80017841
v 0.15225540 0.15641758 0.64298308
v 0.40019816 0.03221190 -0.31621531
v -0.13458106 -0.33216828 -0.62260807
v 0.08983290 -0.16829112 -0.13183907
v 0.00320330 0.18580823 -0.57448083
v 0.56707245 -0.17844860 -0.21185610
v 0.38369754 -0.11381793 -0.20362033
v -0.21581954 -0.13276127 -0.26042610
v -0.05185884 0.07491669 0.27092904
v -0.02278032 -0.19376650 -0.24957594
v -0.01297567 0.10675114 -0.59682274
v -0.07466384 -0.18164712 -0.29230034
v -0.24723096 0.03965171 -0.13074452
v -0.31322181 -0.02666311 0.46237394
v -0.12214517 0.26500452 -0.05970545
v -0.56652766 -0.42938361 -0.45505005
v 0.19250311 0.16177364 0.49412307
v 0.23133859 0.25894275 -0.37626451
v -0.38254791 0.02045961 0.31458107
v 0.27901730 0.18999642 -0.29949439
v -0.54176021 -0.50447148 -0.33903870
v -0.02134660 0.37542498 -0.26168579
v 0.19645174 0.05229647 0.46906921
v -0.13638666 -0.17068273 -0.17444697
v 0.34024620 0.04502981 0.22817621
v -0.33906648 0.18869111 0.75992757
v 0.31572130 -0.03439839 0.47414592
v -0.15127702 -0.15997282 -0.39339644
v -0.01043971 0.27939895 0.30925554
v -0.08174980 -0.20568435 -0.33931607
v -0.09352978 -0.15392192 -0.22043151
v -0.31686327 0.22052501 0.84755820
v -0.37307695 -0.24478501 -0.28920129
v -0.03707062 -0.38657889 -0.32777062
v 0.19208296 0.25638884 0.65319592
v -0.15802199 -0.00219333 0.12605935
v 0.21238376 0.10495026 0.77628219
v 0.31729946 0.18715908 0.28212482
v 0.28699672 0.23896140 0.77321118
v 0.18238388 -0.01521849 0.21138404
v 0.28096640 0.21315284 0.30601898
v -0.42609552 -0.03939659 -0.32391563
v -0.34142989 -0.04518070 0.42704305
v -0.10804630 -0.32965136 -0.59204918
v -0.05350747 -0.33447498 -0.33050910
v -0.01088062 0.31483790 0.00673922
v 0.10762158 -0.31869543 -0.32880124
v -0.01129280 0.16461657 0.24705409
v -0.41401181 -0.08016858 0.84026605
v -0.02595137 -0.10915141 -0.05296801
v 0.15362471 0.31592110 -0.39286745
v -0.40676761 0.06078990 0.47473225
v -0.11305320 -0.25046843 -0.63619399
v 0.08130161 -0.06435863 0.07229179
v 0.63410830 -0.43953899 -0.44562504
v 0.53614980 -0.37068865 -0.55826563
v -0.59105390 -0.51757956 -0.31665316
v 0.32974133 0.22651082 0.63770270
v -0.13686539 -0.01754847 0.16002777
v -0.38972956 -0.00493146 0.46169430
v -0.15747182 -0.10594650 -0.42104450
v -0.31216526 0.03643613 0.19436479
v -0.07901587 -0.28125396 -0.47810233
v -0.11055659 -0.17523836 -0.17032908
v -0.55156732 -0.13707089 -0.30886590
v -0.31745592 -0.04226913 0.37835675
v -0.26776692 0.18740021 -0.25544038
v 0.27336466 -0.04698779 0.33120939
v -0.06947894 0.30887195 -0.03475267
v -0.49037552 -0.39370403 -0.38945261
v -0.17895454 -0.14217676 -0.14462750
v -0.24831451 0.15558171 0.85730284
v 0.36018574 -0.02431724 0.81488729
v 0.22148985 0.06157297 -0.44722000
v -0.58464837 -0.34766889 -0.31910640
v -0.38102394 0.13152581 0.47142562
v 0.25537014 -0.02742100 0.42900568
v -0.59623832 -0.19645008 -0.28889871
v 0.20246808 0.30044818 0.83543283
v -0.11259447 0.25986883 0.09772672
v 0.32276633 0.23267913 0.58639491
v 0.61734778 -0.27571121 -0.33118886
v 0.18559273 0.02449198 0.08740730
v 0.56600946 -0.31674898 -0.39092931
v -0.15360110 0.33453897 -0.22983634
v -0.04528141 -0.17073995 -0.13532729
v -0.12991713 0.06848835 0.34235734
v -0.54066199 -0.26342532 -0.42784095
v 0.06494258 -0.25487846 -0.25499302
v -0.41687813 -0.31801149 -0.38909477
v -0.12284954 -0.00959631 0.22243373
v 0.11117578 -0.02208491 -0.56092465
v -0.01619873 0.30984253 -0.05749638
v -0.18216312 0.08584318 0.00348276
v -0.36658582 -0.12815636 -0.17439362
v -0.30999014 0.01229400 0.21654052
v 0.19641834 0.26843855 -0.41476727
v 0.26797301 0.22007939 -0.23266163
v 0.57848340 -0.37886602 -0.55079037
v 0.32091647 0.07764065 0.18713380
v -0.27835262 0.05938443 0.79543811
v 0.17665431 0.03576796 0.05295695
v -0.25857437 0.19151279 0.53576964
v 0.45770422 -0.02829681 -0.16366209
v 0.03634269 0.32509345 -0.10863937
v -0.33204567 0.04283405 0.66531163
v 0.60156536 -0.14412646 -0.24085072
v 0.25176451 0.23073439 0.26609558
v 0.47934949 -0.08480343 -0.37549558
v -0.02963918 0.29092970 0.24376070
v -0.34630200 0.07213411 0.72515994
v 0.13193490 -0.12929493 -0.05315222
v 0.30981371 0.23113742 0.52870244
v -0.25870401 0.20565392 0.65949774
v -0.14862984 0.32072592 -0.35675338
v 0.29753461 0.01082863 0.56081396
v -0.35943124 -0.05143118 0.80957222
v -0.23257436 0.14935869 -0.42943555
v -0.06487338 0.31975451 -0.09169614
v 0.02222071 0.31912801 -0.08492520
v -0.35193908 0.06208290 0.70006472
v -0.22400956 -0.01755815 -0.11341888
v -0.14661510 0.11860609 0.37903038
v -0.23544568 0.10457707 0.73577416
v -0.35999241 0.05304094 0.67156863
v -0.32830107 0.02461145 0.62194854
v -0.22756986 0.23913257 0.21968673
v 0.54081929 -0.28098443 -0.38474134
v 0.18981476 -0.09419781 -0.40184730
v -0.46259341 0.10598080 0.79736227
v 0.56265867 -0.33484519 -0.43351907
v 0.13855457 -0.13884547 -0.34319380
v -0.27240852 0.00190636 0.19628334
v 0.17737879 -0.26910219 -0.59085453
v 0.15341564 -0.20446870 -0.57855248
v 0.36803237 0.06345111 0.39944682
v 0.27396786 0.22134657 -0.27424648
v 0.47987872 -0.14446360 -0.42096028
v 0.21195664 0.09480770 -0.03585544
v 0.21390437 0.05741422 0.81950134
v -0.49341622 -0.33289197 -0.23170041
v -0.46992534 -0.05349607 -0.27644530
v 0.24573009 0.23563685 0.85373092
v 0.20162509 0.04609619 0.47372031
v 0.05128326 -0.31350389 -0.45293799
v 0.32872924 0.09699146 0.64505684
v 0.16731167 0.23618178 0.07191175
v 0.25409794 0.12391126 0.13855496
v 0.49849507 -0.03285488 -0.21863107
v 0.07729539 -0.34947309 -0.36052227
v -0.29118717 -0.12066290 -0.19396643
v -0.12410083 -0.11927973 -0.45911571
v -0.36809781 0.06513706 -0.24625444
v 0.52678835 -0.26502037 -0.43071598
v 0.28992820 0.09867749 0.85149813
v -0.25365368 0.22768193 0.22158396
v -0.30750611 0.19682157 0.21933925
v 0.19351700 0.12826149 0.84799504
v -0.06602287 0.36224195 -0.21364643
v 0.29595560 0.20092224 0.30456436
v 0.07748293 -0.15025125 -0.53180772
v -0.03787300 -0.13282046 -0.05624925
v 0.01685945 -0.28297439 -0.21981165
v 0.24783771 -0.10497290 -0.31197056
v 0.01816738 0.35725918 -0.40261340
v -0.18583916 0.08198675 0.56707376
v 0.19272387 0.19511038 0.06071498
v -0.14618456 0.24129066 0.24271517
v -0.13484700 -0.01225381 0.23242383
v -0.02857846 0.30346760 0.00872863
v -0.31688672 0.00259955 -0.14958711
v 0.57235789 -0.36084762 -0.43647286
v -0.48287630 -0.16414799 -0.39176497
v 0.56096709 -0.20347179 -0.47725391
v 0.53369105 -0.26604292 -0.25427991
v -0.16785163 -0.01174707 0.33617079
v 0.30873433 0.21019690 0.81743366
v 0.42300236 -0.05059772 -0.31743023
v -0.61195147 -0.27277443 -0.34041920
v 0.30690765 0.07407962 0.85304171
v -0.07012673 -0.20364285 -0.57236773
v 0.27201927 0.11746100 -0.39880478
v -0.24803655 0.05614090 -0.12569301
v -0.38590524 0.16682936 0.56989366
v -0.20236099 0.08443180 0.49493450
v 0.41270381 -0.15500635 -0.26166803
v -0.11913293 -0.16445138 -0.34810340
v 0.49610132 -0.10826696 -0.18532106
v 0.28121689 0.24812257 0.78044337
v 0.37382850 -0.00082059 0.80979729
v 0.32954305 0.05747221 -0.34418008
v -0.07444208 -0.03410112 0.13107304
v -0.14929453 0.23953792 0.04118492
v 0.04720176 0.33111960 0.27149037
v -0.15417968 0.23819818 0.11747762
v -0.17921868 -0.11276007 -0.39629558
v 0.07812726 -0.46631539 -0.26569444
v 0.44866449 -0.19977069 -0.21376237
v 0.14988920 0.23366444 0.83606470
v 0.15506761 -0.13651146 -0.45060754
v -0.09772112 -0.19782923 -0.53847873
v -0.23098943 0.17672750 0.73516405
v 0.00887037 -0.10932620 0.02091815
v 0.54227608 -0.13093355 -0.43815517
v -0.13255280 0.02985081 0.31830099
v 0.19181126 -0.07097282 -0.40758032
v 0.57948130 -0.28735840 -0.29904634
v -0.16630298 0.03591894 -0.00881494
v -0.15374526 -0.12354276 -0.08003796
v -0.18918315 -0.05421036 -0.07822575
v -0.35900718 0.06389102 0.68652928
v -0.02834885 -0.02155364 -0.58786011
v 0.15219525 0.26181534 0.81875730
v 0.04442662 0.24657838 0.27883866
v -0.06582675 -0.13034363 -0.51959974
v 0.60253310 -0.07318802 -0.26611474
v 0.36774793 0.05448579 -0.14932927
v -0.32940349 0.18095528 0.26492015
v -0.49809393 -0.41036168 -0.37856358
v 0.16208705 0.19954690 0.69559568
v 0.49244922 -0.10851087 -0.18375802
v -0.01761583 0.45153576 0.37943310
v -0.30685502 0.08367241 -0.19098529
v -0.20173109 0.26993519 -0.20440455
v 0.53318363 -0.27904314 -0.43714622
v 0.21717696 -0.13464189 -0.31779277
v 0.00645013 0.52536762 0.35883668
v -0.27777591 0.13639104 -0.30240268
v 0.34702888 -0.01082923 -0.13659100
v -0.16503392 0.21389790 0.03833098
v 0.23091477 0.05238869 0.61773872
v -0.04147734 0.23641506 0.23728967
v -0.51660597 -0.58623618 -0.35350367
v 0.21054621 0.09722751 0.01630045
v 0.05335311 -0.28894404 -0.46872422
v 0.29166055 0.12590949 0.85087913
v 0.18652241 -0.00608613 0.13255085
v 0.52326888 -0.22173961 -0.47003236
v -0.24858093 -0.08019163 -0.34711203
v -0.21767358 0.23690273 0.24943349
v 0.03956190 0.35195628 -0.41478360
v 0.34745404 0.11062745 0.77167773
v -0.20709376 0.15137400 0.08951966
v 0.36484739 0.15150766 0.83711213
v -0.04183000 -0.43994042 -0.28875071
v 0.48799244 -0.21066248 -0.43961281
v 0.02293720 0.29494849 0.06753223
v 0.47819301 -0.12526642 -0.40709749
v -0.41648611 -0.25755993 -0.24023837
v -0.56824768 -0.14625069 -0.33028850
v 0.26417634 0.13679363 -0.13632961
v -0.47181848 -0.29187787 -0.20954311
v 0.19670576 0.26672244 0.73076123
v 0.55520767 -0.34656981 -0.48337385
v 0.04912598 0.35622367 0.30208394
v -0.33163866 0.05646742 0.71526271
v 0.26113388 0.18737940 0.85080230
v 0.17462236 0.21281275 0.75161165
v 0.06194525 -0.44465408 -0.31084099
v -0.24849539 0.19045293 0.55541462
v 0.47567108 0.02458773 -0.27378520
v -0.00412860 0.06698994 -0.59942043
v -0.44330326 -0.04664354 0.84259295
v -0.22358346 0.23393448 -0.18014123
v 0.53898233 -0.24060506 -0.22614984
v -0.15786119 -0.01478258 0.19381665
v 0.13859090 0.28555739 -0.47567308
v -0.21071789 0.11898328 -0.08709273
v 0.24877459 0.27413118 0.81958932
v -0.15620092 0.23456313 -0.46938026
v -0.13674071 -0.14482574 -0.24069211
v -0.09720846 -0.27924865 -0.32721168
v -0.02017381 0.14220585 -0.58275247
v -0.52233392 -0.49214169 -0.44749996
v -0.05396432 0.31745458 -0.09416861
v 0.61604244 -0.21963324 -0.27009988
v -0.40184373 -0.02022560 0.43733147
v -0.09121612 -0.01416537 0.19686083
v -0.07237653 -0.10033873 -0.54841608
v -0.20706977 0.28933179 -0.29749420
v -0.12389402 -0.12047598 -0.45710877
v 0.01338846 0.50588948 0.34894064
v 0.19330585 -0.05543078 -0.04939944
v -0.04798020 -0.38678330 -0.27583319
v -0.20061871 0.22403081 0.17099440
v -0.01977139 0.30858374 0.01131051
v 0.16676319 -0.01533986 -0.50168639
v 0.09500512 0.01153998 0.26254150
v -0.28862768 0.21337220 0.25260022
v 0.24599643 0.22328909 0.51144063
v -0.34322640 0.14500390 0.45361573
v -0.59673786 -0.40613228 -0.39952534
v -0.10534935 -0.02749004 0.03361368
v 0.03634822 -0.20558202 -0.53815621
v 0.10373403 -0.23680727 -0.31954363
v -0.41356117 -0.26545730 -0.30273598
v -0.19588457 -0.02827781 -0.45056862
v -0.49600682 -0.42812553 -0.49451452
v -0.13215382 -0.31072938 -0.60453874
v -0.05904032 -0.03794322 0.14810251
v 0.17878507 0.06022245 0.57250077
v -0.16639380 0.03531237 -0.00962507
v -0.18779111 0.02778116 0.09876506
v 0.19267854 0.15497993 0.48998672
v -0.36216977 0.14419462 0.85046804
v 0.01140834 0.47251740 0.37498441
v -0.02073581 -0.34894443 -0.25244793
v 0.17710751 -0.31630340 -0.59872866
v -0.00297753 0.05916261 0.25810325
v -0.03529352 0.29249391 0.28826907
v -0.35252255 0.13517983 0.45113596
v 0.30758482 -0.03043591 0.44496462
v 0.19147234 0.04970047 0.57828414
v -0.06859414 -0.22506559 -0.31908512
v -0.08859197 -0.32646772 -0.57197177
v 0.04328882 0.29181683 0.10523444
v -0.35613725 -0.01520526 0.51418072
v -0.37373102 0.04167308 0.27059340
v -0.19335981 0.02150851 0.38313323
v -0.47269648 0.09851986 0.80303568
v -0.55725342 -0.51681763 -0.42480031
v -0.01745343 -0.07687438 0.10299486
v -0.15154965 -0.10908546 -0.07335411
v 0.27715418 0.12948890 0.84959757
v -0.16778603 0.32727093 -0.23996316
v -0.24405052 0.10635564 0.79850340
v -0.47876859 -0.09100772 -0.27359110
v 0.15847984 0.19484937 0.67486477
v -0.40317854 -0.19546250 -0.21027841
v 0.26373634 0.13637382 -0.13070782
v 0.12889467 0.10962760 -0.55411124
v -0.12783359 0.26724693 -0.01901178
v 0.19814828 0.11944731 0.81550854
v 0.30434182 0.25166970 0.62545842
v -0.17303643 -0.16217196 -0.35181913
v 0.14269210 -0.15485987 -0.10818665
v 0.48735014 -0.08550949 -0.37995851
v -0.26289111 -0.07927997 -0.33398262
v -0.19083701 -0.13789774 -0.16087289
v -0.11105843 0.01674364 0.26652676
v 0.12897958 0.19338314 -0.54133600
v -0.03211437 0.10775346 0.26700673
v -0.26988983 0.21257603 0.31076404
v 0.35219264 0.18675028 0.60903168
v 0.32941863 0.08589245 0.85572255
v -0.22137804 0.20268387 -0.40970996
v 0.12761870 -0.02920054 0.13137132
v -0.44451749 -0.31976604 -0.36687616
v -0.40160981 -0.01489126 0.39917269
v 0.00564306 0.44313863 0.38167822
v 0.59980196 -0.28489321 -0.31331956
v -0.36750275 -0.18367627 -0.23195556
v 0.54343057 -0.34679863 -0.51886094
v 0.16252440 0.04277224 0.38313863
v 0.60062575 -0.39740810 -0.46177086
v -0.16032714 -0.01918271 0.27954879
v 0.43020594 0.05314764 0.83540565
v 0.32772034 0.04906698 -0.34562111
v -0.36110783 0.10984260 0.24815869
v 0.17656216 0.23230398 0.62289768
v -0.44191551 -0.02905609 -0.22946368
v 0.20536645 0.25237083 -0.08356170
v -0.30582744 0.09289873 -0.21421042
v 0.18331794 -0.12238822 -0.26411819
v 0.36145258 -0.03343636 0.85149574
v -0.49260440 -0.37951180 -0.34111544
v -0.45111644 -0.06628622 -0.32333773
v 0.17617348 -0.21514393 -0.59756058
v 0.27713290 0.10918483 -0.39491534
v 0.15412934 -0.02438412 0.14986919
v -0.08328502 -0.06328721 0.01579160
v 0.11546256 0.35492003 -0.33874029
v -0.09461550 -0.14065619 -0.49165836
v 0.30466855 0.10534692 0.85243201
v 0.05748908 0.27388981 0.24742444
v -0.20276184 0.18810047 0.82934552
v 0.15666616 0.20331000 0.84508288
v 0.23509084 0.26516241 -0.34600931
v 0.20399621 0.21156187 0.15686721
v 0.21158643 0.03591601 0.54553050
v 0.18724932 0.29923326 -0.38678768
v -0.39687017 0.03444821 0.41502762
v -0.20172937 0.26365289 -0.37054926
v -0.00543169 -0.25687265 -0.50721717
v -0.14998904 -0.32542211 -0.65432537
v -0.23052217 0.23448387 0.20674647
v 0.16379227 -0.13659114 -0.26939866
v 0.24658774 -0.01824264 -0.38278738
v 0.33324683 0.11669032 -0.18917461
v -0.32809356 0.03945469 -0.33140093
v 0.34049726 0.12841974 0.49228427
v -0.24743381 0.19912404 0.60322547
v 0.30949718 0.18213136 0.35125920
v -0.15310347 -0.12511350 -0.08063627
v 0.32498583 -0.08193136 -0.29071903
v -0.38611668 0.09815352 0.45340094
v -0.30068055 -0.04686564 0.35103872
v 0.22912323 0.08461984 0.85564923
v 0.62108386 -0.25312030 -0.47465941
v -0.25518876 -0.01138809 -0.36948645
v 0.20735541 -0.06323198 -0.39162725
v 0.35518897 0.17991172 0.53951925
v -0.06990570 0.33760494 -0.39192712
v 0.26244929 -0.07964623 -0.30277967
v -0.21466042 -0.06396522 -0.39485505
v 0.20495325 0.29798403 -0.24118353
v -0.05612727 -0.22395827 -0.29116926
v -0.34336838 0.00507948 0.25753543
v -0.50696510 0.01804311 0.81017888
v -0.29096648 -0.03639260 0.26260066
v 0.11207623 0.23345248 -0.52685004
v 0.22041580 0.15927994 -0.06696448
v -0.42112336 0.10631594 0.85351431
v 0.15313655 -0.09627154 -0.44611987
v -0.38424757 -0.02270183 -0.16976209
v -0.24478501 0.11029036 0.82266289
v -0.20500916 0.20802878 0.35042563
v 0.54137677 -0.33769932 -0.52857751
v -0.15596898 0.31146568 -0.15892205
v 0.25950897 0.24834703 0.55872297
v -0.17529160 0.19261517 -0.01869818
v -0.39746603 0.11059988 0.55990368
v 0.23164640 -0.10171104 -0.25644937
v 0.60583925 -0.43356547 -0.44782779
v -0.08829901 0.14020453 0.31895152
v -0.12937786 0.12006040 0.36796430
v 0.63232613 -0.33132961 -0.48728853
v -0.05018668 0.31843674 -0.46316403
v 0.34179711 0.03921896 0.23467505
v 0.29755226 0.21816118 0.76633167
v 0.52876645 -0.35499179 -0.58801228
v 0.25114989 0.04757352 0.85484701
v -0.27395654 0.17124459 -0.26919419
v -0.02789729 0.32031086 -0.04657792
v -0.27903667 -0.01365018 0.48051795
v -0.20161703 0.21308523 -0.09985974
v 0.12431902 -0.14201868 -0.06828894
v 0.58742946 -0.43316561 -0.48286599
v -0.08003597 -0.02914659 -0.56325966
v 0.39041966 0.01949075 -0.14805490
v 0.62647593 -0.39333802 -0.45202741
v -0.42417583 0.08710426 0.76436436
v -0.22431615 0.13858394 0.82338333
v -0.56723803 -0.17305508 -0.24698479
v 0.07097855 -0.07348436 -0.57733506
v -0.56316441 -0.40638143 -0.27494422
v -0.55952013 -0.43844086 -0.47214043
v 0.54347259 -0.34562662 -0.54754728
v -0.23029494 0.00203312 0.53860909
v 0.22892724 0.14702268 0.84938169
v -0.27295104 0.14001110 -0.34728995
v 0.24233085 0.23289272 -0.14813916
v -0.13466015 0.06279953 -0.53704947
v 0.29630041 0.06988835 -0.14768030
v -0.33349317 0.01634074 0.61080134
v 0.46947461 -0.06220426 -0.34404260
v -0.21436569 0.22321142 -0.11770973
v 0.28551739 0.01132521 -0.13551849
v -0.03764797 -0.08073868 0.06748331
v 0.20968024 0.03696489 0.54491627
v -0.27935928 0.21345423 0.29611725
v 0.19725178 -0.05963629 -0.06148903
v -0.46074495 0.10851485 0.79878718
v -0.53961360 -0.16129287 -0.37531585
v 0.32466087 0.11757907 0.76604080
v 0.35061672 0.12291601 -0.23683265
v 0.16595277 0.17782728 0.54641867
v 0.56785327 -0.08877593 -0.39159319
v 0.57057583 -0.30072227 -0.54738098
v -0.59968865 -0.48142517 -0.28919637
v 0.14436659 0.13855530 0.59534013
v -0.08609062 0.36220849 -0.26018554
v 0.16302681 -0.29565990 -0.58024150
v -0.26619026 0.14118426 -0.37300915
v -0.22500266 0.20312338 0.77923512
v -0.47681299 -0.34968144 -0.29307240
v -0.05452600 -0.32564896 -0.42400494
v -0.31523368 -0.02266850 0.25914457
v 0.32190299 0.06644391 -0.34859210
v -0.50505108 0.01164138 0.83612049
v -0.38344356 0.09417072 0.84909052
v 0.23156966 0.06999057 0.10070632
v -0.06274321 -0.04737720 0.08152789
v -0.37458742 0.08876053 0.27836022
v -0.21912456 0.20463702 -0.41186720
v 0.19227257 0.21260908 -0.06039318
v 0.28381678 0.24018180 0.75694770
v 0.25308934 0.25676879 -0.26426992
v -0.16983849 0.18177864 -0.03751816
v -0.09791794 0.08480670 0.31204432
v 0.63845891 -0.16196717 -0.37771764
v 0.14796433 -0.08547688 -0.50694925
v -0.38122752 -0.13463441 -0.17167385
v -0.13866863 -0.19552524 -0.38213482
v 0.23109826 -0.04227480 -0.09732964
v 0.58394277 -0.43083766 -0.48055473
v -0.39525136 -0.00880477 0.45631006
v 0.05252847 -0.33962429 -0.22466993
v 0.37715253 0.04218594 0.37860832
v -0.17801435 0.19202684 0.36247599
v 0.23324984 0.05225331 0.78393072
v 0.30026513 -0.03598607 0.41470814
v 0.01425674 -0.13140304 -0.55502224
v 0.35959488 0.07368912 0.55306941
v 0.37354216 0.08385730 0.30273744
v -0.29231009 0.21224627 0.69115651
v -0.01922974 0.53807229 0.35785410
v -0.00339084 0.16985855 -0.58091712
v 0.26378945 -0.02223938 0.81307918
v -0.27655074 0.08646999 -0.32946485
v -0.23364475 -0.08698376 -0.36835960
v 0.05859650 0.23418167 -0.54446071
v -0.35753435 -0.17100550 -0.21700609
v -0.22128731 0.13957135 0.49864084
v -0.01614016 -0.25356671 -0.51756144
v 0.20465350 0.09068710 0.03503736
v 0.47107509 -0.04333284 -0.17722510
v -0.38062981 0.01136323 0.54198903
v -0.32032895 -0.02080650 0.52267927
v 0.57586223 -0.33227488 -0.38528168
v 0.39964274 0.06901176 0.80568659
v 0.01718561 -0.34651214 -0.20612413
v 0.16828772 -0.27555040 -0.58455884
v 0.26725447 0.03165538 0.59682548
v 0.13028708 -0.15387109 -0.34303427
v 0.03714332 0.36231858 0.28674856
v -0.05146221 0.27304220 0.14449774
v 0.01214388 0.34992546 -0.17447260
v -0.35614693 -0.18242562 -0.29204649
v -0.13226916 0.33518407 -0.18035835
v 0.13400340 -0.23103172 -0.34391379
v 0.06858724 0.37096557 -0.23662007
v -0.45920214 -0.08548252 -0.20147659
v 0.48425257 0.00355212 -0.24561077
v 0.11474277 -0.30092338 -0.33779740
v 0.53985399 -0.28891259 -0.33728200
v 0.30042613 0.09223320 -0.35094017
v 0.25331497 0.17260760 -0.42591542
v -0.40747941 0.05501328 0.47861105
v 0.49564013 -0.23569702 -0.22336143
v -0.45425123 -0.33642963 -0.32702449
v 0.22004209 0.14265211 -0.47856471
v -0.05935838 -0.14793912 -0.20641424
v -0.00697346 0.36029637 -0.36884555
v -0.18838683 0.21375161 0.33412114
v -0.40696815 0.04958170 0.54200357
v -0.36972168 -0.23668168 -0.34505656
v -0.04457703 -0.17048125 -0.15089051
v 0.36787078 0.11480153 -0.22381972
v 0.34706360 0.12224586 -0.26685187
v 0.10896241 0.30188194 -0.04576545
v -0.40549228 0.09647563 0.49891916
v 0.16256648 0.21156512 0.63783967
v -0.12156925 0.09884293 0.36527500
v -0.47331080 -0.08035171 -0.26506412
v -0.12832634 -0.09375489 -0.03891765
v -0.11164027 -0.08975613 -0.02596160
v 0.29277462 -0.08601487 -0.24743488
v 0.12274044 0.25485116 0.13017921
v 0.06262827 0.26443940 0.20592330
v -0.00937678 0.37463874 -0.27197790
v -0.01263693 -0.14212058 -0.08394331
v 0.26674494 0.18122292 -0.37712544
v 0.04228728 0.27815425 0.16148721
v 0.34732655 0.05322221 0.80776089
v -0.23771909 0.01096789 0.17628853
v 0.29465464 0.23624647 0.74060476
v 0.65139502 -0.33492991 -0.37972340
v -0.06349894 -0.32161418 -0.42044133
v -0.41047427 0.13024147 0.85575885
v 0.46856111 -0.18396519 -0.19350682
v -0.09695593 -0.08653971 -0.01953496
v 0.24059220 0.21388917 0.33883733
v 0.48027700 -0.21369430 -0.32780308
v 0.25774428 0.23933448 -0.27395704
v -0.03368329 -0.13091950 -0.54688942
v -0.05358784 0.18098767 -0.56804484
v 0.42877781 -0.09597689 -0.33649269
v 0.62477022 -0.19032089 -0.41192704
v 0.42916146 -0.16381864 -0.31965858
v -0.00241840 0.25860026 -0.53788203
v -0.12891860 -0.22144365 -0.39728358
v -0.01138850 0.37080586 -0.34513974
v 0.12166589 0.17397146 -0.55392706
v 0.60203302 -0.34520048 -0.51267910
v -0.32634705 0.14092991 0.39977166
v 0.55856770 -0.36375788 -0.56625605
v 0.10463399 -0.41069764 -0.28489411
v 0.31614980 0.03300679 0.20889662
v -0.47987074 -0.09654073 -0.29002684
v -0.20173623 0.08416341 0.42769581
v 0.07440306 0.35115084 -0.40124744
v -0.48896462 -0.15662272 -0.20592158
v -0.21202245 -0.04360872 -0.10610098
v -0.20527335 -0.04271345 -0.09290932
v -0.03549421 -0.30240780 -0.46749532
v -0.08700812 -0.00571985 0.21840802
v -0.42405486 -0.11901969 -0.34873268
v -0.55100149 -0.19388549 -0.38869318
v -0.44647858 -0.06589554 -0.18643728
v -0.52936983 -0.50364566 -0.45341185
v -0.05839681 -0.37378609 -0.28629839
v -0.02043419 -0.05424286 0.18104722
v 0.36579052 -0.00557904 0.44766515
v 0.51557660 -0.04634383 -0.24661131
v 0.20132500 0.04608285 0.58255500
v 0.15627946 0.26024562 0.02668472
v 0.33831319 0.13040003 0.48949695
v -0.23535119 0.19793886 -0.38407877
v 0.50761479 -0.27635542 -0.27764490
v 0.20701264 -0.11864720 -0.24023269
v 0.11741112 0.24772526 -0.51684433
v -0.20936479 0.12054777 -0.45710981
v 0.62743205 -0.39503622 -0.39145097
v 0.18986250 0.13529111 0.46029326
v -0.57932091 -0.38203672 -0.44536054
v -0.50280350 -0.32772380 -0.42889562
v 0.34935120 0.12312920 0.59226102
v -0.56789136 -0.38700214 -0.46462750
v 0.56908822 -0.08268195 -0.23356494
v 0.26040763 0.14643875 -0.11275550
v -0.33171612 0.05917169 0.20233685
v -0.10870600 -0.24783161 -0.43326268
v 0.31823176 0.03225728 0.57569081
v 0.04508860 0.36593542 -0.17570573
v 0.55505294 -0.04612122 -0.34954378
v 0.24200284 -0.03587908 0.38875043
v 0.18038823 0.05952672 0.43610147
v 0.24163206 0.05900634 0.12279832
v 0.52328980 -0.27402070 -0.26250112
v 0.43454987 -0.16538078 -0.31120756
v 0.62897670 -0.25626004 -0.46433532
v 0.07813787 -0.46939942 -0.29230788
v -0.24911366 0.00453811 0.43693972
v 0.05496369 -0.07892838 -0.58745635
v 0.40499854 -0.11475918 -0.18121108
v -0.12879817 0.26267421 0.03757390
v -0.33646214 0.14957432 0.21079898
v -0.26704094 0.14470471 -0.21675564
v -0.25522035 0.09423648 0.83124799
v 0.22848897 0.12617365 -0.07004488
v 0.18243144 -0.21718505 -0.60027367
v -0.25119859 0.14888412 0.47486502
v 0.05582357 0.28268003 0.26456264
v 0.18764941 0.02551440 -0.00970708
v 0.00404489 0.51553643 0.34576130
v 0.59847969 -0.27072084 -0.51445156
v -0.28913867 0.09553872 0.15547080
v 0.13719827 0.35183963 -0.24875961
v -0.38447565 0.08202185 0.31796619
v -0.47341108 -0.03434326 0.80416149
v -0.11448642 0.24703354 0.19789229
v -0.20462930 0.15285279 0.59947425
v 0.31493241 0.21572529 0.51090598
v -0.03131208 -0.37849215 -0.26234353
v 0.27347404 -0.08120920 -0.27780467
v -0.02634839 0.21576217 -0.55636758
v -0.02280953 0.29003122 0.30956343
v 0.18686135 0.05073616 0.01745645
v 0.63732159 -0.43214098 -0.44795507
v -0.22255042 -0.08966522 -0.16618381
v -0.01671062 0.28245714 0.17778365
v -0.17243685 0.05148830 0.06071131
v -0.09149773 0.09209491 -0.57023436
v -0.40498614 0.07616837 0.50909591
v -0.17344363 0.14714706 0.39075652
v -0.09870394 0.29203486 -0.02477919
v 0.47987109 -0.08097674 -0.37186900
v -0.18768720 0.02816747 0.38234982
v -0.20107996 0.00107900 -0.44378540
v 0.57770991 -0.12325120 -0.22227587
v 0.34315389 0.10604580 0.77133316
v -0.39306810 0.05471807 0.42303011
v -0.22939618 0.10563163 0.45252720
v 0.06695625 0.23930986 0.24201228
v -0.36217925 -0.01690604 0.48785484
v -0.31128484 0.04465646 0.69170493
v 0.10269835 -0.15463558 -0.51990366
v -0.18485507 -0.02963287 -0.45513377
v -0.44322768 -0.31305408 -0.29411709
v -0.23464374 -0.04213636 0.28246918
v 0.31927997 0.14922984 0.46442860
v -0.19291911 0.11082481 0.04964265
v 0.17148344 0.23128004 0.14133170
v -0.29371759 0.04879395 0.77719903
v 0.01651703 0.50442135 0.35545358
v -0.32692170 0.21078138 0.56864494
v 0.16757438 -0.00022767 0.10615855
v -0.23007111 0.17675453 0.54174620
v -0.38328069 0.12441991 0.69787288
v -0.18275382 0.28845590 -0.35897598
v 0.18730682 0.10443798 0.49976447
v -0.37117901 0.02388065 -0.31963867
v -0.06422506 -0.03860858 0.12309959
v -0.00665540 0.35578623 0.27705479
v 0.20549239 0.09513580 0.05975791
v -0.57970315 -0.34819523 -0.29764241
v -0.24932751 0.22395076 0.29591340
v -0.30232319 0.05603414 0.17793164
v -0.15240924 0.18325554 0.35218117
v 0.30139852 -0.03790732 0.81458414
v -0.06478234 0.31773832 -0.08963143
v -0.02533646 -0.26665193 -0.50696760
v -0.14552812 0.08824068 0.38559926
v 0.11412051 -0.30028394 -0.40268245
v 0.22844222 0.07525125 0.85605127
v 0.28401875 0.22279356 0.50709021
v 0.09343299 -0.18848325 -0.53522795
v -0.47946054 -0.36267909 -0.40975535
v 0.24965873 0.18469305 -0.10492347
v -0.15525530 0.03233901 0.05560001
v 0.18044855 0.22518705 -0.04273678
v -0.42027161 -0.19395235 -0.19704108
v 0.01758229 0.42114148 0.37064251
v 0.32211286 0.11421512 0.66303885
v -0.39120644 0.02456139 0.39047962
v 0.59024185 -0.13572972 -0.42647067
v 0.59968156 -0.43281275 -0.49898687
v 0.61238992 -0.38258764 -0.50834417
v 0.50854993 -0.09907782 -0.19690250
v -0.43571734 -0.26600093 -0.24347918
v 0.24283561 0.01447552 0.79765654
v 0.59031153 -0.40100008 -0.51688445
v 0.32429522 0.00962754 0.24026297
v 0.10940106 0.14276943 -0.56092405
v -0.46589413 -0.16040386 -0.19988202
v 0.16597340 -0.05888058 -0.49975905
v 0.56950432 -0.37076128 -0.48285151
v -0.31487772 0.21084857 0.66749746
v 0.17292185 -0.24677379 -0.55743116
v -0.06249640 -0.19910002 -0.29451644
v -0.05649007 -0.32289791 -0.30719000
v 0.14313379 0.21068460 0.27710080
v -0.08290175 -0.00683918 -0.56278181
v -0.16157319 -0.00445055 0.32944253
v 0.57232267 -0.05111453 -0.35783032
v -0.54783297 -0.23687764 -0.41419771
v -0.33399659 0.04748468 0.67679542
v 0.02399831 0.28461400 0.18317811
v 0.22392792 0.07098546 0.64617580
v 0.25761703 0.00853934 0.53812402
v 0.14105032 -0.30356669 -0.53064460
v 0.20823270 0.30024642 0.82888806
v -0.31287709 -0.00695151 -0.14687750
v -0.04770514 0.31067994 -0.05664155
v -0.38023460 0.14448722 0.74208468
v 0.12687913 0.32962933 -0.41278237
v -0.21525040 0.16152470 0.40590018
v -0.27631178 0.14314136 -0.30842179
v -0.09251273 0.26257798 0.13172893
v -0.15900254 -0.25106493 -0.57906109
v 0.28428146 0.02665609 -0.38262442
v -0.51887453 -0.46115679 -0.47161144
v -0.24549377 0.05545365 0.15090986
v -0.38040769 0.04240004 0.75703716
v -0.50306332 -0.29788172 -0.43240124
v -0.02504895 -0.28328678 -0.49766028
v -0.08769806 0.21990509 -0.53473502
v -0.57104331 -0.39463770 -0.46390697
v 0.26273176 0.20951898 0.49217781
v -0.08478596 -0.18996128 -0.54494387
v -0.09229182 0.26334345 0.13058105
v -0.25177813 0.20567073 -0.35101798
v 0.07879088 0.15769237 0.28433421
v -0.26600394 0.20881794 0.70505482
v 0.30040649 -0.01930130 0.26070735
v -0.47719470 -0.30080360 -0.43218258
v 0.01233387 0.30377391 -0.01668658
v -0.08706942 0.28489316 -0.00770215
v -0.35504895 -0.14400829 -0.33742729
v 0.23191549 0.27437404 -0.32482368
v 0.46100038 0.03193283 -0.20315880
v -0.60025144 -0.36325392 -0.37115502
v -0.50539929 -0.24295473 -0.42600673
v -0.01535174 0.18327135 0.25109935
v -0.50565284 -0.18805915 -0.40125880
v -0.49565825 -0.36068431 -0.24641410
v -0.49287283 -0.16772509 -0.20351288
v 0.22930080 0.16225730 0.13602224
v 0.31957236 0.14870019 0.46269456
v -0.15551873 -0.15130030 -0.12523386
v -0.26108137 0.20513627 0.85754752
v -0.06706751 0.33920628 -0.41019604
v -0.30938843 -0.15417892 -0.25916997
v 0.51988840 -0.17749678 -0.18775095
v 0.21837485 0.19514115 0.37725970
v 0.09770972 -0.28159493 -0.47015056
v 0.57293522 -0.36825341 -0.44454002
v 0.33602589 -0.08887023 -0.19112018
v -0.07785752 0.26082984 0.17260095
v 0.04731092 0.29155520 0.10510300
v 0.16533238 -0.03975573 -0.01884138
v 0.10881167 0.28916121 -0.05966963
v -0.03235546 -0.40421885 -0.24953435
v 0.23757264 -0.08586405 -0.16414899
v -0.01520834 0.21861851 0.25803608
v -0.00750452 -0.33062720 -0.43584046
v 0.21592431 0.02220639 -0.44879773
v 0.18705362 0.14484261 0.84908009
v 0.02142932 -0.13118348 -0.08068062
v -0.08082960 -0.25400022 -0.61616337
v -0.23461246 -0.04977903 -0.38749030
v -0.12752117 -0.14960767 -0.31436211
v 0.15214767 -0.23902471 -0.37355962
v -0.09503994 -0.27918693 -0.63416392
v -0.06776940 -0.30769998 -0.53847796
v 0.05562562 -0.32580936 -0.20956814
v 0.08579738 -0.14777747 -0.52519238
v -0.31793857 0.04529248 0.76140290
v -0.51367915 -0.38275471 -0.29139927
v 0.16843259 0.01284964 0.08115092
v -0.41776535 0.05553424 0.76798171
v -0.12774257 -0.30703893 -0.59945971
v -0.21820603 0.20978200 -0.12562525
v 0.24110082 0.27152476 0.85494906
v -0.13569015 -0.08805501 -0.49594665
v 0.47015586 -0.01947566 -0.18877052
v -0.35371989 0.16027626 0.47135007
v -0.27224058 0.16385618 -0.26898313
v -0.39675927 0.13205214 0.51354837
v -0.21560311 0.18732518 0.37880120
v 0.38830155 -0.05276045 0.84923273
v -0.22598463 0.04143973 -0.09885956
v 0.34511566 0.09404539 0.61439002
v 0.46199971 -0.00628739 -0.31381330
v -0.37122369 -0.02220573 -0.34594646
v 0.11507504 -0.14268990 -0.06509147
v 0.12048899 0.33838442 -0.17656323
v -0.40010259 0.08385512 0.51929373
v -0.32436219 0.15621917 0.45731112
v 0.23929861 0.06985943 0.85408473
v 0.21987335 -0.01005251 0.42989996
v -0.56380486 -0.56094831 -0.27394405
v 0.29256651 0.04423163 -0.36715299
v -0.25948039 -0.00888411 -0.35761172
v -0.49974635 -0.11783706 -0.26605916
v 0.12152445 -0.25781056 -0.59370875
v -0.07492734 -0.11677965 -0.51038492
v 0.18716659 -0.02326376 -0.03517037
v -0.29518515 0.08363415 0.16041861
v -0.24910592 0.14966534 -0.16050591
v -0.25808063 0.20282488 -0.23886770
v -0.20637195 0.02243159 0.40121648
v -0.20443301 0.15066424 0.55160767
v 0.15659888 -0.01993353 0.19364193
v 0.17454718 0.28171465 -0.43396258
v -0.42614010 0.12774883 0.80065960
v -0.21423572 -0.13853931 -0.33265716
v -0.50341606 -0.40371078 -0.33816147
v 0.34458932 0.02271855 0.78743893
v 0.24555255 -0.02653309 -0.39687154
v 0.24724528 -0.08680448 -0.19603828
v 0.17660178 0.19717529 0.74955148
v -0.25464883 0.10508475 0.13735832
v -0.04309318 0.53755903 0.39773411
v -0.01121962 -0.29666451 -0.22838928
v -0.02625220 -0.29580581 -0.47411183
v -0.23901507 0.16380340 -0.13795324
v -0.26303938 0.21770176 0.19386126
v 0.12009519 0.12813817 0.34198609
v 0.23525794 -0.01351300 -0.09602277
v -0.28015453 0.21675730 0.22025095
v 0.07692638 0.27902606 0.12984233
v 0.23239031 0.28458086 0.70895875
v -0.50358540 -0.37059489 -0.28681991
v 0.59546196 -0.27713135 -0.29333648
v -0.19971126 0.17135234 0.09075065
v 0.09852422 -0.26325998 -0.51165342
v 0.13338308 0.23304661 0.24760312
v -0.16233595 -0.01886189 0.29891485
v -0.22137177 0.16673319 0.39841947
v -0.36035055 -0.20595385 -0.32272926
v 0.54181665 -0.31695965 -0.58462083
v -0.55132413 -0.26382652 -0.22531684
v -0.38633811 0.12451985 0.64586502
v 0.08655979 0.36305410 -0.22340727
v 0.57435560 -0.23806117 -0.24465035
v 0.17908292 0.27370286 0.77537024
v 0.10963962 0.28919637 -0.48368949
v -0.09170999 -0.18838623 -0.48401842
v 0.05445569 0.12288282 0.27959010
v -0.31176201 0.09240379 -0.24788421
v -0.17761618 -0.12603493 -0.11195980
v 0.35609952 -0.00975349 0.38262057
v 0.36413965 0.08731955 0.53520364
v -0.14825724 -0.09568994 -0.43936229
v -0.34853432 0.04746440 0.67755568
v -0.16779903 0.01468625 0.34561744
v 0.33153886 0.12657589 0.19802311
v -0.36986458 -0.11724506 -0.35234720
v 0.09559355 -0.24682380 -0.30196092
v -0.50729513 -0.44991708 -0.43999553
v -0.33073491 0.20240131 0.70006275
v 0.19958423 0.21889360 -0.07549821
v 0.09717695 0.31212583 -0.46287107
v -0.24105549 0.12407561 0.84652960
v 0.12363309 0.13549854 0.34132794
v 0.34570798 -0.09504759 -0.25123385
v -0.19386163 0.12014972 0.55928242
v 0.16162963 0.14565900 0.39366764
v 0.09528286 0.34183809 -0.13486814
v 0.42790759 -0.12080093 -0.34330195
v 0.25062001 0.07085253 0.64013731
v 0.21424720 0.13214651 0.00612673
v -0.00096727 0.25161639 -0.54111129
v 0.15529755 -0.20889248 -0.58611482
v 0.26147401 -0.00238204 0.80128986
v 0.06384921 -0.02355627 0.18730141
v 0.02723580 -0.50753999 -0.27986762
v 0.41630033 -0.17463984 -0.25335279
v -0.23582770 0.23550512 0.27818221
v 0.34178084 0.12106703 0.47462627
v 0.21178418 0.26425797 0.63648349
v 0.58864981 -0.22325012 -0.24901746
v -0.28264913 0.21446848 0.21723503
v 0.16511740 0.19676910 0.57806528
v -0.35379630 0.05197960 0.23342469
v -0.08850805 -0.17503771 -0.15499222
v -0.11516009 -0.02442353 0.12824681
v -0.10133546 0.24028860 0.21315056
v -0.15677524 0.00685839 0.11124972
v -0.22386612 0.15386294 0.74954033
v -0.00381460 -0.47833675 -0.29921427
v 0.05066483 0.17905027 0.26019606
v 0.14601409 -0.23707475 -0.49735352
v 0.18444063 -0.09086724 -0.06411463
v 0.38541579 0.12876818 0.84106803
v -0.15318051 0.24299671 0.21425900
v 0.04521120 -0.36370230 -0.22873679
v -0.22825593 0.09667103 0.10326893
v 0.42139131 -0.10785510 -0.32908228
v 0.15669411 -0.16447501 -0.44368711
v -0.11652645 -0.24630161 -0.50768763
v -0.10054693 0.34581286 -0.34810114
v -0.45234752 0.07889840 0.77312195
v 0.33299020 0.10046776 -0.31556588
v 0.25279844 -0.09611446 -0.28392747
v 0.23859139 0.10304748 0.85184032
v -0.06343696 0.32772249 -0.44084513
v -0.35997730 0.19285478 0.63357162
v -0.44733280 -0.03859952 -0.31097534
v -0.29703626 0.01011203 0.60246968
v -0.00844943 0.37204546 -0.27702838
v 0.33028951 0.07138759 0.77196741
v -0.38550407 0.11250464 0.68879884
v 0.06825331 -0.32877457 -0.23280060
v 0.28960022 0.02064308 0.58487767
v 0.23334499 0.26814270 0.63016003
v 0.23649621 0.24587516 0.55958468
v -0.40446141 -0.24513701 -0.21684702
v -0.03629538 0.10387021 0.27056834
v 0.19077601 0.22926192 0.28478831
v -0.36189914 0.16703145 0.71213639
v 0.01338956 0.25761867 0.29167715
v 0.09979782 0.02750394 0.27312970
v 0.34315303 0.11131538 0.22119734
v -0.37416622 0.15405315 0.73221254
v 0.28373230 0.02683352 0.79419684
v 0.40611595 -0.11328638 -0.29037303
v 0.29285514 0.08602904 0.66803575
v -0.16065185 -0.30951661 -0.66468531
v -0.45474046 -0.00132349 0.79597586
v 0.00049088 0.45362279 0.38302726
v 0.10532305 -0.33244094 -0.36640841
v 0.33046678 0.09023291 -0.32815200
v 0.62109643 -0.24536607 -0.46557203
v 0.01834617 0.32715815 0.35580778
v 0.06136609 0.36586338 -0.20351402
v -0.33642489 0.13887523 0.39283302
v -0.07984263 -0.21702671 -0.34039110
v 0.55858231 -0.33917612 -0.46761730
v -0.01024437 -0.36739841 -0.36609221
v -0.12270760 0.26800710 -0.46995577
v 0.28302312 0.06205144 0.76837975
v 0.34012231 0.00201313 -0.33913037
v 0.05658101 -0.04736114 0.16711733
v -0.27673724 -0.12030535 -0.27979940
v 0.06075956 -0.26158190 -0.25151435
v 0.51432806 -0.04028212 -0.26333115
v -0.58739328 -0.40698838 -0.28416336
v 0.18052472 0.19281535 0.52779323
v 0.45024735 -0.15989955 -0.39569294
v 0.33642489 -0.02415968 0.49798426
v 0.02491982 -0.15333684 -0.19657837
v 0.31498584 0.13493140 0.85180902
v -0.22964060 0.17076129 0.52751696
v 0.16372854 0.05292071 0.39498767
v -0.16225991 -0.13452689 -0.10567696
v -0.50391418 -0.30419052 -0.21681543
v 0.09929804 0.30498338 -0.04859180
v -0.22679406 0.19663890 -0.11063364
v -0.32175198 0.20396599 0.70551205
v 0.12215602 0.13173939 0.34197715
v -0.26258087 0.20706223 0.71071410
v 0.24238749 0.25811896 0.85669237
v -0.38759530 0.10971925 0.62563002
v 0.16491085 0.26574993 0.85118783
v -0.13088612 -0.01207250 0.10935397
v 0.30184811 0.25265801 0.65380591
v -0.14133529 0.34428364 -0.24981581
v 0.34469873 0.01660828 0.85755098
v -0.40175274 0.01703333 -0.22112764
v -0.12471814 0.05191801 0.32596305
v 0.33619812 0.09447439 0.20948999
v 0.02735372 -0.33663338 -0.40555862
v -0.10949416 -0.24663128 -0.43258235
v -0.19092833 -0.28909537 -0.62150025
v 0.28566939 0.16873705 -0.29899117
v -0.08054335 -0.28207132 -0.50163180
v -0.57943863 -0.46451548 -0.43490300
v 0.05088338 -0.11373430 -0.04164238
v 0.36298454 0.03350693 0.84995675
v -0.21327059 0.21480650 0.80814332
v -0.29188257 0.21106699 0.63450104
v 0.15393175 0.18712333 0.61524677
v 0.04113942 0.27558288 0.29286397
v 0.23952775 0.07906733 -0.44554791
v 0.30461061 0.16403316 0.39578769
v -0.29984763 -0.02741957 0.25070071
v 0.39470163 0.06698874 -0.16689017
v -0.16065502 -0.11283469 -0.40860888
v -0.23996887 -0.01238374 0.40198958
v 0.15379351 -0.31432328 -0.55655813
v 0.04824052 0.34624153 0.28883508
v 0.19004218 0.14133635 0.43556365
v -0.38148069 0.04923929 -0.25413850
v -0.09202568 0.02405389 -0.56262934
v -0.44196475 -0.26223224 -0.20144111
v -0.15498213 0.22336411 0.08976933
v -0.58708811 -0.18716338 -0.36046574
v -0.17945491 0.07425997 0.01769828
v -0.17969047 0.27304587 -0.10647983
v 0.30501437 0.12847757 0.71091282
v 0.04128284 0.32337162 -0.10380522
v -0.31332830 -0.02024726 0.52160496
v 0.06114491 -0.15223593 -0.20698093
v -0.29981476 0.02383607 0.65195447
v -0.21415108 -0.04810209 -0.11558505
v 0.16232595 0.27510330 0.79842615
v 0.16081655 0.29087782 -0.09183805
v -0.39044657 0.03610938 -0.26046363
v -0.05474085 -0.23871028 -0.30493814
v -0.19107158 0.23836099 0.22694464
v -0.45469931 -0.28273222 -0.42625022
v -0.14061990 -0.17601380 -0.40887618
v -0.48547202 0.04561764 0.79885596
v -0.22081412 0.22715998 -0.37568429
v -0.07348271 0.35944974 -0.34142551
v -0.16058798 0.29062024 -0.39037547
v 0.39349341 0.10429122 0.81660223
v -0.33160645 0.21009484 0.81046224
v -0.14025781 -0.18801293 -0.38661295
v 0.07006946 -0.16522965 -0.11880594
v -0.05995510 -0.17355868 -0.13770381
v -0.14820136 0.30166140 -0.39220709
v 0.04782139 -0.31396559 -0.45377323
v 0.02848199 0.15374333 -0.58631408
v 0.65044194 -0.35234007 -0.38050511
v 0.62462568 -0.18661858 -0.41125464
v -0.01631872 0.51920462 0.34005928
v 0.11131025 -0.37606820 -0.29516482
v 0.02720798 -0.01953258 0.23887600
v 0.14920679 -0.14936855 -0.45532361
v 0.13063997 -0.15396340 -0.34043795
v -0.14759558 0.33828375 -0.23781566
v -0.35226449 0.19884276 0.58513147
v 0.02535707 -0.29089758 -0.21626489
v 0.25666544 -0.01378109 0.21111019
v 0.52172559 -0.26861119 -0.30576855
v -0.04674445 0.16776104 0.26373300
v 0.24595894 0.19086446 -0.11278756
v 0.30710372 0.23488551 0.53600687
v -0.60155565 -0.20003618 -0.34250799
v 0.17450806 0.26090336 -0.07546320
v -0.41011891 -0.25459194 -0.23783848
v -0.36574531 -0.16957392 -0.20572263
v 0.22249441 0.10922492 0.07854553
v 0.00172808 0.16715956 0.24938433
v 0.10684894 0.35512865 -0.35632288
v 0.03186407 0.29257897 0.20461531
v 0.36231923 -0.00749012 0.44034067
v -0.01854569 -0.19017962 -0.55058002
v -0.31433886 0.07529777 -0.29987600
v -0.04943310 -0.34918338 -0.28275403
v -0.47733301 -0.34399855 -0.25561771
v -0.54258698 -0.49306509 -0.32672712
v -0.16750439 0.18826869 -0.04252164
v 0.29467109 0.01539803 0.20055459
v -0.37667605 0.05759725 0.28783166
v -0.00965338 0.36941436 -0.21080501
v -0.19543171 0.12373926 0.54458582
v 0.06480820 -0.00834172 -0.57865310
v 0.06702363 -0.42696935 -0.24367538
v 0.03086571 0.14511836 -0.58311409
v 0.20799910 0.16114342 -0.04435837
v 0.39347908 -0.00961334 -0.13971570
v -0.58287400 -0.34271842 -0.30910224
v -0.26891825 0.06875642 0.73134989
v -0.29560807 -0.13128144 -0.30141076
v -0.22636296 0.18264855 0.64539564
v -0.03649678 -0.22701438 -0.55395055
v -0.12310512 -0.11543889 -0.46390662
v -0.60104454 -0.45822710 -0.37831050
v 0.34961215 0.06262513 0.80564272
v -0.09184797 0.33706978 -0.14042905
v -0.19636095 0.10293774 0.06331317
v 0.39655077 -0.04609764 0.84770823
v -0.19762880 0.04663286 0.52319574
v -0.31248796 -0.00262029 0.81634969
v -0.04861808 -0.15789631 -0.18838038
v -0.10290623 0.34604254 -0.34594151
v -0.60413301 -0.39881411 -0.35802379
v 0.15641978 -0.09668221 -0.03496792
v -0.24780817 -0.01098202 0.41270208
v -0.33403999 0.02642979 0.63505644
v 0.51688969 -0.25942576 -0.32570708
v 0.19499770 0.25750929 0.64803857
v 0.27120838 -0.01080794 0.22499122
v -0.03639318 -0.04817328 0.16940622
v -0.20118241 0.10318263 -0.47101942
v -0.40941525 -0.26102626 -0.32963833
v -0.38298020 0.13990659 0.66819340
v 0.19518007 0.02846234 -0.02950833
v 0.02218780 0.32699490 -0.10855405
v -0.47733277 -0.35856590 -0.42096099
v 0.08739139 0.36056903 -0.21321417
v 0.09068593 0.15715376 0.28775921
v 0.58473009 -0.04875221 -0.30390853
v -0.46396849 -0.09380344 -0.21349421
v -0.26555794 0.20717607 0.33124116
v -0.33256641 -0.10727173 -0.16253939
v 0.33800727 0.12246883 0.64667755
v 0.29020706 0.25491869 0.60373145
v -0.44793069 -0.27659383 -0.20719112
v 0.14981030 0.12260234 0.61417931
v 0.04494551 0.27904728 0.15978201
v -0.24831520 0.00121823 -0.13797951
v 0.07992477 0.31399232 -0.04168665
v 0.15883911 -0.21716169 -0.60035938
v -0.47878218 -0.20339844 -0.41264907
v 0.22086816 0.13560955 0.08463326
v 0.29451853 -0.03239712 0.28415832
v -0.03444907 0.26908469 0.23654005
v 0.11053111 -0.06592332 0.02177660
v -0.46966851 -0.04288324 -0.27737606
v 0.03437283 -0.50740713 -0.29416046
v 0.00199241 0.20568261 0.26093897
v 0.36448041 0.11206276 0.32035965
v -0.17320178 0.27953309 -0.10547936
v -0.12224124 -0.01044739 0.06495524
v 0.07822992 0.17295015 0.28069374
v -0.03957984 0.13954660 0.27197650
v -0.37241432 0.16162364 0.48939598
v 0.36610577 0.02566630 0.81698394
v 0.18872830 0.11575896 0.47657505
v 0.65601343 -0.28993165 -0.39283744
v 0.58509445 -0.34490946 -0.54998982
v 0.07387495 -0.03442401 0.16146712
v 0.10355237 0.09677622 0.31426221
v -0.21523380 -0.10626956 -0.17061105
v 0.26581427 0.02130508 0.78719729
v 0.20926023 -0.00041759 -0.44761479
v 0.08731920 -0.43105021 -0.25994736
v -0.59537482 -0.32187864 -0.30346686
v 0.11526588 0.19141509 0.28278375
v -0.26771644 0.10303535 -0.18250328
v 0.32122862 0.13386305 0.85239249
v -0.39710772 0.00342368 0.39304012
v -0.08032387 0.12635720 0.31628230
v 0.22172680 -0.24269357 -0.58063763
v 0.32160702 0.12966977 -0.21215646
v 0.01780901 0.26436028 0.29818565
v -0.56614929 -0.36328048 -0.28642082
v 0.25379682 0.01164542 0.55178237
v 0.38177261 0.10157892 -0.21855742
v 0.32130396 0.23204900 0.66549850
v 0.22708470 0.00418913 0.46249837
v 0.33804026 -0.01561620 0.50712794
v -0.43506914 -0.14372420 -0.19553101
v -0.13158228 0.26581705 -0.03955790
v -0.23357715 0.01577565 0.48860726
v 0.30439132 -0.04645971 0.34442937
v 0.56959760 -0.36864683 -0.46142751
v 0.14711294 0.05386217 -0.54676425
v -0.06382226 -0.33226946 -0.30584139
v -0.52380317 -0.28877363 -0.21506432
v 0.42294198 0.02451100 -0.16374910
v 0.10735704 0.00703856 0.26029250
v 0.17220071 0.23268016 0.06405436
v 0.16165046 0.08857686 0.60255104
v -0.03632638 -0.08617696 0.03634791
v 0.25828135 -0.03924308 -0.36139825
v -0.15186386 -0.31490251 -0.62181515
v -0.28504515 0.21372417 0.69532102
v -0.31955883 0.01540569 0.78107202
v 0.21421301 0.27459908 0.71960622
v 0.11907819 0.35168663 -0.27403948
v 0.12191296 -0.28528547 -0.41445300
v -0.01312895 0.41984266 0.37170586
v 0.41700563 -0.02860360 -0.14375038
v 0.00958139 0.36646610 -0.35905865
v -0.42639068 0.04552626 0.77482170
v -0.26144060 -0.05182954 -0.15883240
v -0.49121836 -0.22727744 -0.42252389
v 0.16025768 -0.19424264 -0.51457524
v 0.08644377 0.34467220 -0.38934043
v -0.14424297 0.14260896 -0.52356267
v -0.24914463 0.22593366 -0.32795423
v 0.14198050 -0.02290758 0.17756781
v 0.63285977 -0.19841123 -0.29065010
v -0.13677773 -0.06838908 -0.50814182
v -0.08779026 0.24482056 -0.52070248
v -0.45195258 -0.01444508 0.78944468
v -0.39799836 0.09071247 0.55968738
v -0.31146660 -0.05791811 -0.35161680
v -0.06051161 -0.16441917 -0.08911584
v 0.35754624 0.04862705 0.44854835
v -0.05092575 0.30781475 -0.01797629
v 0.51557237 -0.24827237 -0.42861965
v -0.26857352 0.23626409 0.81004316
v -0.35756129 0.12792155 0.26181713
v -0.00320616 0.24469969 -0.54173285
v 0.24119481 -0.08704285 -0.18693031
v 0.35658604 0.04011264 0.49117425
v 0.24032268 0.22051902 -0.39612940
v -0.46897593 -0.02767377 0.80120438
v 0.35831571 0.06132314 -0.14654370
v 0.14152366 -0.24292590 -0.44438955
v -0.13548356 0.28624725 -0.09325550
v -0.38347724 0.15774867 0.66124189
v -0.20393570 0.28375244 -0.32199872
v 0.05254958 -0.43397671 -0.32484508
v 0.07895561 0.15418643 0.28494111
v 0.16348486 0.17479135 0.54895413
v -0.07186022 -0.30976090 -0.41343868
v -0.44072771 -0.31710899 -0.33587232
v 0.22391091 0.14550498 -0.06737857
v -0.46277940 -0.08062758 -0.21659857
v 0.55086499 -0.06003834 -0.36190939
v -0.19337191 0.04367634 0.55505782
v 0.30845386 0.21814519 0.73371643
v -0.00585772 -0.47376910 -0.26377958
v -0.12226691 0.25269213 -0.48497504
v 0.18236142 0.17539492 0.74508625
v 0.61027193 -0.23660725 -0.48312172
v -0.18696280 0.08277077 0.42080340
v -0.24291058 0.09475979 0.12628311
v -0.21971008 -0.01860805 -0.10186594
v -0.58103091 -0.40088978 -0.28069326
v -0.22252013 0.06682341 0.45592180
v 0.35886413 0.11102209 -0.28534567
v -0.20433383 -0.02317523 0.22043990
v 0.41214320 -0.05447744 -0.31321603
v -0.21444382 -0.13368601 -0.25289857
v 0.22808699 0.06993586 -0.44772494
v -0.23182897 0.16260351 -0.42236248
v -0.29022262 -0.05297250 -0.15069601
v 0.33856115 -0.01822879 -0.13724017
v -0.02994577 -0.13576615 -0.06232046
v -0.09229896 0.13629292 -0.55949819
v 0.54753858 -0.36804652 -0.56587285
v -0.35139450 0.05581731 0.68691790
v -0.22352907 0.23662750 0.24445662
v 0.45784745 -0.02769470 -0.16354088
v 0.22923335 -0.02654906 0.40403369
v 0.19668789 -0.22485363 -0.60960990
v -0.02280727 0.02995048 -0.58945996
v 0.57398695 -0.05137211 -0.27048859
v -0.48923782 0.02752097 0.80463034
v -0.30132893 -0.03349224 -0.35255179
v -0.44170737 -0.13840595 -0.37183729
v -0.25377944 0.00258701 0.58516425
v 0.35064182 0.11745669 -0.20416351
v -0.36479190 0.01846422 0.26503778
v 0.20635584 0.18738213 -0.48635763
v 0.34590372 0.20655127 0.58263510
v -0.08289012 -0.04578536 0.03089003
v -0.03172452 0.20901513 -0.55692279
v 0.28384456 -0.05207811 0.84169626
v 0.27951381 0.24528693 0.79687810
v 0.51022696 -0.23500349 -0.43684572
v 0.18951419 0.13698919 0.84801698
v -0.04287500 0.19122189 0.24436580
v -0.20364085 -0.07291405 -0.10399074
v -0.16764210 0.00817843 -0.02718430
v 0.00793230 -0.17509510 -0.22459847
v 0.11933729 -0.29436427 -0.41040313
v -0.30744413 0.02055464 0.79770207
v 0.56616902 -0.07465550 -0.37649906
v 0.00641052 -0.00280190 0.25985742
v 0.01130959 -0.14272834 -0.13421705
v 0.41226989 -0.17534837 -0.27357057
v 0.05972686 -0.23790543 -0.24627316
v 0.20822556 -0.10210263 -0.10567708
v -0.35359716 -0.14977069 -0.33540371
v 0.04653591 0.17304599 -0.57787830
v 0.09550309 -0.43305579 -0.29860643
v -0.57029206 -0.36099193 -0.28834093
v 0.23602751 0.27281561 0.74939984
v -0.29153684 -0.04197386 0.38797486
v 0.10858933 0.29905245 -0.47228765
v 0.52663970 -0.30360889 -0.51114565
v 0.56798869 -0.04505612 -0.34954107
v 0.28985074 0.03126672 0.85329461
v -0.03711784 0.04019245 0.25034159
v 0.03382747 0.29648408 0.33050999
v 0.36456412 0.07113372 0.40352193
v 0.22718263 0.27487800 0.74437445
v -0.38953072 0.10797521 0.60849333
v -0.23321979 -0.00331217 0.18895943
v -0.10794644 -0.24998136 -0.53422678
v 0.19572023 0.17367727 0.85105437
v -0.38088253 0.04479001 0.61201924
v -0.58361524 -0.31109846 -0.38684592
v 0.39412409 -0.10364644 -0.16129424
v 0.56114739 -0.11765715 -0.20819266
v -0.25586614 -0.02331096 0.21561407
v -0.51178384 -0.12170594 -0.27906993
v 0.14928371 0.22302528 0.82355434
v -0.01668759 0.29940867 0.05178419
v 0.09680329 0.05848379 0.28918469
v -0.57959735 -0.27026165 -0.39772791
v -0.28436720 0.10299267 -0.28884676
v 0.01446461 -0.22483520 -0.23313539
v -0.20553038 0.01483817 -0.43458039
v -0.38735780 0.05194351 0.37699020
v 0.65660655 -0.17603113 -0.31648332
v 0.31548706 -0.01721947 0.27857861
v 0.34984517 0.08645238 -0.32039535
v -0.48905051 -0.28824723 -0.43429446
v 0.04082021 0.30715999 -0.06169946
v 0.00487906 0.52863157 0.40226626
v -0.19364923 0.17591374 0.38434282
v 0.05558594 -0.15317748 -0.20405817
v -0.40699357 -0.05991387 0.84708244
v 0.30928645 -0.06856125 -0.30075833
v -0.14425910 -0.02156452 -0.49872896
v -0.41890261 -0.28438085 -0.36179915
v -0.39844072 0.04686062 0.44636363
v 0.17522226 0.06783155 0.42886314
v -0.48757237 -0.21558724 -0.41423935
v 0.18132804 0.06224056 0.59144515
v -0.05115282 -0.04320030 -0.58346164
v -0.44033551 -0.03300366 0.84956878
v -0.21706454 0.08805940 0.69176441
v -0.05836448 -0.24470484 -0.58916688
v -0.36529398 0.06856962 0.26262763
v -0.16443421 0.15479204 0.37901229
v -0.49148360 0.01890481 0.83363914
v 0.19341485 0.24048887 0.59694040
v 0.10896008 -0.33708552 -0.39568409
v -0.04523545 -0.23122279 -0.28039518
v -0.20978183 0.03664793 0.59805119
v 0.05698186 -0.14205661 -0.06658288
v -0.09670568 0.33582413 -0.14745481
v 0.20000528 0.05949896 0.61249989
v 0.23183241 0.27510294 0.73478884
v 0.14445096 -0.21244848 -0.58946794
v -0.24345371 0.19176276 0.36933848
v 0.03145340 0.36571908 -0.21261026
v -0.41785464 -0.27421921 -0.30267754
v -0.41312474 -0.25786972 -0.27964267
v -0.35629278 -0.05316462 0.40282404
v 0.34235767 0.15563527 0.32684010
v 0.13017933 -0.03282283 0.02856614
v -0.49788696 -0.36485258 -0.27889100
v 0.04151221 -0.42154381 -0.23655051
v -0.01718542 0.12333570 -0.59331614
v 0.00086464 -0.04540878 0.20840092
v 0.37732780 0.05532799 0.33105147
v 0.21088332 -0.11072990 -0.11915119
v -0.57941085 -0.32026958 -0.26344201
v -0.25274083 -0.01838792 -0.37160540
v -0.37945127 -0.24753377 -0.32712027
v 0.22614646 -0.11119761 -0.22506163
v -0.60890186 -0.45176244 -0.32543483
v -0.26809061 -0.11692032 -0.27616456
v -0.40818492 -0.04751641 -0.17940289
v 0.29439223 0.22798647 0.80188239
v -0.16542199 0.07503548 0.38635218
v -0.23536596 -0.00072406 -0.41860935
v -0.47178870 -0.00185710 0.83119535
v -0.41371882 0.12147354 0.77137351
v -0.32453758 0.21191572 0.78745395
v 0.38218766 -0.11515446 -0.21533938
v 0.63117343 -0.26326221 -0.33706871
v -0.02924316 0.42829004 0.36032692
v 0.17862706 0.01768978 0.00683643
v 0.15238984 -0.23104748 -0.37570894
v 0.20437469 0.04441953 0.57895321
v 0.22476684 0.03457257 0.11886189
v 0.02206849 -0.45883453 -0.32186544
v -0.07973451 -0.28997931 -0.44515845
v 0.21906425 0.05172304 0.60253364
v 0.19572748 0.21902630 0.84931123
v 0.26224151 0.14415912 -0.42037964
v -0.21538095 0.16782370 0.66517246
v -0.54004914 -0.51634717 -0.35617304
v 0.19001214 0.15660840 0.75560647
v 0.16525331 -0.02277523 0.28289494
v 0.55397701 -0.27750912 -0.26961046
v 0.17077118 0.03747073 0.39234176
v -0.32446775 -0.01537758 -0.14960514
v -0.31902066 0.05625298 0.19004630
v -0.24351519 0.16340175 -0.14436105
v 0.18986560 -0.30193329 -0.61249053
v -0.30560318 0.22159213 0.78386289
v 0.09875479 -0.15978749 -0.09281243
v 0.60228604 -0.37421036 -0.51122862
v 0.48047408 -0.08632953 -0.37808526
v -0.51116544 -0.43033034 -0.35176840
v 0.17734730 0.14757659 0.50409448
v 0.14911525 -0.01458138 0.12390793
v -0.48604375 -0.37928289 -0.43901402
v 0.20342599 -0.09723044 -0.39200497
v -0.15387212 -0.01516538 0.18223460
v 0.08126210 -0.00903832 -0.57811821
v 0.23279667 -0.04440844 0.32499951
v -0.26403993 0.21169764 0.85788059
v -0.36757383 0.05332021 0.63984507
v -0.24392344 0.19884524 0.63306284
v -0.38067749 -0.06023674 -0.34928244
v 0.13372874 0.04624595 -0.55652893
v 0.26468277 -0.02872618 0.83726007
v -0.40706238 0.08366971 0.84893334
v 0.31277996 0.19461419 0.49566525
v -0.50155681 -0.41169524 -0.48284891
v -0.03639091 0.21796331 -0.54960233
v -0.04816553 -0.13055478 -0.53801727
v -0.55282003 -0.23434632 -0.22561871
v 0.24151741 0.01000198 0.81855935
v -0.58066142 -0.38526127 -0.28667334
v 0.05956684 -0.03134609 0.17720573
v -0.12737748 0.06938110 -0.54488146
v 0.34234053 0.05449039 0.22521871
v 0.33680212 0.15983109 0.26573882
v -0.14880654 0.33672225 -0.27782807
v 0.05928845 -0.36765903 -0.36519611
v 0.16580196 0.00618168 0.08939006
v -0.30558330 0.17764813 0.47991800
v -0.37604737 0.14569575 0.85420519
v 0.16747102 0.17409633 0.83849859
v -0.11955012 0.22430849 -0.51106203
v 0.20551780 0.29652044 -0.21125737
v -0.41402686 -0.08080539 0.84113640
v -0.40338886 -0.26516902 -0.38604006
v -0.07497585 -0.16604352 -0.09365359
v -0.18405406 0.28025657 -0.16473520
v -0.11970299 0.28154123 -0.03562593
v -0.06419275 -0.17104009 -0.11745557
v 0.59048212 -0.35992390 -0.53049356
v -0.55049300 -0.56385791 -0.27903485
v 0.32300061 0.07867936 0.76696980
v 0.15801533 0.10604700 -0.54246473
v 0.12598942 0.04481538 0.32317922
v -0.29022318 0.23290439 0.80645788
v -0.25382301 0.09766267 -0.13146673
v 0.28578910 -0.05711351 -0.32419682
v 0.22678801 -0.10670187 -0.24500434
v 0.23118724 0.02269427 0.85067791
v -0.20857361 -0.12386763 -0.19509709
v 0.08163440 0.28588006 0.11235762
v -0.09739367 0.34007683 -0.15780474
v -0.23422292 0.02735629 0.62818235
v 0.63348192 -0.17151305 -0.39513963
v 0.11054751 -0.28609917 -0.54727727
v 0.01305275 0.29753685 0.05836748
v -0.60351378 -0.48258212 -0.30505386
v 0.38095972 0.13469866 0.84511483
v 0.47930378 -0.15315494 -0.42365959
v -0.14423335 0.23386322 0.26318538
v 0.36613348 0.04675527 -0.14486754
v -0.23890463 -0.00689135 0.40907896
v 0.64492929 -0.34478495 -0.46353814
v 0.20576076 0.00157547 -0.45063624
v 0.26172459 0.10318182 0.74656898
v 0.45107564 -0.18839204 -0.40625095
v 0.01484339 -0.44762334 -0.25033826
v -0.00518318 0.37910166 0.28968808
v 0.31514949 0.17657234 0.74052364
v -0.38056341 0.04722191 0.29722869
v 0.18100059 0.32540488 -0.31819174
v -0.05155821 -0.04241803 0.14661287
v 0.32085153 0.15868351 0.76214981
v 0.01186560 0.38076752 0.28705034
v 0.47573999 -0.00322285 -0.20127861
v -0.29984152 -0.01831888 -0.35053930
v -0.14670126 0.11756152 0.37928504
v 0.10266642 0.01733101 0.26838320
v 0.32163668 0.14063475 0.76203465
v 0.59050435 -0.31166312 -0.34724334
v 0.20950466 0.10531415 -0.01236721
v 0.65906888 -0.33618563 -0.42107847
v -0.27119762 0.21424842 0.19716597
v 0.19352494 0.30193362 0.84085530
v 0.10724086 -0.23839293 -0.57260311
v 0.20819174 0.29729503 -0.32161954
v 0.04323339 -0.10886130 0.01806768
v 0.27428588 0.23959234 0.83964705
v -0.03127871 -0.16718847 -0.14499240
v -0.33053768 0.04315260 0.21050015
v 0.56000853 -0.30567795 -0.38394141
v 0.01749143 0.50721931 0.37231189
v 0.01336115 -0.16360381 -0.21765982
v -0.48779619 -0.15068422 -0.20894507
v 0.53023905 -0.26451877 -0.39871854
v 0.29402545 -0.05080938 -0.15467553
v 0.47156653 -0.20323545 -0.30878326
v -0.25602663 -0.04382677 -0.36274317
v 0.56633139 -0.45986125 -0.50289845
v 0.05485151 -0.14954403 -0.53880036
v 0.62371135 -0.19367158 -0.41292277
v 0.47455117 -0.20690300 -0.27323359
v 0.21750659 0.20602094 0.17313707
v -0.58954924 -0.40730059 -0.28528956
v 0.45300043 -0.10739210 -0.37207824
v 0.21676707 0.17146398 -0.47998640
v 0.19078493 0.17109352 0.50104856
v -0.03332674 0.26004991 0.25439513
v 0.35690093 0.04836794 0.48176706
v 0.55941719 -0.44114843 -0.49746808
v 0.19195901 0.03257406 0.08430552
v -0.43741933 -0.01163094 0.85223228
v -0.17520911 0.17271653 0.00465105
v -0.30590639 0.05579226 0.71767223
v -0.18007354 -0.07571988 -0.41731167
v 0.63728094 -0.29996341 -0.36181530
v -0.55264628 -0.47210407 -0.45549244
v -0.09540243 -0.02279993 -0.55419075
v 0.19703609 -0.11915155 -0.30914873
v -0.01413029 -0.46827659 -0.26374179
v -0.16365439 0.10868461 -0.50340438
v 0.24244401 0.01185234 0.16857044
v 0.19098602 -0.01249147 0.38247496
v 0.13410012 -0.05359518 -0.00638527
v -0.25654820 0.06087721 -0.40742722
v -0.14670263 -0.01510104 0.18646699
v -0.41831532 0.00355772 -0.24459051
v -0.10436736 0.35428983 -0.24681114
v -0.33283934 0.17334680 0.30410784
v 0.04691376 0.32404912 0.32376739
v 0.19635251 0.15071289 0.48158088
v -0.27948639 0.14360042 0.43688029
v -0.25114700 -0.01472289 -0.37733200
v -0.14265707 0.24514826 0.04751660
v 0.17998536 -0.01549187 0.16218555
v -0.48485440 -0.25206262 -0.19778134
v -0.39062780 -0.22503477 -0.37995896
v -0.13468020 0.00625811 0.04202962
v -0.25797582 0.20017448 0.85667604
v 0.01618887 -0.22898003 -0.23354568
v 0.07442353 0.33248481 -0.44534612
v 0.33224955 0.03939405 0.57164717
v 0.25333777 0.08085318 0.65592062
v -0.38078237 0.07983276 0.66277874
v 0.19089971 -0.15932268 -0.36696443
v -0.37385076 0.17030840 0.68802136
v -0.12364264 -0.12119776 -0.45590395
v -0.11643773 0.04531581 0.31082124
v -0.38390651 0.02196045 -0.19523135
v 0.18910253 0.30176508 0.81607968
v -0.09644436 0.11395040 0.33930862
v -0.33134863 -0.00443301 -0.15196566
v -0.19916475 0.16766852 0.06827803
v -0.28608006 0.05706937 0.76943910
v 0.03238826 0.34945774 0.27328864
v -0.07057428 0.34993511 -0.15727292
v 0.12199584 -0.16115050 -0.18932690
v 0.11738469 0.11776343 0.33478853
v -0.44497493 -0.05151556 -0.20074068
v -0.03422616 0.44583040 0.33299893
v 0.24240129 0.10267847 0.11275262
v -0.14310394 -0.27170175 -0.65722936
v 0.08441355 0.20504668 0.25970116
v -0.56984061 -0.44899294 -0.27339157
v -0.46552122 0.09674106 0.85760731
v 0.36616123 -0.10075883 -0.18973611
v -0.03408113 0.36141649 -0.36549991
v -0.09620713 0.02909551 -0.56109160
v 0.03629753 -0.20373094 -0.53845412
v -0.37651724 -0.03886684 0.44819948
v -0.22953387 0.12186228 0.74025124
v 0.38312101 -0.01018842 -0.13934325
v 0.36037838 0.00248552 0.49950504
v -0.14358982 0.23887566 -0.04279944
v -0.20653899 0.22394568 0.17842601
v -0.04399607 -0.35706899 -0.41582119
v -0.05317077 0.36650196 -0.27311161
v -0.15324362 -0.14881529 -0.25909331
v 0.12361679 -0.01820076 0.07981995
v 0.01373870 0.37072462 -0.19553614
v 0.04595461 0.06009171 -0.59478128
v 0.61563081 -0.18198545 -0.42142108
v -0.02300006 -0.04063901 0.20756023
v -0.13853504 0.34080824 -0.30720830
v 0.05946405 0.24368587 -0.54103327
v -0.39436463 0.02812321 0.40080747
v -0.28101796 0.13377728 0.14484453
v -0.15848926 0.01933778 0.33937564
v 0.18140982 0.11689574 0.67949474
v 0.54815292 -0.31643796 -0.58043659
v 0.49417564 -0.21188179 -0.44287789
v 0.16321005 0.22774592 0.77537990
v 0.33218592 0.01197807 0.79465026
v -0.01406504 -0.04924158 -0.58087277
v -0.21462508 0.10676615 0.70836329
v 0.16353302 0.30470619 -0.41683641
v 0.17363013 0.29236174 0.84259242
v 0.22265510 0.09378916 0.77045459
v -0.09450053 0.18468697 0.29641476
v -0.35959530 0.08187788 0.84854609
v 0.13354415 -0.00831209 0.26711240
v 0.15533024 0.30864963 -0.41999984
v 0.47603935 0.00960183 -0.29256037
v -0.11936300 -0.32973763 -0.61417150
v -0.02233479 0.54071248 0.36207056
v 0.27045277 0.20366074 -0.22983465
v -0.52588195 -0.14073116 -0.36703104
v 0.28383702 0.07360116 -0.14220977
v 0.41711113 -0.17823943 -0.25294158
v 0.06416370 -0.06383108 0.11678673
v -0.37485242 0.09194042 0.73685032
v 0.23572730 0.27985796 0.85310030
v 0.19154467 -0.01254851 0.38336599
v -0.23645845 0.24518368 -0.28901106
v 0.27613923 0.13927323 -0.39546198
v 0.05013375 0.05746969 0.27152082
v -0.23797770 0.13459016 0.11400556
v -0.51023364 -0.47214374 -0.40642756
v -0.14353983 -0.28901577 -0.66153437
v 0.09372131 0.32474244 -0.10840447
v 0.14895697 -0.25426680 -0.36162558
v -0.39301813 0.00111138 0.38143465
v 0.55691785 -0.39501297 -0.53999120
v -0.53792924 -0.50770772 -0.37975591
v -0.38115308 -0.07071218 0.85195720
v 0.58503926 -0.36854097 -0.42080095
v 0.23031290 0.28624335 0.69872344
v -0.44636407 -0.10375055 -0.18958172
v -0.01844927 0.31398234 -0.48508108
v -0.28952292 0.04783046 0.79242307
v -0.18682204 0.06918436 0.59255970
v -0.10390873 -0.18333896 -0.35533226
v 0.14494941 0.24168202 0.11193930
v -0.15874723 -0.01360296 0.16019709
v -0.48092565 -0.17586790 -0.39784300
v -0.18363807 -0.32408598 -0.64010626
v -0.10024817 -0.16691492 -0.34790808
v -0.43160176 -0.03500860 0.81749457
v -0.42515156 -0.01929901 0.79962981
v -0.38193697 -0.09244259 0.82877636
v -0.04638615 0.18846469 -0.56704974
v 0.30843291 0.23894180 0.55566478
v 0.32261115 0.14872220 0.20151883
v -0.12499240 0.26670378 -0.01642309
v 0.31289199 0.08100860 0.17771868
v -0.22267447 0.23719019 0.25140578
v -0.43095911 -0.12757309 -0.35523263
v -0.31428444 0.17463480 0.84837729
v 0.09896234 -0.32020703 -0.29174405
v 0.59434736 -0.10670775 -0.23334688
v 0.64124000 -0.18361734 -0.38000068
v 0.19389747 0.21874745 0.31542331
v 0.17730151 -0.09598280 -0.05878536
v -0.52753276 -0.46522683 -0.45699108
v -0.22076178 0.23151794 0.19822724
v -0.13977958 0.03374244 0.33245549
v -0.39263296 0.14150892 0.50953621
v 0.14787988 0.00721914 0.33110726
v 0.16748835 0.20736609 0.85302138
v 0.18309562 0.10697330 -0.52251363
v -0.04492746 -0.12521543 -0.04773639
v 0.18079102 0.22905590 -0.48088619
v -0.11442399 -0.25069970 -0.40473965
v -0.18484257 0.24250673 -0.41245663
v 0.01943270 0.41178852 0.30430812
v 0.40325704 0.00511643 -0.32142356
v -0.37215987 0.03293943 0.76247782
v -0.30603874 -0.04374735 0.29596832
v 0.20797163 -0.30886719 -0.62802631
v 0.16960825 -0.16770260 -0.40417382
v 0.18075998 0.04483739 0.04385339
v -0.09778459 -0.23172478 -0.48055398
v 0.16582961 -0.20137180 -0.56012845
v 0.35960889 0.09437703 0.53976876
v -0.28689763 -0.12222688 -0.20180027
v -0.08442994 -0.16116935 -0.08300634
v 0.01339904 0.05615650 0.25696129
v 0.12553009 -0.15764892 -0.30942482
v -0.00040628 -0.06904483 -0.59144694
v 0.19484827 0.26019895 0.65738553
v -0.33938193 -0.01828486 0.78517622
v -0.15483369 -0.33575442 -0.63440132
v 0.24968238 0.05863700 0.62251592
v 0.55735284 -0.18970938 -0.20612498
v -0.27926540 0.05733239 0.82468975
v 0.32285169 -0.03015878 0.32185033
v -0.08822484 -0.32637084 -0.57134598
v -0.20885967 0.13000177 0.70989156
v -0.33738229 0.04870601 -0.17133793
v -0.32420170 0.20963812 0.55369103
v 0.26160270 0.10440402 -0.10025742
v 0.08854956 -0.28759888 -0.26956573
v 0.14953467 0.22786361 0.82784128
v 0.15341778 0.31338859 -0.41398704
v 0.18216716 0.17549536 0.73739773
v 0.19821556 -0.12036700 -0.11397909
v -0.13975833 0.19612680 -0.51205432
v 0.64964569 -0.19539694 -0.31471455
v -0.22776385 0.12966098 0.43267483
v -0.51588809 -0.58381605 -0.35369456
v -0.17769094 0.01390064 0.10782108
v 0.20444295 0.21271750 0.16221957
v -0.17560025 0.27213317 -0.40396684
v 0.13792610 -0.22285277 -0.35029963
v -0.45580447 -0.26547846 -0.19946361
v -0.14485425 0.13977185 -0.52376717
v 0.12710592 -0.02381966 0.20093237
v 0.42634287 -0.17109942 -0.21956487
v -0.01087782 -0.25371242 -0.51624626
v 0.11746385 -0.02779643 -0.55572200
v -0.22337916 0.08276106 -0.09497910
v 0.22868465 0.02799997 0.52038717
v -0.25380996 -0.08409440 -0.17446618
v 0.46599579 -0.02700476 -0.17977710
v -0.23875393 -0.04037221 0.33920562
v 0.28520983 0.12787224 0.73157305
v 0.04337587 -0.38150820 -0.35713357
v 0.27985686 0.27090830 0.70203114
v 0.14775796 0.33689868 -0.36299041
v 0.24646375 0.22769113 0.23524201
v 0.13592982 -0.17748553 -0.48769492
v 0.25659919 0.01940041 0.57031840
v 0.24406789 0.11332539 0.74329966
v -0.35016733 -0.07533468 -0.15813357
v -0.00980782 0.46270832 0.31690651
v -0.03140852 0.29188702 0.10620365
v -0.02650640 -0.15371844 -0.21210445
v -0.05224188 0.22394048 -0.54058039
v -0.36907893 -0.03932434 -0.34892234
v -0.06883536 0.02518204 0.24726227
v -0.08398746 -0.31028187 -0.33774978
v 0.27415636 0.24799176 0.80720621
v -0.21088359 -0.08257376 -0.12523951
v 0.09899504 -0.17440912 -0.28069395
v 0.33831316 -0.01741236 0.83858532
v -0.09306291 0.19338496 -0.54594982
v -0.16584006 -0.00886004 0.14982782
v 0.21320023 0.29990366 0.84631616
v -0.26545954 0.03374727 -0.35725024
v 0.19954391 0.26739183 0.68515480
v -0.20153762 -0.01129411 0.36833769
v 0.34341809 0.20766141 0.54354179
v -0.11455145 -0.05597017 -0.52722597
v 0.36390981 0.04429672 0.41128084
v 0.13923840 0.21453817 0.27151453
v 0.24526849 -0.05287604 -0.13373964
v 0.03284447 -0.29767275 -0.46619612
v -0.07112318 0.25825632 -0.51449573
v -0.28081977 0.20519598 0.85374337
v 0.02446451 -0.15112355 -0.18838476
v 0.02740330 0.32161987 -0.09389523
v -0.06970493 -0.04073720 0.08760592
v -0.19063103 0.10519239 0.04724085
v -0.56125093 -0.55600256 -0.37373090
v 0.02696831 0.36992455 -0.23049611
v 0.49633515 -0.02277163 -0.22799243
v 0.18107979 -0.09944512 -0.06716878
v 0.25214279 0.17052595 0.17095596
v -0.21881261 -0.03234498 0.34978566
v -0.34623647 -0.02353158 0.46997952
v 0.60986334 -0.06820649 -0.37004957
v -0.00867295 0.29991999 0.21570627
v -0.32509232 -0.02583245 0.46799779
v 0.11564092 0.29198462 0.03332892
v 0.17131142 -0.01810901 0.33461118
v 0.28142399 0.15051033 -0.35474291
v 0.49153304 -0.22879691 -0.30301440
v 0.16571316 0.33235192 -0.25048706
v -0.04508558 -0.15165076 -0.07050727
v 0.11327536 0.25748056 0.14334087
v -0.53783566 -0.46186367 -0.29152280
v -0.05740830 0.34460929 -0.40266407
v -0.19441070 0.12082782 0.54707050
v 0.15705371 -0.31677258 -0.56814587
v -0.37859073 0.17665088 0.58146989
v -0.03379118 0.27064368 0.26424634
v 0.24247979 -0.08370075 -0.35672030
v -0.61590701 -0.25300068 -0.32503965
v -0.05602167 0.35821667 -0.36682132
v -0.19179089 0.09301260 0.53557324
v -0.46879244 -0.08070222 -0.23306765
v 0.12418865 -0.27172163 -0.40420842
v -0.21043871 0.21087414 0.81304014
v 0.18592778 0.30694368 -0.18118355
v -0.27675897 0.14740287 0.14637060
v -0.60897708 -0.42718703 -0.34268215
v -0.23857929 0.11424448 0.45972973
v 0.17316142 0.08508052 0.52473903
v 0.20567641 0.00274976 0.14936547
v 0.22722791 0.27014285 0.85601616
v -0.35260805 -0.00875145 -0.15479594
v -0.07539713 0.33627743 -0.40014035
v -0.22025296 0.05587275 -0.08823483
v -0.00325845 0.39902028 0.38031834
v -0.01973105 -0.24174653 -0.53396446
v -0.37585783 0.16807535 0.67359507
v 0.04398409 -0.49784982 -0.27498466
v 0.29716322 0.13658026 -0.19472939
v -0.31230247 -0.01950444 -0.35345536
v 0.08747143 -0.12711990 -0.52198237
v -0.28006667 0.19653279 0.85172385
v -0.25181976 0.19463772 0.57170814
v 0.30926454 0.05072598 -0.35569689
v -0.31838825 0.20783108 0.70207769
v -0.60915029 -0.43594828 -0.34503895
v -0.08970591 -0.29390144 -0.38434792
v 0.15821365 -0.20307276 -0.57458454
v -0.20904188 0.25548920 -0.37089592
v -0.42282966 -0.26812303 -0.21549132
v 0.17447849 -0.08607084 -0.42445463
v -0.60145080 -0.49454203 -0.29900071
v -0.36588925 -0.03457443 0.45790377
v 0.51492590 -0.27303499 -0.50750160
v 0.13749339 -0.29171434 -0.53808200
v -0.26212645 0.10441285 -0.17335987
v -0.37905589 0.00925572 0.54359126
v 0.31537807 0.19970989 0.81778622
v -0.20549278 0.15692186 0.61872065
v 0.16667351 0.24039127 -0.49353904
v -0.59179521 -0.47463554 -0.38113713
v 0.09868187 0.29749116 0.03368456
v -0.25135833 0.12920290 -0.13016301
v -0.32962769 -0.04052412 0.37669086
v -0.00138164 -0.39611006 -0.33808449
v -0.04480347 0.05629186 -0.59190625
v 0.10613070 0.35696670 -0.35022387
v -0.03347997 -0.17347094 -0.24741517
v -0.07192414 0.23797737 -0.53035480
v -0.10197072 0.15964094 -0.55554718
v 0.53582597 -0.22044557 -0.21129918
v -0.33126232 0.02269752 0.61902523
v -0.03793938 -0.13993733 -0.06176891
v -0.00508710 -0.35767210 -0.22505447
v -0.31147322 0.09190875 -0.25359514
v 0.47770330 -0.16008280 -0.42644796
v 0.60791564 -0.38845149 -0.39161065
v 0.13223824 -0.30623901 -0.50895542
v 0.20683803 0.27237660 -0.39822432
v -0.25354314 0.22995657 0.22987367
v 0.35673916 0.12131236 0.27009976
v -0.17660363 0.23216587 -0.09494963
v 0.09971893 0.33140928 -0.11712102
v -0.40813562 0.01635596 -0.23791113
v 0.59804481 -0.27362713 -0.51608813
v 0.63253921 -0.20206901 -0.29111239
v 0.30256018 0.09372734 0.76034570
v 0.62769377 -0.40369985 -0.45469794
v -0.36145377 0.02219154 0.61725199
v 0.05578695 -0.12730919 -0.05812328
v -0.08021443 0.33562791 -0.38081053
v 0.09848189 -0.34687960 -0.38232067
v -0.02907897 0.50713134 0.38812113
v 0.05833472 0.27362567 -0.52037966
v 0.33974069 0.15278864 0.65574437
v 0.04037306 -0.21972440 -0.53015983
v 0.36578867 -0.06220574 -0.31193611
v 0.31546891 0.11701339 -0.18441497
v -0.39002255 -0.20632376 -0.21838142
v -0.12649579 -0.18984166 -0.42404577
v 0.04425054 -0.38296804 -0.23095469
v 0.34160131 0.14636067 0.24649893
v -0.58886075 -0.26047990 -0.38913214
v 0.30153134 0.08528603 0.66324681
v 0.27508038 0.20323411 -0.25422019
v 0.18531741 -0.23828788 -0.62977564
v 0.55278003 -0.21254449 -0.48696956
v 0.13954563 -0.15218855 -0.21234368
v -0.38103795 -0.12219893 -0.35301614
v 0.25383022 0.28010422 0.71407628
v 0.19139047 0.13598830 0.47406378
v 0.03843368 0.04027145 -0.59254402
v -0.47588542 -0.09550809 -0.23084177
v -0.19971244 -0.03261459 0.32341921
v -0.32749856 0.12241836 0.18666968
v 0.30795470 0.21748628 0.73810482
v -0.11842946 -0.16543749 -0.21123865
v 0.29497039 0.15045887 -0.25233385
v -0.05349647 0.15397631 -0.57765180
v 0.05256975 0.35294342 0.32922071
v -0.03264225 0.36952722 -0.22312152
v 0.12662753 -0.25093243 -0.50407588
v -0.07835660 -0.28551173 -0.43563566
v 0.23199119 0.07890551 0.76856369
v -0.24363527 0.18441209 0.37981758
v 0.12985396 0.28755388 -0.01305819
v 0.05747518 0.00800847 -0.58745098
v 0.17162995 -0.07756201 -0.48906532
v 0.26184571 0.23175614 -0.23957250
v 0.05324273 -0.28680775 -0.23788504
v 0.12901351 0.03358816 -0.55673009
v 0.34720135 0.07773366 0.59494382
v -0.23490866 0.03472600 0.47612640
v -0.02715265 -0.10453697 -0.57255536
v -0.37710288 0.10361104 0.70903540
v 0.25671512 0.25822553 0.84435833
v 0.17440793 0.14562923 0.70156735
v 0.14600869 0.20398737 -0.52122915
v -0.23429500 0.18937857 0.59145606
v 0.58824980 -0.22540523 -0.24896073
v -0.03153012 -0.10851192 0.00608554
v 0.33943760 0.11908576 0.76891083
v 0.05131764 0.29458052 0.30491164
v 0.20802976 0.26437685 0.64844269
v -0.17473269 0.22296146 0.12855102
v 0.21467614 0.12543516 0.01807120
v 0.23854998 -0.26032960 -0.63517106
v -0.17904198 0.11948553 -0.02249218
v 0.65351558 -0.14585645 -0.34320202
v 0.25601918 0.22818653 -0.33030704
v -0.51219332 -0.54923087 -0.45745942
v -0.37618339 -0.03748914 -0.16590655
v -0.36630553 0.16410547 0.74292523
v 0.20931390 -0.03593753 -0.45040444
v 0.14667021 -0.19914822 -0.56872332
v 0.18631233 -0.12702461 -0.29215088
v 0.37336937 0.08921043 0.31034717
v 0.13996339 -0.25661188 -0.40443230
v 0.17955893 0.15321465 0.80264211
v 0.27671844 0.16410030 -0.37128454
v -0.00401926 0.45004630 0.31239298
v -0.19597009 -0.29646519 -0.63207853
v -0.19944154 -0.00500102 -0.06750237
v 0.22923690 0.06300721 0.10200756
v 0.50754887 -0.21460465 -0.20205799
v -0.15373565 0.29865065 -0.11006179
v 0.26814449 0.02194297 0.78772789
v -0.10160567 -0.18080010 -0.47488293
v 0.04182661 0.32208955 -0.09888864
v -0.49697733 -0.20132999 -0.40863562
v -0.56330019 -0.21758895 -0.24097557
v 0.18911941 0.11004615 0.48956484
v -0.10504016 0.22194928 -0.52453822
v -0.21187924 0.04448750 -0.07438777
v 0.58226264 -0.35881698 -0.40438533
v -0.46204838 -0.04655592 -0.21186450
v 0.05275784 -0.07247755 0.10138787
v 0.08799733 0.29874700 0.04415621
v 0.28815463 0.00440606 0.52721834
v 0.18586670 -0.24477807 -0.56646758
v -0.00244009 0.31569487 0.00358720
v -0.25010556 0.20141532 0.16973838
v 0.30139521 -0.02838413 0.28437805
v -0.12819596 0.24086556 0.22532947
v 0.29416275 0.12936796 -0.33945605
v 0.00630984 0.24758302 0.28891805
v 0.57315600 -0.34341860 -0.55579609
v 0.15797466 0.01845591 -0.50648659
v -0.52730298 -0.26125184 -0.20892915
v 0.51703453 -0.26116946 -0.47775567
v -0.40271324 0.02083796 -0.26142558
v -0.34933418 0.03401344 0.63261646
v -0.23790888 0.16846471 -0.13768403
v -0.17838988 0.18113054 -0.01218106
v -0.52641386 0.02291757 0.81891537
v -0.21561992 0.05832012 0.43321246
v -0.35357028 -0.04624802 -0.35250255
v -0.04642159 -0.07039572 -0.58368856
v 0.26925993 0.05116296 -0.12032913
v -0.59434897 -0.18898626 -0.31465954
v 0.19214468 -0.02792786 0.24957062
v 0.19697134 0.24988724 0.61326432
v 0.08559733 0.13684967 0.29029900
v -0.47411662 -0.12823695 -0.21334955
v -0.32070124 -0.00631127 0.56624490
v 0.36943662 -0.04376086 -0.13906650
v 0.58775896 -0.26835489 -0.52294081
v 0.21066914 0.16948850 -0.05688884
v -0.05478558 0.29516375 0.08088062
v -0.06348140 0.36229563 -0.27781406
v 0.25800553 0.16400239 -0.14084530
v -0.15805008 0.26198331 -0.42468399
v -0.07758163 -0.09225333 -0.02235881
v 0.52346247 -0.07739424 -0.21726052
v 0.15211427 0.18514997 -0.52187580
v -0.40791431 0.04601624 0.50127882
v 0.02311972 -0.08596346 -0.58945590
v -0.39775914 0.01726132 0.44393015
v -0.54989403 -0.28668573 -0.22499169
v 0.46218720 -0.05266892 -0.33209586
v 0.23899622 0.18508060 0.40687469
v 0.02464628 0.34427285 0.36437333
v -0.12320191 -0.02153592 0.12035277
v 0.18757360 0.22784093 0.20593645
v 0.13312285 -0.02214318 0.11014368
v -0.60494626 -0.25516838 -0.27864942
v -0.11609551 -0.25415391 -0.54814166
v -0.05462873 -0.28173611 -0.50586963
v -0.15217623 0.31190079 -0.36986437
v 0.16357948 0.05298760 0.39477086
v -0.22274561 0.01042061 0.51906961
v 0.26520467 0.14138377 0.84909940
v 0.20395643 0.15085870 0.02798404
v -0.57485998 -0.51632524 -0.27779785
v 0.33528531 0.15364349 0.77662706
v -0.39598510 0.13457051 0.51257676
v -0.22122441 0.17172618 0.70564109
v 0.16546206 0.21921846 0.29094225
v -0.07342675 -0.20930453 -0.57775891
v -0.11551166 0.23032787 0.24760690
v 0.20224649 0.14506119 0.73610902
v -0.05487050 -0.03819467 0.15862140
v 0.35156727 0.13040242 0.85657555
v -0.06264886 -0.09129843 0.00037842
v -0.31993344 -0.03602799 0.42770052
v 0.57231534 -0.37816694 -0.46833581
v 0.26579431 0.25696641 0.75473493
v 0.12937942 0.16506466 0.32359341
v 0.22161458 0.27535081 0.73473197
v 0.18088561 0.07059794 0.61676753
v 0.06577725 -0.33044389 -0.41119272
v 0.16738138 0.21370265 0.30481955
v -0.14322700 -0.16857833 -0.17413794
v -0.32041049 0.04577204 0.68331385
v -0.18083377 -0.07280457 -0.43884787
v 0.28676039 0.21200365 0.24241515
v -0.14736445 -0.14917436 -0.22973497
v -0.12102422 0.26375371 0.05396533
v -0.60151613 -0.20022947 -0.33787206
v -0.03419266 -0.29490346 -0.25341883
v -0.13890101 0.20155352 0.32335556
v -0.35281742 -0.07305912 -0.15909377
v 0.64947212 -0.14957921 -0.35490936
v -0.00049919 -0.40572509 -0.33456132
v 0.01707882 0.15446655 -0.58689535
v -0.05999644 -0.33323076 -0.38486516
v -0.00076980 0.53614157 0.36584109
v -0.17603767 0.15735680 -0.03429767
v 0.01823135 -0.16558923 -0.21973711
v 0.06300870 -0.06577711 0.11470577
v 0.35473621 0.15964308 0.82727641
v 0.29125765 0.23769554 0.53520912
v -0.46900591 -0.06084914 -0.26706961
v 0.33834746 0.09185431 0.85685951
v -0.44788671 0.09782587 0.85645044
v 0.01046520 0.15154718 -0.58647960
v 0.19838008 0.30538040 -0.24561350
v -0.02836260 0.53983754 0.42486694
v -0.10670879 0.35233158 -0.31325224
v -0.01187856 -0.15810698 -0.13905784
v 0.08845261 0.18515284 -0.56351203
v 0.43631992 -0.16573846 -0.30851662
v 0.64628851 -0.22755632 -0.34882876
v 0.20794347 0.03924152 0.56859690
v 0.08162200 -0.07383236 0.03491369
v 0.21144743 0.20502841 -0.47166982
v 0.10391731 -0.26657999 -0.55992985
v 0.62903976 -0.14785400 -0.39130011
v -0.04290758 0.25046298 0.22712086
v 0.14133692 0.03197093 -0.54582042
v -0.17443770 0.31704009 -0.29255742
v -0.35737130 0.17271367 0.85337210
v -0.14426017 0.23596820 0.08153883
v -0.06091163 -0.05247663 0.06997643
v 0.30504712 0.08152139 0.65559840
v 0.22683725 0.21769641 -0.08085955
v 0.51155949 -0.27703029 -0.27040157
v -0.25708845 0.15965950 0.85386258
v -0.01074634 0.26135683 0.28450084
v -0.04080123 0.36883587 -0.22586684
v 0.50129908 -0.22833271 -0.42314330
v -0.17904487 0.23095025 0.29166445
v -0.22248936 -0.12562680 -0.26434708
v -0.45406038 -0.03962379 -0.22461048
v 0.44100559 -0.19012229 -0.21593066
v 0.03418496 0.42612675 0.33011943
v -0.60649884 -0.22137879 -0.28394544
v -0.57487440 -0.15568641 -0.28259814
v -0.17441176 0.04497230 -0.01164958
v 0.02613553 0.16792016 0.25335470
v 0.21737072 0.13258576 0.74373096
v -0.04653347 -0.35600069 -0.27558109
v -0.03367279 0.02599610 0.24788283
v -0.20944564 -0.10721993 -0.15259416
v 0.21032581 0.00093264 0.17037472
v 0.64711785 -0.33115873 -0.37408763
v -0.26181784 0.08307023 0.14433138
v 0.29280281 0.01490014 0.80975872
v -0.04054170 -0.10212319 0.01846964
v 0.35598293 0.11741333 0.77863711
v -0.21110141 0.16358818 0.58680123
v 0.10566487 -0.21935190 -0.31639108
v 0.63649899 -0.34024632 -0.36928844
v -0.55124098 -0.48369509 -0.28481176
v 0.35432160 -0.05681457 -0.14522523
v -0.22595945 -0.00870741 -0.11349309
v -0.36324289 0.01431624 0.26650131
v -0.30824450 0.00644448 0.58385128
v 0.28130341 0.06231409 -0.39154965
v 0.21289100 -0.12542281 -0.21608324
v 0.28910163 0.23452257 0.52539402
v 0.49271184 -0.23120981 -0.29614457
v -0.23081107 0.16417687 0.11753595
v 0.20352662 -0.02423459 -0.05529895
v 0.57739359 -0.38345808 -0.46610895
v -0.26267970 0.19564505 0.85483450
v -0.35612351 0.19633991 0.55094171
v 0.21403933 0.13092712 0.07198997
v 0.07426874 0.34179142 -0.42865768
v 0.06272192 -0.43958846 -0.24763055
v 0.19162920 -0.05669326 -0.46879786
v -0.37855124 -0.06370573 0.80632991
v 0.49755949 -0.22288935 -0.40879369
v -0.45251542 -0.10117637 -0.33437422
v 0.22601540 0.02698090 0.84773248
v 0.24106713 0.11951482 0.12470745
v 0.24299818 0.21207467 -0.13594230
v -0.08962387 -0.16858171 -0.10708512
v 0.37761953 0.05760939 0.35820410
v 0.60782021 -0.44950008 -0.43934929
v -0.10114040 -0.18396585 -0.47624132
v 0.51343042 -0.22556104 -0.44819385
v -0.16853531 0.20890629 -0.02211170
v 0.52437621 -0.28606829 -0.48467579
v -0.10851838 0.01703659 -0.54105145
v -0.12706475 0.03106241 0.31096625
v -0.36783898 0.03857594 -0.30956128
v 0.01313234 0.27505723 -0.52564758
v 0.48821169 -0.21749921 -0.38421947
v -0.12791203 -0.25502461 -0.64517373
v -0.11202144 -0.14678617 -0.47324514
v 0.04548140 0.35845357 0.34646717
v -0.37982103 -0.22455154 -0.36466751
v 0.08714073 -0.22248788 -0.28828746
v 0.17110102 0.00015134 -0.48229608
v 0.04533034 0.37691161 0.31083944
v -0.23536392 0.15332049 -0.42015439
v -0.06507720 0.16590865 0.28033116
v -0.25178164 0.09918063 0.13564423
v -0.51596600 -0.37850010 -0.46636069
v -0.02624240 0.34237036 0.28175461
v -0.18204318 0.15460113 0.01169287
v 0.19970165 0.22093353 0.20322362
v 0.14341629 0.35072276 -0.30141637
v -0.45424342 0.00103644 0.79727733
v -0.13041449 0.25355959 0.07391635
v -0.27587262 0.23870941 0.82532459
v -0.20820026 -0.05010102 -0.10637396
v 0.58644593 -0.15435107 -0.22358592
v -0.59636724 -0.31389067 -0.35382551
v 0.52288228 -0.13084017 -0.43095747
v 0.17442615 0.19243188 0.76282054
v 0.29092053 0.22910750 0.81092626
v 0.58766496 -0.20396490 -0.46154091
v -0.59866565 -0.37358832 -0.31588024
v -0.04491201 -0.14321791 -0.20173520
v -0.25695485 0.13606736 0.43451133
v 0.26123673 0.19143046 0.38932234
v 0.25016817 0.24995534 0.56818414
v 0.01240535 0.51090819 0.35155660
v 0.23102838 0.22479640 -0.10015709
v 0.21074371 0.26924703 -0.39710748
v 0.27117717 0.26865736 0.64275360
v -0.51564217 -0.45050865 -0.37951317
v -0.20636398 -0.05022501 -0.43576837
v 0.23545878 0.26957664 -0.32716984
v -0.17877100 -0.02299398 0.24875991
v -0.06244107 -0.32383591 -0.40113896
v 0.09620658 -0.44293320 -0.28270474
v 0.15118712 0.22039172 0.83802480
v 0.57653654 -0.32143745 -0.36231542
v 0.12911692 0.28153053 0.05839066
v -0.17739175 0.18036106 0.01549158
v -0.42155090 -0.09537083 -0.17169771
v 0.19560888 0.18788293 0.37607819
v 0.09939098 0.35966119 -0.34565490
v -0.34609917 -0.01795617 0.28671408
v -0.54469067 -0.39489743 -0.48100427
v 0.60748708 -0.21740313 -0.45557508
v -0.18348850 -0.30776799 -0.63033050
v -0.08681578 -0.04753876 -0.55589128
v 0.12865184 0.13543120 -0.54878908
v 0.18925722 -0.23507620 -0.62654614
v 0.24339876 0.00864691 0.50013345
v -0.04525620 0.12040606 0.28147462
v -0.43013960 -0.27598187 -0.26394981
v -0.25568351 0.23829640 0.84724474
v -0.46210966 -0.31949934 -0.42088792
v 0.30278480 0.14026171 0.72822881
v -0.35981056 0.13857831 0.45689812
v -0.08482163 -0.30372712 -0.61143786
v 0.58424956 -0.26057899 -0.53081584
v -0.02695874 0.17444415 0.24862821
v 0.32360807 0.13000284 -0.26895243
v -0.12604980 0.23246010 0.25441524
v -0.15212592 0.04707244 -0.50825959
v -0.50782430 -0.16431715 -0.38368866
v 0.26912159 0.08626190 0.85112536
v 0.33848831 0.00732289 0.27102542
v 0.22441466 0.17586832 0.45869014
v 0.18704937 0.15077151 0.72509438
v 0.14039554 0.32447889 -0.15037736
v -0.52881920 -0.15582845 -0.23437156
v -0.37704229 -0.14022034 -0.34232974
v 0.04617682 0.37162396 -0.22047989
v -0.00894507 0.27980110 0.31172568
v -0.27755177 0.03661919 -0.34316868
v -0.38714397 0.05929792 0.33234400
v -0.00374880 0.51564652 0.39882702
v -0.01613090 0.37420961 0.29113388
v -0.07737470 0.29338652 -0.06609406
v -0.08401089 0.36068135 -0.30083299
v -0.40176681 -0.15682597 -0.18464832
v 0.36094925 0.03694991 0.45970824
v 0.10732059 -0.37684163 -0.30672649
v 0.25661007 0.15863718 -0.12999578
v -0.06676066 0.26915255 0.14637576
v -0.12502475 -0.16754195 -0.12778223
v -0.32528663 0.20956717 0.61192292
v 0.08708512 -0.24074204 -0.51571828
v -0.08180545 -0.16969477 -0.11145709
v -0.04797127 0.06654567 -0.59173548
v -0.09867175 -0.26396090 -0.54915154
v 0.14644368 0.34322965 -0.33934668
v 0.43567383 0.04309040 -0.20135868
v -0.08147409 -0.27071354 -0.47492164
v -0.01420955 0.28420129 0.13823599
v -0.04386810 -0.27547342 -0.27763423
v 0.30001825 -0.06356040 0.84877479
v -0.16271503 0.10716339 0.40115598
v 0.31802666 0.23981470 0.62466085
v -0.27805784 0.23853545 0.82119393
v -0.10342641 0.03965528 -0.55730820
v 0.22649072 0.03839700 0.85306227
v -0.13050380 0.21985114 0.28154951
v 0.15438041 0.27031270 -0.01897542
v 0.28367436 0.11701027 0.74786562
v 0.24067852 -0.07829243 -0.16281080
v 0.00840193 0.31231865 -0.06430649
v 0.36016011 -0.01130610 -0.33231673
v -0.13125080 0.24190414 0.22056264
v -0.31227624 -0.02577506 0.50093412
v -0.04128377 -0.43518183 -0.27426916
v 0.21879229 -0.09322021 -0.37972376
v -0.59238303 -0.44056377 -0.41008347
v -0.49823275 0.04880135 0.80535805
v -0.32154197 0.08619718 -0.26671022
v 0.34408823 0.12144729 0.61156607
v 0.14393519 0.06291141 0.36752287
v -0.12032941 0.27324095 -0.07478918
v 0.02635637 0.22943878 -0.55657750
v 0.03434535 0.37032717 -0.27205685
v 0.14881399 0.16502512 0.61980212
v -0.04777387 0.32437998 -0.44766042
v 0.57858801 -0.38096198 -0.54677111
v 0.45751584 0.03194908 -0.27294239
v -0.29122052 0.04960586 0.78454655
v -0.16886754 0.21401709 0.08221841
v -0.57578295 -0.29023755 -0.24814565
v -0.00834362 0.16068088 0.24677064
v -0.52404386 -0.55056715 -0.37341404
v -0.53927988 -0.33000323 -0.23725672
v -0.01743779 -0.02355841 -0.58435982
v 0.04128572 -0.07801953 0.09879916
v -0.20990562 0.14478342 0.72376794
v 0.18825515 0.04751204 0.00744403
v -0.25272578 0.08091608 0.72979194
v -0.37928185 0.00285503 0.53291309
v -0.46439931 -0.09061996 -0.31101879
v 0.43890858 0.04208966 -0.20518228
v -0.15344711 -0.11334845 -0.07563316
v 0.21221939 0.09263134 0.67451835
v 0.42187929 -0.19262412 -0.26168090
v 0.26028442 0.17173709 -0.15217040
v -0.03423882 -0.33438376 -0.42336455
v -0.51482552 -0.54559040 -0.42074510
v 0.21295343 0.13028622 0.72569853
v -0.20181338 0.27817443 -0.22888197
v -0.49601808 -0.42440677 -0.48787749
v -0.48315910 0.07097790 0.85021466
v 0.48505169 -0.00056845 -0.24636491
v -0.11631357 0.32428807 -0.39168426
v -0.15523221 0.30895725 -0.37000427
v -0.12270635 -0.10074801 -0.03848781
v 0.32154271 0.15684113 0.48094198
v 0.30948821 -0.03026479 0.42094806
v 0.18322416 0.17344363 0.73967946
v 0.07043806 0.22785091 -0.54264647
v -0.30069542 0.21079814 0.70719683
v -0.04573223 0.30358687 -0.00973441
v 0.31936872 0.19550003 0.81073582
v 0.05306970 0.34385470 0.32634801
v -0.44230443 0.06589860 0.85097378
v -0.08932710 0.36113125 -0.25504437
v -0.01296656 0.13464350 0.24822564
v -0.29435509 0.18787825 0.49879101
v -0.33401269 0.16437936 0.84870452
v -0.38867375 0.03941494 0.32850030
v -0.42986685 0.01185550 0.78411716
v -0.16526006 0.16362953 0.37482059
v 0.14895272 -0.25563067 -0.54303324
v 0.35223293 0.18887284 0.53582144
v 0.23885076 0.26102552 0.60439694
v 0.29785967 0.15199143 0.85102636
v -0.35118744 0.07476123 -0.23416169
v -0.10421991 -0.32656601 -0.60674638
v -0.44235051 -0.28463748 -0.25668660
v -0.01082009 -0.12896934 -0.07257245
v 0.21862365 0.04864134 -0.05243681
v 0.15167920 0.25890857 -0.04182392
v 0.07034144 -0.41451094 -0.23260066
v -0.56262153 -0.26260677 -0.41586560
v 0.20428903 -0.11035229 -0.25069925
v -0.30828756 0.16041854 0.38057122
v 0.18086766 0.03278157 0.01802688
v 0.16492644 0.17794532 0.80711055
v 0.41291106 -0.12378785 -0.29672179
v -0.11728054 0.35238776 -0.29004988
v -0.24255614 -0.03503900 0.24740393
v 0.14952499 0.29374248 -0.44862300
v 0.17124407 0.23159395 0.07025024
v 0.61041993 -0.07074694 -0.30154556
v 0.19424200 0.11240890 -0.49856517
v -0.11882811 -0.13955595 -0.46374139
v 0.32545048 -0.02067299 0.30358264
v -0.06548803 -0.05432281 0.05015640
v 0.22708255 -0.02896203 0.23474036
v 0.21505721 -0.23414393 -0.55992889
v -0.19028181 0.07314616 0.07118011
v 0.31872258 0.19777089 0.79259086
v -0.23569773 0.24849176 -0.31233922
v -0.14199483 -0.08713266 -0.45327064
v 0.36283931 0.01535476 0.85605258
v 0.03992167 -0.44928363 -0.32232729
v -0.21271239 0.10840140 0.08642170
v 0.03553194 0.07158635 0.26674098
v -0.18898384 0.06014111 0.57798713
v 0.10025190 0.09786458 0.30911291
v 0.11016464 0.22951293 0.24812633
v 0.16600828 0.24002397 0.18233922
v -0.02476538 0.32887191 -0.12211738
v -0.38031477 0.03828038 -0.28868899
v -0.32988533 0.13152368 0.19208726
v 0.12859005 -0.29343218 -0.57309133
v -0.43373325 -0.26599666 -0.24653755
v -0.09914111 -0.27424419 -0.40649551
v 0.14062236 -0.24628873 -0.44472378
v 0.34080049 0.09640014 0.21646103
v 0.02400615 0.40607098 0.30440590
v -0.11742147 0.03637157 -0.54325825
v -0.00811686 -0.15551150 -0.13063411
v 0.06206182 -0.17286099 -0.53748006
v -0.03774060 0.48366153 0.34249580
v 0.17609873 -0.02670877 -0.02596301
v -0.56507766 -0.26405680 -0.41402122
v -0.08338553 -0.18456842 -0.32184336
v 0.36508593 -0.00561539 -0.33354408
v -0.41690931 -0.21587408 -0.39602423
v -0.39350373 0.03172356 -0.27151021
v 0.23073642 0.17247584 0.84903562
v 0.10638254 0.25836423 -0.51363891
v 0.57627082 -0.25901866 -0.53920370
v 0.55269837 -0.29548830 -0.38037592
v 0.21132681 0.18920067 0.49602571
v -0.21103607 0.06041968 0.64105111
v -0.48112985 -0.48132533 -0.53266329
v -0.33504319 0.06737986 0.20474352
v -0.03457387 -0.39110780 -0.25451612
v 0.17362005 0.28564349 -0.11558698
v -0.35092121 0.13975225 0.36003211
v 0.03769965 -0.03463953 -0.58972681
v -0.21206301 0.09817420 -0.45981058
v -0.10430362 -0.17743102 -0.35541031
v 0.22938603 0.02824330 0.51639694
v -0.11492067 -0.21820065 -0.51338589
v 0.46721479 0.02909808 -0.19417565
v 0.31547812 0.11858151 -0.18708201
v -0.49923682 -0.37160271 -0.30060309
v 0.34848890 0.12245787 -0.21907851
v 0.07879093 -0.18112694 -0.26307794
v -0.24032916 0.01760549 0.16932577
v 0.26927927 0.18868260 0.48043883
v 0.29763821 0.00536133 -0.35606852
v 0.26472363 0.22185552 0.23905374
v -0.30958942 0.07413480 0.85402220
v -0.51571828 -0.16597466 -0.21502067
v 0.51819402 -0.04865551 -0.33336616
v -0.03731760 0.42390987 0.34160498
v 0.51352227 -0.24002539 -0.44229227
v -0.42999461 -0.06056947 -0.34197414
v 0.25355342 0.09122460 0.75299060
v -0.05125492 0.37037209 -0.24771655
v -0.36697644 0.05404235 -0.20591056
v -0.60760540 -0.25231901 -0.36446440
v 0.18035978 0.29772434 -0.14696963
v 0.61996812 -0.18148269 -0.26966691
v 0.05462945 -0.23021832 -0.24752492
v 0.16015929 0.25539815 0.01658022
v 0.46854165 -0.22042257 -0.25335598
v 0.39333281 0.11154925 0.82614893
v -0.03811704 0.35038954 -0.37596169
v -0.44940343 -0.28386223 -0.24688666
v 0.35986152 0.01204899 0.42655689
v 0.03646088 -0.28124586 -0.22314198
v -0.02582500 0.25031114 -0.54013562
v -0.27037597 0.08558114 0.84770662
v 0.14934415 -0.28456575 -0.61073226
v -0.27553782 0.05188403 0.16061915
v 0.10756123 0.08746836 0.31945676
v 0.55891263 -0.29781964 -0.33454788
v 0.17016236 0.23376946 0.06826537
v 0.08330118 0.28202289 -0.50585961
v -0.16267547 0.20943367 -0.03180738
v 0.22492449 0.14762282 -0.46683654
v 0.18491961 -0.14319806 -0.14640720
v 0.56836414 -0.04859627 -0.35422787
v -0.33330673 0.07569976 0.19897078
v 0.24796110 0.02831237 0.85583299
v -0.16611326 -0.01472496 0.31749836
v 0.15516119 -0.02005026 0.19093977
v -0.52730608 -0.43493864 -0.30220684
v -0.30728284 0.20429413 0.74362093
v 0.30020276 -0.07372183 -0.18620415
v 0.14737669 -0.25126120 -0.38586533
v 0.45747083 -0.11875715 -0.38682300
v 0.27325395 -0.01831830 0.47594714
v -0.09074473 0.35858616 -0.23220523
v 0.16584143 -0.21614824 -0.59974045
v 0.57870698 -0.35318464 -0.55632347
v -0.41434184 -0.26735944 -0.34308514
v 0.41784969 -0.12002738 -0.18352021
v -0.25999573 0.21460566 0.76619405
v 0.53503680 -0.31084996 -0.52820736
v -0.14728728 -0.00945658 0.30416545
v -0.06105933 -0.28417239 -0.58459860
v 0.00005180 0.44657516 0.31189221
v 0.21720679 0.22313246 0.31712291
v -0.01595987 -0.26738507 -0.24071945
v -0.11890398 -0.17367131 -0.15855530
v 0.17276978 0.32204852 -0.35845727
v 0.20081794 0.00042701 0.14219208
v 0.28362662 0.04525096 0.62548280
v -0.11742140 0.35495406 -0.25185651
v -0.21687756 -0.00578170 -0.43224016
v 0.25863409 0.00774357 0.85051715
v 0.07402410 0.35652503 -0.18368846
v 0.01453428 0.29872060 0.20749888
v -0.04010414 -0.08891980 0.03109494
v -0.02720898 -0.36780155 -0.33331823
v -0.11649769 0.07103793 -0.55365574
v -0.03210031 -0.08314286 0.06086489
v -0.08125360 0.28882843 0.06302094
v -0.07560872 -0.25108305 -0.61022264
v 0.44305900 -0.09513572 -0.16644555
v -0.04614826 -0.10172881 -0.03907063
v 0.24136263 -0.04049261 0.28957462
v 0.34874305 0.09475001 0.60285455
v -0.21027805 0.16238852 0.64687002
v -0.54867935 -0.56818533 -0.28991795
v 0.11147657 0.24969658 0.16725391
v 0.02429027 0.09434041 0.25091237
v 0.11904287 0.10026524 0.33414891
v -0.05283736 -0.23924245 -0.30019814
v 0.36662060 0.04896807 0.28226045
v -0.33072135 0.05450733 0.20394677
v -0.53741926 -0.31307200 -0.42960322
v -0.15375663 0.32826185 -0.32198453
v 0.23604360 0.18538006 0.47789922
v 0.07809734 0.10355181 0.28970808
v 0.16211312 -0.10055159 -0.04491651
v 0.18153310 0.15593377 0.84816313
v 0.31103510 0.12326790 0.69150895
v -0.60329723 -0.30369201 -0.33176556
v -0.21982145 0.14517887 0.50557131
v -0.06654017 0.35564023 -0.16959028
v -0.05206826 0.37070003 -0.25932416
v -0.24572344 0.22557099 0.78496605
v 0.09810188 -0.24203275 -0.30601397
v -0.14011422 -0.01721844 0.15775494
v 0.09139974 -0.09143700 0.00266309
v 0.61285114 -0.41181833 -0.48752081
v 0.30025497 -0.06112669 -0.31018987
v -0.12601811 -0.00665674 0.05367460
v -0.47251382 0.05839973 0.85235041
v 0.59192747 -0.33701384 -0.36587581
v -0.13493118 -0.26329818 -0.56880802
v -0.40368432 -0.26842350 -0.38629037
v 0.53678209 -0.28461561 -0.33339542
v -0.29906821 0.00645684 0.20829172
v -0.35943577 -0.16551818 -0.20508994
v 0.10196713 0.14352655 -0.56340462
v 0.33867145 -0.02005651 0.83434069
v 0.08471049 0.19053596 -0.56039655
v -0.02786386 0.48137176 0.32883188
v 0.10711772 0.17399080 -0.56057292
v -0.55842334 -0.48748514 -0.44632539
v 0.17057009 0.16848789 0.83469743
v 0.03297055 -0.50406921 -0.30679205
v -0.19938980 0.07309668 0.50202703
v -0.02278069 0.31717771 0.25768492
v -0.46650267 -0.12099874 -0.20774105
v 0.33101121 -0.02139520 0.31892180
v 0.08557545 -0.11097676 -0.52427560
v -0.46216556 -0.07851212 -0.20636444
v -0.16809626 -0.26225358 -0.61392349
v 0.02069688 0.10836083 -0.59064120
v 0.51021296 -0.25084102 -0.29240045
v -0.35085633 -0.04312750 0.37522933
v 0.41936544 -0.16406703 -0.30948251
v -0.04296932 0.29078940 0.10044662
v 0.59239572 -0.39345631 -0.45466781
v 0.23132822 0.03822341 0.78425741
v 0.25427324 0.24702448 -0.31870377
v -0.53964144 -0.44758296 -0.28723568
v -0.31018907 0.06101214 -0.31861180
v -0.37354258 0.14625759 0.47581065
v -0.32112640 -0.12327070 -0.33156231
v 0.47283548 -0.04756517 -0.33320820
v 0.14317828 -0.23478615 -0.42245844
v 0.05607216 0.35929048 -0.15805186
v -0.40527496 0.09321070 0.50792426
v 0.30155459 0.08387404 0.76071817
v -0.23368663 0.20673351 0.16454777
v 0.26339111 0.16134532 -0.16447905
v -0.21707822 0.22300750 0.18162125
v 0.17700596 -0.07215923 -0.42864078
v 0.03845112 0.23370364 -0.55221999
v 0.54127741 -0.24982373 -0.23612748
v 0.19183576 0.24894626 0.62156463
v -0.13386011 0.09410197 -0.54489368
v 0.00846887 0.34122625 0.25811073
v 0.45118931 0.00458693 -0.16327627
v -0.08586958 0.02719599 0.25968859
v 0.18599543 0.04887852 0.01832015
v 0.48555362 0.01508333 -0.25178465
v 0.26815468 0.15043719 -0.39615282
v 0.06947462 0.02399753 0.26007336
v -0.59363633 -0.50499737 -0.29280674
v 0.34140328 0.10988121 0.76869237
v 0.19698238 0.01249629 0.10739999
v 0.23761806 -0.08050516 -0.14046960
v -0.20117828 0.19504860 -0.09919529
v 0.11976305 -0.00701795 0.24399833
v -0.10316866 -0.25231630 -0.63288432
v 0.11820643 -0.29008472 -0.36985675
v 0.17256832 0.16615398 0.83758897
v -0.22379862 0.21793462 -0.37929472
v 0.16529614 -0.19849278 -0.50359821
v 0.10064323 -0.14297262 -0.51622039
v -0.34024614 0.13642932 0.39091828
v 0.14907478 0.28896114 -0.46067634
v -0.22162400 0.16118342 0.77579308
v 0.50024015 -0.07109193 -0.37259540
v -0.10437790 -0.16161770 -0.09236448
v -0.17941613 0.05559449 0.05817315
v -0.05894740 0.06926199 0.27204257
v -0.15217608 0.22811829 0.07321639
v -0.25100765 -0.01102745 0.41476163
v 0.19532275 0.14715916 0.47607157
v -0.16660474 -0.02372658 -0.46631464
v 0.15446873 -0.12880288 -0.31414065
v 0.03657713 -0.32849532 -0.20391721
v -0.30167088 0.07862287 -0.30922881
v -0.15285559 -0.00927168 -0.48212692
v 0.42017263 -0.16976759 -0.22884573
v -0.10564101 -0.13883792 -0.47539201
v -0.48517868 -0.55540222 -0.42932251
v 0.38948041 -0.11173170 -0.25568351
v -0.30040726 0.02135325 0.83288878
v -0.57947463 -0.16223015 -0.30735263
v 0.24703574 0.20806561 -0.13662887
v 0.21033025 0.20924097 0.84833962
v 0.18351042 0.11008333 0.67475420
v -0.43583709 -0.15251082 -0.19755435
v 0.23563170 -0.01594916 0.20279039
v 0.60630792 -0.19320381 -0.25669733
v 0.34677052 0.14910178 0.30122095
v -0.12218186 -0.32796386 -0.58763820
v -0.14206661 0.30448884 -0.39864844
v 0.17680433 0.29586402 0.82924920
v -0.29950044 0.09339511 -0.20730633
v 0.39816064 0.06151531 0.81111348
v 0.34279400 0.17101125 0.83531356
v -0.36334553 -0.04432484 0.85228860
v 0.11812684 0.24900630 0.16279662
v 0.27553093 0.25718907 0.72358257
v -0.27460968 0.01384493 -0.34853986
v -0.56551796 -0.52065843 -0.38912877
v -0.40111113 0.11192851 0.74967718
v 0.55407238 -0.29871348 -0.33504230
v 0.25398231 -0.08174522 -0.18649358
v -0.22804312 0.19469278 0.77242053
v 0.11418498 -0.15498376 -0.25631112
v 0.50735939 -0.24520114 -0.23251325
v 0.05013618 -0.23606969 -0.24004510
v 0.49064919 -0.03677685 -0.20042510
v 0.00575068 0.34208813 -0.16850047
v 0.53860277 -0.29812625 -0.46415895
v 0.00616706 -0.23785791 -0.52920258
v -0.36297262 0.01268721 0.26831451
v -0.19930540 -0.04100455 -0.08300889
v -0.07906402 -0.01159660 0.20789188
v -0.34330019 -0.05104659 -0.15212241
v -0.34489754 0.04682108 -0.31907797
v 0.46649405 -0.20647290 -0.40945649
v 0.02290208 -0.24996233 -0.52090400
v 0.50531733 -0.14159356 -0.18062994
v -0.13604875 0.18177375 -0.52146852
v 0.18285005 0.29825956 0.84072822
v -0.09139035 -0.17679881 -0.31596690
v -0.38186026 0.13217752 0.72725844
v 0.27692124 0.02351094 0.59307998
v 0.57759464 -0.28883076 -0.30094081
v -0.01467672 0.37469599 0.29066837
v 0.17191391 0.23632272 0.85280645
v 0.06056432 -0.32205200 -0.21410857
v -0.18744829 0.23840970 0.21792786
v -0.30576298 0.21187051 0.85517496
v -0.00742522 -0.47445551 -0.26507053
v -0.06077140 -0.32862595 -0.38060164
v 0.20052816 0.05937660 -0.01496610
v 0.17946164 0.07741097 -0.51431006
v -0.10743298 -0.22351512 -0.60208422
v -0.20173356 0.00198302 -0.44313452
v -0.19147721 0.04769649 0.54686475
v 0.38190213 0.11831383 0.85200930
v -0.08299861 0.05950649 -0.57400459
v -0.41217005 -0.25179058 -0.27383205
v 0.19480792 0.05262056 -0.48827234
v -0.60067749 -0.31041256 -0.31214249
v -0.23520286 0.12031548 0.45073521
v 0.17032062 0.32978559 -0.22947861
v 0.16102718 0.20220314 0.60237610
v 0.44983250 -0.13521364 -0.39099240
v 0.29887402 0.06620104 0.85277253
v -0.19706005 -0.01795683 0.20520595
v 0.23639092 -0.02812582 -0.41006026
v -0.55194616 -0.30376250 -0.23347178
v 0.22514959 0.01846336 -0.06731955
v -0.05752247 0.29886550 0.03709591
v -0.06151194 -0.36136314 -0.28994611
v -0.03414505 -0.10839830 -0.56401658
v -0.34406534 0.08577358 0.84897226
v -0.46457240 -0.01816316 0.79907477
v 0.34201595 0.12805177 -0.23557848
v 0.32244015 0.04937448 0.78097355
v -0.17980064 -0.01786171 0.34153298
v -0.04566637 -0.15267633 -0.07148128
v 0.02978955 0.36841381 -0.18531229
v 0.61286855 -0.09041757 -0.25494701
v 0.16057904 -0.11579663 -0.44326082
v 0.50346369 -0.23690842 -0.28093362
v 0.17337824 0.16676258 0.38594642
v -0.08234096 0.16258119 -0.56447148
v -0.00651269 -0.30460778 -0.21957555
v 0.25588256 0.00930340 0.52915972
v -0.32271242 0.06070091 0.74333251
v -0.27578074 0.16427362 0.39437294
v 0.32434887 0.05724016 0.77622974
v -0.20786496 0.20251013 0.82962954
v 0.03213631 -0.33463371 -0.20227787
v 0.28529170 0.16885218 -0.27141628
v -0.04227986 0.52571785 0.36889523
v -0.34073818 -0.16931902 -0.23350276
v -0.48757669 -0.29105601 -0.43421116
v -0.34080225 -0.03105894 -0.35321149
v -0.30916065 0.15879038 0.84760290
v -0.30498317 0.21163560 0.63998127
v 0.38557163 0.09503909 0.85927230
v -0.40550500 0.07092340 0.50510097
v 0.34380826 0.15363498 0.78837276
v -0.32009235 0.19800393 0.85357130
v -0.39816916 0.01489232 0.52406287
v -0.11346675 -0.04468041 -0.53477871
v 0.07723439 -0.35901389 -0.33339167
v 0.57464212 -0.38723606 -0.49150217
v 0.18394929 -0.02459141 0.23984835
v 0.63148284 -0.22654119 -0.29428622
v 0.06965562 -0.07075141 -0.57742685
v 0.13005906 0.26105312 0.10807116
v -0.28060883 0.13372314 -0.32310662
v -0.40457189 -0.25058553 -0.33283979
v -0.46729362 -0.07327048 -0.23552294
v -0.01570188 -0.35568979 -0.40950343
v -0.21210493 -0.00762807 0.18372422
v -0.07399111 0.28742853 -0.48546192
v 0.32125154 0.08486661 0.18727055
v 0.07800926 0.37145373 -0.25534257
v -0.00306985 0.35310110 -0.41298547
v 0.26650590 0.11693636 0.14440453
v 0.03770913 0.00721542 0.23679779
v 0.20791873 0.29375288 -0.25108603
v -0.38941410 0.15967280 0.59379691
v -0.12415744 0.30617699 -0.40670252
v -0.53963482 0.01308571 0.84179747
v 0.06715335 -0.30230570 -0.23420231
v 0.21831571 0.23347376 0.24571502
v 0.21131931 -0.10423787 -0.26095480
v -0.41997302 -0.25378472 -0.25326142
v -0.34793025 0.03337456 -0.33144319
v 0.21658358 -0.23978586 -0.62187791
v -0.33202896 0.03749574 -0.33113524
v 0.07749814 0.24652205 -0.53498811
v 0.53108454 -0.10578027 -0.19718044
v 0.17601365 0.07490848 0.61457747
v 0.23779634 -0.08485255 -0.16137588
v 0.04475362 0.28336409 0.15106072
v 0.29790813 0.23410831 0.53075063
v 0.25823972 0.27934483 0.66273516
v 0.60112631 -0.12051819 -0.23686995
v -0.09490132 -0.02949787 0.13551666
v -0.33084923 -0.16527776 -0.27096263
v -0.18939443 0.15863055 0.05175787
v -0.32594812 0.08495364 -0.25275514
v -0.19648454 -0.03414916 0.30663893
v 0.56131756 -0.32681981 -0.54612118
v -0.24271846 0.11887619 -0.41606575
v 0.52797824 -0.19257870 -0.19825825
v 0.18443808 0.09559485 0.46362776
v -0.00199941 0.30867162 0.03133224
v -0.15497966 -0.17333099 -0.34307674
v -0.21954636 0.18187831 0.77926475
v 0.18819609 0.16010481 0.75572497
v 0.15677148 -0.01094846 0.11952429
v 0.30299115 0.06479565 -0.14673054
v 0.31690887 -0.04266766 0.38024229
v -0.29754993 0.06587879 0.74547344
v -0.49168846 -0.42840192 -0.47873780
v 0.48235938 -0.05569186 -0.18144719
v 0.14409688 -0.31763682 -0.55312967
v 0.29669511 0.08946950 0.85198373
v -0.22835244 0.18369184 0.70623821
v -0.05147830 -0.28832278 -0.55998486
v 0.10547619 0.05502291 -0.57555717
v -0.04486368 0.31452274 -0.47701809
v 0.20014840 -0.00052274 0.14969088
v -0.34399086 0.04347598 0.66304600
v -0.08889523 -0.27925742 -0.41630492
v -0.30236211 -0.02087193 0.50448716
v -0.36359730 -0.08987530 -0.16380784
v -0.13052592 0.16598170 0.35055211
v 0.03184703 -0.20609827 -0.23532814
v -0.03450187 0.49173129 0.37920517
v 0.26703489 0.11667949 -0.40814519
v 0.61341161 -0.07178386 -0.31414178
v 0.38465154 -0.03661330 0.86123276
v 0.00310639 -0.43383133 -0.23649524
v 0.16853414 0.01148200 0.37151563
v -0.01692977 0.37346929 -0.31951967
v -0.05627640 0.34538326 -0.12679732
v -0.02220785 -0.11145092 -0.01170290
v -0.34690034 0.03275837 0.63303894
v 0.64488065 -0.28028339 -0.36892965
v 0.56838411 -0.18317321 -0.45100448
v -0.01548080 -0.47598684 -0.29041421
v 0.03857398 -0.36684123 -0.21745107
v -0.41743746 -0.27595964 -0.31193957
v 0.41816604 0.07272038 0.85503197
v 0.27879256 0.12086517 0.72442442
v 0.20428069 0.19116338 0.09219006
v -0.53912246 -0.31014732 -0.42999095
v -0.50577199 -0.19558904 -0.20012555
v 0.15592225 0.32664672 -0.18614714
v 0.04043364 0.30611902 -0.05326106
v 0.31079665 -0.03320881 -0.14343646
v -0.27057704 -0.03551391 0.39642060
v -0.08679166 0.30435854 -0.45762914
v 0.13977547 0.24419767 0.14536330
v 0.14813855 0.24535556 0.09527650
v 0.08758116 0.36792037 -0.28335989
v -0.23702832 0.21111646 -0.16909547
v 0.28220627 0.15823761 -0.24925891
v 0.12354483 0.28997552 -0.01198883
v -0.09094632 0.34242499 -0.35969448
v -0.45372587 -0.14475651 -0.37780955
v -0.03040196 0.28312764 0.12741935
v -0.55790889 -0.38141924 -0.47297388
v 0.52351779 -0.26697090 -0.34960547
v -0.39861369 0.09938119 0.53548151
v 0.14867915 0.00177277 0.32615680
v 0.09354100 0.06953467 -0.58196288
v 0.19171441 0.07155249 0.03978714
v 0.15624568 0.21765138 0.27380070
v -0.13045332 0.02735538 -0.51580513
v -0.22851059 0.14073116 0.49285701
v -0.33940458 0.16669551 0.30115849
v 0.29241344 0.02650766 0.59426248
v 0.17462279 0.17636053 0.76870400
v 0.53961182 -0.12731721 -0.19675006
v 0.00392689 -0.22022085 -0.53644663
v -0.12886064 -0.01333298 0.10595077
v -0.24961370 0.00514179 0.44359004
v -0.06560864 0.06958693 0.27627689
v 0.28598714 -0.02681728 0.80327290
v 0.28765714 0.06678707 -0.14168556
v -0.55169231 -0.30555904 -0.42292723
v -0.16480716 0.05258889 0.03260310
v 0.27539983 0.14089924 0.84986478
v 0.48514134 -0.24395263 -0.23775475
v -0.40480602 -0.11384057 -0.35259241
v -0.26981866 0.05638238 0.71252459
v 0.04352310 0.26240426 -0.53205419
v -0.40506941 0.01134171 -0.28175139
v 0.41940400 -0.13662980 -0.21102431
v 0.44729412 -0.18613939 -0.40152568
v 0.60774291 -0.13242172 -0.24343888
v 0.33769360 -0.04693269 -0.14393711
v 0.19648254 -0.13816786 -0.15608315
v 0.37309781 0.08742295 0.30380523
v 0.61229390 -0.21623062 -0.26353347
v -0.44710621 -0.24025229 -0.19506697
v -0.11871247 -0.01423802 0.04604602
v 0.32002753 -0.04885880 -0.14618142
v 0.42254010 0.05489108 -0.19213915
v -0.43980423 -0.04512807 0.82719511
v 0.18619193 0.27662221 -0.10291495
v 0.40032202 -0.04611200 -0.31142756
v -0.36132595 0.00403458 -0.16078915
v -0.08973194 -0.30267826 -0.35346508
v -0.33824891 0.05138409 -0.17379396
v -0.51338977 -0.28836882 -0.21379320
v -0.32044661 0.15140052 0.45502770
v 0.12645166 -0.18941471 -0.35177034
v -0.08934946 -0.03959808 0.08307779
v -0.23317009 0.12287950 0.10554881
v 0.20668457 0.09776844 -0.01764483
v 0.48691294 -0.18466999 -0.44294325
v 0.30371693 0.14755851 0.73839289
v 0.35522008 0.06196380 0.43315759
v 0.00566947 0.42433307 0.37456051
v 0.29987463 0.14117511 -0.21023417
v -0.47936857 -0.21168146 -0.18969338
v -0.41339093 -0.22417146 -0.20512575
v -0.46508315 -0.04088369 -0.23374103
v 0.07347412 -0.33430532 -0.25647721
v 0.46280715 -0.15692584 -0.41374448
v -0.48280424 -0.34727308 -0.41645238
v -0.07430809 -0.07578757 -0.00964894
v 0.06192917 0.16097240 -0.57690591
v 0.15860793 0.19513810 0.81462973
v -0.20095941 0.26229417 -0.37603900
v 0.30214441 0.22219820 0.74686974
v -0.54013264 -0.45021239 -0.46598423
v 0.40599489 0.06019031 -0.17943521
v -0.09524746 -0.08124601 -0.55349761
v -0.22962683 -0.00916843 -0.12183635
v 0.02271119 -0.13094512 -0.08004666
v 0.28987974 -0.05332400 -0.15719099
v -0.18370199 0.01132412 0.11723616
v 0.19629084 0.22917810 0.84890765
v -0.24904804 0.10403991 0.81590527
v 0.45900285 0.01945992 -0.29012379
v 0.27463824 0.12249812 -0.39663669
v -0.15940887 -0.26283774 -0.56195313
v 0.10387906 0.25433302 0.16433492
v 0.11413194 0.13497137 -0.55951244
v 0.16658767 0.11603954 0.64903808
v 0.17537206 0.23268069 0.63328069
v -0.12154143 0.24726294 0.12340412
v 0.09888078 -0.29276666 -0.46163964
v -0.08842213 -0.18408211 -0.34525207
v -0.23813735 0.23782612 0.81345481
v -0.08524516 0.27538887 0.10457365
v -0.12894504 0.08302830 0.34857878
v -0.25586194 -0.05603907 -0.36061200
v 0.14374819 0.18876263 -0.53072160
v -0.38562676 0.05544185 0.33799183
v -0.28167191 -0.01765225 0.43686369
v 0.12677132 -0.29185706 -0.48978272
v 0.23574172 0.03047267 0.57002729
v 0.10304938 0.33507130 -0.13431719
v 0.54388249 -0.40730137 -0.54939574
v -0.01855657 -0.40352860 -0.32525671
v -0.54822993 -0.19897857 -0.23254558
v 0.57451659 -0.32711071 -0.54846144
v 0.27266368 0.09319193 -0.40712106
v -0.10217782 -0.31977388 -0.56616968
v -0.31568608 0.13931811 0.41829926
v -0.22409709 0.21244362 0.85328913
v 0.17772289 0.22292200 0.07026088
v 0.36621493 0.06385994 0.27890089
v 0.61312401 -0.37423137 -0.50701362
v 0.30025941 0.06667125 0.16932593
v 0.25597596 -0.08837949 -0.30354196
v 0.61275935 -0.37818849 -0.37772387
v -0.47869372 -0.19126967 -0.18907574
v 0.29782546 0.18806437 0.85449195
v 0.54114562 -0.29243007 -0.43377116
v 0.28046992 0.05124859 0.77225411
v -0.39791727 -0.10905220 0.83903980
v -0.40477610 0.06804078 0.47508094
v -0.06288014 0.29719377 0.03353373
v -0.14077257 -0.15706697 -0.21882190
v -0.48943332 -0.28714001 -0.43434411
v 0.13286880 -0.02543174 0.11604782
v 0.52238238 -0.24237312 -0.22556846
v -0.08145886 -0.28621867 -0.45994663
v -0.20796096 0.23165196 -0.39184341
v -0.31905597 0.01035035 0.22088903
v -0.27172768 0.14304456 0.44518492
v 0.21139298 -0.01464672 0.41389844
v -0.41934216 -0.15408872 -0.19466379
v 0.39252612 0.05594342 -0.16008626
v -0.14829566 -0.17620714 -0.37608036
v 0.37866178 0.07128956 0.33244324
v 0.06259201 0.25830764 -0.53034335
v -0.50485981 -0.44929370 -0.42189211
v -0.10089802 0.34776413 -0.20287542
v 0.05618384 -0.49848196 -0.28653085
v -0.57170999 -0.17131887 -0.24965778
v -0.00334493 0.19606495 -0.56994593
v 0.28775427 0.00347280 0.52518702
v -0.15059945 0.06626403 -0.51318926
v 0.36420381 0.00495417 0.38461313
v 0.17564887 -0.31403297 -0.59098613
v -0.28160852 0.00975854 -0.34760278
v -0.59523934 -0.29652476 -0.27852279
v 0.05486663 0.36331308 -0.17278242
v 0.32773030 0.20762409 0.70902532
v 0.22799490 0.21566311 -0.44008169
v -0.20845284 0.12864611 0.08417198
v -0.22374529 0.14884678 0.77150214
v -0.29678732 0.15713301 0.40363663
v 0.16441932 0.23708573 0.15920244
v -0.37909862 -0.13577083 -0.34751540
v -0.17849021 0.04396534 0.38257140
v -0.02322468 0.38590714 0.30019116
v -0.47472656 -0.33639920 -0.41472578
v -0.36395848 0.03951343 -0.17862865
v 0.33843103 -0.00791095 0.30951366
v 0.14599133 -0.01629275 0.02768865
v 0.30329135 0.14335352 -0.24013591
v 0.33941165 0.11954428 0.45619377
v 0.21291523 0.24651006 -0.08580760
v -0.36650822 -0.19337060 -0.25144261
v -0.38681772 -0.03762792 0.81111634
v -0.15560608 0.30320013 -0.14427456
v 0.22846019 0.28445998 -0.29289043
v -0.24042594 0.19450386 0.63986367
v -0.11786103 -0.27018136 -0.65101880
v 0.19289312 0.17845927 -0.50224298
v -0.43476006 -0.31488717 -0.41032434
v -0.19698870 0.21175556 0.13514449
v -0.07510994 0.36533582 -0.26396236
v 0.36345115 0.11712111 0.31354615
v 0.14668255 -0.22440685 -0.42345929
v -0.33772689 0.09684064 0.20360275
v 0.50156075 -0.23889513 -0.32056776
v -0.26322460 0.16413727 0.47656524
v 0.52649361 -0.05321580 -0.34655276
v -0.04000372 0.25795087 -0.53295368
v -0.36652189 0.17742871 0.80984157
v -0.60791898 -0.42344120 -0.37559456
v -0.00157626 -0.37616754 -0.24203925
v 0.35065287 0.09742621 0.22781086
v -0.29679894 0.10887560 0.15333776
v -0.03791449 0.46018106 0.34580100
v -0.13685620 0.19692463 0.32756230
v 0.08189570 0.00960261 -0.58005309
v -0.59693050 -0.31895831 -0.30321577
v -0.46421483 0.10818328 0.85040140
v 0.40351444 -0.07251379 -0.14755113
v -0.02316403 -0.15304132 -0.21066299
v 0.06616633 -0.36385784 -0.35732278
v 0.37653080 -0.00891269 0.85856873
v -0.53716260 0.01084269 0.83273369
v -0.48033497 -0.34121546 -0.41282192
v -0.12509452 -0.22523062 -0.41310608
v -0.54044962 -0.52273428 -0.41229722
v 0.04011948 -0.28989515 -0.48555297
v 0.21598868 0.26566002 0.63896328
v -0.01296970 -0.32058793 -0.21499041
v -0.12331909 0.32695413 -0.37713549
v -0.60501015 -0.38401625 -0.32217216
v 0.18479709 0.14316165 0.42781192
v -0.00885686 -0.45438641 -0.25484952
v 0.27454737 0.19046341 0.48282608
v 0.10177886 -0.03629871 0.06059462
v 0.14266299 0.01793487 0.33896318
v 0.00135892 0.28835887 -0.51322883
v 0.16148458 0.26060191 -0.07213974
v 0.57223469 -0.43096191 -0.51850969
v -0.20124266 0.26145634 -0.37705144
v 0.10361689 0.36564645 -0.28575394
v 0.21299866 0.21065271 0.50876623
v 0.16371033 -0.12260494 -0.43991673
v 0.24302672 -0.10373577 -0.34041804
v -0.03276121 -0.39676031 -0.24572447
v -0.34997883 0.14943314 0.29804537
v -0.19594124 0.08942013 0.63759094
v -0.01152457 0.24640357 0.27904326
v 0.53402460 -0.13573219 -0.19324534
v -0.10656592 0.26362568 0.10251632
v 0.56785017 -0.23016724 -0.52562612
v 0.24627639 0.22592551 0.23063163
v -0.46356243 -0.25999981 -0.19550212
v 0.17966023 0.18293585 0.75314552
v 0.02179223 -0.48393068 -0.30771488
v -0.34417963 0.15955544 0.27754611
v 0.26404127 0.12582979 -0.12357013
v -0.07382747 0.07004796 0.28090104
v 0.11045221 0.03151767 -0.56103903
v 0.30610940 -0.00626296 0.24635956
v 0.19428053 0.20606638 -0.03923546
v -0.02668897 -0.31799662 -0.22398956
v 0.16922644 0.19827753 0.85305011
v -0.16745684 0.19418119 -0.05184802
v -0.20519963 0.28946096 -0.30288577
v 0.64176148 -0.29364938 -0.45917821
v 0.13475911 -0.15941288 -0.19042511
v -0.35865194 -0.19006272 -0.30256146
v -0.20827127 0.05530199 0.42239490
v -0.48522270 0.04571258 0.84811383
v -0.53480244 -0.38114688 -0.28050166
v -0.14690398 -0.24242863 -0.55302662
v -0.10244374 -0.27777371 -0.56435692
v 0.51412737 -0.14741756 -0.18385807
v 0.18016985 -0.20729662 -0.52355456
v -0.31990138 -0.04119289 0.39823654
v 0.65953451 -0.31059450 -0.42336518
v 0.24242811 0.21691953 0.32254872
v 0.09317321 0.36179182 -0.22500797
v 0.31744006 -0.03158060 0.43776193
v 0.36820555 0.05561716 -0.15001605
v 0.57935673 -0.20933588 -0.49517155
v 0.02321426 0.36436659 -0.35133111
v 0.57826608 -0.22120181 -0.50672078
v -0.53835428 -0.23036984 -0.41344216
v 0.05441327 -0.32235768 -0.20965385
v -0.44802669 -0.31008005 -0.28006855
v 0.06050340 0.29082662 0.10391264
v 0.26647657 0.00051210 0.79707354
v 0.13312304 -0.00726732 0.27282733
v -0.08186688 0.30358216 -0.03472381
v 0.14525959 0.29760501 -0.09034762
v -0.25570905 0.13348000 0.85734016
v -0.18995897 0.09331533 0.54331368
v -0.10317201 0.27974814 -0.06724542
v -0.00413065 -0.13461059 -0.55616665
v 0.30098432 -0.00772809 -0.13742638
v 0.53229576 -0.20439962 -0.45774105
v 0.42326567 -0.17514153 -0.22839871
v 0.30869004 -0.02167113 0.83383524
v 0.14113432 0.07529151 0.36832872
v 0.54434854 -0.07413119 -0.22566439
v 0.29786938 0.24337377 0.54707468
v 0.25304025 0.28350383 0.70855153
v 0.19548073 0.04546542 -0.48219186
v -0.03528801 0.28526127 -0.51065791
v -0.61164093 -0.25590596 -0.29235959
v 0.03646779 0.32466528 -0.10740802
v 0.41258708 0.07208794 -0.26069769
v -0.04322705 -0.02351508 -0.58677548
v -0.43835059 -0.15818405 -0.38083044
v 0.17684621 -0.06798032 -0.03545442
v 0.19279891 0.02162901 0.41914383
v -0.32571527 0.05826009 -0.31568420
v -0.20899610 0.02964332 0.51453781
v 0.05236125 0.35219735 0.31076476
v 0.08791812 -0.26249924 -0.28816184
v -0.36003128 0.04494057 0.85085517
v -0.37612340 -0.04490370 0.38880494
v 0.07227869 -0.16277100 -0.16245744
v -0.33080220 -0.06556950 -0.15325586
v 0.53065562 -0.27176583 -0.36841410
v 0.02289058 -0.05404347 0.19756931
v -0.43960461 -0.30082294 -0.28524035
v 0.26863629 0.05393729 0.85188270
v -0.33752993 0.04358495 -0.32439172
v -0.16665034 -0.25794202 -0.57586205
v 0.07557533 -0.05023636 0.09102148
v 0.22534701 0.00198529 -0.43806177
v -0.10760511 0.35284504 -0.21998376
v -0.41271734 -0.07554633 0.84659219
v 0.24501027 -0.10710088 -0.26760039
v -0.32705754 0.17288452 0.22638287
v -0.00685269 0.33828503 -0.44632629
v -0.30692995 0.18827091 0.20184754
v -0.55483931 -0.13986382 -0.34717503
v -0.00284436 -0.24900834 -0.23141088
v -0.27519414 -0.01269707 0.46312124
v -0.40508795 -0.06521314 0.82937825
v -0.00538427 0.16099665 0.24681051
v 0.31426251 0.20127870 0.82203370
v 0.11148612 0.29695454 -0.07896408
v -0.18629074 0.08992232 0.59911382
v -0.33984396 0.04515333 -0.17046769
v -0.15145287 -0.30075371 -0.66391999
v 0.36972436 0.07857166 0.53940153
v 0.25994962 0.07569092 0.13591217
v -0.00172451 0.17727724 -0.57818502
v 0.23879975 0.01620776 0.79692435
v -0.32304305 -0.02746958 0.46388289
v -0.45402741 -0.30648735 -0.42197162
v 0.19845259 0.12337544 0.85113472
v 0.01505000 0.22908920 -0.55608523
v 0.00368717 0.23020221 -0.55568832
v 0.36471719 0.02934397 0.29793599
v 0.53024685 -0.26450890 -0.40626678
v -0.09031945 -0.14799647 -0.22515897
v -0.21479313 0.16157304 0.79729235
v 0.23520441 0.04290291 -0.43484974
v 0.62084085 -0.08416688 -0.29691038
v 0.23430431 0.20336163 -0.43376034
v 0.24987338 0.04732264 0.85503441
v 0.29789212 0.10458606 0.75745368
v -0.11052402 0.07492887 0.32261136
v 0.09553853 0.31589884 -0.44737723
v -0.15556546 -0.11204347 -0.41831136
v -0.24801759 0.18875735 0.37157059
v -0.12649369 0.32917756 -0.36738360
v -0.27906930 -0.01191238 0.49870554
v -0.37906682 0.01336164 0.31982866
v 0.25568321 -0.08898322 -0.30287099
v 0.30765396 -0.03536136 -0.14592169
v 0.00248066 0.25892168 0.29052594
v 0.05263073 0.34894454 0.30952376
v 0.55031908 -0.24042922 -0.53045374
v -0.60701299 -0.23710045 -0.36980882
v 0.45623508 -0.20366295 -0.25935894
v 0.15670918 -0.30053216 -0.57020044
v -0.02116221 -0.06901491 0.12385000
v 0.65253121 -0.12774925 -0.30580392
v 0.62932241 -0.17962533 -0.40316451
v -0.23961121 0.21138462 0.77258390
v -0.21699704 -0.11087954 -0.18990691
v -0.04699722 -0.34670994 -0.28150132
v -0.18148252 -0.08815618 -0.08531699
v -0.09511965 -0.00894504 0.21104603
v -0.14782776 0.24646524 -0.07641160
v 0.33276442 0.13697556 0.20765191
v -0.07144841 0.28226757 0.10168793
v -0.47981292 -0.34469992 -0.23975991
v 0.11135963 0.14828765 0.30799484
v -0.11114543 -0.01219832 0.20231640
v 0.18074702 0.08225337 0.44337219
v -0.13886721 0.03388039 0.33108813
v 0.31889856 0.05856062 -0.14194956
v 0.60285413 -0.11759876 -0.23801370
v 0.17667763 0.16161151 0.77827525
v -0.04904065 -0.05760251 0.09288324
v 0.31754488 0.08534864 0.76406479
v -0.53014165 -0.54714686 -0.35574555
v 0.53945488 -0.29713428 -0.45121378
v -0.52356780 -0.55414748 -0.44684875
v -0.09174826 -0.28420272 -0.62998343
v 0.47322944 -0.10008621 -0.17581841
v -0.57597470 -0.15633988 -0.31798857
v 0.18503290 0.29727480 0.83677781
v -0.23175967 0.18968537 -0.11769129
v 0.24694642 0.02832912 -0.10226383
v -0.24058934 0.00288814 0.18943869
v -0.12623097 -0.22618960 -0.52253067
v 0.03404481 0.30895054 -0.06507094
v -0.59027684 -0.18279967 -0.30605790
v 0.32692477 0.15329829 0.48541313
v 0.65359181 -0.34206566 -0.38288561
v 0.20029445 0.19614246 -0.05404752
v -0.20393457 -0.12922698 -0.22287595
v 0.22032784 0.24713542 0.57605058
v -0.31378913 0.00293345 0.79772049
v 0.00062171 0.28658858 0.13889381
v -0.28552988 0.06716961 0.73441404
v -0.07406442 -0.23277074 -0.33357102
v 0.50581557 -0.18079248 -0.44789976
v -0.13119465 -0.19769946 -0.40949014
v -0.39452013 0.06101073 0.44027227
v -0.25763828 0.21354082 -0.32381684
v 0.17987506 0.08935285 -0.52259976
v 0.26255161 0.15635613 -0.15314312
v -0.10739327 -0.13122988 -0.05182428
v -0.16227588 -0.02065601 0.24997851
v 0.24726696 0.26268974 0.60357463
v 0.02531909 0.47712290 0.35997856
v 0.12465984 -0.14996189 -0.08326607
v 0.44440544 -0.14967974 -0.38767594
v -0.10163731 -0.26558191 -0.41295731
v 0.15422516 -0.25883731 -0.62557465
v -0.53099275 -0.49514717 -0.38371614
v -0.13860716 0.09272476 -0.54059184
v 0.22218268 -0.01194197 -0.08193926
v 0.04055072 -0.32592481 -0.41515362
v -0.00622341 0.21478996 0.26189730
v 0.22972989 0.14963044 0.12419377
v 0.12867123 0.25222939 -0.51039404
v -0.17078854 -0.14480336 -0.27896562
v 0.04981161 -0.40054554 -0.34762913
v 0.19503656 -0.04861503 -0.04771432
v 0.29368663 0.06168419 0.16369894
v -0.31678575 0.19239742 0.26482320
v -0.38802782 -0.25577101 -0.34731901
v -0.58905786 -0.32438666 -0.34941915
v 0.58034867 -0.34432596 -0.39210698
v -0.08615004 -0.27851704 -0.53392512
v -0.24794300 0.09185255 0.77226752
v 0.31543165 0.13115174 0.76061988
v -0.50290763 -0.44690526 -0.40275222
v 0.25193733 0.13287686 -0.44255638
v 0.21837606 0.28563002 -0.33104438
v -0.15906011 -0.01197819 0.14909774
v -0.59182274 -0.50852996 -0.32005066
v -0.19127531 0.19474964 0.10327398
v -0.31882325 0.17279562 0.19625984
v 0.13976437 0.02185985 0.33619240
v -0.57661110 -0.52947354 -0.36811674
v 0.00084615 0.41501349 0.30136031
v 0.17472899 0.05957442 0.42374328
v 0.17657965 0.23790270 0.64808291
v 0.38407001 -0.00978473 0.82901967
v 0.08012522 0.36371541 -0.21839985
v -0.03069144 -0.45914647 -0.29539829
v 0.64959294 -0.17881174 -0.35592192
v -0.12977353 -0.21117547 -0.39401186
v 0.21003647 0.09272653 -0.48512778
v -0.01548773 0.40159521 0.37620196
v -0.09223625 -0.06149721 -0.00042400
v -0.56395805 -0.31262687 -0.41262785
v 0.19171068 0.04329407 -0.01423434
v 0.19813840 0.30243000 -0.19243276
v -0.44868058 -0.02708003 -0.27367651
v 0.38190889 -0.08230219 -0.15040424
v 0.30020410 0.14285605 0.17293912
v 0.14301474 -0.19642650 -0.46375650
v 0.06331263 0.28884643 0.11809307
v -0.59500474 -0.32319939 -0.33625802
v 0.11373723 0.33536026 -0.41170523
v -0.38267964 0.13808957 0.67115313
v 0.34570044 -0.03657837 -0.13632092
v 0.14879268 0.16531421 0.59218109
v 0.52474356 -0.27029485 -0.45346028
v 0.02223314 -0.10874838 -0.55997443
v 0.26444605 0.07354116 -0.41217980
v 0.21008089 0.04210865 0.57781321
v 0.30783829 0.00891698 0.82686925
v 0.17151374 0.20395508 -0.50505340
v 0.01169282 0.30918080 -0.04816840
v 0.36789086 0.02398270 0.45584899
v 0.05565210 -0.36083665 -0.23877040
v -0.18283714 0.06771944 0.03632843
v -0.38628915 0.12628785 0.47538882
v 0.18259165 -0.11631794 -0.09030826
v -0.27550906 0.17754689 -0.29877853
v -0.30109736 -0.04573277 0.37177721
v -0.15415481 -0.13739109 -0.09914307
v -0.09253080 -0.04966502 0.02170085
v -0.10385325 -0.33168858 -0.57301307
v 0.27337155 0.00330911 0.52880991
v -0.09645136 0.29983532 -0.45750174
v -0.13943304 0.18108821 0.34384981
v -0.27331287 0.12865040 -0.33820391
v 0.00511928 -0.05688793 0.19610274
v 0.37652242 0.04767165 -0.14739834
v -0.34242773 0.20424448 0.60888386
v 0.01994747 0.03459543 0.25690708
v -0.45101449 -0.08410190 -0.32081032
v 0.06450678 -0.10862853 -0.02290822
v 0.02424448 -0.02388985 -0.59194523
v -0.21174274 -0.02450130 -0.08880437
v -0.40827531 -0.25636628 -0.29016614
v -0.21916990 0.06944359 0.10081927
v 0.02052262 -0.05827421 0.16759403
v -0.37594435 -0.24452350 -0.35388285
v 0.30277079 -0.04293210 0.81615776
v 0.00878476 0.10711747 0.24196793
v -0.37343800 0.03819352 0.85106915
v -0.53747404 -0.51473969 -0.36788306
v -0.56171876 -0.14026602 -0.31730843
v 0.06026323 0.28534120 0.12559323
v -0.35116881 0.07083667 0.22617321
v 0.06804281 -0.14575481 -0.19223985
v -0.34151515 0.03148710 -0.16595544
v 0.10893998 -0.28190976 -0.50148445
v 0.00569144 0.48823437 0.33038309
v -0.33886105 0.07565261 -0.28288323

