# https://github.com/mikedh/trimesh
v 0.57500648 0.09694462 -0.15407132
v -0.50827634 0.08003072 0.21872108
v 0.69375157 0.10991985 0.00021877
v -0.13607471 0.12328495 0.13165241
v 0.54960114 0.05978324 -0.04406109
v 0.13982064 -0.14732033 0.05992083
v 0.34057239 0.05003101 -0.30358782
v 0.38869253 -0.13079253 0.12853028
v -0.30426499 0.01105157 0.12805784
v -0.40756872 0.18884346 -0.00136526
v 0.27981618 -0.17700565 0.18304081
v -0.31393158 0.18324846 -0.12007775
v -0.03708436 0.08038288 -0.19732341
v 0.44749802 0.09405519 -0.16068888
v -0.38918483 0.09925802 0.24978217
v 0.60696512 0.05616914 -0.18647078
v 0.06092297 -0.01161407 -0.27787170
v 0.55628270 0.05643306 -0.10110132
v -0.02567311 0.09696719 -0.17121628
v 0.61308396 0.07788558 -0.19115487
v 0.54910284 0.09832138 -0.13584422
v -0.24416581 0.00441104 0.27181387
v 0.52174968 -0.04074177 0.15533310
v -0.32697853 0.01192759 0.25512871
v 0.37061590 -0.10278891 -0.05240063
v -0.38205272 0.05912843 0.11674106
v 0.41133240 -0.07987848 0.00943718
v 0.62833357 0.11778328 -0.14822064
v 0.16167989 -0.18299380 0.30847448
v -0.08263814 -0.02041884 -0.20905343
v -0.06212488 0.05378218 0.17518315
v 0.56853765 0.08222587 -0.14516398
v 0.63208222 0.06284386 0.01596389
v 0.08829962 -0.23378655 0.28792274
v 0.15030389 -0.02389310 -0.24611089
v -0.24028644 -0.03247076 0.27931517
v 0.41386449 -0.05383981 0.00780526
v -0.13424441 -0.06294692 0.13424200
v -0.07285886 -0.07291164 -0.17845866
v 0.06212869 0.14677678 -0.37962955
v -0.09914744 0.04324424 0.21580884
v 0.00531578 0.14724241 -0.17221743
v -0.03149207 0.20605737 -0.12230087
v 0.60144544 0.04222620 -0.02042946
v 0.53723246 0.25235868 0.13652122
v -0.43641931 0.20028320 -0.05582568
v -0.02883223 -0.20151564 0.35896689
v 0.55265826 0.00504079 -0.03434794
v 0.10468023 0.03902832 0.08196002
v -0.11138007 0.06225419 0.02379620
v -0.16829255 0.22227773 -0.06883456
v 0.00333652 0.08205682 -0.06275393
v 0.55694366 0.09264745 -0.14174120
v -0.01331857 0.02213007 -0.11552854
v 0.61473614 0.06040775 -0.19027843
v 0.53201872 0.00972396 -0.04590124
v -0.41036901 0.03430337 -0.05894343
v -0.37751770 0.03554481 -0.04110650
v -0.36929220 0.04892517 0.33187354
v -0.04500967 -0.00871836 -0.25741637
v -0.33581099 0.21216401 -0.09940380
v 0.59540075 0.03302363 -0.14709048
v -0.02959093 0.01722507 -0.31381816
v 0.55517131 0.09694272 -0.18388505
v -0.33818966 0.23875102 -0.08084951
v 0.30603191 0.07078931 0.05086824
v -0.09803186 0.01329783 -0.28949517
v -0.14349142 -0.02534454 -0.22397652
v -0.13801077 -0.07919988 0.16989040
v -0.21467733 0.26019773 -0.08663800
v 0.46732706 0.08302082 -0.16589504
v 0.48503792 0.01584370 -0.01421582
v 0.64926255 0.08337815 -0.05183107
v -0.53172243 0.02769601 -0.19115894
v -0.22465664 -0.02429208 0.13854420
v 0.12367199 -0.08369213 -0.23327479
v 0.26638818 -0.11255751 -0.08062007
v -0.04751864 -0.11535224 0.26935002
v 0.58751327 0.07672333 -0.07812606
v -0.31919795 0.14316648 -0.00619064
v 0.02961639 0.03496376 -0.01788948
v 0.56063586 0.05311545 -0.09044202
v 0.35425842 -0.04718961 -0.26082453
v 0.50178063 -0.00785938 -0.08409658
v -0.05458216 0.15464033 -0.18691248
v 0.55134636 0.02255801 -0.04420893
v -0.32709691 0.08340417 0.32759845
v 0.47463435 0.13250931 -0.13964975
v 0.47202873 0.07103842 -0.02122352
v 0.49657872 0.25356710 0.10082319
v 0.53062660 0.08096190 -0.19493994
v 0.07929981 0.13965750 0.04749592
v 0.53843468 0.03761584 -0.06409480
v 0.36738810 -0.06573907 -0.26647258
v 0.46755219 -0.07237439 0.13495889
v 0.00074922 0.19977432 -0.17314194
v -0.24250028 0.10303618 0.13174409
v -0.18060872 0.14310589 0.00929363
v -0.11293459 -0.00810453 0.11354689
v -0.39445540 0.08807059 0.16100517
v 0.56308532 0.08166277 -0.03620151
v -0.36190900 0.22215080 -0.09527540
v -0.30843183 0.10777161 0.07960202
v -0.52837962 0.05030416 0.04116054
v -0.40568015 0.02128272 -0.30934399
v -0.60928822 0.08733218 0.05256793
v -0.18562825 0.07818919 -0.05713878
v 0.46736062 0.21505982 0.07487343
v -0.22773996 0.23445961 -0.15492889
v -0.26039636 0.19737437 -0.13436568
v -0.43152300 0.03368431 -0.31819466
v -0.11280220 0.15597320 -0.13112584
v 0.52791774 0.01646324 -0.05328285
v 0.04984963 0.02016157 -0.08868225
v -0.55330229 0.04008792 -0.24132514
v -0.03516035 0.04413660 -0.16525166
v 0.41124007 0.07486401 -0.21093568
v -0.04812460 0.11027578 -0.21162698
v -0.49452108 0.01971363 -0.18817142
v 0.58710468 0.07898557 -0.16351169
v 0.60362077 0.07675190 -0.04409890
v 0.66230237 0.08773862 0.00702955
v 0.20072006 -0.19640791 0.22526644
v -0.06398782 0.14118442 -0.19618702
v 0.64727145 0.09490389 -0.15027127
v -0.12219759 0.15289620 -0.17996562
v 0.59532154 0.11872619 -0.12524259
v -0.28138217 -0.00365621 0.25174093
v 0.47939965 0.04504110 -0.17253435
v -0.38240823 0.01745880 0.01365746
v 0.04142830 -0.16555342 0.31484750
v 0.67316878 0.08729947 -0.11104178
v -0.04316909 -0.13589492 0.28020394
v -0.21162882 0.10759434 -0.07637244
v 0.47145015 -0.13897753 0.19099855
v -0.43046942 0.02948101 -0.34972405
v 0.32396328 -0.10274467 0.02069999
v -0.58353823 0.10017929 0.00482836
v -0.51149017 0.10316274 0.07433344
v 0.14783561 -0.19166462 0.24305883
v 0.46249291 0.02742277 -0.23229872
v -0.15317549 0.09650506 -0.18122157
v -0.25635269 -0.05221131 0.20295249
v 0.61676645 0.02668822 0.00041814
v 0.14888471 0.04594788 -0.15099967
v 0.32709554 0.07216746 -0.33374709
v 0.04908681 -0.20464668 0.25375420
v -0.54287058 0.02250415 -0.05881781
v -0.13872696 -0.04769430 0.26145712
v 0.49895918 0.07320385 -0.03965683
v -0.04700643 0.20699774 -0.13506679
v -0.20522079 0.16792314 -0.02443953
v 0.04932874 -0.19933048 0.25923502
v -0.37009913 0.17969972 -0.05894254
v -0.42976665 0.18735808 -0.03480279
v -0.54250461 0.03074369 -0.11873262
v -0.14731434 -0.01512972 -0.21826726
v 0.60030532 0.05707604 -0.18240644
v -0.20854074 -0.06814239 0.18852122
v -0.12754443 -0.13056132 0.36249220
v 0.05117121 -0.20617446 0.25465894
v -0.52333701 0.07802579 0.17428546
v -0.28643590 0.09718832 -0.01894248
v -0.42005366 0.10934180 0.20249760
v 0.64440298 0.03704068 -0.11259930
v 0.04439965 -0.19510812 0.30969918
v 0.49772480 0.07590179 -0.16157013
v 0.38018465 0.04282653 -0.20342447
v 0.37736180 0.08348116 -0.14329855
v 0.46496224 -0.06137275 -0.08802237
v 0.64282674 0.05337816 -0.14818454
v 0.59642047 0.09654501 -0.10524224
v 0.57528150 0.10005632 -0.07724854
v 0.49173552 0.13490690 -0.11287265
v -0.50102228 0.05292542 -0.12467588
v 0.17449284 -0.02015345 -0.04376715
v -0.03331873 0.02828458 -0.07939693
v -0.56698143 0.03752656 0.00335987
v -0.39890322 0.09452417 0.02742737
v -0.28730986 0.15484555 -0.15403104
v 0.48748034 0.07414047 -0.18779549
v 0.48808074 0.18761560 0.11019440
v 0.51038188 0.19328597 0.11109404
v 0.40796763 -0.01648865 -0.21195534
v 0.44076449 0.02588702 -0.19188383
v -0.28541690 0.18809211 0.10469979
v -0.31394583 0.09164283 0.28754032
v -0.03210527 0.25348985 -0.26792443
v -0.60248792 0.07641003 0.15007871
v -0.33021873 0.14895765 0.03525614
v 0.20931330 -0.01702529 -0.27153593
v 0.55983019 0.07750902 -0.15662655
v -0.18677185 -0.05134967 0.29239461
v -0.36073279 0.12124822 0.26591545
v -0.11138029 0.02163912 -0.30964392
v 0.49582613 0.00582595 -0.14086585
v 0.69658697 0.10749480 -0.10676260
v -0.12645334 0.11586792 -0.22721823
v 0.52677363 0.08955556 -0.16325557
v 0.02809933 0.10300739 0.03278659
v -0.49557370 0.10097310 0.18596955
v 0.14131862 -0.17806917 0.26052096
v -0.00059562 -0.15499674 0.21013850
v 0.32660508 -0.03559926 -0.19982362
v 0.61630535 0.03789853 -0.11195140
v 0.27232900 -0.07426034 -0.32504681
v 0.57375139 0.06494942 -0.09723462
v 0.53276974 0.00884240 -0.12109336
v -0.34193212 0.08097223 0.21592006
v -0.52058434 0.01873314 -0.30549482
v 0.58684927 0.09960230 -0.12258327
v 0.19499616 -0.14430134 0.07171154
v 0.28488463 -0.18605334 0.14948913
v -0.27272639 0.04325637 -0.00044500
v 0.61364847 0.05542926 -0.18346654
v -0.25801095 0.15284760 0.12325226
v 0.55146915 0.04751069 -0.17060521
v 0.62690604 0.02208511 -0.00028717
v -0.31580853 0.01758125 0.08075629
v 0.64588338 0.09008536 -0.00733266
v -0.23210996 0.25200808 -0.09238970
v 0.38374203 -0.03311232 -0.13295397
v 0.17067602 -0.01769346 -0.07968330
v 0.01333743 -0.04734853 0.11190972
v 0.40414226 -0.13459247 0.14921749
v -0.57709438 0.05182567 -0.05830695
v -0.22013363 0.02359862 0.21655494
v 0.01090893 -0.18482110 0.34697556
v 0.35305694 0.05905265 -0.14725330
v 0.55949217 0.05560125 -0.09174749
v 0.45596460 -0.08295697 0.14546025
v 0.32909465 0.08105345 -0.35322082
v 0.50746882 0.00320004 -0.13986461
v 0.26983309 -0.05135979 -0.22084008
v -0.52363801 0.02160320 -0.28182456
v 0.45594516 0.07648768 -0.03907138
v -0.74188244 -0.04236369 -0.33057562
v -0.24491349 0.00758624 0.02651906
v 0.21108906 -0.08671413 -0.23479158
v -0.07289577 -0.14537027 0.30657414
v -0.07521845 0.04607743 0.23150504
v 0.32901672 -0.06997142 -0.19840695
v 0.42713946 0.04008497 -0.21630912
v -0.43313634 0.05117799 0.05302195
v 0.62923568 0.04191692 -0.01449092
v 0.46176931 0.07880697 -0.00827958
v 0.52030921 0.00675199 -0.06709957
v 0.57680684 0.08971122 -0.17017348
v 0.65285152 0.05662403 0.01618056
v -0.15966508 0.06324142 -0.04818280
v 0.29223546 -0.06113446 -0.21044773
v -0.17842090 0.11519358 -0.19430076
v -0.16629574 -0.00045426 0.28750455
v -0.27951640 0.10530293 -0.17527738
v -0.54854840 0.09739464 0.04795121
v 0.26522613 -0.06389877 -0.23399022
v -0.19350962 0.12483492 -0.22693728
v 0.40522760 0.08690445 -0.19689557
v -0.37453794 0.06046806 0.01345104
v 0.58806199 0.07701305 -0.17263915
v 0.28016323 -0.18219371 0.23885436
v 0.07253353 -0.15323398 0.03454308
v 0.66565776 0.10391378 -0.00619339
v -0.03958640 0.01497729 0.19865841
v 0.28199041 -0.07770196 0.02793710
v -0.37276566 0.05497113 0.20284626
v -0.29073891 0.09351179 0.18233764
v -0.06288821 -0.12974533 0.29673469
v -0.53517276 0.06361225 0.03515947
v -0.39289796 0.08451357 0.08885340
v 0.62012243 0.05807078 0.03202759
v 0.50704741 0.07260071 -0.16757873
v -0.21843331 0.17522705 -0.06129202
v 0.21750736 -0.13476725 0.05360933
v 0.36716983 -0.16046833 0.19785245
v -0.15239614 -0.07065037 0.26298076
v 0.39639983 -0.15344344 0.14711875
v 0.34680063 -0.04733545 -0.13873452
v 0.15476990 -0.03858012 -0.26495564
v 0.05624503 -0.22797498 0.19699149
v -0.24594837 0.03080711 0.25681928
v -0.32280222 0.17969611 -0.04020786
v 0.24453104 -0.10955478 0.07896596
v -0.11830064 0.06088114 0.05965239
v -0.11754401 0.08685216 -0.19717675
v -0.06065483 -0.08822198 -0.12934563
v 0.21007058 0.04505524 0.00979429
v 0.30031428 -0.03296653 -0.20266539
v -0.56330705 0.05029351 -0.02919485
v 0.24117537 -0.20948341 0.27399015
v 0.59008992 0.05876197 -0.04052014
v 0.11917404 -0.00238952 -0.24839541
v 0.49980414 0.01515018 0.01883096
v 0.57488000 0.02966089 -0.04509269
v -0.10636403 0.20446137 -0.22878224
v -0.11238259 -0.08147624 0.12086254
v -0.35116208 0.06047046 0.17810552
v -0.25472990 -0.04456758 0.09717447
v 0.59430933 0.03881455 -0.14636399
v -0.45880890 0.12327486 0.19304681
v -0.16380145 0.13462758 0.06295847
v -0.60592139 0.01946449 -0.28882337
v -0.25473583 -0.00460303 0.20693004
v -0.09868805 0.18644202 -0.17910120
v -0.03275260 -0.19515812 0.28491357
v 0.36504534 0.02174035 -0.03812645
v -0.45294255 0.07169892 0.03927290
v 0.47391808 0.00479738 -0.09397255
v 0.57274061 0.11850877 -0.08588496
v 0.06506900 -0.00941533 0.01973477
v -0.06287113 -0.12761122 0.30635607
v 0.58613783 0.12658963 -0.16689843
v -0.11078858 -0.00202578 0.26966086
v 0.36849403 -0.06105890 -0.28990021
v -0.30536109 0.06422867 0.06452926
v 0.10415259 -0.03112207 0.19713582
v -0.22946784 -0.02846548 0.14633569
v -0.47930077 0.08366238 0.04930867
v 0.50429475 0.07413954 -0.21399425
v -0.17195404 -0.07991359 0.21701235
v -0.23017158 0.06381217 0.14459892
v -0.42855567 0.19474341 -0.04466561
v -0.39742869 0.19508676 -0.03052548
v -0.28621113 0.01161365 0.26234329
v 0.61816353 0.09644800 -0.17729327
v 0.46132109 0.22204763 0.09688684
v 0.20870948 -0.09351901 -0.23055242
v -0.35612643 0.04081434 0.07035299
v -0.49441051 0.06324609 -0.11785573
v -0.24321580 -0.00595924 0.20789039
v -0.04788022 0.16774151 -0.17271447
v -0.24752581 0.05139267 0.02771048
v -0.33067739 0.09993915 0.23067063
v 0.10229062 0.04085091 -0.21782643
v -0.13522142 -0.03249390 0.28515005
v -0.09609821 -0.09362569 0.09325723
v 0.54298586 0.07585745 -0.02030052
v -0.43943092 0.03668270 -0.09039889
v -0.52991080 0.03915319 -0.28007698
v -0.05164185 -0.11981982 0.27438763
v -0.51698768 0.05384474 -0.14695416
v -0.02968381 0.13694745 0.06809214
v -0.03942847 -0.16864973 0.32534701
v 0.13610366 -0.21852188 0.36078316
v -0.17693031 -0.05930406 0.16301820
v 0.44945186 -0.02917252 -0.12074797
v 0.41902927 0.02429046 -0.20924374
v 0.24723467 -0.00586125 -0.30275559
v 0.36465859 0.04856460 -0.06964280
v 0.49084565 0.00264879 -0.04867053
v 0.33324826 0.03124638 -0.19606048
v -0.59811556 0.04871982 -0.26034445
v -0.24368107 0.15798326 0.16073273
v -0.41921848 0.16543512 -0.00548034
v -0.15340856 -0.09232557 0.33230507
v 0.22549812 -0.14885260 0.07034986
v -0.09303431 0.18448122 -0.18718071
v 0.00780089 0.03174993 -0.12471399
v 0.56541973 0.05066570 -0.16900852
v 0.43817282 -0.09713955 0.17635700
v -0.56105340 0.03608410 -0.23843496
v 0.43818337 -0.01002841 -0.00025556
v 0.63326192 0.03643696 -0.14346671
v -0.23354131 -0.02975747 0.26023358
v 0.03610817 -0.22700541 0.27881750
v 0.25989476 -0.04004286 0.00204499
v 0.56812084 0.09273677 -0.02185730
v 0.49445105 0.06501091 -0.19767375
v 0.30311793 -0.11037765 -0.32513326
v 0.28071105 -0.12007940 0.04930885
v 0.33595899 0.04609872 -0.30273631
v -0.06318019 0.11241767 -0.16878262
v -0.41480106 0.01209313 0.01846743
v -0.12718332 -0.03712806 0.22828591
v 0.40551475 -0.13563699 0.15132339
v 0.49021184 -0.00065799 -0.22217894
v 0.61336422 0.07535314 -0.18977524
v -0.44611838 0.08468136 0.25067765
v -0.10371187 -0.03335214 0.18582231
v 0.40527767 0.01895334 -0.14968185
v -0.14408432 0.12646732 -0.03774773
v -0.52668613 0.00691144 -0.40226993
v 0.06214648 -0.24217789 0.31510019
v -0.04003410 0.04382260 -0.16884491
v -0.06036530 0.09242317 -0.00434504
v -0.36206076 0.13295779 0.06944296
v -0.36045906 0.15708487 0.03151330
v -0.33565977 0.02950853 0.00709513
v 0.55551362 0.04217711 -0.17014129
v -0.21564835 0.14482445 0.11065055
v 0.36840442 -0.06044567 -0.24467432
v -0.28534609 -0.01131999 0.28538477
v 0.07626854 -0.25084656 0.30963734
v -0.18726543 0.07376578 -0.23854977
v -0.38218662 0.12066161 0.26319936
v 0.02082472 0.20861064 -0.17178157
v 0.16085437 -0.09051640 -0.24027672
v -0.27239031 0.00925845 0.18469587
v 0.35001227 0.04206423 -0.18210001
v 0.08349951 -0.20428692 0.31100971
v 0.01125812 -0.09489358 0.25156543
v -0.13368900 0.06677316 0.18578282
v 0.56667078 0.10362417 -0.11130986
v -0.50710446 0.02384660 -0.25972661
v 0.35719603 -0.16494849 0.21042612
v 0.29501596 0.10273317 -0.01918799
v 0.16665894 -0.08899342 -0.27060905
v 0.05669966 -0.22695747 0.19998237
v -0.48344368 0.00917286 0.01067870
v -0.12210180 0.11250043 -0.14610997
v -0.40885097 0.21059041 -0.07578541
v -0.25180298 0.10742441 -0.03299997
v -0.04634632 -0.02894488 -0.00877218
v -0.16361994 -0.07229957 0.26653922
v 0.54304993 0.12133874 -0.07755741
v -0.18154958 0.01754133 -0.23562606
v 0.46011621 -0.09172839 0.13903874
v -0.42011192 0.14204524 -0.00386515
v -0.11810520 0.02032727 -0.01908252
v 0.61973506 0.08271877 -0.03656693
v 0.44155616 -0.08350623 0.13783041
v 0.62384200 0.05571075 -0.02292478
v 0.61504626 0.06280313 -0.15256825
v -0.26459825 0.19532683 -0.12045169
v -0.46381295 0.06295234 -0.23082949
v 0.41300204 -0.12362434 0.14184661
v 0.04718950 0.07319103 -0.16480201
v 0.17658518 -0.01300414 -0.27365443
v -0.18923715 0.09131157 0.17083646
v -0.54757112 0.05311391 -0.02297565
v -0.14601317 -0.03666595 0.16375026
v -0.36226669 0.04483981 -0.09137829
v 0.43962079 0.00385741 -0.12757340
v 0.43870100 0.08478899 -0.11636741
v 0.51813161 0.05446203 -0.17623338
v -0.15202668 -0.08876944 0.17296481
v -0.19808674 0.03645637 0.21814370
v 0.22928661 -0.08890133 0.04767637
v 0.06553970 -0.06339146 0.05701901
v -0.13379931 -0.01987265 -0.24888146
v -0.14536533 -0.06048959 0.13705680
v -0.04344968 0.02935776 -0.08355152
v 0.41475946 -0.14933559 0.16757093
v 0.03584215 -0.20809425 0.32018071
v -0.07929540 -0.00351322 -0.30662063
v 0.40653187 -0.18650010 0.18443444
v -0.16302431 0.02511840 0.23910907
v -0.07891322 0.22470640 -0.18844736
v -0.35242176 0.04796053 -0.08761989
v -0.11227261 0.11806703 0.15363955
v 0.54780531 0.02207107 -0.13450964
v 0.67963958 0.09308248 -0.10898325
v -0.35520515 0.19003212 -0.07575936
v -0.08399080 0.21052992 -0.24189524
v -0.44257349 -0.02759881 -0.41336903
v 0.63788509 0.08361271 -0.15857702
v -0.32191855 0.08063188 0.32838821
v 0.13483693 -0.16767651 0.18252686
v 0.53526473 0.04858987 -0.01161916
v -0.17641225 -0.00354974 0.09866990
v 0.15561131 -0.23608437 0.17068802
v -0.05691561 -0.03812405 0.14407822
v -0.24679697 0.10264004 0.15358809
v 0.47476327 -0.04858278 0.12880178
v -0.16271155 0.02600116 -0.03765041
v -0.19858676 0.16046900 -0.00874960
v -0.39561835 0.08687535 0.03249394
v 0.30918971 0.07308103 -0.34272876
v -0.46531898 0.12181535 0.13453306
v 0.27028847 -0.09563070 0.08567376
v -0.29772472 0.17138332 -0.09580110
v -0.39739498 0.08039419 0.15275612
v 0.65512133 0.09538601 -0.14000429
v 0.41217992 0.09068203 -0.26074222
v 0.05213350 -0.16695595 0.32819140
v 0.44062582 -0.02794308 -0.12200634
v -0.49776796 0.10057548 0.07116450
v 0.39324093 -0.06016580 -0.07996790
v 0.44860959 -0.07942700 0.11173671
v 0.63470125 0.06456232 -0.03270045
v 0.57886559 0.10714687 -0.04239598
v -0.49961942 0.11996021 0.17976928
v 0.59203625 0.04019721 -0.11250058
v -0.00415041 -0.12845263 -0.10146276
v -0.44931960 -0.00041199 -0.37498170
v 0.51528370 0.00221243 -0.13870643
v -0.40480945 0.04376559 0.29739931
v 0.61426342 0.08807327 -0.10266748
v 0.46967095 0.05063619 -0.21631889
v -0.52545249 0.06625646 0.18428582
v 0.29916328 0.02187374 -0.15406463
v -0.25558215 -0.02096012 0.08631791
v 0.26282653 -0.14254910 0.03115974
v -0.24996346 -0.01371461 0.19077760
v 0.40021735 -0.14540391 0.19337410
v -0.05392289 0.00264293 -0.29344743
v 0.19478139 -0.23705488 0.19669539
v -0.31852198 0.05582450 -0.08199447
v 0.45671791 0.09273116 -0.21559808
v 0.04006693 -0.01487227 -0.25048241
v -0.49534386 0.07126401 -0.09515513
v 0.47580037 0.04953403 -0.15215388
v -0.48772067 0.01524055 -0.27850530
v 0.45739102 0.07746206 -0.03949337
v -0.24025208 0.17815939 -0.01767931
v -0.28781331 0.14487296 -0.00379154
v -0.11591716 0.09452024 -0.18836118
v 0.05353033 -0.10939051 0.29457337
v 0.01600591 0.17496531 -0.01468812
v 0.27790025 -0.08479781 -0.19328260
v -0.27591118 0.02405559 0.22434138
v 0.61561191 0.05894721 -0.17004278
v -0.09689206 0.13453007 -0.22247684
v -0.15991756 0.10390356 -0.22425552
v 0.00249600 0.03066136 0.08036955
v 0.41711169 0.05943973 -0.21304972
v -0.06041861 -0.06910729 0.15113008
v 0.36586675 0.06087658 -0.22441982
v 0.15562232 -0.20847863 0.25391495
v -0.17666036 0.10246766 -0.15366670
v -0.40918082 0.06440464 0.09385657
v -0.25360307 0.00897264 0.27519259
v 0.65513474 0.06632850 -0.15081224
v -0.09115481 -0.08736742 -0.00045691
v 0.59625089 0.04999095 -0.11724746
v -0.20267153 0.10304102 -0.13729413
v -0.43410710 0.12561645 0.03113186
v -0.29101661 0.00402547 0.14018467
v 0.28636050 -0.12272333 0.04692110
v 0.58445776 0.05361767 -0.05914189
v -0.29390171 0.13839905 -0.04166681
v -0.46677506 0.02749388 -0.11518665
v 0.36541516 -0.10563115 -0.05436943
v 0.30653679 -0.14361876 -0.06917459
v 0.04838192 0.12991519 0.03930575
v 0.60007370 0.07304755 -0.03711201
v 0.32449901 -0.16141322 0.18083581
v 0.44636786 0.05734151 -0.16261081
v 0.41518351 -0.00810905 -0.11832920
v -0.28187779 -0.00195205 0.25558156
v 0.12165093 -0.13312265 -0.13815555
v -0.13798676 0.06425354 -0.17828260
v -0.32985136 0.04461084 -0.21712613
v 0.04418813 0.14219829 0.07446655
v -0.23297858 0.16128381 0.00360827
v -0.03833266 -0.12491271 0.26383972
v -0.49683368 0.05922645 -0.20796189
v 0.35253409 0.10150169 -0.33273691
v 0.56591475 0.09892880 -0.06652068
v -0.23804067 0.06852765 0.19987403
v -0.25237915 0.12275478 -0.04546060
v -0.10233542 -0.12949929 0.30590668
v 0.40665677 0.06531459 -0.23314832
v -0.20654808 0.03265221 0.21128538
v -0.01203865 0.03249475 -0.06471289
v -0.38590088 0.19228561 -0.03356045
v -0.27726954 0.13647512 -0.16044235
v 0.44611162 0.10728323 -0.05510303
v 0.01530123 0.18855700 -0.19377582
v -0.32373720 -0.05708116 0.01869833
v -0.13632415 -0.01296406 -0.02868118
v -0.15494117 -0.06340677 0.27388737
v -0.38969135 -0.04547378 -0.42816150
v -0.22247204 0.09956652 0.16307250
v 0.46809196 0.21749610 0.10464312
v -0.42484167 0.01500528 -0.30878690
v 0.46344912 0.06340462 -0.19501285
v -0.17660668 0.08152783 -0.15977094
v -0.35722816 0.08139890 0.16392669
v 0.44861385 -0.09065714 0.14651085
v 0.20572124 0.04337239 0.08431865
v -0.02796358 -0.18935660 0.26316628
v -0.41919154 0.10574176 0.23569527
v -0.25343582 0.12136494 -0.14203954
v -0.31398317 0.08648050 0.04473069
v 0.16957931 0.01706399 -0.33586377
v -0.45496097 0.08769119 0.20638014
v -0.12270966 0.11835847 -0.20100005
v -0.05390403 -0.15158793 0.36483008
v 0.12573816 -0.01570702 -0.06849943
v 0.41093630 -0.01737223 -0.20661168
v 0.42104036 0.08219782 -0.21183123
v 0.57041126 0.04697520 -0.07690723
v 0.35133356 -0.15891279 0.18308470
v -0.18064867 -0.08138569 0.13504274
v 0.43251514 -0.01925251 -0.15975386
v 0.50228852 0.00556461 -0.18874010
v 0.27288955 0.07562560 -0.01989006
v 0.00379059 -0.16160530 0.07395209
v -0.38935351 0.13413405 0.24812034
v -0.06844090 -0.08724262 0.08525455
v -0.25870150 0.18612799 -0.15494506
v 0.20955531 -0.08234247 -0.36594796
v 0.63248253 0.09826022 -0.01450384
v 0.60367942 0.11935727 -0.15672880
v 0.28172290 -0.03654481 -0.25868642
v -0.10725927 0.16061091 0.08119205
v -0.40450546 0.02487364 0.02960768
v -0.31309941 0.11269518 0.11528352
v 0.69262826 0.09676659 -0.10687119
v 0.38172871 -0.18258283 0.20008938
v 0.63140500 0.08624877 -0.11107892
v -0.17106381 0.19537991 -0.17912301
v -0.04325241 -0.21774811 0.25844762
v 0.40111744 -0.15773208 0.16020933
v 0.06215525 -0.23338307 0.31387410
v 0.08464339 0.02909648 -0.07547268
v -0.21024224 0.11690471 0.08357225
v 0.08758253 0.13387978 -0.10971756
v -0.06450225 -0.13247088 0.37407410
v -0.10236124 0.23282266 -0.19351849
v 0.20465142 -0.20235282 0.28814650
v 0.06681213 -0.03433289 0.10340781
v 0.67620093 0.10808145 -0.11478099
v -0.16126335 -0.03579258 -0.22049363
v 0.01559414 0.00747880 -0.06252132
v -0.16934109 0.00147465 0.28970787
v -0.38401863 0.03110246 0.12915067
v 0.62441164 0.11079447 -0.12350249
v -0.09639490 -0.05948047 -0.12949814
v 0.33301780 -0.01528624 -0.26614755
v 0.36127967 0.03210922 -0.05406475
v 0.40447676 0.01342557 -0.21749575
v 0.52597338 0.02501828 -0.18799645
v 0.10205117 -0.18669984 0.34444091
v 0.45478144 0.11696541 -0.12725966
v 0.15377662 0.02522373 0.06908779
v -0.46832192 0.09643399 0.08069827
v -0.13682288 0.04385692 -0.24896327
v -0.14524710 0.09626326 -0.12049649
v -0.37431023 0.04583694 0.32754317
v -0.50430924 0.09820612 0.17759320
v 0.03605917 -0.20949522 0.32147366
v -0.14339590 -0.01747996 0.20924351
v 0.22609767 -0.17502892 0.23411983
v -0.33885682 0.06978807 0.17844425
v 0.46390367 0.00417055 -0.12077831
v -0.45881820 0.01459739 -0.22812064
v 0.60335112 0.11252911 -0.04008078
v 0.43391412 -0.01579763 -0.22346349
v 0.08397162 -0.23113799 0.29193386
v -0.28329331 0.01842166 0.17354369
v 0.06357498 0.08194335 -0.14083560
v -0.11164358 0.10506267 -0.15485290
v 0.54980260 0.04521120 -0.13029458
v -0.30614698 0.20081156 -0.02010807
v -0.36668298 0.22408657 -0.09820396
v 0.55346322 0.05234741 -0.13261284
v -0.08891377 -0.03014958 0.13684383
v -0.21160394 -0.07069252 0.01752387
v -0.59996629 0.05590253 0.12860873
v -0.40101820 0.03883062 -0.16642523
v 0.31918755 0.04327929 -0.15637206
v 0.59930325 0.08114461 -0.15688147
v -0.52903390 0.08651230 0.06504902
v 0.29192886 -0.04863150 0.02715838
v 0.56811297 0.09880982 -0.14885326
v 0.51740295 0.09319584 -0.13510345
v 0.06852615 -0.16251853 0.38540375
v 0.40075070 -0.01211439 -0.24819556
v -0.21122918 0.17300682 -0.06792560
v -0.54002321 0.05343582 0.02325598
v -0.48680726 0.06849201 0.00333825
v 0.53629637 0.09465559 0.00481722
v 0.49458885 -0.06789568 0.15780710
v 0.20309204 0.00207490 -0.08000620
v 0.50361705 0.07238472 -0.21128854
v -0.19929652 0.12132168 0.11393434
v -0.18004522 0.21175516 -0.22354062
v -0.34007734 0.08537250 0.14451225
v -0.07433957 -0.03678980 0.13858938
v -0.35499331 0.11004496 0.12952112
v 0.42351598 0.09387051 -0.11582337
v 0.11350615 -0.12796539 0.28846085
v -0.22107218 0.25147873 -0.08109699
v -0.39016744 0.04144710 -0.05466028
v 0.52133900 0.03949075 -0.02641757
v 0.26575059 -0.08170293 0.02814418
v 0.33026588 -0.15346916 0.22309384
v 0.03833913 0.16158117 -0.16386046
v 0.62963080 0.11757906 -0.14410664
v 0.46184677 0.07009882 0.02216020
v -0.16018330 -0.07563984 0.11984482
v -0.19674662 0.00216181 0.39395091
v 0.42968026 0.02759457 0.03817267
v -0.11209784 -0.06118467 0.28660208
v -0.34694606 0.02431922 0.32826850
v 0.02086189 0.02850187 0.02328046
v 0.36934367 -0.18156826 0.21084431
v 0.61217564 0.08216352 -0.06372885
v 0.42891750 -0.02213136 -0.16644874
v 0.42800874 0.04919544 -0.19459936
v 0.61634129 0.09556408 0.00196180
v 0.47252932 0.10860211 -0.10531282
v -0.21431765 0.00823411 0.06538227
v -0.29684547 0.20796071 -0.01729560
v 0.43040371 0.08962561 -0.21539101
v 0.34929967 0.04999118 -0.27613568
v -0.48367405 0.02500710 -0.34291551
v 0.57795560 0.06011143 -0.17457782
v 0.22245379 0.05817637 -0.39698786
v -0.19454004 0.15912086 -0.01780002
v -0.37152541 0.14275225 0.01812316
v -0.38898653 0.08525626 0.16850685
v 0.62860119 0.03346042 -0.13322973
v -0.25730732 0.04536533 -0.00265553
v 0.00140968 0.01352429 -0.08139686
v -0.51798373 0.06041786 -0.02969892
v -0.15591237 0.12540966 0.00531170
v -0.16558510 0.08307227 0.17394103
v -0.09980968 -0.09553054 0.16751371
v -0.11641896 0.05610235 -0.21504246
v -0.15695357 0.23705167 -0.20540920
v -0.47100216 0.06269708 -0.17260264
v 0.61082917 0.10563155 -0.17353575
v -0.30682260 0.18215175 -0.06275409
v 0.43564618 0.07638723 -0.20610078
v -0.41115993 0.17390907 -0.06790544
v 0.41685373 -0.12477855 0.17123371
v -0.39506224 0.12890223 0.13710819
v -0.34831670 -0.00024512 0.17350021
v 0.42829138 -0.04729544 -0.00274291
v 0.11014658 0.08234990 0.01076284
v -0.26884142 0.13939711 0.01180298
v -0.05642953 -0.16882804 0.22941545
v -0.22413640 -0.04471549 0.19049565
v -0.32965231 0.04853414 0.22144461
v 0.58753508 0.10125281 -0.09180342
v -0.41668233 0.09298760 0.23990601
v -0.43128052 0.08316901 0.09334309
v 0.27283970 -0.09563318 -0.34839001
v 0.15535617 -0.25518978 0.25099257
v -0.02343545 -0.12110381 0.20842114
v 0.42632660 -0.13007696 0.15127581
v -0.02636613 0.19033186 -0.02254042
v -0.44993448 0.14055438 0.06280892
v 0.37919587 0.02555229 -0.23583567
v 0.65186638 0.07529619 -0.03493084
v 0.01307933 0.02955142 -0.19130965
v 0.02569282 -0.17086604 0.21522972
v -0.10264741 0.09232342 -0.04806167
v -0.56214774 0.09483729 0.11893128
v -0.35601944 0.03785759 -0.01733203
v -0.41481286 0.10383590 0.17706427
v 0.61222458 0.07486567 -0.04719815
v 0.50376034 -0.01838519 0.12098689
v 0.37917301 0.17389449 0.06817511
v 0.48805413 0.06276244 -0.20096835
v -0.28467521 0.24552865 0.02297033
v 0.43322885 -0.03711459 -0.13529466
v 0.34271592 0.12596419 0.07128787
v 0.62153083 0.07049114 0.02512443
v -0.24962308 0.09864324 0.09444268
v 0.44721115 0.05040438 -0.15326397
v -0.19624327 -0.00694027 0.39544374
v 0.54757077 0.03359175 -0.18873787
v 0.62566662 0.03703126 -0.15979046
v -0.40179384 0.07414299 0.06453659
v -0.13594694 -0.01223257 0.24775913
v 0.46058133 -0.00391142 -0.12611356
v 0.54692525 0.03335438 -0.10923325
v -0.51567829 0.05855145 -0.10865030
v -0.04753232 -0.19646919 0.29979458
v 0.63519996 0.09758796 -0.10529193
v 0.02103543 -0.07554343 0.19946828
v 0.62960398 0.04629745 -0.11707248
v -0.27664715 0.22785388 -0.10572438
v 0.14329404 0.02694067 -0.15320428
v -0.29195586 0.14732555 0.06313339
v -0.15824769 -0.02043521 0.20097095
v -0.12589854 -0.08374402 0.29167512
v 0.60525262 0.10677253 -0.12717067
v -0.23642534 0.02355951 0.39257210
v 0.40030462 -0.01280007 -0.16044557
v -0.35761184 0.08028102 0.02286109
v -0.23367918 0.24651313 -0.11290295
v -0.39053205 0.11204625 0.04713469
v 0.46669811 -0.03175078 -0.21247418
v -0.54286265 -0.02397834 -0.43140739
v 0.59049493 0.04850686 -0.11965843
v 0.56428331 0.09677659 -0.14832619
v 0.18791190 0.00961354 -0.19737807
v 0.53649849 0.03512283 -0.16278994
v -0.10304329 -0.08028473 0.27802837
v 0.22328657 -0.13550206 -0.04856593
v 0.33076984 -0.01614898 -0.20709126
v 0.24245054 -0.18348096 0.24091561
v 0.55587679 0.05620272 -0.13293207
v -0.24869782 -0.04622900 0.09417710
v -0.40555921 0.06033193 0.14037342
v -0.23151684 0.10148013 -0.20762914
v 0.34601587 -0.16188580 0.19940005
v 0.46853217 0.03944196 -0.20513812
v -0.00337587 0.08794478 -0.17535716
v 0.55823696 0.00803978 -0.04346386
v 0.65083057 0.05385585 -0.13698503
v 0.00733154 0.09230432 -0.03777099
v 0.55879271 0.04649568 -0.04262348
v -0.21050242 0.00604042 0.39380473
v -0.16829604 -0.05944923 0.22654861
v -0.51599687 0.05612789 -0.14120951
v 0.27852628 0.05367328 -0.34307510
v -0.46504200 0.00837494 -0.36474842
v 0.36180377 -0.17051813 0.20748028
v -0.18711692 -0.01217985 0.12845200
v 0.45531875 -0.07848252 0.16434303
v -0.36458266 0.13193481 0.05476560
v -0.42520139 0.09747759 0.18082401
v -0.29917383 0.19276063 -0.12775102
v 0.17314279 -0.01490684 -0.26980600
v 0.42045468 0.00037206 -0.19603316
v 0.53088433 0.10082468 -0.08685854
v 0.43934286 0.00029426 -0.11720431
v 0.40837228 0.08174115 -0.08081988
v 0.39551497 0.03203084 -0.21577473
v -0.19110195 0.18713781 -0.21827093
v 0.57156098 0.03935324 -0.03939150
v -0.22767018 0.21445425 -0.09629095
v 0.60845739 0.03836548 -0.10886593
v -0.11180298 0.09438619 -0.20357138
v 0.43556315 -0.00043329 -0.12902156
v 0.26839411 -0.12874588 0.17464630
v 0.66086644 0.07694374 -0.10719407
v -0.64595151 0.04087397 -0.28051379
v 0.11215667 -0.17550606 0.21838547
v 0.49685949 -0.06949538 0.15160108
v -0.22402820 0.08371316 0.04961291
v -0.38012117 0.18647376 -0.07131751
v 0.11948907 -0.15576798 0.01534036
v 0.42631331 -0.09998725 0.13591415
v 0.53273821 0.03230890 -0.04512836
v -0.21509424 0.12129533 -0.01375218
v 0.38543701 -0.00825314 -0.20449419
v 0.47954229 -0.03663955 -0.09363706
v -0.11604646 0.02997211 -0.13208333
v 0.57626241 0.02320283 -0.03178117
v -0.22073001 0.00757380 0.27574056
v -0.20633042 0.14887142 0.16227266
v 0.27829263 -0.09259059 -0.15723348
v 0.35273540 -0.15206403 0.22054705
v 0.43163681 -0.03151339 -0.05459905
v 0.57383752 0.09757579 -0.02303533
v -0.16109502 -0.07447833 0.29173332
v -0.25074676 -0.01237365 0.39197859
v 0.23754272 -0.18663751 0.28164196
v -0.16152376 -0.09914786 0.25559255
v 0.16454881 -0.17808361 0.24833971
v -0.42537218 0.11023694 0.15911652
v 0.51154876 0.04202779 -0.18919617
v 0.18068887 -0.14353718 0.11816578
v -0.59068406 0.03120522 -0.31949666
v 0.40363914 0.04863892 -0.06368275
v -0.46459559 0.02056754 -0.36625755
v 0.18056393 -0.09346280 0.04481819
v -0.53250813 0.05423166 -0.21097043
v -0.06191552 0.09771904 0.15063787
v -0.54549921 0.11516227 0.09566295
v 0.59102964 0.01832046 -0.12507807
v -0.13353501 0.22193518 -0.23908523
v -0.17403233 -0.00118890 0.11755411
v -0.01799212 0.06264481 -0.13766629
v 0.60606402 0.02364075 -0.01892212
v 0.06730083 -0.03710670 -0.32327116
v -0.04424211 -0.13488829 0.25401592
v -0.26673043 -0.00105894 0.14954835
v 0.45947856 0.05656657 -0.05250426
v -0.07045595 -0.12536116 0.21630138
v 0.37889463 0.06275032 -0.20814140
v 0.00417917 -0.12447625 0.26363698
v -0.44247884 0.04716119 0.03316102
v 0.59748155 0.08075714 -0.16132706
v 0.44261959 -0.05052725 -0.14289969
v -0.17041779 -0.07831329 0.12256335
v 0.09349041 -0.08266366 0.06966367
v 0.59931618 0.03921501 -0.00261759
v -0.09041544 -0.00714935 -0.25428990
v 0.40997386 -0.16105606 0.17144656
v -0.48655704 0.08051952 0.05275625
v 0.61715204 0.07315353 -0.12159155
v -0.40145242 0.20335560 -0.06750516
v -0.16706201 -0.07188958 0.27907777
v 0.40786773 -0.01488572 -0.16054323
v 0.47646037 0.17761943 0.08166660
v 0.63789105 0.06861413 -0.04872350
v -0.44225794 0.04298444 -0.09918183
v -0.34364712 0.03970450 -0.01572840
v 0.25969598 0.09940189 -0.02798249
v -0.14894980 0.15181750 -0.07042187
v 0.48734629 0.00647973 -0.21377136
v -0.28347069 -0.02647258 0.35191506
v 0.17638284 -0.18946666 0.22946185
v -0.29465503 0.11186350 0.28171605
v 0.07292193 -0.19003546 0.24033009
v 0.43098485 0.08370689 -0.18804431
v 0.03754823 -0.13290855 0.25843188
v 0.37517381 -0.18431014 0.21647513
v 0.43448400 -0.00554353 -0.17369874
v -0.18798773 0.21834037 -0.12103081
v -0.33707562 0.03316326 0.33884639
v -0.42734897 0.08116268 0.02470643
v 0.35088140 0.15799868 0.06408980
v 0.16054901 -0.02386944 -0.30592173
v 0.00975513 0.04644935 0.07257216
v -0.28939128 0.22060029 -0.08399327
v -0.20023809 0.13580304 0.03881888
v -0.53452659 0.04784973 -0.19307451
v 0.25992364 0.01687378 -0.28283960
v 0.27656159 0.01483898 -0.23357031
v 0.35708991 0.05521128 -0.23724513
v 0.11033155 -0.24263656 0.29904592
v -0.48979405 0.06523989 -0.12770741
v 0.52155191 0.13594179 -0.12526853
v -0.53673124 0.07756466 0.19233412
v 0.47442329 0.12543488 -0.02712319
v -0.29900727 0.00246710 0.13300271
v 0.59350675 0.09009796 -0.13440596
v 0.14657959 0.00164044 -0.10785826
v -0.03743823 -0.03097224 -0.00754589
v -0.29576603 0.09176455 0.03516562
v -0.15155403 0.06961028 -0.12126400
v -0.19619739 0.11626790 -0.22503619
v -0.40652815 0.15542340 0.04853556
v -0.08934364 -0.07376301 0.21857505
v -0.36010322 0.06122378 0.01586218
v 0.37219077 0.05788611 -0.25570858
v -0.12131242 0.04789975 -0.04583120
v -0.32471395 0.07018688 0.19730601
v 0.43361753 0.08634776 -0.09907901
v -0.33057132 0.06824560 0.29741853
v 0.32911563 -0.06573679 -0.22925608
v 0.56487435 0.10376624 -0.12363666
v 0.25936145 0.00076872 -0.22696018
v 0.03916815 -0.14735743 0.14657760
v 0.27307534 -0.14176388 0.00235723
v -0.31433082 0.11734380 -0.03445089
v 0.61360377 0.10363922 -0.17417525
v 0.32458565 0.04083730 -0.26160759
v 0.04931386 -0.18061267 0.27070135
v 0.30915135 -0.05163293 -0.18909034
v -0.12335020 0.00614503 0.02651017
v -0.56098312 0.02213745 -0.33122316
v 0.56190407 0.10278147 -0.10142191
v -0.36320004 0.20725557 -0.03157435
v -0.35721147 -0.01845118 0.09500023
v 0.58032805 0.05539564 -0.04334985
v 0.56775981 0.08726646 -0.15014815
v -0.27749419 0.00710802 0.26857421
v -0.19023447 -0.01159312 0.28592026
v -0.23694800 0.25912863 -0.05446203
v -0.14530988 0.25335136 -0.10620387
v 0.28933316 -0.17599896 0.23748924
v 0.30442008 0.03275807 -0.31887475
v 0.53588313 0.06458767 -0.03270119
v 0.04061107 0.11078271 -0.36543915
v -0.36628306 0.20795676 -0.08254978
v 0.58086824 0.13092533 -0.03283687
v 0.67432201 0.10393586 -0.04971489
v 0.01888460 -0.23531124 0.26421428
v 0.59688163 0.06914808 -0.15332088
v -0.32554880 0.10603660 0.27979726
v -0.12721997 -0.09089193 0.18173769
v 0.35056013 0.04319766 -0.25300980
v -0.37149280 0.09069532 0.03356111
v -0.35296062 0.07282681 0.32478213
v 0.02687885 -0.03639638 -0.02702639
v -0.17124766 0.11811559 -0.13808039
v 0.68487704 0.11008798 -0.11494336
v 0.06579955 -0.19520213 0.28565377
v 0.31031400 -0.12775153 0.10352081
v -0.11225165 0.04441492 -0.23548101
v 0.03079966 -0.20168838 0.32722551
v 0.29339710 -0.18815824 0.23054920
v 0.27487618 -0.17280777 0.18857151
v 0.37714475 0.06886989 -0.08142845
v -0.24696887 0.16712376 -0.01137713
v 0.32146978 0.03441201 -0.19681269
v 0.18913341 0.05540825 -0.42312562
v -0.28423131 -0.04756472 0.11081256
v -0.40600967 0.09847905 0.22869053
v 0.19784233 -0.19849992 0.23409162
v 0.51775181 0.01651671 -0.14451535
v -0.51232797 0.05463602 -0.10143769
v 0.36832732 0.17141992 0.01386417
v 0.42556357 -0.11639346 0.14666185
v 0.07797442 0.04989469 -0.23210597
v 0.46738312 -0.01596712 -0.06704329
v 0.17819217 -0.07562250 -0.22916354
v -0.33492607 0.01775414 0.09695514
v -0.49762863 0.10496977 0.16600645
v 0.01956537 -0.20095663 0.35326445
v -0.08093278 0.12636007 -0.25138193
v 0.51291323 0.09423605 -0.00106480
v 0.33328265 -0.04871771 -0.19862893
v -0.08396766 0.01007038 -0.28013217
v -0.56987548 0.06478751 0.17381936
v 0.08703089 -0.01566635 -0.23001823
v -0.22123681 0.07137288 -0.28549576
v 0.48565465 0.11459447 -0.17178920
v -0.11199868 -0.08125904 0.07579061
v -0.24666792 0.19209410 0.01559266
v -0.17246938 0.23746645 -0.18203592
v -0.31162798 0.18679102 0.00645214
v -0.05283567 0.02591059 -0.24972558
v -0.34250176 0.03421474 -0.23681720
v 0.47178048 0.03498165 -0.08569027
v 0.23641396 0.03046755 -0.33158296
v -0.31968346 0.06505129 -0.02690237
v -0.34873888 0.05154981 -0.14021632
v 0.47198060 0.06737696 -0.01934621
v 0.59980977 0.11610165 -0.15681948
v 0.43384093 0.08291483 -0.17704798
v 0.51396197 0.11089021 0.01014953
v 0.16572113 0.06203893 -0.02969348
v 0.41369379 -0.15593734 0.18084863
v -0.23502895 -0.04077464 0.27001438
v 0.63349712 0.07478625 -0.10869989
v 0.04759245 -0.12580177 0.13805071
v -0.43297261 0.19472045 -0.08088599
v 0.62059247 0.06432119 0.02458813
v 0.36185330 -0.17978519 0.16681877
v -0.06810391 0.14785507 -0.24080859
v 0.42576855 0.04285423 -0.18732484
v 0.21978959 -0.12274992 -0.05002753
v -0.02104187 -0.13080263 0.28817290
v -0.52148080 0.05979978 -0.08994614
v 0.43622869 0.13020459 0.08726254
v 0.16363518 -0.27884051 0.20223285
v -0.21913823 -0.06842880 0.16349287
v 0.01477322 0.15131000 0.02486699
v -0.43861386 0.04712632 0.27369970
v 0.12804559 0.02116184 -0.27639067
v 0.60555434 0.08545409 -0.09941359
v 0.52024412 -0.00224364 -0.12421468
v -0.36828372 0.06181987 0.31292933
v -0.48258907 0.08416930 0.11099260
v 0.58809495 0.10698622 -0.12164462
v 0.36388308 0.18949097 0.05259418
v -0.20483248 0.08982588 -0.05745769
v -0.21996737 -0.00082764 0.15325747
v -0.01990646 -0.18242526 0.24784657
v 0.46952748 0.09347588 -0.05047979
v -0.37651700 0.06026996 0.33867124
v 0.55668777 0.09228744 -0.07430951
v -0.27688348 0.08205674 0.33349955
v 0.43243247 0.21544033 0.07832825
v -0.53550291 0.06277508 -0.05516067
v 0.49066371 -0.01228004 -0.09279640
v 0.48344475 0.13744448 -0.06750682
v 0.35552558 -0.14493255 0.18404391
v -0.14679895 -0.05560465 0.22218801
v -0.34315091 0.01374696 0.30648184
v 0.58603746 0.04419655 -0.14083925
v 0.23652555 -0.07137097 -0.28915322
v -0.33726501 0.05092126 -0.13956386
v -0.19794428 -0.08474431 0.14906526
v -0.47063690 0.10077618 0.04236815
v 0.07765183 -0.20639932 0.24523832
v -0.00854199 -0.07192357 0.08865318
v -0.37023604 0.01906434 0.11930719
v 0.24470297 -0.03178853 -0.26777604
v 0.32874799 -0.10718726 -0.06976372
v 0.58449024 0.07885666 -0.16231734
v 0.32846141 0.05541664 -0.30976135
v -0.04177870 -0.08948331 0.11472419
v 0.27295393 -0.17569134 0.22457358
v 0.11574019 -0.05001535 -0.28495318
v -0.30658934 0.03016452 0.21955051
v -0.08342639 -0.11334285 0.23498620
v 0.62495941 0.06501395 0.01904172
v -0.33701095 0.08083670 0.05194730
v 0.50004721 0.12077676 -0.06303878
v 0.19947425 -0.03004347 -0.25818852
v -0.36762962 0.10825041 -0.01816293
v -0.03395178 0.15488414 -0.16556196
v -0.02697814 -0.13131411 -0.10597641
v 0.15376943 -0.08131207 0.14169504
v 0.55663776 0.00716712 -0.02954182
v -0.43970633 0.21164437 -0.05921500
v -0.05071071 -0.12639073 0.21432011
v 0.37689990 -0.04399516 -0.15452024
v 0.26502171 0.07479483 0.06642301
v 0.29144374 -0.01054484 -0.24705532
v -0.08456482 0.05125533 -0.18181238
v -0.30389231 0.15855600 0.12268220
v -0.51742947 0.10535252 0.18078558
v 0.08311081 -0.19035259 0.31764865
v 0.60321259 0.09514850 -0.17329723
v 0.27309951 -0.18838133 0.16118211
v -0.38994116 0.21190330 -0.03997166
v -0.52404064 0.02508967 -0.33414838
v 0.02724907 -0.00407034 -0.03723209
v 0.45482811 0.08586422 -0.19232573
v -0.19296813 0.23796397 -0.08377044
v -0.27330858 0.03825025 0.37003198
v -0.42940938 0.16492802 -0.05471091
v -0.04798950 0.10509964 0.13739812
v -0.13929746 0.01766303 -0.06253543
v -0.47810978 0.02926263 0.01401549
v -0.13679408 0.09455428 0.05696820
v -0.22212189 -0.00547278 0.15620373
v 0.48178735 0.06403781 -0.20166084
v 0.58158106 0.02986135 -0.05262002
v 0.47661072 -0.04609533 0.12031020
v 0.47061190 0.07050028 0.02218523
v 0.42658183 -0.14109623 0.17460044
v -0.20072600 -0.06952980 0.16403112
v -0.31704614 0.08512258 0.18132272
v 0.29846227 -0.12919249 0.01601676
v 0.03453632 -0.10638954 0.11362822
v 0.03127108 -0.10535780 0.23017767
v -0.47516096 0.05718936 -0.03570472
v 0.37894496 -0.12898627 0.19484402
v -0.56178308 0.03685728 -0.26628795
v 0.67928129 0.09799100 -0.00915075
v 0.39885366 0.19636816 0.07944307
v -0.42688242 0.08258836 -0.00522405
v -0.50434881 0.11723663 0.18840238
v -0.28373551 0.19530077 0.05345079
v 0.04827519 -0.18960902 0.31212145
v -0.48148543 0.02427992 -0.24935372
v 0.54343516 0.08039638 -0.01150375
v -0.10924721 -0.16558969 0.28615692
v -0.46363539 0.07180512 -0.27033505
v 0.35271597 -0.07943827 0.03690551
v 0.43628654 -0.11621554 0.16483538
v 0.55680585 0.09618948 -0.13983035
v 0.17652962 -0.28497106 0.20103557
v -0.33026731 0.03231853 -0.01473452
v 0.54498535 0.04597369 -0.15814649
v -0.36630955 0.01236466 0.30710512
v -0.47120535 0.06035490 -0.24466449
v -0.30885258 0.09756842 0.03327329
v 0.43354014 -0.13075052 0.14986403
v -0.27175260 0.13244922 -0.09326760
v -0.35125270 0.13623865 0.03531753
v -0.05928461 0.17395863 -0.23136084
v -0.33151913 0.07615374 0.01346941
v -0.35594735 -0.02686125 0.30482867
v -0.27054796 0.15550762 -0.25098050
v 0.08483103 -0.24236232 0.23006120
v -0.00634915 0.09121422 -0.09825355
v -0.42215750 0.17051551 -0.00146367
v -0.55339986 0.02305643 -0.18995491
v 0.43223739 0.09455471 -0.17672919
v -0.40751874 0.02799824 0.03134281
v -0.36760545 0.02859905 -0.01030577
v -0.08314177 -0.08490565 0.16176301
v -0.50920284 0.06055032 0.00749066
v 0.32281631 -0.19078986 0.20718384
v 0.48477560 0.12477584 -0.08938342
v -0.39719385 0.02250974 -0.26690966
v 0.54748338 0.03324196 -0.05320884
v -0.29610705 0.19543874 -0.14074451
v 0.11372247 0.03996539 -0.22636437
v -0.37221426 0.11216196 0.21440567
v -0.45943230 0.06644449 0.00735347
v 0.57380474 0.31109303 0.15462434
v -0.04002586 -0.05970941 0.27360985
v 0.16558240 -0.00531238 -0.08720820
v 0.29768485 -0.15701450 0.22220875
v 0.57409418 0.29022473 0.14758833
v 0.35763282 -0.15277170 0.18353529
v -0.11419162 -0.10835949 0.26747712
v 0.60503101 0.03273685 -0.01979395
v -0.33036178 0.06647927 0.22115925
v -0.26354936 0.16582359 -0.24701527
v -0.34645241 0.11903616 -0.01952984
v -0.06557658 -0.00265813 -0.28619683
v -0.24955973 0.08151579 0.11859532
v -0.58399725 0.02866600 -0.00112079
v -0.56849182 0.05502211 -0.27063453
v 0.46434224 -0.00645485 -0.15139841
v 0.57120717 0.09170492 -0.02847653
v -0.28794014 0.04285755 0.35644040
v -0.04580581 -0.21674234 0.30285344
v -0.23317909 0.23484582 -0.04352236
v -0.40745586 0.06580557 -0.15053420
v 0.59410501 0.04811692 -0.12181674
v -0.13220946 0.04189081 -0.28517523
v -0.34156239 0.05834353 -0.11878494
v 0.03066041 -0.21763916 0.36022177
v 0.62016571 0.09619737 -0.15612356
v -0.25584331 0.12992519 0.12877426
v 0.67291826 0.08244668 -0.10426678
v -0.45180652 0.03047840 -0.21283363
v -0.37393969 0.05354409 -0.09621540
v 0.45232359 0.00907604 -0.15238859
v -0.31470525 0.20331092 -0.14366388
v -0.47636700 0.01877353 -0.25428471
v 0.37226659 -0.18557248 0.21432780
v -0.54135770 0.04287113 -0.22986029
v 0.69142801 0.10458577 -0.11068879
v 0.50073534 0.01923709 0.02346789
v -0.18833676 -0.11064937 0.15549196
v -0.22954702 0.14936247 -0.00838377
v 0.65981710 0.11802405 -0.11759831
v 0.41047865 -0.00550048 -0.17527708
v 0.45872003 0.17767277 0.10846332
v 0.23953277 -0.11227291 0.07962368
v -0.26996392 0.10656115 0.14816034
v -0.41676188 0.06285554 -0.07522219
v 0.61537319 0.06990954 -0.03211829
v -0.26437041 0.01968986 0.03725255
v 0.19113512 -0.02130869 -0.08327553
v -0.02348110 0.10363124 0.16522846
v -0.21293646 0.10078274 0.17177862
v -0.31144339 0.11062230 -0.00127199
v -0.29371098 0.18196684 0.11475461
v -0.29378784 0.10632910 0.29365149
v 0.40326226 0.22848260 0.04455274
v 0.61738819 0.09038474 -0.02983956
v -0.45799738 0.06666012 -0.24098608
v -0.28356943 0.24306783 -0.07379653
v 0.41482115 -0.00396226 -0.13510042
v -0.01040533 0.05629256 -0.00953885
v -0.27722117 0.06625086 -0.10872230
v -0.45737696 0.10003428 0.16265084
v -0.03068125 -0.17168301 0.24109763
v -0.11326823 0.16601923 -0.05841373
v 0.47038960 0.10431126 -0.14304243
v -0.47326711 0.00251231 -0.29688632
v -0.05973205 -0.00978446 0.18658966
v -0.22078952 0.10886298 0.16199067
v 0.63398904 0.10966310 -0.10643677
v -0.25964990 0.09490514 -0.19572526
v 0.49875507 -0.01070258 -0.09069295
v -0.49724394 0.08040432 0.04038755
v -0.03166458 -0.16940263 0.36177570
v 0.34855184 0.15553862 0.07028419
v 0.56049567 0.03883232 -0.18871108
v 0.27024364 -0.19712147 0.19611272
v -0.07072131 -0.07787230 0.25116599
v 0.00665347 0.03637365 0.14322835
v -0.20594105 -0.05858538 0.29117304
v -0.53247917 0.10729261 0.14308992
v -0.31565458 0.10152042 -0.02568851
v 0.40942591 0.08193117 -0.25826359
v -0.05450644 0.08404595 -0.19766489
v -0.55017447 0.05717498 0.01916281
v -0.34659660 0.09095624 0.19646326
v -0.30630839 0.02046180 0.08275611
v -0.37408140 0.10441452 0.20705186
v -0.19605130 0.01957700 0.38389879
v -0.28245568 0.16397257 -0.10635935
v -0.33710080 0.20443070 -0.09208281
v -0.25324580 0.04221215 -0.09114357
v -0.03391920 0.06305563 -0.12100689
v 0.51513112 0.01901273 -0.17662323
v -0.09837881 -0.06232110 0.24867833
v 0.51061851 -0.01158385 -0.17522699
v -0.35389942 0.05578259 0.13904239
v 0.01410893 -0.22601953 0.25251201
v 0.55716586 0.08789320 -0.07861328
v -0.32216433 0.17578225 -0.13695380
v -0.28469464 0.05220748 0.18460205
v 0.65404689 0.09274769 -0.00809787
v -0.11859109 -0.12625152 0.38011107
v -0.27058882 0.02771559 -0.18985158
v 0.58895826 0.02029162 -0.02909214
v -0.24497126 0.11278383 0.16656436
v -0.09427741 -0.04123032 0.13606189
v 0.40477750 -0.16178094 0.16844931
v 0.44612712 0.01735465 -0.17682876
v -0.30155605 0.03243040 0.24648467
v 0.40324709 -0.03219873 -0.26925480
v -0.05870949 0.13216980 -0.20941988
v -0.26836351 0.01643952 0.38906246
v -0.31493330 0.00427642 0.35398525
v 0.20539497 0.05044550 -0.01067716
v -0.06217776 0.01226400 0.22121650
v -0.49038097 0.01995808 -0.19801657
v 0.15957604 -0.19486056 0.28969914
v -0.44846874 0.03942612 -0.07985346
v 0.53089881 0.02972753 -0.19160831
v -0.36852542 0.06566486 0.18735772
v -0.23499253 -0.03212461 0.23885301
v 0.59121275 0.11854781 -0.09820344
v 0.60711288 0.04762811 -0.01661090
v 0.23160106 -0.14633943 0.04560383
v -0.47101811 0.02400589 -0.11653152
v 0.55728763 0.10372935 -0.15134971
v 0.60069150 0.02718114 -0.02072156
v 0.61065578 0.03560563 -0.11144082
v 0.50185585 0.08492632 -0.10024069
v 0.51983643 0.03237144 -0.16971411
v -0.13782895 0.07319907 0.06684051
v 0.62325191 0.02984657 0.00768093
v -0.57224262 0.04960009 -0.05601363
v -0.72104436 0.09099810 -0.00658879
v -0.26468465 0.10355260 -0.17389387
v 0.46388096 -0.02618799 -0.05422349
v 0.32340148 -0.00281792 -0.25310487
v -0.22017774 0.09807071 0.01997960
v -0.32759368 0.07214098 0.19257793
v 0.59105372 0.08263533 -0.05228461
v 0.02908950 -0.14113763 -0.06156484
v 0.37644097 0.13366830 0.02927162
v -0.04557639 0.10340917 -0.09159195
v 0.53035092 0.01915248 -0.08259457
v -0.41309416 0.01792005 0.08142120
v 0.13284136 -0.18133728 0.35337612
v -0.54106241 0.06701350 -0.07584952
v 0.42785767 -0.00051850 -0.16643216
v 0.00454807 -0.17001626 0.30327004
v 0.37230068 -0.04686318 -0.25665373
v 0.06495172 -0.24155930 0.23707104
v -0.44312501 0.15090629 -0.01130704
v -0.09719335 0.04102704 -0.23445520
v -0.19476593 0.06535351 -0.11253155
v 0.63424128 0.11844864 -0.13732038
v -0.23483860 0.17880988 0.09754506
v 0.51025134 0.06780899 -0.17492610
v 0.04134837 -0.23217914 0.24981472
v 0.59402180 0.03602070 -0.00989834
v -0.15753506 -0.02632763 0.40609485
v -0.00095269 -0.20781311 0.26770455
v -0.52835727 0.05931880 -0.21691684
v -0.30750841 0.10809837 0.05744139
v -0.22790457 0.09419864 0.01994260
v -0.28814396 0.01572776 0.23331018
v 0.36529779 -0.08211990 -0.03256533
v 0.55639911 0.04089647 -0.13920973
v -0.07438789 0.20593588 -0.15347104
v -0.46475473 0.11425364 0.20430267
v 0.58709788 0.03563653 -0.11339813
v -0.51426846 0.05397639 -0.04810520
v -0.34277505 0.11670732 0.02015650
v 0.09299327 0.05083239 0.06850620
v -0.06154189 0.07864073 -0.07676718
v -0.18420638 0.12211193 -0.24525246
v -0.22533318 0.10450090 -0.15965638
v -0.25136337 -0.03893495 0.25789800
v -0.29322839 -0.05995506 0.29059896
v 0.07269016 -0.21721399 0.22024080
v 0.31028935 0.11702135 0.08357802
v 0.32209939 0.04196642 -0.21183783
v 0.44631431 -0.00196919 0.00579246
v 0.17808695 0.01254146 -0.25960892
v -0.26383737 0.13748068 -0.10024658
v -0.36789736 0.17660777 -0.01750998
v 0.66191572 0.08688952 -0.04423427
v -0.08781513 0.23172286 -0.16557300
v 0.52940261 0.05892302 -0.01449758
v -0.25268251 0.10245603 -0.03115702
v -0.11172636 0.11271209 0.14852740
v -0.03363384 0.13896042 0.08231951
v 0.56874931 0.08559722 -0.08848114
v 0.47136438 0.00107334 -0.14894868
v 0.03144649 -0.16200517 0.15489155
v -0.22771202 0.14156097 0.16183951
v -0.23062873 -0.03173435 0.29246652
v 0.45162937 0.04401577 -0.17957225
v 0.48908573 0.12818295 -0.13275708
v -0.16566807 0.08528015 -0.08343623
v -0.04255630 0.01921690 0.15992346
v 0.60261345 0.09019092 -0.06702201
v -0.42161161 0.17342658 -0.01203789
v 0.60081196 0.03521294 -0.00306610
v -0.17727736 0.09679195 -0.06381306
v -0.14083055 -0.04079524 0.40525305
v 0.45090503 0.02271025 0.03002430
v 0.33308554 -0.07462408 -0.31693769
v 0.18868347 -0.15409659 0.06500632
v -0.36055148 0.12465703 0.08569100
v 0.45083648 0.06134455 -0.17041548
v 0.31717101 0.01494679 -0.09995891
v -0.11296448 -0.10562384 0.32044166
v 0.51155651 0.01838547 -0.16048013
v 0.34886616 -0.17154178 0.19555727
v 0.17720917 -0.14603677 0.08191480
v 0.50357664 0.01306074 -0.16580814
v -0.24433455 0.00048333 0.18549253
v 0.45043451 0.21559274 0.06707387
v 0.20277937 -0.17060490 0.28685302
v 0.59890926 0.09968768 -0.17514521
v -0.35623774 0.02506572 0.04895027
v -0.42644408 0.03176579 -0.25234789
v -0.12852828 0.00892065 -0.19290848
v 0.07312764 -0.09409046 0.22013763
v -0.27688307 0.03170049 0.25192276
v 0.32062641 -0.18038276 0.18341912
v 0.61220205 0.10063241 -0.16949807
v -0.15670255 -0.04629502 -0.12144548
v 0.41344514 -0.02982316 -0.15146881
v -0.06260391 0.03362507 -0.20611964
v 0.47534165 0.08617309 -0.18090932
v -0.00108721 -0.08486609 0.12309495
v -0.20837079 -0.00335827 0.39334497
v 0.30218196 0.15467894 0.01510102
v -0.19485697 0.00280717 0.05080343
v -0.34681600 0.12886550 0.25947475
v -0.44999075 0.13993348 0.16483499
v -0.28901660 0.10773617 0.14904788
v 0.56221581 0.08013126 -0.14941418
v -0.27010900 0.01375229 0.18957591
v -0.08952728 -0.06037942 0.16390286
v -0.06465180 -0.02561533 0.25728834
v 0.34480250 0.06265436 -0.15103278
v 0.29317591 -0.12466255 0.01346399
v 0.36364478 -0.15419331 0.13396360
v 0.01163751 0.01548739 0.19885868
v -0.13255681 0.28783867 -0.09598863
v -0.16677454 -0.04433614 0.17964743
v 0.55471706 0.03510145 -0.09534660
v -0.19072054 0.19497317 -0.26320359
v 0.53239512 0.00060928 -0.08162533
v 0.01787642 0.17328206 -0.13122252
v -0.17481127 -0.03312024 0.19879475
v -0.48488280 0.06388240 -0.08193932
v -0.52604973 -0.04406077 -0.42583650
v -0.34233767 0.07626022 0.35527465
v 0.13329384 -0.27184325 0.25029692
v -0.03915387 -0.14791809 0.38632002
v -0.37832502 0.10409290 0.06519768
v 0.44242728 -0.03005618 -0.05084492
v 0.57823747 0.07810169 -0.13759722
v 0.45696038 0.03387043 -0.23062430
v 0.64546764 0.10360324 -0.14026736
v -0.31624478 0.01487863 0.35834590
v -0.07673973 -0.09537762 0.17991473
v 0.20705481 0.05427781 -0.39115489
v 0.27882737 -0.08160862 0.03726953
v -0.16120157 -0.00748730 0.12331006
v -0.00187576 -0.04322372 -0.02210048
v 0.62954921 0.11457068 -0.12687960
v 0.36132103 0.01428790 -0.23222980
v -0.14564788 -0.01287067 0.12197302
v 0.18620956 0.01213004 -0.31758189
v 0.57480180 0.03648502 -0.04946909
v -0.03442206 -0.10957307 -0.12611020
v -0.08467850 -0.19525900 0.30760458
v 0.51222539 0.10354623 0.01231340
v -0.08841974 0.11049731 -0.27453655
v 0.52694267 0.03539296 -0.04702855
v -0.42538369 0.04578505 -0.16007087
v 0.44518793 -0.00962126 -0.00028117
v -0.12886423 0.17259772 -0.13167052
v -0.11976101 0.03187343 0.20776987
v -0.23709051 -0.02717879 0.19088379
v -0.48234898 0.01460564 -0.22627142
v -0.01620260 -0.12722650 0.15824418
v -0.12594542 0.00417539 0.01862666
v -0.04856448 0.16802944 -0.15688798
v -0.62494135 0.07682634 0.04829621
v -0.55950046 0.04104987 0.02353574
v -0.31191224 0.04270482 0.19702299
v -0.30730069 0.11181285 -0.04436955
v 0.57233685 0.09011857 -0.09886405
v -0.37459517 0.05246854 0.15190721
v 0.37376913 -0.06724096 -0.09172007
v 0.39942861 -0.07580280 -0.07902935
v 0.53844422 0.06038088 -0.17263231
v 0.05556050 -0.01959236 -0.31073609
v -0.15017116 0.11125094 -0.00266689
v -0.12816501 -0.14060602 0.28743646
v -0.17691751 0.20440093 -0.23097207
v 0.48279807 0.12062049 -0.10338284
v 0.08414042 -0.17236528 0.30809307
v -0.04061718 0.04106811 -0.01338671
v 0.64830917 0.07801295 -0.16711035
v -0.20418945 -0.03196594 0.25952524
v -0.28677616 0.20086542 -0.00390764
v 0.43177804 -0.02584089 0.04726870
v -0.02574068 -0.12283909 0.14535739
v 0.43473098 0.10241686 -0.17188609
v -0.45713389 0.18612073 -0.05198012
v 0.41914299 0.06175531 -0.19564897
v 0.52005780 0.05257884 -0.02817723
v 0.41414714 0.03229533 -0.03340406
v -0.08898805 0.02360755 -0.20230350
v 0.08664167 -0.18708073 0.24389103
v -0.15536106 -0.11133349 0.32196438
v -0.14340261 0.03809956 -0.36599821
v -0.18249588 0.05089495 -0.14812653
v 0.13239473 -0.26895201 0.24481554
v -0.14906882 0.09379746 -0.16791026
v 0.45590416 -0.02957111 -0.03947364
v 0.58356357 0.01691340 -0.03214200
v -0.14769152 0.03258753 -0.00651199
v 0.67505264 0.09183723 -0.00846219
v -0.38258725 0.07588319 0.30023843
v 0.38608819 0.00901249 -0.24587914
v 0.43866304 -0.08900222 0.13666584
v -0.41290697 0.09382265 0.09197737
v 0.32518971 -0.21029629 0.23876213
v 0.56592107 0.07264431 -0.10431331
v 0.60199088 0.01690785 -0.13674346
v -0.11731060 0.16101956 0.08305156
v 0.11061251 -0.19107547 0.20145373
v -0.23431817 0.08311754 -0.11043604
v -0.52477580 0.10538840 0.11387879
v 0.49797806 0.07799010 -0.17831315
v 0.61251491 0.02861545 -0.00668227
v -0.02486461 -0.08663841 0.08531897
v -0.16067231 -0.06422976 0.29770958
v -0.29803276 0.09258325 0.31872052
v -0.26350939 -0.05433822 0.03436199
v -0.22816917 -0.06598327 0.18830782
v 0.24098574 0.00042532 -0.30432516
v -0.09240584 0.09121767 -0.19069068
v -0.43817699 0.11425354 0.04166483
v 0.25327200 0.00180352 -0.09665954
v 0.01200056 0.03257625 -0.05944982
v 0.07037234 -0.25875062 0.31029066
v -0.10860299 0.12193218 -0.16660643
v 0.33980232 -0.16488048 0.21682492
v 0.59209150 0.09772862 -0.11601853
v 0.33250105 -0.17085098 0.23425478
v 0.50828701 0.03750539 -0.17652507
v -0.06539524 0.02700546 -0.15539417
v -0.34134683 0.08869784 0.21341497
v -0.49829340 0.02023849 -0.18465042
v 0.10637946 0.02507874 -0.07853486
v -0.36507127 0.05333132 -0.11154880
v 0.22966114 0.09097648 -0.04162179
v 0.36842749 -0.04130733 -0.24450731
v -0.14356983 0.15551832 -0.17333376
v -0.48377723 0.01347502 -0.36085108
v 0.40737277 -0.02361562 -0.19096060
v -0.32364091 0.10395806 -0.03400646
v -0.07841247 0.04593836 -0.23157938
v 0.43552631 0.08207619 -0.17614539
v 0.52801239 0.08457635 -0.16323729
v -0.46241805 0.11223800 0.23462693
v 0.02539493 0.07278155 -0.18282951
v 0.29340079 0.01430742 -0.10473833
v 0.36233246 -0.17342082 0.20560370
v -0.30927765 0.11148354 0.10487081
v -0.24840641 0.10157880 0.08286796
v 0.40272093 0.06727415 -0.17805909
v -0.11426906 0.09702086 -0.19124834
v 0.24995327 0.13452932 -0.05242701
v -0.36597347 0.21012793 -0.02079459
v 0.10293084 -0.17569578 0.33325833
v -0.44618690 -0.00727743 -0.36116767
v 0.57502043 0.06918617 -0.16178241
v -0.46372592 0.18002495 -0.05532458
v 0.61426389 0.05535142 -0.04349990
v 0.07864138 -0.21169981 0.23897363
v 0.38600487 -0.02939753 -0.25186837
v 0.43431872 -0.01688415 0.02804635
v -0.19264317 0.13856757 -0.05934973
v 0.29093713 -0.06503036 -0.31764421
v 0.17132694 -0.12081592 -0.15470377
v 0.23393936 -0.10052378 -0.17591327
v 0.68422842 0.11087272 -0.11878586
v -0.26743135 0.16865468 0.08441103
v -0.28250378 0.01550571 0.37074983
v 0.03579089 -0.19332376 0.30396098
v -0.57314825 0.04528324 -0.04229224
v -0.38678488 0.19730695 -0.02461531
v 0.40012178 0.07825412 -0.11022463
v -0.01060133 0.07433870 -0.05554761
v -0.19719967 0.03459483 -0.02708711
v -0.10811511 0.03897828 -0.25981534
v 0.32616377 -0.16944495 0.24187553
v 0.38952714 -0.04863887 -0.11550675
v -0.28569466 0.06900745 -0.08651096
v -0.03834725 -0.11100236 0.12923113
v -0.35709745 0.13096265 0.05387528
v -0.29279599 0.10464723 -0.05895977
v 0.29260451 0.00718369 -0.22015764
v -0.19062522 0.07902057 -0.18273121
v -0.17649254 0.02702689 0.38468063
v -0.19540974 0.10513262 -0.23895915
v 0.31224582 0.13344792 0.06840637
v 0.50281823 0.06567715 -0.18710983
v 0.02676710 0.07335904 -0.21720929
v -0.43920490 -0.00328256 -0.36087725
v 0.50580126 0.00925970 -0.14232354
v -0.13498719 0.15655997 -0.17178775
v 0.34841630 0.06089616 -0.24612990
v 0.29659227 0.08241838 0.02811590
v 0.44590837 -0.12177320 0.14490837
v -0.42612860 0.02015373 0.03786076
v -0.01675454 -0.12217246 0.14609608
v -0.30811429 -0.02541964 0.28227606
v -0.28043064 0.11100650 -0.06115017
v 0.02672064 -0.18632087 0.21097752
v -0.43416664 0.04403180 -0.09200666
v -0.48546344 0.09649315 0.21537681
v 0.19382076 0.03642318 -0.34916815
v 0.39558119 0.03413902 -0.22990867
v -0.09464189 0.04942094 -0.36188155
v 0.57244420 0.04555173 -0.06443536
v 0.42277792 -0.01868204 -0.21335836
v 0.66304219 0.08783044 0.00552979
v 0.64654166 0.03118228 -0.00501922
v -0.15610427 -0.04928058 0.25750667
v 0.39836276 0.13094693 0.07442336
v 0.19747129 -0.04820488 0.00363751
v -0.47553319 0.04942432 -0.04299828
v 0.04692481 0.01181120 -0.32444531
v 0.02745611 0.21236435 -0.09268391
v 0.53790879 0.07641253 -0.01344922
v 0.52708519 0.04830829 -0.00546517
v 0.67958677 0.05399857 -0.11042491
v -0.32327473 0.20596270 -0.13909520
v 0.57132459 0.04075373 -0.10805833
v -0.47612613 0.00213274 -0.35812482
v 0.23758046 -0.08107913 -0.21094655
v 0.19636665 -0.11355560 -0.07784434
v 0.01038508 -0.00747934 0.15555222
v -0.31053534 0.19523519 -0.10887699
v -0.22932754 0.06056710 -0.02400012
v -0.33701545 0.06020361 0.34366494
v 0.53570431 0.03519019 -0.05766775
v -0.54723036 0.03143576 -0.25565788
v -0.45844582 0.03623061 -0.18893413
v 0.63822049 0.08485721 0.01119616
v 0.63257110 0.06488374 0.01383602
v 0.52929133 0.06282660 -0.16866814
v 0.50439882 0.06554098 -0.18469012
v -0.19250965 0.06464647 -0.16374810
v -0.00950041 0.12110886 0.06560142
v 0.59349978 0.09864126 -0.11931758
v 0.64690059 0.02175233 -0.00492530
v -0.11786216 0.02461004 -0.25803554
v -0.04350710 -0.23194739 0.27575082
v 0.37165487 -0.04554714 0.05127679
v 0.60204339 0.03320892 -0.11277644
v -0.38493037 0.03592396 -0.10741801
v -0.00820823 0.08475804 -0.00171225
v -0.45013514 0.11539323 0.21899183
v 0.53051323 0.00389356 -0.08110963
v -0.14024773 0.06883925 0.13929196
v -0.06062841 -0.04579002 0.24480540
v -0.23889253 0.14629181 -0.14256956
v 0.55661374 0.05036718 -0.14217009
v -0.28605783 0.11803975 0.07609087
v -0.41033980 0.07613224 0.10894996
v 0.51917839 0.11807242 -0.07639204
v 0.27418178 -0.17654590 0.21781649
v -0.02833660 0.01694527 -0.30978084
v -0.00511198 0.01170897 0.09218557
v -0.26585221 -0.00125203 0.36596224
v 0.51900196 0.09481667 -0.18243752
v -0.07998586 -0.05738610 0.16135615
v -0.09583396 -0.07653370 0.27608883
v 0.03019606 0.16536349 -0.01429797
v 0.32323799 0.07428455 -0.33668706
v 0.06929612 -0.14204641 -0.03221010
v -0.43577456 0.14708811 0.00708327
v 0.34787053 -0.02284244 -0.20710325
v 0.20588751 0.07005379 -0.03232101
v 0.50921559 0.03161491 -0.17126775
v 0.05139893 -0.07122219 0.07111558
v 0.08606039 -0.22860554 0.33210289
v 0.21098897 -0.20711273 0.28686467
v 0.43469384 0.20965546 0.09196091
v 0.46521419 0.01721631 -0.17044778
v 0.67791355 0.09688799 -0.11014663
v -0.17311257 0.14217588 0.09750395
v 0.62532794 0.06141031 -0.01323471
v 0.37065810 0.10605925 0.04307526
v 0.49157143 0.09071536 -0.01866066
v 0.37055579 -0.16413715 0.14359994
v 0.61293268 0.09436896 -0.16875698
v -0.11589628 0.10196251 0.15816185
v -0.22691172 0.16849002 -0.00878248
v 0.48671359 0.09913290 -0.15583284
v -0.12899271 0.07882120 -0.15167177
v -0.10106173 -0.02010140 0.11952988
v 0.59686559 0.06949393 -0.15484767
v -0.23799336 0.11214913 0.12829274
v -0.07180651 0.07910520 0.01927090
v 0.53410375 0.07705310 -0.00952078
v 0.25382569 0.00816397 -0.24555176
v -0.26748607 0.03761203 0.38092008
v 0.41785097 0.07633431 -0.20893317
v -0.16573909 -0.05401415 0.21880968
v 0.66987467 0.09274241 -0.10099462
v -0.09975727 0.16736832 -0.03219679
v 0.00289866 0.11162877 -0.06162785
v 0.05720244 -0.03189635 -0.02191281
v -0.26855966 0.10255022 0.08176510
v -0.07711497 0.20549941 -0.18661378
v 0.37713161 -0.17557028 0.16778600
v 0.07035154 -0.23095763 0.30181035
v -0.53948510 0.08912587 -0.01449590
v 0.29716766 0.01769298 -0.28242677
v -0.29970834 0.06270657 0.34149158
v 0.32301155 0.13856840 -0.00394943
v -0.48266017 0.03810354 -0.24890643
v 0.29251206 -0.18101451 0.22349681
v -0.51560932 0.01375760 -0.29080552
v 0.44082272 0.02921043 -0.18101469
v -0.22486776 0.10219580 -0.07240237
v 0.35984233 -0.03757257 -0.19313331
v -0.17722514 -0.04734720 0.30555278
v 0.51183730 0.02547396 -0.16883922
v -0.39208862 0.02671343 0.01382744
v 0.53191620 0.09642689 -0.17416091
v 0.61744481 0.08814172 -0.10970059
v -0.22997923 0.11168870 -0.01930197
v -0.38416377 0.09365562 0.17018031
v 0.57372153 0.02331668 -0.11534113
v -0.31259769 0.08526008 0.29939350
v 0.43487448 -0.03781978 -0.08004370
v 0.63042378 0.04953891 -0.16284767
v -0.14976943 0.01586017 -0.01527718
v -0.31772232 0.13512747 -0.10979008
v -0.16000736 0.23202443 -0.11398163
v -0.08516888 0.08755246 0.02507220
v 0.28811601 -0.07058141 0.01478836
v -0.16839927 -0.04455960 0.16655035
v 0.45506883 -0.02804926 -0.04445206
v 0.00261454 0.00517479 -0.24533616
v -0.15808809 -0.15214723 0.33484411
v 0.43721241 0.05325292 -0.21140939
v 0.52583188 0.10856974 -0.09948382
v -0.50863129 0.06521054 -0.00775083
v -0.35621607 0.02494079 -0.26243937
v -0.19543549 0.18187784 -0.13240588
v -0.25873393 0.19484332 0.01254330
v -0.27480686 0.04036643 -0.20184514
v -0.28192005 0.05109571 -0.05518949
v 0.55068201 0.09938681 -0.17540690
v -0.12245397 0.02147868 -0.20739874
v -0.30545530 0.03411273 0.34229946
v 0.67108327 0.09735632 -0.00000338
v -0.17062795 0.14211744 -0.09462820
v -0.07063702 -0.09767699 0.14601976
v -0.32033122 0.21987225 -0.09775658
v -0.34924239 0.05786531 0.14035128
v -0.07654493 -0.14026803 0.30234703
v 0.44934189 0.05780402 -0.04731608
v -0.22061276 0.04271767 0.24973592
v 0.12821175 -0.17150819 0.22082891
v -0.52917081 0.04974288 -0.19036931
v 0.53573400 0.07590447 -0.03942263
v 0.11073121 -0.24737149 0.25991908
v 0.42883977 -0.00234889 -0.11851542
v 0.06591743 -0.18669069 0.22228573
v 0.00385430 -0.00182348 0.20643163
v -0.06566487 0.05552359 0.18212293
v 0.56310076 0.00900618 -0.04121630
v -0.17722495 -0.08155438 0.20612052
v 0.50380194 0.04103461 -0.16238704
v 0.25707033 -0.08538624 0.03102395
v -0.24303937 0.08114672 0.15112947
v 0.41636330 0.06403242 -0.17970775
v -0.51810670 0.05675213 -0.20650057
v -0.01154307 0.03439808 -0.20845044
v -0.00478152 -0.13922857 0.32786578
v 0.34772798 -0.18469122 0.15824719
v 0.43234658 -0.15735988 0.18269721
v -0.24380088 0.14618349 -0.17727897
v -0.54716623 0.09128615 -0.00120607
v -0.29607734 0.10988045 0.08799048
v -0.11655611 -0.07177977 0.14857611
v -0.38021457 0.14831112 -0.04084985
v 0.10303453 -0.19835243 0.20445725
v 0.33286017 -0.07484201 -0.13263398
v -0.42818335 0.08019899 0.00988662
v -0.13014466 -0.00037302 -0.25426602
v 0.03528546 -0.01505019 0.16110823
v -0.01352279 -0.03868876 -0.01654054
v -0.48779082 0.04762997 0.19213431
v 0.40970007 -0.04050278 -0.15528461
v -0.21267447 -0.04478312 0.14275654
v 0.45050550 0.27117711 0.08743924
v 0.46901828 -0.08061357 0.14651075
v 0.15330191 -0.00756502 -0.29889703
v -0.23282012 -0.02227017 0.27786770
v -0.19881555 0.12087246 0.17910160
v -0.50549442 0.07812455 0.04577883
v 0.57318819 0.09205352 -0.01827731
v -0.35660833 0.15592891 0.08888459
v 0.20605198 -0.17100640 0.22281879
v 0.41190717 -0.05864500 -0.06632809
v 0.57883686 0.04832015 -0.02259851
v 0.53142947 0.02325033 -0.03999780
v -0.24844858 0.00914992 0.20291054
v -0.51146579 0.06221965 -0.02290509
v -0.36710408 0.19053559 0.00448378
v 0.50248003 0.22730392 0.10672794
v 0.29339656 0.15486619 -0.02767628
v -0.11428384 0.06765568 0.09885253
v 0.62350577 0.07533880 -0.12363127
v -0.00471671 0.00305480 0.17181832
v 0.54695588 0.04857829 -0.17582433
v 0.52084029 0.02224156 -0.19246778
v 0.60332996 0.11421569 -0.12526941
v 0.10174564 -0.25157863 0.24981309
v 0.00828406 -0.02298295 0.03431492
v -0.53327149 0.01056480 -0.10593030
v 0.50440311 0.03489586 -0.06996620
v 0.63685495 0.09627663 -0.13449544
v 0.53347301 0.03891644 -0.17179553
v -0.05168431 0.14401969 0.06483817
v -0.32020789 -0.01283148 0.22570573
v -0.01878929 -0.00123434 0.22512138
v 0.13377620 -0.22032848 0.29223201
v 0.58384597 0.07890120 -0.09271611
v 0.19888304 -0.13500737 -0.08266386
v 0.24994250 -0.18770754 0.17528324
v 0.45631504 0.22209921 0.07786581
v -0.20830899 0.23394273 -0.05864006
v -0.11134529 0.01317585 -0.01842069
v 0.47001982 0.18774331 0.11037970
v 0.38901728 -0.18338697 0.18231727
v 0.02303550 -0.17779972 0.23093915
v -0.46575284 0.03508259 -0.14657313
v 0.62347358 0.06613661 -0.19315116
v -0.54678380 0.06158058 -0.08611453
v -0.05048576 -0.20927942 0.30608198
v 0.62162143 0.11658452 -0.12464827
v 0.36848110 -0.17202830 0.16754711
v -0.35257894 0.22590441 -0.02506879
v 0.43116772 0.19358715 0.09560171
v -0.58150363 0.10376471 0.05649534
v -0.42840201 0.05366175 -0.05812490
v 0.49563491 0.02192611 -0.22059412
v -0.25189120 0.00631279 0.27313107
v 0.62838155 0.07989842 -0.17993100
v 0.64584494 0.01869436 -0.10989916
v -0.03974900 0.09974404 0.14285874
v 0.34738535 0.01463963 -0.22669545
v 0.55936337 0.05087754 -0.14683080
v -0.18216763 0.15349546 -0.03975368
v 0.54051930 0.03676655 -0.18928888
v -0.17442781 -0.00450197 0.01242711
v 0.04108760 -0.17353861 0.29878092
v -0.04895205 0.18834391 -0.13270128
v 0.62337202 0.11112724 -0.14419274
v 0.15797478 0.01017043 -0.32467425
v 0.45338139 -0.02137091 -0.19976230
v -0.13105637 0.15283906 -0.24359526
v 0.41247123 -0.01712741 -0.21506956
v 0.15552509 -0.19414377 0.23324834
v 0.60224330 0.05085073 0.01742722
v -0.40635437 0.04511100 -0.08673650
v 0.43610901 -0.02076374 0.02875228
v -0.29071748 0.23002115 0.04601610
v 0.42476085 0.19479990 0.04791018
v -0.28295809 0.10345583 0.12734716
v 0.64261866 0.02779258 -0.00179644
v -0.30613694 0.22634859 -0.10134122
v -0.51701212 0.06103852 -0.05904606
v -0.37832296 0.03564465 -0.02787085
v 0.22731414 -0.21111423 0.29232699
v 0.58573091 0.09794857 -0.09361875
v -0.26503772 0.07516745 0.01096125
v -0.32423469 0.08291185 0.17658114
v -0.28391698 0.04430508 0.35137862
v -0.11656681 0.04604447 -0.18871370
v 0.39698249 0.13396671 0.05855478
v -0.42410696 0.14596954 0.00246020
v -0.11280599 -0.11245316 0.26832902
v -0.27912620 0.08810773 0.29802659
v -0.10037702 -0.05289477 0.25910318
v -0.06720799 -0.11584389 0.26210266
v -0.05194278 0.02028468 0.00868633
v 0.40998241 0.08104828 -0.15169300
v -0.01608846 -0.13973498 0.34579211
v -0.49082130 0.05941056 -0.03817800
v -0.41785187 0.03332756 -0.17264012
v -0.12860119 -0.11526178 0.20157269
v -0.01492707 -0.11227033 0.09697489
v 0.17149070 -0.00981018 -0.30656213
v 0.58729452 0.08686516 -0.01799113
v -0.08362605 0.01212552 -0.29553485
v -0.17987835 0.23439707 -0.12715870
v -0.36178926 0.07643895 0.30966368
v 0.27495542 -0.02621831 -0.26497185
v 0.24387157 -0.07330907 -0.22942349
v 0.38681048 0.01986924 -0.22060384
v 0.51661611 0.04606879 -0.19316562
v -0.38734078 0.05086803 -0.17759837
v -0.08788159 0.11884877 -0.16776314
v 0.12426905 -0.17733000 0.30818444
v -0.20102194 0.08748430 -0.07196210
v 0.18088658 -0.16104062 -0.01381923
v 0.60801411 0.08834301 -0.10997637
v -0.19705141 0.10345855 -0.08548001
v -0.28166544 0.02747750 0.08034304
v -0.23274854 0.03436032 -0.08955014
v -0.23093292 0.21540879 -0.02913010
v -0.23114499 0.21996255 -0.18292460
v 0.55187577 0.08246163 -0.08779696
v -0.15555197 -0.07760081 0.14257532
v -0.14063142 0.05699386 -0.24624507
v -0.44059396 0.03786150 -0.17563853
v -0.43876293 0.14800011 -0.00742806
v 0.03519119 0.11443126 -0.18044993
v -0.06396109 -0.11889291 0.32915205
v -0.51393747 0.09788175 0.04532571
v -0.19856998 0.00149691 0.08425216
v -0.27362207 0.15457198 -0.11075850
v 0.59272480 0.07545543 -0.14950940
v 0.51714414 0.12621269 -0.13189283
v 0.23739195 0.03788039 -0.34968764
v 0.41789609 -0.01615842 -0.10541372
v -0.24442545 0.02580059 0.01974117
v -0.45122904 0.11143526 0.16949914
v -0.44634619 0.07250180 0.13551280
v 0.55391526 0.08307162 -0.13276334
v 0.38876677 0.15142962 0.07770699
v 0.32683444 -0.04961525 -0.11815025
v -0.42968577 0.02828774 -0.01932192
v 0.15753217 0.00678381 -0.32800546
v -0.43559656 0.04080579 -0.16560531
v -0.41967759 0.13393980 0.02419483
v -0.29739487 0.14735098 -0.13242114
v -0.58126783 0.08615299 -0.01622574
v -0.04763466 0.04676771 0.08404633
v 0.37899727 -0.05344465 0.01315136
v 0.50942862 0.01096211 -0.14619061
v -0.18067837 0.09553730 -0.16478755
v -0.09179111 0.09062538 -0.05872039
v -0.32184857 -0.01329276 0.22539644
v 0.48615205 -0.07979216 0.13717766
v 0.60929668 0.03590365 -0.15751149
v 0.52066582 0.10195196 -0.18816550
v 0.43894556 -0.16792026 0.17386149
v 0.44027179 0.08285764 -0.10828768
v 0.53103715 0.03784630 -0.02620717
v -0.23194462 0.01110488 0.09062390
v -0.22603337 0.11623289 -0.05777029
v -0.03864381 0.05120684 -0.03451923
v -0.16150548 -0.04432783 0.28460902
v -0.29682142 -0.00756425 0.25239435
v 0.37185687 0.00303307 -0.16918908
v -0.11961447 0.00379531 0.02008639
v -0.31142631 0.03862504 0.35030907
v -0.03294784 0.07415228 -0.23318823
v -0.47340786 -0.00992745 -0.39801246
v -0.19007519 0.07225867 -0.13241833
v 0.38643324 -0.13023937 0.13202366
v -0.34378529 0.05639547 0.17048772
v 0.17539775 -0.01723996 -0.27766192
v 0.17807147 -0.19932801 0.28969550
v 0.08195874 -0.22717246 0.21929780
v -0.08334121 -0.12935492 0.25182047
v -0.25469494 0.19551972 -0.11915958
v -0.14367220 -0.07405734 0.26877204
v 0.50311083 -0.01556101 0.13052545
v 0.04769106 -0.00660317 -0.23119159
v -0.09429478 -0.00554799 -0.24697357
v -0.21222907 0.04538658 -0.06856200
v 0.48130548 0.05585329 -0.20832637
v 0.05056019 -0.14719342 0.11564460
v -0.35906205 0.06661514 0.34538540
v -0.27044350 0.14601772 -0.13452880
v -0.46782741 0.08051558 0.03529995
v -0.04777464 0.05612966 0.11185399
v 0.20065627 0.09716862 -0.04647537
v -0.08253682 0.03734866 0.21122271
v -0.16362624 -0.07106011 0.21392155
v 0.30405572 0.04048486 -0.12384668
v -0.47312155 -0.01245616 -0.37085178
v -0.10705636 0.07464936 0.09360482
v -0.20800388 0.13995215 -0.19173847
v 0.05265322 0.00143096 0.13665581
v -0.45213416 0.01988725 -0.05668651
v 0.14272109 -0.21699193 0.35936204
v 0.08399677 0.02845854 -0.22244614
v 0.41905263 -0.01173062 -0.13319701
v -0.21747452 0.07340164 -0.27016199
v -0.58444566 0.01269248 -0.03165839
v -0.22277986 0.12882343 0.16706949
v -0.28023338 -0.02612182 0.12254240
v 0.63756132 0.05087056 -0.11400728
v 0.27187911 -0.07420173 0.03957672
v 0.18419808 -0.18856236 0.22717321
v 0.65427411 0.11223745 -0.11083519
v 0.51298338 0.10440688 -0.08964667
v 0.52380240 0.10625212 -0.15576795
v 0.63668776 0.08737325 -0.11352947
v -0.29837680 0.03474417 0.35744205
v -0.02899547 0.03999868 0.00176863
v 0.02541602 0.07557662 -0.12978329
v 0.43146095 -0.16152400 0.19732183
v 0.61926293 0.05217084 0.03399918
v -0.07344504 -0.13444839 0.37983832
v 0.28042051 0.04837219 -0.33714053
v 0.39401156 -0.05113427 -0.18589056
v 0.42486960 -0.02471726 -0.22810511
v 0.44996923 0.02830559 -0.15218504
v 0.62990540 0.10277481 -0.10509992
v 0.35249504 -0.14835170 0.22286020
v -0.41815883 0.02977374 -0.03239667
v -0.12756652 -0.03925228 0.16387641
v 0.38461801 -0.12390877 0.18088497
v 0.20017116 -0.11337601 -0.05397114
v 0.50330782 0.00643595 -0.14168137
v -0.42038724 0.09960999 0.19650808
v 0.26576382 0.03432533 -0.13587297
v 0.30759171 -0.00220477 -0.23067616
v 0.15331917 -0.18048771 0.21470621
v 0.61074448 0.09091435 -0.18312886
v 0.47406140 0.20767017 0.07687099
v 0.40777355 0.05242656 0.02153390
v -0.38834473 0.07706939 0.29075044
v -0.19665430 0.08598414 -0.09481030
v 0.34572363 -0.05616330 -0.16238959
v -0.41718793 0.10159852 0.26716822
v -0.09600297 0.03802636 -0.24289033
v 0.56473678 0.04511425 -0.06726499
v 0.49583897 -0.08461447 0.16820189
v 0.62718612 0.04569664 -0.16014397
v 0.71322745 0.09258248 -0.09353891
v -0.46727481 0.09739423 0.20067064
v 0.59758639 0.02450120 -0.01186076
v 0.18549487 0.05229364 -0.42274070
v -0.47839886 -0.00520559 -0.34365913
v 0.46787179 -0.00460319 0.02330126
v -0.05096723 0.00276151 -0.03898175
v -0.28584871 0.02585695 0.37118864
v 0.57270306 0.12224805 -0.17781347
v 0.46974468 0.08825660 -0.18108863
v 0.46058649 -0.05046158 -0.10251139
v 0.50363690 0.26048625 0.12741740
v -0.32309452 0.13588022 -0.01735110
v 0.33811167 0.04967432 -0.22968020
v 0.34425354 -0.07724684 -0.27823737
v -0.28389028 -0.01036446 0.25812495
v -0.52872026 0.09338527 0.17891145
v 0.58158475 0.08868465 -0.09275107
v -0.33541012 0.03727016 0.12775622
v -0.03168871 0.09739387 0.03043016
v 0.47052509 0.00878126 -0.19608961
v -0.11855137 -0.09988505 0.20518167
v 0.41391295 -0.02307574 -0.22780080
v -0.22318190 0.08410110 0.22707814
v -0.49313200 0.02634457 -0.27513933
v -0.06310035 0.15687813 -0.24430598
v 0.34000269 -0.06885234 -0.11291169
v 0.16253206 -0.10150436 0.23734984
v -0.27374342 -0.02283046 0.09094454
v -0.12528558 0.03236100 -0.25929385
v -0.06404433 0.00584841 0.23261838
v -0.26136243 0.18299475 0.04059114
v -0.52490640 0.05720925 0.02779682
v 0.48838204 -0.03571900 -0.10055166
v 0.53331029 0.05343805 0.00195966
v 0.53580028 0.03422485 -0.08082761
v 0.38195175 -0.05835645 -0.27166489
v 0.11405925 -0.12167685 -0.16672684
v 0.50950301 0.15103900 -0.11207151
v -0.53945583 0.03023374 -0.31179610
v 0.02346630 -0.07370161 -0.24723794
v -0.02470112 -0.13997024 0.23271093
v -0.08097390 0.04762521 0.18589920
v 0.32236540 -0.03322722 -0.22425202
v 0.00144318 -0.18264139 0.19497518
v -0.25506097 0.11003272 -0.03215327
v 0.38800299 -0.05023704 -0.18621898
v -0.29436880 0.08746611 0.32322425
v -0.09333633 0.05809352 -0.20002946
v -0.28742030 0.14175093 0.06294724
v -0.21469326 0.09737353 0.34459019
v -0.13498265 0.08438808 -0.14888005
v 0.03182179 -0.19332415 0.23050106
v -0.47135556 0.05593386 -0.26467931
v 0.07314742 0.12272273 -0.01280085
v 0.63201094 0.06903123 -0.11564583
v 0.01420707 0.00935984 -0.03195506
v 0.66249889 0.03482038 -0.00461281
v 0.18258007 0.04779077 -0.41785187
v -0.02638625 -0.12199134 0.24662578
v 0.18768162 -0.04429099 -0.28640670
v -0.15851161 -0.03211573 0.23781985
v 0.50748795 0.02833370 -0.01174218
v 0.53425550 0.09793438 0.03229692
v 0.41604051 -0.12729692 0.18060920
v 0.30785218 0.05439068 -0.34472373
v -0.42484143 0.11058578 0.20916392
v 0.64084512 0.06950510 -0.04327304
v -0.55392027 0.04630451 -0.24322730
v 0.02263781 0.04611328 0.06505306
v -0.33579963 0.06734341 0.03703536
v 0.10561033 -0.18073267 0.22358951
v -0.14612447 -0.06126037 0.10972401
v 0.13157003 -0.01557043 -0.30848145
v -0.21036220 -0.02837375 -0.09513938
v -0.44287860 0.15207157 -0.00111163
v -0.47461420 0.05397825 -0.22354352
v -0.36736155 0.04261239 -0.12186069
v -0.50764477 0.05611719 -0.25536853
v 0.55544478 0.02102413 -0.06667516
v -0.10128867 0.11629946 -0.18551280
v -0.16696951 0.05414633 0.16048898
v -0.10758659 -0.05820015 0.22429885
v 0.51100904 0.00775159 -0.12719947
v -0.14664115 0.01962145 -0.27525711
v 0.20461302 -0.13905756 0.04351328
v 0.47728059 0.01328816 -0.08848672
v 0.30721793 0.03497630 -0.27235338
v -0.07222876 0.04471473 -0.22096992
v 0.60511148 0.08460516 -0.15577701
v 0.59189874 0.11152460 -0.11912389
v 0.47532594 -0.02534453 -0.22108388
v 0.55347067 0.11672892 -0.05322890
v -0.33628303 0.11869015 0.12860018
v 0.50209266 0.07848643 0.01446993
v -0.04710364 0.08962330 -0.06527434
v -0.22782987 0.09916082 0.11591975
v -0.11510471 0.21062930 -0.20007046
v 0.39892426 0.03319800 -0.04882185
v -0.11822408 0.07920446 0.19473183
v -0.28750202 0.16249947 -0.10441970
v 0.03943694 -0.22179729 0.20981762
v -0.12801108 -0.05598803 0.29038674
v 0.61855125 0.10311261 -0.14550723
v -0.05171910 -0.10098608 0.26514801
v -0.29396975 0.09854253 0.30906314
v 0.55731237 0.05687951 -0.10278203
v -0.43417597 0.03680971 -0.10906448
v -0.08799449 0.01290393 0.12858638
v -0.19826719 -0.05078211 0.20633103
v 0.33189029 -0.00611508 -0.25214776
v 0.25202039 0.00289029 -0.18783361
v 0.27534673 -0.04935489 -0.21519656
v 0.46148804 0.22262773 0.07013828
v 0.54693151 0.04859839 -0.05856797
v -0.06236592 -0.13280128 0.37379402
v 0.37253553 -0.16140383 0.15026243
v -0.00181198 0.05420752 0.00284275
v -0.27702230 0.04125892 -0.22636470
v 0.55176979 0.06378029 -0.16077974
v -0.33565101 0.13698754 0.04851168
v 0.39319575 -0.18197805 0.16455139
v 0.35868275 0.05494797 -0.28403974
v 0.29689673 -0.15022403 0.14055663
v 0.51250160 0.01783338 0.03023302
v 0.27672991 0.01628716 -0.23950560
v 0.35422248 -0.01530876 -0.24652314
v 0.44171441 0.08059028 -0.09864767
v -0.21366447 -0.03004101 -0.03094412
v 0.39029145 -0.14073850 0.16285601
v 0.43732673 0.10271107 -0.06592143
v -0.29772609 0.06818885 0.14743915
v -0.25451714 -0.01436484 0.22508223
v 0.40870690 -0.00013965 -0.18355344
v 0.43048906 0.01911388 -0.19430800
v 0.56572998 0.09863172 -0.11030053
v 0.08990459 -0.10035056 -0.18687801
v 0.32473439 0.07593632 -0.34307188
v -0.54810464 0.04890463 -0.04679183
v -0.06722325 -0.02766757 -0.00004317
v -0.11719552 0.04973441 0.03004645
v 0.26599291 -0.05168027 -0.21289137
v 0.48354095 0.04283566 -0.18664317
v 0.61971533 0.07344525 -0.02483678
v 0.44910842 0.07255371 -0.03879409
v -0.03319081 -0.07396281 0.11091559
v -0.06204281 0.24259214 -0.26906496
v -0.49211925 0.03733374 0.16073744
v -0.09870443 -0.12116164 0.30465299
v 0.41264048 -0.01134170 -0.18844305
v 0.49821383 0.07653347 -0.18756537
v 0.52235585 0.04482625 -0.15671165
v -0.07905617 -0.20925197 0.30175421
v 0.44792777 -0.11550926 0.16451786
v 0.56853938 0.03797210 -0.18309850
v -0.30532789 0.07109654 0.00469849
v 0.28113225 -0.16022381 0.24880570
v 0.09060683 0.01505294 -0.08838966
v 0.01430810 -0.12837723 0.33977038
v 0.52991778 0.04812574 -0.18360068
v -0.29184991 0.00265655 0.26106071
v -0.10122265 0.06572999 -0.18698154
v 0.60446119 0.03847806 -0.03000208
v 0.65241706 0.07513755 0.01235933
v 0.58689213 0.10243943 -0.01748144
v 0.63679761 0.07078348 -0.03110431
v 0.42026082 -0.17559996 0.21159507
v 0.67935979 0.10633932 -0.13097256
v 0.58062494 0.03211100 -0.12835692
v 0.36219770 -0.05206212 -0.26603952
v 0.63413525 0.08056289 0.01276836
v 0.61845487 0.11257728 -0.11607671
v 0.68183458 0.05643512 0.00220421
v -0.42636734 0.04842651 -0.09261630
v -0.54043907 0.09301294 -0.01199365
v -0.23381220 -0.03477615 0.26062876
v -0.05555840 0.10783742 0.17450194
v 0.57870519 0.03596990 -0.01010048
v 0.29799068 0.05243650 -0.32034367
v -0.09360769 0.09775767 -0.18277821
v -0.43508053 0.17529139 0.00688742
v 0.43886524 -0.10175090 0.17465697
v 0.50516325 0.08521616 -0.17478818
v 0.54795891 0.02047465 -0.13152853
v -0.49182734 0.05786385 -0.15702210
v 0.41998655 0.17263862 0.09388487
v -0.08150679 0.15536833 0.03286870
v 0.11108294 -0.25023463 0.24931748
v 0.59637624 0.03672757 0.01967587
v 0.59534341 0.08405112 -0.07892716
v 0.17051098 -0.15697324 -0.01194903
v -0.17586416 0.19701175 -0.11951295
v -0.41953307 -0.01557243 -0.41023839
v -0.07729906 -0.02442487 0.26908582
v -0.50247598 -0.00316712 -0.33399481
v -0.16529197 -0.02483284 0.21548352
v 0.48150146 0.02011061 0.02497116
v 0.21803570 -0.12099007 -0.12565933
v -0.40997002 0.03422193 -0.27756548
v 0.48122323 -0.06371373 0.13816282
v -0.20872399 -0.01861955 -0.06040903
v -0.40140566 0.08635466 0.31360203
v -0.03591177 0.06388599 -0.10196638
v 0.29052600 -0.19140227 0.25557292
v -0.16980952 0.04502931 -0.06784919
v -0.25770342 0.02609486 0.37786672
v -0.27212423 0.01073612 0.38982391
v 0.29464501 -0.00068812 -0.21009549
v 0.49176094 0.00083867 -0.15632230
v 0.09703781 0.08439487 -0.01445957
v 0.52730352 0.05168260 -0.01237915
v -0.02739695 -0.09471512 -0.17447704
v -0.09826612 0.00557053 0.04065561
v -0.05894434 0.12034628 -0.20973754
v -0.07171732 0.04576290 0.13042465
v 0.59910768 0.08125582 -0.16138560
v 0.33947277 -0.05769717 -0.23289062
v 0.54263669 0.03296129 -0.13817924
v -0.47423035 0.03213583 -0.24700239
v -0.54664826 0.04371388 -0.22028844
v -0.35192916 0.06696163 -0.03846012
v 0.26909685 -0.18069699 0.17726283
v -0.24843715 0.07765895 0.04646317
v 0.62652767 0.08388396 -0.18139932
v -0.37810785 0.21009803 -0.06165385
v 0.42005318 0.23885202 0.07482207
v 0.51099223 0.02046670 -0.17040657
v -0.03250383 0.06101517 -0.16177398
v 0.01050173 0.21535583 -0.16952470
v 0.55758131 0.10304910 -0.16343471
v 0.39699823 -0.03694951 -0.18356141
v 0.33964935 -0.06589741 0.06122594
v 0.21313849 -0.10851023 -0.03956588
v 0.57679492 0.02648934 -0.03446335
v 0.39846089 0.18935776 0.03820191
v 0.35579529 0.06196667 -0.07901438
v -0.22399652 0.09892970 0.12649220
v 0.60806668 0.02637926 -0.00845995
v -0.09170252 0.02614594 -0.13227999
v 0.12480637 -0.25258043 0.21123335
v 0.05411824 -0.13576385 0.12204064
v -0.29168105 0.05735084 0.34680706
v -0.52150500 0.04984547 -0.20732732
v -0.17133461 0.16789967 -0.13620049
v 0.24273925 0.03822270 -0.38144308
v -0.34630364 0.18563613 -0.07819809
v -0.18369584 -0.06010364 0.19774881
v 0.05348246 -0.08160269 0.24049923
v 0.28171772 -0.17599066 0.26294231
v 0.45947209 0.02802168 -0.17078952
v 0.57520682 0.03559587 -0.18896002
v 0.55311191 0.10238102 -0.17753756
v -0.17032051 0.09649625 -0.18098862
v -0.22760981 -0.01395837 0.22259706
v -0.40216094 0.10825090 0.13400076
v -0.37871137 0.16079548 -0.02456716
v 0.22476447 -0.21538568 0.28031787
v -0.29154673 0.12015533 0.05680059
v 0.45101088 0.07497480 -0.15305944
v -0.20665807 0.10462758 0.04567924
v 0.45645666 -0.11839736 0.15191463
v 0.61805004 0.03660836 -0.11867896
v -0.30220717 0.00716162 0.10776418
v 0.24842148 -0.02513646 -0.28031540
v -0.40459502 0.11441395 0.23642489
v 0.41881645 -0.12779041 0.17078763
v 0.56140357 0.10948038 -0.03346180
v 0.61248666 0.07737024 -0.18995012
v -0.07911348 -0.00332397 0.19846062
v 0.55060858 0.03052678 -0.03706994
v -0.38627201 0.05146705 0.31523165
v 0.55701405 0.06616351 -0.09628582
v 0.33784902 0.09056775 -0.34060895
v -0.32097277 0.06263542 0.09096709
v -0.00671065 -0.04507577 0.14032772
v 0.23687130 -0.11595520 -0.13424203
v 0.61773521 0.06574157 -0.18620348
v 0.56405801 0.10862689 -0.09089115
v 0.34593630 -0.09371347 -0.09164652
v -0.39410239 0.01768427 -0.32479030
v 0.51432323 0.27224976 0.13226907
v 0.01264232 0.04195586 0.10306366
v 0.57653582 0.02734223 -0.11254226
v 0.13490053 -0.19273597 0.29140171
v -0.41213182 0.17048907 -0.04047538
v 0.54781312 0.02384926 -0.05409177
v 0.32997024 -0.08371447 -0.29236162
v 0.32089409 0.06775892 -0.31741184
v 0.61128193 0.03327342 -0.10910323
v 0.06704058 0.02164304 -0.07802001
v 0.51492649 0.03347389 0.00285611
v 0.64101487 0.07939514 -0.17314227
v 0.53297740 0.01000398 -0.12159719
v 0.52540410 0.04414690 -0.00646032
v -0.21912399 0.03274146 -0.01020534
v 0.04282206 -0.00239468 0.06131028
v -0.27238420 0.16137895 0.04809965
v 0.46254918 0.01429284 0.00485124
v 0.30660623 0.14905828 -0.00990602
v 0.31300509 0.05401090 -0.32568309
v 0.09078991 -0.19967856 0.32686591
v 0.52923322 -0.09044048 0.18010491
v -0.41004878 0.10028204 0.23260190
v -0.34351146 0.04505289 -0.15185085
v -0.49033770 0.09901224 0.21839789
v 0.02440530 -0.00127174 0.15113685
v -0.26905590 0.07701842 0.04551411
v -0.22120136 0.04804838 0.23440434
v 0.60054219 0.08993647 -0.07904848
v -0.07149340 -0.04302721 0.27549118
v -0.16432440 0.12055236 -0.27069950
v -0.19828376 0.16672455 -0.02886859
v -0.38013878 0.21470487 -0.06365837
v -0.15035026 0.10081012 0.17282030
v -0.08677568 0.06677012 -0.16447912
v -0.08448263 0.02519690 -0.34630966
v -0.05575389 0.03162807 -0.09950605
v -0.41046509 0.03463480 -0.24202752
v 0.09283514 -0.06635708 -0.26613474
v -0.32826927 0.08124693 0.30700350
v -0.02727476 0.08545151 -0.19074222
v 0.05097675 -0.22602916 0.24019788
v 0.06679979 -0.13599813 0.11138865
v -0.12353964 0.19224268 -0.22247595
v -0.46049359 -0.01952247 -0.40372863
v -0.03179628 0.08391738 -0.14728290
v -0.09850380 -0.10014065 0.18988740
v -0.09193732 -0.01560712 0.24255547
v 0.55692840 0.10629854 -0.06603247
v 0.59333104 0.05934738 -0.13988797
v 0.22969329 -0.05641284 -0.13389866
v -0.41025433 0.06146766 0.03032383
v 0.01197255 -0.10020255 0.11312647
v -0.46920145 0.02485795 0.00914636
v 0.49482840 0.01697895 0.01120409
v -0.26428139 0.13629913 0.13484533
v 0.36667004 0.03186475 -0.21574633
v 0.35688049 -0.18907458 0.21537729
v -0.18795624 0.10150379 0.10135622
v -0.11931002 0.12931442 -0.04247409
v -0.37640196 0.20588836 -0.05797778
v 0.49645370 0.06746596 -0.17735988
v -0.11179420 -0.10790691 0.29073450
v -0.23263671 0.02132785 0.03085287
v -0.32787284 0.17528862 0.08009453
v 0.10429208 -0.17819697 0.32861724
v -0.09907006 0.12640882 -0.16195130
v -0.25327900 0.15958579 0.04204190
v -0.27199644 0.09729701 -0.10686523
v -0.06319240 -0.15032306 0.31608573
v -0.31014422 0.08578326 0.14964175
v -0.48940989 0.03847949 -0.04904474
v 0.63535243 0.03742996 -0.15370053
v 0.52842641 0.09761529 -0.17188226
v -0.10200943 0.16449672 -0.20339173
v 0.03530315 -0.19825560 0.31973878
v -0.27679801 0.13634194 -0.15666148
v 0.24750800 0.01649946 -0.14804357
v -0.20783818 0.00273101 0.06552720
v 0.49075162 0.07661889 0.02462007
v 0.20684057 0.06718180 -0.40007418
v -0.18845369 0.21429273 -0.07986517
v 0.31362876 -0.04810558 -0.19301780
v 0.58565462 0.05894946 -0.04417513
v 0.25944471 -0.07515746 0.04190210
v -0.31103498 0.01599454 0.36247894
v 0.46786153 -0.01225149 -0.13117315
v 0.64309293 0.05026057 -0.01042573
v -0.26320347 0.10132231 -0.06257430
v -0.52764022 0.09677948 0.00595885
v -0.52987099 0.01852445 -0.28153282
v -0.05646133 -0.16653520 0.39772522
v -0.15547130 -0.06972629 0.28466374
v 0.02112073 0.15266129 0.02025867
v -0.29669333 0.07161996 -0.02576867
v -0.00906080 0.02812393 0.16850071
v 0.04956605 0.01402013 0.11533380
v -0.39733109 -0.02466303 -0.40457132
v -0.14969409 0.12524578 -0.12606886
v -0.19832256 0.12543401 -0.00193639
v 0.53789335 -0.01201471 -0.06273776
v -0.49338686 0.03679742 -0.16498859
v -0.14671662 0.03621158 -0.27357569
v 0.48289615 0.06383446 -0.19412069
v 0.51270902 0.02432019 -0.14489165
v 0.49353909 0.19955377 0.12012744
v -0.16972214 -0.04916783 0.30550975
v -0.34020698 0.17531209 -0.02881518
v 0.48538077 0.03132987 -0.06879665
v 0.53574777 0.09059229 -0.01512236
v 0.51183039 0.00348463 -0.07148963
v -0.16327214 -0.03108423 0.40716827
v 0.01939899 0.09278850 -0.15618095
v 0.42417604 -0.02851113 -0.10953380
v -0.48011601 0.09552198 0.23695511
v -0.40086877 0.03301275 -0.01463722
v -0.02891141 -0.08180553 -0.23088661
v -0.36787066 0.20396599 -0.07452528
v -0.17707475 -0.08519022 0.12710463
v 0.29602787 -0.07696392 -0.32468575
v -0.45706201 0.11727234 0.20897982
v -0.27698275 0.14356935 -0.10842349
v 0.15129785 -0.11193848 0.10706590
v 0.33674064 0.16713071 0.04453602
v 0.18581979 0.00339545 -0.30842981
v -0.46497613 0.03379971 -0.10020406
v 0.64202160 0.06352806 -0.16237950
v 0.52289516 0.08577642 -0.05193188
v -0.28066722 -0.00064711 0.18159014
v -0.03222728 -0.04434584 0.03219059
v -0.56570077 0.04194483 -0.02547074
v -0.49309033 0.00915666 -0.36004782
v -0.51046717 0.05497067 -0.00083567
v -0.50688982 -0.03077263 -0.42108387
v 0.27735463 0.03024879 -0.15623005
v 0.19192496 0.00199856 -0.24726954
v 0.06509642 0.11534454 -0.12697357
v -0.34662101 0.03022429 0.14402930
v -0.33959532 0.09229691 0.13359132
v 0.55583203 0.10774097 -0.16932037
v -0.44479302 0.03780529 -0.06850389
v 0.46666723 -0.00266336 -0.15201449
v 0.36966729 -0.07116180 0.05192053
v -0.42326048 0.03733635 -0.15717256
v -0.07903956 0.13144414 0.05886381
v -0.05919759 -0.13001963 0.15998276
v -0.12278590 -0.03840347 0.28273714
v -0.30231363 0.07664298 0.01454745
v 0.44527307 -0.00210307 -0.20856330
v -0.15505382 0.14064264 -0.01960443
v -0.16893190 0.13071609 0.09890205
v 0.57784516 0.09581891 -0.11072482
v 0.58218920 0.03746222 -0.18697371
v -0.25951874 0.08904881 0.27445060
v -0.05828454 -0.04890509 -0.21861205
v 0.57606512 0.13051419 -0.16743775
v -0.44839698 0.10989794 0.22102059
v -0.22533138 0.13252775 -0.25736326
v -0.13575479 0.03067109 -0.06828306
v 0.51220709 0.10272267 -0.13353871
v -0.06832446 -0.06869341 0.26432320
v -0.34292573 0.11208004 0.09372641
v -0.29906434 0.11240338 0.13747796
v -0.16902417 0.06506823 -0.23813288
v -0.26224676 0.20307760 0.07940795
v -0.16740283 -0.15324944 0.33623278
v 0.42593405 -0.15261844 0.17659578
v -0.50022608 0.04394452 -0.29571086
v -0.05695251 -0.15507865 0.27813792
v -0.18822727 -0.02023917 0.05908503
v 0.26070333 0.00631468 -0.28588545
v 0.62915677 0.07265589 0.01909553
v 0.49572027 0.00679270 -0.06627961
v 0.05158489 -0.00901364 -0.28807288
v 0.10395292 0.05100992 0.08740491
v 0.51405728 0.10403402 -0.00519850
v -0.09269225 -0.13865826 0.21345906
v -0.34905308 0.06485917 0.36007717
v 0.34844089 0.12962627 -0.00285706
v 0.37812549 -0.16842881 0.21854824
v -0.42311800 0.10057969 0.25485700
v -0.53828698 0.01630640 -0.31342486
v -0.48017722 0.18251240 -0.04615799
v 0.59899950 0.11458670 -0.15753783
v -0.29071963 0.18882488 -0.09740625
v -0.09420648 -0.08605465 0.21557799
v -0.36468184 0.12753166 0.02117761
v 0.12367643 0.09272876 -0.05317788
v 0.40819329 -0.18051672 0.17934717
v -0.38150635 -0.04863760 -0.42894572
v -0.10984445 -0.10272446 0.30087948
v -0.58725131 0.06117126 -0.27108979
v -0.07455939 -0.07872891 0.15938033
v 0.54436094 0.09746240 -0.01961701
v -0.30015442 0.14509709 -0.06942860
v -0.15486029 -0.05208267 -0.20816867
v -0.35052571 0.07391997 0.02566721
v 0.47160211 0.08540662 -0.13266666
v -0.22079155 -0.07246460 0.19725868
v -0.41697565 0.16400070 -0.00568162
v 0.16483003 -0.20712504 0.32727629
v -0.50864029 0.01493378 -0.27689710
v -0.14234081 -0.15858471 0.32793379
v -0.32204813 0.22156495 -0.09122318
v -0.31519395 0.14655322 0.10166976
v -0.35996765 0.18829903 0.01557229
v 0.03970050 -0.16703808 0.04441217
v 0.59600997 0.10901159 -0.10465176
v 0.20611377 -0.07440228 -0.22393695
v -0.41512203 0.13171877 0.05885701
v 0.54594594 0.09783788 -0.02135338
v -0.32723105 0.03395784 -0.01573969
v 0.57607847 0.11930592 -0.12095141
v -0.10808047 0.05030996 0.21337384
v 0.02852981 -0.15256029 0.08337823
v 0.59459293 0.03235942 0.01218263
v -0.02646324 0.03195377 -0.12301122
v 0.07983622 -0.13345793 -0.16285792
v -0.27754384 -0.01572663 0.24291910
v -0.35957742 0.17858097 0.02042949
v 0.47919947 -0.00680913 -0.04529653
v 0.07152839 -0.16315764 0.33690137
v 0.01464966 -0.23024628 0.22196734
v -0.46375158 0.09513333 0.22987789
v 0.56165659 0.06074408 -0.10964398
v 0.62393874 0.04936269 -0.02061016
v 0.06451389 -0.21547420 0.27659920
v -0.31773144 0.20780352 -0.08300415
v 0.44830361 0.18551901 0.06672540
v -0.25906309 0.09610006 -0.03845473
v 0.35781863 -0.01730152 -0.20208205
v -0.18108016 -0.07930568 0.29316810
v 0.50056589 0.01346713 -0.15084800
v 0.50888640 0.08141419 -0.17290558
v 0.46508813 -0.01792436 -0.07073376
v 0.23407786 -0.17701438 0.25566781
v -0.07728133 -0.09612966 0.14154890
v 0.36862236 -0.05087006 -0.27045757
v -0.37925795 0.06605059 0.34195653
v 0.59354693 0.04732613 -0.19209835
v 0.38148868 -0.05748253 -0.24333890
v 0.37625962 0.05228096 -0.05663407
v 0.07764227 -0.14861700 -0.09257169
v -0.02894115 -0.01508451 0.14588958
v 0.35544211 -0.15512131 0.16830353
v -0.00034666 0.03263794 -0.17789872
v 0.61807871 0.09212056 -0.11169478
v 0.26428911 0.10004017 0.05410498
v -0.04279705 0.20658498 -0.14679952
v 0.24240999 0.02656366 -0.20337157
v -0.42893845 0.10024873 0.14764893
v -0.47151458 0.16891073 -0.06283527
v 0.54748505 0.05514958 -0.14746770
v 0.43995243 0.13521396 0.08793946
v 0.30895182 -0.00553355 -0.21332763
v -0.31885660 0.08006856 0.09796801
v -0.13231421 0.03401253 -0.23805203
v 0.48610839 0.01060659 -0.22146653
v 0.00235407 0.04463524 -0.02674589
v -0.32740068 0.07217427 0.30544668
v 0.19481741 0.02986556 -0.05377676
v -0.37076214 0.06411039 0.27974400
v -0.04287779 -0.01437493 -0.28855923
v -0.29571512 0.09932461 0.01025543
v -0.03409865 0.01876473 -0.01409763
v 0.54073519 0.01679312 -0.08918270
v -0.22533537 0.14746663 -0.01926899
v -0.05089274 0.07728842 -0.11860202
v -0.39181158 0.06009540 0.31222796
v 0.05603974 0.07306069 -0.17984651
v -0.25849959 0.08061673 0.01394493
v 0.62557286 0.10278027 -0.10767654
v -0.18699217 -0.06826499 0.16293436
v 0.63807172 0.10634163 -0.16022249
v -0.26334625 0.13404217 0.15529193
v 0.49752265 0.04571529 -0.18939880
v -0.31628758 0.09682214 -0.07440808
v 0.04232358 -0.13188300 0.27156517
v 0.58313119 0.01964546 -0.01152579
v 0.63877118 0.06782840 0.01435730
v -0.31533003 0.01332536 0.05846846
v -0.12718543 0.11562985 -0.00232053
v 0.63148344 0.04884446 0.01130197
v 0.29058686 -0.10739270 0.09168251
v 0.45268101 0.06181653 -0.19838199
v -0.52025247 0.09144644 0.20610657
v -0.22097041 0.27044585 -0.09804105
v 0.52418780 0.02349188 -0.16634393
v -0.17974192 0.14087512 -0.07032973
v -0.48871422 0.04836215 0.08270642
v -0.24105632 0.10435991 -0.25326300
v -0.01756731 -0.14582956 0.29038844
v 0.21813597 0.00224623 -0.22731327
v 0.46740738 0.08392976 -0.18607277
v -0.12950602 0.03576878 -0.08325551
v 0.51655650 0.03628300 -0.03158710
v 0.41880268 -0.06686804 -0.07669055
v -0.31501472 0.12697834 0.13410488
v 0.45359093 0.01175446 -0.11561114
v -0.13540137 0.06831458 -0.06915136
v -0.48829103 0.08843638 0.13069813
v -0.07761338 -0.08813924 0.18366212
v 0.45549533 0.06681427 -0.02906932
v 0.22802041 0.02979401 -0.38076746
v 0.56052852 0.03077553 -0.07664201
v 0.19406335 -0.20226014 0.22679420
v -0.15737732 0.21871428 -0.16147499
v -0.38197273 0.13845509 0.03371856
v 0.54259086 0.09905867 -0.09723535
v 0.62942773 0.05361868 -0.17354709
v 0.00386468 -0.14588279 0.16574468
v -0.24698582 0.05047170 0.22352567
v -0.52458405 0.09459743 0.05052720
v 0.34193343 0.04782327 -0.27774674
v 0.63423878 0.05135138 0.01390129
v -0.28374848 0.17245623 0.00974233
v 0.10838715 -0.18029898 0.24642849
v 0.48516852 0.29860839 0.08706692
v -0.03321075 -0.22289383 0.25691354
v 0.45745060 0.00116744 0.01875236
v 0.62256891 0.06128692 -0.12264425
v -0.39966357 0.01576182 0.16489069
v 0.50980145 0.05609549 0.02352051
v -0.23419324 0.18714723 -0.02690153
v -0.27121323 0.05340257 0.33511111
v 0.51521772 0.01744702 -0.08884613
v -0.35361135 0.21510936 -0.08426538
v 0.49675560 0.07189769 0.01643518
v -0.34963831 0.08911026 0.22287504
v -0.11334831 -0.09846675 0.24234977
v 0.20018248 0.04248196 0.07419051
v -0.54735160 0.01680076 -0.33038756
v -0.40034005 0.05883598 -0.15013808
v -0.44129008 0.03370623 -0.22044241
v -0.22502053 0.06370803 0.22568344
v -0.06807943 0.07522838 0.15801425
v -0.38161659 0.06790772 0.16660143
v -0.08169097 0.05971564 -0.20739508
v -0.39864051 0.08988423 0.09187625
v -0.41008925 0.03652868 -0.02978056
v 0.11590318 0.05362785 -0.03449136
v -0.32973874 0.13986716 0.00194277
v 0.01250996 -0.02481541 -0.00552939
v 0.46036780 -0.01933933 -0.07884818
v 0.61676651 0.02552802 -0.14144997
v -0.47849113 0.03295065 -0.05709717
v -0.19383200 -0.08619352 0.19081302
v 0.45617282 -0.14381292 0.15915757
v -0.24869095 0.06717879 -0.05577399
v -0.57981747 0.03928365 -0.30942699
v -0.31586349 0.04152087 0.35171899
v -0.04721979 -0.04527189 0.03791676
v -0.36164281 0.19154826 -0.00013947
v -0.22558659 0.22702780 -0.11606884
v 0.30606177 0.11068904 0.00019912
v -0.17071287 0.08020180 -0.07099796
v -0.36811578 0.10766598 0.08108050
v -0.47059619 0.09858739 0.19647376
v 0.43833935 0.01537996 -0.20744097
v 0.44059324 0.00069697 -0.20897710
v -0.00700897 -0.14764479 0.29062447
v 0.56536090 0.06902642 -0.03759885
v -0.45047009 0.20107205 -0.07729276
v 0.55181789 0.04052547 -0.19224985
v 0.56852180 0.05136113 -0.11426722
v -0.16181439 -0.07725272 0.28278637
v -0.24226624 0.06791952 0.35501933
v -0.19972935 0.00807205 0.06732298
v -0.19122167 0.05892156 -0.13105612
v 0.07684191 0.07406989 0.05737141
v 0.60419059 0.08078927 -0.00427241
v -0.30352774 0.26887274 -0.04130227
v -0.01379079 -0.22707856 0.24224354
v 0.17047641 -0.14609522 0.08958025
v 0.21418810 -0.02412272 -0.29509977
v -0.48261303 0.08816800 0.22262363
v 0.53370178 0.12092772 -0.05919035
v -0.34647331 0.07265911 0.34535733
v -0.07664002 -0.10601767 0.12561241
v 0.02726853 -0.16655582 0.24876629
v 0.48899221 0.06406657 -0.05186993
v -0.42793804 0.08795735 0.06858604
v -0.20299473 -0.06623590 0.15267734
v -0.27717099 -0.00199240 0.22995144
v -0.55675817 0.05062330 -0.05122319
v 0.04646283 0.20828882 -0.17041096
v -0.51464611 0.05363727 -0.24481350
v -0.26386774 -0.01154412 0.26382679
v -0.27934876 0.03249636 0.01082426
v 0.01937408 -0.01730315 -0.24044093
v 0.56491101 0.10431647 -0.06646679
v 0.32134897 0.05560282 -0.32717898
v 0.42352828 0.08294569 -0.14267156
v -0.33356926 0.16572410 -0.02034545
v -0.16411778 -0.04155394 0.27113730
v 0.44384587 -0.10261470 0.16817221
v -0.50109237 0.04161839 -0.05269041
v 0.47797519 -0.00045785 -0.01937743
v 0.49967074 0.09885007 0.00154896
v -0.28533882 0.11584223 0.12232701
v 0.44520825 0.03710222 -0.17620587
v -0.32189426 0.19289857 -0.04974915
v -0.02716100 0.02962130 -0.22756080
v 0.07797042 -0.10340360 -0.17386033
v -0.12492479 0.16548795 -0.19339159
v -0.09359065 0.05704089 -0.17780718
v 0.50185764 0.14319474 -0.13020013
v -0.13704519 0.02643064 -0.22510730
v -0.06567547 0.03950249 -0.24701354
v 0.04623881 0.06206802 -0.04469489
v 0.26485837 -0.10427686 -0.17470655
v -0.02306423 -0.04730773 0.18944570
v 0.54958594 0.07001860 -0.07797457
v 0.04931597 -0.05556044 0.05406997
v -0.36042234 0.09679012 0.28917301
v -0.40400168 0.08884425 0.05852825
v 0.50631237 -0.01276886 -0.06679416
v 0.21314189 -0.04015318 -0.29946727
v 0.42163482 -0.00153591 -0.15235376
v 0.51882172 0.08669025 -0.19870040
v 0.22850026 -0.04340973 -0.27024573
v 0.56275952 0.05062576 -0.10638134
v 0.07393961 -0.17128417 0.33537802
v 0.67608112 0.08478681 -0.11712438
v 0.01063523 0.09070906 0.10856639
v 0.39238238 -0.02021485 -0.21866372
v -0.39524817 0.06324984 -0.04503201
v 0.23900490 -0.12671074 0.09716818
v -0.13580343 0.11501518 0.03295837
v -0.50758219 0.04980011 -0.25189033
v 0.11655068 -0.16547744 0.32320255
v -0.21330075 0.00899187 0.08992428
v -0.47926968 0.10596423 0.18993685
v 0.03473754 0.03542827 -0.17848307
v -0.36554813 0.05002083 0.33472058
v -0.39693454 0.22448236 -0.06010595
v -0.55385840 0.05624259 -0.06224627
v -0.02983642 0.16846439 -0.14320923
v 0.61148703 0.09994194 -0.17218417
v 0.41646320 -0.06382323 -0.06360719
v -0.30544168 0.15269658 -0.01102865
v -0.29689193 0.22773072 -0.07653123
v -0.51301837 0.05809727 -0.11603646
v -0.28879750 0.16395305 0.08100341
v -0.33157337 0.14672986 -0.04520076
v -0.00473431 0.01026687 0.00089862
v -0.24285635 0.24156240 -0.12334806
v -0.19279401 -0.05343310 0.23108122
v 0.09568020 -0.01705626 -0.28624478
v -0.02917919 0.04148775 -0.20646846
v 0.54743826 0.04576276 -0.02562439
v 0.62623262 0.06120326 0.01501330
v -0.17479429 0.07412219 -0.26158834
v -0.08556285 -0.12160527 0.17904040
v -0.29658717 0.10857603 0.12023663
v -0.32332197 0.19841006 -0.03407151
v 0.56915700 0.02437811 -0.03976721
v 0.01722343 -0.18046209 0.33218354
v 0.04616830 0.01943496 -0.06783564
v 0.00393726 0.21778791 -0.16991454
v 0.31137738 -0.01719575 -0.26520002
v -0.00690532 -0.09204944 -0.22292513
v -0.46486512 0.07088554 0.04470415
v 0.08121949 -0.18386891 0.25461894
v 0.62785828 0.07496167 0.02593508
v -0.17775089 0.09338711 -0.13947402
v 0.46043044 -0.07563060 0.14226046
v -0.49202996 0.03323008 -0.19715127
v -0.66205740 0.08197164 0.03965841
v 0.26025903 -0.04218778 -0.02194367
v -0.31161311 0.18314323 -0.03862182
v 0.43213418 0.20957571 0.05750321
v -0.42587709 0.09644362 0.24363670
v 0.39934316 -0.07112207 -0.04414609
v -0.09800386 -0.13654703 0.28768429
v 0.42842847 0.16230386 0.09114820
v 0.63635570 0.06739448 0.01624513
v -0.13054940 -0.08041133 0.22837649
v 0.12686421 0.00486960 -0.27108651
v 0.47435415 -0.06590548 0.14393434
v -0.49196541 0.05526468 -0.18945707
v 0.41203058 0.08434476 -0.20027770
v 0.65186542 0.10867228 -0.12556970
v 0.15951788 -0.28568512 0.21978994
v 0.09926140 -0.15150602 0.31950283
v 0.35715520 -0.00209411 -0.20652483
v 0.48777559 -0.01298051 -0.15029551
v -0.33585161 0.10909980 0.12754834
v -0.07856362 0.24771661 -0.20509669
v 0.12706988 -0.27464634 0.23175067
v -0.03232276 0.01747495 -0.08276983
v -0.26583618 0.07106066 0.18068933
v 0.05346452 0.08785637 -0.11532761
v 0.16952246 0.00416288 -0.25739017
v -0.19122274 -0.02300666 0.28194755
v 0.02252696 -0.11653210 0.24478750
v -0.25610662 0.05811349 0.34768444
v 0.10436338 -0.25764573 0.24292023
v 0.50035846 0.04172711 0.01204911
v 0.60202783 0.04972426 -0.17946237
v -0.17199960 0.12757437 0.16217372
v -0.29484543 0.15359883 -0.13263655
v 0.41017008 -0.06646368 -0.06015807
v -0.21167433 -0.05731454 0.28758627
v 0.19999936 -0.20383596 0.29436883
v 0.54219902 0.05445205 -0.05396340
v -0.02168024 -0.00978404 -0.30910373
v 0.35392913 0.05701408 -0.21823581
v -0.18825340 0.17104104 -0.05600810
v 0.38169613 0.06594391 -0.25657740
v 0.36713386 -0.00282708 0.03473218
v 0.58811408 0.04355703 -0.18919167
v 0.53654218 0.07830346 -0.02006548
v 0.49888146 0.08665642 0.03001132
v 0.49713555 0.02747530 0.01403636
v 0.45977318 -0.02233807 -0.03693069
v -0.19384095 0.03471726 0.25410813
v 0.56380379 0.07800806 -0.08509694
v 0.60506314 0.09670162 -0.07492895
v -0.45922014 0.02958260 -0.09298806
v 0.41336536 -0.01865866 -0.20766027
v 0.12299225 -0.26814559 0.24211031
v -0.50638020 -0.03772964 -0.43238947
v 0.55486894 0.06046833 -0.02104888
v -0.09085608 0.17578480 -0.18811722
v -0.02668150 0.21118487 -0.18453617
v 0.42335814 -0.05444847 -0.00127858
v 0.26514193 -0.02505007 -0.04012966
v -0.27451044 0.06044704 0.23129262
v -0.40819943 0.08772209 0.10079263
v -0.39360735 0.07854720 0.31733206
v -0.26401001 0.07655412 0.04871725
v 0.02039385 -0.18195882 0.27174357
v -0.57134318 0.01796351 -0.35665935
v -0.39159894 0.08441471 0.08874156
v -0.42246509 0.01830336 0.00445755
v -0.45245302 0.04235481 -0.17099194
v -0.22708869 -0.02060497 0.26017791
v 0.46379894 0.05717960 -0.18772577
v 0.45846951 0.21403208 0.09371093
v 0.00837292 0.04491702 0.06213537
v 0.49008548 0.10494101 -0.07680489
v 0.34061831 0.15345785 0.00844038
v -0.13879389 0.12962393 -0.35802144
v -0.40287426 0.03989983 -0.07050263
v -0.09397826 0.00695303 0.05244708
v 0.43469310 -0.16356005 0.16593820
v 0.12400448 -0.15786138 0.03413077
v 0.45526612 -0.03534764 -0.01973421
v 0.09912954 0.04815951 -0.06102243
v 0.36813682 0.11234885 0.02612844
v 0.43683854 0.01148689 -0.15264715
v 0.07775772 -0.18184051 0.09649241
v 0.59736317 0.08262821 -0.07200946
v 0.16348834 -0.17616792 0.24103175
v -0.10613509 -0.11322432 0.19284348
v 0.42205706 -0.15422341 0.19038557
v 0.60610092 0.05648245 -0.04797269
v 0.54906350 0.11427992 -0.18286160
v 0.52478409 0.08134443 -0.17379503
v 0.61815685 0.05959664 -0.12323569
v 0.07789589 0.03722674 -0.16030219
v -0.34981483 0.20149571 -0.04470786
v -0.27090144 0.11226103 0.12005513
v -0.37129900 0.19217427 -0.05807915
v 0.42774621 -0.05220687 -0.05465191
v 0.44639078 -0.02799605 -0.13648020
v 0.43863267 0.19320756 0.05128475
v -0.52758884 0.04810856 -0.27586168
v 0.44568157 0.00774587 -0.15667009
v -0.33990484 0.08181997 0.03703815
v -0.13027009 0.06102675 -0.20800400
v 0.65085047 0.10277450 -0.11954072
v -0.43863434 0.03474607 -0.10185324
v -0.12764588 0.05875680 -0.00194058
v 0.32772198 0.01287777 -0.24270241
v -0.00309063 -0.14470884 0.24412268
v 0.56902230 0.09032702 -0.15343767
v -0.13355795 0.20867056 -0.19003527
v 0.49167079 0.02809867 -0.00039598
v -0.40653741 0.02229594 -0.31027016
v 0.44226411 0.01583206 -0.24342111
v -0.34349084 0.10923818 0.09451030
v -0.20876880 0.09185819 0.16686295
v -0.04637645 0.17752843 -0.05381375
v -0.33651870 0.04115388 0.18516360
v -0.24962422 0.19020990 0.03844747
v -0.01183027 -0.01592660 0.20852496
v -0.16361089 0.13943289 0.17898729
v 0.55978221 0.05191293 -0.08232117
v 0.45703262 0.03250104 -0.15206639
v 0.04561111 -0.03483388 0.11652070
v -0.20122895 -0.05850545 0.14057837
v 0.39093590 -0.17887737 0.21043473
v -0.12364599 0.15479797 -0.20924807
v 0.44778717 0.20457181 0.09622657
v -0.09416166 -0.09856081 0.16700687
v -0.33951765 0.03586558 -0.01555422
v 0.48119688 0.01738091 -0.11681092
v 0.41399136 0.02722887 -0.16497883
v 0.45308435 0.00441381 -0.18703064
v -0.29453254 0.07256588 0.21662498
v -0.17538893 0.24683034 -0.10789743
v 0.35743019 -0.08808794 -0.02127853
v 0.42952451 0.04578862 -0.18444958
v -0.28671598 0.19192454 -0.18033615
v -0.48453268 -0.02808183 -0.41027892
v -0.25287974 0.02182451 0.25990513
v 0.12823403 0.00796302 -0.24526775
v 0.59359926 0.10208698 -0.10233861
v -0.23756696 0.23757868 -0.14498726
v -0.46368057 0.10564613 0.12650974
v 0.41108119 -0.02545686 -0.25835311
v 0.43337756 0.00046477 -0.13657403
v 0.39755964 0.01795824 -0.18092360
v 0.19671792 -0.09030664 -0.21407078
v 0.37236959 0.05076538 -0.24332002
v 0.18622319 0.00420493 -0.24953064
v 0.19700103 -0.14937380 0.04520768
v -0.38987821 0.19188821 -0.04860131
v 0.02146472 0.19275372 -0.11283413
v -0.23920035 -0.06362176 0.12241139
v -0.28363129 0.18102571 -0.17245574
v 0.04232195 -0.23060295 0.24918298
v 0.10166577 -0.23677942 0.28933039
v 0.20704015 -0.17515001 0.19875887
v -0.40575898 0.09508624 0.23184635
v 0.42757964 0.02916967 -0.17007403
v -0.07086536 -0.03394774 0.12838417
v -0.17035583 -0.06156453 0.15424204
v -0.16816385 0.02368590 0.00729013
v -0.23231255 0.01562649 0.05052459
v 0.34306642 -0.12004759 -0.07247916
v -0.23669770 0.16878751 -0.17193712
v -0.16039844 -0.03620031 0.40891486
v -0.28396195 0.00948467 0.17597698
v 0.56692547 0.08043823 -0.16769755
v 0.12992971 -0.17164691 0.15590101
v 0.45176613 0.00102556 -0.16686122
v -0.07429436 0.02450392 0.14407006
v 0.02861083 0.11504622 -0.08677682
v -0.55104321 0.09312052 0.05424979
v -0.32522517 0.05192998 0.36723390
v -0.24210164 0.09383442 -0.24957830
v -0.16086486 -0.02180231 0.19665897
v -0.15423742 0.10130177 0.12166603
v 0.55303299 0.06186853 -0.13220614
v 0.17731838 -0.20364569 0.23490933
v 0.38914052 0.02742039 -0.21399243
v 0.67262655 0.07470681 -0.11335278
v 0.39319807 -0.04066673 -0.22890502
v -0.33443692 0.02200612 0.35595250
v -0.31671947 0.06515227 0.18373026
v 0.16519874 0.03237417 -0.37986422
v -0.09173645 0.09956345 0.17473108
v 0.35291031 0.05589572 -0.13648769
v -0.18988845 0.11187288 0.00369407
v 0.59078151 0.08530513 -0.08385660
v 0.10281648 -0.14901105 0.08809808
v 0.36113635 -0.18128268 0.16171679
v -0.24870180 0.04337280 0.25895840
v -0.45278910 0.13921234 0.21637265
v 0.52885491 0.01814340 -0.04605455
v 0.30505943 -0.11460002 -0.31870383
v -0.01521622 0.05437660 -0.21566805
v -0.18264580 0.19073422 0.12356344
v -0.21410185 0.11050247 0.14578968
v 0.59476024 0.04263324 -0.11865234
v -0.02222945 0.08026728 0.11289816
v 0.53789431 0.00307426 -0.06592366
v 0.48636433 0.08165447 -0.17942965
v -0.38256991 0.05255529 0.32121643
v -0.40751123 0.08862820 0.02096371
v 0.44980675 0.10826612 -0.10351168
v 0.05545016 0.00000671 -0.32549775
v -0.24267511 -0.00606328 0.27832586
v 0.49511373 0.03095191 -0.01913809
v -0.35142496 0.16213812 -0.02312744
v 0.44964856 -0.13902138 0.17654085
v -0.18036558 -0.05754242 0.22926182
v 0.43688518 -0.04957662 -0.08033100
v 0.48868287 0.07986926 -0.01118872
v -0.16421162 0.11128850 -0.12314624
v -0.00070411 0.09662858 -0.17078099
v -0.09037714 0.17577821 -0.21049473
v 0.46866071 0.13182464 -0.04566798
v -0.49411923 0.01393867 -0.29901525
v -0.15736343 0.04334928 0.23671260
v -0.19591771 0.08083843 -0.14622359
v -0.24169418 -0.04540026 0.09617890
v -0.42763150 0.20582706 -0.04980048
v 0.57088149 0.11095141 -0.16359349
v 0.55142933 0.12306668 -0.03914059
v 0.10690758 -0.13672528 -0.15076070
v 0.54155755 0.12517150 0.00507131
v -0.22572659 0.09300271 -0.06869955
v 0.05372298 0.00440155 0.13252026
v 0.42330691 -0.01074029 -0.16870211
v -0.41807842 0.10464519 0.25102001
v -0.16718441 0.01403034 -0.00193106
v 0.39136523 -0.00961893 -0.20744488
v -0.05912399 -0.04742800 -0.21524391
v -0.08420898 0.09066862 -0.18628590
v 0.19650257 -0.02714927 -0.30814379
v 0.02487195 -0.21035549 0.36688167
v -0.11712861 0.05774018 -0.01642272
v 0.60472149 0.07428984 -0.18877360
v -0.08654964 0.21268868 -0.27588862
v 0.36476228 0.02043182 -0.21762428
v -0.13121341 0.02123489 0.12880662
v 0.50049502 0.01553338 -0.11847316
v 0.08483323 0.10782093 -0.05638924
v 0.24991183 -0.14698200 0.07622937
v 0.49298126 0.22083649 0.09196691
v -0.49593738 0.10600968 0.01066020
v 0.35804790 -0.16510826 0.22463731
v -0.23367357 0.17680240 -0.08700388
v -0.21293198 0.05061620 -0.02524170
v 0.52395278 0.10085972 -0.14572926
v -0.36917707 0.05722336 0.32078850
v 0.60145754 0.09559983 -0.06797400
v -0.16356121 0.09981041 0.17612082
v -0.47442234 0.05193627 -0.25422129
v -0.22138599 -0.04625005 0.12341446
v 0.18290715 -0.08860666 -0.22022563
v -0.47064570 0.09585071 0.19685978
v -0.55112493 0.05318537 -0.02005514
v -0.36689803 -0.00727832 0.28083548
v -0.25392210 0.02413705 0.08136325
v -0.48791504 0.05671787 -0.11300503
v -0.01727092 -0.13454160 0.27523676
v -0.05345023 -0.03261118 0.00988765
v 0.31741083 -0.11264916 0.00269732
v -0.53894842 0.03397720 -0.28524256
v 0.16810119 -0.01777522 -0.32136750
v 0.60445887 0.08791114 0.00015988
v -0.08634958 0.10172966 -0.05485745
v 0.12830773 -0.25244254 0.20604722
v 0.64668936 0.09289059 -0.10737285
v 0.47131675 0.00281904 -0.19519958
v 0.66797966 0.10472697 -0.11393228
v -0.23261172 -0.02661604 0.17267150
v 0.57296002 0.05071346 -0.03334731
v 0.59429491 0.04355182 0.01017135
v 0.37101361 -0.13084796 0.16680963
v 0.49865288 0.07044987 -0.11143462
v -0.44062710 0.07665542 -0.24082434
v 0.43972549 0.00508997 -0.20962371
v -0.15579918 0.15477644 0.16155604
v -0.42811355 0.01601678 -0.25161743
v -0.43384710 0.13582130 0.05930892
v -0.10293181 -0.08635856 0.18764368
v 0.55945772 0.03249311 -0.08404768
v 0.00723869 0.11445426 -0.20590571
v -0.35984442 0.10519914 0.25962403
v 0.04765690 -0.10993221 0.03687527
v 0.46178105 0.20369011 0.06614658
v 0.36159861 -0.17842779 0.20483395
v -0.28888309 0.14338683 -0.14757252
v -0.31863970 0.08402299 0.31128779
v -0.20727704 0.00699248 0.15017378
v 0.59859353 0.05026272 -0.00330302
v -0.48777086 0.10095093 0.18561034
v 0.60079187 0.08051957 -0.05931224
v -0.08188620 -0.09462598 0.26228186
v -0.05759227 -0.05976306 0.26770014
v -0.32337356 0.04369584 -0.09768473
v -0.26376343 0.11306863 0.13463229
v 0.51183659 -0.00605006 0.12830973
v 0.68211925 0.08588517 -0.09885041
v -0.11056757 -0.11506864 0.33478737
v -0.41585821 0.07632698 -0.08361343
v 0.49307436 0.01772322 -0.12178354
v -0.01153121 -0.13180338 0.23797464
v 0.23529604 -0.14559433 0.04610783
v 0.56796443 0.08187983 -0.10388584
v 0.00359477 -0.01962723 -0.25721079
v 0.36140025 0.05443749 -0.21635109
v 0.08256488 -0.14242935 0.27879915
v -0.39422452 0.07932414 0.03577622
v -0.21678084 0.16106743 -0.07600276
v -0.15529534 -0.06114587 0.27423176
v 0.21756649 -0.05648623 -0.32492676
v -0.34123081 0.15938158 -0.02693386
v -0.42139345 0.09198387 0.25180739
v -0.12953812 -0.00070009 -0.23889107
v 0.64938051 0.12299801 -0.10929935
v -0.10208061 -0.11039513 0.18492684
v 0.52694285 0.04616432 -0.19106328
v -0.25867069 0.06377868 0.23811948
v -0.10264009 -0.07498309 0.15466630
v 0.37266845 0.06408216 -0.25540230
v 0.48187423 0.01144898 -0.19059464
v -0.29218307 0.06327976 -0.08868232
v -0.18182501 -0.04076082 0.26552022
v 0.28383377 -0.11610609 0.13788199
v -0.16362563 0.14515951 -0.04279639
v -0.00989839 -0.00049055 0.05498689
v 0.27053475 -0.05897315 0.02926494
v 0.32916692 -0.04863224 -0.16556573
v -0.18974796 0.02302665 -0.20970294
v 0.42870897 -0.01373813 -0.14503893
v 0.45634866 -0.12167482 0.17611432
v 0.62286627 0.10773140 -0.01174764
v -0.37585002 0.08976959 0.26215902
v 0.43201014 0.02185999 -0.21319860
v -0.16533262 0.04395790 0.25420141
v 0.11113386 -0.22271103 0.26311272
v 0.56817502 0.11042683 -0.16673356
v -0.37569711 0.18360782 -0.14123139
v 0.28224403 0.03092492 -0.23495592
v -0.40946677 0.01569217 -0.32114205
v -0.38430175 0.05222121 0.17264220
v -0.15870133 0.15683523 -0.10017003
v -0.13139504 0.02241232 0.25000757
v -0.14666146 -0.06110498 0.26547703
v 0.36057892 0.10574865 0.03065799
v 0.15052535 -0.10818332 -0.14835589
v -0.39491582 0.01936387 -0.27105647
v 0.30574515 0.05987573 -0.12947899
v 0.53904194 0.02332087 -0.11606078
v -0.32639304 0.21688694 -0.00885200
v 0.57235610 0.09582828 -0.09199834
v -0.07583386 -0.10902778 0.16519094
v -0.29803911 0.12390342 -0.00219048
v 0.17344293 0.04389557 -0.40314758
v 0.44965523 -0.08828749 0.14125879
v -0.10911626 -0.09455654 0.26909310
v -0.23316662 -0.01874280 0.15969166
v -0.21308479 0.19027631 -0.20743203
v -0.44821218 0.10997330 0.21688659
v 0.12018226 -0.16276753 0.11613806
v 0.10072792 -0.13089114 -0.07827715
v -0.16180679 -0.00083451 0.01815370
v 0.00547341 -0.19860065 0.25378624
v -0.51758742 0.06385092 0.04364197
v 0.48726285 0.03247491 -0.10402115
v -0.27505729 -0.01639818 0.35315317
v -0.47093803 0.04188296 0.08263575
v 0.39211822 -0.03530831 -0.20603257
v 0.11039500 0.09507394 -0.02007049
v 0.31044137 -0.18288575 0.23240644
v -0.18875284 0.11751968 -0.23688076
v -0.23840484 0.09016018 0.17171764
v 0.31847316 0.14293745 -0.01010054
v -0.32304901 0.21083075 -0.09571347
v 0.60228848 0.08962829 -0.14208080
v 0.03611888 -0.02741963 -0.01405491
v -0.24396397 -0.01396611 0.26171759
v 0.05159333 -0.02058086 -0.04898515
v -0.45458308 0.10231600 0.15899487
v 0.37228757 -0.04749694 -0.14427216
v -0.43578190 0.03683758 -0.05545769
v -0.34709343 0.05302438 0.35798037
v 0.12604374 -0.21192084 0.30707181
v 0.44426778 0.00700348 -0.15856376
v -0.03729971 0.02847314 -0.09257495
v -0.37051901 0.04749850 0.33166280
v 0.38586622 -0.05341275 -0.23133811
v -0.34380260 0.20831780 -0.01775554
v -0.57163191 0.01609482 -0.33900273
v 0.22431326 0.03681228 -0.10640491
v 0.27669230 -0.17093837 0.18195499
v -0.21997854 0.18375875 -0.01305218
v -0.18146104 0.11916673 -0.15516375
v -0.03531221 0.09191734 -0.15473312
v 0.54364431 0.07636027 -0.01377774
v -0.17710151 -0.00881316 -0.21642412
v -0.25486585 0.00740951 0.13955854
v -0.07721414 -0.11947768 0.24708161
v -0.26494265 -0.06524619 0.19019654
v -0.39633214 0.03034449 -0.03414020
v -0.33234823 0.03896099 -0.02136130
v -0.37017554 0.16673246 0.03572000
v 0.17065381 -0.19245148 0.30637163
v -0.06073990 -0.03240331 -0.26568827
v 0.07033765 -0.18984878 0.25122339
v 0.18387981 0.05843574 -0.43214196
v -0.32094267 0.11210852 -0.03107544
v 0.59784728 0.03837601 0.01205353
v -0.24732181 0.13794428 -0.04353523
v 0.33988658 -0.10862648 -0.01333048
v 0.36246172 0.00593896 -0.02883580
v 0.44505882 0.03783859 -0.18844959
v 0.14409094 -0.25347012 0.24125753
v -0.34398884 0.17824876 -0.17055775
v 0.06388643 -0.03566983 0.07773687
v -0.04733065 -0.09163369 0.24507467
v -0.29482126 0.07427284 -0.04826771
v 0.14380476 0.00896671 -0.25768292
v -0.40736479 0.04750365 -0.24578156
v 0.41112584 0.05766177 -0.18413082
v -0.01848245 -0.12804547 0.15850185
v -0.36907628 0.03966185 0.31742227
v 0.32846308 -0.12879927 -0.01992531
v -0.46232784 0.05291133 -0.20510131
v -0.06320921 0.05421793 -0.24062099
v 0.35463703 -0.04020509 0.02531599
v 0.65996820 0.02690381 0.00764235
v 0.07017294 0.00526017 0.04325246
v 0.21916369 -0.18787950 0.22068024
v -0.48787749 0.07996617 0.12334426
v -0.10944304 0.03572997 -0.10558686
v -0.42075142 0.07018042 -0.03654571
v -0.07629053 0.10288450 -0.27814192
v -0.48461330 0.06503971 -0.02482436
v 0.03366414 0.16645756 -0.01329867
v -0.03687332 0.04677182 0.10623088
v -0.16932148 0.08018780 0.20494051
v -0.22499660 0.20654556 -0.29077291
v -0.02803983 -0.10982524 0.04427313
v -0.19792478 0.19590358 0.09571949
v 0.49113771 -0.02337413 0.13684019
v -0.41939658 0.06900414 0.17848484
v 0.47084013 -0.01257437 -0.14448608
v -0.51014704 0.11212726 0.21616998
v 0.00986414 -0.12979850 0.31252885
v 0.00267383 -0.16970459 0.30512536
v 0.16945463 0.06991306 -0.04235625
v -0.53467488 0.03499916 -0.10897581
v 0.17993991 -0.01944375 -0.26588786
v -0.18313539 0.17759752 -0.10840384
v 0.50857145 0.01632306 -0.18143393
v 0.01737240 -0.08833303 -0.23354478
v -0.16229385 0.18741825 -0.22188334
v 0.52845585 0.11258456 -0.04663760
v -0.10521591 0.21523488 -0.20804615
v -0.11828735 -0.08973798 0.18613775
v 0.42134932 -0.00781843 -0.15452406
v -0.02143019 -0.06587164 0.25903666
v -0.44269550 0.08093648 -0.23069757
v 0.11073188 -0.04265794 -0.02730550
v 0.46791631 0.20370820 0.08763668
v -0.15223649 0.20319170 -0.19373626
v -0.34419781 0.08509800 0.30966893
v -0.25348905 -0.02071702 0.09024090
v 0.00918408 0.06854573 0.12398336
v -0.19192953 -0.02775517 0.27296489
v -0.37223697 0.05927050 0.34123933
v -0.13243794 -0.01060545 0.12903574
v -0.34972680 0.06159094 0.31277132
v 0.49517176 0.24665850 0.09033796
v -0.15192482 -0.10634782 -0.01140139
v 0.53249943 0.03426685 -0.07066071
v -0.25329170 0.05323213 0.00487372
v -0.50871044 0.05417933 -0.15403232
v -0.49414995 0.01220948 -0.35961041
v -0.25853509 -0.04044668 0.07901321
v 0.32622921 -0.08260731 -0.29328668
v -0.25287509 0.05151707 0.35879532
v 0.47476631 0.00845451 -0.18814892
v 0.08798815 -0.20924786 0.29206717
v -0.41050386 0.12567125 0.00377704
v -0.33540499 0.05982297 0.32465270
v 0.36485767 -0.06024903 -0.28619844
v 0.48773634 -0.02178938 -0.08071876
v -0.44153583 0.11989936 0.03718639
v -0.03466347 -0.13251105 0.22970334
v 0.15155335 -0.10532349 0.23319143
v 0.14731352 -0.17795356 0.16492030
v -0.18646762 0.06903307 0.21530154
v 0.57985097 0.05447260 -0.02802343
v 0.16126275 -0.04978593 -0.28726363
v 0.67164785 0.10334031 -0.05086865
v 0.30033135 0.15368956 0.01350623
v 0.37237537 -0.18860228 0.21492994
v -0.12522146 0.01986912 -0.02234460
v -0.20734951 0.01944472 0.27714649
v 0.35397458 -0.06959516 -0.01202507
v 0.17521666 -0.15022567 0.06490228
v 0.37115639 -0.04968492 -0.26224709
v -0.36270633 0.09229556 0.18369775
v 0.62276024 0.10470045 -0.17805740
v 0.38419515 -0.17400011 0.15572126
v -0.40277603 0.11448795 0.19012985
v 0.19218802 0.03320074 -0.35135591
v 0.40381527 0.05252406 -0.19943960
v -0.34213138 0.17578542 -0.09307309
v 0.29752326 0.03337757 -0.18768139
v -0.16216499 -0.10996881 0.32119527
v 0.41546100 -0.15938623 0.17523329
v 0.32927513 0.06250916 -0.30021042
v -0.12660003 -0.11098611 0.26884750
v 0.12174118 -0.15022199 0.06539434
v -0.41495627 0.00933225 -0.36261129
v 0.56135100 0.11504427 -0.10608596
v 0.44431391 -0.02510847 -0.09160031
v -0.02642126 0.09654769 -0.08144435
v 0.04579863 0.00027245 0.02949533
v 0.56872153 0.07373787 -0.16149543
v 0.60323828 0.05516573 -0.14555809
v 0.64500600 0.03578293 -0.12958720
v 0.59862542 0.04784882 -0.19265004
v 0.58704126 0.10298014 -0.12352726
v -0.39067370 0.09527539 0.28518483
v 0.55138028 0.05018413 -0.09382859
v 0.65098244 0.10946102 -0.10528639
v 0.61529011 0.10641132 -0.18014418
v -0.36148024 0.11973652 0.06486669
v -0.16141197 -0.06780368 0.14325236
v -0.18947434 0.14298159 0.13194078
v 0.21617457 -0.18377440 0.22275643
v 0.56744665 0.11395186 -0.03372033
v -0.15632090 0.02102283 0.21597430
v -0.19135378 0.03318053 0.01873958
v -0.35697725 0.18001521 -0.04265969
v 0.19265217 0.05197898 -0.02094448
v 0.45826319 0.12414967 -0.10391006
v 0.32652599 0.00002091 -0.21562390
v 0.48272324 0.05707070 -0.17879768
v 0.07648961 -0.10979816 -0.17935942
v 0.37772995 -0.16551727 0.16035335
v 0.11180176 0.01754132 -0.07976393
v 0.28021666 -0.18403849 0.23189008
v -0.59449792 0.04643160 -0.11777812
v -0.35336566 0.17414753 0.04005531
v 0.52889585 -0.09045531 0.17191286
v -0.38094044 0.13775842 0.04798053
v 0.05620027 -0.09616934 -0.24630067
v -0.08923391 -0.03762394 0.19608045
v -0.16725576 0.03857803 -0.10787506
v -0.43121606 0.10079277 0.19013564
v 0.19586016 -0.27213195 0.16812557
v 0.09274203 0.04643112 -0.03199147
v -0.14894181 0.01381588 -0.01445343
v -0.36537918 0.10467716 0.26697934
v 0.61160070 0.05825870 -0.12609379
v 0.55223316 0.09815605 -0.15720947
v 0.41327584 -0.16202927 0.18902735
v -0.32224950 0.23396282 -0.01184202
v 0.36599287 -0.08833982 0.02233072
v 0.13572186 -0.23239392 0.26846778
v -0.34992594 0.12998648 0.10892510
v -0.18097064 0.09909078 -0.13435009
v 0.39578536 0.08203734 -0.13145070
v 0.21131721 0.07722449 -0.38573560
v -0.09420882 0.06043917 0.15995462
v -0.19329280 0.09561124 -0.20511000
v 0.20526087 -0.02731644 -0.28601685
v -0.21464410 0.10467921 -0.14860326
v 0.53760701 0.10377191 -0.17073673
v -0.29940036 0.00694716 0.10045265
v -0.23915334 -0.05768165 0.19872023
v 0.27874964 -0.00773650 -0.25485569
v -0.16769643 0.06139963 0.24526721
v -0.05394305 -0.15798344 0.23331428
v -0.25032741 -0.00691003 0.19993049
v -0.08592186 0.04306546 -0.24997631
v -0.22882031 -0.03430517 0.29312199
v 0.61909235 0.04973134 -0.15196519
v -0.07594427 0.08762872 0.00745028
v -0.01523328 0.01908207 -0.11309730
v -0.15789047 0.03948966 -0.06240032
v -0.33661363 0.17527717 -0.19040656
v 0.04007621 0.01488063 -0.24960099
v 0.52473480 0.09922811 -0.09441936
v -0.37424928 0.09330253 0.04388191
v -0.04921634 0.12575555 0.15708867
v 0.58631384 0.10673003 -0.05526264
v -0.46103925 0.03851873 -0.16085643
v 0.01415782 -0.07513608 0.09023239
v -0.56500113 0.06076272 -0.27851126
v -0.54307288 0.05648626 0.04031729
v -0.46353987 0.10221446 0.11893909
v 0.64099932 0.02673821 -0.10249093
v -0.41606045 0.20324267 -0.05266019
v -0.22204834 -0.03454080 0.14492127
v 0.49326956 0.24344343 0.12454556
v 0.41207689 0.10859123 0.08044124
v -0.15009126 0.07940871 -0.15084296
v 0.19256376 -0.01422872 -0.08452991
v -0.09647039 -0.10519084 0.30599385
v -0.06814300 0.06865911 -0.22768702
v 0.60193861 0.06576026 -0.16722190
v 0.41380847 0.03607289 -0.20639032
v -0.32325673 0.08552632 -0.03291445
v -0.31911623 0.00624338 0.22555579
v 0.17379487 0.07511695 0.00678200
v 0.15483718 -0.06866394 0.12487987
v -0.25897714 0.01263525 0.09774384
v -0.03908223 0.02410494 0.13853557
v 0.40089363 -0.04488124 -0.17162547
v 0.15629476 -0.19135764 0.22011642
v -0.28734761 0.00142589 0.11334080
v -0.69228542 0.06378115 0.04166713
v 0.55394864 0.09961832 -0.12236345
v -0.34397984 0.01793325 -0.26462400
v -0.39753515 0.11943389 0.25359559
v 0.52085525 0.08857179 -0.13404652
v 0.10123549 -0.26132542 0.29831645
v -0.32283568 0.09805401 0.22428209
v -0.39821571 0.09560670 0.22434409
v -0.14681673 -0.08659533 0.21149418
v -0.17202646 -0.08224007 0.19290259
v -0.14244142 0.06466597 0.12713090
v 0.45632839 -0.00189908 -0.18300514
v 0.40547544 -0.04625467 -0.12450448
v -0.56309128 0.03424759 -0.30051655
v 0.01644933 -0.20737579 0.26334903
v 0.41561437 0.14550617 0.05191663
v 0.08697912 -0.18290561 0.28460923
v -0.09970221 0.18585783 -0.08900450
v 0.58019882 0.01223468 -0.01640553
v -0.04887515 -0.12434331 0.30858988
v 0.42686191 -0.00811117 -0.18742710
v 0.30875513 0.05748720 -0.13265055
v 0.29388860 0.04109119 -0.35219955
v -0.47108865 0.10502058 0.03129425
v -0.31977853 0.07442053 0.06504270
v -0.19677818 0.06585997 0.00217013
v 0.58079630 0.03314427 -0.14691287
v 0.44209668 -0.13359210 0.17734975
v 0.47130752 -0.02728104 -0.00570235
v 0.10193965 -0.26767829 0.25464919
v 0.33252737 -0.05988419 -0.14551583
v 0.53042763 0.00317228 -0.06943940
v 0.50997859 0.02003640 -0.01920933
v 0.59243351 0.04657274 -0.12113863
v -0.33446032 0.03482663 0.34469879
v -0.29004279 0.04683168 0.22685871
v -0.41064626 0.06562868 0.13026315
v 0.55886286 0.07911417 -0.15175065
v -0.07781874 -0.12373946 -0.04046367
v 0.56590903 0.08692103 -0.14066912
v 0.02602762 -0.23913224 0.28585368
v 0.52909940 0.03260227 -0.19046472
v 0.26612082 0.14113581 -0.03605439
v 0.09991965 -0.13838816 0.03913545
v 0.46398091 0.05444577 0.01536201
v -0.33380470 0.08770406 0.21305647
v -0.45712754 0.02836700 -0.34662011
v -0.37845987 0.04366887 -0.02794602
v 0.03891368 0.02865590 -0.22995546
v -0.04089062 0.14013976 0.05616103
v -0.38099590 0.04446610 0.32203472
v 0.01864749 -0.21529871 0.30837530
v 0.14768596 -0.15380019 0.27146173
v -0.16348901 0.05304781 -0.08775066
v 0.04371303 0.07733727 -0.05417027
v -0.15961844 0.09297144 0.20713899
v 0.43432951 0.10960433 -0.07422250
v -0.02618265 -0.03377169 0.10885749
v -0.43350449 0.08076288 0.07175066
v -0.47077268 0.04621750 -0.31226042
v 0.11682640 -0.25170416 0.26788142
v -0.14123374 0.17325503 -0.10173578
v -0.02307228 -0.05532320 -0.28222603
v 0.38909316 0.18938741 0.07982065
v -0.57646221 0.05028595 -0.29174197
v -0.48560345 0.06413504 -0.11662519
v -0.32320997 0.01455201 0.20210055
v 0.32144082 -0.11784155 -0.08894512
v -0.22589520 0.08587480 0.16868050
v -0.16207293 0.06541093 -0.24472004
v 0.27335802 -0.05677617 -0.19648772
v 0.43728769 0.02535833 0.00184901
v -0.42718330 0.05869630 -0.03538748
v 0.01366408 -0.05094780 0.01747979
v 0.36020654 0.03056981 -0.22831443
v 0.00334553 0.00916207 -0.24101704
v -0.37438583 0.09810467 0.22911783
v 0.46262082 -0.07458629 0.15930560
v 0.39201242 0.06328773 -0.05364986
v 0.53867966 -0.00927556 -0.03684309
v 0.44508415 0.09474295 -0.19024336
v -0.49775428 0.09971613 0.15100643
v 0.55885184 0.03713324 -0.08074519
v 0.10260656 -0.23084052 0.29335225
v -0.31318066 0.07537158 0.16072109
v -0.18547507 0.23734894 -0.19834013
v 0.57740170 0.03034561 -0.11464693
v -0.23693125 -0.01493446 0.39859417
v -0.12655288 -0.11940739 0.32257259
v 0.64005947 0.08513410 -0.16909230
v -0.27089047 0.14779089 -0.06958880
v -0.31694537 0.05589135 0.14836690
v -0.30195031 0.17835198 -0.20277941
v 0.47303277 0.04191889 -0.22640404
v -0.49718755 0.02457242 -0.06672009
v 0.23547532 0.07601631 -0.02856109
v -0.51181036 0.11140925 0.16157526
v 0.32156959 0.04714465 -0.25237629
v -0.19029744 0.06722153 0.20331374
v -0.47850198 -0.00761759 -0.38729203
v -0.41089880 0.07250389 0.11521993
v 0.11939448 -0.27328712 0.25154883
v -0.09280673 -0.13125142 0.28347605
v 0.02324793 0.16509190 -0.02089423
v 0.26361549 0.13310862 -0.02610181
v 0.53837830 0.04194076 -0.18017174
v 0.42600435 0.06048961 -0.22977521
v 0.62829381 0.08440685 -0.18169841
v -0.13363995 0.16098987 -0.15976486
v 0.35622939 0.03942966 -0.16441117
v -0.12520564 0.24251612 -0.18021961
v -0.56222177 0.08911892 0.00136965
v 0.63134921 0.05214620 -0.12029621
v 0.39187670 0.05615701 -0.26178148
v 0.45951152 0.09113930 -0.02427321
v 0.40596732 0.03960991 -0.21170425
v 0.49507400 0.04492168 -0.19098227
v 0.10288355 -0.00899544 0.04828599
v -0.42854992 0.10103235 0.11755165
v 0.21190396 -0.14882901 0.03717894
v 0.18681014 -0.21007039 0.33207318
v -0.05371299 -0.16105211 0.35226646
v 0.08304384 -0.03173047 0.04234492
v -0.53350282 -0.00429387 -0.38641050
v -0.34062701 0.22642218 -0.08803591
v 0.43904763 0.08512715 -0.17195420
v 0.08734541 -0.16788268 0.24465513
v -0.52247882 0.06705508 -0.09333791
v 0.48639125 0.06508942 -0.17410725
v 0.47110423 -0.10362279 0.15081429
v -0.03606121 0.10352391 -0.18603392
v -0.26285240 0.17258793 -0.14010343
v 0.26748371 -0.06174622 -0.22794235
v 0.39198884 -0.04067215 -0.23144965
v -0.17631465 0.00146979 0.06923179
v 0.17342360 -0.16988970 0.24724910
v -0.17270285 0.15424657 -0.09225170
v 0.48922670 0.05193419 -0.18483235
v -0.12938842 -0.15569448 0.29323283
v -0.20297122 0.13693985 -0.14473283
v 0.43755490 0.06361702 -0.06878892
v -0.21915363 -0.01047599 0.18209338
v -0.00737879 0.04164787 -0.03638754
v -0.50012475 0.11333307 0.15132414
v -0.52400351 0.08319800 0.15767652
v 0.16965890 -0.04459420 -0.28366175
v 0.56068313 0.05710242 -0.16659747
v -0.22887485 0.11554746 0.13031447
v -0.32808977 0.08048312 0.31768292
v 0.19398463 -0.19337445 0.29356128
v 0.58936226 0.11213139 -0.03475102
v 0.56056058 0.11563857 -0.03157312
v 0.50189662 0.03751481 -0.10360959
v 0.37280548 -0.18599986 0.20108847
v -0.27927500 0.07668866 0.18479726
v -0.07655832 -0.12046129 0.24244073
v 0.60461569 0.08139800 -0.01928526
v 0.66666508 0.04118837 -0.11096746
v -0.24270843 0.03018142 0.37555933
v -0.01254816 -0.16558091 0.37214947
v -0.35281906 0.09371836 0.12301505
v 0.37761885 -0.00259377 0.02555145
v -0.38645294 0.02883704 0.10683045
v 0.56546479 0.06956293 -0.14233461
v -0.37410617 0.15955159 0.03679020
v 0.00764637 0.08879778 0.00057542
v -0.09985738 -0.00899686 0.27823022
v -0.01003456 0.01580536 -0.02226165
v 0.18332458 -0.11539230 -0.19076420
v 0.59134448 0.04469152 0.00722902
v -0.09275857 0.01089567 0.26112658
v -0.09458730 -0.09917724 0.18044582
v 0.49707943 0.04313721 -0.20351407
v -0.09832163 0.09217847 0.18274401
v -0.29670322 0.01234601 0.36114788
v -0.15586171 -0.00205845 0.00614499
v 0.22144115 -0.04094739 -0.14193541
v -0.12203714 -0.01244190 0.02259341
v -0.20947431 0.12889245 0.15441735
v -0.44467905 0.07069732 0.11460266
v 0.31379360 -0.13680215 0.12550139
v 0.01794143 0.05346376 -0.16074872
v -0.04988192 0.10441031 -0.27781576
v -0.22795981 -0.06425834 0.21188223
v -0.48851934 0.06102361 -0.24861094
v -0.26596686 0.02574592 0.37868124
v 0.40883484 0.07078785 -0.22682223
v -0.02323663 -0.13494760 0.20697102
v -0.55137980 0.05407287 -0.05238504
v 0.38526779 0.05989172 -0.16761373
v -0.35530949 0.02671815 0.33373526
v 0.28140303 0.14515615 -0.01718101
v -0.37589595 0.17262083 -0.03327142
v -0.03698906 -0.12037814 0.28449363
v 0.70154047 0.11543939 0.00754489
v 0.36218807 -0.15241547 0.14669144
v -0.42918932 0.04451963 -0.15269542
v 0.03673524 0.11258197 -0.02140540
v 0.15780245 -0.10324786 -0.20072368
v 0.54364616 0.02704508 -0.08718601
v -0.36031246 0.04480809 0.34885114
v -0.14021684 -0.02309391 0.28789449
v 0.01016028 0.01771747 -0.23846149
v -0.32061255 0.10063301 -0.07534969
v -0.12038033 0.08287473 0.19219533
v -0.01973954 -0.13132977 0.18844748
v -0.36896402 0.21602370 -0.07916336
v -0.29110533 0.02208976 0.22616403
v 0.51510805 0.01697212 -0.13032103
v -0.15419018 -0.04922342 0.24268445
v 0.44671953 -0.14053608 0.17523861
v 0.45022476 0.00611413 -0.21799858
v -0.05626537 0.08746046 -0.20727704
v -0.08764717 0.04306242 0.22146927
v -0.00189838 0.11503745 -0.16911805
v 0.12820417 -0.22272873 0.22567628
v 0.53982937 0.10972491 -0.17977351
v -0.22942835 0.02346230 0.20428383
v 0.49622124 0.01961324 -0.18414521
v -0.33869070 0.16866057 -0.03283018
v -0.50991893 0.06251813 0.03102884
v 0.31701511 -0.11291908 0.14733036
v 0.45817149 0.04352917 0.04866278
v -0.26044512 0.21512446 -0.00963418
v 0.56144464 0.13332434 -0.03728532
v 0.01031654 -0.16129535 0.33664685
v -0.33395839 0.06313272 0.00918493
v 0.18977682 -0.27707994 0.17321333
v -0.04534826 -0.14800362 0.36213285
v -0.32265699 0.02055712 0.35179740
v -0.21085311 -0.01267536 0.15108731
v 0.27036983 0.01556674 -0.26914364
v 0.20879531 0.03834784 0.07349241
v 0.44164330 0.14415850 0.05034244
v 0.44500440 0.19796562 0.09943134
v 0.27083930 0.12539360 -0.00001970
v 0.61296654 0.05382316 0.03077612
v -0.07103309 -0.16830850 0.29483908
v -0.48964235 0.04948662 -0.25002179
v 0.37017131 0.00463581 -0.13412744
v -0.51118892 0.05747218 0.02574645
v 0.22865371 0.00640486 -0.21276271
v 0.63449234 0.08114198 -0.18291239
v 0.27369738 -0.18444441 0.16138634
v 0.62433058 0.06247103 -0.03593243
v -0.28906685 0.06740998 0.02843915
v -0.25799951 -0.02109689 0.20415285
v -0.00747624 -0.07509360 0.18192121
v 0.14896220 0.11094303 -0.14946480
v -0.10427330 -0.03410313 0.24197471
v 0.04270672 0.17702225 -0.01501110
v 0.42074871 -0.01610268 -0.08049893
v -0.07332334 0.01944056 -0.05061991
v 0.56705755 0.03399311 -0.12232062
v 0.46164501 -0.00027793 -0.16031833
v 0.51518232 0.08642733 0.01481012
v -0.23872097 0.09956101 -0.08993928
v 0.57528675 0.09394558 -0.03645036
v 0.25842524 -0.00041603 -0.22775379
v 0.61930972 0.04297759 0.02761016
v -0.46549168 0.06563488 -0.06864364
v -0.09128910 0.05227607 0.05839607
v -0.33376467 0.05801935 -0.03642375
v 0.37467676 -0.15040983 0.20724855
v -0.16814837 0.09773345 -0.15832312
v -0.00600492 -0.14183675 0.31249124
v 0.02271191 0.12852675 -0.17379907
v -0.30409783 0.06954484 0.19538203
v -0.46987516 0.01592630 -0.37912768
v -0.25760445 0.11390480 -0.01731014
v -0.50975931 0.04025768 -0.21245342
v 0.50028270 0.11378399 -0.08940057
v 0.00170845 -0.11819230 0.32418835
v 0.36600372 0.06812046 -0.14066395
v -0.42244378 0.12056828 0.23170814
v 0.30313358 0.15468699 0.00159538
v -0.47976041 0.06590867 0.25289246
v -0.00542027 0.04552880 0.17021805
v 0.20336089 -0.12840383 0.09532890
v -0.08630805 0.20208551 -0.19670862
v 0.51161534 0.00087544 -0.07766350
v 0.61541510 0.09418858 -0.16348119
v -0.53895384 0.10713570 0.12338713
v -0.49540174 0.04086876 -0.27356258
v -0.12361191 0.08059391 -0.23529978
v 0.04071280 0.00323376 -0.01545390
v 0.03633566 -0.12344304 -0.16514151
v 0.48395541 0.11232880 -0.07801946
v -0.21358472 0.06172130 -0.02205247
v -0.27859414 0.01811522 0.37322980
v -0.16146784 0.14289367 -0.11604408
v -0.49776903 0.06126919 -0.00502770
v -0.20377119 0.17328927 -0.21317242
v 0.49948293 -0.00482615 -0.07724020
v -0.09883089 0.10818293 -0.20049153
v -0.46105078 0.02450967 -0.25469315
v -0.56726378 0.10341993 0.11074780
v 0.08751157 0.02834737 -0.15979405
v 0.18203583 0.09326282 0.04082188
v -0.19271682 -0.08942907 0.18242460
v 0.48441941 0.02034163 -0.10524333
v 0.51360714 0.08112107 -0.19844192
v 0.53332394 0.04999866 -0.01834113
v 0.01584822 -0.03488584 -0.30601537
v 0.39192128 0.11503005 0.05346765
v -0.50865543 0.08497962 0.03341713
v -0.44956243 0.11206297 0.22305548
v -0.49915946 0.05023862 -0.20384219
v -0.27707219 0.05152047 0.35015041
v -0.21331809 0.11505973 0.15504554
v 0.68494040 0.11239898 -0.11865652
v -0.11222081 0.12043005 -0.14887282
v -0.49963436 0.11694345 0.21571805
v -0.23104897 0.15580921 -0.08788566
v -0.04881178 0.17800899 -0.22657283
v 0.62643307 0.12509391 -0.11975861
v -0.03113794 -0.22467417 0.26517767
v 0.47382069 0.06075552 -0.00783392
v 0.59037775 0.08836491 -0.12170249
v 0.46282136 0.00323969 -0.14419465
v -0.09849771 -0.09471923 0.16153389
v -0.03934771 -0.04076698 0.16470355
v -0.46614099 0.10817767 0.14411314
v 0.56588417 0.04105290 -0.14397219
v 0.41382241 -0.00781163 -0.20907719
v -0.14855462 -0.11079416 0.31308728
v -0.49671552 -0.01427214 -0.41705507
v -0.55398035 0.01426008 -0.36985499
v -0.21671066 0.10628954 0.16736710
v -0.11922487 0.06026119 -0.01177630
v 0.14542846 -0.24451904 0.25117460
v 0.69870687 0.11427993 0.00505578
v 0.30220595 0.03027660 -0.32217780
v -0.40874892 0.02136129 0.08362354
v 0.57526863 0.05408354 -0.17543076
v 0.43687338 0.08841357 -0.11169405
v 0.61281252 0.04466967 -0.02522671
v -0.21807691 0.19924608 -0.07962155
v -0.02904090 0.17414707 -0.21916221
v -0.50368547 -0.00153011 -0.38213074
v 0.04437882 -0.15479657 0.06731409
v 0.30810806 -0.09196106 -0.32957757
v 0.54063940 0.01601573 -0.12517159
v -0.49287558 0.10609090 0.18882188
v -0.22443900 0.17986096 -0.00896753
v 0.67451912 0.04262335 -0.11340240
v 0.35305506 0.04216419 -0.28575075
v 0.42456371 0.01829350 -0.18474984
v 0.43774796 -0.02043212 -0.01452905
v -0.06087761 0.03582454 -0.00155593
v 0.01818934 0.02384098 -0.13386163
v 0.14191534 -0.23800798 0.26742548
v -0.06988792 -0.11486020 0.20610058
v -0.09528722 -0.01398193 0.38900191
v -0.22052523 0.09716231 -0.19507416
v 0.26989514 -0.19888176 0.25816604
v 0.01044401 0.18400805 -0.01792216
v -0.43706274 0.07001209 -0.05915219
v 0.33567509 -0.17788911 0.16569261
v 0.56477350 0.11169608 -0.09844044
v -0.36355785 0.17402749 -0.05411943
v 0.13930942 0.11764738 -0.04454611
v -0.21165580 0.12987715 -0.18759993
v 0.38086355 -0.02941697 -0.18213865
v 0.04174212 -0.00133008 -0.32314610
v -0.10286114 0.13849850 0.02652328
v 0.21859211 -0.01685934 -0.05245626
v 0.54107720 0.08463630 -0.02397738
v -0.37613514 0.05428632 0.30199209
v -0.23081031 0.03158119 0.07126316
v 0.09166086 -0.25177339 0.23929940
v -0.37707877 0.03598833 -0.02484888
v 0.03676276 -0.03716849 0.16457173
v 0.03261229 0.00893646 -0.07921912
v -0.14220555 0.20207891 -0.25221285
v -0.53195190 0.04323761 -0.26571035
v -0.18456921 -0.00226180 0.39636898
v -0.06010420 -0.14404891 0.28330985
v -0.36047977 0.06241066 0.16972516
v 0.11819838 -0.15103006 -0.03727237
v 0.07731044 -0.23773952 0.34350023
v -0.35745487 0.03675142 -0.02145954
v -0.26365590 0.09108511 0.17616072
v 0.65964520 0.08145648 0.00620777
v 0.58132029 0.10816446 -0.07001370
v -0.33301070 0.04775586 0.36343589
v 0.03113119 -0.12558997 0.24438280
v 0.21464494 -0.14608993 -0.03921331
v 0.30560929 -0.10293773 0.15366107
v -0.22248068 0.13421637 0.11237345
v -0.45976958 0.07145537 -0.03239463
v 0.26338008 0.01679987 -0.20800409
v 0.54316562 0.05812273 -0.02347026
v 0.63964587 0.05422650 0.01402176
v 0.49122974 0.04681218 -0.19283091
v -0.03521939 0.02775981 0.17073095
v 0.31850827 -0.19136751 0.24981494
v -0.37967339 0.08795209 0.28115705
v -0.53132254 0.04584795 -0.11062013
v 0.58856076 0.04701313 -0.04193878
v -0.12798625 0.15280367 -0.03981774
v 0.65620613 0.09385076 0.00315530
v 0.03063256 -0.24408078 0.24561329
v 0.17194806 -0.25419027 0.21598339
v -0.49479774 0.12071768 0.07663865
v -0.28246805 0.01609942 0.24309729
v 0.59482682 0.05354111 -0.18882403
v 0.55755627 0.10114601 -0.09190638
v -0.28791469 0.03223950 0.36445373
v 0.21596676 0.03664500 -0.40269911
v -0.06205204 -0.04611635 0.21267946
v -0.13474743 0.02015346 -0.04503142
v 0.47862971 -0.03111340 -0.20276593
v -0.25301629 0.12112169 0.16860150
v 0.20654565 -0.26322794 0.15808588
v 0.31190982 -0.00330134 -0.24698034
v -0.40703854 0.10182710 0.19013634
v 0.51250774 0.02375086 -0.17712346
v 0.32441646 0.04937328 -0.25972784
v 0.03468731 -0.23126522 0.24843040
v -0.31798136 0.12460142 -0.00743618
v 0.36219615 -0.04637991 -0.23808081
v 0.59548116 0.04002286 -0.10547644
v -0.35727596 0.02033237 0.34357572
v -0.06710607 -0.00493959 0.09145710
v -0.17447776 0.14100756 0.10406766
v -0.44894725 0.09909672 0.16104609
v -0.42850780 0.12865558 0.21722220
v 0.12524824 0.07580671 0.09369089
v 0.06876493 -0.08210569 -0.26232326
v -0.47384310 0.06214722 -0.10250557
v -0.08566755 0.19512686 -0.13103792
v 0.49477610 0.06116956 -0.18852845
v -0.38727027 0.10365829 0.09259571
v -0.18237194 0.18033420 -0.17396337
v -0.45925605 0.05503674 -0.11040084
v -0.18107115 -0.00835162 0.18487613
v -0.34777129 0.08854353 0.12386112
v -0.52548146 0.09879477 0.15309682
v -0.31916624 0.04192486 0.23725289
v 0.42465910 0.05666688 -0.16784942
v -0.08925924 -0.13358320 0.29360479
v -0.26980901 0.17336814 -0.04066795
v -0.05325083 0.05082363 -0.02557223
v 0.41348329 0.02582320 -0.22065119
v 0.04918298 0.00815892 0.01471748
v 0.66040266 0.09699413 -0.00134539
v -0.09794414 -0.11241236 0.27885512
v -0.41140354 0.01581252 -0.31533334
v 0.51601422 0.07797569 -0.03369673
v -0.17902955 0.11709871 -0.25460139
v 0.58073652 0.11127234 -0.13067342
v 0.58322471 0.10337280 -0.03422657
v -0.21100497 -0.02848181 0.15667216
v -0.38670090 0.06333205 0.11710989
v 0.60984564 0.10400665 -0.17478833
v -0.02467608 -0.04121265 -0.21129251
v -0.09905557 0.30179724 -0.14699109
v -0.09909189 -0.02438879 0.01566614
v 0.33040589 -0.07225706 -0.25691760
v -0.46681434 0.06883320 -0.12427868
v 0.38816318 0.07254480 -0.23126455
v 0.39488271 0.12409639 0.08724356
v 0.27230558 -0.04683369 -0.20033109
v 0.53863025 0.04047118 -0.17972688
v 0.39561093 0.00494212 -0.13905558
v -0.29776585 0.15032519 -0.00001028
v 0.52178681 0.08916679 -0.04897309
v -0.06376095 0.18522295 -0.12630430
v -0.25587079 -0.02188276 0.37635061
v -0.42577341 0.14258274 0.11922993
v 0.11920354 -0.26584160 0.26355186
v -0.09464132 -0.12693167 0.30906719
v 0.59091729 0.08415629 -0.12948209
v 0.24191186 0.02178982 -0.34815443
v 0.52845484 0.10635068 -0.18669111
v -0.18750995 0.05516012 -0.23350011
v 0.35425103 -0.07298030 -0.26372015
v 0.45090678 0.16867729 0.09875420
v 0.16493964 -0.00348075 -0.27339154
v 0.01169541 -0.15513897 0.03755446
v -0.43855733 0.11585390 0.23182480
v -0.14898679 0.15209970 -0.28054658
v 0.16780409 -0.02704462 -0.28617233
v -0.26527083 0.05258645 -0.04560026
v -0.22771670 -0.01000805 0.38305551
v 0.19231461 0.06337315 -0.14644219
v -0.08424486 0.04819772 0.21062616
v 0.26460201 -0.17726290 0.17176746
v -0.35170791 0.19624192 -0.02757601
v -0.10886073 0.10002553 -0.05334045
v 0.57215607 0.11698161 -0.17014730
v 0.44380063 -0.03381184 0.00847268
v -0.03512217 -0.14066622 0.35141098
v -0.25344950 0.05773395 -0.01834072
v 0.50817966 0.00164953 -0.06835072
v 0.53852779 0.03577567 -0.05239396
v -0.08024958 0.00971064 -0.24661170
v 0.52324826 0.01983241 -0.18423069
v 0.07645341 -0.15216352 -0.08353068
v 0.42263460 -0.02441143 -0.10934809
v 0.60292625 0.05875091 0.00010914
v 0.25634098 0.04351097 -0.37757501
v 0.65105188 0.08389236 -0.16239469
v -0.13127810 -0.05636197 0.08853589
v 0.04476975 0.02016735 0.07400177
v 0.64686149 0.07705146 0.01047462
v 0.47328624 -0.07963005 0.14333072
v -0.05206323 -0.15786725 0.25676379
v 0.06095290 -0.16386506 0.31822661
v 0.61005723 0.09400477 -0.17648089
v 0.54134405 0.07962948 -0.18721135
v 0.34505910 0.03894989 -0.26998001
v -0.33794498 0.05295067 -0.11788592
v -0.80853343 0.05583799 0.01511865
v 0.60621989 0.06104314 -0.02107106
v 0.07378440 -0.02667752 -0.29155853
v 0.54208738 0.28646567 0.12545221
v 0.34517857 0.16470695 0.06727782
v 0.64597678 0.09548596 -0.11359371
v -0.14211038 0.06743428 0.17766519
v -0.37439221 0.22012997 -0.06589647
v -0.29367965 0.16574505 -0.04515648
v 0.58842760 0.09806964 -0.01990773
v -0.26545790 0.21650714 -0.01681594
v -0.49340457 0.06075917 -0.21567057
v -0.28727499 -0.01758334 0.14511412
v 0.06583954 -0.15750399 0.11496650
v -0.13950704 0.10836767 0.17502236
v -0.02756119 0.04242870 -0.17797276
v 0.32952669 0.10606438 -0.00167772
v 0.21217994 -0.08068323 0.05343850
v 0.26063636 0.04916735 -0.36679518
v -0.43161857 0.04918356 0.24705976
v -0.50692618 0.10490817 0.19445825
v 0.62279207 0.07775445 -0.11802645
v -0.29356387 0.00640130 0.12213751
v -0.17027158 0.11567426 -0.26472005
v 0.57616538 0.09002356 -0.03072973
v 0.00775379 0.01897669 -0.22273590
v -0.34305066 0.08072250 0.18680449
v 0.57056290 0.09513232 -0.02088418
v 0.09207129 -0.10006335 -0.20252615
v 0.59627080 0.11112149 -0.15627429
v -0.12190010 0.02750382 -0.29155400
v -0.08832596 0.11844964 -0.21674103
v -0.16056918 -0.02248463 0.20218706
v 0.26065922 -0.14528836 0.04596194
v 0.12900244 -0.24954382 0.25178900
v 0.52724534 -0.00027204 -0.10597987
v 0.59603608 0.11875181 -0.00643913
v 0.63290071 0.07365072 -0.10607703
v -0.33711338 0.04175201 -0.05623367
v 0.02728960 0.02559853 0.12965043
v -0.28012270 0.09639327 0.07704785
v 0.48612377 0.07027315 -0.00242941
v -0.38109347 0.07206796 0.31720603
v -0.47336107 0.03285798 -0.17044173
v -0.00982627 -0.12601399 0.13254927
v -0.15189412 0.21050104 -0.27511930
v 0.40559340 -0.02146451 -0.20308073
v 0.39252922 0.18620726 0.02301422
v 0.38640541 -0.18125588 0.21880473
v 0.47103494 0.22234216 0.07096814
v -0.29808944 0.02504293 0.36479542
v 0.43873250 -0.04158071 -0.15174042
v 0.26011360 -0.19456500 0.28843307
v -0.41484976 0.03899570 -0.11155725
v -0.47430879 0.03301454 -0.18652910
v 0.54701489 0.09218125 -0.03057490
v -0.27198541 0.03925794 -0.05692728
v -0.08093584 -0.07320449 0.24919544
v 0.62269282 0.08455412 -0.01850279
v 0.02418932 -0.04338303 0.12338527
v -0.55587351 0.05964193 -0.07492848
v -0.20759729 -0.04433841 0.17770255
v 0.36780617 -0.16733865 0.15620919
v 0.57391942 0.03582346 -0.13164827
v -0.18350193 0.05615717 -0.06073689
v -0.28621322 0.10796937 0.13167763
v 0.40326577 -0.05849094 -0.09197906
v 0.52095109 0.04207281 -0.02000252
v 0.09640778 -0.10226559 -0.06283155
v 0.19493030 -0.17150176 0.20796068
v -0.45356447 0.05800082 -0.17162836
v -0.06421718 -0.04574227 -0.22611943
v 0.50033629 0.07526685 -0.19191541
v -0.35858503 0.05690977 -0.07451148
v -0.27589971 0.08555059 0.07079691
v -0.10154635 -0.12066534 0.33248705
v -0.13975118 0.21354662 -0.20742600
v -0.30169171 0.21506634 -0.07650478
v -0.18084048 0.20984626 -0.15636308
v -0.22548077 0.01257706 0.13482559
v 0.29070681 -0.12174670 -0.06953634
v -0.31097746 0.09143644 0.30845261
v 0.61749423 0.02958527 -0.12943614
v -0.42422909 0.03201275 -0.03340498
v 0.32286173 -0.09286366 -0.32326430
v -0.39543080 0.04167086 -0.05282728
v 0.38655806 0.17985618 0.02067095
v 0.45663708 -0.01487392 0.02690958
v -0.31219566 0.08328076 0.30420035
v -0.00425637 -0.15737909 0.33480003
v 0.47767910 0.31104222 0.09009777
v 0.60974759 0.07358690 0.00438560
v 0.67743444 0.09395741 -0.11516680
v -0.00930640 0.05787669 -0.19162063
v 0.60114223 0.03739467 -0.00711684
v -0.36253425 0.10446818 0.13566068
v 0.50685281 0.26072803 0.11643885
v 0.48241898 0.00936102 -0.15765756
v -0.18411316 0.12442954 -0.19413757
v -0.14173524 0.10258719 0.17481762
v -0.27978098 0.07297760 0.07795681
v -0.47945517 0.05747439 -0.24599902
v 0.32624274 0.04408741 -0.24163879
v 0.07701140 0.00901832 -0.32902995
v -0.04772598 0.01702398 -0.06169114
v -0.04008403 -0.15678859 0.24535178
v 0.22550967 -0.15858681 0.09304854
v -0.03340262 -0.20496419 0.31313393
v -0.51912278 0.04647642 0.04971521
v -0.51304328 0.04855782 -0.23175013
v -0.50451481 0.11671942 0.18141255
v 0.21801375 -0.15615612 0.03242767
v 0.19985580 -0.14063016 0.15666077
v -0.00421637 -0.16875200 0.34365192
v -0.10719823 -0.07794703 -0.15577666
v -0.35623634 0.21895039 -0.07614060
v 0.29514861 0.00788362 -0.28103051
v -0.39239916 0.09232472 0.29496351
v 0.00217035 0.18016478 -0.04715129
v -0.22235237 0.14737424 -0.17193067
v 0.30874881 -0.17899033 0.14428884
v -0.61134458 0.00842103 -0.33534721
v -0.17251804 -0.05822711 0.18138561
v 0.08882114 0.06859230 -0.01565010
v -0.06443751 -0.18912011 0.31511074
v -0.27376360 0.03404909 0.17203039
v -0.34005469 0.11189318 0.07616044
v -0.25641748 0.06879713 0.00167029
v 0.08386470 -0.11463341 0.10255204
v -0.24816170 0.11993314 -0.24052927
v 0.25986585 -0.13637897 0.01691604
v -0.22867396 0.03591764 0.21132617
v 0.58879930 0.07287179 -0.01882497
v 0.46222410 0.06435511 0.00671420
v 0.59541303 0.07430013 -0.01576420
v 0.23859587 -0.07592545 -0.26157010
v 0.45490876 0.00369688 -0.20298925
v -0.15155602 0.07487613 -0.08171053
v 0.31009200 -0.11670283 -0.06735237
v -0.04758628 0.02329391 -0.03479651
v -0.07268773 -0.11684698 0.30401820
v -0.51136291 0.06679276 0.05618813
v 0.61476439 0.08309787 -0.05797867
v 0.12441225 0.07770810 0.02416342
v 0.59543389 0.06727116 -0.17330141
v 0.55610383 0.04679417 -0.08982414
v -0.34420961 0.00367379 0.09347051
v -0.12608638 0.24752218 -0.18171749
v -0.13116720 -0.01846412 0.13975048
v -0.24057677 0.00601874 0.38040516
v -0.15217316 0.12833999 0.13894553
v 0.47844037 0.03167334 -0.19890328
v -0.08639449 0.07305989 0.08676475
v 0.43356067 0.02814245 -0.18931624
v -0.25583455 0.14353016 -0.14955121
v 0.64008576 0.11677931 -0.13385212
v -0.19551903 0.21014446 0.03422614
v -0.38694382 0.06626123 -0.04055968
v -0.30608809 0.10705082 0.09703067
v -0.45477811 0.10544237 0.15610188
v 0.26256341 -0.09356922 0.18063495
v -0.31072032 0.18044436 -0.08433397
v 0.44218972 -0.00455453 -0.20627341
v -0.29560542 0.11834842 -0.00329176
v -0.26031613 0.00491497 0.36009490
v 0.47333306 -0.01182088 0.00011547
v 0.42449272 0.00107846 -0.25177851
v 0.32438922 -0.02155048 -0.24760275
v -0.20214939 0.02765399 0.03078155
v -0.20450595 -0.04646675 0.41058525
v -0.27054697 0.04966153 0.21396062
v -0.34577054 0.07604858 0.32462740
v -0.12889037 -0.08940268 0.27948901
v -0.06321670 -0.07720178 -0.17598906
v -0.52208459 0.10207180 -0.01087964
v -0.17817780 -0.01767108 0.13642073
v 0.46342304 0.02190935 -0.20360608
v 0.01238393 -0.20803940 0.35947591
v -0.24541572 0.05541568 0.20917204
v 0.04211894 0.10796671 -0.06408687
v 0.63272655 0.05228346 0.01260225
v 0.34055299 -0.05085532 -0.14303766
v -0.11706425 0.01680228 -0.21905926
v 0.43752587 -0.01580029 -0.17860800
v 0.45474678 -0.10687448 0.16388339
v -0.46767375 0.08575502 0.14365996
v -0.23601878 0.01484554 -0.18671042
v 0.57826638 0.05061166 -0.02534393
v -0.09384340 -0.08458677 0.16399531
v -0.33923620 0.01850095 0.20907979
v -0.14009376 -0.04583195 0.27918190
v 0.04684374 0.03670084 0.03774755
v 0.64224046 0.10355043 -0.16651663
v -0.21460240 -0.01535558 0.38502425
v 0.22156473 -0.13399325 0.06525332
v 0.49111706 0.06947082 -0.12391613
v 0.02597404 -0.20483910 0.31412804
v -0.23954612 0.00344908 0.09371583
v -0.09566596 -0.10573044 0.17852509
v -0.49193680 0.02460310 -0.18858728
v -0.19386816 0.11930481 -0.21443079
v 0.32829696 0.12031296 0.05372563
v -0.17480960 -0.07226709 0.16681170
v -0.39331663 0.07199532 -0.00525391
v 0.27800858 -0.18463023 0.24373652
v 0.25912261 -0.13565819 0.04982293
v -0.42834681 0.04996917 -0.05171913
v 0.61088389 0.09333189 -0.03723186
v 0.19143587 -0.15911117 0.19084442
v 0.34646568 -0.02734013 -0.18369500
v -0.08843001 0.22979687 -0.29974490
v 0.64410996 0.06833090 -0.03866516
v -0.08022209 0.00195259 -0.02474119
v 0.49849141 -0.05101191 0.15129232
v -0.06504931 0.10449810 0.13937108
v -0.32492396 0.16004854 -0.02775116
v 0.31963670 -0.17971860 0.22378828
v 0.59163606 0.06360722 -0.11999232
v -0.51088035 0.03601710 -0.14589472
v 0.40727997 -0.15242913 0.14589904
v -0.46935505 0.10556703 0.21899123
v -0.36848646 0.09380768 0.04427361
v -0.43343240 0.02151552 -0.24889126
v 0.27219820 0.05202276 -0.35603800
v -0.11726484 0.03297406 -0.11689491
v 0.57979941 0.10186046 -0.15156756
v -0.13665017 0.07036844 -0.21866831
v -0.11394522 0.04657337 -0.16155037
v -0.45393988 0.10458474 0.14136843
v 0.52571595 0.08482011 -0.02581395
v -0.01627386 -0.00798401 -0.30064464
v -0.14386991 -0.09086421 0.29585356
v -0.04617845 0.12443975 -0.18173666
v 0.04655121 -0.21320935 0.35222656
v 0.13924183 -0.01516011 -0.05417284
v 0.54919785 0.10591061 -0.04937373
v -0.31499594 0.08117948 0.01995565
v 0.11028069 -0.12445211 0.11825995
v -0.26945311 0.11013769 0.12913786
v 0.66245896 0.09497331 -0.12713498
v -0.49059337 0.09465334 0.19490466
v -0.01713115 0.05958270 -0.22281393
v 0.34433016 0.11994779 0.07615182
v 0.66386294 0.07660538 -0.10489014
v 0.48493633 0.00319491 -0.21786633
v -0.09342453 -0.09354524 0.14594363
v -0.25764793 -0.03593317 0.23394263
v 0.05834207 0.01765303 -0.17159934
v -0.61785245 0.01835842 -0.30805215
v 0.19145936 -0.11686242 -0.01442737
v -0.05586296 0.05089438 0.07275361
v -0.14298210 0.20430718 -0.10634632
v 0.38468465 0.15938690 0.02998950
v -0.28146198 0.15769209 -0.03125666
v 0.43064213 -0.01202273 0.00497396
v -0.16695556 -0.04722634 0.24800314
v -0.14633510 0.05811939 -0.01250193
v -0.39049086 0.01361112 -0.36026469
v 0.01668076 -0.10656434 0.25761756
v -0.50054777 0.04041147 -0.14970082
v -0.02272640 0.02335346 -0.00608565
v 0.60620451 0.08508636 -0.10889874
v -0.00628266 0.02395138 -0.11712119
v 0.01262292 -0.01613587 -0.00341480
v 0.51286083 0.08016066 -0.16992754
v -0.20160118 0.19206519 -0.20787120
v 0.11710751 -0.03970897 -0.02670568
v 0.51098669 0.00786864 -0.07406712
v 0.10999057 0.09355280 -0.01309767
v -0.42021447 0.11311249 0.21014407
v -0.03837529 -0.11932331 0.19821671
v -0.06822413 0.02830401 0.01223448
v 0.46713948 -0.02895856 -0.10648122
v -0.39925486 0.06135531 0.02790365
v -0.44355661 0.07005551 -0.09348010
v 0.21603218 -0.19509637 0.30122358
v 0.44715914 -0.11762634 0.14472599
v -0.25308368 0.05764328 -0.12347990
v 0.64179236 0.09165130 -0.01228967
v 0.35998750 -0.16208492 0.13717702
v -0.26448232 0.03934978 0.23369586
v -0.10844319 0.10079042 -0.19670524
v 0.48484787 0.11064585 -0.03144395
v 0.00246322 0.04028825 -0.22655624
v 0.47467244 -0.00727031 -0.07118241
v -0.14417434 -0.03580651 0.19488990
v -0.54047334 0.02605313 -0.21772300
v -0.29334015 0.02555975 0.08434413
v -0.13157608 0.08633883 -0.20133865
v 0.52711719 0.02732440 -0.16760054
v -0.04862444 -0.01441386 0.21609384
v 0.56692421 0.08577675 -0.14142337
v -0.37452823 0.04722717 -0.15463795
v -0.62295127 0.04314601 -0.27262390
v 0.33731863 -0.01208352 -0.19712622
v 0.50656623 -0.00847997 -0.06783454
v -0.38184562 0.14141518 0.13409692
v -0.11917415 -0.03521805 0.07544774
v 0.62263143 0.07776041 -0.11854559
v 0.47808179 -0.09933537 0.15809867
v -0.47686684 0.05966870 -0.06750020
v 0.50065058 0.10436542 -0.16012332
v 0.48755175 0.02271167 -0.09922612
v 0.53756762 0.07829669 -0.03525611
v -0.28229123 0.01295608 0.26745719
v -0.39315069 0.21327600 -0.04451703
v -0.33160704 0.03905363 0.35515752
v 0.16610998 -0.19080561 0.28381863
v -0.20379320 0.04025647 0.26381916
v -0.29075742 0.18557361 -0.09086540
v 0.55978018 0.05329277 -0.16287187
v 0.31779140 0.10179719 0.04192166
v 0.16110140 -0.03508696 -0.03437996
v -0.53439474 0.04842152 -0.20821902
v 0.59799689 0.07253034 -0.01330950
v -0.21345770 -0.01661126 0.21370913
v -0.29175210 0.17172429 -0.10418130
v -0.45450181 0.10656594 0.25097314
v -0.60150129 0.07549264 0.00255372
v 0.01811022 0.02980199 -0.20881107
v 0.52602857 0.07787152 0.02151975
v -0.12791221 0.10405740 -0.13068326
v 0.06283370 0.20151567 -0.13759331
v -0.15155190 0.02871677 0.00506602
v -0.50975889 0.05306606 -0.24425653
v -0.21455614 0.13337946 -0.08880879
v -0.41203082 0.17052597 -0.00343597
v -0.05174288 0.01459718 -0.13468927
v 0.47946388 0.00084893 -0.12624954
v -0.41668034 0.02651599 -0.03628280
v 0.33599427 -0.07417069 -0.30812120
v 0.06635256 -0.21065363 0.28909656
v 0.64101958 0.10207781 -0.10529488
v -0.18505877 0.12926136 0.15313077
v 0.13944168 0.02941388 0.10852495
v 0.24341053 -0.01827407 -0.29499522
v 0.56237191 0.03419793 -0.18380658
v 0.06893933 0.12722151 0.09117170
v 0.05464296 -0.18108219 0.19452934
v -0.19504076 -0.03049153 0.17755339
v 0.50608367 0.09448186 -0.00282154
v 0.01340306 -0.13855222 0.21289617
v 0.61268282 0.06968358 -0.05361416
v -0.44547468 0.06772815 -0.05860433
v -0.19352311 0.27531311 -0.09022128
v 0.18759659 -0.12107992 -0.17909533
v 0.50501186 0.25559869 0.10579281
v -0.25514814 0.02045763 0.09614591
v 0.56450260 0.03391249 -0.04628190
v -0.40607160 0.11162748 0.25771973
v 0.44467449 -0.10481767 0.15093631
v 0.52511644 0.26751137 0.12419763
v -0.27783841 0.16103819 -0.19074577
v -0.35029474 0.02802230 0.22746773
v -0.16520014 0.15457308 -0.13310212
v 0.60029978 0.06065501 0.00026744
v 0.35257128 0.05796528 -0.28487229
v -0.09269673 0.03949602 0.24358454
v 0.61326289 0.05987400 -0.04949258
v 0.46493316 0.10221216 -0.15629196
v 0.43429267 0.05756043 -0.21970962
v -0.39622658 0.05270165 0.10560988
v 0.58247852 0.11371619 -0.10912356
v -0.23255983 0.08368716 -0.14451081
v 0.57346070 0.04652671 -0.06421357
v 0.13945541 -0.12847447 0.26347554
v 0.32314739 -0.01693955 -0.27159244
v 0.14495988 -0.27699077 0.24021913
v -0.43253878 0.20916000 -0.08668314
v 0.64563721 0.05207708 -0.14910713
v 0.48446137 0.09618764 -0.16548134
v -0.50481766 0.04187311 -0.11292403
v -0.31758565 -0.00202280 0.11695868
v 0.02067469 0.20501691 -0.11456117
v 0.37121493 0.06031142 -0.27419394
v 0.42955133 0.02738477 -0.19140029
v 0.34175605 -0.15759367 0.19667210
v 0.54075712 0.03941851 -0.04137984
v 0.21684097 -0.17160192 0.24258262
v -0.45111465 0.03738798 -0.18649170
v 0.42788753 -0.01076904 -0.21690661
v -0.01055588 -0.12632202 -0.11956064
v 0.50465095 0.11056188 -0.15758358
v 0.35911280 -0.16357669 0.19817026
v -0.41939464 0.09844600 0.23125686
v -0.02631596 -0.12278810 0.15548846
v -0.38090056 0.14199400 0.08908501
v 0.27092391 0.10139161 0.07965043
v -0.32977214 0.05556402 -0.03194082
v -0.31309870 0.18229195 -0.06836881
v -0.46339649 0.04878481 0.21114548
v -0.03344047 -0.03380376 0.12649505
v 0.54141873 0.10295057 -0.18180525
v -0.51005119 0.08442742 0.09484096
v -0.26241416 0.21298847 0.02823842
v -0.14530730 0.05952209 0.20481122
v -0.50332081 0.04538584 -0.29798943
v 0.49199697 0.14823605 -0.09166348
v -0.59786242 0.08417426 0.04654773
v -0.14730862 -0.05937356 0.16980393
v 0.26562947 0.00737551 -0.09509686
v -0.27042621 0.22344857 0.04622936
v 0.41521886 -0.13505027 0.17830913
v 0.67329967 0.04882158 -0.11220735
v 0.46944159 0.19296877 0.10815053
v -0.51515365 0.06470339 -0.08900279
v 0.58011818 0.10871354 -0.12921835
v -0.11185998 -0.11716394 0.21922407
v -0.22425300 0.12694125 -0.14249730
v -0.13082200 -0.03232354 0.22635549
v -0.31631333 0.02990440 0.36389422
v 0.53307539 0.06058465 -0.01866671
v 0.16817828 -0.11093225 0.11114745
v -0.53382373 0.06029406 -0.06185979
v 0.51724124 0.26940799 0.12198907
v 0.36414105 0.00265878 -0.23006627
v 0.31716502 0.01893361 -0.03737167
v -0.04773229 -0.12943852 0.32726473
v 0.49245995 0.00794768 -0.16213849
v 0.51437342 0.06946167 -0.18182586
v -0.26987112 -0.00346082 0.15856025
v -0.24263418 0.18934569 0.00199428
v 0.49585265 0.02363304 -0.19050634
v -0.05618790 -0.01493052 0.10958813
v -0.10024109 0.08741140 0.03558005
v -0.22595869 -0.01752011 0.38916641
v 0.58878934 0.07987477 -0.03150573
v -0.04102182 -0.09584829 0.20438115
v 0.40677628 0.05038118 -0.19843554
v 0.52633399 0.06104391 0.00075660
v -0.12609839 -0.14419505 0.28866893
v -0.27329680 0.09929481 0.04026645
v 0.52527505 0.09608833 -0.15737942
v 0.04086825 0.06337646 -0.06517808
v -0.20078993 -0.03739518 0.27154273
v 0.38353518 -0.18683977 0.20870334
v -0.24972326 -0.02035052 0.18250719
v -0.43758351 0.08785147 0.03154436
v -0.39134160 0.03134093 0.26701379
v 0.38064760 -0.06717944 -0.11796689
v -0.17236288 0.04268029 -0.27864528
v 0.12594357 -0.06064778 0.22232896
v 0.48947570 0.00543191 -0.23363404
v 0.37007886 -0.04592113 -0.29130173
v 0.61656433 0.10330926 -0.12212805
v -0.59752172 0.08536992 0.07131855
v 0.05548409 -0.22916234 0.31741279
v -0.48684710 0.01882981 -0.28611797
v -0.12765332 0.12798032 0.12211218
v 0.20891142 -0.00981444 -0.07874551
v 0.57895654 0.11412003 -0.15601620
v 0.06756136 0.11690967 -0.15165785
v -0.34312120 0.05343083 0.21348466
v 0.24624479 0.02156796 -0.29685703
v -0.19495924 0.05125692 -0.06641943
v -0.33303025 0.05335639 -0.08297247
v 0.59418398 0.02835456 -0.14699005
v 0.44656625 0.07916827 -0.19077128
v 0.36527321 -0.03556627 -0.25611055
v -0.43276858 0.08524643 0.23511454
v -0.11062907 -0.12146616 0.13736619
v -0.18395567 0.12878753 0.17063624
v 0.15789871 -0.27064905 0.22205959
v 0.67094767 0.03251318 0.00659697
v -0.03631724 -0.03271262 0.04371150
v -0.12965426 0.21082956 -0.21943773
v 0.17177108 0.07099780 0.05542731
v 0.51701570 0.08043502 -0.03570841
v -0.56199533 0.09230481 0.01022254
v -0.30123174 0.08540299 0.21696217
v -0.44393665 0.04095691 -0.05155440
v 0.42206651 0.00760183 -0.14700046
v 0.42768654 0.00182913 -0.17054309
v 0.02170882 -0.20867728 0.33271682
v -0.55243182 0.09290262 0.01481061
v -0.05122984 0.06514941 -0.38723123
v 0.55259198 0.09298481 -0.08332430
v 0.12371258 -0.26170561 0.24535483
v -0.48205495 0.04565585 -0.04160764
v 0.44098487 0.05709362 -0.17197277
v 0.53686291 0.09854288 -0.17363259
v -0.02573515 -0.13905433 0.24006084
v -0.19280392 0.17596805 -0.09086518
v -0.43144119 0.09224476 0.04805731
v -0.51584750 0.05949582 -0.21789709
v 0.14793485 -0.23218013 0.21145326
v -0.15616226 0.09357198 0.18413383
v 0.60869128 0.04394592 0.00849359
v -0.21745002 0.00933984 0.08786724
v -0.26402235 0.02921595 0.25392622
v 0.44110960 0.06499347 -0.06465689
v -0.29404879 0.01844051 0.09228058
v -0.30415446 0.14590135 0.11913258
v -0.34418714 0.07691049 0.35216784
v 0.23421545 -0.02967130 -0.03463955
v 0.10098431 -0.02379057 -0.27859440
v 0.15775049 0.03234345 -0.25911349
v -0.53106779 0.05065835 -0.14524986
v 0.09897299 0.05725086 -0.13781023
v -0.06501411 0.06759535 0.10048104
v -0.31727859 0.17516500 -0.09567578
v 0.02057675 -0.16325149 0.34039268
v -0.43077123 0.19398656 -0.05695430
v 0.59083462 0.07211208 -0.02142838
v 0.14230579 -0.23295876 0.18429208
v -0.52197719 0.07820959 0.06003504
v 0.38587579 -0.12519185 0.18327197
v -0.26875949 0.02147590 0.20260829
v 0.09003304 -0.21662858 0.29760024
v 0.32497388 -0.10667037 -0.09378181
v -0.41208768 0.03415881 -0.26813394
v 0.60067207 0.04142603 0.02546859
v 0.24882558 -0.13919608 0.03591762
v 0.36982542 -0.17330842 0.21536146
v 0.63924831 0.07036770 -0.04040187
v -0.33350495 0.06954111 0.33308095
v 0.58255720 0.09070779 -0.13687156
v -0.51682186 -0.00541279 -0.36122656
v 0.03216884 0.08730187 -0.08743414
v 0.51718521 0.01901248 -0.16711357
v 0.52418029 0.04388917 -0.01594294
v 0.51267022 0.08737275 -0.01447419
v 0.04662415 -0.18080235 0.25217462
v 0.55763650 0.05504492 -0.11871424
v -0.18130411 -0.07573028 0.21048933
v 0.20247498 -0.01263195 -0.09561007
v -0.47131187 0.03932822 0.09990185
v 0.43658257 -0.08628978 0.15677118
v 0.66449255 0.09132102 -0.00574981
v -0.36800730 0.12773950 0.01873558
v 0.66519743 0.09796727 -0.04999219
v 0.61522102 0.05749916 -0.18591107
v 0.20734876 -0.18069395 0.27803570
v -0.33136874 0.03285977 0.20945549
v -0.23983067 0.19624607 -0.08302134
v 0.44569221 -0.01310425 -0.14505623
v 0.55806732 0.10684507 -0.11310188
v -0.01847613 -0.14865983 0.26440340
v -0.48210517 -0.00397283 -0.38429031
v -0.51820910 0.01424877 -0.30827564
v 0.04660096 0.08198963 0.14120761
v -0.20821983 0.15454170 0.12272602
v -0.26901418 0.00410096 0.38950706
v -0.35719943 0.04621254 0.17635548
v 0.31375366 0.10279113 0.05819210
v 0.51965261 0.03109830 -0.17108096
v -0.54257768 0.05771753 -0.05847434
v -0.22219574 -0.04377021 0.09525602
v -0.31731445 0.23588334 -0.00946341
v -0.10084201 0.30104348 -0.14969301
v 0.12097414 -0.11686035 0.13034418
v -0.50152892 0.04624169 -0.17583796
v -0.12642434 0.05505936 -0.16548872
v 0.65111512 0.02600284 -0.11202484
v -0.19426253 0.09746256 -0.21673948
v -0.03184581 -0.00393942 0.02479592
v -0.36060989 0.20611146 -0.02847202
v -0.36500508 0.04411247 -0.07102706
v 0.27739343 -0.19326507 0.25510412
v -0.07531415 0.02295272 0.21986446
v -0.10753399 0.15682775 0.05386865
v 0.23476668 -0.07378890 -0.24204579
v -0.16312733 -0.02270298 0.14150690
v 0.01416154 0.07964146 -0.13664278
v 0.60040134 0.11720827 -0.03853029
v 0.13512920 -0.21040048 0.33187971
v 0.12092499 -0.04333845 -0.00329131
v 0.07866028 -0.23566978 0.29697713
v 0.45122689 0.04399267 -0.21230304
v 0.22110447 -0.18200848 0.20989522
v 0.19842552 -0.19077639 0.21585754
v 0.30854514 -0.02885713 -0.00171481
v -0.48467919 -0.05098927 -0.41194993
v -0.37472180 0.16639602 -0.06012318
v 0.45343286 0.00214144 -0.21493523
v 0.40001148 0.23107684 0.04436630
v 0.51251847 0.00310006 -0.07273313
v 0.49216852 0.06102994 -0.19862103
v 0.44593233 0.00306039 -0.12694500
v -0.22854108 0.17588511 -0.19756684
v -0.24980560 0.16821031 0.00244012
v 0.07871687 -0.23785254 0.23634547
v 0.21617621 -0.09040622 -0.16871104
v 0.32083648 -0.10813677 0.02621528
v 0.36817974 -0.06613906 0.05398980
v 0.03261670 -0.14409202 0.25869322
v 0.40024817 -0.01319539 -0.19427374
v -0.43610263 0.01854402 0.04935888
v 0.04069792 -0.01817562 0.13838527
v -0.66781592 0.03239043 -0.27363881
v -0.48436034 0.01184998 0.00922066
v 0.46347415 0.15388979 0.09602438
v -0.28455600 0.22888148 -0.12380847
v -0.31655842 0.08015139 0.30952197
v -0.07356006 -0.00837389 0.09081836
v 0.52174044 0.09121549 -0.18552509
v 0.65488851 0.03406652 -0.10771912
v 0.09976150 -0.22946393 0.29213580
v 0.46495897 0.10412240 -0.17985594
v -0.11194082 0.11009515 0.16287608
v 0.21587980 -0.16750836 0.23818415
v 0.00391646 0.13642281 0.05760234
v 0.06891426 0.05100065 -0.20035417
v 0.00177333 -0.06167928 0.13100401
v -0.49450293 0.05902678 -0.15937683
v -0.16486835 -0.15260828 0.32283139
v -0.07357521 0.04150562 -0.11659159
v 0.36599925 -0.18082045 0.13466334
v 0.57255244 0.07841472 -0.04145805
v -0.51290047 0.02888022 -0.31408080
v -0.52030641 -0.03988622 -0.42702225
v 0.54484367 0.01907647 -0.06725641
v -0.24008150 0.16354640 0.04437408
v 0.57584763 0.02303260 -0.14340949
v 0.62329274 0.05237630 -0.03075388
v 0.55435860 0.05006537 -0.01448164
v 0.58198911 0.11739042 -0.09265541
v 0.60285932 0.04895919 -0.17744665
v -0.51194882 0.05382712 -0.00349311
v -0.05569598 -0.15245411 0.35492980
v 0.21180855 -0.00323780 -0.28972805
v 0.30144006 -0.11454021 0.00604109
v 0.24162881 -0.20539282 0.27447417
v -0.07459979 0.18284887 -0.16939214
v 0.00395685 -0.18926558 0.22559872
v 0.09625222 -0.18609345 0.32878628
v 0.30951643 -0.11354442 0.15807030
v 0.32112166 0.03794821 -0.31520689
v -0.06107719 0.19344395 -0.21119276
v 0.55423266 0.03542654 -0.09519218
v 0.21068949 0.03062028 -0.15859996
v 0.55140495 0.10975075 -0.18146226
v 0.25661880 -0.15464643 0.26542222
v -0.11500380 0.11508635 0.13934588
v -0.09160726 0.19084209 -0.12996230
v -0.08732685 -0.13885725 0.38671106
v -0.14414679 0.14629613 -0.03181369
v 0.05337876 -0.22768873 0.25915179
v 0.62701482 0.12089233 -0.02627479
v 0.24350654 -0.16958299 0.29165369
v 0.37453562 -0.09363359 -0.11019303
v 0.59736079 0.09410395 -0.05008621
v 0.13124791 0.03004968 -0.14153603
v -0.44333318 0.10282452 0.16427703
v -0.39525524 0.11301671 0.22704706
v -0.07283285 0.07940251 -0.23145531
v -0.30277622 0.08235838 0.08946750
v -0.36086500 0.08892743 -0.07368951
v -0.45226771 0.11581486 0.04499199
v 0.44206131 0.01569702 -0.23918864
v -0.33105534 0.20886976 -0.04938884
v 0.47618744 0.04573395 -0.17666915
v 0.04734621 0.19656692 -0.07174376
v 0.65922254 0.03298631 -0.00633344
v -0.46495640 0.00024721 -0.30342355
v -0.20060509 0.24578075 -0.20309772
v -0.11214256 -0.09086588 0.19982748
v -0.11219254 -0.17129630 0.32840723
v -0.21571259 -0.02722867 0.38897607
v 0.64206886 0.05241912 -0.00093533
v -0.23242572 0.00875384 0.08764112
v 0.11320280 -0.15865111 0.23916045
v 0.64725518 0.07222720 -0.03441435
v 0.40205127 0.01565672 0.00165715
v 0.45438141 0.05700561 -0.03656942
v 0.48348710 0.09451930 -0.16265868
v 0.35986209 -0.05900048 -0.01253020
v -0.36249936 0.03254817 -0.29376096
v 0.55415660 0.09847334 -0.04741566
v -0.04030477 0.09747532 -0.08461629
v 0.05528775 -0.02802223 -0.25272214
v -0.25793126 0.05271597 -0.00989806
v 0.16596889 -0.09583940 -0.16450483
v 0.30808812 0.04596080 -0.28109628
v -0.09325449 -0.09893065 0.16037653
v -0.25774747 0.06897134 0.22134839
v -0.01067290 -0.19595559 0.34857804
v 0.65317595 0.07482357 -0.11319610
v -0.43732256 0.07365392 0.08016959
v 0.44839531 -0.02960795 -0.07228848
v 0.14331985 0.04808095 -0.22626743
v 0.09379135 -0.09836056 -0.21107289
v 0.01694380 0.14180756 -0.13456500
v -0.55037165 0.01764482 -0.33123893
v -0.27594689 0.16068289 -0.22590497
v 0.54053628 0.05579298 -0.18168986
v -0.14181146 0.10596198 0.03140727
v 0.14041990 -0.18067510 0.22649872
v 0.49448359 0.05431451 -0.17653939
v -0.46400055 0.06823955 -0.22227629
v -0.45011935 0.12304180 0.14858937
v 0.52000397 0.06902039 0.02181187
v 0.26785770 0.01427619 -0.22832042
v -0.14719105 -0.14829257 0.32254803
v 0.42653716 -0.12281530 0.13365652
v 0.46409374 0.00845113 -0.13609727
v -0.20884424 0.15941912 -0.22711918
v -0.60884815 0.01784137 -0.29099733
v 0.53651088 0.11881267 -0.06224477
v 0.09156570 -0.20684740 0.23071820
v -0.08807446 0.09011599 0.19159663
v 0.41110358 0.10326861 -0.24367370
v 0.40730691 -0.12749255 0.20180576
v -0.25719976 0.11651447 -0.06091231
v 0.65587091 0.03618368 -0.00902379
v -0.01434338 0.07842392 0.01885629
v -0.23913348 0.10214327 0.16809735
v 0.15851858 0.02480274 0.07174921
v 0.02753462 0.08763662 -0.03796594
v 0.07952669 -0.05964352 0.03440179
v 0.39055160 0.16658589 0.01986903
v -0.15049046 0.17954838 -0.17409270
v -0.23998235 -0.08446583 0.14726178
v -0.32369554 0.05222930 -0.08571322
v 0.41249582 0.08846959 -0.22209087
v 0.59957439 0.08991900 -0.01031036
v 0.01009372 -0.05962825 0.14506043
v -0.19736852 0.12486766 0.02943382
v -0.21250388 -0.01473537 0.12853938
v -0.40819463 0.05526698 0.30681095
v 0.59896719 0.05180015 -0.04613211
v 0.11158979 -0.24517137 0.24089392
v -0.10715845 -0.12342402 0.30640528
v -0.00634396 -0.06840719 0.08821299
v 0.00054087 0.11780867 -0.20308690
v 0.24248353 -0.06677617 0.03683542
v 0.49485007 0.16823016 0.10065646
v 0.07042468 -0.20602557 0.22091030
v 0.37291527 -0.18901341 0.21414447
v -0.23652089 0.17121962 0.01226811
v 0.09844491 -0.15376203 0.08199443
v -0.22458255 0.02708945 0.01433293
v 0.62973863 0.09843104 -0.14548302
v -0.42644900 0.03231943 -0.03540091
v 0.20696542 0.04373714 -0.17429867
v 0.64242250 0.03694104 -0.00654366
v -0.18689516 0.18799524 -0.08651011
v -0.06095913 0.15422972 -0.15167585
v -0.05628398 -0.20760393 0.30486140
v -0.46336091 0.12086439 0.20573258
v -0.55592138 0.04659560 -0.13921410
v 0.02406526 0.12174651 -0.09858826
v -0.35573158 0.15950090 -0.02827097
v -0.10218291 0.10010885 -0.20134315
v 0.53326195 0.09784406 -0.04234611
v -0.02702832 -0.13127242 0.29200625
v 0.28347036 -0.10102066 0.15506791
v 0.49465042 0.06939605 -0.19556874
v 0.15139505 0.09045413 -0.05439755
v 0.35524559 0.10717508 0.06530201
v -0.23036739 0.15336049 -0.00220588
v 0.62352073 0.06148447 0.01880337
v -0.39963901 0.08738161 0.21078521
v 0.09395421 -0.18258581 0.28316200
v -0.08085769 0.09938114 0.16887315
v -0.22446655 0.04858382 -0.13875523
v 0.60886526 0.01793931 -0.00484888
v 0.53637969 0.05503673 -0.01759328
v 0.58490872 0.07763463 -0.17597188
v 0.23555800 -0.15820304 0.10101616
v -0.16685422 0.17494640 -0.14146507
v 0.46213832 0.03467293 -0.15651380
v -0.31045258 0.01297431 0.25883457
v -0.22552489 0.06027760 -0.08144592
v 0.40831363 -0.03362967 -0.09227280
v -0.06637949 -0.00006843 0.02156046
v -0.18008754 0.00072190 0.11652067
v -0.12692344 0.07988578 -0.21724185
v -0.02576318 0.05192551 -0.22244887
v 0.66550475 0.05122798 -0.10687524
v -0.31362969 0.06326787 0.21305889
v -0.02763310 0.07286790 0.08300082
v 0.48195866 -0.01427321 -0.04238947
v 0.18414275 -0.04073423 -0.27240929
v 0.47979414 0.00066125 -0.01055954
v -0.07758546 -0.07458933 0.09735063
v -0.35356274 0.08152407 0.17482965
v -0.31011075 0.17853664 0.07871663
v -0.13485382 -0.03693089 -0.17611639
v -0.42453694 0.05717379 -0.20583494
v 0.09941238 -0.04878019 -0.00062564
v 0.44290817 0.01555554 -0.15364742
v 0.36265033 -0.05320777 -0.21081510
v -0.21404287 -0.00078332 0.11824377
v -0.15594566 0.04645827 -0.32147226
v 0.21554288 -0.18398823 0.21839732
v -0.32205415 0.06042154 0.34013546
v -0.06903790 -0.09119792 0.15427408
v -0.06233051 -0.13323364 0.22332193
v 0.56294978 0.08855420 -0.15544759
v 0.44257474 -0.01134239 -0.21463484
v 0.53954691 0.05799489 -0.06856975
v -0.14807433 -0.06451294 0.13653943
v -0.21598414 0.21196385 -0.10815921
v -0.38874367 0.09419871 0.03269175
v 0.10448144 -0.21540409 0.32442206
v -0.44800815 0.01881093 -0.27956486
v 0.00630265 -0.16295040 0.29854578
v 0.28181171 -0.00029148 -0.24511908
v -0.26780841 0.11332734 -0.11916473
v 0.49506897 -0.01939791 0.13356459
v -0.30030483 0.17611888 -0.17715414
v 0.68024737 0.08482371 -0.10130706
v 0.17022339 -0.19211045 0.29369795
v -0.16527832 0.05274838 -0.03074084
v 0.55150688 0.08055772 -0.11207564
v -0.18567538 0.00681892 0.28654218
v 0.31257093 0.10273784 0.06010975
v -0.31610140 0.05098169 -0.05460174
v -0.44730020 0.03672919 -0.25093848
v 0.70618874 0.11897624 0.00370471
v -0.14415872 -0.01619555 0.28568143
v -0.00865734 -0.02086625 0.14341040
v -0.04427255 0.19867855 -0.03167662
v 0.38863909 -0.12042373 0.19041640
v 0.59949601 0.05475993 -0.11720398
v -0.02660388 0.12856466 -0.18861620
v -0.01079339 -0.06732793 0.25968242
v 0.57218063 0.04945413 -0.11369011
v -0.10660708 0.11745260 0.12516822
v 0.37119719 0.07471758 -0.26654795
v -0.26216492 0.01750709 0.25679231
v 0.41251412 -0.00868976 -0.20987849
v -0.06401575 0.19749135 -0.10896199
v 0.38982001 -0.05302488 -0.12334496
v 0.15936652 -0.12854497 -0.15180537
v 0.11624048 -0.05144674 -0.01670396
v 0.21802966 0.09043741 -0.03834035
v -0.03589302 -0.03122634 0.13662213
v -0.30977970 0.04125800 0.36092797
v 0.60787261 0.04451346 -0.11624205
v -0.18137927 0.12873930 -0.12872523
v 0.04014750 -0.02355352 0.07189383
v -0.17411405 0.10226945 -0.17883250
v -0.52863401 0.00774063 -0.28923169
v 0.30425766 0.02684277 -0.22163916
v -0.36552387 0.04739670 -0.15413281
v -0.19614112 0.12069573 -0.20422091
v 0.31594574 0.04788020 -0.30001408
v -0.26806191 0.13550210 -0.06270302
v -0.46722078 0.10118581 0.18345498
v 0.09395755 -0.16773655 0.30771202
v 0.46018988 0.01585609 -0.19824424
v -0.14586394 0.09407377 0.06652129
v -0.10231690 -0.00881745 0.26877591
v -0.53052366 0.05734226 -0.05206362
v 0.41225749 -0.18699884 0.21040957
v 0.50981337 0.26654795 0.10153252
v 0.56419569 0.01916788 -0.03008577
v -0.35260326 0.02687064 0.29099661
v -0.29301214 0.08783305 0.06729624
v 0.08143118 0.13698958 -0.37390047
v -0.05989768 -0.10816614 0.14642844
v 0.45632556 -0.00095927 -0.18578716
v 0.58519119 0.08800720 -0.05056830
v 0.08948727 -0.02118833 -0.29470983
v -0.10315028 0.23259158 -0.22634813
v 0.29854536 -0.05872152 -0.23158453
v -0.09825052 -0.04271893 -0.21964557
v 0.24984646 0.03065827 -0.15459558
v -0.58910799 0.05022430 -0.26403919
v 0.00925395 -0.11276262 0.17800063
v -0.09046408 0.18627900 -0.11677406
v 0.14178282 -0.05913159 -0.28092989
v -0.06014436 0.05399802 0.10429081
v -0.03082957 -0.14666656 0.30523664
v 0.54407817 0.10779421 -0.04073651
v -0.12473474 0.06660868 0.19491543
v -0.05960444 0.02055594 0.03190213
v 0.64597726 0.11564589 -0.01268076
v -0.23749544 -0.00488523 0.27045903
v -0.09062122 0.06303194 0.04126863
v -0.12667854 0.24172384 -0.18139300
v 0.50940871 0.04212167 0.02209214
v -0.07835336 0.13098945 0.05933527
v -0.38137507 0.03748503 0.32484454
v 0.60295278 0.03307731 -0.03143026
v 0.02531286 0.15475577 -0.10573161
v -0.29055974 0.00222301 0.36023104
v -0.13424535 0.01387526 0.38664806
v 0.39482513 0.07075773 -0.06219217
v -0.51350462 0.11348009 0.09839596
v -0.06020454 -0.00635964 -0.01810388
v 0.57129306 0.10063891 -0.10734947
v 0.61666173 0.03818421 -0.11497755
v -0.08370696 0.02947241 -0.20142564
v 0.30741820 0.06584306 -0.35058457
v -0.28655791 0.00395748 0.13075447
v 0.59076977 0.05737080 -0.12451716
v -0.39928329 0.17896974 -0.04266204
v 0.20315422 0.04577655 -0.16955090
v 0.41123572 -0.01152482 -0.18959635
v -0.04879536 -0.09090127 0.14163595
v 0.43049645 -0.16788183 0.16661768
v 0.03267462 -0.14996909 0.11760785
v 0.42810643 -0.14086294 0.15345153
v 0.34187490 -0.15314245 0.15180871
v -0.22056964 -0.02649084 0.14507829
v 0.20250678 0.05329216 -0.01566736
v 0.14297938 -0.17773938 0.31075531
v 0.64473969 0.05219869 0.01455639
v -0.22340366 -0.04201564 0.25607333
v 0.13685024 -0.10263832 -0.15037070
v 0.43050811 0.01669839 -0.18080957
v 0.04992184 -0.11317998 0.32548916
v -0.06854641 -0.00364700 0.02651683
v -0.18085828 0.12141823 -0.23748116
v 0.61187774 0.03731180 -0.13281174
v -0.25706795 0.00677167 0.24857488
v 0.26105875 0.06177372 0.01503888
v 0.32747591 -0.06015674 -0.29631236
v 0.55353522 0.10086305 -0.18182884
v -0.43994808 0.13040617 0.08376554
v 0.05521092 -0.13834822 -0.11411168
v 0.33726093 0.00979061 -0.03985523
v -0.37265551 0.06278791 0.30916509
v 0.02593549 -0.11268289 0.25259265
v -0.10326110 0.13008350 -0.13817367
v -0.39965510 0.10594267 0.18125081
v 0.14144017 -0.04860581 -0.00763622
v 0.10266861 -0.09590767 -0.19187085
v -0.18297151 0.09384146 -0.21521544
v -0.16726258 0.15005401 -0.10302117
v 0.05153488 -0.12687576 -0.10843063
v 0.50014603 0.00257683 -0.02284874
v -0.28066069 0.00690767 0.10600189
v 0.24733661 -0.17882328 0.25341338
v -0.23320487 0.21914074 -0.16227794
v -0.43502209 0.02312231 -0.32078677
v 0.55863655 0.04003769 -0.13742632
v -0.47160888 0.10321646 0.12993278
v -0.40283450 0.04094486 0.30774808
v 0.02314992 0.08118227 0.08455230
v -0.31098425 0.06884164 0.20525758
v 0.57414663 0.11052702 -0.15878206
v -0.47110957 0.04638176 -0.23930965
v 0.03180745 -0.21663275 0.29080373
v 0.60418141 0.08588062 -0.00979252
v 0.01679923 -0.02371293 -0.00606290
v 0.01712099 -0.15704384 0.26310277
v -0.10016352 0.04714236 -0.12655836
v 0.44617215 0.00585950 -0.09124823
v 0.01286595 0.06850451 0.03434682
v 0.20243317 -0.18566918 0.21993920
v 0.18293566 0.04235676 -0.16274409
v -0.02332793 0.10831314 -0.17536895
v -0.38689008 0.00010021 -0.38827938
v 0.14328355 -0.18813485 0.31530917
v 0.53528786 0.09999318 -0.03704895
v -0.30169186 0.05087880 0.35231251
v -0.36178848 0.05156079 0.33493215
v 0.57386780 0.30768630 0.14910454
v 0.45321214 0.01122183 -0.16146818
v 0.32055578 -0.18058911 0.24143758
v -0.46576244 0.06123117 -0.02072294
v 0.42575708 -0.12104679 0.18426841
v -0.30416074 0.10568367 0.11413138
v 0.18070413 -0.00464162 -0.06857718
v -0.51862264 0.02870944 -0.20074578
v 0.45281976 0.10157551 -0.15057853
v -0.28416222 0.07032236 0.02623312
v -0.16038357 0.18800272 -0.26008725
v -0.24916521 -0.01921163 0.20361620
v 0.69577259 0.11197574 0.00489409
v 0.29535145 -0.18450174 0.23164614
v 0.12731424 -0.25121701 0.20702791
v -0.34774750 0.10939136 0.13178284
v -0.02948308 -0.13738298 0.29068127
v 0.65319693 0.09295791 -0.01060385
v 0.42427638 0.01730745 -0.20260452
v 0.34997901 -0.18855639 0.21839872
v 0.50094903 0.01889191 -0.21435893
v 0.35726890 0.05444136 -0.23244509
v -0.53357148 -0.08056377 -0.39933801
v -0.15979755 -0.02350140 0.04534635
v -0.29160213 0.10791159 0.08561611
v -0.42455897 0.08052905 0.15153843
v 0.41939649 0.00479724 -0.20825507
v 0.54163152 0.01633744 -0.04540199
v 0.32509914 -0.13392776 0.22758703
v 0.02783195 -0.17717026 0.21872979
v 0.42169476 -0.01224625 -0.17779247
v -0.06563992 -0.11559509 0.21184154
v -0.25431958 0.11933870 0.14597744
v -0.27905434 0.06329496 0.18899477
v 0.23121229 -0.19252181 0.25854719
v 0.46744698 0.00875865 0.03237740
v -0.09014837 0.01270571 -0.02064700
v -0.13825655 -0.06675935 0.27023774
v 0.46977717 0.00945600 -0.05279323
v -0.01298137 0.12865287 -0.16690469
v 0.03523706 -0.02295430 -0.25018883
v -0.12822123 -0.10484711 0.18104619
v 0.50423247 0.08047564 -0.19215816
v -0.17248300 0.21592866 0.01741262
v -0.11571831 0.05685823 -0.19246523
v -0.23819408 0.08158942 0.18421456
v -0.33920282 0.06313129 0.32144186
v -0.40261215 0.02697372 -0.30235708
v -0.39996547 0.03974277 -0.15808435
v 0.36330330 0.06726749 -0.25949281
v -0.11794861 0.13308015 -0.13037473
v 0.02410961 0.09996881 0.12370288
v 0.25638765 -0.02568288 -0.03239551
v 0.55574310 0.08674327 -0.13504329
v -0.31714696 0.18177271 -0.11003647
v 0.61804247 0.04787862 0.02775886
v -0.15036005 0.14486118 -0.14001784
v 0.08712382 0.02974766 -0.08071060
v 0.26239580 -0.17997625 0.23230724
v -0.53217155 0.10784873 0.16121683
v -0.52275252 0.06921971 -0.06950356
v 0.56833738 0.03527734 -0.18356371
v 0.55603784 0.09926565 -0.15659998
v -0.28533873 -0.00124202 0.37997550
v 0.04578444 -0.18414521 0.23572549
v 0.24844876 -0.18511710 0.21582845
v -0.36051574 0.10871224 0.05080139
v 0.21738653 -0.11457001 0.10598870
v -0.25097317 0.15639190 0.12664208
v -0.18114617 0.00227094 0.06452792
v -0.07296727 0.01019400 0.17703822
v 0.47004846 0.01934956 -0.19500865
v 0.06760287 -0.01890898 -0.05655962
v -0.29223377 0.05125347 -0.03335835
v 0.62987727 0.08898695 0.01002462
v 0.43589547 0.09630041 -0.07688809
v -0.07250270 0.02293053 0.04801738
v -0.10903564 -0.08470008 0.14569145
v -0.32952181 0.03181604 -0.00751888
v -0.43411034 0.03241791 -0.24807245
v -0.37442666 0.09316298 0.06271046
v -0.13967551 -0.03636590 0.29489356
v 0.20177798 -0.08607012 -0.25970927
v 0.26538607 0.01767351 -0.22045468
v -0.39964536 0.08192807 0.28521240
v -0.44182956 0.03258649 -0.15777101
v 0.54179782 0.02182538 -0.04914395
v -0.07161113 0.22001591 -0.21895514
v -0.03757185 -0.13256659 0.14827670
v 0.66944820 0.03295063 0.00673927
v -0.25781888 0.10639517 -0.03194479
v 0.01412112 -0.22153696 0.22186604
v -0.30380884 0.02726266 0.20907006
v -0.32147044 0.01733555 0.21064465
v -0.10166954 0.03419241 0.03766827
v -0.08786841 0.21246393 -0.23523095
v 0.41554087 -0.00982192 -0.17679697
v -0.35033232 0.08610548 0.02599454
v -0.28085643 0.04452472 0.35914218
v -0.46950954 0.02827471 -0.06317870
v 0.28612852 0.07268596 0.00698838
v -0.24630648 0.18991251 0.06603819
v 0.46579629 -0.07718617 0.14973398
v -0.00605904 0.04168648 -0.04667433
v 0.21213672 -0.18635194 0.20047410
v 0.21771023 0.08330590 -0.40593338
v -0.49407536 0.11710013 0.17451553
v 0.22319619 -0.10906553 -0.13961264
v -0.18187055 0.00127162 0.39635205
v -0.42819697 0.10920539 0.04151784
v -0.18820213 0.19005489 -0.07146603
v 0.28473595 -0.09190351 -0.17252275
v -0.42294219 0.06819341 0.17211425
v -0.33264384 0.13585439 0.04998898
v -0.02750818 0.09642139 -0.00262389
v -0.02034333 -0.10796022 0.18462798
v -0.41364631 0.11456393 0.18489391
v 0.61899948 0.10114448 -0.16274481
v -0.47843087 0.02111295 -0.24308762
v 0.64478654 0.07625417 -0.16307190
v 0.54648250 0.04080085 -0.03124432
v 0.35512933 -0.17641616 0.19712201
v -0.23891628 0.04513678 -0.00334774
v -0.18411776 -0.00131115 0.09896676
v 0.08125490 -0.22617234 0.32188278
v 0.62155461 0.10849388 -0.14624140
v -0.40211609 0.13828491 0.02404880
v 0.06492256 -0.23418655 0.30920291
v -0.40275273 0.08153495 -0.07368542
v 0.05417597 0.04146247 -0.04630918
v 0.04289943 -0.20652705 0.34046620
v -0.15598570 0.10462987 0.18142399
v 0.31468076 -0.04242156 -0.15988469
v 0.58676481 0.13858229 -0.03180086
v 0.16920778 -0.00104037 -0.10821959
v 0.32984471 -0.11066669 -0.00827231
v 0.37599787 -0.04996027 -0.23669310
v -0.34214938 0.13855831 -0.00058117
v 0.57876796 0.03145806 -0.01739640
v -0.11658038 0.11835337 -0.13352807
v 0.44340655 0.02121222 -0.16658680
v -0.12936497 0.04022095 -0.04870224
v 0.44349265 0.02380852 -0.23981884
v -0.07092027 -0.10015335 0.02802789
v -0.27861720 0.09351394 0.13693729
v -0.23742560 0.17752731 -0.18145128
v -0.07366158 -0.03878425 0.01107907
v -0.00981009 0.04411870 -0.24023864
v -0.01680356 0.01816517 -0.09123418
v -0.18842411 0.03312005 -0.20723200
v -0.61091173 0.00377522 -0.33363864
v -0.29904526 0.19542825 -0.11508510
v 0.35308790 0.10890651 0.02320248
v 0.57292879 0.00838804 -0.04221409
v 0.59207940 0.02340437 -0.13701536
v 0.59123266 0.07663087 -0.16235338
v -0.03525487 0.02559954 -0.11737147
v 0.69673932 0.10641728 -0.10614063
v -0.38202244 0.07236787 0.34338459
v -0.34640092 0.08964047 0.12107389
v -0.41665906 0.18370011 -0.04041423
v 0.56225526 0.03650799 -0.08472767
v -0.06745975 0.07260650 0.03206959
v 0.58823001 0.09553187 -0.15659510
v 0.29107270 -0.07290167 0.03188002
v -0.19522652 0.05002049 -0.04038288
v 0.40727165 0.09286080 -0.25991580
v 0.50571495 0.02483021 -0.22258334
v 0.17646156 0.04745725 0.02022159
v 0.56543058 0.10667583 -0.06652197
v -0.07987024 0.09995750 -0.11404294
v -0.38751248 0.20668837 -0.02091620
v -0.52413774 0.11708486 0.16165002
v 0.55361724 0.08836318 -0.16865249
v 0.04746239 0.04585540 -0.13761017
v -0.09117524 0.14515191 -0.22682875
v 0.57569820 0.03811582 -0.14700554
v -0.54929370 0.08865391 0.04811006
v 0.17647327 -0.15358892 -0.03186169
v -0.13569829 -0.01794237 0.15192094
v -0.14865929 0.05522029 -0.19438393
v -0.20401603 -0.04094389 0.13350150
v 0.51089931 0.09237708 -0.11190946
v 0.47665536 0.08793998 0.00157256
v 0.56897122 0.10210384 -0.14884914
v -0.29371291 0.18985669 0.00732001
v 0.02987473 -0.05527271 0.05607419
v -0.43156061 0.01277442 -0.32488850
v 0.61618292 0.10974658 -0.12441453
v -0.09400844 -0.06285027 -0.13775530
v 0.62245750 0.05987786 -0.04488108
v -0.05088888 -0.05166931 0.26375476
v 0.42824376 -0.09916633 0.17676425
v 0.53506958 0.02824420 -0.02722634
v -0.20385820 0.04995122 -0.11278710
v -0.16470288 0.00219020 0.00512397
v -0.47535220 0.12708929 0.16801412
v -0.25100216 0.11702225 0.14812148
v 0.05030178 0.06617740 -0.10240358
v -0.03991514 -0.15327314 0.37699863
v -0.27824438 0.20978628 -0.15822680
v -0.52530015 0.10636418 0.15865614
v -0.00476344 -0.13103454 0.23400210
v 0.32766676 0.02241412 -0.04746114
v -0.40310356 0.00088277 -0.38566202
v -0.03686384 -0.09899823 0.20528607
v 0.23906070 -0.03221050 -0.03609098
v 0.48230582 0.17886174 0.08314659
v -0.18475857 0.18823975 -0.08168925
v -0.12631916 -0.04936354 0.22384417
v 0.52257305 0.03183027 -0.01075004
v 0.01034406 -0.15036246 0.09420048
v -0.34457701 0.18109855 -0.09625022
v -0.44128641 0.04657111 -0.17953475
v -0.09195656 -0.10559085 0.29964519
v -0.47123027 0.04984425 0.09238894
v -0.26438835 -0.03144323 0.17682564
v -0.15655097 -0.07776138 0.29958040
v -0.33125085 0.06696375 0.32927081
v -0.07087645 -0.05113751 0.15063907
v -0.44466427 0.06307721 -0.04739804
v 0.44692290 0.10463795 -0.07165839
v -0.36738947 0.20737395 -0.03768066
v 0.13151284 -0.13852215 0.24966466
v -0.00984229 0.15046999 -0.17639787
v 0.05361092 -0.02343836 0.04098097
v 0.64251292 0.03276457 -0.14275417
v -0.22953889 0.02505893 0.00912796
v 0.33180311 0.13798821 0.06335004
v 0.23391396 -0.16548723 0.22050069
v 0.38458726 -0.18475708 0.19032542
v 0.41856062 0.00552810 -0.13976833
v -0.33314940 0.20851579 -0.05976717
v 0.55327308 0.05645173 -0.16037035
v -0.38729519 0.03604907 -0.05400819
v -0.43654707 0.08326849 0.10991909
v 0.58756679 0.06713407 -0.18269971
v 0.45134461 0.01148468 -0.21065558
v 0.02861904 0.03231606 0.16805817
v 0.38948405 0.23132879 0.02038071
v -0.02106307 0.16701196 0.02046443
v -0.03542949 -0.15376927 0.36689508
v -0.35174093 0.03139745 0.32725158
v 0.55291075 0.11907988 -0.18591747
v -0.10925052 0.02350678 0.25361681
v 0.66491610 0.10272802 -0.00629808
v -0.03251611 0.05791435 -0.18860094
v -0.54253745 0.02850007 -0.28140742
v 0.44332799 0.01623390 -0.16738878
v 0.03214522 0.02506506 0.11007069
v 0.57060635 0.05264954 -0.10826650
v -0.23924914 0.28180829 -0.08330755
v 0.15854791 -0.00743930 -0.31925461
v 0.23846047 -0.14146350 0.01824314
v -0.13622041 0.08367215 0.15841708
v -0.18420859 0.14312024 -0.15954179
v 0.16077775 -0.03933591 -0.29321063
v 0.04489306 0.07935056 -0.00906055
v -0.20142831 0.01046449 0.25720793
v 0.45040238 0.01443521 -0.16200316
v -0.26926583 0.04823004 0.35864949
v 0.54877150 0.00665707 -0.04158664
v 0.45364508 0.08728671 -0.21066320
v 0.58236611 0.09872395 -0.02367864
v 0.12446528 -0.20438468 0.27770662
v 0.51598871 0.08742462 -0.18661548
v -0.16971694 -0.02299190 0.30060577
v -0.04618400 -0.15393886 0.35255325
v -0.12328681 -0.01728773 0.23833472
v 0.59523964 0.02833511 0.02191748
v 0.17397226 -0.19237994 0.25443023
v -0.30714643 0.13703537 0.13367981
v -0.37324065 0.03926663 -0.27775443
v 0.53165758 0.03018448 -0.17359966
v 0.48905188 0.04709395 -0.18904413
v 0.60072035 0.07207042 -0.15517694
v 0.64793092 0.05330767 -0.13644427
v 0.59719646 0.09322441 -0.17737022
v -0.05286437 0.06395386 -0.39120993
v 0.52828228 0.05081516 -0.01899366
v 0.35031134 0.06764595 -0.29252869
v 0.65445733 0.04611383 -0.14016441
v 0.35060003 0.09421837 0.02888711
v -0.24104615 0.18588446 -0.00276165
v -0.55728972 0.03543130 -0.30535650
v 0.63389683 0.11580643 -0.11004826
v 0.28819886 -0.01347086 -0.26948649
v -0.03676100 0.17567091 -0.14651276
v -0.45908210 0.12141879 0.19946519
v -0.20341724 0.13396263 -0.02305532
v 0.32166106 -0.03442407 -0.20424508
v 0.06986832 -0.10467481 0.13025816
v -0.17986539 0.09509635 -0.13569236
v -0.25825474 0.08159743 0.18905622
v -0.49836162 0.01123381 -0.28766155
v 0.45933682 0.07152377 -0.15398192
v 0.51945651 0.02713128 -0.16588564
v -0.50908887 0.01626433 -0.28688204
v 0.45756364 0.11308177 -0.03797491
v -0.35525453 0.08356561 0.05025196
v 0.55233264 0.06203641 -0.03438659
v -0.49871895 0.01669997 -0.19914109
v 0.39315474 -0.12614426 0.12609527
v -0.47670618 0.06393014 -0.12235360
v -0.21202828 0.22786540 -0.04825339
v 0.00786066 -0.00096095 -0.25627384
v 0.44093150 -0.02915633 -0.07505786
v -0.07257377 0.07487565 0.04543261
v 0.14710665 -0.26993972 0.24581915
v 0.45101967 0.21674779 0.06707075
v -0.29883522 0.19982366 -0.01853383
v -0.05227666 0.19041322 -0.04382939
v -0.22883052 0.04972562 -0.00302838
v 0.59378445 0.03676124 -0.11537451
v 0.58969003 0.10190782 -0.08975010
v -0.08356701 0.20669451 -0.21813992
v -0.18318576 -0.04909423 0.14971153
v 0.43564385 0.24312797 0.07696055
v 0.60625219 0.07580957 -0.02798197
v 0.03842007 -0.14844809 0.31275278
v -0.22362289 0.00522068 0.16642223
v 0.61471796 0.11477646 -0.17421147
v 0.03332715 0.07565972 0.10664833
v 0.25492024 0.06395784 0.07041593
v -0.34151974 0.19249919 -0.03862650
v 0.36603099 0.06774896 -0.14872330
v -0.34615120 0.08891305 -0.08160109
v 0.42624021 0.01381293 -0.18163593
v 0.57210249 0.09441280 -0.03215331
v -0.13667840 -0.01101169 0.27284133
v 0.08250777 -0.26693279 0.28899941
v 0.49853265 0.11972283 -0.06548955
v -0.50073540 0.10884193 0.03754709
v -0.52911383 0.00324096 -0.35588047
v -0.35137808 -0.00681624 -0.29777634
v 0.46880174 0.08628280 -0.11510263
v -0.14939393 -0.00736663 0.09623629
v 0.02243449 -0.10129242 0.08213809
v -0.54040742 0.05121927 -0.14472519
v -0.08613382 0.16809033 -0.15883487
v 0.01427877 -0.21003278 0.37306482
v 0.58921641 0.04726908 -0.04191649
v -0.16009147 -0.07079863 0.21082319
v 0.50817490 0.07286419 -0.18378794
v -0.00912349 0.03632265 0.17874564
v -0.39443013 0.21053937 -0.04128165
v -0.22467993 0.22923332 -0.07233223
v 0.17921045 0.01347128 -0.32612851
v 0.44713122 -0.00648747 0.00327378
v 0.29987544 -0.19546905 0.17749052
v -0.44532490 0.07060166 0.23185822
v -0.08741033 -0.15654764 0.36226413
v 0.59401000 0.03362367 0.00836631
v -0.48481864 0.09956256 0.02770964
v -0.29180959 0.05756233 0.30889609
v -0.03065416 0.00970837 -0.00447710
v -0.32642692 0.03131065 0.01727613
v -0.01925537 0.02173272 -0.01858903
v -0.00503086 0.16602540 -0.09907405
v -0.24614543 0.07188664 -0.04849022
v 0.48045063 0.11308685 -0.05786220
v 0.42499039 -0.12146419 0.16402744
v 0.09428838 0.06091693 -0.03810896
v -0.43060368 0.00904877 -0.33563197
v -0.24357957 -0.00840192 0.11004190
v -0.42782781 0.08467187 0.22130583
v -0.23916623 0.14704281 0.05878907
v 0.47329253 0.23753688 0.08497894
v -0.38071200 0.08854912 0.01811688
v -0.22070603 -0.05683538 0.28346622
v 0.50082320 0.03919825 -0.18265446
v -0.01407562 0.04047225 -0.16527282
v 0.46452588 0.08704415 -0.17047444
v 0.07568721 -0.12439597 0.13192520
v -0.10893237 0.06866840 -0.19727044
v 0.51606965 0.01726965 -0.13414955
v -0.15171716 -0.03390862 0.40131652
v -0.12666023 0.04564074 -0.27715501
v 0.57532221 0.08548135 -0.05929141
v 0.53082937 0.07548265 -0.17968160
v -0.40474182 0.03849761 -0.08752741
v -0.17554101 -0.06950358 0.14937714
v -0.19275899 0.20893192 -0.25934228
v -0.38634866 0.12606901 0.21108060
v -0.10283738 0.01690891 -0.05966858
v 0.08184163 -0.15699080 0.16333687
v 0.53956425 0.28450033 0.13831051
v -0.18660921 0.13428824 0.15432549
v -0.49958348 0.07091679 0.05511942
v -0.20696437 0.15454520 0.10885979
v 0.47499341 0.10822684 -0.09556675
v -0.30157241 -0.01218504 0.08828500
v -0.24571948 0.18312210 0.05489762
v -0.03364995 -0.01842034 0.02034505
v 0.11709698 -0.23548838 0.28224507
v -0.29874483 0.02186587 0.16009982
v -0.17253995 0.07429893 -0.16762005
v 0.50623775 -0.01044879 -0.05805503
v -0.15262388 0.17219724 -0.09644194
v 0.31622052 0.03648825 -0.28473157
v 0.41644838 -0.02422523 -0.22536208
v -0.12685388 -0.16594416 0.32688093
v 0.36621034 -0.18064199 0.21449415
v 0.64035559 0.11512473 -0.12983271
v -0.52290797 0.05650389 0.00678702
v 0.45141324 0.09281947 -0.18003617
v -0.19407970 0.08454746 -0.12436223
v -0.40048391 0.22515848 -0.07323421
v -0.47493613 0.11643365 0.19063231
v -0.18294922 -0.02042118 0.16062407
v 0.33226305 -0.06424583 -0.07475244
v 0.43925679 -0.00691183 0.00685775
v -0.47102877 0.01768604 -0.02507452
v -0.21050864 0.22883886 -0.05585676
v -0.29693067 0.10667703 0.05267173
v -0.04577074 0.10601950 0.18507047
v 0.07283737 -0.14642151 -0.07434168
v -0.05144674 -0.21707505 0.28200218
v -0.51773965 0.09736389 0.05284116
v -0.24588910 0.09651425 0.16226946
v 0.48402578 0.15110555 -0.09159845
v 0.56659269 0.09779978 -0.03271535
v -0.45927262 0.11486845 0.06835416
v 0.36067733 -0.04951882 -0.20724311
v 0.28050533 -0.18256615 0.26680589
v -0.02484246 0.04275355 -0.03496061
v 0.10302624 -0.03909832 0.01228956
v 0.45862097 0.06739086 -0.02930800
v 0.15258229 0.03264117 -0.18969458
v 0.17793846 -0.07671085 -0.23585761
v -0.02505359 -0.12416738 0.15190518
v 0.48063213 0.06971346 0.01113637
v 0.33921787 0.10815400 0.06257215
v 0.01916462 0.07215860 0.08064698
v 0.36216483 -0.01485431 -0.23056480
v -0.43926466 0.16903317 -0.01570718
v 0.50123537 0.02861040 -0.18954273
v 0.02049240 0.04744738 -0.16979715
v 0.60104668 0.08573215 -0.17555159
v 0.61052018 0.09406289 0.00020313
v 0.30964184 0.03402734 -0.25688267
v -0.29395905 0.05745405 -0.06995972
v -0.40818149 0.04831630 -0.15354964
v 0.36167401 -0.15643746 0.19668952
v -0.31220406 0.17418212 0.08411793
v 0.18405403 0.10172090 -0.05091731
v -0.50137967 0.02642275 -0.24193874
v 0.43725049 0.09784472 -0.20194708
v 0.40237457 0.09440930 -0.12012809
v 0.32172632 0.02056690 -0.24049675
v -0.15125644 -0.06794348 0.25523579
v -0.12453856 0.08366580 -0.18242955
v -0.24999425 0.03844525 0.17035922
v -0.13764563 0.11921356 0.16978884
v -0.35487589 0.04439409 0.32579994
v -0.31608713 0.01603028 0.07057074
v -0.10990146 -0.08603591 0.29311565
v 0.50604349 0.25987458 0.11782706
v 0.03492510 -0.07214069 0.06974311
v 0.03093061 -0.21573901 0.26296443
v 0.03334415 -0.00057179 0.05572858
v 0.31045938 0.04506417 -0.22118817
v 0.52419865 0.04383490 -0.01870338
v 0.56615812 0.10667211 -0.03519104
v 0.28833076 -0.05796833 -0.20671165
v 0.22951514 -0.01630390 -0.29673296
v 0.51203126 0.00056806 -0.13303716
v 0.02445696 -0.12636727 0.15029040
v -0.12026084 0.29327828 -0.11394092
v -0.48868421 0.06863093 -0.13090229
v -0.30263478 0.18688171 -0.09891102
v 0.61255288 0.10758586 -0.12513539
v -0.05444689 0.08248958 -0.20646304
v 0.13740353 -0.24681045 0.24324565
v 0.51144123 0.02176647 -0.21477851
v 0.12788878 -0.17964901 0.32292533
v -0.05890379 0.21731354 -0.17092822
v 0.64353633 0.08247171 -0.16662271
v -0.14366771 -0.03736231 0.28949374
v 0.20746325 0.04273218 0.00263456
v -0.48815212 0.10446426 0.18390056
v 0.40730822 -0.17839438 0.21093695
v -0.49053764 0.06692000 -0.00895875
v -0.01828106 0.09859496 -0.05658650
v 0.24957052 0.01350586 -0.22613961
v 0.57829207 0.10579008 -0.16511723
v -0.21536408 0.01560426 0.09931616
v 0.29044020 -0.02406350 -0.26802075
v 0.59333593 0.01638400 -0.13862050
v -0.47385305 0.02688959 -0.22402802
v 0.45628390 -0.08758129 0.14876634
v 0.44203353 -0.00491275 -0.09280130
v 0.01061504 0.06385382 0.14198416
v 0.49459592 0.21785015 0.10616428
v 0.33590508 0.11923197 -0.01248929
v -0.56341875 0.05802745 -0.07737789
v -0.11518720 0.01683709 -0.00859824
v -0.29624766 0.06846161 0.07905558
v 0.16653524 -0.26675132 0.20885924
v -0.21377459 0.13769580 0.12591064
v -0.12290474 0.02890891 -0.04178979
v 0.03977535 -0.19477615 0.35721347
v 0.36733440 -0.02120955 -0.25192827
v 0.57094163 0.03118203 -0.05397995
v -0.19595835 0.09044451 -0.20086420
v -0.53480792 0.10380430 0.01028356
v 0.61608499 0.03461418 0.00170011
v -0.06076249 0.07474169 -0.21928138
v -0.16517922 -0.06450909 0.04036205
v -0.08746678 -0.15939236 0.30109727
v 0.21349120 0.10109192 0.00913528
v 0.37001967 0.07283618 -0.26160496
v 0.01061071 0.02499917 -0.01709424
v 0.57218325 0.02577491 -0.11357522
v 0.50345993 -0.01492809 -0.06180583
v -0.13307515 0.12852192 -0.00864628
v -0.15741065 0.13427497 -0.24549715
v 0.56940162 0.09868722 -0.01756367
v 0.54877186 0.23130715 0.14066662
v 0.03445157 -0.02720696 0.01103020
v -0.01044807 -0.21126419 0.27705583
v 0.39276540 0.07902806 -0.13424098
v 0.11719881 -0.19016564 0.27409378
v 0.40720096 0.22126952 0.07552573
v 0.48581502 0.06721260 0.02015055
v 0.58061010 0.06342584 -0.06926329
v -0.17284596 -0.05546749 0.21094671
v 0.60474563 0.05489700 -0.16772485
v -0.12963662 0.05365434 0.04944439
v -0.36887753 0.20765921 -0.09091315
v -0.14390390 -0.02520597 0.20165949
v 0.45011985 0.26546240 0.07695425
v -0.00008896 0.04543024 -0.03020027
v -0.11544454 0.03212020 -0.13319756
v -0.46739632 0.08086403 0.03028210
v -0.17073692 0.21217752 -0.28235447
v 0.52220756 0.02605244 -0.16884559
v 0.34743056 0.04919568 -0.26260638
v -0.37991652 0.07083401 0.07610869
v -0.19368364 -0.00845075 0.29317677
v -0.31559378 0.10646959 0.15549770
v -0.51902092 0.04957783 -0.02851772
v 0.40569353 0.01895289 -0.17550784
v -0.15738332 -0.09637514 0.31349897
v 0.61264348 0.10596545 -0.03646923
v -0.26046389 0.10149263 -0.04727325
v -0.35424760 0.10998292 0.04643131
v 0.51786011 0.11354220 -0.07284223
v -0.53085303 0.05500625 -0.14132930
v -0.51251453 0.10155702 0.18175843
v -0.07894829 0.03682131 -0.25613379
v 0.03761372 -0.00929916 -0.28275186
v 0.54573017 0.10612820 -0.18163098
v 0.53702486 0.00797129 -0.08550170
v 0.13350166 -0.04713979 -0.28733510
v 0.25458276 -0.12087534 0.04608978
v 0.35537302 -0.04867135 -0.27754927
v -0.13310423 -0.03137863 0.14878321
v -0.24494120 -0.00171083 0.09455644
v 0.08162123 -0.07251386 -0.18957469
v -0.13908339 -0.03683214 0.22660200
v 0.64833277 0.06477391 0.00225057
v 0.54113215 0.11217458 -0.10976012
v -0.05083349 -0.15162772 0.37866938
v -0.47572982 0.01517834 -0.22916041
v 0.50382733 0.08455084 -0.18148480
v -0.39890939 0.14271852 0.13894434
v 0.39345059 -0.13027658 0.19804288
v 0.03434828 -0.04879235 0.13743550
v -0.25847101 0.05836175 0.36406618
v 0.63184637 0.06896283 0.01703724
v -0.08510640 -0.12022711 0.18315183
v 0.57693106 0.09077220 -0.16814001
v 0.48488846 0.05333578 -0.19127102
v 0.11174458 -0.24521810 0.23885895
v 0.26632598 0.05469286 -0.36783436
v 0.25688902 0.01541421 -0.11921069
v -0.14703837 0.18454273 -0.14745842
v -0.16885066 0.07734820 -0.26065621
v 0.54544824 0.08968702 -0.16857652
v 0.12048303 -0.14995950 0.27560320
v -0.18211015 0.17444870 -0.22959191
v 0.54989862 0.04220799 -0.17969587
v -0.29877740 0.05179544 -0.08160067
v 0.13375014 -0.15475060 0.05715461
v 0.42682520 0.07588048 -0.19804417
v 0.10414287 0.10109398 -0.04881911
v -0.49056864 0.03224747 -0.20132475
v 0.05503388 0.13652480 -0.04997913
v -0.62185913 0.02685314 -0.29568854
v 0.51478386 0.02339359 -0.07552539
v -0.41348475 0.10839172 0.04689053
v 0.57797134 0.12877201 -0.03511684
v -0.34421849 0.10762230 0.24653572
v -0.09288221 0.08609831 0.03248824
v 0.60439241 0.08548540 0.00248622
v 0.20636094 -0.19374093 0.27399790
v 0.06912893 0.02874127 -0.06433867
v 0.48206791 -0.04564602 0.11104712
v -0.31291389 0.03569506 0.12568733
v 0.33913660 0.18481356 0.01743323
v 0.40412819 0.08498053 -0.22580349
v -0.13490251 0.06397030 0.16211179
v 0.37442201 -0.06836932 -0.09303512
v -0.31863728 -0.00207996 0.07775289
v 0.37342694 0.07507214 -0.28535742
v 0.06594071 -0.24838652 0.28455758
v 0.46328533 0.10425004 -0.11455220
v -0.35671979 0.18588829 -0.03583325
v 0.12522478 -0.19660409 0.27147070
v -0.06459940 -0.08324057 -0.11784492
v -0.30932075 0.08334008 0.15193537
v -0.20483267 0.14671983 -0.08756563
v 0.24843962 -0.07380167 -0.34784836
v -0.40115282 0.07902469 0.17790365
v -0.05267443 0.15267505 -0.24411485
v 0.61565787 0.10018164 -0.02641733
v -0.11757138 -0.10131206 0.22559778
v -0.41270554 0.14272600 0.04272430
v -0.37268826 0.04533722 -0.12078214
v 0.41089439 0.18463260 0.03803721
v 0.01229802 0.02593634 -0.18099402
v -0.24447344 0.06986786 0.19920281
v 0.06319728 -0.17971280 0.28456044
v -0.35253397 0.03139469 0.08224948
v 0.50251269 0.07583052 0.02231536
v -0.35970944 0.11723779 0.21855842
v -0.37696862 0.06839272 0.32152292
v 0.51042521 0.09959078 -0.12145263
v 0.66693348 0.05473189 -0.10612354
v -0.21385014 0.05081023 -0.12434106
v -0.19043037 0.04277177 -0.02447408
v 0.02205373 -0.21083638 0.36749870
v 0.36715522 0.10177109 -0.31102931
v 0.27332214 0.00390646 -0.08785254
v 0.11967713 -0.11241052 0.10651337
v -0.51462877 0.08930411 0.19837664
v -0.59784245 0.04191269 -0.11694333
v 0.33489782 -0.02930524 -0.24497205
v -0.05672920 0.05120972 -0.25611365
v -0.25312850 0.03910702 0.18486506
v -0.44911182 0.18214792 -0.03660183
v 0.40895155 -0.02378793 -0.16806023
v -0.49001825 0.00378951 -0.36965185
v 0.38282648 -0.02973724 0.03868736
v 0.44557711 0.07547352 -0.21281269
v -0.58795798 0.07195746 0.16282360
v -0.40320528 0.02583700 0.03025163
v -0.27168962 0.23789203 -0.07344021
v 0.44373322 0.16974944 0.05271031
v -0.12680936 -0.06153175 0.26489618
v -0.39982888 0.03587162 -0.17882127
v -0.17186087 0.05026934 -0.02815980
v 0.38072366 -0.02399678 -0.22405586
v 0.26846352 0.03142978 -0.32900941
v 0.49171510 0.03123435 0.00252277
v 0.15646908 0.08684376 0.00943574
v 0.26264399 -0.07297084 0.00832120
v -0.01425517 0.04133410 -0.34617507
v -0.21742392 0.10365513 0.16479757
v 0.52439690 0.00839525 -0.06546147
v -0.16958694 -0.07228065 0.22695681
v 0.60839683 0.04373633 -0.03209377
v -0.08804715 -0.13713118 0.38608032
v -0.11542007 0.05132656 -0.12089482
v 0.44982582 0.25033852 0.10295975
v 0.22852042 -0.13197799 0.05013408
v -0.02308124 -0.16828740 0.32608336
v 0.58940572 0.03230866 0.01617897
v 0.39857534 0.00726826 0.04093562
v 0.29333997 -0.17355579 0.18261071
v 0.11025019 -0.10127921 -0.25154838
v 0.39798859 -0.15224373 0.18583103
v 0.58887756 0.04080463 -0.11437878
v 0.54386139 0.04541346 -0.14563340
v 0.54006642 0.01841318 -0.11427967
v -0.19757751 0.21950278 -0.07805899
v 0.62730640 0.05643383 -0.00835413
v 0.65707916 0.08356849 -0.15323889
v 0.48120889 0.05588282 -0.18972026
v -0.50869691 0.00901961 -0.25879875
v 0.45434070 0.00355923 -0.16850926
v -0.52004033 -0.02517882 -0.38817868
v -0.18794282 -0.07282215 0.14289129
v -0.44316500 0.14616154 0.11439633
v -0.28456223 0.08235044 0.20193863
v 0.56786448 0.09992118 -0.03041253
v -0.39266253 0.05072054 0.30887675
v 0.55439430 0.08190143 -0.04949935
v -0.01574007 -0.03739619 0.11658590
v 0.02114506 0.01330069 -0.08265124
v -0.25983557 0.15743585 -0.23666364
v 0.60233271 0.03546251 -0.14614327
v -0.13406888 0.13439424 -0.16327956
v -0.13077241 0.05846033 -0.10180254
v 0.41258883 0.05478874 -0.19230512
v -0.10078534 0.12719101 -0.30703130
v -0.33563349 0.16297787 -0.02598276
v 0.45184243 0.00557128 -0.21451704
v 0.49622720 0.22003797 0.08614595
v -0.01712635 0.05947925 -0.14076136
v -0.53639090 0.04862121 -0.20857398
v 0.43168426 0.20298231 0.05468552
v -0.22297966 -0.03852472 0.13003388
v 0.29354191 -0.18231554 0.22038876
v 0.60114342 0.09218247 -0.11503197
v -0.02806696 -0.11674684 0.15179752
v -0.21318428 0.18288133 -0.18994243
v -0.51839614 0.10770819 0.08355084
v 0.50133479 0.00740141 -0.20974422
v 0.55804157 0.02874013 -0.12919702
v -0.16108911 0.15233694 0.15058824
v -0.30917245 0.17001562 0.00324546
v 0.54378551 0.06904844 -0.15930681
v -0.07236341 -0.06364366 0.21667963
v -0.17494382 0.09582663 0.07408336
v 0.49825871 -0.00147970 -0.13960263
v -0.32635319 0.07277341 0.30978310
v 0.26152670 -0.14889993 0.13555455
v 0.57882386 0.03656692 -0.05195102
v 0.16782404 0.02402967 -0.34549162
v 0.38514125 -0.04718824 -0.23072711
v 0.13993363 -0.25796419 0.24866028
v 0.52674961 0.06762130 -0.19018501
v 0.42696282 0.07714605 -0.17864865
v 0.40286008 0.07222436 -0.16354035
v -0.49599257 0.06072679 -0.00555563
v -0.54217792 0.05777583 0.04077635
v -0.56564969 0.06422818 0.17478192
v 0.47300491 -0.01484155 0.02065655
v 0.00066777 0.17151284 -0.22326893
v -0.04429902 0.08005439 0.08628247
v -0.68740535 0.10191968 -0.00874047
v -0.28336188 0.17683236 -0.13671739
v -0.36214256 0.08036315 0.02494853
v 0.11176874 -0.07519592 0.06194469
v -0.34459013 0.07943767 0.20406184
v 0.37647298 -0.18146504 0.14990519
v 0.32163092 -0.16078779 0.15275873
v -0.05795223 0.12170151 -0.17826025
v -0.48877519 0.05443080 0.01488140
v -0.08665179 0.08273792 -0.08883962
v -0.13676351 0.08739495 -0.04948248
v -0.05943584 0.01924786 -0.05130936
v 0.36638874 0.10408354 0.06554621
v 0.43646321 -0.04578725 -0.00307774
v 0.37540978 -0.12303969 0.12895496
v 0.58174044 0.09362185 -0.11696786
v -0.29275775 0.08918464 0.02558179
v 0.59058708 0.03230606 -0.14985508
v -0.05824513 0.14028260 -0.18226324
v 0.63976967 0.11327535 -0.13378341
v 0.40667668 0.23103952 0.04756054
v -0.22304194 0.10831892 0.14806993
v 0.11028750 -0.23449956 0.28288755
v 0.03156829 0.14242932 -0.00055538
v 0.32121959 0.03306398 -0.21828529
v -0.54005122 0.09202841 0.02651789
v 0.00914541 0.02954432 -0.15818986
v -0.10514256 -0.17172921 0.28703097
v -0.16284540 -0.03695671 0.08195975
v 0.06237023 -0.23515423 0.35741529
v -0.08064352 0.15536165 0.05438602
v 0.10678512 0.04201853 -0.02510876
v 0.42752746 -0.05698616 -0.08373815
v -0.23011290 0.17225069 0.14925849
v 0.48458517 -0.00164859 0.00387494
v 0.57588792 0.11243927 -0.10603665
v -0.15158172 0.08633937 0.16343340
v -0.17369038 0.12509932 0.15655994
v -0.35277331 0.16897979 -0.02169759
v -0.22732854 -0.05975048 0.17358679
v 0.45298356 0.05398250 -0.13561846
v -0.21813875 0.05917247 -0.01340951
v -0.15384239 -0.02140380 0.29158992
v 0.38272423 0.08407938 -0.26232207
v 0.09493592 -0.25402522 0.27624479
v -0.21464518 0.09178281 -0.03291779
v 0.48605058 -0.04498044 0.14279783
v -0.13822657 -0.04296196 0.17797127
v 0.50372314 0.00801428 -0.16534106
v 0.46631956 0.03025030 -0.20561861
v 0.04117967 -0.20188405 0.34423095
v 0.54174143 0.03396870 -0.14377064
v -0.08113612 -0.11567518 0.31460887
v 0.44541776 0.01088784 -0.17501742
v -0.19154470 0.12638071 0.06117027
v 0.44052783 0.21436268 0.08547390
v 0.41805616 0.11702715 -0.25450549
v -0.41365659 0.11047015 0.27423474
v -0.13675830 -0.09796659 -0.10876782
v -0.26973489 0.23917413 -0.07415535
v 0.03603853 -0.12659460 0.13591656
v -0.40350783 0.09728657 0.23786177
v -0.12487712 -0.11304817 0.14672464
v -0.49289840 0.09713082 0.05957309
v 0.28005549 -0.18139803 0.15642224
v 0.59417975 0.09365131 -0.04895758
v 0.56244290 0.11357760 -0.03358730
v -0.07784621 0.05752246 0.11472979
v -0.52417183 0.03475748 -0.27863395
v -0.06506053 0.14553529 -0.21714053
v -0.01029992 -0.14406824 0.25653067
v 0.32196254 -0.02599804 -0.01409614
v -0.17740016 0.10542345 0.14606929
v 0.02489275 0.15663067 -0.11288590
v -0.36647111 0.09382284 0.08264164
v -0.05185795 -0.12971509 0.32173443
v 0.66545784 0.09398665 0.00687030
v -0.33415958 0.03129849 0.19278081
v 0.58299810 0.04744380 -0.14945585
v 0.43465728 -0.01515186 -0.17135003
v -0.46683577 0.03774694 0.11282614
v -0.15907922 -0.04235551 0.28480902
v 0.60450196 0.06778820 -0.04712650
v -0.43081069 0.10248157 0.12834933
v -0.59011948 0.04487890 -0.11084406
v -0.33036005 0.17748858 -0.02465525
v 0.65618342 0.11805579 -0.11114714
v 0.29301524 -0.08720232 -0.33855012
v 0.07544553 -0.04254614 -0.03447884
v -0.49040422 -0.02267203 -0.39344749
v -0.21451896 0.18282366 -0.05762876
v 0.36988658 -0.06416924 -0.27600604
v 0.02996813 0.01172636 -0.32730979
v -0.20982073 0.14574297 0.14698268
v 0.24394558 -0.15168893 0.00431803
v 0.36884984 -0.07378300 -0.10618240
v 0.40879557 -0.04457299 -0.12134044
v -0.18020463 0.12884918 -0.23694439
v -0.16739652 -0.14414695 0.30900061
v -0.50160003 0.01124750 -0.32163015
v -0.13364249 0.18640786 -0.26210785
v -0.10080053 0.21061262 -0.19879699
v 0.07556646 -0.03169426 -0.24578348
v -0.15629888 0.07964063 -0.07996295
v 0.32482126 -0.17737441 0.21692476
v -0.05398769 0.01151541 -0.34297237
v -0.55446529 0.02203034 -0.30089810
v 0.07044822 -0.02328506 -0.23252159
v 0.01428351 -0.22433987 0.29088607
v -0.11527945 0.07614551 0.20493662
v 0.49011102 0.04551609 -0.19505204
v -0.21023932 -0.04313123 0.29555529
v 0.48397881 -0.12876196 0.18570003
v -0.42428735 0.03829497 -0.18274646
v -0.55909550 0.10634997 0.13208687
v 0.60346627 0.11117478 -0.11238922
v -0.01145189 -0.14550100 0.33531415
v 0.50866604 0.22725393 0.09774882
v -0.31124941 0.06409734 0.10195433
v 0.39731801 -0.02042857 -0.19815077
v -0.03655800 0.00999719 -0.08265615
v -0.34309670 0.01709411 0.33602512
v -0.18669273 -0.07298261 0.18335509
v 0.00538962 0.01361692 0.05248404
v -0.25558618 0.11868263 -0.15886259
v 0.54349494 0.10184553 -0.18345961
v 0.14709185 -0.17361596 0.18796913
v -0.36903131 0.21282440 -0.06444417
v -0.52257055 0.05564487 -0.14635439
v -0.33222288 0.01678565 -0.27264318
v 0.51293474 0.00608734 -0.07103124
v -0.44939885 0.06487265 -0.28608161
v -0.19432938 0.21728089 -0.19717173
v 0.62051636 0.11184677 -0.00887393
v -0.45837525 0.01811415 -0.26337254
v -0.05024928 0.15761954 0.04471094
v -0.17908105 0.08733978 -0.30957678
v 0.18618064 -0.10704721 0.07824121
v 0.16239998 0.08724999 -0.03448303
v 0.61513913 0.05041982 -0.16900310
v -0.54212666 0.04872689 -0.19169247
v 0.15626732 -0.14621758 0.07460842
v -0.03081167 -0.00902025 -0.26441991
v 0.22913423 -0.19624181 0.26949009
v 0.54241836 0.03917454 -0.15802786
v 0.56606710 0.04696808 -0.06720357
v 0.61543030 0.09226166 -0.17790599
v -0.42865610 0.11795056 0.16195579
v -0.05957630 0.13862735 -0.08399440
v -0.47564995 -0.00202081 -0.28684771
v 0.09860232 -0.23756686 0.28026828
v -0.06124794 -0.02744725 0.24885219
v 0.61266160 0.04692114 -0.16873629
v -0.41721433 0.09181164 0.25396991
v 0.46741319 0.04298584 -0.16808039
v 0.21523426 -0.04025003 -0.02068421
v 0.60931242 0.08890519 -0.07458977
v -0.25782487 0.12992324 -0.09088643
v 0.03786021 0.15011512 0.03543992
v -0.30366075 0.07661058 0.00688468
v 0.49689955 0.07100421 -0.16310565
v -0.34967107 0.07919058 0.11814326
v 0.40636712 -0.12159070 0.18196297
v -0.10847403 -0.03423920 -0.18341371
v 0.56969357 0.01647332 -0.03726922
v -0.13151491 0.09092063 -0.17272022
v 0.00869712 -0.15371886 0.17556630
v -0.43226513 0.17775556 -0.02415216
v -0.18003036 0.09582235 -0.14291252
v 0.37324560 -0.05557189 0.00609384
v -0.09741157 -0.06052904 0.09696579
v 0.53987032 0.11500204 -0.08406496
v 0.16582707 -0.07753354 0.03475739
v 0.63354862 0.09998943 -0.16740845
v 0.65300065 0.06221163 -0.15693988
v 0.38850078 0.05104789 -0.19154173
v 0.01569291 -0.16476792 0.06835127
v 0.45855030 0.18698680 0.07240690
v -0.28421050 0.04389346 0.09690179
v -0.23008013 0.03204842 -0.19943979
v -0.27729398 0.05737967 0.35586244
v -0.11886878 -0.12829253 0.36552149
v 0.46974036 0.08968957 -0.16783023
v -0.45659211 0.09831188 0.25722450
v 0.46417254 0.04751071 0.04536021
v 0.34115621 -0.03204052 -0.29065877
v -0.11453773 -0.07045324 0.13471974
v -0.12495886 0.06699872 0.20854375
v -0.15600738 -0.01676962 0.13165627
v 0.35469270 -0.07440250 0.06010342
v -0.17477205 0.06336993 -0.01797196
v -0.14883286 0.05142123 -0.08519915
v -0.53147924 0.10512778 0.04406478
v 0.41548604 -0.11380748 0.14914481
v -0.20967871 0.20919438 0.00973971
v -0.06478155 -0.13603768 0.37876016
v -0.39711389 0.03510235 -0.23644136
v -0.30353016 0.07029506 0.06812522
v 0.49722302 0.05970541 -0.19754761
v 0.21911258 0.04328412 0.02115770
v 0.26956320 -0.01055366 -0.04508969
v 0.19350779 -0.10080469 -0.16357410
v -0.33095214 0.22012416 -0.10350850
v -0.19453171 0.18556875 -0.17945997
v 0.36244476 -0.04740980 -0.27315333
v -0.05322041 -0.00957255 -0.34593731
v -0.27335751 0.13237602 0.05200362
v -0.18206415 0.06854838 -0.10477522
v -0.06016803 -0.20367339 0.26571229
v 0.54125416 0.00286969 -0.03738919
v 0.08425613 0.02891347 -0.07392775
v 0.61148942 0.07362731 0.00071731
v 0.05751796 -0.09595294 -0.22478938
v 0.25773153 0.06865454 -0.40049896
v -0.30549738 0.18063547 -0.07954997
v -0.05311181 0.11060593 -0.20557630
v -0.21006700 -0.04499551 0.21387301
v 0.39595842 -0.05369133 0.03346879
v 0.32880437 -0.07922585 -0.30621538
v 0.42387402 0.07838057 -0.16267991
v 0.02863964 -0.23901249 0.29692489
v -0.42581168 0.04517823 -0.22224015
v -0.52190864 0.06361013 0.04126431
v 0.26233923 0.02778210 -0.29372370
v -0.22607796 0.07044652 0.33612603
v -0.32368916 0.07869232 0.14023662
v 0.16286647 -0.21329734 0.26492468
v -0.42396474 0.18986914 -0.04073747
v -0.43998325 0.02426153 0.07788405
v 0.36549261 -0.04856914 -0.24368185
v 0.53846747 0.09380189 -0.02934341
v 0.29691306 0.06774482 -0.34951159
v 0.52732253 0.04684153 -0.02115423
v 0.13882448 -0.15326035 0.31065351
v 0.25630325 0.03653097 -0.36051086
v 0.40484920 -0.07401201 -0.07551579
v 0.35343009 0.06107406 -0.12845205
v -0.14219457 0.19115177 -0.11232509
v -0.18006971 -0.00660332 0.29025447
v 0.21616784 -0.17808434 0.25897661
v 0.38866428 0.08865522 -0.19294231
v -0.55951166 0.05452652 -0.24304037
v -0.27831075 0.05685273 -0.08199643
v 0.41515744 0.00730546 -0.21635099
v 0.42940652 0.02359997 -0.19128908
v -0.22863919 0.32522127 -0.08960506
v -0.07805163 0.20388484 -0.17245337
v -0.37068763 0.02555138 0.04996634
v 0.55374938 0.04206872 -0.03781223
v 0.12372319 -0.27662241 0.26610583
v 0.52167672 0.08233371 -0.16255693
v 0.23681447 0.05855960 -0.40777403
v 0.60643673 0.07913767 -0.01725439
v -0.16670528 -0.16170710 0.35269696
v 0.61848855 0.04154603 0.02766706
v -0.21684767 0.13117105 0.14687514
v -0.21168201 0.08285381 -0.13712926
v -0.38739800 0.10037753 0.09915372
v 0.49614394 0.03632270 0.00419243
v 0.38194636 0.16834438 0.04497141
v 0.45887288 0.03751201 0.03975611
v -0.18237133 -0.06696100 0.21985352
v -0.84660780 0.05917464 0.00599726
v -0.48915830 0.02139923 -0.24793714
v 0.30279255 0.02521002 -0.25595462
v 0.56462914 0.05708262 -0.04451454
v -0.30975795 0.02289054 -0.26056767
v -0.59558040 0.09669113 0.08612983
v 0.01121221 -0.01290639 -0.26133037
v -0.21354732 0.08587939 0.10154423
v -0.00631180 0.14757231 -0.19200230
v -0.18747959 -0.04889736 0.19164971
v 0.04611982 -0.12522843 -0.10053763
v -0.33458269 0.05067993 0.34897375
v 0.52783871 0.09995557 -0.15727696
v 0.45290753 0.03230064 -0.15754281
v 0.09315520 -0.08364426 0.06484620
v 0.37278587 -0.05585004 -0.25884324
v 0.41452530 0.15801138 0.08613770
v 0.47450870 0.02109301 -0.18235740
v 0.14728487 0.10249981 -0.01514748
v -0.27312180 0.17972620 -0.15927181
v 0.43460098 -0.08766358 0.12621659
v -0.43252337 0.08735747 0.24013947
v -0.18544735 0.10133153 0.08968894
v 0.38450363 0.07446991 -0.25613174
v 0.40377885 0.22369677 0.07431796
v 0.42520511 -0.02183755 -0.14015681
v -0.57733464 0.03654432 -0.31005371
v -0.20658536 0.16702561 -0.22950201
v 0.07370842 0.12700301 -0.37474614
v -0.20911416 -0.05010495 0.14508130
v 0.57734442 0.04754103 -0.10592026
v -0.16703813 0.04932880 0.20539546
v 0.53706264 0.08505549 -0.00242292
v -0.29046530 0.02185014 0.25202900
v 0.08885917 -0.21049125 0.38802606
v 0.58068222 0.04883991 -0.02868294
v 0.53816509 0.08177284 -0.00712310
v 0.02449140 -0.04418772 0.10287805
v 0.38959253 0.00947871 -0.18391158
v 0.42653239 0.07931802 -0.20080370
v 0.12385580 0.04098569 -0.00064084
v 0.19847329 -0.00719464 -0.05192725
v -0.31825528 0.07200243 0.19023354
v -0.26200798 0.11995387 -0.02992232
v 0.59243387 0.11009252 -0.01378597
v -0.17490950 0.05802059 -0.06538131
v 0.02489841 -0.03008953 0.05269217
v 0.51422971 0.01006808 -0.06739038
v 0.09680475 0.05125207 -0.18496729
v -0.14670862 -0.06390178 -0.01576201
v 0.46769968 0.00823464 -0.19010103
v 0.20764898 -0.18034023 0.19199450
v 0.54820311 0.01284075 -0.07194969
v 0.43538976 -0.00738508 -0.13125356
v -0.08331162 0.10487992 -0.13896391
v 0.44603595 0.06116541 -0.17623757
v 0.53353870 0.12642634 0.02025520
v -0.03949459 0.02302164 -0.29583687
v -0.04178584 0.15831111 -0.24351263
v -0.29402000 0.05576588 -0.10123616
v -0.43811873 0.05786335 -0.04067965
v -0.34514257 0.08902523 0.10235251
v 0.23204483 0.04627764 0.07763472
v 0.20383580 -0.03113055 -0.01541528
v 0.09296198 -0.00610450 -0.17651480
v -0.05680814 -0.13628112 0.37617308
v 0.47834000 0.08769085 -0.15610470
v 0.67693245 0.10194513 -0.11673406
v -0.06013036 -0.10253124 0.26992056
v 0.41155446 0.00085291 -0.21597013
v 0.64110148 0.09184983 -0.10262831
v 0.03562155 -0.01473612 -0.09337273
v 0.65850037 0.09326296 -0.05257918
v 0.31521678 -0.17733200 0.20617354
v -0.53445292 0.01633956 -0.28349572
v -0.22518501 0.01206982 0.10476992
v -0.02737753 0.09764427 -0.03256284
v -0.35052404 0.03976885 0.35935572
v -0.40261117 0.20466837 -0.04678518
v -0.44559985 0.02256504 -0.06645597
v -0.09632942 -0.03753483 0.17977022
v -0.27614510 0.19440888 0.05416434
v -0.28973612 0.13604346 0.06561896
v 0.03674664 0.07438333 0.10705363
v 0.06658653 0.01998371 -0.07668148
v 0.18412477 0.04718396 0.00902323
v -0.10733557 -0.05697238 0.23102379
v -0.12747560 0.07630044 0.18679933
v -0.06627892 -0.08515877 0.08477560
v 0.36202681 0.00369690 -0.21728817
v -0.40854439 0.20442174 -0.03962536
v 0.01905617 0.03000501 0.02422173
v -0.41338733 0.10261804 0.26017445
v -0.04419249 -0.23756152 0.28171334
v 0.48610169 0.02272985 -0.17373610
v -0.18199085 0.01799779 0.25555250
v -0.15587844 0.16988319 -0.10800529
v 0.01471978 -0.12942716 0.13544329
v 0.56245852 0.10299070 -0.07627542
v 0.05674487 -0.02538450 -0.22212018
v 0.67022133 0.04038546 -0.00054991
v -0.08304700 0.06583595 0.08920097
v 0.09552474 0.04230210 -0.23402563
v 0.05245648 -0.14091226 -0.09015853
v -0.49965748 0.06848754 -0.09486295
v 0.44754094 0.06076030 0.00900363
v -0.19029509 0.15375690 -0.13806720
v -0.20456976 0.06399186 0.30605000
v 0.36953348 -0.05640354 0.00180630
v -0.37267751 0.09244001 0.05529201
v -0.19676882 0.06291917 -0.08278095
v 0.46838936 -0.08823566 0.14694960
v 0.02095757 0.09392586 -0.03478695
v -0.25762820 0.00588030 0.18723443
v 0.06845358 0.10917920 -0.08049639
v 0.43227530 0.09193736 -0.12517560
v 0.52579856 0.09079756 -0.01923031
v 0.47373924 0.00320555 -0.12775767
v 0.58556527 0.05750585 -0.06157615
v -0.17980608 0.10570925 -0.14437939
v -0.34173745 0.20278600 -0.06479485
v -0.06438956 0.06424093 0.20795320
v -0.32567179 0.10525129 0.09131245
v -0.09195429 -0.11131984 0.27146876
v -0.24528292 0.25219375 -0.06555556
v 0.56280249 0.10024899 -0.03403448
v 0.39289784 0.07939170 -0.09927122
v -0.27834135 0.24740136 -0.09075412
v 0.41800731 0.06243175 -0.18313706
v 0.38307482 0.08251573 -0.11050341
v -0.23672524 0.03013700 0.05405710
v 0.20284623 -0.13469365 0.15390325
v -0.45096782 0.01460412 -0.28562224
v -0.50716460 0.06023419 -0.04484260
v -0.26723579 0.11183666 0.10272484
v -0.19487576 -0.06068513 0.29605913
v -0.18745813 -0.03466591 0.08588073
v -0.13217434 -0.09824654 0.33432022
v -0.56782788 0.10653882 0.10717294
v 0.31512710 -0.14883734 0.23661724
v -0.35517672 0.18117745 0.04856998
v 0.54548043 0.04009341 -0.18674429
v -0.27033809 0.20325933 0.05926633
v 0.26213327 -0.14557944 -0.05068703
v 0.11164893 -0.26489675 0.30765310
v -0.03515613 0.02411616 -0.12022975
v 0.59897339 0.10740082 -0.12541287
v -0.39845622 0.09165301 0.25498158
v -0.00592348 -0.00751138 0.12307030
v -0.11649679 0.09677285 0.02470267
v -0.45978305 0.10431304 0.17785300
v 0.20540871 -0.19514474 0.25701997
v 0.23921284 -0.11295196 -0.15286800
v -0.32549569 0.07156649 0.01266093
v -0.37371439 0.19572978 -0.09084830
v -0.13125065 0.08725308 -0.21028724
v -0.23933841 0.01984255 0.05260772
v 0.42121288 -0.02117187 -0.22310270
v 0.48728496 0.00021473 -0.03662826
v 0.06566243 -0.22951469 0.34152701
v 0.59911907 0.03843101 0.01556852
v -0.56425649 0.04446912 -0.13363059
v 0.13104834 -0.17631279 0.10981952
v -0.43113929 0.07595585 -0.08711730
v 0.54942411 0.08146839 -0.04784532
v 0.40506095 -0.02939963 -0.24032296
v 0.60814309 0.04797335 0.03096719
v -0.01359019 -0.15364200 0.29503208
v -0.06419405 0.15281108 -0.24339923
v -0.22937040 0.02387194 0.05023597
v -0.06105548 0.08353773 -0.20564522
v 0.22765476 -0.20065364 0.28811529
v -0.07255889 -0.03017244 0.25570187
v -0.20591754 0.13025391 -0.02230670
v 0.01510733 -0.21775374 0.22842644
v 0.44497526 0.04796055 0.02006470
v 0.54021192 0.10826136 -0.04947612
v 0.50613678 0.01951941 -0.15823933
v -0.20523457 0.14859203 0.16373643
v -0.50288737 0.01678419 -0.34076592
v -0.45916954 0.03146857 -0.09123661
v 0.06952524 0.05025408 -0.04735562
v -0.07892999 -0.11463141 0.17152262
v 0.63498574 0.12294513 -0.12083128
v 0.33451325 -0.15895657 0.19472291
v -0.64839029 0.02699396 -0.30927655
v -0.27308294 0.00819429 0.38593745
v -0.34317368 0.09061880 0.13234872
v -0.20829007 -0.00532770 0.11752333
v 0.09561186 -0.05752385 0.03061676
v -0.07261463 0.07200649 -0.19958618
v -0.21074656 0.14928705 -0.01727621
v 0.39318866 0.06388883 -0.22510400
v 0.42060125 0.17649990 0.05801395
v -0.07264844 0.01047410 -0.30410880
v -0.41462314 0.06616418 0.13963819
v 0.46376908 0.10349885 -0.12133378
v -0.38132164 0.11055556 0.18498197
v 0.63610041 0.09813657 -0.10560244
v 0.11650316 -0.10739979 -0.22274458
v 0.45769283 0.03078349 -0.19521616
v -0.13384469 0.23410878 -0.17274638
v 0.16852017 -0.19232965 0.21959695
v -0.30743060 0.13057101 -0.02606082
v 0.37160093 -0.15156274 0.16870894
v 0.36281455 -0.07338433 0.05912390
v 0.45931360 -0.01425586 -0.03903680
v 0.33883363 -0.17094116 0.18474427
v 0.55733615 0.12354746 -0.04916331
v 0.32528567 0.07245018 -0.30958092
v 0.07464331 -0.07460787 -0.24906981
v 0.18552914 -0.24188085 0.20188984
v -0.28299984 0.05208328 -0.07288501
v -0.03601167 -0.12364835 0.26523578
v -0.22719426 0.11844862 0.02821471
v 0.31347612 0.09901279 0.05418703
v 0.39761168 -0.12139823 0.13912302
v -0.21365100 0.17524281 -0.20272362
v 0.37799430 -0.00651564 -0.26277560
v 0.33598721 -0.09158678 0.02842619
v 0.45020628 -0.11155008 0.17268762
v -0.38369039 0.13058324 0.20151299
v -0.22036725 0.03035936 0.23991503
v 0.53844297 0.08521706 -0.16884318
v -0.50923312 0.01255989 -0.27905810
v 0.31087929 -0.17537951 0.16848858
v -0.15974717 0.06701858 0.19126984
v -0.08813424 0.03275061 -0.02945068
v 0.36797324 0.07841711 -0.27328438
v -0.04061630 -0.15789717 0.31162050
v 0.39464426 -0.17473452 0.20372930
v -0.11510603 0.13314025 0.10572172
v 0.56146199 0.04382867 -0.09766613
v 0.24647950 -0.06576076 0.05267957
v -0.10641250 0.06787239 -0.24608144
v 0.62611121 0.12497024 -0.11978365
v -0.08454047 0.06641237 -0.17466092
v -0.53038019 0.04982987 -0.18621771
v 0.59301805 0.09646755 -0.08825858
v -0.31595361 0.06372994 0.33973035
v 0.04588029 -0.16986941 0.33266765
v -0.04999413 -0.11021895 0.13411289
v 0.17368701 -0.13416368 -0.15109016
v 0.47783756 0.06468661 -0.17799057
v 0.42409602 -0.11915882 0.15098408
v 0.47004795 0.00560084 0.03199028
v -0.28114110 0.03144111 -0.17261571
v -0.21873648 0.04258975 -0.14779688
v 0.48610747 0.02394528 0.00715224
v 0.08513919 0.00323898 0.02011388
v 0.08011092 -0.21250050 0.32187447
v 0.62476712 0.11207044 -0.12445664
v -0.22188768 0.01480231 -0.01430003
v -0.03565803 -0.15576807 0.30998430
v -0.39611948 0.04696067 -0.08974782
v 0.46152121 -0.00588492 -0.06439143
v 0.12519726 0.03973418 0.00317699
v -0.17243992 0.18366608 -0.12387519
v -0.11754939 0.12311250 -0.05845456
v -0.50723797 0.06552942 0.00420091
v 0.19110507 -0.01670370 -0.28393966
v -0.10232940 0.00951424 -0.27208063
v -0.13889715 -0.07852545 0.14364097
v -0.27749676 0.04550136 0.25016254
v 0.64976346 0.03115533 -0.12551743
v -0.42571169 0.13607864 0.12946846
v -0.54056001 0.01694344 -0.30918682
v 0.53601599 0.02119430 -0.19594610
v 0.40137726 -0.17414054 0.19716513
v 0.57100648 0.04874443 -0.03451751
v 0.39548716 -0.01913967 -0.19808738
v 0.39550963 0.07888940 -0.27438256
v 0.29468048 0.10526842 -0.02186248
v 0.49897349 0.00722911 -0.17022261
v -0.29077211 -0.02002123 0.25378799
v 0.38726115 -0.04711376 -0.23265705
v -0.08545540 -0.02778721 0.24829739
v 0.56693316 0.09448083 -0.02811116
v -0.01499879 0.04682359 0.11073290
v -0.06576928 -0.03684425 0.27157670
v 0.22260480 -0.12844715 0.10186896
v 0.57454395 0.05700767 -0.18077371
v -0.37956440 0.16487683 -0.04652598
v -0.19293605 0.12590636 -0.21682946
v -0.41001719 0.20252030 -0.05935831
v 0.32963833 -0.04528578 -0.19644567
v -0.16553108 -0.04120545 0.19082320
v 0.26181272 0.08312722 -0.40183794
v -0.25927249 0.18239756 -0.17298551
v -0.05956383 0.03836370 0.00901204
v 0.42059356 -0.15884253 0.17779152
v -0.20775034 0.14515075 0.12805347
v -0.07766444 0.06108430 0.10038334
v 0.42073250 0.19412586 0.08153231
v -0.23288149 0.09854241 -0.15099180
v -0.24760240 0.03914019 -0.00867484
v -0.26807582 0.20333451 -0.13010775
v -0.46201256 0.07100570 -0.09510399
v 0.60928643 0.04329994 0.00761644
v -0.12764123 0.16568609 -0.02072121
v 0.06208202 -0.19994304 0.21606383
v 0.05073015 0.01336181 -0.13359174
v 0.31322929 -0.03250673 -0.26858735
v -0.44140384 0.06424199 0.02670328
v -0.53370458 0.10271282 -0.01465755
v -0.37418163 0.21674186 -0.06475586
v -0.16331317 0.12990171 -0.33678296
v 0.44732955 0.01317514 -0.15907979
v 0.43818641 -0.00469015 -0.17461063
v -0.17299689 0.22888963 -0.11380047
v 0.41109350 0.16772273 0.05205619
v -0.33480272 0.04586756 0.14740583
v -0.23995301 -0.03266275 0.25268328
v -0.38633186 0.16267130 0.00994925
v -0.57320112 0.07928535 -0.00326458
v -0.14746958 0.16289827 -0.15483940
v 0.20563611 0.10287461 -0.06028435
v -0.56179476 0.05403776 -0.10894181
v -0.31599408 0.02528515 0.01792738
v -0.17614703 0.18510197 -0.19892713
v -0.01649576 -0.14997184 0.22038035
v -0.29569811 0.06098256 -0.05763214
v 0.55840695 0.10497753 -0.18113208
v 0.45927012 0.04469272 0.03803998
v 0.61976612 0.11291885 -0.14965162
v 0.54205799 0.09631327 -0.06434110
v 0.21295309 -0.14497739 0.03668827
v -0.22860505 0.03318550 0.03155778
v -0.37873054 0.10543668 0.09875661
v -0.28707725 -0.01197010 0.17127806
v -0.40268531 0.02222544 -0.27935266
v 0.56157756 0.01660087 -0.01888396
v -0.44810635 0.09444710 0.03227232
v -0.18932721 0.09892844 -0.19081670
v -0.38412526 0.20865676 -0.01930358
v 0.02818772 0.05793098 -0.18930095
v 0.24861839 -0.20227513 0.27369058
v 0.21375634 -0.09869578 0.10275684
v 0.40665704 -0.12538387 0.16761079
v 0.06267862 0.08942805 0.01668473
v -0.44159082 0.04156084 -0.18348865
v 0.21568143 0.00630927 -0.16456258
v -0.40791523 0.12885803 0.01566171
v -0.08054212 0.20616677 -0.23024586
v -0.30300766 0.17152984 -0.10629773
v 0.17132720 -0.12891653 0.22327015
v -0.06307496 0.09623127 0.15606570
v -0.32447219 0.08295688 0.32596505
v -0.32291108 0.01324511 0.24633175
v 0.56905293 0.09868737 -0.03888905
v -0.06933022 0.00006646 0.03140774
v -0.24580637 -0.02322351 0.37758195
v -0.24470630 0.24420720 -0.02344020
v -0.06678389 -0.13133766 0.38090503
v -0.24231502 -0.00621007 0.26149756
v -0.24737781 0.09661689 -0.08617153
v -0.05177197 0.20884250 -0.17373702
v -0.25906655 0.12498525 -0.02475631
v 0.49982309 -0.02165314 0.14786969
v 0.59029883 0.04492696 -0.18456402
v -0.09054092 -0.15274963 0.29899228
v -0.39306992 0.12910864 0.20247303
v 0.59181207 0.10065192 -0.09135205
v -0.50779319 0.04992311 -0.19113924
v 0.46128559 -0.03241137 -0.13254079
v 0.66662729 0.03410779 0.00018482
v 0.59105158 0.02859180 -0.03864339
v 0.44615206 -0.08610594 0.15068363
v 0.41276491 -0.02471228 -0.26857597
v -0.09871157 0.02118172 -0.28842860
v -0.34063709 0.21978083 -0.06676558
v -0.17672978 0.05710773 -0.18859681
v 0.44090611 0.15374698 0.05163968
v -0.20071471 -0.06917717 0.15016225
v -0.13198981 0.12583181 -0.13473402
v 0.03630021 -0.14572808 0.29236707
v 0.13858671 -0.01942691 -0.29206049
v 0.41863531 -0.15544865 0.17800987
v 0.56710637 0.09492955 -0.14255719
v 0.49162340 0.05996317 -0.18467718
v -0.49122962 0.05703643 -0.18430945
v -0.10522225 0.15372112 0.09557790
v 0.05534063 -0.21847732 0.34083518
v -0.14215605 -0.05373618 0.10657217
v -0.12836367 0.23697956 -0.15104510
v -0.35770693 0.11344993 0.08347472
v -0.10489181 0.02074490 -0.26965457
v 0.51358366 0.07152592 -0.03849824
v -0.31232405 0.14639953 0.09374405
v -0.37400174 0.02376387 0.03558755
v 0.07213289 0.02938706 -0.08676233
v -0.12984529 0.09611474 -0.16678135
v -0.59143442 0.03095362 -0.31775206
v -0.07964209 -0.04167646 0.15567502
v 0.58508980 0.08285109 -0.08544400
v -0.23036902 0.00194366 0.39594132
v -0.45375758 0.08748429 0.02056785
v 0.65843558 0.04311087 -0.13132384
v 0.51575732 0.09987949 -0.18855125
v 0.56379592 0.02105627 -0.11281815
v 0.31848648 0.13048470 -0.01425102
v -0.08708113 -0.15873823 0.28388125
v 0.47188562 0.09091596 -0.16481498
v 0.35506329 0.05483581 -0.28857797
v -0.53224993 0.04021949 -0.29356149
v 0.23914820 -0.19141375 0.25983340
v 0.21057963 -0.17641185 0.23886749
v 0.44045949 0.04985283 -0.16804945
v -0.20859399 0.06683289 -0.07536937
v -0.13518958 0.02716218 -0.22226484
v -0.08878875 -0.12162855 0.23490940
v -0.19282064 0.18942733 -0.21439168
v -0.02563024 -0.15243995 0.05778930
v -0.05111194 -0.07841564 -0.18736841
v -0.31947994 0.04620327 -0.10438006
v 0.56355232 0.12712948 -0.03510230
v -0.13700756 0.15246159 -0.13943300
v -0.15140989 0.07812937 -0.22234143
v -0.08688939 -0.12985104 0.33271438
v 0.44746017 0.05805662 -0.20700464
v -0.05904078 -0.00139266 0.23203167
v 0.54549724 0.08955130 -0.13555191
v 0.16204180 -0.27924839 0.19375268
v 0.41314995 -0.05329529 -0.06740464
v -0.02845106 0.06450455 -0.23191825
v -0.45068136 0.09981977 0.20958892
v -0.02350963 -0.13143148 -0.08987148
v -0.20265456 0.10037424 -0.04110414
v -0.20263934 0.16310862 0.04226917
v 0.43023199 0.08493409 -0.19833229
v 0.53645575 0.03333908 -0.11832967
v 0.16559099 0.09512594 -0.02928658
v -0.12388611 0.27721655 -0.11702928
v 0.37017304 0.06185599 -0.18625072
v -0.17606404 -0.12179008 0.15949439
v 0.22165076 0.05391541 -0.39745545
v -0.10079715 -0.06798542 0.27445394
v 0.34570155 0.13958976 0.06823292
v -0.02864178 0.06931771 -0.19827318
v -0.10911188 -0.02717772 0.14302170
v 0.01443624 -0.23245829 0.25494447
v 0.59633768 0.04293840 -0.11195043
v 0.16523248 -0.04974987 -0.28586355
v -0.52186853 0.03777176 -0.08847858
v -0.23554143 0.02710949 0.27658072
v 0.62543243 0.08967124 0.00808099
v 0.51033753 0.15621246 -0.13445958
v 0.39802372 0.05971341 -0.25266579
v 0.36840579 0.03585234 -0.24669100
v 0.44376573 -0.02922266 -0.15826121
v -0.23023465 0.15538478 -0.04855897
v 0.23597585 -0.01958929 -0.26760456
v -0.28709736 0.05375533 0.36474237
v -0.20496634 0.01135795 0.20668148
v 0.07967302 -0.23566853 0.33585209
v 0.37027943 -0.19922638 0.20739207
v -0.22503570 0.11828949 0.15875416
v 0.46467495 -0.06358242 0.12972939
v 0.46284482 0.02029829 -0.16599110
v -0.58921897 0.03415963 0.02179958
v 0.30224445 -0.17830673 0.24910109
v 0.03447996 0.07815994 -0.18035871
v -0.03056728 -0.10910717 -0.15303415
v -0.18332595 0.15928581 -0.01136808
v 0.51896393 0.20736939 0.12192798
v -0.08321580 0.01407023 0.24538164
v -0.50689948 0.09643541 0.19941355
v -0.14478961 0.21735331 -0.21741949
v 0.54824722 0.03234795 -0.11205567
v 0.20838265 0.03789896 -0.15741198
v 0.43071893 -0.13825667 0.14836724
v 0.51135933 0.00430458 -0.07300699
v 0.37947288 0.15442958 0.00743011
v -0.26649529 -0.02381407 0.12461185
v 0.02020232 0.05147120 -0.05232322
v -0.06524898 -0.11659780 0.20659265
v 0.53567255 0.09158647 -0.04771773
v 0.09317158 -0.01241940 -0.22562000
v 0.53304404 0.01561879 -0.19630998
v 0.54847729 0.04033947 -0.18653835
v -0.15474588 -0.05233720 0.29464346
v 0.50322783 -0.02339220 -0.08747484
v -0.14040078 0.03321984 -0.10577402
v -0.41550243 0.03039536 -0.25868204
v -0.22737108 0.11252698 0.13495785
v -0.13032532 0.11288827 0.16923390
v -0.07173231 -0.10450596 0.20304266
v -0.47078699 0.05516826 -0.25662690
v -0.13840108 0.05807994 -0.18493058
v 0.31820816 -0.18639766 0.23248129
v 0.41082770 0.06228012 -0.19790570
v 0.46022478 0.10825726 -0.10353762
v -0.42328811 0.18069012 -0.01889867
v 0.05876344 0.04593921 -0.10744922
v 0.57176393 0.04540157 -0.13741067
v -0.05022657 -0.16819772 0.26396057
v -0.24173152 0.10849456 0.00553408
v 0.43783635 0.00389327 -0.18437526
v 0.24151891 -0.10149112 -0.15147573
v 0.28551888 0.05329439 -0.32630992
v -0.34318140 0.07314390 0.10751185
v 0.17187898 -0.27105558 0.18646659
v -0.03854416 -0.05520898 0.05620289
v 0.14945740 -0.18184195 0.30494165
v -0.34848291 0.07408813 0.32602286
v -0.41531655 0.10599490 0.17916709
v 0.09354859 -0.08708387 0.16341847
v -0.26819709 0.05869937 0.04610345
v 0.22748898 -0.08583854 0.03196341
v 0.36302021 -0.03764396 -0.15417622
v 0.33635166 0.03542656 -0.29741082
v -0.23643607 0.12164814 0.15573439
v 0.55816561 0.04387295 -0.04241317
v 0.51040614 0.07402708 -0.18338636
v 0.64222324 0.07445361 -0.00388883
v -0.17255144 0.02440247 -0.22840631
v 0.17641594 -0.09279139 -0.22462302
v 0.54163116 0.08957041 -0.02765771
v 0.50861585 0.01546217 -0.05703713
v 0.35179996 -0.00631619 -0.16593610
v -0.29418117 0.03548191 0.09336592
v -0.41238007 0.07230273 0.03709417
v 0.36506411 -0.06237432 0.00329181
v -0.05710845 0.09567674 -0.21208043
v -0.11463240 0.15483281 -0.19305381
v 0.07171489 -0.01507939 -0.26963007
v -0.42657629 0.00562280 -0.30138764
v 0.18740505 -0.18381187 0.27028537
v -0.38849631 0.03446198 0.31272054
v 0.11962552 -0.15225707 0.03545203
v 0.63240874 0.04814255 -0.10946299
v 0.39454237 -0.06289702 -0.04840199
v 0.36678645 0.04985911 -0.07006714
v -0.14586639 -0.00597897 -0.38329780
v 0.48459715 0.21420185 0.08036359
v 0.02709562 -0.09157674 -0.24419072
v -0.13035874 0.07764150 0.18707946
v 0.52314889 0.22293469 0.12810721
v -0.23593211 0.13416170 -0.11524571
v 0.14819038 -0.11066580 -0.16143984
v 0.40729916 0.01130331 0.04317108
v 0.47649610 0.08266065 -0.07812831
v 0.07259524 -0.25011286 0.31298524
v -0.20799574 0.09532706 -0.17413558
v -0.32975835 0.02260609 -0.26397055
v 0.42505202 0.20830420 0.07217108
v -0.20179445 0.07242992 0.19051149
v -0.29976261 0.03663539 0.36090422
v 0.64213252 0.09322469 -0.17985094
v 0.63933021 0.04417562 -0.10260403
v 0.42247429 0.07052340 -0.18505707
v 0.18826631 -0.00191396 -0.29007417
v 0.41414300 0.15961435 0.04624982
v 0.22679538 0.01507527 -0.21639773
v -0.40745997 0.08320605 0.24896866
v -0.28784576 0.21802795 -0.01693524
v -0.31891379 0.07693176 0.06635892
v -0.32777217 0.08860274 0.31050038
v -0.10887933 0.09032248 -0.06789456
v -0.41134310 0.07204099 -0.11568308
v 0.45317483 -0.04510084 -0.06011521
v 0.34000295 0.11392614 0.07861878
v 0.21780142 0.00712273 -0.15945086
v -0.04952279 0.02528983 -0.00777593
v 0.48559254 0.01696967 -0.00221272
v 0.62941366 0.04605132 0.00917221
v 0.30555874 -0.06541905 -0.17263766
v -0.27843118 0.11129486 0.03375775
v -0.16742605 -0.05099967 0.24730936
v 0.42881095 0.03561412 -0.17553847
v 0.35402322 -0.07792370 0.05704016
v 0.56593698 0.08514348 -0.11255056
v -0.23832627 0.20522016 -0.00193778
v -0.15332404 0.09977213 0.05213386
v 0.42939040 0.01422208 -0.18621178
v -0.07600394 0.17809048 -0.21732612
v 0.39988220 0.16538054 0.03058743
v -0.28552964 0.12296961 -0.11863625
v 0.32497096 0.05111542 -0.10210621
v 0.05446003 -0.20777674 0.30340952
v 0.67751205 0.10786590 -0.11393350
v 0.25530726 -0.19158509 0.23224245
v 0.49610272 0.01109296 -0.21156158
v -0.22996345 0.13520552 -0.14910929
v 0.10249110 0.19160420 -0.13864768
v 0.31253558 0.05695456 -0.22419128
v -0.01911756 -0.02985898 0.08778478
v -0.18742536 0.07606859 0.16806199
v -0.33155572 0.26068747 -0.07868122
v -0.49888909 0.09701350 0.03681218
v -0.09663539 0.03494316 -0.02486749
v 0.33590943 -0.02969714 -0.21134172
v 0.03835978 -0.14089526 -0.04961983
v 0.35215443 0.11989465 0.01148613
v 0.58531612 0.08051349 -0.03045638
v 0.67420071 0.08777101 -0.11919032
v -0.36214960 0.06152028 0.31625488
v 0.50287652 0.22592570 0.09110464
v -0.12576397 -0.00740879 -0.07877032
v 0.55644143 0.09844746 -0.15311095
v -0.13464697 -0.14051075 0.18370423
v -0.44541538 0.04044136 -0.11439194
v -0.10451618 -0.07190579 0.21092245
v 0.61315286 0.03233165 -0.00154672
v 0.57651228 0.08366287 -0.06718977
v -0.19180572 0.10003212 0.08376551
v -0.26816154 0.05342607 -0.07052908
v 0.32805955 0.04452537 -0.31168398
v -0.07482208 0.05866815 0.22229210
v -0.15579614 0.04705536 -0.09145946
v 0.61037946 0.04437560 -0.17724977
v 0.14826757 0.02969751 0.04207988
v -0.03014204 0.10565792 -0.18732244
v -0.17068201 0.10807596 -0.20728770
v 0.40863872 -0.18346602 0.20810698
v -0.28076246 0.11727821 -0.13811471
v 0.15972202 -0.10369810 0.09424457
v -0.31930628 0.17007437 0.03250568
v -0.34457207 0.09223323 0.29580528
v -0.31390795 0.21831334 -0.03725595
v -0.19948813 0.08221751 -0.01375061
v -0.01577610 0.06134003 -0.13299812
v -0.15870723 0.07898881 -0.24780078
v -0.47611451 0.01743776 -0.24837904
v -0.19937447 -0.06542030 0.29261008
v 0.32436496 -0.18242458 0.23181410
v -0.28315061 0.04500401 0.22391845
v -0.23437226 -0.04079238 0.29117796
v -0.00210585 0.01779521 -0.09363641
v 0.06286559 -0.21632423 0.33918932
v 0.37522715 -0.19434077 0.21070668
v 0.41961631 -0.02466675 -0.22302635
v -0.08910216 0.12439725 -0.16876817
v -0.42954952 0.07182285 0.29677910
v 0.50334305 0.10840662 -0.13727590
v 0.46114466 0.06449294 0.01491024
v 0.50996214 -0.00429489 -0.07257071
v -0.08801795 0.08909413 0.03652669
v 0.07404581 -0.21412499 0.30098543
v -0.46731833 0.04438543 0.08770710
v -0.04939410 -0.19098547 0.32097712
v 0.10436004 0.00044686 -0.07616939
v -0.15845153 0.21148264 -0.26430809
v 0.54494232 0.10852329 -0.05389155
v -0.34761181 0.14457239 -0.01711439
v -0.20122632 -0.01966091 0.28550041
v -0.01605399 0.09256823 -0.00332491
v 0.40015879 -0.02646391 -0.18662308
v -0.43102089 0.12407497 0.16212682
v -0.18050656 0.15996242 -0.08903421
v -0.21938100 -0.03068249 0.29553998
v 0.29784578 0.04656902 -0.22970909
v 0.38975081 -0.14197873 0.17044833
v 0.58066648 0.09403434 -0.06686246
v -0.52001870 0.06236817 -0.04032740
v 0.47542387 0.01376552 -0.10977423
v 0.33948267 -0.03314476 -0.29309782
v -0.50629795 0.04228862 -0.29224837
v -0.24141988 0.20688215 -0.08969568
v -0.22899336 0.00176048 0.07147349
v -0.17972641 -0.03088115 0.19380087
v -0.51926136 0.05433635 -0.18816625
v 0.39123476 0.06323026 -0.14843044
v -0.04538238 0.06039762 -0.12298685
v -0.21320064 -0.08443438 0.06689741
v -0.30705985 0.22122228 -0.05382525
v 0.06133066 -0.21037300 0.33163762
v -0.22620322 0.02859905 0.03212760
v -0.14960159 0.11510968 -0.13161984
v 0.07583603 0.06534748 0.02176178
v -0.45614174 0.00512779 -0.32646936
v 0.42662609 0.01121449 -0.13138337
v -0.14433229 0.01974225 0.02886491
v 0.43293291 -0.02346297 -0.01269002
v 0.47640592 0.07929876 -0.04983344
v 0.00847024 -0.18978727 0.31510830
v -0.09937216 0.18772048 -0.19417866
v -0.38714266 0.20697549 -0.06902297
v -0.13346878 -0.09176689 0.17219499
v 0.59927881 0.04792917 -0.14001672
v -0.19482321 0.12667194 -0.08498858
v 0.42341161 0.08617041 -0.19626117
v 0.47195426 0.01603961 0.03255182
v -0.35105884 0.11780824 0.08923149
v 0.56554914 0.10350002 -0.10586883
v -0.40071303 0.04077718 -0.17452955
v 0.56970024 0.06049981 -0.08457349
v 0.12564322 -0.11368062 0.04117921
v -0.55404419 0.02218071 -0.32546949
v -0.21949556 0.20439541 -0.08175762
v -0.46209151 0.12075403 0.19311158
v -0.52876496 0.09086397 0.12798023
v -0.66167152 0.02609755 -0.27336952
v -0.48465434 0.00340046 -0.33348966
v 0.60572255 0.09036094 -0.10434592
v 0.15699215 -0.16965607 0.09969547
v -0.26559144 0.10770796 0.07778797
v -0.52669501 0.11396123 0.13673896
v 0.50921953 -0.00605845 0.13490263
v 0.19941002 0.06260997 -0.41890508
v -0.20651242 -0.05614752 0.27724892
v 0.00915563 0.11240312 -0.03326912
v -0.15718886 0.13531378 -0.14375885
v -0.50678456 0.10002057 0.12691072
v -0.03613281 0.09625882 0.13943601
v -0.21585050 0.09681502 0.09197208
v -0.54740793 0.05675434 -0.09167284
v -0.19304326 -0.02067807 0.10971668
v 0.46800470 0.03784550 -0.20764685
v -0.39814708 0.18555588 -0.04163910
v 0.32957435 -0.04588572 -0.16319346
v 0.01279010 0.13361464 0.01931501
v -0.34251359 0.02540937 0.02408555
v -0.12361011 0.02014977 -0.01701172
v 0.57218099 0.08025010 -0.14587829
v 0.47112131 0.23159015 0.10551520
v 0.55563194 0.12218080 -0.04921665
v -0.25591362 -0.03320430 0.14270782
v -0.10492122 0.13534115 -0.19641739
v -0.11951689 -0.06604013 0.28725833
v -0.53443819 0.11088039 0.16342083
v 0.24180132 -0.21344382 0.26726869
v -0.16622788 0.03502284 0.22837296
v -0.24004455 0.17446262 -0.07634468
v -0.21419179 -0.00840931 0.38597184
v -0.20277284 0.08700447 0.17413703
v 0.50397754 0.08898410 0.00337191
v -0.15488446 -0.08389938 0.10378911
v -0.47589982 0.10775065 0.03918536
v 0.02098429 -0.20138904 0.35222089
v 0.63904560 0.06115666 0.01719177
v -0.09539562 0.03582406 -0.09116323
v 0.31774327 0.01321860 -0.23102377
v -0.43878594 0.10618328 0.19743916
v 0.10335812 -0.26769692 0.29026279
v -0.17712466 0.06821987 -0.02858052
v -0.34199744 0.11182903 0.16924950
v -0.36952862 0.06603907 0.30410445
v 0.59747070 0.08979178 -0.02426035
v 0.17500509 -0.15176801 0.11208348
v -0.44029564 0.04195656 -0.24613728
v 0.13322183 -0.17450662 0.16149956
v 0.49828154 0.01539922 -0.17355870
v -0.05806941 0.07390264 -0.20192577
v -0.12009156 -0.11358395 0.29777777
v -0.32757881 0.04699955 0.35571957
v -0.12660894 0.14335257 -0.15959825
v 0.15620731 -0.08304769 0.04837579
v -0.23589835 -0.05045459 0.13163410
v 0.46692002 0.11362724 -0.00613473
v -0.46209845 0.06800076 0.04542408
v 0.36447471 -0.14251232 0.13021445
v 0.12412600 0.02850187 -0.23583601
v -0.40115583 0.20831084 -0.04344378
v -0.49938676 0.11024135 0.02920886
v -0.08325667 0.19108294 -0.21724106
v -0.27063248 0.15651292 -0.25173649
v 0.14966373 -0.29053396 0.24345295
v -0.61866128 0.04726030 -0.04171501
v 0.23258552 0.06930009 -0.38592848
v 0.58049268 0.06187623 -0.17217526
v -0.14388630 -0.11267346 0.19690430
v -0.60206115 0.03698190 0.00189941
v -0.49651387 0.08919291 0.04196568
v 0.54709369 0.09944646 -0.13628274
v 0.60076421 0.03610031 -0.02695048
v -0.04769027 -0.15505970 0.38720274
v -0.48296195 0.05208628 -0.20176746
v 0.37217247 0.06214979 -0.18314286
v 0.55756766 0.01616802 -0.03535820
v -0.16503739 0.16413423 -0.03133161
v -0.24426834 0.16000786 0.11953434
v -0.32142422 0.07589921 -0.02076807
v -0.16365297 0.19712612 -0.21708907
v -0.17430016 -0.04783791 0.27013198
v -0.04312624 0.06974187 -0.11947435
v 0.03349257 0.03305337 -0.01017823
v -0.28296626 0.00199410 0.10337484
v 0.04488833 -0.10527806 0.11211714
v 0.07090281 -0.15838814 0.18916780
v -0.25876838 -0.01412907 0.25970751
v 0.46112558 0.06910707 -0.04798011
v 0.42618132 0.05732897 -0.22749719
v 0.02103637 -0.18163247 0.36474994
v 0.04816625 -0.08121251 0.07073668
v 0.60285830 0.07053204 -0.00490688
v 0.65061092 0.09510650 -0.15267001
v -0.23076472 0.06867473 0.07710546
v -0.24342099 0.12597820 0.16926463
v 0.47455651 -0.08885771 0.15257894
v 0.53953779 0.09539189 -0.03156587
v 0.04544559 -0.13613382 0.21230489
v -0.20140404 0.09330435 -0.13028920
v -0.40549356 0.02341336 0.05838695
v 0.14385325 -0.00004983 -0.09355511
v -0.11129627 0.08326355 -0.06030826
v 0.60920674 0.06997691 -0.14742345
v -0.06453320 0.06178489 -0.21253695
v 0.56235653 0.05343578 -0.08047776
v -0.09870043 -0.05055375 0.26291165
v 0.64205945 0.04742327 -0.01068991
v -0.20632033 0.22806981 -0.12144684
v 0.31690270 0.06643336 -0.31570393
v 0.59048712 0.15314233 -0.07123931
v 0.63344514 0.09591880 -0.14720914
v 0.47045529 0.01301874 -0.09780073
v -0.46435988 0.04932535 -0.15801568
v 0.55720246 0.05156045 -0.10933161
v 0.46212557 0.06547070 -0.16466716
v -0.22252107 0.15416901 -0.08737685
v 0.48592448 0.07456766 -0.17107180
v 0.57368827 0.09657307 -0.06219137
v -0.57889783 0.03770192 -0.00233594
v 0.38124964 0.06819211 -0.18295310
v 0.50342160 0.03124977 -0.01940656
v -0.38328406 0.03987396 0.14987433
v -0.21954986 0.15105844 -0.17278755
v -0.28301930 -0.01047184 0.25217280
v 0.17433816 -0.16944829 0.28771710
v 0.57930553 0.07778026 -0.10123198
v -0.31686369 0.20742990 -0.09370239
v 0.62565047 0.05808346 -0.04012427
v -0.60788834 -0.04703900 -0.40750477
v -0.16238087 0.08419570 -0.09892248
v -0.47855714 -0.00982594 -0.38511571
v -0.33883303 0.09618898 0.07838264
v -0.51280534 0.03638974 -0.28415555
v -0.41659999 0.14345585 0.23238206
v -0.13522448 0.13512632 0.13223535
v 0.62512040 0.08286223 -0.00355030
v 0.35278192 -0.19745281 0.20708725
v 0.35847798 -0.16084832 0.20256552
v -0.35523173 0.08862807 -0.07325648
v 0.62807435 0.07191578 -0.03387775
v 0.00496867 -0.15608862 0.22400098
v -0.33921942 0.03659008 0.12229543
v 0.47714627 0.07666299 -0.15502986
v 0.56960857 0.04380205 -0.06289519
v 0.58176458 0.05652530 -0.18103540
v 0.36883157 0.06612046 -0.25298628
v 0.54302138 0.04857247 -0.17130786
v -0.32575285 0.05453575 -0.07763977
v -0.11413985 -0.03310591 0.21663812
v -0.16573052 -0.05323872 0.28703773
v 0.21457845 -0.18491195 0.30462867
v -0.04473291 0.13579665 -0.31903863
v 0.46811345 0.04060082 -0.22817078
v -0.39156350 0.07588154 0.17815286
v 0.57377106 0.06003010 -0.12697530
v 0.56630105 0.07690884 -0.03308908
v -0.30422691 0.12167712 -0.02690379
v 0.21340349 0.10495299 0.00526521
v 0.58200145 0.11678109 -0.08993945
v 0.61047232 0.03275618 -0.10767862
v -0.33837849 0.06305827 -0.02879955
v 0.62462938 0.11324554 -0.12174714
v -0.25907284 0.13476670 0.16686779
v -0.12752685 -0.03659937 0.29054961
v -0.27946669 0.13027143 0.14408475
v -0.27975264 0.07766122 0.01060518
v 0.58318144 0.04573578 -0.11590137
v -0.36597803 0.17925088 0.01082808
v -0.22713870 0.11520891 -0.02637262
v -0.26691976 0.13913438 -0.13621253
v 0.06536526 0.11787104 -0.13553281
v 0.01318472 0.12400971 -0.10074938
v 0.64373863 0.02447883 0.00168209
v -0.35477102 0.16629487 0.06262549
v -0.28004029 0.15181936 -0.09315073
v -0.27103764 0.16531216 -0.07736617
v 0.57887030 0.05396855 -0.17699990
v -0.24313328 0.02203472 0.25748518
v 0.60068899 0.04927709 0.01508622
v -0.18107063 0.14307120 0.12510328
v 0.65982211 0.05973110 -0.15283743
v 0.14024854 -0.15879017 0.14784715
v -0.22511828 0.15173191 -0.04476757
v 0.50665253 0.07208528 -0.19083971
v 0.14968750 -0.14866170 0.07512806
v -0.10595104 0.13350058 0.15789901
v 0.34351403 0.06009538 -0.28244767
v 0.31286621 0.01149520 -0.26182646
v 0.50437504 0.01918291 0.00894712
v 0.44871902 -0.00611068 -0.14390773
v 0.61504841 0.06334856 0.02179939
v -0.15612695 -0.05837068 0.16718727
v -0.11925645 0.28423271 -0.14492190
v -0.28676599 0.15107599 0.03552914
v -0.47715753 0.11333580 0.21235049
v 0.12255268 -0.10150973 -0.21738464
v 0.49791086 0.21126199 0.11289637
v -0.01358694 0.06848359 0.20353661
v 0.44363022 0.21222356 0.09976026
v 0.27625152 0.12741989 0.00805378
v -0.28509057 0.10273479 0.05575559
v 0.41722605 -0.01797298 -0.20943595
v -0.29781157 0.14354375 0.02526175
v 0.63206840 0.04336796 -0.15756661
v 0.59822792 0.07922046 -0.06894548
v 0.14290960 -0.02465700 -0.27662680
v 0.40692264 0.01759366 -0.19629240
v -0.46484470 0.07441047 -0.12366085
v -0.65213251 0.02647959 -0.25702620
v -0.46691665 0.06265205 -0.04059129
v 0.61058527 0.04779301 -0.11478066
v 0.39741582 0.08248451 -0.23758896
v -0.24514619 0.06463192 -0.21312472
v -0.53228092 0.10813287 0.04498205
v 0.13822547 -0.22279169 0.36249596
v -0.10636058 0.02120480 -0.02027059
v 0.57247663 0.08919388 -0.12910652
v 0.59119719 0.04754203 -0.19303197
v -0.45266595 0.02187783 -0.22963451
v -0.09294307 -0.04949869 0.27801386
v 0.39826450 0.07690762 -0.24453656
v 0.46977901 -0.01644588 -0.03479226
v 0.39581949 0.05825169 -0.25351545
v 0.48427695 0.13510174 -0.06063914
v -0.44362167 0.03322792 -0.19184214
v 0.45341939 -0.04055826 -0.05304343
v 0.53419119 0.03548314 -0.16431406
v 0.01518017 0.10834060 -0.18963417
v -0.13367951 0.14874065 -0.12243243
v 0.09181333 0.06725559 -0.00710657
v -0.28318530 0.05245313 -0.10382465
v 0.43330094 0.11520590 -0.12381548
v -0.22607458 0.10464812 0.11988196
v -0.26614380 0.08473988 0.08885616
v 0.45267895 0.00175932 -0.19050907
v -0.52143198 -0.03318073 -0.42390993
v -0.46719986 0.02527010 -0.21084833
v 0.42410380 -0.01550753 -0.18553665
v 0.58077693 0.09875023 -0.02313416
v 0.43844837 0.24956125 0.09605707
v -0.29475176 0.12634999 0.32452208
v 0.57398969 0.10908186 -0.11837953
v 0.60067153 0.07538477 -0.00953461
v 0.35036069 0.18684354 0.04595685
v -0.07676536 -0.11512136 0.23657987
v -0.58616483 0.05106823 -0.26844835
v 0.65859109 0.10847870 -0.11029375
v -0.35975403 0.10678352 0.24393272
v -0.01961985 0.10047041 0.10889156
v -0.38599581 0.04233164 0.07275191
v 0.56011796 0.06800033 -0.09262249
v 0.67982841 0.09716488 -0.10825567
v 0.58350855 0.00987062 -0.02553200
v 0.31338021 0.02529556 -0.19062471
v -0.44383562 0.08268302 0.08095452
v -0.21289253 -0.01728266 0.09876922
v -0.17539775 -0.03380561 0.18842168
v -0.19979177 -0.08338978 0.18336429
v -0.47482097 0.05764435 -0.22251485
v 0.52667344 0.04231382 -0.01931996
v -0.47606105 0.05150934 -0.25242639
v 0.11617342 -0.24015248 0.20566641
v 0.25664216 0.07183406 -0.40545475
v 0.52745932 0.01577691 -0.10285206
v -0.50074965 0.05657481 -0.26371357
v -0.29248163 0.19468549 -0.11214471
v 0.44095820 0.07433741 -0.04431384
v -0.21014176 0.12043709 -0.23604509
v 0.58642530 0.10250841 -0.12854239
v -0.02997616 -0.00701278 -0.00320449
v -0.32241681 0.06145322 0.30220723
v -0.39423409 0.16844244 -0.00997223
v 0.57172561 0.02971045 -0.11327916
v 0.42298737 0.04713891 -0.17109290
v 0.19692488 -0.19158293 0.20626648
v -0.31418669 0.10386851 0.15166475
v 0.59132457 0.08512057 -0.08164655
v -0.19924805 -0.01490776 -0.39226329
v -0.50147641 0.03817716 -0.31155765
v 0.64724690 0.07875903 -0.10803223
v 0.40020749 0.03395960 -0.22122829
v 0.44145793 -0.02314713 -0.12608996
v 0.62645459 0.06373521 -0.04721664
v -0.47845995 0.09685241 0.21148309
v 0.45644557 0.06906334 -0.15573834
v 0.61043811 0.05406848 -0.18355730
v 0.43721586 0.08054200 -0.15657249
v -0.08474267 -0.12207854 0.23023754
v 0.44795126 0.00619645 -0.19626459
v -0.01189360 -0.13443090 0.29158741
v -0.44864097 0.17173955 -0.11267471
v 0.59468341 0.09209137 -0.07200970
v -0.14598067 -0.00702932 0.27565810
v -0.42640063 0.01027031 -0.38518158
v -0.12983482 0.11694407 -0.15152872
v -0.08396640 -0.08440576 -0.21732216
v 0.46478802 0.00565474 -0.09279561
v -0.41834697 0.03348252 -0.13255876
v -0.13226911 -0.05483791 -0.18125576
v 0.39819226 0.17224100 0.03605883
v 0.61904109 0.06279929 0.03388766
v -0.42305273 0.15378454 -0.02383882
v -0.51991117 0.02371523 -0.32307228
v 0.44238725 -0.00999149 -0.00126112
v -0.29194564 0.00034624 0.22741047
v -0.36027122 0.09681749 0.06044409
v -0.13055365 0.12062582 -0.03323133
v -0.24687119 0.16399924 -0.08055189
v -0.37853625 0.09013490 0.03819408
v -0.33058661 0.11524969 0.12829885
v 0.06460454 -0.18878372 0.33561915
v -0.09809871 0.06949168 -0.22185029
v -0.23519991 -0.03505071 0.09259479
v 0.24703187 -0.09387502 -0.15688229
v 0.35541943 0.01958413 -0.18361354
v 0.42201340 -0.01095735 -0.20541197
v 0.02706082 0.03420591 0.00575210
v -0.30178168 0.17617442 0.07349823
v -0.20629716 0.22919506 -0.18428120
v -0.27702892 0.05996345 0.36358714
v -0.24079995 0.14736299 0.07525302
v -0.04394121 0.03321242 0.00324374
v 0.61574841 0.10178655 -0.11519434
v -0.05555061 -0.17101908 0.33278424
v 0.32256716 -0.04377349 -0.14545757
v 0.63964683 0.09556785 -0.11295800
v 0.36786595 0.16786134 0.03077096
v 0.16328619 -0.03329282 -0.30853748
v -0.18167236 0.01468216 -0.00716601
v 0.01758921 0.00789481 -0.02259454
v 0.01852080 0.00811505 0.19191118
v 0.62354767 0.07238631 0.00661161
v -0.20574777 0.09018767 -0.24841255
v 0.67831957 0.09864900 -0.11478026
v -0.49664798 0.04374966 -0.14531046
v -0.08072241 0.02673560 -0.28759682
v 0.64566207 0.09918222 -0.15355170
v 0.03246090 -0.21725234 0.33485565
v 0.61293960 0.05639924 -0.18923378
v 0.53604454 0.09715804 -0.06025282
v 0.08664633 -0.15399733 0.27264106
v -0.44778189 0.11676244 0.19740434
v 0.20223503 0.07728204 -0.40973282
v 0.58178473 0.11778195 -0.02953063
v 0.39373776 0.07049268 -0.21920250
v -0.43337983 0.05381040 0.27246407
v 0.45763636 0.06177799 -0.01660901
v -0.10581094 -0.08552225 0.21529917
v -0.27884018 0.13582018 -0.13431303
v -0.41249698 0.03519219 -0.04864823
v -0.09184845 -0.02832836 0.24021377
v 0.52638161 0.10801319 -0.14854163
v 0.48332885 0.11297563 -0.06748655
v -0.00953820 0.10200447 -0.08372502
v 0.63011372 0.11387245 -0.11232352
v -0.33898869 0.10069712 0.04269840
v -0.22351554 -0.04922143 0.15514746
v 0.31374109 0.04759917 -0.29258382
v -0.10778961 0.02725632 -0.23006147
v 0.05840455 -0.04452188 -0.29842323
v -0.27085489 0.01882012 0.36384237
v -0.06733268 0.03476357 -0.13569991
v -0.26342407 0.23712842 -0.09344798
v 0.46021163 0.24623194 0.10400346
v -0.29555458 0.03588772 0.01075730
v -0.06401285 0.17242789 -0.06792800
v 0.11258945 -0.24982989 0.21902028
v 0.34324425 0.05969174 -0.27924514
v -0.55741525 0.04855336 -0.29162690
v -0.15465775 -0.04464140 0.40903479
v 0.00097506 0.10602811 -0.23540223
v 0.15646848 0.02500884 -0.34191045
v -0.04443330 0.10797147 0.15142515
v -0.15581730 0.20987189 -0.26700556
v -0.16800612 0.14036348 -0.01254535
v -0.37049815 0.05173236 0.31544912
v 0.59390324 0.06220672 -0.17951892
v 0.56366086 0.04461103 -0.11232597
v 0.58468425 0.09355217 -0.05279030
v 0.46265525 0.04290690 -0.21895169
v 0.24569905 -0.15501881 -0.07841375
v -0.10594015 0.06992232 0.21416846
v -0.41552514 0.03155825 -0.28055471
v -0.00629272 -0.12449678 0.25402063
v -0.22315270 0.24548309 -0.11084799
v -0.62944436 0.07147433 0.01222501
v 0.33805624 -0.09412579 0.01589295
v 0.63507223 0.09213061 -0.11161782
v -0.45721030 0.03709476 -0.21798439
v -0.16826835 -0.04725006 0.16672274
v -0.49065727 0.11153657 0.05593614
v -0.03521068 -0.10978640 0.12924396
v -0.43601781 0.12224494 0.02265543
v 0.47807479 0.05718282 -0.18651202
v -0.10453598 0.11760041 -0.11367476
v 0.20238677 0.03476390 -0.38560516
v -0.04625458 -0.07063636 0.18017203
v -0.39653075 0.08245247 0.08512370
v -0.01494680 0.05100963 0.07191226
v -0.37032756 0.00984617 -0.36545014
v 0.51605171 0.03225109 -0.02360557
v 0.61583877 0.11736751 -0.17119510
v -0.37203923 0.16248114 -0.00317223
v -0.28049991 0.04150170 0.02945530
v -0.08716124 -0.16731074 0.28030634
v 0.14631146 -0.17320842 0.30800861
v -0.42938882 0.07362358 0.00731500
v 0.06992182 -0.12777042 -0.16076361
v 0.08073728 -0.24151434 0.28489974
v -0.18696317 0.21429032 0.01409162
v 0.44898510 -0.01485135 -0.10067177
v 0.52682358 0.10450524 -0.03706058
v -0.00557121 0.17805651 -0.20568646
v -0.29958057 0.13514237 0.29085404
v -0.09818783 0.04626597 -0.11084234
v 0.07082392 -0.01756425 -0.23617026
v -0.15201400 -0.04597096 0.27896905
v 0.01284744 0.09687105 -0.06462301
v -0.27186900 0.19807652 0.04470851
v 0.32018843 0.02287559 -0.21208513
v -0.00971310 -0.12195692 0.13672829
v -0.44618720 0.03538647 -0.24900965
v 0.05933748 0.05510777 -0.20501325
v 0.57689136 0.08066906 -0.07836601
v -0.32131818 0.01671223 0.35205001
v -0.41850924 0.07877482 0.06835707
v -0.45130616 0.15615176 -0.02273199
v 0.48722938 0.01993636 0.00875060
v -0.44436753 0.02001193 0.04158006
v 0.63502681 0.10249890 -0.17531443
v -0.26692915 0.24494742 0.04164073
v -0.51936245 0.03690672 -0.31273451
v -0.27950111 0.22565725 -0.09101852
v 0.30286539 0.03529152 -0.31361350
v -0.18033861 -0.04601741 0.19495618
v -0.20848939 0.21110216 0.01210229
v 0.12611616 0.09788960 -0.04396956
v 0.49430895 0.06353690 -0.20208894
v 0.07998636 0.06329805 -0.14793164
v -0.25750285 0.15418261 0.14489403
v 0.10719804 -0.05720101 -0.28153756
v 0.01446202 0.08170003 -0.00963916
v -0.41891950 0.03711367 -0.04161720
v -0.36786410 0.03379831 0.12947541
v -0.10021371 -0.03757632 0.19519708
v -0.47221762 0.05281077 0.25075367
v 0.39301696 -0.03850709 -0.23154715
v 0.26248834 0.00354640 -0.22859555
v -0.31865990 0.12836175 0.09207479
v 0.46810108 0.06905869 -0.19233583
v -0.20618631 0.16780271 -0.07503311
v 0.03820609 0.11354809 -0.09666359
v 0.56998336 0.12066846 -0.02561784
v 0.08549425 -0.07379206 -0.26967627
v -0.39894545 0.19402775 -0.04202700
v 0.43769529 0.20131698 0.08047009
v -0.36554581 0.00919059 0.27254462
v -0.38915509 0.20269614 -0.07181805
v 0.21702774 -0.21207508 0.28260073
v -0.20358548 0.11257604 -0.08507080
v 0.47053272 0.02126351 -0.19510497
v 0.44444209 -0.11901557 0.18138868
v -0.34379289 0.20428306 -0.03036356
v -0.27562383 0.22304219 -0.09894578
v 0.51547122 0.10308802 -0.16406204
v -0.31462118 0.10239919 0.09194106
v 0.59572029 0.06567669 -0.14816138
v 0.45414314 0.02868645 -0.16538681
v -0.24862458 0.14946406 -0.09955859
v 0.39070466 -0.04858177 -0.26658896
v 0.08392027 0.04209393 0.07116067
v 0.39794713 -0.02856649 -0.23819815
v -0.28464273 0.22180614 -0.14073576
v 0.63354599 0.02353175 -0.00011481
v -0.19498764 0.07477647 -0.24812242
v -0.21649528 0.03768033 0.00633334
v -0.47721294 0.05793655 0.03517301
v -0.35235599 0.07484227 0.32883099
v -0.26126030 -0.00795794 0.28031820
v 0.38693178 0.07305372 -0.10915255
v -0.51534241 0.02806987 -0.06504681
v -0.30687842 0.10296845 -0.01482828
v 0.36143985 -0.07373969 -0.08014534
v -0.05133978 -0.05131859 0.03419377
v -0.42285389 0.12114251 0.12029390
v 0.16001444 -0.17729172 0.20316087
v 0.48292273 0.01280286 -0.19029300
v -0.25666016 0.16371548 -0.07466356
v 0.30292866 0.03210823 -0.27126652
v -0.14902723 -0.05001751 0.13416338
v -0.45693535 0.04018964 -0.17704952
v 0.24928242 0.01827133 -0.22329123
v 0.40025416 0.05165240 -0.18144055
v -0.42116311 0.01183720 -0.32982138
v -0.08825126 -0.10312080 0.30676287
v 0.31186607 -0.03202367 -0.01770519
v 0.55366361 0.09818153 -0.02909671
v 0.57476181 0.03882954 -0.11531493
v -0.27738404 0.23584670 -0.11739224
v 0.36558777 0.04702562 -0.17411645
v -0.49592996 0.07289968 0.09511912
v -0.04870566 0.12234543 0.06534466
v -0.34475252 0.18478833 0.06548065
v -0.21488591 -0.09298981 0.14841659
v -0.51646429 0.01357850 -0.30777273
v -0.52024305 0.03429133 -0.27561265
v 0.55167371 0.08847436 -0.16770950
v 0.58312553 0.10310982 -0.15715213
v -0.39571652 0.07771401 -0.01152364
v -0.44376132 0.09603475 0.24547672
v 0.53689522 0.10714050 -0.08820856
v -0.18640114 0.20739082 -0.12175384
v -0.07192296 0.14103757 -0.22314206
v 0.55164701 0.05497880 -0.11289482
v -0.20823433 0.12051308 0.07727212
v -0.20278808 0.12965497 -0.03748243
v 0.59748197 0.08072780 -0.15898579
v 0.52768272 0.12510177 -0.12106694
v 0.01583751 -0.08771135 -0.23655713
v 0.39996943 -0.04234014 -0.19205424
v 0.55150771 0.06017724 -0.05244914
v 0.36544681 -0.05850406 -0.25623637
v 0.54953033 0.04252963 -0.13765399
v 0.00422360 0.03645201 -0.03522125
v 0.46304536 0.07226424 0.02720351
v -0.43764856 0.14882216 -0.01560985
v 0.59470087 0.06540175 -0.15290618
v 0.40496343 0.05259460 -0.18838049
v 0.60407543 0.11321642 -0.11291960
v -0.29408169 0.02487139 0.23020761
v 0.09396437 -0.23572853 0.27114213
v 0.00377856 0.02496734 -0.01416320
v 0.53594303 0.10040452 -0.04706543
v -0.50870425 0.05570975 -0.24875702
v 0.09132162 -0.22903913 0.24793625
v 0.44033575 0.03790256 -0.19908679
v 0.51254380 0.03514282 -0.18658087
v 0.56731319 0.12286448 -0.10931088
v 0.63814795 0.09289292 -0.16149779
v -0.39230525 0.14967671 0.13885772
v 0.15066020 -0.15219922 0.17844453
v 0.00575681 0.06001993 0.07528675
v -0.07024738 0.06591892 -0.21762174
v 0.41451705 -0.11272086 0.14091177
v 0.27073565 0.13724262 -0.03326444
v 0.58001524 0.02246624 -0.10897957
v -0.57123005 0.05143842 -0.10504980
v 0.58741724 0.04133753 -0.05335350
v 0.38479716 0.00515764 -0.19367090
v 0.51826876 0.08151387 -0.19492033
v 0.02149239 -0.05829751 0.13562176
v -0.37029943 0.17031184 0.03034464
v -0.32459128 0.04800513 -0.03279208
v 0.54599684 0.10256066 -0.05653205
v -0.23342881 0.01450457 -0.19172885
v 0.52031416 0.02413814 -0.19145676
v 0.05044775 -0.03235340 -0.29983729
v -0.33518362 0.19431020 -0.21904841
v -0.01693602 0.08021654 0.14150639
v -0.24332824 -0.03845212 0.29034147
v 0.57284099 0.11153167 -0.10501763
v -0.57838392 0.05185491 -0.09694132
v -0.34759694 0.08741333 0.24865703
v -0.16533682 0.01817930 0.04339695
v 0.56852537 0.08945757 -0.02759128
v -0.07224886 -0.01200125 -0.22646068
v -0.37995127 0.13137352 0.01004189
v -0.40914452 0.03572407 -0.17375642
v 0.29800484 -0.17300433 0.15652038
v 0.09154323 0.06354927 -0.01411380
v -0.21806890 -0.00693139 0.39722955
v 0.34632078 0.06511426 -0.13645805
v -0.17630537 0.03508400 -0.18543041
v -0.46974528 0.02945888 -0.32921773
v 0.25384301 -0.04947059 -0.26618055
v 0.52381992 0.11844808 -0.12109530
v 0.65972817 0.07177248 -0.15092288
v 0.40783110 0.00131263 -0.19493954
v 0.68856126 0.09401996 -0.10063887
v -0.11862694 0.04210457 0.01800554
v 0.45783651 0.02194150 -0.15702316
v -0.23315926 -0.01903904 0.19980001
v -0.44992578 0.03225727 -0.09957568
v -0.27788597 -0.00471500 0.26083389
v 0.31061167 -0.17800537 0.21233475
v 0.34465903 0.17839783 0.03545421
v -0.36376059 0.21704006 -0.09080169
v -0.37580162 0.03646491 -0.27589709
v 0.34073478 -0.09996200 0.02450481
v -0.34623650 0.21615601 -0.12222825
v -0.27246439 0.16610171 -0.15540990
v 0.68294495 0.09247953 -0.10256450
v -0.28076068 0.17703633 -0.10455242
v 0.56839710 0.07618698 -0.07948762
v 0.34238946 -0.09167384 -0.07650012
v 0.61510217 0.10802847 -0.17498681
v -0.29924080 0.11929452 0.11431557
v -0.38529176 0.16804253 -0.09401745
v -0.29420969 0.05801923 0.23979393
v 0.39572117 0.11928052 0.08037882
v -0.07878041 0.09403481 0.18901181
v 0.44123846 0.16505086 0.08486055
v 0.11845054 -0.25776619 0.29733393
v -0.07825856 0.10704151 -0.04133035
v -0.01448043 0.16830301 -0.09211657
v -0.30347937 0.22606164 -0.11144574
v -0.07383671 0.03703910 -0.22487232
v -0.07669574 0.00270867 0.02934517
v 0.04303738 -0.00217083 -0.30444753
v -0.26189560 -0.03376660 0.25194293
v -0.25897542 0.18487000 -0.19909713
v 0.52313584 -0.00283751 -0.09319849
v -0.10856557 -0.03949314 0.15976849
v 0.62967670 0.07248702 -0.18319179
v -0.43594715 0.03723809 -0.31006587
v 0.44805133 0.07316218 -0.18390670
v -0.24535826 0.15366505 -0.19097628
v 0.44607636 0.25378674 0.07789320
v -0.35746175 0.19781278 -0.10906214
v -0.37413964 0.08370187 0.25539869
v 0.25570419 -0.17807133 0.19150229
v -0.46714818 0.15936634 -0.02182991
v -0.21704590 -0.05411698 0.18359080
v 0.38023213 -0.03724140 0.05385050
v -0.21787858 0.11140204 0.12821904
v -0.05152681 -0.14744107 0.27576286
v 0.39103672 0.07115607 -0.22670773
v -0.04409432 -0.01968226 0.21273562
v -0.33770615 0.02678723 0.34920272
v 0.60083759 0.09241693 -0.16345620
v -0.12372476 0.05408180 -0.25190032
v 0.00513795 0.21277422 -0.13266063
v 0.58903563 0.10322899 -0.16473958
v -0.00037837 -0.19946009 0.34392452
v -0.35415363 0.11586580 0.07876819
v -0.05431199 0.14783353 0.07948110
v -0.32059482 0.09703329 0.08396646
v 0.08830536 -0.08528922 0.04527108
v 0.45213279 0.09864381 -0.05780581
v 0.10303084 0.02110863 -0.09127977
v 0.08189756 -0.21639763 0.30894336
v 0.55690068 0.10840417 -0.04569105
v 0.24525400 -0.10314354 0.07464144
v 0.49915722 -0.00357533 -0.13317543
v -0.51894945 0.04599138 -0.19808464
v 0.22086355 -0.20123346 0.27324429
v 0.27780497 -0.19108810 0.23350695
v -0.20786473 -0.05213740 0.22353584
v 0.06841497 0.07429101 0.10943140
v 0.62405080 0.04121361 -0.01093402
v -0.26960769 0.15285487 0.03052185
v 0.36778057 -0.17742091 0.17020419
v -0.32166722 0.02582045 0.34489006
v -0.12960538 0.14988090 -0.14141347
v -0.31064835 0.00100291 0.37019220
v 0.21699414 -0.13763885 0.03881335
v 0.25704473 -0.12902865 -0.11736968
v -0.17397465 -0.06451140 0.21836425
v -0.12717116 0.07681644 0.17741570
v -0.25265092 0.06817263 0.18290100
v -0.49437961 0.11586028 0.02627129
v -0.25693494 0.00758357 0.18599698
v -0.34034550 0.21238802 -0.10147585
v -0.52837121 0.04715271 -0.01789683
v -0.13318330 0.12917268 -0.22252838
v -0.33727485 0.06689930 -0.03658537
v 0.11891213 -0.26039317 0.23768254
v -0.55329871 0.04767242 -0.02350467
v -0.44479173 0.07997446 0.05800500
v -0.30142194 0.17058814 -0.20523500
v -0.27073425 -0.02129044 0.14429875
v -0.23871803 0.00762635 0.05674042
v -0.15291040 -0.04171173 0.29633224
v 0.49939698 0.00181649 -0.21577415
v 0.47889721 -0.01686967 -0.21882690
v 0.64697969 0.12155858 -0.11136143
v -0.16506164 0.05590382 0.23104036
v 0.52729243 0.01461723 -0.05790381
v 0.29432443 0.06573170 -0.35495028
v -0.19912466 0.13909417 -0.15805879
v 0.40203866 0.05277790 -0.18368202
v -0.07976949 0.22026856 -0.18887398
v -0.53572202 0.04204534 -0.20543221
v -0.27841586 0.04001588 0.00263011
v 0.51415145 0.07976806 -0.17198092
v -0.16640887 0.20486265 -0.29125845
v 0.07729052 -0.18395774 0.32699007
v -0.14675178 0.14885803 -0.32397449
v -0.26701248 0.03107899 0.18357694
v 0.45484674 0.06640816 0.01850972
v -0.21996510 -0.03034944 0.09178529
v -0.20833348 -0.04733656 -0.39052927
v -0.47872937 0.07104643 0.24069934
v 0.46982235 -0.14044641 0.19630340
v 0.58103758 0.09366791 -0.05642658
v 0.54426414 0.10639331 -0.05171462
v -0.08126275 -0.04436259 0.28250551
v -0.22700486 0.11153099 -0.14402097
v 0.59695470 0.10974370 -0.16731569
v 0.51001424 0.00736974 -0.11274001
v -0.25520331 0.03019169 0.17581451
v -0.43652633 0.13783738 0.22218943
v 0.49276963 0.01803209 -0.01191403
v 0.32516044 0.05257916 -0.18726981
v -0.47024044 0.03103176 -0.18576404
v -0.16169506 -0.11573961 0.32985750
v 0.67929852 0.10065423 -0.11848597
v 0.52537572 0.03559700 -0.01842855
v -0.43034452 0.04268381 -0.07610089
v 0.43122900 0.00203424 -0.20289336
v -0.30874264 0.08275190 0.28814781
v 0.56363577 0.09299398 -0.07443210
v -0.36899573 0.11112209 0.05353687
v 0.12762591 -0.19875801 0.33160692
v 0.61590081 0.08023551 -0.18980677
v 0.12044726 -0.15455616 0.08690123
v -0.40081084 0.04421099 0.31148267
v -0.58203608 0.01613136 -0.34613344
v 0.32655364 -0.02094813 -0.18638282
v 0.53998011 0.06318605 -0.16991663
v 0.40981683 -0.02797691 -0.23114096
v -0.19647065 0.15646473 -0.05444090
v -0.01685551 -0.03376988 0.13730404
v 0.63115257 0.10586622 -0.12941028
v 0.42778146 -0.01689149 0.01362723
v 0.48888367 0.10210399 -0.16363305
v -0.37685171 0.03660622 -0.27508104
v -0.22700000 -0.05693832 0.28636909
v -0.15332885 0.14957105 0.08942851
v 0.03087085 -0.12016441 -0.12583622
v -0.47988349 0.03866799 -0.31564009
v 0.52654433 0.10520910 -0.08633095
v 0.67910260 0.09292498 -0.00685028
v 0.46373343 0.00408692 -0.17558749
v -0.43068200 0.08108941 0.22505239
v 0.26647928 -0.17213193 0.20871060
v -0.27811047 0.16220938 -0.11702666
v -0.31076106 0.15469192 -0.20829402
v -0.08443551 -0.01078111 -0.23760593
v 0.49755704 0.18475258 0.08046652
v 0.37391683 -0.07839166 0.00293944
v 0.57862389 0.12328805 -0.12018071
v 0.39550367 -0.01283489 -0.17069872
v -0.12552282 0.15216243 0.09057687
v -0.30809242 0.20775910 -0.10214411
v 0.10157674 -0.01333334 -0.23405530
v -0.03493060 -0.03943571 -0.00291620
v 0.46105918 0.07237878 0.01708921
v -0.32911840 0.03655070 -0.23201506
v -0.29653841 0.02948210 0.24227421
v 0.44208845 0.15249598 0.07322058
v -0.34884107 0.12572181 0.01653830
v 0.09568045 0.04815760 -0.16869539
v 0.49059924 0.18400195 0.09046696
v -0.13539335 0.09212807 0.04458492
v -0.54092348 0.05259785 0.00184396
v -0.05028744 0.22787012 -0.15185036
v 0.42255887 0.17186502 0.04284035
v -0.38336596 0.04557705 -0.00449321
v 0.61386317 0.10539657 -0.17375804
v -0.14419657 -0.09408930 0.28894728
v -0.42397505 0.02931541 -0.37332642
v -0.45195675 0.12329976 0.15536247
v -0.43518353 0.03604273 -0.23947439
v 0.62943029 0.07130758 -0.01675475
v 0.14353165 -0.14361161 0.25279391
v 0.42491856 -0.02844812 -0.01078677
v -0.24435854 -0.01446982 0.20493391
v -0.25500023 0.10781828 -0.07882768
v -0.55528498 -0.00225970 -0.37320796
v 0.35110018 0.05409753 -0.22206114
v 0.36902878 0.16639921 0.07180674
v 0.47616929 0.04690563 -0.18245962
v -0.29294717 0.04794431 0.07528357
v -0.38812238 0.06058340 0.02661139
v 0.52276689 0.02485838 -0.05161994
v -0.36122301 0.11384714 0.04907874
v 0.57119614 0.05200586 -0.04028749
v 0.47548544 0.03228470 -0.14731799
v 0.16120185 -0.01328379 -0.05513029
v 0.13228625 -0.11195531 -0.15445313
v -0.35869995 0.05809890 0.29293782
v -0.22111827 0.04051745 0.00782859
v 0.38374037 0.00917152 -0.18990608
v 0.59405923 0.09271625 -0.04805577
v -0.31327111 0.00238854 0.21148506
v -0.44665718 0.03493677 0.08255836
v -0.03506036 0.09918918 0.12610933
v 0.01887808 0.18240130 -0.15607381
v 0.50446111 0.00570548 -0.08355202
v -0.09916852 -0.09593853 0.17945130
v 0.46865842 0.16965561 0.09887002
v -0.41199952 0.05700085 0.06698148
v 0.46170017 0.07763869 -0.18822248
v -0.48030332 0.12378456 0.20251149
v 0.15035047 -0.17988652 0.25709927
v -0.10163069 -0.11169797 0.27799398
v 0.12289536 -0.14935595 0.11368244
v -0.52600020 0.06057423 -0.01822900
v -0.22186515 0.06875804 0.02803677
v -0.00500235 0.08595662 -0.05219258
v 0.13440686 -0.23757042 0.22958399
v -0.08806342 0.02617973 -0.23033276
v 0.49814695 0.22590855 0.11773664
v 0.56294310 0.11172011 -0.10517918
v 0.56658810 0.06037807 -0.08359683
v -0.27567697 0.14710982 0.04151367
v 0.37633023 -0.18234886 0.18395384
v 0.56612486 0.02312822 -0.14008746
v -0.18437596 -0.01980813 0.19790390
v 0.59009451 0.04532776 -0.04008972
v -0.30534327 0.22399221 -0.10511754
v -0.27541032 0.01149280 0.26836061
v -0.39285836 0.11727386 0.23115703
v 0.38146576 0.05922620 -0.18647292
v -0.52711588 0.04783623 -0.26540318
v -0.30637690 0.10016156 0.04831545
v -0.34737235 0.07207219 0.31716269
v 0.04458063 0.15818599 -0.06192974
v -0.63875860 0.03006895 -0.03450197
v 0.38963959 -0.02625782 -0.21506304
v -0.00464842 -0.01367000 0.11361697
v -0.49434078 0.18463868 -0.07098302
v -0.38966119 0.02897599 -0.00157743
v -0.34765363 0.09698541 0.04338144
v -0.07943647 0.01783682 -0.25740665
v 0.44015339 0.01966685 -0.17515106
v 0.34125414 0.03839409 -0.17043185
v 0.61854076 0.04788439 -0.15116984
v 0.04722389 -0.13783015 -0.01231179
v -0.19614805 0.16128701 -0.14886090
v -0.10611989 -0.11102784 0.18945549
v 0.56281459 0.08771150 -0.15157782
v -0.42930666 0.12818976 0.14301451
v 0.43257022 -0.09824194 0.13877426
v 0.43593103 0.00303259 -0.15618353
v -0.44085974 0.03717737 -0.19867811
v -0.43876386 0.07213582 0.10318655
v -0.48193222 0.02799606 -0.25109768
v 0.43593407 -0.00751824 -0.17837200
v -0.03725936 0.09027147 0.01738916
v 0.36241528 0.06072114 -0.19467521
v -0.24835454 -0.04367995 0.13143855
v -0.32459202 0.01863065 0.01602685
v 0.50627923 0.01874173 -0.07686320
v 0.60181600 0.07092049 -0.11268915
v -0.08303520 -0.20998219 0.30677840
v 0.29663014 0.03264435 -0.31199950
v -0.26741606 0.00260785 0.10875034
v 0.46758091 0.18213552 0.08064872
v 0.03226095 -0.20442952 0.32570413
v -0.18020010 0.19258417 -0.09260434
v 0.12119810 -0.17243657 0.32211649
v -0.02741089 0.02554178 -0.08605927
v -0.10035553 -0.07788320 0.13171433
v 0.44797748 0.14069127 0.08487031
v -0.00955674 -0.00814676 -0.22215760
v -0.22496063 0.06554636 -0.08844519
v 0.05591296 0.06038958 -0.04314064
v -0.01538077 0.04758638 0.08541667
v -0.66071755 -0.00973633 -0.35791630
v 0.23221482 -0.03629193 -0.24034011
v 0.61872375 0.03665001 -0.12106140
v -0.09927304 0.05088885 -0.23642139
v -0.26038599 0.10842015 0.06325520
v -0.09783693 0.09703021 -0.19092685
v 0.01447241 0.06107652 -0.21020475
v 0.28040031 0.02630444 -0.21891722
v 0.52279621 0.11969174 -0.12000826
v 0.51735437 -0.09784959 0.17000544
v 0.46930552 -0.00152080 -0.14755251
v 0.43956897 -0.03436381 -0.05934097
v 0.55873591 0.11847942 -0.03182406
v -0.13847397 0.07843776 -0.21448976
v -0.00174281 0.09548374 0.12880374
v 0.58450478 0.08493436 -0.01986625
v 0.56167960 0.10967902 -0.08731982
v 0.66915977 0.09529667 0.00452087
v -0.34674215 0.04570715 0.34450635
v -0.35142320 0.15024959 -0.09964904
v -0.33482319 0.17081332 0.06894478
v 0.55398977 0.11106734 -0.16774987
v -0.56356776 0.09654808 0.14193778
v -0.33113766 0.20619877 -0.04354832
v 0.04209116 -0.21966624 0.23848462
v -0.27911848 0.10645762 0.02297085
v -0.06225686 -0.01341592 -0.25835532
v 0.24796341 -0.11532635 -0.13147981
v 0.42601818 -0.06454764 -0.07849918
v 0.59135550 0.11740416 -0.12207437
v 0.43220839 0.10498980 -0.14225011
v 0.14937863 0.00219181 -0.26177210
v -0.28241444 0.09815898 0.14798802
v -0.11907744 0.04364438 0.24009979
v 0.62506008 0.05891702 0.01715833
v 0.51096749 0.07243948 0.02807235
v -0.45686778 0.02371854 0.14511301
v 0.57607883 0.05476514 -0.17731898
v -0.30762088 0.21304053 -0.04021287
v -0.09149817 0.12623402 -0.38042900
v 0.34149677 0.01991059 -0.04958016
v 0.52039117 0.02908501 -0.17420298
v 0.40852019 0.04406786 -0.01426472
v 0.08943813 -0.22637665 0.32462266
v 0.04980600 0.00963083 0.01733493
v -0.29419208 0.14636487 0.08821739
v -0.01807564 0.08292907 0.02075145
v -0.33887920 0.03917152 0.07312541
v -0.16012003 0.16413149 -0.09183022
v 0.15528274 -0.18708864 0.23685384
v -0.44725621 0.10920583 0.19188067
v 0.34262177 -0.01260324 -0.01759958
v 0.42381784 -0.18459015 0.17161132
v 0.06229756 -0.14803547 0.33462721
v -0.22512436 0.04409837 -0.13089785
v 0.32464787 0.06582570 -0.32145014
v -0.00334804 0.06606576 0.13415639
v 0.67661738 0.08905095 -0.00274830
v 0.42125881 0.17014140 0.08755559
v 0.25951460 0.13205191 -0.01984128
v -0.33024260 0.08308166 0.15205373
v 0.57241035 0.10595603 -0.16226214
v 0.30874324 0.02383986 -0.06258671
v -0.05985418 0.11473618 -0.17063431
v 0.08354330 -0.03718808 -0.03232990
v 0.32144800 0.15462440 0.04551640
v -0.35261667 0.01495069 0.21759738
v 0.22365020 -0.02695436 -0.28832966
v 0.63528436 0.09090412 -0.19044277
v -0.42836931 0.09422253 0.21608458
v -0.21819931 0.13823465 -0.19692987
v 0.51922286 0.09804307 -0.15567389
v 0.58633280 0.06326301 -0.03053612
v -0.28081611 0.15597928 -0.10217065
v 0.09478581 -0.23057091 0.21709172
v 0.59203833 0.05697205 -0.18019310
v -0.36392260 0.01828322 -0.34701985
v 0.56952333 0.03311756 -0.13341466
v -0.33027983 0.13074598 0.10747935
v 0.59514767 0.04388699 -0.11192819
v 0.46884087 -0.02022615 -0.08098918
v -0.27853066 0.02588719 0.21947569
v -0.06668927 -0.10887540 0.22274569
v -0.43298778 0.14113134 0.22188094
v 0.63579112 0.10334255 -0.10932989
v 0.43439829 0.02695702 -0.17845958
v -0.09826559 0.03444970 -0.10765480
v 0.05441564 -0.23906222 0.23664576
v -0.28910047 0.07424875 0.21655726
v -0.08147082 0.04038471 0.22232771
v -0.19817835 0.01837653 0.11693218
v 0.09995457 0.12364748 -0.13639507
v -0.10324764 -0.10676289 0.20292254
v 0.59928298 0.02121244 -0.02694580
v -0.31887788 0.03965962 -0.02110498
v -0.28520301 0.15231188 0.12708512
v -0.17841972 0.09557557 -0.22850397
v 0.42435524 -0.09227352 0.14178166
v -0.45301235 0.05282849 -0.03274548
v -0.43606344 0.01218998 -0.30693650
v -0.46805954 0.18268234 -0.07451464
v -0.11975011 0.01221263 0.02214836
v 0.16914621 -0.16143228 -0.01800482
v -0.39682895 0.12325254 0.03857562
v -0.36419451 -0.03851435 -0.42780125
v 0.55737877 0.09943496 -0.03707446
v -0.55624247 0.01873451 -0.32961386
v 0.63596892 0.07211484 -0.17317319
v 0.02451040 -0.21593045 0.36014158
v 0.30598536 -0.02098821 -0.02083306
v -0.46821970 0.04866827 -0.30873245
v -0.26122886 0.02132541 0.35742611
v 0.36230099 0.05963944 -0.12623698
v -0.18445411 0.16371012 -0.01973552
v -0.18245599 0.19224979 -0.09761122
v -0.17535077 0.20951119 -0.19595149
v 0.03013478 0.00605989 -0.25872889
v -0.20279139 -0.01814827 0.23222089
v -0.47125989 0.06989618 0.25006834
v 0.41422409 -0.12669224 0.14371909
v -0.25057510 -0.03936034 0.17504865
v 0.43931860 0.06099419 -0.20347132
v -0.15957467 0.11374547 0.16033484
v 0.54384178 0.10657576 -0.17974044
v 0.17495188 -0.14754379 0.13779244
v 0.41154718 -0.01559560 -0.18751885
v 0.04556972 -0.20343877 0.33430421
v 0.29008844 -0.19033167 0.25967497
v -0.29525459 0.02140603 0.37551388
v 0.04650332 -0.04575256 -0.29853258
v 0.50157189 0.08182667 0.00119982
v -0.15692136 0.22351444 -0.28198066
v 0.35941678 -0.07175535 0.00229784
v -0.57412291 0.05225104 -0.06968062
v 0.42995054 -0.01940263 0.00573480
v -0.33751845 0.04952723 0.18103673
v 0.15786096 -0.15346128 0.17970181
v -0.30121017 0.00378212 0.17817730
v -0.15446386 0.08167295 -0.24572366
v -0.10620837 0.10780948 0.01052849
v -0.02675386 -0.02494681 0.22729769
v -0.20769700 0.17180894 -0.23003829
v 0.44423544 0.04798429 -0.17638355
v 0.37104559 -0.05289550 -0.10408638
v -0.24123782 -0.02486169 0.13022399
v -0.02372970 -0.11289892 -0.14570799
v -0.02713320 -0.15256624 0.35303774
v 0.48198676 -0.00162844 -0.15602282
v -0.41577286 0.18446182 0.01184194
v 0.09653270 -0.20298137 0.27765986
v -0.44835848 0.02036425 -0.24130499
v -0.05487783 -0.07722767 -0.17394309
v -0.09306099 0.09381516 -0.18782425
v 0.65435988 0.07904550 -0.10656294
v -0.19833118 0.06718127 0.34309268
v -0.50502932 0.09962404 0.10804363
v 0.34984010 -0.05378158 -0.27037615
v 0.41616037 -0.00654321 -0.18247183
v 0.48116079 -0.02025254 -0.14488816
v 0.02772439 0.01472026 -0.24852628
v 0.23440236 -0.18599433 0.26602405
v -0.41996521 0.08606040 0.02064108
v 0.00786293 -0.00054285 0.01328694
v 0.08156928 -0.22691740 0.25255847
v 0.06245915 -0.11711136 0.26409775
v -0.17969823 0.10957082 -0.19967546
v -0.09786862 -0.11611998 0.26741755
v 0.50328267 0.01353790 -0.17634325
v -0.12061134 -0.04841310 0.23082957
v -0.12103312 0.11023927 0.01656951
v 0.31126249 -0.08240423 -0.32539964
v 0.56826383 0.02159287 -0.14029154
v 0.01264958 -0.00447702 -0.24535374
v 0.31712762 0.03674755 -0.24836466
v 0.52691859 0.03173920 -0.16960241
v -0.33708063 0.07128917 0.35196686
v 0.51131368 0.07303888 -0.05402356
v 0.31287163 -0.07416856 -0.32687894
v 0.20796296 -0.16842836 0.24052323
v -0.50865167 0.11173272 0.15982488
v -0.27603558 0.04516564 0.36182904
v -0.16371690 0.04842110 -0.34821871
v 0.59446800 0.07556139 -0.15992054
v 0.20003361 -0.14333700 0.08808656
v -0.20681205 0.01187269 0.23269537
v -0.53003299 0.09283623 0.03806468
v -0.04640168 -0.21248943 0.25756121
v 0.40576214 0.02401799 -0.16991846
v 0.68046975 0.06994876 -0.11232273
v 0.55496866 0.04366697 -0.09317784
v 0.00874680 0.01678380 0.05071053
v 0.53913337 0.21580419 0.13681944
v -0.04013649 -0.17132680 0.35817280
v -0.08221935 0.13574205 0.04716360
v -0.17239934 0.00143072 -0.21350433
v 0.12113380 0.03903639 0.03704183
v -0.43736708 0.07176618 -0.08623718
v 0.24410832 -0.14505376 0.17888007
v -0.27981949 0.01099943 0.15207115
v 0.59272647 0.04930236 -0.14185199
v -0.21151866 -0.00562489 0.27919436
v -0.45184430 0.03398943 -0.24054196
v -0.22078946 0.10619286 -0.09840755
v 0.24599829 -0.13536362 0.01771466
v 0.43137926 0.08864152 -0.12696487
v 0.15788206 -0.14397469 0.09090972
v -0.20370954 0.12949960 -0.17399162
v 0.33104235 0.06523255 -0.21328187
v 0.26356173 -0.09303225 -0.30924979
v -0.46800765 0.09698424 0.21393919
v 0.63083595 0.03209880 0.01200991
v -0.38839349 0.14195579 0.04870804
v 0.49386823 0.21610965 0.10983413
v -0.22821327 0.03954367 0.22062784
v 0.56040603 0.05902785 -0.16784668
v 0.39196458 -0.17831415 0.17500663
v 0.34164974 0.01493622 -0.04203756
v -0.27832937 0.09691013 0.14529860
v 0.08150010 -0.16054556 0.31582481
v -0.30714163 0.08988705 0.12210207
v 0.10238200 -0.04657243 -0.01687658
v -0.41050923 0.04998884 -0.11299852
v -0.22612885 0.01428810 0.08056875
v 0.62528640 0.11361113 -0.12298648
v 0.57019752 0.01640422 -0.04022449
v 0.61459595 0.05961162 0.01522623
v -0.23669475 -0.02841130 0.11354621
v 0.04342707 0.09348924 0.10744456
v 0.17855455 -0.27609739 0.19411889
v 0.60830563 0.04881369 0.02882122
v 0.12376317 -0.25897482 0.22171256
v -0.28694278 0.02142218 0.36879471
v -0.51966256 -0.00777449 -0.37899932
v 0.04504357 -0.21487585 0.34761629
v -0.12614733 0.05276918 0.03521369
v 0.56001264 0.03180507 -0.18927340
v 0.45592213 0.03032530 -0.19724669
v -0.39841351 0.09590685 0.25285310
v 0.06068419 -0.14667721 0.13680741
v -0.46061203 0.08145735 0.22204813
v -0.00055432 -0.01102653 0.02036003
v -0.28488821 0.17293471 -0.09584338
v -0.38602480 0.10716391 0.04219121
v -0.20473844 0.03926587 -0.08120212
v -0.18559432 0.19419786 -0.07171477
v 0.52446443 0.08532842 -0.03813904
v 0.51473755 0.08919920 -0.04223168
v -0.43407643 0.05120248 -0.18052173
v -0.48468995 0.08026708 0.04761298
v -0.00494632 -0.02298769 0.01668095
v -0.22261792 0.28348815 -0.12373047
v 0.35922194 -0.05459540 -0.29528251
v -0.18184623 0.12184609 0.09918655
v -0.38332701 0.09481610 0.21650836
v 0.38692713 -0.03685127 0.01216897
v 0.19504058 -0.13698652 0.13107206
v -0.35162640 0.06004705 0.33844352
v 0.65791625 0.02643528 0.00204967
v 0.56841636 0.08369182 -0.14852253
v -0.40901729 0.13760164 0.07173403
v 0.38873768 -0.12892993 0.13751686
v 0.32945806 -0.16239472 0.20060705
v 0.63523036 0.10802440 -0.15508175
v -0.05552385 -0.07633080 -0.03316702
v 0.43672940 -0.01628449 -0.17294143
v -0.37493932 0.03146785 0.29888058
v 0.51462740 0.23488063 0.09989004
v 0.16345760 0.01526751 -0.31183282
v 0.53232431 -0.00043600 -0.12588574
v 0.60669971 0.05593382 -0.16506945
v -0.32156309 0.07457756 0.03979342
v 0.19543125 -0.17637262 0.23118992
v 0.45638916 0.06887202 -0.14817157
v -0.36915526 0.03563587 0.18164955
v 0.29034606 0.04842064 -0.33273259
v -0.30909544 0.10120173 0.26077682
v -0.08332029 -0.11509767 0.27333921
v 0.62843645 0.08081801 -0.18641810
v -0.13134682 0.03490409 -0.12486959
v -0.39758658 0.02442986 0.06131576
v -0.44559589 0.05078891 0.02405683
v 0.60005164 0.09244919 -0.12582284
v 0.17862177 0.03809553 -0.35287309
v 0.30087513 0.03582126 -0.20939767
v 0.48487237 0.18211184 0.11334658
v 0.35013422 0.04426107 -0.29030219
v 0.48259586 -0.02051336 -0.03114882
v -0.54110479 0.05358838 0.00127649
v -0.32763594 0.10543947 0.23748572
v -0.26774764 0.26746947 -0.08385528
v -0.49073592 -0.00053529 -0.35788962
v -0.17025740 -0.02559452 -0.11116327
v -0.14488547 -0.03488806 0.29523236
v 0.36733836 -0.03579587 -0.16458030
v 0.23622380 0.01258484 -0.22088999
v -0.12472692 -0.07417643 0.07143292
v 0.08044359 -0.22820134 0.24944846
v -0.07023865 -0.05661225 0.19501856
v 0.48283988 0.06658818 0.03833621
v -0.43394697 0.12602350 0.12513934
v -0.49050862 0.05980945 -0.17668946
v 0.37220001 0.03757550 -0.04483787
v 0.53525287 0.07565376 -0.00503639
v 0.49224973 0.00964962 0.00855253
v 0.52301037 0.06696494 0.02032356
v -0.11191514 -0.04542136 0.20297456
v -0.19332114 0.07790454 -0.08277929
v 0.30873227 -0.18625498 0.23253456
v 0.49479866 0.02507713 -0.04696190
v -0.57737553 0.03682324 -0.24334392
v 0.51708031 0.23355529 0.12834470
v -0.17920929 -0.06300507 0.20973429
v -0.05982363 -0.09028110 0.17893070
v -0.11082000 0.09902763 -0.22160189
v -0.44404173 0.02028307 -0.28300509
v 0.04577714 -0.19764587 0.22420125
v 0.39146006 -0.04762244 -0.12773649
v -0.44307441 0.11489211 0.24484059
v 0.21224053 0.01772639 -0.37388515
v -0.46453613 0.10913295 0.21572758
v -0.23484854 0.00223549 0.40402287
v 0.47719103 0.06128472 -0.04119322
v -0.18127057 0.02848637 0.23875271
v -0.47781199 0.11806342 0.09286131
v 0.09961832 -0.21706045 0.32262859
v -0.30673441 0.07156092 0.03876334
v -0.37084782 0.02811322 -0.30122983
v -0.03456542 -0.11848688 0.15874851
v 0.61840379 0.02619502 -0.14400919
v 0.66749620 0.08233288 -0.11778571
v 0.38178128 0.22773650 0.01982343
v -0.45608959 0.07537739 0.04320006
v -0.55494738 0.01438154 -0.33415052
v -0.48697433 0.09004223 0.04336313
v 0.33855528 0.02479854 -0.02183720
v 0.55791581 0.04700742 -0.18606454
v -0.00422779 0.01561731 -0.24958286
v -0.23849915 0.10837573 0.15111354
v -0.16606469 0.08421743 0.05368933
v -0.17519075 0.14383142 -0.05481764
v -0.46209604 0.04647669 -0.14432026
v 0.61581707 0.09704955 -0.16393852
v 0.35448486 -0.15277214 0.17145340
v -0.36053941 0.13225436 0.05497241
v 0.12220013 -0.24513218 0.22594765
v -0.29533887 0.05670366 0.05623795
v 0.44931129 -0.15018946 0.20019197
v -0.57562959 0.05520378 -0.04614368
v 0.50912368 0.00622344 -0.13097270
v -0.20893753 -0.03051391 0.19394490
v 0.05264754 -0.15624517 0.09923439
v -0.14530906 0.19370113 -0.13539943
v -0.01090124 0.08173263 -0.23587686
v -0.55281007 0.09526064 0.09718817
v 0.41082126 -0.03897386 -0.17301786
v 0.44765317 0.09037504 -0.17177920
v -0.18544246 -0.02155823 0.24749631
v -0.15349315 0.23203918 -0.11682190
v 0.61621237 0.06068693 0.01004061
v -0.17848349 -0.08136794 0.30118060
v 0.54911339 0.05943826 -0.16590384
v 0.33184189 0.04168694 -0.31207541
v 0.29081064 -0.06571157 -0.32537428
v -0.08272311 -0.15715399 0.30472612
v 0.56702572 0.04881123 -0.11464690
v 0.37798706 0.05834709 -0.23648117
v -0.26360169 0.07258379 0.35003120
v 0.06886488 -0.19179392 0.33283135
v 0.01126881 0.01807182 0.15560678
v -0.51928902 0.05429503 -0.02899274
v -0.32548437 0.01019607 0.34933877
v 0.32598770 0.02728271 -0.19555709
v -0.36678931 0.00792705 0.30668131
v 0.34791151 0.05809501 -0.27655059
v 0.47213539 0.01125641 -0.06583044
v 0.44612467 0.06867410 -0.03850627
v 0.41532817 -0.03500278 -0.07853326
v -0.15810436 -0.04981560 0.39265856
v -0.09459458 0.06833586 0.02848940
v -0.59988791 0.04312065 -0.30583075
v 0.41524705 0.00480806 -0.19204959
v -0.07999782 0.19408099 -0.15755782
v -0.22638953 -0.05801579 0.15301897
v -0.12395364 0.16840574 -0.02683152
v -0.05976382 -0.12772959 0.18302029
v 0.41387856 0.08255586 -0.08426403
v 0.01304965 -0.11633522 -0.14124323
v 0.50409985 0.05535529 0.01061215
v -0.37074041 -0.02760510 -0.41194841
v -0.04589743 0.22331885 -0.10768527
v -0.31327230 0.07505626 0.21490927
v -0.14326513 -0.09012794 0.10328761
v 0.60765082 0.05923321 -0.03301450
v -0.15926102 0.14888579 -0.24864718
v 0.63893163 0.05210286 -0.11488284
v 0.48011377 0.01866272 -0.18874998
v 0.41960156 -0.12683147 0.17059547
v 0.65266716 0.10553803 -0.13404448
v 0.40080917 -0.00989824 -0.23734777
v -0.06342191 0.10926411 -0.16287981
v 0.30717409 -0.18840390 0.18800688
v -0.05811215 -0.09198432 -0.12303840
v -0.20028184 0.08922216 0.01333265
v 0.65651637 0.06687219 -0.13444129
v -0.25991312 0.03361264 -0.03083204
v -0.08789602 -0.11755192 0.18842085
v 0.53842407 0.11269222 -0.05585352
v -0.38865525 0.09217560 0.08755995
v 0.05996118 -0.19019392 0.28372201
v -0.30472964 -0.02280459 0.10499781
v 0.52091372 0.00175848 -0.06449910
v -0.21110550 -0.04182588 0.19163075
v -0.28705770 0.05311770 0.15495586
v -0.51805186 -0.03226058 -0.42152223
v 0.39249280 0.03665763 -0.01059702
v 0.54918486 0.04896037 -0.14614588
v -0.20044075 0.08993521 -0.10292897
v 0.30963504 0.06396605 -0.33265242
v -0.10856958 0.05883777 0.02610044
v 0.00754659 -0.03054343 -0.03094766
v -0.59056932 0.04735774 -0.10125068
v 0.67203051 0.04237591 -0.10599701
v 0.44708043 -0.01211436 0.01321548
v -0.45256120 0.05214377 0.11170702
v -0.14977401 0.02564132 0.00878914
v -0.51331198 0.03010084 -0.20979543
v 0.09492038 0.08511528 -0.00715639
v -0.43715286 0.11195020 0.16905238
v 0.59780186 0.04181726 0.02188943
v -0.49450272 0.05173312 -0.14893320
v 0.59445405 0.06687394 -0.02523138
v -0.48780236 0.04116078 -0.29804921
v 0.06467703 0.04398710 -0.10316731
v 0.54576457 0.02907650 -0.19417286
v -0.47638047 0.01918571 -0.04995755
v 0.32491922 0.07785887 -0.33950996
v 0.28257480 0.04011485 -0.11187574
v 0.49715644 0.07821688 -0.10547525
v -0.28246409 0.13861313 0.13779686
v 0.58288479 0.13687272 -0.05446110
v -0.20624602 -0.04058653 0.12822881
v 0.52178258 -0.01732831 -0.12173250
v -0.22270975 0.01121029 0.08789994
v 0.42415166 -0.01063409 -0.22266440
v -0.44969928 0.17373374 -0.01137118
v 0.59161043 0.07069351 -0.04078350
v 0.06213117 -0.19278127 0.33168092
v -0.35317621 0.07513069 0.30132660
v 0.57756001 0.06801832 -0.15388800
v -0.18767415 0.07963324 -0.01555105
v -0.18055111 -0.09985614 0.31641412
v 0.44316319 0.00746388 -0.16966255
v -0.10911320 -0.12200451 -0.02045279
v 0.57957757 0.10672405 -0.14246337
v -0.10761371 -0.09613577 0.15873162
v 0.47563237 0.09801099 -0.16464600
v -0.31936723 0.07766205 0.08504851
v 0.68951428 0.06202091 0.00661287
v -0.42533511 0.03500459 -0.24082565
v 0.08269300 0.05327986 -0.22928141
v -0.51277292 0.08408049 0.17435433
v 0.37604538 0.17596489 0.04144046
v -0.24752852 0.14166892 -0.02675696
v -0.04491594 -0.14571580 0.22584230
v -0.28202531 0.01904812 0.09504531
v -0.00401466 0.04542285 0.11350346
v 0.02052183 0.02512982 -0.06799586
v 0.60022229 0.04084771 -0.11471647
v 0.06108335 -0.03612927 -0.02140456
v -0.25484878 0.15238550 -0.09945466
v -0.25988096 0.18193784 -0.16180801
v -0.46101862 0.12742628 0.21930206
v -0.27786016 0.00405546 0.24787368
v 0.01068319 0.09211047 -0.14759380
v -0.29056165 0.14135240 -0.11875328
v -0.22411987 0.20286818 -0.01219769
v -0.49842635 0.04963373 -0.12542245
v 0.03198440 0.04436779 -0.02176969
v -0.15474120 0.02841780 -0.04934356
v 0.07843232 -0.13680772 0.05507907
v 0.08873808 0.03129199 0.03708035
v 0.60520262 0.07410834 -0.17814776
v 0.29475006 0.03101510 -0.13609131
v -0.09953161 -0.04581285 0.27692693
v 0.24825422 -0.00230116 -0.30481577
v -0.42248777 0.03551561 -0.04992989
v -0.01976585 -0.01684624 0.03265236
v 0.50540280 0.01892882 0.02331906
v 0.52090514 0.06411980 -0.20079760
v 0.32353157 -0.01908811 -0.28232297
v 0.42342794 -0.05789823 -0.03798720
v 0.53454679 0.03023343 -0.02458473
v 0.44618684 -0.09513670 0.14766259
v -0.35274199 0.09932412 0.04500710
v -0.45191848 0.13225964 0.17842653
v -0.55499917 0.10434610 -0.00215355
v -0.27290246 -0.00614119 0.14450318
v -0.43600023 0.17860128 -0.09568255
v -0.46013001 -0.00879051 -0.37443268
v -0.18494239 0.19220790 -0.20290253
v -0.20919493 0.23513202 -0.04650509
v 0.45850077 0.04042375 -0.22119783
v 0.01888794 -0.19117023 0.35385865
v 0.41295540 -0.01754729 -0.18005475
v 0.43715405 -0.03805491 -0.05751505
v -0.01741184 0.03461646 -0.24346505
v -0.07201354 -0.02299044 0.21485138
v -0.24092825 0.14696339 -0.01339428
v 0.43910307 0.05381514 -0.21125132
v -0.16021541 0.00744845 0.26407552
v -0.31454432 0.02730535 -0.12010379
v 0.47881833 0.23723906 0.08190188
v 0.51784998 0.18030475 0.12592784
v -0.26220742 0.09366221 0.13691218
v -0.30242774 0.04565327 0.23841083
v 0.43441349 0.00762595 -0.18074369
v -0.33910248 0.08590487 0.00869641
v -0.43783948 0.07762058 0.09551288
v -0.08515556 -0.04690544 0.26820695
v 0.13687661 -0.01248251 -0.23323286
v -0.16220579 0.21874574 -0.24761413
v 0.28875059 -0.01715010 -0.04859186
v -0.30539596 0.16376960 0.08221968
v -0.25000715 0.03362563 -0.01394731
v 0.55240440 0.03548807 -0.04889524
v -0.43436307 0.04124025 -0.21881591
v -0.30891454 0.06968726 0.21272670
v 0.49576050 0.10194948 -0.17591240
v -0.20849890 0.02509807 0.26447856
v 0.48243439 0.18880761 0.11316639
v 0.36288819 0.05532527 -0.24124478
v 0.13651980 -0.23420921 0.21266170
v 0.54978746 0.10591748 -0.17359087
v -0.15848175 -0.04126161 0.22130989
v 0.40017867 0.01951382 0.02012965
v 0.64167577 0.05801608 -0.00516139
v -0.34115770 0.07494685 -0.04419815
v 0.56680036 0.08215904 -0.15207398
v -0.16954774 0.19042382 -0.22563460
v -0.38697982 0.20034106 -0.03788537
v -0.38833308 0.02207240 0.25520712
v 0.22702801 -0.00461243 -0.19716713
v 0.10518876 -0.18538772 0.26858741
v -0.12702337 0.16396445 -0.13029966
v 0.34762225 0.04312027 -0.12054390
v 0.45637280 -0.03256152 -0.07078674
v -0.11047992 0.08574535 -0.25826302
v 0.53129083 0.22626910 0.13245784
v 0.28602982 -0.05535482 -0.22775970
v 0.22059628 -0.19381307 0.26478997
v -0.39222082 0.03129661 -0.03159405
v -0.20836329 -0.00265098 0.12554403
v -0.21007201 0.02469325 0.03179061
v -0.11781275 -0.08450946 0.19910778
v -0.29822475 0.02736434 0.20866950
v 0.32460594 -0.07990795 -0.31950316
v -0.59549451 0.03322276 -0.26780659
v 0.20150721 -0.20281059 0.21939158
v -0.18292856 -0.02695930 0.26607454
v 0.25249296 -0.11165293 -0.13847688
v 0.59703672 0.11742231 -0.04435902
v 0.61068392 0.05299431 0.02736012
v -0.15304375 -0.02260558 0.05352336
v -0.05842577 0.04486449 -0.10297597
v 0.28956985 0.06965780 -0.33958727
v 0.51931983 0.02070085 -0.11467071
v 0.55190295 0.03173561 -0.03786715
v -0.22302686 0.05499883 0.19884631
v -0.20577431 -0.05027458 0.14694938
v 0.25635865 -0.04336739 0.00672564
v -0.31511566 0.02602217 0.34911978
v 0.61331457 0.10079440 -0.17401326
v -0.02783266 -0.05181921 0.16416238
v 0.50025231 -0.05999549 0.15102020
v -0.35841820 0.03155857 -0.24382727
v -0.18748240 0.04350017 0.23315921
v -0.24169174 -0.02554968 0.23544967
v 0.30771205 -0.16075794 0.22487348
v -0.45255065 0.04792123 -0.17995569
v -0.38007581 0.07371007 0.31024781
v -0.06385645 -0.11667287 0.23282218
v 0.59113592 0.05179300 -0.01423680
v -0.15158340 -0.06350923 0.14014804
v 0.30673444 -0.10891221 0.01254897
v -0.21259722 0.16561867 -0.13231535
v 0.60167938 0.03529615 0.01569298
v -0.36512789 0.03676707 -0.02807160
v 0.62576693 0.09731348 -0.02985869
v 0.18224770 -0.16979431 0.17705184
v 0.29377839 -0.18931116 0.16264565
v 0.41550168 -0.02585771 -0.21952891
v 0.44492340 -0.00580033 -0.13435824
v -0.54634643 0.10404834 0.02847143
v 0.41285831 -0.17353550 0.20750432
v -0.24724759 0.02616158 0.25196674
v 0.31219345 0.05272868 -0.30807483
v 0.58850843 0.07563569 -0.07602602
v -0.55411166 0.04762907 -0.04695822
v -0.06965314 -0.12362045 0.32325488
v 0.03612939 -0.14588566 0.15607086
v -0.10890985 0.18290740 -0.08333258
v -0.18263705 -0.03892034 0.28712127
v 0.50802839 0.19758226 0.11503688
v 0.16930899 -0.28244844 0.19114178
v -0.03410926 -0.01737279 0.01596020
v 0.42209721 0.00851554 -0.18749921
v -0.13539751 0.13994333 0.02602096
v 0.16245653 0.01745325 -0.08794565
v 0.44501913 -0.01840942 -0.20437445
v 0.09256621 0.04024485 0.02708016
v -0.29643291 0.00777911 0.15640062
v -0.18387097 0.02765524 0.01973597
v -0.32848269 0.19012111 0.05935733
v -0.04559141 0.03568047 -0.24185722
v -0.33419776 0.11405644 0.09939905
v 0.58432943 0.02294436 -0.11836003
v -0.02881145 -0.22297141 0.25397423
v -0.07273185 0.23082253 -0.14449164
v 0.41250810 -0.12220773 0.19433005
v -0.06295247 0.08375889 -0.14873061
v -0.30637440 0.07826090 -0.14294764
v -0.18994254 0.01189536 0.09989700
v -0.24109070 0.16843818 0.14720729
v -0.04976711 -0.12107974 0.29568374
v -0.30495644 0.08648190 0.28516072
v -0.12152593 -0.04576257 0.25013894
v 0.23541993 -0.18228598 0.25629774
v 0.10695615 0.11685318 -0.02032463
v 0.62440532 0.10073064 -0.17700104
v -0.23121718 0.14924367 0.13184673
v 0.54561013 0.04938332 -0.18721108
v 0.39595145 -0.04671486 0.01894009
v -0.33771518 0.14842924 0.11288705
v 0.27416039 -0.07452514 -0.16783032
v -0.27024671 0.02963248 0.06933892
v 0.50587660 -0.01752178 -0.06816520
v -0.38180324 0.03851944 -0.27304983
v -0.54372996 -0.03523123 -0.42632633
v -0.06223307 0.06560540 0.02747038
v 0.09580737 -0.07744911 0.23581381
v 0.05120677 -0.00750907 -0.25466159
v 0.46011749 0.01083729 -0.21024799
v 0.55983752 0.08771242 -0.13798270
v -0.06350721 0.09843386 0.13024148
v 0.04204337 0.03857529 -0.19682223
v -0.21573102 0.01667130 0.25108984
v 0.54591316 0.05048758 -0.18560244
v 0.62718916 0.06233342 -0.16722381
v -0.53841895 0.09386942 0.09500504
v 0.60596144 0.03917806 -0.02752789
v -0.28069994 0.17842652 -0.14612526
v -0.34434807 0.05422046 0.33304417
v 0.39835730 0.18229052 0.05253658
v 0.44115368 -0.14569807 0.17501061
v -0.24959905 0.06057419 -0.00280247
v -0.37808377 0.12164225 0.09803900
v 0.31359175 -0.01944776 -0.02678870
v -0.36635202 0.12794109 0.05392463
v -0.06114108 0.25177962 -0.21136951
v -0.51092982 0.06564113 -0.10832338
v -0.18080765 -0.06481010 0.21468529
v -0.11787504 -0.09871307 0.17655393
v -0.00395119 -0.01324382 0.11818774
v -0.53594631 0.05930123 -0.05958736
v 0.40314957 0.18375090 0.03315859
v -0.39178970 0.03173387 0.07946169
v -0.59323269 0.05270587 -0.09557497
v -0.49445957 0.02557498 -0.18240941
v 0.37449458 -0.02886287 -0.22279143
v 0.33982924 -0.09156039 -0.09861417
v 0.01387331 -0.03865552 0.15306535
v 0.04192387 -0.13642085 0.12363744
v 0.25054252 0.02292646 -0.23368904
v -0.11344829 0.13332736 -0.18118110
v -0.08481604 -0.04410270 0.24037750
v 0.41176665 -0.12865061 0.13406892
v 0.36303663 0.04069209 -0.07490368
v 0.53182864 0.02642808 -0.05369988
v 0.00943742 -0.11745914 0.19523372
v 0.01090807 -0.17812508 0.26473147
v -0.27473938 0.07087889 0.04795890
v 0.15395832 0.00292990 -0.15039043
v 0.44400740 -0.02614016 -0.11737418
v -0.02477693 0.17734392 -0.07046089
v 0.53522849 0.03816958 -0.15747114
v -0.35209024 0.16477481 0.07086421
v -0.19637969 0.05602273 -0.06167512
v 0.42678195 -0.17452039 0.19066946
v -0.27954936 0.01201457 0.16412891
v 0.27451587 0.04838689 -0.30807471
v -0.43572026 0.05627307 -0.11821920
v 0.17079248 -0.17526254 0.28467077
v -0.19314530 -0.00915593 0.14628568
v -0.10045868 0.04292017 -0.13414094
v -0.10396220 0.05194397 -0.16643026
v 0.43819034 -0.12536927 0.14701240
v -0.31251359 0.04479600 0.14722334
v 0.64257336 0.11086294 -0.01299482
v 0.48986852 0.12036373 -0.08160464
v 0.33050382 0.02201778 -0.24471851
v -0.10682900 -0.04304848 -0.23904479
v 0.43742964 -0.13843420 0.16497883
v -0.43235993 0.11314369 0.18084086
v -0.06529158 -0.17310315 0.29407641
v -0.17135884 0.02291927 0.38400859
v -0.41216889 0.09783511 0.06549951
v -0.30016023 0.06596214 -0.01314721
v -0.17647287 0.07888001 0.18416761
v 0.34677386 0.04971354 -0.27132046
v -0.27043733 0.00996298 0.09433447
v 0.26917654 -0.14553010 -0.03529975
v -0.22193325 -0.05370586 0.19089612
v 0.04486790 -0.20275737 0.30541697
v 0.34875935 -0.05255811 -0.25270981
v -0.10866396 -0.05810853 -0.17468676
v 0.61322767 0.01825976 -0.00244573
v -0.13794023 -0.00444809 0.00223301
v 0.50850290 0.11782539 -0.06914124
v 0.03137415 0.12450419 0.01101326
v 0.67473662 0.09579113 -0.04306738
v 0.44697630 0.15178192 0.06446639
v -0.00689685 -0.15013532 0.17153114
v -0.07800727 0.17437026 -0.05418494
v 0.33050951 -0.17351243 0.18242884
v 0.43257800 0.19655564 0.05915409
v -0.11258246 -0.11895308 0.37940469
v -0.03434843 -0.14238018 0.35813969
v 0.59461910 0.09091799 -0.04812991
v -0.12507820 -0.07268887 -0.02020297
v -0.60628104 0.07581528 0.01610363
v 0.06757084 -0.19379477 0.28818631
v -0.06695887 0.07779667 0.04841632
v 0.33873647 -0.16779733 0.15457121
v -0.23507348 0.13509636 -0.00579160
v -0.19550055 -0.06654960 0.28425950
v 0.57175851 0.07581076 -0.14152747
v 0.45049864 0.03415732 -0.14215676
v 0.00067529 -0.02021337 0.05899945
v -0.25840163 0.10967907 -0.03087589
v 0.59833688 0.05578649 -0.05545356
v -0.49623474 -0.02554344 -0.40191501
v -0.08726816 -0.10639493 0.21587281
v -0.17276566 0.12712973 0.17299840
v 0.04860263 0.12101683 0.01321584
v -0.26655436 0.05050385 -0.06876651
v 0.59887725 0.04371279 0.01187671
v 0.39679614 -0.15659420 0.19047946
v -0.23355180 -0.03067130 0.29365927
v -0.02591604 0.11190148 -0.31544447
v 0.46125787 0.00563410 0.01168742
v 0.47611824 0.17542784 0.10045591
v 0.12667240 -0.17767745 0.23657876
v 0.19143762 0.00151984 -0.29594570
v 0.56790578 0.01369185 -0.02356974
v 0.53019029 0.02316855 -0.19071510
v 0.24247259 0.04988253 -0.40371585
v 0.33771878 -0.15403646 0.21637742
v -0.07774696 0.00558534 0.05816595
v 0.41139659 -0.14843166 0.15238908
v 0.10993725 -0.25562689 0.23379187
v 0.22720848 -0.15622869 0.15295647
v 0.38401136 -0.02880549 -0.21811730
v 0.43453789 0.06073084 -0.18066694
v 0.56188530 0.08758938 -0.11323825
v -0.05640671 0.03280178 0.02821538
v -0.23300150 0.21443532 -0.00683963
v -0.54893965 0.04780264 -0.24653432
v 0.28528497 0.13347960 0.02647972
v 0.01782892 -0.15092027 0.06099001
v -0.21429732 0.13517097 -0.10042919
v 0.39519489 0.07678515 -0.20742303
v 0.54832643 0.04037831 -0.05286457
v 0.62409127 0.10488804 -0.12480238
v 0.14974530 -0.07979088 -0.23353121
v -0.31723663 0.15270495 -0.00740443
v -0.43485129 0.11546879 0.16253975
v 0.19548738 -0.13517249 0.22815464
v -0.18349922 0.05821154 -0.29994506
v 0.19464156 -0.18063228 0.29485148
v 0.34159258 0.04316942 -0.18492438
v 0.16154754 -0.10734452 0.23262474
v -0.56473136 0.05717212 -0.27927530
v 0.65160012 0.03697558 0.00409112
v -0.11508235 0.20694655 -0.10596345
v -0.44643971 0.03243753 -0.21412402
v -0.01891965 -0.17644721 0.26056191
v 0.30171528 0.02441683 -0.03590639
v -0.17577636 0.18428640 -0.11487779
v 0.55032969 0.30197310 0.14593405
v 0.37108287 0.02870049 -0.03482121
v -0.34032750 0.07497309 0.16516799
v 0.67465585 0.04048442 0.00714097
v -0.06819907 0.01728764 -0.04681934
v 0.44521871 0.06795244 -0.05812275
v 0.63964349 0.12069497 -0.11525881
v 0.19191846 0.00817777 -0.28474340
v 0.31125239 -0.07894992 -0.31396613
v 0.59753561 0.02083816 -0.01086781
v 0.18178286 0.06389916 -0.40290320
v -0.13492014 -0.09854332 0.18525541
v 0.26223156 0.05428377 0.04506776
v -0.39956397 0.01748991 -0.26807415
v -0.14613959 0.13817784 -0.01282471
v 0.14490537 0.02612856 -0.21299268
v -0.02844557 -0.08664325 0.18039878
v -0.03891012 0.05340949 0.17842108
v 0.51545799 0.10620795 -0.11018257
v -0.11766139 0.12301081 0.12384721
v -0.42409429 0.00699931 -0.35076106
v 0.01210085 0.04258861 -0.14672254
v 0.54753268 0.08072959 -0.02300409
v 0.61599064 0.09762755 -0.01438919
v 0.45798558 0.06940930 0.01577502

