# https://github.com/mikedh/trimesh
v -0.03390700 -0.18329528 -0.55941778
v 0.09769732 -0.38885638 0.03278464
v -0.14690030 0.24166900 -0.15174073
v -0.10527980 -0.32400525 0.50282186
v -0.14789806 -0.22864568 0.17020687
v -0.20691474 0.30691957 -0.02889490
v 0.20379791 0.32792509 0.51061857
v 0.24022987 -0.30141446 0.42227128
v -0.15820828 0.27328169 0.23929533
v 0.12048359 -0.30440670 -0.03373814
v -0.23234650 -0.12235255 0.35817361
v -0.37838593 0.28336814 -0.03132610
v -0.22908323 -0.08470405 -0.45071763
v -0.22023280 0.14484325 0.34878340
v 0.39912656 0.37257171 0.14775683
v -0.26417568 0.20453657 -0.48778802
v 0.03247593 -0.16988799 -0.75209314
v -0.32898268 0.32259464 -0.29152381
v -0.11082083 -0.21700953 0.19973491
v 0.39009124 -0.06276435 0.51521665
v -0.11846873 -0.02332631 0.52298564
v -0.38194653 -0.04518376 -0.52862471
v -0.52576113 0.00625160 -0.38818863
v -0.27801618 0.08496825 -0.52721280
v 0.08592556 0.25010559 -0.18972449
v 0.48428088 -0.25064397 0.12344211
v -0.28908011 0.25023559 -0.13893384
v -0.12761547 -0.03902251 -0.62211198
v 0.09325262 -0.33089626 0.39608687
v 0.42476535 -0.03355849 -0.26161560
v -0.04102114 -0.15477072 -0.22070757
v 0.73629546 0.06732537 0.33825853
v 0.23115198 0.29207119 0.51406479
v 0.57917655 0.07614950 0.47324732
v 0.36576208 -0.32535604 0.17313467
v -0.07013004 0.30961734 0.41914743
v -0.48302835 -0.11896080 0.06177846
v -0.20965914 0.05214132 0.34945431
v -0.43091327 0.38223842 -0.22639401
v -0.42472482 0.03760188 0.23093462
v -0.32161057 0.22838263 0.43194762
v -0.30351183 0.06549484 0.30524555
v -0.37935835 0.38775843 -0.21795191
v -0.30318576 -0.35711351 -0.54828960
v 0.40072042 0.10189530 -0.27777559
v 0.01684286 0.17979069 -0.22787984
v -0.09545151 0.27973065 0.29354984
v 0.21286830 -0.24201548 -0.14932390
v 0.21741647 0.31473631 -0.05699068
v -0.26432815 0.25549638 -0.30589768
v 0.62433046 0.13776705 0.21834403
v -0.30274090 0.28048483 0.43086278
v 0.22917679 -0.03459984 -0.31489632
v -0.33165029 -0.37012109 -0.63456994
v 0.52531707 -0.12613414 0.39585462
v 0.12085880 -0.29941249 0.46092701
v 0.31551892 0.38328964 0.01412541
v -0.17905031 -0.06827737 -0.63228464
v -0.17754437 0.31624955 0.06319513
v -0.03768472 0.36144537 0.50828397
v -0.21161480 0.09686515 0.40188846
v 0.40924221 -0.21016483 0.45376068
v 0.29900461 -0.10936223 0.51360583
v 0.39411524 0.34867817 0.30104288
v -0.57275671 0.16981493 -0.25349978
v -0.02521911 -0.14684023 -0.52957308
v 0.09291000 0.08240494 0.48316523
v 0.02326857 -0.16252720 -0.62973100
v 0.61793357 0.07957033 0.05174560
v -0.06669198 0.26543534 -0.10274756
v 0.28399619 -0.29678994 -0.02464835
v 0.43465096 0.32691732 0.21050227
v -0.43766949 -0.17397951 -0.00918255
v 0.62988645 0.00851342 0.45112300
v 0.17502844 -0.27524912 -0.05411263
v 0.29758254 0.35239697 0.40390843
v -0.44752616 -0.16283441 0.03518633
v 0.71342874 0.04103429 0.38469627
v 0.31396976 0.17286582 -0.28661335
v 0.12404016 -0.28357297 -0.65037316
v 0.13185672 0.08835924 -0.30390790
v -0.10246930 -0.20708801 0.21936315
v 0.53395873 0.15147677 -0.14213799
v 0.12705468 -0.23727413 -0.14854440
v -0.11314702 -0.04686513 -0.63615912
v -0.43892151 0.17921627 -0.51376915
v 0.02160165 0.06117918 -0.27420929
v -0.44012004 0.22156090 -0.49727631
v 0.56104004 -0.17561144 0.12744805
v 0.14508697 -0.24619637 -0.14691611
v -0.36899519 0.27645037 -0.46642244
v -0.50003767 0.20814539 -0.14556326
v 0.22080897 -0.25178751 -0.12587978
v -0.11157332 0.18491767 -0.22102754
v 0.30489242 0.03336379 -0.31848264
v -0.18481012 0.04840142 -0.36160573
v -0.49620020 0.33877480 -0.17901127
v 0.30539095 -0.35736802 0.14541228
v -0.52003247 -0.00039895 -0.43982193
v -0.10465357 -0.27347958 0.03723605
v -0.34641111 -0.05063900 0.27742636
v 0.43638244 -0.17859116 -0.15263553
v -0.03650515 0.07878035 -0.26861998
v 0.06054119 -0.15824792 -0.55654502
v 0.02816769 -0.18105742 -0.66451520
v -0.26845634 -0.13490650 -0.25926828
v -0.20351633 -0.08474354 -0.44723734
v -0.16384257 -0.01511622 -0.31295314
v -0.28478646 -0.15706632 0.51078051
v -0.49505916 -0.07987463 -0.34141546
v 0.46584955 -0.15229033 -0.16130452
v 0.28472361 0.36284006 0.39658853
v -0.21695557 -0.24513809 -0.08152039
v -0.44695354 0.20952879 -0.50048566
v -0.40578055 -0.33765018 -0.65955979
v -0.28430915 -0.01007912 0.52380419
v -0.50701350 -0.08959156 0.02233467
v 0.02201777 0.38625973 0.42948857
v 0.26157081 0.24025978 -0.22800101
v -0.01770749 -0.20448330 0.47915635
v 0.49592236 -0.01800026 0.50637972
v 0.25642428 -0.07341337 0.50058758
v -0.38142696 -0.04369348 -0.52844489
v -0.46112552 0.31660801 -0.41482127
v 0.51405787 -0.19538078 -0.01223770
v 0.10226583 0.37123236 0.32150441
v 0.63223946 0.19703922 0.29259178
v 0.07701691 0.35860106 0.33396703
v -0.06894141 -0.19811004 0.25341031
v -0.53717721 -0.05197234 -0.22960469
v -0.15738927 0.02301957 -0.31463569
v -0.11378670 -0.23269729 0.14740855
v -0.51411045 -0.04622865 0.08712818
v -0.49603614 -0.11155879 0.01208246
v -0.02551115 -0.12086318 -0.60532033
v -0.37671450 0.26163068 0.14709516
v -0.25010002 0.25657117 -0.13137966
v 0.20981438 -0.36955756 0.02258628
v -0.56659752 0.20703003 -0.26459992
v -0.36609292 0.14772949 0.24966930
v -0.53453851 -0.00779957 -0.00757364
v 0.25567669 0.41690761 0.26208147
v -0.23887652 -0.03473638 -0.57780063
v 0.10233679 -0.16873892 0.47764105
v -0.34488899 0.19429189 0.48554751
v 0.05315866 0.40465477 0.14325926
v -0.43468821 -0.13214968 -0.24898449
v -0.07599575 -0.08261219 -0.27338651
v -0.53375983 0.12868975 0.00630531
v 0.19935019 0.18270220 0.47750545
v -0.01030419 -0.14015418 -0.74644536
v 0.56813163 -0.15631394 0.23634864
v 0.12682427 0.41357511 0.02188170
v 0.54650617 0.24759702 0.03095186
v 0.45839190 -0.10633493 0.46712720
v 0.23238406 -0.35963431 0.01606274
v -0.25844896 -0.16214192 -0.22250375
v 0.23111190 0.07792637 -0.31885561
v -0.02422985 -0.28091386 0.27874720
v 0.07481327 0.34705997 -0.02393830
v 0.52199417 -0.04058469 0.49184731
v -0.02513427 -0.11638966 -0.24425142
v 0.36943483 -0.32153219 0.10929089
v -0.57005286 0.21864308 -0.24566430
v 0.38296968 0.32665050 -0.06091493
v -0.36898139 -0.06141922 -0.52928883
v 0.17486638 -0.13742648 -0.27293831
v -0.36205399 -0.19994324 -0.06444834
v -0.37526214 0.34098345 -0.36426806
v -0.55981100 0.14699332 -0.32849389
v -0.41788107 -0.29433146 -0.48042700
v -0.10783851 -0.16848405 0.38410306
v -0.47416711 0.21004461 0.07419612
v -0.26098126 0.28264615 0.51547706
v -0.49767831 -0.11073983 0.01931265
v 0.05780300 -0.03371315 0.48231441
v -0.31132337 -0.15477322 -0.44756010
v 0.10720161 -0.38742173 0.27271587
v -0.48220661 0.04125744 -0.51579291
v 0.00653611 0.37827730 0.43037227
v 0.46856692 0.29297996 0.30855602
v -0.10928289 0.28841171 0.24741973
v -0.22985455 0.29444858 -0.04825719
v -0.40441033 -0.44009843 -0.62633437
v -0.47359064 0.16236332 -0.50917393
v -0.23656771 -0.24631682 -0.06881449
v 0.35981449 0.35363752 0.32482025
v 0.11583086 -0.12087553 -0.26393861
v 0.23984480 0.10890526 -0.31413040
v 0.57260209 0.07078656 -0.10308838
v -0.25148895 -0.09593456 0.36786661
v -0.10667808 -0.05737799 -0.28877097
v 0.14017554 0.41874114 0.05072440
v 0.65695941 -0.11246580 0.32904667
v -0.36941889 0.26921943 0.14054611
v -0.45764205 0.36586982 -0.35132915
v 0.38826388 -0.31098261 0.27215809
v 0.59016490 0.09933840 0.46300676
v 0.54105586 -0.19135912 0.20160261
v -0.35914686 0.01464258 0.46022794
v 0.13479508 -0.37187946 0.29560724
v -0.31763637 0.04744934 0.52004570
v 0.21105886 0.30890492 -0.09634808
v 0.04079035 -0.12204175 -0.58429456
v -0.39069903 -0.14720866 -0.28536063
v -0.37371927 0.37504077 -0.18583743
v -0.53005517 0.01552482 -0.42929649
v -0.53556710 -0.05404859 -0.24011801
v -0.55834502 -0.01070966 -0.24220245
v -0.02347944 0.26135617 -0.12533227
v -0.12848929 -0.12707302 -0.67436600
v 0.22305602 0.11839522 0.48074237
v -0.50338495 -0.04882685 -0.09564277
v 0.05875230 -0.31387287 0.43951872
v 0.69259387 -0.05788449 0.22717758
v -0.39463714 -0.15187623 -0.57520622
v -0.53205079 0.20563990 -0.16031326
v 0.45113671 -0.01584322 0.51360315
v -0.03295542 -0.18673246 -0.56378704
v 0.04211725 0.34015703 0.24799001
v 0.40360761 -0.29161406 0.05018826
v -0.15524085 0.24213539 0.51468575
v 0.11857074 -0.27133638 -0.73510760
v -0.53615910 0.00729196 0.01883633
v 0.61892998 0.12041824 0.14704497
v -0.19458391 -0.25849998 -0.05183189
v 0.61551118 0.10990479 0.05386667
v -0.20884426 -0.06711469 -0.35757208
v -0.30291182 -0.20349842 -0.13835664
v 0.34705472 0.22524664 0.51374024
v -0.08832102 -0.06828796 -0.28197366
v -0.55552065 0.12121545 -0.34078550
v -0.40635604 -0.35932899 -0.66671830
v -0.30222774 0.04163045 0.30874166
v -0.49320653 -0.10947484 0.05385565
v -0.03732859 -0.12639888 -0.62684321
v -0.42107534 -0.04271524 -0.52109355
v 0.00373992 -0.22848333 -0.14528261
v -0.08206350 -0.16370711 0.37494561
v 0.61944473 0.12004685 0.13635392
v -0.00512144 -0.27193919 -0.07756826
v -0.30268806 0.29690421 -0.03686427
v 0.39947745 -0.02245036 -0.27831346
v 0.35786039 0.28474811 0.50976974
v -0.03235425 0.20451793 0.48384702
v 0.33550465 -0.29889253 -0.00515147
v -0.11531925 -0.04704458 -0.47865194
v 0.41421518 -0.29987368 0.32200199
v 0.14545245 -0.32032162 -0.69951510
v -0.07258550 -0.25601614 -0.07420126
v 0.65446192 0.14434849 0.40542516
v -0.24681160 -0.09871186 -0.36238939
v -0.26264355 -0.23201157 -0.07967018
v -0.30674407 0.04936691 0.52089131
v -0.50441647 -0.07829220 -0.19888306
v -0.29934680 0.23025729 0.41244972
v -0.26670951 -0.13837086 -0.25013995
v 0.70415336 0.13068651 0.21355228
v 0.46820632 -0.13481386 0.41920024
v -0.44554090 -0.13354458 0.13874595
v -0.24090818 -0.08547588 -0.40256667
v -0.44368052 0.30198216 -0.43878838
v -0.06180431 0.28055564 0.22711782
v -0.42902690 0.38426259 -0.31289124
v -0.29949772 0.30080613 0.51079750
v 0.22203372 0.19380260 -0.27774611
v -0.50367779 -0.08736703 -0.01957044
v -0.04501050 0.31010690 0.02193251
v -0.52005106 0.30657849 -0.36165470
v 0.07919444 -0.23177725 -0.78401488
v 0.08156518 0.31310266 -0.04122253
v -0.22918811 0.27174419 -0.10950328
v 0.00639195 -0.13320367 -0.60386515
v 0.32540795 -0.04111722 -0.30691266
v -0.10467716 0.28475970 0.43705741
v -0.56661373 0.01135934 -0.19930579
v -0.03198241 0.34658390 0.41567990
v 0.30628958 0.40473148 0.21199720
v 0.19295006 -0.33594713 0.38366270
v 0.16837177 -0.09587592 0.47771710
v -0.31862780 0.25533473 -0.37869143
v 0.33237481 0.35579258 -0.01584957
v 0.60988355 0.01408383 -0.02237432
v 0.26678079 0.39127052 -0.00146879
v -0.09528300 -0.27133572 0.05583152
v 0.30279404 -0.22164382 -0.17942582
v 0.15470055 -0.25885269 0.52082688
v -0.30322906 0.31627354 0.01134945
v -0.31742311 0.08430051 0.50928420
v 0.08124945 -0.04936406 0.48197749
v 0.48820686 0.28883415 0.24382119
v 0.03247898 0.11462464 0.48454231
v 0.31680590 -0.32866323 0.34064013
v -0.56315100 0.10143008 -0.17522575
v -0.06788152 0.28892916 0.51373011
v 0.13573478 -0.26680234 -0.62916231
v 0.35057190 0.34451127 0.36166450
v 0.47632870 0.03714712 -0.23034905
v -0.39822355 -0.43317443 -0.60952097
v 0.17463648 -0.23100652 -0.16672733
v 0.46088764 -0.16014090 -0.15576868
v 0.62046349 0.07572299 0.07384764
v -0.32865825 -0.19455573 -0.43419629
v -0.06718124 0.23737343 -0.14804754
v -0.51218665 0.20196036 -0.15166956
v -0.00990565 -0.20404868 -0.59222597
v -0.13478151 0.28488863 -0.06924613
v 0.14998595 0.26163700 -0.20141865
v -0.41280326 -0.19669971 0.09533011
v 0.54823345 0.11820813 -0.13385671
v 0.06157593 -0.22827470 -0.79643887
v 0.37936592 -0.09135329 -0.26568666
v -0.17373511 0.30398208 0.11531961
v -0.09631455 -0.16241394 0.35931578
v 0.39180949 0.01267496 -0.28567809
v 0.13616742 -0.29808044 -0.66028845
v 0.60762030 0.17413257 0.26519218
v -0.52215838 0.30817208 -0.35326344
v 0.63833076 0.10031784 0.43864086
v -0.54371500 0.26631111 -0.34314167
v -0.31620643 -0.20863767 -0.54826671
v -0.32221544 0.28820592 0.50595665
v 0.20230104 0.09463985 -0.31351477
v -0.41958737 -0.25585333 -0.49701080
v -0.06824210 -0.09991714 -0.62464935
v 0.08349288 -0.26042935 0.52149606
v -0.43428639 0.22966185 -0.08007466
v 0.39584887 -0.29509929 0.04656767
v 0.29288465 0.20462070 -0.26758468
v -0.23835814 -0.25136489 0.12086247
v -0.01861658 -0.26378509 -0.09332536
v -0.17791212 -0.16869675 0.44570923
v 0.17065218 0.38748935 -0.02204835
v 0.31373897 -0.18326879 0.51539814
v -0.34343207 -0.22511882 -0.43598419
v 0.00702506 0.00943685 0.48500827
v -0.40574321 0.07640108 0.24988650
v -0.49392736 -0.09939442 -0.05324889
v 0.22484383 0.41700321 0.27076504
v 0.38192049 -0.14781255 -0.22624762
v -0.25722468 0.33176565 0.49561441
v -0.40101102 -0.41061038 -0.68696123
v -0.10475996 -0.19528259 0.24621747
v 0.47186768 0.10003211 0.50443876
v -0.04130530 0.28922835 0.09990232
v 0.33659381 0.20827337 -0.25401631
v 0.08113418 0.31497085 -0.03954477
v -0.31209645 -0.23469539 0.04476494
v 0.21835552 -0.13705631 0.47531328
v -0.33953926 0.03833222 0.45872879
v -0.15034933 -0.07632058 -0.29089776
v 0.22681709 -0.01052931 0.50642377
v 0.08698317 -0.29992628 0.50420243
v 0.40352517 0.18337484 -0.24539062
v 0.47956616 -0.25157344 0.11244702
v -0.09823862 -0.32539856 0.49827263
v -0.16234274 -0.22792207 -0.13402432
v 0.35762557 0.38072300 0.21791625
v -0.41315502 -0.39062011 -0.60007727
v -0.38777912 0.38872164 -0.25013262
v 0.21172701 -0.35096952 0.32105547
v -0.05127500 0.00043841 -0.27749854
v -0.00670411 0.34870261 0.07181346
v -0.07144539 0.25970873 0.37663805
v 0.36836696 0.27796420 0.50842756
v -0.28258106 -0.21014333 -0.14208294
v -0.45410806 0.20993818 -0.11910491
v -0.35224858 -0.18909514 -0.42417994
v -0.35492793 0.27717298 -0.45986035
v -0.32577208 0.27210584 0.47277749
v 0.48718244 -0.19407354 -0.08689128
v 0.02738269 0.32613203 0.51269811
v -0.07913167 0.04230487 -0.28557023
v 0.35292411 -0.22141460 -0.15091623
v 0.35111192 -0.16486368 -0.23225200
v -0.02552724 -0.15566035 0.48126885
v 0.17488497 -0.16950311 -0.23944898
v 0.24560402 0.38795039 0.35840577
v 0.49468294 -0.23641396 0.22160594
v -0.32748219 0.26176760 0.46024051
v 0.29102388 0.23267387 -0.23929736
v 0.35409018 -0.04751426 0.51331651
v -0.49945536 0.15757075 -0.49975440
v -0.05492567 -0.30507484 0.17005049
v 0.15772389 0.37143400 -0.03493559
v -0.04334590 -0.08970534 -0.25656044
v -0.31003025 0.19912113 0.42511526
v 0.42709652 0.35535920 0.14037865
v 0.70013660 0.08689597 0.39494720
v -0.06959863 -0.07206870 -0.49923643
v 0.55200458 0.20516522 0.31904641
v 0.23655465 -0.13166076 -0.27061436
v 0.15676893 -0.37765148 0.27041474
v 0.27143046 -0.19371071 0.50359768
v -0.10166389 -0.06602238 -0.47947684
v -0.31253749 -0.55974865 -0.58158720
v -0.00595067 0.32780999 0.38705021
v 0.37019503 -0.20318446 -0.16955742
v -0.42363551 -0.29455853 -0.55583924
v 0.27149504 0.41939554 0.07283002
v -0.41154507 0.01491766 -0.52822399
v -0.33255893 -0.06220735 0.27963787
v -0.34200102 -0.22614849 0.04100233
v 0.16300572 0.40974426 0.23788640
v 0.34223482 0.07018589 -0.30668488
v 0.07579698 -0.27676842 -0.05661428
v -0.17036532 0.31265065 0.08099363
v 0.12204844 -0.14903334 -0.24139254
v 0.09714222 -0.04347606 0.48155263
v -0.52591372 -0.03741475 0.07025431
v -0.40114135 -0.33585417 -0.66009074
v 0.15991455 -0.14604118 -0.26392961
v 0.51443148 0.28785074 0.12988062
v 0.25207451 0.18808937 0.47461835
v -0.45207411 -0.14536820 -0.04633618
v -0.25400555 -0.08248480 -0.51909977
v -0.45810026 0.35764179 -0.20702639
v -0.06014542 0.25310349 0.35674137
v -0.43575501 -0.14389729 0.13816057
v -0.44176167 -0.39968020 -0.62539321
v 0.58993119 0.18333377 0.28461793
v 0.34237966 -0.28443840 0.42625877
v -0.00547124 0.01302523 0.48545292
v -0.17549028 0.30621272 -0.00757917
v 0.14146641 -0.17653196 0.47694385
v 0.43510744 -0.28275925 0.24008559
v 0.39013898 -0.26379433 0.42539826
v 0.73579359 0.02517473 0.34167483
v 0.61483759 0.11721789 0.05860729
v 0.03990093 -0.25431463 -0.73494381
v 0.36903059 -0.28248632 0.00305905
v 0.02836498 -0.40164393 0.16362454
v -0.07968786 -0.21480137 -0.16982482
v 0.13969770 0.40485215 0.24258488
v -0.00843944 0.24924873 0.31595051
v -0.21128072 0.28743100 -0.06672674
v -0.26136616 0.28603035 0.17655545
v 0.05022256 -0.39983773 0.07404430
v -0.38094914 0.10179461 -0.53384548
v -0.50432700 0.33667198 -0.34612381
v -0.37341189 -0.52220356 -0.65404058
v -0.13133579 -0.16538551 -0.58969545
v -0.41080216 -0.13985750 -0.25595915
v -0.19990854 0.17842172 -0.32347447
v -0.30941784 -0.16403124 -0.46421519
v -0.32092088 -0.46712801 -0.64976519
v 0.32095274 0.18794653 -0.27485892
v -0.02243547 -0.26549405 -0.08807321
v -0.29446453 0.22941704 0.23423429
v 0.50606036 0.10944507 0.49239749
v 0.33083129 0.07199543 -0.31053486
v -0.44164214 -0.40055358 -0.66687071
v 0.28148502 -0.25455627 -0.07619762
v -0.31071782 -0.57179695 -0.58938432
v -0.50846821 0.14302805 -0.14547212
v -0.29110658 0.31570250 0.00331451
v 0.61458373 -0.07612374 0.13622281
v -0.33626869 -0.58549172 -0.66456157
v -0.32356805 0.31434983 0.06605001
v -0.15359548 -0.17564514 0.52291942
v -0.24045387 -0.06057822 0.52374709
v -0.37354401 -0.08290087 -0.53710622
v -0.22794691 -0.24506293 -0.07688436
v -0.28230998 0.25270182 -0.33010265
v -0.39717674 -0.20634726 0.04793353
v 0.27203274 0.33580574 -0.04673738
v 0.58817482 0.17496438 0.22211039
v -0.35090539 0.28620887 -0.44309747
v 0.16168347 0.39480782 -0.01336008
v 0.24630930 0.35424918 0.40759933
v 0.55246294 -0.12344402 0.40127614
v -0.12040616 -0.18806897 0.26336926
v 0.11144965 0.32026771 -0.04669083
v 0.62636483 -0.00867503 0.10290536
v -0.50625288 -0.02982502 0.10310426
v -0.32255083 0.17950763 0.44585156
v -0.22209987 0.24923353 0.23009460
v 0.58219433 -0.02976787 -0.08946472
v 0.00031522 -0.22879820 -0.71226102
v 0.07000973 0.38190997 0.44117591
v -0.02729234 0.30746573 0.38882509
v -0.48783770 0.17647225 0.10803573
v -0.44000578 -0.20400684 -0.53743225
v -0.02495618 -0.33617717 0.04804826
v 0.24602243 0.31137484 0.51246279
v 0.33144623 -0.23130380 -0.14573063
v -0.20981684 -0.09302714 -0.31683314
v -0.18545890 -0.25699431 0.01511152
v 0.41423079 0.09465344 -0.27231437
v 0.25080600 0.26265967 -0.20580623
v -0.48634553 -0.07732460 -0.16710745
v -0.01795741 0.32789204 0.10106038
v 0.59677082 0.14229418 0.44349787
v 0.34870970 0.20376509 -0.25363168
v -0.32369557 -0.46034622 -0.65148568
v -0.48410058 0.03519368 -0.51420987
v -0.43818870 -0.16268602 0.10434457
v 0.07433894 0.35763702 0.32922441
v -0.00140389 0.06529658 -0.26815674
v 0.66782075 -0.04256723 0.41112697
v -0.42837015 -0.18692458 0.06270805
v -0.21696000 0.09547448 -0.41018450
v -0.32151127 0.23222725 0.43251216
v -0.36233044 0.33639839 -0.33813304
v 0.02114556 0.38025302 0.50814497
v -0.26483777 0.21033159 0.51630861
v -0.01830650 -0.17837207 -0.74301183
v -0.21155038 -0.09548638 -0.59600657
v 0.52933240 -0.22000778 0.05415869
v -0.43520960 0.22002696 0.13645862
v -0.40331563 -0.05560034 -0.52784461
v 0.73367161 -0.03164846 0.30713919
v -0.16843612 -0.24224727 0.50413978
v -0.09294720 0.28990528 0.20736314
v -0.30803382 -0.44191492 -0.59165120
v 0.25664717 -0.33261615 0.34743881
v -0.32490826 -0.53728610 -0.70982617
v -0.41584370 0.27075371 0.01031331
v 0.52093261 -0.07066988 0.48019055
v -0.21185665 -0.16240010 0.27939445
v 0.58028370 0.20443405 0.09016136
v 0.14016470 -0.31068006 -0.73418146
v -0.17723273 0.25144464 0.27426818
v 0.26151368 -0.29810974 -0.02865860
v -0.07324332 0.26086152 -0.10895496
v -0.23696360 -0.08331858 -0.38954750
v -0.13538009 -0.23609215 0.14304094
v 0.09642104 -0.01055314 0.48198122
v -0.50784779 0.00538077 0.13003373
v -0.02325699 -0.27390710 0.29602981
v 0.02483736 -0.20802721 -0.77170467
v 0.09187382 0.42130572 0.10052039
v -0.50029594 0.14429663 0.09281874
v 0.25131565 0.38428020 0.36868009
v 0.44767052 -0.26964253 0.04525892
v 0.46004346 -0.26334190 0.04667586
v -0.32700694 0.27865237 0.50626725
v -0.33129352 0.27903512 -0.40268341
v 0.25587061 -0.25711602 -0.08797358
v -0.24169360 0.16286942 -0.47066638
v 0.07792941 -0.40890276 0.10125763
v -0.29893720 0.09370789 0.29947552
v -0.25765976 -0.21109495 0.19452828
v -0.56460565 0.18322006 -0.21635136
v -0.53082567 0.12814516 -0.03065876
v 0.21858637 0.01895843 0.50383818
v 0.54280293 -0.19291107 0.22765432
v -0.42194957 -0.07106954 -0.52266985
v 0.31106684 -0.13319230 -0.26676416
v 0.43178880 -0.28407165 0.27104414
v 0.15061179 -0.32762194 0.40878242
v -0.39414766 -0.16106305 0.17424563
v -0.39618668 -0.52505946 -0.74437004
v -0.29437718 0.05242423 0.44061905
v -0.02221742 0.35954461 0.42079073
v 0.05027147 -0.25153926 -0.66354841
v 0.41153610 0.35710049 0.19366747
v 0.14800794 -0.33393127 -0.02209490
v -0.51495427 -0.06529028 0.06557303
v 0.33821115 0.36467549 -0.00222910
v 0.45336691 0.31594220 0.17958646
v -0.46218431 0.26858756 -0.45883554
v -0.21270266 0.04801228 0.35701674
v 0.24785173 -0.18103573 -0.23004615
v 0.08297062 -0.23253532 -0.72455037
v -0.06063604 -0.24792337 0.20253450
v 0.48501709 0.29025277 0.22968742
v -0.28161666 -0.04490267 -0.53351396
v 0.20661269 -0.16949543 -0.23515126
v 0.05728472 -0.35084572 0.33179584
v -0.01814887 -0.12912682 -0.69695222
v 0.19555660 -0.23767544 0.51880050
v 0.58241051 0.17987983 0.25897804
v 0.62279081 0.01551703 0.05280385
v -0.02079530 -0.32605204 0.45779079
v -0.57374674 0.13592796 -0.20587294
v 0.72813755 -0.02126623 0.33269143
v 0.22404416 -0.28520140 0.44725621
v 0.71905851 0.04054131 0.37698603
v 0.09873443 -0.28926536 -0.68457240
v -0.17672397 -0.25943059 -0.03003438
v -0.22428271 0.09720557 0.32515174
v -0.38591528 -0.25520757 -0.44423798
v 0.47980353 -0.25072932 0.06291408
v 0.19921322 -0.26950765 -0.07286207
v 0.30262032 -0.20098603 -0.21093619
v -0.18459913 0.03590218 -0.36219469
v 0.75047219 0.07254963 0.26772425
v -0.30969885 -0.37766403 -0.59938025
v -0.52685082 0.11455524 -0.15217818
v -0.56078088 0.11210985 -0.17698765
v -0.38819394 -0.42236450 -0.54396218
v -0.23679376 -0.26004648 0.05472022
v 0.41732013 -0.01721941 0.51473349
v 0.03098135 -0.10357403 -0.54742104
v -0.06966717 -0.31148425 0.43293467
v -0.20486329 -0.17971694 -0.22427228
v -0.01440843 -0.20969221 -0.60533673
v -0.45151791 -0.01328648 -0.51482493
v -0.01396041 0.25280207 0.27639681
v 0.22824924 -0.33398324 0.36232436
v 0.60726446 -0.06348176 0.00105112
v 0.05524992 -0.29801536 0.51889199
v 0.59859174 -0.05757270 -0.03122734
v 0.60242456 -0.07540876 0.43227202
v -0.16139410 -0.23980486 -0.10998500
v 0.42915931 -0.26369390 0.00897440
v 0.07626920 -0.22829846 -0.78863770
v -0.18636923 -0.11671080 -0.61078286
v -0.35462862 -0.22087646 0.04891538
v 0.18846585 0.30741015 -0.06574594
v -0.03341300 -0.28721800 0.03067294
v -0.26999858 0.25240597 -0.31846252
v 0.24714369 -0.32856819 0.38924190
v -0.26102784 -0.16402736 0.23690633
v -0.05398291 0.28161576 0.18146819
v -0.14131470 0.29302466 0.19374134
v 0.50786597 -0.23372079 0.04713493
v -0.17238143 -0.04204654 -0.62071997
v 0.03281274 0.30874580 0.28162327
v -0.21014284 -0.16036607 -0.24357814
v -0.01414232 -0.12467110 -0.72051972
v -0.05930504 -0.23398699 0.22125863
v -0.30418333 -0.27253222 -0.55724508
v -0.17540900 -0.15322328 0.36738127
v -0.39294991 -0.40096185 -0.55461907
v -0.12286982 0.30086488 0.14378844
v -0.12716444 -0.17208335 -0.23616464
v -0.12917188 -0.09168366 -0.66958010
v -0.08232853 -0.21631588 0.20879366
v -0.11807492 -0.04717908 -0.29210672
v 0.12599589 0.39811030 0.23899750
v 0.00830427 0.13435304 -0.24636720
v 0.27671865 0.21329847 -0.26145184
v -0.42922175 -0.12170960 -0.44606292
v 0.32556468 0.18263529 0.50564545
v 0.63931274 -0.00885195 0.44294596
v -0.35684884 -0.14654729 -0.31664562
v -0.06960805 0.30133477 -0.03394178
v 0.02338156 0.39163613 0.44139594
v -0.58475673 0.13006482 -0.24396792
v -0.32178053 0.13877741 0.49102968
v 0.46054739 -0.00349224 -0.24137855
v 0.46714029 -0.09120290 -0.21061631
v -0.06937853 -0.28186545 0.05094715
v -0.30175179 -0.02205634 0.52337950
v 0.48698089 -0.16024603 -0.13608249
v -0.04637886 0.18367010 -0.21415390
v -0.16770780 -0.11434866 -0.48515883
v 0.23894611 0.41762543 0.05785619
v 0.56709832 -0.05499895 -0.10366859
v 0.13965613 -0.32278246 -0.70393795
v 0.74778330 0.00909811 0.30073175
v -0.34370658 -0.31822968 -0.46043700
v -0.17295815 -0.14344025 0.52370805
v -0.17930256 0.27666897 0.40783197
v -0.22377408 0.16940784 0.30004492
v -0.09691210 -0.14364429 0.48373228
v 0.47684547 0.11945399 0.49607795
v -0.00779997 0.21355604 0.48006704
v -0.30634382 -0.40806824 -0.58862561
v 0.19251826 -0.26777834 -0.08693202
v 0.13212283 -0.33092183 -0.02409659
v 0.46842322 0.17993082 0.47075358
v 0.57809561 0.19773115 0.20989145
v 0.17554089 -0.33859342 0.37939465
v 0.44328007 -0.27308738 0.26603693
v 0.05858041 -0.20341447 -0.67660326
v 0.06396857 0.24280010 0.47632724
v 0.22688563 0.40277389 0.00122991
v -0.50798267 0.12008816 0.09165844
v -0.39250621 -0.47752288 -0.71766907
v 0.08137116 0.36970326 0.30640885
v -0.28901750 0.11016086 -0.52784055
v -0.45259389 0.20326585 0.13510153
v 0.20066400 -0.28987393 0.46386543
v -0.09185976 -0.17834350 -0.66252202
v 0.19724162 0.31905484 0.51301283
v 0.70132595 0.04408465 0.39808309
v -0.54885203 0.02462495 -0.16052353
v 0.09857929 -0.16508627 0.47788987
v 0.38973263 0.34344789 0.33576131
v 0.55635005 -0.04549002 -0.12539111
v 0.40152866 -0.11537175 0.50144118
v -0.55145544 -0.02323060 -0.21374439
v -0.44328427 0.01200215 0.21370611
v -0.09714710 0.26389444 -0.09427871
v -0.19457361 0.23856524 0.25909117
v -0.13584201 -0.02565027 -0.54273123
v -0.21651110 0.29088563 0.17556146
v -0.22040445 0.16812631 0.35831088
v -0.12079843 0.28473744 0.27438930
v -0.01023728 -0.31824553 0.28609127
v 0.34511164 0.36563492 0.32174221
v 0.05711025 0.30710393 -0.05824913
v 0.08874431 -0.32817203 0.39873582
v 0.11409955 -0.18382056 -0.58748132
v 0.05173772 -0.20421875 -0.71784681
v -0.06991509 -0.21668461 0.22509710
v -0.30753729 -0.50790346 -0.63836956
v 0.39980194 -0.15001011 0.48740232
v 0.50941557 -0.19254223 0.32179448
v -0.19698231 0.06568058 -0.38376373
v 0.01277922 -0.08295684 -0.55683672
v 0.65272528 -0.05221644 0.21874829
v 0.19527577 -0.23293513 0.51854193
v 0.15113659 -0.28338620 0.50997245
v -0.36339882 -0.22227596 0.09039982
v -0.37088588 -0.50985885 -0.61934990
v -0.26120138 0.19700257 -0.46716350
v -0.01633028 -0.31058776 0.28055063
v -0.57632583 0.04122825 -0.26708138
v -0.41671750 -0.23989354 -0.50279015
v -0.48150697 -0.10245814 -0.21736766
v -0.54367447 0.26183164 -0.34863654
v 0.23011118 0.15835410 -0.29898018
v -0.39698222 0.36754525 -0.17191057
v -0.24880831 -0.09903995 -0.37878704
v -0.31031260 -0.14338230 0.24207188
v -0.33199868 0.28587297 -0.34183085
v -0.51203996 0.19919235 -0.47207806
v -0.20453461 -0.14621627 0.34811541
v -0.33314091 -0.33032086 -0.47121873
v 0.10261189 -0.30341876 -0.77160698
v 0.20476198 -0.30736759 0.42455480
v -0.11342405 0.19212212 0.51693034
v 0.35359061 -0.31915867 0.28893271
v 0.51382947 -0.05185061 0.49080086
v 0.37089634 0.33586425 -0.03633792
v -0.20053767 0.02138364 -0.43783548
v -0.02655276 0.22188421 -0.17649442
v 0.24320351 -0.25830159 -0.08919220
v -0.04036831 -0.19685513 0.33609885
v 0.36090878 0.37769714 0.08977186
v -0.14660577 -0.06462996 0.52239662
v 0.70908153 -0.01910778 0.20094287
v 0.26174223 0.29089382 -0.14195871
v -0.41100022 -0.24086054 -0.46580175
v 0.28986990 0.41475415 0.17943178
v 0.62509036 0.00314377 0.07969877
v 0.58835894 0.07904229 0.46845797
v -0.35193962 -0.06926580 0.43973011
v -0.26176295 0.00544182 0.39279085
v 0.67877895 0.18008070 0.32389417
v 0.38914585 0.19537136 -0.24118723
v 0.57348293 -0.10990649 0.29524770
v 0.15479870 0.12997399 -0.30153328
v 0.44465262 0.28400302 -0.07274019
v 0.32820743 -0.31578910 0.00839450
v -0.32930103 0.27368629 0.16530119
v 0.70308954 -0.04253352 0.21458007
v -0.53072482 0.14802425 -0.16598491
v 0.01123808 0.12030085 -0.25227150
v 0.74356848 -0.00091281 0.30595198
v -0.27459201 0.01137201 -0.53347820
v -0.35264686 0.15727860 0.25297245
v -0.55323291 0.09871554 -0.35244262
v -0.34692875 -0.42661157 -0.49256328
v -0.33942184 0.05745923 -0.53210247
v -0.37248394 0.11149768 0.26498032
v -0.00824328 -0.19585308 -0.18866719
v -0.54117048 0.10394729 -0.49056607
v -0.09506661 -0.26160666 0.07647904
v 0.12078537 0.39613518 0.28995693
v -0.01410242 -0.12382768 -0.60304165
v 0.62556100 -0.01363898 0.09998325
v 0.17076348 0.21739298 0.47616979
v -0.48839602 0.35893053 -0.33201018
v -0.27353543 -0.02354562 0.39104331
v -0.46170542 -0.09586067 -0.13021713
v -0.23984274 -0.14607464 0.26083010
v -0.14488462 -0.19108178 0.42355165
v 0.45568791 0.27306184 0.35895246
v 0.52365875 0.04530841 -0.17902829
v 0.39387411 -0.13271403 0.50390893
v 0.71254885 0.14232931 0.32513192
v 0.23726475 -0.34381288 0.33181596
v -0.36549112 0.18860067 -0.51940954
v 0.06604020 0.38405955 0.44811866
v 0.06098729 -0.15240793 -0.23081501
v -0.57215238 0.27123952 -0.21136987
v 0.32998189 -0.12293819 0.51645219
v 0.58863968 0.00826958 -0.07883867
v 0.03757937 0.33896530 0.23906465
v -0.16319360 0.07079881 -0.31992579
v 0.49696171 0.27413678 -0.02956521
v 0.17071600 0.18430112 0.47768685
v -0.39642215 -0.52953368 -0.70205820
v -0.25094795 0.04149752 -0.52457780
v -0.15222463 -0.23329860 0.45500550
v -0.17412069 -0.02121714 -0.44347441
v -0.49778554 -0.10006597 0.07380197
v -0.08741921 -0.25951260 -0.05758240
v 0.04672294 0.39998505 0.14607534
v -0.19816691 -0.02866966 0.52398282
v 0.34773776 -0.18293197 0.51567733
v 0.24639596 0.20380221 -0.27041885
v -0.24959324 0.29082000 0.41004124
v -0.02290857 0.26085612 0.24258959
v -0.05692402 0.36178908 0.46562484
v -0.03369780 -0.21452303 0.35123694
v -0.30970317 0.11199851 0.50109035
v -0.45947695 -0.11459264 -0.30777660
v -0.22246455 -0.25638032 0.07465459
v -0.33718494 -0.48771694 -0.68608785
v -0.49166262 -0.08405336 -0.18790117
v -0.33847964 0.29785985 -0.34535596
v -0.26109412 -0.08441124 0.38355222
v -0.11089538 -0.26081443 -0.03246720
v -0.31559789 -0.14866531 -0.21849094
v -0.02436603 -0.33399308 0.04514402
v 0.08658566 -0.00614331 0.48248354
v -0.31443226 -0.19264160 0.19991474
v -0.31870687 0.13806897 0.48782411
v -0.02697610 -0.09900428 -0.51639253
v -0.47403258 0.01398023 0.18129413
v 0.05351799 -0.33938020 -0.00547110
v 0.01794626 -0.22646390 -0.15170708
v 0.72224277 0.02646649 0.19279635
v 0.36104533 -0.11269329 -0.26131684
v 0.42039058 -0.16475508 -0.19125450
v 0.57324988 0.02853465 -0.10804775
v 0.56756854 0.20558743 0.00494049
v 0.07526663 -0.13537854 0.47949222
v 0.05551732 -0.08062127 0.48194912
v -0.56464875 0.23361361 -0.18723132
v 0.59368312 -0.02382149 -0.06284255
v 0.05429161 0.36720982 0.23824237
v 0.38540187 -0.02156613 -0.28573182
v 0.51445913 -0.19129874 -0.03522694
v -0.36593437 -0.51970726 -0.60833681
v 0.07788847 -0.39233589 0.24984404
v 0.71941638 -0.03559962 0.21971971
v -0.19127487 0.16778928 -0.31736535
v 0.13794284 -0.38646975 0.03887863
v -0.19761702 -0.17927101 -0.22658506
v -0.20335513 0.07370524 0.38406253
v 0.58391929 -0.13902098 0.11616833
v -0.25358316 -0.00491184 0.33864900
v -0.29235435 0.23391770 0.23048446
v 0.45114800 0.32722285 0.02930464
v -0.02188745 -0.26359758 0.37824121
v 0.27503818 0.28162077 -0.16043356
v 0.02839431 0.39529583 0.49339199
v 0.22645713 0.38251799 -0.02790122
v -0.52480286 0.14693217 -0.16094352
v -0.17428611 -0.13838030 -0.54648131
v 0.60937488 0.00863932 0.46208677
v 0.46699536 -0.26059532 0.08354519
v 0.30180436 -0.12965743 -0.27190721
v -0.10191635 0.27982131 0.42563894
v 0.11333244 0.30705604 0.51233709
v -0.53899616 0.30686760 -0.29922187
v -0.51503861 0.00426728 -0.48590991
v 0.44539115 -0.28615645 0.19107464
v -0.29063937 0.25056994 0.51596063
v -0.48063475 -0.10119301 -0.08411350
v 0.13987441 -0.33812991 -0.02007906
v -0.03717623 -0.21346365 -0.66448152
v -0.23954052 0.26889461 0.19988124
v -0.08805218 0.04113794 0.50254494
v -0.32388434 -0.35064572 -0.61921006
v 0.60519445 -0.10236125 0.08230272
v -0.34544259 0.37188625 -0.21310940
v -0.12514679 0.29768801 0.16506159
v -0.35905665 -0.09826747 0.25057447
v 0.02037811 0.03958931 -0.27691939
v -0.16362672 0.31507355 0.48484203
v -0.22178879 0.16349725 0.36494932
v 0.00639908 -0.27453488 -0.06830694
v 0.02829572 0.20495373 0.47989032
v -0.45404258 0.21791048 -0.05869097
v 0.24472712 0.29873437 0.51370263
v -0.39186975 0.14174452 -0.52984053
v -0.40823731 0.24836950 -0.08675397
v -0.24980466 -0.15464203 0.46478188
v -0.41057768 -0.27266642 -0.51303780
v 0.34901956 0.39663517 0.15567479
v 0.56741524 0.02047334 0.48370549
v -0.52067804 0.00527729 -0.47870344
v 0.04279621 0.03401287 -0.28383657
v 0.51493639 0.11115043 -0.18436782
v -0.22622742 -0.12786101 0.37755612
v 0.54222232 0.24462144 0.00314389
v 0.52796322 0.17032310 -0.13480094
v 0.12055495 0.31239647 -0.05378917
v 0.41526914 -0.22575912 0.42870182
v 0.14641024 0.23558161 0.47461784
v -0.42658323 0.38251957 -0.31826904
v -0.55635422 0.16276854 -0.19448221
v 0.35790211 -0.27665040 0.43585742
v -0.38363138 -0.45746401 -0.58391267
v -0.48254222 0.14484774 -0.51035810
v -0.14680481 -0.26899400 0.47471341
v 0.72117549 0.14324193 0.28454980
v 0.02119139 -0.11958583 -0.58718628
v -0.19026031 -0.06162095 0.52326667
v -0.37573364 -0.14439514 -0.32095504
v 0.33082712 -0.31341371 0.37031740
v 0.72870469 0.05004782 0.19620959
v -0.31209180 0.31923306 -0.23668382
v -0.14052653 -0.25078338 0.09725194
v -0.31425688 -0.43970644 -0.55461890
v 0.59117812 0.18227245 0.09242970
v 0.50034869 -0.18919379 -0.07651374
v -0.34391809 0.26396814 -0.46967712
v 0.29486659 0.34404179 0.41334644
v 0.51276946 0.20078596 0.39722604
v 0.41734216 -0.12788135 0.47534263
v -0.22742632 -0.25618741 0.08043436
v -0.42319509 -0.13687739 -0.25181076
v -0.34750161 -0.43719074 -0.49392393
v 0.25576350 -0.34287778 -0.00124106
v 0.16854283 -0.13510808 -0.27341419
v 0.28688169 -0.09668665 0.51242197
v -0.16489725 0.26220155 0.28102475
v 0.10291489 0.27647209 -0.15906888
v -0.34737024 0.28768417 0.12655643
v 0.32229906 -0.10946573 0.51660228
v -0.30690899 0.29622683 -0.28166130
v 0.23018783 0.17397198 -0.28998587
v 0.18187287 -0.20829481 -0.19089612
v -0.49908209 0.13765359 0.10070597
v 0.08153817 -0.26659036 -0.08773322
v -0.50778675 -0.08721526 0.01981033
v -0.27942875 -0.22083680 0.17540777
v -0.25477082 -0.09080739 0.36894441
v 0.14795923 0.38104734 0.34496129
v -0.11343008 -0.17176901 0.30103099
v 0.46262670 -0.27176914 0.14345570
v 0.48410627 0.30059272 0.17684679
v 0.27345335 -0.24019139 -0.16282406
v 0.66628915 0.18838041 0.30758518
v -0.31206006 0.27802956 0.51390791
v -0.06240889 -0.28215581 0.16979292
v -0.24071926 0.11493661 0.42975280
v 0.34888864 -0.20470411 -0.18540300
v 0.26536000 -0.36635599 0.19396572
v 0.66003627 -0.06876650 0.23498352
v -0.36049148 -0.15854232 -0.16384450
v 0.20125762 0.08649713 -0.31452194
v 0.08276521 0.37667826 0.43875101
v 0.40192154 -0.18568718 0.47366965
v 0.14166796 0.34160042 0.41173694
v 0.50776035 0.06940163 0.50125372
v -0.27345148 -0.05625036 0.39104292
v -0.30286953 -0.35957003 -0.57313669
v 0.34046075 -0.09871984 -0.27870291
v 0.55257177 -0.19740242 0.05231869
v -0.44981089 0.38749722 -0.29599315
v 0.09053054 -0.40977687 0.09964921
v 0.03172028 0.28635517 -0.11148335
v -0.32423607 -0.10125380 0.43902671
v 0.34792614 0.14113177 0.51357305
v 0.42277107 0.35809737 0.14033075
v -0.46811044 0.06474464 0.18953414
v -0.45448726 -0.04440861 0.19009981
v -0.46137533 0.22678787 0.03357335
v 0.44980711 0.28304863 0.34941629
v -0.53931975 0.18827690 -0.17197073
v -0.06024979 0.01982652 -0.28157717
v -0.41256160 -0.32466069 -0.49290180
v 0.35663936 0.30542666 0.49711546
v -0.34463012 -0.18766576 0.18713377
v -0.52566671 0.00105122 -0.07746322
v 0.62003732 -0.02281257 0.02422202
v 0.52852833 -0.10537379 0.44509274
v -0.35060960 -0.07056417 0.43948892
v -0.33968836 -0.14099914 -0.35763627
v 0.58285987 -0.08482932 -0.05422775
v 0.68832833 -0.00559386 0.40253270
v -0.49959230 0.28433397 -0.41611367
v -0.34653682 0.22456607 0.50007153
v 0.13407204 -0.01039564 -0.30349654
v -0.21545890 0.18919809 0.31110516
v -0.07476636 0.33871892 0.48452631
v -0.31335241 -0.43964121 -0.62350518
v 0.09444351 -0.29417446 -0.03203696
v 0.33376443 -0.22679262 -0.15530112
v -0.52631271 -0.02983964 -0.03625608
v 0.10542602 -0.00588493 0.48195323
v -0.19326407 -0.14725126 0.36473238
v -0.20490299 -0.07375673 -0.43648234
v 0.53465092 0.20565599 0.35508230
v -0.13774295 -0.18483129 0.41220734
v -0.38713282 0.06036636 0.26923239
v 0.68060070 -0.09142888 0.34648240
v 0.08387642 -0.26942807 -0.66718292
v 0.45418233 -0.26000670 0.02357125
v 0.42439306 -0.29292804 0.29989722
v 0.31519827 -0.32080358 0.36555740
v -0.42515010 0.12863824 0.21395075
v -0.22289144 -0.10405657 -0.53179026
v -0.45143750 -0.44334555 -0.66915834
v -0.41733432 -0.21704349 -0.50382447
v 0.59050262 0.12606576 0.45432514
v -0.19288461 0.19424206 -0.23644651
v 0.41254696 0.21925285 -0.20671061
v -0.00240646 0.34652892 0.13248402
v 0.12262365 -0.40002126 0.18632556
v -0.54792631 0.09257744 -0.48657662
v 0.13217302 0.04599464 -0.30667284
v 0.28402105 -0.05233917 -0.31081411
v -0.18693161 -0.16161670 0.32873875
v 0.37510028 0.21451116 -0.22793640
v 0.62597466 0.03742684 0.10751922
v 0.04757406 -0.24564104 -0.65269697
v -0.24682768 0.18628310 0.27372470
v 0.30657908 -0.04057760 -0.31080401
v -0.23143299 0.15887980 0.51803547
v 0.59358233 0.20874217 0.37973031
v -0.36071867 -0.16064680 -0.15973346
v -0.12489188 -0.22589763 0.18008262
v -0.28357297 0.24381672 -0.14913845
v -0.47466516 0.08659888 -0.52071095
v 0.10461518 -0.19315071 0.47788918
v 0.49566209 0.28014973 0.28063184
v -0.40028611 -0.05207908 0.24430384
v 0.60850006 0.14212856 0.20689668
v -0.17092356 0.13895665 -0.29403535
v -0.31024188 0.26707363 0.43163502
v 0.00027078 -0.24504621 -0.12741998
v -0.34673551 0.21875574 -0.50695878
v -0.02304162 0.13735723 0.49034628
v -0.17127757 -0.17694382 0.29190665
v -0.07698679 -0.18027768 0.28412673
v 0.28717092 -0.35481286 0.06083039
v -0.12154046 -0.25377738 0.08932703
v -0.04062909 -0.17419878 0.48012859
v 0.36539641 -0.08704636 -0.27470255
v 0.50547510 -0.19490948 -0.04805092
v 0.07840337 0.37387863 0.28439057
v -0.12255412 -0.07970998 -0.28679034
v -0.40538445 -0.43261385 -0.62150240
v -0.54427910 0.21418175 -0.37765342
v 0.23411912 0.29966867 -0.10803928
v 0.26193935 -0.24462552 -0.12175877
v -0.24035919 0.31678504 0.05358472
v 0.61558712 -0.03092551 0.00632750
v -0.48210946 0.10490797 0.15240383
v -0.39584285 0.07114395 0.26168802
v -0.08418453 0.12148551 -0.26436386
v -0.41344249 0.16190752 0.21126379
v 0.33249155 -0.26901048 -0.03687559
v 0.03402856 -0.18541393 -0.66867644
v 0.22926512 0.00283806 0.51147681
v -0.23088586 -0.26194763 0.02771426
v 0.74587142 0.08640952 0.28388283
v -0.56391674 0.20561892 -0.28199884
v 0.04926287 -0.26311073 -0.71959728
v 0.00817021 -0.33718017 0.29349601
v -0.47853494 0.27603444 -0.13666947
v 0.35707793 -0.16848049 -0.22583082
v 0.31411713 0.37504405 0.35733631
v 0.21929501 -0.19535685 -0.21183579
v -0.44692460 0.27532816 -0.12905096
v -0.26596311 0.21300223 -0.37051058
v -0.21129432 0.23078355 0.25481138
v -0.39655745 -0.39222491 -0.67748892
v -0.00187144 0.21336649 -0.18698797
v -0.18092029 -0.16100141 -0.24910948
v -0.31881791 0.25231788 -0.13876899
v 0.66057044 -0.10781572 0.29727706
v -0.03574013 -0.09771234 -0.51237595
v 0.32237896 0.31527495 0.47776890
v -0.00675858 0.11033467 -0.25111681
v 0.37173384 -0.05357286 -0.28646997
v 0.01893827 0.16981108 -0.23405403
v 0.35614842 0.18078347 -0.26724204
v 0.54303139 0.25190318 0.02659072
v 0.03059695 0.19897559 -0.22092378
v 0.43418127 0.34489274 0.16712046
v -0.26999760 -0.20919433 -0.15530874
v -0.29433125 -0.02054121 -0.52838027
v -0.06525453 -0.11146331 -0.25671157
v -0.52626413 0.02845360 -0.09151691
v -0.30193183 -0.33240867 -0.56377947
v 0.01903238 -0.22236726 -0.15658011
v -0.21153621 -0.16596891 0.25946078
v 0.14487176 0.30361387 -0.10063087
v -0.42525959 -0.12082462 0.18823288
v -0.20697610 -0.02698334 -0.59087521
v -0.42308187 -0.48947951 -0.72650200
v -0.16833480 -0.07943338 -0.64281344
v -0.27660972 -0.13537583 0.52419722
v 0.16094358 -0.37917760 0.02524365
v 0.10536546 -0.23937096 -0.61434901
v -0.52926970 -0.01518391 0.01226559
v -0.03606762 0.28026795 0.16129367
v 0.06112011 0.38661733 0.47755232
v -0.15770198 -0.22026962 -0.14721169
v 0.27270871 0.39184806 0.00466756
v -0.33723018 -0.58368129 -0.73864198
v -0.00606077 0.21529548 0.48002139
v 0.14170136 -0.39092362 0.20099747
v -0.41607592 -0.14786415 0.16766724
v 0.10782420 -0.27503148 -0.06614888
v -0.19609982 0.22712837 0.29125023
v -0.35689265 0.26149490 -0.47952482
v -0.40542343 -0.13520433 -0.34655625
v 0.34549755 0.23398577 0.51367897
v 0.45724511 0.06529690 0.51258069
v -0.01592339 0.39221954 0.48385260
v 0.55146092 -0.14931130 -0.05049020
v 0.01695317 0.34833413 0.51219738
v 0.17131586 -0.29344338 0.46200484
v 0.59358013 -0.11841397 0.18684287
v -0.35669369 -0.02234333 0.28262347
v -0.32766297 -0.20625183 -0.09650265
v -0.26347852 0.33309111 0.48364976
v 0.31633776 -0.20842342 0.51780123
v 0.19928806 -0.19768500 0.48545781
v 0.00059882 0.36286128 0.08145299
v -0.42037013 0.15286376 -0.52495450
v 0.35411617 -0.32879683 0.16580023
v 0.03309610 0.17423272 -0.23758401
v 0.63684130 0.16604093 0.24119036
v -0.42317426 -0.12884365 -0.19623825
v 0.55450416 0.23898080 0.10791505
v 0.66210419 0.14124253 0.21171768
v -0.33349416 -0.23038641 0.04243889
v -0.45876661 -0.11602763 -0.22132902
v -0.36937734 -0.43030158 -0.47881201
v -0.01177431 0.28793049 -0.08484543
v -0.25864163 0.08422121 0.52306163
v 0.45758891 -0.06710731 -0.22681135
v -0.39011699 -0.00303703 0.51039410
v -0.28884646 0.07529660 0.45606327
v 0.15509287 0.41005766 0.28231800
v -0.31295198 0.08330614 0.51482487
v 0.02019569 -0.39428321 0.18304826
v -0.00025891 -0.37421668 0.05503378
v -0.43828103 0.37874374 -0.23734929
v -0.19881958 -0.06169543 0.52309471
v -0.18313201 0.31070232 0.09800456
v -0.37578040 0.29176009 -0.00257673
v 0.42809123 0.34652296 0.06731876
v 0.25115776 -0.05438522 0.50984430
v -0.36519250 -0.52145010 -0.60868454
v 0.34606344 0.34838641 -0.02042153
v 0.74457318 -0.01354551 0.28199887
v 0.09977984 -0.38185617 0.28642207
v 0.25882748 0.32386082 0.50351369
v 0.13139839 -0.39737982 0.19067715
v -0.25686079 -0.01599550 0.34194151
v -0.56671649 0.24921665 -0.27300653
v 0.52372003 -0.06476959 -0.16612120
v -0.24768230 0.30101389 0.51462972
v 0.00393923 0.39502570 0.48909259
v -0.31022292 0.29582772 -0.20122968
v 0.14064299 -0.22920689 -0.63531047
v -0.33847904 -0.07832718 0.43709323
v -0.08213694 0.11063271 0.50937194
v -0.30996761 -0.13746357 -0.33370301
v 0.14275612 -0.27816144 -0.06453422
v 0.43151480 0.32405320 0.27200013
v -0.26809675 0.05784691 0.52273774
v 0.70693558 -0.02106202 0.38123640
v 0.25706974 0.41452044 0.17000480
v 0.15471622 -0.02508073 0.48031437
v -0.31739753 -0.21992294 -0.08484587
v 0.37754229 -0.22204874 -0.10748351
v 0.13990134 0.29437399 -0.13984771
v 0.41317105 0.09200404 -0.27320468
v -0.41197148 -0.14269994 -0.43173745
v -0.15587315 -0.06850917 -0.29373372
v 0.15660653 -0.30810589 0.42975086
v 0.24352303 -0.25030342 -0.10791650
v -0.43677053 -0.32808632 -0.58252299
v 0.13650857 -0.13866568 0.47768822
v 0.21786615 -0.38472429 0.07857915
v -0.31932619 0.26990935 -0.33757854
v 0.60698789 -0.12232173 0.37759542
v -0.31966761 -0.23290004 0.01733619
v -0.37862197 -0.00862714 0.45598611
v 0.14092374 0.33427680 0.51322502
v -0.22690904 -0.13511495 0.32826397
v 0.44266969 0.31415316 -0.02673531
v 0.53977376 0.01131498 -0.15671745
v 0.57880169 -0.11923221 0.39830846
v 0.11807258 0.15591827 -0.28073198
v -0.27912617 -0.04986458 -0.53331387
v 0.61639673 0.00649680 0.00272066
v 0.22950339 0.30228907 -0.09991645
v -0.20507310 -0.25862861 -0.05128124
v -0.57059640 0.17485298 -0.24466659
v -0.23193580 0.10711858 0.42810243
v 0.48671696 -0.23931195 0.02512788
v -0.57352489 0.03342632 -0.27712655
v 0.66114235 0.10344323 0.18987344
v 0.28463286 -0.35778219 0.20716490
v 0.15360156 0.40775630 0.23681809
v 0.01200895 -0.10128864 -0.53603882
v -0.12309524 0.28539553 -0.04973437
v 0.34700218 0.38243759 0.07880732
v 0.27836370 -0.27726674 0.48309332
v 0.31864887 -0.28146884 -0.02388503
v -0.09847282 0.30336621 0.11328054
v -0.35571137 0.33199593 -0.16359960
v 0.06771128 -0.35100994 -0.00351350
v 0.13355392 -0.26294616 -0.69007343
v -0.02291202 0.31209987 0.00827442
v -0.39843300 -0.49997362 -0.73482448
v 0.15836157 -0.38523784 0.04213434
v -0.09776834 0.29744253 -0.02008994
v 0.48389626 -0.19885083 0.37418550
v -0.02687307 -0.18014997 -0.55594695
v 0.54721731 0.06411792 -0.14575613
v 0.46835408 0.31575719 0.06214784
v -0.48324963 -0.06877361 -0.15480797
v 0.45381337 0.02016691 -0.24844003
v -0.42818633 -0.44244337 -0.69911414
v 0.54458892 -0.19746946 0.12731387
v -0.38800508 -0.32895407 -0.65746528
v -0.09455863 -0.17521758 -0.66530180
v -0.10316639 0.25271377 -0.11982244
v -0.25206888 -0.10313200 -0.37710455
v -0.26108760 0.25977680 -0.29428428
v -0.24718304 0.10924715 0.31087887
v -0.36430988 -0.17519794 -0.12192509
v 0.55247992 -0.03223729 -0.13606761
v -0.32174245 0.04897465 0.45385706
v -0.28455722 0.26011410 -0.19120653
v 0.25648290 0.26907581 0.51289040
v 0.21052109 0.25623026 -0.21881966
v 0.39772382 -0.31460634 0.19286650
v -0.35226709 0.05560497 0.29101551
v -0.03530723 -0.21489951 -0.66210604
v -0.01412175 -0.28804761 0.52345568
v 0.43054125 -0.28878176 0.32535663
v 0.25687960 0.24087000 -0.22864641
v 0.33660042 0.37305716 0.27853310
v 0.12999392 0.38528037 0.31930530
v -0.20713972 0.04065460 -0.45667970
v -0.30572176 0.27215680 0.42832497
v 0.23625393 0.38146031 0.37487149
v -0.04715033 -0.23031339 -0.13192901
v -0.09980657 -0.08730438 -0.68009865
v -0.16887701 -0.01449861 -0.58063191
v -0.01385614 -0.07693471 0.48230794
v -0.24564156 0.30202258 -0.02373592
v -0.29255387 0.14539883 0.28043413
v 0.52053696 0.28112343 0.10876521
v 0.13118723 0.32964092 0.51374018
v -0.43585402 -0.17235748 -0.52215755
v -0.11810631 0.00446072 -0.29552150
v -0.50045472 -0.10065816 -0.00033813
v -0.02827688 -0.21085209 -0.17218843
v 0.01636827 -0.11315479 -0.24719220
v 0.28720173 0.27956268 -0.15398858
v 0.29623252 -0.09862634 0.51523435
v 0.41936699 -0.16850440 0.44886395
v -0.21940053 0.32504797 0.50482565
v -0.13689078 -0.16178574 -0.59379953
v -0.12922381 -0.14828247 -0.52632594
v -0.06506994 -0.11621908 -0.25445172
v -0.28764784 -0.10178386 0.27951294
v -0.51649421 0.10668060 -0.09080584
v 0.68605185 -0.06105817 0.22916017
v -0.12740628 -0.16838251 -0.59594339
v 0.40207896 -0.21886486 -0.09908724
v 0.07070819 0.35088480 0.34102497
v -0.04372723 -0.26884705 -0.03249826
v -0.21365656 0.29863387 0.41970742
v -0.04792734 -0.33066419 0.46592104
v 0.60609633 0.06027636 -0.02432636
v 0.27897149 0.21642351 0.47242448
v -0.08303909 -0.17643845 0.29002556
v 0.27169394 -0.32263431 0.37386963
v -0.39969796 -0.35912082 -0.54505682
v -0.42237660 0.15795889 0.20530951
v -0.19708057 -0.15916122 0.43483591
v -0.32705411 -0.27473956 -0.59954304
v 0.72591919 0.13733591 0.27345192
v -0.19088745 -0.12570263 -0.27509308
v -0.05563692 0.27058098 -0.09998069
v -0.21905424 0.21924159 -0.18595205
v 0.32239333 -0.07080226 0.51812863
v -0.36853784 0.16559692 0.23903160
v -0.05678232 -0.31043121 0.15546675
v -0.21037695 0.21691413 -0.26947272
v 0.40661609 -0.17463067 0.46873558
v 0.43674377 -0.29177296 0.19595248
v 0.55213469 -0.17896441 0.19011673
v 0.31547323 0.23400578 -0.23261236
v 0.06963693 0.14227985 -0.26644492
v -0.00863054 -0.10711529 -0.58585286
v 0.53192127 0.24980989 -0.01129592
v 0.49017853 -0.16135466 -0.13001150
v 0.06095123 -0.21045932 -0.75185269
v 0.12044469 0.39512181 0.23750488
v 0.47966346 -0.01233875 0.51008284
v -0.31326160 0.13459797 0.51536238
v 0.49002829 0.08637118 0.50319320
v 0.12828845 0.35003746 -0.03971391
v 0.03575524 0.31267700 0.29013592
v 0.19897515 0.17906478 -0.28753689
v -0.10423294 -0.25880155 0.09176990
v 0.52107590 0.19039693 0.41684029
v 0.34893775 -0.29793528 0.39245197
v 0.23717608 -0.37680158 0.16364834
v 0.25582290 -0.32029301 0.40164322
v -0.33045533 0.23168702 -0.49978065
v 0.06829559 -0.33412561 0.37691665
v -0.53381157 -0.05834001 -0.22312410
v -0.28537694 -0.17944053 -0.19083263
v -0.21245228 0.29021472 0.17795828
v 0.07667255 -0.34132099 0.36942267
v 0.43300679 -0.29376012 0.20478424
v 0.19975707 0.13019347 -0.30682033
v 0.62098038 0.05992673 0.06720577
v -0.42215383 -0.15418364 -0.45219791
v 0.47008088 0.31785995 0.09331112
v 0.49066088 0.28523979 0.26642138
v -0.08828533 0.18476617 -0.22323154
v -0.50170845 -0.09444054 0.06496120
v -0.45922551 -0.15431979 0.01224442
v -0.15971971 -0.03990957 -0.44624272
v -0.44678932 0.23705921 -0.00184750
v 0.51343352 0.04299127 0.50526410
v -0.07498171 -0.16217959 0.33478555
v -0.46917766 0.28755817 -0.43747211
v -0.43600649 0.16281570 0.18910620
v 0.30257374 0.24596986 -0.21663846
v -0.30215767 -0.11564851 0.26767486
v 0.45597917 -0.25005516 0.35008880
v -0.47981218 -0.11331138 -0.27796003
v -0.30370861 -0.25716883 -0.54804802
v -0.47294873 -0.12228909 0.09358820
v -0.38995510 0.27811494 0.08939398
v -0.17316468 -0.00922679 -0.32816187
v 0.06454091 0.37536165 -0.00346663
v -0.06399529 0.29614669 0.06951626
v -0.01033572 -0.28387943 -0.00690660
v 0.06161328 0.40965655 0.05295645
v 0.43019551 0.27504781 0.44376621
v 0.50651866 -0.23690164 0.10888436
v -0.20481046 -0.09672164 -0.29791602
v -0.22537620 0.25171873 0.22656818
v 0.39130393 -0.10648032 0.51134825
v 0.56835645 0.21835110 0.05983869
v 0.24534154 0.32524109 0.43971565
v -0.01580852 -0.10311728 0.48228663
v -0.07495102 -0.24648574 -0.09995547
v -0.03051821 -0.25085157 0.29845467
v 0.32296750 0.25358596 -0.18756202
v -0.07799152 -0.20296934 0.49579474
v -0.39306566 0.38009125 -0.19183408
v 0.27105615 0.03532656 -0.32161671
v -0.19098702 0.31729293 0.08392713
v 0.12215459 -0.39881316 0.20358509
v 0.12344228 0.30538011 -0.07545469
v 0.61501288 -0.05657554 0.07948910
v -0.47666502 -0.12551646 -0.01921624
v -0.40547010 -0.32623094 -0.54601365
v 0.60698283 -0.01583579 -0.03128840
v 0.19775242 0.04715758 0.48382100
v -0.30411673 -0.35613456 -0.57919300
v -0.08061311 -0.19469048 0.49240056
v -0.55147982 0.15697852 -0.44651484
v -0.57856226 0.14376958 -0.22539398
v 0.03015534 -0.03351215 0.48265079
v -0.24545011 -0.26054153 0.04816481
v -0.20165566 -0.14679490 0.35187912
v 0.14280914 -0.27967349 -0.05086894
v -0.45600519 0.21877372 -0.05194860
v 0.12674135 0.26508811 -0.18798195
v -0.19822119 -0.04206872 -0.60632229
v 0.22430646 0.38860166 -0.02163114
v -0.09926961 -0.20449620 0.22519132
v 0.54376841 0.18746194 -0.08172444
v 0.20723681 -0.26804781 -0.06765337
v 0.30357438 0.20276742 0.48111904
v -0.04214123 -0.31767076 0.52375680
v 0.05654975 0.29399040 -0.10166389
v -0.42140880 0.25438175 -0.03287600
v -0.38629705 -0.29664442 -0.64623213
v -0.26671103 0.17424992 0.51788300
v -0.52559489 0.01204661 -0.39720520
v -0.43084106 -0.35825491 -0.59440613
v -0.31772545 -0.30471060 -0.48009601
v 0.30479097 -0.27940518 0.44590887
v -0.48431885 0.18142185 0.11049569
v -0.56102610 -0.00378403 -0.22550130
v -0.52047813 0.14381450 0.04620778
v -0.50184119 0.19482358 -0.14897893
v 0.09081401 0.41627759 0.05159816
v -0.47071141 0.36162513 -0.24328153
v -0.06729224 -0.18957140 -0.57743043
v -0.42637298 0.38550776 -0.28022856
v -0.05518683 -0.29288799 0.07695337
v -0.17611016 0.26038268 0.38532385
v -0.07407400 -0.18550016 0.27350307
v 0.67785692 0.00081758 0.18579012
v 0.69550061 0.16367720 0.25435391
v 0.39083892 -0.11559259 -0.24684334
v -0.53282851 -0.01927010 0.05671105
v 0.02999649 -0.14187540 -0.23544914
v -0.56551570 0.25058579 -0.18762697
v 0.45226917 0.17461544 0.48278493
v -0.31982058 -0.49421972 -0.55840683
v -0.47182119 -0.10666510 -0.09539708
v -0.02883176 -0.13474263 -0.66204715
v 0.15216656 -0.27612066 -0.64750302
v 0.56443983 -0.00005322 -0.12221127
v -0.18654019 0.00139846 -0.55694485
v -0.31062227 0.30027935 0.47913557
v -0.29689977 0.12706497 0.51850677
v -0.55051267 -0.02402485 -0.27247816
v -0.51641357 0.15771423 -0.49045670
v 0.62525052 -0.02764099 0.12752746
v -0.00565796 0.39396304 0.47391888
v 0.14660844 -0.26186234 -0.12295542
v -0.07008339 -0.23129092 -0.13942948
v -0.04362507 -0.26049742 -0.08497719
v -0.15719378 -0.01390792 0.51983368
v -0.13499962 -0.07841192 -0.46117681
v 0.55543506 0.19957083 0.32753289
v 0.02098927 -0.24522543 -0.68627954
v 0.07543555 0.37043396 0.41761720
v 0.60572380 -0.00686189 -0.03672963
v 0.08885601 -0.14873478 -0.57123744
v 0.58032674 0.08351667 0.47105619
v -0.03277866 0.30690068 0.51304621
v 0.21610762 0.09169373 -0.31503928
v 0.22813208 -0.26519084 -0.07301620
v -0.02081752 0.32262760 0.08960810
v 0.32029125 -0.34255013 0.21308941
v -0.23181473 0.31935108 0.06075064
v -0.29118273 0.03907523 0.31104454
v 0.20591076 0.39356413 0.36279219
v 0.57548827 -0.12517422 0.33920226
v 0.28761765 0.40810314 0.26784647
v 0.05709378 -0.23499559 -0.79358500
v 0.10680130 -0.26069862 -0.74286133
v 0.65051782 0.15248075 0.22345066
v -0.41906676 -0.39224777 -0.67557967
v 0.35442916 0.27292281 -0.13637842
v 0.17348899 -0.21430460 0.50447017
v 0.62473971 0.11269258 0.19983155
v 0.07949903 0.37016064 0.42056715
v -0.45469904 0.25138155 -0.47428146
v 0.00379983 -0.29445523 0.39160442
v -0.00397772 0.09246911 0.48767880
v -0.34149003 0.25635388 -0.47894460
v 0.33749390 -0.33649442 0.14853428
v 0.21375914 -0.14938374 -0.25602928
v 0.50666362 0.26352605 0.31817612
v 0.00091188 0.28016040 0.23179081
v 0.18294795 0.37488019 0.37776628
v -0.56162900 0.08015361 -0.42517620
v 0.36386764 -0.32546657 0.11685029
v -0.09323210 -0.19692492 0.50559485
v 0.48944741 -0.04490522 -0.20892175
v 0.53192955 0.23241173 -0.03926865
v -0.46089780 -0.10966031 -0.11255632
v -0.43596160 0.24613740 -0.01278702
v -0.18601106 -0.13087656 -0.55597645
v -0.33533362 0.26911855 0.49822870
v 0.00809513 -0.11504435 -0.58769536
v -0.17834763 -0.17290322 0.30377609
v -0.25723773 -0.25153515 0.11527894
v 0.60592139 -0.07702227 0.25048816
v 0.01340618 0.09512738 -0.26275837
v -0.43971440 0.22716261 -0.07124065
v -0.37505743 0.34726346 -0.34563553
v 0.41427815 0.28273550 0.38776600
v -0.52396816 0.21815608 -0.44381306
v 0.43575215 0.26829180 0.41439402
v -0.15029269 -0.15658523 -0.25442743
v 0.22201991 0.17400111 0.47712553
v -0.50235915 0.27792409 -0.42005655
v -0.21630658 0.30833492 0.00236812
v 0.25302714 0.41495588 0.14778925
v -0.06239498 -0.20375128 -0.62650651
v 0.00153618 0.29931545 0.37406197
v -0.35779679 -0.03626673 -0.52348840
v -0.42324141 -0.30995336 -0.64013731
v -0.39446035 -0.38248783 -0.67394012
v -0.32856113 0.21045522 -0.51015919
v -0.53501236 0.01512400 0.06011304
v 0.17280407 0.00564924 0.48076847
v -0.50105113 0.30125150 -0.14880076
v 0.12851597 0.18225437 0.47925407
v -0.22964469 -0.25875542 -0.03971967
v -0.01764127 -0.35023481 0.20683765
v 0.35472071 0.01355705 -0.30309841
v -0.37582740 -0.46024168 -0.70008695
v 0.19544119 -0.38978070 0.12512115
v -0.47372654 0.16878325 0.13790245
v 0.19718006 -0.35633019 0.31596917
v 0.25605306 0.32562807 0.45915067
v -0.43907303 -0.19974852 -0.53237838
v 0.23386563 -0.20492108 -0.20692150
v -0.18044338 0.28633687 -0.06788982
v 0.17214742 0.24269420 0.47365734
v 0.10295924 0.06645235 -0.29865813
v -0.35645771 -0.33519500 -0.64687079
v -0.52984595 0.01206797 -0.14710464
v 0.31013504 -0.34091613 0.24035330
v -0.34117702 -0.36127719 -0.64263034
v -0.00885806 0.30329746 -0.05072884
v 0.28333852 -0.25314656 0.51620698
v 0.02059570 -0.24515222 -0.69349241
v -0.37764552 0.31613645 -0.41970485
v 0.02952460 0.00132265 -0.27803698
v -0.57025796 0.17764936 -0.24876639
v -0.26228872 -0.14879841 0.52365136
v -0.39765328 -0.39656118 -0.50638968
v -0.46386397 0.20404987 0.12043120
v -0.48644200 -0.06586780 -0.11830520
v -0.03852733 0.34659228 0.51172996
v 0.64511693 0.12345436 0.42600238
v -0.23244466 0.14354140 0.40275645
v 0.66816187 0.03879263 0.17921579
v 0.50765496 0.21076931 0.38970280
v 0.38508692 -0.31720090 0.24851544
v 0.32949752 0.39686117 0.18351716
v 0.03692382 -0.31474406 -0.01001848
v -0.57412809 0.08968781 -0.19121629
v 0.30403557 -0.23419884 -0.15968449
v -0.06430908 -0.05135193 -0.53268653
v -0.19128504 0.23257808 0.30307010
v 0.16120173 -0.27721778 -0.06019926
v -0.41702700 -0.01890100 -0.52439189
v -0.38858473 -0.49770102 -0.72989321
v 0.02130900 -0.17112233 0.47992140
v 0.42964441 -0.00400897 -0.26319429
v 0.51202106 -0.00046169 -0.19410218
v -0.39037508 -0.42358205 -0.52154475
v -0.31054646 -0.12240578 -0.47458896
v 0.06912033 -0.19301130 0.47842401
v -0.02672024 0.37966952 0.46209994
v -0.37556919 -0.05758595 0.25919133
v -0.30438569 -0.56586546 -0.60300738
v -0.32828221 -0.26632732 -0.59760225
v -0.51173049 -0.07442869 -0.20246613
v -0.28365171 -0.23309466 -0.05562359
v 0.46448323 0.21944115 0.44428340
v -0.05419028 -0.23833713 0.22848549
v 0.49243465 -0.23608325 0.24267535
v 0.08036303 -0.40411112 0.14553432
v -0.29503861 0.01898796 -0.52910674
v -0.23498303 -0.10955450 0.52428204
v -0.22439116 -0.13888448 0.32348695
v -0.12674189 0.29945070 0.12997623
v 0.05821690 -0.14899799 -0.59933883
v -0.22517982 0.23085108 -0.28116322
v 0.55005598 0.16881613 -0.09883289
v -0.21782815 0.07103227 -0.44895059
v 0.07134360 -0.26422346 -0.78768468
v 0.06000007 -0.12337410 -0.55902040
v -0.04949272 0.31288731 -0.00589138
v 0.40080106 -0.02476262 -0.27720219
v 0.16965477 -0.25604963 -0.14153416
v -0.43547741 -0.16658236 -0.52129102
v -0.20268413 0.28464329 0.51480913
v -0.27233040 -0.21664098 -0.13663699
v 0.37102774 0.30775940 0.46489322
v 0.16031422 -0.36593777 0.30211997
v -0.26554635 -0.25552341 0.02503453
v 0.61061484 -0.08710222 0.13736333
v -0.06923562 -0.27066055 0.13838132
v 0.23859869 -0.28432506 0.48133966
v -0.07791137 0.15589364 0.51834244
v 0.00176614 -0.15235956 -0.63090259
v 0.51933026 0.27336431 0.16830032
v 0.56881446 0.16513041 0.44511744
v -0.10076255 -0.00051405 0.52249551
v -0.55935884 0.12221689 -0.17913327
v -0.36581627 -0.15699030 -0.41110530
v -0.39339635 0.27344546 0.09880270
v -0.31685123 0.20905519 -0.51060307
v 0.20667821 0.04385071 -0.31783891
v 0.70151347 0.15952317 0.32149142
v -0.32008702 0.32879853 -0.26161897
v -0.31843233 0.31455812 0.02165731
v -0.47112337 -0.13583311 -0.01300362
v -0.01128270 0.00844310 -0.26998788
v 0.06781206 0.40803137 0.14822158
v 0.16544858 0.21378355 -0.25834849
v -0.54354602 0.04680589 -0.40801376
v -0.28305545 0.21785854 -0.39700833
v 0.33118293 -0.00467761 -0.30978572
v 0.58598638 0.19236013 0.07779406
v -0.32436678 -0.38414350 -0.62889934
v -0.45251998 0.34072930 -0.39141709
v -0.32230124 -0.19964109 -0.44245151
v -0.47480759 0.35700315 -0.35189661
v 0.24375655 -0.05009444 -0.31268770
v 0.56296325 -0.18940684 0.08425990
v 0.50737804 -0.19708396 -0.02682378
v 0.08223075 0.36016312 0.34382513
v -0.39053237 -0.40711373 -0.53604424
v -0.04991738 -0.26241696 0.52250165
v -0.08233694 -0.06976055 -0.66599178
v 0.54223496 0.25133929 0.02070138
v 0.44789952 -0.18264183 0.42153746
v -0.02088854 0.33780003 0.40200993
v 0.26189563 0.29195163 -0.11342514
v 0.66090846 -0.11047748 0.31645223
v -0.19299681 0.05639888 -0.37882826
v 0.42582342 -0.02716187 -0.26199585
v 0.34597462 -0.25761935 0.49128157
v 0.37001994 0.23719466 -0.20106247
v -0.34859490 -0.36982733 -0.47299027
v 0.66570097 0.14940631 0.38951302
v -0.30651471 0.24084042 0.41789889
v -0.38083482 0.15612978 -0.52806079
v -0.40758732 -0.20072983 0.03595208
v 0.59972769 -0.06026531 -0.02485994
v 0.37506619 -0.21222676 -0.14437166
v 0.23803964 -0.28458309 0.44100443
v -0.06402999 -0.15910658 0.35976192
v 0.02271715 -0.14539149 -0.54156691
v -0.36378130 -0.04046826 0.27276751
v -0.10538606 0.27362704 -0.07803231
v 0.04130302 -0.17833903 -0.76174241
v -0.16469513 0.21841398 -0.17748706
v 0.65650243 0.08736198 0.43066540
v 0.37881973 -0.07216813 -0.27619547
v -0.14206150 -0.29418668 0.48852396
v -0.42946726 0.35590830 -0.16773845
v 0.27130792 -0.01498466 -0.31873253
v 0.13413243 0.12145681 -0.29842120
v 0.01263360 0.27813688 0.30160955
v 0.14836197 -0.31772932 -0.71457034
v 0.48863021 -0.24246818 0.04588561
v 0.44747299 -0.17412141 -0.14794505
v -0.49053675 0.11686038 0.13508858
v 0.12758869 -0.24035992 -0.66640890
v -0.52383083 -0.04411417 -0.01580249
v 0.48933467 0.06451375 0.50781780
v -0.31299326 -0.41396862 -0.54632014
v -0.20589089 0.03602226 -0.48115981
v -0.00396367 0.32903501 0.38641855
v -0.38913566 -0.25366277 -0.44469008
v 0.60037261 -0.04188103 -0.03681568
v 0.52495050 0.26509923 0.26998270
v 0.42149931 0.26967910 -0.10898226
v 0.48237661 0.25282788 0.36648902
v -0.08907699 0.26947725 0.32079127
v 0.22616243 -0.28418723 0.49289939
v 0.70223200 0.14779820 0.34411198
v -0.21899812 0.16726616 0.51682025
v -0.03744472 -0.33749759 0.17694770
v -0.08353817 -0.28385100 0.41690791
v -0.57146180 0.02606607 -0.21028924
v 0.03248503 -0.17850664 -0.73564494
v 0.04518956 -0.38778451 0.23598647
v -0.20773202 0.05234890 -0.42404154
v 0.59119934 -0.13936847 0.05510670
v 0.00303360 -0.03771496 -0.26709673
v 0.65083307 -0.06638070 0.23340388
v -0.26523772 -0.24207768 0.13151523
v 0.56749445 0.04035733 -0.11657226
v -0.26321718 -0.08251031 0.52495116
v -0.04466974 0.35227790 0.43225712
v -0.24740259 -0.09086647 0.52447844
v 0.30204481 0.19859020 0.48003629
v -0.36302668 -0.07299023 -0.52940202
v -0.07328428 -0.10964350 0.48201418
v -0.17506428 -0.18644120 0.26325071
v -0.31203035 -0.14365844 -0.43966934
v -0.46910131 0.25756404 -0.13188671
v 0.01536374 -0.26108629 0.52143866
v -0.05757512 -0.27364972 -0.01004283
v 0.20361362 -0.24603674 -0.14868334
v 0.47011831 0.05128099 0.51251608
v 0.52314931 0.13030350 0.47996327
v -0.40608793 -0.20368126 0.06149176
v 0.27904272 -0.35675275 0.04921935
v 0.03688085 0.31166539 0.32810137
v 0.13324073 -0.15447108 -0.24311973
v 0.48369327 -0.25230351 0.12806556
v 0.59664363 0.19210672 0.29545152
v 0.72670829 -0.04703211 0.26591650
v -0.28009415 0.13948949 0.51886767
v -0.50584376 0.31360495 -0.15708537
v -0.21577147 0.22747904 -0.24495453
v 0.40064809 -0.22541136 0.46047416
v 0.36955893 -0.32608068 0.23126738
v -0.02796267 -0.18644845 0.47927165
v -0.22723241 0.11024140 -0.47901982
v -0.06890217 0.05061529 0.51944703
v 0.24510904 0.30579197 -0.07623716
v 0.14814362 0.02345669 0.48159090
v 0.29859486 -0.17533165 0.50118232
v -0.18614045 0.24525256 0.26336509
v -0.33652499 0.29732564 -0.16427819
v -0.08416983 0.23550166 0.51567721
v -0.09052981 -0.16175129 0.36509588
v 0.36516756 -0.19512494 -0.18800549
v -0.08529989 -0.24476363 -0.11039927
v -0.36425924 0.05481133 -0.53283751
v -0.16668138 0.30939469 0.08775249
v 0.43307102 0.31821463 0.30989805
v 0.04780377 -0.07248424 -0.26765677
v 0.34438163 0.16627221 0.51294756
v -0.32844844 -0.16796742 0.21454287
v 0.36131662 0.22852713 -0.21839920
v 0.36557284 -0.21167730 0.51036710
v -0.32276732 -0.52440673 -0.69466937
v 0.55635375 -0.14009945 -0.05426921
v 0.26817840 -0.27235228 -0.04041314
v 0.57696736 -0.10742620 0.29921481
v -0.20766599 -0.05291074 -0.40856975
v -0.41186151 0.09201330 -0.53169048
v -0.23275846 -0.12704371 0.33640349
v -0.04720894 -0.16453919 0.48042959
v 0.04250598 -0.10595336 -0.57454413
v -0.25067043 -0.25238603 -0.03021223
v 0.05336006 0.32323894 0.37060678
v -0.31045920 -0.17459378 -0.45942193
v -0.41513970 0.19497782 0.18991442
v 0.13832930 -0.32319343 -0.70583338
v -0.17994578 0.29329708 0.51362348
v 0.38343972 0.16675018 0.51147503
v -0.13415037 -0.25914437 0.43893185
v 0.40864632 0.28928742 0.38383749
v -0.18181135 0.16975853 -0.28544948
v 0.37733608 0.19297068 -0.24395595
v -0.26436415 0.32087946 0.50837266
v 0.03806336 -0.40166473 0.09208309
v -0.22753799 0.12652466 0.31208187
v 0.34903780 0.34088677 0.36919254
v 0.17215520 0.29398364 0.51243550
v 0.08534082 -0.20799370 -0.59002745
v 0.37988573 -0.30938870 0.30024689
v 0.41134501 0.35429627 0.20205364
v 0.74772030 0.07655413 0.29058251
v -0.41363612 -0.15804018 -0.09716985
v -0.58280045 0.07006215 -0.22526236
v -0.38405818 0.24926682 0.16310656
v 0.21067207 0.41729265 0.22400041
v -0.12534133 -0.02485557 -0.50103134
v 0.57992738 0.13348041 0.45653993
v 0.41151789 0.36422366 0.11345195
v 0.09244523 -0.16692221 -0.60448146
v -0.10059740 -0.16097844 -0.67987812
v -0.16148178 -0.20127696 -0.19764899
v -0.19149177 0.05302806 -0.37683907
v 0.58851486 0.18500942 0.14604467
v 0.39786321 -0.24957140 -0.06943746
v -0.35333765 -0.55329454 -0.57075715
v -0.22233430 0.32599643 0.45638451
v -0.02422154 -0.36620933 0.16382089
v 0.24367163 -0.11075735 0.47580630
v 0.03652874 -0.17466202 -0.75408328
v -0.05811907 -0.02204370 -0.27826959
v -0.55766332 0.30185962 -0.20352735
v 0.18821189 0.06024610 0.48204124
v -0.06727691 0.22786151 -0.15995409
v -0.25356573 0.23753215 -0.16177498
v -0.10552194 -0.31088725 0.46641731
v -0.51798069 0.14553107 0.05091143
v 0.74416912 0.01702907 0.22465919
v -0.18520457 0.30499321 -0.03038723
v 0.08811016 -0.23786794 0.51535404
v 0.20019479 -0.38781655 0.12400123
v 0.01064723 -0.30615380 0.36180520
v -0.19913435 0.01783767 -0.43756393
v 0.23458658 -0.19834638 0.49157983
v -0.40914956 -0.16407962 -0.08990400
v 0.59489852 0.20482704 0.32912487
v -0.32414219 0.25954455 0.18911739
v 0.08455168 0.22659838 -0.22185248
v -0.47059521 -0.07629722 0.15479471
v 0.50991005 0.09898929 0.49446562
v 0.47989309 -0.00047848 0.51140487
v -0.51438892 0.00232110 0.10089011
v 0.50233930 0.20509052 0.40330973
v 0.52702242 0.18097709 0.43628940
v 0.48313999 -0.06929422 0.49207798
v 0.26219735 -0.23705988 -0.17324679
v -0.04180107 -0.18502165 -0.19875546
v -0.30251658 0.17975670 0.42792022
v -0.02362179 -0.21539789 -0.69759846
v -0.43808249 -0.26215529 -0.59480530
v -0.20130381 0.20657368 -0.27975491
v -0.45859221 0.11040165 0.17953616
v -0.32303604 -0.59144938 -0.62869376
v -0.28986648 -0.22889382 -0.08390050
v -0.05474654 -0.01693887 -0.27710193
v -0.31201971 -0.41546452 -0.61178356
v -0.54226422 0.09008018 0.00686653
v -0.30065712 0.29361901 -0.22202963
v 0.04449280 0.09581720 -0.27410784
v -0.01132035 -0.25717771 0.52054358
v -0.04142714 -0.19522870 0.33588082
v -0.54460073 0.13547117 -0.38642663
v 0.00514852 0.37732145 0.43057641
v -0.01488212 -0.37273934 0.07680774
v 0.20288318 -0.13942121 -0.26856330
v 0.28445962 0.38215420 -0.00365511
v 0.07303618 0.07100871 -0.28939918
v -0.43123901 0.08910494 -0.52984887
v -0.48605043 0.32278100 -0.15780841
v -0.28141558 -0.12864587 0.26221141
v 0.03606056 -0.19082898 -0.70457852
v 0.15548874 -0.16614303 -0.24095260
v -0.24820657 0.12500894 0.42748049
v -0.27435401 -0.09069970 0.40790054
v 0.02818592 -0.10256101 0.48209721
v 0.37825182 -0.31015229 0.34968308
v -0.07352546 0.25684208 -0.11791047
v -0.32776177 -0.28552249 -0.46208635
v -0.14934394 -0.18752879 -0.21917684
v -0.39941990 -0.13107429 -0.38703915
v 0.07743863 0.22183652 -0.22304788
v -0.48978612 0.08106482 0.15142207
v -0.31432515 -0.27419260 -0.47779164
v -0.07874241 0.11085050 0.51226056
v 0.45087498 -0.03413982 0.51135665
v -0.13062108 -0.28876626 0.52291709
v 0.35150865 -0.27145404 0.45246685
v -0.04581557 -0.27386066 -0.01383299
v -0.15091972 0.27268663 -0.11251022
v -0.18885761 0.31256744 0.45303199
v 0.47615203 0.25432432 -0.08327000
v 0.13453111 0.09813286 0.48257425
v 0.22113745 0.42163193 0.20063169
v 0.29464871 0.34172833 -0.04310597
v 0.20498542 -0.36097535 0.00480702
v -0.32345685 0.25174433 -0.14248040
v 0.02651446 0.34148085 0.20644306
v 0.61139113 0.07894886 0.00347771
v -0.02194089 -0.01338303 -0.26808053
v -0.41303873 -0.14005210 -0.26071489
v 0.04617101 -0.25224686 -0.76034278
v -0.08470967 0.27257618 0.40476370
v -0.58160555 0.06614182 -0.25270417
v 0.12429146 0.36332488 0.48321801
v 0.05660915 -0.24001446 0.51323557
v -0.33803526 -0.14135817 -0.34428439
v 0.02262563 -0.38921973 0.20307441
v 0.56303763 0.22360054 0.18690264
v -0.05992441 -0.13129139 -0.24255349
v 0.04287080 0.41259181 0.10412335
v 0.41139761 -0.13455033 0.47858325
v -0.12506825 0.29564369 0.03064062
v 0.62046218 0.09001987 0.08611903
v 0.22269559 0.23408125 -0.24373592
v -0.32583648 -0.22715665 0.12995560
v 0.08810988 -0.29060209 -0.77514488
v -0.19522806 0.00602113 -0.39524522
v 0.07412537 -0.24774566 -0.63950026
v 0.02403136 0.38578013 0.05268078
v -0.23274052 0.07607546 0.42585999
v 0.16110313 0.40909159 0.00649692
v 0.02700258 -0.32098716 0.46093959
v -0.37539688 -0.00166739 0.45880222
v -0.23904739 0.33120224 0.46069685
v 0.52971894 -0.20633200 0.21687822
v -0.37479204 -0.07593594 0.47418609
v -0.00594272 0.27817872 0.36738095
v 0.28626627 -0.22685087 0.51833087
v -0.28901514 -0.21750927 0.17683269
v -0.35767680 -0.23671450 -0.60914940
v -0.32196310 -0.18987861 -0.54677916
v -0.44539419 0.29769206 -0.13314790
v -0.28235346 0.29258487 0.16174567
v 0.44535613 0.01412777 0.51599729
v -0.06620652 0.28456563 0.21715666
v 0.40038842 0.36432669 0.18936217
v -0.23774254 0.28989777 0.16894820
v -0.27366361 -0.21222568 0.19157696
v -0.09868367 -0.02546677 0.52263761
v -0.14064036 -0.01408682 0.52134669
v 0.51501703 -0.20788521 0.28866565
v 0.36482358 -0.21602800 -0.14707406
v 0.58834189 -0.07300546 -0.05196631
v -0.17707556 0.18862703 -0.20769864
v -0.30772844 -0.28622720 -0.57255429
v -0.56256521 -0.00258127 -0.23282917
v 0.60160732 0.08882799 -0.02768818
v 0.33841783 0.19770539 -0.26341176
v -0.32965994 0.01420891 0.29715338
v 0.45804235 -0.02234843 -0.23985378
v 0.13072529 0.30651510 -0.06943868
v 0.31234041 0.03507424 -0.31681368
v -0.40838352 -0.42039704 -0.61585659
v 0.62688798 -0.02118933 0.16329314
v 0.43700999 -0.28511298 0.30349579
v -0.33743602 -0.48689681 -0.68577266
v -0.33107564 -0.15568206 -0.19343351
v -0.16432652 -0.25749788 -0.03754541
v -0.31195316 -0.18826336 -0.45709407
v 0.14448616 0.18282072 0.47876537
v -0.18003459 0.00680340 -0.53637618
v -0.42932311 0.23213169 -0.08903150
v -0.17746355 0.07192261 -0.34403136
v -0.25838253 0.02141738 -0.53335786
v 0.33516195 0.02877836 -0.31049579
v 0.62673086 -0.11201286 0.38302776
v -0.49616334 0.34506685 -0.19162782
v 0.37708819 -0.29452983 0.37087333
v 0.14702001 0.31975418 0.51373422
v 0.05563407 0.04778142 -0.28659928
v -0.42438412 -0.19052286 0.02806941
v -0.36171865 0.32075030 -0.38993433
v 0.73924488 -0.01217950 0.31053278
v 0.03087106 0.23716722 -0.18157847
v 0.50654733 -0.21355355 0.29765067
v 0.05987680 0.41836223 0.07740266
v 0.24287051 0.28383651 -0.16982022
v 0.52083290 0.24813502 0.32093894
v -0.57106489 0.05120059 -0.18657053
v -0.18223785 0.10777808 -0.34050852
v -0.00365688 -0.15454656 -0.64407045
v 0.44013596 -0.28730264 0.14699316
v -0.18056701 -0.18142158 0.48487946
v -0.56911713 0.20266682 -0.24078134
v -0.46485984 -0.06513674 0.16668633
v -0.52777106 0.15621251 -0.16518761
v 0.30886105 -0.19460639 -0.21962845
v 0.09216690 0.28565586 -0.13709369
v -0.16028413 0.30390555 0.09365269
v 0.41076410 0.12424047 -0.26852992
v 0.21291848 -0.15973711 0.47521740
v 0.66728944 -0.08224688 0.38014939
v 0.19743121 0.31626302 0.51366031
v -0.11965242 -0.26993257 0.00997695
v 0.30843914 -0.30310822 -0.01287443
v -0.04269843 -0.32537711 0.08047494
v -0.04141931 0.14808525 0.50619870
v 0.41658139 0.28522801 0.44632578
v 0.29655725 0.41019729 0.14104962
v -0.04120827 -0.19397601 0.34383038
v 0.49572340 -0.20769110 -0.02317793
v 0.00695942 -0.08195932 -0.25660926
v -0.02609576 -0.17143595 -0.20979583
v 0.62731814 0.03560437 0.12330350
v -0.30079314 0.28652450 0.43311346
v -0.02179611 -0.32106221 0.24050587
v 0.62614781 0.01147859 0.09188236
v -0.17693703 0.12431958 -0.32421672
v -0.07852641 -0.09357149 -0.49110773
v 0.16702650 -0.37222469 0.01348380
v -0.25253272 0.01717704 -0.53658020
v -0.01506920 -0.09385331 -0.25099599
v -0.02680076 -0.33053616 0.21150792
v 0.10107110 -0.27525029 -0.78479666
v 0.09046249 -0.18081366 -0.61881602
v 0.39381537 -0.24373110 -0.07759935
v -0.02035943 -0.34160587 0.21400626
v 0.50034547 0.28071901 0.23890202
v -0.16507509 -0.25943705 -0.01764287
v -0.07694665 -0.10103475 -0.69730043
v 0.50177181 0.17085238 -0.17237382
v -0.52267176 -0.05800903 -0.19737613
v -0.00322060 -0.38576192 0.13780999
v -0.39324847 0.28642637 0.03409350
v 0.53796285 0.18707955 0.42817158
v -0.21090242 -0.21800447 0.17265442
v 0.59362358 -0.08994591 0.42778426
v 0.42491168 0.35227570 0.16384365
v 0.05687159 0.41917512 0.08588574
v -0.52018940 0.03365442 -0.10717852
v -0.54723328 0.29868057 -0.29135370
v -0.20533437 0.31807086 0.44929525
v 0.11434650 0.41845191 0.15912461
v 0.62572038 0.04063583 0.10647248
v -0.28568080 -0.09040324 0.52440935
v 0.17517741 -0.23535803 -0.16399117
v -0.01972864 -0.20380525 -0.59434628
v 0.42179886 -0.20680732 0.43063819
v -0.39748880 -0.40464127 -0.57894230
v -0.22401568 0.09608842 -0.47775528
v -0.31539699 0.25080836 -0.38672614
v 0.10429842 -0.12411284 0.47889963
v -0.51967102 0.16396762 -0.16072623
v 0.17162511 -0.06732759 -0.30019167
v -0.44922596 -0.11533017 -0.19473179
v -0.16883062 0.31435189 0.47484484
v 0.04089236 0.07713708 0.48473927
v -0.39368191 -0.41548672 -0.68804127
v -0.29352596 0.30867741 0.08439270
v 0.05668675 -0.40313557 0.08503579
v -0.37094277 0.15532823 0.24264959
v 0.25647128 -0.27966452 0.46687344
v -0.27186212 -0.08723143 0.40403059
v 0.45278746 0.00286520 -0.24768485
v -0.39242336 0.26026636 0.13214792
v 0.00615273 -0.31569886 0.43139395
v -0.45113176 -0.15778193 0.08381294
v -0.52107394 0.12234893 -0.07142540
v 0.24727066 0.42363039 0.08356439
v 0.40300548 -0.30450767 0.12745526
v -0.00844619 -0.28081739 0.52316791
v -0.31715813 0.18294054 0.43827608
v -0.07024950 0.29965663 0.51342648
v -0.18317357 0.00529861 -0.45435524
v 0.47633865 -0.23259242 -0.01083908
v -0.35807779 0.29364446 -0.00081211
v -0.29344803 0.30826408 0.08595207
v -0.48485729 -0.03045169 0.16194336
v -0.36921135 -0.00019352 0.45280695
v 0.22953476 0.27135244 -0.19726610
v 0.43691924 0.34848538 0.14874423
v -0.12554953 -0.16627535 0.37811169
v 0.31713673 0.24167927 -0.21751866
v 0.57187557 0.21334323 0.05916788
v -0.33589023 -0.22633576 0.00505486
v -0.38582432 -0.14696328 0.19165079
v 0.47122496 -0.03148144 -0.22728343
v -0.51406258 -0.04802005 -0.37461886
v 0.25225747 0.41694725 0.13256559
v 0.59908903 0.04245353 0.46702519
v 0.50506699 0.17242189 0.45245880
v -0.29857337 0.05450041 -0.53042650
v 0.40986702 0.28839421 0.45819762
v 0.47753224 0.30636650 0.04021282
v -0.00855331 -0.20739473 -0.59842056
v 0.04138586 -0.18414910 -0.74860066
v -0.18769993 0.16854195 -0.30856881
v -0.13921632 0.23851876 -0.15422858
v -0.43441784 -0.13105135 -0.50255603
v -0.26727176 0.23353530 0.39984056
v 0.27454108 0.10329992 -0.31540582
v -0.31675249 -0.47163126 -0.56093025
v 0.54784167 0.19940674 0.40400669
v -0.40128729 0.36035803 -0.35319939
v -0.10604897 -0.32467186 0.51304865
v 0.22421408 0.35942039 0.39972281
v 0.38110250 0.36873850 0.21422203
v -0.06225768 -0.21278246 0.24880512
v 0.47008988 0.24936037 -0.11456343
v 0.35891110 0.37906364 0.09224226
v -0.42521137 -0.06573213 -0.51919430
v -0.37168580 -0.18586031 -0.08890472
v 0.39873633 -0.30641314 0.15040453
v -0.08459879 -0.18447593 -0.20063253
v -0.41738975 0.38351455 -0.20725401
v 0.11410500 0.13761416 -0.28767982
v 0.02065192 -0.21414585 0.48047113
v 0.33550990 -0.32456258 0.31617603
v 0.54252964 0.17081903 -0.10908829
v 0.40962201 -0.19513850 0.45833981
v -0.22051594 -0.08028955 -0.44046906
v -0.36062723 -0.20512532 0.15528166
v -0.54170877 0.20457086 -0.40299049
v -0.48058498 0.34687930 -0.36088496
v -0.46470147 -0.09513709 -0.17316823
v 0.35331932 -0.05481384 -0.29441023
v -0.31057385 -0.22223261 -0.47712615
v 0.13387579 -0.40221000 0.07733438
v 0.01774997 0.28446180 0.31668207
v -0.36999092 0.28045419 0.11757316
v 0.57349014 0.10781287 0.46836466
v 0.50087380 -0.13206612 -0.15402667
v 0.21385227 -0.34392956 0.34106073
v -0.28268462 -0.18531911 -0.18459509
v -0.51032621 0.11041415 -0.50632328
v -0.24270733 0.10073943 -0.51107264
v 0.73004431 0.12207913 0.24035574
v 0.48489195 -0.23486677 0.00700978
v -0.38339689 0.38619757 -0.20627442
v 0.58996993 -0.09685163 0.25236833
v 0.23624684 -0.26594752 0.51528275
v -0.44871676 0.03858165 0.21348110
v 0.10636438 0.20271331 0.47803831
v 0.60439312 -0.08610652 0.01758871
v 0.53799510 -0.17024651 -0.03204749
v -0.38201988 -0.08641329 -0.54077017
v -0.38385510 -0.27568156 -0.44995227
v -0.41846910 -0.13639848 0.18011767
v 0.15406033 0.42375800 0.17694548
v -0.29640156 -0.23219945 -0.00790339
v 0.30269861 -0.02656545 -0.31372026
v 0.11458998 0.28970721 -0.14044572
v 0.03844776 -0.11720010 -0.54604346
v -0.02278658 -0.15461084 -0.74239123
v -0.06642899 -0.26260898 0.16856021
v 0.46314871 -0.26205254 0.29104149
v 0.12955734 -0.32220584 -0.71141350
v 0.73814452 0.08785210 0.32523984
v -0.19199939 -0.11957615 -0.51198030
v -0.55020106 0.17092146 -0.41411114
v 0.61887091 -0.12222347 0.36124671
v 0.34780031 0.08238091 -0.30373943
v 0.01506233 0.18762919 0.48160094
v 0.28353873 0.37443984 -0.01661416
v 0.54807371 0.15028431 -0.12028918
v 0.56254542 -0.12542903 -0.06060399
v 0.24254774 0.21403621 0.47391403
v -0.47903073 0.05143269 0.16513504
v 0.21579145 -0.08740150 -0.29778355
v 0.14533395 -0.30725962 -0.67092282
v -0.07375713 0.26653975 0.31077391
v -0.42803675 -0.45957312 -0.66110086
v -0.22410503 -0.09427608 -0.57229108
v -0.56432801 0.14918256 -0.19879177
v 0.01152111 0.35668600 0.39818493
v 0.09629864 -0.19010371 -0.20837043
v 0.12368875 0.26223400 -0.19226995
v -0.06958073 0.33759758 0.45226744
v -0.28982383 -0.13122270 -0.33695829
v -0.11368222 0.20324114 -0.19951847
v -0.38044733 -0.29503483 -0.64387989
v -0.26946667 -0.11174724 -0.39116454
v -0.40839908 -0.49380139 -0.73232681
v -0.38342413 -0.14788784 -0.28243712
v -0.17475730 -0.22162817 0.51515847
v 0.23424034 -0.36411247 0.03008043
v 0.22625551 -0.34742424 -0.00582035
v 0.57479215 -0.12677464 -0.01172926
v 0.02142870 -0.29277244 -0.01122999
v 0.25219622 0.41467425 0.15854497
v -0.54639781 0.17849568 -0.40820697
v 0.14518766 -0.29573163 -0.65593863
v 0.00240808 0.26690561 0.27774921
v -0.27004182 0.02743772 -0.52996141
v -0.23504032 -0.07069394 -0.58267653
v 0.37789544 -0.18136790 -0.20097736
v 0.30599207 0.39430904 0.03026795
v 0.10257726 0.33291593 -0.03826763
v -0.51569712 -0.00574314 -0.46470994
v -0.25885513 0.22324045 -0.34994665
v 0.33787745 -0.26469907 -0.05661974
v -0.36795995 -0.02948586 0.52191573
v -0.25564310 -0.10942305 0.29020211
v -0.33145195 0.22628319 0.44717908
v -0.55709308 0.29717803 -0.19581562
v -0.19450761 -0.21585415 -0.16146903
v 0.53310835 0.20274590 0.36811733
v 0.49425492 0.25388715 0.35212898
v -0.56785941 0.15375669 -0.20900539
v 0.61711645 0.04605450 0.01786608
v -0.04994268 -0.22349459 0.27037337
v 0.43802962 0.07213461 -0.25927895
v 0.56684083 -0.09503704 -0.07548480
v 0.17093852 -0.33721736 0.38285887
v 0.42256451 -0.19549736 0.43498737
v -0.01898250 -0.31622061 0.02733815
v 0.53087664 -0.01836463 -0.16781312
v 0.29673135 -0.28726688 0.42590794
v -0.09713030 -0.23594396 0.14327653
v 0.58694625 -0.01832323 0.47107202
v -0.07139485 -0.15930614 0.36473483
v 0.62254769 -0.04226360 0.16975817
v 0.09878157 0.16569263 0.48074245
v 0.59391594 0.09462802 -0.04431674
v 0.25864422 -0.12596488 -0.27751943
v 0.52513111 0.27186057 0.02110275
v 0.51707846 -0.00068797 0.50277680
v -0.52972782 0.30906489 -0.16984788
v 0.33291072 -0.06817766 -0.29659560
v 0.15535618 0.16310813 0.47971624
v -0.15583041 -0.25191322 0.46792641
v -0.52504915 0.31182846 -0.16832714
v 0.73633003 0.04610567 0.34201261
v -0.18421637 0.24032143 0.32123503
v 0.32743394 0.38771471 0.25341868
v 0.34582725 0.31963599 0.40111205
v 0.05618155 0.34299827 0.39074472
v -0.45154876 -0.13723807 -0.07658023
v 0.52845687 -0.06862832 0.47951278
v -0.42659613 0.24886632 0.10399111
v 0.44183806 -0.12907103 0.44752014
v 0.62733549 0.05457027 0.13754793
v 0.18751341 0.43302754 0.15001115
v -0.55116940 0.03204139 -0.34706962
v -0.06336324 -0.06075127 -0.51916045
v 0.43393335 -0.27193668 0.03460044
v -0.28647843 0.31569701 0.50733060
v -0.35912919 0.10493734 0.27615562
v -0.30786055 -0.26714143 -0.49755552
v 0.43244177 0.28321797 0.36940649
v 0.51233393 0.15511407 0.46857747
v -0.35564187 0.28301466 0.12798017
v -0.46438891 0.06125236 0.19619438
v 0.19370669 -0.28040588 -0.04684439
v -0.08565313 -0.26099986 0.10830696
v -0.38424057 0.36269361 -0.31958437
v -0.33341026 0.04066116 0.51943994
v 0.24533878 0.09736315 -0.31636468
v -0.41834620 0.34819409 -0.38446355
v 0.07998783 -0.06544183 -0.27775848
v -0.36304256 0.03725075 0.49774671
v -0.52711368 0.31442499 -0.32756346
v -0.51027858 0.35197577 -0.28890112
v 0.70992529 0.09692859 0.38085580
v 0.34548312 -0.12226479 0.51655447
v 0.08615740 0.13018705 -0.28003761
v -0.10780315 0.25058123 -0.12716955
v 0.57260013 0.20702480 0.36543030
v 0.39190400 -0.20166001 0.48499194
v 0.12821566 -0.39949563 0.17174447
v 0.47147691 0.23549953 0.42016158
v -0.05581998 0.31043127 -0.02275054
v 0.46622244 -0.27127039 0.19732444
v -0.21508171 0.22253151 0.37968490
v 0.03317361 0.28502262 -0.11440002
v 0.66894579 0.10432904 0.41680896
v -0.34886211 0.17540102 0.24601518
v 0.32959566 0.40026599 0.15499562
v 0.37831330 0.31471720 -0.08134694
v -0.10069049 0.22035873 -0.17376901
v -0.18845430 -0.04011743 -0.42742395
v -0.55401421 0.29264113 -0.28285661
v 0.39201361 -0.25967747 0.43851647
v -0.04655170 -0.06812964 -0.52451169
v -0.26834920 0.20874746 0.40064532
v -0.49884555 -0.08100293 -0.05939260
v -0.06166963 -0.06644033 -0.27203745
v 0.60172451 -0.05350773 -0.02445105
v 0.01272247 -0.23466519 0.49854386
v 0.15641879 0.28675416 -0.15956606
v 0.30735895 0.34859633 0.40248024
v -0.07419554 0.28930831 0.14342616
v 0.21606307 -0.34577450 -0.01030472
v -0.28406143 -0.06237547 -0.51465797
v -0.04115085 -0.31561390 0.42985362
v -0.23902006 0.17289945 0.51739776
v -0.39887166 0.08436923 0.25589350
v 0.24039255 0.23778999 -0.23614147
v 0.62514496 0.10334495 0.18813711
v 0.09885221 0.38520110 0.28711703
v -0.49806643 -0.06454919 0.10048307
v 0.58572054 0.09247832 -0.06381194
v 0.37581962 -0.31785929 0.08279253
v -0.29115182 -0.06609325 0.40820038
v 0.35256338 0.18308400 0.51266766
v 0.23054813 -0.19242743 0.48344353
v 0.09175614 0.13986205 -0.27815962
v -0.02215686 -0.15699741 -0.22026454
v -0.41767672 -0.19386125 0.01792205
v -0.22751147 0.30723864 0.00546616
v -0.41162375 -0.36796913 -0.58353764
v -0.17385137 -0.19178218 -0.21340258
v 0.11431547 -0.10216919 0.47934029
v 0.03080958 0.30747807 -0.06557731
v -0.51251704 -0.03593209 -0.07682911
v -0.05577164 0.19754525 -0.20253767
v -0.11156920 -0.24178658 0.52214020
v -0.26852909 0.29780018 0.15594678
v -0.04327598 -0.29528210 0.20743386
v -0.12488212 0.27658862 0.30438596
v 0.58085674 -0.02986483 -0.09196156
v 0.48678395 -0.07650872 -0.20143354
v -0.23171553 -0.21777709 0.17802748
v 0.02646027 -0.27797377 -0.04638695
v -0.29507357 -0.10811822 -0.41921502
v -0.32446519 -0.22936518 0.12300288
v 0.03526877 -0.19002661 -0.69476908
v -0.45033801 -0.40557301 -0.63561177
v -0.18985628 -0.00980720 -0.36087570
v 0.55201781 0.17106809 -0.09197585
v -0.21711588 0.29176232 0.17392078
v 0.35412303 -0.04127986 -0.29708055
v -0.47486433 0.20361362 -0.04257129
v -0.40936857 -0.30621192 -0.47090220
v -0.33365962 -0.33302650 -0.47140464
v -0.32526743 -0.17786430 -0.42960319
v -0.24638315 -0.01000601 -0.55937105
v -0.08382971 0.30458257 0.09405239
v -0.53746343 0.00771334 -0.03693439
v -0.37583613 0.01653661 0.51195490
v -0.54915482 -0.02520864 -0.25916007
v 0.44307551 -0.26843205 0.03508834
v -0.36412644 -0.17192899 -0.12937362
v 0.53078169 0.25516167 -0.00401761
v 0.02720780 -0.32072365 0.46383744
v -0.24758619 0.23093592 0.24629475
v -0.07862352 -0.23109746 0.18030249
v -0.06300118 0.08722924 -0.27311748
v -0.06113801 -0.10552444 -0.63336051
v 0.73069614 -0.02820752 0.23093678
v 0.59449607 0.16281861 0.03914541
v 0.03806113 -0.40496776 0.13477266
v 0.59353548 0.20467386 0.32907283
v -0.03505840 -0.21317270 0.33828017
v 0.25782606 0.41263834 0.23901141
v -0.51090908 -0.01011455 -0.47383231
v -0.53879261 -0.03513669 -0.33612880
v 0.56657702 -0.12523524 -0.04836561
v -0.51832539 -0.00184051 -0.43981937
v -0.42198694 -0.24798208 -0.47944075
v 0.00796595 -0.37690657 0.20756009
v -0.33327839 0.27274957 -0.43779585
v 0.33968064 0.38762501 0.08344601
v -0.36505848 -0.14678764 -0.18141955
v 0.39705747 -0.13598190 -0.22954583
v 0.55530000 0.23752588 0.09073541
v -0.21366483 0.09310474 -0.40605286
v 0.32028323 0.40083650 0.12983444
v -0.48532146 0.12328766 0.13923252
v -0.11135633 -0.27191824 0.03434886
v 0.09771005 0.29113039 -0.12792945
v 0.07859898 0.20878561 0.47847137
v 0.61981726 0.18663916 0.27574208
v 0.33366799 -0.03748263 -0.30516848
v -0.07882262 -0.14010417 -0.24551705
v 0.37209576 -0.21451254 -0.13979621
v -0.39085191 -0.43986395 -0.50644201
v -0.20123456 0.21106148 -0.23509143
v -0.42095274 0.24272177 -0.10599169
v 0.40937513 0.33199346 -0.02424395
v -0.41003948 -0.32786211 -0.49937159
v 0.13561191 0.40379885 0.21915865
v -0.58056664 0.14412986 -0.23569760
v -0.34539118 -0.23395045 -0.43724123
v 0.47400850 -0.06794803 -0.21460229
v -0.47388253 0.20294943 0.09993942
v 0.27661109 -0.14845732 -0.26008496
v -0.38703090 0.38444892 -0.26905560
v 0.65402776 0.07766263 0.18404442
v -0.24744838 -0.08863372 -0.49312568
v -0.49803445 -0.07799532 -0.07003153
v 0.62247896 -0.00358178 0.04144707
v 0.45967209 0.14865434 0.48973617
v -0.30947503 0.23347585 0.42006955
v -0.23927088 -0.09290962 -0.36273539
v -0.43258825 -0.17929222 -0.51117170
v -0.18042076 0.28622147 -0.06820178
v 0.32366568 0.40178561 0.15212378
v -0.05121620 -0.09448693 -0.67646646
v -0.15414450 -0.23060594 0.15497273
v 0.27291667 -0.00012100 0.51716298
v -0.05408033 0.35675636 0.44762731
v -0.32297292 -0.15300441 -0.52229720
v 0.62616253 0.04083065 0.11150841
v -0.32926041 -0.23183596 0.10877492
v -0.46025696 0.36404923 -0.35284737
v 0.30329576 -0.28407300 0.43503192
v -0.37754104 -0.21241735 0.03879276
v -0.55914158 0.08210675 -0.44911289
v 0.10835601 0.34281492 0.40154999
v -0.12181969 0.29833081 0.16063021
v 0.12033026 -0.38711467 0.25289893
v 0.61835265 -0.01215010 0.00864629
v 0.72007388 0.09823169 0.36579144
v -0.15080738 -0.13414176 -0.51173353
v -0.02012333 -0.19617051 -0.73112518
v -0.22452471 -0.15111001 0.44124734
v 0.04537069 0.32143548 0.34602058
v -0.38054973 -0.13014348 -0.56321925
v 0.54784858 0.10409070 -0.13878016
v -0.11549900 0.30013669 0.05280231
v 0.31691760 0.12087361 -0.30687523
v 0.07825032 0.15014748 -0.26645586
v 0.10957244 0.41741052 0.15832654
v 0.38582629 0.07847640 -0.28767508
v 0.48454544 -0.01630355 -0.21928419
v 0.59913784 -0.10878609 0.13491431
v 0.01796585 -0.17623153 -0.67519504
v -0.47038770 0.19778322 -0.13106348
v -0.14861731 0.29786950 0.01463781
v 0.27999550 -0.25860357 0.51252669
v 0.03564948 -0.23751400 -0.14471716
v 0.59445113 0.14541669 0.44303402
v 0.40777922 0.34350869 0.30339855
v 0.56148100 -0.11113734 -0.07351499
v 0.15725507 0.02221869 -0.31007433
v -0.01325124 -0.13995081 -0.69086224
v -0.32103312 0.30465627 -0.18690550
v -0.02622757 -0.33016244 0.50253814
v 0.15849213 -0.01525109 0.48017871
v -0.30044195 -0.08510140 0.52450657
v -0.28835535 -0.20655952 -0.14529437
v -0.30569756 -0.33804902 -0.52228069
v -0.47840232 -0.08385020 0.13009104
v 0.68411446 0.17597795 0.27171534
v 0.50837475 0.01928044 0.50786883
v 0.21192980 0.33585706 0.45730478
v -0.48480350 0.15117675 0.13025990
v -0.29827181 0.26059836 -0.18444993
v -0.23274338 -0.08576794 0.52446330
v -0.55316430 0.09653731 -0.36931026
v 0.18572760 0.08705617 0.48137695
v 0.73624212 0.08918817 0.21765606
v -0.48538840 0.18015322 -0.07418495
v -0.18907186 -0.02450492 -0.35028583
v -0.46546963 0.37308222 -0.33163589
v 0.52491045 -0.06707370 -0.16283979
v 0.46463782 0.24575406 -0.12812977
v -0.08380613 0.30395710 0.09834892
v -0.34600073 0.01899215 0.52015221
v 0.61593056 -0.12420585 0.34513715
v -0.07958294 -0.11912542 -0.26168013
v -0.39169529 -0.17911397 0.15813161
v -0.44229898 -0.41484454 -0.63586390
v 0.37813798 -0.06884506 0.51659608
v -0.25221577 0.23851085 0.23867494
v 0.14070792 -0.28027108 0.51342863
v -0.44074970 0.26128414 -0.47323054
v -0.20888944 0.05349640 0.36812475
v 0.00449905 0.03316597 -0.27274621
v 0.00702800 0.35263476 0.39570057
v -0.16253784 -0.02411979 -0.30829754
v -0.02032114 -0.30759400 0.27308694
v 0.34162807 -0.18909109 0.51713645
v -0.29482102 0.21262649 0.41219786
v -0.33459127 0.23584752 0.45683587
v 0.60268813 -0.07558691 0.22274546
v -0.30415088 0.03097705 -0.52975756
v -0.15735413 0.30221337 0.44299030
v -0.34246218 -0.13960101 -0.39763597
v -0.41989577 -0.22030982 -0.49856600
v 0.48125187 -0.19264777 -0.09488571
v -0.01096268 0.23735067 -0.15888366
v 0.15329139 0.34789112 0.43156439
v -0.56280231 0.28847325 -0.26524448
v -0.06668088 -0.24847244 -0.09473606
v 0.11363962 -0.25781059 -0.71646106
v 0.39059463 -0.24035066 -0.08230218
v -0.04617300 -0.26213655 -0.07577624
v 0.39554730 -0.19552206 -0.16714799
v 0.22959825 0.15009910 -0.30265716
v 0.36095360 0.22977243 0.51262647
v -0.12409136 -0.22823323 0.16654235
v -0.39078525 -0.43985301 -0.59397632
v 0.58081776 -0.10698806 0.29865751
v -0.13151062 -0.23067097 -0.13606146
v -0.09752499 0.30210549 0.11753566
v 0.59899986 -0.05690814 0.44900236
v 0.51927000 0.19642770 0.39947048
v 0.47449014 -0.17652793 0.39904025
v -0.24342066 -0.25516593 -0.03163950
v 0.23475093 -0.37843052 0.09343757
v 0.08879592 -0.18454659 -0.21015307
v 0.33104399 -0.27131960 0.46177173
v -0.48413774 0.00101361 -0.50711590
v 0.74039179 -0.01963574 0.26245341
v 0.15425588 0.13326530 0.48075253
v -0.09667723 -0.18363795 0.27449384
v -0.13230856 -0.04149862 -0.62899077
v 0.46947294 0.08968253 -0.23246789
v -0.16321626 -0.25875282 0.06944449
v -0.44073483 -0.13624980 0.14598386
v -0.32617214 -0.14530945 -0.29355568
v -0.51135725 0.25923812 -0.42751974
v -0.07286017 0.09363263 -0.27326402
v 0.72536069 0.03315887 0.36693016
v -0.06188761 0.31005803 -0.01667664
v -0.17781033 -0.20232682 0.21598414
v -0.27420926 0.10887919 0.30085206
v 0.58954364 0.18335570 0.13796204
v 0.14810310 0.42074999 0.17830439
v -0.38306433 -0.05862110 0.25302228
v -0.29787645 0.09759471 0.48410121
v 0.00471135 -0.35810280 0.23577464
v 0.71025896 0.15225175 0.30218047
v 0.55981874 -0.16660675 0.14478944
v 0.09123725 -0.34280047 -0.01266688
v 0.01105637 -0.16108918 -0.76223946
v -0.35111168 -0.48521125 -0.69811362
v 0.59722495 0.16970359 0.12349017
v 0.39414281 0.33071417 -0.04029696
v 0.02837687 0.21930571 -0.20116594
v -0.06065341 -0.28704673 0.07236299
v 0.21374324 0.21856529 -0.25610837
v -0.36545181 -0.13521332 -0.56018025
v 0.14035405 -0.38258645 0.23246484
v 0.61131305 -0.06104613 0.20376007
v 0.29873562 -0.09434727 -0.29288816
v 0.29602385 -0.23082359 0.51768905
v 0.53265911 0.25483817 0.27856803
v 0.56303906 0.22278309 0.03314498
v 0.57893848 0.17769004 -0.00728826
v 0.19337843 0.39436090 0.33669263
v -0.56176239 0.23055267 -0.28796420
v -0.51122677 0.16764978 0.01305465
v 0.12077397 0.06930316 0.48283163
v 0.63489211 0.00114796 0.44733664
v 0.32810828 -0.26565742 -0.04877270
v -0.19022706 0.29794633 -0.05069849
v 0.49170402 0.06909466 -0.21418145
v -0.13473657 -0.02983889 -0.58263707
v -0.12645385 -0.20866154 -0.17280003
v 0.14160785 0.14136909 -0.29470617
v -0.16048416 -0.22224522 0.17965093
v 0.31163737 -0.33882049 0.22859398
v -0.18079352 0.17245726 -0.23241250
v -0.07382455 0.26159322 0.38207895
v -0.18916221 -0.20756225 0.18759015
v 0.50641018 -0.02613392 0.50098979
v 0.27263382 -0.02443966 0.51643801
v 0.01089657 0.35949329 0.04026718
v 0.64281452 0.08643853 0.44037974
v -0.52602232 0.03342047 -0.14037801
v 0.49239698 0.15671845 0.47331825
v -0.02615043 -0.11965843 -0.69322205
v -0.22849552 0.23404920 -0.21793926
v 0.35642046 0.36650833 0.27498785
v -0.07195771 -0.22012056 -0.16038793
v 0.06696584 0.35842970 0.30126998
v -0.32624459 -0.28921619 -0.60330743
v 0.44275737 0.09764730 -0.25340188
v -0.56444675 0.18781988 -0.29278579
v 0.10662185 0.41396394 0.16892360
v -0.14704980 -0.15282863 -0.61343718
v 0.66399747 -0.01242342 0.42350191
v -0.37548807 -0.21067029 0.12047947
v -0.18754572 -0.15907602 0.42901984
v -0.29161280 0.29269454 0.15326378
v -0.28915584 0.15524173 0.43377164
v -0.30854928 -0.34701321 -0.59218228
v 0.31919923 -0.34707326 0.17182748
v 0.74573994 0.01949676 0.22803995
v -0.54192680 0.01557502 -0.35766390
v 0.02818906 0.40456042 0.10240249
v 0.05354049 -0.26326573 -0.75244671
v -0.31292611 -0.21521747 0.17357223
v 0.45955446 -0.15716223 0.41985071
v 0.19295913 -0.11417703 0.47678223
v 0.43917733 0.34919041 0.13237487
v -0.10457747 -0.29814401 0.44637305
v 0.47826481 0.15891974 -0.20602110
v 0.00636832 -0.37204778 0.21450828
v -0.36194515 0.29859254 0.07814087
v -0.40356109 -0.36835936 -0.56759441
v -0.14969160 -0.14779183 -0.53895396
v 0.02171111 -0.25985089 -0.10988349
v 0.57247776 -0.11158215 -0.05043250
v -0.55107754 0.11478385 -0.38804799
v 0.08538273 0.05469201 0.48319599
v 0.12341389 -0.14076012 0.47774622
v -0.07470454 -0.12002565 -0.25853270
v 0.05311334 -0.38446161 0.25086549
v 0.39079493 -0.23415555 0.46709663
v -0.56558734 0.21268210 -0.27119052
v -0.05570914 0.12729935 0.51918501
v -0.00604505 -0.38500127 0.09455375
v -0.03191332 -0.31024820 0.22653008
v -0.25155750 -0.16738799 0.50656885
v -0.27977204 0.22694653 -0.44461268
v 0.11926820 -0.39247245 0.22771992
v 0.06251104 -0.26330879 -0.77606648
v -0.46214542 -0.15099734 0.00101475
v 0.23664042 -0.16387381 -0.24312736
v -0.36179206 0.03182516 -0.53116077
v -0.56038040 0.09982092 -0.43060035
v 0.41472304 -0.19840957 0.44829598
v -0.48517922 -0.10457771 -0.22951415
v -0.50462377 0.35732672 -0.28098762
v 0.49882817 -0.19695197 -0.05872491
v 0.14958169 -0.16727041 0.47671893
v 0.60833257 -0.08282512 0.10665081
v 0.58884746 -0.10211673 -0.00866229
v -0.24642082 0.17358260 0.28004497
v 0.19647503 0.12310935 -0.30824697
v -0.42074195 -0.52492309 -0.73015219
v -0.35413021 -0.14610849 -0.31853926
v 0.61527765 0.13192146 0.13091202
v -0.33976460 -0.53749722 -0.72692442
v 0.26881865 0.27950534 -0.17054263
v -0.40243235 0.25033274 -0.09066299
v -0.13128813 0.26934710 0.38076174
v 0.25743413 -0.24234234 0.51897979
v 0.14611496 0.23168440 -0.23893142
v -0.28920150 0.04508863 0.43283662
v 0.03277075 -0.23288018 0.49832216
v -0.54464930 -0.02649656 -0.30720326
v 0.25539994 0.13699457 0.48852745
v 0.52340132 0.04250211 -0.17949051
v -0.58367783 0.13177617 -0.23708244
v -0.03450194 0.31989652 0.40327203
v -0.44023362 0.25294229 0.04227839
v 0.23892601 -0.25752077 -0.09353721
v 0.00423419 0.26187170 -0.13565804
v -0.34679061 0.20452206 0.23049168
v 0.48987526 0.14110689 0.48419657
v 0.53067797 0.27130619 0.05866501
v 0.22381930 -0.25671512 -0.10563437
v 0.56716841 0.22488534 0.09722913
v 0.15169549 -0.29337570 -0.04084966
v -0.39935580 -0.14615363 -0.41915217
v 0.56146210 -0.18508147 0.11251673
v -0.22729670 0.11265706 -0.43714130
v 0.24801844 -0.29595578 0.42605883
v -0.06916258 -0.10234140 -0.70050859
v -0.26629594 -0.10422067 0.28456637
v -0.05329338 -0.13372740 -0.51358241
v -0.31767601 0.25497672 0.19750938
v -0.26811129 0.28852102 0.17315698
v 0.30260918 0.28174970 0.51451963
v 0.47318316 -0.16329616 -0.14497916
v -0.13131404 -0.25388867 -0.06449272
v 0.30806211 0.34705916 -0.03585793
v -0.28825665 -0.13674702 0.25319219
v -0.08083292 -0.26021999 0.40746999
v -0.22802381 0.27277920 0.40079296
v 0.42634043 -0.25611371 -0.01433239
v 0.48813176 -0.16606955 -0.12420107
v -0.14507505 -0.02188738 -0.29972869
v 0.41076159 0.21935764 0.49811912
v -0.40862036 0.18943514 0.19959292
v 0.17223167 -0.39584354 0.09984503
v -0.32642084 -0.35485572 -0.48805916
v -0.31803313 -0.52563953 -0.56491613
v 0.74320120 -0.00850335 0.25367287
v 0.33608145 -0.22093280 -0.16292751
v -0.43829271 0.38011119 -0.25813243
v -0.45268914 -0.12776311 0.13415521
v 0.30523500 0.15968692 0.50573385
v 0.17207356 0.41108361 0.28353766
v -0.38591629 -0.23357338 -0.61811537
v -0.40073082 -0.39234820 -0.47902760
v -0.37180236 -0.18701154 -0.59226245
v -0.20308329 -0.19067429 -0.21002455
v 0.48316154 0.16025123 -0.20079222
v 0.17484547 -0.29117271 0.48072878
v -0.31338018 -0.45119581 -0.62816548
v -0.43937302 -0.34880313 -0.64335889
v 0.36130983 0.26415884 -0.15173896
v -0.20852196 -0.11458839 -0.53834730
v -0.47547689 0.20931682 0.03652117
v 0.13085413 0.02881757 0.48239198
v 0.28285101 -0.28893775 -0.02868889
v 0.70384395 -0.07664140 0.28717667
v 0.29909819 -0.33405882 0.32622898
v 0.02258063 0.29148114 0.31226423
v -0.30562744 -0.13990895 -0.30159914
v 0.62408847 0.10027578 0.15242192
v 0.49885195 -0.21691886 -0.00282908
v -0.44600794 0.24171640 0.08463801
v 0.27937025 -0.33359790 -0.00284697
v -0.03476356 -0.15396190 -0.22098982
v -0.39038497 0.11604078 0.24729463
v 0.46056968 -0.03952320 0.50873590
v 0.07005919 -0.21641983 0.48414925
v -0.01877355 0.04132158 -0.26977989
v 0.58624506 -0.13287792 0.17373236
v 0.59944803 -0.05387220 0.45162228
v -0.15218025 0.04461222 -0.30707905
v 0.71629441 -0.04387113 0.33804926
v -0.27711177 -0.06921208 0.29618946
v -0.49594441 -0.04061693 0.13195357
v -0.15436986 -0.15371573 0.52249640
v 0.25004956 -0.28099301 0.46312797
v -0.56698084 0.10210980 -0.32730389
v -0.42966288 -0.17716016 -0.56366801
v -0.55255038 0.20600691 -0.31874371
v -0.02274954 -0.22133869 -0.15605347
v 0.15078664 -0.37518427 0.27925968
v -0.42908323 0.25840893 0.07379941
v 0.12659816 0.42405772 0.08620084
v 0.70998418 -0.06999703 0.29284993
v -0.30574587 -0.52833176 -0.65820700
v -0.32305121 -0.43513849 -0.64029604
v -0.16392167 0.26967862 0.39867714
v 0.17641133 -0.16440323 -0.24682222
v 0.25619552 0.41518438 0.12897412
v -0.34343955 0.24196599 0.50300974
v -0.07226270 -0.22056456 0.39484766
v 0.09554778 -0.14871445 -0.23225896
v 0.50257021 -0.23964970 0.16577052
v 0.06632644 -0.21669848 -0.75553995
v 0.16913562 -0.38097408 0.03432810
v 0.53350145 0.16540197 0.45528400
v -0.21821569 0.09551603 -0.41252080
v -0.25874230 0.24631485 -0.18773417
v -0.11146082 -0.04495394 -0.61263669
v 0.00357065 -0.13562167 0.48176676
v -0.44127527 -0.46524575 -0.70396066
v 0.14972062 0.01478140 -0.30840179
v 0.39000958 0.14228237 -0.26902068
v -0.24262121 0.18107410 -0.39694068
v -0.38494483 0.27395031 -0.47062159
v -0.40395081 -0.06631137 0.23270106
v 0.00041219 0.30558839 -0.05612295
v 0.15226941 0.27205893 -0.18671469
v -0.03735664 0.26119888 0.25523937
v -0.47162324 -0.09313349 -0.11876256
v 0.26725787 -0.34948415 0.27504030
v -0.30580038 -0.59546483 -0.63360929
v -0.22563232 0.30382359 -0.01877110
v 0.01759809 -0.14861028 -0.22919875
v -0.34610006 -0.14771067 -0.23426130
v -0.13108177 0.27152538 -0.10416958
v 0.04971541 -0.26997235 -0.08094808
v 0.12682815 -0.29357862 0.49353170
v -0.04924887 -0.32987431 0.15198325
v 0.30491981 0.32691696 0.42248195
v 0.42248282 -0.25466108 -0.03346656
v -0.26613376 -0.05411926 0.31451008
v -0.45131376 0.13165137 0.18421870
v -0.25151688 0.30482525 0.14084932
v -0.38550591 -0.20641488 -0.60485321
v -0.41483927 -0.03271842 -0.52314621
v -0.20249613 0.16300067 -0.34091112
v -0.08796776 0.28012729 0.28622988
v -0.43540880 -0.21737631 -0.57598579
v 0.18251307 0.40423492 -0.00239140
v 0.59824765 -0.12853713 0.35203677
v 0.11539987 0.35190222 0.50999385
v 0.30941024 -0.35525379 0.15213661
v -0.19345611 0.24341819 -0.14992067
v 0.16984320 0.11909501 -0.30673215
v -0.18166967 -0.08291448 -0.44716775
v 0.46946350 0.23198010 -0.14088367
v 0.05323279 -0.32049954 0.39458683
v -0.26694217 -0.20416810 -0.16567270
v -0.32982925 -0.58404183 -0.73742604
v -0.19049782 0.00756095 0.50506723
v -0.27702650 0.13554002 0.51921481
v 0.09849100 0.29899132 -0.09342564
v -0.01758227 0.27362990 0.36829984
v 0.23064891 -0.14371607 -0.26074272
v 0.25700286 0.41199318 0.23664314
v -0.56320393 0.05269187 -0.33001313
v -0.09406247 -0.31829971 0.52264613
v 0.37464845 0.24415843 0.51156372
v -0.05170321 -0.18722507 0.29737058
v 0.06624708 -0.34316719 0.35568035
v -0.20161055 0.26410359 0.20843579
v 0.52229613 -0.00647077 -0.18045899
v 0.41371930 -0.20755300 -0.11350633
v 0.31844601 0.35948396 0.37693354
v 0.08801131 0.24838825 0.47550312
v -0.49835724 -0.00376161 0.14580515
v 0.31105694 0.27956787 0.51404703
v 0.08679201 -0.38246322 0.27475080
v 0.08326992 0.02565146 0.48302934
v 0.39357746 0.34567663 0.27020985
v -0.31401187 -0.17221141 -0.51674187
v -0.04007834 0.10450976 0.51613152
v 0.26362339 0.25114065 -0.21502082
v 0.42674455 -0.15781407 -0.19400400
v -0.46272942 -0.10248167 -0.36460698
v -0.13770108 -0.08385670 -0.66164464
v -0.10462257 0.10939780 -0.27161270
v 0.64803118 0.07517746 0.43819407
v -0.11556964 -0.18435737 0.51682562
v 0.04951087 0.38954008 0.49329323
v -0.57012725 0.01143308 -0.23751511
v -0.16941078 0.26283225 -0.12807687
v 0.15502429 0.05129514 0.48172706
v 0.69462681 0.01835193 0.40234539
v -0.19110231 0.03326850 -0.38237870
v 0.15247741 -0.33047396 0.40331438
v 0.00604809 0.37656313 0.50949901
v -0.34062478 0.35766947 -0.19793996
v 0.68367511 0.07482340 0.41161466
v 0.45711300 0.24752413 0.42857143
v -0.36715084 -0.54681784 -0.68031579
v -0.06983101 0.14933284 0.51859468
v -0.29088509 -0.06150365 0.52435845
v -0.42377049 0.23299085 0.13369098
v 0.61160213 0.13416855 0.17605469
v 0.13519283 0.38338441 0.32737345
v 0.66659749 -0.07407342 0.38965952
v 0.37922046 0.31411606 -0.08175582
v -0.18673676 -0.12090453 -0.60175526
v -0.41110787 0.24287553 0.13722219
v -0.20097730 -0.05358260 -0.35732350
v 0.57686025 -0.13089751 0.25051305
v 0.39167592 -0.30558622 0.29460457
v -0.07054677 -0.25218678 -0.08368709
v -0.18240613 -0.01574508 -0.34024277
v 0.20819946 0.20149857 -0.27166769
v 0.26046866 0.42073578 0.06973887
v -0.19395858 -0.16763949 0.52287525
v -0.28087413 0.21917920 -0.41753206
v -0.02720927 0.27824238 -0.09774901
v -0.37263623 0.38202310 -0.26346546
v 0.01266535 -0.31913930 0.33307290
v -0.36336976 0.20625776 0.22021636
v 0.46235296 -0.10885742 0.46138826
v -0.37555417 -0.41954577 -0.47532415
v 0.39739248 0.30000958 -0.08981754
v 0.58729821 -0.01696854 -0.07960996
v -0.07565873 0.16700144 -0.23579536
v 0.04151873 -0.37366959 0.26419184
v 0.08549426 -0.19291653 -0.57855946
v 0.56461704 0.22387281 0.15688431
v 0.05226660 0.33683854 0.30652255
v -0.21782783 0.04104095 -0.49857610
v 0.01393453 0.37220657 0.41671076
v -0.20874953 -0.17355098 0.49348837
v 0.35196638 -0.27304241 0.44888318
v -0.11490719 -0.16779429 0.38205633
v -0.44598913 -0.08436488 -0.48432314
v 0.07842462 -0.33966562 0.37386116
v -0.50010753 0.15070949 0.09116832
v -0.03585758 0.28595030 -0.08333637
v 0.66021568 0.14317277 0.21359573
v -0.37081754 -0.15485635 0.19646659
v -0.10467889 -0.17870040 -0.63187981
v 0.31108266 -0.12236522 0.51413399
v 0.60104448 -0.07869976 0.22493088
v 0.43822408 0.01085351 -0.25908551
v -0.05465784 0.35091642 0.44104195
v 0.71324408 0.00148575 0.19315074
v -0.40083852 -0.20315534 0.03242534
v 0.25831506 0.36279002 0.40066102
v -0.55839157 -0.00559061 -0.19530050
v -0.22079048 0.17187977 -0.36002544
v -0.57327908 0.08794509 -0.31292847
v 0.34511432 -0.07803901 -0.28824380
v 0.05284826 0.33261988 0.33812630
v -0.39833662 0.18770951 0.20896377
v -0.14752334 -0.05184713 -0.45310551
v 0.73828113 -0.02857256 0.27332377
v 0.28155789 0.24742195 -0.21616074
v -0.28068578 -0.12803470 0.44018060
v -0.26482233 -0.11130414 -0.38594314
v 0.46490702 0.30490187 -0.00909264
v -0.39775458 -0.22445312 -0.61266202
v 0.08200685 -0.34213042 0.37084618
v -0.35930449 0.18915336 0.23302826
v -0.02605319 -0.20281588 -0.18125471
v 0.10700164 0.38321674 -0.01363365
v 0.39887178 -0.29218987 0.04361709
v -0.37633193 0.35883436 -0.31536019
v -0.47255558 0.04227974 -0.51898235
v -0.54078293 0.02446699 0.04387231
v -0.24223112 -0.24772772 0.12802708
v -0.53410774 0.24365479 -0.15405196
v -0.38108823 -0.06193398 0.47231516
v 0.20889416 -0.13330571 -0.27200145
v -0.19566388 -0.00118378 -0.39356664
v -0.22183093 0.09337053 -0.46389699
v -0.51946127 0.07914174 0.08251165
v 0.12592325 0.41650829 0.05184209
v -0.14673761 -0.06352519 -0.45385575
v 0.54189289 0.21337992 -0.04673833
v -0.07068671 0.01593941 0.52212399
v -0.32006031 -0.54535306 -0.70918292
v -0.41074139 0.07706123 0.24314255
v 0.61237335 -0.07356817 0.07787912
v -0.07766879 0.03482616 0.51630706
v 0.04024393 0.22587845 -0.20142762
v 0.52016139 -0.21218525 0.17808391
v 0.59255862 0.16204646 0.43399289
v -0.19011591 0.27859512 0.19311830
v -0.32903373 0.30933744 -0.30451858
v -0.04876335 -0.32206005 0.52263176
v 0.47886735 0.06921446 -0.22626691
v -0.39151648 -0.03109031 -0.52746481
v 0.36849287 -0.21494956 0.50815833
v -0.29962650 -0.12823132 -0.37744665
v -0.21778236 -0.01029886 0.52397180
v 0.59236670 0.09273975 -0.04852980
v -0.43159568 -0.42621967 -0.63751286
v 0.19572975 0.31423032 0.51407605
v -0.28065839 0.25540552 -0.18770814
v -0.54037988 0.31646243 -0.19072668
v -0.31821194 -0.54880035 -0.56689930
v -0.09168661 -0.03299455 -0.53931040
v 0.06871713 -0.21654187 -0.78888553
v -0.22854736 0.15245876 -0.40126088
v -0.30143154 -0.21710421 -0.10498194
v -0.56644648 0.18403399 -0.22407569
v 0.08899406 -0.24180272 -0.73841178
v -0.31684598 -0.21373084 -0.45745772
v -0.55349720 0.09729908 -0.37539643
v 0.13222694 0.06205508 0.48238060
v -0.37667036 -0.52954286 -0.67322791
v -0.39086699 0.30857477 -0.43542263
v 0.07783185 -0.16648076 -0.21793497
v -0.37106282 -0.03277110 0.52167463
v 0.04153255 0.26323789 0.47514915
v 0.43612579 0.10988510 0.51034802
v 0.01770722 -0.37142241 0.23341936
v -0.12572169 -0.24856694 0.52283901
v 0.01962251 -0.20890550 -0.59839535
v 0.59331810 0.20580636 0.38997710
v -0.13619164 -0.02867915 -0.58837324
v 0.39369735 -0.17697906 0.49042520
v -0.38863105 -0.42436525 -0.56135964
v -0.29058757 0.08458803 0.46584150
v -0.51728225 -0.05590403 -0.18529193
v -0.34920910 -0.22499169 0.10954200
v 0.19155900 -0.01677882 0.48016307
v -0.48682988 -0.10433857 -0.23152845
v 0.18898033 0.13183983 -0.30571336
v -0.06957652 0.34311002 0.45886058
v 0.14397562 0.06779478 0.48213425
v -0.37395802 -0.15989095 0.19171642
v -0.22373095 0.23589630 -0.25539517
v 0.25204068 0.01308241 -0.32096294
v 0.19876529 -0.12502122 -0.28021678
v -0.38812932 -0.54276830 -0.70894164
v 0.73741341 0.06317865 0.33635333
v -0.18820442 -0.11759816 -0.60545015
v 0.61941391 0.05939132 0.05123268
v -0.26110300 -0.15476072 -0.22878692
v -0.32010722 -0.17130908 -0.17756787
v -0.05419525 -0.31725731 0.11341001
v 0.31356111 0.11406940 0.51366651
v -0.50264806 -0.06109343 -0.08297909
v 0.11167091 0.41332370 0.17431439
v 0.48389077 -0.21510458 -0.03025274
v 0.38503259 0.02467342 -0.28961283
v -0.29402924 0.26514417 0.41366929
v -0.09994057 -0.23081574 0.52100807
v -0.39861855 -0.14190918 -0.22596903
v -0.23086114 -0.23972547 0.13894847
v 0.57909709 0.16435170 -0.02759816
v -0.25470981 -0.16983610 0.51698005
v 0.70721167 0.01207434 0.38916478
v 0.22981864 -0.37460986 0.18954068
v 0.45016503 0.29801470 -0.04163461
v 0.05126358 0.41715610 0.09312683
v -0.36578473 0.30991632 -0.41989496
v 0.58951873 -0.01381567 -0.07495105
v -0.23742288 -0.23186953 0.15932874
v -0.23315123 0.09366535 -0.50036323
v 0.47670648 0.15432145 -0.20983273
v -0.38772342 0.06191098 -0.53315121
v 0.24163741 0.02895602 -0.32052851
v -0.37370926 0.27362147 -0.05840616
v 0.73750484 -0.01036548 0.31703949
v -0.39267537 -0.39835840 -0.54854238
v -0.39687812 -0.18790987 -0.43243518
v -0.37752336 -0.48203075 -0.71368092
v -0.19747949 0.01762161 -0.41225630
v -0.27608725 -0.06267057 -0.52255082
v -0.28644115 -0.14692523 -0.23657918
v 0.70483255 -0.04510551 0.36727518
v 0.24043933 0.29785755 -0.10896974
v -0.34342942 -0.48114315 -0.68804365
v 0.39242649 -0.30592814 0.07411899
v -0.13354872 0.28663117 0.22650333
v 0.17235920 0.28744617 -0.15662614
v 0.73852813 -0.01849776 0.25056267
v -0.23815347 0.31887549 0.07611217
v 0.07902172 -0.40808406 0.08973035
v -0.02803186 -0.13023506 -0.62156308
v 0.00276599 -0.38932541 0.09122551
v -0.51806170 -0.05027316 -0.03437755
v 0.35416350 -0.22672394 -0.12755233
v -0.51436239 0.04994792 -0.50480384
v -0.30877078 -0.00912447 0.30039021
v -0.19898596 0.25574866 0.23025537
v -0.51805556 0.15762642 0.01053558
v -0.03587141 -0.21150155 -0.62147772
v -0.21999787 -0.25679153 0.06742402
v 0.53794169 0.26137871 0.05778988
v 0.36444384 0.25929487 -0.15896064
v 0.17295741 -0.07740300 -0.29779267
v 0.31882808 -0.30187771 0.40109253
v 0.10926963 0.33311626 -0.04068782
v 0.08141530 -0.40528840 0.18736774
v 0.68249446 0.14480487 0.37353840
v 0.29885951 0.38159978 0.33949479
v 0.02376980 0.17099397 -0.23542060
v 0.09802833 0.31833267 -0.04345423
v -0.49938759 -0.08929137 -0.21047898
v -0.12587781 -0.25988960 0.52313209
v 0.62223542 -0.04365407 0.19179083
v -0.26213896 -0.01610612 0.37206793
v -0.21983173 0.16421445 0.33473629
v -0.49579108 0.12789275 -0.50908279
v 0.59519356 0.14827326 -0.00393696
v 0.42705563 -0.29192719 0.30607772
v 0.57494920 -0.17192279 0.08461344
v 0.51495659 0.28328255 0.02313215
v -0.35732067 0.03834969 0.51185685
v -0.28820282 -0.24237286 0.04279704
v 0.43086776 -0.28962606 0.11539362
v -0.37213677 0.38398704 -0.25784883
v 0.61133301 -0.11680277 0.38763654
v -0.48890340 0.18926041 -0.14354709
v 0.20510495 0.33809716 0.47884873
v 0.04927371 0.37246618 0.21732832
v 0.23974593 0.12215453 -0.31172615
v 0.16182466 0.42130691 0.06162891
v 0.09401986 -0.28613737 -0.68518865
v -0.28576326 0.21911599 -0.39295772
v 0.02208526 -0.15510789 -0.54568201
v -0.20467450 -0.20542070 0.19082540
v 0.33789974 -0.34121156 0.19141212
v -0.30174255 0.10910480 0.29416698
v 0.38449082 -0.26494527 -0.04336497
v -0.42435232 0.26621902 0.04291724
v 0.26367384 -0.25548071 -0.08977151
v 0.51162016 -0.22967790 0.14974196
v 0.28887454 0.07400918 0.51678872
v -0.30807677 0.29969952 -0.21172737
v -0.29254916 0.04514669 -0.52971500
v 0.10017697 0.28435570 -0.14436173
v -0.39570358 0.26294458 -0.05718606
v -0.39292258 0.20779818 0.19938083
v 0.09678481 0.35545710 0.36312678
v 0.25216109 0.41167310 0.29079551
v -0.15920520 -0.15258200 -0.25854158
v 0.03650298 0.40024644 0.06027090
v -0.45442671 -0.07819176 0.17487590
v -0.43946725 0.37802085 -0.23632322
v 0.03521567 0.27866092 -0.12669919
v -0.33103940 -0.13719009 0.50622922
v -0.23492369 0.29901716 -0.03436830
v -0.02170124 -0.22082925 -0.67874944
v -0.30808759 -0.36515355 -0.59310889
v -0.24404161 -0.23963416 -0.07647672
v 0.39024463 0.19817589 -0.23893978
v 0.29599604 0.37826490 0.35502270
v -0.48516777 0.03629063 -0.51405376
v 0.50721985 0.24163748 0.35057294
v -0.44234619 -0.13557336 0.14290546
v 0.46894851 -0.20976989 -0.07702564
v -0.43820199 -0.46409091 -0.70613867
v 0.14958961 0.15690418 0.48037583
v -0.33351004 0.22230177 0.45157155
v -0.50927675 0.03180610 0.13013195
v 0.63444299 -0.11928146 0.32341141
v -0.39107937 -0.00795971 0.47787127
v -0.48107550 -0.05031732 -0.46187079
v -0.53504741 0.03028297 -0.14799003
v -0.37475440 0.12407623 0.25639373
v 0.20446721 0.33832636 0.46022904
v -0.41017044 0.18123479 0.20344785
v -0.40636352 0.13550138 -0.52964151
v 0.38092962 -0.28250962 0.38379773
v -0.32149905 0.15374942 0.47257298
v -0.21453312 0.31293508 0.43514848
v -0.49512222 0.03810070 0.14565580
v -0.29991090 0.11145557 0.29377097
v 0.06694330 -0.31191668 0.41848698
v -0.26222423 -0.14765531 -0.23663051
v -0.18278424 -0.19483131 -0.20685975
v 0.13412201 -0.26900160 0.52146578
v -0.55433732 0.09422989 -0.47852439
v 0.14601576 0.22151995 -0.24839710
v -0.43611500 -0.13481224 -0.27786800
v 0.63351482 -0.06275282 0.23151822
v 0.21249366 0.42181265 0.20556445
v 0.05947513 -0.32440004 0.39140832
v 0.55635202 0.20026980 0.40632376
v 0.61341375 -0.05879690 0.19636875
v -0.40531829 0.26630321 -0.03679737
v 0.74458599 0.08835083 0.29665339
v 0.49537274 0.29189146 0.00942818
v -0.32759470 -0.18708535 -0.43179569
v -0.25458059 -0.11538371 0.41105518
v -0.03552848 0.20508279 0.48369822
v -0.27155173 -0.23033932 -0.08641213
v 0.39826095 -0.30506480 0.08492749
v 0.22362848 -0.17844702 0.47597155
v 0.24454877 0.30907679 -0.06950053
v -0.34270382 0.18315205 0.49849650
v 0.32141483 0.06087241 -0.31413841
v 0.41606528 0.29886582 -0.07889386
v -0.35150480 -0.49036232 -0.50735027
v -0.36312592 -0.53475481 -0.74222392
v -0.34850973 -0.00111281 0.28895596
v 0.31113288 0.16165291 -0.29345503
v -0.46329463 0.18452759 0.13971804
v -0.03177844 0.14931706 0.49513242
v -0.46678197 -0.09191411 -0.12784711
v 0.33504125 -0.12438263 0.51637352
v -0.36354876 0.18183947 -0.52201432
v 0.43699762 -0.28756133 0.21996716
v -0.42379361 -0.24762730 -0.49083295
v 0.02785643 -0.27171716 -0.08338988
v -0.31987622 0.29853684 -0.18487883
v -0.09566279 -0.23536873 -0.13485911
v 0.47917923 -0.22838162 -0.01428350
v -0.18279506 0.04219671 -0.35711610
v -0.07518988 -0.22856764 -0.14591213
v -0.40201911 0.03740345 -0.53187859
v 0.20503262 -0.23941703 0.51902258
v -0.04643965 -0.18025903 0.36850742
v 0.08034540 0.06951084 -0.29181710
v 0.05438974 -0.09965826 0.48139641
v -0.03518629 -0.11565901 -0.67820448
v 0.00118038 -0.33379364 0.28425616
v -0.05602067 0.29163617 0.08299764
v -0.35580289 0.30446684 0.06151096
v 0.07157883 0.21598732 0.47830853
v 0.18699583 -0.09650773 0.47740504
v -0.52619660 0.14009057 -0.02564711
v -0.14746773 -0.11112053 0.52188063
v -0.52398837 0.11402697 -0.15006226
v 0.58915085 -0.00430780 -0.07714851
v 0.27553070 -0.06599380 0.51682669
v -0.30097905 -0.20551419 0.19294007
v -0.44045570 -0.22186688 -0.56052864
v 0.34562904 -0.28419387 0.42246699
v 0.54267585 -0.18057257 0.25861362
v -0.30324823 -0.24050690 -0.52897650
v -0.33497685 0.00014320 -0.52587140
v 0.10830680 -0.18168664 -0.58080012
v -0.01614415 0.30228508 -0.04292212
v 0.57858515 -0.12559552 -0.00621408
v 0.00042116 -0.26765811 0.52292150
v 0.17816584 0.30840105 -0.09994139
v 0.55492634 0.04957204 0.48723519
v 0.05942264 0.41342664 0.13085273
v -0.38085717 -0.36656252 -0.66662461
v -0.53610051 0.03274705 -0.39796111
v -0.28493854 -0.09571358 0.41784012
v -0.07804987 0.22755791 -0.15935841
v -0.22216186 -0.01970094 -0.57809907
v 0.65314883 -0.01316920 0.43246099
v -0.01965044 -0.31377947 0.26685405
v -0.28291515 0.18789716 -0.51275140
v 0.27462366 0.41906914 0.07689027
v -0.42447308 0.17156024 -0.51971966
v -0.35271776 -0.17561425 -0.57369888
v -0.24466403 0.23978174 -0.19600953
v 0.02678641 -0.39893165 0.09635463
v -0.41261640 -0.06366596 0.22545788
v -0.15398823 -0.11846739 0.52250034
v -0.13934870 -0.05123995 0.52309781
v 0.61404848 -0.07360313 0.07051422
v -0.04194265 -0.09099301 -0.25575867
v -0.51912963 0.33537632 -0.31398520
v -0.52556705 0.17159776 -0.47562438
v 0.16849643 -0.37567690 0.24424708
v -0.31475407 -0.47443894 -0.56718850
v -0.34726134 -0.14381200 -0.32900783
v 0.27196929 0.36636221 0.39516744
v 0.09741343 -0.34223688 0.37751600
v -0.13746905 0.28527460 0.22753008
v -0.19835867 0.02840674 -0.47474644
v -0.19336325 -0.12313391 -0.57365108
v 0.43852708 -0.01780977 0.51471269
v -0.21699058 0.28010055 0.18822101
v -0.29579288 -0.06689002 -0.50163579
v 0.46550936 0.10754018 0.50417197
v 0.12326229 -0.31768566 -0.76005119
v -0.22449997 -0.25979519 -0.00741113
v -0.30727506 -0.40605274 -0.59552270
v -0.32102561 0.24864724 0.20330466
v -0.08712292 0.32069895 0.46518236
v -0.07137878 0.26449093 0.51487911
v -0.43145865 -0.13309711 0.16735037
v 0.03725097 -0.36773863 0.01669613
v 0.46096623 -0.26051274 0.03656299
v -0.40877259 -0.07314263 0.22209130
v 0.63590348 -0.11483384 0.30699530
v 0.29950351 -0.32328203 0.00035572
v -0.43513095 0.38081604 -0.24994881
v 0.12780882 0.06504399 0.48272666
v -0.35975790 0.38213626 -0.23557816
v -0.42870516 0.05509472 0.22702178
v -0.11319403 -0.05491132 -0.47484213
v -0.16563584 -0.17222382 -0.23812041
v -0.00189202 0.32078588 0.51275522
v -0.36456993 -0.22160774 0.09314210
v -0.13166560 -0.25514787 -0.05122546
v 0.32352468 0.38008264 0.33298087
v -0.17030698 -0.01962234 0.52222443
v 0.41984093 -0.29857987 0.16204596
v 0.47866249 -0.07329793 0.49044004
v -0.31884760 -0.25997081 -0.46637756
v 0.09000963 -0.28015214 -0.67911273
v -0.13907529 -0.21367195 0.21930291
v -0.54632300 -0.02961291 -0.27595240
v 0.49970922 0.08573873 0.50088573
v 0.02514930 -0.34299457 0.30887836
v -0.55805588 0.06126793 -0.16334549
v -0.56890500 0.21570024 -0.25075755
v 0.40385896 0.18249194 0.50829470
v 0.01480784 -0.23638153 -0.72310597
v -0.35269824 0.29301652 -0.00639135
v 0.55424649 0.16203766 0.45275927
v 0.72694761 0.04087803 0.36441532
v 0.53200781 -0.21780439 0.05258007
v -0.20158349 -0.24094981 0.13083802
v 0.69257522 -0.08062057 0.33973685
v 0.19848345 0.39232025 0.31621870
v -0.11514137 0.28873348 0.23458146
v 0.53909343 0.25849494 0.16960141
v -0.10909056 -0.13804363 0.49712971
v 0.02472007 -0.30996013 0.41801915
v -0.48974535 -0.10548204 0.08871752
v -0.41468534 0.27636105 -0.12762487
v 0.09522571 -0.25373030 -0.77488005
v -0.17633890 -0.03004264 0.52386636
v 0.61279953 -0.07225640 0.03072786
v 0.09943348 0.24291587 -0.21094446
v -0.42098576 -0.19345824 0.05818133
v -0.48046932 0.14787956 0.13652459
v 0.11771756 0.25527015 0.47349989
v -0.34158021 0.23176308 0.47392592
v -0.58336371 0.09114830 -0.22291255
v -0.42500216 -0.16417454 -0.49740857
v -0.28187880 0.21644372 0.51648986
v -0.04851242 -0.11313690 -0.50785518
v -0.42378169 0.30584010 -0.13491480
v -0.17596953 -0.18320929 0.47111490
v 0.50923979 -0.09448200 -0.16851552
v 0.17683282 0.36906812 -0.03681412
v 0.16776937 0.08115380 -0.31090862
v 0.29349962 -0.24985123 -0.09485380
v -0.48585626 -0.11434060 -0.03134920
v 0.12283674 0.34318921 0.40797284
v 0.50167871 -0.13264383 0.38832524
v -0.29992014 -0.56841612 -0.62497550
v 0.24470846 -0.37433410 0.17274211
v 0.53373027 0.23216036 -0.03554790
v -0.27292439 -0.00727975 -0.54092783
v 0.19780464 -0.37546149 0.21411607
v -0.41849300 -0.31140214 -0.64360154
v 0.22945839 0.17416495 -0.28989279
v -0.40197486 0.16749629 0.21765170
v -0.42939538 0.10057834 0.21840253
v 0.61572254 0.12257259 0.08037283
v -0.03221544 0.28489581 0.37682909
v -0.18626104 -0.17012841 0.45920888
v 0.03423170 -0.27602857 0.52269042
v -0.07653840 -0.04407215 -0.53139335
v -0.48336208 0.19099294 -0.49472883
v -0.12645599 -0.06049995 0.52287441
v 0.18982114 0.10661278 -0.31107572
v 0.65473318 0.06698273 0.18118963
v 0.58302498 -0.15438414 0.08660340
v -0.01952033 -0.19808261 -0.18561858
v -0.37093091 0.29175237 -0.00982347
v -0.35461652 -0.54769450 -0.60568410
v -0.19885364 0.05021690 -0.39645469
v -0.21017462 0.08162340 0.40785977
v -0.43194893 -0.13627629 -0.28821650
v -0.19294927 -0.23771542 -0.10519924
v -0.28898516 -0.23191009 -0.06105761
v -0.09674983 -0.29315975 0.43358427
v 0.15305449 0.30515045 -0.10195038
v -0.00853120 0.34665301 0.39843541
v 0.73805076 0.11322869 0.28988320
v 0.15110993 -0.34641930 0.37093821
v -0.41292590 0.18082988 0.20138252
v -0.52055115 0.00591585 -0.09382772
v 0.56423575 0.19803131 0.41235021
v 0.14113638 -0.33216706 -0.02314290
v 0.38418403 0.16624562 -0.26042461
v 0.41565809 0.34635246 0.03891844
v -0.31351489 0.29370084 0.46879727
v -0.20045321 0.27091858 0.19849437
v 0.23109506 0.17829297 0.47658587
v -0.19499700 -0.03409714 -0.36207986
v -0.24558553 0.01033109 0.52396697
v -0.54823405 0.13036798 -0.47411770
v 0.00258576 0.37106153 0.42690909
v -0.24350777 0.23664305 -0.19285712
v -0.37129721 -0.50292081 -0.52188635
v -0.36120957 -0.53105354 -0.60459745
v -0.07778437 -0.20235726 0.49510607
v -0.33735675 -0.22897670 0.04458325
v -0.00206199 -0.23039299 -0.65090060
v -0.25107098 -0.08704670 -0.49408898
v 0.49875432 0.28658581 0.17954995
v 0.46609762 -0.18031536 -0.12726308
v -0.01923760 0.32388881 0.10807854
v -0.57362229 0.24288152 -0.23027794
v 0.47266930 0.04063987 -0.23356959
v -0.27964360 -0.24448925 0.01174518
v 0.28698584 0.09763794 -0.31596142
v -0.46908545 -0.08225472 -0.13573928
v -0.04818979 -0.17635497 0.34011570
v -0.28050843 -0.13083185 0.44355285
v 0.36693782 -0.28222996 0.39638802
v -0.22273560 -0.25661173 0.07041236
v -0.44292960 0.02502912 0.21630584
v -0.57254630 0.05724102 -0.19024253
v 0.38283104 0.17004961 0.51154685
v -0.38699660 -0.13475865 -0.38988960
v -0.04991771 0.03495564 0.52166420
v -0.24857236 -0.20068002 -0.17917919
v -0.38382325 0.31619993 -0.42281389
v 0.40944174 -0.18987472 0.45979580
v 0.27856725 -0.35404184 0.21955022
v -0.42921576 -0.14883593 -0.09374838
v -0.57891917 0.08036929 -0.28921080
v -0.36652696 0.35565174 -0.16861975
v -0.11755608 0.26649299 -0.09770919
v -0.23451704 0.18432216 -0.36829907
v 0.37505561 -0.31458318 0.31676325
v -0.41358221 -0.42201069 -0.69247812
v -0.26798677 -0.12715854 0.52482283
v 0.49369121 -0.24265501 0.07183509
v 0.20424703 0.30929860 -0.08728309
v 0.06685624 -0.23697087 -0.62678593
v -0.34301731 0.02638952 0.51964444
v -0.38146076 0.28915554 0.03533182
v 0.34158689 -0.33327076 0.24081999
v 0.20046090 0.03526304 0.48546195
v 0.43669561 -0.27731284 0.25066379
v -0.29135874 0.09799500 -0.52938014
v 0.17865112 -0.20728387 0.49462721
v -0.21633910 0.18203893 0.33906651
v -0.08258509 -0.08067141 -0.61932474
v -0.30594838 -0.52039570 -0.64496118
v 0.69837105 0.16551600 0.31340492
v -0.30186412 -0.26912850 -0.54180729
v -0.51573557 -0.00567336 -0.46693578
v 0.09417275 -0.40665337 0.07970785
v -0.22348158 0.15256497 0.31389582
v -0.16973996 0.25478023 0.33635396
v -0.32248333 -0.18074462 -0.43329665
v -0.24996796 0.26166084 -0.23586537
v -0.20935753 0.30902302 -0.01795321
v -0.29915166 0.28890663 -0.07249467
v -0.42463586 -0.35775995 -0.59005988
v -0.56564528 0.01112546 -0.19567035
v 0.29478922 0.40455672 0.22649992
v -0.48125640 -0.07156569 0.13616222
v -0.22664765 -0.12906463 0.39050195
v -0.19257374 -0.16524050 -0.24351244
v -0.06214001 -0.21593420 -0.16594060
v -0.49021730 0.27495795 -0.13909779
v -0.09639831 0.30533597 0.01530052
v 0.28688794 0.41222581 0.05861206
v 0.20737414 0.39498484 0.36031073
v 0.22826187 0.41334713 0.04063254
v 0.45034975 0.29234707 0.33580241
v 0.27989754 0.41633213 0.16994710
v -0.50252461 -0.04949945 -0.09788220
v -0.03311644 0.24078868 -0.15007767
v -0.40402034 0.21988516 0.17948154
v 0.34729531 0.06110403 -0.30493155
v 0.11470347 -0.30191702 0.43541765
v -0.04942239 -0.21872973 -0.16298650
v -0.41291472 0.24693166 -0.10446851
v -0.11072648 0.26505530 -0.09453721
v -0.54262316 0.27037755 -0.34318843
v -0.51581448 0.16124807 0.00682809
v -0.55384254 0.18859613 -0.18618362
v 0.28358403 0.29706728 -0.09051120
v 0.72762132 0.10865451 0.21773896
v -0.14241005 -0.10193110 0.52150416
v -0.31607130 0.17508046 0.26091743
v 0.48200244 -0.12794954 -0.17299700
v 0.12087894 -0.39393103 0.04605798
v 0.40614918 0.25071239 -0.15185124
v -0.15522456 0.29878807 -0.00666145
v -0.43747333 0.20466332 -0.50582618
v -0.01146562 -0.15976991 -0.75008589
v -0.39147124 -0.17879854 -0.08182479
v -0.23668428 -0.24070625 0.13772039
v 0.62580025 0.08689154 0.14153701
v 0.14411831 0.02294590 0.48149303
v 0.68141359 -0.03715112 0.20539662
v -0.31278363 -0.38989297 -0.53097951
v -0.41280615 0.23313075 -0.49616590
v -0.16472632 -0.03283224 0.52365834
v -0.27725881 0.17531405 0.27240202
v 0.46306965 -0.25800312 0.24510942
v 0.01879341 -0.33006880 0.32306680
v 0.00385914 0.26782057 0.28690338
v -0.32657415 -0.44130796 -0.52880025
v 0.05324268 0.01572927 -0.28523743
v -0.23650870 0.25318238 -0.13503377
v 0.70968962 0.15191591 0.30624595
v -0.11044208 0.15905800 -0.24526450
v -0.44946223 -0.01837205 -0.51435792
v 0.24406929 0.39271057 -0.01120742
v -0.53935504 0.09798381 -0.15475504
v -0.11294772 0.18414246 0.51714092
v 0.33899632 0.27400371 -0.13110432
v 0.45881739 0.06661711 0.51231390
v 0.18137643 -0.10420613 -0.28964111
v 0.62199092 0.01250449 0.03941982
v -0.54883772 0.12148329 -0.38165534
v -0.09382755 -0.06705122 -0.48396957
v 0.27116394 -0.05039127 0.51813740
v -0.34075543 -0.55924773 -0.56380361
v 0.42988038 -0.29407135 0.22221699
v -0.05017073 -0.18718718 0.30012119
v 0.44317013 -0.24881354 0.38577935
v -0.20073983 -0.23298569 -0.12689327
v 0.22726776 0.41714847 0.26126966
v 0.57021314 -0.12570572 0.27613357
v -0.29406178 0.26327914 0.19763635
v -0.20167948 -0.03627875 -0.38434041
v -0.06636541 -0.17293663 -0.70326334
v -0.10888732 -0.00351081 0.52254790
v 0.16798155 0.37323391 0.37429979
v -0.53323698 0.30120096 -0.16740055
v -0.47271672 -0.07401587 -0.41890487
v 0.37900203 -0.31982473 0.24963446
v 0.13513385 0.41547588 0.03302121
v -0.30199006 -0.18449512 -0.17401597
v -0.27860659 0.22414282 0.40421093
v 0.11553919 -0.31703946 -0.75272542
v -0.10597418 -0.07001120 -0.28660604
v 0.47002625 0.00992932 -0.23491333
v -0.26094005 0.27133599 -0.23864888
v -0.20946279 -0.22410956 -0.14892331
v -0.45594013 0.27419400 -0.45788029
v -0.53163290 0.22189905 -0.42639726
v -0.43690249 -0.40322441 -0.67126572
v -0.56046182 0.17837115 -0.20407936
v 0.66006404 0.18204740 0.35138002
v -0.51591480 0.21411401 -0.45777911
v -0.13864492 0.28744236 0.21818705
v 0.09223113 -0.28347972 -0.68277222
v -0.24605130 0.18521804 -0.44239673
v -0.41468653 0.24500471 0.12837902
v 0.50606740 -0.22823232 0.24743947
v 0.27971950 0.32783762 -0.05778429
v -0.23160785 0.11015684 0.31705758
v 0.61081040 0.13588598 0.17977718
v -0.34331971 0.36212614 -0.19931981
v 0.38818288 0.29440895 0.40828323
v -0.33032376 0.27781051 -0.40023559
v 0.11464640 0.41889992 0.15530333
v 0.54203421 0.17730017 0.44242626
v 0.39165232 -0.07325640 0.51395440
v -0.06544148 -0.15948473 -0.71316034
v -0.16042042 -0.16146070 -0.25004879
v 0.42835674 0.31900346 0.32204333
v -0.13537340 -0.20384751 0.23722376
v -0.07254273 0.28502870 0.51410627
v -0.14842053 -0.22481278 0.44658142
v -0.41568315 -0.24448758 -0.51859069
v 0.49514180 0.18707623 -0.16669975
v -0.25854027 0.05377316 -0.52380669
v -0.53435177 0.08447838 -0.14769986
v 0.04210728 -0.40608063 0.11337610
v 0.18526150 -0.36805299 0.01007847
v -0.32577336 -0.45558438 -0.53627348
v 0.07782496 -0.22920933 0.50250447
v -0.31460619 -0.23611507 0.09719700
v 0.53209913 -0.15568633 -0.08546680
v -0.26053187 0.20167834 -0.39299092
v -0.12262655 -0.24813585 0.10622060
v 0.27976057 -0.36363676 0.12907863
v -0.06687398 -0.10154369 -0.70071357
v -0.07153460 0.28039527 -0.07479577
v -0.24990338 0.31636211 0.07540308
v 0.19568504 0.34340158 0.49260041
v 0.50431424 0.23665841 -0.07733966
v 0.15687424 0.23498015 0.47497162
v 0.14654215 0.10564312 0.48193327
v -0.20431536 0.08111062 0.35348848
v -0.50965989 -0.01396420 -0.13727041
v 0.30741009 -0.09550692 0.51655328
v 0.57646209 -0.12324657 0.26028469
v -0.26705015 -0.22893161 0.16622622
v 0.57822406 -0.04461778 -0.09207281
v -0.13630238 -0.03631705 0.52322578
v 0.03501430 -0.17175220 -0.75750363
v -0.31772852 0.23428914 -0.49526462
v -0.17222919 -0.22582982 0.50438786
v 0.15328793 -0.33634079 0.38825384
v -0.47979873 0.25324070 -0.13492076
v -0.29464784 -0.05061712 0.29688677
v -0.42479771 -0.28272131 -0.55080694
v 0.45798180 -0.15077136 -0.16767421
v -0.29045659 0.11658257 0.47497332
v 0.55179548 0.20567584 -0.03732059
v -0.28845826 -0.00371877 0.30743036
v -0.45500684 -0.07117686 0.17406502
v 0.57036835 -0.08187389 -0.08066995
v 0.07552780 0.38559029 0.00034005
v 0.37504917 0.06986719 -0.29344353
v -0.15529391 -0.20190465 0.24033602
v -0.28780070 -0.14583418 0.52309221
v -0.27159247 0.26593649 0.40370515
v 0.44524065 0.22507706 0.46538204
v -0.29381067 -0.08314042 0.28822529
v 0.29353091 -0.28850159 0.42356771
v 0.27897549 0.06780644 -0.32034755
v 0.13434428 -0.26109457 -0.11511630
v 0.30429485 -0.34783611 0.06916805
v -0.11565530 -0.15813933 -0.66333824
v 0.40122202 -0.12107139 0.49687934
v -0.19876294 -0.01896427 -0.39870355
v -0.34625605 0.36102673 -0.19346465
v 0.11779129 -0.28489953 -0.75863874
v 0.04874172 -0.20118628 -0.70048273
v 0.09694779 0.23220985 -0.22253880
v 0.71416849 0.00807836 0.38005450
v 0.50651711 -0.11984154 0.42613223
v 0.19657549 -0.01684451 0.48041707
v -0.38815606 0.33092898 -0.40193540
v 0.25861642 0.31947601 -0.05787085
v -0.01538004 -0.27329159 -0.04655409
v 0.04870221 0.10331991 -0.27372906
v 0.38114443 0.29611629 0.49080732
v -0.26070946 0.20311053 -0.42447004
v -0.17042217 -0.21952777 0.52099645
v 0.11072823 -0.26768813 -0.74924737
v -0.25090170 0.16770618 0.51802921
v -0.47978300 0.06720418 0.16282983
v -0.24846610 0.21818817 0.39359421
v -0.32190591 0.08004507 0.50744361
v -0.01586564 -0.13755195 -0.68866700
v -0.24576703 0.01001885 0.35406488
v 0.18680587 0.30750716 -0.10834811
v 0.26075548 0.41023511 0.23132053
v -0.03988191 0.33186275 0.41324946
v -0.38618648 -0.14730428 -0.29983255
v -0.27033660 -0.15475740 0.48492831
v 0.22235970 -0.33174506 -0.01900289
v -0.26841474 -0.11244411 0.41849801
v -0.29420376 0.13466154 0.51831192
v 0.09461159 -0.25680017 -0.78306979
v -0.01250743 -0.12937751 -0.60844523
v 0.59178036 0.16157378 0.01242826
v 0.14949554 0.22545260 -0.24605013
v -0.40028274 -0.20226677 0.02236160
v 0.10494701 -0.27523828 -0.77363759
v 0.13829866 0.28826475 -0.15231279
v 0.45596415 -0.26230466 0.26026869
v -0.47787061 0.11526070 -0.51742810
v -0.42633560 -0.12769188 -0.34535688
v 0.01508089 -0.22605163 -0.74341941
v -0.23319317 0.24853601 -0.24587844
v 0.22167329 0.43045810 0.14092721
v 0.08743569 -0.05881879 0.48205003
v 0.38413590 -0.31850958 0.24200739
v -0.35680670 -0.04510284 0.52322346
v 0.15742888 0.05188075 0.48161796
v -0.31894597 -0.43314758 -0.54068029
v -0.23421466 0.22055995 0.38967341
v 0.23334679 0.29738453 0.51407957
v 0.15640543 0.09542141 -0.30768380
v 0.03566426 -0.36534658 0.01481490
v -0.30015662 0.29650140 -0.04352531
v -0.52532381 0.00505609 -0.14544396
v -0.28088668 0.22436132 0.40513948
v 0.07971627 -0.40019765 0.21366084
v -0.24704175 0.26478973 -0.12150825
v 0.48635027 0.11189947 0.49706295
v -0.16440241 0.29185429 0.17208497
v 0.24027154 -0.22036316 0.51730186
v -0.37990573 -0.46586680 -0.70498377
v -0.39300826 -0.40039715 -0.55426913
v -0.48358545 -0.06512757 -0.14106116
v 0.50373751 -0.17400172 0.35080558
v 0.37595558 -0.31966144 0.13313459
v -0.30181479 -0.28192306 -0.53491491
v 0.53172010 0.15318944 0.46551079
v 0.46048933 -0.01332680 -0.24002033
v -0.42309913 0.31351191 -0.43199164
v -0.23469387 0.14280899 -0.43681535
v 0.54881924 -0.12587136 0.38969424
v 0.20725845 0.42452446 0.08737371
v -0.12115934 -0.07109840 -0.28881618
v 0.51618654 0.02100031 -0.18957923
v 0.48143360 0.12541761 0.49278581
v 0.23082919 0.42836845 0.14366844
v 0.49749601 -0.19788046 0.33747238
v -0.25764301 0.09823115 -0.52041763
v -0.17863645 -0.05391084 -0.31349283
v -0.41593924 0.27129665 0.01640686
v -0.51899457 0.09986056 -0.14011995
v -0.55860084 0.23043354 -0.17805132
v -0.31131226 0.24519357 0.42345899
v -0.48048225 0.20376447 -0.49016458
v -0.05202642 -0.16921531 -0.54201990
v -0.02864302 0.27411067 0.18874772
v 0.48584661 0.07958095 -0.21895726
v 0.03265324 0.09484602 -0.26938376
v -0.08121887 -0.20651607 0.22984587
v -0.32137716 -0.30588198 -0.60258007
v -0.57551241 0.04893959 -0.28344122
v -0.42972830 -0.11489317 -0.52227336
v -0.49507210 0.36487770 -0.30111811
v -0.42277631 0.31276122 -0.13807495
v -0.17735665 -0.14076521 -0.26671898
v -0.04484173 -0.20187892 -0.69078720
v -0.25895020 0.00939396 0.31949109
v -0.29968810 0.12923954 0.46496761
v 0.53114712 -0.22474121 0.09009892
v 0.29970378 0.41301244 0.16326739
v -0.42180815 -0.04402386 -0.52060837
v 0.20765141 -0.16467850 -0.24009602
v 0.63664323 0.07249341 0.44606021
v 0.69240904 0.17310980 0.30460903
v -0.24155848 -0.08618633 -0.40088823
v -0.35317600 -0.21599901 0.01384208
v -0.26442707 0.16716544 -0.51271915
v -0.11783574 -0.15990025 -0.54058146
v 0.26251200 0.03540874 -0.32204983
v 0.23142755 -0.14810801 0.47460148
v -0.28736213 0.29638854 -0.05097740
v 0.54554063 -0.10849673 -0.10063700
v 0.66623688 0.18008657 0.26484585
v -0.02874800 -0.17802277 -0.73452318
v 0.41527221 0.35827124 0.17503183
v -0.25857526 -0.08527976 -0.47234991
v -0.33885702 -0.09932270 0.52363718
v 0.35309109 -0.32847080 0.05767857
v -0.53212309 0.26915848 -0.38531706
v -0.17158999 0.21674013 -0.17846845
v 0.57285064 0.20572273 0.23658530
v -0.53234702 0.32716593 -0.19528423
v -0.39873919 -0.20621656 0.05868735
v -0.46966049 0.03457634 0.19008474
v 0.11943199 0.42187977 0.07537282
v -0.32216942 -0.33111086 -0.61172843
v -0.49781293 0.31849280 -0.15730387
v 0.64128911 -0.11375402 0.35590410
v 0.40589559 -0.28316537 0.37276810
v -0.22251111 0.15628748 0.36912900
v -0.54301703 0.09136914 0.02410260
v -0.08017155 0.28987533 0.51377380
v -0.44807434 -0.47416228 -0.69092005
v 0.46357492 0.30383220 0.19551381
v 0.54528427 0.24790515 0.08852782
v -0.30690399 -0.41713083 -0.58681875
v -0.15473953 -0.23317502 -0.12439996
v -0.00749315 -0.26773608 0.52309084
v -0.26311961 0.19783485 0.40109253
v -0.52399921 -0.07216985 -0.21782961
v -0.40625924 0.26501948 0.09924564
v -0.29608607 -0.24006364 0.06983427
v -0.26315552 -0.23109071 -0.08468793
v -0.39240748 -0.20877516 0.09970485
v 0.59093720 -0.12838028 0.37696782
v 0.42626658 0.34570721 0.04838425
v -0.10779540 -0.27029875 0.04627630
v 0.00930492 0.28329265 0.25513083
v 0.08477804 0.24926728 -0.19064957
v 0.03180340 -0.15014435 0.48040989
v -0.03005135 0.25271189 0.28894147
v -0.48332414 -0.09670706 -0.08608240
v -0.34413829 0.31014892 0.04599727
v -0.22129630 0.24047437 -0.15367222
v -0.12476243 0.26910028 -0.10120822
v 0.17844537 -0.34027848 0.37577257
v -0.14171338 -0.26165846 0.04225900
v 0.43481985 0.35169607 0.13572140
v 0.69927269 0.09582468 0.39304960
v 0.02391729 0.20447583 0.48007247
v -0.18882164 0.30899388 0.02454446
v 0.41310784 -0.00653662 0.51008224
v -0.21395192 -0.04570745 -0.59840125
v -0.21739642 0.29086584 0.41247362
v 0.12860690 -0.27647644 0.52102327
v -0.03754599 -0.26827180 0.39413154
v -0.26664999 -0.23329677 -0.07060564
v -0.41664329 0.38332531 -0.30069628
v 0.63449997 0.13795580 0.42543468
v -0.37937394 0.01155142 0.48617470
v 0.14457656 0.30365041 -0.09914551
v 0.07497816 0.10137091 0.48352101
v 0.08675702 -0.30641451 0.47839069
v 0.28697225 0.15428351 0.49729615
v -0.18420985 0.29512492 0.51377940
v 0.24030039 0.15135747 -0.30300140
v -0.43407848 -0.22766945 -0.52766621
v 0.16703410 0.41944858 0.20662086
v -0.30846459 -0.59562111 -0.63054758
v 0.39856899 -0.24710691 0.44729137
v 0.48430824 -0.24677947 0.10079391
v 0.44324934 0.27401236 -0.08305564
v 0.21058840 -0.02697478 -0.31418324
v -0.29803756 0.24764629 0.41218302
v 0.36066705 -0.23025538 -0.10154560
v -0.31369886 -0.15446556 -0.20682673
v -0.20709966 -0.25029531 0.11570881
v 0.09070581 0.24636137 -0.19825220
v 0.62681895 0.20244843 0.30724263
v -0.14252786 0.14148651 -0.24763465
v -0.16246587 -0.22698402 0.47280777
v 0.57475603 -0.04126092 -0.09895729
v 0.37754706 0.34301284 0.00125780
v 0.45049271 -0.28206611 0.14782026
v 0.35763544 0.26966697 -0.14216174
v 0.31313592 0.32196102 -0.07847758
v -0.09401263 -0.13262689 -0.69800580
v -0.51876950 -0.08066674 -0.28729442
v -0.10259277 -0.29754636 0.44342709
v -0.38486445 0.38888097 -0.24832226
v -0.29296941 -0.01175710 0.30473122
v -0.41645527 0.18778913 0.19387022
v -0.22789145 0.13457000 -0.42073435
v 0.05255862 -0.23385766 -0.62785220
v 0.69207531 -0.06452378 0.36770394
v 0.34069875 -0.20373863 0.51642209
v 0.40495414 -0.03819453 -0.27266753
v 0.23834595 0.39830825 0.31501642
v -0.40645230 0.10704706 0.23582822
v 0.42841390 0.34916404 0.08221960
v -0.48065275 0.20500086 0.00988662
v -0.19098893 -0.25961611 -0.04383068
v -0.35977948 -0.18948264 -0.09498617
v -0.39968812 -0.47684148 -0.72004634
v -0.54725856 0.25911617 -0.32866001
v 0.01927083 -0.22594593 -0.74967104
v -0.40902746 0.26337016 -0.03706709
v -0.31887379 -0.49780995 -0.66511613
v 0.58156598 0.01300400 0.47578070
v 0.65236419 -0.06671615 0.40949515
v -0.53760695 -0.04696517 -0.24684775
v 0.56898755 0.20375195 0.00866784
v 0.20281553 -0.08539663 -0.29801300
v 0.01645572 -0.09439745 -0.25424689
v -0.53936213 0.11237060 0.01483396
v -0.50693446 -0.08661122 -0.30095589
v -0.12440804 -0.22699164 -0.14385569
v -0.40912408 -0.52668285 -0.74034476
v 0.54531795 0.24909109 0.02895000
v -0.39047623 0.34677425 -0.37263039
v -0.27034026 0.31131771 -0.00869221
v 0.04945759 0.21979481 -0.21273920
v -0.42096379 0.07410525 0.23113997
v 0.23876421 0.18124951 0.47554272
v 0.00680407 0.30434635 0.20968969
v 0.34155753 -0.27674767 0.44742405
v 0.64658099 -0.05961847 0.22686554
v 0.02923804 0.39987886 0.12783566
v -0.33558744 0.02700455 0.52026743
v -0.50762057 0.16476421 0.04657865
v 0.57748288 -0.14002959 0.23291267
v 0.19617119 0.39523864 0.34367365
v 0.55598736 -0.11763174 0.41358140
v 0.07915949 -0.28881949 -0.73970270
v 0.34957707 0.30964786 0.43081129
v 0.34940359 -0.19107114 -0.20598543
v -0.04500684 0.32466128 0.41334161
v 0.66722089 0.17501411 0.35492221
v -0.03460371 0.25314578 0.29308435
v -0.17366971 -0.04463542 0.52312797
v -0.30283999 -0.26251930 -0.54701847
v -0.52354687 0.19816296 -0.45946440
v 0.66662294 0.16041762 0.23271002
v 0.09641776 -0.25541317 0.52090472
v -0.02717298 -0.26894456 0.52285171
v -0.29120165 0.20030592 -0.50993848
v -0.20756216 -0.05194508 -0.37994245
v -0.44858283 -0.11512052 -0.34559003
v -0.08584629 -0.33346871 0.51995039
v 0.13821875 0.41233525 0.01563062
v 0.23028952 -0.33395359 0.36631069
v -0.33495489 0.16590610 0.48196822
v -0.29360625 0.28182966 0.51529980
v 0.34569749 -0.14089090 -0.25062451
v -0.16133310 -0.20977569 -0.17025594
v -0.14145468 -0.29178455 0.48421213
v -0.33489993 -0.47765407 -0.52421373
v -0.45741305 -0.15173721 0.06645382
v 0.04904651 0.29491815 -0.09785836
v -0.21896066 0.31507048 0.09508295
v 0.28166083 0.32132703 0.45151082
v -0.30694878 0.28324163 -0.19517310
v -0.13240205 0.29602471 0.07825427
v -0.03748316 0.28556687 -0.08368473
v -0.17584440 -0.21105680 0.49539471
v -0.30261728 -0.27058455 -0.52008164
v -0.55748445 -0.00340841 -0.30283347
v 0.51360446 0.26845789 0.29391509
v 0.25714287 0.29369465 0.51401949
v 0.42465410 0.28765967 0.37169456
v -0.02532319 0.12653220 0.49615505
v -0.06269070 0.21612899 -0.17599338
v -0.01911497 -0.09318461 -0.52320254
v -0.07849965 -0.25646996 0.52222759
v -0.44774121 0.36794198 -0.35224804
v -0.19992876 -0.05775400 -0.42723924
v -0.20862626 -0.15670338 0.30340919
v -0.30710858 -0.20576315 -0.49623781
v -0.03485203 -0.20977499 0.34595269
v 0.15122616 -0.36534193 0.30367354
v -0.39043534 0.12208399 0.24374631
v 0.34782067 -0.30798960 0.36625785
v -0.30221188 -0.59863049 -0.68869042
v -0.34832531 0.30249909 -0.40503952
v 0.55336064 -0.18203443 0.21231696
v -0.35794482 0.27418998 -0.14242136
v 0.44393536 0.10617298 -0.25123689
v 0.70936006 -0.06396104 0.32272920
v 0.17033158 -0.18561333 -0.22293362
v 0.01248680 -0.09119034 -0.57383603
v -0.25394303 -0.13205121 -0.26152718
v 0.47320694 -0.05750525 0.49936938
v 0.04179170 -0.27463529 -0.07029141
v -0.07715233 -0.11933047 -0.26026934
v -0.19240619 -0.12586656 -0.55949795
v -0.28730318 -0.12839967 0.26093629
v -0.35871452 -0.39439878 -0.66343588
v 0.58913726 -0.12964028 0.36190787
v -0.40460789 0.25395280 -0.06677426
v -0.36082858 0.32439205 -0.37642831
v -0.25517666 0.19379537 -0.40997434
v 0.75124925 0.02831938 0.29711515
v -0.48919082 0.34470907 -0.18687107
v -0.39415598 -0.18966894 -0.59574008
v -0.32891923 0.28050789 -0.34148413
v 0.11784899 -0.27762309 -0.06474612
v 0.37339088 0.23552051 0.51202279
v -0.37615338 -0.12069583 -0.55689591
v -0.06616015 -0.26667047 0.16372606
v -0.05477587 -0.26877210 0.40152103
v 0.04754256 0.03763468 0.48364165
v 0.51050669 -0.19767781 0.31326884
v 0.24567711 0.27517548 -0.18656656
v -0.43081582 -0.13961078 -0.11111373
v -0.24428228 -0.19408433 0.21461688
v 0.41725981 -0.00993103 0.51318109
v -0.57053131 0.11037692 -0.31903636
v -0.02382813 0.31447363 0.07492983
v -0.29974291 0.07523251 0.30424100
v 0.08106274 0.18691365 0.47969288
v 0.33323655 -0.10922296 -0.27533087
v 0.01556502 0.31179845 -0.02896129
v -0.23753928 -0.22506453 0.16959658
v -0.47778377 0.09739969 -0.51889217
v 0.51830506 -0.22662340 0.12785457
v 0.03728786 0.31057325 0.34845871
v 0.49629897 0.28363273 -0.01077789
v 0.04732817 -0.36922580 0.01504855
v 0.36228874 0.30062523 -0.09979221
v -0.40520230 -0.41830933 -0.60974157
v -0.15886088 -0.22908558 0.15535888
v 0.09545007 0.41919684 0.09229518
v 0.62004447 -0.03681218 0.08590668
v -0.44110423 -0.13920921 0.13695364
v -0.24579604 -0.15269907 0.25020841
v -0.33099607 0.02116963 -0.52865565
v 0.59076208 0.20830958 0.35093415
v 0.14035530 0.40777862 0.00553743
v 0.23314525 -0.15774536 0.47469634
v -0.15920985 -0.14670353 -0.58991551
v 0.58862185 -0.13518351 0.10271371
v 0.33005199 0.29623178 0.51065409
v 0.25895998 -0.25683150 -0.08781236
v -0.19591275 0.25215676 0.38612655
v 0.30684224 0.13964766 -0.30331221
v 0.60428238 0.15396047 0.06985433
v 0.62365365 0.02195659 0.07230622
v -0.24898194 -0.12027064 -0.29827857
v -0.42160678 -0.44852307 -0.70582265
v -0.50224328 0.11129911 0.11716543
v 0.50169599 0.28049785 0.19518441
v -0.31055981 -0.60201550 -0.68915820
v -0.27039790 0.15618713 0.51806247
v 0.08351039 0.05543869 0.48326299
v 0.08236043 0.14240222 -0.27277786
v 0.40098563 0.36789045 0.17901486
v 0.28749657 -0.30680010 0.40029231
v -0.14169110 -0.10848767 0.52117318
v 0.22810172 0.13535076 -0.30743665
v 0.06189587 0.12533534 -0.27130806
v 0.08406622 -0.38757920 0.26211050
v 0.35598195 0.36310989 0.28338695
v -0.51301265 -0.07797394 -0.20883749
v 0.12352696 -0.39619181 0.05206317
v -0.00140459 -0.16436879 0.48026767
v 0.18156224 -0.33288261 0.39460129
v -0.13738510 -0.26705843 0.02810195
v 0.11978881 -0.29962635 0.46063614
v 0.32122493 -0.25160196 -0.07281850
v -0.05522828 -0.22940657 0.38847715
v -0.06383722 -0.29363552 0.14983426
v -0.42269722 0.13757294 -0.52692294
v 0.40488306 -0.13207705 0.48653948
v 0.47895342 0.01470252 0.51258880
v 0.30199844 0.39446476 0.02893382
v 0.71713704 0.08768570 0.19534013
v -0.45698664 0.34462988 -0.18119372
v 0.45905608 -0.10777304 -0.20727579
v 0.49980289 -0.23700415 0.19260356
v -0.44955665 -0.10871960 -0.40452984
v 0.06743331 -0.17753492 -0.20912793
v 0.06275197 0.36278349 0.26085785
v -0.51251167 0.16537322 -0.01551804
v 0.11451286 -0.20258649 -0.58822489
v 0.46397325 -0.24284168 0.33824593
v -0.22603692 -0.18393481 -0.21179630
v 0.22580956 -0.24443361 -0.13855594
v -0.35209787 -0.12696345 0.50575548
v -0.40535399 0.03599304 -0.53135318
v 0.07026806 -0.13085324 -0.58360231
v 0.15280461 -0.37826270 0.26227412
v 0.24589628 0.42000511 0.13429290
v -0.23891494 0.15485266 -0.46552011
v -0.13003710 -0.16662674 0.35640699
v -0.41612670 -0.39762989 -0.60756296
v -0.49251854 0.15570310 -0.10219584
v -0.01611225 0.31715623 0.13340065
v 0.30909106 0.16766806 -0.29055953
v 0.52092886 0.08770472 -0.18024810
v -0.12976857 0.28942898 0.20978893
v 0.43225932 0.33707774 0.02144476
v -0.23709556 0.31203139 0.01365917
v 0.11897776 -0.30002791 0.46214911
v 0.31213269 0.35309702 -0.02580831
v 0.05124665 0.01957443 -0.28509796
v 0.03607997 0.39289474 0.14754882
v -0.35953951 -0.44217944 -0.48534140
v 0.31577641 0.15481198 0.51202047
v -0.38974026 -0.18110828 0.15799029
v 0.04513782 0.05726522 -0.28214967
v -0.27234215 0.27732986 -0.23685786
v -0.17148298 0.30367097 0.01379057
v 0.03612719 0.36616072 0.19117387
v 0.56869805 0.13219135 -0.09041586
v -0.26509076 0.25693068 -0.19668074
v -0.52435726 0.19103140 -0.16096683
v -0.14053743 -0.02534633 -0.57702154
v -0.40267673 -0.18398003 -0.05436102
v 0.14750931 -0.27039140 0.52193177
v 0.06126876 -0.02658150 -0.28374568
v 0.19216213 -0.38244486 0.17604013
v 0.08832233 -0.29227343 -0.71394026
v 0.59379745 -0.02394878 -0.06253073
v 0.64236474 -0.08707775 0.40081355
v -0.41517648 -0.13421787 -0.43078959
v 0.09767772 -0.39349654 0.25425717
v 0.06441560 -0.20932272 -0.77049774
v -0.08168556 -0.26311055 -0.04629940
v -0.16014168 0.21663901 0.51446247
v 0.07435906 0.41236991 0.04994372
v 0.03270049 -0.24695416 -0.66712743
v -0.39754540 -0.38151944 -0.51368958
v -0.18060862 0.24561155 0.34218752
v 0.68459904 -0.00138413 0.40671200
v -0.31645483 -0.14821634 -0.50531870
v -0.45376882 -0.42112240 -0.65568364
v -0.06573267 0.04310711 0.52110755
v -0.20965707 0.19736826 -0.31938678
v -0.37844956 -0.08922055 0.51358134
v -0.32151878 -0.48626730 -0.55304658
v -0.32914490 -0.22832872 -0.00097466
v -0.43951192 -0.10744687 -0.14468050
v -0.33283326 0.22735126 0.45051637
v 0.17673288 0.30396798 -0.12378205
v -0.03434345 -0.24791649 0.28713676
v -0.10891088 0.27646151 0.41096947
v -0.20706837 -0.25801930 0.04179703
v 0.37633845 0.21883810 -0.22388029
v 0.69936633 0.14593975 0.22664954
v 0.45640460 -0.24452728 -0.01489519
v 0.29570156 0.34102434 -0.04476311
v -0.02222065 -0.28452826 0.39908844
v -0.05288837 -0.17463867 -0.71582150
v -0.10325131 0.29571792 0.46035039
v -0.55479658 0.23751086 -0.30738586
v -0.25134051 0.25920594 -0.22454739
v -0.28090554 -0.07084248 -0.50300199
v 0.60431129 0.15917401 0.09393120
v -0.45484710 0.10647037 0.18858366
v -0.13374823 0.19221890 -0.20950457
v -0.48414859 -0.03934708 0.15986083
v -0.05734325 0.27465197 0.24116763
v 0.62725359 -0.10501944 0.39522263
v 0.18316236 -0.02329165 0.47994727
v -0.05493152 0.28052637 0.19990593
v 0.00930090 0.29284045 0.23629041
v 0.51285774 -0.23438245 0.11355225
v -0.38939345 0.31519207 -0.14265198
v -0.32007134 -0.13538475 -0.37178823
v 0.02274748 0.27352262 -0.12984611
v -0.15954222 0.26958394 0.25700524
v 0.37082651 0.30245107 0.41060963
v 0.57141465 0.21353357 0.16083476
v -0.24281298 -0.07895868 -0.56016737
v -0.16978915 0.25740275 0.28682205
v -0.42487189 0.17141578 0.19592825
v -0.32430813 -0.11191469 0.44668922
v 0.28950512 0.34389856 -0.03932831
v -0.13111404 -0.31014743 0.50605470
v -0.30143273 -0.30426380 -0.54535842
v 0.35898331 0.37585279 0.08030978
v 0.50490582 0.22765957 -0.09372658
v 0.31565034 0.19192795 0.49408633
v 0.24463394 -0.29656300 -0.03293302
v 0.15749352 -0.31847322 0.42196706
v -0.29150531 0.26335609 -0.11842224
v -0.04469125 -0.13298929 -0.51558059
v -0.24752933 -0.26016527 0.04823431
v -0.36750004 -0.02608411 0.52191669
v 0.27731502 -0.27627826 0.46773416
v -0.14724176 -0.13164060 -0.50545120
v -0.01094908 0.09737512 0.48722476
v 0.28690454 -0.27950642 0.44519913
v 0.41698533 -0.16209693 0.45449165
v -0.16080485 -0.14447758 -0.26578099
v 0.51007539 -0.03667262 -0.19210909
v 0.49232504 -0.19375084 0.35823882
v -0.15238783 0.30661121 0.50569117
v 0.36228746 0.37301356 0.05169308
v -0.08587106 0.25772470 -0.11021675
v 0.09203576 0.41638675 0.05062320
v -0.04448532 -0.17987853 -0.20352623
v -0.54929197 0.01434853 -0.16450691
v -0.16864951 -0.25976533 0.03114085
v 0.02498539 0.39576769 0.48640791
v -0.31064242 -0.43486652 -0.56699038
v 0.13113369 -0.20554405 -0.19433588
v -0.19771867 0.32447976 0.48553362
v 0.11706641 -0.40648484 0.10343817
v -0.13753311 -0.02767969 -0.57945335
v -0.44575986 0.24377841 0.02630425
v -0.41587606 -0.20651935 -0.46195129
v 0.44171292 -0.10671840 -0.22119728
v -0.33986124 0.29219866 -0.40107340
v -0.15749800 -0.02605440 -0.60204715
v -0.56706905 0.07488568 -0.32200661
v 0.41406631 -0.28936073 0.35892519
v 0.41237056 0.36025244 0.08847377
v -0.34574029 0.19115399 0.49152020
v 0.66039258 -0.00414366 0.18889436
v -0.38537419 -0.16628671 -0.58410412
v -0.10605075 0.19481428 -0.20977519
v -0.18187371 -0.18761209 0.49928951
v -0.36781588 0.29274324 0.01225378
v 0.14267403 0.41145647 0.20599072
v -0.29207149 0.26146245 0.20062527
v -0.15625866 -0.13381431 -0.63685566
v 0.51450902 -0.13740830 -0.12861720
v 0.16381128 0.12739946 -0.30401620
v -0.54267144 0.04674337 0.03647242
v -0.12941420 -0.03860968 0.52357137
v 0.34662127 -0.24319378 -0.08575615
v 0.04935096 -0.25354627 -0.76521260
v -0.15392615 0.11127418 -0.27233863
v -0.48611841 -0.06974611 -0.15964116
v 0.10479013 0.35243037 0.37548372
v 0.56864107 -0.12569015 0.28079760
v 0.17131281 0.32859793 -0.05442642
v 0.07352921 -0.40612558 0.16632876
v -0.34860998 -0.56886643 -0.66587198
v 0.15148455 -0.39753935 0.12333981
v -0.30071515 -0.23588455 0.04457047
v -0.16702425 0.25745192 0.32463560
v -0.02612182 -0.32801330 0.47494283
v -0.15422939 -0.00891140 -0.52591991
v -0.11585349 -0.17584315 0.51524597
v -0.39758694 -0.16379297 -0.10772802
v 0.14876916 0.37162125 0.36943024
v -0.43349272 -0.39263532 -0.66767693
v -0.02452601 -0.12975058 0.48188087
v -0.18115316 0.24627630 0.51458138
v -0.32076195 -0.03521451 0.41290361
v -0.09756675 0.30580047 0.09949196
v -0.19314274 -0.23112343 -0.13177331
v 0.03763842 0.24049875 -0.18243459
v 0.33837616 0.38987359 0.10743262
v 0.01803539 -0.34231383 0.29989725
v -0.01835185 -0.24372120 -0.12131444
v -0.30409053 0.27055153 -0.18735662
v -0.49656051 -0.06329307 -0.09874893
v -0.10982268 0.17274359 0.51772857
v 0.06917076 -0.24578469 -0.63972670
v 0.08882309 -0.28108510 0.52227718
v 0.51797742 0.00819241 -0.18667033
v -0.47547457 0.17805450 -0.10487190
v 0.24083290 -0.16279165 -0.24483800
v 0.26404691 -0.22555099 -0.18975855
v 0.21318135 0.43285012 0.17645627
v 0.28779379 0.17189439 -0.29045033
v 0.38410598 0.06300110 -0.28960609
v -0.46207875 0.28972018 -0.44061995
v 0.46275777 -0.15180156 0.41822386
v 0.10830998 -0.40809724 0.11404104
v 0.10633341 0.36955419 0.45292905
v -0.33447826 -0.23077179 0.04886063
v -0.16327250 -0.25630057 -0.05186012
v 0.57289428 -0.17286180 0.06323510
v 0.48689336 0.17218114 -0.18845844
v -0.32942346 -0.52671444 -0.54343230
v -0.07290637 -0.27077195 0.11456715
v -0.20171693 0.20799418 -0.25870171
v 0.10311934 -0.27589089 -0.77911329
v -0.09548112 -0.19394624 0.25263807
v 0.39314583 0.25081545 0.50483561
v 0.28566721 0.25077999 -0.21133186
v 0.28891519 0.29809651 -0.09083919
v -0.17541845 -0.23336749 0.14212857
v -0.42346644 -0.11801764 0.19153906
v 0.54576594 0.05485145 -0.14795154
v 0.58649462 -0.12581672 0.38457999
v 0.39882398 -0.29207942 0.04322602
v -0.52891695 0.14952858 -0.16482949
v 0.08097219 0.13735749 -0.27471596
v -0.32911876 -0.37848803 -0.49535266
v -0.26940736 -0.03436837 -0.55222851
v -0.11195537 0.30405343 0.08854282
v -0.33464536 -0.18851772 0.19242413
v 0.09050182 0.34674802 0.37214515
v -0.39933440 0.34732360 -0.15551196
v -0.57784188 0.05243528 -0.21177359
v 0.26748201 0.40433475 0.29731885
v -0.17515045 -0.24036545 0.12648229
v -0.37748450 0.14602518 -0.53030550
v -0.26223084 -0.08386453 -0.48196676
v -0.36520073 -0.57133549 -0.72275454
v -0.21075688 -0.14961848 -0.25231251
v 0.37373018 -0.23091134 0.49232149
v -0.30690181 -0.51429224 -0.61057502
v 0.46252614 0.00040275 -0.24035446
v -0.40632835 -0.13008954 -0.55691892
v -0.41475007 0.38505322 -0.27810904
v -0.50799042 0.34956145 -0.21666236
v -0.13684386 -0.25444642 0.43972144
v 0.07621527 0.37094003 0.29018697
v -0.43390667 0.25258017 0.00373040
v 0.57555723 0.07656226 0.47478142
v 0.48849475 -0.08227000 -0.19719535
v -0.42964822 -0.26785833 -0.61239165
v 0.00123846 0.37643543 0.50920570
v 0.53148717 0.04814968 0.49818805
v -0.28902629 -0.05988527 0.52436137
v -0.54026836 0.03220086 -0.03964869
v 0.67712373 0.10593624 0.40894279
v -0.37870470 -0.49427199 -0.62315410
v -0.40602967 -0.13284780 0.19354945
v 0.48184112 0.19374628 0.44520587
v 0.22153805 0.19543420 -0.27676514
v -0.14523275 -0.01895193 -0.47636047
v -0.56849980 0.12950683 -0.31761530
v 0.30660692 0.31717032 0.44433722
v -0.35264489 -0.46236813 -0.49522510
v 0.21149594 -0.26519164 0.51804614
v 0.62115020 0.03241618 0.04591178
v -0.33322668 -0.14625774 -0.30620438
v -0.41892084 -0.23890245 -0.49932256
v -0.31152624 0.07858940 0.51684624
v -0.37297291 -0.47877234 -0.70882660
v 0.15452640 -0.19164389 -0.21582048
v 0.43115589 0.16371532 -0.24068072
v 0.55621380 0.20033748 0.34468526
v 0.39665321 -0.31423187 0.24515067
v -0.06292254 0.30365509 0.40791857
v -0.48726690 -0.10950926 -0.28504360
v -0.32332689 -0.32634366 -0.48060012
v 0.11847158 0.10998424 0.48262629
v -0.12545767 -0.06687403 0.52264291
v 0.47371221 -0.22941002 0.36685327
v 0.28406149 -0.25876176 0.51218277
v -0.03032230 0.23978451 -0.15160112
v -0.42130718 0.25246274 -0.11854404
v 0.39614940 0.32601884 0.36110482
v -0.08374281 0.22364882 0.51574725
v -0.17878820 -0.19986703 0.49094662
v -0.36814538 0.30582303 -0.14689007
v 0.74455559 0.08953765 0.29187369
v -0.11740346 -0.13314885 -0.68115795
v -0.35701409 -0.08710948 0.26112720
v 0.38818049 -0.26531011 -0.03824725
v 0.52457339 0.18567832 0.42771918
v -0.37125126 -0.02466773 0.52130133
v -0.54988164 0.11455490 -0.35876837
v -0.39230731 -0.41687477 -0.57217103
v 0.12007303 -0.32627532 0.40902346
v 0.35724866 0.33343562 -0.06187700
v -0.54940021 0.20584325 -0.32524437
v 0.35685566 0.35823733 0.30251402
v 0.29717726 0.38267505 0.00711127
v 0.18631394 0.16418301 -0.29362202
v -0.24205253 0.14025797 0.51978761
v -0.19702958 -0.06533382 -0.43245688
v -0.33778509 -0.36903054 -0.64150995
v -0.41220927 -0.21990727 -0.46091968
v 0.02574456 -0.19694124 -0.18744795
v -0.14354748 -0.15478675 -0.61769348
v -0.49844691 0.27442837 -0.42682073
v 0.31376231 0.36149651 -0.01455351
v -0.05268816 -0.13682652 -0.51553357
v -0.23484506 -0.09521194 -0.49746308
v 0.50795996 -0.15856872 0.35721216
v -0.32767057 -0.18418954 -0.15009634
v 0.01938792 0.32140592 0.37955204
v -0.51251948 -0.04892034 -0.16943467
v 0.42712346 0.35660923 0.10815224
v 0.58747125 -0.13183196 0.18747774
v -0.32287198 0.19177198 0.24981754
v -0.18256125 -0.12438601 -0.51438850
v -0.04198568 0.23605593 -0.15481240
v 0.16293114 -0.23523144 -0.16322589
v -0.17205091 -0.02375226 0.52271253
v -0.16266316 0.17244951 -0.22093354
v 0.23266214 0.42837456 0.14619400
v 0.15113416 0.26628008 -0.19552550
v -0.46261773 -0.15058084 0.01802773
v 0.71090543 0.11461573 0.36875328
v -0.47238737 -0.01887939 0.18167002
v 0.08803567 -0.14403786 -0.57501173
v 0.59064215 -0.12879337 0.10828304
v -0.30366760 0.31792265 0.02146306
v 0.09964425 0.15685749 -0.27379006
v 0.60568541 -0.09683933 0.14617628
v -0.06555536 -0.27389196 0.15973754
v 0.46426579 0.12575488 0.49771523
v 0.54504627 0.02113597 0.49454021
v 0.58851898 -0.11550470 0.00646980
v -0.24858882 -0.19550163 -0.18731070
v 0.37447643 0.28439906 -0.11355157
v -0.11245042 -0.31194887 0.52125686
v -0.04117545 -0.12245064 -0.62184274
v 0.32418621 0.38689610 0.02307410
v 0.48599130 0.30069128 0.07098465
v -0.30585584 -0.27702150 -0.50507706
v 0.34043747 -0.27862149 0.44391868
v -0.10536920 -0.05388042 -0.64572662
v -0.30823410 0.26194975 -0.11924270
v -0.31663832 -0.54264247 -0.70080531
v 0.33932859 0.33373287 0.38914731
v 0.19364309 -0.13968690 0.47583058
v 0.02171981 -0.24077673 0.50945991
v -0.29677480 -0.06268459 -0.50643200
v 0.04173556 -0.15624091 -0.22759257
v -0.33439294 0.29052657 -0.34240326
v -0.54027694 0.02593695 -0.36558002
v 0.02044408 0.21602668 -0.19839975
v 0.12511909 0.31323874 0.51282263
v 0.15917939 0.20584619 -0.26217285
v 0.16466491 -0.37931794 0.22842816
v 0.08712488 0.38071433 -0.01031470
v 0.32780042 0.22230546 0.51121175
v 0.42187545 -0.15290022 0.45238522
v -0.39554459 -0.02397987 0.48685226
v 0.18891138 -0.29451311 -0.04202733
v -0.40771309 -0.43473312 -0.69885069
v 0.25663400 -0.30765140 -0.02557803
v -0.11391866 -0.31713629 0.49651307
v 0.16442975 -0.10143950 0.47779793
v -0.53979653 0.02089504 -0.01491096
v -0.11782659 -0.14302827 -0.26105595
v 0.19611748 0.19772615 0.47634301
v 0.10526790 0.04571465 -0.30023915
v -0.05883233 -0.16907178 0.31644905
v 0.16967843 -0.07422746 -0.29803866
v -0.07586084 0.26467049 0.32016647
v 0.60265416 0.16249144 0.08494239
v -0.30932838 -0.26812664 -0.57072324
v -0.24072669 0.17248462 -0.43805850
v -0.13885404 -0.16806287 0.34552896
v -0.13002703 0.27285302 0.32766858
v 0.43434364 0.19243363 0.48812252
v 0.50748068 -0.19834633 -0.01963359
v -0.48497126 -0.11167001 -0.05218150
v -0.44891444 0.19888152 0.14279030
v 0.12957735 0.22627163 -0.23937058
v -0.54846048 0.08372983 -0.15806258
v -0.56156057 0.29913402 -0.20968959
v -0.18193927 -0.13349076 -0.55963284
v -0.38931426 0.21298723 -0.50881445
v 0.02402795 -0.23222099 -0.63556045
v 0.13168681 0.35971501 0.44583875
v 0.62276727 -0.02621993 0.09089433
v -0.31578627 -0.15042965 -0.21264003
v -0.34434560 -0.20351431 -0.58352417
v 0.20301305 -0.00516019 0.48390394
v 0.07839062 0.16344857 -0.25941986
v 0.46343321 0.09795918 0.50757718
v -0.41966635 -0.27501628 -0.48402318
v 0.52229893 0.03386229 -0.18116310
v -0.01444823 -0.11585169 -0.59502101
v -0.52387530 0.00003627 -0.08170316
v 0.06905350 -0.22463635 0.49347207
v -0.52416617 0.31649068 -0.33335140
v 0.44055560 0.31270251 0.30530754
v -0.26997355 0.26336631 0.20538048
v 0.19190456 0.34892440 0.40639737
v 0.26237887 0.32457712 0.50051922
v -0.54372364 -0.00145745 -0.35124129
v 0.16888872 -0.32650286 -0.02656865
v 0.25587377 -0.37275398 0.14820737
v 0.27418640 0.41303077 0.26525962
v -0.25580367 -0.15741137 -0.22808646
v 0.27489528 0.08624615 -0.31865510
v -0.32030585 -0.47641364 -0.65462387
v -0.57381845 0.14786403 -0.29393321
v 0.02153338 -0.38248721 0.21725613
v 0.18637322 -0.20540760 -0.19528490
v -0.26261303 0.12696356 0.43526682
v 0.43955845 -0.17722282 -0.15107580
v 0.31742367 0.30078134 0.51068330
v -0.38399008 -0.19337609 0.14604346
v -0.52020389 -0.00573327 -0.14487246
v -0.30688500 -0.28467807 -0.50231856
v -0.46535575 0.25517413 -0.46697643
v 0.41214147 0.18036985 0.50411260
v -0.00664362 0.35428676 0.40329292
v 0.57132792 0.19401327 0.27891520
v -0.55970490 0.09873244 -0.33766130
v 0.17303362 0.39403012 -0.01567096
v 0.60001034 -0.06372979 -0.02056126
v -0.30117700 0.02337378 0.42356476
v -0.30475566 -0.37732059 -0.58325303
v -0.01392854 -0.35829818 0.05240641
v 0.13581398 0.36761212 0.37205696
v 0.15172033 0.26996198 -0.18980932
v 0.32236367 -0.22723365 0.51663697
v -0.53541619 0.02739905 -0.38408837
v -0.38973364 0.20443512 -0.51233041
v -0.18709357 0.01583208 -0.46779129
v 0.14466739 0.30329967 -0.10728253
v -0.16486456 -0.18839286 0.52340651
v 0.53353083 -0.12695721 -0.10932745
v -0.02645811 0.14454298 -0.23453619
v -0.07016569 0.06622631 -0.28017738
v -0.25851619 0.19562887 -0.45854414
v -0.30909145 -0.48702016 -0.59689283
v 0.14940605 0.30410624 -0.10739518
v -0.36395887 -0.03773206 0.44127551
v 0.25262371 0.41601843 0.05442375
v -0.17112309 -0.19073164 0.25223324
v 0.74304968 0.05833331 0.32188687
v 0.18092157 -0.16537657 0.47602323
v 0.36687332 0.30967802 0.45989993
v 0.26633501 -0.36970919 0.15187471
v -0.52415395 0.29203117 -0.15567917
v -0.32918209 0.11434051 0.28364885
v -0.37289196 0.10497885 0.26796889
v 0.11335900 -0.30782649 -0.70098346
v 0.52863652 0.25174627 -0.01494228
v -0.22344697 -0.23090225 -0.12886880
v -0.49157426 0.17795187 -0.14344969
v -0.03225916 -0.35482237 0.10105361
v -0.26048869 0.15236229 0.41898629
v 0.55505639 -0.01651628 0.48573911
v -0.23795268 0.26999286 -0.11360728
v -0.33512613 0.36218357 -0.22633040
v -0.10052093 -0.08135548 -0.47886077
v 0.32263687 0.39490864 0.23422481
v 0.38459763 0.29160979 0.49221316
v -0.05737515 -0.23384628 0.39128458
v 0.41847321 0.34488744 0.03519517
v -0.04792349 -0.32837349 0.09601634
v -0.51826513 -0.05863959 -0.19096975
v -0.23122160 0.31689489 0.09951507
v 0.18354169 -0.03629581 -0.30929679
v -0.45813027 0.25610346 -0.46991429
v -0.32334834 -0.05359326 0.28740686
v 0.43740845 0.33885503 0.17787294
v 0.29436749 0.40944770 0.13699275
v -0.00126244 0.18580341 0.48273453
v -0.29266647 0.09368265 0.47519979
v -0.15359014 -0.23627639 0.14197385
v 0.41785040 0.12248022 -0.26561058
v 0.24997774 0.39540404 0.31472906
v -0.42821339 0.08700243 0.22262377
v -0.52724648 -0.00023505 -0.07115074
v -0.07032494 -0.26516941 0.40551469
v 0.60739547 -0.03668130 -0.02053056
v 0.29715896 0.05078247 -0.31966150
v 0.10427128 0.13132244 -0.28660017
v -0.50775987 -0.01050626 -0.42220604
v -0.03131459 -0.31745687 0.43174967
v 0.38010469 -0.31721058 0.12067183
v -0.27685851 0.20920506 -0.50076681
v 0.29183424 -0.23196891 -0.17075630
v -0.31660798 -0.14733453 0.23521256
v -0.44827726 0.06511883 0.21255144
v 0.11988626 -0.22177175 -0.59993279
v -0.08248292 -0.25954941 -0.06047612
v -0.44593364 0.33629867 -0.16314250
v -0.17380966 0.05999674 -0.33916351
v -0.37230304 -0.44946060 -0.69184262
v -0.49225512 -0.04500798 -0.41487685
v -0.24083649 0.23124038 -0.17017522
v 0.20687346 0.07909628 -0.31611776
v -0.03687267 0.26594496 0.23304972
v -0.09776244 0.29400390 -0.03344468
v 0.01764819 -0.12452691 -0.24207065
v 0.48427737 -0.01969235 0.50884736
v 0.69702083 0.03367078 0.40191275
v -0.25778043 -0.23310027 -0.08033944
v -0.32581097 0.26557228 0.18084864
v -0.51414812 0.25251955 -0.43023473
v 0.32868204 0.39806172 0.17928478
v 0.25036934 -0.12358787 0.47488585
v -0.33017933 0.30429927 -0.31223723
v -0.25652525 -0.01500497 0.34903273
v -0.19895355 -0.03068694 -0.38005319
v 0.51640183 0.05506751 -0.18790442
v 0.49516195 0.23775649 -0.08906562
v -0.08747672 -0.12813579 0.48316514
v -0.28483459 0.10937306 -0.52694601
v -0.33436310 0.09136613 -0.53290319
v 0.08045444 -0.03455168 0.48199862
v -0.15114890 0.29465336 0.14152019
v 0.44626918 0.04132905 0.51364630
v -0.33066055 0.27525339 -0.41562513
v -0.05600040 -0.19018945 -0.57482815
v -0.09801003 -0.09739618 -0.27677909
v 0.61768895 -0.05038476 0.03905996
v 0.21431647 -0.17028536 -0.23440073
v -0.43888131 0.11707736 -0.52696484
v -0.54119146 0.18361343 -0.35340536
v -0.52185494 0.33327535 -0.30575329
v -0.33266428 -0.59188026 -0.68034828
v -0.25924692 0.19388479 -0.49472639
v 0.09665350 -0.34464088 0.37198955
v -0.47807413 -0.06003786 0.15527040
v 0.08927813 -0.16131750 0.47795972
v 0.12973452 -0.38006422 0.28162152
v 0.61953390 -0.04099486 0.04272884
v -0.47977808 -0.09904020 0.11325840
v 0.17987993 0.41318238 0.25839275
v 0.57117403 -0.06978786 -0.08827243
v 0.01260277 0.38821614 0.11052649
v 0.62398517 0.20620339 0.32655796
v -0.13174482 -0.03285361 -0.60441184
v 0.72593647 -0.01695384 0.34347567
v 0.49223694 0.25844064 0.34634799
v 0.23930141 0.37894201 -0.02735291
v -0.38819778 0.06686729 -0.53322291
v 0.21365567 0.43434903 0.15822305
v 0.10238428 -0.40297490 0.19404154
v -0.02536415 0.38045785 0.46067175
v -0.30825570 0.25346023 -0.43469512
v -0.18692051 -0.16008404 0.33378702
v 0.24576980 0.42043474 0.13763878
v -0.14771356 0.27804932 0.24872977
v 0.66034096 0.16961206 0.37160119
v -0.42771778 0.38560554 -0.27966604
v -0.36568260 0.24715576 0.18085742
v 0.75153834 0.06865960 0.26346707
v -0.12028204 0.21767095 -0.18242800
v 0.08565222 -0.39853218 0.22981235
v 0.17188635 -0.12863059 0.47698820
v 0.35223222 0.31612384 -0.08584447
v -0.07070422 0.27203971 0.28766263
v -0.43054730 -0.18442084 0.04959501
v -0.41140318 -0.13802804 -0.31429380
v -0.01766242 -0.32498541 0.45225921
v 0.27688232 0.06682713 0.51851749
v 0.62518418 0.00617773 0.07871990
v -0.46017346 0.04362809 0.20323431
v 0.27208731 -0.29149753 -0.03003641
v 0.26389521 -0.24534325 -0.14823705
v -0.45912054 0.26742509 -0.46130100
v -0.27596083 -0.07357349 0.40156913
v 0.47018227 -0.22535564 -0.03446655
v 0.17994304 0.41993782 0.09263171
v 0.03574908 0.39225236 0.44763875
v -0.08624344 0.23252372 0.51570666
v -0.31456834 -0.23038408 -0.46734455
v 0.74830389 0.00260538 0.29078031
v -0.39835098 -0.11947770 -0.55515087
v -0.53830415 0.24009651 -0.15695171
v 0.31976631 -0.31281897 0.38376933
v 0.19599365 -0.11972416 -0.28299505
v 0.43640354 -0.28746048 0.12115474
v 0.20245935 -0.36898902 0.24828991
v -0.49269152 0.33800164 -0.35989156
v -0.47774917 0.07084143 -0.52003551
v -0.23995836 -0.25250158 -0.05103593
v -0.45472446 -0.11284181 0.15824182
v -0.31580052 0.26535672 0.51396656
v -0.53883785 0.21173839 -0.41363904
v -0.43701214 -0.11974833 -0.49056351
v 0.40581200 -0.31155121 0.20140746
v -0.25065914 0.23706013 0.51571441
v -0.10942998 0.26806650 0.35070959
v 0.41076118 -0.02503839 0.51493037
v -0.06570413 0.29382080 -0.05296446
v 0.08892042 -0.40075824 0.21408576
v -0.20303574 -0.04742017 -0.41452068
v -0.48823756 0.17075185 0.11398549
v 0.24102341 -0.37612370 0.14910533
v 0.56438714 -0.11511047 -0.06605214
v 0.25328985 0.32578507 0.47138616
v -0.36418471 -0.14304870 -0.34328878
v 0.20792060 -0.33303618 0.39051625
v -0.28246263 0.13244025 0.44461253
v -0.02961725 0.25559673 0.27081501
v 0.16079330 -0.31521556 -0.03197166
v -0.35782632 -0.06122546 0.43939745
v 0.00340428 -0.20760828 -0.59730989
v 0.74537957 0.02661165 0.22394571
v -0.16252579 0.26958400 0.39792663
v -0.34183022 0.16891894 -0.52449805
v 0.55449867 -0.14216700 -0.05612326
v 0.46173370 0.21026354 -0.17631145
v -0.30771646 -0.17424010 -0.18283811
v 0.43180302 0.10118474 0.51203960
v -0.33741701 -0.28639945 -0.45536640
v 0.61587608 0.01561526 0.00206923
v 0.62702566 0.04424119 0.12335467
v 0.58121890 -0.13963911 0.12916380
v 0.49054584 0.20464753 -0.15383893
v -0.03346638 -0.21271962 -0.62331647
v 0.05803232 -0.12446591 -0.24924876
v 0.48321471 0.29471463 -0.00749206
v -0.50016683 -0.05592592 -0.39038631
v 0.04166973 -0.07049463 -0.26701206
v 0.12441483 -0.29810071 0.43764520
v -0.00898093 0.26131627 0.25180015
v -0.14957377 -0.22828577 0.16939573
v -0.02100579 0.27508008 0.36948472
v -0.06387644 -0.06729510 -0.50928330
v 0.37833318 -0.31748879 0.16468877
v -0.49894780 -0.05166347 -0.10626689
v 0.32106903 0.29815727 0.51124096
v -0.02903055 0.06892296 0.51742214
v -0.30309397 -0.60073501 -0.65012121
v -0.35641873 -0.05207437 0.43425494
v -0.53481650 0.08448970 0.05726084
v 0.32597300 0.23329662 -0.22724959
v 0.00681618 -0.22684501 0.48656452
v -0.30430448 0.30386466 -0.23828922
v 0.67878324 0.13677815 0.20911311
v 0.11878286 0.34495324 0.39879307
v 0.01077820 0.30680254 -0.05823214
v -0.32174093 0.08497434 -0.53192300
v -0.38286403 -0.09042654 0.23270918
v -0.28800461 0.05066456 -0.52933884
v -0.16810969 0.25909996 0.28292933
v -0.33601061 -0.37536979 -0.48559812
v 0.24145812 -0.27555767 -0.04278111
v -0.35184857 -0.55402762 -0.61406529
v -0.40631607 -0.29877436 -0.52585346
v -0.13185565 -0.03164681 -0.47618204
v -0.08709985 -0.30580804 0.43723601
v -0.43081522 -0.18359567 0.00455407
v -0.11599953 0.30008575 0.14309563
v 0.57998854 0.20106174 0.15513100
v 0.32166138 -0.11329845 -0.27716359
v 0.41028896 0.32073161 0.35354763
v -0.47105482 -0.13184921 0.06356130
v -0.28311318 -0.21972257 0.17535603
v -0.15047236 -0.11601844 -0.28002733
v -0.28131294 0.23421299 -0.46023837
v 0.42102709 0.35488650 0.16459668
v -0.20418201 0.31227425 0.02964090
v 0.35427332 -0.26303279 0.46693897
v 0.49117926 0.22634511 -0.12107087
v -0.39672774 0.37226525 -0.17797358
v 0.17195059 0.41941667 0.08324277
v 0.00427143 -0.05088608 -0.26466724
v 0.56857491 -0.12237899 0.39645433
v 0.50349593 -0.23397230 0.18919335
v -0.21905212 0.10205685 -0.40823546
v 0.14637350 -0.32047752 -0.71204716
v 0.06979948 0.00649959 -0.28894377
v -0.13850264 -0.11683261 -0.27824387
v 0.43082389 0.24576636 -0.14769948
v -0.18786879 0.03747061 -0.37162250
v -0.39560503 0.20009629 0.20283169
v 0.34954020 0.00774977 -0.30489287
v 0.33554426 0.31791690 0.41021672
v 0.17294589 -0.37636587 0.25723803
v -0.10618792 -0.06252764 -0.59074366
v -0.14990519 -0.08420121 0.52224028
v -0.29998887 -0.03300886 0.52363706
v -0.38790727 -0.42359316 -0.55099607
v 0.60687286 -0.03852237 0.45486194
v 0.57271355 0.12338132 0.46383744
v -0.48526224 -0.11109851 -0.27851996
v 0.41606939 -0.24019131 -0.06989323
v 0.03227193 -0.22086443 -0.61361718
v -0.16603674 -0.18697400 0.52342820
v 0.05609708 0.13374004 -0.26417410
v 0.17208637 0.43062115 0.18388353
v -0.17330979 0.00376015 -0.52519208
v 0.68102723 -0.09921513 0.31599680
v 0.55457014 0.22845377 0.27040672
v 0.56197155 -0.13892969 -0.02811393
v -0.29919162 0.01020889 0.52258790
v -0.39377615 0.34616548 -0.15474850
v 0.28447157 -0.24727249 -0.10661279
v -0.22076227 0.15429577 0.32935190
v 0.04988791 0.38997978 0.47741455
v -0.11741959 0.25802723 -0.11696980
v 0.08971510 -0.16632706 -0.60473633
v -0.12782241 -0.01592691 -0.52734172
v -0.46479443 -0.14332801 0.03647764
v 0.52622873 -0.12824784 0.37473413
v -0.16284856 -0.06088095 -0.63850176
v 0.00474802 0.27656716 0.25294432
v -0.21990262 0.22327596 0.51543844
v -0.01323199 -0.31213298 0.01875233
v -0.26247856 -0.07243299 0.36954543
v 0.51015246 0.27530974 0.25680050
v 0.27111572 0.28351226 -0.15770970
v -0.22624013 0.15213016 -0.38850158
v 0.59395808 -0.07917932 -0.02583037
v -0.19939771 0.31703392 0.45269233
v 0.04185494 0.33852568 0.24975994
v -0.24315901 0.20009445 0.51608956
v -0.42240614 -0.12483206 -0.36908448
v 0.35084781 0.36923009 0.27521735
v 0.29397193 -0.19725825 -0.21736121
v -0.22151798 0.21927308 0.38267070
v 0.60551310 -0.00384571 -0.03743546
v -0.24164787 -0.08912031 -0.38570654
v 0.30801219 -0.05556440 -0.30695209
v 0.52108276 -0.18910263 -0.01187461
v 0.35162595 0.31031111 0.48288435
v -0.48925984 -0.04170727 -0.45030558
v -0.19632000 -0.01988530 -0.41590109
v -0.40184644 0.31276643 -0.43264478
v 0.63022310 0.03690562 0.16356845
v 0.07756936 -0.28382429 0.52275527
v 0.02514162 0.37803817 0.50949121
v 0.09444756 -0.29879057 -0.76828784
v -0.33227959 0.17648976 -0.52239323
v 0.62420923 0.02906658 0.08254079
v 0.48208272 -0.02832205 0.50686282
v -0.40678275 0.26845950 -0.02863861
v -0.16605623 -0.26021910 0.05890593
v 0.10031508 -0.29031414 -0.78453338
v -0.23102142 -0.15231681 0.52386254
v 0.48520657 -0.14591564 0.39600179
v 0.07785772 -0.10385164 -0.26230991
v 0.05755983 -0.27146462 -0.07534695
v -0.40481892 -0.33068612 -0.47006696
v 0.16446200 -0.08375778 -0.29403439
v 0.48311085 0.06208605 0.50932455
v 0.25323313 0.06007633 0.51760238
v -0.33028871 0.12275530 -0.53222239
v 0.51573896 0.23452529 0.34649688
v -0.41165152 -0.17118014 -0.44571337
v -0.38213140 0.28956702 0.01975891
v -0.50678998 -0.02150590 -0.12080978
v 0.06750529 0.22383873 -0.21789268
v 0.63303608 0.18990283 0.27793863
v -0.00196224 -0.30587518 0.32600334
v 0.05754130 -0.40696388 0.13568828
v 0.06383280 -0.16980886 -0.56252921
v 0.54855126 -0.15086575 -0.05597967
v -0.43525252 -0.26542991 -0.54889995
v -0.26805207 -0.14093192 0.45174396
v -0.30966511 0.01969716 -0.52883852
v 0.14078067 -0.37636787 0.28107119
v -0.27546966 -0.19593900 0.21350057
v -0.36397311 -0.57256740 -0.72296947
v -0.06612372 -0.15922216 -0.22086009
v -0.18827124 -0.10294888 -0.62390763
v -0.37970129 0.12153705 0.25344574
v -0.18206525 0.01148902 -0.47000539
v -0.01675258 -0.27375135 -0.04133842
v -0.42808250 -0.11531570 -0.17063123
v 0.30205664 0.18076733 -0.28348038
v -0.31724310 -0.58383566 -0.60017049
v 0.15112396 0.30751917 -0.06541210
v 0.46226579 -0.25854436 0.03194714
v 0.68270260 0.09267944 0.18390419
v -0.08149949 0.28579235 0.23494026
v -0.00865733 -0.21848883 -0.71795321
v 0.33839422 0.34474307 -0.03378097
v 0.41429731 -0.30429372 0.24694008
v 0.55776781 -0.09081581 -0.08934020
v 0.06194109 -0.31088197 0.49273372
v -0.29846165 0.14060979 -0.52600068
v 0.35739902 0.36056143 0.00278562
v 0.39370313 -0.20265147 -0.15255843
v 0.38139656 0.23720931 0.51080054
v -0.07858076 0.07436378 0.50861543
v 0.14110008 -0.17668511 -0.22771157
v -0.18555491 0.06451368 -0.35945883
v 0.14602813 0.13796747 0.48079985
v 0.63055450 -0.00239928 0.17226142
v -0.54303616 0.03325443 -0.47629729
v -0.16393165 0.27208284 0.51435179
v -0.32050380 -0.05149867 -0.51367360
v -0.36326373 -0.06573953 0.52356374
v -0.32268804 0.17557235 0.51527780
v 0.64640939 -0.04568098 0.21291114
v -0.36556026 0.29328442 0.02706296
v 0.56613934 0.22642225 0.10243148
v -0.26166040 0.29962420 -0.05153597
v -0.04031237 -0.24233659 0.27539307
v -0.52761585 0.02663526 0.07510634
v -0.10301024 -0.10347628 -0.48222154
v -0.41182891 -0.31048375 -0.50104344
v 0.24430396 -0.36555904 0.06029836
v 0.61872041 0.05448248 0.03655180
v -0.12476181 0.27332377 0.32678342
v -0.09224080 -0.16190411 0.35781202
v 0.22062452 -0.25060695 -0.12876832
v 0.17631826 0.30599508 -0.11698589
v -0.21623531 0.18624626 0.34864086
v -0.40488681 0.10235278 0.23958558
v -0.22941673 0.31412339 0.03305151
v -0.37291619 -0.20200938 -0.60008484
v 0.61600155 -0.07768767 0.25342163
v 0.03632826 -0.14331810 0.48069277
v -0.57018113 0.28319451 -0.21761844
v -0.49775562 -0.08951423 -0.05272235
v 0.46693483 -0.12229428 -0.18849435
v -0.01132597 -0.22714369 -0.67815012
v 0.16132154 -0.30637455 -0.03600690
v -0.16889946 0.13120113 -0.29562044
v 0.42031845 0.14813957 -0.25457105
v -0.47241545 -0.09543991 -0.18350324
v 0.13869919 -0.15617199 0.47688851
v -0.51596236 -0.01051573 0.09222049
v 0.50384653 -0.15825294 -0.11627274
v 0.04242226 0.32159510 0.30829552
v 0.03688652 -0.36739063 0.01643923
v -0.05381218 -0.31813091 0.12354603
v 0.49626860 0.25376284 0.34973204
v -0.36964682 -0.19375150 -0.59511709
v -0.37996450 -0.47026217 -0.58621544
v -0.24146543 -0.18339764 0.22592047
v -0.28068772 0.31657219 0.50901014
v 0.11328672 0.39512765 0.22344346
v 0.30498222 -0.33069155 0.01299104
v -0.33834028 0.31233045 0.05955588
v -0.04192850 -0.25467715 0.51970267
v -0.30178797 -0.23526746 0.03927038
v 0.07626267 0.34114507 0.36921504
v -0.22057357 0.16515924 -0.36441147
v -0.30406028 -0.38351807 -0.57530320
v -0.21268852 -0.25955310 -0.04685901
v -0.26185513 -0.20129630 -0.17274112
v -0.08019304 -0.16472261 -0.22140998
v -0.23077163 -0.18621507 0.22315690
v -0.41071209 -0.00904291 0.24566355
v -0.23636360 0.17745575 0.39207828
v 0.06437247 0.39419895 0.01952924
v 0.05855339 -0.35411942 0.00021172
v -0.31623501 0.06881379 0.47414735
v -0.04329003 -0.33239284 0.48580515
v 0.21568613 0.05534300 0.49972093
v -0.02777157 0.19996642 0.48383361
v 0.01507419 -0.21335213 -0.60635877
v -0.21720985 0.29286227 -0.05512622
v 0.01311833 -0.20029452 0.47927487
v -0.54643142 0.21403870 -0.33083862
v -0.41696423 0.26859176 0.00110212
v 0.50618166 -0.22748211 0.22634178
v -0.36920410 -0.44419429 -0.68750960
v 0.59305882 0.20491651 0.33037987
v 0.38251087 -0.18575014 -0.19273809
v -0.38351637 0.26352358 -0.06904136
v -0.35839790 -0.11146294 -0.54148775
v -0.27782777 0.26659778 0.51559639
v -0.36180076 -0.53077352 -0.73884887
v 0.24471071 -0.15673758 -0.25104573
v 0.37792188 0.34747031 0.01704471
v -0.48827547 0.16370578 -0.09973878
v 0.47554156 0.30032569 0.18784496
v -0.42401326 0.23750037 -0.09550022
v 0.06237009 -0.31273618 0.43858212
v -0.04265566 0.27652934 0.37816334
v 0.30459645 0.40514931 0.21294580
v -0.21068104 0.01518197 -0.53886122
v -0.26487297 -0.11764403 -0.34394452
v -0.37880936 0.31259900 -0.42553714
v 0.43016693 -0.13864379 -0.20768514
v -0.21427254 0.07924975 0.33365217
v 0.29588571 0.18449660 0.47940329
v -0.33045751 -0.59128755 -0.66310704
v 0.41932923 0.35857710 0.09277321
v 0.01180861 0.20712604 0.48033005
v 0.44907466 0.33818868 0.14661458
v -0.50616872 -0.06265060 -0.06730824
v -0.32982814 0.31026232 0.08456471
v -0.44258779 -0.40646058 -0.66890943
v 0.73183376 0.10830565 0.33067638
v -0.20612621 0.11954691 -0.36925951
v -0.34160924 -0.04599666 0.28086191
v -0.43689194 0.01553624 -0.52445275
v 0.32854363 0.29410037 -0.10703848
v -0.20518526 -0.23693305 -0.10530286
v -0.17920108 -0.15181193 0.38615409
v 0.54146522 -0.16644181 -0.02983027
v 0.13971357 -0.38085026 0.26314890
v 0.40439108 -0.12239487 0.49084014
v 0.09193239 0.07332047 -0.29471758
v -0.05356152 -0.18926054 -0.57206279
v -0.28235263 0.22878738 -0.43158522
v 0.18282954 -0.00625932 0.48042506
v -0.50346702 0.11136653 0.11321760
v 0.33203217 -0.32565519 0.31623605
v -0.01500926 0.33437374 0.09517593
v 0.33480492 -0.34290332 0.19644170
v -0.52196383 0.09348925 0.07685848
v -0.28497750 0.31292099 -0.00541167
v 0.47322777 -0.23328455 0.32653397
v 0.31022859 0.15941867 0.50841767
v -0.25494292 0.26395881 -0.22897851
v -0.03331405 -0.32281512 0.52218044
v -0.03824817 0.28554568 0.37966457
v -0.26860756 0.27230126 -0.22573091
v -0.33431220 -0.14622605 -0.30774733
v -0.06579643 0.31014603 0.51251483
v -0.27887866 -0.13074179 -0.30558178
v -0.01287652 -0.03219012 -0.26628643
v -0.04107834 -0.19738400 0.32879019
v -0.37743184 -0.09235494 0.23711169
v 0.59912080 0.14621359 0.01115874
v -0.34492099 -0.12702096 0.48536104
v -0.08890421 0.28429973 0.51379484
v -0.17127538 -0.07520362 -0.63977301
v 0.39208555 -0.22180520 -0.09855573
v -0.26210746 0.07033643 0.52329212
v 0.44003668 0.24108648 -0.14925690
v 0.42752507 -0.14327553 -0.20622613
v 0.70215195 -0.05585131 0.35831434
v 0.32561192 0.34750122 0.38533372
v 0.41568339 -0.26080000 -0.01705668
v -0.24938929 0.15829703 0.40951383
v -0.08407865 0.14341795 -0.25310630
v -0.19824113 -0.01490244 -0.40615243
v 0.07057443 -0.22247916 -0.73375589
v -0.09704635 -0.12529162 -0.69599706
v -0.11781230 -0.05395548 -0.29130173
v -0.32611898 -0.14665282 -0.23114033
v 0.38783047 0.37268648 0.10105132
v 0.62687844 0.06277724 0.14440857
v 0.00657074 -0.13345411 0.48179796
v -0.54247564 0.03294643 0.02571389
v -0.32600901 -0.50271648 -0.68172532
v -0.31614211 -0.03764750 0.29351434
v 0.17822616 -0.25664592 0.52072793
v 0.07311286 0.39673051 0.19884515
v 0.34639403 -0.27307045 -0.02335904
v -0.53200644 -0.04116733 -0.34114575
v -0.51060218 0.27649415 -0.41283393
v 0.12943515 -0.29565468 0.48252061
v -0.40055194 -0.14576118 -0.14475380
v -0.10555928 -0.27229664 0.01330900
v -0.36253154 -0.27370456 -0.44365728
v -0.05587359 -0.20664389 -0.62259716
v -0.26246363 -0.22320303 -0.12733725
v -0.40421027 -0.51712584 -0.69593704
v 0.40653986 0.13025139 -0.26831505
v 0.49993634 0.15943940 0.46832123
v 0.04559295 -0.00964991 -0.28153652
v -0.44959179 -0.46303728 -0.68236512
v 0.58227605 -0.10383233 -0.03362849
v -0.23017620 0.10112827 0.32103273
v -0.50303358 0.22322945 -0.46431080
v -0.11145730 -0.26438135 -0.01624105
v -0.02673074 -0.17248908 -0.73805261
v -0.13077761 -0.19732372 0.41171968
v 0.54795408 0.18886685 0.42704085
v -0.37512851 -0.36550358 -0.46430683
v -0.18956411 0.31740811 0.46994755
v -0.09354418 0.26619309 0.34350786
v -0.11364355 0.26393124 0.51509315
v -0.16664964 -0.10918644 -0.64396071
v 0.07817873 0.29849300 -0.09027532
v 0.04789229 -0.20431750 -0.58834958
v -0.03630066 0.25839460 0.26717594
v 0.01222655 -0.30967143 0.41967988
v 0.46818551 0.05977244 0.51193100
v -0.01679735 -0.16883413 -0.74646086
v -0.38301969 -0.08992702 0.23301397
v -0.33234110 -0.13937530 -0.35791355
v 0.48197725 -0.25037470 0.21613747
v 0.18859261 0.30159748 -0.12800388
v 0.22081441 -0.27790445 -0.04631646
v -0.42766863 -0.11561143 -0.17209020
v 0.31396708 -0.35119185 0.15004694
v -0.31155777 0.07792458 0.30032194
v 0.42447987 0.01544747 -0.26830953
v 0.04691626 -0.25819147 -0.74616271
v 0.75001264 0.03609652 0.30350900
v 0.42757112 -0.11546862 0.47465765
v -0.32558310 0.19167419 0.44574687
v -0.48657107 0.08695568 -0.51682383
v 0.56581879 0.21357507 0.01745985
v 0.09384245 -0.23650402 0.51470888
v 0.10470100 -0.27989712 -0.77952075
v -0.07311107 0.29470861 0.51378143
v 0.03678851 -0.18348990 -0.78056324
v 0.41583753 0.31263953 -0.05861764
v -0.21486017 0.24283770 0.23929955
v 0.46285155 -0.26733583 0.22303298
v -0.00031720 -0.07514273 -0.55599439
v 0.62680036 0.06924703 0.14522620
v 0.29446897 0.27417499 0.51477641
v 0.48351079 -0.11169352 0.44847211
v -0.14430581 -0.14017087 -0.51900101
v -0.25005358 0.33439586 0.47475567
v 0.41076487 -0.14043552 0.47699010
v -0.25286573 -0.11074022 0.29757237
v 0.47646469 -0.25371829 0.07771858
v 0.07888430 -0.25345135 -0.79916185
v -0.37727216 0.28705487 -0.02204912
v -0.44883654 0.32227042 -0.41579187
v 0.07797159 -0.23077932 -0.73693126
v 0.46433282 0.31605822 0.16435234
v -0.03730249 -0.34901500 0.11008233
v -0.28263608 0.25972086 -0.12468363
v -0.49271435 0.15348762 0.11604517
v -0.05448438 -0.28525671 0.40784308
v -0.38313025 -0.30373135 -0.45573863
v 0.55243236 -0.15261622 -0.03594643
v -0.37397149 0.08009412 -0.53381997
v 0.41538224 -0.19391972 -0.14856142
v -0.36399591 -0.14229982 -0.35426310
v -0.03713392 -0.09087852 0.48207808
v 0.02024063 -0.18487208 -0.20137841
v 0.48878646 -0.04330443 -0.20986952
v -0.23184998 0.30794746 0.51316899
v -0.43173462 0.23142964 -0.49409673
v 0.15610057 0.05361496 -0.31027767
v 0.22691602 -0.26343194 -0.08208559
v -0.36362460 -0.23832206 -0.61315036
v -0.54428619 0.29953915 -0.29770389
v -0.41461408 0.19827259 0.18775515
v -0.27341571 0.18500456 0.26920950
v 0.45814851 -0.14868042 -0.16954787
v -0.13191651 -0.08999272 -0.46509093
v -0.19660322 -0.02291144 0.52386218
v 0.04472815 -0.05138058 -0.27344042
v -0.40578857 0.07936952 -0.53262478
v -0.53147405 0.00634045 -0.37412629
v 0.69797140 0.00612969 0.18610588
v 0.11328955 0.35978553 0.37241945
v -0.02685595 0.29453853 0.51393121
v -0.28893399 0.27453014 -0.20653887
v -0.16999617 -0.21778826 0.48022521
v 0.45371151 0.10294711 -0.24397495
v 0.50348592 0.17888792 -0.16301911
v 0.37407777 0.30716768 0.43158910
v -0.27127302 0.21134999 -0.45758930
v -0.19306715 0.10120271 -0.35859618
v 0.38226700 0.27280700 0.50471723
v 0.21271686 -0.05458331 -0.30909193
v 0.51209438 0.24966203 0.33251178
v -0.33811334 -0.25610539 -0.60375917
v 0.23570572 -0.06759001 0.48359638
v -0.33099943 0.35450310 -0.23909590
v 0.18552645 0.01271410 -0.31419197
v -0.43853396 0.09021604 -0.52904516
v -0.47841525 0.37537834 -0.27173099
v -0.33274323 0.34054619 -0.19240499
v -0.21580678 -0.10251731 -0.30044851
v 0.19894668 -0.34537667 0.35298902
v 0.27054405 -0.24514574 -0.14214620
v -0.15019950 -0.10254342 -0.65935951
v -0.39992014 -0.39467105 -0.57768250
v -0.02523337 -0.17296043 0.48023036
v -0.35697156 -0.32109076 -0.45782280
v -0.46415603 -0.06486356 -0.47894511
v -0.01198730 -0.11037426 -0.58937037
v 0.24809915 -0.37135297 0.11028415
v -0.20257595 0.07809965 0.36138541
v -0.31153494 -0.02893832 0.52385885
v 0.75194591 0.03619730 0.24632213
v -0.31274262 0.06708730 0.30225524
v -0.02091584 0.32117772 0.10526153
v -0.11903725 -0.22100322 0.52222288
v 0.61514962 0.00076904 -0.00438923
v -0.09148064 -0.01422541 -0.28993079
v 0.26326045 -0.35724935 0.24681044
v -0.09675651 -0.18153456 0.39371461
v -0.20297472 0.26894063 -0.10217860
v -0.54879564 0.12241811 -0.37418443
v -0.54180443 0.07692356 -0.15168954
v -0.56753540 0.29315948 -0.23770876
v -0.27049971 0.17294224 0.51799607
v -0.30908239 0.25380135 -0.34815770
v 0.52410412 0.21161698 0.36391100
v -0.34558660 0.20190592 0.48751161
v 0.02614058 -0.17669107 -0.72289783
v 0.61097974 0.13524362 0.18185985
v -0.33295396 -0.20323925 -0.56883764
v -0.41961783 -0.28411123 -0.63092035
v -0.07390690 0.12178995 -0.26177362
v 0.45696846 0.07517739 -0.24450387
v 0.37060949 0.25801304 -0.15787786
v 0.35090163 -0.30456769 0.37430516
v 0.54816568 0.09923238 -0.13965563
v 0.61673760 0.07903339 0.03879545
v 0.44365725 0.25496528 0.44823253
v -0.32210448 0.02336015 -0.52898502
v -0.05501481 -0.11387294 -0.62888950
v 0.45281342 -0.15060315 0.42737398
v 0.40363291 -0.19902147 -0.15176046
v -0.52374411 -0.07411108 -0.22007191
v -0.04426697 0.36468914 0.50336468
v -0.31863624 -0.14289147 -0.30688912
v 0.50222725 0.06477465 0.50387257
v 0.60707879 -0.00343842 -0.03289161
v 0.05928503 -0.27090883 -0.73868483
v 0.06986946 -0.32027104 -0.01652277
v 0.48759654 -0.24032874 0.03150125
v 0.04661298 -0.16906336 -0.62437022
v -0.43454447 -0.22057401 -0.52568138
v 0.58085120 0.20331763 0.40166014
v 0.34082377 0.25883681 0.51352090
v -0.20767656 0.00509535 0.51864141
v -0.28207883 -0.12974428 0.44305697
v 0.19323143 -0.17888451 -0.22641782
v -0.37135047 -0.13105199 -0.56090450
v -0.16518585 -0.20355436 0.23093118
v -0.28868303 -0.00870417 0.40527669
v -0.47453445 0.34657025 -0.36810806
v -0.05314545 -0.29712698 0.07767044
v -0.40836197 -0.17709737 -0.06561834
v 0.47893387 0.28958738 0.20983803
v 0.40584165 0.28493676 0.39717892
v -0.36836118 -0.05151304 0.44540781
v -0.13515940 -0.15453866 -0.63716573
v -0.46894124 0.06415009 0.18759851
v -0.33105630 0.24313760 -0.49002197
v -0.33177647 0.22989352 -0.50115514
v -0.18930249 -0.01905103 -0.35353732
v -0.51138902 0.11568119 -0.09458207
v 0.36414361 0.28466052 0.50825441
v 0.23590882 0.01199768 -0.31980518
v -0.36999157 0.22751079 -0.50264573
v -0.53757632 0.01584658 -0.45205602
v 0.06460817 -0.40732238 0.11090377
v -0.45159265 -0.36086741 -0.62702322
v -0.52609295 0.10346294 -0.07484784
v -0.52340204 0.17522962 -0.16402180
v 0.41184151 0.15213808 -0.25660694
v -0.36207181 -0.16621879 -0.14660721
v 0.02597666 0.12864982 -0.25325811
v -0.41864288 0.30827937 -0.43823317
v -0.39386803 -0.39954013 -0.55805391
v 0.43487135 0.33027494 0.00076753
v 0.04787057 -0.19274220 -0.57599247
v -0.55312389 0.14463802 -0.18229361
v -0.23530850 0.01437546 0.52375948
v -0.16168571 -0.14612940 -0.55393636
v -0.28756827 -0.01525271 0.40220290
v 0.03690254 -0.04213082 0.48275271
v 0.08841868 0.24440780 -0.20006168
v -0.54988933 0.06426413 -0.37236428
v 0.28750202 0.32127059 0.45752996
v -0.33894286 -0.05430892 -0.51675540
v -0.33024454 0.18309003 0.25111058
v -0.22850578 0.19982664 -0.34335375
v -0.30463365 -0.55390692 -0.60629827
v -0.05541888 0.20800014 -0.18863425
v 0.36147678 -0.28636646 0.39676991
v -0.54047316 0.20221092 -0.41393071
v -0.22894856 0.29578871 0.15867209
v -0.28990474 0.13099128 0.51871032
v -0.47856078 0.20207052 -0.03688846
v 0.02977675 0.33635759 0.22368579
v 0.23444009 0.38669294 0.36723080
v 0.60476756 -0.06388459 0.43978107
v 0.32458147 -0.28254369 -0.02141495
v -0.14321783 -0.17675194 0.30147260
v -0.52563161 0.34042919 -0.23058906
v -0.43440163 -0.09907618 -0.50792819
v 0.23949389 -0.19757037 0.49221948
v 0.40671834 0.30284801 -0.08022358
v -0.12433160 0.27539754 0.31636730
v -0.29523388 0.24630710 0.21628320
v 0.35462046 -0.03188634 -0.29845944
v 0.55426979 -0.18058108 0.23068851
v -0.53287280 -0.01015535 -0.00522236
v -0.28017777 -0.15354845 0.49334204
v -0.06153732 0.08462225 0.52104712
v 0.02990587 -0.14413360 0.48065203
v 0.19332223 0.43262559 0.18549137
v -0.03662386 0.34309417 0.41694510
v 0.04523063 0.12415940 0.48374352
v -0.00413310 -0.13472384 -0.73232704
v -0.10508133 0.08731491 -0.27917987
v 0.37705845 -0.31786752 0.14087720
v 0.21537842 -0.29339850 -0.04054588
v 0.45505223 -0.14950894 -0.17117789
v -0.44071355 -0.08629870 0.18964857
v -0.35925132 0.13793181 -0.53166234
v 0.17389426 0.15689176 0.47934455
v 0.02460321 -0.30706784 -0.00756895
v 0.03747954 0.09483479 -0.27152890
v 0.46821275 -0.18381198 -0.11961523
v 0.06509379 -0.38651082 0.25418553
v 0.30414537 0.27967009 0.51459366
v 0.32760161 0.39370143 0.03956050
v -0.57581323 0.06337161 -0.19929132
v 0.54300696 -0.07315223 -0.13192025
v 0.49426499 -0.02103535 -0.20992251
v 0.10686634 0.22311834 0.47676310
v -0.05337649 0.06837376 -0.27529469
v -0.16658373 0.09738511 -0.31967196
v -0.38134465 0.06101356 0.27320820
v 0.62924588 0.02571882 0.15734486
v 0.51278496 -0.03989671 -0.18843411
v -0.18722881 -0.09668101 -0.46142104
v -0.04882347 0.28205773 -0.08507137
v 0.55654484 -0.17911221 0.21480562
v -0.47688901 -0.13575283 0.00963240
v -0.05411270 0.18716626 -0.21255986
v -0.44189963 -0.34085277 -0.59304726
v -0.17434606 0.28117982 -0.09073596
v 0.08163684 0.24780019 -0.19208576
v 0.35785708 -0.29397672 0.39021644
v 0.30990866 -0.19341047 -0.22091129
v 0.21010101 -0.20116702 -0.20414308
v -0.48606706 -0.08649623 -0.09457219
v -0.50119448 -0.09186783 -0.02186049
v 0.03360245 0.31809700 0.37719077
v -0.47980890 -0.01232234 -0.50439841
v -0.36219412 -0.39855239 -0.47428405
v -0.56312275 0.03885031 -0.17351593
v -0.28668967 -0.11456656 -0.39931059
v 0.10886804 0.29878074 -0.11178329
v -0.02650776 0.12590921 0.49697289
v 0.18148260 -0.15043883 -0.26308733
v -0.33054653 0.04787166 0.45945838
v 0.11677918 0.00573641 -0.30095980
v 0.22823235 -0.05687776 0.48340815
v 0.24976639 -0.05712669 -0.31120080
v -0.33583310 0.06196566 0.48567516
v -0.19771171 -0.00700387 -0.40407750
v -0.30057803 0.07138758 0.46142244
v -0.20047969 -0.10809088 -0.59718055
v -0.09129823 -0.10591725 -0.48777622
v 0.61302197 -0.10555026 0.29268974
v 0.61834669 -0.05260902 0.10279737
v -0.30883667 -0.30733201 -0.49962044
v 0.53228730 0.25970587 0.23040341
v -0.21444920 0.12096818 -0.38315937
v 0.37064725 0.31802222 0.38184470
v 0.24653593 -0.31960151 -0.02073020
v -0.37515077 -0.50890410 -0.63598645
v 0.10154154 0.35497904 -0.02940055
v 0.31109256 -0.34749600 0.10024063
v -0.38215330 -0.52743614 -0.68040460
v -0.49677911 0.35182062 -0.22289695
v -0.43569759 0.24539143 -0.01791827
v 0.26577011 -0.00083017 0.51870477
v 0.36283711 -0.26333514 0.45993784
v 0.12382003 0.07475414 0.48300377
v -0.31280759 0.30441263 0.11144277
v 0.53586709 -0.04155000 -0.15645953
v 0.09910505 0.05735584 -0.29804558
v -0.33188787 0.30266523 -0.31714401
v -0.23847461 0.28129223 0.18215734
v -0.06944976 -0.16769306 0.31259215
v -0.38459530 0.27564389 0.10826252
v -0.43739098 -0.13093886 -0.29992506
v -0.22516091 -0.14832699 0.29533881
v -0.14723015 0.18971728 -0.20874991
v 0.33729011 -0.31369534 0.36241633
v 0.43058017 -0.11488068 -0.22403981
v 0.05283543 -0.27704325 -0.05655498
v 0.42611104 -0.29782814 0.21972525
v 0.45071828 0.18960407 0.47686046
v 0.17344818 0.28675789 -0.15817018
v 0.60236818 0.15950774 0.07183879
v -0.45220095 -0.14467244 -0.04973678
v 0.47298059 -0.20323855 0.39134675
v -0.48723495 0.20526150 -0.14126517
v -0.46108159 -0.08690895 -0.43237403
v -0.11490128 -0.28789914 0.45064577
v -0.50817704 0.33416089 -0.34386650
v -0.15437014 -0.25994825 0.05083974
v -0.44190058 0.23596138 -0.48858294
v 0.13298954 -0.27680331 -0.71211612
v 0.15306528 -0.29484159 0.47253254
v -0.22461258 0.14617585 0.38223839
v 0.26725715 0.39788103 0.01188912
v 0.50800091 -0.00248194 0.50582623
v -0.53996021 0.04071958 0.04747332
v -0.27653408 -0.19857618 -0.16924901
v 0.05006868 -0.15545391 -0.60800457
v 0.60637474 -0.09363709 0.15633751
v 0.50120354 0.15739898 0.46933740
v 0.53016251 -0.18740377 0.28585669
v -0.30570489 -0.51992089 -0.63616711
v 0.41280338 0.28752866 -0.09464349
v -0.02913052 -0.26865235 -0.05375724
v -0.12224481 -0.07737055 -0.46733761
v -0.00214947 0.38479707 0.44322804
v -0.33656463 -0.14690565 -0.27715039
v 0.47250059 0.29644537 0.22852869
v -0.07133447 -0.28062958 0.04560268
v 0.11077649 0.41911384 0.13439807
v 0.64152163 0.17601937 0.38682988
v -0.33547157 -0.50503701 -0.69637585
v 0.69534880 0.10439249 0.39302567
v -0.04532718 -0.25034541 0.39149180
v -0.34125498 -0.20008975 0.17752206
v 0.25382838 0.13888647 0.48551965
v -0.35147902 -0.00683130 0.52140260
v -0.31600243 -0.43563023 -0.54841202
v -0.31535783 0.13154884 0.49555293
v 0.18693261 0.31956568 0.51353586
v 0.19299428 0.10816351 -0.31121099
v -0.29137126 -0.24250762 0.09520520
v -0.45488742 0.34881467 -0.18260869
v 0.25920406 -0.09881951 -0.29300499
v -0.38272354 -0.16696435 -0.11867429
v 0.40628290 -0.29950547 0.28600058
v -0.24022575 0.22673360 0.51534355
v -0.16189517 -0.21122526 -0.16424356
v -0.08417904 -0.12943189 -0.50239682
v -0.03439466 -0.27510270 0.25530684
v -0.16335560 0.14133042 -0.26041105
v -0.23631819 -0.02883052 0.52378851
v 0.11420731 0.30487800 -0.06500556
v 0.20895921 0.09770953 0.48283157
v -0.43963993 0.34570971 -0.16578867
v 0.74203813 0.08377092 0.22634116
v 0.55663908 0.09338227 0.47936380
v -0.20633738 0.32301682 0.50524932
v -0.52153033 -0.00544816 -0.08329999
v 0.73471278 0.01413874 0.33949187
v 0.41250432 -0.23422958 0.42535675
v -0.06870222 0.06715996 -0.27967110
v 0.13971347 0.38489977 0.32685074
v 0.03758518 0.38822150 0.15774232
v -0.03331444 -0.12423512 -0.61545926
v 0.45031324 0.10702249 -0.24609892
v 0.61694407 -0.09609431 0.27736357
v 0.61626285 0.06124835 0.02222595
v -0.39531642 0.07090911 0.26216125
v -0.07470016 -0.20829464 0.39292607
v 0.48641723 0.10933870 -0.21539760
v -0.50690782 -0.07518310 -0.03190801
v -0.40401134 0.30310389 -0.44409660
v 0.38817692 0.26593554 -0.13420671
v -0.21492964 0.32865843 0.47196144
v 0.47306117 -0.26710096 0.18012193
v -0.47769257 0.18064359 -0.09338329
v 0.38488564 -0.20402488 -0.15808623
v 0.30475581 -0.09071486 0.51679623
v -0.21870637 0.20433174 0.27345148
v 0.05178051 0.02374682 -0.28558487
v 0.60463762 0.14816259 0.05767226
v 0.70317352 -0.02333849 0.20081766
v -0.45812687 0.23201160 0.07253365
v -0.18652084 0.25681952 -0.13501105
v -0.04665010 -0.28569543 0.04197972
v 0.52511966 -0.16953634 0.32294774
v 0.12951951 -0.31907493 -0.70152324
v 0.20955336 0.31550664 -0.05738958
v -0.14812768 -0.24800546 0.10376520
v -0.25990734 0.30363116 0.14261927
v -0.03005071 -0.34517258 0.07406466
v -0.38354263 -0.13601257 -0.39387283
v 0.09384274 0.22891530 0.47665244
v -0.33617488 -0.05586919 0.52461362
v 0.58932889 -0.09368541 -0.02063843
v 0.48481938 0.30110690 0.08124659
v 0.51333284 -0.23010309 0.04633360
v -0.43677187 -0.50085455 -0.72179633
v -0.54150194 0.22006549 -0.39666075
v -0.43934652 -0.44218156 -0.65303379
v -0.48178166 -0.04218664 -0.48530197
v 0.12599179 -0.34519824 0.37275580
v 0.28389096 -0.22563273 -0.18398106
v -0.56377172 0.29797593 -0.21591300
v 0.03238669 -0.39410761 0.20616682
v 0.09012843 -0.20371762 -0.64456773
v 0.06585083 0.10561516 0.48327714
v 0.25721031 -0.00890528 -0.31922939
v -0.29294744 -0.12036473 0.52457410
v -0.42642376 -0.13869770 -0.28053778
v -0.06576706 -0.28607199 0.13119006
v -0.16595927 -0.02449003 -0.59984452
v -0.35970592 -0.14541608 -0.20483610
v -0.22104259 -0.13175356 0.35862711
v -0.31873649 -0.52544445 -0.56328446
v 0.22305053 -0.28594640 0.48355588
v -0.15403813 0.30301771 0.44694963
v 0.59681082 0.19552761 0.40380532
v -0.24413569 0.18362187 -0.43842965
v 0.54653031 0.24028215 0.26895532
v 0.51766992 0.22948794 0.35014597
v -0.20273800 0.30259505 0.42819139
v 0.12054596 0.12087108 -0.29455221
v -0.50459832 0.17350848 0.03116770
v -0.24546519 -0.25563082 0.10494746
v -0.00173522 -0.25882870 -0.10816417
v 0.69917250 0.06122730 0.18106771
v 0.20825915 -0.15795496 -0.24719834
v 0.52737314 -0.20786254 0.14615992
v 0.31698751 -0.22777182 0.51692575
v -0.14225310 0.27237588 0.31385851
v -0.13262251 0.22709887 0.51521754
v -0.06885345 0.30174211 -0.03368271
v -0.32351032 0.31613427 0.05485899
v -0.27022940 0.01146146 -0.53466088
v -0.30206227 0.10419963 0.49397841
v 0.66029114 0.10143698 0.18946260
v 0.08790386 -0.34664974 0.36519662
v 0.34093180 0.36876109 0.31377271
v 0.43586147 0.27615300 -0.08611043
v 0.34653127 -0.13347556 -0.25462481
v 0.27333090 0.01971045 -0.32129404
v 0.33922780 0.37056848 0.31867006
v 0.46627158 0.09301830 0.50792438
v -0.43230152 -0.12863401 -0.32543406
v 0.05047201 0.38065886 0.50634146
v 0.44927925 0.22918439 0.45740807
v -0.31601918 -0.38076699 -0.51796126
v -0.53441679 0.29098758 -0.34317261
v 0.61856478 0.07713320 0.05775525
v 0.21660882 -0.29203686 0.43380100
v -0.35792604 -0.56054467 -0.68222153
v 0.45299518 0.33428863 0.14264180
v -0.27819103 0.22838287 0.51624411
v 0.06917199 0.25647986 0.47515443
v 0.46682805 -0.11991924 0.44055668
v -0.42821407 -0.30595976 -0.56605005
v -0.19462107 -0.09980256 -0.61646849
v -0.03870970 -0.33964926 0.17240873
v -0.10884649 -0.24461596 0.52211237
v 0.02774476 0.36712471 0.02253475
v 0.02755988 -0.30771887 0.51580846
v -0.40783361 -0.33456349 -0.50331485
v -0.28952262 0.03850198 0.52241921
v -0.02210573 -0.29140621 0.40395927
v -0.09990530 -0.32735497 0.51796079
v -0.11548457 0.29686317 0.01073875
v 0.35263932 0.08998339 -0.30132166
v 0.49753171 0.10312425 0.49660787
v -0.08575942 -0.23562945 0.15380690
v -0.10014813 0.27322987 0.31615755
v -0.30107740 -0.32864636 -0.55346954
v 0.06144340 -0.33977184 -0.00753971
v -0.06292678 0.29927939 0.05916582
v -0.40238020 -0.15333335 0.17304173
v -0.36785740 -0.07912126 0.25620311
v -0.16561480 0.28888351 -0.07201752
v -0.47410315 0.24951494 -0.46621254
v 0.01362652 0.29115465 -0.09463581
v 0.00586863 0.05376981 -0.27132151
v -0.29267070 0.07113903 0.30737284
v -0.03568279 -0.22530732 -0.14485796
v 0.54421628 -0.18267380 0.01475769
v -0.04156497 -0.15616713 -0.53125465
v -0.45057368 0.19498229 0.14455225
v -0.22891635 0.22556128 -0.20028290
v -0.16404943 0.27587771 -0.10677639
v 0.40206954 0.13758937 -0.26673412
v -0.00267489 0.34379897 0.51145643
v -0.30449143 0.30767381 0.09659905
v -0.24556732 -0.11822910 0.31120664
v 0.02388982 -0.18496218 -0.20113900
v 0.55919254 0.22201116 0.26877570
v -0.28668600 -0.11806543 -0.39220929
v 0.15878859 -0.23275833 -0.16432635
v -0.45220482 0.26102227 -0.46906233
v -0.34356627 -0.22421928 0.12052131
v 0.13701998 0.41910788 0.05977977
v 0.34238723 -0.23459767 -0.10861800
v -0.03351639 -0.31632394 0.21515274
v -0.26876765 0.19730164 -0.50377536
v -0.05571983 -0.25926134 0.52182156
v 0.45026150 0.30983129 0.23759046
v 0.25663754 0.29356435 -0.11591104
v 0.55614680 0.23762262 0.14563495
v -0.04864317 -0.28535375 0.20082359
v 0.60056627 0.01007483 0.46628401
v 0.35674691 0.39493620 0.14122213
v -0.48448101 0.00932198 0.16061820
v -0.40194455 -0.47341791 -0.71859592
v -0.30174667 -0.26716527 -0.53842038
v -0.48928317 0.15376800 -0.11734378
v -0.09803291 0.01358150 -0.29156923
v 0.18577322 -0.39472920 0.08367895
v 0.05096814 -0.29778564 0.51937807
v 0.22596052 0.30778456 -0.08510424
v -0.22676010 -0.09958455 -0.49938640
v -0.48094869 0.19424196 0.09745218
v -0.28724623 -0.11592115 0.27155071
v 0.10408940 0.25869262 -0.18817550
v 0.29133487 0.02239910 -0.32007685
v 0.15576512 -0.14387158 0.47680047
v 0.49523881 0.24727228 0.36107129
v 0.13583004 0.28600192 -0.15563026
v -0.52681112 0.14090149 0.02431113
v -0.25211868 -0.04291486 -0.56918001
v -0.16899215 0.15678327 -0.24176329
v -0.42494938 -0.18993360 0.03984080
v -0.43922171 0.17955753 0.17201565
v -0.30934221 -0.48130706 -0.59356630
v -0.44642675 0.08602334 0.20950358
v 0.01199437 0.05888301 -0.27180901
v 0.32888892 0.32979688 0.40216959
v -0.38470104 -0.14502430 -0.31132832
v -0.55024165 -0.02521950 -0.21986964
v 0.64769876 -0.08742864 0.25923949
v 0.10934652 -0.39657640 0.22091834
v -0.22951449 0.22630179 -0.17619760
v -0.56487602 0.25019515 -0.18661727
v 0.19377637 -0.37795824 0.21104677
v 0.19576038 0.39411253 0.33139294
v 0.01576461 0.33232808 0.00682187
v -0.40777275 0.24790896 -0.09384547
v -0.04981670 -0.33085299 0.12529755
v -0.21904391 -0.25954410 0.04926451
v 0.51826566 -0.21515396 0.25069970
v -0.07636743 0.31865767 0.50904232
v 0.08647109 0.07029706 -0.29363576
v 0.31443685 -0.01527196 -0.31318900
v 0.31921583 0.39774936 0.22696523
v 0.00159253 0.20180231 0.48154745
v -0.45655382 0.00789270 0.20377335
v -0.00578434 -0.03804271 -0.26577601
v 0.30540374 -0.25256148 -0.06593602
v 0.15213335 0.09009428 0.48193380
v -0.35647675 -0.20286325 -0.59272450
v -0.34269652 -0.14971861 -0.19746166
v 0.39360103 0.34716442 0.04223540
v 0.45261130 -0.08296493 -0.22478996
v -0.00093493 0.02599847 -0.27201730
v -0.06633787 -0.18313184 -0.19846737
v -0.38892129 -0.17692164 0.16380391
v -0.04350782 -0.34731275 0.14247535
v 0.50181425 0.28475851 0.00242457
v -0.52915055 0.12379353 -0.04679196
v -0.27102387 -0.24828401 -0.02223811
v 0.48709562 0.24500363 -0.08602508
v -0.51230574 0.34376511 -0.31857055
v -0.16379207 -0.23982309 0.51964277
v 0.05767110 -0.24028422 0.51357943
v 0.44832414 0.15418015 0.49169528
v 0.14039817 0.22608261 -0.24283072
v -0.08289016 -0.28734896 0.41849607
v -0.30772513 -0.56112790 -0.59392530
v 0.62774092 0.05218861 0.14324550
v -0.20572290 0.10335373 -0.38052979
v -0.25858429 0.30061927 -0.02980113
v -0.33711645 -0.22086418 -0.01834096
v -0.42873642 0.25127408 -0.02314604
v -0.46265644 -0.00218176 -0.51389539
v -0.31473675 -0.41029954 -0.61681515
v 0.54072994 -0.19222729 0.23850396
v -0.23699680 -0.14235395 0.27409229
v -0.36789924 -0.19045331 -0.42378423
v 0.32646340 0.25065774 -0.19081557
v 0.39284974 -0.30413467 0.06847153
v -0.37938502 -0.33606040 -0.65812254
v -0.17119111 -0.18717332 0.46151581
v 0.38799295 -0.03254366 -0.28287917
v 0.00635135 0.01468376 0.48529607
v 0.01680874 0.21937822 0.47920269
v -0.21110907 -0.04603315 0.52397573
v -0.09911606 0.29844058 0.45454088
v 0.18834844 -0.38021910 0.04233151
v 0.09411203 0.29510814 -0.10857658
v -0.57255036 0.14296550 -0.30165306
v -0.27008417 0.04290325 0.42278367
v 0.33795136 0.19656742 0.51105607
v 0.05286015 -0.36708263 0.01139648
v -0.04380720 -0.19771764 0.31506583
v -0.09282789 -0.06292641 -0.65804857
v -0.35751471 -0.08913443 0.46617201
v 0.15078351 -0.37850693 0.26231724
v -0.26684991 0.14030962 0.42941201
v 0.41888869 -0.06061798 -0.25829563
v -0.21391447 0.27422926 -0.09570882
v 0.24109243 0.30241814 -0.08569977
v 0.57512879 0.20437264 0.20518805
v 0.10437231 0.18053398 -0.26322311
v 0.11869120 -0.20731735 -0.19226614
v 0.73427224 -0.00232205 0.33105767
v 0.01461980 -0.30260018 0.51996011
v -0.51510412 0.08685035 -0.11206458
v 0.74884129 0.01896987 0.24425250
v -0.04039815 -0.20008540 0.32812411
v 0.14557984 0.32384315 0.51366735
v -0.07039791 -0.06516524 -0.56935257
v -0.47451940 0.21072361 0.05483480
v 0.11158983 0.41848290 0.15243562
v -0.53933179 0.03014688 -0.04341818
v -0.22315334 0.07969800 -0.48544902
v 0.09990221 -0.39069048 0.26279292
v 0.37954444 0.35824367 0.05454832
v -0.40774012 -0.05738184 0.23627847
v 0.21160388 -0.36779138 0.25512594
v 0.22096695 -0.03044429 -0.31493306
v -0.31751710 -0.10647637 -0.49236172
v 0.66186893 -0.10225803 0.35528219
v 0.00668423 -0.23675369 -0.66912049
v 0.67122549 -0.09302232 0.27043217
v 0.17281586 -0.38109612 0.03751892
v -0.18449536 -0.14952123 0.37334567
v 0.72533166 0.11341169 0.34478030
v -0.50977743 0.14893608 -0.07018872
v -0.01020565 0.07202072 0.49702847
v 0.70708197 0.03587500 0.39173540
v -0.36792868 -0.24725725 -0.61944699
v -0.38559735 -0.35771340 -0.46398535
v -0.55837268 0.25965688 -0.29414701
v 0.01122945 -0.14030933 0.48144785
v -0.16152671 0.26083750 0.33141404
v 0.50033170 0.08304720 -0.20437662
v -0.26965863 0.23039831 -0.35107902
v -0.34098482 -0.35981691 -0.47527239
v 0.36853081 0.38998109 0.13357107
v 0.51997560 -0.21235603 0.17138867
v -0.37655181 -0.13766009 -0.39430234
v 0.04414397 -0.22341831 -0.78474355
v -0.37843975 -0.13798606 -0.36855629
v -0.03618931 0.24648851 0.32691601
v 0.30869186 -0.12729432 -0.27188486
v 0.20135275 0.13286181 0.47983927
v 0.05207654 0.06130701 0.48403448
v -0.39784861 0.28168601 0.05634804
v -0.46507606 0.36019552 -0.23729509
v 0.61045790 0.12628539 0.04604672
v -0.27540654 -0.12977606 -0.30174693
v -0.46333635 0.00227413 0.19576016
v 0.10136508 0.33001083 0.51325673
v 0.22039679 -0.10296659 -0.28940833
v -0.23799656 -0.08458068 -0.55928105
v 0.21725585 -0.28191757 -0.04498235
v -0.17498703 0.11531170 -0.32597888
v -0.53048283 0.13552803 0.01214859
v -0.55355072 0.31135610 -0.21136124
v 0.26701018 -0.24424282 -0.15231329
v 0.22393233 -0.30715647 -0.03314333
v 0.03364269 0.39463744 0.48724425
v 0.14189164 -0.37956488 0.26839334
v 0.42203534 -0.29202101 0.26945907
v 0.44318599 0.33435529 0.17279747
v -0.44527060 0.23952694 0.09227227
v -0.22031799 0.03975993 0.36236215
v 0.26883575 -0.33313629 -0.00777176
v -0.02810863 0.34569168 0.51173055
v 0.37660575 0.35262951 0.29102522
v -0.30389750 -0.37884095 -0.56374842
v -0.31003761 -0.07458702 -0.49622130
v 0.48179075 0.30352315 0.06444744
v -0.46401584 0.14088804 -0.51784855
v 0.01505301 0.30787525 -0.05818561
v 0.55331290 0.17489043 0.44271958
v -0.19732024 -0.01803710 -0.38716948
v -0.30715919 -0.27914602 -0.50043690
v -0.36853898 0.31393835 -0.41598415
v -0.30744591 -0.24437350 -0.49641052
v 0.00784459 -0.10970446 -0.58447421
v -0.05264609 -0.16319488 0.36319786
v -0.03163857 -0.06410877 -0.56351662
v 0.49752676 -0.08719040 -0.18585607
v 0.04856007 -0.17959574 0.47922704
v 0.25349912 -0.34797087 0.31148162
v 0.03087373 -0.09857900 -0.55299467
v -0.47213340 -0.00478564 0.18432888
v -0.15590686 -0.08043549 0.52209210
v 0.13259909 -0.32249543 -0.74729145
v -0.30760536 -0.50859284 -0.64002997
v -0.06546327 0.19734129 -0.20436856
v 0.03584074 0.14135438 -0.25165015
v 0.42453638 0.14871854 0.50531334
v -0.24408382 -0.03699380 -0.57471722
v -0.54100043 0.04422586 -0.00639150
v 0.39843935 0.36972865 0.10764134
v -0.37920520 0.16072010 0.23505108
v 0.09485037 0.40246037 0.20715721
v -0.31662413 -0.22561306 0.14648120
v -0.26584318 0.15192184 0.51877564
v 0.01792716 -0.30896133 0.41763234
v 0.38732195 0.12477195 0.51336360
v 0.16544294 0.25249526 0.47236001
v -0.34467906 0.29610309 0.11182594
v 0.09082803 -0.20491849 0.47966728
v -0.05598453 -0.26531902 -0.04794151
v -0.23304242 -0.25967640 -0.02043558
v 0.10049587 -0.18019108 -0.61444461
v 0.48729813 -0.10599850 -0.18521206
v -0.06671972 -0.22762878 0.21195342
v 0.55169529 0.24218082 0.10515641
v -0.39451295 -0.39268667 -0.55312556
v 0.17337713 -0.13640045 0.47679660
v -0.33744636 -0.13749571 -0.38362724
v 0.33650151 0.38095576 0.26199314
v 0.61431044 -0.01671189 -0.00663680
v -0.39714584 -0.51612049 -0.68804985
v -0.00969867 -0.11115996 -0.52348912
v -0.52647686 0.19447510 -0.16099432
v -0.33013698 0.35499188 -0.23023342
v 0.66838914 -0.04556405 0.21142785
v -0.46619555 0.23139983 -0.48192176
v -0.19564390 0.03436270 -0.39580560
v -0.02414440 -0.36942554 0.12223954
v -0.35542390 0.32758594 -0.33975005
v 0.30671871 0.12207542 -0.30856118
v 0.69166350 0.03155605 0.17995714
v -0.02451545 -0.31394875 0.25280482
v -0.38796651 -0.01223292 0.51447064
v -0.19036829 0.11964579 -0.34700060
v 0.18449824 -0.38015047 0.21246333
v -0.34817830 -0.54483503 -0.73936909
v -0.01034186 -0.30947253 0.29657021
v -0.10535517 -0.17782718 -0.63458014
v 0.06839903 0.34581712 0.34972081
v 0.17878172 0.41730398 0.21402831
v -0.48527232 0.35224092 -0.21150380
v -0.43982521 -0.17452496 0.04708701
v 0.36244094 -0.22040291 0.50948602
v -0.42662466 -0.18015134 -0.47286603
v -0.40307838 -0.28273097 -0.46526885
v -0.44052148 -0.21488069 -0.55189878
v -0.55582970 0.15201136 -0.42033488
v 0.09500959 -0.15708010 -0.59252518
v 0.58776575 -0.11488846 0.31544062
v -0.51224834 0.14476958 0.06582399
v -0.31399012 -0.02755615 -0.52163994
v -0.17905003 0.24503155 -0.14881860
v -0.05713372 -0.22264275 -0.15427977
v 0.20604838 -0.39063767 0.08523943
v 0.40730470 0.33358094 0.33856109
v -0.54056615 0.06484444 -0.04991367
v 0.68289238 0.07019217 0.41261223
v -0.07155056 -0.20321496 0.49065435
v -0.02730720 -0.12646991 -0.67960459
v -0.40119678 0.00169003 -0.52802873
v 0.36734614 -0.32406595 0.25434843
v -0.40567464 0.25151274 -0.11139371
v -0.40701184 0.19572872 -0.51416385
v -0.39329293 -0.17828324 -0.08106611
v 0.43018562 -0.10253588 0.48263374
v -0.35968173 -0.00388851 0.43922660
v 0.37950435 -0.04321510 -0.28519002
v 0.59981722 0.14541404 0.44002646
v 0.17779361 -0.18303572 -0.22419442
v 0.16653292 0.42891634 0.16786599
v -0.03266216 -0.22281359 0.34919322
v 0.43356994 -0.07903955 0.49847361
v -0.10590018 -0.15062478 0.49633935
v -0.30377534 -0.23736130 0.10294943
v 0.32655913 0.22035143 0.51060212
v 0.45704460 -0.27721405 0.14902851
v -0.07116803 -0.19812568 0.25124598
v 0.20163386 0.13337117 -0.30639264
v -0.08476291 -0.31540284 0.52303994
v 0.35367724 -0.22869554 -0.11785803
v -0.53504819 -0.00823353 -0.01417968
v -0.50342304 -0.03701888 -0.11037130
v -0.08515080 -0.11255750 -0.69929594
v -0.08572667 -0.21767868 0.20445880
v 0.39507511 0.18469904 0.50993568
v -0.33848384 -0.56603706 -0.74112010
v 0.58597922 -0.13838570 0.10770887
v 0.44399083 0.33929533 0.06468425
v 0.22713760 0.10054582 -0.31474254
v 0.29204649 -0.33494362 0.33180010
v 0.47190854 -0.11375707 0.45026332
v 0.53344065 -0.11803384 0.42411840
v -0.38049531 0.09339966 0.26853317
v 0.15066901 -0.00428902 0.48137084
v 0.47743502 0.06149784 0.51075846
v 0.61764270 0.06689881 0.03720734
v 0.73976421 0.04309009 0.33349371
v -0.44968846 -0.32855377 -0.60252452
v 0.42281988 0.05634905 -0.26971492
v 0.56213927 0.18041001 -0.04961257
v -0.13780992 -0.29857823 0.51983446
v -0.03030157 -0.33476785 0.05981525
v 0.16077456 -0.37772667 0.23395152
v 0.16592455 0.41797614 0.02828543
v 0.32663074 -0.23612361 -0.12296684
v -0.34598994 -0.24756382 -0.60711062
v 0.44839898 0.21998350 -0.17268933
v 0.29623693 0.00153851 -0.31807867
v 0.17776768 -0.00289779 0.48063579
v 0.06534362 -0.25926158 -0.78486353
v 0.01574369 -0.32321915 0.33117273
v -0.30508244 -0.30756077 -0.51564217
v 0.13209933 0.29921687 -0.11882957
v -0.14955246 0.29537156 0.10257025
v 0.55146539 -0.15209456 -0.04248877
v 0.38512313 -0.01806757 -0.28629890
v 0.40312678 0.29147226 0.46447983
v 0.62654144 0.03567251 0.11354798
v 0.01970653 0.02940342 0.48574522
v 0.06361133 -0.16470858 -0.21845330
v -0.10512256 0.26697084 0.36284673
v -0.35130987 0.05212754 0.49453020
v 0.41256356 0.32592940 0.34275511
v -0.12216815 -0.27028015 0.02031036
v -0.18143499 0.25028396 -0.14321144
v 0.10645221 -0.33522072 0.39213729
v 0.46660098 -0.26610056 0.12444168
v 0.12064233 0.06813451 0.48286328
v 0.25418168 0.12674524 -0.31117120
v -0.24299560 0.22540604 0.51542383
v -0.49421304 -0.10322456 -0.02279673
v -0.51939291 -0.06239295 -0.32075953
v 0.05698368 -0.21793380 -0.79481393
v -0.20560645 0.21338576 -0.25529677
v 0.02422748 -0.19134207 -0.77478051
v -0.06380598 0.29992920 0.05718691
v -0.37532681 0.22179452 -0.50531125
v -0.32527772 0.05847761 0.51752484
v 0.14030032 -0.28995332 -0.71399230
v 0.21053791 0.21795540 -0.25639611
v -0.28691185 0.13653757 0.44453654
v 0.05573446 -0.19653690 -0.77066904
v 0.13595755 0.36046612 0.38356510
v -0.04478005 -0.18793845 -0.19612734
v 0.20552942 -0.34000173 0.36415517
v 0.57071781 -0.15262188 0.01384710
v -0.30365455 -0.29341951 -0.56296939
v 0.11569311 0.20111349 0.47853634
v 0.45004699 0.33162063 0.16021881
v 0.08152062 0.07984065 -0.29114443
v 0.21371721 -0.36456990 0.01432049
v 0.04721395 0.26099727 -0.16177912
v -0.21081521 0.29315859 -0.05756337
v 0.60431898 0.06858623 -0.02807051
v -0.32422942 -0.57820761 -0.59034592
v 0.49004045 -0.23749207 0.25373900
v -0.13089122 -0.22722463 0.17850450
v -0.02984340 -0.26712227 -0.06958546
v 0.36547342 0.17132291 -0.26822078
v 0.02703255 0.24660461 -0.16815133
v -0.21706906 0.22770797 -0.25846487
v 0.29006580 0.08029097 -0.31817743
v -0.33794248 -0.38964611 -0.48922417
v -0.08990305 -0.25361496 -0.07042032
v -0.52206761 0.04952693 -0.10508765
v 0.54473335 -0.04035316 -0.14553529
v -0.51787102 0.03478964 0.09723783
v 0.22307535 -0.28549233 -0.04282009
v 0.35513180 0.27742541 -0.12725121
v -0.34704494 0.30502227 -0.38816887
v -0.33533660 -0.19105996 -0.11739037
v 0.62660867 -0.01108946 0.12185420
v -0.02005104 -0.35591465 0.19205327
v 0.30274495 0.24184793 -0.22433463
v 0.26210684 0.32558516 0.48896828
v -0.13841946 -0.21344642 0.42727622
v -0.28389862 -0.14972934 0.52272844
v -0.01633993 0.20695274 0.48132545
v -0.43865806 0.18384266 0.16926679
v -0.04746787 -0.13954619 -0.51879299
v 0.30125174 0.40292424 0.23926041
v -0.18864764 0.22335531 -0.17311189
v -0.43059659 0.37556577 -0.19699202
v -0.57046348 0.02829094 -0.29049173
v -0.19823296 -0.01886074 -0.39148578
v 0.01137472 0.05334420 -0.27258465
v -0.26487267 0.29940024 -0.05086653
v -0.45158860 -0.01691941 -0.51398057
v -0.24436511 0.21344945 0.39210305
v 0.24829435 0.41294557 0.20008914
v 0.53426832 0.15726495 -0.13767976
v 0.56891894 -0.11248231 0.30363235
v -0.42365488 0.17146763 0.19711380
v 0.40350407 0.34090766 0.25928646
v 0.06149562 -0.15904151 -0.60753453
v 0.40400198 -0.31253469 0.23696551
v -0.23662975 -0.13463463 0.42224032
v 0.12463494 -0.24159035 -0.61189330
v -0.25246060 -0.06251878 -0.56404036
v 0.49286368 -0.21120159 -0.02046148
v 0.44487625 -0.28277504 0.11331211
v 0.03904331 0.37669975 0.01889152
v 0.60678583 -0.08529247 0.26396006
v 0.16276997 0.07833368 0.48192593
v -0.10433036 0.00278990 -0.29333752
v -0.15983859 -0.23823908 0.46892589
v -0.14123982 0.29429105 0.12483599
v 0.04303393 -0.40586904 0.12379399
v 0.58895057 0.19001353 0.29645136
v 0.00292872 0.30205625 -0.06588133
v -0.40280017 -0.15308568 0.17285967
v -0.05392663 0.00251218 -0.27869415
v 0.58277899 -0.13927495 0.17885724
v -0.40316337 -0.27289113 -0.63445550
v -0.07295781 0.34016076 0.49049813
v 0.44964379 0.18127382 -0.21235520
v -0.28228495 0.26935822 0.51563317
v -0.41177866 -0.16651994 -0.08150636
v 0.08224299 -0.18942255 -0.63108248
v 0.09654851 0.41596785 0.14327551
v -0.03873100 0.02287267 -0.27433619
v -0.21042363 0.31043869 -0.00562038
v -0.13705322 -0.28459752 0.47255924
v -0.34827745 -0.51670963 -0.71825123
v -0.08557232 -0.13425177 -0.50573230
v -0.17385776 0.04594785 -0.33942249
v 0.61161995 0.13414268 0.19571130
v 0.20033213 0.41570073 0.25856465
v -0.05800042 -0.17615022 0.30385253
v -0.46774837 -0.08785959 -0.13094440
v 0.11955726 -0.11201250 -0.27104294
v 0.22562140 0.39155519 -0.01809058
v 0.15233576 -0.16260770 -0.24350661
v -0.00458625 -0.17059460 -0.54971558
v -0.55312544 0.07478362 -0.35497990
v -0.14015459 -0.06535895 0.52236885
v 0.06445072 0.22945936 -0.21068859
v -0.53392226 -0.00457872 0.01876693
v -0.58421677 0.07498004 -0.24262279
v -0.40472105 -0.13994379 -0.22183019
v 0.45328626 -0.27053684 0.28611162
v 0.39602691 0.34770182 0.30740339
v 0.44165817 0.31497157 0.24667315
v 0.56037873 -0.17858298 0.03451904
v -0.55035293 0.24740741 -0.31846073
v 0.21967283 -0.34858894 0.32314593
v 0.58243257 0.09027352 -0.07338330
v -0.03162483 -0.32735434 0.45339632
v 0.44535685 -0.28452119 0.13757886
v -0.33953074 -0.09312182 0.44403067
v -0.16124149 0.09194772 -0.31117883
v -0.58446485 0.11253641 -0.23149981
v -0.51846868 0.04377035 0.09480421
v -0.42531118 0.24862641 0.10688734
v -0.44435313 -0.16939461 0.02590195
v -0.53939223 0.19456944 -0.42727268
v 0.21756807 -0.12700880 0.47555178
v -0.12436361 -0.03644367 -0.59861416
v -0.37945136 -0.46283734 -0.56006241
v -0.08413506 -0.33508095 0.50847352
v -0.20364161 -0.11016032 -0.50110883
v 0.57828903 -0.10205919 0.42739558
v 0.36131200 0.35314170 0.32309601
v -0.33640054 -0.22777216 -0.58880281
v -0.20452368 -0.15509956 0.52415478
v -0.34287167 -0.06354205 0.52464533
v -0.50332648 -0.09873820 -0.25631374
v 0.60566217 -0.09163219 0.27350950
v -0.33251706 0.18558118 0.46040824
v -0.18078561 -0.17455973 -0.23477316
v -0.32831600 -0.14721012 -0.26229855
v -0.21115291 -0.25606376 0.10000148
v 0.08453004 0.38265741 -0.00737911
v -0.57367843 0.02299085 -0.23618889
v -0.00349582 0.30190670 0.18412730
v -0.45117971 -0.44660860 -0.67089599
v -0.41262996 -0.15970895 0.15091704
v -0.14348699 -0.03182314 -0.61201006
v 0.01791150 0.31545475 -0.00755396
v 0.05204678 -0.19792667 0.47925404
v 0.14823319 0.30516255 -0.08623153
v 0.39364865 0.37612465 0.15765905
v -0.14717518 0.16308124 0.52076977
v 0.24296921 -0.35278767 0.00931230
v 0.25160116 0.32611340 0.47888666
v -0.04892287 -0.13579351 -0.72422498
v 0.46661735 -0.25505200 0.26797581
v -0.14626895 -0.15371187 -0.61234421
v -0.31710204 -0.06925320 0.52480465
v -0.32056466 -0.19809365 -0.12375595
v 0.49713695 -0.23608428 0.03443843
v -0.36585367 -0.19615625 -0.07155351
v 0.46813235 0.01066774 -0.23669265
v 0.16342458 0.36085930 -0.04194359
v 0.02249960 -0.14442064 0.48100546
v -0.49467927 -0.09016452 0.09810723
v -0.20325865 -0.10598984 -0.48981190
v -0.45377511 -0.41822362 -0.65311229
v -0.49199694 0.29175937 -0.14344630
v -0.41609561 -0.14922848 -0.56131762
v 0.41847530 0.20421663 -0.22089843
v 0.43222901 -0.19411734 0.42728281
v 0.20387886 -0.36003071 0.30268678
v -0.37883997 0.18478967 -0.51994473
v 0.17807260 0.33836269 0.50901580
v -0.32378703 -0.47469363 -0.65984637
v 0.49888337 0.15638648 -0.18596004
v -0.39549911 -0.02734111 0.49149030
v 0.13249685 0.01141192 -0.30493787
v -0.17339873 -0.24303193 -0.09840311
v -0.41080871 0.27871525 -0.46663877
v -0.27466932 0.27959618 -0.26238289
v -0.30354127 -0.27009451 -0.51463646
v 0.14230666 0.34924990 -0.04402106
v -0.45508024 0.23075710 -0.00785410
v -0.04264283 -0.19113365 -0.19301644
v 0.62392068 0.10278382 0.13427965
v -0.36465380 0.28316477 -0.45650911
v 0.15053704 0.35489708 0.48745844
v 0.17510113 0.08508743 0.48176435
v -0.03450074 -0.27099466 -0.03049619
v 0.05549498 -0.40695328 0.15724015
v -0.17935917 0.31557706 0.05282151
v -0.36794144 -0.42103708 -0.67792559
v -0.33960325 0.05371523 0.29631218
v -0.11570939 -0.17467622 -0.61235386
v 0.22915854 -0.26725331 -0.06099448
v -0.41100907 0.24657080 -0.09873699
v -0.10557865 -0.22640786 0.16309883
v -0.11596455 -0.25307927 0.52259618
v -0.26586494 -0.08391018 -0.47477204
v -0.53635746 0.07674801 -0.14770640
v -0.05026039 -0.17428660 -0.54819828
v 0.18542735 0.39346650 0.32743233
v -0.25981671 -0.07573882 -0.52572894
v 0.46911186 0.30269229 0.25456154
v 0.13966317 -0.31668541 -0.68794030
v -0.37249145 -0.14773691 -0.27484560
v 0.46838367 -0.25452375 0.23797423
v -0.37778518 0.23515986 0.18721859
v -0.09737830 -0.03131607 -0.28933465
v -0.15299644 -0.02197311 -0.46104673
v 0.31902775 -0.34801838 0.13530885
v -0.38941211 0.19893874 0.20805313
v 0.19203256 -0.36302924 0.30283520
v 0.44063747 0.29347503 0.34437487
v -0.31996223 -0.36464781 -0.61727333
v 0.47091615 -0.22778490 -0.02898912
v -0.26343992 0.28923976 0.51552868
v -0.21048531 0.10056199 0.39373454
v 0.60699886 0.15093715 0.21985328
v -0.05190796 0.28939363 0.08943444
v -0.33709049 0.28559810 -0.41038051
v 0.61728221 0.11354291 0.07537179
v 0.42935681 0.34353095 0.18914030
v 0.06507278 -0.16129836 -0.22162156
v 0.49248022 0.28622499 0.19104588
v -0.06113498 -0.26918688 0.18061577
v -0.43856809 -0.19283789 -0.52822393
v -0.45513999 -0.15819424 0.01823780
v 0.17303750 -0.38407850 0.04908701
v 0.73484129 0.11610752 0.24414809
v -0.23047812 0.12067401 0.31207108
v -0.11407205 -0.24970967 -0.07330385
v 0.06294876 0.32991779 0.37712350
v 0.00983455 0.30273625 -0.06728586
v -0.34133005 -0.57638836 -0.64383072
v -0.12784664 0.27147442 -0.10048313
v 0.16983232 -0.03537141 0.47997901
v 0.21427485 0.21160069 0.47519612
v 0.30517158 0.38424248 0.01305466
v 0.58122033 0.18148659 0.25653166
v 0.10962896 0.15590647 -0.27811876
v 0.38849556 0.34434190 0.03334238
v -0.21845067 0.22681533 -0.17199294
v 0.61249775 0.13158223 0.19068047
v 0.36335155 0.33996394 -0.02611807
v 0.44670740 0.08711679 -0.25182748
v 0.37607077 0.36571899 0.07246742
v 0.14169839 -0.11187583 -0.27837670
v -0.01570702 -0.24757542 -0.11814962
v 0.41301823 0.29627559 -0.08459686
v -0.55662012 0.26205787 -0.17540103
v 0.10348307 -0.18461017 -0.57849389
v -0.15514380 -0.22516021 0.45742413
v -0.25097716 0.14312692 0.51939434
v 0.07569944 -0.14887342 -0.59513819
v 0.38806289 0.30346808 -0.09045056
v -0.26459411 -0.05597572 0.31689379
v 0.10164975 -0.36875269 0.32277933
v -0.51854229 0.08086845 -0.12950587
v 0.24910693 -0.27684993 -0.04098874
v 0.22991306 0.39617833 0.35340968
v -0.40326887 0.15333910 0.22271980
v 0.28266591 -0.03990600 -0.31357899
v -0.42513555 0.13929056 -0.52645922
v -0.18276268 0.00654723 -0.45698488
v -0.08022888 -0.16319792 0.32709053
v -0.13588327 -0.25305510 0.43770996
v 0.19666660 -0.07657111 0.47770426
v 0.72396553 0.03652536 0.36943892
v 0.25340131 -0.26045024 -0.07360832
v -0.37618944 -0.01796732 0.51986158
v 0.43667635 0.26667929 0.40409362
v 0.31216234 0.21043687 -0.25949436
v -0.38642383 0.21448803 0.19912790
v -0.38400951 -0.46321502 -0.59662932
v -0.32279244 0.10390329 0.28983301
v -0.00646418 -0.29968348 0.32221916
v -0.17466764 -0.12816095 -0.51494175
v 0.16489422 -0.17967068 -0.22905251
v -0.40108645 -0.34551027 -0.51841700
v -0.39772791 -0.14218925 -0.23563249
v -0.34991238 -0.21422875 0.14754577
v -0.55109286 -0.01275721 -0.18543892
v 0.26216853 -0.14715582 0.47655866
v -0.33197984 -0.42748085 -0.64970142
v 0.61776632 0.19206972 0.39137116
v 0.20512325 0.11589916 0.48054886
v 0.08915295 -0.04959960 0.48187870
v 0.13076654 -0.20501713 -0.60265833
v -0.08702863 -0.19145073 0.26011112
v -0.06114242 0.03954178 -0.28151581
v 0.37154001 -0.23682116 0.48863250
v -0.22153221 -0.10472848 -0.51825482
v 0.07660221 0.38346228 0.24378890
v -0.42318749 -0.35423049 -0.65905988
v 0.40089491 -0.13009900 0.49183515
v 0.47227487 -0.11018407 0.45609981
v -0.07177746 -0.27418500 0.10167818
v -0.20850906 0.02436198 -0.51645738
v 0.30879942 -0.35224605 0.12642284
v -0.52898544 0.02100773 -0.08109099
v 0.29707876 0.31705916 -0.07772617
v -0.27913848 -0.07665484 -0.48833179
v 0.74675918 0.07867081 0.23612970
v -0.20862040 -0.16118647 0.52419996
v 0.18047164 -0.18038383 -0.22653250
v -0.42426637 -0.13047074 0.18014590
v -0.27425364 0.21905865 0.51595372
v 0.08660001 0.36219031 0.50978255
v -0.18180458 -0.19230749 0.50062323
v 0.38478306 -0.29958299 0.04110733
v -0.51134312 0.11015080 -0.09930385
v -0.30289984 -0.02239613 0.52341920
v 0.12467627 0.18905634 -0.26535147
v -0.13975421 0.29520825 0.18211356
v 0.10806670 -0.22591524 0.50564885
v 0.27922004 0.23581088 -0.23251243
v 0.14603092 0.01089028 -0.30754510
v 0.50291657 0.28341419 0.00113158
v 0.03173688 -0.25107336 -0.70904911
v -0.05419166 0.14932457 -0.24014923
v 0.07961963 -0.27632651 -0.78440034
v -0.55594045 0.08016653 -0.34638372
v -0.30545309 -0.36755416 -0.54261166
v 0.10853466 -0.29663742 -0.68555266
v 0.28865203 -0.34831250 0.23123264
v 0.24958083 0.36872852 -0.03227495
v -0.54805046 0.04862900 -0.43245077
v 0.04832247 0.16000177 0.48233050
v -0.45582053 0.03363832 0.20736687
v 0.07672321 -0.37845138 0.28718150
v -0.03045627 -0.31057420 0.23416710
v -0.21206598 0.10549185 0.38915440
v 0.44922346 -0.28516448 0.17419845
v 0.26016781 0.37196535 -0.02723913
v 0.15684822 -0.29943147 0.43592831
v 0.35270566 0.38694406 0.19859520
v -0.30813909 0.26917785 0.42986542
v 0.04632660 0.14429805 -0.25437078
v -0.19050053 -0.02422482 -0.59463435
v 0.61988997 -0.01532958 0.01844470
v -0.53764033 0.01987869 -0.04914765
v -0.19295292 -0.04095569 -0.42375872
v -0.19898733 -0.20129754 0.20021059
v -0.29597420 0.24544440 0.41037282
v -0.39748409 -0.51610988 -0.68846130
v -0.15118544 -0.03687279 -0.29927871
v 0.02790722 0.39510483 0.46446413
v 0.00475524 0.09687223 0.48735982
v -0.13508716 -0.09975778 0.52070737
v 0.49633771 -0.24039085 0.19290356
v -0.50526237 0.11654397 -0.11984901
v -0.16545147 -0.20033167 0.23890339
v 0.23470978 0.41174582 0.29005200
v 0.22783306 0.42320114 0.07752933
v 0.04125191 -0.32179341 0.37621099
v 0.22599833 -0.33811975 0.34469655
v 0.65940928 -0.07555529 0.39531612
v -0.37527058 0.37929222 -0.27390382
v 0.10789063 -0.36284548 0.33413634
v -0.33963493 -0.01216085 0.52246565
v -0.19533317 -0.01195037 -0.42160797
v -0.32524446 0.27365071 0.47388291
v 0.66994202 -0.04498986 0.40795279
v 0.06721350 0.24058308 0.47617507
v -0.22540760 0.20592150 -0.33058545
v 0.05623001 -0.13826561 -0.24189943
v 0.15324464 -0.02005233 -0.30633342
v -0.33235162 -0.13618840 0.50134057
v -0.00670617 -0.21584293 -0.61591613
v 0.56030530 0.10534137 -0.11813277
v 0.24149272 0.08316267 0.51186228
v -0.17329699 0.30809614 0.10038382
v 0.59357154 -0.10508800 0.00982282
v 0.41609123 -0.29509491 0.28664610
v 0.41641143 -0.27910814 0.03479656
v 0.25437787 0.41310173 0.18681176
v -0.38764551 -0.14726239 -0.28121290
v -0.48570433 0.10172127 -0.51678187
v 0.09714587 0.30825698 0.51289666
v 0.49892294 -0.18922263 -0.07878684
v -0.52631491 0.13980345 -0.02576973
v 0.31067121 -0.19693051 0.51735705
v 0.59335953 -0.11672620 0.19749512
v -0.29205719 0.04434611 0.52198243
v -0.17126366 0.25567326 0.29448125
v 0.14208183 0.40854332 0.21175911
v -0.28726545 0.28043166 0.51508129
v -0.36235672 -0.28178772 -0.63136190
v -0.30882329 -0.44644523 -0.58262885
v -0.16013512 -0.26048750 0.03030587
v -0.00258692 -0.21573567 -0.15858828
v -0.28827444 0.09886189 0.30087060
v 0.58316839 -0.01737343 -0.08888095
v -0.32235897 0.27677646 0.47017914
v -0.30693999 -0.20395774 -0.49971485
v 0.49830547 0.09517906 0.49880189
v 0.37441450 -0.32214016 0.17801864
v 0.34147823 0.39290529 0.18628179
v 0.01799289 -0.10449515 0.48231032
v 0.38081747 0.30403626 0.42718685
v 0.45561105 0.30821580 0.24318881
v -0.31340301 -0.17439421 -0.51694351
v 0.06240256 0.22992118 0.47759497
v 0.18588382 -0.19484997 0.48033535
v -0.02691902 -0.12655684 -0.73202890
v -0.50130534 0.18137601 -0.01019727
v -0.44875187 0.01159958 -0.52129781
v -0.53166050 0.02630718 -0.42093793
v -0.34795228 -0.22098939 0.03131670
v 0.38762447 -0.25906265 -0.06073659
v -0.51775861 0.17523804 -0.16012900
v -0.57579309 0.03395591 -0.25408950
v 0.23898792 -0.29702410 -0.03391322
v -0.14477141 -0.22893557 0.44246298
v -0.11769846 0.12620157 -0.26148620
v -0.38777596 -0.29529643 -0.64573777
v -0.21529146 0.31485388 0.43778038
v -0.53586376 0.21151336 -0.42322275
v 0.53295243 -0.05559157 -0.15522632
v 0.56050354 0.14518011 -0.10079453
v -0.32138076 0.04136113 0.30263612
v 0.17069645 -0.38243479 0.20663758
v 0.15585023 0.06683179 -0.30982354
v 0.56865448 0.11933868 0.46714884
v -0.53908700 0.13504565 -0.48185167
v -0.16544311 0.27532983 -0.10752330
v 0.68584436 0.11085978 0.39872602
v 0.62688452 0.03590815 0.11754759
v 0.01911689 -0.17504153 -0.70396125
v 0.62320733 0.05184524 0.08826031
v -0.36741030 0.34455442 -0.33132568
v -0.07058649 -0.22123225 -0.15830222
v 0.39236799 -0.26205412 0.40718710
v 0.40632114 -0.25970185 -0.04329110
v -0.44431061 0.35525209 -0.17753084
v 0.09428103 -0.21710482 -0.66141236
v -0.53320563 0.06002341 -0.07754607
v -0.04319506 -0.15251225 -0.72939956
v -0.42932191 -0.11449577 -0.16569120
v 0.32162690 0.22683711 -0.23923533
v -0.16904564 -0.15206963 -0.25886577
v -0.00017470 0.18812586 0.48257309
v 0.41860366 -0.01515128 -0.26846501
v 0.25795275 0.41312563 0.28438479
v -0.03004870 0.14071143 -0.23711509
v -0.18438049 -0.15178172 0.39718625
v 0.11161670 -0.40584323 0.08664941
v 0.16525067 0.28484693 -0.16308542
v 0.51918882 -0.21390772 0.16323011
v -0.02904917 -0.31156650 0.23968509
v -0.20400459 0.05976294 -0.40867773
v 0.40741128 -0.30227497 0.31554237
v -0.35334826 -0.09039859 0.46003389
v -0.38088700 0.32617712 -0.40533006
v -0.42609945 -0.32779348 -0.64603466
v -0.44745767 0.22880337 -0.04636661
v -0.21101248 -0.14052513 0.39790913
v -0.39093834 -0.06685013 -0.53406531
v -0.57200533 0.12831885 -0.19846776
v -0.39424285 -0.44696087 -0.61266100
v 0.26296508 0.12537898 0.50501180
v -0.29806340 0.28592330 -0.07947817
v -0.21061210 0.05155563 0.34596670
v -0.29869497 0.01476162 0.41789821
v -0.21828654 -0.25945508 -0.00296872
v 0.13640270 -0.30745286 -0.03401798
v 0.50083637 0.16639607 -0.17685270
v 0.44642192 0.28296575 0.35222253
v -0.48848909 0.25029236 -0.45470682
v -0.06931990 -0.19214550 -0.58408326
v 0.04611936 0.32788208 0.30101755
v -0.23310399 0.25036091 0.23033760
v 0.24517852 -0.05570929 0.50204271
v -0.18171524 0.23799276 0.51489401
v -0.35109499 0.03990605 0.47647408
v -0.45727044 -0.15077963 0.03557437
v 0.22910897 0.20284143 0.47449601
v -0.31512177 -0.17948674 -0.52632666
v -0.08563852 0.24609996 0.51535940
v -0.26349857 0.23160252 -0.34408262
v -0.47186187 0.00777435 -0.51311570
v -0.24385265 0.07854639 -0.51378387
v -0.49726853 0.34818137 -0.19861932
v -0.03671882 0.31003791 0.01624059
v -0.51585895 0.01086103 0.09487955
v -0.37102965 -0.50802040 -0.53382790
v -0.40966517 -0.27607682 -0.51501012
v -0.01842393 0.29839513 0.15608823
v 0.01342925 -0.23992634 -0.67097014
v 0.45897657 -0.26697233 0.23233300
v 0.66526699 0.08227168 0.18223150
v 0.24115811 0.39077157 -0.01447002
v -0.12589127 -0.26756284 0.03926250
v -0.01813276 -0.32063487 0.43704933
v -0.00154047 -0.29007044 0.38566971
v -0.26805639 -0.11097323 -0.39100444
v -0.42653748 0.22579364 0.13953860
v 0.29795891 -0.04130981 -0.31205964
v -0.08721511 0.00780706 -0.28932974
v -0.14524050 -0.22605255 0.18699788
v 0.50474262 -0.16717368 -0.10588306
v -0.09334622 0.17011230 -0.23805022
v 0.42312509 -0.12493353 0.47037745
v 0.40798944 0.36372072 0.17884539
v -0.19367519 0.16858517 0.51980096
v -0.03809386 -0.26075000 0.39164567
v -0.56816673 0.00826445 -0.23063003
v -0.22373433 0.18719524 -0.35151482
v 0.35196117 -0.21000589 -0.17187250
v -0.05199504 -0.17600819 -0.71543318
v -0.05902833 -0.24138378 -0.11163369
v 0.40951246 0.28970855 0.44836909
v -0.38387087 0.01196068 -0.52991974
v -0.31482163 -0.15677285 0.22996570
v -0.10173375 -0.13560803 -0.69284070
v -0.43760657 -0.11469603 -0.46173382
v -0.09384393 -0.22505523 -0.15289573
v -0.52540421 0.32793856 -0.30013493
v -0.43205300 0.20596795 0.15596542
v 0.02461702 -0.09329178 -0.55336344
v 0.10280965 -0.22344816 0.50019246
v -0.01649182 -0.26748174 -0.08621142
v -0.12672812 -0.17628899 0.52054179
v -0.05580210 0.27375308 0.24102607
v -0.50970519 -0.07414649 0.01995192
v -0.48286644 0.24518828 -0.13552359
v -0.54122728 0.20412239 -0.40787363
v -0.35604557 0.26791969 0.15335193
v -0.38671750 -0.21005508 0.04445771
v 0.25954607 -0.37193838 0.16678439
v 0.16165884 0.28912702 -0.15479451
v -0.30428290 0.24525414 -0.35483608
v 0.10218234 0.22568333 0.47677031
v 0.50142950 0.24648528 0.35286030
v -0.34952924 -0.22131422 0.03687207
v -0.04219345 -0.21144572 -0.65900731
v -0.48250270 -0.04215745 0.16102667
v -0.15968679 -0.01281815 0.51838893
v 0.43064800 -0.28488967 0.26965109
v -0.20445509 0.19334057 -0.31551909
v 0.01208166 0.39269376 0.49886414
v -0.19983177 -0.00148165 -0.56467319
v 0.33779806 0.39172554 0.20091209
v -0.49398321 0.36565408 -0.30197841
v -0.44193158 -0.43153569 -0.68309307
v -0.02079912 -0.27475658 0.30699423
v -0.21603917 -0.13430370 0.37475708
v -0.44591928 -0.01621446 0.20663604
v 0.54188645 -0.16104104 -0.05214362
v -0.06524966 0.26977691 0.28319025
v -0.36259237 0.01919249 0.47359169
v 0.14999522 0.40076143 0.30600509
v 0.33376995 -0.32333466 0.29444176
v -0.42100975 -0.13204712 -0.20270261
v -0.32461071 0.31113622 -0.18465690
v -0.32598346 0.18507025 0.44772026
v -0.30925319 -0.14108442 -0.29860589
v 0.02647876 0.38464859 0.50565237
v 0.41788456 0.31363145 0.35210392
v -0.25949952 0.21350369 0.39668375
v -0.27620932 -0.11973084 -0.37748802
v 0.25107649 0.32639459 0.46821830
v 0.57610655 0.19683017 0.03384399
v -0.37924370 -0.00665460 0.51770622
v 0.74334991 0.07601833 0.31533685
v 0.04929524 0.33190671 -0.01632512
v -0.34591559 -0.09570901 0.52354467
v -0.31113166 0.14152117 0.27714658
v 0.62686050 0.08382884 0.44837967
v 0.15134086 0.36181915 -0.03963324
v -0.38755709 -0.06456719 0.24705975
v -0.45339745 0.23570894 0.08043392
v 0.55364907 -0.09749214 -0.09225872
v -0.40988034 0.24996738 -0.06940913
v -0.00702934 -0.38155761 0.14600889
v 0.47347233 0.18456037 -0.19143926
v -0.33574638 0.25773150 -0.47353029
v 0.24111643 -0.19400921 -0.21722440
v -0.19504823 0.00548430 0.51085997
v -0.25971025 -0.17583564 0.22838342
v 0.29761010 0.37786964 -0.00154993
v -0.52891612 -0.03464135 0.05842682
v 0.00628471 -0.16693477 -0.67234927
v -0.25134668 0.33071804 0.50033176
v -0.32220647 -0.50059295 -0.55316556
v -0.09001040 -0.30215505 0.52292192
v 0.21113132 0.31898043 -0.05677536
v -0.20007372 -0.10854648 -0.49402130
v -0.58541936 0.08349189 -0.24657376
v 0.54719633 0.00684694 -0.14688441
v -0.13009758 -0.15278450 0.51905334
v -0.20848805 -0.09033300 -0.32071018
v 0.06849317 0.14018667 -0.26696146
v 0.31204021 -0.22092091 -0.17456560
v 0.01263301 0.21624659 0.47963750
v 0.61657530 0.02407309 0.00724511
v -0.50590676 -0.01782043 -0.47252598
v -0.41949895 0.31961375 -0.14193040
v 0.52202046 -0.08563471 0.47015005
v -0.31267208 -0.14854690 -0.22185278
v 0.64835936 -0.10917270 0.29514152
v -0.36291465 0.18197794 -0.52194107
v -0.09564584 -0.18783751 0.39585796
v -0.12042078 -0.16605461 0.37150866
v -0.17914674 -0.18721488 -0.21950266
v 0.69436395 -0.08928506 0.30438158
v 0.49695849 -0.10089532 -0.17899489
v -0.30813783 -0.23363070 0.01098629
v -0.41059685 -0.50872272 -0.69286728
v -0.24039151 -0.14417595 0.52430248
v 0.62540340 -0.02667895 0.11976761
v 0.19338198 0.33972710 0.50539654
v 0.38883260 0.12367374 0.51338226
v 0.17412907 -0.24376500 0.51991868
v -0.27879649 0.32199097 0.50605881
v -0.31774864 -0.59549695 -0.63992107
v -0.05380444 -0.11975992 0.48154095
v -0.36877620 -0.19577175 -0.42511827
v -0.30854470 -0.29309818 -0.49745828
v -0.05385209 -0.12237621 -0.71767473
v -0.52817088 0.33782649 -0.24072520
v -0.04126950 -0.12351032 -0.65194893
v -0.41122752 0.28507656 -0.46143189
v -0.18160151 0.29570803 0.16275208
v 0.39464113 -0.26005909 0.41119447
v 0.27690554 -0.27753940 0.48249277
v -0.30413061 -0.22022477 0.16713308
v -0.51679808 0.07371000 0.09860828
v -0.32248425 -0.14768548 -0.21682151
v 0.45858064 -0.00374516 -0.24273674
v -0.33108422 0.03033855 -0.52981997
v 0.50026071 0.29670435 0.15433161
v 0.62129682 -0.04413434 0.15579991
v -0.08768462 -0.19702633 0.24607271
v 0.58479851 0.18271631 0.21802105
v 0.19991073 -0.26890892 -0.06838404
v -0.46433541 -0.10613917 -0.33739975
v -0.19610301 -0.03206885 -0.36768976
v 0.21251437 -0.35375455 0.31236547
v 0.45303741 0.04006144 -0.24897459
v 0.05670225 0.36545745 0.24507724
v -0.01134186 0.09132370 0.48706418
v -0.02006004 -0.14052521 -0.23247696
v 0.09968280 0.35619077 0.36402088
v -0.12686418 -0.16503122 -0.62623817
v -0.07677877 -0.08346292 -0.58568037
v 0.47799891 0.14558926 0.48528317
v -0.15433988 -0.26990223 0.52064878
v 0.25731814 -0.36751390 0.10243301
v -0.38059089 0.29014003 -0.13801399
v 0.09686827 0.00669089 0.48247057
v -0.18019211 -0.07802383 -0.44345906
v -0.11427293 -0.13814534 -0.50663131
v -0.01707082 -0.27306795 0.38378015
v -0.01320816 -0.28269875 0.32541683
v 0.02067306 -0.22659712 0.48703027
v -0.23558807 0.24808626 0.38916481
v -0.52960330 0.02513999 0.07237974
v 0.09012716 -0.26403323 0.52170038
v 0.38440171 -0.31249505 0.32480443
v -0.25741166 0.31339067 0.06767815
v -0.48084280 0.34362447 -0.36536258
v -0.31157279 -0.19409731 -0.52773029
v -0.22580059 -0.16741653 0.47389951
v 0.42504200 0.24376251 -0.15286851
v 0.13467419 -0.24235795 0.51905382
v -0.17438346 -0.05410886 -0.43698126
v 0.32216993 -0.33457914 0.27204674
v -0.17260845 0.09321801 -0.33120969
v -0.34614936 -0.21752921 -0.01358297
v 0.07679359 -0.25259414 -0.64598012
v -0.23312552 -0.12316930 0.38302207
v 0.60435385 0.06781841 0.46231052
v 0.60836059 0.15008181 0.22197704
v -0.17100397 -0.15630023 0.40189603
v 0.55023056 0.23481373 0.00749157
v 0.50926793 0.27568269 0.26053861
v -0.52581650 -0.07450765 -0.26407090
v -0.36084107 -0.54544109 -0.65729117
v -0.25473133 -0.16884178 0.51406908
v -0.30329600 -0.02969276 0.40612206
v 0.13328709 0.37302738 0.35715210
v -0.14895383 -0.04009065 -0.29815522
v 0.27795020 -0.27572760 0.46385330
v 0.09697486 0.21381742 0.47767967
v 0.37941158 -0.31744727 0.16707700
v 0.22840382 -0.26413152 -0.07798008
v -0.40209752 -0.22580712 -0.44987997
v -0.36135975 -0.46936402 -0.49657008
v 0.47842616 -0.24398145 0.28420970
v 0.04845470 0.37812871 0.20152549
v -0.30866417 0.10890700 0.51380986
v 0.44991314 -0.04845326 0.50871116
v 0.50960213 -0.00558106 -0.19656381
v 0.36438400 0.15281044 -0.28026590
v 0.11307225 -0.29129454 -0.77538836
v -0.42726311 -0.19291867 -0.47986859
v -0.31928661 0.27354738 -0.09723379
v 0.22911978 0.41032740 0.29237247
v 0.26791373 0.40619096 0.03680405
v 0.67878848 0.16544437 0.24341835
v -0.33869290 0.28412822 -0.42075178
v 0.60129839 -0.10340273 0.03570957
v -0.15390138 0.28162798 0.22301278
v 0.57165837 -0.17733654 0.07749458
v 0.15344386 -0.29232806 -0.66732079
v -0.14489818 -0.01124473 -0.49593255
v 0.14311829 -0.28421983 0.50854445
v 0.27060208 0.31239641 -0.07044069
v -0.33617073 -0.00194744 0.29284725
v 0.17219055 0.40496764 0.29864940
v -0.22809315 -0.09375706 -0.56252563
v -0.36303353 -0.15770286 -0.41160926
v 0.54965061 0.16828194 -0.10033207
v -0.30003291 0.08683737 -0.53056866
v -0.33995938 -0.32988542 -0.63265783
v 0.17013642 -0.39602458 0.11689996
v -0.05631187 -0.22826284 -0.14021273
v 0.48324490 -0.21008407 0.36456037
v -0.05219724 -0.32286957 0.10301959
v 0.29025409 -0.07110650 -0.30457795
v 0.58425814 -0.15329802 0.07794818
v -0.30591893 0.29947832 0.45989519
v -0.30289224 -0.29104140 -0.52492315
v 0.23756142 0.28322750 -0.17325482
v 0.46046460 -0.24639653 0.36600733
v 0.59521991 -0.11015917 0.02126623
v 0.03294000 -0.32322359 0.35627875
v 0.64457113 0.15658163 0.40447456
v 0.45052722 0.24656163 -0.13640210
v -0.30675942 0.29278708 0.13931309
v -0.27185035 -0.20588569 0.20136626
v 0.25033814 -0.26458222 -0.05804261
v 0.07729609 0.02921869 0.48320052
v -0.04656690 -0.28178620 0.02689320
v 0.45460838 -0.12171539 -0.19920743
v 0.12887746 0.35731715 -0.03683544
v -0.23169798 -0.15079454 0.27200469
v 0.16664824 -0.27596223 0.51659322
v -0.07884245 0.10705122 -0.26961711
v -0.48249185 0.31547657 -0.15176046
v 0.37182659 -0.21904539 0.50267404
v 0.40830716 0.11444362 0.51257056
v -0.38809121 -0.19145191 -0.05232878
v -0.31094003 -0.16421558 -0.45327267
v 0.13890298 0.16207263 -0.28407103
v 0.19434398 -0.07913692 0.47782233
v 0.10307119 0.37374952 0.31254062
v -0.36829329 -0.35734010 -0.65967208
v 0.14985494 0.33746406 -0.05021776
v 0.14049739 -0.36292115 0.32399997
v 0.13289942 0.41633311 0.04937962
v -0.44351169 -0.44322929 -0.68991113
v -0.17538096 -0.09497789 -0.45835984
v -0.40385562 0.05379120 -0.53296918
v 0.34091669 -0.26115894 0.48910356
v -0.05737928 -0.19828071 -0.18566369
v 0.40985882 -0.06399462 0.51289618
v -0.31208020 -0.14669397 -0.24045278
v -0.00720599 0.22511405 -0.17439021
v -0.29424599 -0.05108013 -0.51715827
v 0.31068736 0.40496147 0.13195632
v -0.12321615 0.28365603 -0.05638559
v 0.63206112 -0.01711687 0.18383825
v 0.10167609 0.13076465 0.48209110
v 0.41803637 -0.04614611 -0.26306987
v -0.15662175 -0.14796305 0.52247351
v 0.00331386 0.28986585 0.22284944
v -0.34191352 0.30138081 -0.36136791
v 0.67087859 -0.03061179 0.19969612
v 0.23888160 0.27963704 -0.17978132
v 0.39526707 0.34716552 0.25772253
v 0.61670381 -0.05216708 0.09608722
v -0.47103986 0.17617120 0.13693418
v 0.34504440 -0.31716585 0.02212159
v -0.21491154 -0.20483521 -0.18343113
v -0.28931180 0.12341651 0.45875496
v 0.61524671 -0.05594892 0.19383000
v -0.18664744 -0.16901577 0.45402372
v -0.16635321 -0.15981819 0.40998864
v -0.47249952 -0.07920576 -0.40494913
v 0.46320352 -0.04364736 -0.23036370
v 0.13547173 -0.29771155 -0.03788426
v -0.09888463 -0.25696373 0.10222344
v -0.00838140 -0.15848427 -0.54031241
v -0.34595844 0.23040318 0.48950905
v -0.33044896 -0.22102255 0.15064032
v 0.54761463 0.11250948 0.47769767
v -0.53619736 0.02148701 0.06008779
v 0.12120645 -0.19319737 -0.61420304
v -0.03209461 -0.06128014 -0.54586577
v 0.03347124 -0.28180429 -0.02675603
v -0.48684004 -0.10861702 0.08990474
v -0.01171622 -0.10395730 -0.58462799
v -0.09666986 -0.26399168 0.06863686
v -0.45459831 -0.15353180 0.05582653
v 0.63023728 0.03165406 0.16370787
v 0.10646075 -0.15450558 -0.23213841
v 0.32583117 0.33506224 0.40056068
v 0.62797701 -0.02552194 0.18082370
v -0.53456354 0.12617522 0.01165275
v -0.30113748 -0.29982385 -0.55161661
v 0.19162884 0.33625326 -0.05215394
v 0.16891798 -0.20642625 0.48992595
v -0.25628179 0.24170561 0.39424768
v 0.51877415 -0.18352395 -0.05587584
v -0.09421856 -0.23534420 0.40586403
v -0.30454931 -0.21512319 -0.10598961
v 0.17019399 0.37270185 0.37563583
v 0.54682088 0.22765087 0.29612732
v 0.55272758 -0.10925234 0.43120608
v 0.22003989 0.00448883 0.50373822
v 0.22717111 0.12482582 -0.31005242
v -0.50129926 0.03435699 -0.50771153
v -0.33065438 0.35577554 -0.23284495
v 0.46629077 0.25291139 -0.10969149
v 0.22249651 0.36986634 0.38917601
v -0.54933679 0.14792587 -0.34519431
v 0.52108288 -0.13934898 0.35752821
v -0.24158184 0.06402363 -0.51445961
v 0.28812113 0.37266204 -0.01571023
v -0.34284380 -0.22957192 0.06597503
v -0.19204022 -0.18846160 0.52094907
v -0.28575221 0.29438037 0.51444364
v -0.40121344 -0.25373685 -0.62599504
v -0.33782297 0.26785588 -0.45750865
v -0.26238337 0.00291642 0.39111832
v 0.71291173 -0.06662504 0.29824710
v 0.47208458 0.21367702 0.43892923
v 0.47324848 0.31181306 0.07522155
v -0.26568091 0.22965570 0.51592207
v -0.53001040 0.02332243 -0.40730184
v -0.43997854 -0.23726523 -0.57409155
v 0.44659156 0.03301354 -0.25378394
v 0.16084623 0.34621280 0.40238944
v -0.25434697 0.19854721 0.51687163
v -0.30195379 -0.29847646 -0.53109270
v 0.25763962 -0.35091633 0.01419587
v -0.37106958 0.25152671 -0.11292631
v 0.52902746 0.19561505 0.40361685
v -0.41728020 -0.13918625 -0.30393699
v -0.41229075 0.26347274 0.09170988
v -0.16382036 -0.23540744 -0.11631416
v 0.53918117 -0.16174020 -0.05805023
v 0.50250238 0.14829236 -0.18637580
v -0.06562492 0.34890792 0.49329713
v 0.34815210 0.33580756 -0.06113787
v -0.09016857 0.30468911 0.10414345
v 0.01583376 -0.11042467 -0.24829647
v -0.52057153 -0.03355228 -0.04597389
v 0.16485316 -0.39715588 0.13197725
v -0.13152008 -0.02509097 -0.48755172
v -0.37704811 -0.42629489 -0.47713700
v -0.43213946 -0.38961506 -0.61372620
v -0.40576920 -0.18188302 -0.58697039
v -0.22080030 0.15056482 0.35201052
v -0.15795012 0.29375932 0.16532360
v 0.03666861 -0.36375207 0.27915534
v 0.00307443 -0.18085285 -0.75894046
v 0.41884920 -0.23625772 0.41293558
v -0.04420410 -0.20807254 -0.61667645
v 0.56485337 -0.13198316 -0.03868083
v 0.67064208 0.17855451 0.34346306
v -0.49845484 0.13478072 0.10371912
v -0.13545044 0.29372793 0.09642224
v 0.39357340 -0.21163943 0.47751674
v 0.67309433 0.18380807 0.31974536
v -0.49581632 -0.06593761 0.10298729
v 0.23099563 0.09575225 -0.31614387
v 0.60193253 -0.10126265 0.16313939
v -0.34667316 -0.47305453 -0.50189304
v -0.20021431 0.22061580 0.30286059
v -0.42424592 -0.03406159 -0.52109480
v -0.28092623 0.12795755 0.44721904
v -0.44624051 -0.16524604 -0.00943956
v 0.60173458 -0.10475995 0.14346021
v -0.39717868 -0.43392137 -0.60751230
v 0.07734980 -0.31195015 0.42137617
v 0.25175229 -0.19765902 0.49934983
v -0.17834203 0.07006889 -0.34591284
v -0.32502219 0.27304634 -0.34687364
v 0.09355325 -0.18326826 -0.57428682
v -0.20170169 0.21806192 0.33887902
v 0.03335124 -0.40037128 0.09198483
v -0.24389008 -0.15091142 -0.23789386
v -0.08656698 -0.25456947 -0.07029068
v -0.28811446 -0.20684978 0.19641425
v 0.01887466 -0.38432324 0.20870008
v 0.63587660 -0.09028689 0.40322858
v 0.68879586 0.16951726 0.33292812
v 0.65251321 -0.11094714 0.34699625
v 0.11415881 0.35328332 0.41736245
v 0.10293802 -0.33126897 -0.02020044
v -0.30780545 0.27265450 -0.10170804
v 0.75083274 0.05279603 0.23937993
v 0.27878553 0.21468277 -0.26012105
v -0.37676144 -0.47824982 -0.57378680
v 0.72356021 0.12317275 0.33531237
v 0.53452510 -0.21893008 0.10741138
v 0.39530873 0.25047496 -0.15889013
v -0.35568741 0.28276247 -0.05225781
v -0.18004991 -0.19121177 0.24567877
v 0.18876471 -0.37992880 0.20450604
v -0.18605432 -0.12353797 -0.59641963
v -0.28325197 -0.14864278 0.52268338
v -0.44536453 -0.33423352 -0.59326321
v -0.35653546 -0.54816461 -0.56729686
v -0.09756622 -0.16150486 0.49158931
v 0.60738343 0.19515121 0.29511407
v 0.62181836 -0.04535240 0.13268647
v -0.26638889 0.26949614 -0.11310033
v -0.43750104 0.25350159 0.06744292
v -0.12900764 -0.07754653 -0.28816763
v 0.17827809 0.32366538 0.51337248
v -0.30204186 -0.56140214 -0.67418492
v -0.00785953 -0.36781225 0.05601586
v 0.25212851 0.41869873 0.11490350
v -0.29477662 0.26601195 -0.19208603
v 0.15715750 -0.27894178 -0.05060926
v -0.57133740 0.17489590 -0.25457698
v -0.52021670 -0.05153485 -0.02058666
v 0.37466818 0.15877122 -0.27039048
v 0.35728720 0.28163421 -0.12003392
v 0.10999649 0.14028272 -0.28530404
v -0.43377918 0.38289604 -0.32053092
v 0.50734270 0.26852813 0.30554134
v -0.21535479 0.11911958 0.36422941
v -0.10813064 0.28838056 0.24815185
v -0.11974614 0.30018091 0.06886673
v 0.36491212 0.30405661 0.41582841
v 0.16802244 -0.26666063 -0.11227892
v 0.59876364 0.09365157 -0.03305657
v 0.68357140 0.08685080 0.40978613
v 0.18031208 0.42331141 0.11343745
v -0.10343760 -0.23496272 0.14162952
v 0.32678917 -0.18946594 0.51783240
v -0.55807817 0.06972509 -0.46683738
v -0.01667460 -0.28678927 0.39911911
v 0.13888012 0.25923404 -0.20297429
v 0.21799506 -0.36680812 0.24370672
v -0.00448413 0.33699214 0.04069247
v 0.69675457 0.16964062 0.30183583
v 0.09932019 -0.39503887 0.24512364
v 0.31626743 0.33712196 0.40795243
v 0.24348186 0.29925591 -0.09412626
v -0.35214710 -0.22610767 0.09514622
v 0.28527516 0.19864368 -0.27244326
v 0.02169131 0.34341621 0.51248080
v -0.19061466 0.31203148 0.09708986
v -0.48348334 -0.05893533 -0.41056073
v -0.19909178 -0.11649935 -0.58015394
v -0.27273706 -0.24898493 0.10696369
v 0.06745508 -0.27777505 -0.74842125
v 0.31019330 0.26521754 0.51424152
v 0.17523578 -0.05014963 0.47939512
v 0.10275620 0.32280880 0.51349431
v -0.31143865 0.20728765 -0.51065648
v 0.54922408 0.00465355 0.49111846
v 0.44362316 -0.28329036 0.10872500
v -0.11843201 0.25468808 -0.12499748
v -0.28395420 0.32250756 0.50208837
v -0.33128479 -0.34290075 -0.47705162
v -0.22506516 0.23154019 -0.22059661
v 0.50631112 0.21632430 0.38396460
v 0.09512369 -0.22897181 -0.68462324
v 0.41499510 0.27983701 0.40058038
v -0.12515648 -0.21639434 0.20871949
v -0.19980608 0.16377382 -0.33562705
v 0.28749037 -0.18526639 -0.23221003
v -0.35724032 0.33681941 -0.16468096
v -0.15720974 0.27654397 0.23191959
v 0.05655365 0.25916120 -0.16801848
v 0.19992322 0.43310720 0.18393944
v 0.05137928 -0.39198333 0.05194977
v -0.13592425 0.28182805 0.27033529
v 0.12614794 0.17264867 -0.27545801
v -0.05991127 -0.09390402 -0.26177961
v -0.25423682 0.19601849 -0.44293636
v -0.25168350 0.25754791 -0.28152117
v 0.08734727 -0.27730915 -0.78910464
v 0.45673040 0.30582547 0.30101117
v 0.52571255 0.27347973 0.14297721
v 0.45669824 0.31083438 0.18921760
v -0.08228283 -0.11843307 0.48236832
v 0.12750587 0.39254990 0.30191490
v -0.34733966 -0.33752242 -0.64124686
v 0.30786288 -0.34065729 0.23229787
v 0.30039239 0.25935024 0.51433510
v 0.62399143 0.03928682 0.08722563
v -0.16838016 -0.03566401 -0.31090626
v -0.36924821 -0.08600006 0.48568526
v 0.04886702 0.18815915 0.48071873
v -0.30545092 -0.58485174 -0.60875940
v -0.04243957 -0.11456154 -0.66304672
v 0.29136303 0.20765559 0.47550863
v -0.30192780 -0.27435669 -0.54740244
v -0.53642809 0.05351290 -0.06703957
v -0.29652318 0.12833856 0.46227884
v 0.39014599 -0.05820229 0.51583183
v 0.43942058 0.30534160 -0.04546664
v -0.20766270 0.05458273 0.35008556
v 0.39548025 0.20194769 -0.23506200
v 0.15190661 0.24244829 -0.22809279
v 0.52600002 0.05096766 0.49918777
v -0.31292427 0.29924539 -0.28822848
v -0.34785405 0.35438588 -0.28223941
v 0.39216381 -0.23255894 0.46661627
v 0.59219319 0.16377074 0.02316273
v 0.40618113 0.33187670 -0.02744446
v -0.56331486 -0.00135352 -0.23316778
v 0.60131812 0.04238369 -0.04322182
v 0.15149584 0.10868024 0.48157209
v 0.07665826 -0.30626741 0.49356118
v 0.56895691 0.21596426 0.18312725
v -0.51630825 0.08678025 -0.12465698
v -0.51946414 -0.02885234 -0.15781842
v -0.16753021 -0.22384538 0.52167499
v -0.35670424 -0.11132706 0.52177447
v 0.03856280 -0.40252584 0.18318622
v 0.62409699 0.20289175 0.36314058
v 0.48954388 0.00693069 -0.21711926
v 0.63122660 -0.07513003 0.24608593
v -0.26409742 -0.00441590 0.38674322
v 0.60794717 0.14883614 0.08896744
v -0.36444721 -0.03768621 0.27336210
v 0.14159901 0.21515048 0.47643089
v -0.09887218 0.20868927 -0.18754196
v -0.56015778 0.24998026 -0.17935620
v 0.57628733 -0.15606059 0.02744112
v 0.45604578 -0.19900045 0.41125387
v -0.30799827 -0.19515559 -0.50963539
v -0.18174899 -0.17360626 0.29782486
v -0.52873480 0.13824238 -0.16149001
v -0.27019793 0.25321087 0.51572347
v -0.37888417 -0.14997070 -0.57437760
v -0.16032025 -0.16397600 0.34540197
v -0.16964212 0.00954398 -0.32857946
v 0.08148143 -0.25291783 -0.64240307
v 0.57460046 0.09210200 -0.09277442
v -0.22069335 0.21568461 -0.30812204
v 0.33848318 -0.17875509 -0.22606905
v 0.48320708 0.06063625 -0.22277449
v -0.26992422 0.25231591 -0.13590412
v -0.37871274 -0.21275257 0.04395158
v -0.31966817 -0.18909384 -0.15033172
v -0.31153381 -0.50129169 -0.58345479
v -0.32674786 -0.15769118 -0.19238687
v 0.34262243 0.36674550 0.30969766
v -0.46264601 0.19894813 -0.08634425
v -0.45747480 -0.08656988 -0.44850329
v -0.39505392 -0.23727813 -0.44488558
v 0.06576128 -0.26861125 -0.08388802
v -0.39770061 -0.41190684 -0.49135756
v -0.13374473 -0.07708384 -0.66015226
v -0.45222571 0.28822416 -0.44779021
v 0.16986118 0.03415864 0.48138034
v -0.24492313 0.24998082 -0.28107992
v 0.45437101 -0.01598912 0.51319754
v -0.33890757 -0.07307077 0.52434194
v 0.61121809 -0.01884417 -0.01745128
v -0.03124226 0.31303295 0.51257473
v 0.08789439 0.23602445 -0.21376760
v -0.11746924 -0.17050438 -0.62996614
v -0.20074189 -0.25763226 0.06913467
v 0.32451230 -0.21046904 -0.18390328
v 0.38680732 0.31974620 -0.07024904
v -0.54196864 0.13446485 -0.16974875
v -0.21787739 -0.01253372 0.52393389
v -0.01303917 -0.36132759 0.05477195
v 0.10047540 -0.00372930 -0.29638588
v -0.34840402 0.30757695 0.06471762
v -0.39076561 -0.52551568 -0.69068551
v -0.55553776 0.18949501 -0.31800118
v 0.32374945 -0.12000047 -0.27192122
v 0.40885568 -0.15798739 0.47228765
v 0.12371728 -0.26488522 0.52138919
v -0.15520839 0.00510737 -0.31011412
v -0.48566502 -0.08718884 -0.09464984
v -0.06208831 -0.16086678 0.48054335
v -0.23072760 0.06171682 0.41502136
v 0.31133235 -0.12903166 0.51277864
v -0.17543922 -0.01119313 -0.57607090
v -0.06330312 -0.03476870 -0.27945727
v -0.08150017 0.26295808 0.33806074
v -0.49061269 0.00359797 0.15445071
v 0.26389614 0.12494140 0.50603098
v -0.20104621 -0.07316031 0.52298534
v 0.00811542 -0.19551593 -0.75931174
v -0.17684376 -0.06218616 -0.30326536
v 0.17607191 -0.39370397 0.15057519
v -0.23095882 0.17756027 -0.36979106
v -0.43319952 0.12441207 -0.52717459
v 0.66774565 0.16394724 0.37025842
v 0.43946365 0.14060973 0.50101018
v -0.08259801 0.19056869 -0.21568732
v 0.49057889 -0.25145164 0.14637373
v 0.37302598 -0.29215243 0.37566999
v 0.07924893 -0.10033447 -0.26398078
v 0.42609346 0.05888538 0.50431526
v -0.08527202 -0.15304489 -0.52352822
v -0.55964983 0.08496513 -0.45030048
v -0.49419960 -0.03979407 0.13942091
v -0.39097020 0.12144952 0.24359687
v -0.06924901 -0.26964244 0.13971607
v 0.55914539 -0.13428937 -0.05663142
v -0.33580777 0.29794422 -0.33185935
v 0.01920833 -0.38970816 0.19596827
v 0.00885237 -0.03617088 0.48310220
v -0.30886427 -0.15445940 -0.47029880
v 0.62081689 -0.08885798 0.26634371
v -0.10485445 0.14429164 -0.25467673
v -0.24519758 0.15408434 0.28903753
v 0.26909041 -0.36729276 0.14180931
v 0.04230900 -0.11190378 -0.25313327
v 0.47457141 -0.17920333 0.39806944
v -0.54669034 -0.01799019 -0.33585280
v 0.66958886 -0.09855635 0.27939916
v -0.17938797 0.25400156 0.25470990
v -0.02689666 -0.32961911 0.21212123
v -0.56010234 0.09509162 -0.44847727
v 0.52223539 -0.16715850 -0.08485859
v -0.21913335 0.16750649 0.34242281
v -0.02558093 -0.21780182 -0.16270317
v -0.11508454 -0.08606618 -0.67325360
v 0.17410111 0.36451489 -0.03976733
v 0.62536699 -0.03352544 0.17685977
v 0.41420090 -0.27529049 0.02353434
v 0.53120685 -0.14220019 0.34169653
v 0.71111310 -0.02105824 0.20330369
v -0.08511005 -0.25540987 -0.06937711
v 0.05181070 -0.25953752 -0.75835729
v -0.37387371 -0.26094621 -0.44177681
v 0.60695225 0.14431475 0.20257978
v 0.25921547 -0.26609752 -0.05060823
v -0.51763028 0.09794715 -0.13803929
v 0.35401845 -0.28673589 -0.00195276
v -0.18305621 -0.15044831 0.38472587
v -0.30142981 -0.29603767 -0.55054355
v -0.07740722 -0.14967011 0.48200011
v -0.49222323 -0.03611575 -0.45435229
v -0.47331709 -0.12629855 -0.04218942
v -0.05690958 -0.04602839 -0.27410337
v 0.22784869 -0.03609270 0.49468482
v -0.20199123 -0.09027617 -0.61216599
v 0.14724180 0.35609499 0.45495573
v 0.40473014 0.34451655 0.30648461
v -0.50912422 -0.02518864 -0.10874827
v -0.00740294 0.39341703 0.48868445
v -0.55773801 0.09380545 -0.39379007
v 0.01340006 0.30129346 -0.07376449
v -0.02562675 -0.29456913 0.52351135
v -0.34130156 -0.20463088 0.17144017
v 0.09332787 0.41454303 0.14715245
v 0.49226972 0.27871999 0.29626507
v 0.61369437 -0.07679417 0.12221281
v -0.06686406 -0.21617715 0.23024035
v -0.42092264 -0.26316106 -0.48280755
v 0.48276284 -0.07649529 -0.20446074
v 0.46158075 -0.10638438 -0.20635836
v 0.57875293 0.19119617 0.23009273
v -0.45113155 -0.12549108 0.14308473
v -0.19281845 0.16422278 0.52081549
v -0.08537592 -0.06930507 -0.66747105
v 0.58546036 -0.08306869 0.43916008
v -0.00392658 -0.13670896 -0.74124110
v 0.58958447 0.05122248 -0.07025775
v -0.36826262 -0.46339914 -0.49390945
v 0.44481918 0.22508852 -0.16829138
v -0.05494181 -0.07323706 -0.57099766
v -0.43213779 0.25774613 0.01889453
v 0.18790087 -0.05138199 0.47856337
v 0.48724508 0.19594727 -0.16843401
v 0.36970836 0.24976745 -0.17587824
v -0.09825256 0.29548544 -0.02644988
v 0.46168426 -0.20647880 -0.08887075
v -0.15979294 -0.25663716 -0.04215063
v -0.32787171 0.28314865 -0.16663657
v -0.14162666 -0.01159532 -0.29911551
v -0.31976056 -0.41115990 -0.62697262
v 0.59362984 -0.05779131 -0.05062161
v -0.21477160 -0.10432781 -0.57100767
v 0.23421818 0.29291779 0.51410240
v -0.03335888 -0.35468325 0.10667758
v -0.11578182 -0.21977068 0.19366346
v 0.12309143 -0.08217281 0.47973165
v -0.00140293 0.25563425 0.33609083
v 0.00021126 0.27542087 0.23862378
v 0.59658808 -0.03819835 -0.05047726
v 0.44233435 0.22597456 -0.16878362
v -0.53494525 -0.00921837 0.03284433
v -0.45315024 -0.39209497 -0.64279842
v 0.44214886 -0.21898346 -0.08248550
v 0.02607538 0.37251320 0.51075292
v 0.41353273 -0.22151063 0.43975142
v 0.72730356 0.12831655 0.24433269
v 0.31382066 0.31433868 0.50447363
v 0.02711668 0.33456907 0.38376135
v 0.16809967 0.22401050 -0.25094587
v -0.06357031 -0.29138488 0.41423514
v 0.53344059 -0.17755704 0.29989591
v -0.18465790 0.01661145 -0.48037270
v 0.01503429 -0.26812693 -0.09176975
v -0.09472927 -0.15177882 0.48470563
v 0.39758334 0.32451507 0.36235002
v 0.58910590 -0.00425336 0.47169769
v 0.34387788 -0.27356216 -0.02335450
v -0.29712373 0.00103790 0.41161501
v 0.15779306 0.30615327 -0.11181052
v 0.29685116 0.13513230 0.51313365
v -0.01133512 0.37866077 0.44396591
v -0.36966544 -0.21952838 0.08648045
v 0.49907771 -0.13931152 -0.14851350
v 0.35269451 -0.31984994 0.31116879
v 0.50994217 -0.23507044 0.12321019
v -0.31246004 -0.17383333 -0.51317137
v -0.53147626 0.21351004 -0.43307179
v -0.02615562 0.30999514 0.10281378
v -0.13920473 0.25889045 -0.13057540
v 0.02199867 0.30940762 0.37545300
v 0.57401633 0.12263966 -0.08198322
v -0.46613371 -0.11826142 -0.08397819
v -0.37329325 -0.46670529 -0.70184773
v -0.25739089 0.16498157 0.28118476
v -0.19420546 0.22799985 0.31893018
v 0.45289278 -0.26638740 0.26827756
v 0.18408482 -0.35974407 -0.00104952
v -0.29520234 0.27493802 0.41838828
v -0.33027160 -0.54121888 -0.54885453
v -0.25686333 0.29591215 0.41483819
v -0.07288745 -0.05079742 -0.52443373
v -0.02560810 -0.31541809 0.03572719
v -0.43111899 0.04228072 0.22582541
v 0.25409898 -0.36457768 0.20311591
v -0.35734871 -0.51389349 -0.52230513
v -0.57251221 0.27500838 -0.21938464
v 0.35026303 -0.00116039 -0.30399093
v 0.06102923 -0.23536567 -0.15340653
v -0.40391392 -0.33243960 -0.54477233
v 0.47575477 0.24683461 -0.10931749
v 0.07291932 -0.24982776 -0.64435351
v -0.43247598 -0.11914930 -0.40271086
v -0.54431492 0.04925540 0.02322404
v -0.33621156 0.26327452 -0.46520329
v -0.01637377 0.22651052 -0.17197765
v 0.01654320 -0.12360606 -0.24236616
v -0.37945935 0.27472880 -0.13394955
v 0.07821032 0.27131891 -0.15576278
v -0.33546785 -0.14722355 -0.23314883
v 0.06199867 -0.29224661 0.52103740
v -0.02257988 -0.14244886 -0.65739369
v -0.02437960 -0.14371273 -0.23014253
v 0.10102475 0.29903644 -0.10226036
v -0.47146273 0.28543004 -0.13663572
v -0.43852651 -0.11903468 -0.13084279
v 0.25674719 0.39930519 0.00593388
v 0.04620892 -0.39483240 0.06228838
v 0.04625196 0.38064650 0.01636896
v -0.14881939 -0.25820887 -0.02886360
v 0.17635943 -0.28487858 -0.04608021
v 0.22087157 -0.36550406 0.22862771
v -0.32360160 -0.27055141 -0.59378719
v 0.15280771 -0.29002050 0.49410409
v -0.12535022 -0.23984881 0.42131165
v -0.07809928 0.17812853 -0.22779480
v -0.30151483 0.17918944 0.51743507
v 0.35310557 -0.27391681 -0.01908599
v 0.12543242 0.30287281 -0.09181459
v -0.56118894 0.25973392 -0.18181656
v -0.51238835 -0.06539136 0.00235838
v 0.24461526 -0.30560341 -0.02928033
v -0.27362314 0.29971558 0.51477134
v -0.33243129 0.08359082 0.29221961
v 0.53965378 -0.18885936 0.01505954
v 0.29100862 0.40166694 0.03724926
v -0.51863188 0.07649115 -0.10758802
v 0.06740398 0.38675311 0.22180155
v 0.59556723 0.17130320 0.14755787
v -0.01999860 -0.15151708 -0.22468732
v 0.39652142 0.32702634 0.35961843
v -0.27904814 0.01750951 0.31253615
v -0.38666144 -0.07274988 0.50569010
v 0.15230380 0.35403910 0.48626760
v -0.52860188 -0.03664331 0.05272267
v 0.16344230 0.42635477 0.10951262
v -0.19012319 0.23352018 0.31503478
v -0.46317095 0.04989813 -0.52247870
v -0.37400946 -0.49770951 -0.51907450
v -0.03828708 -0.19026174 -0.57023537
v -0.30606994 0.23697457 -0.38520691
v 0.37462333 0.37050542 0.08420528
v -0.00858186 0.13318725 0.48728913
v -0.20838007 0.16042814 0.51990342
v 0.15215269 0.35457489 0.46116909
v -0.37539709 -0.27176517 -0.44518134
v -0.03227202 0.24819492 0.31264490
v 0.48948118 0.02771171 -0.21792801
v 0.33912417 -0.13431264 -0.25625893
v -0.06795781 -0.33109543 0.48327035
v 0.02681354 -0.16989137 -0.73651350
v -0.53527546 0.12498540 0.00340476
v -0.13996401 0.21366556 0.51527643
v 0.23876855 -0.21123992 0.51325160
v 0.36562851 0.34817326 0.33339888
v 0.09078792 -0.19283922 -0.57876772
v -0.39702836 -0.48700237 -0.72597116
v -0.32730147 0.18726037 0.44878578
v 0.47616884 0.10493016 0.50162715
v 0.12273912 0.23712979 -0.22736672
v 0.36091587 -0.14542030 0.51428145
v -0.57153732 0.10742523 -0.18997790
v 0.41719517 0.23026802 0.49184147
v 0.44438061 0.18871047 0.48174614
v 0.39533678 -0.07175910 -0.26799244
v 0.62273777 0.09108086 0.10636895
v -0.25686100 0.11115680 0.52183264
v -0.11015026 0.29747587 0.15088177
v -0.50189835 0.24399702 -0.44989505
v -0.27502885 0.19756390 -0.50681490
v -0.17107458 0.29646233 0.14592898
v 0.55337733 0.04453834 -0.13819635
v 0.20145336 0.43010536 0.19241285
v -0.16500409 0.28947595 -0.06949202
v -0.27239859 -0.11797376 0.42615283
v 0.40721270 -0.28590015 0.36876804
v -0.07571865 0.30917618 0.42438120
v 0.03436132 0.30785623 0.32368889
v -0.52021176 -0.03487183 -0.04557148
v -0.37890589 0.23313692 0.18854906
v -0.32472336 -0.41740379 -0.52024323
v 0.04597378 -0.07551774 -0.26634955
v -0.29216608 -0.21242997 -0.12647732
v 0.49223295 -0.21580058 0.31111684
v 0.54804212 -0.19116290 0.13044292
v 0.25440541 0.20659445 -0.26792806
v -0.27734116 -0.12894787 -0.32480124
v 0.26842338 0.09347057 0.51671475
v 0.03866760 0.33055738 -0.01126533
v 0.59264433 0.17267910 0.20423032
v -0.07794069 0.29974210 0.05633693
v -0.00125435 0.33019361 0.15307851
v 0.46043739 0.25311601 0.40382904
v -0.00690797 -0.38598377 0.12655607
v 0.17180730 0.42045426 0.06675327
v -0.54324389 0.20587511 -0.38389996
v -0.19921900 0.20116083 -0.28603533
v -0.26846227 0.14219368 0.42943677
v 0.29389575 -0.27359423 0.46396500
v 0.11874499 -0.06061018 0.48117447
v 0.18595780 -0.30438721 0.43086728
v 0.26251394 0.32280606 0.44778356
v -0.34262055 -0.22699967 -0.59482890
v 0.53100258 0.24238892 0.31103340
v 0.44274449 -0.24756511 -0.02717374
v -0.44745511 0.21897165 -0.49582726
v 0.17285082 0.41939408 0.07926265
v 0.05948529 -0.27108046 -0.72627121
v -0.29812145 -0.12514676 -0.38644779
v 0.23752302 -0.12171575 -0.27740347
v -0.24088503 0.01716813 0.33678153
v -0.02514482 0.15085264 -0.23136303
v 0.19601648 0.28553376 -0.16843012
v -0.37216824 0.27925426 -0.13789119
v 0.58960670 -0.11935101 0.21453525
v -0.45466492 0.36823562 -0.23871703
v -0.35605437 0.15691720 0.25133383
v -0.04029396 0.27669173 0.18219791
v -0.03965480 0.26070487 -0.12331826
v -0.50741500 -0.05411609 -0.07626623
v 0.73514855 -0.03587468 0.27823001
v -0.36171299 0.22389539 -0.50458753
v 0.62085831 0.07463706 0.07979156
v -0.45980540 -0.05751147 -0.49303588
v 0.52454275 -0.13364464 -0.11694515
v 0.35597044 0.07103907 -0.30104017
v -0.10724806 -0.16953503 -0.65465140
v 0.10514385 -0.21432386 -0.17951295
v 0.22156020 -0.04200096 0.48491839
v -0.45023644 -0.37316385 -0.61856550
v 0.27165890 0.20976925 -0.26460284
v -0.47365272 -0.11145160 0.11238924
v -0.33027455 0.21641389 0.23066393
v 0.50189281 -0.22245945 0.00789718
v -0.23433067 0.08791762 0.43432286
v -0.32907024 0.28064108 -0.34224072
v 0.58683252 0.07926001 0.46909586
v 0.39694571 -0.17749819 -0.19318821
v 0.51041907 -0.18759194 -0.06287346
v 0.08484179 -0.20847888 0.48024556
v 0.63962072 0.18207942 0.38136053
v -0.48455447 -0.06385121 -0.39852396
v 0.03921361 -0.13694102 0.48089421
v 0.46467805 -0.21609321 0.39516592
v 0.71645021 -0.04811389 0.33039212
v -0.03699882 -0.31497443 0.42837504
v 0.53218830 -0.15732217 -0.08327423
v -0.02911272 -0.18636504 -0.72927439
v -0.40673572 -0.26233098 -0.46591079
v -0.48986700 -0.10940848 -0.02860205
v -0.22019914 0.08791916 -0.45793602
v 0.29058084 -0.29187426 -0.02531640
v 0.02550371 0.37883705 0.41534939
v 0.58071297 -0.12466871 0.24360651
v 0.16379067 0.00798352 0.48107028
v -0.55331194 0.03443817 -0.34302697
v -0.12516822 0.29756895 0.09662441
v 0.05923858 -0.18119580 -0.56766486
v 0.30543098 0.27200907 -0.15662089
v 0.09340698 -0.25068966 -0.77260435
v -0.53647256 0.00340491 -0.03835580
v 0.02379180 -0.27518302 0.52284473
v 0.28612369 0.40676311 0.27449453
v -0.20975651 -0.20058656 0.20435148
v 0.27088729 -0.19443619 -0.21945478
v -0.35995927 -0.49193823 -0.50744957
v 0.05802341 -0.38930294 0.04138822
v -0.47947469 0.29899952 -0.41836709
v 0.34464833 -0.26158407 -0.06431872
v -0.43450612 -0.12692592 -0.20272203
v -0.03808960 0.17917372 -0.21619087
v 0.36863288 -0.17850265 -0.20934340
v 0.56222099 -0.12078604 0.33108491
v -0.14732960 0.26811484 0.33019134
v -0.50916934 -0.07496920 0.03392908
v 0.04207919 0.31652832 0.51260054
v 0.35037318 0.39196372 0.17881037
v -0.17789882 -0.19436228 0.24114099
v -0.19502342 -0.11196586 -0.49738821
v 0.16868059 -0.29358324 0.46826187
v 0.00416158 -0.23306626 -0.70465779
v 0.23792323 0.41169122 0.03830471
v 0.22769281 0.11869410 -0.31129611
v 0.40122423 0.37085646 0.15733190
v -0.00940873 -0.25204766 0.51792365
v 0.28745878 0.21696538 -0.25772321
v 0.12036267 0.40788522 0.19080734
v -0.21317612 0.15688854 0.51978284
v 0.59325862 0.17505747 0.18953753
v -0.33242616 -0.06727507 -0.51109451
v -0.42987311 -0.23542106 -0.52705497
v 0.37911466 0.36577734 0.23050366
v -0.09455541 -0.07170261 -0.58232212
v 0.37019247 0.01785659 -0.29655227
v 0.61306220 -0.08090117 0.13096024
v -0.48355258 -0.09525220 -0.08842320
v -0.26782796 -0.12457898 -0.32609379
v -0.30865535 -0.16281883 -0.47151142
v -0.03768637 -0.11025488 -0.24741648
v -0.10837827 -0.16780938 0.31440139
v 0.38455129 0.32500705 0.36663476
v 0.05093681 0.37747779 0.50763321
v 0.73010969 -0.00770266 0.33941561
v -0.55921549 0.07936781 -0.46533942
v 0.06253579 -0.06221128 0.48204824
v -0.53039742 0.02534658 0.07141270
v -0.08048899 0.21340910 -0.17719129
v 0.48168263 -0.22289902 0.32148826
v 0.39115778 0.27875143 0.49721354
v -0.28381810 0.22609963 -0.41530320
v -0.22831567 0.23989932 -0.23187456
v -0.53798693 0.23577516 -0.40170607
v -0.02310980 0.28702977 0.37437913
v -0.39578336 -0.37530527 -0.52444440
v 0.01390586 0.28244674 0.28765038
v -0.55723429 0.05712267 -0.34089896
v -0.41396770 -0.14019148 0.18032105
v 0.02673995 0.22907332 -0.18823460
v 0.42109129 0.24275844 -0.15633076
v 0.05435110 -0.12382035 -0.58235794
v -0.42327392 -0.13960612 -0.27755040
v -0.18967985 -0.12792602 -0.54002857
v 0.21517985 0.33017200 0.43692368
v -0.31628761 -0.51587415 -0.56944382
v -0.33165362 -0.40314704 -0.64212620
v 0.21370429 -0.36797720 0.26685947
v -0.11195773 -0.04744377 -0.55843443
v 0.07097486 -0.17368135 -0.56564897
v 0.06430580 -0.05585596 0.48213696
v 0.17692696 -0.23798256 0.51977831
v 0.50185776 -0.11034877 -0.16776352
v -0.09836125 0.23962842 0.51567316
v 0.10490713 0.10225190 0.48284203
v 0.60117710 -0.04023747 -0.03572973
v -0.43776286 0.10568036 0.21041463
v 0.46071061 -0.27004275 0.21687593
v -0.19913225 -0.21804674 -0.15893455
v -0.00365792 -0.11209224 -0.24547228
v -0.52429748 -0.04706271 0.05723414
v 0.48611501 0.22600804 -0.12957692
v -0.26568255 -0.23169339 -0.07956741
v 0.22444598 -0.24460299 -0.13932545
v -0.51293683 0.27539587 -0.14580835
v 0.02742073 -0.31372362 0.37524641
v 0.53632677 0.09542039 -0.15780069
v -0.30701780 -0.24525946 -0.49772447
v 0.12523580 -0.24674715 -0.67797118
v 0.29474944 0.39283675 0.02372715
v 0.03330594 -0.27158329 0.52265161
v -0.51558155 0.01072813 0.09963118
v -0.06177799 -0.21440217 0.24629582
v 0.55451769 -0.19380064 0.04965030
v -0.32085195 -0.13311163 -0.40078893
v -0.54213619 0.04810778 0.03810756
v 0.54467279 0.20350939 0.33900517
v -0.04448394 -0.18175921 0.35861072
v 0.32916328 0.18188961 0.50804698
v 0.46183223 -0.04016034 -0.23225294
v 0.53542721 0.15258458 -0.13930091
v 0.45585626 -0.26737970 0.06023525
v -0.28849638 -0.02677407 0.30309486
v 0.00022519 -0.24098413 0.50808406
v 0.18265656 -0.01285728 -0.31187236
v -0.17786594 0.18388501 -0.21252120
v -0.16588646 -0.25953183 -0.01220378
v -0.09989884 -0.04671493 -0.28883642
v -0.55296415 0.22208428 -0.31326327
v -0.41976640 0.04877050 0.23531255
v -0.36424220 0.30431682 -0.14792374
v -0.05965661 0.12040246 0.51985461
v 0.11131104 -0.36224252 0.33578223
v 0.60328597 -0.10191161 0.14252262
v 0.26064008 -0.24444455 -0.12336577
v -0.29043752 0.06437827 0.44789892
v 0.26815367 -0.24703133 -0.10800797
v -0.19830641 0.29270384 -0.06151331
v 0.38302669 0.16026641 0.51170617
v -0.51378661 0.18178120 -0.15674525
v 0.62943327 0.06168535 0.16625762
v 0.33661875 0.23433158 -0.21936463
v 0.24898587 -0.05611377 0.50612932
v -0.42307338 -0.42128688 -0.62900233
v -0.38222727 -0.47901484 -0.61373878
v 0.19428279 0.34114444 0.41323254
v -0.25860339 0.27149323 -0.24375361
v 0.12890121 -0.40022457 0.16025798
v 0.19325918 0.26527449 -0.20558226
v 0.74519223 0.07081507 0.22568588
v 0.05099433 -0.04086708 -0.27761683
v 0.64499140 0.19611701 0.34191051
v 0.04961743 -0.29345915 0.52162057
v -0.31794161 0.25779259 -0.35603765
v 0.08436230 0.21850464 -0.22853084
v 0.32199645 -0.33960530 0.06988197
v -0.42859709 0.23533040 -0.10750858
v 0.36932674 0.36737883 0.24738650
v 0.41898265 -0.20484348 -0.11671487
v 0.39676964 -0.25673079 0.43595251
v -0.27864811 0.28026667 -0.26681510
v -0.22995289 0.12126087 -0.48521808
v -0.43646517 -0.08201350 -0.50658649
v 0.08821561 -0.20535073 0.47977918
v 0.14535564 -0.28795296 -0.04213865
v 0.40930155 -0.30066702 0.30834025
v -0.31824505 -0.39955860 -0.62218201
v -0.30318227 -0.30967394 -0.52968794
v 0.33600011 -0.26819053 -0.03918298
v -0.50124097 0.35316908 -0.25738502
v -0.35386288 -0.24638577 -0.61135066
v 0.57609749 0.07160698 -0.09553000
v 0.41701108 0.35632139 0.17628451
v 0.29302472 0.33366871 0.42266560
v -0.54186684 0.31974831 -0.19861405
v -0.18311122 0.25437331 0.37997898
v 0.62780184 0.01273879 0.12855485
v 0.03069028 -0.40023291 0.09577403
v 0.13463232 -0.38303858 0.25925210
v -0.32576045 0.26363191 0.45865050
v -0.33875877 -0.28407273 -0.45416170
v 0.58710349 0.18771487 0.17651844
v 0.42178136 -0.29431796 0.25951734
v 0.12375967 -0.32145116 -0.72111195
v 0.59061521 0.18230312 0.12505090
v -0.46323851 -0.14905493 0.02179666
v 0.06971245 -0.18779621 -0.57353348
v 0.46267629 0.31283477 0.00370322
v 0.62686020 -0.01646111 0.15454300
v 0.07817150 -0.37880465 0.28707510
v -0.15153858 -0.27939206 0.50065917
v -0.55589056 0.12309396 -0.33968845
v 0.07071099 0.42179275 0.07789979
v -0.31869072 0.21557881 -0.50775534
v -0.41992030 -0.35166395 -0.58268279
v 0.28185368 -0.35078138 0.23157170
v -0.13705367 -0.20527503 -0.17938541
v 0.32796484 0.10948233 0.51315016
v 0.45586720 0.31046155 0.27068248
v -0.23703107 -0.05621244 -0.58236849
v -0.19574252 -0.02311558 -0.41787314
v 0.14039345 0.19247413 0.47828695
v -0.20499836 0.20165403 -0.30011180
v -0.49266356 -0.06718198 0.10673642
v 0.39253569 -0.06977459 -0.27041438
v 0.31513411 -0.35020700 0.16727060
v -0.34134698 0.10592268 0.28268823
v 0.27287310 0.32222509 0.50255626
v -0.09191535 -0.17895478 -0.56394494
v -0.13156588 -0.23603737 0.42589486
v -0.41306412 0.37903097 -0.31568876
v 0.33534825 0.34851047 -0.02656895
v -0.30259013 -0.27101851 -0.55139178
v 0.62320250 0.04400437 0.08153989
v 0.30504656 0.40954831 0.14626496
v 0.34178203 -0.33893979 0.18599956
v 0.66220713 -0.09869429 0.36205673
v 0.63408732 -0.01930067 0.18863313
v -0.32740062 0.27792835 0.15965658
v -0.20288415 -0.15009560 0.41895750
v 0.32733470 -0.12942716 -0.26348335
v 0.03925335 0.35682663 0.21721478
v -0.41950551 -0.19180515 0.01150618
v 0.51284307 -0.21440080 0.27912623
v -0.43559933 0.24058667 -0.48777017
v 0.15237945 0.42786610 0.13485901
v 0.28867760 -0.36512244 0.15380302
v 0.45516169 0.00836080 -0.24631576
v -0.57085818 0.04758896 -0.30482551
v 0.14500116 -0.21452045 -0.17963088
v 0.33567417 -0.28375900 -0.01687039
v 0.51573372 0.18996631 -0.12905018
v 0.42470610 -0.16203819 -0.19112894
v 0.20975401 0.07274293 0.48852137
v 0.26434609 -0.05815867 0.51549965
v 0.17893352 0.42009282 0.09541997
v 0.60614258 -0.09953570 0.05464093
v -0.34778792 -0.27434459 -0.44731835
v 0.08486126 0.34395957 -0.02831781
v 0.20380376 -0.29240319 0.43714604
v 0.52857155 0.26774371 0.16074382
v 0.62157094 -0.01821160 0.04410678
v 0.40009469 0.18471602 -0.24581227
v -0.50334603 -0.06182422 -0.08017276
v -0.56674904 0.28583744 -0.25446418
v -0.01804544 -0.32180157 0.25272268
v -0.25177941 -0.09929886 -0.38973492
v -0.26208544 -0.22396278 -0.12482850
v 0.05973053 -0.20568934 -0.78718776
v -0.12128288 -0.25419754 -0.06002182
v -0.23366429 0.14254406 -0.47505927
v -0.13252428 -0.13941568 0.51920211
v 0.52802080 0.01537159 -0.17315726
v 0.43484101 -0.25030875 -0.02781952
v 0.51477647 -0.04948949 0.49150085
v 0.64889294 -0.08873414 0.39401111
v 0.14974751 0.42402151 0.07758246
v 0.27989867 -0.36195818 0.10364668
v -0.00769598 0.19563240 -0.20725590
v 0.63678432 -0.10502335 0.38515520
v 0.44644085 0.26178062 -0.11040974
v -0.51971686 -0.08300306 -0.27162841
v -0.22731535 -0.22481175 -0.14334264
v -0.54348212 0.20847659 -0.38332623
v 0.62811083 -0.04554074 0.21283753
v 0.63239950 -0.00514505 0.44763508
v -0.24489382 -0.25633091 -0.02073459
v -0.14759864 0.28646258 0.42096126
v 0.43550155 -0.25377983 -0.00963485
v -0.57499689 0.09310178 -0.30939764
v 0.39375317 0.28247926 0.49187151
v -0.06713057 -0.30162239 0.52320772
v 0.28949249 0.16794926 -0.29285896
v -0.10176568 0.28884351 0.21732235
v -0.44252139 0.16724674 0.17665865
v 0.46222949 0.24311168 0.42576730
v 0.31916070 0.31625158 0.42596477
v -0.22763628 -0.23293442 0.15502077
v 0.17148913 0.10102272 -0.30970687
v 0.38464341 0.09573661 -0.28572881
v -0.27624497 -0.16114861 0.52277428
v 0.44701174 0.33739504 0.08614535
v 0.39289391 0.34427211 0.33041885
v -0.33596215 -0.22572385 -0.58705992
v 0.46168932 -0.04274520 0.50789851
v -0.43653554 -0.17605169 -0.53005862
v -0.08210959 -0.06838991 -0.64345586
v 0.29796401 -0.07597630 -0.30127940
v 0.25317568 0.39075676 0.34010834
v 0.72039670 -0.05375232 0.25404418
v -0.05682498 -0.32884455 0.45996666
v -0.01454784 0.25276905 0.27543673
v 0.37430575 0.36254695 0.04906743
v -0.58176500 0.06165379 -0.23082630
v 0.56053787 0.22700942 0.19560376
v -0.35431039 -0.37841222 -0.65717870
v -0.49359411 0.13151608 0.11641078
v -0.36466765 -0.04893305 0.44013539
v 0.08188698 -0.38584873 0.02815732
v -0.11056777 -0.03294331 -0.50740618
v 0.21154983 -0.35151029 -0.00646515
v -0.26571611 -0.11587468 -0.35910860
v -0.28585106 0.14725284 0.51844913
v -0.52952540 0.32248816 -0.29814702
v 0.30196586 -0.35476276 0.11478864
v 0.49434674 -0.18810014 -0.08771999
v -0.01828710 -0.21739885 -0.70308220
v -0.32283902 -0.55135947 -0.71943545
v -0.58415961 0.10018659 -0.22657157
v 0.17787741 -0.21368420 -0.18329853
v -0.30113932 -0.23497580 0.02550310
v 0.54609698 -0.18348517 0.24638113
v -0.26234248 0.29951689 -0.05160556
v 0.08304248 0.01175738 0.48289111
v -0.12062601 -0.24762109 0.10758378
v 0.04448937 -0.28341866 -0.02613045
v 0.29647815 -0.34716162 0.03607539
v 0.43039644 -0.28054276 0.34534851
v -0.23162739 -0.14585721 0.28858659
v -0.24713497 0.00890205 0.35834882
v 0.41029391 -0.03253575 0.51625258
v -0.29346865 -0.21219119 -0.12585352
v -0.24447802 0.08405490 -0.51376158
v -0.46972424 0.09001632 0.17170939
v 0.14818583 0.09899378 -0.30585432
v -0.08616477 0.01660765 -0.28880292
v 0.08468390 0.12289228 0.48252183
v 0.22021575 0.35139504 0.40631750
v -0.54223281 -0.01006127 -0.35143614
v 0.13439706 0.17631188 0.47934452
v -0.41702142 -0.18732315 0.10374831
v 0.05179389 0.30108395 -0.07897224
v 0.24826126 -0.14440605 0.47444430
v -0.10581130 0.16634151 -0.24118596
v -0.10523047 -0.05808724 -0.47973368
v -0.43807122 -0.13329954 -0.28500977
v -0.52554691 -0.05221402 -0.19360098
v 0.04544269 0.19658324 -0.22942232
v 0.68551672 -0.09650296 0.29475671
v -0.55712456 0.05863807 -0.16251288
v 0.56931835 -0.13505115 0.26888081
v -0.11358048 -0.20044813 0.23544344
v -0.55929452 0.07716893 -0.33947337
v -0.38223845 0.27708152 0.10841342
v 0.12456754 -0.29827973 0.45834348
v 0.54365724 -0.03296876 -0.14877973
v -0.43495789 -0.15877905 -0.52059042
v 0.48002774 0.21052665 -0.16025734
v -0.28636917 0.10979495 0.29752076
v -0.10687439 0.29832253 0.14098719
v -0.40959197 0.05444837 0.24570701
v -0.33380085 0.05186213 -0.53186202
v -0.37516806 -0.11743912 0.22002487
v -0.53576010 0.02663468 -0.14898363
v 0.49963340 0.05683626 -0.20713300
v -0.04637615 -0.10619950 -0.50777704
v 0.29315975 -0.32846063 0.35879749
v -0.30191860 -0.34312800 -0.54497498
v -0.39696023 0.20732296 0.19645251
v 0.56641924 0.08351670 0.47695324
v -0.31669715 -0.23561360 0.08039268
v 0.50143176 0.07802495 0.50181985
v 0.02120904 0.22968969 -0.18220526
v -0.16460815 -0.25563660 -0.06352058
v 0.40911794 -0.28543928 0.36810124
v 0.44834739 0.26265714 0.38881412
v -0.17602225 -0.20897062 -0.17109086
v -0.11050285 0.01289125 -0.29425475
v 0.53456330 -0.22051187 0.10221706
v 0.27612606 -0.31367984 0.39911568
v 0.41697568 -0.25778985 -0.03264293
v -0.17808878 -0.21090677 0.51799065
v -0.37814254 -0.31329590 -0.45601991
v -0.33166099 -0.24829386 -0.59360164
v 0.22008564 0.39646038 0.36171415
v 0.54980725 -0.15051211 -0.05310972
v 0.39005879 -0.24668360 -0.07638749
v 0.61183780 -0.07130882 0.02489966
v 0.58656329 0.11300211 0.46085861
v -0.47041303 -0.09848358 0.13506679
v 0.15989292 0.12015171 0.48117709
v -0.05250262 0.18914975 0.50234532
v -0.35258690 -0.20365116 -0.59056860
v -0.04164711 -0.28723574 0.22145335
v 0.67427236 0.11433636 0.19326368
v 0.25498053 -0.18175741 0.48237556
v 0.47031450 -0.00438820 -0.23327315
v -0.47085980 0.38175058 -0.29049140
v 0.56212759 -0.17902690 0.12017865
v 0.16265221 -0.17390965 0.47652256
v 0.57113081 0.16965613 -0.04142379
v 0.38580304 -0.30152744 0.35980350
v -0.01524122 -0.32538566 0.46820566
v 0.73968834 0.06285486 0.33007097
v -0.42051762 -0.12306216 -0.15940669
v -0.27064541 0.08139554 0.52209651
v 0.57862049 0.17768463 -0.00843330
v 0.03658780 0.03364374 0.48397520
v 0.11033461 -0.35413635 0.35275978
v 0.29767513 0.41360271 0.16623735
v 0.16170318 0.35138315 0.48328748
v 0.56453830 -0.02195143 -0.11915619
v -0.16391324 0.28810775 -0.07643086
v -0.25143963 0.02538048 -0.53170973
v 0.39190584 0.19403037 -0.24163505
v 0.59896541 0.17608084 0.41990420
v 0.06817358 0.27283248 -0.15058826
v 0.54102612 0.24943040 0.21573295
v -0.36470830 -0.20396425 0.15287444
v -0.12350794 -0.22554453 0.52246273
v 0.36413825 -0.16369940 -0.22641616
v -0.23097245 0.02916031 0.34227088
v -0.00781433 -0.37310141 0.18721072
v -0.09974989 0.16592787 0.51797384
v -0.14957501 -0.16303343 0.38307256
v 0.17597426 -0.32951355 0.40377358
v -0.20782168 0.32042655 0.50737733
v -0.25717002 0.28610542 0.17575546
v -0.05343625 0.32044348 0.51189315
v 0.68487322 -0.08603720 0.34931126
v 0.25039077 0.18484960 -0.28217161
v 0.59765172 -0.08405551 0.25330862
v 0.07282847 -0.22179754 -0.78302705
v -0.11731219 -0.16958269 0.38906956
v -0.36527953 0.29317066 0.02473411
v 0.42499092 0.33830044 0.01388654
v -0.31749877 0.14927959 0.46486181
v 0.34506318 0.32826877 -0.07388052
v 0.49599239 -0.11674000 0.43592876
v -0.04502084 -0.06384023 -0.56525844
v 0.06926221 0.14167531 0.48235303
v -0.55812669 0.07489301 -0.43924853
v 0.15322265 -0.38605365 0.04243634
v -0.20807543 0.30640572 -0.02939138
v 0.53434354 0.03275992 -0.16492984
v -0.04396520 -0.10388209 -0.67650044
v -0.40818942 -0.17806390 -0.58349675
v 0.11926476 -0.40139803 0.06252320
v 0.01670660 0.26332337 -0.14252555
v -0.40745565 -0.30790633 -0.51237208
v 0.43084225 -0.08353031 0.49652934
v 0.44422463 0.31214410 0.23284692
v 0.17936827 -0.06550597 0.47902390
v -0.47758082 0.30652520 -0.41204414
v 0.74832261 0.00303873 0.26256037
v -0.56290650 0.27574220 -0.27721164
v -0.16966467 -0.00219053 -0.53577375
v -0.30515385 -0.22891557 -0.06968483
v 0.35304159 0.32976156 0.38075083
v -0.00539559 0.32973728 0.03248440
v -0.05796537 0.34566662 0.50735688
v -0.34955499 -0.35245004 -0.46708584
v 0.19122393 -0.00084018 -0.31403926
v -0.02991301 -0.00821087 -0.26990691
v 0.54169685 0.13398440 0.47218287
v -0.26259592 -0.13227379 -0.26567352
v -0.18309103 0.06650642 -0.35483387
v -0.30421281 0.25166544 -0.13723265
v 0.60087079 0.02687509 -0.04853993
v -0.19466619 -0.01347039 -0.37701732
v 0.33537385 0.29027456 0.51141667
v -0.31559452 -0.22285050 -0.03819169
v 0.32572269 0.32060400 0.41384736
v -0.35295165 -0.55440128 -0.57453108
v -0.38782111 0.37062249 -0.30329984
v -0.09768724 0.25131378 -0.12280832
v -0.36068675 -0.24208871 -0.61325109
v -0.24636821 0.33383483 0.47008690
v -0.19291300 0.27156788 -0.10132050
v 0.45639414 -0.27490947 0.11930202
v 0.41097432 0.14219902 -0.26189309
v 0.74758512 0.04816642 0.30967930
v 0.54095113 -0.05501039 -0.14441395
v -0.48210043 0.03576379 0.15946399
v 0.23209286 -0.06202955 -0.30895552
v 0.40979794 0.01521577 -0.27638415
v 0.67289948 -0.08724046 0.26185140
v 0.15051207 -0.07124027 -0.29503310
v 0.14951819 -0.02867800 0.48057732
v 0.20932898 0.35507324 0.40172651
v -0.37780121 0.01728374 -0.53021270
v 0.55068445 -0.12696846 0.38118538
v 0.01277176 0.31025615 -0.05063639
v -0.15733905 0.25159061 -0.14111236
v 0.30029276 -0.34549084 0.21892719
v -0.22941239 -0.15447544 0.26361349
v -0.49319988 -0.05819704 -0.15515541
v 0.05819277 0.21285588 0.47907326
v 0.21169895 0.39740238 -0.01034193
v 0.54315889 -0.06480571 0.47593430
v 0.23121998 -0.22309689 0.51812059
v -0.29864848 0.02257472 0.52214712
v -0.01363571 -0.12292982 -0.60178876
v 0.34170476 -0.00642221 -0.30636817
v 0.41276300 0.06890120 -0.27493900
v 0.20440203 0.03919284 0.48911878
v -0.16977127 -0.13533154 -0.52602631
v 0.57765037 0.14545636 0.45252642
v -0.47784072 0.16872828 -0.50580245
v -0.45251262 0.23725753 0.03306884
v 0.08115184 0.37924847 0.46276984
v -0.30515796 -0.30949998 -0.57308680
v 0.41765690 -0.28385988 0.05219941
v -0.44569436 -0.11190115 -0.40299523
v -0.09874476 0.29792944 0.13013871
v -0.50482941 0.34989178 -0.24986678
v -0.32415476 0.31602022 0.05469134
v 0.44680420 0.29181683 0.33996865
v 0.57977837 -0.00936320 0.47588977
v 0.40655375 0.09267339 -0.27646852
v -0.06772750 -0.14106850 -0.71420848
v 0.19998291 -0.39272782 0.09571341
v 0.26103473 -0.35315633 0.27372664
v -0.26885962 0.20840931 -0.45814463
v -0.13032906 -0.17033172 0.32298529
v 0.53552270 0.22401230 -0.04481262
v -0.29874250 -0.23602289 0.03601342
v -0.49259964 0.19069168 -0.49059370
v -0.56021655 0.11713548 -0.44391388
v -0.22057055 0.14690712 0.33416340
v 0.60231465 0.20943756 0.35843202
v -0.38200581 -0.46235237 -0.58398288
v -0.48780492 0.35281244 -0.22072808
v -0.37624520 -0.14645950 -0.26288864
v -0.53616828 0.31117785 -0.29953012
v -0.56748509 0.28759819 -0.21134137
v -0.21502866 -0.21751258 0.17374989
v 0.61916929 -0.05261616 0.15698873
v -0.25214052 0.18250857 -0.48526773
v -0.36827090 0.33118045 -0.37599644
v -0.05643501 -0.17434901 0.31007144
v 0.68680501 -0.06688340 0.37337622
v -0.38989514 -0.39231613 -0.47025725
v -0.04024004 0.03589555 0.51992601
v -0.28459442 0.02676477 -0.52951199
v -0.06582689 0.10494088 0.51875758
v -0.43502930 -0.13099450 -0.12010082
v 0.28280628 0.03567955 -0.32098043
v -0.25573823 0.09170197 0.44726217
v 0.18556052 -0.19363979 -0.21049108
v 0.40031078 -0.15663688 -0.21021989
v 0.07884391 -0.13498941 0.47959888
v -0.36363408 -0.09191892 0.47817650
v 0.72559571 0.13784587 0.27282509
v 0.66456562 -0.10007443 0.28003845
v -0.31641901 0.31392127 -0.20479174
v 0.08866110 0.14157432 -0.27607512
v -0.00171152 -0.37544882 0.05910966
v -0.14447819 -0.18441735 0.27664074
v 0.19028087 0.24949737 -0.22513948
v 0.53607190 -0.19443180 0.15516402
v -0.40725324 -0.51210445 -0.73830694
v -0.46718016 0.21977474 -0.01327994
v -0.00103102 -0.26843548 0.52299601
v 0.46547040 -0.04678867 -0.22794247
v -0.53958738 0.30604440 -0.17714909
v 0.25098842 -0.15736999 -0.25149035
v -0.52634269 0.00613536 -0.46513870
v 0.35768777 -0.20834002 0.51438838
v -0.11213929 0.26795629 0.37369505
v -0.57525545 0.13509580 -0.20862029
v -0.24199027 0.01759127 0.36589223
v -0.16224034 -0.18037960 -0.22910906
v 0.03358866 -0.39439264 0.20701648
v 0.53587335 -0.19717421 0.23853950
v 0.19559222 0.16224122 0.47890553
v -0.53998297 0.02093566 -0.01630541
v 0.73895770 0.07395320 0.32951334
v 0.50639194 0.29463890 0.13264816
v 0.00623775 -0.32254177 0.00734241
v -0.14505577 -0.21775310 0.21056490
v 0.52301270 0.13891719 -0.16577910
v 0.01779099 -0.14646928 -0.23035344
v 0.64233899 -0.00401811 0.44209394
v 0.68374836 -0.09829697 0.30101949
v -0.21557815 0.31861949 0.04628394
v -0.56225419 0.06702067 -0.16874324
v -0.57003218 0.14276008 -0.30932644
v 0.09240314 -0.06862597 -0.28036907
v -0.06051175 0.29279235 0.39889845
v -0.05413582 0.35915130 0.45228475
v 0.73388314 0.06195718 0.34562123
v -0.38028276 0.29382059 -0.44992727
v 0.71218026 0.02569339 0.18704028
v 0.02363441 0.29985717 0.36970514
v 0.35946709 0.18276469 0.51244897
v 0.21881418 0.21179223 -0.26308897
v -0.17308982 -0.04099033 -0.61947179
v -0.54056990 0.17050685 -0.38333187
v -0.40760440 -0.32410076 -0.65462172
v -0.18834995 -0.25425342 0.09831830
v -0.05786299 0.36200190 0.47368369
v -0.12752998 0.29725435 0.45839438
v 0.59480840 0.17389606 0.17467318
v -0.34127185 0.17478348 0.49177629
v 0.24730527 -0.24367195 -0.15590069
v -0.24820091 -0.10441979 0.37932271
v 0.23194267 0.28175718 0.51352227
v 0.34196344 -0.34175646 0.19984041
v 0.28442654 0.41337097 0.14968969
v -0.30585331 -0.17502065 0.22167212
v -0.41459438 -0.13943453 -0.25754753
v -0.36156434 -0.12163337 0.22636113
v 0.46197772 0.20130874 -0.18569502
v 0.37174723 0.38674477 0.15794180
v 0.06102232 0.42155856 0.08809519
v 0.62075156 -0.03302213 0.05290624
v 0.21413763 -0.11775813 -0.28176898
v -0.49156374 0.36696661 -0.30631354
v 0.48242849 -0.17103581 -0.12463059
v 0.23724814 0.41553590 0.05180230
v 0.31930339 -0.29751453 0.40545920
v 0.48017108 -0.15875962 0.39743784
v -0.08308934 0.26280484 0.34225866
v 0.05824213 -0.28060603 -0.03601608
v -0.51946425 0.23901640 -0.43424115
v 0.43792143 -0.27458534 0.04754557
v -0.37880579 -0.03100791 0.46104661
v -0.08563818 -0.16926840 -0.68655407
v 0.40673265 -0.08902276 -0.25228038
v 0.09659348 -0.25659174 -0.77581024
v -0.22915606 0.32022810 0.06542737
v -0.11264956 -0.17358458 -0.57122809
v 0.24136263 0.04056573 0.51632243
v -0.10906928 -0.00256102 0.52202076
v -0.14492267 0.21157365 0.51530606
v 0.72451305 -0.04933484 0.30476710
v 0.58477986 0.07795822 -0.07129224
v 0.02882955 0.29336825 -0.09655691
v 0.10741933 -0.28475893 -0.03747180
v -0.42836851 -0.28594095 -0.62364513
v 0.62031448 -0.12318040 0.34143418
v -0.04288327 0.11517149 -0.25517282
v 0.56889075 -0.12309849 0.39479399
v -0.04612346 -0.18818758 0.37405229
v 0.44051409 0.29487807 -0.06216973
v -0.02092019 -0.20001248 0.47916001
v 0.31501070 -0.34958896 0.19955282
v -0.36299333 -0.06183885 0.44433364
v -0.39830515 0.10009949 0.24887830
v 0.49753428 -0.24493985 0.13507126
v 0.33971107 -0.32247347 0.28670299
v -0.18627600 -0.07330810 -0.62812871
v 0.37579066 0.37204191 0.21373636
v -0.16360593 -0.15861668 0.39185435
v -0.53268868 0.04342922 -0.14394040
v 0.42410755 -0.28032446 0.05097655
v -0.40714288 -0.30271125 -0.51572108
v 0.32391408 0.18521254 0.50364834
v 0.52196550 0.27781212 0.09460478
v -0.05253043 -0.32485688 0.11520734
v 0.08058414 0.12649538 0.48233920
v -0.51257128 -0.02559837 -0.09403386
v -0.54499114 0.23907267 -0.35771915
v 0.59716409 -0.11367530 0.31080550
v 0.29694545 0.35173756 -0.03073206
v 0.60039049 0.20874125 0.37405127
v 0.01312624 -0.24031058 -0.69707441
v 0.27519304 -0.33164483 -0.00661122
v 0.00425599 0.39476809 0.49287605
v -0.39068666 -0.43435383 -0.51213127
v -0.42814690 0.01882775 -0.52677041
v 0.11543741 -0.20956473 -0.63706762
v 0.37171105 0.29258612 -0.10616788
v -0.17540121 0.18433169 -0.21112412
v 0.60505813 -0.09432695 0.10101245
v -0.25081453 -0.17195003 0.23282941
v -0.02677977 -0.18139856 -0.55738312
v -0.36000746 -0.22477648 -0.60504347
v 0.05117698 0.04577094 -0.28537416
v -0.08655689 0.26762483 -0.09110977
v 0.58647984 0.18183722 0.21020970
v 0.62774760 0.05269782 0.14502159
v -0.16796973 0.12469982 -0.30166915
v 0.14835949 -0.02714673 -0.30455241
v -0.16445948 0.22352920 -0.17153835
v -0.44726601 0.25911048 -0.47241053
v 0.17020863 0.16359967 -0.29196134
v -0.36158159 -0.09987389 0.52162874
v -0.10139678 -0.09299492 -0.47922847
v -0.31043887 -0.14780420 -0.48105392
v 0.25541288 -0.19276251 -0.22015208
v -0.54105645 0.31360757 -0.18738504
v 0.43080702 0.24184373 -0.15228988
v -0.03758969 0.27092865 0.21169570
v -0.24143614 0.31267425 0.00929644
v -0.16638644 -0.26026329 0.03628448
v 0.49833819 -0.19272967 0.34405643
v 0.09424893 -0.27858603 -0.67126292
v 0.44087869 0.03296980 -0.25808921
v -0.48023066 -0.04936505 0.16083480
v -0.27836847 0.03732128 0.52279520
v 0.17559248 0.27976945 -0.17321829
v 0.26563287 -0.13741504 -0.26999396
v 0.46624574 0.13914873 -0.22577038
v 0.25665301 0.32346427 0.43964589
v 0.31249502 0.15153509 -0.29813054
v -0.53212112 0.33293644 -0.20960718
v 0.26672602 -0.34663567 0.00824421
v 0.44249690 0.15703574 -0.23578189
v 0.52152514 -0.18688020 -0.01977826
v 0.26024112 0.00496427 -0.32053688
v -0.29596275 0.31877202 0.05315833
v 0.51379132 -0.13327388 0.37354049
v -0.25239700 0.31588379 0.09970772
v -0.24931613 -0.22047389 -0.14456415
v -0.19788471 -0.00643617 -0.40641820
v 0.15055725 -0.16903609 -0.23670359
v 0.18294826 -0.26786846 -0.08808303
v 0.06397795 -0.38781121 0.25117826
v -0.46106276 0.09515335 -0.52368569
v -0.30412307 -0.31309468 -0.52367258
v -0.34995633 -0.17341128 -0.14409587
v 0.20218208 0.00049495 -0.31557471
v 0.05056874 -0.12738027 -0.24710742
v -0.40526679 -0.23690134 -0.61579305
v 0.22467485 -0.30925918 0.41770279
v -0.52389109 0.24342051 -0.42449096
v 0.60085380 -0.10772930 0.40864620
v -0.32462633 -0.09395388 -0.50146157
v -0.34455380 0.26227307 -0.10627711
v -0.39181551 -0.22244704 -0.61274004
v 0.52816749 -0.20433675 0.15576307
v -0.51625651 0.03291687 -0.12375954
v 0.56838673 0.20616059 0.01212481
v -0.19331934 -0.19296084 -0.20808688
v -0.38599843 -0.26440692 -0.44761133
v -0.17532305 -0.17876332 0.28219572
v -0.36448961 -0.20361219 -0.03963656
v -0.33930558 -0.48666555 -0.68747503
v -0.40583420 0.24413966 0.14302564
v -0.15647860 0.09591965 -0.30094177
v 0.29677847 0.22497754 -0.24919668
v 0.31129581 0.37532195 0.35840684
v -0.02321358 -0.26869303 0.52269471
v -0.23257947 0.32000956 0.07495944
v 0.16107844 0.20480417 0.47692305
v -0.31960279 -0.05738747 -0.51044130
v -0.27903023 -0.13186102 0.52433884
v -0.17709821 -0.15451287 0.40234396
v -0.44989851 0.08451570 0.20670977
v -0.13988316 -0.26583186 -0.00054243
v 0.02648895 0.09386895 0.48509669
v 0.40244773 0.20245530 -0.23229770
v -0.42063877 -0.19325924 -0.50075394
v 0.45664528 -0.26127353 0.25660270
v -0.28372794 0.28547370 -0.24933058
v 0.03034245 0.32953987 0.23478468
v -0.09586992 0.10452881 -0.27329162
v -0.41550758 -0.48930642 -0.67876256
v -0.53716224 -0.04031140 -0.32203704
v -0.05932330 -0.19153142 -0.68897557
v -0.16993956 -0.01533343 -0.44903731
v -0.08840302 0.29198927 0.14836258
v 0.63166934 0.18307433 0.38898894
v -0.42265511 0.36269665 -0.17132650
v 0.15583460 -0.25511667 -0.13923107
v -0.22951280 -0.14009839 0.52454412
v -0.51704973 0.08252721 0.09108208
v 0.73199850 0.07795925 0.34805578
v 0.33173609 -0.33462960 0.24726273
v 0.11994363 -0.28262386 -0.75172585
v -0.00826078 0.34929726 0.09209591
v 0.48255175 -0.24054421 0.25100729
v 0.48842624 0.25147146 0.36281332
v 0.63665503 -0.08453812 0.25726527
v -0.21695469 0.22853349 -0.24809273
v 0.23430836 0.42193422 0.18682326
v -0.36074430 0.03390803 0.48810807
v 0.61785567 0.18766977 0.39662600
v -0.08142949 0.09538559 0.50789195
v 0.58398098 0.18058689 0.02534385
v -0.01185052 -0.06927253 -0.55430329
v -0.15403476 0.21788208 -0.17891964
v -0.42871287 -0.41562682 -0.68304145
v 0.30785328 0.01025750 -0.31677869
v 0.05870965 0.36265564 0.25283203
v 0.25965285 -0.01648968 0.51878136
v -0.35221565 -0.27284491 -0.44570866
v -0.40250394 0.25048357 -0.08894695
v -0.26874715 0.30264670 0.51484716
v -0.40677720 0.36020645 -0.35837111
v -0.15071623 0.29463410 0.51088589
v 0.32486546 -0.24274638 -0.09158092
v -0.44709629 -0.07250111 -0.49735287
v -0.08156513 0.16628028 0.51812297
v -0.46058330 0.38425040 -0.30476278
v -0.51454133 0.16248348 -0.15646864
v -0.49959373 0.16896957 0.06395440
v 0.22528048 0.19759740 -0.27525100
v 0.30478123 -0.35614565 0.18134291
v -0.02499056 -0.36815247 0.14664385
v -0.08152325 0.28472242 0.24527650
v 0.65920532 0.13693802 0.20846137
v -0.33606860 0.26697502 0.17055523
v 0.60631341 -0.12081525 0.38153476
v 0.39932057 0.33163851 -0.03297114
v -0.19458866 -0.19427870 0.21973042
v -0.05740125 0.30057073 -0.04735977
v -0.52249175 0.22005494 -0.15125026
v -0.40622595 0.18987884 0.20135380
v -0.30593026 -0.59923196 -0.70138174
v -0.39193377 -0.00665731 0.26376054
v 0.43475318 0.17634714 0.49105218
v -0.14629667 -0.04489802 -0.45505738
v 0.08127292 0.37800351 0.48346648
v -0.02975063 0.24407437 0.35031635
v 0.18954223 -0.38927355 0.15576839
v -0.19742376 0.05990234 -0.38765311
v 0.08293685 0.23867327 0.47592098
v -0.51424170 -0.00571459 -0.47286677
v 0.34775466 0.23835753 0.51352167
v 0.21567541 -0.37341064 0.03689536
v -0.01432505 -0.37513903 0.16076781
v 0.12257411 -0.20602135 -0.19383149
v 0.30694753 -0.35337642 0.19248354
v 0.38741124 0.05704004 -0.28821945
v -0.32286617 -0.47355825 -0.65746593
v 0.46816909 0.29372469 0.30758813
v -0.10140803 -0.03205391 -0.52275908
v 0.42975241 0.32535270 0.29110420
v 0.44419587 0.22458637 -0.16954379
v 0.23882818 0.07309515 -0.31973544
v -0.51147062 -0.00191580 -0.48517314
v 0.20295143 -0.33689782 -0.01897173
v 0.09959893 -0.16441938 -0.59909040
v -0.43538681 -0.40615216 -0.62637055
v -0.13399351 0.27703938 0.29514796
v -0.22043984 -0.21284606 0.18173201
v 0.50630432 -0.23764664 0.12145410
v -0.24571569 0.15314679 0.40941852
v -0.06911059 -0.07549489 -0.57505661
v -0.46434730 0.10884705 0.17188536
v -0.06153447 -0.20278753 -0.61698872
v 0.53065139 0.07111210 -0.16850357
v -0.25340903 0.23585182 -0.32660365
v 0.39770037 0.32513192 -0.05412380
v -0.30908284 -0.34924564 -0.51692563
v -0.14553255 0.27926093 0.24829338
v -0.26184279 0.17069268 0.41000611
v 0.62772983 0.07451776 0.16300645
v -0.21368149 0.21213897 -0.30156025
v 0.20819375 0.35031164 0.40586600
v -0.13975707 -0.02753309 -0.59523499
v 0.19814439 -0.37203544 0.27338991
v -0.37315664 -0.08742223 0.51961750
v -0.42918384 -0.12946373 -0.33095691
v 0.18281530 0.15288174 -0.29892918
v -0.48317990 0.20526849 -0.48805484
v 0.33483282 -0.11837194 -0.26862776
v -0.33051702 0.25378290 -0.13600394
v 0.05408064 0.19902267 0.48001671
v -0.27042767 0.01531932 0.40743175
v 0.41100296 -0.03887121 -0.26882586
v 0.38978383 0.38015449 0.14520352
v 0.56234527 -0.16907890 0.18673842
v -0.14640811 0.29706579 0.03264523
v 0.21187544 -0.18140906 -0.22326362
v -0.44806996 -0.38873506 -0.65332729
v 0.50205898 0.12373153 -0.19707249
v -0.28856197 0.27290431 0.41324759
v 0.28956604 -0.32046181 0.37567535
v 0.03081076 -0.14125884 -0.60157961
v -0.18473463 -0.00707960 0.51598477
v -0.13877408 0.28382543 0.51264155
v -0.49926332 0.00726096 -0.50160092
v 0.42022774 -0.21848653 0.42568055
v -0.15507314 0.26449642 0.33139622
v 0.21172082 -0.00906201 0.49006495
v -0.18376394 -0.26062253 -0.02506800
v -0.36855379 -0.22004393 0.08586211
v -0.03521915 0.18609473 -0.21049388
v -0.30624211 0.06544057 0.45958436
v 0.42843893 0.11333182 0.51127940
v -0.18398838 -0.01165781 -0.57875383
v -0.51147234 -0.02380125 -0.10058892
v 0.71330738 -0.02765170 0.36746553
v 0.23522668 -0.29045528 -0.03749131
v 0.30678195 -0.34655011 0.06871795
v 0.16139722 -0.02627119 -0.30690631
v -0.23716573 -0.02602525 0.52391350
v -0.26139110 -0.07834292 0.30852750
v -0.07929404 -0.17644818 -0.20695840
v 0.51342380 0.07940286 -0.19014469
v -0.56054795 0.25680339 -0.18051320
v -0.16399041 -0.21915755 0.52254367
v -0.40890267 -0.19160716 0.11014795
v -0.49917820 -0.04013367 -0.11959609
v 0.58025283 0.20881325 0.37463146
v -0.28163201 -0.14594959 0.24666643
v -0.34585524 -0.10926291 -0.52884692
v 0.31866986 -0.33635300 0.03637069
v -0.12731574 -0.03700935 -0.61544126
v -0.25405058 -0.12043072 0.28023252
v 0.05966209 -0.38955149 0.04116067
v -0.02815923 -0.11010076 0.48226693
v -0.03229478 0.27192533 0.19944815
v 0.42995620 0.22775897 0.48145726
v -0.40317357 -0.21732828 -0.44786441
v -0.17026360 0.15773766 -0.24495670
v 0.13442521 -0.26191610 0.52090293
v 0.10289712 -0.27480450 0.52253729
v -0.38344583 -0.14227206 -0.32607648
v 0.17320828 -0.38521785 0.18272485
v -0.34067249 -0.17340256 -0.56011814
v 0.59024608 0.18242458 0.17706579
v -0.36611608 -0.51825786 -0.56631666
v -0.27123606 0.31987897 0.50838083
v 0.00064641 -0.34019735 0.26035115
v -0.14819570 -0.11462260 -0.28036794
v -0.27667278 0.16216558 0.51802313
v 0.28019896 0.32216385 0.48945689
v 0.70137990 0.16120696 0.31652343
v -0.06583790 0.30840847 -0.01884093
v 0.10976255 -0.22996385 -0.15424973
v -0.35638821 -0.56042081 -0.67584389
v 0.08339135 -0.38867599 0.25957510
v -0.14626056 0.30435610 0.50515497
v -0.07862964 0.26075387 0.37221229
v 0.52587891 -0.09380497 0.46108717
v 0.04063024 0.32496965 0.26876351
v 0.42860407 0.04618943 0.50524336
v -0.12997735 -0.12920687 -0.27184996
v 0.40045384 0.18718521 0.50909394
v -0.30692986 0.30256140 -0.01943723
v -0.38889974 -0.42722189 -0.69129461
v 0.60140061 0.15852141 0.43124962
v 0.05625540 -0.01159474 -0.28422463
v -0.36643881 0.01796483 -0.52980644
v 0.04038996 0.40840527 0.12220638
v 0.23587543 -0.16720788 -0.23978844
v 0.61381549 -0.07872453 0.13279539
v -0.17491901 -0.11465987 -0.63174236
v -0.41617450 0.03636014 0.24045320
v 0.21806191 0.42603487 0.12409839
v 0.02828387 -0.31111041 0.41975674
v -0.52001220 -0.03606250 -0.04486753
v 0.67603111 0.13397618 0.39296255
v -0.32087111 0.06033097 0.51847136
v 0.02030260 0.32063851 -0.00528475
v -0.12393607 0.26181421 0.51413876
v 0.59710532 -0.10808209 0.02515138
v -0.40014449 0.33947206 -0.15048079
v -0.20322075 -0.10960150 -0.49938661
v 0.02320741 0.33631033 0.20402607
v -0.36377776 0.33620545 -0.15990148
v 0.06706354 0.09771512 0.48332787
v 0.39712787 0.28316468 -0.10726342
v 0.69345468 0.09972232 0.18800320
v -0.04723696 0.32471952 0.41497546
v 0.70093346 -0.08033988 0.28614086
v -0.02754248 -0.06078266 -0.56041515
v -0.49109474 0.34503967 -0.18865690
v 0.51129866 0.22955108 0.35940933
v -0.32233417 -0.53010613 -0.69949675
v -0.00368823 -0.18392904 -0.56273866
v 0.34906948 0.31117210 0.43527570
v -0.28829241 0.24456298 -0.34613615
v -0.21333669 0.09632029 -0.40278575
v -0.18200284 0.00183136 0.50595659
v -0.39423501 0.27452591 0.09364049
v -0.30477530 -0.30823421 -0.51817966
v -0.02509135 -0.10716041 -0.24759082
v -0.27659810 -0.09120994 -0.42767468
v 0.46593672 0.27947351 -0.05990939
v 0.08180831 -0.38422310 0.26700103
v 0.65976214 0.06612961 0.43120074
v -0.22948723 0.12043178 -0.44538456
v -0.58195418 0.10460697 -0.21850033
v 0.21432044 -0.21288420 0.51040465
v -0.00206907 -0.38112068 0.17484573
v 0.18515046 0.28396279 0.51162541
v -0.37721205 -0.20936041 0.00410496
v 0.50348115 0.29399672 0.08487443
v -0.39478421 0.01220970 -0.52954245
v 0.40330920 0.27593482 0.48848093
v -0.16754588 -0.25516394 -0.06714750
v -0.00527238 -0.16626464 0.48023030
v -0.03528195 -0.29292062 0.24279042
v -0.02120545 0.19597113 -0.20293744
v -0.50739533 0.18353960 -0.48482642
v -0.29107362 0.27412650 0.18692434
v -0.01660321 -0.30829149 0.28223073
v 0.40925553 0.33972552 0.24493068
v -0.17457746 0.01287589 -0.33652440
v 0.10463506 -0.27230635 -0.65228510
v -0.19031446 0.29846910 0.16164698
v -0.39145023 -0.27763441 -0.45317978
v -0.29649067 0.26835304 -0.31295359
v 0.11510316 0.00779438 0.48197606
v -0.37530515 -0.19227292 -0.06912028
v 0.06353068 -0.24528877 -0.79411310
v 0.71695501 0.14667550 0.25612590
v -0.25362349 -0.09703378 -0.39852592
v -0.24876781 0.24357255 -0.19566733
v 0.43575978 -0.28512263 0.31681651
v -0.26578453 0.00044822 -0.54158497
v 0.42743051 0.31759968 0.32778013
v -0.46596166 0.07869621 -0.52314776
v 0.05020505 -0.31477284 0.43620828
v 0.31956020 0.18012007 0.50207609
v 0.29208782 0.41223049 0.09197772
v 0.68801957 0.17433155 0.27331048
v -0.46095037 -0.09758754 0.16254577
v -0.48894948 -0.11101036 -0.02434666
v -0.18081784 -0.18150453 0.48699072
v 0.26490790 -0.09575987 -0.29472417
v -0.33095622 0.34297508 -0.26762885
v 0.40516508 0.27186736 -0.11781004
v -0.01942457 -0.26659790 0.34827942
v -0.28535783 0.15309639 0.43236804
v 0.03305375 0.25104794 0.47613904
v -0.40187958 0.30942005 -0.43660337
v 0.13366547 -0.29688561 0.43835789
v -0.20168564 0.07418332 0.36732969
v 0.38391346 -0.18959746 0.50614810
v -0.39610478 0.20050970 -0.51334369
v 0.45636806 0.18651293 0.47480136
v -0.21947660 0.20248038 0.51616448
v 0.46271893 -0.08163489 0.48898083
v 0.63635999 0.13913542 0.42341918
v -0.28044328 0.31773373 0.03939154
v -0.54821903 0.12085541 -0.16955556
v 0.37112591 -0.10061251 -0.26437986
v -0.43857747 0.21295741 0.14050145
v -0.23972093 -0.00550944 -0.55894971
v 0.51331574 0.19747686 -0.12210087
v -0.52634948 -0.05355097 -0.32654902
v -0.25128764 0.31510720 0.06274207
v -0.32183877 -0.18922944 -0.14731100
v 0.07556722 0.23183496 -0.21195808
v 0.03893902 0.29931593 -0.08651938
v 0.19689891 0.39398810 0.35386744
v -0.34548482 -0.03702276 0.28244528
v 0.14214829 0.17853436 -0.27640003
v 0.44743055 0.31969324 -0.00836529
v 0.01158669 -0.30760112 0.41686511
v -0.13192239 -0.22561136 0.18781741
v 0.35768911 0.04208601 -0.30157775
v -0.30748197 -0.54794198 -0.59667128
v -0.00786738 0.25105897 0.30336285
v -0.09924227 -0.04094903 -0.50769067
v -0.43772349 -0.13292389 -0.26680169
v 0.08926357 0.06511021 0.48316038
v -0.47323269 -0.12913705 0.06485607
v -0.23766574 -0.24274684 -0.07524636
v 0.31918946 -0.28102997 0.44367415
v -0.07419309 -0.19083890 -0.66525644
v -0.43804127 -0.43676820 -0.69006413
v -0.20818256 0.30897546 0.11470536
v -0.41586900 0.38303763 -0.30073124
v -0.53889477 0.21215238 -0.41318470
v -0.37867182 -0.47576717 -0.53532541
v 0.23604345 0.41805369 0.05865901
v -0.34381393 -0.56898957 -0.58797580
v 0.27328381 0.41386101 0.19010185
v -0.06727446 0.32362854 0.43254969
v -0.44406813 -0.42779690 -0.64563072
v 0.31367570 0.30535170 0.50936264
v 0.20189695 0.17965204 0.47760746
v 0.32814112 -0.26945356 0.46819976
v 0.37323761 -0.05505031 -0.28538075
v -0.07967974 -0.15443550 -0.70426488
v 0.54739547 0.10075432 0.48112080
v -0.04986057 0.16654435 -0.22650760
v -0.03022230 0.25530192 0.27564821
v 0.45090294 -0.08932628 0.48604596
v -0.41915974 0.28215960 -0.46269372
v -0.45392919 0.25108895 -0.12598595
v -0.23131576 0.08705813 -0.49896520
v -0.39402366 -0.03193749 0.50680393
v -0.33339924 -0.21566269 -0.04120412
v -0.19316952 -0.06994137 -0.62130886
v -0.03294370 -0.26563841 -0.07700693
v -0.56126308 0.03614696 -0.32803199
v 0.65067565 -0.08507249 0.39537549
v -0.15530139 -0.25252205 0.46712679
v 0.22812140 0.41719133 0.05482914
v -0.21748456 0.07319006 -0.43016556
v -0.47465846 0.12729345 0.15322655
v -0.06634875 -0.08526909 -0.68779230
v -0.28775835 0.30715489 0.08643349
v 0.20799710 0.09507655 0.48269692
v -0.22644654 -0.08867555 -0.45816424
v 0.00344387 0.31791919 0.17697051
v -0.45309076 0.03723581 -0.52328837
v 0.28320739 0.30947572 -0.07910665
v 0.37983263 0.35303622 0.03498953
v 0.35731447 0.37969241 0.23298985
v -0.18945442 0.28353250 -0.07143591
v 0.02133376 0.27674860 -0.12349670
v 0.34925497 0.33910570 -0.04868780
v 0.23806579 -0.25213283 -0.10600552
v -0.37182879 -0.49909684 -0.55090433
v 0.44168329 -0.24606703 -0.03295841
v 0.27835855 -0.25439855 -0.08360466
v 0.12954959 -0.26365617 0.52117270
v 0.28972256 0.28824192 -0.10447365
v 0.73116106 -0.03045413 0.31561366
v -0.42578200 -0.21900265 -0.51708102
v 0.18412663 -0.37490019 0.27071959
v -0.44337782 -0.47274762 -0.70534438
v -0.31878939 0.33437440 -0.23095685
v -0.40589473 -0.13667372 -0.20179631
v -0.10694432 -0.16379677 0.35564238
v -0.31627715 -0.32423604 -0.60078841
v -0.02296734 -0.28981712 0.01541734
v 0.04101422 0.16416907 -0.24480115
v -0.32307225 -0.44959462 -0.53852099
v -0.35928845 0.29336989 -0.00392374
v 0.06564578 -0.26569891 -0.09834449
v -0.36396095 -0.12075769 -0.55100453
v 0.10270166 -0.40176490 0.14830670
v 0.60824555 0.17843914 0.27056757
v 0.26918900 -0.35574827 0.03651364
v 0.46109772 0.16508096 -0.21542130
v 0.44234040 0.33968484 0.07954472
v -0.01897028 0.32024541 0.05753635
v -0.27001178 0.26745620 0.20002051
v -0.18450582 -0.01875665 0.52353436
v -0.32158700 -0.12626930 -0.50536305
v -0.56995624 0.02286900 -0.28139052
v 0.67600852 -0.08901034 0.35856283
v 0.30173805 -0.20195101 -0.20977585
v -0.32264325 -0.09437159 0.43434396
v 0.51548195 0.16305272 -0.16006245
v -0.32218349 -0.22383295 -0.02014034
v 0.56421340 0.18324016 -0.04036742
v 0.22884238 -0.33721617 -0.01369542
v 0.55539387 0.20769908 -0.02643830
v 0.31243744 0.35287055 0.39253384
v 0.06155114 -0.13511010 -0.55353779
v 0.34912461 0.10639840 -0.29957342
v -0.36276227 -0.04965219 0.27009979
v -0.20230660 0.08071236 -0.38902184
v 0.01891809 0.22683130 -0.18363303
v -0.10068531 -0.24498606 -0.09514248
v 0.31038359 -0.31247234 0.38822198
v 0.17619202 -0.35339266 0.34072751
v 0.13458918 0.41945347 0.16404678
v -0.50557011 -0.02233914 -0.12392886
v -0.15231575 -0.20673214 0.44099715
v -0.30550051 0.24632341 -0.15696712
v -0.52808845 0.02099912 -0.41526052
v -0.18700010 0.23475018 -0.15927100
v 0.51572603 -0.14196625 0.36124495
v -0.19666164 0.22671674 0.28865743
v 0.38662967 0.05337703 -0.28872707
v 0.46377352 0.32479516 0.12585263
v -0.39721048 -0.22922933 -0.61511898
v 0.22757135 -0.33762464 -0.01372712
v -0.46386933 -0.11059558 -0.31551641
v -0.22768526 0.11945914 -0.46379122
v 0.28509799 -0.14728323 0.48192230
v -0.03148875 -0.12947966 -0.62425303
v -0.24977714 0.01149431 0.52408981
v -0.47609776 -0.10793482 -0.22561949
v -0.40538809 -0.37030786 -0.47919372
v 0.50432706 -0.00658416 0.50623828
v -0.03883351 -0.32910153 0.07755858
v -0.32921574 -0.29886860 -0.46379462

