# https://github.com/mikedh/trimesh
v 0.22924224 0.14387810 -0.40151942
v 0.43201110 -0.25243574 0.17390983
v -0.20245938 -0.30074292 -0.44243699
v -0.07764265 0.21335745 0.41488081
v -0.28297532 0.07289523 0.36501458
v -0.45991194 -0.00624079 -0.18927941
v 0.01967335 0.43958998 0.01050287
v 0.36176586 0.17507696 0.18419358
v -0.22861217 0.33304098 -0.11283183
v 0.35714310 -0.27486560 0.20116718
v -0.26308754 0.33883017 0.16632016
v -0.54649407 -0.01595804 0.00644267
v 0.10102899 -0.16448843 -0.55372137
v -0.26718649 0.34164146 0.11584727
v 0.29003659 0.34361029 -0.19722392
v 0.16354907 -0.40454251 -0.05545396
v 0.16863790 0.19986612 -0.31919894
v -0.33566624 -0.38017100 0.01471820
v -0.26183456 0.15483715 0.34856433
v 0.31617898 0.28337029 0.10200265
v -0.03463477 0.34918433 0.21554828
v 0.07242182 -0.33232665 -0.46561724
v -0.36939526 -0.38786820 -0.02279925
v 0.16371939 -0.38614979 -0.31539720
v 0.54255211 -0.06711212 -0.08374216
v 0.67140788 -0.01895168 -0.02568743
v -0.61793762 -0.20816550 -0.08419943
v 0.26794380 0.16298434 -0.38700897
v 0.20118460 0.18218005 0.32492310
v 0.59741640 0.01133134 -0.04222752
v 0.24459046 -0.31873983 -0.22281779
v 0.66277480 0.17486262 -0.10053921
v 0.09162313 0.39474845 -0.01427054
v 0.44754565 0.25842968 -0.00420326
v 0.57412457 -0.05033562 0.01039241
v 0.03172775 0.41655600 -0.05032304
v -0.63356507 0.21580675 -0.01971538
v -0.14810675 0.33761424 0.04659650
v -0.57276338 -0.25923267 -0.01186854
v -0.48373687 0.25002545 -0.00501063
v -0.29874653 0.32795477 -0.01781356
v -0.35566893 0.32310656 0.04608622
v -0.51749444 -0.25269800 -0.11900808
v 0.07841265 0.03869215 -0.50059384
v 0.60718977 0.01482826 0.03663826
v 0.49857694 -0.11166440 -0.10772614
v -0.07233474 0.39369789 -0.08494288
v 0.57054996 -0.17926294 -0.08046207
v 0.52959311 0.07768375 -0.06118379
v -0.05467471 -0.42123502 -0.00242954
v 0.73695582 0.18768591 -0.05032468
v -0.28196403 0.31942141 -0.03486925
v 0.53927410 -0.03042714 -0.10727365
v 0.04778111 0.06634992 -0.49980974
v 0.53449535 0.16007079 -0.01288846
v 0.18877277 0.23141277 0.28183126
v 0.49432415 0.19152406 -0.13938069
v 0.17113550 0.10178176 -0.43549001
v -0.35774750 0.17570409 -0.27306953
v 0.03925054 0.49911457 0.02863127
v -0.09904063 0.32656431 0.01466689
v 0.43414125 0.17941590 0.07794186
v 0.35344133 0.26859915 0.17582172
v 0.11621442 0.39225388 -0.07179812
v -0.63555145 -0.20906331 0.06120986
v 0.24021146 0.16884942 -0.39565453
v 0.09269209 0.33791703 0.14368364
v 0.19281206 0.17325154 -0.31570485
v 0.81858790 0.19617769 -0.03597009
v 0.05573836 -0.12035048 -0.48666489
v 0.55825138 -0.15628120 -0.02279241
v 0.26180771 0.35463971 -0.13029268
v -0.67441159 0.02185878 0.02361818
v 0.53153777 0.20801270 -0.05235839
v 0.38182244 -0.25123048 0.10062563
v 0.03245834 0.42646143 -0.03050700
v -0.66133571 0.17472601 -0.01819696
v 0.62629116 0.16773771 -0.09492195
v 0.58808208 0.01114611 0.03603896
v 0.27378500 0.15794075 -0.32167652
v 0.57379347 -0.05578864 0.00685713
v -0.21086304 0.16707267 0.33281556
v 0.71388954 0.06396277 0.04303315
v 0.43098634 -0.24044457 -0.01845831
v 0.31960246 0.13816807 -0.35759050
v -0.18789974 -0.44944799 -0.03503004
v 0.34695917 -0.20216087 -0.28742459
v -0.19254997 -0.45569485 0.05138063
v 0.72006071 0.05047169 -0.03907907
v 0.40656170 -0.32303590 0.03213796
v -0.18603894 -0.45935473 0.01126388
v -0.67831135 -0.07708667 0.00451359
v 0.46593261 -0.23094888 -0.09575273
v 0.16790871 -0.39006346 -0.13134234
v 0.56821728 0.03510665 -0.00730601
v -0.07944424 -0.35344797 -0.31791970
v -0.64856154 -0.14845455 0.05048084
v 0.56817782 -0.11436877 0.06826572
v -0.36802608 -0.40245155 -0.13223937
v -0.06071822 -0.21868989 0.41221121
v -0.37942997 0.30056360 0.02999254
v 0.66777825 0.01165725 -0.13620383
v 0.42762017 -0.27735212 -0.17199114
v 0.26031747 0.18616644 -0.35035771
v 0.17065069 0.19317618 -0.31996098
v -0.18770288 -0.37367290 -0.10784632
v 0.14132336 -0.16769612 -0.53637439
v -0.08342619 -0.35771576 -0.27038717
v -0.26781413 0.31906739 0.25419670
v -0.34663054 -0.35914323 -0.00351098
v 0.66672313 0.00536117 -0.10749868
v 0.02777725 0.42995092 -0.02480739
v -0.30846232 -0.28912726 0.27670929
v -0.18889776 -0.45592695 0.06261879
v -0.00472894 0.07263476 -0.47084382
v -0.16493429 0.34004545 0.14374697
v -0.70575821 0.21088386 -0.02513448
v 0.03190669 0.45382479 -0.04928887
v 0.60059601 -0.04070224 0.07060887
v -0.00900940 0.28525785 0.31360841
v 0.40702686 0.26819527 0.06698737
v 0.25154024 0.31551048 0.15620399
v 0.05487609 -0.36129445 -0.44059682
v -0.38489124 -0.40884644 0.14549744
v 0.67604631 -0.01437682 -0.07274934
v 0.08483012 0.39159930 -0.08212727
v 0.49465251 0.26385272 -0.11214235
v 0.03613035 0.46328190 -0.03206357
v -0.11557099 0.21960083 0.33965233
v -0.65656185 -0.10309145 0.02391925
v 0.14180814 -0.39546925 -0.12622580
v -0.17764500 -0.00561424 0.36764389
v -0.61250257 0.22991252 0.01021992
v -0.69625747 0.18904117 -0.05632947
v 0.23309791 0.17989013 -0.40785921
v -0.49668115 0.20944998 0.01430224
v -0.49131006 -0.24027896 -0.20638080
v 0.48229063 -0.20703125 0.07000410
v -0.62933725 -0.20909151 0.11102858
v -0.45681572 0.24778429 0.03066385
v -0.68703574 0.17637546 0.03589200
v 0.03677362 0.42240253 -0.07392961
v 0.16139296 -0.03631617 -0.52343392
v 0.18001208 0.27495122 0.26387185
v -0.26754159 0.33709359 0.00963980
v 0.06857678 0.36104703 -0.29972333
v -0.52613115 -0.22199821 -0.05364394
v 0.18966925 -0.29173142 -0.35136691
v -0.72390860 0.14987996 0.00335147
v 0.12292579 0.35720891 0.03164414
v 0.14395815 0.19914299 -0.32852560
v 0.67436731 0.06009169 -0.02585860
v 0.31143028 0.25925219 -0.27691311
v 0.69472075 0.11190528 -0.00500633
v 0.42562222 0.23023260 0.05459356
v 0.48939615 -0.20924473 0.07965892
v -0.32370543 -0.32076028 -0.07723467
v 0.56108302 -0.02269584 -0.00340307
v -0.00813135 0.19201970 0.32371438
v 0.35753629 0.12903473 -0.27730659
v 0.44671100 0.23800558 0.02902907
v 0.17197131 -0.31715125 -0.33578122
v 0.60951889 -0.05478466 -0.01823113
v -0.66465682 -0.17025702 0.00924215
v 0.66908109 0.04112267 0.01928969
v -0.00443292 -0.24057567 -0.56136620
v 0.45855281 -0.04279488 -0.24722503
v -0.57286972 -0.08418345 0.09354129
v -0.35875908 -0.40959162 0.17744052
v -0.56423104 -0.27669370 0.08158126
v -0.10216239 -0.20477784 -0.55583990
v -0.15005410 0.29861999 0.34889531
v -0.59787267 0.18483418 0.05599297
v -0.10257798 0.37491372 -0.06256467
v -0.69728112 0.19564599 -0.04585284
v 0.06721301 0.33822265 0.21144038
v 0.08351085 -0.12399222 -0.52324802
v 0.27537546 -0.00580686 0.38355637
v -0.18850699 -0.41095644 -0.18486026
v 0.07057719 0.42812872 -0.08283612
v 0.20330882 0.33912712 -0.07048059
v -0.12655340 0.41062587 -0.12065490
v -0.52207273 -0.07159755 -0.16438803
v 0.05925941 0.03535110 -0.48201895
v -0.23974821 -0.43650702 -0.02653185
v -0.37196919 -0.26013875 0.21887040
v 0.07963908 0.38031197 -0.06100756
v 0.48827082 -0.04921485 -0.23712948
v 0.58297175 0.00703444 0.02958506
v 0.73750025 0.08589830 -0.01088311
v -0.26695964 0.35448655 0.11752096
v 0.03340513 -0.28267670 -0.44491401
v 0.23448262 0.25969881 -0.32964045
v 0.65587014 0.06564011 -0.06647944
v -0.48203981 0.21555960 -0.00020225
v -0.47314167 -0.37812585 0.08750996
v 0.56233144 0.00051999 0.04819964
v 0.45528835 0.25776988 -0.00220144
v 0.71456945 0.04490058 -0.05289522
v -0.27985713 0.31249672 -0.02347293
v 0.34076270 0.07438684 0.30529928
v -0.22604394 0.34799755 0.11981288
v 0.56644255 0.06348833 -0.00502741
v 0.24879706 0.20075725 -0.36510503
v -0.41119874 -0.31187558 -0.13051005
v -0.52168834 -0.22045308 -0.06963122
v -0.33976939 -0.41632378 -0.02700004
v -0.63637543 -0.10689797 0.03249849
v -0.65533495 -0.09900524 -0.01547056
v 0.30122682 -0.07545096 -0.39938298
v 0.09628333 0.15328640 -0.42155299
v 0.19718552 0.33507484 0.03557053
v -0.80054784 0.12450063 -0.02539774
v 0.09718005 0.21267575 0.36142880
v 0.73677343 0.08702767 -0.09656914
v -0.06163827 0.02216794 -0.54958040
v -0.71451813 -0.05271688 0.01496065
v 0.37967232 0.26597935 0.08606759
v 0.21026298 0.17449646 -0.40875524
v 0.08919355 0.39895403 -0.08885941
v 0.61222911 -0.12253998 -0.01538083
v -0.01034874 0.39551115 -0.03725034
v 0.22624043 0.16661105 -0.32142231
v -0.65009069 0.17506954 -0.00749096
v 0.87297130 0.24228868 -0.04115409
v -0.21125068 -0.30395991 0.31932840
v 0.79143798 0.22859503 -0.07511456
v 0.03444625 -0.30736893 -0.39708179
v -0.52208298 -0.22691977 0.08634162
v 0.15220663 0.35269332 0.03838548
v 0.05873399 -0.26350513 -0.45845830
v -0.48394498 -0.32888591 0.09725764
v -0.00976139 0.08187705 -0.46454841
v -0.33148760 0.33130604 0.08672069
v -0.62485111 0.21732584 -0.04388177
v 0.17790012 0.16398703 -0.42920226
v -0.08159158 -0.36166042 -0.40652925
v 0.27724487 -0.31995133 0.05661085
v -0.13270728 0.30840454 0.33268160
v 0.89993715 0.26149634 -0.02466647
v 0.11038338 -0.32264870 0.26133609
v -0.43402082 -0.09503013 -0.12718087
v 0.56389755 0.01226516 -0.05569653
v 0.10920097 0.37810487 0.02112132
v 0.02492123 0.37548622 0.01337326
v 0.61472714 -0.09676170 -0.05064328
v 0.33744889 -0.01329591 -0.43062529
v 0.59719974 0.04763651 0.01135013
v 0.26215124 0.18403184 -0.30992624
v -0.02078409 -0.32465231 0.28551364
v 0.46050000 0.26541704 -0.07336539
v -0.05534850 -0.34986943 -0.36876053
v -0.35634434 -0.26206672 0.29167458
v -0.20029837 0.34803715 0.09521744
v -0.73471332 -0.01460102 -0.07427676
v -0.25713924 0.32692778 -0.03210482
v -0.20960641 -0.35351664 -0.12675396
v 0.76177073 0.22337991 -0.06211813
v 0.48829320 0.19725607 -0.01100352
v -0.53261024 0.22033463 0.03733400
v 0.01241261 -0.24607030 -0.49308217
v -0.32580876 -0.43627834 0.16427967
v -0.10486621 0.38688487 -0.12384735
v -0.43839827 -0.31321195 0.04495004
v -0.17989528 0.37575015 -0.01156461
v 0.57683635 -0.00520864 0.04235259
v -0.72679836 0.17348936 -0.03295542
v -0.11885768 0.20585838 -0.42912635
v -0.54479659 -0.32388094 0.14272171
v 0.17222983 0.16536742 -0.32542661
v 0.34018317 0.09528351 -0.32828873
v -0.52395660 -0.11248904 -0.23722968
v 0.23699199 0.19637968 -0.34287715
v 0.53429258 0.00138439 -0.08085503
v 0.02577472 0.43280888 -0.05559474
v -0.73707938 0.01768070 -0.00492410
v 0.02713528 0.42603296 -0.04354677
v 0.13412142 0.39083427 -0.14671545
v 0.31150699 0.13720414 0.30309200
v 0.21176024 0.30444720 0.20815393
v -0.21456659 -0.45849031 0.12093338
v 0.59478438 0.12260655 -0.03001442
v 0.83632457 0.18839380 -0.08389954
v 0.50620317 0.16036391 -0.11659260
v -0.04972256 -0.19355403 0.44635677
v 0.55916810 -0.13563487 -0.11672117
v 0.24684539 0.23920247 0.27575070
v -0.48996812 0.07235566 -0.02849587
v -0.25052536 0.34629008 0.10586783
v 0.08568922 0.34073117 0.23506646
v 0.31032637 0.32330996 -0.14547287
v 0.07158376 0.36242446 0.05142710
v 0.46177340 0.06170180 0.11839694
v -0.72025824 -0.04025597 0.04741836
v 0.04615654 0.43071181 0.01720017
v 0.30975294 0.16639224 -0.26126471
v 0.03948301 0.37940198 -0.03009841
v 0.63947231 0.04974515 0.01822594
v 0.04096195 0.03553766 -0.50832391
v 0.52639544 -0.17987210 -0.13303745
v 0.64843106 -0.02468744 -0.11421861
v 0.82967031 0.20494235 -0.04364733
v -0.05464509 -0.25049198 -0.55421722
v 0.05999359 -0.21956275 -0.46448442
v -0.69095981 -0.06435362 0.01703037
v 0.21048993 0.20879050 -0.37079525
v -0.32711026 -0.00361118 -0.47633934
v 0.55035108 -0.00817642 0.00353643
v -0.58725840 0.15988228 0.04907602
v 0.69916403 0.12079723 0.02959798
v 0.14664622 0.18470478 -0.32740620
v 0.64646351 0.01497028 -0.09005797
v -0.38170889 0.26698905 -0.17932811
v -0.14553927 0.28974175 0.34395885
v 0.59436309 0.02263254 0.00847223
v 0.30113089 0.13639188 -0.31096992
v 0.62242812 0.23445910 -0.04965165
v -0.51231807 -0.35006490 0.09057564
v 0.45905310 0.24124932 -0.03803715
v -0.56112087 -0.28172588 0.04619113
v 0.12410671 0.01752149 -0.50175333
v -0.25759780 0.36115110 0.02048081
v 0.54864085 -0.01936364 -0.04022855
v -0.07490420 -0.18000692 -0.55758065
v 0.17350382 0.16278052 -0.41397023
v 0.15812346 0.25002959 0.31647801
v -0.67774338 -0.06337461 0.06260002
v 0.60714149 -0.10018031 -0.01888061
v 0.61121994 -0.00982077 0.05433187
v -0.44364125 0.01734442 0.31596756
v 0.10958350 -0.31129721 0.20473664
v -0.17016308 0.33700359 0.25754857
v 0.46867120 0.17600444 -0.11891922
v 0.34184074 0.25757664 0.15251520
v -0.04609635 -0.15696239 -0.54966950
v -0.00707082 0.31927663 0.14051610
v -0.49067241 0.25572056 0.04869080
v -0.75265723 0.15280572 -0.06116826
v 0.03818008 0.41405112 -0.08115608
v 0.60325617 -0.01261643 -0.10880497
v -0.17913538 0.39295152 0.00536919
v 0.02673894 0.06357199 -0.48002470
v -0.24589983 0.22367148 0.34932500
v 0.31031752 0.31955767 0.07439688
v -0.13829377 0.22066675 -0.42151761
v 0.61923224 0.01393677 0.07593775
v 0.32645795 0.10224354 -0.33220631
v -0.48580134 -0.06260434 0.29978052
v 0.29999566 0.27846813 0.16130587
v -0.28549311 0.31921810 0.04642224
v -0.16336550 -0.33973789 -0.30173683
v 0.18847999 0.34458873 0.16544712
v 0.13725227 0.22655338 0.33576247
v 0.65912104 0.01958819 0.08725893
v 0.65454143 -0.03983735 -0.02487914
v -0.08140394 0.22855806 0.39180088
v -0.10980392 -0.33670542 0.16413155
v 0.16726498 0.36993486 -0.13040051
v 0.02250329 0.04048756 -0.50257063
v -0.43782702 -0.31617004 -0.12287571
v 0.38158399 0.08109307 0.26226929
v 0.16788206 -0.29122898 -0.37577331
v -0.10908595 0.23335023 -0.43087965
v 0.00555192 0.39965242 -0.03853226
v 0.12645838 0.36635980 0.01593050
v -0.40281337 -0.33010894 0.16083737
v -0.68486166 -0.10196306 0.00699665
v -0.18523979 -0.19059832 -0.54006761
v -0.18033129 -0.45694333 -0.01301944
v -0.24981140 0.32523274 -0.02019888
v 0.70050454 -0.02033319 -0.08414154
v 0.14178735 0.43418226 -0.06427711
v 0.23092434 -0.32637721 -0.25426850
v 0.60223448 -0.08170956 -0.11615282
v 0.59514451 -0.03354354 -0.12354647
v -0.00966107 0.30993837 0.33234161
v 0.47573191 -0.15590307 -0.22882459
v 0.01081757 0.42169952 -0.04678190
v 0.63825202 0.01523486 -0.01807523
v -0.27516884 0.33256644 -0.01751655
v 0.59636658 -0.01423986 0.03961411
v 0.26510227 0.31207198 0.07615614
v -0.24580213 -0.44157937 -0.03798622
v -0.05443620 -0.01126006 0.43992168
v 0.50142360 0.13526961 -0.10793944
v 0.26041985 -0.28949547 -0.27707961
v -0.27683264 0.31486863 -0.03425992
v 0.34482998 0.30264968 -0.21115631
v 0.54439241 0.21458240 -0.08299524
v 0.35044199 0.07497584 -0.40122712
v 0.40184909 0.27525389 -0.08388942
v 0.53664637 -0.02209015 -0.16697337
v 0.34993884 -0.00176859 0.31802490
v 0.32775912 0.24153933 0.16503829
v 0.30626962 0.00405242 -0.46211588
v 0.12785408 0.00154513 -0.52522755
v 0.03337087 0.44334784 -0.02049142
v 0.65345156 -0.03848650 -0.11733343
v 0.05558795 -0.04809585 -0.49636269
v 0.36206323 0.29103529 -0.15525877
v -0.06820631 -0.40010348 -0.34828424
v -0.37020278 0.33814004 0.03911932
v -0.54569829 0.01241857 0.17819260
v 0.05572623 0.40997142 -0.12556511
v 0.58788037 0.01733626 0.02315611
v 0.30564886 -0.25206918 0.16317429
v -0.32353917 0.24640629 -0.25426346
v 0.41286823 -0.17705011 -0.25630113
v 0.15953700 0.30573606 0.23030901
v -0.67691267 0.24042091 0.01584875
v -0.02577469 0.07549226 -0.48380715
v 0.40488032 -0.09464821 -0.30423415
v 0.55787355 0.26894027 -0.08429246
v 0.10911484 0.36555165 0.02320236
v -0.68491048 0.10226011 0.01172012
v 0.13470614 -0.06962704 -0.56236225
v -0.57699138 -0.23423716 -0.03166448
v 0.00223739 0.41811645 -0.04072839
v -0.52816850 0.19423226 0.00096370
v -0.01345661 -0.00792775 -0.52861798
v 0.56894153 0.23980594 -0.06383640
v 0.45563653 0.16488999 0.10968366
v 0.02351259 0.32605594 0.14744473
v -0.35426468 0.13199662 -0.35569713
v 0.21172436 0.29072243 0.23502053
v 0.57923102 -0.00570643 0.02493992
v 0.48382813 0.15201810 0.07919753
v 0.67206985 0.14461346 -0.09284049
v 0.84249294 0.23715153 -0.04408974
v 0.17577547 0.18248796 -0.32591146
v 0.57480955 -0.10822460 -0.02864897
v 0.25854063 -0.12873167 0.39392033
v -0.05356093 -0.34306395 0.00342637
v 0.05267431 0.39335677 -0.11893892
v 0.04850372 0.40547019 -0.09296340
v -0.49445426 -0.08721727 -0.28211182
v -0.42219603 0.25645238 -0.08157137
v 0.30678204 -0.19346543 0.27792633
v -0.00209209 -0.43060338 -0.19368657
v -0.49934173 -0.37284151 0.05389002
v 0.10001025 -0.01804274 -0.49132556
v 0.12351543 0.15657037 -0.44990277
v -0.52855980 -0.25510371 -0.00596391
v 0.02745388 -0.43189406 -0.09543709
v 0.08519703 -0.18724257 -0.53150249
v 0.06251249 0.05914059 -0.48649532
v 0.63791919 -0.02630088 0.09850395
v 0.07997335 -0.30757791 0.24416234
v -0.40755308 0.25746727 0.01787919
v 0.34895521 0.30114645 0.04804862
v 0.59160137 0.02165473 0.02707666
v -0.02709517 0.03760126 -0.50584805
v 0.58484972 -0.14833584 -0.02931309
v 0.16591439 -0.01958251 -0.50545633
v -0.72168231 -0.04723155 0.02574256
v -0.51066291 0.04343760 -0.02348419
v 0.83194125 0.11564494 -0.06699869
v 0.07504797 -0.01603943 -0.51819623
v -0.54729331 0.14053845 0.02809097
v -0.10412921 0.30681312 0.32887736
v -0.14528556 0.33779028 0.17857316
v 0.13578495 -0.24678427 -0.53673363
v -0.36506629 -0.27472764 0.21628180
v -0.18381663 -0.44411349 0.03479940
v -0.60871208 0.05861178 0.07069533
v 0.58079553 0.09540528 -0.02165373
v 0.55450433 0.23815119 -0.10726231
v -0.12846714 -0.46087992 0.08076614
v 0.44958729 0.19122627 -0.13151920
v 0.01469870 0.41987574 -0.03250071
v 0.57173169 0.14717180 -0.03111553
v -0.21299314 0.23643412 0.32373706
v 0.40735099 0.11171690 -0.25391290
v 0.87132490 0.20169453 -0.05789495
v -0.58186400 0.22531043 -0.00910522
v -0.24154258 0.32555431 -0.05149576
v -0.32125452 0.29566956 -0.08254220
v 0.76608896 0.13532184 -0.06745587
v 0.14813589 0.17757995 -0.36200839
v 0.03745806 0.46371579 -0.01933232
v 0.04567786 0.40483943 -0.03990138
v -0.62660879 0.20806095 0.02426137
v -0.07020614 -0.08836550 -0.55763245
v 0.14972058 -0.22813714 0.36093315
v 0.07351653 0.40140694 0.00037640
v 0.56494164 -0.13629210 -0.09449019
v 0.04042569 -0.28146520 -0.39718169
v -0.32192266 -0.16812320 0.33132949
v 0.61973751 0.02782940 0.04088655
v 0.59522790 -0.00093800 0.04459196
v -0.68492705 -0.04059803 -0.01205406
v -0.00972317 0.34310648 -0.32221991
v 0.42725831 0.27865678 -0.01771054
v 0.61755967 0.00829571 0.04593843
v 0.07415539 0.06632531 -0.46824676
v -0.17973757 -0.41632736 -0.17688528
v -0.60083431 0.21643528 0.00393698
v 0.04324612 0.46035287 -0.02962679
v 0.43248516 -0.22355294 -0.16504017
v 0.60280782 0.15373929 -0.07353213
v -0.60560071 0.15117624 0.00868276
v 0.06919067 -0.37934250 -0.16261856
v -0.30936402 0.32699525 -0.01417890
v -0.31999451 -0.40906236 0.15695599
v 0.05703597 0.48382866 0.00484556
v -0.14119028 0.36956945 0.01951283
v 0.14146839 0.17192145 -0.34619325
v 0.15100363 0.09036555 -0.48149401
v 0.70847225 0.02384703 -0.05978201
v -0.53467590 0.20532240 0.01696245
v -0.01736283 -0.35177144 -0.44251704
v 0.71020293 0.10839956 -0.07901371
v -0.17323147 0.28389859 0.34310091
v -0.12194756 0.38424098 -0.14420094
v 0.11003384 0.02744466 -0.49198437
v 0.44878435 0.09692991 0.16770490
v 0.07274172 0.03587276 -0.46062964
v -0.60369003 0.08896127 0.06756593
v 0.47484952 0.21160966 0.03387773
v -0.36673430 0.31529969 0.19397956
v 0.73478162 0.20545229 -0.03898425
v 0.27276906 0.14563248 -0.30840799
v -0.20820178 0.35194048 -0.02080017
v 0.56119210 -0.19238710 -0.00986750
v -0.05551169 -0.13284254 -0.49265057
v -0.01691261 -0.31094790 -0.45749927
v -0.28536719 -0.00219783 0.43957102
v 0.07319876 0.35373038 0.18798661
v -0.62544549 0.22040293 0.00996394
v 0.01568528 0.18078443 0.35722700
v 0.14985381 0.16662410 -0.34868136
v 0.18154708 0.26324260 -0.32391500
v -0.61466038 0.19756125 0.00675248
v 0.01746203 0.42480063 -0.04947418
v 0.65622723 -0.07192689 -0.03794605
v 0.61671895 -0.06036678 -0.05352859
v -0.26675999 0.36974663 0.04674515
v -0.14559749 -0.45420918 0.18574384
v 0.52690423 -0.16489096 -0.05805227
v 0.16183545 -0.40948787 -0.13851243
v 0.41460407 -0.19133890 0.26828158
v -0.33622068 0.31449303 0.00113729
v -0.44525272 0.14370564 0.23704179
v -0.64907789 -0.14669776 0.06943831
v -0.70145422 0.11743699 0.02942740
v 0.20059176 0.33998775 0.16043636
v 0.75526386 0.06154050 -0.05766140
v -0.05205402 -0.37550920 -0.43340015
v 0.56718612 -0.07058112 -0.12316321
v 0.57390290 0.01265648 0.01178664
v 0.26536050 0.16326115 0.33553541
v -0.46937507 0.24994904 0.05262104
v -0.00611377 0.05842078 -0.49644935
v -0.22009458 0.33098328 -0.00689888
v 0.03420877 0.43451387 -0.04035223
v 0.21241990 0.17999664 -0.32571805
v 0.23709917 0.35073209 -0.15295729
v 0.41638446 -0.22478038 0.09817974
v -0.62827742 0.20881712 -0.00156898
v 0.58286870 0.14809132 -0.05939928
v 0.34180525 0.30166349 -0.17916511
v -0.34293735 -0.41544589 0.12065738
v -0.18197969 0.35150191 0.02114904
v 0.52924657 -0.14398202 -0.15877904
v 0.18999343 0.19364522 -0.29074895
v -0.07961053 0.08882976 0.44442117
v 0.35379940 0.31160325 -0.14737916
v 0.12989956 -0.14706670 -0.55285025
v 0.53255594 -0.13856006 -0.15563424
v 0.09890301 0.12342572 0.37853742
v 0.21106745 0.17623779 -0.32851887
v 0.29210827 0.25974250 0.23415685
v 0.50875533 0.24062067 -0.07847917
v 0.86688173 0.21821526 -0.03570030
v 0.01117577 0.22232869 0.37528837
v -0.66819960 -0.12452190 0.06765036
v 0.69609046 0.12622422 -0.08321059
v 0.32899502 0.19939649 0.20346579
v 0.63948911 0.15999286 -0.08766481
v 0.20500898 0.15140384 -0.35507753
v -0.25159138 -0.24025248 0.31255403
v -0.22038157 0.35669112 -0.01681900
v -0.09190550 -0.30768591 -0.50402719
v 0.65372252 -0.01847874 -0.04747910
v 0.43860298 -0.23468904 -0.00603829
v 0.60509223 -0.03137071 -0.15220967
v 0.03440413 -0.33533543 -0.33385122
v 0.77818412 0.18452485 -0.07949460
v 0.09254318 0.03895941 -0.49484438
v -0.70914817 -0.04878911 0.02692759
v -0.75686753 -0.00826318 0.00592913
v 0.07300237 -0.03253388 -0.49980292
v -0.35244477 -0.12028521 0.38592640
v 0.32260203 0.29153669 0.09803185
v 0.34985098 0.18548036 -0.33174390
v -0.04930384 0.21491668 0.36593398
v -0.29462665 -0.32468039 -0.09098671
v 0.20232168 0.17410991 -0.36718178
v -0.11674806 -0.41705850 -0.25395918
v -0.04580025 0.38470051 -0.08065709
v 0.40986452 0.11907387 0.18220843
v 0.82170647 0.14717260 -0.06851683
v 0.11897425 0.23824012 0.35542142
v 0.79139459 0.11654019 -0.07738347
v 0.49393672 0.19425410 -0.01049647
v -0.18730356 -0.32035273 0.19324932
v 0.61975503 -0.08107799 -0.07879581
v 0.16406944 0.16774103 -0.33182499
v 0.09772556 0.15948312 -0.46231669
v -0.52795100 0.04339170 0.05827942
v 0.57903320 0.06776580 0.03170123
v 0.07998081 -0.20595273 0.35630631
v -0.14405841 -0.42217377 0.01802200
v 0.44301486 0.11713693 0.23110001
v -0.39645803 0.24100426 0.14794418
v -0.05628855 0.32249421 -0.24008089
v -0.23977666 0.38168162 -0.16761826
v 0.70915473 -0.00316672 -0.07061982
v 0.24126104 0.08298945 -0.45122260
v 0.08297798 0.43407071 -0.07917589
v -0.23636505 -0.31326869 -0.19659030
v 0.20248823 0.21138558 -0.29708934
v -0.12294373 0.16391115 0.37706804
v 0.04402065 0.05603546 -0.53162676
v -0.21102081 0.32612008 0.23607823
v 0.05914104 -0.02698022 -0.51777464
v -0.26647782 0.32152086 -0.23981230
v -0.12843885 -0.32008457 -0.21979581
v 0.13298899 0.16745663 -0.40397403
v -0.17361206 0.13426705 0.34794196
v 0.10135221 -0.33113462 -0.34778079
v 0.07443140 0.38326806 -0.13026185
v 0.44050786 -0.22214711 -0.15601800
v 0.59209323 0.03057942 0.02942231
v -0.05732271 -0.39215100 -0.33722687
v 0.18114571 0.35362542 0.06091329
v 0.53156030 0.19706306 -0.05753183
v -0.39628389 -0.28018540 -0.23464325
v -0.10873415 0.09215707 -0.44719622
v 0.04619796 0.42144355 -0.07650286
v -0.68827653 -0.16129252 0.05299580
v -0.25870040 0.34356329 0.00257292
v 0.62365258 0.01092228 -0.01980810
v 0.62741995 0.02574206 -0.09957325
v -0.04898586 -0.16490847 0.41561159
v -0.17265087 0.34048149 0.13117328
v 0.69680029 0.01699123 -0.10841914
v 0.31848890 -0.34097278 -0.13301189
v 0.13754180 0.04189096 -0.56891477
v 0.30726674 0.28656131 -0.25354934
v 0.77224803 0.12199728 -0.08389139
v 0.26388618 0.16689786 -0.31573999
v 0.74605620 0.15874910 -0.08276793
v 0.04366904 -0.15833369 -0.53824282
v -0.15240712 0.33939871 0.27942336
v -0.07124084 0.37211025 -0.07156876
v -0.25602365 0.30960220 0.00324267
v -0.12200209 0.33433038 0.24843574
v 0.33178854 0.31497884 0.05675068
v -0.01491121 0.41106367 0.00872767
v 0.09291086 0.05253965 -0.48434323
v 0.44237623 -0.24546567 -0.00383824
v 0.36430115 -0.27068299 0.16007891
v 0.28641993 0.32346410 0.03466916
v 0.56280518 0.25661874 -0.10321037
v 0.26761889 0.16187096 0.30568993
v 0.57649297 0.04328382 0.00365290
v 0.21483625 0.15543500 -0.31190592
v 0.06299062 0.41926700 -0.01175290
v 0.43639928 0.16980878 -0.18138064
v -0.60558116 0.20945120 -0.01082494
v 0.03003585 0.04176018 -0.48223191
v 0.04495421 0.43219304 -0.04250833
v 0.11133599 -0.36872539 -0.28690660
v -0.54178894 0.22374235 0.01830657
v 0.27596620 0.23114696 0.24512424
v 0.14372790 0.15567330 -0.38443619
v 0.06079343 0.42109603 -0.00280201
v 0.63950378 0.17997029 -0.10355866
v -0.74684834 0.02056489 0.00325526
v 0.14860499 0.28450996 0.26269323
v 0.09452274 0.40144908 -0.05826205
v 0.72563720 0.09221806 -0.07142000
v 0.39724356 0.24169941 0.09906647
v -0.67098302 -0.06839477 0.01423562
v -0.47694334 0.24670890 -0.02125522
v -0.15777484 -0.14788395 -0.50152099
v -0.23675133 0.29816943 -0.08510932
v 0.29563183 -0.01292840 -0.48131597
v -0.33457825 0.29572022 -0.08661085
v -0.21029152 0.34291273 -0.02193683
v -0.13997462 0.42081016 -0.08022133
v 0.02901431 0.11085042 0.39081633
v 0.06647888 0.38801765 -0.07324275
v 0.33746356 0.05708343 -0.31282857
v 0.18745920 0.18314642 0.33192497
v 0.30372673 0.21291195 -0.29225862
v 0.19308335 0.17278245 -0.31389317
v -0.08035634 0.15512022 0.37614059
v 0.12526023 0.02791804 -0.44965941
v 0.37406483 0.23979321 0.09785497
v 0.61457908 0.07988992 -0.07199180
v -0.00940505 -0.39858717 -0.27238762
v 0.37605047 0.14414728 -0.31954461
v 0.75352234 0.09026240 -0.05960871
v 0.26880574 0.26729923 0.23078847
v 0.25058550 0.21928564 0.30136943
v -0.58378369 0.09034033 0.14026597
v 0.07218546 -0.00480640 -0.46710622
v 0.14218077 -0.42325890 -0.04541138
v 0.00626293 0.10943320 0.40193111
v -0.64022076 -0.21560468 0.02801687
v -0.06559235 -0.03476045 -0.54074991
v -0.62538230 -0.09168339 0.01007912
v -0.54133135 -0.28613490 0.11883944
v 0.60367244 -0.01761591 0.07111305
v -0.55159074 -0.20266634 -0.07805432
v -0.06120084 -0.27927506 -0.48009056
v -0.39320892 0.30086482 0.07430018
v -0.34330055 -0.40938064 0.09095293
v -0.29784811 -0.43290603 0.06887463
v -0.23660405 0.31870505 0.20591447
v 0.05034724 -0.08269408 -0.53634334
v 0.19810995 0.16440204 -0.33566704
v 0.35026327 0.19332740 0.23191741
v -0.00747307 0.38833278 0.04057702
v 0.48886126 0.03252083 0.10024638
v 0.44127750 0.23198546 0.02660814
v 0.66428566 0.07520118 0.01689763
v 0.07022323 -0.30539411 -0.42240325
v 0.37710744 -0.23194598 -0.27247748
v 0.50087756 -0.21168429 -0.04016229
v -0.03310739 0.24297285 0.35231271
v 0.38581708 0.24956518 -0.23420939
v -0.08188936 0.33682507 0.23033088
v 0.79397690 0.11448404 -0.09979266
v 0.60385633 -0.00248984 0.05064049
v -0.09771740 -0.23977783 -0.54607952
v 0.12577257 0.39159751 -0.16693173
v 0.83804345 0.19583383 -0.06133930
v 0.46105638 0.25452909 -0.01652628
v -0.30350277 0.32202667 0.05898812
v -0.24732132 0.32701716 0.10314405
v 0.50254226 0.25528952 -0.09165835
v 0.63780510 0.00766346 0.07042171
v 0.59718066 0.10075077 -0.04072696
v 0.52346331 -0.05105333 -0.07294036
v 0.70088553 0.05059612 0.08334524
v 0.55711406 -0.12113714 -0.02938427
v -0.44834411 0.23112518 -0.03356418
v 0.80270147 0.10056164 -0.08694716
v -0.68745422 -0.10271235 0.01615113
v 0.40600556 -0.23676607 -0.22245225
v 0.73528439 0.13768223 -0.06725067
v 0.14823303 -0.27823034 -0.52260709
v -0.44893557 0.24887419 0.05407093
v -0.45486733 -0.36089998 0.05689609
v 0.13675016 -0.09229067 -0.51373315
v 0.06675848 -0.38973385 -0.31819689
v -0.45634061 0.25644216 0.06578706
v 0.17142752 -0.33709604 -0.15615529
v -0.31458136 -0.40062606 -0.09174317
v -0.06669852 -0.12757760 0.44811946
v 0.00560702 0.45314690 -0.06424016
v 0.26831627 0.14775915 -0.39625925
v 0.86182058 0.21911761 -0.03766868
v 0.05207066 0.40456375 0.04158032
v -0.51073360 -0.34373754 0.05530685
v -0.26749322 0.36348170 0.06358132
v -0.72932148 0.00152587 -0.00041868
v -0.28820527 0.28185236 0.17635003
v -0.14137763 0.29746729 0.31101194
v 0.19507760 0.35339752 -0.04828572
v 0.65764606 0.04753772 0.00526856
v 0.39072523 0.24684000 0.09917906
v 0.62849307 0.22122559 -0.10578513
v 0.42848712 0.06266436 0.19444329
v -0.07061920 -0.44300765 -0.05554345
v 0.07458666 0.43071973 -0.05579588
v 0.34575072 -0.23272489 -0.31929982
v -0.69546002 -0.16525590 0.06738141
v 0.30980563 0.27020434 0.12910789
v 0.78428721 0.15661138 -0.05633061
v 0.05729080 0.40222728 -0.09501304
v 0.14696337 -0.39235550 -0.14855342
v 0.68625891 0.09433156 0.04201403
v 0.08005206 0.38019246 0.03166676
v 0.04674336 0.01276290 -0.49610966
v 0.26265055 -0.27675003 -0.43738669
v -0.16243930 0.28484303 0.31721121
v 0.22310147 -0.27285099 -0.44397575
v -0.64532471 0.20948961 -0.03415067
v -0.06469925 -0.30234200 0.31208351
v 0.03064122 0.33203429 -0.29395327
v -0.15579706 0.32704201 0.21801138
v 0.36703148 0.24951972 0.14038047
v 0.60628074 -0.03583266 0.05071837
v -0.14835580 0.34652948 -0.14853784
v -0.03294214 0.35774720 -0.14242196
v 0.00435563 0.46619123 -0.00596896
v 0.00502720 0.27037340 0.28850913
v -0.25811240 0.34489742 0.05212602
v -0.41671261 -0.27623606 -0.04850870
v -0.38384640 -0.07731397 0.38454241
v 0.08578053 0.01178557 -0.49966604
v -0.66874516 -0.08848301 -0.03296168
v -0.31211779 -0.43030965 0.13318199
v -0.26603854 0.34830150 0.12249374
v -0.09196390 -0.26487598 0.36389467
v -0.45018736 -0.29117668 0.01401874
v 0.13396136 -0.24039896 0.37079296
v 0.13837758 0.31316611 0.17838737
v -0.46079981 0.22364806 0.14633004
v -0.24658939 0.34587431 0.00583214
v 0.39501449 0.13234901 -0.35153013
v -0.54301178 0.23287432 0.01483572
v 0.28695926 -0.29198211 0.23524979
v 0.30540937 -0.31136596 -0.00996086
v 0.80442321 0.17569606 -0.08582908
v 0.55199534 -0.04839937 -0.12399732
v 0.62287331 -0.01980919 -0.13446613
v 0.80854964 0.19750375 -0.03840229
v 0.76500142 0.16601464 0.02610027
v 0.15160115 0.29483527 0.25843406
v 0.06418668 0.32330909 0.24454494
v -0.73484498 -0.06485263 0.03447944
v 0.72682095 0.10874310 -0.07330413
v 0.03355403 0.44390145 -0.10090463
v 0.56253368 0.01777093 -0.04576595
v 0.74133527 0.00750206 -0.09536698
v 0.06136087 0.00389266 -0.47845918
v 0.18572938 -0.01453334 0.39158389
v 0.83878505 0.12075609 -0.06100440
v 0.06126480 -0.41546249 -0.08129267
v 0.41064727 -0.18410927 0.12741667
v -0.29089278 -0.34293187 -0.08123310
v -0.16332732 0.33859992 0.06055918
v 0.69290090 0.05495378 -0.07917745
v -0.32967696 0.34838566 0.09763953
v -0.39250478 0.26961952 -0.00909403
v 0.63717204 0.13974363 0.00044449
v 0.02041034 0.24150512 0.33439025
v 0.60846865 0.03512722 0.08144827
v 0.04835302 0.47402763 -0.02149743
v 0.51953429 0.13947755 -0.08011664
v -0.66513819 -0.10269965 0.01998766
v 0.11351083 0.09044376 -0.52558398
v 0.47773343 0.22892144 -0.04226813
v 0.63159001 -0.04621103 -0.04891239
v 0.58380711 -0.05255787 -0.12924053
v 0.01197328 0.41296029 -0.07106960
v 0.05082700 0.42482156 -0.02038699
v -0.55270040 -0.28149652 0.08644256
v -0.29090801 -0.40729302 -0.15400478
v 0.62774521 -0.02062008 -0.01140633
v -0.17127381 0.36543915 -0.04849929
v -0.75617385 0.07711346 -0.02609122
v 0.41494644 -0.24168129 0.08431211
v 0.12953149 0.17246725 -0.38148084
v -0.39357650 0.26885200 -0.05636667
v -0.01837379 0.35696033 0.05350664
v 0.08031538 0.08258629 -0.46541625
v 0.79777801 0.12717284 -0.08464189
v -0.40586624 -0.31344098 -0.16238275
v -0.22248261 0.36192948 -0.22924921
v -0.41056833 0.26519859 0.06611396
v 0.44496730 -0.13117063 -0.22130007
v -0.04276973 0.41033742 -0.01442051
v -0.19848508 0.33301559 -0.03190646
v 0.06735325 -0.29826206 0.26170313
v 0.04172369 0.39000988 0.05296355
v -0.72707921 0.02850886 0.03454510
v 0.09528802 0.38354331 -0.00650144
v -0.09126383 -0.45026138 -0.13107002
v -0.65414751 -0.05717404 0.07105195
v -0.24566197 0.33985662 0.17060766
v 0.03558317 -0.07628058 -0.53130418
v 0.21035632 0.36253357 -0.17628211
v 0.46441340 0.23655304 -0.00307500
v -0.33410281 -0.37378424 -0.12966809
v 0.36951959 -0.19175823 -0.27513817
v 0.67477858 0.08196862 0.04534259
v -0.26383197 0.34256840 0.20959924
v 0.71155345 0.11096895 0.00187364
v 0.70023060 0.04150651 0.04892208
v 0.45212394 0.10267317 -0.21535636
v 0.47337341 0.17391476 0.05095825
v 0.09463242 0.39110249 0.01485026
v -0.42444840 -0.34941718 0.00867620
v -0.72680402 -0.07265651 0.01956125
v 0.42593974 0.17132142 0.11028981
v 0.06132299 0.00849023 -0.51179492
v -0.23530400 -0.43492621 -0.04321870
v -0.14602923 0.25510404 0.35744098
v 0.67980611 0.20726594 -0.08998841
v 0.26807129 0.19448462 -0.36999625
v -0.16827127 0.35316744 0.23979488
v -0.38019836 -0.31672812 -0.19558686
v 0.46352327 0.10388142 0.11723232
v 0.85696959 0.19348156 -0.06568746
v -0.44012445 -0.33457965 -0.12683888
v -0.25019008 -0.06460035 0.42758420
v 0.10933113 -0.00519985 -0.49973893
v 0.79434836 0.22313872 -0.02963727
v 0.69721180 -0.00223532 -0.09316781
v -0.03473279 -0.43863025 0.11977324
v 0.04312903 0.41120866 -0.03028369
v 0.30345395 0.31333384 -0.01196745
v 0.38704550 0.24770835 0.07196897
v -0.39225873 -0.08664821 0.31776863
v -0.52096444 -0.21224630 -0.03606366
v 0.14753813 -0.11583945 -0.51191211
v 0.52540946 -0.19803162 0.01440892
v 0.45525652 -0.03575312 -0.25479734
v 0.27765429 0.28457338 0.17780009
v -0.19497442 0.35673153 -0.08799654
v 0.54093069 -0.00786346 -0.04783754
v -0.47914091 0.20984596 0.03799157
v 0.29264823 0.28294495 0.12990111
v -0.33138019 -0.40099326 0.04600361
v 0.61895597 -0.00989628 0.09350726
v 0.57198799 -0.15387765 -0.09484138
v -0.61876845 0.18753578 0.00378171
v 0.33298761 -0.25919402 0.08450878
v -0.68769372 0.20329557 -0.03518086
v -0.43279827 0.13166769 0.27600914
v -0.25933060 0.35420418 0.09382197
v 0.02865390 0.42439485 -0.07034579
v -0.22637060 0.29577118 0.28335801
v 0.63771242 -0.01701817 -0.03621931
v 0.39133951 0.28449625 -0.14262067
v 0.52812922 -0.12733996 -0.15700643
v 0.56625825 0.24692059 -0.08163482
v -0.20181057 0.37127393 -0.00459933
v -0.09089243 0.00570512 0.43926561
v -0.19633815 0.36557692 0.04048508
v 0.59122396 -0.04057932 -0.16321062
v 0.50705349 -0.08303183 0.11762954
v 0.73214829 0.08069876 -0.10739045
v -0.58930624 -0.15236130 0.02902369
v 0.58183652 -0.04609713 0.00407270
v 0.01285614 0.47206014 -0.03233516
v 0.40173250 0.22452140 0.09784180
v 0.05186318 0.39135775 -0.07364500
v 0.39148277 0.28500596 0.04905230
v -0.22884026 0.35917935 0.07550782
v 0.11584496 0.02881324 -0.48579830
v 0.59514117 0.00707512 -0.09628029
v 0.69225085 0.03278768 -0.08616671
v -0.50675821 -0.31559172 0.00501224
v 0.40046394 -0.15941438 0.21760772
v 0.41381490 0.00528875 -0.24742982
v -0.30987066 0.34093964 0.11880708
v 0.23247911 0.33371711 0.07252061
v 0.33689719 0.31442410 -0.19610171
v -0.56796682 0.22753853 0.04388343
v -0.50226575 0.26004240 -0.01878436
v -0.66118932 0.12933250 0.04435442
v 0.18306297 0.35126376 -0.05929771
v -0.72208577 -0.08385809 -0.00435115
v 0.21718080 -0.26827717 -0.33035618
v -0.05041960 -0.09195001 -0.54606479
v 0.09944412 0.38390723 -0.01093021
v -0.47459334 0.20084929 0.14024200
v -0.76365507 0.15107831 -0.05062981
v 0.86820471 0.21587004 -0.04345683
v 0.46871829 0.19277012 0.02383819
v -0.29914147 0.31965590 0.05869061
v -0.17965709 -0.36002508 -0.34648481
v 0.77893806 0.13254893 -0.08445565
v 0.58049291 0.15683889 -0.08990857
v -0.40518427 -0.39274219 0.16249228
v -0.28847408 0.33835998 0.02942568
v 0.50130123 -0.00731325 -0.18674728
v -0.25474441 0.33102006 0.03702396
v -0.03900795 0.42488849 0.00381097
v 0.08165839 0.05060655 -0.48068649
v 0.31164718 -0.27946022 0.22284570
v 0.56887162 -0.07943146 -0.12868458
v -0.76401389 0.19247074 -0.03062358
v 0.10510632 0.32807520 0.19314250
v -0.20428206 0.30646676 0.23767082
v 0.07854854 -0.15984729 -0.56126320
v 0.36164129 0.28530174 -0.06113127
v -0.15028206 0.30309632 0.30833569
v -0.44671232 0.27348170 0.02940060
v 0.69998872 0.08380770 -0.06285214
v 0.19208519 0.18592727 -0.33899581
v 0.65434676 -0.06685266 -0.07381650
v 0.56161487 0.04124698 0.03329855
v 0.47085315 0.09351617 0.12735663
v -0.52682030 0.23062393 0.03698269
v 0.10703026 0.02249723 -0.54255307
v -0.01953626 0.00221169 -0.51785499
v -0.00973362 -0.12614352 -0.55500954
v 0.46118563 0.27111727 -0.02350605
v -0.31573522 -0.42697275 -0.13136819
v 0.65147030 0.03295168 0.06527153
v -0.04552971 0.36807379 -0.31370836
v 0.38610265 -0.11674249 0.34244251
v -0.32736719 -0.38266328 -0.03588739
v 0.56007963 -0.00277495 -0.04745913
v 0.57031125 -0.00581307 -0.07750644
v -0.26145300 0.29458725 0.29992101
v 0.63074130 -0.00276244 0.07160874
v 0.82670319 0.18913782 -0.07376936
v 0.20733686 0.18494092 -0.33606684
v -0.23673807 0.29891551 -0.13315713
v 0.52637291 -0.01849486 -0.11286770
v -0.13034649 0.36074793 0.03213507
v 0.38478702 0.31509846 -0.05252236
v -0.63552386 -0.09288402 -0.03509010
v -0.23137152 0.09661548 0.40133524
v -0.56623793 -0.24173678 -0.15625204
v -0.18798494 -0.44064921 -0.13954988
v 0.23090318 0.22351836 0.26827157
v 0.32114217 0.32779318 -0.12699598
v -0.48454118 0.26223224 -0.00714494
v 0.69935083 0.17058696 -0.08949493
v 0.08010396 -0.41506118 0.00563240
v -0.26827013 0.32285821 -0.05811283
v 0.16199449 -0.34652516 0.11574762
v -0.01859629 -0.44320744 -0.04628941
v 0.04839583 0.34378749 0.04837587
v -0.30049583 0.31032497 0.25454459
v -0.13614656 0.23912236 0.34374863
v 0.56538177 -0.10063010 0.00225953
v -0.23866290 -0.08167592 0.45449662
v -0.03308550 0.29269266 0.33729652
v 0.62924194 0.00418381 -0.06852929
v 0.70385104 0.00513141 -0.10584117
v 0.04244355 0.43667436 -0.05622774
v 0.01213782 -0.32862359 -0.37218833
v 0.05588305 0.03848928 -0.48983061
v -0.52217686 -0.32736608 0.08198807
v 0.59977710 0.03216562 0.02973623
v 0.61173958 -0.10753924 -0.09299602
v -0.42873597 0.11797136 -0.14240567
v 0.82693028 0.17937754 -0.06351723
v -0.61178917 0.21032667 0.04188240
v -0.45808503 0.26865903 0.05580597
v 0.15732098 -0.38612679 -0.18556675
v -0.53764474 0.23440471 0.05243699
v 0.53711092 -0.13275121 -0.06324172
v 0.16626087 0.17767379 -0.32800949
v 0.17218389 0.35092300 0.18145403
v -0.35797995 -0.18781899 0.37607419
v 0.75984460 0.19545975 -0.08995539
v -0.58000559 -0.27935791 0.11362737
v 0.19865429 0.17768076 -0.32877472
v 0.05844750 0.09349504 0.41687381
v -0.70610702 -0.08397093 0.00848848
v 0.62055779 -0.01913677 -0.11812930
v 0.02140996 0.41709709 -0.03997836
v 0.61871076 -0.07518008 -0.12294528
v -0.62979984 -0.11445245 0.03352806
v -0.10646978 -0.43776289 0.03789735
v -0.28092250 0.27006844 -0.10011718
v 0.00903827 0.07836866 -0.47669035
v 0.43282586 -0.20077480 -0.23347275
v -0.16931808 -0.36420748 -0.14260672
v -0.58091545 -0.22746935 -0.09362784
v 0.75658405 0.06360003 -0.05473295
v 0.36853585 0.09481308 -0.37392959
v 0.05888897 0.38378739 -0.00298905
v 0.45294109 -0.26889965 -0.14425440
v 0.55900693 -0.00395548 -0.08900696
v 0.49805468 -0.07045929 -0.12179984
v 0.62381399 0.01963323 0.04828191
v 0.69853324 0.10558179 0.00500600
v 0.39587712 -0.21373001 -0.23487066
v 0.30896401 0.32923937 -0.18695977
v -0.37955457 -0.32351202 0.10745950
v 0.17917261 -0.29608881 -0.48453274
v -0.00470934 -0.34975761 -0.30305511
v -0.75300443 0.14908627 -0.01379138
v 0.06280744 0.08271730 -0.49578530
v 0.29685295 -0.29686594 -0.06504115
v -0.33900231 0.27505535 0.24185814
v 0.55530894 0.03730282 -0.05459389
v -0.48080903 0.27897483 0.04885781
v 0.26353329 0.03513199 -0.46467119
v -0.02098924 0.04853246 -0.49539560
v 0.11949204 0.14418855 -0.45558554
v -0.25709599 0.33207867 0.22859952
v 0.41406029 -0.17914347 0.09260888
v 0.28052488 0.16130953 -0.33360231
v -0.66782939 0.18529369 0.01910041
v -0.08514728 0.31695846 -0.29214382
v -0.00304997 0.46877801 0.01625362
v -0.10220584 -0.33695185 0.14003141
v 0.48606122 0.17007682 -0.15246975
v 0.01401246 0.05858159 -0.51881522
v -0.00363698 0.41777363 0.01329008
v 0.34381819 -0.08345133 0.30549145
v -0.52762026 0.23295958 0.04910332
v 0.38615596 -0.26521426 0.09087086
v -0.27270877 0.31616402 -0.04200703
v -0.08522317 -0.43804619 0.11724254
v -0.38496122 -0.25453761 -0.25765660
v 0.12747167 0.37119275 0.03829291
v 0.32737827 0.28567985 0.10922387
v 0.01220211 0.47636640 0.00124085
v 0.72734642 0.05599931 -0.08857839
v 0.08983235 0.44304365 -0.01107961
v 0.31662050 0.22760653 0.25650406
v 0.81167376 0.11485016 -0.06003258
v -0.37015766 0.31712362 0.01631925
v -0.54086453 -0.16015176 0.08263472
v -0.21311969 0.37370417 0.01077580
v 0.35442108 0.24965803 0.14609635
v 0.32025924 0.23092148 0.19591656
v -0.02997246 0.27113491 -0.38235843
v -0.15143755 -0.43060362 -0.17344180
v 0.53185523 -0.07778624 0.05548550
v 0.50833309 -0.12544483 -0.08994733
v 0.66328114 0.21263932 -0.06333394
v -0.60959488 -0.10758553 -0.01779957
v 0.71278167 0.21726573 -0.02767465
v 0.78203714 0.21674517 -0.04289906
v -0.59271562 -0.01885498 0.15439026
v -0.60892403 -0.11792519 0.00018039
v 0.12929463 -0.15862414 -0.52040064
v 0.16115901 -0.01401913 -0.44110370
v -0.12114798 0.35448137 0.07543448
v 0.66277671 0.03317973 -0.05888613
v -0.33667681 0.32089141 0.12147030
v -0.19416122 0.33080083 0.03650883
v 0.03784144 0.46774006 -0.06892505
v -0.26170725 0.34573793 0.13163191
v 0.19859748 -0.09063748 0.42115766
v 0.16408315 -0.24172780 0.33957845
v -0.53104210 -0.29196039 -0.00811779
v -0.14806838 0.33994749 0.21556693
v -0.36935484 0.27348226 -0.23320766
v -0.54589075 0.02494770 0.05197769
v 0.53860497 0.20493722 -0.08691940
v 0.27102947 0.30818254 0.17420316
v 0.06113517 0.00472218 -0.47475523
v 0.59062886 0.11496365 -0.02543163
v 0.76705855 0.11844279 -0.09767058
v 0.20628551 0.03885466 0.39094305
v 0.02981207 0.41285592 0.00802007
v 0.33894074 -0.10612357 0.35278332
v -0.33527726 0.33221447 0.11634409
v -0.63805366 -0.22230008 0.04170120
v 0.66600829 0.07372577 -0.08374113
v -0.08519416 0.36188638 -0.06698918
v 0.04007493 0.50038451 -0.01717407
v -0.51799715 -0.28993651 -0.16504116
v 0.31425917 0.17691860 -0.25824821
v -0.30493349 0.32429367 0.09285560
v -0.02727801 0.35614741 0.05562085
v -0.27031553 -0.31271097 -0.35124859
v 0.36950368 -0.29076335 0.10601304
v 0.19596358 0.34032187 -0.11076540
v -0.14686888 0.35632217 0.10178265
v 0.64327329 0.14363234 -0.07724813
v 0.16259606 0.33819801 -0.17029120
v 0.17506339 0.32164040 0.19060206
v -0.53083539 -0.16908610 0.09157428
v 0.61180490 -0.07441056 -0.09393384
v 0.56849778 -0.03203684 -0.02942744
v 0.61653149 0.02557007 0.03568533
v -0.11811358 -0.35099268 -0.42356473
v -0.04846698 -0.28737947 -0.40327436
v 0.28972477 0.18800426 0.29486233
v 0.58279181 -0.18273070 -0.05264448
v -0.02236491 -0.02117056 -0.50131738
v 0.20595498 0.28424114 0.23364395
v 0.57421273 -0.14361389 0.08139783
v -0.28264213 -0.43451533 -0.01440665
v 0.62742639 0.09190624 -0.02192062
v -0.51487923 -0.10988231 0.21881674
v -0.33092719 0.30782244 -0.00700885
v 0.02966149 0.43761969 0.00206888
v -0.31225365 0.33338863 0.18350106
v 0.68462205 0.05192399 0.04418896
v 0.66651034 0.05998442 -0.03620785
v 0.55826259 0.15441081 -0.02709025
v 0.54051393 -0.05807033 -0.03613313
v 0.14103046 -0.12362310 -0.55190712
v 0.82765985 0.19668902 -0.05950508
v 0.60260463 0.04189286 0.01294088
v -0.24497534 -0.29500642 0.33719987
v -0.60383523 -0.24136056 0.10549392
v -0.16040157 0.36015272 0.03592727
v 0.71015805 -0.00636770 -0.07795461
v -0.65865254 -0.18612131 0.04568699
v 0.79040068 0.20858505 -0.03390901
v 0.49382654 -0.06516448 0.12636016
v 0.06348713 0.42567694 -0.11817066
v 0.36593264 0.16922313 -0.33833098
v -0.34313223 0.00367308 -0.45944199
v 0.39729035 0.26380008 -0.23246509
v 0.35392562 0.21314436 0.18662363
v 0.51198709 -0.11378670 -0.05831413
v -0.23880297 0.31707603 -0.25756600
v -0.49997181 -0.25509682 -0.04204401
v 0.32183409 -0.25338382 0.17379487
v 0.23059054 0.15323368 -0.30239788
v -0.02650136 0.18975744 -0.44466484
v -0.00876987 0.06845221 -0.49846703
v 0.41448921 -0.19362599 0.14027999
v -0.13859951 0.04259786 -0.48028475
v 0.55263144 0.12206458 0.01064685
v 0.22276296 0.14805418 -0.39856040
v 0.69037247 0.08396104 0.00371070
v 0.61610568 0.16083449 -0.04646070
v -0.67669713 -0.03181953 0.00398487
v 0.57891631 -0.01234817 -0.03632812
v -0.03095862 0.06712997 -0.49668306
v 0.74265653 0.06187327 -0.05665995
v -0.00610611 0.08462361 -0.47709686
v 0.10151016 0.17554592 -0.40084010
v -0.12175202 -0.18060800 -0.44910842
v 0.02939957 -0.33737618 -0.39813489
v -0.09896652 -0.42808363 0.07923239
v -0.26159683 0.33393624 -0.04087082
v -0.60458958 -0.12001947 0.05640808
v 0.70081919 0.08859147 -0.05457638
v -0.25602436 0.32957751 0.03186250
v -0.50638795 -0.30263081 -0.07796244
v 0.06195614 0.36469412 0.04202059
v 0.58016747 -0.00600716 0.04534997
v 0.60363716 -0.06018728 0.01899073
v -0.39529344 0.29669043 0.01014155
v 0.13043246 0.17538378 -0.38175684
v 0.03996732 0.25435877 0.34395391
v 0.60625088 0.03263712 -0.00555393
v 0.60199159 -0.03113899 0.07204954
v 0.09501702 0.38271135 -0.09437171
v 0.04172830 0.41833076 -0.05907974
v 0.10067688 -0.29151821 -0.45935348
v -0.26694867 0.32300609 -0.04761651
v 0.02240336 0.41463363 -0.03653803
v 0.11116944 -0.33859783 0.14782622
v 0.19601056 0.13757363 -0.40240508
v 0.31629953 0.03308132 -0.46090806
v -0.05657768 0.37037307 0.25719237
v -0.46411550 -0.02482122 -0.14936715
v -0.29322842 0.29154485 0.00739348
v 0.61941838 0.21781431 -0.04772159
v 0.04688524 0.42022765 -0.01710248
v -0.02810290 -0.25387150 -0.52622646
v 0.14174002 -0.34018913 -0.33494940
v -0.73099005 0.19324388 -0.03357196
v 0.16013601 -0.37270409 -0.03424971
v 0.23121108 -0.19270602 -0.43581894
v 0.59230494 0.02375907 0.05414340
v 0.31205100 0.28344592 0.16975915
v 0.43053418 0.20820256 0.05003530
v -0.10293323 0.41727594 -0.00090694
v 0.11994936 0.14219300 -0.44917372
v 0.21854611 0.08875762 -0.48848450
v -0.06766962 -0.30985543 -0.32301009
v -0.27536356 0.32912740 0.08338870
v -0.73833740 0.06884062 0.02325974
v 0.72860301 0.08187091 -0.09738483
v 0.13120435 0.14584090 -0.45333275
v 0.63325840 -0.02828555 -0.08323529
v 0.02292212 0.46903354 -0.02519402
v 0.04979263 -0.27802369 0.35483161
v -0.11287248 0.33842355 -0.11319870
v -0.02177832 0.21408448 0.38486969
v 0.81532592 0.16776344 -0.03037655
v 0.15075693 0.34094739 -0.03739700
v -0.14537577 0.25171903 0.34328341
v 0.35348260 0.15988028 0.21411952
v 0.02882889 -0.00739244 -0.52015626
v -0.54087931 0.23270249 0.06002627
v -0.20950876 0.32996154 0.25122368
v 0.04739538 0.09044033 -0.48289561
v 0.77848339 0.22250950 -0.06958321
v -0.10170643 -0.36681747 -0.24996695
v 0.14853694 -0.07844076 -0.46585503
v -0.51906282 -0.32500979 -0.19099461
v 0.32935125 0.27530220 0.11042878
v -0.45657104 0.23591460 0.01515964
v -0.05667978 -0.04054090 0.43673128
v -0.20712948 -0.43002748 -0.07320257
v 0.41222268 0.21639693 0.08109391
v 0.60528278 -0.02679777 -0.01280922
v 0.72644293 0.03945723 -0.05434106
v 0.60501897 0.00445017 0.06375895
v 0.54109937 -0.10871454 -0.04052623
v 0.27749616 0.17466307 -0.37496370
v 0.73497558 0.09531358 0.04223890
v 0.69967967 0.03255501 -0.11226539
v 0.16955072 0.18195897 -0.33237401
v 0.07797445 0.37256336 -0.15181328
v 0.41137975 0.26321048 0.06078601
v -0.23896375 0.34980124 0.06657198
v 0.34343219 0.30301476 0.07442582
v 0.45761025 0.13208860 -0.14011955
v 0.08410061 0.41380486 -0.07898092
v 0.57615787 -0.02967325 0.05034894
v -0.13529195 -0.08717504 0.44380894
v 0.33593780 0.31618464 0.00229672
v 0.42506567 0.15656009 0.11538586
v 0.51922256 -0.09032652 0.13448319
v 0.37801796 0.14256713 0.22166215
v 0.00732937 -0.44874245 -0.02775314
v 0.13965625 0.16012114 0.34833068
v -0.66233540 -0.07262798 0.05985363
v -0.43477434 -0.32105929 0.02484730
v -0.30613005 0.29774368 -0.09149548
v 0.13960424 0.14947698 0.36175147
v 0.59467697 -0.02359831 -0.00309923
v 0.54895657 0.01159282 -0.00741038
v 0.82539558 0.18955654 -0.05688551
v -0.09169388 -0.27675188 -0.46342629
v 0.52081215 0.22806473 -0.16731884
v 0.33391398 0.32443374 -0.13304955
v 0.14300182 -0.39118069 -0.23935126
v -0.64462179 0.20235837 -0.03411298
v -0.71981454 0.15184650 -0.03885957
v 0.36548817 -0.14102109 -0.40692315
v -0.62393439 0.08007953 0.03417128
v 0.40893936 0.27916530 0.04326615
v -0.13781169 0.31051105 0.30494732
v -0.36032534 -0.42210779 0.05304143
v -0.56869304 0.22222403 0.02776258
v 0.61786234 0.01484442 0.06385230
v -0.30563244 0.30464813 0.10772096
v 0.52458751 0.09633270 0.00395513
v -0.60095596 -0.17352365 -0.06740870
v 0.04813001 0.07868865 -0.52488649
v -0.58927196 0.22450820 -0.02129377
v -0.56199706 0.16282761 0.03663190
v 0.04445879 -0.33194554 -0.28518242
v 0.29651231 0.18051171 -0.31179464
v -0.18509689 0.19798057 -0.43575466
v 0.15044957 -0.26327139 0.36695731
v 0.16927546 0.28935167 -0.36696455
v 0.13463703 0.37283939 0.00209567
v 0.69195652 0.01343226 -0.05472682
v -0.02927206 -0.32809618 -0.32076615
v -0.34632933 0.28142574 -0.11492421
v 0.36376846 0.25554913 0.12414214
v 0.76850033 0.19349013 -0.00560942
v 0.05039635 0.38330603 -0.03942806
v -0.01129182 0.33521470 0.27793950
v 0.01982504 -0.31877464 0.22584546
v -0.08657227 0.24505273 0.31185028
v 0.60407174 0.01685131 0.05453317
v -0.05777251 0.28875661 0.33616740
v -0.55750155 -0.18126607 -0.05380781
v 0.56013417 0.02111644 -0.02218494
v -0.35792643 0.23192130 -0.22280645
v 0.31660193 -0.08629051 0.33212066
v 0.51277381 0.05984378 -0.12202525
v 0.80044842 0.15069330 -0.08599924
v -0.66855925 0.11425366 0.00502010
v 0.05971980 -0.02305332 -0.50593698
v 0.77928317 0.12731107 -0.08271980
v 0.17908369 0.34403205 0.13253415
v 0.09991136 0.04079029 -0.48871195
v -0.07470843 0.28995776 0.32475263
v -0.41998580 -0.37630406 0.07652903
v -0.66460168 -0.16385572 0.06145972
v 0.02526268 0.32942706 0.23569524
v -0.40711606 -0.11752003 0.34308127
v -0.25429484 0.31783116 0.20916648
v 0.36677888 -0.22618341 0.09933259
v -0.73013908 0.05229591 0.04024108
v 0.54645038 -0.01561299 -0.01908003
v 0.24330397 0.05831793 -0.46465948
v 0.49635646 0.15744030 -0.08308537
v -0.23947354 0.18775472 0.33033937
v 0.73558986 0.11787450 0.05138856
v 0.46315747 -0.20746386 0.00928211
v 0.14327411 0.36023754 0.03018129
v 0.00697263 0.23972523 0.38930303
v 0.45300525 0.01456299 -0.17727831
v -0.62555468 0.03913063 0.05026251
v -0.01972595 0.10251471 -0.47357333
v -0.15412205 0.36999488 0.03207278
v -0.31828779 -0.41649187 -0.00130054
v 0.00557595 0.00190184 -0.50741327
v 0.08205652 -0.15091857 -0.55196118
v 0.39165199 0.18169209 0.13438901
v -0.62364626 0.21443799 0.03277172
v -0.68022275 -0.03532575 0.06277600
v -0.62940693 0.19008848 0.03045712
v -0.67932057 -0.07073195 0.04573274
v 0.22619186 0.25995773 -0.31646502
v -0.50816357 -0.30660880 0.00112641
v 0.14193079 0.18129759 -0.44143838
v -0.52625293 -0.33283782 -0.01847440
v 0.01130226 -0.16149066 0.44224048
v -0.05311103 0.34319395 -0.07654026
v -0.16330034 0.25113255 0.32583433
v 0.72658277 0.16376296 -0.07147926
v 0.66080999 0.24468431 -0.07776126
v 0.59336466 -0.00725053 -0.09691130
v -0.68863595 0.20289664 -0.01935917
v 0.39415115 -0.18374509 -0.32464391
v -0.75625324 -0.10413826 0.00303748
v 0.25272956 0.34029314 0.04423568
v 0.14029431 -0.02093065 -0.49222469
v -0.74705619 0.07091719 -0.04061364
v 0.23833098 0.16404010 -0.35405532
v 0.31938362 0.17175063 -0.24880716
v 0.68514121 0.08417866 -0.05639165
v 0.38422704 -0.04410850 -0.39254108
v -0.22308508 0.35383624 -0.06946969
v -0.22833648 0.36997426 0.10586515
v -0.56230062 -0.17671861 0.01032689
v -0.24651408 -0.43978947 0.02682734
v 0.80059433 0.17583022 -0.09169871
v 0.01313571 0.47253054 -0.01922256
v 0.37795615 -0.29450220 -0.05769440
v 0.00731748 -0.33698085 0.11640513
v 0.05607148 -0.29902989 0.21970716
v -0.12072667 0.33986095 0.21323559
v 0.26920265 -0.04596744 -0.49057135
v 0.40261775 0.27179456 -0.06086329
v 0.18136418 0.16804168 -0.35055867
v 0.01992820 0.46034539 -0.00565073
v 0.80208552 0.15158403 -0.06226760
v 0.33219498 0.16419002 -0.33728707
v 0.44155371 0.26002097 0.00258830
v 0.16163447 0.40691796 -0.06063807
v 0.57562143 -0.03338376 -0.03388545
v 0.51874828 -0.20042962 0.00101672
v -0.00377535 0.29006681 -0.39970461
v 0.51660466 -0.04551801 0.11313364
v -0.43950701 0.17684051 -0.14462036
v -0.29176372 0.34486240 0.05190295
v 0.00212039 0.44600421 -0.02801907
v 0.65772802 0.10103267 -0.06825951
v 0.07685876 0.41618836 -0.08173257
v 0.15617862 0.17380120 -0.33994490
v 0.21021959 0.16087204 -0.31528649
v 0.66991979 0.21108329 -0.06351018
v -0.00903106 0.07221100 -0.47884429
v 0.63124108 0.00865573 0.08255258
v 0.24757451 0.25761133 0.23309585
v 0.69140124 0.15311623 -0.08783665
v 0.01566855 0.45823082 -0.01940593
v -0.32023782 -0.42153612 0.03954753
v 0.04872306 0.22206253 0.32153773
v 0.03700484 0.34068131 0.05628377
v -0.05003616 -0.44287297 0.03825152
v 0.51923788 -0.08204618 0.01979795
v 0.56250346 -0.07515795 -0.15957151
v 0.26378074 0.32291770 -0.07172060
v 0.05607092 0.39224237 -0.11055103
v 0.02156365 0.43348387 -0.03103849
v -0.41811827 -0.38395700 0.03586039
v 0.58600163 -0.06619933 0.00498439
v -0.05827468 0.28147176 0.34457135
v 0.66167021 0.06309305 -0.06178403
v 0.72115469 0.10143398 0.06536934
v -0.74107301 0.02261459 -0.02415314
v -0.61230755 0.04848291 0.03745985
v 0.13143949 0.06497613 -0.51724374
v -0.27778739 0.35714036 0.02064914
v 0.28823692 0.16187513 -0.37220532
v -0.25337142 0.29111284 0.25937665
v -0.49244392 0.00067624 0.28123555
v 0.63957703 0.10576257 -0.05606112
v 0.44283730 -0.19326195 -0.17385091
v -0.72618288 0.00971840 0.02862430
v -0.33531946 -0.42254633 0.12129959
v 0.13047317 0.35408437 -0.00411201
v -0.42502263 -0.39122164 0.00032395
v 0.17136908 0.37848145 -0.01714882
v 0.01610377 -0.37406504 -0.16866827
v 0.15793252 0.34792465 0.05120721
v -0.43523130 -0.37244639 0.16245255
v -0.46881014 0.08521745 -0.18533395
v 0.19758028 0.34283412 -0.21149127
v 0.14610448 0.16028203 -0.40547746
v 0.05487456 0.38963848 -0.05110648
v 0.16638303 -0.33288375 -0.42997962
v -0.02091330 0.07308337 -0.46797991
v 0.02037016 0.07473904 -0.47453523
v 0.07384121 -0.45683360 -0.01150271
v -0.67620111 0.22862069 -0.01222622
v 0.20059115 0.30503574 0.16784480
v -0.72237766 -0.06830367 0.02760772
v 0.03893484 0.37345409 0.06476653
v -0.35683203 -0.27263331 0.32102990
v 0.01946979 -0.00389752 0.43863374
v 0.56179768 0.03698371 -0.02049765
v 0.02976647 0.04788756 -0.50772828
v 0.40275866 -0.14928451 0.18188466
v -0.59770441 0.22415891 0.02108493
v 0.35215425 0.07024908 0.27906069
v 0.06541477 0.39094502 -0.04790562
v -0.08919317 -0.11432299 -0.56042516
v 0.59313905 -0.08979934 -0.14800765
v -0.36053652 -0.10995698 -0.34564000
v 0.08175260 0.40166798 -0.02219847
v 0.47377899 -0.00616252 -0.16723527
v 0.00975055 0.06716555 -0.48896253
v -0.72289789 0.02299468 -0.03815493
v 0.49752939 0.00110960 0.07501853
v 0.03710902 0.07362986 -0.48777634
v 0.13487896 0.06588632 -0.50409055
v 0.38952005 0.20972323 0.20300251
v 0.16432163 0.18073420 -0.34335798
v -0.24061663 -0.42410669 0.14811611
v 0.42624569 -0.13757814 -0.26525903
v -0.60723978 -0.21347983 0.11060509
v -0.22674060 0.31944451 0.25649384
v 0.01032731 -0.11073479 -0.54651070
v -0.61376178 0.19045769 0.05047227
v -0.74264497 0.06407797 -0.02811299
v 0.07110500 0.48553833 0.01239851
v 0.46060488 0.26863009 -0.05880114
v -0.21877410 0.35983023 0.04692715
v 0.79917777 0.17867802 -0.04430224
v 0.28589892 0.34396365 -0.00576451
v 0.53794312 -0.01060250 0.03124920
v 0.15847269 0.36980063 -0.15006402
v 0.25295895 -0.25113249 0.28196850
v -0.74890250 -0.02523738 0.02563874
v 0.56972456 -0.10117668 -0.12110917
v 0.37905282 0.05658288 -0.38870776
v -0.22598048 0.34130362 -0.09621549
v 0.38933849 -0.24058160 0.06621234
v -0.04794011 -0.39895272 -0.33673382
v 0.02212292 0.05521080 -0.48623115
v 0.09513878 0.28766358 0.31941807
v 0.59012127 -0.00504346 -0.02546032
v 0.63642120 0.03808966 -0.03634027
v 0.03509799 -0.07037970 -0.55449826
v -0.02227524 -0.17532441 -0.55075890
v 0.14871401 0.27262127 0.28674811
v 0.04570791 0.45845586 -0.03492454
v -0.45400202 0.27552807 0.05137917
v 0.14874721 0.00070584 -0.49700281
v 0.11475474 0.03450459 -0.48725677
v -0.75278831 -0.00750915 -0.04540129
v -0.47225621 -0.18764484 0.20446607
v 0.22709480 0.33972800 0.00867012
v -0.06848095 0.13206708 0.41716117
v 0.62772393 0.03299446 -0.03299348
v 0.31148291 -0.13357848 0.34287322
v 0.09513462 -0.34793094 -0.40601939
v -0.15410113 0.33800215 0.20377493
v -0.32315680 0.32201242 0.20800976
v -0.29252714 0.26820844 -0.29286528
v 0.20051487 0.19260600 -0.38053787
v -0.24642530 -0.44212601 -0.05174069
v 0.69071615 0.08780913 0.04880057
v 0.11821976 -0.33589667 -0.29884782
v 0.18564890 0.15906733 -0.34431627
v 0.34159675 0.16710532 -0.34880251
v -0.05919595 0.19053976 -0.46411833
v 0.56529260 0.01245744 -0.05612932
v 0.43804985 -0.26780701 -0.08133265
v -0.05037907 -0.26585537 -0.52990097
v -0.06773992 0.38636377 -0.02714783
v -0.43626618 -0.27070037 0.10790250
v 0.08522546 0.38442177 -0.00781843
v 0.29264337 0.07293525 0.33444312
v -0.47951707 -0.12097344 0.28828818
v 0.80497164 0.13035721 -0.03910802
v -0.05141401 -0.06159683 0.48022807
v 0.33100906 0.20973462 0.23461960
v -0.02052235 0.43314135 0.12654114
v 0.18516064 0.21690165 -0.34675270
v 0.48547566 0.27567002 -0.15976582
v 0.38068399 0.29778782 -0.00515512
v -0.04605221 0.37505573 0.17519647
v -0.74536669 -0.04490229 0.01588543
v -0.09842888 -0.33081639 -0.44471025
v -0.52577507 0.16242878 0.01657058
v 0.16623849 -0.45255941 -0.01739976
v 0.56299025 -0.02067427 -0.02127370
v 0.67859340 0.22140877 -0.07141545
v -0.40107849 -0.31914902 -0.11566566
v -0.47148350 0.05420586 -0.04721402
v -0.64995039 0.11683813 0.00134941
v 0.36969456 -0.18770732 -0.29593322
v 0.11502628 0.32453027 -0.29380709
v 0.58549434 -0.01819168 0.05711371
v -0.32115105 -0.39941826 0.04712412
v -0.17525868 -0.44750631 -0.03711480
v 0.56156790 0.02301422 -0.01812741
v 0.80052555 0.23196599 -0.01092596
v 0.03965044 0.07615981 -0.50026727
v -0.41818443 -0.35909301 0.19794255
v 0.01978660 -0.21132909 -0.54121292
v -0.47103938 -0.39077759 0.06124404
v 0.52885151 -0.00417555 -0.12862019
v 0.73434353 0.06700152 -0.05688150
v 0.67690939 0.00405134 -0.09342554
v 0.02008430 0.45895565 -0.02410448
v 0.08707896 -0.08525527 -0.50830454
v -0.00397218 0.26101947 0.35585812
v 0.27150393 0.15159309 -0.36168432
v 0.71376872 0.10459238 0.01489014
v 0.46375817 0.19484678 0.02860895
v 0.03767078 0.42124587 -0.04033151
v 0.61576664 0.01003379 -0.01005040
v 0.68127364 0.06121304 -0.07637951
v -0.04613526 -0.36010391 -0.33689940
v 0.60641420 -0.00710087 -0.05027361
v 0.39968714 0.17784980 0.13421270
v 0.63721645 0.03121260 0.09098136
v 0.09409323 -0.08378148 -0.51992577
v 0.49282616 0.26227981 -0.07936165
v -0.28565887 0.32153031 -0.03331280
v -0.08094198 -0.45574152 -0.16619447
v -0.59877467 0.04218978 0.11212411
v 0.77832425 0.13351503 -0.08370881
v 0.68062735 -0.00950286 -0.11330444
v 0.31025672 0.23315555 0.18728551
v -0.07260343 0.31397149 0.30716321
v 0.29514751 0.14859188 -0.36141828
v -0.37771207 0.29504067 0.00355405
v -0.32526177 -0.01663691 -0.46633741
v 0.16057271 0.20207369 -0.31865174
v -0.21658567 -0.38240334 -0.28515956
v 0.53509510 0.20659786 -0.03576669
v 0.59396678 -0.01004347 -0.08849417
v -0.16186653 0.26515272 0.35632992
v -0.64500320 -0.13916346 0.02163590
v 0.58085656 0.02090057 -0.03680128
v 0.56028301 -0.05215130 -0.02372068
v 0.02559552 0.44275594 -0.04842150
v 0.26174277 0.17327914 -0.30105722
v 0.67289013 -0.01929884 -0.06986107
v 0.68616259 0.01893184 -0.12192205
v -0.62152421 0.21216312 0.03635375
v 0.23406906 0.18272559 -0.28629833
v -0.74793327 0.19844118 -0.04378313
v 0.35224074 0.29194766 0.07563809
v 0.10585207 -0.02391052 -0.50835496
v 0.34319341 -0.22293754 -0.38764799
v 0.03290194 0.45418143 -0.01495823
v -0.10373095 -0.31910974 -0.50491148
v 0.75823998 0.10546286 -0.08144309
v 0.30249617 0.34163705 -0.09778160
v 0.68767726 0.02542835 0.07099256
v 0.23355219 0.34457719 -0.02617583
v -0.01967856 0.40842724 -0.06319803
v 0.32774541 0.19463125 0.25393867
v 0.59866321 0.22233744 -0.09337890
v -0.06978236 0.34477469 -0.00997871
v -0.01496476 -0.02620912 0.44493115
v -0.10217974 0.23141566 0.36805663
v -0.70233005 -0.03116670 0.02375807
v 0.18896002 0.17915097 -0.33914322
v 0.15751112 -0.02140054 0.43044406
v 0.08730504 -0.35764837 -0.35226825
v 0.84362149 0.14433461 -0.05688884
v 0.31982931 -0.10527405 -0.35706055
v 0.72785491 0.08950520 -0.08193280
v -0.41739124 0.00013313 0.32021880
v 0.77026850 0.17734888 -0.02106726
v -0.17429250 0.34184653 0.16792679
v 0.02820265 0.42533797 -0.06556040
v -0.16555077 0.33328098 0.17707300
v 0.16057235 0.33250129 0.02766722
v 0.17082781 -0.30387282 -0.49665141
v -0.08805548 0.32550079 0.21802497
v -0.29406077 0.25509709 0.26158324
v 0.01954475 -0.22533344 -0.53907323
v -0.64342344 -0.09522286 -0.00370273
v 0.06639567 0.26985985 0.33800310
v 0.03904209 -0.25138393 0.35995811
v 0.55851299 -0.17985761 -0.07950714
v 0.35717839 0.28666067 0.08737642
v 0.34767821 0.31247544 0.04493022
v -0.60120022 0.08049178 0.03747266
v 0.52301717 -0.12995456 -0.00231679
v 0.05158326 0.41254228 -0.08125314
v 0.42975610 -0.19082884 -0.26980445
v 0.67835683 -0.03759533 -0.01766594
v 0.51846677 0.25832096 -0.06664154
v 0.78940403 0.11508924 -0.06499463
v -0.16812235 0.35959715 0.02695540
v -0.65449488 -0.13006347 0.06006670
v -0.18572374 -0.45807028 -0.05719176
v 0.43391123 0.17750168 0.08944678
v 0.54875839 -0.03692204 0.07827666
v -0.04189721 0.30917144 0.33056676
v 0.30211586 -0.31524748 -0.27797329
v 0.02092951 0.35736069 0.13906190
v 0.59165192 0.03204346 -0.01076970
v 0.13542813 0.34243312 0.15783522
v 0.35395989 0.24755606 0.13678542
v -0.24692754 0.31323636 -0.02569553
v -0.48197180 -0.27530506 -0.08508351
v 0.04588391 0.44086617 0.03347093
v -0.14121601 0.30921155 0.31796226
v 0.61645752 -0.04257180 -0.14589085
v -0.00618122 -0.34274757 0.20988724
v 0.02180406 -0.40377948 -0.28743267
v -0.36628968 0.16858828 -0.25940061
v 0.15182135 0.35920444 -0.07530674
v 0.41337764 -0.14080293 -0.28796911
v 0.19665921 0.32283941 0.06900132
v -0.43674946 0.24464150 0.14044327
v 0.62086499 0.00974745 0.07295501
v 0.42589653 0.21956192 0.11671400
v 0.07939532 0.04460281 -0.48594820
v 0.72917521 0.08302897 -0.09099454
v 0.56702662 -0.14700419 0.00654646
v 0.59490556 0.11154851 -0.03282344
v 0.08611871 -0.27350491 -0.46213445
v -0.04875192 -0.43043292 -0.22281542
v -0.27472952 0.33603626 0.17214106
v -0.03933193 0.30739811 0.31503057
v 0.31593218 0.21115160 -0.31329104
v -0.38484967 -0.21981680 0.29988500
v 0.04818686 0.42840707 -0.03777903
v 0.10989431 -0.19529694 -0.52706265
v -0.51828003 0.22177732 0.02801414
v 0.25603089 0.17954832 -0.31478071
v -0.07563812 0.41676888 0.03356558
v 0.20401260 0.36398411 0.06510523
v -0.14240453 0.26598334 0.32292753
v 0.12255210 0.36534655 -0.01237807
v 0.06477429 -0.44956717 0.04497296
v 0.63940263 -0.01696615 0.05845870
v -0.15612584 0.37571824 -0.02311987
v 0.25996441 -0.19034585 0.33625612
v -0.19486389 0.33408141 -0.04927903
v 0.03228533 0.36751741 -0.02841899
v 0.03653975 0.41937765 0.01198179
v 0.24847350 0.17645593 -0.38299763
v 0.52562350 0.03517243 0.05831704
v 0.22882344 0.34288692 -0.14869121
v 0.73876685 0.16996345 -0.10264865
v -0.73484498 0.03706209 -0.04008562
v -0.73358202 -0.01066744 -0.00476396
v -0.50152647 0.21819131 0.05036683
v 0.08786361 0.41146556 -0.13467897
v 0.23822862 0.02282787 -0.46112359
v 0.42982697 0.28415644 -0.00771442
v 0.40694478 0.27683210 -0.16036573
v 0.23454988 0.20885715 -0.34130001
v 0.13523008 0.16252786 -0.38124725
v -0.11976066 -0.35973844 -0.07870764
v 0.03629431 -0.39502668 -0.23012722
v 0.76729727 0.24036661 -0.04561898
v 0.58711994 -0.09888852 -0.10400157
v 0.13610813 -0.11392590 -0.53441882
v -0.09584297 0.33521140 -0.13176695
v 0.07309248 -0.09422788 0.43882686
v 0.26886651 0.30019134 0.15247378
v 0.16732681 0.19372299 -0.33214352
v 0.29137945 -0.28979290 -0.27979457
v -0.66481042 -0.17294896 0.03916958
v 0.15431190 0.34818298 0.13184863
v 0.08691321 -0.28986651 -0.41796076
v -0.46102166 -0.30602020 -0.13168445
v -0.08990498 0.24891570 0.34336051
v -0.64411128 0.21317616 -0.00021353
v 0.81436408 0.18632053 -0.05076046
v -0.38893604 0.03730038 -0.32777703
v 0.14526400 0.26284063 0.30408996
v 0.42693067 -0.13795966 0.15265487
v 0.04844515 0.18312931 0.34472075
v 0.01120675 -0.30260813 -0.42645586
v 0.32919675 0.24547672 0.18299857
v -0.70486557 0.00509228 0.00250994
v 0.42059535 0.28744555 -0.06564108
v -0.43052325 0.24743479 -0.03450289
v 0.54749388 -0.07554558 -0.03441958
v -0.53585839 0.23836130 0.00488874
v 0.36000568 0.29253840 0.05057749
v 0.41194576 0.26518780 0.05806175
v -0.60259128 0.22149919 0.00832342
v 0.29230645 0.31885916 -0.01629528
v 0.31659248 0.32009554 0.02421519
v 0.41883501 0.23932987 0.06042761
v 0.60506195 -0.10453032 -0.14627789
v 0.10148948 -0.35799640 -0.10132679
v -0.27028805 0.33399087 0.01468387
v 0.15618917 0.16215685 -0.38830227
v -0.07349935 0.02597412 -0.49202579
v -0.10479866 -0.41898787 0.01430535
v -0.54849166 0.23122294 0.01456325
v 0.14274853 -0.02661532 -0.48787060
v -0.45562562 -0.22644681 0.21570304
v 0.24705175 -0.24019454 -0.34690109
v 0.05691537 0.06660247 -0.49075443
v -0.76053625 0.20535842 -0.00909104
v -0.50735819 -0.33492061 -0.13379766
v 0.50872940 -0.12561253 -0.12140416
v 0.03814350 0.26712191 0.35090250
v -0.03922108 0.25449431 0.34675211
v -0.40244401 -0.38624609 0.05077884
v 0.08145729 0.43458879 -0.07704964
v 0.18797587 -0.22275051 0.36409587
v 0.55249310 -0.04298863 -0.16390000
v 0.52148902 0.15498957 -0.10606714
v 0.60674250 -0.02159424 -0.03990425
v -0.07827941 -0.43314749 -0.18559590
v -0.65509504 -0.14502797 0.03874111
v -0.39839470 0.30861118 0.10961482
v 0.18951485 0.16913277 -0.31315705
v 0.46457589 -0.13235587 -0.26256257
v -0.19537234 0.37203771 0.01470301
v -0.29354313 0.35898504 0.14958754
v 0.08001058 0.32144731 0.27462584
v 0.53163803 0.06491411 0.08554515
v -0.01814710 -0.12254241 -0.51419693
v 0.06671503 -0.16497582 -0.54935277
v -0.05557506 -0.37221435 -0.13728236
v -0.23821665 -0.36284542 -0.28897202
v 0.55953068 -0.08517580 -0.03850189
v -0.58540887 0.23156112 0.01882477
v 0.03253558 -0.07491162 -0.56957853
v -0.02286531 0.35626018 0.07294032
v 0.41491002 0.24722233 0.07009014
v -0.12190703 0.25684851 0.39019156
v 0.40952101 0.19414681 0.12201968
v 0.05038722 -0.26796091 0.34655514
v -0.26252106 -0.16220024 -0.47336000
v -0.06416214 0.38110000 -0.05991569
v 0.71939719 0.04261079 0.05276076
v 0.11101481 0.34888563 0.11494157
v 0.11305052 0.39927602 -0.15189253
v 0.58518147 0.09281790 -0.03828819
v 0.47171700 -0.21898314 0.04974056
v -0.62170124 -0.20183301 -0.11236176
v 0.02295618 0.40808687 -0.16841708
v 0.85166144 0.25781751 -0.01622971
v 0.35272482 -0.17879799 -0.29622146
v -0.52209032 -0.25518250 -0.03138821
v 0.16176063 0.17690596 -0.33953142
v -0.00453810 0.39856708 -0.03705475
v -0.64768600 -0.12465211 0.06414723
v 0.00741889 0.44841301 0.05117097
v 0.12765455 0.25824901 0.34044534
v -0.22879893 -0.32469091 -0.34884393
v 0.21016788 -0.08676144 0.42684153
v 0.53572744 0.25152344 -0.15247795
v -0.03669104 -0.35202760 -0.25421298
v 0.02182920 0.29844013 -0.36039603
v 0.37851667 0.24162066 0.09431261
v -0.26124299 0.11792684 -0.34989893
v 0.83825493 0.22726968 -0.03726465
v 0.57623494 -0.02383353 0.04428287
v -0.43803328 0.08058767 0.22515032
v 0.21707565 0.15579021 -0.33692676
v 0.00451668 -0.32556739 -0.38358387
v 0.19593304 0.17362010 -0.34385821
v 0.10635625 0.18177852 -0.42012909
v -0.15133207 0.34679458 0.08230931
v 0.40095234 0.21655267 -0.16884720
v 0.07945842 0.23395079 0.34857202
v -0.31823725 0.30724972 -0.00987372
v -0.15960430 0.36177549 -0.06770948
v 0.69147557 0.03451382 -0.03900670
v -0.32162124 0.32290986 0.08723664
v 0.02783562 0.42923418 -0.02485830
v 0.37301224 0.19548252 0.18952924
v -0.41272071 0.13340512 0.22058378
v 0.01015672 0.07137628 -0.53384399
v 0.12083974 0.02575536 -0.49129087
v -0.61482334 -0.13815194 0.04157452
v -0.40474284 0.22375405 -0.10293403
v 0.35778797 0.29043660 0.07414910
v -0.14988637 0.37366086 -0.12722753
v 0.23822063 0.34266102 -0.16290119
v -0.34590107 0.22209865 -0.15595502
v -0.46537849 0.17741829 0.16221419
v 0.06564526 0.31554806 0.16599491
v -0.09935328 0.36194152 0.23085931
v 0.66314167 0.04866546 -0.04060802
v 0.63577747 -0.05069812 -0.13890420
v 0.81429243 0.15286735 -0.06228729
v -0.25464880 -0.45798483 -0.16818213
v 0.04781830 0.05221078 -0.53255481
v -0.68980759 -0.05273925 0.05590798
v 0.84993207 0.24693450 -0.01097281
v 0.62245923 0.03545432 0.07433158
v -0.40925744 0.31818998 0.04602280
v 0.65003163 0.02629778 -0.04283288
v 0.49540186 0.06517872 -0.16621169
v 0.57205987 0.01519176 -0.00257885
v 0.04206842 0.02367646 -0.50286329
v 0.83906484 0.13537775 -0.06303726
v 0.60337549 0.03535634 0.00774059
v 0.08573592 0.01144481 -0.49845904
v -0.47062105 -0.26588458 0.00935209
v -0.26421279 -0.23703475 0.29303747
v 0.04815796 -0.10284071 -0.54849333
v 0.03305095 0.38932836 0.04625681
v 0.37679917 0.00745320 -0.37632877
v -0.64776182 -0.07206750 0.04391374
v 0.02714042 -0.38956475 -0.25017864
v 0.19380134 -0.27496085 -0.50010657
v 0.57419425 0.01088136 -0.00701681
v 0.60083860 0.11581071 -0.02180496
v -0.61599600 -0.17533314 0.04216510
v 0.48245576 0.11729404 0.06445193
v 0.07701255 0.38824528 -0.04162198
v 0.48797902 -0.19042259 -0.16287199
v -0.65681887 0.07963584 0.05383312
v -0.25689751 -0.46574372 0.13229594
v 0.71840858 0.12223374 -0.07371569
v 0.46032277 -0.11531426 -0.17189425
v 0.66514838 0.05101138 -0.03192061
v 0.11108822 0.30086488 -0.33449504
v 0.57990336 0.02590469 0.06074359
v 0.30784985 0.32823893 -0.07207060
v -0.78823501 -0.00642019 0.02788945
v 0.00920023 -0.41797429 -0.08900204
v 0.22939952 0.17317089 -0.34488434
v 0.61774272 -0.03332499 -0.03691374
v -0.18018417 0.30268890 0.26775581
v -0.68387920 -0.16481560 0.04292548
v -0.51081550 0.23267877 0.01070833
v -0.67732292 -0.11966521 0.06012696
v 0.54961181 -0.05427098 -0.15724935
v 0.55052567 0.01742095 -0.04079336
v -0.34242848 0.18134521 -0.26397333
v 0.62109315 0.00055527 0.02628207
v 0.28799075 0.26136410 0.17650276
v 0.63356817 0.11797365 -0.05982953
v 0.06409320 0.41779375 -0.00166178
v -0.05513416 -0.24192342 0.36056849
v 0.52865511 -0.16299945 -0.00324052
v 0.00631335 -0.16991651 0.39819971
v 0.03972986 0.37404472 0.07753193
v 0.14098135 0.36111411 0.01332548
v 0.25636369 0.34274685 -0.19953546
v -0.03096185 0.25447655 0.36329889
v 0.65752673 -0.03845078 -0.09823026
v 0.31468296 -0.17103364 -0.39739287
v 0.07180840 -0.33273077 -0.23016562
v 0.85435021 0.18938754 -0.05145659
v -0.27344909 0.32796836 -0.03469738
v -0.01062233 0.07716283 0.38372153
v 0.81715035 0.15783833 -0.08295833
v 0.11754777 -0.41292050 -0.00664136
v 0.25229564 0.11555811 -0.46405613
v 0.42129785 -0.29333279 0.15809222
v 0.21723872 -0.21905777 -0.52065724
v 0.38571370 -0.19165741 -0.29888999
v 0.00769684 0.03017968 0.40109581
v 0.21096390 0.15762565 -0.33995360
v 0.20050143 0.20869370 -0.35852721
v 0.62448418 -0.09719674 -0.08017650
v 0.00132793 0.01265898 0.44272825
v 0.33027259 0.32908687 -0.16008599
v -0.24972646 -0.24967830 0.35833895
v 0.16605911 0.18239391 -0.36012569
v 0.66833293 0.04076150 0.03034139
v -0.73263985 -0.02917939 -0.03355804
v 0.13622205 -0.11409894 0.40019187
v -0.59661585 0.11944647 0.04485907
v 0.33934006 0.31211698 0.00158638
v -0.39054614 0.14631337 0.26764053
v 0.51577020 0.17712218 -0.00664401
v 0.30823001 0.32584515 -0.18847232
v 0.18244833 0.31764466 -0.30001214
v -0.72147489 0.08427310 0.00257640
v -0.52801532 -0.29074660 0.12703732
v -0.07306336 0.34203184 -0.12810341
v 0.11627522 0.35604095 -0.23456874
v 0.86160994 0.19836405 -0.05159876
v -0.18377016 0.33760709 0.16580793
v 0.58204848 -0.16471493 -0.13506119
v 0.20944047 0.19250239 -0.37711602
v 0.46610168 0.17725143 0.03061450
v 0.03612354 -0.03107068 -0.53222507
v 0.32607272 -0.35252947 -0.19158891
v -0.19998726 -0.45262629 0.14441335
v 0.13338844 0.31981388 0.24539922
v -0.70732367 -0.07839693 0.00746140
v 0.49624407 -0.01614840 -0.18637523
v -0.69021213 -0.05339639 -0.00380349
v -0.04225568 0.38441631 -0.04879645
v 0.04871242 0.33239976 0.11562353
v 0.02162057 0.06550208 -0.48443681
v -0.40877092 0.11556873 -0.07951165
v 0.28101343 -0.18524224 0.29453623
v -0.45796454 0.24798113 0.01242806
v 0.35140336 0.21551979 0.19667402
v -0.28200543 0.36804101 0.13188148
v 0.61738855 0.03128869 -0.02858102
v -0.52399021 0.20302100 0.03758189
v 0.05189418 0.20664996 0.37230337
v -0.63139939 0.21398780 -0.03075531
v -0.73439491 0.10806332 0.01999965
v 0.28595951 0.30060855 -0.19857359
v 0.61743987 -0.07744807 0.01001579
v 0.03791054 0.26322746 0.33607009
v -0.25396031 0.32120860 -0.01607844
v 0.04320775 0.43431988 0.02462780
v 0.22667933 -0.25531891 -0.44074425
v 0.63004494 -0.03290708 -0.10075106
v -0.53850943 0.06890330 -0.01154559
v -0.40494478 0.12203872 -0.07261226
v -0.58029044 0.24872908 -0.00724790
v -0.30613136 0.31247059 -0.01764503
v 0.57704228 -0.01645511 0.02522545
v 0.34598359 0.31296611 -0.17431936
v -0.15674119 0.29867309 0.29993540
v 0.59764695 0.01863040 0.05556053
v 0.78569537 0.19751360 -0.01124046
v -0.56130731 -0.07264784 0.11962333
v -0.45988470 0.23429678 0.06637371
v 0.62404227 -0.00716014 -0.05367687
v -0.38685498 -0.35828984 -0.06064075
v 0.19647309 0.33499849 -0.23743263
v 0.46325690 0.24593580 -0.04789928
v 0.30912146 0.32165951 0.02300122
v 0.12527949 -0.37732047 -0.34921569
v 0.11772788 0.37093997 0.01746807
v 0.65581793 0.11692211 -0.02186375
v 0.19909756 0.19106071 -0.36375177
v 0.18242520 0.17906882 -0.33714205
v 0.05349173 -0.44612789 -0.00828016
v -0.13314842 -0.30843604 -0.45426995
v -0.10409918 -0.33249724 -0.45949376
v -0.22939467 0.33958131 -0.02674717
v 0.57443911 0.00981331 0.01813167
v 0.09777331 -0.00502387 -0.51929241
v 0.34853894 0.31548321 -0.00317758
v -0.40937904 -0.37085488 0.03104681
v -0.09509674 0.22346199 0.42362416
v 0.01888499 0.41667324 -0.02758101
v 0.16056235 0.37099600 -0.14088209
v -0.06121146 0.16533686 0.39835340
v 0.72975010 0.03929402 0.05914553
v 0.37412944 0.25411177 -0.23937318
v -0.05758607 -0.38851124 -0.39931875
v -0.61150426 -0.05935824 -0.01002071
v 0.59744108 -0.06738247 0.01748365
v -0.02133399 -0.36086857 -0.09446609
v -0.57069242 -0.20750037 -0.04493698
v 0.50472736 -0.10097280 -0.11882742
v 0.06257720 0.26523471 0.33982617
v 0.49324799 0.05123442 0.06448820
v 0.68101168 0.08554751 0.04548252
v 0.42826122 0.19455858 0.07664439
v 0.14657474 -0.18722191 -0.53730118
v -0.51674795 0.19514664 0.08502053
v -0.46027914 -0.37759814 0.13858607
v -0.42219335 -0.39806020 0.09898928
v -0.66004860 -0.10589988 -0.02759033
v 0.57663393 0.00040483 -0.06810783
v 0.08923456 -0.07466596 -0.51091695
v 0.42101839 -0.20740762 0.21686321
v 0.05195934 0.42196545 -0.07954299
v -0.47787768 0.17909458 0.06322290
v 0.42640916 0.27292109 0.01687875
v 0.71545219 0.08013773 -0.10474096
v 0.39696205 0.09437302 0.18854991
v -0.39076698 -0.32533073 0.04216594
v -0.21978068 -0.44345641 -0.06842345
v 0.25814700 -0.31450874 -0.36323500
v 0.75173587 0.21772836 -0.07159327
v 0.67476368 -0.02799538 -0.08790150
v -0.53685474 -0.20709074 -0.05446701
v 0.66348481 0.07657096 -0.07989103
v 0.32206407 0.21567154 0.22613379
v -0.49755925 0.22547475 0.03049515
v 0.07274692 0.35993880 0.03328639
v 0.79792345 0.13009378 -0.05129463
v 0.71972257 0.05232958 -0.08932648
v 0.15971792 -0.23058328 -0.50809354
v -0.01883975 -0.31062186 -0.51181746
v -0.46246794 0.24024813 0.09157054
v 0.12403497 0.37360755 -0.19897276
v -0.48736697 -0.11658033 0.24334519
v 0.56189775 0.00452504 -0.05384576
v 0.54427081 -0.02974126 -0.03879972
v 0.34311980 0.17118961 -0.33366764
v 0.15791318 0.18760791 -0.33036494
v -0.05325637 -0.02769715 0.48195502
v 0.64646852 0.02817017 -0.02178374
v 0.24331781 0.17462835 -0.32672453
v 0.65745473 0.18531653 -0.08936927
v 0.16653217 -0.03657984 -0.55637866
v -0.50648373 -0.35922784 0.01151958
v 0.60419631 0.10821289 -0.02408302
v 0.60622263 0.02428062 0.04577836
v 0.05875374 0.39673930 0.01160851
v 0.53922468 0.13472348 -0.08815019
v 0.71304017 0.07777749 0.04627897
v 0.75811142 0.08082747 -0.10660964
v 0.12581830 0.36554903 -0.01885974
v -0.54523408 0.21248062 -0.01522169
v 0.48702860 -0.02999036 -0.17615168
v 0.31115788 0.12666255 -0.31358722
v -0.02652154 0.41225779 -0.06143224
v 0.04460832 -0.01897714 -0.51491892
v 0.13602269 0.03917228 -0.52254748
v -0.68090671 -0.11954239 0.06921646
v 0.04164363 0.43650901 -0.01896685
v 0.36962080 -0.28252470 -0.20255241
v 0.55814767 0.00140843 0.00064658
v -0.00832292 0.43377903 -0.02520138
v -0.05700219 -0.38536629 -0.29624727
v -0.03698676 -0.37969998 -0.41138840
v 0.03512636 0.08053476 -0.45837426
v -0.08665998 -0.30085906 -0.47015968
v -0.01948917 0.07520440 -0.49204600
v -0.43414012 -0.29916006 -0.13209958
v -0.17713918 0.28245592 0.36874872
v 0.51933753 -0.19431940 0.07097267
v 0.47230783 -0.19729695 0.02947631
v 0.71277934 0.07910700 -0.08529627
v 0.22900856 -0.24498120 0.36010370
v 0.18199334 0.33576614 -0.18691404
v -0.46703494 -0.37623051 0.07996047
v 0.32016969 0.13573533 -0.28275132
v 0.00095334 0.42850438 -0.09573191
v 0.09097144 -0.28753245 -0.50786012
v 0.07887776 0.00285167 -0.55895352
v 0.57919699 -0.05754142 -0.14098552
v 0.48379222 0.19765577 -0.09048236
v 0.39418945 0.15168479 -0.21108925
v -0.31470680 -0.36782214 -0.13203046
v -0.07374954 -0.43415439 0.04750514
v 0.57607305 -0.16449639 -0.06856410
v -0.24798912 0.33224764 0.12242144
v -0.32996747 0.33145809 0.15381841
v -0.31669226 0.32278219 0.01248100
v -0.66465938 -0.16250306 0.03387932
v -0.25756758 -0.34623051 0.07906735
v 0.35216421 0.29594851 -0.04077128
v 0.26695937 0.32458615 -0.04100811
v -0.67013907 -0.13022135 0.07108581
v 0.87869650 0.23272708 -0.03378262
v -0.04606003 0.16677672 0.41120011
v 0.61505669 -0.01358492 0.00500277
v 0.72276002 0.09024317 -0.11439463
v 0.29441890 0.15670064 0.27671140
v 0.44783121 0.18966508 0.05107835
v 0.11759819 -0.22867781 0.35022914
v 0.64924246 0.03788823 -0.04934923
v 0.40174413 0.17447546 0.13739663
v -0.17459972 0.04420926 0.40645629
v 0.48358318 0.21114264 -0.01954362
v -0.09663221 0.32106745 0.29100624
v 0.77536023 0.11325569 -0.06909606
v 0.05338822 0.36099890 0.07430872
v 0.86104918 0.24381088 0.00424417
v 0.52978849 -0.02849221 -0.16166399
v 0.77791214 0.15291364 0.03846997
v 0.41739225 0.25685903 0.04376200
v -0.71987045 -0.08018634 0.00996198
v 0.56245106 -0.02024610 -0.08984704
v 0.07436743 0.37056521 0.05526701
v -0.17442262 0.27789018 0.33601230
v -0.70627189 -0.09551468 0.01719207
v 0.67166227 0.15309981 -0.09574389
v -0.26590627 0.33119518 -0.00141424
v 0.10338819 0.39119905 -0.11120611
v 0.09061843 0.37128055 -0.04720503
v 0.04510384 0.42916882 -0.04104614
v -0.73894632 0.08566701 -0.04459253
v 0.44288889 0.22551346 0.02545863
v -0.56029606 0.18000741 0.01554035
v 0.42610791 0.22118038 0.04141745
v 0.81367183 0.18453389 -0.07440536
v 0.14870510 0.36138207 -0.20687354
v -0.47887713 -0.30357140 0.05204645
v 0.31725889 0.10346730 -0.42783612
v 0.68040591 -0.08346429 -0.04325678
v -0.17311181 0.38434225 -0.00015146
v -0.43686041 0.26442695 0.08437049
v 0.05996153 -0.07831475 -0.55370957
v 0.17104232 0.35088146 -0.04488954
v 0.33476007 0.30475307 0.03271213
v -0.49743438 0.21037145 0.01580784
v -0.56367421 0.23350626 0.02669039
v 0.45543551 -0.24056293 0.11138053
v -0.08464876 -0.08761922 0.44723731
v -0.42400876 -0.37199593 -0.08080150
v -0.24749924 0.33756942 0.10902378
v 0.57964915 -0.02768888 0.03412914
v -0.34455329 -0.39441642 0.19753492
v 0.44598114 -0.05048300 -0.27412215
v -0.32375029 0.32733774 0.10186851
v -0.57111436 -0.31344134 0.05848941
v -0.57557440 -0.26564214 0.08449370
v 0.59253711 0.21108031 -0.11037213
v 0.35495129 0.24103735 0.12531662
v 0.55508476 -0.09586610 -0.02308047
v -0.13182977 -0.19571295 -0.48491904
v 0.37952331 0.31285125 -0.05512741
v 0.39910820 0.21002710 0.11093241
v 0.38077146 -0.11785540 0.31730378
v 0.24505764 0.33926752 -0.00715688
v -0.06872310 0.13577989 -0.43828347
v 0.67791510 -0.01647207 -0.01146789
v -0.17798799 0.34788644 -0.05514580
v 0.41142559 0.01195097 -0.24658951
v 0.51633179 0.22730008 -0.06643680
v -0.42707908 0.26161867 0.04965693
v 0.23841652 0.34865379 -0.18274826
v 0.65792584 0.01019052 0.01588850
v 0.05042105 -0.28539640 -0.39584899
v 0.12706232 -0.24931116 -0.50145304
v -0.58234513 -0.22849032 0.12942350
v 0.47390005 0.15229911 0.09527159
v 0.35661802 0.07717722 -0.40311003
v -0.22131196 0.34059000 -0.01173666
v -0.76267552 0.13890615 -0.01862762
v 0.21303385 -0.26274008 -0.36905557
v 0.84846401 0.15414540 -0.05041481
v 0.06364361 0.25147465 0.34822446
v 0.57029539 0.01364204 0.00550060
v 0.01933068 0.41411430 -0.04134402
v -0.19622028 0.34027338 -0.27901286
v 0.45086002 -0.22590123 0.04751729
v 0.16096318 -0.13930802 -0.54127634
v -0.03172867 0.19498083 0.39898834
v -0.14699890 0.36326855 0.03367600
v -0.48576838 0.25473759 0.06093156
v 0.58862215 -0.03907263 0.05697337
v 0.74828815 0.18317613 -0.06190720
v 0.02918807 0.42739055 -0.04999539
v -0.58623767 0.21797256 0.01177407
v 0.75647593 0.12850979 0.00119955
v 0.59187186 -0.09193569 0.00018341
v -0.25714660 0.34799975 0.10235652
v 0.18848804 0.33973020 0.06779864
v 0.35847533 0.21310818 0.18096471
v 0.50714618 -0.09825136 -0.10466944
v 0.17113087 -0.32799944 -0.26438677
v -0.66463315 0.09479553 -0.02725687
v -0.43856886 0.06075019 -0.21229754
v 0.04023391 0.00460461 -0.52137274
v -0.20727222 -0.36312640 -0.08356047
v 0.15610427 0.31965241 0.22676265
v 0.36225227 0.07672858 -0.27326992
v -0.73906440 0.13529506 -0.03392646
v 0.32193848 -0.31580168 -0.23611313
v -0.04633045 0.28101158 0.35663652
v -0.39660752 0.22989103 -0.14661340
v -0.04878438 0.07534224 0.38849744
v -0.09999432 0.40066284 -0.09352568
v 0.76646280 0.13411793 -0.07141493
v 0.63285279 0.03652178 -0.09267071
v -0.37857810 0.09136538 0.30869979
v 0.15178153 -0.26814032 0.26891485
v 0.01526982 -0.32501155 -0.40458214
v -0.45078224 0.07863931 0.19650355
v 0.20110846 0.16648510 -0.31585321
v -0.06689045 0.03864598 -0.53026330
v 0.00794946 -0.35373250 -0.31860641
v 0.73031199 0.10464859 0.04642794
v -0.33511770 0.28945625 -0.09045732
v 0.57718724 0.02027291 -0.04880135
v -0.72922659 0.07884760 0.03408056
v -0.11500183 -0.28496179 -0.53787744
v 0.05855018 -0.07910603 -0.52904689
v 0.08245525 -0.31370145 -0.46797866
v 0.27925390 -0.14034951 -0.48992544
v -0.28182182 0.34240779 -0.28924614
v -0.72144258 0.16696329 -0.01574446
v -0.31403273 0.32966876 0.12861529
v -0.53340584 -0.19725232 0.05209523
v 0.66387612 -0.06930250 -0.06243272
v -0.60456049 -0.15555787 0.03933594
v 0.72233093 0.09629679 0.03073018
v 0.08389689 0.22172242 0.36344165
v -0.33482045 0.28132904 -0.06465580
v -0.14167717 0.07263812 0.43629509
v 0.18250138 -0.34370697 -0.28080973
v 0.29186583 0.10883913 -0.37720543
v 0.78478652 0.10686701 -0.07764409
v 0.76435685 0.15834247 -0.02935879
v 0.25179371 -0.12016144 0.34034306
v 0.41660181 0.28759688 -0.06220868
v 0.00357030 0.24037984 0.34850472
v 0.06830905 0.40129220 -0.10792348
v -0.34940374 -0.36312199 -0.18870905
v -0.49546590 -0.28411466 0.04324642
v 0.73209786 0.07057413 -0.10327799
v -0.34000036 -0.39639464 -0.09397203
v -0.17724735 -0.08243935 -0.54951823
v 0.11269246 -0.03537288 0.43660539
v -0.06557789 -0.48169079 0.05219287
v 0.36461353 0.28240418 -0.23206045
v -0.51873213 -0.19381417 0.09295276
v 0.62748325 0.02388610 -0.10599805
v 0.71931887 0.22362505 -0.02072034
v 0.12062424 -0.38019732 -0.15381435
v 0.23906881 0.34274358 -0.21241429
v -0.58949351 0.22727768 0.04634254
v -0.08979414 -0.21734819 0.43456018
v 0.49539337 0.01122466 -0.14383247
v 0.07603166 0.38845652 0.02990434
v 0.57973897 0.23738199 -0.07567260
v 0.56449378 0.03338002 -0.06624456
v 0.02549274 -0.29751992 -0.33995417
v 0.62757933 -0.03219727 -0.12474059
v 0.01646113 -0.05463144 -0.53428668
v -0.14212093 -0.43818873 0.01147875
v -0.60565376 -0.11806318 0.03862825
v 0.64005411 0.09259996 -0.01036934
v -0.07683936 -0.01361039 -0.53803259
v 0.09737301 0.37768406 -0.19984624
v -0.68095076 -0.17882116 0.00080399
v -0.02667171 -0.14688021 -0.54746360
v 0.60880840 0.03170787 -0.08284152
v -0.63666785 0.19509035 0.02605511
v 0.54112625 -0.04061228 -0.16993849
v -0.46905231 -0.32023928 -0.09502149
v 0.83664870 0.20742597 -0.02158950
v 0.07276365 -0.08703437 -0.56664008
v -0.75930882 0.09925984 -0.01319736
v 0.83797556 0.18756014 -0.05325323
v 0.27713126 0.32509536 0.06417239
v -0.28629214 0.32047650 -0.02602795
v -0.12989095 -0.32383484 -0.41448903
v 0.04798311 -0.29096782 -0.50169563
v -0.35960555 -0.11262301 -0.34653917
v 0.23154588 0.33693552 -0.19080251
v 0.23857598 0.16204008 -0.36538929
v -0.27770722 0.05641069 0.36812210
v 0.32239845 0.32797378 0.10650706
v 0.00624279 0.43054584 -0.04138449
v 0.06860420 -0.00458357 -0.51112002
v 0.87027133 0.20765425 -0.04686762
v -0.48098886 0.07995278 0.21208644
v -0.48063770 -0.37538198 0.07175145
v 0.39137915 0.16645360 0.13655949
v -0.60856521 0.07342164 0.00152932
v -0.40755293 -0.37756911 -0.01951554
v 0.05584856 0.43435913 -0.08146015
v -0.23928379 0.35513711 -0.20513473
v 0.30255130 -0.02221414 0.34406352
v 0.84609151 0.18300979 -0.05986755
v 0.61423874 0.20508263 -0.11404076
v 0.33393547 0.00669296 -0.44938928
v 0.16195261 0.17187139 -0.35019833
v -0.21354742 0.33896500 0.22356428
v 0.05754618 0.37658161 -0.07318595
v 0.07874277 -0.07095502 -0.53709590
v 0.68715006 0.08710483 0.02374040
v -0.26192361 0.18836810 -0.38425589
v 0.59644073 0.02445760 0.04298940
v 0.50620991 -0.11674269 -0.11057919
v 0.11856581 0.36927518 -0.23254779
v 0.61411864 0.00100330 0.03945720
v 0.61481363 -0.01003121 -0.04969558
v 0.71424687 0.08451913 -0.07056989
v 0.15440454 0.18547714 -0.33967265
v -0.60438800 -0.12633608 0.02467702
v -0.32016802 0.05984592 -0.34976184
v 0.37749726 0.20381278 0.20610031
v 0.43641207 -0.25463927 -0.06519389
v 0.41287193 0.28526849 -0.01669535
v 0.12908289 0.37693751 -0.07982451
v 0.71900594 0.07094761 -0.13106444
v 0.59335113 -0.00763080 -0.03392717
v 0.19072440 0.18252751 -0.34448028
v -0.50175321 -0.26797515 -0.15490693
v 0.01652656 0.22221944 0.39948300
v 0.21117489 0.29918671 0.20014679
v -0.21227661 0.33530101 0.16220528
v -0.45632756 -0.30310947 0.12116864
v 0.09157807 -0.00243530 -0.51403040
v -0.53950924 0.23214847 -0.01947561
v 0.59977150 0.24749339 -0.09502438
v 0.39890307 0.27063525 0.05456677
v 0.00773856 0.39840913 -0.02264488
v -0.58597326 0.23570348 0.03603972
v -0.51843548 -0.29316908 -0.08904645
v -0.13450748 0.34423035 0.18593857
v -0.49119249 -0.36327800 -0.02904209
v 0.17588440 0.34313595 0.10015357
v 0.79500395 0.22486058 -0.05865432
v -0.73030245 0.05087748 0.01377796
v -0.00044797 -0.32022873 -0.38007203
v -0.51270688 -0.34402984 -0.00841871
v 0.68846101 0.08636054 -0.07629779
v 0.68210155 0.03549027 0.05459817
v -0.24752039 0.31166482 -0.28769615
v -0.24400070 0.32319483 0.08410713
v 0.65303558 0.09076036 -0.06578055
v 0.02587945 -0.26963541 -0.43847355
v -0.51851082 0.23646621 0.02801339
v -0.02339366 -0.01991335 -0.55094057
v 0.31685728 0.29215282 0.11035755
v -0.36104846 0.31695178 -0.05507901
v 0.23605770 0.23859832 0.29961270
v -0.28999400 -0.43169126 0.12310326
v -0.18276671 0.35107240 0.04637435
v 0.39700004 -0.22557363 -0.20027137
v 0.06778638 0.42712489 -0.06108657
v -0.12273394 -0.33711603 -0.30809119
v -0.00464080 0.11269873 0.39970058
v 0.34493729 0.24740285 0.14605293
v -0.26128167 0.32649630 -0.00860068
v -0.28953731 0.32908559 -0.02132562
v 0.65173018 0.09251920 -0.08534308
v 0.06195664 -0.34643134 -0.42260414
v -0.06825228 0.40585214 -0.02954686
v -0.15196580 -0.25287664 -0.47287378
v -0.03198320 -0.17958681 -0.55467290
v 0.66568947 -0.04772018 -0.11107667
v 0.37010098 -0.20384803 -0.28915769
v 0.01228775 0.42112118 -0.04659826
v -0.66403794 -0.23791659 0.02689084
v -0.01608698 -0.32482040 0.22540879
v 0.23172624 0.16214684 -0.30759189
v 0.61616671 -0.07814418 -0.09529872
v 0.05126898 -0.31354207 0.25246733
v 0.60419464 -0.03580241 -0.13345015
v 0.59551334 0.00111845 0.04881090
v 0.14727375 0.37260246 0.04194880
v -0.24304661 0.04105900 0.41987953
v 0.03710887 0.01833752 -0.52580541
v 0.62200558 0.10338238 -0.04499310
v -0.12435971 -0.33500183 0.12761948
v -0.20378679 0.30717045 -0.25029299
v 0.51114619 0.17613858 -0.02736577
v 0.29525453 0.33281511 -0.00914660
v 0.49776638 0.17289589 0.02880311
v -0.37940794 -0.24921243 0.35463202
v 0.49878135 -0.15908805 0.10207490
v 0.46589845 -0.18745612 -0.20425755
v 0.43345091 0.18828771 0.15275374
v -0.17798221 -0.43249550 -0.21698526
v 0.75125706 0.11249784 -0.09703776
v 0.09662849 0.36343414 0.11070359
v -0.18606476 0.25124460 0.32379135
v 0.29642677 0.12836395 -0.39315820
v 0.61179614 0.04365947 0.02391943
v -0.21498725 -0.17407493 0.45671159
v -0.51228732 0.24153380 -0.04767182
v -0.30448976 -0.32574904 -0.19523203
v -0.42077601 -0.38223839 0.13047796
v 0.17700236 -0.35833949 -0.28285599
v 0.69774878 0.13405080 -0.09867087
v -0.02220716 0.17820421 -0.41227683
v -0.37128454 0.19091360 0.31584841
v -0.30668145 0.32574442 0.04437977
v 0.73459166 0.23481444 -0.05256824
v 0.11434147 0.36894268 -0.19470395
v -0.46750435 0.28081706 0.03379340
v -0.20859705 0.34158245 0.02741072
v 0.05054199 0.04356897 0.41474223
v 0.66875821 0.21716866 -0.08454061
v 0.67384106 0.03366527 -0.06053577
v 0.32419828 -0.25060952 0.14280437
v 0.15136030 0.18793666 -0.34233621
v 0.06250063 0.03165120 -0.49423462
v 0.72278166 0.21995139 -0.06860210
v 0.65187562 0.05493245 0.02190782
v 0.48171601 -0.13759039 -0.13763757
v -0.00570163 -0.15812144 0.40785712
v 0.57828772 -0.01399997 0.04320905
v 0.14872694 -0.04033823 -0.49749729
v 0.34513563 -0.04174176 0.31080469
v 0.72158229 0.05636189 -0.10200988
v 0.56124830 -0.00778596 -0.12206961
v 0.34897649 0.23117428 0.17704278
v 0.32619059 0.31710684 -0.08404303
v 0.77324617 0.13161661 0.00177521
v 0.78825629 0.13711108 -0.00342470
v 0.00447880 0.43422580 -0.04739365
v -0.59113729 -0.24922574 0.07124102
v -0.65476555 0.12952237 0.01025304
v 0.07862672 0.33713552 0.15335113
v 0.52451253 0.19981959 -0.04736292
v 0.62841368 -0.07109222 -0.09471327
v -0.39635864 -0.08395347 -0.31953904
v 0.61452502 0.03541428 -0.01134351
v 0.31608719 0.05811907 -0.44818938
v -0.10421208 -0.35826325 0.04320340
v 0.54841161 -0.05687530 -0.02303126
v -0.30543101 0.11642340 0.34048438
v 0.50876445 -0.00709379 0.08377895
v -0.33472589 -0.43269742 -0.02094162
v -0.01146429 0.40423205 -0.02249339
v -0.38992208 0.16851069 0.29342565
v 0.41637033 0.24619928 0.04906785
v 0.27040601 0.32132989 0.13481146
v 0.07253799 0.25393084 -0.36098176
v 0.48047632 0.22510028 -0.03245151
v -0.72832966 0.02593445 -0.01837662
v 0.33145070 0.31987947 0.03925654
v 0.25943977 0.17170779 -0.32293180
v -0.40100476 -0.38902479 -0.21793851
v 0.10405496 0.39453286 -0.09725556
v -0.07024555 -0.35293257 0.08592357
v 0.04596556 0.43019021 -0.05179098
v 0.02714512 0.06818691 -0.49250829
v 0.63100272 0.04925895 0.03276366
v -0.57063305 -0.30036628 0.05316097
v 0.10644294 0.36573744 -0.22276445
v 0.20955645 0.12040070 -0.43312865
v 0.54311788 0.18398462 -0.08368540
v -0.52273262 0.14183393 0.09072986
v -0.16002093 0.33457381 0.25383443
v -0.42439958 0.21195811 -0.06892633
v -0.19659245 0.32868126 -0.00870645
v 0.07474348 0.06948346 -0.48855072
v 0.53910041 -0.08577323 0.06274034
v 0.84860790 0.20430028 -0.05398956
v -0.40574402 -0.37725127 0.08701396
v 0.00443929 0.38824731 -0.34000015
v 0.17534344 0.17160666 -0.34966525
v -0.44866940 0.12630212 0.20993792
v 0.46487406 0.19321172 0.00828817
v 0.22697777 0.30287173 0.17863989
v 0.37160948 0.28955621 -0.15678681
v -0.11332722 0.23961732 0.34835947
v 0.66075975 0.02248193 0.04450732
v 0.09033818 -0.00925797 0.42553449
v -0.52611160 0.15040481 0.03710790
v 0.03068936 0.00738272 -0.52722788
v 0.13910498 0.15075997 -0.49627796
v 0.19719614 -0.35154012 0.13549566
v 0.74288058 0.08873519 -0.11093043
v -0.38952887 -0.38428923 0.09223035
v 0.07305683 0.32991454 0.16946575
v 0.14636701 0.30739507 0.22834770
v 0.04165260 -0.25208378 -0.42189628
v 0.14847271 0.00748745 0.39735100
v 0.43792120 0.18417908 0.09389457
v -0.63758767 -0.19403434 0.04331908
v 0.06707507 0.37457538 0.12426722
v 0.19932173 -0.20276076 0.38701111
v -0.07073981 0.08168054 0.38489252
v -0.24325031 0.31466153 0.28831726
v 0.01957577 -0.44700992 0.14282578
v 0.30482423 -0.05125609 0.34839681
v 0.18052390 0.15919536 -0.35230088
v -0.67149693 0.12381756 -0.00384167
v 0.55603027 -0.08078355 -0.18222439
v 0.06634855 -0.39527118 -0.32504594
v -0.38898998 -0.37884629 0.02841887
v 0.43506613 0.18956946 0.07103273
v -0.58186817 -0.17072162 0.03092822
v -0.59516662 -0.26194987 0.06736487
v 0.68133491 0.01615417 -0.10050856
v 0.23224857 0.29666477 0.21043029
v 0.73194230 0.07713652 -0.09772165
v 0.74634612 0.10333932 -0.06743321
v -0.25693646 0.30833644 -0.09365749
v 0.56568974 -0.02536266 -0.00611863
v -0.01037160 0.02327585 -0.53103322
v -0.38523525 -0.27323806 -0.26099873
v 0.89127094 0.26503766 -0.02213115
v 0.04159215 0.05877692 -0.47996998
v 0.59788847 -0.00699672 0.07038261
v -0.64773583 -0.08066162 0.05910426
v -0.07993808 0.40645814 -0.06614822
v 0.33356264 0.24122037 0.19410667
v 0.58378804 -0.00154771 0.03394198
v -0.23303457 0.34005570 0.03611606
v 0.10523171 0.26417550 0.31497395
v -0.47085503 -0.29212251 0.04648942
v 0.16643390 0.35917196 0.03110731
v 0.65077871 0.04341750 0.00500649
v -0.68558776 -0.15758456 0.05289026
v 0.04479962 0.40766725 -0.04248714
v -0.62430143 0.12090775 0.07389081
v 0.52986693 -0.21637172 -0.01538946
v 0.38697961 -0.05058360 -0.28853375
v -0.44793618 0.24588248 0.02801308
v 0.31579232 0.32063484 0.05221274
v 0.69270205 0.17561388 -0.03464624
v 0.50270504 -0.23682436 -0.05440988
v 0.68304133 0.20033295 -0.04807789
v 0.42296776 -0.27349922 0.13236937
v -0.22547024 -0.32626069 -0.43704164
v 0.74990553 0.06313851 -0.06059667
v 0.07383166 -0.40763247 -0.18453142
v 0.34125262 0.17323044 0.21203585
v 0.15927467 0.18922280 -0.36320439
v -0.31807882 0.35882449 0.08971922
v 0.17382920 0.18981293 -0.43040448
v -0.42431164 0.24131733 -0.01904663
v -0.41770124 0.25296125 -0.08053735
v 0.08556455 0.37438044 0.02458432
v 0.63716543 -0.03250836 -0.11852187
v -0.14217190 -0.32220468 0.30806726
v 0.56631714 0.09631088 -0.07631122
v -0.47140497 0.31118208 0.07117996
v -0.09298813 0.25681072 0.33646125
v -0.16501935 0.36827183 -0.04870403
v 0.56710029 -0.07201019 -0.07956847
v 0.65981424 0.01209436 -0.12134266
v 0.00952031 -0.35502699 -0.31378958
v 0.17417553 0.35140389 0.04008996
v -0.51106161 0.22615035 0.05111532
v 0.48739117 -0.15507135 0.15748483
v 0.05667573 -0.01646554 -0.53078949
v 0.16690874 -0.05423576 -0.50239134
v 0.74745172 0.12635870 -0.09460431
v 0.56137729 -0.05098762 -0.14634556
v -0.55853546 -0.29428729 -0.02450167
v -0.54946840 0.24594466 -0.00370920
v 0.18165511 0.35452381 0.07498470
v 0.01015262 0.43264541 -0.06282133
v -0.02861252 0.06576118 -0.51219583
v -0.00663638 -0.16496977 -0.53205305
v 0.05996978 0.02867228 -0.52607411
v -0.28984767 -0.33228707 -0.08041778
v 0.65722466 0.02249479 0.05106708
v 0.26605910 0.22625843 0.25025833
v 0.07215855 0.06470731 -0.48485547
v -0.02571183 0.02877179 -0.46482784
v 0.63122416 0.02248353 0.06948736
v 0.10477126 0.03671809 -0.54567945
v -0.62349766 0.13589627 0.03658671
v 0.13615942 0.33325240 0.17659581
v 0.54293442 -0.15724628 -0.02937362
v 0.73501414 0.09118596 -0.07372937
v 0.50181592 0.03621465 0.11955950
v 0.01155995 0.44011533 -0.06123585
v -0.30501398 -0.33689111 -0.23971729
v 0.78250283 0.19682741 -0.09678727
v 0.69321716 -0.01145273 -0.08773778
v -0.59730130 0.18315201 0.04489110
v 0.55920398 -0.15298115 -0.03819162
v 0.19808458 -0.31159714 -0.21965322
v -0.47680059 0.23836882 0.05778347
v 0.38184541 0.26376837 0.07901707
v 0.15392777 0.25569791 0.30493307
v 0.45061845 -0.28181890 -0.12667865
v 0.78723598 0.09524739 -0.03949130
v 0.52883112 0.17204031 -0.03896526
v 0.13335434 -0.40135789 -0.09531097
v 0.69007653 0.09873080 -0.09116918
v -0.27436453 0.33772299 0.13720837
v -0.58396828 0.23798430 -0.02419266
v -0.10513355 0.31178892 0.30789396
v 0.36446273 0.21826404 0.19797513
v -0.55854571 -0.26715970 0.05499601
v -0.02193743 -0.09683347 -0.53562295
v -0.55083901 -0.29324886 0.14356020
v 0.11462516 -0.33150008 0.00490594
v 0.32826912 0.04831648 0.28884715
v -0.56980920 0.16208051 0.04264392
v 0.16312648 0.32848841 -0.27215084
v 0.74584937 0.09655771 -0.06562766
v 0.12421960 0.02753210 -0.45842546
v 0.09564027 0.02643278 -0.48139381
v -0.06840114 0.36676395 -0.10477075
v 0.49827906 -0.13951504 -0.21635978
v 0.20135050 0.32058159 -0.22662143
v -0.28656480 0.34303376 0.02514184
v -0.08324471 0.29127032 0.32773897
v 0.47550988 -0.15871891 -0.19952203
v 0.71104455 0.00920360 -0.04523411
v 0.18448202 0.16777484 -0.32481146
v 0.41511971 -0.19118351 0.12314333
v 0.33286682 0.32469732 0.01668456
v 0.04530339 -0.38374567 -0.19344874
v -0.49397871 -0.29317978 -0.08696020
v 0.28729206 0.11880687 -0.40951228
v 0.05107432 0.29292113 0.29331848
v -0.02684903 0.03603908 -0.50107235
v 0.49586451 -0.01265947 -0.13611023
v 0.62937069 -0.00589792 0.04748604
v 0.06400719 -0.42207646 0.02477592
v -0.11736456 -0.44641826 0.13870037
v -0.43742275 0.28589612 -0.01783758
v 0.15630586 0.11032566 -0.36262396
v 0.54542649 0.00777102 -0.00487785
v -0.06774274 0.37099275 -0.10939592
v -0.75591803 0.03520375 -0.00131323
v 0.51142657 0.01259723 0.10620025
v 0.14589325 -0.01819319 -0.47319299
v -0.43593958 0.01766753 -0.17415643
v 0.21448894 -0.30321974 -0.33496982
v -0.41448322 -0.28898782 -0.06148811
v -0.18732369 -0.16006881 -0.47615987
v 0.31250322 -0.30383056 0.15566587
v 0.24021985 0.21877646 0.30549332
v -0.02816298 -0.05577901 0.43629587
v 0.01668325 0.40612414 -0.00687274
v 0.58936906 -0.10650903 -0.06439902
v -0.25290462 0.32371858 0.13212167
v -0.54962236 0.23287049 0.01405089
v -0.38829258 0.26465976 -0.14152756
v 0.00780234 0.02727360 -0.52039731
v -0.04129675 -0.38123447 -0.39981711
v 0.06977807 -0.39840481 -0.03087404
v -0.07981282 0.39419529 -0.07122412
v 0.01188487 -0.10052659 -0.52571523
v 0.42979658 0.17739940 -0.13223431
v 0.65418482 0.09719379 -0.04760760
v -0.01381143 0.47145644 0.01957342
v 0.56240463 -0.11091836 0.06364217
v -0.36788058 -0.30150947 -0.33281606
v 0.55628705 -0.02039587 0.00026500
v 0.15605508 -0.14371786 -0.54655433
v 0.72274494 0.02998178 0.05922277
v 0.10941755 0.19120169 0.34795773
v -0.36054817 -0.33638287 0.06675288
v 0.03033966 0.06673640 -0.50873989
v -0.13348338 0.33029607 0.11284247
v -0.17854416 0.37812522 0.05806407
v 0.44828963 -0.00083452 -0.21952772
v 0.05043468 0.42798164 -0.02541277
v 0.52739322 -0.07707448 -0.18875070
v 0.08036938 0.40604895 -0.11956534
v -0.54536802 -0.25541928 0.00652647
v -0.05846034 0.23831540 0.41628456
v 0.16070315 0.35568047 0.04893482
v -0.07509043 0.27236265 0.30996841
v 0.12010559 0.15927631 0.32999116
v -0.29755592 0.25289127 -0.15267892
v 0.65352380 0.05466594 -0.06064917
v 0.62038171 -0.04088861 -0.10424794
v 0.03600341 0.39775610 -0.05721042
v 0.03674055 0.42169583 0.00932577
v -0.59057832 0.23635273 0.01336130
v 0.06928250 0.38545394 0.01223528
v 0.21063568 0.01435199 0.41295886
v 0.07811962 0.33710778 0.18807775
v 0.14426610 0.37526548 -0.11731166
v 0.06803158 -0.00378197 -0.53273332
v 0.05006941 0.37863570 0.13505170
v 0.59294772 -0.02120560 0.05758391
v 0.62323374 -0.01838537 -0.12840821
v -0.34758174 -0.39364129 -0.06433076
v 0.13795634 0.16469827 -0.40057337
v 0.20572680 -0.33178726 -0.24161932
v 0.54979867 0.20610163 -0.07048497
v -0.09639767 0.31664291 0.33471426
v 0.03427330 0.46291947 0.01256698
v -0.69019485 -0.06771335 0.01593561
v -0.37926584 -0.17414352 -0.41096425
v 0.11150242 0.34825382 0.15425047
v 0.62237805 0.17424263 -0.11509278
v 0.06984498 -0.34476778 -0.30879614
v 0.26576820 0.15277326 0.32450259
v 0.05392285 0.45934069 -0.01941377
v -0.48937303 -0.28156561 -0.08500175
v 0.50814283 0.22481549 -0.08039483
v 0.20737368 0.33748984 -0.01077938
v 0.07289758 -0.00548548 -0.48568606
v 0.04887047 0.40179586 0.11100805
v -0.21494168 0.35578164 0.15049350
v -0.55676925 0.19676831 0.03653215
v 0.77456033 0.19138077 -0.06690635
v 0.04356296 0.43070585 -0.05724728
v 0.58180714 0.13617662 -0.05470464
v 0.66172481 0.01289809 0.02590997
v 0.10345134 0.15151274 -0.46347466
v -0.57413328 0.19788891 0.06849678
v 0.09354162 -0.31308678 -0.35475868
v 0.68320113 0.05663559 -0.04284334
v 0.52851361 0.02598891 0.07424138
v -0.03536747 -0.30702516 0.19288760
v -0.00348800 -0.30716881 -0.37404597
v 0.58826655 -0.02334359 0.06554353
v 0.32677269 0.27488711 -0.19036487
v -0.18443248 0.31485257 0.29548770
v -0.06004255 -0.45545518 0.03169531
v 0.18177576 -0.04310992 -0.42814052
v -0.46698046 -0.29251224 -0.14504246
v 0.07649942 0.13383231 0.39781195
v -0.45024046 0.24520525 -0.00906289
v 0.46711335 0.21039960 0.03492701
v 0.09161630 -0.14517969 -0.52849990
v 0.68213797 0.00973275 0.05159530
v 0.73731190 0.12262913 -0.06209471
v 0.18769744 -0.38442624 -0.25409827
v 0.15504262 0.04629394 0.39534098
v 0.28366098 0.16578333 -0.36087400
v 0.61797476 0.22665313 -0.11691642
v 0.04746016 0.38670063 -0.10292658
v 0.34747025 -0.22088327 -0.41803873
v 0.04186862 0.49002320 -0.02140224
v -0.19995351 0.32086086 0.25095218
v 0.42312330 0.18174303 0.12815928
v -0.13413423 0.28926432 0.33892518
v -0.13239801 -0.39034456 -0.35485578
v 0.13299541 0.16016603 0.36024880
v -0.62006021 0.19467059 0.01437429
v 0.10652150 -0.01057774 -0.44080263
v 0.75022215 0.21253809 -0.05010302
v -0.43459368 0.24300566 0.05778657
v 0.15170136 0.16026495 -0.40939319
v 0.29172546 0.27908838 0.13596961
v 0.65764779 0.08652494 -0.08833921
v 0.57977396 -0.01137936 -0.01814713
v 0.01568734 0.43973583 -0.03973374
v 0.81243521 0.14460810 -0.08944063
v -0.60054791 0.04751620 0.08682515
v -0.00004578 0.44497612 -0.02233732
v -0.83487654 0.03216053 -0.05169687
v 0.02255136 -0.42329699 0.07400009
v -0.59134376 -0.23751710 0.06805044
v 0.59227955 -0.00065275 -0.08886927
v 0.06629131 0.37884635 -0.11882913
v -0.51228762 0.22717668 0.03033674
v 0.29017946 -0.10393138 -0.47698668
v 0.75044763 0.10763674 -0.09640852
v 0.59295422 0.00357857 0.04314262
v -0.22804010 0.33416188 0.14829835
v -0.13377205 -0.26620039 -0.50205410
v 0.69045579 0.07853886 0.03317471
v -0.02079484 0.07365763 -0.50961101
v 0.16260982 0.14481387 0.39571351
v -0.44576746 0.23562744 0.01102448
v 0.07539022 -0.35674340 -0.09291819
v 0.37772661 0.13698325 -0.22744858
v 0.62233043 -0.08421932 -0.03929064
v -0.36325571 -0.40879759 -0.09607588
v -0.17693400 -0.41165680 -0.21265507
v -0.67329115 0.24719036 -0.01416261
v -0.46638381 0.00202854 0.33784765
v -0.75988412 -0.01103920 -0.01053385
v -0.31182629 0.31465903 0.06917638
v 0.51446247 -0.05425861 -0.17881607
v 0.01519169 -0.33078712 -0.40119091
v 0.21756881 -0.33839270 -0.29523748
v -0.66093922 0.21890557 0.00123574
v 0.21655086 0.23996280 -0.32616603
v 0.30792797 0.00031578 -0.44936314
v 0.71965671 0.10439572 0.05322684
v 0.02538443 0.37398183 0.18724054
v 0.08908826 0.02719182 -0.45973545
v -0.49367270 0.25012642 0.04042386
v 0.77778023 0.12741739 -0.07508157
v 0.00055864 0.36475310 0.09868595
v 0.46642163 -0.14881292 -0.16786528
v 0.64407927 0.00930579 -0.05110383
v 0.39283723 0.28731489 -0.01780975
v -0.29378361 0.29654583 -0.13452873
v -0.33323455 -0.41228563 0.00968695
v 0.00659071 0.23271370 0.41113007
v 0.62559509 0.02091447 0.01525083
v 0.01778823 -0.36914313 -0.42078251
v 0.43018782 0.21066998 0.12361777
v -0.09259938 -0.32797882 -0.42964268
v -0.20769541 0.34268996 0.20897737
v 0.88693714 0.25929102 0.00585618
v 0.02977201 -0.01524338 -0.52177292
v 0.05684556 0.41787031 0.00189382
v -0.50389266 -0.29733792 -0.10551813
v -0.67657351 -0.13992563 0.02874249
v 0.14382488 -0.03665704 -0.51416957
v 0.36755577 0.07136637 -0.38297269
v 0.16159087 0.16891684 -0.32920507
v 0.11341485 -0.41721389 -0.01011997
v -0.52230525 -0.20212568 0.12245044
v -0.59487832 -0.20568308 0.11339833
v 0.23139973 0.15784773 -0.33111927
v -0.01120064 -0.12304588 -0.56500423
v -0.42606872 -0.38037801 0.10129312
v 0.11525100 0.33386126 0.15413174
v 0.07408234 0.00174755 -0.49361935
v -0.22190040 -0.43010846 0.15351692
v 0.43789274 -0.17304498 -0.22254817
v -0.25650471 0.33344477 0.10901219
v 0.08943684 0.43987238 -0.02445981
v 0.26781052 0.33377749 0.08803427
v 0.11610516 0.00425398 0.41782308
v -0.06405739 0.27317393 0.37014997
v 0.18705735 0.17115177 -0.33935773
v 0.39881799 0.30581644 -0.03869796
v 0.33006054 0.08367975 -0.40970710
v 0.39852914 0.22462431 0.10687619
v 0.08306941 -0.05582827 -0.51247340
v -0.19275086 0.33266953 0.03248954
v -0.70046306 -0.01616445 0.01001108
v -0.53644991 0.12073247 0.11966416
v 0.21903029 0.30352828 0.18433270
v -0.57629150 -0.17798105 0.04379736
v 0.56697428 -0.03723292 0.03119603
v -0.01211035 0.45767361 0.00311375
v 0.08165333 0.36386541 0.13958633
v -0.45742804 0.25833338 0.06841990
v -0.23882744 -0.44831604 -0.05470313
v 0.56599033 -0.02088454 -0.01555997
v 0.55988067 -0.07470442 -0.12708154
v 0.06110680 -0.01335627 -0.48909909
v 0.64413464 0.17051527 -0.09138614
v 0.12308888 0.14756699 -0.45376769
v 0.80147767 0.18030396 -0.07124995
v -0.32210234 -0.30997428 -0.10625158
v -0.45034498 -0.30999386 0.06340812
v -0.00413460 -0.15298995 0.45211369
v 0.29021701 0.30308476 0.09210479
v -0.79488587 0.12807620 -0.00972473
v 0.11874239 0.37264043 -0.20835631
v 0.64593542 -0.06638280 -0.09914464
v 0.57229179 0.02807797 -0.00033382
v -0.26963264 0.33564004 -0.01668647
v -0.07140169 0.28500786 0.35540211
v -0.55692375 -0.21761189 -0.01787737
v -0.41484356 0.02341908 0.36260325
v 0.84897959 0.18608806 0.03092474
v -0.22829907 0.30721200 0.29983532
v 0.57681972 0.15935804 -0.07978529
v 0.50941980 -0.05936101 0.11232804
v 0.70592332 0.05291694 0.05028295
v 0.11056863 0.32463294 -0.32001659
v -0.19610794 -0.45547712 0.13171336
v 0.72406292 0.12161073 -0.09372656
v -0.38104531 0.06112967 0.33749697
v 0.31602535 -0.28764841 -0.34384641
v 0.65914810 0.01295063 0.04068980
v 0.01394624 -0.42907590 -0.19084081
v 0.54898405 0.01776268 -0.02827373
v -0.59664786 -0.03368434 0.03315080
v 0.71401757 0.12443502 -0.08355775
v 0.06281868 -0.03073749 -0.51997757
v -0.15709177 -0.28302887 -0.45871937
v 0.03754181 0.04059792 -0.49650335
v 0.07977650 -0.31813660 -0.40250418
v 0.09989053 -0.05476979 -0.56580544
v -0.32094222 -0.35426188 -0.02089913
v 0.69016784 0.12553097 -0.08169708
v 0.60076010 0.02636078 0.01767897
v 0.05896455 0.03603604 -0.51504666
v 0.57562459 -0.08490729 -0.05151688
v -0.24070661 0.32920843 -0.13114484
v 0.60373169 0.05242339 0.03700939
v 0.78436172 0.13209790 -0.04802188
v -0.40408149 0.20723671 -0.19070719
v 0.39167234 -0.19038399 0.25512546
v 0.23894420 0.13976698 -0.40604526
v 0.21821800 -0.19358645 0.37014499
v -0.77280289 0.18236868 -0.03790490
v 0.60568404 -0.09724182 -0.12830596
v -0.22152391 -0.40634561 -0.16686621
v -0.34795749 0.31148171 0.03897411
v -0.23086037 0.28710493 -0.17024294
v -0.64082032 0.14169213 0.02516566
v 0.15682405 0.18028192 -0.39066172
v -0.38430363 -0.07358775 0.34122613
v 0.69851756 0.16715513 -0.01845859
v 0.63504648 0.01762050 0.06547616
v 0.49408400 -0.03343920 -0.21282603
v 0.42595536 0.14728653 0.14045388
v 0.38690752 0.11050898 -0.25541511
v 0.32740116 -0.13320121 0.39040774
v 0.53177238 0.23109221 -0.11066675
v 0.04914488 0.41685376 -0.04636452
v 0.49004400 -0.07379530 -0.08543305
v 0.36862206 0.11003441 -0.26931840
v -0.67941242 -0.06398635 -0.04008484
v -0.08790319 0.26873803 0.36573774
v 0.72824049 0.09042734 -0.09150298
v -0.26688591 0.34560236 0.07561904
v -0.23532793 0.36459649 0.05041605
v -0.21228087 -0.44463211 -0.08029974
v 0.81103688 0.22260350 0.04193075
v 0.57889211 0.02783653 0.03331903
v 0.79143107 0.09426357 -0.08318731
v 0.70856535 0.12501746 0.01705275
v -0.29130572 0.33890817 0.10521650
v -0.48941302 -0.07576032 0.24039364
v 0.61887717 -0.04673180 -0.00057599
v -0.47208714 -0.29001972 -0.14099246
v 0.58782929 0.12500629 -0.01742053
v -0.67283475 -0.08414622 0.00722802
v 0.00277701 0.40557200 0.01143983
v 0.02381384 0.36749312 -0.13270663
v 0.60133117 0.00623174 0.05438772
v 0.29211295 0.27042159 -0.28659835
v 0.18849449 0.16500077 -0.34601414
v -0.18893893 -0.44622207 0.03620636
v 0.24412981 0.17524788 -0.34987903
v -0.35859847 0.19616923 0.23850329
v 0.56931198 -0.05599603 0.04519281
v -0.34901246 0.32211077 0.00932094
v 0.58241868 -0.08475271 -0.10453452
v -0.58569109 0.10467234 0.08893028
v 0.56023133 -0.14881998 -0.07279937
v 0.68338990 0.00435351 -0.04529747
v 0.31282344 0.33586150 0.10102966
v -0.51880848 -0.31176671 -0.16215871
v 0.15031266 -0.35703045 -0.37189353
v 0.51787418 0.01443243 -0.02717626
v -0.58378625 -0.02246201 -0.01867772
v -0.49297744 0.21195611 0.01524402
v 0.02967862 0.42001730 -0.04622123
v 0.05402519 0.41435972 -0.05318996
v -0.07102326 -0.33041632 -0.25939000
v 0.10223933 0.23576103 -0.40670440
v -0.48607835 0.26267809 0.00712709
v -0.53614205 -0.28854677 -0.00406811
v 0.39934164 0.00617108 -0.24439113
v -0.29447848 0.33743185 0.17539349
v -0.49232128 -0.03040126 -0.17006084
v 0.18615815 0.14850485 -0.37727568
v 0.06109649 0.06663921 -0.49368352
v -0.37188435 -0.22842024 0.16854589
v 0.63601446 0.01149549 0.07693614
v 0.02902499 0.41223913 -0.04856852
v -0.18479007 -0.41245186 -0.18606302
v 0.24996123 0.35059690 -0.04796410
v -0.52325213 0.23341635 -0.04569855
v 0.66789007 -0.01355143 -0.09979859
v -0.02072817 0.03653172 -0.49792284
v 0.10166895 0.35940307 0.04734069
v -0.30289590 0.32285807 -0.01188132
v -0.62959111 0.23428878 -0.00018984
v 0.66361803 0.05749436 -0.04826120
v -0.37020627 0.30307385 0.07867378
v -0.23651493 -0.41241324 -0.20024854
v -0.78077483 0.04367761 -0.05150852
v -0.47288221 0.24384513 0.06874190
v -0.01138043 0.41178042 -0.00593320
v -0.52697593 0.22924036 0.04694679
v -0.05908641 -0.43634909 -0.15284780
v 0.46010950 0.16033924 0.04172167
v -0.23925313 0.33904320 -0.02005056
v -0.07769890 0.35105559 -0.11276573
v -0.59146369 0.24120878 -0.01416218
v -0.37378222 0.31308985 0.01620191
v 0.15560222 0.20940652 0.34852007
v -0.30379596 -0.28133208 -0.16901757
v -0.22787219 -0.35568285 -0.04509217
v 0.23798323 0.23821855 0.28822601
v -0.41945302 -0.33261108 -0.07016012
v 0.56974733 -0.01689297 0.02572642
v -0.50403512 -0.26234454 -0.03019066
v 0.74408865 0.09331787 -0.05991580
v 0.08597448 0.40567774 -0.14062499
v 0.13767302 0.18782398 0.34093904
v 0.34957716 0.31308484 0.00267452
v 0.70466107 0.05928387 -0.10286176
v -0.64677393 0.04001781 0.02501463
v 0.68211520 0.18461600 -0.13184172
v 0.71282661 0.10767794 0.01950897
v 0.04836223 -0.26020393 -0.51189351
v -0.27014622 0.34326169 0.22053786
v 0.02920308 0.35075998 -0.01334000
v -0.38118458 -0.28194696 0.25693119
v 0.59161425 -0.06666377 -0.03829709
v 0.32504714 0.23944016 0.17942515
v 0.58410287 0.04437387 -0.02252391
v -0.27018225 0.35852373 0.05164501
v 0.58130771 0.03471086 0.01143682
v 0.68589044 0.03255367 0.05017027
v 0.13889703 -0.11999983 -0.52374274
v 0.02170756 0.04401302 -0.47935405
v -0.41814482 0.30899480 0.02921423
v 0.61317217 0.02006453 0.04349369
v -0.58491528 0.20690422 0.04161704
v 0.04674264 0.34869784 0.05256584
v -0.73784053 0.02412814 -0.00057904
v 0.32283816 0.25922799 0.13035446
v -0.06759447 -0.44447017 -0.12662753
v 0.61177272 -0.01564059 -0.00101691
v -0.14577362 -0.12847516 -0.56369567
v 0.17428268 -0.29112113 0.17380849
v -0.49307728 -0.28798240 -0.16135943
v -0.07403964 -0.35974404 0.19650564
v 0.59754813 -0.03368427 -0.09566154
v -0.10409312 -0.32906288 -0.34474829
v -0.02372060 -0.33253050 0.10232449
v -0.06740043 -0.40861598 -0.34009868
v 0.28265440 0.26222789 0.22202447
v -0.02766001 0.30139756 0.33823368
v 0.55163425 -0.13670871 -0.04221196
v 0.09669621 0.31512642 0.25784367
v 0.26300427 0.14035545 -0.37162015
v 0.05303499 0.09472868 0.39917421
v -0.08351547 0.12188342 -0.42991769
v -0.52742493 0.12974371 0.06360418
v 0.06755890 0.38493001 0.03120291
v 0.19693904 0.30751875 0.18534857
v -0.69813323 0.15240310 -0.01026189
v -0.10039905 0.36249071 0.24811321
v -0.68964463 -0.06930255 0.04337366
v 0.76054430 0.12338551 -0.05739560
v 0.27002552 0.31237990 0.16658387
v -0.39313740 0.16009355 0.21970032
v -0.04452911 -0.08520965 -0.51321536
v 0.45242500 0.15208748 0.11042094
v 0.62351513 0.05044276 -0.03092396
v 0.03738427 0.07702570 -0.50634497
v 0.08715838 -0.32498935 -0.45244163
v 0.31002456 0.19628358 -0.31264144
v 0.11284526 0.00374046 -0.46504027
v 0.74683446 0.10908292 -0.07552148
v 0.05335830 0.27584445 0.33367419
v 0.55190456 0.05012217 -0.01370090
v 0.42449135 0.25793028 0.02120429
v 0.08767097 0.31292313 -0.29371256
v -0.00702175 0.09216753 -0.47640646
v -0.34961727 -0.35911137 0.02793533
v -0.31050751 0.35174760 0.15816638
v 0.06615609 -0.30488163 -0.40309948
v 0.26885259 -0.06304741 -0.49071616
v 0.57953429 0.17565913 -0.08012637
v 0.01300922 0.08240959 0.42307228
v 0.21560138 -0.41164047 -0.18072876
v 0.34510481 0.30067712 -0.13776147
v -0.17576942 -0.43621314 -0.06856754
v 0.18818009 -0.02712329 -0.49021849
v -0.46785957 -0.33413100 -0.25267819
v 0.28274113 -0.17846742 0.32954293
v -0.43641657 0.29592258 -0.00440760
v -0.12419379 0.35130662 0.25927237
v -0.10892308 0.34339926 0.22035226
v 0.78976709 0.15559363 -0.05974743
v 0.21046171 -0.32503662 -0.24596991
v -0.57454598 -0.27693474 0.04529309
v -0.33736232 -0.40196919 0.03107679
v 0.33650082 -0.01041162 0.30716890
v 0.09217712 0.01676813 -0.52073598
v -0.25382864 -0.36408511 -0.25439280
v 0.01295933 0.43851626 -0.03236398
v 0.16541803 0.16616893 0.35309657
v -0.25520545 0.33858448 -0.11990584
v 0.31692904 -0.26086253 -0.38197893
v 0.17204317 0.07650454 -0.48895907
v 0.34726766 0.27712718 0.07720584
v -0.33429301 0.26113674 -0.06736198
v 0.14165676 -0.28622040 -0.48843589
v 0.30829677 0.32471102 0.07089096
v 0.21738577 0.15259999 -0.34465462
v -0.35878605 -0.19528627 0.29455307
v 0.06121814 0.07106224 -0.48683220
v -0.40484190 0.23877214 -0.04314508
v -0.00525728 0.43145093 -0.02334335
v 0.03945236 0.39014205 -0.04151690
v -0.46969861 0.24679899 0.00391336
v 0.31831291 -0.24292542 0.23698032
v 0.63541371 -0.05341867 -0.06346989
v -0.43857095 0.29126275 0.00929438
v 0.68798393 0.05800544 -0.05368489
v 0.55159283 -0.17344707 -0.00817030
v -0.56316990 -0.28673828 -0.01134187
v 0.11623342 0.32853866 0.15901381
v -0.45590600 -0.33413091 -0.10346128
v -0.48169100 0.22630383 0.02434006
v 0.31527495 -0.04188287 -0.46029341
v -0.06638578 -0.38707078 -0.09836029
v 0.15680395 0.39416882 -0.08600056
v -0.51758057 0.07656091 0.14614515
v -0.17921656 -0.28476566 0.28683317
v 0.01584792 0.44443530 -0.05521768
v -0.10097381 0.34174237 0.23086241
v 0.59583092 -0.05116446 0.00295834
v 0.41160887 0.24099126 0.06783399
v -0.01708999 -0.07079864 -0.56421614
v 0.18524346 0.18319216 -0.34270480
v -0.23966753 0.15111601 0.36554703
v -0.53461134 -0.17024496 0.05093479
v 0.38811767 0.28549892 0.05794761
v 0.05155584 0.10587233 0.41651303
v -0.77377772 0.03601643 0.01052429
v -0.65806520 -0.16547850 0.08101350
v 0.19600405 0.35589582 0.07587174
v 0.12445153 0.19742054 -0.35175580
v -0.52997398 0.02621302 -0.00225692
v 0.36494115 0.30604714 0.00641650
v 0.67096776 0.15078761 -0.09719378
v 0.69136506 0.01461712 -0.05941145
v -0.30111754 -0.03157835 0.42829430
v 0.68290281 0.10108429 -0.06742576
v 0.03682208 0.39068586 -0.08669621
v -0.16720161 0.36948532 -0.11119203
v 0.54479331 0.24792467 -0.11636165
v -0.08742365 0.31760812 0.27157778
v 0.07441613 0.21271771 0.34130833
v -0.62128192 0.21962470 -0.04113494
v -0.61762285 -0.15630454 0.03836048
v 0.20403384 0.16006595 -0.33002573
v -0.12340727 0.34071079 0.24260339
v 0.87340987 0.20005076 -0.03561067
v 0.53099763 -0.06306973 -0.06735256
v -0.63614053 0.12335940 0.02213360
v -0.58143723 0.22646716 0.04662928
v 0.05343932 0.40351462 0.00438017
v -0.26630384 0.32892895 -0.02986416
v -0.71001369 -0.08642912 0.00034596
v 0.00753552 -0.28101730 -0.50476593
v -0.16723937 0.37142813 0.03454861
v 0.30899087 0.15075237 -0.40616825
v -0.59435135 -0.14670154 0.03219771
v -0.16227561 0.31804216 0.27151898
v 0.67205334 0.11186641 -0.11664361
v 0.50493526 0.10415426 -0.13493717
v 0.53353500 -0.02167954 -0.03852007
v 0.54361141 -0.17580143 -0.02187840
v -0.74951804 0.14450705 -0.03789300
v 0.09406836 0.39328164 -0.10363820
v 0.48379686 0.18649636 -0.00768483
v 0.14882708 0.00049365 -0.49066857
v 0.47174919 -0.07984447 0.14880222
v 0.71988344 0.06912287 0.03186428
v 0.23577562 -0.24570975 -0.48925954
v 0.42189160 -0.04238498 0.19679008
v -0.01904291 0.08600134 -0.45920783
v 0.61516464 -0.00679779 0.08916718
v -0.51468050 0.22374359 0.02713062
v -0.51925421 0.22200836 0.00223733
v 0.78762919 0.20980969 -0.06108271
v 0.04093904 0.42192039 -0.05679119
v -0.19902474 0.33550102 0.26601729
v 0.11498570 0.23734432 0.33849776
v 0.35116571 0.06292577 -0.40977466
v -0.25360915 -0.44149965 0.00030518
v -0.03409444 0.33579540 0.22070903
v 0.56156147 -0.03884735 -0.00795779
v 0.83632946 0.20149454 -0.02870622
v 0.80752409 0.12139934 -0.04655641
v 0.19259238 -0.32734540 -0.15128119
v -0.54565549 0.01068768 0.05982493
v 0.07454959 -0.01680219 -0.52765542
v 0.03037563 -0.38186169 -0.28656918
v -0.10698792 0.32959259 0.08206818
v -0.56447625 -0.22316110 -0.08864161
v -0.25623715 -0.30484235 0.22084001
v -0.47120023 -0.18851912 0.18270606
v -0.12211169 0.24327835 0.34221137
v 0.53786922 0.06140751 -0.06023267
v 0.03402649 0.45045277 -0.03762141
v 0.76404607 0.20053297 -0.07481837
v 0.29137585 0.13091165 0.32386303
v -0.53611743 0.23017648 0.05250810
v -0.77774096 0.15485761 -0.03365446
v 0.35303319 0.31224376 -0.00992978
v 0.42962599 -0.23085397 0.08968947
v 0.61677706 -0.00854610 0.04279497
v 0.58855772 0.16104466 -0.07987596
v -0.25063634 0.33665419 -0.05217886
v -0.32172403 0.26855367 -0.10496584
v 0.08877288 0.37596375 0.05097535
v -0.05219769 -0.30272049 -0.43424293
v -0.14613581 0.34374148 0.16842163
v -0.31137553 -0.42411882 0.03392673
v 0.06443234 0.45697263 -0.04617062
v -0.44560272 -0.36072919 -0.23001362
v 0.08713061 -0.13588738 -0.54582578
v 0.07588929 -0.02686572 -0.49416572
v -0.05219587 0.29041374 0.33270550
v -0.55610633 -0.00048210 0.16351219
v 0.14562669 0.17285594 -0.38646021
v 0.08127540 -0.14183728 -0.57585895
v 0.43305501 0.27668953 -0.16716726
v 0.67636925 -0.04044296 -0.12927200
v 0.05384883 0.34693980 -0.36500144
v -0.70194203 -0.14757825 0.02713965
v 0.62416720 0.04581168 0.01375322
v -0.51243603 -0.08934179 0.22354531
v 0.56443137 0.01576652 0.01750311
v -0.73190427 0.04194051 -0.03807122
v -0.07015829 0.27871743 0.33001694
v -0.21216202 0.33265853 0.14168721
v 0.43592027 0.17037606 0.08217618
v -0.38898396 -0.07551998 0.35672617
v -0.48373365 0.23419231 0.00722715
v -0.78217423 0.00207649 0.02226086
v 0.19064213 0.35097715 0.06361338
v -0.19722307 -0.36494592 -0.35473880
v 0.03987382 0.37313688 0.21752667
v -0.40463197 -0.27332592 -0.01560731
v -0.31092605 -0.41817489 0.13963979
v 0.41630825 0.20808278 0.07863739
v 0.50831747 -0.02652320 0.11083274
v -0.71058238 0.04767254 -0.02369992
v -0.57933158 -0.23221260 0.13208556
v -0.53761387 -0.22806972 -0.05545993
v -0.26104552 -0.13198903 -0.47378618
v -0.07951245 -0.43131393 -0.13926493
v 0.51892781 0.06041810 0.05864275
v 0.00420204 0.06712511 -0.48437625
v -0.22343779 0.33413714 0.21914026
v 0.66989791 -0.02170797 -0.04835024
v 0.57553482 0.05541635 -0.00139043
v 0.20342740 0.18885514 -0.32990655
v -0.25050336 0.33633655 0.08820188
v -0.55043811 0.11149538 0.04123043
v 0.54686493 -0.02105230 0.05934060
v 0.17306814 0.34070960 0.12929904
v 0.55770200 0.00767910 0.02856092
v 0.22131416 -0.37308544 -0.25831741
v 0.24944597 0.23645674 0.23436239
v -0.22164395 0.31289521 -0.03343412
v 0.20631528 0.14385413 -0.44934350
v 0.12031952 0.02650297 -0.45596072
v 0.58887535 0.22283813 -0.10377464
v 0.07458383 0.01339209 -0.54690158
v -0.31184709 -0.37344733 -0.13151711
v 0.42512617 -0.22396374 0.26901856
v -0.21044324 0.30795348 -0.00429010
v -0.19750792 0.36490420 -0.01578408
v 0.10833782 -0.26982483 -0.49662036
v -0.35169870 -0.39266399 -0.12576124
v -0.44633436 0.02552381 -0.21460223
v -0.55505985 -0.04991567 -0.11182381
v 0.02612221 0.02700001 -0.48500538
v -0.73080981 0.01963378 0.01214698
v 0.10499658 0.40461445 -0.13518140
v -0.55607373 0.24125239 -0.01940504
v -0.27897254 0.34159338 0.23262261
v -0.26176929 -0.34450549 -0.11352712
v -0.00092492 -0.36808926 0.04001734
v -0.62473059 -0.13241062 0.00537694
v -0.27306122 0.09325761 -0.38298127
v 0.38318741 0.26240230 -0.17858921
v -0.03093310 0.44152957 -0.02173525
v 0.33537728 0.25239861 -0.26301938
v 0.19432837 0.32781017 -0.08231404
v 0.14564365 0.36998570 -0.14289363
v -0.79748440 0.11219442 -0.02956399
v 0.34529829 -0.12822492 -0.32205701
v -0.51288301 0.21322626 0.05269493
v 0.58144492 0.02159629 0.01670784
v 0.20727840 0.23095828 0.29964149
v 0.12004899 -0.35848546 0.03391957
v -0.62105149 -0.10137565 0.02261621
v -0.29516697 -0.15046906 -0.42982918
v -0.57366961 -0.29936394 0.03013402
v -0.65503526 0.11957015 0.02730498
v -0.71405011 -0.08606583 0.00197306
v 0.66368115 0.02972415 0.08128897
v 0.79860276 0.23349200 -0.06654480
v -0.06317976 0.35133854 0.26576912
v -0.39179152 0.27435756 0.01865461
v 0.67891312 0.03130645 -0.13125694
v 0.42201418 -0.18024868 0.14337569
v 0.67615557 0.00786328 0.08715226
v -0.32614756 0.03795114 -0.34443802
v -0.15640634 -0.46074635 0.05242318
v 0.13463873 0.18878429 -0.33056122
v -0.64930272 -0.06203993 0.05653871
v -0.43027806 0.03015263 0.34234992
v 0.78330994 0.20892288 -0.08375281
v 0.15656909 0.33792821 0.16857198
v 0.74766302 0.08280397 -0.10126463
v 0.12348258 -0.00565329 -0.48401076
v -0.18746024 -0.43111128 0.00575826
v -0.12180971 0.35187104 0.23943511
v -0.31739378 0.30471411 0.00409532
v 0.60709798 0.01917356 -0.03997190
v 0.06373884 0.12645000 0.40761921
v -0.01337214 0.44222790 -0.06004876
v 0.09588584 -0.01420116 -0.51045567
v 0.42194614 -0.12936114 -0.25552472
v -0.46264583 -0.25317582 -0.21274850
v 0.66721886 0.21654767 -0.08419654
v 0.22122344 -0.39052108 -0.05433245
v -0.17068306 -0.39336741 -0.29580373
v 0.47570318 0.14453205 -0.16963960
v -0.70283288 -0.06706106 0.05007605
v 0.01248342 0.37866187 0.03181490
v 0.62775189 0.00729880 0.05580708
v 0.33430359 0.28609160 0.10533836
v 0.49634114 -0.04191210 -0.17309834
v 0.86249876 0.20579861 -0.05541444
v -0.38128361 -0.39255622 0.16370386
v 0.34722087 0.02572948 -0.42472184
v 0.26379558 0.32077408 0.17194125
v 0.15476906 -0.09581703 -0.51081240
v 0.60405225 -0.01301256 0.00059593
v -0.08657633 0.28630698 0.28797373
v 0.54020911 0.12379959 0.01763219
v -0.26468846 -0.29424855 0.17487912
v 0.06018479 0.41636312 -0.10754088
v 0.61939830 0.09096301 -0.06582448
v -0.42676049 0.26053020 0.00988674
v -0.06354214 -0.31741506 -0.46582025
v 0.16100064 0.17845957 -0.35163680
v -0.05317253 0.36046454 0.17406991
v -0.00207141 0.44624856 -0.00494403
v -0.69468570 -0.10421094 0.02753046
v -0.28718963 -0.33943307 -0.16673124
v 0.54195821 -0.01879191 0.01746944
v 0.24948405 0.20943987 -0.35046080
v -0.44725880 -0.31272441 0.07054465
v -0.23594873 0.33528525 -0.02756619
v 0.20657048 0.15823635 -0.33865735
v -0.00662360 -0.31450656 -0.43485564
v 0.62650961 0.01448540 -0.01983753
v -0.36401284 -0.39571390 -0.25048688
v -0.28956464 -0.33412790 0.09006007
v -0.34720963 -0.41835177 0.11383989
v -0.42909271 -0.37312800 0.10093051
v -0.00716770 0.04257178 -0.48444140
v -0.69567412 -0.08554159 0.05989790
v 0.51785260 0.25668254 -0.08046561
v -0.35373861 -0.41363728 0.09914577
v -0.24300416 0.36541116 -0.11428384
v 0.18625042 0.17268929 -0.33742878
v 0.12698890 -0.43861854 -0.08091748
v -0.55784416 0.18984908 0.04840314
v 0.67068124 0.03253323 -0.04155752
v 0.59930319 0.09746963 0.00834960
v -0.18835463 0.33709908 -0.08856025
v 0.75481200 0.19294323 -0.06080444
v -0.46778461 -0.30629542 -0.11353688
v 0.09985867 0.37206936 -0.01197264
v -0.17310958 -0.44080627 0.20958662
v 0.10329659 0.37608388 -0.22100270
v 0.35870588 0.31211644 0.00963125
v 0.34989071 0.26855546 0.09373793
v 0.15013865 0.17494683 -0.35286209
v -0.10451317 -0.33440959 -0.20112808
v 0.14469880 0.36437482 -0.06658062
v -0.28121996 0.19735472 0.34040609
v 0.03163623 0.42625475 0.01187491
v -0.15758075 0.29569909 0.31204212
v 0.07604966 -0.13815849 -0.53611553
v 0.68745351 0.06581041 0.06888786
v 0.20322129 -0.30956784 -0.40339839
v -0.73344839 -0.02284545 0.02076305
v 0.29007614 -0.16418427 0.33929104
v 0.39063957 -0.25285006 0.11332919
v 0.10114095 -0.03068718 -0.51380539
v 0.16964954 0.25677246 0.31220496
v -0.50239968 -0.00337660 0.21972635
v 0.70129943 0.03474526 -0.10708629
v -0.09555416 -0.41537821 -0.01608616
v -0.17664105 -0.07971247 0.45396265
v 0.52764773 -0.12978634 0.05076317
v 0.17249069 0.18030694 -0.35603073
v -0.04701686 -0.05160719 -0.50249445
v -0.40723148 0.17514122 -0.18268587
v 0.03398623 0.41020089 -0.00033259
v 0.69562578 0.06427135 0.05512290
v 0.05189279 0.40257120 0.04746535
v 0.13869442 0.34363797 0.10907909
v -0.19106993 0.34941128 0.06607538
v -0.75950336 0.06087472 -0.02938336
v 0.32576501 0.28780502 0.15740928
v 0.66419220 0.06668631 -0.04588494
v -0.44817227 0.10585305 0.24306221
v 0.77461404 0.12458275 -0.08300195
v -0.10832974 0.34646863 0.20630774
v 0.16185433 0.20454647 -0.32651687
v 0.06150094 -0.44674787 -0.04612547
v -0.16071497 0.28350121 0.34118369
v 0.23090783 0.17886972 0.33141944
v -0.67593652 -0.08582628 -0.01000576
v -0.32142729 0.34646818 0.03950641
v 0.06203857 -0.06472562 -0.51910985
v 0.62867832 -0.03209737 -0.10441163
v -0.18655449 0.33737716 -0.01292098
v 0.70978320 0.08507864 0.00665880
v -0.31860763 0.33175895 -0.02018407
v -0.48379660 0.24739197 0.03471942
v 0.73340654 0.12035934 -0.10511006
v 0.28759855 0.18176299 -0.28680038
v 0.59165806 -0.02888855 0.01080257
v -0.32525975 0.20992431 0.31304377
v -0.25199911 0.32507202 0.24604172
v -0.20112717 0.32924297 -0.06617665
v 0.19321504 0.34975874 0.01387414
v -0.29059622 0.34110171 0.08362634
v 0.39668036 0.19274119 0.12902299
v 0.59480107 0.00280994 0.04088843
v 0.38677794 -0.27888885 -0.04087055
v 0.54879642 -0.09877154 0.01104157
v 0.11969057 0.15873699 -0.40788978
v 0.37965789 0.25121164 0.09340090
v 0.04373394 -0.30920205 -0.41106036
v -0.46702009 -0.30691692 -0.09870467
v 0.22182921 0.15167582 -0.33493820
v 0.21488431 0.17184533 -0.30665609
v 0.52836013 -0.07103653 -0.06180283
v 0.62699258 0.14635885 -0.07877043
v 0.46193802 0.20443445 0.03829733
v 0.25192112 0.30173331 0.16097698
v -0.27280849 -0.44394237 0.09519783
v 0.57343400 0.07320502 -0.00921921
v 0.11569513 -0.27877510 0.31081489
v 0.48138040 -0.07298753 -0.14512001
v 0.08445293 0.39457962 0.01854187
v -0.01234522 -0.44197661 -0.07892317
v -0.18094414 0.29570472 0.35566783
v 0.21919437 0.16587698 -0.30643067
v -0.15715592 0.35793751 0.03761235
v -0.55498874 0.22764777 0.01783161
v -0.14755273 0.34344584 -0.08111295
v -0.26481897 0.34601012 0.13475627
v 0.22481687 0.16169323 -0.34531048
v -0.29729366 0.34174049 0.10519987
v 0.55200022 0.05881703 -0.01872001
v 0.10683124 0.40318811 -0.13098589
v 0.03235191 0.41293293 -0.01713553
v -0.44145155 -0.24636111 -0.20653681
v -0.29106537 0.32742703 0.20083305
v 0.46737742 -0.24446540 0.03391773
v -0.28807628 0.33933187 0.21840011
v -0.21163267 0.37364706 0.06553900
v 0.19085872 0.17612797 -0.32686552
v 0.23311749 0.16074988 -0.40090948
v 0.84497344 0.17731531 0.01470448
v 0.57488048 -0.00371742 0.03882398
v -0.60983461 0.06369029 0.03152999
v 0.22200024 0.16199672 -0.33078334
v 0.56960672 -0.01052070 -0.01742545
v 0.60021198 0.01402232 -0.00446287
v -0.24537989 -0.43372133 -0.08765718
v -0.37820998 -0.32992697 -0.15332226
v 0.16141142 0.17328575 -0.33917636
v -0.23680948 -0.43813545 -0.08041085
v 0.18879151 0.36541384 -0.20568271
v 0.12561882 0.33400229 0.23503144
v 0.53493059 -0.02225500 0.03679401
v -0.24835843 0.33290026 0.10958111
v 0.12101192 0.34228382 0.16387266
v 0.12278742 -0.03786394 -0.50730008
v -0.16176288 0.35553551 -0.03843117
v 0.08291593 0.40456319 -0.02140218
v 0.57286733 -0.09830328 -0.01947498
v 0.30165881 -0.23023938 0.21945998
v -0.45243174 -0.07850370 -0.10592663
v -0.71877611 -0.01081567 -0.00684883
v -0.22493200 0.33706439 -0.04285717
v 0.27858609 -0.07698217 0.38626093
v -0.42671096 -0.20107564 -0.24913761
v 0.34576958 0.30379725 0.05677575
v -0.26340908 0.31265843 -0.19406916
v 0.30285960 0.26774341 0.18526310
v 0.04720402 0.03134355 -0.48385310
v 0.06128654 -0.03087172 -0.51772720
v -0.71337193 0.02784231 -0.00817655
v 0.60924351 0.09153387 -0.07479981
v 0.57059556 -0.07463002 0.02004930
v 0.03807306 -0.01117972 -0.57357019
v 0.34715724 0.32023287 0.03180352
v 0.62453270 0.01927030 -0.03302644
v -0.30995935 -0.43037778 0.16348404
v 0.07572280 -0.36983424 -0.18618861
v 0.55100185 0.15764847 0.00698981
v 0.25794169 0.33820403 -0.22396260
v 0.06777989 -0.32068878 -0.35446534
v 0.63946521 0.07034193 -0.04973300
v 0.32390776 0.32079297 0.05393222
v 0.18306431 0.32739609 -0.23979115
v 0.57112217 0.10255383 -0.03909689
v 0.27042839 -0.31562805 -0.35148716
v -0.01283272 -0.38340396 -0.27689272
v -0.60482293 0.10204637 0.07471767
v -0.74050170 -0.03743690 -0.00666787
v -0.77319145 -0.05677672 0.03047524
v -0.29568830 0.32398224 -0.02666605
v -0.25211415 -0.43344793 0.01646709
v 0.24272180 0.12026753 -0.43701446
v -0.03440321 0.25466800 -0.22874980
v 0.62197745 0.01860064 0.01829216
v 0.48577872 -0.12943873 -0.17087892
v -0.13803017 0.18036117 0.36931163
v 0.06865415 0.06855133 -0.46557581
v -0.65538651 -0.16929966 0.03465956
v -0.05630246 -0.31890291 -0.48252049
v -0.55838352 -0.25922006 0.10046366
v -0.60180682 -0.12640885 0.01679942
v -0.25841826 -0.27708542 -0.29410315
v 0.16300690 0.16946827 -0.37220916
v -0.26317489 0.35058367 -0.02177840
v -0.24508372 0.34326226 0.04546231
v 0.74021500 0.01745911 -0.04889158
v 0.17797124 0.38169000 -0.18444736
v -0.08969283 -0.35392237 -0.42295724
v 0.54190773 -0.11874266 -0.15688330
v 0.50367141 0.21896186 -0.06438383
v 0.60094559 0.23394892 -0.08792329
v -0.00051902 -0.25599045 -0.49184865
v -0.54850298 0.01650970 0.05463185
v 0.35952187 -0.36235195 -0.19514039
v 0.17089343 0.15926433 -0.45974809
v 0.54129779 0.01873461 -0.04680982
v 0.29450274 0.27327496 0.15455407
v -0.48189306 -0.06508604 -0.08518557
v 0.70472741 0.09600820 -0.09687385
v 0.58271515 0.23732209 -0.10860378
v 0.13732077 0.18477929 -0.35202873
v 0.26025170 0.33654475 -0.17742340
v 0.15924522 -0.22495729 -0.51904494
v -0.23537326 0.33413211 0.18898496
v 0.56550223 -0.10083432 -0.01254392
v -0.49387968 -0.32037508 0.19040707
v -0.26945284 -0.37257010 -0.26740605
v 0.53853500 0.26915857 -0.11536781
v -0.64709127 -0.16618863 0.02089897
v -0.59537542 0.06561659 0.05519123
v -0.55695945 0.23829614 0.03850092
v 0.17226185 0.33401710 -0.29919282
v 0.04307273 0.08604452 -0.47689354
v -0.64807695 -0.14553496 0.06433471
v 0.63064748 0.09434043 -0.06582561
v 0.50975668 0.11566195 0.02120879
v -0.14484927 0.32002801 -0.00619814
v -0.73749048 0.20004965 -0.00511739
v 0.01088037 0.43000281 0.01775160
v -0.03010830 0.01923719 -0.52440566
v 0.36178929 0.29237139 -0.17185533
v 0.70480734 0.21492210 -0.04094645
v 0.07813525 0.05692160 -0.49471408
v -0.09056188 -0.35493135 0.24492317
v 0.03274443 0.26992261 0.35500225
v -0.22049142 0.34816253 -0.03757158
v -0.77737641 0.02564897 -0.01926793
v -0.54898524 0.16575171 0.03217250
v -0.50041550 -0.00243692 0.26882780
v -0.38184315 -0.25613099 0.25034863
v -0.57783329 0.12607047 0.08950311
v 0.62149346 0.10757677 -0.02875757
v 0.57582146 0.16581622 -0.08921175
v -0.08396770 -0.22051483 0.45844886
v 0.03989201 0.38874385 -0.12696955
v 0.55675769 -0.06006408 -0.07544136
v 0.04694841 0.31545222 0.28427184
v -0.01680517 0.36405593 -0.10875994
v -0.76065695 0.07501619 -0.01637769
v -0.55164254 0.12894714 0.05282637
v -0.39956796 -0.32465985 -0.22724541
v -0.29540801 -0.14136556 -0.46566612
v 0.27621248 0.15527239 0.30391812
v -0.26417363 -0.21189126 0.41603667
v 0.37373245 0.29198545 -0.18987589
v 0.52722263 0.22461176 -0.07852688
v 0.05541765 0.39676839 0.04099077
v -0.38068268 0.13149688 -0.26004025
v 0.31606948 0.28713015 0.07300827
v 0.17531037 0.02463386 -0.50557667
v -0.14662680 0.38613856 -0.05820560
v 0.23897412 0.23235536 0.31490964
v -0.01727367 0.24451792 0.34416327
v -0.41250974 -0.22650644 0.25663629
v -0.47886828 -0.37943420 -0.02149016
v 0.44225228 0.28034347 -0.05518299
v -0.32544160 0.31115547 0.07254976
v 0.55322951 0.03824162 -0.05409666
v 0.04207172 0.35652724 0.11461446
v 0.19084670 0.21815422 0.33725268
v 0.17436436 0.35399717 0.04866830
v -0.07686135 0.41336411 0.02403730
v 0.58610249 0.01103419 0.03595555
v -0.02854943 -0.11523646 -0.55433899
v 0.10342941 0.38415179 -0.16539268
v 0.15058610 -0.02689356 -0.47076318
v 0.46317139 0.17070150 0.09643051
v 0.65966749 -0.01990257 -0.04571243
v 0.69302297 0.02555093 0.06399857
v 0.54248214 -0.00665824 -0.10547061
v -0.27844635 0.32453695 -0.03281054
v 0.59084523 -0.08185147 -0.08955775
v -0.46534961 -0.27911440 0.01132399
v -0.33602381 -0.06756897 0.42597282
v 0.54218924 -0.09084392 -0.07158117
v 0.51364267 0.27352136 -0.10574707
v 0.01060967 -0.43443757 -0.10033746
v -0.14492643 0.27971005 0.30731159
v 0.75118417 0.11299319 -0.09096457
v 0.61391771 0.12672606 -0.04248729
v 0.62149239 -0.04594375 -0.03953160
v 0.64232910 0.00667042 0.08145317
v 0.62784600 0.05293229 0.02077269
v 0.13741438 0.14890021 -0.40315881
v -0.51147377 -0.24112108 0.04625934
v -0.11767013 0.24854693 0.34237620
v -0.46767122 -0.31806046 -0.09607631
v -0.33053568 0.33482501 0.01474988
v -0.52668095 0.23225795 0.04522714
v 0.09473300 -0.42476434 -0.15181315
v 0.16369092 0.19939661 -0.33309865
v 0.69390750 0.10518763 -0.08596224
v 0.38036266 0.23739111 0.15587038
v 0.60951221 0.02615621 -0.03786327
v 0.06601918 0.38116679 -0.10235935
v -0.49627078 0.23663276 -0.00326495
v 0.47261116 0.23475586 -0.13711679
v -0.65992045 0.11323850 0.04262051
v -0.18233983 -0.29574010 0.34531730
v -0.58407891 -0.12808388 0.04636671
v 0.02321741 0.04763660 -0.49019897
v -0.55557811 -0.32043904 0.01702496
v 0.15288933 0.17970122 -0.33571494
v -0.65255523 0.02814808 0.04727619
v 0.09057933 0.03893256 -0.49532348
v 0.46974051 0.22881941 -0.03323027
v 0.58925283 0.15216835 -0.06650031
v -0.57856673 -0.15113284 0.02101988
v 0.74928784 0.16162840 0.01441220
v 0.48811147 -0.05104583 -0.19097479
v 0.27759758 -0.11438815 -0.43608660
v -0.74820298 0.18130921 -0.01255603
v -0.45994267 -0.28803480 0.00641695
v -0.15377247 -0.33975565 0.09894101
v -0.01692146 0.04766333 -0.51436126
v 0.68641990 0.10617849 -0.00419356
v -0.40913713 -0.39433250 0.13856277
v -0.48216704 0.02732638 -0.13712096
v 0.46642911 -0.17746580 -0.17775834
v -0.51088417 0.22348613 0.03596708
v 0.08642305 0.37538069 0.02798358
v -0.01709740 0.42480090 -0.17908622
v 0.43559754 0.17927092 0.13772380
v 0.74214357 0.08090741 -0.07898371
v 0.01065322 0.45185739 -0.25914294
v -0.23557381 0.33382618 0.08456662
v -0.68019742 0.18823132 0.03253167
v 0.70375514 0.06333403 -0.05159195
v 0.00096647 0.43794739 -0.04194519
v 0.55327570 0.15529570 -0.01078975
v 0.22960007 0.14941072 -0.32691002
v 0.07803944 0.38069642 -0.00707468
v 0.58006525 -0.02218847 -0.13965921
v 0.02750275 0.39967316 -0.04440790
v 0.51980937 0.24667667 -0.06885576
v -0.04057187 0.36938268 -0.06481373
v -0.13125558 0.34775457 0.23681465
v 0.06613758 0.05572093 -0.52620971
v -0.36385110 -0.42158526 0.10366228
v 0.69381678 0.22172639 -0.08307083
v 0.17445230 0.24746799 0.30883521
v 0.02234127 0.26282632 0.35526276
v 0.15898314 -0.42371023 -0.09793895
v 0.00463425 -0.32208714 -0.41867360
v -0.39283890 -0.33838686 -0.10591044
v -0.05526695 0.22247741 0.43661344
v 0.33395469 0.23574415 -0.26632297
v 0.40522873 0.09801272 0.20078555
v -0.27591118 0.33164901 -0.01865506
v -0.16280875 0.35920987 -0.04990608
v 0.55682349 -0.05895346 -0.13836344
v -0.17602232 -0.35141045 0.05928460
v -0.15506525 0.26482508 0.35164344
v 0.15790313 -0.08425486 -0.52087188
v -0.61550915 0.21761015 -0.04091423
v 0.42361990 -0.00362825 -0.24276754
v -0.39173973 0.19311701 -0.16030675
v 0.05746566 0.38945317 -0.04276425
v -0.59007442 -0.22854877 -0.06275573
v -0.30498856 0.16881728 -0.31233066
v 0.09380499 -0.01198426 -0.44479930
v -0.19720760 0.30084458 0.30937222
v 0.03764170 -0.02314943 -0.57265419
v -0.53551430 -0.23961109 0.08121881
v 0.27767119 0.32570228 -0.07831553
v 0.02852413 0.41755694 0.02073619
v 0.15358594 0.34703189 -0.02921146
v 0.02947527 0.35475633 0.09416237
v 0.14461312 -0.32126820 -0.30959073
v 0.41537386 0.07520156 -0.34873539
v -0.04420244 0.27485669 0.34570950
v -0.45674539 -0.37779212 0.11481005
v 0.17449355 -0.23016649 -0.49729055
v -0.30709833 0.29899177 0.25016487
v 0.09123957 -0.06756167 -0.53056490
v 0.09714858 0.21338291 0.35499078
v 0.29116750 0.09175795 0.30945843
v -0.48502082 0.24155115 0.03325029
v 0.49802682 0.08406103 0.10046113
v 0.12529716 0.02753162 -0.46364325
v -0.19213440 -0.48045340 0.12764958
v 0.75471878 0.05630372 -0.02940781
v -0.54620278 -0.22619143 -0.05512352
v 0.67465019 0.04911317 0.08298048
v 0.71075505 0.11051415 -0.07985482
v 0.46595430 -0.19800818 -0.24156146
v 0.32536268 0.17553788 -0.33835804
v -0.13641569 -0.38076121 -0.11105181
v 0.41789079 0.23852515 0.07558769
v 0.37207070 -0.28900820 0.15999880
v 0.06116168 -0.27688119 -0.41867784
v 0.15215530 0.09652692 -0.50322026
v -0.40775877 0.31900281 0.05895792
v 0.01547703 0.07587966 -0.47981793
v 0.65882981 0.08606505 -0.04585963
v -0.59791636 -0.06345963 0.02453621
v -0.26077577 -0.45006844 0.10194781
v 0.02231878 -0.44426525 0.01342484
v 0.76339436 0.15781291 -0.08274987
v -0.60760617 -0.18452045 0.02064222
v 0.03236064 0.04053836 -0.50162876
v -0.31364405 -0.42025182 0.08624837
v 0.38263482 -0.26161715 0.11692058
v 0.16591689 0.35792059 0.04150179
v 0.11793745 -0.06887954 -0.52604747
v -0.04267418 -0.03502695 0.47620797
v -0.04199696 0.23257330 0.35340112
v 0.06596480 0.32631427 0.15835366
v 0.65748686 0.08343486 -0.05230486
v 0.59435749 -0.01344153 0.04939474
v -0.72431892 -0.01776341 -0.02207091
v -0.40658572 0.20590962 0.26870260
v 0.31505287 0.28363800 0.07934266
v -0.62211365 -0.22571254 0.05126470
v -0.03844822 0.21124655 -0.40157938
v -0.29288530 0.29990935 0.01652741
v 0.06472611 0.37549347 0.05553758
v 0.57571930 -0.03704827 -0.13647985
v 0.12472553 0.01856995 -0.45653796
v -0.36743551 0.08240078 0.29419190
v -0.17398044 -0.44770047 -0.08279619
v 0.69281214 0.00426653 -0.07297516
v 0.06827518 0.39458674 -0.06466272
v 0.73061574 0.11158583 0.02907024
v 0.30834639 -0.24471451 0.22979242
v 0.66011798 0.01430780 0.05600123
v 0.05453375 0.01634932 -0.49942809
v -0.29728496 0.08748929 0.34021169
v 0.18968476 0.27842969 -0.30791509
v 0.82288289 0.14897372 -0.06527128
v -0.53984892 0.21224502 -0.00994115
v -0.36812574 0.27872920 0.14214407
v 0.02671936 -0.32617357 -0.44926190
v 0.37611774 0.29810292 -0.05047655
v 0.37623835 0.25464141 -0.18940566
v 0.31474805 0.25111896 0.16017374
v 0.16070959 0.13859780 -0.45923263
v 0.72902858 0.08258155 -0.06795511
v 0.07083833 0.38655692 0.02876374
v 0.53365147 -0.17211337 -0.06289698
v -0.13257445 0.35777670 -0.05887222
v 0.59790224 -0.00132674 0.06741413
v 0.87053955 0.27972853 -0.01528317
v 0.83458447 0.18619792 -0.06444302
v -0.13804771 -0.36577341 -0.25751847
v -0.01965931 0.05814353 -0.49301624
v -0.61364257 0.21732639 0.00959535
v 0.39229223 0.30198556 -0.15900332
v 0.11606082 0.01177114 -0.46848220
v -0.16395406 0.37070459 0.02338368
v 0.08014944 0.32703653 0.16226706
v 0.47819674 -0.10282038 -0.17051284
v 0.22895023 0.33610910 -0.17414233
v 0.41976768 0.16318360 0.14172396
v -0.04942788 0.34368908 0.28067458
v 0.57442594 0.03212982 0.01327959
v 0.49727264 -0.13694286 -0.12408490
v 0.24191710 -0.00856349 0.40217835
v 0.10387784 0.37764311 -0.08685869
v -0.76778519 0.00563596 -0.04681733
v 0.41344753 -0.19364932 0.16785488
v 0.02817126 0.27352047 0.33638752
v 0.29154873 0.15383717 0.28652942
v -0.21350949 -0.20953652 0.41608006
v 0.18397745 0.23105407 0.28398767
v 0.54357266 -0.11106539 -0.09050272
v -0.08958263 0.29637089 0.33013454
v -0.10107464 -0.04632652 0.44849890
v -0.05419350 -0.45426303 -0.07969415
v 0.38787863 0.24702831 0.09039617
v 0.37531745 0.27930582 0.06146196
v 0.47398341 0.19795105 -0.13220903
v 0.78531921 0.20397656 -0.08762538
v -0.53092253 -0.22794408 -0.04865555
v 0.61792344 0.02612778 -0.11226578
v 0.64357179 0.00559999 -0.04263476
v -0.30170211 -0.34537417 -0.25471097
v 0.35829502 -0.28274459 -0.18780096
v 0.09509034 0.40930954 -0.09666732
v -0.68527377 0.11803420 0.03618011
v 0.32048097 0.19091497 -0.30483678
v 0.52109367 0.09957330 -0.00957260
v -0.29930466 -0.35406840 -0.00041580
v 0.45080557 -0.22170284 -0.13697886
v -0.28122798 0.31657344 0.17412242
v -0.08939198 -0.40275586 -0.34523284
v 0.28656882 0.19747224 -0.32789251
v 0.34453705 -0.00461322 0.29246122
v 0.19223146 0.33445579 -0.22703275
v 0.14655316 -0.39790496 -0.17294276
v -0.23383130 0.29959679 0.28831685
v 0.03195834 0.00891995 -0.51146764
v -0.74837613 0.03429140 0.01981363
v 0.05325279 0.38293499 -0.27632070
v 0.58845615 -0.00496994 0.02921596
v 0.66498548 0.06083094 0.02662826
v -0.18800129 0.35509473 -0.18800969
v 0.64369380 0.15913028 0.01354585
v -0.38993722 0.04184744 -0.22939131
v 0.18139409 0.23253095 0.28739005
v 0.57581574 0.10663342 -0.06456710
v 0.36640885 -0.13451372 -0.30939525
v 0.01991218 0.39475220 -0.24720857
v 0.14819252 -0.15341374 -0.51027995
v 0.19901556 0.35171294 0.06322861
v -0.52445191 0.22805585 0.04493141
v 0.46311972 -0.18910015 -0.20111935
v -0.40498638 -0.38229072 -0.16984320
v -0.28376526 0.03162602 -0.36977884
v 0.08236891 0.39994973 -0.15614493
v 0.74106944 0.13367712 0.02435055
v -0.48351616 -0.30602452 -0.13309921
v -0.74900341 -0.03502649 0.02477056
v 0.22342311 0.08170342 -0.49547452
v -0.62532902 -0.03363712 0.07961608
v 0.25040367 0.23396772 0.30764586
v 0.46445414 -0.03494653 -0.24262318
v 0.44816494 -0.08065996 0.18400183
v 0.22977114 0.14330548 -0.33640578
v 0.72858530 0.10968319 -0.07213066
v 0.60107654 0.13757896 -0.06434652
v -0.05864385 -0.40110242 -0.28155351
v 0.26353747 -0.02912039 0.38441730
v 0.16910507 0.17856684 -0.31833267
v -0.05250181 -0.28039169 0.33661118
v -0.04945427 0.40570444 0.00436854
v 0.15538217 0.32104868 -0.32647857
v 0.18002376 0.17242973 -0.35435662
v 0.03066361 -0.07282603 -0.52207792
v -0.17533034 0.34679109 -0.04892471
v 0.58092844 0.16562203 -0.09964806
v 0.08746621 -0.02398571 -0.52201021
v -0.05746573 0.02127156 -0.53933114
v 0.03512473 0.36160749 0.14779663
v 0.02556387 -0.43423778 -0.05824181
v -0.34268740 0.33988315 0.14620814
v 0.13729689 -0.05376810 -0.51215577
v -0.57043755 -0.09092686 0.11022088
v -0.66429484 0.00927525 0.01636624
v -0.30645463 0.32322466 0.01708806
v 0.57108474 0.03856745 -0.01386050
v -0.04773257 0.20213503 0.34692416
v -0.03516193 0.39821708 -0.04813933
v -0.34346771 -0.17530733 0.39540258
v 0.63602769 0.02033693 0.06918654
v 0.74653822 0.23120356 -0.06421663
v 0.59770274 -0.06880513 -0.10202356
v 0.58305466 0.08811188 -0.04540847
v 0.01104876 0.22593981 0.34491786
v 0.13753021 0.18818583 -0.35976043
v 0.03416093 0.42162791 -0.03904209
v -0.54124373 -0.29924357 0.08992550
v -0.38326079 -0.40366447 -0.20277569
v 0.19552916 -0.22613063 -0.51334268
v 0.79376745 0.24510185 -0.04433145
v -0.54063338 0.23839396 0.01637623
v 0.03883474 -0.43494397 -0.14379379
v -0.57983196 0.25737590 -0.02758600
v -0.10682428 0.43734583 -0.07582170
v 0.58110470 0.14097750 -0.03610492
v 0.17301106 0.32146114 0.19013536
v -0.11564906 0.36838883 -0.14353290
v 0.00138207 0.40612549 -0.13320793
v 0.72371149 0.00987822 -0.07100203
v -0.54626572 -0.17793396 -0.03188492
v -0.13443387 -0.29880732 -0.44061428
v 0.47230875 -0.00018340 -0.17130439
v -0.26277515 0.35319352 -0.07404211
v 0.08299720 0.38110059 -0.00878525
v 0.67572802 0.23667134 -0.08495280
v 0.13887243 0.01316666 -0.51758355
v -0.20545779 0.35219789 -0.09713638
v -0.55549335 0.22867598 0.04239501
v -0.30180985 0.33848768 0.11693662
v 0.56726766 0.09114608 -0.05577594
v -0.13252571 0.23894033 0.39287734
v 0.07712135 -0.00341377 -0.55207455
v 0.38398084 0.22272140 -0.21680653
v 0.68841130 0.05823874 0.04903712
v 0.16675723 0.33512923 0.05059507
v 0.49588823 -0.23831996 0.06385274
v 0.27407700 0.16425851 0.31426376
v -0.52428460 -0.22952753 -0.10686156
v 0.21599989 0.17162555 -0.40608048
v -0.41778976 -0.11602780 0.33907664
v -0.24473384 0.32681689 0.10657147
v 0.36527759 0.21190348 0.19436178
v 0.19195072 0.11159135 -0.48211074
v 0.05993054 0.31130174 0.03198874
v 0.39097661 0.19638914 0.17164639
v 0.43326962 0.21093054 0.05925998
v -0.09211177 -0.29967219 -0.34243613
v 0.67396235 0.07476620 -0.05679527
v 0.56290048 0.11083709 -0.03004771
v -0.03209056 0.44757223 0.04277593
v 0.47099185 0.23259830 -0.14867313
v -0.11711553 -0.18169695 -0.51688254
v 0.22658324 0.25832695 -0.31987971
v 0.05860859 -0.35015503 -0.14090912
v -0.74160755 -0.00181974 -0.00508621
v -0.23765978 -0.19497326 0.44199961
v 0.05526364 0.46375352 -0.02605024
v 0.09388915 0.05188671 -0.48117405
v 0.37257785 -0.26714030 -0.19088803
v -0.08943290 0.40902859 -0.00696111
v 0.43442199 -0.17276138 0.20880230
v 0.26462221 0.06921107 -0.47398257
v -0.60320890 0.10034269 0.05951087
v -0.08793515 -0.26811284 -0.51709729
v 0.62270695 0.02274195 -0.10172145
v -0.15840861 -0.45335829 0.18848091
v 0.32715210 0.04011442 -0.43003696
v -0.53861183 -0.27230716 0.08812886
v 0.51319158 0.08717331 0.03900984
v 0.45054772 0.23837665 -0.14844993
v -0.27878392 0.33781904 0.01862308
v 0.73652089 0.13472994 -0.07541248
v 0.03887105 -0.00226001 -0.54795909
v -0.07180846 -0.36993766 -0.25756598
v -0.19473910 0.30276117 0.29175794
v -0.53585207 0.05818447 -0.01384979
v 0.11786076 0.36315063 -0.15264030
v -0.43137187 0.27164748 -0.03642456
v 0.12516586 0.15788937 -0.41979837
v 0.69319522 0.07925588 -0.09258969
v 0.55103773 -0.06810732 -0.02968460
v -0.68059474 0.22545344 0.00465132
v -0.07068688 0.33804870 0.20351598
v 0.55127907 -0.10297838 -0.11330837
v 0.16410902 0.18147501 -0.34307373
v -0.06951587 -0.41676027 -0.07316858
v -0.67828792 -0.04061663 -0.00955784
v 0.05404402 0.41631705 -0.03849876
v 0.60316825 0.09351030 -0.05494601
v 0.53292489 0.10524943 -0.04344992
v 0.30738932 -0.13476291 0.38187993
v 0.07433310 -0.01352882 -0.50951689
v 0.43477416 -0.11240938 0.18483929
v -0.50709224 -0.03134421 0.18487856
v -0.21141765 0.37453032 0.00765973
v -0.00222343 0.24296546 0.35445875
v 0.32491845 -0.06999773 -0.44742012
v -0.10170841 0.32480654 0.32085365
v -0.68257391 -0.02355292 -0.00578615
v 0.02661869 0.44014123 -0.03466263
v -0.00252953 0.04628703 -0.48119217
v -0.02374915 0.31460461 0.31508589
v -0.06565981 0.37585002 -0.01820600
v -0.28873664 0.34529638 0.05300558
v -0.29112524 0.31258813 -0.26022166
v -0.23646116 -0.29880616 0.16370346
v 0.49367124 -0.09700051 -0.12942538
v 0.32882857 0.28091598 -0.20273189
v 0.06456657 0.10409465 0.40452367
v 0.07743336 -0.33470154 0.16164625
v -0.53808248 -0.29066822 -0.10757951
v -0.76263511 0.05007843 -0.04980691
v 0.00814848 0.40064186 0.04533091
v 0.20141628 0.17101730 -0.34035158
v 0.14245214 0.24491742 0.32668686
v 0.66257840 0.05161241 -0.01720488
v -0.65940732 0.00328840 -0.01065587
v 0.54116225 -0.08869841 -0.17259057
v 0.57917297 -0.12201843 -0.14967437
v 0.11303127 0.40607801 -0.14058107
v 0.62162000 -0.00010660 0.07905117
v 0.60343909 -0.00988874 0.02117357
v -0.35024399 -0.42338604 0.09366691
v 0.49834120 0.18086946 -0.00345662
v 0.42368758 -0.16322163 0.20338729
v 0.00248311 0.45312712 -0.02398950
v -0.55978048 -0.01251887 0.19794984
v -0.23200732 -0.30085522 0.33381447
v 0.81890970 0.13331391 -0.05632111
v 0.67316186 0.01851979 0.04889770
v 0.17611638 -0.07081097 -0.49625549
v -0.03799793 -0.07887866 0.44362462
v -0.12702475 -0.42666745 0.03744483
v 0.22917435 0.15328056 -0.33639610
v -0.24144885 0.24066189 0.32290506
v 0.16291279 0.35022146 0.03465745
v 0.60764408 -0.00292116 0.07375123
v 0.68786174 0.04642451 0.10215172
v -0.32267106 0.06532942 0.37342799
v -0.49635985 0.28432110 0.00179502
v 0.68055570 0.05638930 -0.00691918
v 0.59009796 0.11872074 -0.01394576
v 0.62094468 -0.08406590 -0.04095401
v -0.66826642 -0.10683013 0.02585073
v 0.52949476 -0.06322692 -0.04860319
v 0.10662624 -0.06741369 -0.52776533
v 0.17828080 -0.13930544 -0.53846627
v -0.31886345 0.23376627 -0.27358478
v -0.44608921 0.22533497 0.13160422
v 0.06817193 0.44486314 -0.06348389
v -0.55514032 -0.18863416 -0.01511990
v -0.71081436 -0.03613987 0.04288234
v 0.02327494 0.40967727 -0.05663487
v -0.30572420 0.03545028 0.36823788
v 0.00325367 -0.44219631 -0.11275586
v 0.18451914 -0.19554693 -0.51011240
v 0.02611887 0.02858025 -0.51273334
v -0.21380937 -0.30362269 -0.22303452
v 0.39821294 0.20156828 0.11854774
v 0.10310885 0.04254794 -0.49844307
v 0.61503476 0.01944902 -0.03573337
v 0.00051293 -0.13728130 -0.55139142
v -0.54270661 -0.32167643 -0.06907077
v -0.62587661 -0.20031363 0.02994132
v -0.16054434 0.27249429 0.32283616
v 0.04650920 0.42536762 -0.05720857
v -0.61039484 0.05474952 0.09155997
v 0.44445652 0.26212683 0.00343928
v 0.63169593 0.02094814 -0.09224090
v -0.05490026 0.06486517 -0.48212469
v 0.06179783 0.47221199 -0.00371361
v 0.40375638 0.27286056 0.02545393
v -0.22955382 0.35331532 0.15224403
v -0.73172146 0.19622996 -0.01090066
v 0.53139794 0.22409827 -0.07832971
v 0.04816085 0.02962267 -0.46341929
v -0.49405766 0.29111737 0.02418396
v 0.28265327 0.31703171 0.02030307
v 0.57482576 -0.00007735 0.03459245
v 0.28457642 -0.13270909 -0.47969899
v -0.56919545 -0.23692477 0.16502321
v 0.06122717 0.37818772 -0.01608434
v 0.18368319 -0.13092604 -0.49077523
v 0.29962516 0.23456737 0.25025955
v 0.84779811 0.20266993 -0.04809898
v -0.27418315 -0.34899944 -0.23230934
v -0.08466643 -0.05628717 -0.55086976
v -0.23491202 0.34996986 0.12881741
v 0.02645597 0.04765695 -0.51796353
v 0.49725187 -0.18647903 -0.22511992
v 0.66359717 0.02754833 0.08173001
v 0.42009807 0.27166316 -0.04757348
v 0.58264899 -0.04565099 0.04233435
v -0.00281128 0.43904534 -0.01938465
v -0.58045125 -0.19674969 -0.01620933
v 0.07888493 -0.13289449 -0.55110770
v 0.08820519 0.35536334 0.09471199
v 0.01447122 0.31515551 0.24413407
v 0.60489959 0.07151601 -0.02592036
v 0.35089833 0.22015011 0.19510648
v 0.33143044 -0.13733801 -0.33670548
v -0.60354871 -0.12580544 0.02444859
v 0.09950206 0.37753367 -0.02943304
v 0.05197947 0.42893088 0.03903806
v -0.18324688 0.30399221 0.29486489
v -0.49717274 -0.23003834 -0.02679111
v 0.72755629 0.16944544 -0.09961966
v 0.09594490 0.15197948 -0.42216671
v -0.40584859 0.28969035 0.09373245
v 0.59152573 -0.09135017 -0.08296065
v 0.34800932 0.31141168 0.00421131
v -0.26058954 0.32223859 0.10898161
v -0.45109308 -0.36590955 0.04849136
v 0.07483321 -0.06853926 -0.53363645
v 0.23852471 0.17206174 0.35042840
v 0.63574421 0.05016831 0.01963174
v -0.50070500 -0.33300024 0.17016247
v 0.09856090 0.38558596 -0.07809907
v 0.49108127 0.16665620 -0.16311795
v 0.58310759 -0.05289052 0.03857338
v -0.14249845 0.35557938 0.03496808
v 0.15744071 -0.22386956 -0.50640559
v 0.03482133 0.07973844 -0.49558884
v -0.10093755 -0.25095326 -0.52761430
v 0.22981119 -0.30511028 -0.17617756
v 0.18620721 0.13731514 -0.42415446
v -0.41693589 -0.39495909 0.10629061
v 0.56505597 0.14163274 -0.09123132
v 0.16920510 0.17785621 -0.43412453
v 0.05049010 -0.00403479 -0.56575018
v 0.54773271 0.14002790 -0.04170635
v -0.51891869 -0.25116575 0.06649306
v 0.04436562 0.42098704 -0.01642397
v -0.75259244 0.04681417 -0.05982642
v 0.42296883 0.28070945 -0.19347703
v 0.78979588 0.09898691 -0.05707040
v -0.39342022 0.26643711 0.02107647
v 0.20804113 -0.03513616 -0.55424595
v 0.26428509 -0.15962039 -0.39285964
v 0.52660120 -0.19593501 -0.09897412
v -0.11445846 0.34543657 0.23666486
v -0.27072173 -0.44442421 -0.14454679
v 0.18175928 0.33697450 -0.23285459
v 0.55481011 0.00632155 0.00734781
v -0.68535024 0.15975456 -0.02804525
v 0.61358660 0.21082097 -0.10905647
v -0.53850853 0.25008920 -0.01297344
v 0.32219356 0.18660699 -0.32713288
v 0.74063623 0.07717109 -0.06896926
v -0.44275963 0.10640484 -0.11364792
v 0.49037948 -0.05130270 -0.12598537
v 0.77694058 0.12872216 -0.06325184
v -0.04539207 -0.06724882 0.48435342
v 0.28272447 0.33255136 0.07402611
v 0.40741438 0.26309872 0.01648223
v 0.74654692 0.11023860 -0.07693820
v -0.37947515 -0.28624177 -0.00688702
v 0.68780756 -0.00303885 0.06855722
v -0.07807307 0.23146358 0.42274928
v 0.17469525 0.14979878 -0.45700812
v 0.51399118 0.20760998 -0.11972546
v 0.63421559 0.17387260 -0.06423726
v 0.06383917 -0.06524867 -0.56189317
v 0.49043277 0.15007418 0.12610272
v 0.28618988 0.17024426 -0.34222159
v -0.60527658 -0.19203672 -0.08679120
v 0.08752555 0.04694062 -0.45412695
v 0.06842580 0.36838737 -0.05093732
v 0.25349966 0.27091444 0.19183028
v 0.07450061 0.26052475 0.35184586
v 0.13442934 -0.26720783 -0.51612300
v 0.17119461 -0.32637265 -0.29032984
v -0.29696402 -0.42956281 0.12878448
v -0.40164360 -0.36844057 0.02652150
v 0.45669651 -0.18101041 -0.16877891
v 0.05385901 0.38734832 -0.05278879
v 0.58012664 -0.03989923 0.05623195
v 0.36247051 -0.03131205 0.28696468
v 0.32194412 0.14644065 -0.29428452
v 0.13088466 0.36552575 0.05415195
v 0.42166924 0.22060570 0.05665445
v -0.34817779 0.31827739 0.08879361
v 0.42274094 -0.24520500 0.11037676
v 0.00291896 0.04968092 -0.48910767
v 0.52327877 -0.19338988 -0.01035361
v -0.07039559 0.23044646 0.37642446
v 0.23504396 0.29056615 0.19734216
v -0.71716869 0.21832305 -0.02972379
v -0.04664814 -0.33836442 -0.34385201
v 0.10958105 0.34476960 0.02906737
v 0.51961720 -0.01175841 -0.11562864
v -0.10322082 0.28757757 0.29383606
v 0.46372443 -0.03000950 -0.22841312
v -0.02437806 0.41139209 -0.05162174
v 0.80336797 0.24375013 -0.02718812
v 0.06956369 0.03996733 -0.51940954
v 0.10021038 -0.42389423 -0.00981286
v -0.19848774 0.28476751 0.31763726
v -0.13780588 0.40766382 -0.04964808
v 0.24089360 0.33442760 0.03654486
v 0.68404174 -0.00780353 -0.07405072
v -0.74112225 0.12894055 -0.06741135
v -0.53593576 0.22392491 0.01304986
v 0.57475847 -0.00407293 0.01682213
v -0.74871165 -0.01041505 0.01148635
v -0.70429510 -0.12887859 0.02076168
v 0.13643262 0.10848771 -0.48860759
v -0.03540564 -0.47308505 0.04232782
v 0.19916637 0.19348778 -0.34676889
v 0.04100096 0.43671381 -0.05722064
v 0.81195754 0.17342970 -0.04848593
v -0.44109446 -0.31061947 0.01951835
v 0.07111359 0.05166030 -0.50497264
v 0.18996890 0.33455166 0.16139290
v 0.53826869 -0.14997560 -0.01635925
v 0.31360859 0.32291937 0.07446766
v -0.15115595 -0.18089780 -0.56466818
v 0.65060377 0.06442118 -0.02398683
v 0.26064095 0.15982600 -0.41190189
v -0.78719079 0.16739227 -0.04727881
v 0.14938079 0.25410533 0.31980118
v -0.52258658 -0.33551911 0.06037766
v 0.17198417 0.34901530 -0.06820887
v -0.37889966 0.27629346 -0.05510284
v 0.03237082 0.40368408 -0.05121374
v 0.04879102 0.43444076 -0.00611955
v -0.42478845 -0.32739732 0.07441482
v 0.42149898 -0.25577223 0.09447192
v 0.51267242 -0.13498241 0.13448869
v 0.02832350 0.41124964 -0.06897840
v -0.28828961 -0.31571740 -0.13115755
v 0.57489073 -0.01424377 0.01734483
v 0.07907686 0.04626384 -0.48293811
v -0.64058864 -0.20221357 0.07648626
v 0.13287021 -0.05168721 0.45419705
v 0.57469350 -0.13231035 -0.11440791
v -0.23819347 0.36178714 0.01507321
v 0.65405709 -0.00095536 -0.12587474
v 0.07326359 0.38861567 0.02032360
v -0.52791333 0.17785534 0.07495552
v -0.76072913 0.05589081 -0.02093059
v 0.07297060 -0.11412704 -0.56934893
v -0.31192231 -0.43320832 0.11803409
v 0.21054508 0.34838104 0.07056382
v 0.04742617 0.43827564 -0.02430645
v 0.48841035 0.25028306 -0.09135076
v -0.49554098 -0.34255311 0.06627497
v 0.45343009 0.16833726 -0.12102041
v 0.77002066 0.12585458 -0.08104104
v -0.24145478 0.33120126 0.02085412
v 0.09396315 0.05397409 -0.48916844
v 0.19192389 -0.24639761 0.38776785
v 0.01322931 0.44273180 -0.02863318
v 0.53581470 0.00425714 -0.02030352
v 0.34378210 0.23416737 0.14502427
v -0.38635188 -0.37953901 0.01887375
v -0.07474867 -0.46425641 0.02237004
v 0.22148569 -0.20968865 -0.46856597
v 0.55542064 0.02483949 -0.03305784
v -0.14376095 0.29534525 0.34916663
v 0.69797480 0.10429658 -0.09552762
v 0.42940086 -0.27463245 -0.16697738
v 0.32940540 -0.33409446 -0.20713784
v 0.07774362 -0.44377404 -0.06328705
v 0.15017840 -0.01805836 -0.48400304
v 0.56024253 0.04428226 -0.02746866
v -0.30082518 0.31810978 0.02789578
v 0.34344274 0.24014643 -0.24910036
v -0.31628063 0.25539207 0.26240543
v 0.67527688 0.15340890 -0.09574348
v 0.28590852 0.25472945 0.18544710
v 0.07271168 0.38160723 -0.00650129
v 0.51985526 -0.12903185 0.11428131
v -0.69674993 -0.08977604 0.03376722
v -0.39614433 0.30335414 0.02730328
v -0.44550294 0.26384336 0.08661951
v 0.20671868 0.15260920 -0.37957296
v 0.72287285 0.08524007 0.02373319
v -0.26122168 -0.31547821 0.19671647
v -0.66247535 -0.09246314 0.03560351
v 0.06286783 -0.14912644 0.39123112
v -0.20654383 0.35539925 0.01138708
v 0.48104101 0.22197075 0.01396081
v -0.46992511 -0.10629162 -0.27002549
v -0.39965391 -0.36681652 -0.12696280
v 0.21912664 0.08356142 -0.50012821
v 0.11453423 0.37744558 -0.13753863
v 0.09969771 0.38683921 0.01936644
v -0.07399167 0.27461544 0.34791288
v 0.61001778 0.16366121 -0.05317473
v -0.00876391 -0.15074883 0.40419701
v -0.73679805 -0.00174626 -0.01736233
v -0.39825964 0.23123085 -0.11917514
v 0.53499424 -0.00649002 -0.10333531
v -0.33176744 -0.42584819 0.08747485
v -0.33805138 0.31799379 0.06835710
v 0.31169710 0.32192594 -0.16319267
v 0.25617355 0.33695096 -0.18834844
v 0.04704854 0.37957621 0.03022286
v -0.21139012 0.33787012 0.03565133
v -0.36046582 0.02803248 0.37243938
v 0.61417788 0.00242107 0.02213192
v 0.04511286 0.41030321 -0.08050862
v -0.51768398 0.21291979 0.02313168
v -0.73995131 0.15486401 -0.03481751
v -0.10253648 0.25873074 0.34121451
v 0.79564643 0.14480221 -0.06554597
v 0.57913113 0.02161110 0.00777194
v 0.52084774 -0.11134863 -0.08999577
v -0.26189831 -0.44570905 -0.04785004
v -0.01962110 0.19876704 0.38591540
v 0.58969212 -0.11331861 -0.00439698
v 0.17275122 -0.44098756 -0.05175778
v 0.58565259 -0.12381502 -0.12597628
v -0.37339666 0.28997499 0.09314580
v -0.53696620 0.22033019 0.04037349
v 0.32695484 0.16177481 -0.30555910
v -0.01852369 -0.30479890 0.29789218
v -0.60321623 -0.17764452 -0.04566257
v 0.01458830 -0.38779444 -0.27199489
v 0.03946003 0.04140356 -0.49365097
v -0.25414172 -0.40356272 -0.10642326
v -0.44185561 -0.32930946 -0.18409751
v 0.59716839 -0.01191049 0.02521160
v -0.05611363 0.35668740 -0.15478113
v -0.16976756 0.01764584 -0.51696515
v 0.36147791 -0.20091274 -0.35193318
v 0.41236687 0.26167160 0.06296405
v 0.61618495 0.18517607 -0.11206955
v -0.35136670 -0.26224512 0.26277140
v -0.44062790 0.24588211 -0.04236995
v -0.40087020 -0.40394396 0.12162381
v 0.17195389 0.36635599 -0.15075555
v 0.27174336 0.28531581 0.11897883
v -0.38925022 -0.38587877 -0.06062934
v -0.32680482 0.33591366 0.17959988
v -0.06161261 -0.31275335 -0.45665324
v 0.64471841 0.03613313 0.00205551
v 0.70263124 0.06807165 0.07384064
v -0.11217402 0.31917793 0.23508905
v 0.16039935 -0.36480770 -0.28576863
v 0.05659726 -0.38157168 -0.32782418
v 0.13129358 0.30890238 0.22168472
v -0.29367059 0.26487210 -0.25419521
v 0.32419541 0.31211910 0.09737435
v -0.09152713 -0.46462122 0.16474864
v 0.17721221 0.16892397 -0.43298823
v 0.05046098 -0.29448271 -0.38488019
v 0.87337220 0.20341218 -0.05115070
v 0.54953349 -0.08134837 -0.16661672
v -0.12640429 -0.43272817 -0.16585836
v -0.48064521 -0.36255914 0.13901630
v -0.58063537 -0.26953617 0.03528282
v 0.10244185 -0.02012026 -0.48485643
v 0.16072530 -0.38001549 -0.20632309
v 0.16616127 0.15752533 0.35840738
v -0.56005883 0.24289411 0.00124113
v 0.15604262 0.28508583 0.27349919
v 0.25589639 0.03533703 0.36835617
v 0.87859035 0.22321086 -0.05367332
v -0.58508706 0.20838432 0.00519777
v 0.03851734 0.44449997 -0.09681365
v 0.77281970 0.14292756 -0.08696760
v 0.01311518 0.38554221 -0.32577032
v 0.45733824 0.28759092 -0.08585012
v 0.27024770 0.12412893 -0.42437685
v 0.68449599 0.14141001 -0.07964912
v 0.24632949 0.34017566 -0.04051566
v 0.51294118 0.10523319 -0.12885630
v 0.03690109 -0.43705827 -0.17330059
v 0.14670473 0.35735101 -0.19041453
v 0.38574466 -0.12240010 0.33106077
v 0.05316515 0.45113033 -0.04023406
v -0.01039451 -0.46013767 0.10650301
v -0.23289469 0.30882758 0.26875299
v 0.19675347 0.32228589 -0.25238192
v -0.22856312 0.32417026 -0.10519892
v 0.51301193 0.24119172 -0.07433805
v -0.52183306 -0.32652089 -0.00166154
v -0.47872195 0.23018637 0.02162780
v 0.78870153 0.19291684 -0.07023728
v -0.06831264 -0.35367849 -0.29320711
v 0.24600154 -0.04787406 0.38074425
v 0.22092170 0.30764496 0.20236850
v 0.64251465 0.02755675 0.01647696
v -0.07533543 0.43032256 -0.02415568
v -0.59453917 0.14784144 0.03183946
v -0.43091914 -0.29978138 -0.18038303
v -0.00608823 0.23327568 0.34817195
v 0.27186757 0.34927207 0.09909067
v 0.84370089 0.19530074 -0.06486057
v -0.54895115 0.23014447 0.04438995
v 0.52781224 -0.17594557 -0.02769933
v 0.60039347 -0.12674657 -0.12781587
v -0.35078037 -0.41994485 0.09808168
v -0.23708104 0.34936351 0.10994238
v 0.63051367 -0.07624610 -0.10092163
v 0.22940776 0.31337136 -0.25291210
v 0.06374578 0.44034547 -0.05798894
v 0.04512884 0.43174157 0.03704280
v 0.07599983 -0.06713483 -0.51285970
v 0.76014495 0.14028090 -0.07545426
v -0.02368665 -0.13072436 -0.57579935
v -0.76192737 -0.01867425 -0.00242472
v 0.46852815 0.10244155 0.13628654
v 0.54348570 -0.01330064 -0.16531701
v 0.62861592 -0.04470101 -0.00527842
v 0.50828499 -0.01788089 0.19025046
v -0.47383463 -0.37446770 0.06322008
v -0.22715285 -0.42137021 -0.18187231
v -0.34836626 -0.26495606 0.30209130
v -0.55969298 0.24278820 0.02329358
v -0.20007569 0.37993947 0.01439109
v -0.42881525 -0.38110936 0.12632188
v -0.12056413 -0.35792843 -0.44685853
v 0.61016786 -0.04568988 0.01665510
v -0.10647267 0.37870362 -0.01663190
v -0.07825580 0.43330848 -0.03560457
v 0.33686686 0.28212282 0.10093451
v -0.11495292 0.06049109 -0.47210008
v 0.27875081 -0.07789817 0.39425367
v 0.05295423 -0.26532012 -0.48838177
v -0.62696743 0.21425009 0.03125467
v 0.51264662 -0.11032888 0.12664369
v 0.75527656 0.08290951 -0.12156947
v 0.05222219 0.37875241 -0.04733464
v -0.32573605 -0.31343269 -0.25519264
v 0.35279763 0.13001126 0.27072531
v -0.23471788 0.34940714 0.00488800
v -0.00883389 0.36061808 -0.11926198
v 0.39659876 -0.29315335 0.14130032
v -0.33485764 0.33298340 0.06174070
v 0.17575800 0.18147922 -0.35862410
v 0.82950628 0.20673561 -0.06416929
v -0.05865973 0.36880416 -0.09998360
v 0.02452242 -0.43161967 -0.10762855
v 0.72463071 0.07738778 -0.09769659
v 0.67997980 0.05934957 0.06196451
v -0.44264376 -0.32182580 0.05234413
v 0.27521995 0.33475196 0.08373147
v 0.07213339 -0.13302386 -0.53206247
v 0.83111048 0.20257685 -0.06498738
v 0.81807756 0.17872438 -0.06205442
v 0.67797208 0.05289599 -0.05529815
v 0.70051259 0.05628784 0.06845407
v 0.15612732 0.18332642 -0.39626294
v 0.40418133 -0.16496354 -0.33617863
v 0.71884716 0.11223418 0.05016591
v -0.35684919 -0.32908612 -0.12477830
v 0.36259335 -0.17373630 -0.32499075
v 0.20946436 0.23897409 0.28017277
v -0.00128695 0.35639584 -0.15275052
v -0.28789064 0.07614331 0.35251778
v 0.05542325 0.43078724 -0.04787800
v 0.32247037 0.08719150 -0.40902406
v 0.60212547 -0.04559794 0.01242015
v -0.75279629 0.08202361 -0.04929456
v 0.07303041 0.38952780 0.02114192
v 0.11665302 0.32517740 0.17453158
v 0.12911886 0.00873798 -0.48163560
v -0.29821932 0.33031416 0.03052571
v -0.66172326 0.20318167 0.01133113
v 0.60758072 0.01403497 0.06084901
v 0.05341449 0.24951185 0.34839565
v -0.46611929 -0.32021987 -0.17029782
v 0.69457603 0.19513607 -0.09778379
v 0.07655014 0.40976858 -0.09413114
v 0.13043411 0.12697202 -0.41580376
v 0.09848583 -0.37891501 -0.32247519
v -0.42272156 0.27546504 0.03137022
v 0.19200671 -0.36510393 -0.33824688
v -0.20923330 0.34436324 -0.08409381
v 0.09055275 -0.04753917 -0.52764058
v 0.47844121 -0.21639006 0.07231595
v 0.09351629 -0.02947450 -0.52662235
v 0.03742608 -0.01136127 -0.50670528
v 0.23898105 -0.02583253 -0.48508835
v -0.11867620 0.24958768 0.34591895
v -0.59458017 0.03122485 -0.06500275
v -0.24636142 0.30373120 -0.24124028
v 0.66578406 0.19361767 -0.13630407
v 0.58953130 -0.06963113 -0.13822378
v 0.10698527 0.37393653 -0.04081386
v -0.59320015 0.20924802 -0.02403250
v -0.40576434 0.11875319 0.23427255
v -0.07053399 -0.34489101 -0.30231643
v 0.15206441 -0.46063417 0.08882508
v 0.30465806 0.32304028 -0.19379878
v -0.39172959 0.09204870 -0.25312656
v 0.39368638 0.19908100 0.13402829
v 0.71267527 0.05769421 0.06979866
v -0.55733794 -0.19878373 -0.07654941
v 0.24860266 0.31232077 -0.27814072
v 0.36835918 -0.11489286 -0.35266703
v 0.58631122 0.14118214 -0.02501151
v 0.64894485 -0.00200520 -0.04725930
v 0.13323782 -0.40150464 -0.11281797
v 0.24265769 0.18038765 -0.30847773
v 0.46409684 -0.10247022 -0.23963378
v -0.03108802 -0.33750710 -0.34158462
v 0.68282259 -0.01718213 0.06038500
v 0.02866212 -0.33636114 -0.33513641
v -0.49439240 0.21909694 0.02641332
v 0.57758820 0.03836249 0.00037754
v 0.07066861 0.37537462 -0.02387050
v 0.35706645 0.00213024 0.27961540
v 0.29750466 0.09856625 -0.44181532
v -0.08735023 0.34331891 0.25567245
v -0.19780099 0.34578210 0.15561786
v 0.03308025 0.00011641 -0.51636297
v 0.56425381 0.16613677 -0.05118322
v 0.40619165 0.28842217 -0.00223753
v -0.63072270 -0.13562939 -0.09478740
v 0.63227332 -0.05757602 -0.11703527
v 0.19561881 0.21704333 -0.31449389
v -0.14028393 0.29755300 0.34044498
v 0.53702438 -0.12697366 -0.05940813
v 0.09397946 0.39858106 -0.17773767
v 0.37659186 -0.11739322 -0.40464622
v 0.73206192 0.07302275 -0.05841464
v 0.43162835 0.30573174 -0.12891200
v 0.71830547 0.05077571 -0.07266839
v -0.18949147 0.33507827 0.12073177
v -0.53219527 -0.21033198 -0.05630825
v 0.54955554 -0.14817923 -0.07981798
v -0.24273749 0.34463412 0.04922366
v 0.01459566 0.45422620 0.00738031
v -0.20477813 -0.14711791 -0.47183177
v 0.23216671 0.20599997 -0.35002491
v 0.39082313 -0.05497399 -0.39896345
v -0.60029012 0.15969461 0.00189156
v 0.51097739 0.17892517 -0.01561207
v 0.17803648 0.14280757 -0.42311138
v 0.06418753 0.39654914 -0.13954249
v -0.09180884 0.38639835 0.01778567
v 0.16127089 -0.25342309 0.34902486
v -0.27264526 0.36007747 0.14128223
v 0.30433846 0.34518149 -0.09483692
v 0.60409164 0.04375646 0.07738107
v 0.02918223 -0.42018381 -0.07093680
v 0.76995379 0.12515372 -0.07920129
v -0.06530882 0.35821438 -0.11273998
v 0.09378178 0.39437309 -0.09571415
v -0.12508556 0.38047665 0.02542028
v -0.33505821 -0.32275343 -0.21387203
v 0.08672228 0.40084001 -0.10570610
v 0.56018722 -0.02276666 -0.17806160
v -0.19150290 0.35892999 -0.02835768
v 0.81539154 0.15736513 -0.05321419
v 0.03082809 -0.33789188 -0.41354284
v 0.58749986 0.01535664 -0.07643326
v 0.68188936 0.00605516 -0.07007317
v 0.08318481 0.38434041 -0.00394040
v -0.23078558 -0.41256607 -0.17199016
v 0.06266350 -0.28608212 -0.48115382
v -0.23038347 -0.46196312 0.13701957
v 0.76290953 0.13801523 -0.07572900
v 0.16215593 0.23577729 0.33281940
v 0.04123902 0.47106791 0.00453436
v 0.20008639 0.15447295 -0.34160256
v 0.06959173 -0.42921400 -0.10322168
v 0.81246656 0.15100215 -0.08933870
v 0.40228930 0.26053393 0.07546249
v -0.64125520 0.05139700 0.05011197
v -0.22473411 -0.18449429 0.43743032
v 0.18708920 0.16750950 -0.33402574
v -0.16743170 0.32087284 0.26172158
v 0.48022690 0.18032490 -0.00629357
v 0.50867534 -0.01265012 -0.23793153
v 0.28538340 -0.29760706 0.15229352
v -0.06504771 -0.19254512 -0.54734987
v 0.46902174 -0.01756069 -0.21694744
v 0.35645819 0.28409109 0.08295670
v 0.21523368 0.36937469 0.11836269
v 0.19831961 -0.39978105 -0.21917358
v 0.32027721 0.31235611 -0.07332525
v -0.18202326 -0.33200270 -0.41883254
v -0.56822836 0.10528505 0.01015882
v -0.72025198 0.00564754 -0.01451793
v 0.55505365 -0.09282185 -0.06076540
v 0.54196060 0.24434102 -0.09948024
v 0.02493585 0.16531265 0.38544682
v 0.27047151 -0.14782202 0.36472803
v 0.26642528 0.18185863 -0.33573663
v 0.70694637 0.05476600 -0.08760192
v -0.06714121 0.00637087 -0.51703942
v -0.23223475 0.33021027 0.15379554
v 0.12745121 -0.36815035 -0.37489289
v 0.30226439 0.06261843 0.29811320
v -0.36719140 0.19468200 0.26270956
v 0.03074491 0.02840233 -0.51280755
v -0.04378277 -0.36949322 -0.11079471
v 0.10468222 0.15729952 -0.47013962
v -0.47210866 0.24213845 0.05985300
v 0.23439720 -0.18932866 -0.47824207
v 0.15996347 -0.28204533 0.29643106
v -0.56272072 -0.12790069 0.10106263
v 0.62943786 -0.03218088 0.07794872
v 0.17106882 -0.04796672 -0.49518192
v 0.48740655 0.05984697 -0.18605101
v 0.65717679 -0.04502650 -0.07060592
v 0.76299316 0.18462127 -0.08627652
v -0.11405034 0.43312457 -0.11840898
v 0.13991967 0.17945673 -0.36153266
v 0.60389495 0.08484495 -0.04735707
v 0.61150241 -0.03729922 0.02428760
v 0.72637045 0.10224828 -0.09014353
v 0.15918346 0.21153784 0.37256196
v 0.22807816 -0.35184729 -0.25885096
v 0.58967608 0.16930449 -0.05768319
v 0.61757439 -0.02150904 -0.13866939
v 0.18793692 0.36278075 0.03505650
v -0.06599769 0.36020458 0.08807951
v 0.54023522 -0.13792516 -0.19285713
v -0.00583048 -0.39591622 -0.25641745
v 0.11791019 0.35465285 0.06525531
v 0.74574965 0.14349462 -0.04681839
v -0.33493516 -0.36134988 -0.12196738
v -0.03720219 0.39574796 -0.00075567
v 0.08497763 -0.31714970 -0.46890876
v -0.25255293 0.31688428 0.13382292
v -0.22252512 0.37840244 0.04987174
v 0.74350309 0.10362466 -0.07389714
v -0.53043127 0.08612728 -0.02848118
v 0.68740863 0.19289808 -0.04908671
v -0.43032098 -0.07875785 -0.22623307
v -0.07310092 0.18657033 0.38650155
v -0.63237739 0.22789633 -0.00859572
v 0.32249987 0.03482605 -0.44789013
v -0.07128453 -0.05999944 -0.55792063
v 0.49328226 -0.14377047 0.05218210
v 0.79166341 0.18113053 -0.05779879
v -0.10908614 0.40975642 -0.07172894
v -0.14692365 0.29898834 0.31969303
v 0.49570501 -0.18354033 -0.08340138
v 0.56670338 0.04695997 -0.01316235
v -0.21086395 0.33844799 -0.02478772
v -0.48861521 0.23449655 -0.00148045
v -0.43065378 0.06537741 -0.17033339
v 0.04946959 0.02972305 -0.51488554
v 0.70740110 0.07502722 -0.04689574
v 0.04483117 0.32648915 0.27807057
v -0.70348573 -0.15161511 0.04652542
v -0.75033987 0.13155729 -0.03101900
v 0.63535351 0.02622140 -0.11500324
v 0.13707227 0.16261162 -0.38947383
v 0.47544318 -0.26722533 0.11761762
v -0.04672293 -0.42310643 -0.10400674
v 0.63211638 0.01374330 0.05958405
v -0.70135802 -0.04392833 -0.00024831
v 0.20271188 0.28474683 0.22502711
v -0.58634549 0.21737747 -0.00354806
v 0.68094075 0.04169233 -0.11386640
v 0.07316896 0.41226542 -0.09186885
v 0.31297880 -0.24217792 0.23747842
v -0.00668787 -0.12152342 0.45590073
v 0.25080931 0.34521762 -0.04354283
v 0.07634315 0.02382568 -0.51425630
v 0.09432948 -0.02465674 -0.46388173
v -0.38961267 0.23089533 0.23682733
v -0.16875660 0.39651513 0.01962858
v 0.07382785 0.38133067 -0.11546643
v 0.55719388 -0.13783166 -0.02117265
v -0.53503132 0.16210157 0.02861959
v -0.01329353 0.26039848 0.36752081
v -0.44081610 -0.09317797 0.31876457
v 0.07357530 0.44456378 -0.08153716
v -0.03188850 -0.41258919 -0.09302959
v 0.08867386 0.06739059 -0.48767704
v -0.23762897 -0.31131923 0.33909494
v -0.41907987 -0.27631050 -0.00034221
v 0.00275162 -0.34601653 -0.14360470
v -0.39920044 0.21500963 0.26617587
v -0.43413109 0.29048657 0.03348297
v -0.21328677 0.34464455 0.01128116
v 0.12660094 0.21103376 -0.38854808
v 0.31700137 -0.26783726 0.15604368
v -0.24895732 0.33726960 0.04038781
v 0.00502897 0.22015986 0.36638469
v 0.21387899 0.34181648 0.11148250
v 0.03928705 0.37283671 0.00081968
v 0.19244620 0.17958309 -0.34009159
v -0.46096069 -0.06240687 -0.27936536
v 0.05777306 0.27965114 0.31108528
v -0.53730315 -0.32713738 0.08721414
v -0.62592101 0.05745438 0.06470554
v 0.65799809 0.00768678 -0.03455815
v 0.06474021 0.02623588 -0.49289346
v 0.40735626 0.29197970 -0.06246218
v 0.60276532 -0.04279472 -0.13931291
v -0.57046425 -0.05489695 0.01306062
v 0.15366572 -0.15828505 -0.54418886
v -0.14098302 0.37398908 -0.04565823
v 0.02917442 0.02922684 -0.47823980
v 0.62004739 -0.00697285 -0.14714473
v 0.57001448 0.14038911 -0.06949468
v -0.71802443 0.02554634 0.04082573
v 0.40571374 0.28469852 -0.17660627
v -0.61054862 -0.08045268 0.05183697
v 0.10708869 0.21975526 0.34548134
v 0.02233765 0.44911772 -0.01195613
v 0.12079847 0.39474404 -0.14201026
v 0.38613921 -0.07359059 -0.42076749
v -0.12754133 -0.33780378 -0.37743571
v -0.26140186 -0.43306881 0.12676451
v 0.61361814 -0.03760237 -0.11556660
v -0.22907352 0.34570748 0.01381576
v 0.18473491 0.33594036 0.02925918
v 0.09132877 -0.01646709 -0.50747204
v 0.44219929 0.26458257 -0.14841668
v 0.05175780 0.38085997 0.01330519
v 0.37788138 0.28388369 -0.16954276
v -0.77723455 0.15187770 -0.03094818
v -0.48261148 0.14254743 -0.02664297
v -0.01564887 0.03790402 -0.49585325
v 0.65257734 0.21903515 -0.10021928
v 0.03507954 -0.40993235 -0.20528157
v -0.36682424 0.31543577 0.04677640
v -0.11110178 -0.40565082 -0.28040516
v 0.63824904 0.00717762 0.05498527
v -0.34198812 -0.28308952 0.23199025
v -0.15545233 0.30740944 0.29472899
v 0.74172163 0.05748622 -0.08602637
v 0.32356340 -0.00507665 0.35120481
v 0.35976350 0.25231045 0.09714484
v 0.50097144 -0.07858742 -0.14324470
v 0.14734773 0.18962443 -0.43547058
v -0.01426172 -0.44309282 0.07668701
v 0.21732655 0.30670741 0.16168192
v -0.60478020 0.21412575 -0.00436761
v 0.48552588 0.05083522 0.06515190
v -0.00720408 0.33726466 -0.36449468
v 0.56151938 -0.06275946 0.05079009
v -0.64440024 0.22715119 -0.01201779
v -0.57095373 0.06161451 -0.04122756
v 0.52748042 0.08985554 -0.00251120
v 0.17805108 0.35758978 0.07390949
v -0.35132968 -0.38712972 -0.13732174
v 0.03323001 0.23081988 0.39116687
v 0.03531857 0.42549583 -0.04533070
v -0.40187371 -0.36700606 -0.12230530
v -0.25873214 -0.35397765 -0.22049858
v 0.03364583 0.44367746 0.00617594
v -0.17569989 -0.34346557 -0.31551391
v 0.31003165 -0.14566597 -0.35869539
v -0.02428457 0.23935005 0.33907494
v -0.42872065 0.27514160 0.03990950
v 0.87852013 0.23924354 0.03540941
v -0.26674330 0.30430284 0.13144240
v -0.01071335 0.41987687 0.02085558
v 0.14518282 0.12238774 -0.44674078
v 0.63562107 -0.04485066 -0.09394327
v -0.12736538 0.36340865 0.10756537
v 0.66630673 -0.00133651 0.05261952
v 0.62837189 -0.02288124 -0.12284651
v 0.66228479 0.10360713 -0.07193929
v 0.04829755 0.37388387 -0.03559682
v 0.56971776 -0.08332528 -0.08306912
v -0.21612971 0.34907985 0.02516022
v 0.22757626 -0.41711748 -0.09720308
v 0.06271826 -0.32485089 -0.40309373
v 0.20841819 0.17489567 -0.30038095
v 0.12542814 0.15726516 -0.38598484
v 0.04754772 -0.31210136 -0.40850073
v -0.40998229 -0.31023303 0.03445925
v 0.40453407 0.26736924 -0.18486340
v 0.78189880 0.18087852 -0.05017297
v 0.04026862 0.29097012 0.29638028
v -0.68320775 0.24046177 -0.01401408
v 0.07037848 0.03170002 -0.50942498
v -0.34560975 0.31574711 0.06355470
v 0.29801339 0.24125311 0.25506976
v 0.04987119 0.38301325 -0.13302881
v 0.54907346 -0.08229752 -0.07349913
v -0.45451468 -0.30118650 0.00107890
v -0.44445348 -0.35247052 0.16315591
v 0.23439510 0.22319934 0.30205140
v -0.62948859 -0.12943804 0.04505694
v -0.06974792 -0.22628032 0.39920482
v -0.04070741 -0.22844046 -0.54502130
v 0.14740510 0.16686223 -0.40955216
v -0.38833973 -0.29055703 0.14938921
v 0.04657486 -0.00985527 -0.50381279
v 0.62712562 -0.00405395 0.04052559
v 0.31402630 0.31886530 0.02814817
v 0.47361577 -0.06379470 -0.21927321
v -0.03020075 0.02379388 -0.52711356
v 0.77311623 0.11812889 -0.07527129
v -0.21475220 0.36003757 -0.05836040
v -0.36136046 -0.41648465 0.08841160
v -0.09333301 -0.24985185 0.37224203
v 0.14153470 0.18496111 -0.35706750
v -0.15068990 0.29218584 0.32473689
v 0.35812360 0.30713081 -0.00047064
v 0.10871890 -0.23977035 -0.48170069
v -0.07099955 0.38182524 -0.03655139
v -0.02051207 0.38909882 -0.06801373
v 0.01353408 0.38653332 -0.04673707
v 0.12713680 0.12731047 -0.44687635
v 0.45959866 0.03813419 -0.15105528
v 0.20792276 0.16344376 -0.38360894
v -0.05428462 0.37359142 -0.11991289
v 0.05219041 0.22072831 0.35300177
v 0.35741878 0.29718885 0.09515497
v 0.12924662 0.18716432 -0.34502056
v -0.42343879 0.27676970 0.03249583
v -0.21665618 -0.32794839 -0.37398261
v 0.65616679 0.00722772 -0.05693126
v 0.57069910 0.01666990 0.00981233
v 0.46478105 -0.21536615 0.07051048
v -0.55947393 -0.13301179 0.09069771
v 0.55477607 -0.11137597 0.06472094
v -0.34783992 0.30936545 -0.01491591
v 0.59046519 0.01338148 0.00116631
v 0.17402743 0.17120105 -0.34487504
v 0.74992448 0.16118476 -0.11574790
v 0.40851927 0.23296556 0.06487891
v -0.25773251 0.31763160 -0.03841284
v -0.20918509 -0.45045006 -0.07293472
v 0.74984509 0.15813445 0.02474842
v 0.17322430 0.25401279 0.30448657
v 0.21717972 0.15843037 -0.33033720
v 0.02875738 0.42499179 0.01893783
v 0.14316960 0.19419433 -0.33796370
v 0.68198550 0.02624357 0.04400290
v -0.35314363 0.28347516 -0.06280388
v 0.63074172 -0.00669420 -0.02216855
v 0.35286966 0.16046557 -0.33295238
v 0.74630034 0.16120157 -0.06280161
v 0.09412682 0.35915992 0.03377578
v 0.46080458 0.21180931 0.01958880
v 0.20379363 0.08421814 -0.52182841
v -0.19343011 0.37571216 -0.02722177
v 0.39256635 0.22831029 0.09145191
v -0.31162405 0.33598226 0.17690292
v 0.63005596 -0.03427622 -0.05638575
v 0.17260987 0.17568383 -0.33202514
v -0.58962989 0.03094339 0.02939264
v -0.32237595 -0.42380634 0.21729279
v 0.20189726 0.18341550 -0.31123814
v 0.39188635 0.29171157 -0.18901931
v 0.02518147 -0.10823891 0.39317667
v -0.51975429 -0.22512472 -0.11729875
v -0.60306597 0.22437023 0.00650165
v -0.05214781 0.22936133 0.36114553
v -0.05114296 -0.30240327 -0.53749746
v 0.72191989 0.02954818 -0.11491188
v -0.01519608 -0.39930013 -0.26687405
v 0.60436618 -0.03660628 -0.13291429
v -0.24106435 -0.35977232 -0.27244744
v -0.06087702 0.36904934 0.25836003
v 0.31173372 -0.28481847 -0.21693662
v 0.67000461 0.07205085 -0.06362590
v -0.08845522 0.39302072 -0.02991074
v -0.17719513 -0.46526593 -0.03715903
v 0.53818941 -0.01595597 -0.06406002
v 0.49477226 -0.19751495 -0.02594824
v -0.00429437 0.08939038 -0.52340066
v -0.52596641 -0.29623586 0.11447442
v -0.51900476 0.21812215 0.03500970
v -0.28671676 0.30182618 -0.10889640
v 0.63054597 -0.02368736 -0.10452656
v 0.30436617 0.03072863 -0.46164769
v -0.16065507 0.33655676 0.22338679
v 0.43089232 -0.15274319 -0.24810997
v -0.02861494 -0.41313419 -0.27018633
v -0.38967323 -0.36601293 0.05144989
v 0.71644729 0.11327387 -0.12861699
v 0.02199191 0.45086005 -0.02477625
v 0.14807752 0.39307275 -0.07747746
v -0.50728279 -0.31951937 -0.15366296
v -0.17330408 0.29233545 0.30696028
v 0.64794767 0.07030917 0.05713817
v 0.67165899 0.04241467 0.04649797
v 0.07744122 0.37646192 0.00750992
v -0.00155813 -0.42230061 -0.00269049
v 0.00272427 -0.39129597 -0.14649920
v 0.14323318 0.33618969 0.01148659
v 0.61472887 0.03277754 -0.07970141
v 0.29936260 0.33993307 -0.07129255
v 0.03287810 0.10817453 -0.48031181
v 0.24762011 0.31125402 0.14657211
v -0.41312301 -0.31860089 -0.19840024
v 0.58142662 0.01013701 -0.03327829
v -0.11649594 -0.42975378 -0.21308497
v -0.62619185 -0.23317465 -0.04020213
v -0.53962249 -0.25408375 -0.11767696
v -0.04051606 -0.31070894 -0.34835258
v 0.33706534 0.09801269 0.27727848
v 0.59072828 -0.13313955 -0.10388976
v 0.12445974 0.12477770 -0.42853159
v 0.04427129 -0.01561549 -0.52515280
v -0.01361184 0.30026257 0.33727649
v -0.00404716 -0.17238036 -0.53748679
v -0.22524291 -0.36551926 -0.30262867
v 0.29513830 0.16002092 -0.37829292
v 0.51058459 -0.13692147 0.05991568
v -0.17257150 0.35874510 0.08383575
v -0.17875734 0.33668679 0.13792875
v 0.81680256 0.16792232 -0.08781829
v -0.34028015 0.29621571 0.03875351
v 0.06591785 0.32851303 -0.39154720
v -0.09172240 0.29500681 0.35139030
v 0.81185871 0.17309763 -0.07821997
v 0.09221260 -0.30530185 -0.39562875
v 0.44586524 0.00732008 0.15903619
v -0.12924291 0.29699734 0.36021388
v -0.42732090 -0.18226695 -0.31731361
v -0.40193841 -0.37772334 0.12189612
v -0.73985708 -0.01289774 0.03277835
v -0.71604574 -0.14882958 0.04294936
v -0.15739882 0.36830246 0.02838945
v -0.26777616 -0.45592260 0.01141647
v 0.33679909 0.31323338 -0.04573545
v -0.27829981 0.34740284 0.03931561
v 0.17863038 0.18038540 -0.33186632
v 0.74217129 0.19628586 -0.06161532
v 0.06699073 0.05296500 -0.50193071
v -0.04344997 0.08250272 -0.46971190
v 0.25878283 -0.37283030 -0.16549622
v 0.61430842 0.02687648 0.01712139
v 0.64804232 0.02164891 0.08181636
v 0.48668706 0.10495251 0.09665141
v 0.70317662 0.10679420 0.02298465
v 0.79848635 0.17651463 -0.07826322
v 0.19835669 0.33706814 -0.00425094
v 0.09038022 -0.35558179 -0.39501280
v 0.14733931 0.17066464 -0.43479395
v 0.43465319 0.21270391 0.02532896
v 0.63139439 0.00964594 -0.13388290
v -0.77542865 0.01527410 -0.02988450
v 0.01780250 0.48446491 0.02782723
v -0.33266681 -0.33727416 -0.18559425
v 0.38521031 0.28932804 0.05188423
v 0.82507342 0.18044394 -0.05423119
v 0.18460268 0.16896525 -0.33032066
v 0.31137124 -0.30106726 0.22768010
v 0.73986161 0.00023460 -0.08611928
v 0.21155998 0.16941041 -0.32400411
v -0.05626836 -0.06535055 -0.55370235
v 0.35879886 0.31173772 -0.02890021
v 0.13336027 0.34900752 0.02428555
v -0.17606953 0.34985307 0.18263760
v -0.21204512 0.33076280 0.14367127
v 0.52359557 -0.10783013 -0.19688943
v 0.12912965 -0.07731479 -0.51453984
v -0.33366531 0.18615192 0.34716383
v -0.29807436 0.35137814 0.09676865
v -0.46651942 -0.36500186 0.21015379
v -0.02189439 -0.16752099 0.43103498
v -0.67758393 0.01011109 0.00819135
v 0.40076268 0.28709295 -0.15844005
v 0.13000450 0.36633891 -0.00120154
v -0.30081326 0.32882601 0.04610234
v 0.12377954 0.16077116 -0.42850649
v -0.57350236 0.22784953 0.03982727
v 0.07329971 -0.45770675 0.03490648
v 0.05962014 -0.43190795 -0.01850250
v 0.02451810 -0.33885700 -0.34211779
v -0.75766927 0.08760054 0.00947355
v 0.11252961 0.38336655 0.01739064
v 0.57121134 0.03654387 -0.03506923
v -0.10425264 -0.43603647 0.02192974
v -0.40523592 -0.36093345 -0.14431679
v 0.27331576 -0.16563764 0.32618576
v -0.06126016 0.01318726 -0.49619904
v -0.75186491 0.11922021 -0.03076181
v -0.72908044 -0.06486939 0.02205895
v 0.67580163 -0.00844954 0.08567110
v -0.63237554 -0.10894638 -0.01042151
v 0.42427257 -0.25592881 -0.17854409
v -0.29666668 -0.44672605 0.11929640
v 0.03662041 -0.01595291 -0.52613920
v 0.67665470 0.13436717 0.04303081
v 0.24101853 0.17341742 -0.35861647
v -0.73212481 -0.08777042 0.01839399
v -0.13291284 0.35053092 0.18442151
v 0.12178385 0.09790906 -0.51494592
v -0.32671958 0.34136224 0.11052004
v 0.08168666 0.31385648 0.23053116
v 0.54156452 -0.08112970 -0.05589081
v -0.50597823 -0.30008507 -0.00872061
v 0.05614066 0.38240862 -0.01719037
v 0.10757440 -0.30812639 -0.47206974
v -0.42211673 0.25573638 0.01905213
v -0.06207728 -0.44773173 -0.04744962
v 0.14650798 0.00630099 -0.49500918
v 0.22249269 -0.33671629 -0.29158390
v 0.42316282 0.16785082 0.10523742
v -0.45594496 -0.38252574 0.05767211
v -0.35538557 0.24588934 -0.13377577
v -0.21150906 0.36595148 0.09048444
v -0.68846494 0.07640921 0.04662455
v 0.01918769 0.41082358 -0.14950971
v 0.02047154 0.42489672 -0.04282120
v 0.50442755 0.18641770 -0.03420046
v 0.52198505 -0.12008093 -0.05631833
v -0.23911710 0.30499205 0.23806034
v -0.64140666 -0.21243262 0.04844785
v -0.13222796 -0.32217494 -0.46816072
v 0.34827876 0.23504110 0.18841708
v 0.66987383 0.02372503 0.04420644
v -0.12560432 0.41215298 -0.05221221
v -0.41723222 0.25562304 -0.02842182
v 0.55987978 -0.01042521 -0.05629648
v 0.71143150 0.04291692 -0.05373099
v -0.68547940 0.19650240 0.00319741
v -0.26362774 0.31051576 0.18827948
v -0.00648208 0.38302737 0.15374473
v 0.05170866 0.31228513 0.29125983
v 0.09477010 0.41763222 -0.14958049
v 0.03144879 0.45271379 0.00296840
v 0.03969411 0.41162795 0.08312511
v 0.17118549 0.19209540 -0.32292116
v 0.26212996 -0.27079123 -0.26012504
v 0.56099534 -0.04967201 0.01672815
v 0.49069959 -0.24199411 0.07330020
v 0.60869610 -0.04133517 -0.11099946
v -0.49563956 0.26188412 -0.01345606
v 0.03773096 -0.44657212 -0.09936938
v 0.09793937 0.37084168 0.05534741
v 0.20240997 -0.24406099 0.32034123
v 0.51035118 -0.10080369 -0.11246909
v 0.67663687 -0.02107273 -0.12416329
v 0.13743322 0.04251778 0.36305219
v 0.09631395 0.38620090 0.02040768
v 0.48204702 0.21881005 -0.12233558
v -0.75104237 -0.02798246 0.04008777
v 0.66485071 0.08229659 -0.10842815
v 0.65065849 0.03523968 -0.03744435
v 0.04644680 0.39455026 0.01958555
v 0.40651765 -0.28623563 -0.18541752
v 0.16723882 -0.38322806 -0.08593018
v -0.43417233 0.28411496 0.00995809
v 0.81492013 0.14476693 -0.07847790
v 0.68013078 0.07861933 -0.06101003
v 0.24503817 -0.07418388 -0.52606034
v 0.09378786 -0.03045708 -0.46647620
v 0.73001117 0.03235179 -0.04121436
v -0.69687563 0.14815730 -0.00856837
v 0.36494070 -0.31548256 -0.14041576
v -0.06130749 -0.00922704 -0.51337487
v -0.40410465 -0.13894209 -0.35065311
v 0.55594486 -0.03414367 -0.04214054
v 0.43671995 0.14953694 0.08999309
v 0.55202293 -0.05846429 -0.15670888
v 0.63283682 -0.12503235 -0.09422036
v -0.74956489 0.09259174 -0.03289153
v -0.72595596 0.17198205 -0.05548834
v 0.05045119 0.40306753 -0.02950561
v -0.15124685 -0.41698819 -0.25850224
v 0.12833956 -0.17418763 -0.52568179
v -0.81397516 0.08682030 -0.03457519
v -0.10391304 -0.28452566 -0.49344033
v 0.48148662 0.02027947 -0.16011034
v 0.05696777 0.36335924 0.07499868
v 0.47989595 -0.05242205 -0.26004645
v -0.27398968 0.32686222 0.02432844
v 0.52728248 -0.00896405 -0.15652145
v 0.35965168 0.25838065 0.15563473
v 0.55637884 -0.00820083 -0.11082475
v -0.29525498 0.32819730 0.06048280
v 0.13736135 -0.32702515 -0.35506120
v -0.22441976 0.33243114 0.01816499
v 0.11932993 0.11931652 -0.48662698
v 0.24663237 0.12908357 -0.45645824
v 0.66952944 0.09147209 -0.04292104
v 0.77605593 0.13898751 -0.10254783
v 0.04721487 -0.03423759 -0.56136298
v 0.45044017 0.31422263 -0.12037744
v 0.10255262 -0.40508914 -0.13702662
v 0.07162485 0.37878832 -0.03179631
v 0.49053496 -0.19809593 0.01434475
v 0.08575141 0.01384079 -0.46571234
v 0.39686564 0.13181216 -0.21302462
v 0.53185004 -0.11103906 0.04562903
v 0.04118925 0.01909858 -0.49481282
v -0.58901566 -0.23560145 0.03245212
v -0.61507285 0.04793495 0.06351766
v 0.27638394 0.33678657 0.11853984
v 0.40152636 0.19224152 0.11797750
v 0.08656579 0.34757024 0.13969183
v -0.42579573 0.17953408 -0.06155311
v 0.70327115 0.08859031 -0.06300497
v 0.52244031 -0.03633594 -0.08845921
v -0.31129539 -0.42341435 0.04172790
v -0.34939605 0.25771847 -0.13062507
v -0.12365605 0.28676343 0.30622631
v -0.51349139 0.15862140 0.03538451
v -0.43040884 -0.30950052 -0.09738486
v -0.34107411 0.29992345 0.19985625
v -0.06583329 -0.44065779 -0.10326090
v 0.49933708 0.08022264 0.10889930
v 0.62050569 0.02586067 -0.11972758
v 0.20259108 -0.27698413 0.22925910
v 0.60574824 -0.02408230 -0.00297804
v 0.26825315 0.31671757 0.01133505
v 0.57470775 0.03191632 0.03942685
v 0.84594315 0.25340629 -0.02156886
v -0.70959830 0.09589019 0.01353071
v 0.58674657 0.13065976 -0.00804785
v -0.65007472 -0.08549929 0.02809709
v -0.24342203 -0.38663054 -0.29834694
v -0.08683003 0.24405164 0.34678417
v -0.49693307 -0.35959157 0.06268397
v -0.24028827 -0.17524670 0.42730984
v -0.22866574 -0.45792925 0.04003027
v 0.25657135 0.15382451 -0.30268359
v 0.28478751 0.21112543 0.27794594
v -0.15066785 0.33965027 -0.01871082
v 0.47526014 0.18036300 -0.13256729
v 0.39168906 0.26040810 0.05775321
v -0.69683671 0.22868729 -0.01762549
v -0.39097843 -0.29474387 -0.00011173
v 0.19913006 0.18852414 -0.36298782
v 0.78471434 0.09250458 -0.07287841
v 0.32273066 0.31673488 0.02787849
v 0.63711810 0.05507970 -0.05032665
v 0.12144038 0.03194314 -0.44079280
v 0.68938917 0.00523219 0.06159765
v 0.12451288 -0.25941581 0.25194067
v 0.30334055 -0.03114736 -0.46706131
v 0.06065065 0.44350731 -0.06497088
v -0.38009968 -0.32735842 -0.15017079
v 0.31491047 0.33783615 -0.14784743
v -0.01001735 -0.20185581 0.43863821
v 0.11905713 0.34348619 -0.25896689
v 0.46668959 0.26091918 -0.06540766
v 0.07183665 0.03496689 -0.48834592
v 0.57510233 0.22245151 -0.10557348
v -0.04909668 0.25549877 0.35677472
v -0.45655304 0.18029416 0.13252339
v 0.17703120 0.35109067 0.02157077
v -0.24558178 0.32525641 0.08023790
v 0.12653780 -0.02638188 -0.49684545
v -0.25937462 0.34946615 0.04775271
v 0.03556649 0.41852874 0.01965222
v 0.55745095 -0.03711364 -0.01754609
v -0.52851951 0.00218309 0.25631183
v -0.57397842 -0.20639157 -0.00684288
v 0.54093158 -0.01054639 -0.16347985
v -0.61965609 -0.11010098 -0.00500908
v 0.53801405 0.03147334 0.04416725
v -0.09804925 0.37040216 -0.02201039
v -0.12777001 -0.36442065 0.11723404
v 0.25364655 0.15287246 -0.41684270
v -0.04921773 0.14701208 0.36713123
v -0.09884036 -0.42876953 -0.02785061
v -0.17957529 0.34679994 0.18338093
v 0.47186387 0.06361267 -0.16985482
v 0.17942733 0.35025579 0.07547072
v -0.59358561 -0.17743519 -0.03189656
v 0.78716040 0.19879970 -0.07523814
v 0.40857556 0.26987505 0.01622251
v -0.09352842 0.41557306 0.01781231
v -0.76488501 0.15860623 -0.03509879
v 0.70355862 0.14459084 -0.09503213
v 0.50340903 0.14910166 0.04426384
v 0.35549560 -0.32993370 -0.19503325
v 0.02088627 0.42013097 -0.06017160
v 0.05716218 0.39766121 -0.23087019
v 0.18975040 0.16714278 -0.44092727
v 0.64893281 0.05466586 0.04640715
v 0.66799432 0.09185401 -0.08260405
v 0.87408352 0.25569627 -0.03215906
v -0.45551130 0.25972465 0.05127770
v -0.09090489 0.27951664 0.36661872
v 0.63867044 0.05916601 0.04557925
v -0.73048264 0.15186009 -0.00974561
v -0.24619053 -0.44943950 0.15406081
v 0.67713493 -0.00530612 0.09283887
v -0.09001531 0.37358302 -0.05939376
v 0.71413076 0.00363493 -0.02454293
v -0.72812474 -0.00384223 0.03412137
v 0.60835522 -0.03334209 -0.12264468
v 0.31949329 0.28932714 0.14280158
v -0.16779606 0.27698290 -0.10413808
v 0.38677305 -0.15214032 -0.27016446
v 0.87281442 0.24911670 -0.00740521
v 0.78647971 0.11052225 -0.09763680
v -0.63488197 0.17476012 0.03817962
v -0.34600374 -0.26634243 -0.41186813
v 0.05842895 -0.21978980 0.41849789
v 0.64235604 0.08198757 -0.05009052
v 0.24631087 0.16921714 -0.33036122
v 0.56304491 0.07745492 0.00751057
v -0.25238398 -0.06822014 0.41714609
v -0.41030249 0.26090273 -0.06027091
v 0.06911047 -0.18656421 0.38564801
v -0.21858782 -0.34761512 -0.37780124
v 0.03260167 0.39320636 -0.00747621
v -0.24069677 0.32882214 0.11827639
v 0.73556352 0.10328581 -0.07928103
v 0.59052849 0.16304916 -0.07229189
v 0.67508084 -0.00308450 -0.06470785
v -0.04068121 0.03616625 -0.52705944
v -0.48515499 -0.34665328 0.10647523
v 0.03392214 -0.02435383 -0.51129729
v -0.22260579 -0.40021420 -0.26331067
v 0.26124987 0.12197134 0.34864026
v 0.54138094 -0.14347064 -0.15863772
v -0.69700348 -0.15048924 0.07370716
v 0.16294922 -0.05942819 0.40223169
v 0.21459383 0.15966108 -0.30115807
v 0.08279935 0.35302001 0.09648252
v 0.53447104 0.01904517 -0.08040257
v -0.20504284 0.33297881 0.19328701
v -0.49736261 -0.27885675 -0.04450946
v -0.11006285 -0.04443441 0.43314162
v 0.32475483 0.00233344 -0.45684004
v -0.44734472 -0.26421407 -0.01730616
v -0.27949840 0.33723906 0.20005415
v 0.16981915 -0.05673259 -0.49866289
v 0.33082402 0.19994837 0.24875166
v -0.05648002 0.40496176 -0.05361107
v 0.39289656 0.29422855 -0.02737722
v 0.15135698 -0.41305518 -0.09587368
v 0.47133610 0.29963830 -0.11707687
v 0.33222252 0.30591771 -0.06778011
v -0.09645334 0.35870665 -0.08353379
v 0.54790932 -0.07169907 -0.05321182
v -0.64640647 0.14408997 0.00801926
v -0.42528453 -0.03330490 0.37178758
v 0.15884666 -0.31537306 0.14540917
v 0.81221920 0.17682171 -0.10143155
v 0.50373000 -0.12741114 -0.18973014
v 0.65847880 0.01220191 -0.03323247
v 0.35350335 0.23553428 0.14907640
v -0.15689099 0.39556721 -0.04512116
v -0.02789688 0.40089285 0.01685795
v -0.11503266 0.10965088 -0.45034516
v -0.50953329 0.15961392 -0.02306932
v 0.20997903 -0.27995652 -0.48884466
v -0.22498739 0.33876359 0.02473980
v 0.78198421 0.19941020 -0.03505941
v 0.18073487 0.13540003 0.38623041
v 0.06530204 0.38594830 -0.07947657
v 0.69151521 0.01828167 0.05716287
v 0.55913568 -0.02772952 -0.13484988
v 0.56083620 0.02527792 -0.02228883
v 0.05879223 0.38818273 -0.07363284
v 0.31338006 0.31803307 0.08216649
v -0.43252739 -0.30665043 -0.13758340
v 0.03797853 0.47517106 0.01011425
v 0.18653128 0.34942830 0.02175948
v 0.11501163 -0.02866626 -0.51211113
v -0.53760266 -0.31156644 0.07478338
v 0.78523487 0.19088426 -0.06195637
v 0.33473909 0.21992889 0.18807705
v 0.08588570 -0.00898719 -0.48908758
v 0.43736947 0.27102482 -0.18345053
v -0.14034581 0.36423111 -0.00993234
v 0.05706497 0.45825565 0.01614752
v 0.47941354 0.20513529 0.01264489
v -0.00800022 -0.03114146 -0.51557940
v 0.14231746 0.13473737 -0.45101514
v 0.00983018 -0.05476791 0.45101213
v -0.07845172 0.28048450 0.36977893
v 0.11666318 0.15742153 -0.41657722
v 0.09865478 0.23743778 0.36545345
v -0.03790736 -0.03776783 -0.52567428
v -0.18924882 0.34684730 0.09494498
v 0.00268630 0.22102863 0.35768926
v -0.08507976 0.21996850 0.43913391
v -0.31658036 0.15433654 -0.38699636
v 0.58182788 0.00394861 0.02301061
v 0.35988468 0.30242580 0.05119556
v -0.16322540 0.06751986 0.40035129
v -0.07537255 0.39585692 -0.04728627
v 0.04830194 0.06601194 -0.52919149
v 0.29684326 -0.28554115 0.20059049
v -0.17623922 0.19688947 -0.45374566
v -0.45419726 0.19317131 0.09677047
v -0.41911444 0.27843788 0.06315587
v -0.34882665 -0.06466180 -0.37998220
v -0.33182260 -0.42637211 0.07968131
v 0.28496060 -0.08655736 -0.37489474
v 0.41056567 -0.20439585 -0.24154893
v -0.31752273 0.33798796 0.00349835
v 0.06635633 -0.36415690 0.12525208
v 0.70442390 0.07092787 -0.07652038
v 0.26787764 0.17861103 -0.37377161
v -0.55284750 0.22182016 0.04245548
v -0.50210381 -0.33304602 -0.17688471
v -0.31261384 -0.13331372 -0.44972888
v 0.63802940 0.00347684 0.04992941
v 0.09938008 0.46028465 -0.03110045
v -0.43452081 0.16489890 -0.06026996
v -0.31794125 0.34058318 0.18953705
v 0.28621033 -0.30025738 -0.20543335
v 0.45214605 0.29503721 -0.12288234
v -0.13271372 -0.28521723 -0.48552287
v 0.50937527 -0.20712204 -0.08091418
v -0.31880468 -0.42454755 0.12815940
v -0.50713241 0.11985208 0.13337487
v 0.23892587 0.25208443 -0.31543535
v 0.59116828 -0.09201007 -0.11204188
v 0.00439931 0.02111304 0.44360751
v 0.19743738 -0.39545161 -0.21341199
v -0.01464887 0.26613167 0.35734737
v 0.24021772 0.35567862 -0.14297137
v 0.61792326 0.01481864 0.01403538
v 0.61564988 0.23284015 -0.11782122
v -0.03952343 0.07103774 0.39482147
v 0.49738047 0.22487962 -0.04992786
v 0.23560575 0.34481391 -0.16646309
v -0.52661306 0.23700966 -0.01003134
v 0.03086585 0.03551111 -0.49043912
v 0.10391539 -0.02047589 -0.54294002
v -0.73058456 -0.00302096 0.02148964
v 0.16082986 -0.25383359 -0.39067328
v 0.51775289 -0.19568492 0.12973894
v 0.10543418 0.24259698 0.34911528
v 0.58033168 0.03547764 0.01181655
v 0.11829276 -0.00318377 -0.54603904
v -0.63001865 0.19981876 0.03819572
v -0.40378177 0.34191495 0.07002877
v 0.54176569 -0.05039799 -0.02249612
v 0.56745732 0.02992146 -0.01147920
v 0.22437495 0.29558060 0.21378970
v 0.26047680 0.32685554 -0.02533403
v 0.57542408 -0.02620316 0.00383963
v -0.66029286 0.15548581 0.03242602
v 0.16774750 -0.06293768 -0.52581221
v -0.27638465 -0.42624235 -0.11807024
v -0.60105014 0.09980023 0.03558118
v -0.58122152 0.20727697 0.02521805
v 0.10913572 0.02740785 -0.47579050
v -0.55647123 0.21088287 0.04592618
v 0.43733558 -0.21817681 -0.19531135
v 0.07358348 0.37744114 -0.05461285
v -0.39903378 -0.28503424 -0.19600306
v -0.67116761 -0.08154559 0.00867169
v 0.73366785 0.08914345 -0.08615872
v 0.30164874 -0.05770010 0.35843736
v -0.43704599 -0.34903580 -0.24650560
v -0.74634141 -0.10611296 0.03611490
v 0.43639037 -0.04498661 0.20219068
v 0.01699217 0.41099864 -0.06809554
v 0.15125787 0.18434428 -0.38224250
v -0.64409238 -0.08209436 0.06763917
v 0.00316410 -0.11458148 0.42186776
v -0.41876197 -0.12427875 0.35119557
v 0.66767985 0.02983375 -0.05506310
v -0.00315981 0.44407046 -0.00317526
v 0.50398272 -0.03919156 -0.13545559
v 0.55379951 0.02595456 -0.05719149
v 0.12187523 0.38192108 -0.11801405
v 0.05248417 0.38228846 -0.00016773
v -0.54186213 0.23606622 0.00860573
v 0.27076346 -0.19572546 -0.37545627
v 0.58644611 -0.11064684 -0.05113168
v 0.12863284 0.34656638 0.13388935
v 0.06000811 0.04448448 -0.51102376
v -0.53459156 -0.20124170 -0.00522009
v 0.56661952 0.13440421 -0.13428788
v 0.64603078 0.05580745 -0.09371489
v 0.40206474 -0.19389591 -0.23754895
v -0.10496724 -0.35476387 -0.06840903
v -0.50223535 0.20575657 0.03746359
v 0.04000839 -0.11361939 0.43466043
v 0.69299340 0.05942318 0.00206137
v -0.73261112 0.13063736 -0.02021413
v -0.45389423 -0.18099150 0.23915812
v 0.71680236 0.06635770 0.06842197
v -0.56783354 -0.30114302 0.09326741
v -0.17133825 0.29081833 0.36182255
v 0.13327572 0.25641787 0.34308317
v 0.26124540 0.33120036 0.05427754
v 0.56556559 -0.03594787 0.00893301
v -0.11225012 0.25273368 0.34119189
v 0.14081338 0.01413345 -0.48922378
v 0.73804778 0.14883561 -0.08637297
v 0.06109822 -0.38050419 -0.11305350
v -0.46327060 -0.03380230 -0.18081298
v -0.58316153 -0.04757804 0.14612722
v -0.63999265 0.04625255 0.06415401
v -0.17737353 -0.40606567 -0.22920683
v 0.05376589 0.06870198 -0.49702191
v 0.70595527 0.04354332 -0.06471270
v -0.29280153 0.29678872 0.16406980
v -0.09643695 -0.22837743 -0.50016630
v 0.61876559 0.02856150 0.06125247
v 0.58295792 -0.08958314 -0.05380162
v 0.03662893 0.05581766 -0.47383434
v -0.16614649 0.30769706 0.31338316
v 0.55996728 0.00759426 -0.06409596
v -0.00430559 0.31587502 0.15012521
v 0.06557599 0.39593047 -0.00661451
v -0.18483277 0.32725081 0.20104212
v 0.04038388 0.41998202 -0.03393537
v 0.45636511 -0.20740855 0.12961170
v 0.45668525 0.05801433 -0.19178998
v -0.66106969 -0.19153205 0.03190818
v -0.18945950 0.34017140 0.00554314
v 0.18304852 0.33946049 0.06580696
v 0.31479043 -0.27794644 0.22713414
v -0.02426497 0.22776178 0.37025359
v 0.25465780 0.14904469 -0.37321469
v -0.28935573 0.33552200 0.09868917
v 0.34808630 0.00150079 0.29068837
v -0.24749786 0.35553038 0.03617021
v 0.58854550 -0.00528187 -0.05747442
v -0.45010006 -0.15272486 -0.28983334
v 0.60220903 0.00592703 -0.00859843
v 0.64111710 0.24365743 -0.10252889
v 0.57395840 -0.04077819 0.01037389
v 0.34585229 -0.26924080 -0.19803804
v 0.69335282 0.13689671 -0.08558002
v 0.09330560 0.23052785 0.36378166
v -0.73241758 0.02779608 0.03964990
v 0.83598810 0.17497510 -0.06889418
v -0.01098360 0.22483104 0.34763941
v 0.05672112 0.40868813 -0.02345783
v 0.25985250 0.15800127 -0.42883068
v -0.63024503 0.14993195 0.04388422
v 0.09110779 0.37723190 -0.22623305
v -0.73701465 0.18743470 -0.01280468
v 0.22680078 -0.35884252 -0.32449526
v 0.25900951 -0.01239875 0.38348305
v 0.50369513 0.15176317 -0.18621628
v -0.43267888 0.26817620 -0.01061013
v 0.44846520 -0.01178345 0.25053251
v 0.57970357 -0.00531184 -0.08598356
v -0.00941452 -0.21839404 -0.56076634
v 0.68104255 0.08457069 -0.07157403
v 0.18179263 0.15588500 -0.38252944
v 0.74689585 0.06903046 -0.08116603
v 0.43373200 -0.19207397 0.11563429
v -0.19133176 0.31634900 0.26001793
v 0.65904355 0.21957150 -0.08750948
v -0.77565253 0.10249294 -0.01693927
v 0.04349067 0.36920941 0.10104200
v 0.60889673 0.17284346 -0.09111607
v 0.01777658 0.08251013 -0.48371881
v 0.06384236 -0.26457053 -0.49937105
v -0.59984756 -0.25724551 0.10195431
v 0.05550214 0.30287746 0.28663674
v -0.19226409 0.41949728 0.04913539
v 0.62688833 0.04563776 0.03235939
v -0.08944993 -0.42832404 0.03543705
v 0.07873949 -0.08610591 -0.52669740
v 0.27438492 0.33638304 -0.16445650
v 0.63691330 0.02071422 -0.02762029
v -0.11812887 -0.37016609 -0.38835806
v 0.15717620 0.17577200 -0.32735762
v -0.30354682 -0.28010094 -0.37345994
v 0.00810844 0.39974862 -0.06330571
v 0.58681846 -0.05680255 -0.13811432
v 0.15531522 0.33732337 0.06289458
v 0.07948965 0.31963828 0.14608341
v -0.56441450 0.13466567 0.04879123
v -0.51370287 -0.30559105 -0.04090774
v 0.85295618 0.20324072 -0.04304201
v -0.24938916 -0.34543982 -0.25150490
v -0.52232367 0.25064293 -0.00971520
v 0.06080847 0.40599006 -0.01015514
v 0.56389940 -0.01540684 -0.13472641
v 0.14293279 0.02317306 -0.51463097
v 0.43002069 -0.24462265 0.09592973
v 0.13394149 -0.41896883 -0.00674990
v -0.68317974 0.13547908 0.03029080
v -0.66158164 -0.19587126 0.05349846
v 0.60488713 -0.11145408 -0.14337295
v 0.49356085 -0.22735518 0.03014676
v 0.03962869 0.46584076 -0.02807039
v 0.30237347 0.00851008 0.34696156
v 0.57388318 0.01977658 0.01544014
v 0.34026885 0.31753868 -0.15894270
v -0.58069921 0.18537012 0.04250227
v -0.22688778 0.37006295 0.03668672
v 0.53541815 -0.18004578 -0.01986361
v 0.07320391 0.48002809 -0.01414400
v 0.12761915 0.36301827 -0.08246201
v 0.03113699 0.10066727 -0.49535698
v 0.04986379 -0.31210935 -0.49378711
v 0.61523795 0.17070656 -0.06734712
v -0.19048122 -0.44850969 -0.05356529
v 0.16424678 0.12716454 -0.42023700
v 0.35693392 0.30456331 0.01031765
v -0.02034312 -0.33860093 -0.38721478
v 0.04831487 -0.05121541 -0.56621748
v -0.24463460 -0.44468233 0.12862015
v 0.01900542 -0.00195582 -0.54202503
v 0.27323622 0.16696438 -0.38358927
v -0.05183194 0.31452203 0.33585212
v 0.27828526 0.16354701 -0.37778306
v 0.68611056 0.06066635 -0.08795933
v 0.08276124 0.28451681 0.29415041
v 0.49455482 0.03809974 0.11809106
v 0.37691244 0.15825298 -0.30518609
v -0.54358745 0.24120325 -0.01390387
v -0.10561965 0.33071172 0.25208533
v 0.23985900 0.15255859 -0.32529512
v 0.12753350 0.02162254 -0.45286161
v 0.30328679 -0.34473994 -0.19178645
v 0.49739316 -0.23375636 -0.05849354
v 0.25860226 0.32909408 0.06245378
v 0.13515189 -0.02356869 -0.53048766
v -0.65177798 0.17578290 0.00257936
v 0.41401136 0.27784556 -0.19146353
v -0.47160423 0.24478161 0.03641233
v 0.05486422 0.38492805 -0.17061676
v -0.45107973 0.10438466 0.21510167
v -0.15208840 0.36421621 0.02117300
v 0.05788696 0.20854986 0.35632834
v 0.26009107 0.32293361 0.10137299
v 0.06695288 0.41101587 -0.01773784
v -0.50920427 0.19980428 0.04592812
v 0.23386712 0.23036472 0.25529891
v -0.03380645 -0.29679731 0.34300008
v -0.35761523 -0.22350416 0.32315743
v 0.21273956 0.21180366 -0.34700605
v 0.70113617 0.09419742 -0.09871086
v -0.10829391 0.12919246 0.39895964
v 0.73369348 0.21783356 -0.04428312
v 0.06153744 -0.03900549 -0.52104205
v 0.22587214 0.29922062 0.20523980
v -0.18396075 -0.29643399 -0.44231224
v 0.12432030 0.38209921 -0.12056237
v 0.81032825 0.16173723 -0.06084667
v 0.05387467 -0.01025689 -0.49258980
v 0.33590648 0.11778378 -0.39847428
v -0.75799716 -0.02020679 0.02207489
v -0.37625194 -0.36950144 -0.21567614
v 0.73172450 0.08942936 -0.09010305
v -0.31156206 -0.43038040 -0.00544357
v 0.07806477 -0.36405978 -0.26290771
v 0.14281493 -0.14575586 0.41135579
v -0.30759865 -0.42936558 0.11970940
v 0.59140778 0.01559694 0.05685771
v 0.82718951 0.18194501 -0.07099859
v -0.00742780 0.06249285 0.43289125
v -0.34147829 0.31838584 0.14531747
v 0.01045254 -0.40400362 -0.13706861
v 0.40942872 -0.05766124 0.23931809
v 0.04058164 0.04029214 -0.47484159
v 0.00513789 0.14398661 0.38547522
v 0.12894469 0.16892824 -0.41432887
v 0.03723949 0.44270885 -0.03741613
v 0.12862341 0.37431058 -0.15604563
v -0.60948938 -0.20733237 -0.00882947
v -0.60241562 0.15197307 0.02104905
v 0.43075818 0.20813753 0.12650329
v -0.15752590 -0.27080369 -0.49619919
v -0.10783640 -0.20621082 -0.55915600
v -0.07931608 -0.08783107 -0.53769433
v -0.42932880 -0.36442259 0.09856081
v 0.30938196 0.18128179 -0.32413462
v 0.62136018 0.10975629 -0.04455078
v -0.65793401 0.20683686 0.00490879
v 0.14034620 -0.31425875 -0.47956160
v -0.38175344 -0.27350199 -0.38537055
v 0.04786786 -0.34886491 0.07602228
v 0.55733389 -0.15735352 0.08423413
v 0.12214580 0.37751913 -0.03561023
v -0.76723546 0.14939538 0.01665947
v 0.51821780 0.22039156 -0.07631627
v -0.06675592 0.30407232 0.30583209
v 0.23723526 0.14653385 -0.37674159
v -0.00799721 -0.38714457 -0.36559969
v 0.55400091 -0.01154801 0.02890903
v -0.61364341 -0.12434345 0.00257137
v -0.16733038 -0.45740157 -0.02616236
v -0.66610384 -0.04602237 0.04626320
v 0.39436150 0.25417095 0.06222528
v -0.31272992 0.31652388 0.00864547
v 0.58340973 0.00680885 -0.05649449
v 0.42031854 0.28071100 -0.01819250
v 0.46634817 -0.16699594 -0.23305394
v 0.11706045 0.38735002 -0.18910605
v -0.03117236 0.25466931 0.33224881
v 0.40044412 0.25528121 0.07138604
v -0.12100531 0.32186726 0.28464442
v -0.50871813 0.02275641 0.25290322
v 0.13178164 0.36335194 0.05312267
v 0.62477422 -0.02632439 -0.02151020
v -0.11039920 0.22474079 0.33948529
v 0.55849516 0.00388865 0.00674206
v -0.05091241 0.24734518 0.39786309
v 0.61868918 -0.11139274 -0.10409123
v -0.68661475 0.18401022 0.00701731
v -0.75924122 0.09392098 -0.06185069
v 0.13802078 0.17574671 -0.36938694
v -0.16274205 0.13260047 0.37762502
v 0.20129603 0.33644080 0.07130855
v 0.00845760 0.07315117 -0.50991452
v 0.71284336 0.07433496 -0.06879880
v 0.56397492 0.18102579 -0.06512939
v 0.59800684 -0.02260742 0.02527994
v 0.48824170 0.03182364 0.15815321
v 0.45087400 0.21941832 0.03935334
v 0.54664898 0.15915807 0.01267040
v -0.43622062 0.25996378 0.05110392
v 0.15652087 0.33363327 0.19653231
v 0.37387201 0.29321724 0.07193923
v 0.80101603 0.19627504 -0.05587842
v 0.65687770 0.16419947 -0.08873847
v -0.08255741 0.01140830 -0.49809736
v 0.60880786 0.01423078 0.01164913
v 0.76487046 0.15554227 0.03350013
v -0.15735327 0.25219586 0.40455300
v 0.08059692 -0.19513392 0.36257038
v 0.36570254 -0.02951822 0.29073772
v 0.34606898 0.20934874 -0.24406077
v 0.59117597 -0.11024760 -0.10415652
v 0.08074427 0.06404324 -0.48609525
v 0.66805005 0.04461411 0.07310519
v 0.57557702 -0.01178012 -0.02529579
v 0.19065803 0.31434211 0.16352421
v 0.17376766 0.16108599 -0.35725543
v 0.08759233 0.11181113 0.40303457
v 0.06546670 -0.02690753 -0.54793173
v 0.56019062 0.01936847 -0.04966653
v -0.32875285 0.17909196 -0.23820446
v 0.71812463 0.04011540 -0.08269246
v 0.58144546 0.01427364 -0.02791709
v 0.13220978 0.36376524 -0.00863442
v 0.81658530 0.18482560 -0.07487160
v 0.03785335 0.33984628 0.13792935
v 0.33306542 -0.25224584 -0.26696518
v -0.07577886 0.43853867 -0.02463192
v -0.30660054 0.32747367 0.07540777
v 0.10786256 0.40050745 -0.04353815
v -0.09846061 -0.25022632 0.41287664
v -0.38996467 -0.28828138 -0.35101640
v 0.17435504 0.16776451 0.34970459
v 0.63783371 -0.05317040 -0.00513610
v 0.06729229 0.34858310 0.15331846
v 0.59288871 -0.04892583 0.06229174
v -0.09071581 0.38220263 0.02405405
v -0.72342968 0.17130060 -0.07436209
v -0.42722148 -0.30125430 0.00618804
v 0.15481171 0.18009165 -0.32585177
v -0.18037736 -0.41698366 -0.08528922
v 0.14077047 0.17898010 -0.34734794
v -0.17106822 0.18749556 -0.47020340
v -0.17345467 -0.42498460 -0.02780935
v -0.24256226 0.34423864 0.13703766
v 0.24918656 0.14490595 -0.30969974
v 0.57348859 -0.01306351 0.03266144
v -0.23836036 0.34545541 0.01683414
v 0.18072879 0.18678373 -0.31529590
v 0.04096703 0.44205552 -0.03585407
v 0.04917543 -0.36577642 -0.10766754
v 0.33507422 0.12996626 0.25208676
v 0.77142519 0.11657946 -0.05613136
v 0.00569299 0.09481046 -0.54586840
v 0.06753792 0.37905815 0.02895018
v 0.36158955 0.29180053 -0.17288479
v 0.51650703 -0.08360962 -0.12742625
v 0.49148214 -0.22339725 0.09042509
v 0.51339757 -0.05154803 -0.10261890
v -0.43293005 -0.07723910 -0.30505657
v 0.76941144 0.14517663 -0.04975655
v 0.14108571 -0.02993649 -0.51470345
v 0.62119079 0.04487790 -0.04222122
v -0.24426538 0.08227827 0.40608293
v 0.10927503 -0.31013650 0.26081979
v 0.62492341 -0.02453086 0.04029331
v 0.46530846 -0.08917727 -0.18838328
v -0.23605947 -0.41437989 -0.02969722
v 0.57294798 -0.00440557 0.02214259
v 0.12440327 -0.08775610 -0.51712269
v -0.10279666 -0.29505712 0.26864383
v -0.70624888 0.05193086 0.06053604
v 0.72054946 0.08249326 -0.07796375
v -0.60174155 0.20276166 -0.01081464
v 0.47858715 -0.23789084 0.08693409
v 0.62994546 0.00725520 0.07345508
v -0.19744088 -0.47080579 0.18080735
v -0.50369787 -0.20127760 0.10795353
v 0.87136483 0.21528639 -0.05267116
v 0.02289759 0.00673884 0.39651504
v 0.60637951 0.01651675 0.04674098
v 0.03370154 0.40724334 0.00017634
v -0.16368364 0.29992956 0.26472670
v -0.25359151 0.32280686 0.27120483
v -0.03520815 0.42149609 -0.00325894
v -0.55882138 0.21624902 0.01196526
v 0.18224566 0.15545365 -0.43826860
v 0.09056979 0.42694926 -0.12087804
v -0.37163064 -0.34083360 -0.19847707
v -0.55193782 -0.22852254 -0.00039573
v -0.64558035 -0.16295363 0.04645604
v -0.01224020 -0.28408092 -0.45841128
v 0.33287135 -0.21881148 -0.27875850
v -0.46557549 -0.06987897 -0.19090749
v -0.12937409 -0.41201332 -0.27657604
v -0.17890161 0.36070368 -0.01918128
v 0.12743047 0.38527292 -0.16290538
v 0.70996344 0.05036239 0.04646190
v 0.57553554 0.10925975 -0.04926363
v -0.55094475 0.22990903 0.04425576
v 0.15424481 0.35778585 -0.11070281
v 0.21036159 0.19964738 -0.34921381
v 0.58483112 -0.05402043 0.03740084
v -0.21373798 0.32474661 0.23695840
v 0.31590295 0.16164067 -0.29032466
v 0.05867469 0.01215841 -0.55576229
v 0.64654553 -0.04005204 -0.08500375
v 0.68017602 -0.05497931 -0.03929999
v 0.12422585 0.25264382 -0.35504696
v 0.70828092 0.09920003 -0.06373817
v 0.11855020 0.34581023 0.13674244
v 0.11335909 -0.33720076 -0.32840464
v -0.18169327 0.27891490 0.32468390
v -0.31596842 0.22210360 -0.24916437
v 0.26072210 -0.14801240 0.35649490
v 0.48824513 0.25527135 -0.06485724
v 0.16702543 0.12788914 -0.40090936
v -0.45802817 0.19546008 0.09334601
v 0.15122160 -0.27067837 -0.38775289
v 0.73701817 0.06966242 -0.05916597
v 0.00561115 0.07531020 -0.48119169
v -0.02489200 0.43925834 0.00722745
v 0.66038430 0.02832243 0.06562653
v -0.15212192 0.37264135 -0.04685813
v -0.68178642 0.00708619 -0.00478458
v 0.21992090 0.16914064 -0.29700458
v 0.13454349 0.36916155 -0.25823206
v 0.31920505 -0.29999384 -0.25410241
v -0.45051235 0.05952013 -0.21865101
v -0.13727574 0.25943744 0.35240063
v 0.05355403 0.04516715 -0.50144637
v 0.25768876 0.13448760 -0.42327160
v 0.03613620 -0.35020185 -0.26577449
v 0.65830010 0.15424357 -0.08810864
v 0.04216962 0.44870430 -0.10032532
v -0.04857171 0.25044966 0.31690437
v -0.73693442 0.02966554 -0.00570726
v 0.39037406 -0.06287009 -0.29320988
v 0.49483135 0.18367103 -0.09798481
v 0.40006861 -0.14885348 -0.30838555
v 0.24269924 0.17986012 -0.35678673
v -0.48267522 -0.37155598 -0.00404394
v -0.07517026 0.33528548 0.23950031
v 0.54000181 -0.09058286 -0.08190897
v -0.66592693 0.20533526 -0.00729536
v -0.68357277 -0.06931334 0.03001249
v -0.55254591 -0.19379601 -0.05184917
v 0.62696099 0.03390288 -0.00568560
v 0.10486647 0.39244825 -0.07018319
v 0.21137254 0.34780553 -0.13602497
v 0.78390133 0.09317686 -0.06261276
v -0.57876068 -0.29638645 0.02987114
v 0.35602516 0.10623726 0.24812789
v 0.73688155 0.13633808 0.01874574
v -0.02055007 0.22448877 0.36864048
v 0.61376655 -0.03851391 -0.03309838
v -0.26315486 0.30600962 0.07757860
v 0.18500732 -0.39400071 -0.07604696
v -0.68622524 -0.09642448 0.02413954
v -0.60735780 0.20765638 0.00455275
v -0.57219130 0.17701411 0.03468660
v -0.65739042 0.12062544 -0.01780229
v -0.38922137 -0.41858706 0.06519327
v 0.29243323 0.27616704 0.16916531
v 0.31243888 0.10423432 -0.39632630
v 0.09220654 -0.04020971 -0.47435880
v -0.04913439 0.21668729 0.41594940
v 0.13545437 0.04502288 -0.53308475
v 0.52069229 0.17002138 -0.01336834
v 0.08049625 0.37739024 -0.06450599
v 0.10237867 0.01822586 -0.51341456
v -0.18881218 0.32961398 0.28159148
v -0.22961332 0.32246399 0.13855815
v -0.54850274 -0.21847144 -0.03818361
v 0.70332468 0.07627741 -0.05738661
v -0.25851619 0.33078673 -0.01199961
v -0.16168678 -0.37687898 -0.08029605
v -0.45924681 -0.28726596 -0.12698986
v -0.33998305 -0.08487931 0.43135148
v 0.32678133 0.15263745 -0.26610088
v -0.61756706 -0.15282555 0.03918424
v 0.01179530 0.37580386 -0.27502376
v -0.02628198 0.00443763 -0.52133274
v -0.51713777 0.18831655 0.00795943
v 0.31275767 0.10960992 -0.40382218
v 0.17943984 0.10762787 -0.45024639
v 0.09059299 0.28603938 0.29552168
v 0.52037859 0.05397630 -0.08829604
v 0.26115948 0.33949417 -0.19292077
v -0.01498164 0.38875490 0.04337326
v 0.50034988 -0.20885521 0.05525242
v 0.03447415 0.39543188 -0.02141792
v 0.15515076 0.16253769 -0.35375580
v 0.60668117 0.02947286 0.00435999
v 0.11272989 0.15745972 -0.45821467
v -0.21856539 0.33678690 0.15286097
v -0.52500230 -0.18019137 0.08572059
v 0.74315488 0.01045787 -0.06886938
v -0.58432192 -0.09531660 0.08782920
v 0.62080437 0.00394806 -0.01851079
v 0.48271054 0.13870531 -0.14065415
v 0.05302320 0.29246068 0.30653337
v -0.60817283 0.23897833 -0.00592474
v 0.19519792 -0.00421821 -0.53252739
v -0.04742995 0.01043266 -0.53922105
v -0.70502442 -0.08067268 0.01168017
v -0.03493273 -0.11404067 -0.54966903
v 0.63517725 0.02930738 0.04474182
v 0.45144251 0.18667549 0.04234645
v 0.39202172 0.04341927 0.28079784
v -0.08776224 -0.44667381 -0.04863545
v 0.03014947 0.44074634 0.02947772
v 0.07994965 0.04637477 -0.48477566
v 0.65908951 0.03252712 0.05256253
v -0.33173203 0.31661588 0.07474968
v 0.51729947 -0.02300082 -0.15532440
v -0.23913646 -0.29690871 0.22010545
v -0.19223493 -0.44689715 0.07808563
v -0.29948455 -0.38250253 -0.05559064
v 0.05226487 -0.07176782 -0.56858385
v 0.47744903 0.13533205 -0.11896680
v -0.66179907 0.08489481 0.04673025
v 0.08960818 -0.37115791 -0.08413766
v 0.90552723 0.25642386 -0.04097649
v -0.13980572 -0.46639588 0.09743381
v 0.00338390 0.44249463 -0.00317818
v 0.14504254 0.34748119 0.11292139
v 0.07247950 -0.27536774 0.36180457
v 0.23118711 -0.09923404 0.34925172
v -0.32323545 0.17990565 -0.26256689
v 0.00615945 0.07633305 -0.47630286
v -0.39022583 0.29284462 0.02447894
v 0.12008715 0.15449421 -0.44518790
v 0.48277336 -0.20381503 0.01260529
v -0.63353598 -0.08618775 0.03319769
v -0.19277850 0.03747419 0.38733044
v -0.03796720 0.26423374 0.36112893
v 0.08114210 -0.22596492 -0.53928912
v -0.76280618 0.01519629 0.01537362
v 0.24922919 0.12347165 -0.43434969
v 0.03346503 0.41298094 -0.07903311
v 0.09653684 -0.06661867 -0.56898600
v 0.25393927 0.34961432 -0.12429580
v 0.27666777 0.15734521 -0.33194321
v -0.47993636 -0.28281057 -0.13408592
v 0.62408537 0.00503674 -0.04240912
v -0.49629799 0.22562897 0.06235640
v 0.11327255 -0.31016311 -0.36574191
v 0.30062169 -0.19010051 -0.45125276
v 0.54660761 -0.09242770 0.02882747
v -0.49287701 0.21879682 0.03512760
v 0.39137739 0.04792362 0.27292299
v 0.17822546 0.32922202 -0.04939505
v 0.04401293 0.09072089 -0.48585215
v 0.65211105 -0.07212999 -0.09209850
v -0.10540436 0.34812266 -0.06684184
v -0.13685861 0.34418780 -0.00540069
v 0.68500650 0.20408608 -0.08826339
v -0.10641804 0.13145342 -0.43741596
v -0.15614046 -0.44479418 0.12539312
v 0.83949053 0.24194682 -0.05584488
v 0.27329817 0.35042369 -0.15410234
v 0.37039348 -0.24788237 -0.24781266
v 0.38141763 0.29945430 -0.14833221
v -0.08429045 -0.00376746 0.46518821
v -0.10078573 -0.11191532 -0.55372155
v -0.69722831 0.16302657 -0.04289234
v 0.44128615 -0.18709016 0.11686468
v 0.73157430 0.21528757 -0.07533745
v -0.17813671 0.33398518 -0.09953317
v -0.12205580 -0.28073496 0.20418906
v 0.04218573 0.46334392 -0.07020965
v 0.22538413 0.09300134 -0.35835144
v 0.10392803 -0.01262975 -0.49934638
v -0.30711317 -0.11277825 -0.45927927
v 0.17059664 0.31462529 0.18933949
v 0.09937921 0.34379333 0.01315799
v 0.49094713 0.17417651 -0.15944740
v 0.50433445 0.25308865 -0.07943949
v 0.52218115 -0.08249828 -0.06452133
v 0.57582891 0.12179574 -0.13967249
v -0.47661200 -0.32361156 -0.26428062
v 0.66903126 0.15627903 -0.09259495
v 0.61886775 0.08281121 -0.02789293
v 0.62374413 0.00372674 0.03420770
v 0.44119841 0.19374673 -0.21834233
v 0.46283859 -0.06764282 -0.23494439
v 0.10631275 -0.33400416 0.14911166
v 0.68574500 0.02252033 0.04074032
v -0.74103534 -0.10641602 0.03125902
v 0.30575109 0.18519686 -0.32967037
v -0.15549873 0.28669515 0.30810875
v -0.14891747 0.36298549 0.04314595
v 0.23833188 0.19775966 -0.36119819
v 0.68137282 0.03111872 0.08141364
v -0.27731410 0.33493242 0.12772833
v 0.18965802 0.10428599 0.37216413
v -0.78178334 0.03722100 -0.01784261
v 0.51565856 -0.19557098 0.05019771
v 0.01540266 0.42696452 -0.03876615
v -0.50470543 0.22983181 0.02879280
v 0.56992209 0.01317108 -0.06301987
v -0.05844480 -0.45331275 -0.08937559
v 0.21900430 -0.25970694 -0.44987577
v -0.14872684 0.29088145 0.32899836
v -0.17044544 0.27476573 0.32002997
v 0.20100227 0.32027614 0.15542424
v 0.65954065 0.14615339 -0.08899745
v 0.51709378 -0.18480575 -0.03328733
v -0.29199165 0.32229936 0.11703214
v 0.16628090 0.37778810 -0.02055109
v 0.63079357 -0.00165673 0.07493740
v -0.49906850 0.21489388 0.05255228
v 0.05477941 -0.00359851 -0.48967624
v -0.39852357 0.30385932 0.03350458
v 0.00531088 0.18785086 0.36611149
v 0.23626678 0.02139923 -0.52878249
v 0.50224364 -0.18580610 -0.22450233
v -0.01332036 0.02006152 -0.49967274
v -0.52043152 -0.22145577 -0.04382925
v -0.50250167 0.16288704 0.10984029
v -0.79686004 0.03144918 -0.01999888
v 0.32497257 0.26900253 0.11780876
v 0.08958375 0.04838315 -0.45763162
v 0.40581375 0.29272932 -0.02647227
v 0.14188607 0.36079073 0.05890062
v 0.13835233 0.32313702 0.22486538
v 0.31619436 0.21830912 -0.27573222
v -0.20139119 0.24919878 0.32579967
v 0.36293140 -0.27252018 -0.24345218
v 0.40703389 0.20115010 0.11941585
v 0.16530167 -0.00497429 -0.54101181
v 0.05545073 0.43706533 -0.08744863
v 0.00494811 0.05023441 -0.46493578
v 0.36460799 0.25476211 0.09933975
v 0.42325947 0.23172048 0.05457947
v 0.00262237 -0.12022680 0.45753020
v 0.39628044 -0.13068345 -0.41454846
v 0.58456659 -0.09094197 0.05339187
v -0.73905110 0.16527177 -0.05871453
v 0.61037409 0.05113953 0.02443185
v 0.22986266 -0.29708228 -0.46213338
v 0.77651942 0.20958754 -0.07582614
v -0.19969943 0.32566810 0.29773879
v 0.48443311 -0.13647808 -0.23211895
v -0.50742662 0.26738077 0.06550428
v -0.15210077 0.37122792 0.03674796
v 0.00957689 0.47325018 0.01667857
v -0.18414852 0.29956913 0.29863733
v 0.58658826 -0.10983992 -0.01230249
v -0.74210840 0.06154567 0.00957362
v -0.16940188 0.33784533 0.13709852
v 0.54802895 -0.05990002 -0.00222522
v -0.23334655 0.35643879 -0.19278499
v 0.22163185 0.25662458 0.26642239
v 0.58841532 -0.02495736 0.02594857
v 0.51738000 -0.02828912 -0.13453987
v 0.70405042 0.05892414 0.00184314
v 0.18622942 0.16613019 -0.33953115
v 0.39109057 -0.36563596 -0.15655358
v 0.20002033 0.14685151 -0.34608197
v -0.47359699 -0.34640992 0.02780271
v 0.10132226 0.04138041 -0.47980595
v 0.21805045 0.15671265 -0.35189155
v 0.46624130 -0.01109391 0.11505242
v 0.53900313 0.06015688 -0.11212336
v -0.31711921 -0.41460940 0.01841685
v 0.07179599 0.37581390 0.05472606
v -0.52875525 0.23089489 0.01407567
v 0.13846979 0.07862076 0.37509906
v -0.05168400 0.05896646 0.41519511
v -0.15256248 0.33869728 -0.01471287
v 0.64175814 -0.03240022 -0.02128635
v 0.54636753 0.09185100 -0.08041019
v 0.28997791 0.19741544 0.26663995
v 0.15850732 0.37277922 -0.16012576
v -0.26171604 0.32367104 -0.06518129
v 0.50614566 -0.24269983 -0.05261993
v 0.26852059 0.04814417 -0.46269441
v 0.87947083 0.20796297 -0.04870901
v -0.71565229 0.15406121 -0.02231891
v 0.11069129 -0.25468013 -0.49634215
v -0.35381740 0.20438106 0.24288362
v -0.26071683 0.31822342 -0.05538303
v 0.05611032 -0.01127011 -0.49101380
v -0.10522251 -0.32112819 -0.38396055
v 0.03134018 0.45995992 -0.03399038
v -0.00857822 0.38249496 0.08772874
v -0.06929050 0.35019094 0.27215040
v 0.63748139 -0.00678419 -0.04937309
v -0.69475740 -0.02092034 0.03919466
v -0.33410639 0.19799425 0.34560549
v 0.03722899 0.41916984 -0.05485547
v 0.30349445 0.29129034 -0.21500964
v 0.09901853 0.17964086 0.34587160
v 0.38979256 0.10658634 0.21014503
v 0.57478607 0.14505434 -0.04976490
v -0.46868145 -0.31330416 -0.14517014
v 0.21560282 0.09662989 0.39079359
v -0.24238205 0.33142227 0.11173090
v 0.09355386 -0.32693014 -0.39773962
v -0.25072065 0.33190647 -0.01171362
v 0.61878276 0.15032372 -0.07400504
v 0.06964173 0.41821763 -0.00873879
v -0.08088847 -0.42121544 0.02801359
v 0.24722767 -0.22651590 -0.42534715
v 0.50043601 -0.05274910 -0.15330450
v -0.29438877 0.32436073 0.17881534
v 0.22230637 0.15730405 -0.36113122
v 0.68526202 0.08971924 0.02205127
v 0.18440241 0.35546190 0.11834502
v -0.40175459 0.25760183 -0.23609331
v 0.74042636 0.10024370 -0.08886380
v 0.55729198 0.02451843 0.03967606
v 0.59364653 -0.11197200 -0.07998582
v 0.14152995 0.34918684 -0.17337553
v -0.42276803 -0.30130726 -0.13102676
v -0.18911108 -0.43645370 -0.11765021
v 0.00107560 0.46176168 -0.00091982
v 0.70206434 -0.00436035 -0.08259760
v -0.69984376 0.15266955 -0.01150722
v 0.35063475 0.25729245 0.15218049
v 0.81473219 0.09285920 -0.05722006
v -0.19381154 0.34205335 0.08850622
v -0.23129702 0.34184575 -0.07248920
v 0.11120220 0.36892939 -0.13402359
v -0.13750993 0.35115457 -0.07659888
v -0.02398881 0.11768511 -0.49133423
v 0.10045984 0.02332142 -0.50187820
v -0.24664050 -0.19087000 0.42044362
v 0.16833724 -0.30051908 -0.02676508
v -0.31575021 0.32832885 -0.00237414
v 0.74618769 0.15057287 -0.06546938
v -0.25043362 0.33240497 0.00114581
v 0.07855499 -0.02504236 -0.52486914
v 0.36478999 0.30364713 0.06237301
v 0.59543788 -0.03836170 0.01768976
v 0.17093781 0.36925563 -0.15902989
v 0.05370437 0.32967904 0.24575299
v 0.08267060 0.38005662 0.00560999
v 0.24447018 0.35726458 -0.13038586
v 0.08910558 -0.02702798 -0.52916968
v 0.08688063 0.38858271 0.00336099
v 0.29038811 0.22843343 0.19450608
v 0.13562921 0.19283083 -0.35622913
v -0.71454388 0.12615988 0.03192744
v -0.14147657 -0.40915126 -0.26158041
v -0.32286060 -0.39321670 0.02441946
v -0.53861368 -0.00137107 0.16950387
v 0.68074465 -0.05354024 -0.09416047
v -0.71894163 -0.07751146 0.02212726
v -0.62827307 -0.16510385 0.02458343
v 0.51069283 -0.23068246 0.04748493
v -0.13370685 0.28220585 0.30850512
v 0.26577294 -0.39238238 -0.09793642
v -0.00052679 0.10842744 -0.45991695
v -0.08281219 0.36497384 -0.09842461
v -0.41644454 -0.39410216 0.09303465
v 0.66125667 0.08799778 -0.07535094
v 0.72422218 0.10295060 0.02885640
v -0.40576625 0.30819717 0.09141409
v 0.39152041 -0.03834158 0.23318255
v 0.55273187 0.02287314 -0.04154003
v 0.39539802 0.29812834 0.01025489
v -0.29045010 -0.44787252 0.01264697
v -0.32675338 -0.13992572 -0.44142410
v 0.57356381 0.22089320 -0.10108623
v 0.85365862 0.18769321 -0.06988308
v 0.17959364 0.18426213 -0.32796523
v 0.84603965 0.19400434 -0.06286295
v -0.40161398 -0.36525184 0.05947858
v -0.12852691 -0.32314450 0.02801590
v 0.45001641 0.17838684 0.07095766
v 0.61457670 -0.09862553 -0.11762441
v -0.59525371 -0.20302784 -0.07006480
v 0.18909433 0.18992570 -0.31261489
v -0.76040685 0.15226951 0.04083124
v 0.15868559 0.16424897 -0.37648520
v -0.59808898 -0.09872945 0.02677585
v 0.62377441 -0.01739453 0.08408616
v -0.16142911 -0.33059591 -0.22270705
v 0.05384685 0.38150874 0.02378991
v 0.58471918 -0.01461397 -0.04763784
v 0.04994945 0.44200084 -0.04172495
v 0.40274474 -0.30282581 -0.20561972
v -0.18471561 0.31401330 0.29232118
v 0.39955595 -0.20113097 0.23751244
v 0.55992442 0.03369465 0.02197143
v 0.63031065 0.02298881 -0.04218954
v -0.04825125 0.07837495 0.40795124
v 0.15470073 -0.35750180 -0.27359366
v 0.57022023 0.03965348 0.02583259
v -0.27145517 0.32741171 0.12157840
v -0.23229504 -0.44118577 0.03910896
v -0.01939225 0.06747150 -0.46999875
v -0.68932164 0.03145403 0.04323181
v -0.26838493 0.35694674 0.23104641
v -0.02060816 -0.30119631 -0.55516320
v -0.69620091 -0.07890064 0.06331065
v 0.04291663 0.06270605 -0.48737395
v 0.15790036 0.38322115 0.05569667
v -0.56533343 -0.08122537 -0.10731892
v -0.14472044 0.33271548 0.04160723
v -0.22994724 0.33137137 0.01621786
v -0.31786454 -0.19674805 0.34523004
v 0.39388058 -0.28976461 0.17618077
v 0.66798985 0.02961373 0.04986356
v 0.17966393 0.34629399 -0.05150431
v -0.34805956 -0.42133874 0.08830509
v 0.12427109 0.19190028 -0.43356550
v 0.02447566 0.37023717 -0.07561806
v -0.31636140 0.30924270 -0.13604628
v 0.23203096 0.32130650 0.16666457
v -0.07274786 0.37593457 -0.02838260
v -0.29595694 0.33133093 0.05401370
v -0.61774093 0.19961289 -0.05307421
v 0.08508784 0.36536351 0.04232839
v 0.15585122 -0.00144674 -0.48573902
v 0.09011603 0.41371322 -0.02800304
v -0.05585121 -0.42239186 0.04553479
v -0.13577068 -0.43151909 -0.24618855
v 0.27350226 -0.28526038 -0.40821597
v -0.62230158 -0.18718386 0.03688785
v -0.04713793 0.18567245 -0.44513029
v -0.60201585 0.22204524 0.01692640
v 0.09173840 -0.10436910 -0.52433741
v 0.04581133 -0.06434406 -0.51577228
v -0.03660820 0.36813799 -0.27481675
v 0.19593826 0.15501511 -0.36636275
v 0.61680341 -0.00575003 -0.00738771
v 0.80616653 0.20603660 -0.04080483
v 0.47367918 0.13490269 -0.19066781
v -0.19729646 -0.20067528 0.41352028
v -0.00015583 0.20857301 0.36025006
v 0.03875637 0.22231421 0.32753262
v -0.07162441 -0.30465141 -0.46406084
v -0.53469408 0.20619497 0.00800174
v 0.55128628 0.01843216 -0.07960708
v 0.18510477 -0.25577533 -0.38697761
v -0.25345021 0.10282588 0.39854604
v 0.68411314 0.04712887 -0.11740036
v 0.15957777 -0.32394558 -0.28625679
v 0.40967968 0.22644819 0.06081566
v 0.23677486 0.33763182 -0.18105839
v -0.04162639 0.36740610 0.00191242
v -0.01617251 0.24139553 0.35393548
v -0.69261813 -0.06652179 0.03530969
v -0.03320879 -0.43153459 -0.06363574
v 0.57785720 -0.07028961 -0.15565537
v 0.13795665 0.18954623 -0.35754102
v 0.01210322 -0.30812278 0.17816529
v 0.11743173 0.37846529 0.01856965
v 0.01484919 -0.38723397 -0.35048771
v -0.41820848 0.26623884 0.11479084
v 0.12441332 0.13962649 -0.42448613
v -0.12098452 -0.37322682 -0.35969943
v -0.08154842 -0.36225525 0.06873262
v -0.64418095 -0.25334483 0.02525604
v -0.55474138 0.20590398 0.04834938
v 0.36546323 0.16554433 -0.32073373
v 0.22619057 0.24725509 0.27284175
v 0.14097536 -0.29954475 0.22241557
v -0.07644513 0.31544363 0.30843595
v -0.09563991 0.43338919 -0.08091268
v -0.64860618 0.20105001 -0.03775796
v -0.65988195 -0.06173308 0.00228228
v -0.45794815 -0.37746689 0.10461140
v -0.46657163 0.21356085 0.00464199
v -0.59871364 0.06264654 0.07649688
v 0.49647012 -0.13352601 0.18268374
v 0.58198452 0.02028462 0.00402354
v -0.28918976 -0.43087351 0.04208332
v 0.04857774 0.39284801 -0.00426674
v 0.23944423 0.35810119 -0.03009528
v -0.56479919 0.02920392 0.16409817
v 0.12455349 0.16999522 -0.39260289
v -0.57023120 0.24834177 0.00156738
v -0.10034399 0.34585118 0.21361136
v 0.58629650 0.00638577 0.00266060
v 0.08142824 -0.43431440 -0.05304044
v 0.03861715 0.47523308 -0.00112137
v 0.35795808 -0.02411182 -0.41009742
v 0.15937400 0.37306827 -0.15900204
v -0.57089102 -0.26181373 0.11713567
v -0.01094157 0.04629263 -0.49168700
v -0.06200992 0.24370506 0.31633800
v -0.25309443 0.34018695 0.20129956
v -0.46998319 0.26479223 -0.04127945
v 0.70476544 0.03516960 -0.07989711
v -0.08790220 0.40768507 -0.06253734
v -0.27923453 0.31216538 0.01853132
v 0.02825356 0.44708148 -0.06626433
v 0.50126624 0.04921782 0.08769603
v -0.68026853 -0.10313801 0.00590442
v -0.48632216 -0.26914158 -0.16366215
v -0.24800837 0.32576627 -0.03918329
v -0.34414536 -0.32607538 -0.21430148
v 0.05465311 0.47114748 0.00669760
v 0.12032276 0.36393198 -0.04055297
v -0.20775712 0.34940797 -0.02459475
v -0.06532216 -0.30910677 -0.44927934
v 0.05201939 0.39210287 -0.04113260
v 0.72287524 0.16368185 -0.03003250
v -0.30075681 0.31804773 0.12092105
v 0.66610575 0.16647953 -0.09295157
v 0.22366747 0.12998113 -0.37668145
v -0.24557646 0.33697808 0.19080886
v -0.35946107 0.28641582 0.02344012
v 0.50566220 0.24122754 -0.05686107
v 0.52112496 0.13891855 -0.09038773
v -0.43060783 0.26994702 -0.02101861
v -0.59128404 0.19289790 0.05210291
v 0.70754659 0.09347804 -0.09293729
v -0.64139211 -0.04577596 0.03202622
v 0.12525658 -0.11145613 0.41617674
v 0.67462927 0.01398410 0.04141411
v 0.00251222 -0.44860977 0.05504769
v 0.54378647 -0.11429059 -0.16395858
v -0.12497161 0.33011669 0.14755085
v -0.36632520 0.21714082 0.17098205
v 0.50418878 0.15596530 -0.14113562
v -0.69545966 0.24081033 -0.00361972
v 0.18629819 0.18025590 -0.32988313
v -0.15163578 0.38751435 -0.01648796
v 0.13685042 -0.03485927 -0.50979286
v -0.05168243 0.25858995 0.37248176
v 0.55535471 0.09145835 -0.01133040
v 0.17573968 0.00735167 -0.53363305
v -0.68293190 -0.08354129 0.02704157
v 0.67451948 0.04990471 -0.03330731
v -0.08668122 0.30725589 0.32979086
v 0.04609749 -0.31255800 -0.36513647
v 0.53267562 -0.11839974 -0.05465804
v 0.59824020 -0.13666891 -0.07371543
v 0.05484953 0.39117712 0.00161985
v 0.86501491 0.21608001 -0.05383813
v -0.29839468 -0.38729313 -0.18261695
v -0.61933696 -0.11919165 0.00190760
v 0.48672837 0.21532321 0.02931014
v -0.42796803 -0.29884210 -0.00640722
v 0.69193280 0.05965589 -0.04867032
v -0.05706626 -0.44458908 -0.12335864
v -0.12962623 0.29720420 0.35170031
v -0.15320607 0.29089516 0.32396990
v -0.16076796 -0.36382356 -0.09282793
v 0.78097016 0.07054500 -0.07288375
v 0.70000231 0.10353810 -0.09749717
v -0.45272636 -0.16858643 0.24380729
v 0.03607461 -0.01575023 -0.50368911
v -0.15373428 0.32047626 0.26107121
v 0.81664479 0.18131997 -0.06596088
v 0.05230699 0.42771241 0.01520360
v 0.27224803 0.31828472 0.10553667
v 0.27362019 0.25597823 0.24657393
v -0.17586769 0.39605334 0.03048173
v 0.12764275 -0.03189415 -0.49134904
v -0.07139401 0.33643234 0.26822323
v -0.04052937 -0.34571892 -0.41967550
v 0.07762304 -0.07984158 -0.55266994
v 0.12585926 0.19188577 -0.36225542
v -0.64127576 -0.20494002 0.03826214
v 0.15042756 0.18323195 -0.40400791
v -0.20694676 -0.46627122 0.10450158
v -0.30313349 0.29687080 -0.16711719
v 0.44446978 0.18075064 0.07348713
v 0.36663359 0.20453644 0.18493849
v -0.44301200 0.10369688 0.21491370
v -0.64346927 0.22356299 -0.02007883
v -0.47024274 -0.26270384 -0.02687868
v 0.61237884 0.00263947 -0.02853271
v 0.06367660 -0.33618376 -0.42438513
v 0.45266923 0.26528180 -0.15325661
v 0.78268409 0.14896205 -0.05817063
v -0.19816118 0.21696348 0.33321404
v 0.53748888 0.23752779 -0.11109720
v 0.46848786 -0.19983736 -0.00297912
v -0.39834654 -0.30181074 -0.13995509
v -0.03298225 -0.36592299 -0.38328588
v 0.40531603 0.06510642 0.23549041
v 0.60937768 0.03493031 0.00193092
v 0.06426191 0.42403483 -0.11456703
v 0.06397755 0.30523986 0.03791675
v 0.13787742 -0.31200826 -0.33726847
v -0.00484181 0.44514653 -0.01667464
v 0.08356540 0.17225528 -0.43562061
v 0.18658301 0.16445579 -0.44423962
v 0.30232158 0.33556059 0.05142754
v -0.16637835 0.26516575 0.39263341
v 0.49314827 -0.12092131 0.04925699
v -0.55510098 -0.20300454 -0.00489844
v 0.08950451 0.32687950 0.18006197
v 0.21640041 -0.18582487 -0.51079565
v 0.22292709 0.12224613 -0.48620924
v 0.02368536 0.24801481 0.30337855
v 0.00923339 0.20371920 0.32811260
v 0.06784903 0.25739259 0.33133525
v -0.15035468 0.32924843 -0.09212610
v -0.65119737 0.22720630 0.00099452
v 0.16190898 0.24641261 0.30797425
v 0.53264409 0.05411023 0.06312940
v -0.43448263 0.10127902 -0.12944019
v -0.47735992 -0.36649150 0.12534258
v 0.15726161 -0.00547741 -0.48554510
v -0.22245835 0.32105023 0.23554203
v 0.67772245 0.00050692 0.06568174
v 0.22149611 0.24847619 0.28013429
v 0.28506497 -0.19422048 -0.45889848
v 0.53302860 0.01483062 0.08161883
v 0.11163606 -0.38122287 -0.13804702
v -0.56811535 -0.04824281 0.13597062
v 0.20250556 0.17050532 -0.34167102
v -0.25040194 0.32983685 0.20346619
v 0.46375701 0.25620407 -0.04985616
v 0.69532436 0.20711711 -0.07630326
v -0.20063640 0.33519584 0.25872231
v 0.71919346 0.12182891 0.02633967
v 0.29171890 0.35456756 -0.09952372
v -0.59406710 -0.15455621 0.03488559
v 0.08299199 0.00817335 -0.50005358
v -0.22880620 0.30841342 0.28818667
v -0.29488966 0.35394436 0.07835948
v 0.03329095 0.44316041 -0.03623080
v -0.00308672 -0.37748277 -0.29593784
v 0.36718273 0.21390536 0.18355772
v 0.05636664 0.38255298 0.01058546
v 0.60836041 -0.04388443 0.01794255
v 0.50921607 -0.20222257 -0.01445917
v -0.08149379 -0.25091925 -0.51731169
v 0.16030249 -0.13528010 -0.49740660
v 0.62510002 0.03228351 -0.02189824
v 0.02990927 0.34528464 -0.15798651
v -0.25839180 0.34135377 0.08641216
v 0.39124563 0.25763208 0.08282825
v 0.64030224 0.03592807 -0.05343086
v 0.63365030 0.00415722 0.07819575
v 0.22127271 0.17228711 -0.32286873
v -0.11979616 -0.26418507 -0.51522934
v -0.55994797 -0.13063893 -0.07849967
v 0.04537380 0.41215503 -0.06411400
v 0.43442550 0.19424406 -0.20544071
v 0.63977158 0.23276623 -0.11434539
v -0.11433598 -0.45421347 0.13271996
v 0.83390415 0.15882742 -0.04040956
v -0.23519705 0.37021840 -0.14432877
v 0.79275781 0.07895425 -0.08173027
v 0.30913121 0.15220949 -0.27609941
v 0.37780547 -0.09933176 -0.40764052
v 0.23468319 0.22693494 0.29525864
v 0.60463500 0.05353099 0.02067748
v -0.37391382 0.32001227 0.00209060
v 0.02060637 0.44195330 -0.06470403
v 0.13113803 0.01796070 -0.52522892
v -0.07531282 -0.32908022 -0.46038526
v 0.68942541 0.08466724 0.04579126
v 0.15025109 -0.37644228 -0.31629783
v 0.04157582 0.08595538 -0.46440881
v 0.49076012 -0.12336493 0.13741186
v 0.03252226 -0.34670269 0.12152101
v 0.57062161 0.10076375 -0.01697230
v 0.02340734 -0.16497797 0.43469754
v 0.52715492 -0.01912932 -0.12923340
v 0.81342542 0.12811562 -0.06368779
v -0.24477024 0.33527827 -0.06527919
v 0.05026782 -0.05606604 -0.58260173
v 0.58703148 0.03175789 0.05209659
v 0.56138599 0.10307239 -0.00660202
v 0.76581311 0.09859557 -0.07099006
v 0.10202108 0.16584495 0.36540142
v 0.46496025 0.26593021 -0.06928390
v 0.69193029 0.01387419 0.05842613
v -0.46316552 0.20681271 -0.00859053
v -0.41619509 0.16465430 0.24189009
v 0.51768756 -0.18331063 0.00247952
v 0.08622973 0.31213233 0.20204353
v 0.07268360 -0.21075350 0.38626370
v 0.62982881 0.01082257 -0.10909259
v 0.44179311 0.11809936 -0.17154148
v -0.27959707 0.27345991 0.21840878
v 0.26984030 0.21702877 0.28158990
v 0.25160605 -0.27989990 -0.30742481
v -0.64735150 -0.14852145 0.05089502
v 0.39087817 0.21285392 0.12563866
v 0.22232255 0.33560240 0.09482676
v -0.63457900 0.00277647 0.05777454
v 0.15190130 -0.18358070 -0.51322258
v 0.57848251 -0.07959834 0.06215921
v 0.20205063 0.32010096 0.16780925
v 0.09103127 0.37381378 -0.09362170
v 0.01106480 0.08482021 -0.48235625
v 0.48881960 0.13096917 -0.12299895
v 0.26980644 0.10603091 0.34457967
v 0.24850376 0.20334807 -0.33489880
v -0.02784514 0.04138312 -0.49938649
v 0.28624505 -0.06381509 -0.50995100
v -0.03240749 -0.41810891 -0.24906695
v 0.40768671 0.19172513 0.14219248
v -0.03435274 -0.37477160 -0.03219822
v 0.36615193 0.27479449 0.10566339
v -0.42445576 -0.28002068 -0.04797949
v 0.37676856 -0.23651254 -0.23791571
v 0.08583540 -0.20499128 -0.55883050
v 0.23739861 0.33447987 -0.21521460
v -0.36341792 0.00999546 -0.44873750
v 0.72189808 0.12006697 -0.08284381
v 0.06020773 0.38391918 0.07097468
v 0.61025280 0.01915753 -0.04805319
v -0.12980865 0.32488593 0.29464251
v 0.04497522 0.40237629 -0.14030005
v -0.26412502 -0.44940859 0.10570484
v 0.72583175 0.11922331 -0.07766101
v 0.59275132 -0.01302832 0.05303137
v 0.17186227 0.36940622 -0.13819045
v 0.79188234 0.11860457 -0.08521969
v -0.60554981 0.20677952 0.03026871
v 0.57750148 -0.11949739 -0.04772516
v -0.31929654 -0.30514339 0.01558617
v -0.22518264 0.34843099 0.00932366
v 0.67415607 0.09614220 -0.08852889
v -0.17531863 0.32402611 0.26659644
v -0.19391604 0.32999969 0.27904022
v -0.29955918 -0.34297341 -0.20098107
v 0.61156571 0.00619540 -0.05718108
v 0.33964077 -0.29745966 0.18610613
v -0.19423425 -0.07448567 0.40657192
v 0.23169929 0.19863315 -0.34698170
v -0.28789154 0.32890975 -0.02040696
v -0.47134107 0.10036436 0.18964775
v 0.36879772 0.30120158 0.02595711
v -0.67643583 0.23594016 0.00161462
v 0.27775806 0.22024462 -0.28752509
v 0.33242938 0.14946872 -0.36708724
v 0.19912341 -0.26321375 0.33577728
v -0.60614872 0.20904203 -0.03286351
v 0.25328565 0.19053817 -0.37407172
v -0.08739536 -0.15576369 0.43785769
v -0.60735005 0.20497827 -0.07496400
v 0.80250812 0.17078276 -0.07242195
v 0.50851220 -0.13655016 -0.19781381
v 0.04977444 0.39031923 -0.04495338
v 0.68814564 0.11248773 -0.09342925
v -0.72279155 0.15571414 0.01005395
v 0.06450802 0.03308284 -0.54106361
v 0.50845158 0.13400784 -0.09494714
v 0.23245136 0.24445535 0.23116365
v -0.18997465 0.33356464 -0.06636482
v 0.69296002 0.00723273 -0.11269368
v -0.10415617 0.28715178 0.31181124
v -0.56683338 -0.17458670 0.08041985
v 0.02135466 0.44818270 -0.02113515
v 0.42952466 0.29257685 -0.13491252
v 0.52103245 0.17454505 -0.00909525
v 0.19143608 0.34249610 0.16400969
v 0.57509524 -0.00386231 0.01156262
v -0.20495811 -0.41135696 -0.16612288
v -0.38411525 -0.37125522 -0.21758181
v 0.72349203 0.03815377 0.06712448
v 0.01990670 0.41791689 -0.02361345
v -0.46833503 -0.31667525 0.08471984
v 0.50794768 0.17704827 -0.01301852
v 0.24690048 -0.27310723 -0.41757143
v 0.54456365 0.13457194 -0.09390830
v -0.56041980 -0.00833520 0.18078275
v -0.21870479 0.30802643 0.32686710
v -0.14043216 0.36082399 -0.03764379
v -0.02380258 0.07836276 -0.51427603
v -0.11784366 -0.44636595 0.09650478
v -0.23712666 0.32141295 0.09386975
v 0.72857225 0.10170484 -0.05701500
v 0.24173070 0.32836956 0.01432604
v 0.60840344 0.17816085 -0.07016114
v -0.13984594 0.37704456 0.02155110
v -0.31554556 -0.40274379 0.00135526
v -0.03183803 -0.05432782 -0.51019180
v 0.61218619 0.04103076 -0.00207734
v 0.03789812 0.38690233 -0.04984170
v -0.13928111 0.36661792 0.02855313
v 0.04276839 -0.01975599 -0.57915914
v 0.53195870 -0.16644113 -0.00379415
v -0.55576760 -0.18778616 0.02046781
v 0.32542717 0.32585981 -0.00609398
v -0.47299170 -0.26868945 -0.13369866
v -0.51431757 0.16363701 0.00426334
v -0.12160496 -0.34939080 0.25106603
v 0.68844289 0.02185453 -0.10296031
v 0.67873830 0.04151440 0.05259417
v 0.00256778 0.46843261 0.03591970
v 0.65536201 0.05017197 0.03338071
v -0.26274666 0.31907123 -0.28194305
v 0.20306858 -0.21156773 -0.44063506
v -0.75139928 0.16485044 -0.03130559
v 0.50213450 -0.10382551 0.15455714
v 0.24996231 -0.04473623 -0.46874988
v 0.10888630 -0.17869848 -0.52363914
v -0.01087734 0.01749605 -0.51067704
v 0.03798440 -0.05365315 -0.52752042
v -0.21288921 0.33842072 -0.00497797
v -0.25217754 0.30576658 -0.25086957
v 0.09841339 0.06736013 0.40598786
v 0.14912508 0.17987092 -0.34895843
v 0.46253207 0.16699959 0.01926303
v 0.14192864 0.18250453 -0.40600783
v 0.74509293 0.06328368 -0.08774556
v 0.49282512 0.25031680 -0.09111771
v -0.61040199 0.19884080 0.00828709
v -0.31140548 0.14416356 -0.28698921
v 0.41643262 0.19015846 0.09218121
v 0.53981698 0.26000684 -0.07039070
v -0.57025409 0.22331443 0.00786155
v 0.58619392 -0.02410242 0.00483564
v 0.75935173 0.11817183 -0.06558241
v 0.19791946 -0.12103495 -0.48128206
v -0.27258149 0.32892558 -0.00720420
v -0.05489895 -0.36706811 -0.39803368
v -0.22804524 0.35297412 0.02435353
v -0.64532256 0.04137689 -0.05231544
v 0.72512478 0.09810955 -0.04306620
v 0.03800219 0.03671640 -0.51301742
v 0.14180517 0.20492524 0.35198155
v 0.31298015 0.24155998 0.16949183
v -0.00490715 -0.40421557 -0.23589280
v -0.31397560 -0.42526516 0.14616051
v 0.29812655 0.16784327 -0.36027813
v -0.23263662 0.33080387 -0.07089239
v 0.31182006 -0.19168600 0.32139555
v -0.38359320 -0.29042703 -0.11403954
v -0.05846608 -0.30276206 0.26844990
v -0.38523704 0.14126387 0.22101966
v 0.16313274 -0.04278585 0.42201155
v 0.62403846 0.13333452 -0.06691766
v 0.59388202 0.23057829 -0.09224957
v 0.65290970 0.07296132 -0.07195503
v 0.00904761 0.44936198 -0.04440257
v 0.26762980 -0.27457422 0.24123293
v -0.66652822 -0.10185495 -0.03346990
v 0.82660723 0.20904998 -0.07116811
v 0.59739101 0.02494599 0.03825364
v 0.08304897 -0.02904984 -0.48060644
v 0.62598586 0.21640904 -0.09336272
v 0.78580630 0.03661619 -0.06089005
v 0.65983200 0.00139585 0.07333846
v -0.58766788 -0.06248522 0.03754027
v -0.30015081 0.23969646 0.28582993
v 0.44317049 -0.06453285 0.22862501
v 0.11407423 0.16636044 -0.46810454
v -0.25162438 0.32312298 0.27064279
v -0.06824684 -0.02427390 -0.50975567
v 0.11337155 -0.08115423 -0.52136433
v -0.12979575 0.31180391 0.30313551
v 0.51607424 0.26368597 -0.11089689
v 0.78766286 0.12323777 -0.08525278
v -0.42292464 -0.22216815 -0.20096797
v -0.60114497 0.16401619 0.04179661
v -0.04007722 -0.33768880 -0.34400582
v 0.04894240 0.42476499 0.01276803
v 0.11406672 0.03886998 -0.46791202
v 0.18163967 -0.22811019 0.36929709
v 0.22050315 0.32555068 -0.21849048
v -0.51134741 -0.30373836 -0.10936517
v 0.40436751 -0.22246940 0.09436394
v -0.62023735 -0.22149213 0.08317235
v -0.75075984 0.19683057 -0.05545943
v 0.62440467 -0.03278327 0.03441918
v 0.64138407 -0.01705325 0.02372606
v 0.50150126 -0.11090788 -0.11996406
v -0.46893421 -0.33992013 0.01519102
v 0.27303785 0.31346625 -0.09019840
v -0.20250116 0.35416132 -0.00301483
v -0.12986347 0.41550449 -0.12273519
v -0.28972840 0.18666318 -0.35430983
v 0.07434332 0.38013792 0.00346401
v 0.44221425 -0.27961296 -0.01971456
v 0.82650870 0.24671251 -0.01150154
v 0.55221581 0.21986088 -0.09268954
v 0.17116413 0.37233877 -0.25775829
v -0.18012980 0.04223906 0.42003641
v 0.35040715 0.25951689 0.14698872
v -0.36625013 -0.37851137 -0.03500420
v 0.02647354 0.22884098 0.33748457
v 0.56352395 -0.00058600 0.01916744
v 0.44297308 -0.01219377 0.22664651
v -0.00103962 0.22727820 -0.42100343
v 0.62672716 0.22469375 -0.08001462
v 0.27430660 -0.05150908 0.37948519
v 0.03377369 0.40305007 -0.02727595
v 0.60096461 0.01839793 -0.02015894
v -0.56547129 0.10328467 0.12346253
v 0.61733103 -0.02059788 0.07118580
v 0.10602910 0.43854976 -0.03705394
v -0.38230956 0.28721601 -0.21399659
v -0.22569168 -0.42885241 -0.05862680
v 0.16573082 0.06909271 -0.50196409
v -0.48884502 0.00244793 0.28241891
v 0.18170431 0.16918337 -0.34687975
v 0.10530588 0.37686875 0.01929337
v 0.20102727 0.30398822 0.18209615
v 0.04093426 0.42653209 -0.03507417
v 0.17653161 -0.43329692 -0.09853008
v 0.43701544 0.24983428 0.02111530
v 0.63701367 -0.05508333 -0.01032732
v -0.16872215 -0.20918715 -0.49338233
v -0.19173972 0.38769755 0.04247814
v 0.06349799 -0.14035454 -0.55168527
v -0.38520372 -0.40443903 -0.20207618
v 0.29581380 0.33982351 -0.01312682
v 0.21202409 0.17841843 -0.32543901
v 0.12904474 0.36377382 -0.00971401
v -0.21242692 0.15597618 0.37525558
v 0.08609776 -0.40055770 -0.08373600
v 0.60213220 0.01803024 -0.16352510
v -0.50079829 -0.25309008 -0.06458582
v -0.21795866 0.36672980 -0.13561806
v 0.52341574 -0.03637221 -0.08370464
v 0.09402281 0.43802661 -0.14026092
v 0.28226566 -0.20400886 0.28020805
v -0.15743870 0.36975920 -0.08116150
v 0.54790127 -0.00277060 -0.00216258
v 0.18443276 -0.33131748 -0.29587507
v 0.05432758 -0.44904348 -0.06145629
v -0.24188738 -0.42604822 -0.00376618
v 0.20877731 0.14819506 -0.33874753
v 0.16174382 0.35778469 -0.04714793
v 0.51918691 0.25499779 -0.11136064
v 0.34177095 0.30793506 -0.16886532
v -0.10641931 0.32357168 0.22176763
v 0.02563098 0.44915909 -0.07107726
v 0.01934820 0.09965837 -0.47779006
v 0.48969764 -0.01171714 0.10933621
v 0.10433711 0.36505711 0.03387299
v 0.81246376 0.17700112 -0.05324443
v -0.10862586 -0.36265847 -0.26994744
v -0.32220101 0.32916719 0.11847609
v 0.03777195 0.38926691 0.04610482
v 0.19260755 -0.03661871 -0.46877563
v 0.23257497 0.15334544 -0.37361869
v 0.15476727 0.35102829 0.02299476
v 0.05148694 0.04891673 -0.53440374
v -0.74954987 0.17225932 0.02291777
v -0.23394530 0.34317797 0.03330696
v 0.32622266 0.28118950 0.11309609
v 0.70878279 0.04359478 0.06594697
v -0.15656582 0.33994654 0.03306174
v 0.65198046 0.02551399 0.09522051
v 0.57055199 -0.04460801 0.00545450
v 0.39218801 0.28253084 0.02067181
v -0.33740139 -0.40236238 -0.01898324
v -0.35651588 -0.38058916 -0.13409977
v 0.42929730 0.18074042 0.09253326
v 0.79158252 0.16750526 -0.02833561
v 0.64696288 0.08748180 0.00165123
v -0.69545341 -0.04351834 0.05415876
v 0.80054402 0.17980096 -0.03478228
v 0.14314708 0.35370648 0.09537366
v 0.15319169 0.22353795 0.35966736
v 0.62146330 0.23894021 -0.13060811
v -0.70677185 0.00586155 0.00774650
v -0.75106156 0.07474425 -0.03594798
v -0.15783244 0.28788829 0.34718722
v -0.28336072 0.32819161 0.20099825
v 0.21456914 -0.07991150 0.38267133
v 0.46434838 0.28464600 -0.07491750
v 0.62809819 0.02031569 -0.01952063
v 0.72483099 0.07904336 -0.07277535
v -0.22971331 0.31986740 0.12920991
v 0.81326997 0.23783851 -0.03834151
v -0.38114938 0.30217829 0.00747359
v 0.09259990 0.37986672 0.02014911
v 0.09909585 -0.35171181 -0.31296155
v -0.71498656 -0.08845498 0.04328844
v 0.75292516 0.08081234 -0.08606326
v 0.50825977 0.18277496 0.01370826
v 0.05236384 0.02136341 -0.52351981
v -0.30313113 0.28374308 0.28146151
v -0.69835311 -0.06930183 0.01789284
v -0.14203671 0.37725076 -0.03186917
v 0.02156365 0.01997873 -0.53706259
v -0.19419050 0.29550058 0.30241391
v 0.03512344 -0.35251755 -0.30497789
v 0.22461495 0.15919405 -0.35607326
v 0.70929599 0.10269225 0.02150519
v -0.07700264 -0.41624188 0.02052549
v 0.56340665 -0.04656583 -0.13942647
v 0.64546281 0.06701425 0.03386401
v -0.52583218 -0.23447314 -0.15794244
v -0.61129373 0.06740864 0.03242010
v -0.52270186 -0.21108440 0.02113239
v 0.13890904 0.00138903 -0.48226240
v -0.44229805 -0.29726493 0.03773139
v 0.07479632 0.37973392 -0.08822939
v -0.68008864 -0.03452377 0.04525270
v -0.22918649 -0.33946383 -0.36541212
v -0.11873031 -0.23355412 -0.51216990
v 0.34650287 -0.28067258 0.06756307
v -0.05602390 -0.08966136 -0.56069088
v 0.14466800 0.17473181 -0.39782161
v -0.33383608 -0.42244035 0.11417049
v 0.16867155 0.33116084 0.15976834
v -0.23542467 -0.42104644 -0.03537743
v 0.38241869 0.27066526 0.08113825
v -0.21493846 0.31602618 0.13994810
v 0.78416508 0.13982141 -0.06299044
v 0.16182588 0.40417698 -0.07419133
v 0.51760149 -0.05086295 -0.09590149
v 0.10628040 0.16915743 -0.43349552
v -0.34282485 -0.09862334 0.42488748
v 0.56843179 -0.11339300 -0.11759664
v 0.68897557 0.03888330 0.04426931
v -0.73920518 -0.04856814 0.00472175
v -0.20079240 0.34073076 0.20151502
v 0.21820500 -0.24636428 0.38287380
v 0.50680792 -0.01060905 -0.17658356
v -0.50275391 0.16196959 0.02376232
v 0.05763486 -0.00497621 -0.48408341
v -0.54695618 -0.33941466 0.14752114
v 0.63693702 -0.02204148 -0.09929299
v 0.43493941 0.21479824 0.07295763
v 0.22052765 0.23694888 0.29474151
v 0.09518056 -0.34700295 -0.25120953
v -0.74690413 0.08740085 -0.03200697
v -0.04210705 0.30302197 0.31475133
v -0.16414239 0.34763071 0.05448216
v 0.29778573 0.28307286 0.13887608
v 0.30551577 0.04359270 -0.45396996
v 0.22849670 -0.26749822 -0.35472381
v -0.03297302 0.41710058 -0.01989719
v -0.57532978 0.23832959 -0.01061204
v 0.12561968 0.37160027 0.06171045
v -0.14200968 0.34821880 0.21632779
v 0.15283145 0.16475984 -0.34303045
v -0.03944317 -0.39128178 -0.24480590
v 0.42413741 -0.09185746 0.20454544
v -0.10364965 -0.41767204 -0.17128535
v -0.10882744 -0.43825471 -0.13617793
v 0.55909204 0.22361386 -0.08449844
v 0.28188780 0.32880884 0.06002218
v 0.15279484 -0.39188963 -0.22971776
v 0.72477865 -0.00233719 -0.03796947
v 0.47406650 0.13416883 0.03698739
v 0.49253529 0.01561126 -0.25747082
v 0.28440112 0.31711319 0.03504845
v 0.23994344 0.15161829 -0.40382075
v -0.41059446 -0.37383500 -0.01588219
v -0.58783990 0.24591452 -0.03409664
v -0.48218969 0.24589773 0.03311191
v -0.04704516 -0.06339039 0.48764169
v 0.73540807 0.08748123 -0.09187669
v -0.36191744 -0.40775356 0.05125380
v 0.19453393 -0.06742814 0.39227694
v -0.00133209 0.35889843 0.21725091
v 0.09040856 -0.14834324 -0.53223342
v 0.68236864 0.08015658 -0.05919561
v 0.27992159 -0.38156813 -0.06558195
v -0.24830599 0.31439179 -0.05535287
v 0.50785077 -0.13438287 0.09143678
v 0.37949985 -0.14857510 -0.35278338
v 0.51740396 0.16481826 0.01929435
v -0.49982470 -0.27198264 0.04079297
v 0.74009311 0.07254412 -0.08163783
v -0.21526541 0.32202384 -0.04632384
v -0.00636962 0.02359945 0.40491724
v -0.38837615 -0.41785923 -0.04871133
v 0.73333931 0.04860722 -0.12383543
v -0.21930502 0.34866485 0.00337261
v 0.13486741 -0.36067337 0.02207498
v 0.18445909 0.15620884 -0.39711946
v 0.46719524 0.10739747 -0.17377956
v 0.76759541 0.09472808 -0.07464668
v 0.61000228 -0.07238317 -0.04335602
v 0.55148196 0.13829522 -0.04345316
v 0.78348076 0.11408172 -0.10715428
v -0.03505995 -0.30441913 0.27969694
v 0.17495456 0.17203817 -0.35579547
v -0.04316449 -0.29009667 -0.52872914
v 0.68842173 0.16491711 -0.10295109
v 0.53819770 -0.15788087 -0.00380795
v -0.73082882 -0.05036423 -0.00706343
v 0.57572693 -0.12144671 -0.01895464
v -0.18313037 0.31809521 0.28150755
v 0.05718645 0.04867101 -0.54139400
v -0.10669769 0.32103592 0.27567101
v -0.24457327 -0.41611707 -0.16077209
v -0.69893640 0.07734182 0.00575428
v 0.18395805 -0.26659566 -0.39068186
v 0.25460923 0.30669928 0.16295877
v 0.14873466 0.12359744 -0.44641298
v 0.00687003 0.45402926 -0.01728001
v 0.11681402 0.38108775 -0.07250720
v -0.78409314 0.06872877 -0.03285570
v 0.01487033 0.48067936 -0.00436229
v -0.43131173 -0.36067083 0.09325740
v 0.16319481 0.03256413 -0.44002712
v 0.00742089 0.24239534 0.37060130
v -0.47350132 0.16611186 0.17775865
v 0.11748151 0.35729957 -0.24255010
v 0.24827641 0.33690387 -0.09332213
v 0.79499471 0.12094473 -0.06679823
v -0.09549189 0.16378982 0.35921037
v -0.18383148 -0.09496860 -0.56107318
v 0.64799494 0.03416121 -0.08780481
v 0.61814159 0.00498372 -0.09071535
v 0.59595209 0.24653485 -0.09933031
v -0.51868242 0.22388503 -0.02660111
v -0.03367507 0.35588431 -0.00468081
v 0.24212195 0.15417758 -0.38108656
v 0.53509247 0.16949502 -0.02441829
v 0.15959743 0.20476480 -0.32691702
v 0.74862957 0.11415254 -0.03733161
v 0.15299800 -0.18132678 -0.51399386
v 0.66209590 0.02580731 0.06458962
v 0.30352145 0.12899683 -0.42166144
v -0.65315044 0.09358591 0.08332366
v 0.22910173 0.29160747 0.18830308
v 0.68284917 0.04034443 0.07143956
v 0.63064581 0.02205530 0.08920021
v -0.15450075 0.01943922 -0.47860283
v 0.64224911 -0.02137722 -0.11689517
v -0.26048127 -0.25952345 0.33067185
v -0.53056550 -0.27940309 -0.05119476
v -0.09425665 -0.36141214 -0.29179403
v 0.07731959 0.07033101 -0.46962017
v 0.83206904 0.16262470 -0.07094553
v 0.14548689 0.05770792 -0.51470256
v 0.09840219 0.39707744 -0.02100497
v 0.07401206 -0.15341121 0.40504357
v -0.22333089 0.11526938 0.39771718
v 0.16607189 0.31235367 0.22574732
v 0.07046452 0.38826618 -0.10288259
v 0.04057417 0.39067677 -0.14570580
v 0.75105160 0.08046161 -0.08068139
v 0.67177534 0.01655322 0.05721337
v -0.68469226 0.18758920 -0.02892541
v -0.05161357 0.03096691 -0.51659310
v 0.62206483 -0.02519025 -0.12103570
v 0.05044015 0.45665085 -0.00658929
v 0.45029712 0.18005292 0.06439632
v 0.73457915 0.20847726 -0.07856722
v 0.06962523 0.40062481 0.00473061
v 0.03813075 0.43293023 -0.01378837
v 0.57957333 -0.01909578 0.04660675
v -0.08589070 0.23455912 0.36178011
v 0.67763388 0.06087413 -0.06036547
v 0.29562008 -0.21780273 -0.42672938
v 0.20014018 -0.32340777 0.14110783
v -0.11947925 0.32178426 0.27465653
v 0.10311297 0.37206924 -0.03675047
v 0.49274945 0.21008679 -0.02745211
v 0.59399611 -0.10691661 -0.04978668
v -0.23143134 0.34108970 0.04071555
v 0.55612987 0.05866441 -0.02901767
v 0.16476294 0.37036115 0.06617939
v 0.06128392 0.45222741 -0.03934428
v -0.51167071 0.07459316 0.14701611
v 0.71707499 0.04928932 -0.10766877
v 0.50016916 0.05780470 0.06509736
v 0.66868931 -0.02029032 -0.07493982
v 0.07839480 -0.00008854 -0.52586794
v -0.41147661 -0.39741790 0.07649863
v -0.00096250 0.28869653 -0.42328489
v -0.18254699 -0.23638546 -0.45735717
v 0.05049068 0.40709051 -0.04739121
v 0.73621631 0.11597901 0.01144478
v -0.77524954 0.10542461 -0.02679655
v 0.06060374 0.03607681 -0.48864806
v -0.25936815 0.31912643 -0.07488799
v -0.28884569 0.33267909 0.01738477
v 0.59485936 0.02904135 -0.01023453
v 0.44831514 -0.27312696 0.09104425
v -0.24462743 0.30431056 -0.07507312
v 0.18108308 -0.06660882 -0.48725080
v -0.18699288 0.32782820 -0.13216543
v 0.35160482 0.04837631 -0.41596299
v 0.12355389 -0.21958055 0.35766324
v -0.46472120 0.22788809 -0.00177139
v 0.48819908 -0.06840929 0.14392781
v 0.12898552 -0.10961747 -0.50808829
v -0.68362850 -0.17852515 0.06116134
v 0.55788839 0.01087243 -0.01896569
v 0.29462162 -0.31611532 -0.05826895
v 0.07201311 -0.03606606 -0.50691503
v 0.75921166 0.06326270 0.08796956
v 0.20561427 0.16494383 -0.33556920
v -0.20646584 -0.37803352 -0.27848220
v -0.66471511 0.21014789 -0.02090398
v -0.09096566 -0.46429434 0.05776381
v 0.32909316 -0.24107617 -0.30558270
v 0.34032556 -0.21257061 -0.36451805
v -0.56790984 -0.19883838 0.03121905
v 0.53463548 -0.02140033 -0.05806498
v -0.42812550 -0.26401716 -0.05259791
v 0.12523025 0.23829314 0.34336162
v 0.20784944 0.17624168 -0.35819027
v 0.12245945 -0.30688795 -0.32392502
v 0.45515189 0.01374188 -0.18471327
v -0.64012140 -0.12279794 0.01000531
v -0.70087004 -0.02457715 -0.00954509
v 0.45686969 0.18094531 -0.15739012
v 0.27205622 -0.19377413 0.28417790
v 0.10387903 0.26275778 -0.38448218
v -0.23103377 -0.26871365 0.35364497
v 0.42091769 -0.24125117 0.12434579
v 0.42219609 -0.00865689 0.19914238
v 0.07012042 0.05061704 -0.49955624
v 0.33491373 0.19759256 0.27711380
v -0.17426963 0.28834635 0.30281353
v 0.27512401 -0.37952822 -0.15444337
v -0.18161717 0.37760365 -0.00167984
v 0.55725014 -0.10630521 -0.05349330
v 0.53112423 0.03851971 -0.08379680
v -0.74759895 -0.11967915 0.02360746
v -0.70515096 0.18320772 0.03641699
v 0.52602661 -0.23069184 0.02257898
v -0.14924714 0.35246575 -0.04118681
v -0.39031765 0.29861003 0.01516899
v 0.70615977 0.05661564 -0.07236400
v 0.44433078 0.20299646 -0.17452683
v -0.74059939 0.08229667 0.00370597
v 0.05651562 0.46153039 -0.12829089
v 0.73932040 0.20458350 -0.07745795
v 0.18413229 -0.31152821 -0.25629330
v 0.09902698 0.37740082 -0.03093103
v -0.26962975 0.33605087 -0.02064863
v -0.32751614 0.32517874 0.12963989
v 0.00639261 0.44320542 -0.00942951
v -0.67931163 0.23308860 -0.00816406
v 0.19739355 0.30201173 -0.24661666
v -0.27659991 0.34515050 -0.00467262
v -0.17972565 -0.40906593 -0.21713850
v 0.09094018 -0.13360161 -0.53891897
v 0.22727273 0.16946755 -0.41366383
v -0.19690298 -0.45294091 0.08093762
v 0.41752529 0.23439497 -0.21259211
v -0.02515547 0.37906814 0.03489259
v -0.07988839 0.36646479 0.03655556
v 0.01523206 0.44258946 -0.01668787
v -0.08353794 -0.29816628 -0.52938861
v 0.00489582 0.38105291 -0.03644484
v 0.62387979 0.04254013 0.00306439
v 0.52582276 -0.07103115 -0.14461051
v -0.03829572 0.22948214 0.36650276
v 0.18641055 0.18684296 -0.32252190
v -0.74166083 0.15356623 -0.00345234
v -0.03506130 0.38504428 -0.00749326
v 0.30247930 0.26058370 0.17808366
v 0.06746984 0.39181042 -0.05994922
v 0.29006499 0.17737941 -0.36669767
v 0.00945687 0.05333275 -0.48100990
v -0.26017100 0.31829828 -0.03698030
v 0.31862336 0.32080457 0.06534621
v 0.56044596 -0.06850021 -0.01717107
v 0.38091892 0.24517225 0.10928768
v -0.71011055 -0.06955171 0.05844775
v 0.19036335 0.33997962 0.02726460
v 0.26459938 0.32185978 0.02402130
v 0.67899191 0.01618116 -0.07128824
v 0.85638160 0.25210828 -0.04524695
v -0.13193403 0.35961691 0.04725355
v -0.20327221 0.31301984 -0.22139788
v -0.39976537 -0.40051293 0.09936073
v 0.17092368 -0.42896527 -0.19525990
v -0.29703107 0.25933200 -0.19539028
v 0.75724983 0.11691782 -0.00377797
v 0.08139274 0.45148137 -0.13118342
v -0.34875822 -0.04192463 -0.38702554
v -0.26891625 0.33947444 0.19809784
v 0.52251899 0.09359068 0.02550703
v 0.02332484 0.41033292 -0.04934874
v 0.04510588 0.40891984 -0.08364299
v -0.75336385 0.17294674 -0.03502552
v -0.49883670 0.22566655 0.06223696
v 0.08873323 -0.00075087 -0.48682734
v 0.40360802 -0.17072316 -0.28491199
v -0.49399954 -0.22754030 0.09422222
v 0.58275080 0.07283598 -0.04829234
v 0.72802269 0.05789235 -0.05261110
v 0.62818336 -0.04821150 0.08272550
v -0.12606972 -0.35132772 -0.32490599
v 0.22277769 0.33704767 0.13798159
v 0.22455710 0.16030926 -0.38905346
v 0.62126213 0.21956098 -0.09973307
v -0.19784597 0.23386540 -0.42298383
v -0.09577819 0.36862874 -0.28828013
v 0.21089990 0.34122479 -0.01238880
v 0.11396582 -0.12783965 0.41282886
v 0.30003816 0.24820079 -0.23577142
v -0.47785398 -0.36210281 0.12312785
v -0.04231425 -0.45291042 0.02903861
v -0.23334098 0.35323361 0.02473843
v 0.35890996 0.20843729 0.14881942
v 0.13590997 0.33216143 0.23448256
v 0.31862032 0.19318083 0.27632260
v 0.06667060 0.38391641 -0.05754128
v 0.05248430 0.06110227 -0.51338708
v 0.32230973 0.32077593 -0.10060722
v 0.58959937 -0.06503090 -0.07523876
v -0.24401511 -0.45388597 -0.04209474
v 0.27934244 0.27995300 -0.21896666
v 0.18663624 0.16091773 -0.34918043
v -0.04608384 -0.31391066 -0.45086876
v 0.53291178 -0.04854897 -0.16590191
v -0.25599828 0.34299585 0.00240293
v 0.37980929 -0.31775260 -0.18747787
v 0.59932595 -0.01245454 0.07686867
v -0.51364946 -0.22084135 -0.01632300
v 0.73804313 0.05921627 -0.06543539
v -0.52941918 -0.28314677 -0.01691031
v -0.45484751 0.25939447 0.04316497
v 0.01915901 0.29024470 -0.28794187
v 0.23130701 -0.05275899 -0.44793004
v -0.79285663 0.14832093 -0.04065081
v 0.77170658 0.09627424 -0.08027908
v -0.10953516 -0.44395977 0.04023647
v 0.81535947 0.19652882 -0.03870636
v -0.19416931 -0.35551977 -0.33850551
v 0.71410829 0.07425979 -0.10172555
v 0.58667797 0.04426460 0.02269447
v 0.16233435 0.18357982 -0.39983398
v 0.30044907 -0.30999964 -0.12539701
v 0.28477257 0.29274708 0.15149760
v -0.06364408 0.03548256 -0.51042497
v 0.62789452 0.00393370 0.06781107
v -0.54557633 0.22341004 0.00392229
v -0.40075651 0.25637251 0.02811961
v 0.67760956 -0.00716846 -0.09130622
v -0.13261731 0.34969956 0.08247167
v -0.31989166 -0.42399484 0.11113620
v 0.45825201 0.25603017 -0.01853111
v 0.63059425 -0.00492334 -0.12627324
v 0.69317317 0.01097198 -0.11542407
v 0.22559188 0.22865771 0.27118099
v 0.48543870 0.25923011 -0.07388785
v -0.27950224 -0.36145672 -0.11069417
v 0.06122942 0.32908899 0.28157201
v 0.57847989 0.12456298 -0.00414121
v 0.68938136 0.09926240 -0.08399671
v -0.04264675 0.20448303 0.38492382
v 0.73354590 0.04648294 -0.10207264
v 0.17055002 0.17636427 -0.34297723
v -0.08950859 -0.21220861 -0.57069927
v -0.76759267 0.15071966 -0.00979287
v 0.10346377 -0.37089580 -0.29046774
v 0.53040093 -0.17178984 -0.00776880
v 0.03029163 0.49418554 -0.03130791
v 0.66743326 0.04979708 -0.05652848
v 0.15359934 0.34047392 0.18042487
v -0.46667278 -0.29888126 0.05069762
v -0.30772835 0.17053045 -0.27505675
v 0.27839744 0.15465832 -0.37906402
v 0.61942285 0.00596559 0.06415863
v 0.18809402 0.17838433 -0.32401571
v -0.72520721 0.17870592 -0.03253514
v 0.10767854 0.23853260 0.34933674
v 0.06886572 0.41584459 -0.05638424
v -0.34723943 0.20453355 0.24284007
v 0.60734636 -0.07031989 -0.13577746
v 0.10988563 -0.11966094 -0.53349137
v 0.33351952 -0.20845926 0.23660295
v -0.42681032 -0.37383947 0.17960435
v 0.57831073 -0.13375568 -0.10269348
v -0.64894962 -0.10656460 -0.01386842
v 0.24649829 -0.33013594 -0.22630997
v 0.55582941 -0.02754137 -0.15092948
v 0.60734504 0.11091147 -0.07213864
v -0.16356020 0.42220581 -0.04290909
v -0.64044869 0.20004568 -0.01420819
v 0.07654846 0.47083032 -0.00858480
v 0.18767664 0.35863641 -0.17893489
v -0.30687392 0.22258100 0.29465970
v 0.16976032 0.02923620 -0.53922069
v 0.32148826 0.21803728 0.25725031
v 0.15597692 0.17916316 -0.36018905
v 0.33026952 0.23021129 -0.27750671
v 0.58716953 -0.01223196 0.01656750
v 0.25621420 0.35765544 -0.20354663
v 0.03934008 0.27184653 0.34813607
v 0.59813368 0.00536573 0.03586873
v 0.09852158 0.33003747 -0.21003222
v -0.09650654 0.37709296 0.05237481
v 0.67310596 0.21169670 -0.09393984
v 0.11276513 -0.33372763 -0.46097621
v 0.01806974 -0.13079236 -0.54612392
v 0.16683793 0.34710479 -0.12279944
v 0.24486125 0.13084453 -0.45185584
v 0.56391025 0.03635723 -0.00862077
v 0.81194353 0.12822959 -0.04671539
v -0.76579845 0.08078925 -0.02613638
v -0.08538871 -0.35820493 -0.32094219
v 0.03227255 -0.07706089 -0.55169380
v 0.15123203 -0.30220285 -0.32876030
v -0.19476289 0.28545147 0.32289508
v 0.08653757 0.37581050 -0.03718406
v 0.06379943 0.46173346 -0.00131786
v 0.71833807 0.13488437 -0.08453521
v -0.38294405 -0.37404090 0.00435928
v 0.07615615 0.32871562 0.24001850
v -0.65631139 0.22866607 0.01930773
v 0.12205733 -0.31592980 -0.27420563
v 0.56078660 0.08134472 -0.03130513
v 0.12296495 0.35667369 0.02316847
v -0.04312244 -0.44484901 0.10086522
v -0.28804711 -0.42923594 -0.19474152
v -0.49451500 -0.34418595 0.12721983
v 0.01014169 0.42708778 -0.03139246
v 0.07411429 -0.05493978 -0.49275893
v 0.02616598 0.44148850 -0.05584431
v -0.49484345 -0.30453563 0.03370345
v -0.52412468 0.25519723 0.09895195
v 0.47809893 -0.09646863 -0.16603233
v 0.67186588 0.00844266 0.06596683
v 0.28387082 0.19939919 -0.33660489
v -0.61099780 -0.18270060 -0.13273670
v 0.15662347 0.06179482 -0.52414370
v 0.03321533 0.40183437 -0.05047739
v 0.15015769 -0.03172585 -0.49902275
v 0.04800996 0.09159011 -0.47285837
v 0.47496635 -0.01414245 0.19832416
v 0.25548446 0.07907900 -0.49193555
v 0.27416420 0.17388755 -0.35109711
v 0.09233536 0.32386410 0.21257606
v 0.26351187 0.27273977 0.24045968
v 0.71671808 0.11654278 -0.09514871
v 0.07051562 0.38350940 -0.04960710
v 0.07078402 0.36184984 0.10178155
v 0.77950442 0.12557277 -0.08750805
v -0.53352588 0.22499196 0.03429325
v 0.63885307 -0.01784298 -0.01545522
v -0.25875291 -0.32592613 0.09911676
v 0.20189771 -0.29256839 -0.37221706
v -0.68173623 0.22703646 0.01168237
v 0.68972093 0.05648008 0.05358933
v -0.38941485 -0.24953532 0.26777381
v 0.45093328 -0.23327915 -0.14285575
v -0.67371660 -0.10103893 0.00180870
v 0.08843783 0.19679099 0.34573358
v 0.70262039 0.11668807 0.03188843
v 0.05820665 -0.06720322 -0.53437442
v 0.23104043 0.17432360 -0.30339575
v 0.45539087 0.19836044 -0.16445871
v 0.10381769 0.24795309 0.32822132
v -0.61518103 0.23330857 -0.00242662
v -0.05446837 0.16118979 0.39114782
v 0.67782354 0.03685035 -0.08887204
v -0.10279970 -0.24379052 -0.48349190
v -0.67660928 0.22866990 -0.01973059
v 0.40588814 0.26833561 -0.04952282
v -0.03190720 0.29027084 0.34398112
v 0.19691557 0.34848213 0.06673780
v 0.63071799 -0.00244214 -0.04626432
v 0.71552783 0.04827003 0.04025693
v 0.61510819 -0.04431236 -0.07131118
v -0.30848512 0.34286523 0.02985659
v 0.05771841 0.26225406 0.35135972
v 0.52223617 -0.00679331 -0.11584170
v -0.26895973 -0.43998370 -0.17776512
v -0.23361626 -0.24247916 0.35761848
v 0.06949684 -0.29688191 -0.40935645
v -0.54212159 -0.29005557 0.16077805
v -0.47935078 0.24629898 0.01791169
v -0.48256877 -0.24915814 -0.02913928
v 0.04181400 0.38431358 0.11932379
v 0.18949872 0.10768157 0.36990625
v 0.77377874 0.12934276 -0.05536747
v 0.61361873 -0.09610622 -0.10412335
v -0.18633690 0.33379835 -0.00304967
v 0.62761021 -0.07565314 -0.09647779
v -0.35396639 -0.09527844 -0.34304032
v 0.19341642 0.34509009 0.07292470
v -0.71544474 -0.07024565 0.01477242
v 0.77686977 0.18475644 -0.04923870
v 0.62855017 0.01624563 0.07892962
v 0.24218822 0.31746051 0.16569123
v 0.01044118 0.03118140 -0.51415545
v 0.05818897 0.01395202 -0.49016917
v 0.02153119 0.38341475 -0.05746466
v -0.31729284 -0.38116041 -0.20358033
v 0.33675444 -0.12650952 0.33693746
v 0.57819009 -0.00718877 0.04328932
v 0.82093894 0.22257654 -0.06005438
v 0.45078105 -0.08898077 -0.25079402
v 0.50008500 0.27793843 -0.07734135
v 0.10433127 0.24231580 0.35652170
v -0.31173211 -0.46835530 0.00704634
v 0.53219879 -0.07331321 -0.04804400
v 0.53450119 -0.10308266 -0.00243932
v -0.66336292 -0.09389418 0.03159705
v 0.13708824 0.37423101 -0.11539276
v 0.63681757 -0.01908396 -0.10117972
v 0.49017102 0.14520746 0.07895395
v -0.35424027 -0.36540440 -0.06114043
v 0.30203009 -0.34309477 -0.22090304
v -0.07292151 -0.37589616 -0.40383333
v 0.20928225 0.23700675 0.26777056
v 0.40784812 -0.26270854 0.14270225
v 0.54520839 0.02740175 0.05444163
v 0.05984277 0.05844492 -0.49948686
v 0.04060185 0.00732711 -0.55521274
v 0.56495738 -0.12774928 -0.06769472
v -0.60575771 -0.25650173 0.00591436
v 0.04650402 0.07762603 -0.49152046
v 0.76230752 0.12123013 -0.00796538
v 0.26098126 0.35285997 -0.18472810
v 0.05035610 0.39507419 -0.02895278
v -0.65884399 -0.16071966 0.03359491
v -0.09353322 0.36109945 -0.05632359
v 0.82586122 0.18830553 -0.06281672
v 0.30644810 -0.18505439 0.31649107
v 0.30190361 -0.00681880 0.35428327
v -0.27103913 0.33255097 -0.01476872
v 0.08279496 -0.14692765 -0.52694303
v 0.75380492 0.22074673 -0.06514838
v 0.58733475 -0.00024405 0.02451849
v 0.24802992 0.15420702 -0.33218569
v 0.76467037 0.23314901 -0.05649525
v -0.70163995 0.18371435 -0.02449732
v 0.27980044 0.15180081 -0.37391251
v 0.64796036 0.09399289 0.00250468
v 0.83907330 0.14205256 -0.07317291
v 0.15797645 0.05174464 0.40429503
v -0.15808249 0.26341015 0.35771284
v -0.48842961 -0.33159590 0.10138348
v 0.14615628 0.33240560 -0.29137930
v 0.15561131 -0.43859094 -0.01751837
v 0.03488672 0.02052313 -0.49521446
v 0.46439397 -0.01140550 0.12963408
v -0.08231992 -0.35087264 0.02966732
v 0.25433272 0.31266060 0.08852652
v 0.20189112 0.34816307 -0.11603189
v 0.12033260 0.01509095 -0.52484244
v 0.09310350 -0.29386574 -0.45090926
v 0.07360941 0.38582057 0.04039690
v -0.02382040 -0.42898679 0.04776525
v -0.57168669 0.23379707 -0.00350736
v 0.65783691 0.00300621 -0.06972529
v 0.56345105 -0.08127245 0.05558605
v -0.42212981 0.28840861 0.05380382
v 0.04501723 0.41941983 0.00490013
v 0.16863215 0.15805551 -0.43721545
v -0.15057735 0.29284155 0.29099828
v -0.43470663 -0.37534967 -0.06149083
v 0.57823348 0.09975341 -0.06250905
v 0.00302023 0.10857770 -0.53697717
v 0.80347055 0.17297950 -0.06110816
v 0.20992851 0.34763044 -0.19415535
v 0.58797789 -0.05430201 0.03145267
v 0.68121868 0.08214753 -0.07450339
v 0.67634994 0.12148646 -0.07288463
v -0.44339329 0.22385800 -0.04062685
v -0.23629239 0.33950865 0.27783564
v 0.57262182 0.00158463 -0.13510804
v 0.02447348 0.43633181 -0.13723145
v -0.67261541 0.08823511 -0.02813086
v 0.67399853 0.04006705 -0.04599699
v -0.27269870 -0.44286141 -0.03531843
v 0.16149239 0.34554318 -0.23126839
v 0.53882408 -0.11999062 0.10158550
v 0.60063905 -0.01029059 -0.04342963
v -0.62689620 -0.21888717 0.01100340
v 0.48546070 -0.21102102 -0.10886373
v 0.57310736 -0.08753690 -0.05910838
v 0.71247965 0.06413291 0.05114810
v 0.59502733 -0.00639351 -0.13983832
v 0.16922767 0.35871431 0.09978986
v 0.25474370 0.31331566 0.17620209
v 0.20802583 0.32057720 -0.27775347
v 0.84974694 0.16984671 -0.08339024
v 0.02482873 -0.18166187 -0.54648048
v 0.34455812 0.14269364 -0.26271948
v 0.31625283 0.22267732 0.21993630
v 0.50252277 0.25575635 -0.12265582
v 0.91523695 0.20857504 -0.05109287
v 0.66592664 -0.00063422 0.09476894
v -0.78667951 0.12517032 0.00922751
v -0.66079795 -0.19573250 0.05116296
v -0.00267495 0.08684286 0.40006953
v 0.08872724 -0.29621917 -0.43056601
v -0.37800604 -0.29620278 0.16694047
v 0.15906461 0.19892010 -0.30704662
v -0.14909640 -0.28240886 0.28259888
v 0.28356516 -0.39057556 -0.13687715
v -0.08056138 0.31918669 0.29745054
v 0.66445863 0.08745711 -0.02039455
v 0.58672559 -0.08220214 -0.06937409
v 0.43696004 0.22895741 0.02767089
v 0.57291532 0.13380924 -0.03359917
v 0.18943451 0.30829740 -0.29573563
v 0.54047656 -0.13037306 0.04999710
v 0.32823575 -0.26370466 -0.25637680
v 0.59641927 0.12141836 -0.04942131
v 0.69990528 0.03130946 0.07259310
v -0.55737162 -0.22295484 0.00383621
v -0.30992782 -0.35592160 0.14633995
v -0.47475904 -0.35673320 0.14362973
v 0.72640169 0.10384375 -0.06999148
v 0.52797222 0.19685237 -0.05142909
v -0.36274177 -0.21104696 0.30750960
v -0.05656554 0.39746001 -0.05462709
v 0.58174205 -0.07432942 -0.07812858
v -0.60431772 -0.23818211 0.11475235
v 0.12374645 0.35111809 0.02070504
v -0.01871260 0.25248158 0.36454880
v 0.60910231 0.02371404 0.08538616
v -0.12445158 0.36111215 -0.16417280
v -0.58053648 0.20572403 0.02891091
v 0.21966751 0.32859033 -0.00974578
v 0.05134830 0.38002712 -0.00551128
v -0.38816884 0.06688461 0.33400011
v 0.57585049 -0.07667281 0.00297132
v 0.61485636 0.00161211 0.03572369
v -0.25928882 0.31562325 0.30301076
v 0.48774683 0.21503587 -0.15910774
v 0.10086653 0.40092254 -0.05622083
v 0.02783871 0.06597887 -0.52073848
v 0.39149740 0.26024118 0.07623801
v -0.01878938 -0.25567663 -0.52727336
v 0.33353639 0.12109880 -0.33843163
v 0.53479981 0.00800250 -0.13770752
v 0.04729562 0.40922540 -0.07431194
v 0.76128525 0.10135464 -0.07758078
v 0.00483412 0.21640581 0.35248834
v -0.05159971 0.38771814 -0.08145297
v 0.49941224 0.16759637 -0.16819003
v -0.71060187 -0.04681662 0.01812014
v 0.60281289 0.25492156 -0.11730188
v 0.00684646 0.08517608 -0.48851207
v -0.61112559 0.20513251 -0.01944849
v -0.31421956 0.32322910 0.05072430
v 0.41268876 -0.24186638 0.17062041
v 0.32349208 0.00347006 -0.42629603
v 0.44243956 -0.20483266 0.04566421
v -0.04848441 -0.35574198 -0.38092011
v -0.17668998 0.36616039 0.03184596
v -0.56193852 -0.28875890 0.08378249
v 0.55604625 -0.11477996 0.03870197
v 0.69132912 -0.02927491 -0.09442801
v 0.14541507 0.17883909 -0.37270686
v 0.06993610 0.04993486 -0.47552788
v -0.69027811 -0.10926038 0.03937612
v 0.55642879 -0.13734622 -0.11587769
v -0.46415263 -0.13371719 0.26581642
v 0.67495477 0.04112174 -0.05973122
v -0.43297815 -0.08103257 -0.21939185
v 0.11025327 0.32422680 0.17070690
v -0.17718259 -0.07883558 0.45371312
v 0.24894072 -0.24683760 0.32160616
v 0.54360420 -0.13941987 0.01010448
v 0.52592313 0.08746788 0.04002383
v -0.35962772 0.30994222 0.17329130
v -0.27634555 0.33166289 0.14948325
v 0.34938341 0.27625984 0.10868305
v -0.45328921 -0.24686345 0.12742452
v 0.29196516 -0.28119588 -0.40004164
v -0.57920289 0.20340061 0.03716753
v 0.57747418 -0.11320078 -0.00512478
v 0.04626814 -0.28297773 -0.42255551
v 0.04010313 0.41101050 0.06710312
v 0.01813160 0.41344857 -0.03952426
v -0.43299130 -0.32693991 0.01347449
v 0.09324078 0.37021989 0.03679597
v -0.59195381 0.21308345 0.00600239
v 0.38495886 0.04312560 -0.29774013
v 0.31645504 0.27054647 0.12873471
v 0.11608167 -0.40670750 -0.19472352
v 0.32395333 0.01003012 -0.44781670
v -0.50453240 -0.25891823 -0.06032296
v -0.72537512 -0.00197251 -0.01650135
v 0.47715661 -0.14745101 -0.15303159
v 0.79770052 0.06256686 -0.07393360
v -0.76654899 0.02379355 0.01332867
v 0.64920515 0.05084850 -0.02314037
v -0.24954396 0.20150712 0.34571707
v -0.51515836 -0.31575525 0.05056396
v -0.51960099 0.16869250 0.02875046
v 0.20431347 0.22801849 0.29806262
v 0.71036589 0.09566315 -0.06986307
v -0.01569650 -0.32241297 -0.49370381
v 0.70439208 0.06242770 0.06856106
v -0.33788928 0.32669494 0.00987101
v -0.20945163 0.30208114 -0.23873693
v -0.45856911 0.25359851 0.03037077
v 0.07026201 -0.38683355 -0.34753400
v -0.41058451 0.26939464 0.03500906
v -0.77082109 0.07525197 -0.06715597
v 0.62779599 0.03416254 0.01322953
v 0.31809026 0.16367155 -0.38170040
v 0.41675249 0.10344693 0.12815717
v 0.09271213 -0.00027677 -0.52763432
v -0.50022060 0.21381553 0.01455852
v 0.39171413 0.27796394 0.01864544
v -0.49054044 0.00443648 0.23912895
v 0.35484648 0.30343544 0.05764517
v 0.48586649 -0.11214176 -0.17066382
v -0.21447775 -0.30593300 0.28725407
v 0.52671635 0.09172657 0.03496468
v 0.15591732 0.39581859 -0.01166633
v -0.24488440 -0.34833729 0.08826210
v 0.08877418 -0.34561092 -0.34004581
v 0.74016708 0.03669377 -0.04994836
v 0.43939418 0.13380527 0.20026013
v 0.62249917 -0.07931808 -0.09657741
v -0.17720379 0.28699920 0.35484698
v -0.01770625 -0.22547042 -0.53825802
v 0.06095597 0.08385859 -0.47845805
v -0.02255172 0.43065476 -0.02766836
v 0.72232139 0.04957671 -0.09548577
v 0.66151106 -0.05881363 -0.08376323
v 0.86394763 0.19527528 -0.04569513
v 0.44544080 0.26910090 0.00351408
v -0.53025472 0.24273767 0.00077026
v 0.10121172 0.37702841 0.09554139
v 0.03994220 0.37270194 0.05142406
v 0.05945960 0.05140951 -0.51044273
v 0.01015747 0.06163794 0.43289125
v 0.74754673 0.18562536 -0.08933318
v 0.40505087 0.20746870 0.13456884
v 0.60626662 -0.00471306 -0.04439838
v -0.57296306 -0.25710750 0.01189861
v 0.73704821 0.04721698 -0.05990989
v 0.25501639 0.27206808 0.20579630
v 0.74037397 0.16839333 0.02346748
v 0.52921617 0.08146715 0.06119743
v 0.01752239 0.24363390 0.35883075
v 0.65482473 0.16365592 -0.08674541
v -0.60544026 -0.10871769 0.03153308
v -0.13868310 0.35183555 0.09435937
v 0.78322434 0.13259710 -0.00639699
v 0.04577056 0.34220585 0.15865088
v 0.24035913 0.08471447 0.38142788
v 0.16366127 0.38219923 -0.18189961
v 0.00936739 0.43525249 -0.01274937
v 0.74121219 0.11177862 -0.06274059
v -0.38032067 -0.04551280 -0.41376704
v 0.21344793 -0.22087388 -0.50374919
v 0.64903736 0.01670355 0.07876945
v 0.40407062 0.28986847 -0.03976762
v 0.52342492 -0.00528488 -0.08181790
v 0.49743980 0.29732502 -0.13476403
v -0.54579449 0.19471459 0.05179855
v -0.08531956 0.28930062 0.37033302
v 0.66274118 0.05137502 -0.12374035
v -0.26390508 0.34802228 0.08041480
v 0.11619963 -0.06291723 0.41187397
v 0.00740238 0.38984513 0.06313625
v -0.20190018 0.32436603 0.28287834
v 0.30875963 0.15797135 0.31456566
v -0.08587579 0.41067839 -0.00182468
v -0.39322734 0.24508458 -0.09855585
v 0.08082969 0.45298433 -0.01811218
v 0.71153283 0.09592974 -0.06275108
v 0.61780632 -0.03468479 0.07317075
v 0.64163387 0.09845398 -0.08106771
v 0.16697708 0.17330681 -0.33583647
v -0.12989524 0.29139748 0.34370643
v -0.51937389 0.07687798 -0.04159857
v 0.62047637 0.14252433 -0.01586057
v -0.25069419 0.34171987 0.02048478
v 0.63400620 0.06804198 0.02266478
v 0.47308791 0.20349240 0.03126913
v 0.27240595 0.15865815 -0.39707094
v 0.04393574 0.41564786 0.04397681
v -0.40670222 -0.36495471 -0.01586396
v 0.41350850 -0.18288152 0.12197046
v -0.44746444 -0.00839755 -0.19371663
v 0.70808679 0.08425754 0.01145037
v 0.23036265 0.15532367 -0.37793565
v -0.02641907 0.01050606 -0.51430994
v 0.40627328 -0.23544070 0.23264793
v 0.45157653 -0.04037619 -0.17966168
v -0.02279943 -0.03168732 -0.54232192
v 0.38352597 0.25689504 0.07633680
v 0.23800190 0.33750871 -0.14073554
v 0.22159541 0.29197946 0.19850191
v -0.38910389 -0.39770612 0.16572180
v 0.74196106 0.13136408 -0.09696028
v -0.64003658 -0.20767722 0.06452745
v 0.28970391 -0.04267837 -0.45788085
v -0.47736493 -0.19938658 0.18455631
v 0.05909684 0.37065321 -0.03435460
v 0.02687975 0.22681159 -0.43066895
v 0.01923534 0.47009271 0.04412958
v 0.07258812 -0.12189572 -0.52299929
v 0.52461863 0.02040020 -0.09276439
v 0.24888253 -0.25254455 -0.33814347
v 0.36458856 0.30700096 0.01940677
v -0.16783071 -0.38865811 -0.11686753
v 0.03168164 -0.39908901 -0.24228810
v -0.61440820 -0.20012721 -0.11781505
v 0.77678841 0.16660351 -0.06108392
v -0.03271084 -0.33638260 -0.35857984
v 0.09464994 0.38258588 0.01883769
v -0.52697366 -0.10754115 0.20785943
v 0.06787357 0.37554604 -0.02977464
v 0.12531874 -0.09568894 -0.53717142
v -0.44400939 -0.37570795 -0.09439300
v -0.18909645 -0.23788539 -0.42873055
v 0.01851505 0.10088477 -0.48671019
v -0.16737767 0.36147776 -0.07012782
v -0.44300684 -0.17868304 -0.30112621
v 0.62655228 -0.05655712 -0.04049329
v 0.63201910 0.00374377 0.05545712
v 0.73104143 0.15365922 -0.10455960
v 0.69588351 0.08537121 -0.08093961
v -0.53478235 0.22530578 -0.03574568
v 0.52424705 0.01427767 -0.14779584
v 0.58003479 0.01450322 -0.00720763
v 0.72614771 0.06628262 -0.07907349
v 0.45522732 -0.01055276 -0.20771335
v 0.17120907 0.32063621 0.20257023
v 0.03459093 0.40519547 -0.05289975
v -0.00683147 -0.36734515 -0.39141497
v 0.57935351 0.14366879 -0.00776753
v 0.15074810 0.16885659 -0.40261561
v -0.34001696 -0.21727055 -0.42224765
v 0.47778034 -0.01603293 0.11249523
v -0.27673742 0.26889551 0.21553133
v -0.71790397 0.04088264 -0.02213016
v 0.07403026 0.38042629 0.03899109
v 0.44507021 0.19054100 -0.16625829
v 0.45536575 0.21417865 0.02249134
v 0.33331749 0.24960162 0.20212960
v -0.19828741 0.33311638 0.10004771
v 0.22298767 0.16944182 -0.41022390
v 0.54038996 0.02646790 -0.04044414
v 0.58516550 -0.00937332 0.00526267
v 0.18987307 0.33237141 0.13538724
v 0.20429476 0.07360101 -0.52760965
v 0.42043948 0.28161439 -0.01874942
v -0.24308702 -0.44750267 -0.06358883
v -0.63777065 0.11896649 0.05302174
v 0.00281924 0.45107207 -0.01294202
v 0.05280960 0.09067166 -0.49169469
v 0.60623735 -0.10612544 -0.03890350
v -0.29012850 -0.36343658 -0.23904811
v -0.17737846 0.29569066 -0.28848064
v -0.60327548 -0.25293404 0.02878061
v -0.51200563 0.15902929 -0.02005301
v 0.19448677 0.33840215 -0.07791382
v 0.46319443 0.22185436 -0.01279503
v 0.60102606 0.01013133 0.02343842
v 0.16169915 0.15389140 -0.37163803
v 0.52415603 -0.18436027 0.10184777
v 0.51916587 0.00569984 0.11619717
v 0.01506394 -0.42567903 -0.03364158
v -0.18644129 0.30445972 0.28700602
v 0.74909216 0.10516413 0.05028389
v -0.42781532 -0.10762268 0.31996188
v -0.30401957 -0.42144254 0.02849969
v -0.35831046 -0.40004033 0.01808384
v -0.24756023 0.33215415 0.05485621
v 0.38643646 0.30420804 -0.05749547
v 0.07195792 -0.00239301 -0.48372382
v -0.56662631 -0.25162092 -0.01047868
v -0.42775524 -0.30225629 -0.10937238
v -0.59168893 -0.28181690 0.08435306
v -0.70610958 -0.15515941 0.05494057
v -0.36833817 0.13890162 0.27781999
v 0.76137763 0.11567754 -0.07110973
v 0.12737089 -0.41425085 -0.15699089
v -0.26325423 -0.46116573 0.09867841
v -0.07913540 0.27045363 0.29396820
v 0.68193144 0.10844134 -0.09444594
v 0.01844770 -0.27919042 -0.51726860
v 0.06001731 0.37560722 0.21445408
v 0.09335658 -0.35046738 -0.42413443
v 0.00940946 0.38535058 0.09247711
v -0.70401025 -0.01425187 -0.02259261
v 0.58751267 0.03760657 0.00546524
v -0.19930576 0.36119747 0.06922811
v 0.53945196 -0.19869676 -0.14502713
v 0.65325284 0.02727287 -0.12400986
v 0.16157579 0.29537520 0.26545024
v -0.30456188 0.32162589 0.11409321
v 0.77117884 0.22367367 -0.07371247
v 0.73351550 0.06739793 -0.08662516
v -0.50262517 -0.29503155 -0.14759065
v 0.51267356 -0.09178710 -0.12050283
v 0.15839669 -0.21952036 0.34110010
v -0.25466102 0.27015960 0.28048328
v 0.58910817 -0.00884797 0.06174465
v 0.64446813 0.03736535 -0.04455611
v -0.00833333 0.05129665 -0.50486916
v -0.70886308 0.07652570 0.03235290
v 0.04790289 0.27597070 0.33660471
v 0.60334814 -0.00940667 -0.06326027
v -0.69401091 -0.11993951 0.02641596
v 0.58997113 0.01345873 -0.17099224
v -0.41459271 -0.35318363 -0.11353213
v 0.41818565 0.21350491 0.13408950
v -0.07856590 0.41970029 -0.03625327
v -0.66264975 -0.12612894 0.06199579
v -0.28744367 0.35490587 0.13451456
v -0.06989463 -0.38638011 -0.11530444
v 0.17727120 -0.06248716 0.40250117
v 0.67416549 0.04494672 -0.05655222
v 0.13751188 0.34669706 0.05973926
v -0.71324229 0.21561313 -0.03552227
v 0.65085518 0.17830287 -0.09416234
v 0.53770977 0.26253739 -0.14060028
v 0.15372081 -0.22944805 0.28108549
v -0.30059177 0.12124415 0.37864715
v 0.67349058 0.04961872 0.04139444
v 0.23396796 -0.29774195 -0.32020587
v 0.53970993 0.18900967 -0.06502876
v 0.75035429 0.06313197 -0.07553384
v -0.38733459 0.10551664 -0.21655272
v -0.74781233 0.02928812 -0.00681622
v -0.65716040 -0.19189765 0.03114033
v 0.37764293 -0.02393660 -0.29134578
v 0.00088818 0.44756052 0.00598079
v 0.00958775 0.44307625 -0.03004989
v 0.64207339 0.17727502 -0.10583976
v -0.20023939 -0.45875421 0.07483977
v 0.75613260 0.16428661 -0.11756416
v 0.04656052 0.39900228 -0.03386909
v 0.19112787 0.33810544 0.07324994
v 0.58161914 -0.04103273 0.04017943
v 0.24130602 0.08592370 -0.44897431
v -0.44345170 -0.38173068 0.11592442
v -0.03450266 0.08080146 -0.49062872
v -0.33404052 -0.06614751 0.43850118
v 0.01550774 0.45830476 -0.00109079
v 0.02037062 0.37646443 -0.05025318
v 0.70389265 0.20035690 -0.12174194
v -0.27222925 0.33719832 0.00207368
v 0.53988779 -0.12847692 -0.14026104
v -0.25798869 0.33489880 0.14159831
v 0.08645529 0.38271090 0.00617415
v 0.57669938 -0.06030828 0.03543742
v 0.20503487 0.35890156 -0.16763894
v -0.48388141 0.24763827 0.15065800
v -0.54337615 -0.24859361 -0.01924808
v -0.38875011 0.27390915 0.05900498
v 0.65834200 0.03271507 0.05756019
v 0.26130366 0.34322584 -0.19547217
v 0.12902361 0.29033437 -0.35277078
v 0.85520685 0.19875121 -0.06990419
v 0.48062211 -0.02756900 -0.19612280
v -0.56464779 -0.26500797 0.10826105
v 0.68667883 0.02536185 -0.10782744
v 0.32377940 0.25497878 -0.23677962
v 0.41304129 0.15916142 0.13621569
v 0.47868007 0.17193848 0.01025340
v -0.01375439 0.41365638 -0.06035620
v 0.26330632 -0.24599394 0.30448431
v -0.41790241 -0.38363397 0.09189186
v 0.67600006 -0.06909406 -0.04180022
v -0.30375081 0.32030138 0.05786279
v 0.15079488 0.16344032 -0.38814196
v 0.66235030 0.03532183 -0.08607085
v 0.20820017 0.16447780 -0.33190486
v -0.47790003 0.19573429 -0.15109053
v 0.14947489 0.17538744 -0.43918490
v 0.18341976 0.37247393 0.13669777
v -0.05482976 0.36278182 0.17400303
v -0.03509806 0.40424383 0.00582534
v 0.75033557 0.10292386 -0.06102958
v 0.74795318 0.13119607 0.00970202
v 0.33283514 -0.04815632 -0.36470675
v 0.36570430 -0.23671788 0.19284140
v -0.03326187 0.04909453 -0.47329146
v 0.64272416 0.09432872 -0.06008580
v 0.43603650 -0.27169657 -0.09616970
v 0.57718080 0.15084904 -0.02552146
v -0.04357799 0.30224645 0.33270419
v 0.68809056 0.06109864 0.05076266
v 0.01225821 0.29675564 0.31776235
v 0.56152630 -0.06888884 0.07730684
v -0.30641648 0.32890427 0.05735672
v -0.48441571 0.25978822 0.03585349
v 0.68990654 -0.00367509 -0.04771262
v 0.49485415 0.05536199 0.07073270
v 0.18278064 0.07174639 -0.44595504
v 0.14572838 0.37546647 -0.14444748
v -0.21286426 0.34079844 0.26994258
v -0.74863911 0.01765403 -0.00781134
v 0.64436305 -0.08261777 -0.04853984
v -0.01297608 -0.00964114 -0.52701277
v 0.18582690 0.33072102 0.05569622
v 0.68628556 0.19992012 -0.06368408
v -0.00164942 -0.13205987 0.44169277
v 0.03021578 0.41063869 0.07386672
v -0.75883603 0.11828554 -0.05610529
v -0.54800838 -0.29149371 0.10985833
v 0.65119940 0.10701831 -0.06066358
v 0.58050501 0.09725744 -0.06239343
v 0.38179058 0.30043930 -0.04623735
v 0.15684415 0.17484367 -0.36579111
v 0.55322212 -0.16882971 -0.01754014
v 0.04295784 0.50007534 -0.01483023
v 0.02721992 -0.05928957 -0.54603583
v -0.07015544 -0.42266220 -0.26043186
v 0.23245528 0.19669606 -0.29440236
v 0.66774803 -0.00838289 0.06703877
v -0.24911712 -0.45189896 -0.17199570
v 0.77495933 0.07253077 -0.09359246
v -0.36474696 0.24330179 0.19708650
v 0.24880379 0.13006832 -0.41044980
v 0.01812959 0.05972072 -0.53621167
v 0.48991817 -0.15917653 -0.15105939
v -0.11471805 -0.09098366 -0.48848706
v 0.63961172 0.22660571 -0.09839103
v 0.72958338 0.13647819 -0.08840683
v -0.02341266 -0.42436457 -0.13728331
v 0.48323244 -0.06651206 -0.19596960
v -0.17928419 -0.37546039 -0.30383146
v -0.31020862 -0.41983715 0.08563432
v 0.56751037 -0.02866989 0.02184427
v -0.29909399 0.34425569 0.19443402
v 0.32816422 0.02253258 -0.44717565
v 0.07912299 -0.06058860 -0.52740455
v 0.55941737 -0.09438314 -0.16009189
v -0.67951834 -0.13239270 0.01111266
v 0.66468042 -0.01582286 0.05819437
v -0.05873870 0.34475243 -0.14748114
v -0.40692866 0.03793517 -0.23441282
v -0.27365053 -0.18385172 0.42612433
v 0.55200332 0.09865390 -0.02516696
v 0.20177802 0.18008053 -0.33118537
v 0.59106863 0.03027444 -0.02063669
v -0.57520527 0.25250173 -0.00093372
v -0.16471449 0.34161043 0.09220937
v 0.59895575 0.01210055 0.05605057
v 0.55938995 -0.03208184 -0.13890158
v 0.64059699 0.03602418 0.04391328
v 0.04358363 0.39864123 -0.04156548
v 0.60416293 0.02331993 0.07634765
v -0.62931007 -0.19606391 0.01194669
v 0.53424448 -0.19698550 0.02713398
v 0.64722371 0.03254490 0.06391121
v 0.66387272 -0.00124463 -0.08676694
v 0.55020481 0.02356345 -0.05375636
v -0.44032538 0.07170331 -0.09971610
v 0.49265096 0.17866357 -0.01650757
v -0.44473630 0.18635535 -0.07803955
v -0.40796086 -0.31646311 0.11730948
v 0.12626666 -0.34354287 -0.33322352
v 0.42127973 -0.17213383 -0.28711766
v 0.45398143 -0.22463675 -0.00158629
v 0.12726539 0.04378822 0.35380495
v -0.15872520 -0.43133700 -0.13727316
v 0.03754762 0.01020050 -0.54655123
v -0.61958361 -0.14955708 0.02836505
v 0.55331624 0.00024702 -0.06718896
v 0.29908484 -0.19942792 -0.39589697
v 0.00926137 0.04976714 -0.48890075
v 0.35048729 0.19943833 0.19683799
v -0.44233930 -0.36719564 0.13801536
v 0.57404685 0.14330740 -0.03463238
v 0.07714218 -0.30270353 -0.50831836
v -0.53770852 -0.16226190 -0.03937036
v -0.04780915 0.05804518 -0.53077924
v 0.64607018 0.01885372 -0.04630703
v -0.71287489 0.05658885 0.01017718
v 0.76295388 0.13987100 0.01637110
v -0.29984140 -0.34545779 -0.01654901
v -0.02191851 -0.32501167 -0.47843122
v -0.28023088 0.29152316 0.24937309
v -0.59500432 -0.06304921 0.16652787
v 0.07766071 0.01478988 -0.50152081
v -0.55809844 0.20600402 0.05863330
v 0.00609162 -0.40587524 -0.14867112
v 0.60665447 -0.00006424 0.03815249
v 0.01527891 0.42321244 -0.03603980
v 0.00421509 0.26452047 0.35872036
v -0.45134139 0.20416531 -0.15512818
v 0.05068840 0.39451367 0.05208337
v 0.09113741 -0.31190789 -0.47580352
v -0.24982119 0.33441204 0.21443790
v -0.21251948 0.32559288 0.27517283
v -0.56370336 0.21422374 0.03764500
v -0.14411815 -0.25364369 0.38424009
v 0.04556883 0.36892429 0.07718199
v 0.65095741 0.02526709 0.10488082
v 0.03429228 -0.23310757 -0.52312362
v 0.58956736 0.01783916 -0.00088477
v -0.38168350 -0.38244539 -0.08687608
v 0.04947772 0.37851742 -0.13581927
v 0.14116710 -0.35446087 -0.26117134
v 0.07830483 -0.03509063 -0.48439896
v -0.50264603 -0.23772648 0.00944969
v 0.14877211 0.17617309 -0.38056123
v 0.28919035 -0.26759654 -0.41319200
v -0.17623737 0.35782161 -0.28849116
v 0.43653873 0.27949080 -0.05425194
v -0.63850522 -0.13148236 0.00201182
v 0.37825042 -0.32126871 -0.02524470
v -0.14081703 0.33243260 0.25446403
v -0.63503420 0.23103918 -0.02197628
v 0.65199840 0.18474633 -0.12833530
v 0.53555435 -0.02514961 0.07918218
v 0.22662553 0.15531364 -0.32945132
v -0.10033267 0.30624372 -0.38844487
v 0.59933770 0.04130398 -0.03771284
v 0.24170092 0.33424431 -0.02326405
v 0.68623728 0.09386542 -0.09212047
v -0.20788206 -0.45231438 -0.06862865
v 0.12314241 0.37768435 -0.14364450
v -0.29758054 0.32462779 0.05321524
v 0.42811483 0.27328885 -0.03084412
v -0.03509147 0.35722125 0.04713681
v 0.71686494 0.14974485 -0.04113227
v 0.31500214 0.14951178 -0.37758332
v -0.15324044 -0.35439432 -0.32614321
v -0.00106871 0.06476825 -0.49045879
v 0.56917000 0.03110439 -0.00961125
v 0.08905448 0.38758099 -0.13309574
v 0.27289873 0.31421542 0.15200245
v -0.01553336 -0.18131188 -0.54794896
v -0.63106024 -0.06755900 0.05072141
v -0.13281913 0.35836148 -0.04054451
v -0.40529114 -0.40319231 0.05865079
v -0.01373097 0.42857587 0.01091993
v 0.56920290 -0.06181136 -0.09658325
v -0.07841873 -0.40313524 -0.33280843
v 0.01791190 0.40034598 0.07751825
v -0.53029239 -0.31011188 0.01113817
v -0.66819686 -0.10442016 0.01328301
v -0.63564402 0.19516639 0.01228229
v 0.58612490 -0.00288592 0.05580747
v 0.53120255 -0.08333644 0.07921833
v 0.08284746 -0.11705178 0.44034740
v -0.09782965 0.44060394 -0.09128721
v 0.78255093 0.21480636 -0.04644969
v -0.44664779 0.22862938 -0.02578044
v 0.60321122 0.10118943 -0.00635329
v 0.63665879 0.08761114 -0.00501591
v -0.32268721 0.21189429 0.29065692
v -0.06812096 0.04723597 -0.48161367
v -0.70981777 -0.04843561 0.00375548
v -0.50841272 0.22206946 0.05208217
v 0.10787424 0.03594452 -0.47090220
v -0.44594491 0.29765058 0.04753868
v 0.26752394 0.32085663 0.03819433
v 0.34202701 -0.06360459 -0.42409241
v 0.05920590 0.46205431 -0.03211126
v 0.05065110 0.38003707 -0.05778956
v 0.47208065 -0.11335421 0.16474931
v 0.02770728 -0.39012465 -0.29969114
v 0.07868861 0.39453900 -0.01110199
v -0.30449820 -0.36129075 -0.17745173
v 0.14627472 0.33249384 0.04620603
v 0.51055932 -0.19541237 0.06240443
v 0.09097081 -0.08304074 0.40140542
v 0.27181363 -0.31125218 -0.19612248
v 0.52746034 -0.06856290 0.08203566
v 0.60252398 0.00123595 0.01176277
v 0.08098590 0.04508162 -0.48179194
v 0.20106265 0.33933502 -0.07082355
v 0.34346378 0.04965585 -0.39606136
v 0.16829818 0.36408705 -0.09478435
v 0.66220123 0.02454311 0.06242040
v 0.54998374 0.02303788 -0.00909215
v -0.28951612 -0.39975134 -0.18177071
v 0.46072182 -0.25013256 0.04593499
v 0.27593523 0.20740804 -0.30828318
v 0.01597637 -0.00149548 -0.52786326
v -0.12313925 0.39135891 -0.08013472
v -0.33911335 0.12694846 0.25269359
v 0.71003449 0.01489234 -0.04151577
v -0.22013107 0.35707152 0.01727310
v 0.24408552 0.15237930 -0.43112725
v -0.54687917 0.22475003 0.01650080
v 0.14069670 0.16845600 -0.41726971
v 0.66770005 0.06446676 0.03562558
v -0.04830116 -0.43092585 0.00554100
v 0.67495489 0.05895936 0.03049028
v 0.09615177 0.00448409 -0.50927174
v -0.21394360 0.33035436 -0.11190434
v -0.21329953 0.35666642 0.01149422
v 0.76389468 0.17716801 -0.07722309
v -0.05145441 -0.43864471 0.03799433
v 0.01493660 0.40215522 -0.05567658
v 0.35297185 0.06206870 -0.39400834
v 0.46992147 -0.02182445 0.25218365
v -0.31406096 0.33024609 0.17794719
v -0.34464741 -0.37357992 -0.13217609
v 0.55566090 -0.03530142 0.00279605
v -0.26099387 -0.43534392 0.03991714
v 0.56369388 -0.06317275 -0.15124591
v -0.60786986 -0.19195619 -0.06241444
v 0.04504620 0.37758073 0.04628468
v -0.24904855 0.34218594 0.04148808
v 0.62318897 0.04492502 -0.04732798
v 0.27125978 0.33300114 -0.21541573
v 0.73688555 0.05928344 -0.06403737
v -0.31666628 0.05203816 -0.35608739
v 0.56806761 -0.09302094 -0.14677370
v -0.04518652 0.04002345 -0.48611104
v 0.67242646 0.07366339 0.05959599
v -0.28858507 0.33984923 0.01269430
v 0.40004423 0.13881910 0.15706049
v 0.21630144 0.19947430 -0.35227543
v -0.14115411 0.35255843 0.19693246
v -0.02057920 0.41792428 -0.00398654
v -0.20154580 -0.43075380 -0.17770019
v 0.47406900 0.16971035 0.02440315
v -0.15379065 0.43520510 -0.01601207
v 0.22894022 0.32379735 0.16585949
v -0.28581077 -0.23547013 0.33133042
v -0.51134020 0.07081440 0.14636149
v 0.33922911 -0.26740262 -0.23710988
v -0.22821373 0.33486608 0.01572827
v 0.23868743 0.35149884 0.08381373
v 0.30117381 0.01719524 -0.45793146
v -0.76943874 0.10968482 -0.05121238
v 0.71166539 0.13103040 -0.07153055
v 0.49425787 -0.22308271 0.06897503
v 0.53768605 -0.08627024 -0.02301900
v 0.46092144 -0.02576549 -0.19078919
v -0.18463232 0.35190061 0.18630019
v -0.26707518 0.33854765 0.10724385
v -0.01036315 -0.35617381 -0.06034103
v 0.63122463 0.02357025 0.02668683
v -0.73074228 -0.08695927 0.01794463
v -0.14647339 0.28881255 0.34772646
v -0.56213844 0.16269533 0.07799178
v -0.77047294 0.08278205 0.00420441
v 0.36998188 0.30883366 -0.04906303
v -0.43454790 0.26633471 0.08523282
v 0.13373759 -0.17280638 -0.55618918
v 0.58389878 -0.08398408 -0.02116774
v 0.29500479 0.14804046 -0.38438064
v -0.31155455 0.33277458 0.12810665
v 0.28591889 -0.22709909 0.25669470
v -0.03146636 0.33214951 0.28662366
v -0.08764715 0.31834748 -0.17132516
v 0.18695784 0.34259096 0.01567820
v -0.10350180 -0.26402050 -0.50577682
v -0.28614181 -0.42297745 -0.13421245
v 0.21963246 0.24290091 0.29075634
v 0.17688116 0.24192598 0.31125745
v -0.35247809 -0.32778069 -0.19677015
v 0.43052512 -0.07615167 0.23367064
v 0.10841593 -0.02845643 -0.54088497
v 0.69725800 0.21206468 -0.12071148
v 0.06555420 -0.02863663 -0.52210999
v -0.17520559 0.38423291 0.01787204
v 0.04461493 0.07035300 0.41269881
v -0.06402421 -0.33842209 -0.32290715
v -0.15550335 0.36545393 -0.00007951
v 0.03321424 0.39728060 -0.00637478
v 0.63880777 0.21689242 -0.08637983
v -0.07951157 0.18404451 -0.43002468
v 0.46672443 -0.24278173 -0.03762613
v 0.10141566 -0.01861674 -0.48974541
v 0.24188630 -0.01286542 0.39667585
v -0.01371686 0.43101072 0.00546104
v -0.04167056 0.40550572 -0.02846709
v 0.48087063 0.20286743 0.01627991
v 0.10351351 0.41282552 -0.09683174
v 0.28802830 0.31680524 0.05107310
v -0.03991127 -0.33026174 -0.33578494
v 0.20854630 0.33593833 0.07002139
v -0.49918163 0.05008116 -0.06156783
v 0.01031151 0.07709897 -0.49798155
v 0.39642274 0.28577042 -0.03213695
v 0.42056319 -0.03660138 -0.27277160
v 0.06035736 -0.39023355 -0.34513882
v -0.02278168 0.36199659 -0.35278076
v 0.51503706 -0.06343520 -0.20055732
v 0.82778406 0.11697051 -0.06916372
v 0.13206121 0.13579684 -0.44761032
v -0.47150785 0.25592512 0.00210224
v 0.18555859 0.37715322 -0.21466842
v 0.07755417 0.21350679 0.34606585
v -0.75423431 0.17240621 -0.03479636
v 0.51193237 0.23423006 -0.09229952
v -0.23709835 0.34933305 0.13609472
v 0.12294820 0.11360195 -0.44870514
v -0.00613418 0.39907318 -0.02027392
v 0.78821629 0.12722111 -0.06255700
v -0.57248288 -0.17284447 -0.01113187
v 0.11211720 0.04925519 -0.54110503
v 0.02882151 0.39032447 -0.20506951
v -0.54127640 -0.22223625 -0.01369041
v 0.01950243 0.35046095 0.10320503
v 0.71263075 0.01837569 0.08744183
v 0.75481158 0.18027748 -0.11278643
v 0.00584943 0.41015935 -0.03896642
v 0.71615744 0.08620909 -0.07478645
v 0.30526415 0.15741958 -0.36627907
v -0.60848093 -0.17951447 0.01680942
v 0.29524034 0.33315653 -0.04453531
v 0.07857284 0.04135633 -0.47986794
v 0.17859383 0.20946310 -0.36986116
v 0.07258248 0.38863719 -0.00335059
v -0.16557397 -0.45503801 0.05248073
v 0.09182148 -0.39777040 -0.13701063
v -0.10260378 0.33001772 0.12422544
v -0.50605357 0.15483907 -0.00186972
v 0.03529155 0.00744444 -0.55860257
v 0.15768784 -0.31247979 -0.33768103
v -0.10436149 -0.29898444 -0.45195577
v 0.67367852 0.05914751 0.04602408
v 0.21780773 -0.00559872 0.41312170
v 0.53506368 0.20196016 -0.07904309
v 0.12436174 -0.42632383 -0.04427174
v -0.68798476 -0.10587497 0.05056871
v 0.33448446 0.23776282 0.22238210
v 0.12093413 -0.07508174 0.40186018
v 0.06820202 0.40299022 -0.01104552
v -0.62465262 0.05171217 0.00283199
v 0.61489260 0.19729419 -0.09862933
v -0.01895952 -0.38343269 -0.36595380
v 0.11417589 0.36426795 0.03085899
v -0.18810403 -0.31633973 0.31010577
v -0.00019016 0.28199422 0.33917975
v -0.09126379 0.12445223 0.38700929
v 0.32767272 -0.24595904 -0.29385239
v -0.27870306 -0.41322610 0.00044018
v -0.41597626 0.25508294 -0.04794125
v 0.02432611 0.12466100 0.36984956
v 0.17618477 0.35497680 -0.14342973
v 0.05588837 -0.33342177 -0.32965696
v 0.21159798 0.17077455 -0.36851805
v -0.31771424 0.29872140 -0.18058719
v -0.07447118 -0.30022609 -0.52691227
v -0.23337822 -0.45067501 -0.06260505
v 0.09755969 0.34599897 0.17645195
v -0.63141304 -0.04350118 0.05800017
v 0.17369330 0.15532072 -0.35600656
v 0.72776675 0.21652982 -0.07900611
v 0.08676669 -0.27865171 -0.45182475
v -0.46764809 -0.33646905 -0.14775947
v 0.60166574 0.02846068 -0.00132117
v 0.23326778 -0.21746226 -0.50308269
v 0.13997325 0.36805376 -0.06527248
v -0.15966925 -0.43985820 -0.16440988
v 0.08310253 0.22562039 0.35865349
v 0.17002264 0.34908342 0.06144091
v 0.29807985 0.33034766 -0.18498811
v 0.60832125 0.24130148 -0.10341007
v -0.52898759 0.26214647 0.00756317
v -0.71700710 0.14612795 -0.08375413
v -0.19224770 0.31298411 0.25688845
v 0.54690927 0.00355475 -0.15269807
v -0.37147194 -0.35581577 -0.14845537
v 0.67051667 0.02550983 0.07296270
v 0.01764019 0.20954263 0.33994046
v -0.23243931 0.33953211 -0.00263074
v 0.02437196 0.46414173 0.05091974
v -0.26691830 -0.43016469 0.16796631
v 0.22561985 0.23588359 0.26537117
v -0.15408261 0.35192207 0.09472293
v 0.44008669 0.21445853 0.12165919
v -0.12340465 -0.46590367 0.01655596
v 0.25580591 0.32493073 0.03468332
v -0.10037971 0.38466626 0.00311440
v 0.39641547 0.24505666 0.07425645
v 0.44705325 0.27728057 -0.05351445
v -0.46891862 0.06959674 -0.09444307
v -0.70069927 -0.05743320 0.03994781
v 0.66531140 0.01381422 -0.06633356
v -0.53856885 0.21462426 0.03676021
v 0.27732527 -0.12462452 -0.48516923
v 0.70932990 0.06750201 0.06253309
v -0.48135090 -0.25994489 -0.02400145
v -0.46391863 0.12123385 -0.10498160
v -0.52906871 -0.20232508 0.01175481
v 0.54504442 -0.05871366 -0.04930510
v 0.40719667 0.01907748 -0.27861506
v -0.00010051 0.45276734 -0.03277138
v -0.35762680 0.31901690 0.01259547
v 0.57008034 -0.03679556 0.03247935
v 0.67841792 0.10792127 0.03031231
v 0.06318689 0.22221687 0.34632295
v -0.26349151 0.10737768 0.40974489
v 0.57319558 0.00194933 -0.00514469
v 0.13124627 0.01376206 -0.49970895
v -0.00857668 0.42335814 -0.05751777
v 0.22385892 -0.00802152 -0.49660099
v -0.50188601 -0.23611149 -0.06119208
v 0.10838787 0.32815433 0.13439146
v -0.60146809 0.20285352 -0.02336372
v -0.35929620 -0.24480738 0.14893483
v 0.42583725 0.16020513 0.14473784
v 0.14121732 0.16637602 -0.38983330
v -0.00042465 0.03562921 -0.49122930
v -0.38332435 0.20718458 -0.18226832
v -0.47072253 -0.38477564 -0.02528584
v -0.42786625 -0.38041055 0.13282436
v 0.08819601 -0.08528921 -0.52720422
v 0.30347252 0.27946740 -0.24910499
v 0.08286780 -0.03892332 -0.53566670
v 0.11891890 0.38154471 -0.15911241
v 0.00517318 0.38814682 -0.06581324
v -0.00540474 -0.00644803 -0.53497064
v 0.06434360 0.39916536 0.02200279
v 0.13844603 0.34998062 0.03024510
v 0.40890533 0.19974038 0.15981069
v 0.55213761 -0.00329321 -0.09189196
v 0.13666616 0.16843586 -0.37681189
v 0.38318235 0.28858417 0.02378666
v 0.30216825 -0.32966086 -0.24413241
v -0.02956354 0.38030463 -0.10463041
v 0.41022152 0.24637994 0.05828193
v -0.22978537 -0.45962599 0.09831026
v -0.70006788 -0.09066135 0.05457930
v 0.28405294 -0.29142475 -0.36588848
v -0.32247937 0.32023638 0.11049470
v -0.54654139 -0.05620420 0.12598343
v 0.13764073 0.10883564 -0.45734429
v 0.07064565 -0.30065584 0.24282572
v -0.48533958 -0.29563817 0.06654865
v 0.57206172 0.14125890 -0.03747392
v -0.17157859 0.27609092 0.33563733
v 0.32378215 0.23637575 -0.24163525
v 0.08769375 -0.40163651 -0.19490524
v -0.56418687 0.23332959 0.01870191
v 0.21386337 0.17811814 -0.34277046
v -0.44251901 0.12359649 -0.02088930
v 0.20197505 0.34009230 0.05745286
v 0.01679105 -0.14781380 -0.58073378
v -0.02276815 0.37935019 -0.24951044
v -0.13157451 -0.41221637 -0.21031827
v 0.65691763 0.06273663 0.06287505
v 0.58072865 0.13313389 -0.09843279
v 0.14089079 0.38074017 -0.12455955
v -0.33033034 -0.16119558 -0.32563859
v 0.36360964 -0.02531600 -0.30658269
v 0.62891036 0.06795192 0.03018121
v 0.53705031 -0.22337487 -0.03613423
v 0.07963464 -0.06081590 -0.52429658
v 0.60708237 -0.06248502 -0.07456690
v 0.58218265 -0.12677863 -0.08352767
v 0.23311540 0.24353668 0.29264861
v 0.64355695 0.01339108 0.06989367
v 0.70725715 0.11582333 -0.06366414
v -0.00968868 -0.07425587 -0.54037100
v 0.40128481 -0.02153182 0.28912079
v -0.03264230 0.03432721 -0.50811130
v -0.46239811 -0.36948749 -0.22451790
v -0.56552273 -0.20995036 0.03657034
v -0.17880325 0.29623181 0.32862878
v 0.06302172 0.09608015 -0.46526808
v 0.16740227 -0.22024462 0.38029492
v 0.55024892 -0.14794254 0.01855962
v 0.11965057 -0.05123168 -0.51500511
v -0.54069006 0.05366793 -0.01799424
v 0.34791481 -0.28751233 0.07119477
v 0.13553888 -0.11320585 -0.54212028
v 0.36187288 -0.13151798 0.31924456
v 0.59575415 0.25100130 -0.03136724
v 0.50719249 -0.16453135 0.01699173
v 0.63524628 0.04999918 0.04892777
v 0.48713222 0.21355541 -0.14722724
v -0.04463089 0.19984575 -0.43444407
v -0.37464827 0.26608804 -0.06217675
v -0.13446867 0.33797088 0.22141880
v 0.11186099 -0.15717432 -0.54845548
v -0.64457864 -0.20525759 0.02670574
v 0.69278449 0.09041847 -0.07931513
v 0.59548211 -0.04015873 -0.14870992
v -0.31460816 0.33181500 0.15693182
v 0.67610919 0.05496101 0.04940271
v -0.55766761 -0.05899183 0.11991048
v 0.74329114 0.15343469 0.00999460
v 0.46002603 -0.22764514 0.03814049
v 0.71939689 0.07173818 0.00634987
v 0.01074207 0.41262841 -0.03253818
v 0.34040731 0.16067286 -0.35370129
v 0.58597720 0.03176126 0.02777576
v -0.39359275 0.29694998 0.03237738
v 0.09795868 -0.37038150 -0.25314718
v 0.46563992 -0.13836856 -0.18011957
v -0.07152329 -0.32314688 0.24079770
v 0.43875176 0.12946197 0.13011414
v 0.30229646 0.09276181 0.30634877
v 0.11191718 0.33520442 -0.23725541
v -0.78131664 0.10043275 -0.02301776
v -0.15444227 0.29703438 0.28634527
v -0.66854417 -0.20017684 -0.10977124
v -0.31601983 -0.39695323 0.00930509
v -0.25820619 -0.34932980 -0.40070558
v 0.49635962 0.18028167 -0.00585082
v -0.26932746 0.32186672 -0.00472602
v 0.60638523 -0.00446310 0.01613340
v 0.42739779 0.27398080 -0.14763139
v 0.00464156 0.02911839 -0.52047610
v 0.45161718 -0.23141989 0.04368498
v -0.38333148 -0.34029171 -0.01345643
v 0.25795579 -0.34512329 -0.19576037
v 0.34246638 0.25449094 0.09390002
v 0.20603114 0.15203349 -0.41948718
v -0.15262806 0.34249389 0.16102827
v -0.60666013 -0.13559301 -0.01047049
v -0.03488347 -0.22185053 -0.55091238
v 0.39578736 0.26640034 0.06108230
v 0.07431059 -0.19925790 0.39421812
v 0.05842143 -0.17909767 -0.54809904

