# https://github.com/mikedh/trimesh
v 0.61407030 0.01273675 0.03434513
v 0.66683924 -0.01514502 0.03329271
v 0.61157084 -0.06891197 0.01222587
v 0.59402728 -0.09739286 0.18490052
v 0.24913800 -0.22790402 -0.46286520
v 0.76614815 0.10651954 -0.01826981
v -0.73774254 -0.00149514 0.02762058
v -0.35869476 -0.32692271 -0.20558414
v -0.10631592 -0.32891703 -0.50019348
v -0.33093429 -0.07919420 -0.47316056
v 0.76293910 0.10909301 0.01137365
v -0.04442894 -0.37958086 -0.09159133
v 0.67124480 0.13411349 -0.00622414
v -0.68667912 -0.01387735 -0.07126209
v -0.28079641 -0.36443198 0.18704399
v 0.73341596 0.11866745 -0.02468693
v 0.62972748 0.18228300 -0.01412462
v 0.22783922 -0.27598900 0.43000093
v 0.49605072 -0.26708502 -0.26322058
v -0.38050020 -0.35439029 0.20533964
v -0.71930271 0.01395298 0.04325855
v -0.20512378 -0.37597823 0.04073378
v -0.55424541 -0.20343213 0.09610766
v 0.08344106 0.28394642 -0.42799357
v 0.20373221 0.04968362 -0.43471569
v 0.64407891 -0.02476761 0.04159978
v -0.41824636 -0.20449992 -0.30778164
v -0.27817076 -0.18009517 -0.48007599
v -0.44500762 -0.26223040 -0.15413377
v 0.67411983 -0.02561285 0.00950438
v -0.03477376 0.07007036 -0.52061963
v 0.79860246 0.19199489 -0.00772949
v 0.70052981 0.06082375 -0.00683972
v 0.63497311 0.00147909 0.00486779
v 0.36357072 -0.28329748 0.37699461
v 0.68673742 0.07245508 -0.03476787
v -0.37955326 0.33885026 0.11104140
v -0.52554196 -0.00235044 0.25374514
v 0.67777324 0.11997364 -0.02415565
v -0.42127326 -0.30983108 0.02026109
v 0.67734653 -0.00970372 0.06218040
v 0.66396624 0.05613577 -0.03546093
v 0.10163032 -0.43090481 0.05104860
v -0.14432548 -0.08928511 -0.57396269
v -0.27053738 -0.19711056 -0.55235660
v -0.38437349 0.14071615 0.25988215
v 0.79952222 0.13401432 -0.01340801
v -0.51589131 -0.14486720 -0.25926298
v 0.65486979 0.00750034 -0.01212168
v 0.06864519 0.18396211 0.43174407
v 0.15816981 0.00127929 0.47497147
v -0.40564430 -0.30982107 0.00825406
v -0.76582563 0.15248041 -0.01094072
v 0.11084256 -0.19582558 -0.52558279
v 0.77537549 0.09812896 -0.00438660
v -0.46719819 -0.16348627 -0.40307683
v -0.22406423 -0.39810494 0.05724657
v -0.51502734 0.11811888 0.06238744
v -0.64665598 -0.04747862 -0.17508805
v 0.60051727 -0.11042127 -0.09324702
v -0.49590346 -0.30283880 -0.03180766
v -0.17362863 -0.33382177 -0.35351571
v 0.10810035 0.12580407 -0.48596081
v 0.62652636 -0.03047553 -0.00834949
v -0.74674195 0.01364471 0.03571891
v -0.14632487 0.25410569 0.33192623
v -0.49601203 -0.30162922 -0.13741562
v 0.76866335 0.12683330 -0.01302121
v -0.29016313 -0.28516379 -0.29084948
v 0.66965228 -0.00290284 0.03663909
v 0.28233773 -0.35523927 0.36452857
v 0.68986183 0.01760930 0.03897470
v -0.44506198 -0.29841387 0.08823970
v -0.05365003 -0.37726739 0.14349467
v -0.27642441 -0.30547267 0.30013794
v -0.24873151 -0.36696482 -0.02979049
v -0.65681660 0.04951110 0.02915967
v 0.76735502 0.13198511 -0.03153061
v 0.56764501 -0.13626790 0.08404180
v 0.57509494 -0.01380580 -0.10498498
v 0.12264511 -0.34501702 0.35664243
v -0.43771237 -0.24976784 0.30841678
v 0.48733532 0.24755408 -0.07534201
v -0.14375709 0.39187410 0.15469584
v 0.14674684 0.11170690 -0.47403514
v -0.30035296 -0.28223008 -0.37923637
v 0.72028673 0.09479381 0.02070965
v 0.44334218 -0.21293864 0.29993400
v 0.50186747 0.02188498 0.22569025
v 0.79333860 0.11238915 0.03544527
v -0.73631924 0.13229467 -0.00593981
v -0.12414834 0.34261903 0.19624305
v 0.00314000 -0.03019381 -0.53370517
v -0.04140604 0.11373481 -0.50757825
v 0.68433267 0.02085994 0.01829116
v 0.61217713 0.05328882 0.10214603
v -0.74776876 0.00306634 0.02373211
v -0.00980375 0.00969987 -0.55822265
v 0.69371951 0.02526353 -0.03472013
v 0.66351938 0.00583068 0.04341143
v 0.62192357 0.03256170 0.03487271
v 0.01899487 -0.33579689 -0.40210974
v -0.24685144 -0.07168303 -0.47002500
v 0.67002738 0.00544554 0.01694575
v -0.37201068 0.21549813 0.13784197
v -0.02638757 -0.22357593 0.52200079
v -0.38824576 0.14777815 0.24679604
v 0.79571939 0.15811774 0.00755791
v -0.52387190 -0.22394311 -0.06743538
v 0.33992514 -0.36680838 0.21984509
v 0.47329777 0.22149654 0.12725917
v -0.71332586 0.02252138 -0.05274028
v 0.74463516 0.10902214 -0.01147671
v 0.63305414 0.09959085 0.11887598
v -0.03559010 0.19068976 -0.45200312
v -0.74159777 0.17225301 -0.01598386
v -0.55368108 0.16669182 0.10839041
v -0.12996969 -0.39304727 0.24088991
v -0.65782356 -0.11992452 -0.02230912
v 0.07193421 0.24293293 -0.42138660
v 0.58818352 0.00949966 -0.07937887
v 0.04943741 -0.36770728 -0.39242351
v 0.56476152 -0.13205673 0.10789627
v -0.27608964 -0.37223700 -0.00252622
v 0.64977419 -0.03223825 -0.02578476
v 0.73149621 0.17194493 -0.01887149
v -0.34494540 -0.34760028 -0.15477684
v -0.49184370 -0.15515473 -0.37573743
v -0.48633277 -0.29321402 0.13064072
v 0.70216662 0.06140260 -0.01902825
v 0.32435286 -0.17274837 0.45557123
v 0.61086804 0.07154147 -0.02773266
v 0.64000356 0.02218131 0.14995860
v -0.29006639 -0.35774484 -0.20012057
v -0.65066361 -0.11642209 -0.05502072
v 0.17119616 0.20270234 0.44673443
v 0.73660278 0.05140422 -0.00737920
v 0.36340642 -0.39935845 -0.12524727
v 0.63477957 0.01130359 -0.00712144
v 0.68523079 0.03222672 -0.00029479
v 0.30066991 -0.35956287 -0.44391096
v 0.60254395 -0.07614471 -0.01846559
v -0.03084099 -0.27706665 -0.45580187
v -0.36351198 -0.10620294 -0.38254383
v 0.29506105 -0.04665859 0.44817206
v -0.46485814 -0.26310956 0.02328914
v -0.49604148 -0.24638075 -0.03350139
v 0.79689598 0.14913969 -0.00292403
v -0.65917277 0.17396624 0.01029499
v 0.60185605 -0.05902936 0.05236609
v 0.62811309 -0.02508160 0.00038143
v 0.65667701 -0.02049638 0.03493711
v -0.59264278 0.01099620 0.14174728
v 0.69920242 0.09029339 -0.01957230
v -0.29606402 -0.11103014 -0.44233623
v -0.69242221 -0.02542539 -0.02084431
v -0.35229197 -0.36293453 0.05449365
v 0.62579596 0.05746967 0.06683454
v 0.55906916 0.22054045 -0.05036969
v 0.07644007 0.21534464 0.45033869
v 0.71116608 0.01908180 0.04725963
v 0.69239742 0.04208738 0.00280095
v -0.02380720 0.32462835 0.36190850
v 0.64563906 -0.03579762 0.03609931
v 0.77121365 0.08028647 0.01550010
v -0.72537655 0.05640316 0.00954302
v 0.67459083 0.02421841 -0.01538092
v 0.08026418 -0.44605774 -0.15573153
v 0.68321443 0.01566692 0.02725913
v 0.06366980 -0.07765362 0.50786763
v -0.56889880 -0.14743872 -0.18327957
v 0.60217160 0.02760367 0.14847642
v 0.67153621 0.07561358 0.11893704
v -0.34427506 -0.26272428 -0.31302428
v 0.63494182 0.08095744 -0.05624983
v 0.33165669 0.30635712 0.27571782
v -0.55866110 -0.12918246 -0.25418743
v 0.67891216 -0.00436080 0.03599608
v 0.80247271 0.16583267 0.00958152
v 0.16253030 0.16284914 0.44084749
v 0.74993497 0.07315526 -0.00312024
v 0.69734097 0.09597148 0.03243926
v 0.69121063 0.01614058 -0.00191766
v 0.53299993 0.08772153 0.09665084
v 0.75438213 0.17814685 -0.01741689
v -0.44070497 -0.28899381 -0.23303005
v -0.39128533 0.10940288 0.24345553
v -0.56073433 0.00530311 0.17546998
v 0.71111828 0.07805504 0.01219504
v 0.58974552 -0.09768359 -0.01618829
v 0.71715236 0.03172743 0.01740046
v -0.59651530 0.02852304 -0.19784856
v 0.22579855 -0.28797653 0.40930372
v -0.45969447 -0.25564978 -0.13279578
v 0.62968630 0.02242044 0.03010789
v -0.33229846 -0.35266754 0.26963502
v 0.62665057 0.03028739 0.02480811
v -0.35319450 -0.37836701 0.14791766
v -0.29557377 -0.22792707 -0.49837407
v -0.63167000 -0.11082491 -0.00940120
v 0.07479727 -0.39274126 0.25355166
v -0.10013138 -0.39834824 0.06538527
v -0.37621081 -0.32370540 -0.00428104
v 0.68397897 0.06676538 0.03767943
v -0.25048333 -0.33610880 -0.22678396
v 0.39872605 0.12120172 0.31660372
v 0.25650448 -0.34913307 0.27469683
v 0.57926399 -0.14200553 -0.05922645
v 0.71162951 0.01368785 0.03262284
v 0.64329946 0.04149244 -0.04424550
v 0.72565591 0.06376723 0.00226733
v -0.34557486 -0.30937511 0.29719868
v -0.33419979 -0.30054739 0.39174670
v 0.46452057 -0.06076685 0.31263757
v 0.33832094 0.32095036 0.25725001
v -0.57122004 -0.16602571 -0.01231295
v 0.76411062 0.12832345 0.00078608
v -0.31991035 -0.37927544 -0.02272724
v 0.74049497 0.11691849 -0.02379202
v -0.16392671 -0.41015166 0.09444807
v -0.05204266 -0.14920999 -0.58401322
v 0.66389024 0.00811537 -0.00266483
v -0.10257620 -0.38990992 -0.39977202
v -0.69884241 0.08345483 0.01206699
v 0.76438332 0.06051862 0.01051438
v -0.18409833 0.16761780 -0.50727034
v 0.48659170 -0.06367424 0.26402554
v 0.71338999 0.03123176 -0.01202106
v -0.77324653 0.08954255 0.02935003
v 0.44968140 0.06308164 0.24948278
v 0.05665934 0.27181947 0.41872364
v 0.66557246 -0.00215036 0.01638290
v 0.53783977 -0.07729918 0.23630291
v 0.68073499 0.04159442 0.01585771
v 0.68570781 0.01943838 0.02023657
v 0.76464266 0.07001106 0.03534183
v 0.58500600 -0.06107196 0.06613856
v -0.09039757 -0.31412590 -0.49503836
v 0.34802532 -0.35175234 0.21530566
v 0.61982298 -0.02846059 0.00086701
v 0.13355224 0.12363553 -0.49108776
v 0.59586108 0.03923175 -0.03169441
v -0.42300814 -0.19661453 -0.27004665
v -0.01674557 0.04091150 -0.61424047
v -0.43826324 0.09778894 0.15074053
v -0.40404803 -0.31645727 0.11149888
v -0.37658659 -0.35755181 0.19905636
v 0.57539082 -0.07308450 0.19612226
v 0.02056584 -0.16881041 0.51671326
v -0.08437020 -0.35715544 0.16284841
v 0.18478368 0.12517269 -0.45003447
v 0.64392030 0.08564435 0.05856922
v -0.20880416 -0.28711483 -0.37919694
v -0.17616712 0.37249839 0.24257633
v 0.41675529 0.20948453 -0.06270285
v 0.57074124 -0.07816102 -0.06092808
v 0.66976255 0.15090415 -0.02570131
v 0.63755774 -0.01975612 -0.00412747
v 0.65582430 -0.00080648 -0.01636276
v 0.50826365 -0.06977476 0.27853689
v -0.21615544 -0.39086407 -0.22093704
v 0.79249269 0.17770943 -0.02245821
v -0.34105286 -0.30351496 -0.24940446
v 0.56089199 0.07820601 -0.05340910
v 0.78142411 0.18141416 -0.01723475
v 0.70990670 0.08147429 -0.01831481
v -0.45912376 -0.30357477 -0.10022953
v 0.74306285 0.04861007 0.02180797
v 0.11416659 -0.00058673 -0.51758218
v -0.07541064 -0.10866884 -0.63335085
v 0.77614552 0.12586911 -0.00501439
v -0.46539581 -0.27679634 -0.02259445
v -0.30012551 -0.29445091 0.34852090
v 0.23523346 0.02239492 0.47705355
v -0.22189485 0.10133325 -0.56338131
v 0.58353007 -0.08996034 -0.02057181
v 0.68595123 0.06714870 -0.02069476
v -0.22694111 -0.36453170 -0.33649775
v -0.67588866 0.11907303 0.03343943
v -0.65775812 0.12996660 0.03886258
v -0.64923006 -0.05198412 0.04015064
v 0.66459656 -0.02291903 0.02869090
v 0.45412582 -0.29958510 -0.22068736
v -0.65760642 -0.17312242 -0.10301723
v 0.25124100 -0.28194171 0.40111461
v -0.55995309 -0.17618962 0.03830791
v 0.68461859 0.05204114 0.00626585
v -0.05949926 0.31247458 -0.25247666
v -0.27813861 -0.36223686 0.27770653
v -0.51520890 -0.25955757 0.05162031
v -0.13059986 -0.36841530 0.21248269
v 0.61564517 0.07933444 -0.06648096
v -0.55617929 -0.05540846 0.32178620
v -0.07278293 -0.21501228 -0.54894179
v -0.17053631 -0.31737679 -0.36452633
v 0.71347803 0.03534913 0.01875889
v 0.67464316 0.14753285 -0.11070139
v 0.38964203 -0.33106118 0.30172762
v 0.65007728 -0.00074004 0.02339986
v 0.04531193 -0.14511657 -0.53736687
v 0.71566916 0.06026335 -0.00101766
v 0.21508901 0.15653816 -0.38344771
v 0.65763581 0.00279078 0.00041496
v 0.65410709 -0.20138700 0.03473768
v 0.69087601 0.04833880 0.00991800
v 0.27133116 -0.35614818 0.30439395
v 0.33806601 -0.23153800 0.40071961
v -0.41290402 -0.23128757 0.19923365
v 0.77727079 0.17773864 -0.02564143
v 0.66923225 0.05356612 0.04830313
v -0.51937318 -0.24683103 -0.04656389
v 0.55600512 -0.09891137 -0.00088571
v 0.03636365 -0.32898772 -0.46868724
v -0.33130151 -0.37422252 -0.08027862
v -0.14040765 -0.21279965 -0.47055364
v 0.16214311 0.20356771 -0.36098689
v 0.30028322 -0.23946849 0.48747140
v -0.46967334 -0.29165849 -0.13619113
v -0.64653361 -0.10034288 -0.01815769
v 0.70615375 0.01500648 0.00709650
v -0.37276745 -0.28002957 -0.31870553
v -0.35408643 -0.06419805 -0.46201444
v 0.67501211 0.02690119 0.03234391
v -0.83168155 0.11551072 0.00381593
v 0.54713905 0.23976375 -0.12082442
v 0.49015734 0.08704434 0.20585003
v 0.74922007 0.12098325 -0.01650297
v -0.69132495 -0.00736383 -0.02318174
v -0.36210829 0.19108732 0.23569971
v 0.64696556 0.02085218 0.06924275
v 0.80721337 0.11341787 0.01287055
v 0.42723259 -0.07841662 0.36154574
v -0.47166598 -0.29709706 0.03531949
v -0.41382793 0.26047364 0.08928433
v -0.46865460 -0.18204884 0.31747118
v 0.81114995 0.12955269 0.01649565
v 0.64807951 -0.09043314 0.12160426
v 0.37663877 0.18370298 0.23268743
v -0.29700863 -0.39342570 -0.01628610
v -0.43433633 -0.29884931 -0.12730843
v 0.64896190 0.15693001 -0.12131873
v 0.25179416 -0.33816120 0.30624241
v -0.60517013 -0.13142624 0.01988024
v 0.63771546 -0.00809900 0.02828741
v 0.02308726 -0.35356724 -0.32598701
v 0.68918389 0.02564528 0.01350558
v 0.61509567 0.11721937 0.01232448
v -0.02350324 -0.39410782 0.16954014
v 0.80054063 0.13936737 0.02561271
v 0.67612994 0.08961082 -0.01770496
v -0.34351340 -0.34966964 -0.13352394
v 0.74322176 0.04577757 0.03703713
v 0.51677209 -0.15018256 0.25706708
v 0.52129942 0.05034220 -0.10016924
v 0.62236381 -0.02757031 0.03930511
v 0.46652412 -0.38271537 0.10782932
v 0.03203948 0.22993705 -0.49132955
v 0.15384534 0.13824730 -0.46971112
v 0.78455955 0.12947227 0.03521886
v -0.39509577 -0.33318278 -0.11159882
v 0.57439983 -0.05714442 -0.03377771
v -0.20321901 -0.38676041 -0.06540421
v 0.20924541 -0.10352795 0.49356076
v 0.72727442 0.15396883 -0.01137078
v -0.43252528 -0.32078743 -0.03793187
v 0.67342246 0.08252887 0.02886575
v -0.45791769 -0.06395902 -0.32050386
v -0.62913966 -0.18158725 -0.05816250
v -0.44541159 -0.31749010 -0.15269610
v 0.56254828 -0.09772733 0.17240080
v 0.73918843 0.07638776 -0.01529201
v 0.10911962 0.28301525 0.32906196
v 0.58029199 0.16593969 -0.01764670
v 0.72504878 0.08234288 -0.02133182
v 0.28932703 -0.10666952 -0.46237290
v 0.70794654 0.01351875 0.04042783
v 0.70321357 0.06326674 -0.01098776
v 0.76417673 0.11890890 -0.00273585
v -0.42801857 -0.32835925 0.12786752
v 0.73548722 0.10206812 -0.02207112
v 0.03744327 0.00127219 -0.54917908
v 0.10165323 -0.18003845 -0.52276421
v -0.45666292 0.15724736 0.15151115
v 0.15166819 -0.42978370 -0.07694528
v -0.39528924 -0.34565952 -0.25732929
v -0.58757764 -0.19709852 -0.01353326
v 0.67882651 0.08867279 -0.02668134
v 0.38825819 0.24087989 -0.03076786
v 0.64658958 0.02890586 0.05242872
v -0.75853592 -0.03817235 -0.01281559
v -0.27392495 -0.36456129 0.11646876
v 0.68871975 0.03826619 0.03997183
v -0.34614870 0.07344355 0.27327284
v -0.65345907 -0.07619189 0.01356485
v 0.06936270 0.09127948 -0.49898398
v 0.72710508 0.05626488 -0.00618723
v -0.22806042 -0.35723683 0.29239422
v 0.68236804 0.01512930 0.03078536
v 0.66702569 -0.02239868 0.05087370
v -0.45988423 -0.20649068 -0.25506005
v 0.57318485 0.06000661 -0.06094185
v 0.45245388 0.13515884 -0.14585063
v 0.79481834 0.16252744 -0.03001568
v 0.74281013 0.09394801 -0.00856115
v -0.72882092 -0.06568964 0.04268119
v -0.10100207 -0.11605392 -0.57607967
v -0.36074504 -0.35053983 0.10267483
v -0.67263353 -0.07732553 0.03251576
v 0.76663440 0.10496588 -0.01740906
v 0.00408633 0.15100139 -0.51886153
v 0.63715714 0.06576818 -0.01434068
v -0.33523697 -0.35600060 0.02373718
v -0.27822903 -0.38065055 -0.05988288
v 0.70731163 0.05014109 -0.01295478
v 0.78569692 0.15757902 -0.00747119
v -0.03448230 -0.15251720 -0.55211401
v -0.57642174 -0.23369306 0.17222650
v 0.21417946 0.07616392 -0.45129347
v 0.63096064 -0.04553565 0.08845356
v 0.29707557 -0.15586562 -0.47546345
v -0.56361085 -0.14502573 0.03417712
v 0.16690648 -0.08793861 -0.50900626
v 0.20367154 0.08015017 -0.44525212
v 0.73016775 0.04902934 0.01986399
v -0.12634964 -0.16578241 -0.60937476
v -0.05928125 0.09550144 -0.60136044
v -0.75965500 0.09229101 0.04412687
v -0.33982041 -0.35028273 0.16821796
v 0.71340239 0.06897622 -0.01178873
v 0.47856864 0.04388207 0.25077337
v 0.28550804 -0.04508073 0.43652672
v 0.64825755 -0.00083552 -0.00671930
v 0.78148502 0.12636691 0.01127581
v -0.27209970 -0.37567714 0.07474646
v -0.17196396 -0.35774809 -0.30264777
v 0.61217105 -0.20731382 0.05026672
v 0.64184499 0.01126941 -0.01682080
v 0.69353044 0.04067317 -0.02460098
v 0.43485677 -0.18497100 0.34475535
v 0.56831801 -0.25879171 0.02878142
v -0.34512502 -0.31466293 0.02289178
v 0.22140199 -0.16025595 0.46849072
v -0.27890295 -0.36306053 -0.16693750
v 0.72265661 0.06379575 0.00304672
v 0.73836672 0.09485541 -0.03355773
v -0.66666180 0.00129037 -0.07558945
v 0.75083965 0.10668640 -0.03627692
v 0.58450598 0.24651344 -0.05332903
v 0.13883899 0.08509563 0.49400356
v -0.29261768 -0.30417052 -0.32673734
v -0.40982577 -0.32899964 -0.00455502
v 0.56812829 -0.00382735 -0.10009932
v 0.42641336 0.06339146 0.27695924
v 0.74781412 0.09703355 -0.01071287
v 0.55913466 0.23183674 -0.09302896
v 0.56223625 0.09623524 -0.05391562
v -0.68257689 0.02208133 0.02499756
v 0.57180476 -0.13056614 0.07041083
v -0.47760683 -0.14772573 -0.26250556
v 0.14913386 0.15876320 -0.42200124
v 0.45130935 0.30254126 -0.01411226
v -0.71381384 0.16702166 -0.02773139
v -0.33520451 -0.34439397 -0.01995167
v -0.14431369 -0.40313658 -0.25890097
v -0.45514676 -0.25295928 -0.21098226
v 0.30947310 -0.32027507 0.38616949
v 0.69931191 0.10339007 -0.01292984
v -0.10564587 0.20363465 0.38973457
v 0.69989789 0.07016997 -0.01889446
v -0.42163491 -0.34925199 -0.00261500
v 0.28955695 -0.23632829 0.45095363
v 0.57765502 -0.11862257 -0.11703241
v 0.55079639 0.05935483 -0.09951460
v -0.22556829 -0.33469063 -0.27863383
v 0.15066867 0.27259025 -0.34895667
v 0.10906991 0.28388521 -0.37087959
v 0.23269741 0.27110374 0.23813000
v -0.41277468 -0.29793584 0.18783730
v -0.05181530 0.00885329 -0.56535649
v -0.10691442 -0.42636335 -0.18477041
v 0.69192827 -0.01304170 0.02213043
v 0.78927159 0.09155762 0.01348022
v 0.63370430 -0.01270816 -0.02852401
v -0.43515462 0.23570514 0.10420989
v 0.68209660 0.07142679 -0.02395421
v 0.57031798 0.13419175 0.10666636
v -0.37204209 -0.30083960 -0.00553833
v 0.48271281 -0.02030515 0.25763077
v -0.14920694 -0.34367374 -0.32882163
v -0.32659298 -0.29552805 0.32136843
v 0.02953462 0.26376089 0.42512316
v -0.69023860 0.00328352 0.04336683
v -0.25939253 -0.24237461 -0.46146289
v 0.56281340 -0.07221651 -0.05338800
v -0.22852463 -0.32493222 -0.29709914
v -0.63021380 -0.15963656 0.03725208
v -0.19978738 0.32204247 0.13450459
v 0.72616684 0.08166667 -0.05361864
v 0.63119256 0.04159255 0.03995028
v 0.24831440 0.06888239 0.42762059
v 0.44864157 -0.10225925 0.32237250
v -0.10808107 -0.10862213 0.43454185
v 0.70256841 0.04131262 0.03945453
v -0.51478565 -0.24362364 -0.17634183
v 0.77340221 0.12696627 -0.00751854
v 0.18247499 -0.03844133 -0.49462202
v -0.56273943 -0.18227446 0.01866973
v 0.62233245 -0.04426600 0.00463617
v -0.48027331 -0.25876814 -0.00550613
v 0.73477614 0.05568455 -0.00364608
v -0.21983534 -0.27186963 -0.48396221
v 0.67588168 0.02509294 -0.02544751
v -0.51880503 -0.19721907 -0.14460918
v -0.47038627 -0.22089723 -0.13033491
v -0.53781265 -0.26102090 -0.03197801
v -0.76541227 0.07534488 0.00809021
v -0.39154896 -0.31625104 -0.08689857
v -0.58537024 -0.11547145 -0.19366133
v -0.41186088 -0.30900478 0.28480411
v 0.20579907 -0.34221983 -0.46863669
v -0.12122941 0.38262793 -0.08618728
v -0.39413610 -0.27084607 -0.22576070
v 0.74855328 0.17368273 -0.01337498
v -0.09682307 -0.30417448 -0.45657972
v -0.27090293 -0.38372645 -0.07797031
v -0.10977882 -0.40628713 -0.18252265
v 0.33293426 0.23421262 -0.11645822
v -0.74944413 0.08546349 0.01718666
v -0.44130793 -0.27148032 -0.08420840
v -0.37946784 0.29937723 0.02805243
v -0.06271654 -0.29143661 0.46066681
v 0.70815420 0.11117010 -0.05768111
v 0.52454954 -0.28945357 0.12694770
v -0.44992268 -0.28538546 0.09478718
v 0.00033218 -0.36251128 -0.39964786
v 0.72999686 0.08061888 -0.01547199
v 0.71933365 0.06701418 -0.01246446
v -0.19451737 -0.40726307 0.02256984
v 0.65443891 0.05910613 -0.10916557
v 0.70201063 0.06204138 -0.02088829
v 0.65788066 0.02310684 -0.01581763
v 0.17499299 0.29541260 0.38769269
v 0.68560898 0.02902153 0.03642204
v 0.68924701 0.11190006 0.01524597
v -0.31044000 -0.36468482 0.06576938
v -0.42382562 0.12235997 0.24586494
v -0.42558941 -0.17698815 -0.31821948
v 0.69692576 0.08910860 -0.00529656
v 0.65661091 0.01399750 0.00506164
v 0.80258024 0.20316784 0.00130951
v -0.66323942 -0.08393906 -0.00740217
v -0.10802898 -0.38465339 -0.33185956
v -0.50210345 -0.24804430 0.08194113
v 0.77749157 0.14481509 -0.02680951
v 0.20850918 -0.35599077 0.30557168
v 0.71674418 0.06632678 -0.00683635
v 0.66239929 0.06255993 -0.00852641
v -0.30372566 -0.24863285 -0.37121716
v 0.70016724 0.04590181 -0.02993003
v -0.60310137 -0.11413130 0.18697566
v 0.29507989 -0.03981037 -0.40336245
v -0.30754781 -0.35084486 -0.19352636
v 0.66438484 0.07656080 -0.01185161
v 0.57631952 -0.06957397 -0.07201624
v 0.75515938 0.11637296 -0.03387356
v -0.12813446 -0.16250591 -0.61029500
v -0.11544546 -0.23031074 -0.47230691
v 0.32772106 0.07850150 0.40138298
v -0.29464239 -0.09089714 -0.46559137
v -0.01650096 -0.37995496 0.27951172
v 0.66872478 0.04987124 0.01325643
v -0.25004536 -0.38372147 0.12005066
v -0.10695346 -0.22238472 -0.55722523
v -0.03102684 0.29048342 0.32524011
v 0.41930869 -0.24018389 -0.31849778
v 0.79670614 0.18556680 -0.00549993
v 0.12738217 0.07068885 -0.48800144
v 0.45512578 0.30413967 -0.11458614
v 0.73987234 0.05595711 0.01908338
v -0.71961743 -0.03767743 0.02015355
v 0.10756639 -0.37145716 0.28563735
v 0.71179903 0.04869581 0.00897287
v 0.02933431 -0.09132613 -0.57087404
v 0.43303698 -0.09883103 -0.24888524
v -0.38766512 -0.34748399 0.20650959
v -0.30264682 -0.38209820 0.03171704
v 0.75310314 0.11542438 -0.00492832
v 0.21989794 0.13653462 -0.40552017
v 0.73439288 0.09870711 -0.02369013
v -0.09271088 -0.38064006 -0.20382100
v 0.67634970 0.07456265 -0.02202386
v 0.62629426 -0.00262310 0.01228888
v 0.13925277 0.18654273 -0.47281590
v -0.25613618 -0.34827045 0.15275136
v -0.67291445 -0.15311433 -0.06095571
v -0.26909432 -0.38090348 0.10605556
v 0.77183080 0.11934391 -0.00249812
v 0.71016657 0.15194833 -0.01775385
v -0.22482990 -0.37286413 0.14831710
v -0.13096413 0.29234731 -0.38652536
v -0.03415769 0.01845697 -0.52779114
v -0.35352063 -0.29987416 -0.23650059
v 0.76714873 0.11680223 -0.01702654
v 0.04107465 0.11916317 -0.53253025
v 0.70072770 0.03838574 -0.04286320
v 0.14562191 -0.23389967 -0.49170718
v 0.04945573 -0.31622744 -0.45191139
v 0.56434453 0.05449381 -0.04843253
v -0.69218653 -0.03702527 -0.01162013
v 0.25796205 -0.25690940 -0.41450730
v 0.04617408 0.35468858 0.30122197
v -0.20146126 -0.32843691 -0.31916356
v 0.72330964 0.09110074 -0.04105955
v 0.31551242 -0.40548533 -0.14756587
v -0.02955574 0.11849488 -0.54493213
v 0.67872977 0.10174759 0.00306380
v -0.39222509 -0.36931008 -0.06147867
v -0.57673419 -0.19652766 -0.16042721
v -0.53661609 -0.21599431 0.02222326
v -0.27125928 -0.35514897 -0.20430759
v 0.75994694 0.06685233 0.02389246
v 0.46450463 -0.03865547 0.29203209
v -0.09044944 -0.37899154 0.01955909
v 0.57997525 0.08011559 0.13585895
v 0.17514364 -0.24358714 0.46683422
v 0.71302378 0.05681467 -0.00619873
v 0.21668194 0.20630884 -0.35054171
v -0.33526748 -0.37056828 -0.17705107
v -0.47875544 -0.26688796 0.04458000
v 0.56909096 0.13374005 0.08717462
v 0.75122875 0.13257921 -0.01591282
v 0.75177026 0.11405842 -0.02892818
v 0.70265949 0.04703071 -0.00644642
v -0.35110915 0.04065561 0.28633308
v 0.04453769 -0.14440724 -0.55644542
v -0.36166131 -0.30739233 -0.23316386
v 0.26551259 0.27236509 0.29854912
v 0.20213877 0.27764186 -0.39312023
v -0.21552141 -0.17035529 -0.50547892
v -0.63002157 -0.08210844 -0.16736212
v -0.06342837 -0.24764979 -0.48728740
v -0.75870854 0.04181367 0.00371552
v 0.80952126 0.17289580 0.00866625
v 0.01294453 -0.41937929 0.02370372
v 0.27939808 -0.34359717 0.31799072
v 0.58599091 -0.06588016 0.03987885
v 0.63902712 -0.01093642 0.00403324
v 0.59490985 -0.04798439 0.04420078
v 0.17370102 -0.39867955 -0.35168311
v -0.09862170 -0.38966167 -0.12376374
v -0.23849383 -0.28022358 -0.35142288
v 0.75430453 0.20295767 -0.02285251
v 0.25120187 -0.44324088 -0.21248055
v -0.72580653 0.17677364 -0.01065458
v -0.06715938 -0.26188579 -0.49202970
v 0.54196548 0.28467059 0.01254884
v 0.72682089 0.05607000 0.00324899
v 0.66017985 0.02096500 0.02311027
v 0.69652236 0.04820147 0.01325163
v 0.71682233 0.11157975 -0.02260303
v -0.55018198 -0.17203946 0.01244791
v 0.51458454 0.11246838 -0.13890126
v 0.26332420 0.01581113 0.47810164
v 0.79958290 0.19329159 0.00115672
v 0.32353395 -0.03696921 0.41975167
v 0.77999848 0.15347923 -0.03058865
v -0.58376598 -0.14960967 0.07319501
v 0.67334962 0.07508861 -0.02429169
v 0.16926062 -0.02295663 -0.50174177
v 0.58726132 -0.12919083 0.00819325
v 0.69067371 0.05044185 -0.00553349
v -0.31166482 -0.34564596 -0.16530773
v -0.68004555 -0.11737254 0.02408931
v -0.48207811 -0.28940028 0.05374376
v 0.52594829 -0.01635478 -0.09789079
v -0.54797739 0.01513078 -0.32698429
v 0.78673178 0.16273683 0.00005928
v 0.33029255 0.10017546 0.41772982
v -0.37055030 -0.31997579 -0.13122877
v 0.08395107 0.06417931 -0.51436734
v 0.12850037 -0.27187106 0.46373731
v 0.59052622 0.04053228 -0.03959247
v 0.68635148 0.01645924 0.03220102
v -0.42258936 -0.05468710 0.29937053
v -0.68024492 0.07773465 0.05089615
v -0.04914999 -0.38223302 -0.36261278
v 0.12435446 -0.36190793 0.33574927
v -0.71455729 0.04210892 0.04424402
v 0.79162586 0.11501904 -0.00237933
v -0.49851874 -0.27146462 -0.08171687
v -0.40280628 -0.27735516 -0.33492815
v -0.33577764 -0.33596835 -0.20465714
v 0.69266939 0.03396869 0.01076803
v 0.41417381 -0.20873696 0.35403818
v -0.46163651 -0.12648258 -0.30559379
v 0.79979396 0.13055246 0.01465404
v 0.21342228 0.36977586 -0.12513262
v -0.41610399 -0.27348408 -0.22590128
v 0.73352265 0.08555744 -0.01418333
v -0.45014343 -0.32361513 -0.14303729
v 0.72811037 0.10833207 0.00502966
v 0.70674986 0.06531093 -0.02903959
v 0.69864559 0.16007854 -0.00336283
v -0.44388074 -0.25006497 -0.12528282
v -0.30524394 -0.38948953 0.13692012
v -0.30953589 -0.29888594 -0.29810005
v 0.79826623 0.17816921 -0.01207530
v 0.01558447 0.21741955 0.41861439
v -0.41056681 -0.30910140 -0.00681372
v -0.11158571 -0.40482178 -0.20547807
v -0.23110843 -0.37599397 -0.23630023
v 0.78128713 0.11889569 0.00792493
v 0.67273486 -0.01915017 0.03243145
v -0.36066192 -0.35052752 0.29591346
v 0.68572021 0.01041302 -0.02869791
v -0.39829886 -0.34010500 0.19831133
v 0.76081032 0.06766257 0.02267808
v -0.23072281 0.05941893 0.43227431
v 0.57778358 -0.08574624 -0.03816670
v -0.45247886 -0.28322688 -0.09696987
v -0.45546266 -0.28139839 -0.00412819
v -0.03685710 0.11257721 0.45073599
v -0.66367000 -0.09863250 -0.11362770
v 0.72751683 0.09942469 0.00006258
v -0.53349519 -0.15796664 -0.20736030
v -0.68593735 -0.09005249 -0.08948964
v 0.76031756 0.11939265 -0.02776366
v -0.09399369 -0.37531471 -0.35222930
v 0.74679565 0.09777004 -0.01987670
v -0.22768851 0.16556188 0.37739131
v 0.11369187 -0.38117599 0.29779795
v 0.61569715 -0.02839038 0.06204697
v 0.68644243 -0.10640433 0.01383729
v 0.80568916 0.17703198 0.00172758
v 0.28482437 -0.16821076 0.44646430
v -0.42097828 -0.32282388 0.06210199
v 0.14440823 -0.43273649 0.07062896
v -0.28506953 0.23107229 0.19652453
v 0.78388625 0.08758032 -0.00028324
v 0.71262801 0.10320204 0.00310609
v 0.79507703 0.18511270 -0.01663163
v 0.78946447 0.13882813 0.00769216
v -0.23208652 -0.38052243 0.09001556
v -0.22857076 -0.26083565 -0.43580016
v -0.37579054 -0.27241716 -0.24790123
v 0.53245467 -0.13615613 -0.20417422
v -0.60600704 -0.14546840 -0.04163179
v 0.52723634 0.13882934 -0.09758633
v 0.17719735 0.02528883 -0.46197170
v 0.56990916 -0.00272205 -0.02401856
v -0.34048861 -0.34761286 0.00068745
v 0.49641567 0.13666695 -0.24500480
v -0.29398444 -0.30542904 -0.29132810
v 0.65765601 -0.02883549 0.06647456
v 0.36704791 -0.26835933 0.34048948
v 0.67956161 0.05427083 -0.01885631
v 0.77900487 0.16977188 -0.03411433
v -0.58120620 -0.14712282 -0.00820132
v -0.02294451 0.02732879 0.50690353
v 0.43681720 -0.22499385 0.30989370
v 0.22048041 0.04655189 -0.44589230
v -0.31044158 -0.36429000 0.03517222
v 0.72651529 0.16282751 -0.01415943
v 0.75924695 0.11784640 0.00366908
v 0.46221840 -0.28858453 0.33137023
v 0.61437106 -0.24442084 0.08658211
v 0.37005615 -0.32176375 0.33421287
v 0.54584700 -0.13987699 -0.07982196
v 0.07036474 -0.38015428 0.25659639
v -0.19614673 -0.38113910 0.11429864
v 0.45009845 -0.29759985 -0.23450555
v 0.23046012 -0.36821848 0.30173808
v 0.63227773 0.06104073 0.00513047
v -0.58365607 0.06339943 -0.26455858
v -0.18939742 0.31320462 0.19175436
v 0.48083836 -0.05453148 0.26987529
v 0.77777445 0.09781596 0.02133873
v -0.70138544 0.10384084 0.00470139
v -0.27934104 -0.38671720 0.02759822
v 0.72034103 0.18051831 0.00007537
v 0.64267540 0.07443307 -0.03579649
v 0.23184086 0.25605035 -0.23948488
v -0.52500397 -0.22338316 -0.09213778
v 0.68974662 0.00028142 -0.00542173
v -0.37513173 -0.31174961 -0.20392597
v 0.68915272 0.02142668 0.02944733
v -0.27820373 -0.31409186 0.25597262
v -0.39715391 -0.33234316 0.25695515
v 0.62829328 0.06207756 -0.04202014
v -0.32832968 -0.33363804 -0.21249050
v 0.18604922 0.29869595 -0.27828085
v -0.05540840 -0.04344006 -0.58166993
v -0.09425363 0.34769958 0.22283557
v 0.41920170 0.15917268 0.25223428
v 0.70033741 0.06435257 -0.00586934
v 0.09896576 -0.00531026 -0.51213372
v -0.62795413 0.19865209 0.00993602
v -0.29197627 -0.37776497 -0.17503288
v 0.65674841 0.09226508 0.04840425
v -0.27425957 -0.39162880 -0.03804146
v -0.43183297 0.03108285 -0.41397497
v 0.68728870 0.01436362 0.01749295
v 0.77399290 0.08607171 -0.02011317
v 0.78995061 0.19417293 -0.00037628
v 0.03494036 -0.19288139 -0.53357100
v 0.04985036 -0.33330455 -0.46539831
v -0.51792908 -0.21339422 -0.13684088
v -0.47140479 -0.23010918 -0.19054508
v -0.05637728 -0.37757695 -0.30759782
v 0.53899878 0.23900026 -0.07666939
v 0.76625043 0.06594422 0.01067841
v 0.19881463 0.17740981 -0.36896324
v 0.68955112 0.06391872 -0.04383856
v 0.68258053 0.11545683 0.01631495
v 0.11701754 0.14695494 0.42172873
v 0.65301687 0.00054958 -0.00618643
v -0.51046097 -0.22335316 -0.06842023
v 0.11841452 0.29772878 0.31087053
v 0.50502259 -0.16244799 0.25124556
v 0.63551390 -0.04485578 -0.02946987
v 0.61633909 -0.05209773 -0.00558564
v -0.36420295 -0.20441066 -0.30570057
v -0.31245732 -0.35115874 -0.04676950
v 0.27354565 0.17905851 0.39755130
v -0.70972079 -0.01486386 -0.00682153
v -0.20298985 -0.33127257 0.32291803
v 0.56009203 -0.16357358 0.20082293
v 0.16428611 -0.32758784 0.35360610
v 0.27770030 0.23173882 0.34084731
v -0.49768367 -0.27550387 -0.11868719
v 0.60471261 -0.04037446 0.02206288
v 0.48528689 -0.06300518 0.30161479
v 0.73503423 0.11742945 -0.08371997
v 0.77963358 0.12614204 0.02042621
v -0.25035036 -0.38698840 0.10440874
v 0.69759977 0.04313227 0.01436177
v 0.62582058 0.01254737 0.07410386
v 0.63939083 -0.04357177 -0.00784075
v 0.71045327 0.02673359 0.02578953
v -0.34096181 -0.07441581 -0.50716853
v 0.26402032 0.12938370 0.43354571
v 0.77985168 0.11923747 -0.02480072
v -0.56422484 -0.19068140 0.10082783
v -0.40535349 -0.31865796 -0.07451028
v 0.65166932 -0.01628145 0.05340940
v 0.41411781 -0.34554702 0.20871294
v -0.01135495 -0.38952881 0.22596526
v -0.60962462 -0.03036079 0.07180673
v 0.01944354 0.31882173 0.29136834
v 0.70765853 0.05000593 -0.01462734
v 0.66939193 -0.02919653 0.02744174
v 0.76683652 0.07999289 -0.00007227
v 0.79533327 0.13661636 -0.02453104
v -0.21056946 0.31817347 0.17176011
v -0.12693232 -0.24789979 -0.45053190
v -0.34823179 -0.30257997 -0.26715213
v 0.68878353 0.01405968 -0.00084868
v -0.11344433 0.32877508 0.29972640
v -0.32181552 -0.34426534 0.05934699
v 0.69547427 0.12682740 -0.06798899
v -0.58087790 -0.24379247 -0.05104417
v 0.72595155 0.07358411 -0.03520128
v 0.78644526 0.10660207 0.00831822
v 0.74062729 0.05276577 0.00265887
v -0.22824767 -0.36699426 -0.12036094
v 0.71382838 0.11724798 -0.02857718
v -0.21608722 -0.37036014 0.19753304
v 0.63187826 -0.04435126 -0.05666699
v 0.78533477 0.17498398 -0.01676504
v 0.76853472 0.07286337 0.01000583
v 0.64397109 -0.00323777 0.02806645
v 0.72513813 0.10500063 -0.01417273
v 0.63105309 -0.04115963 0.02283496
v 0.41919196 -0.31258762 -0.11098606
v -0.12069163 0.39952320 -0.31297660
v -0.31414801 0.14431272 0.21846275
v 0.63522530 0.13219237 -0.00078966
v 0.32916623 -0.31163675 0.33107901
v 0.69644433 0.10661694 -0.01536512
v 0.74955684 0.10382285 -0.03845584
v -0.05219577 -0.06055120 -0.61166817
v 0.64000911 0.01116911 -0.02177829
v 0.79731178 0.15763171 0.01923800
v -0.18924975 -0.37229696 0.28765982
v -0.28209481 -0.31588408 0.23641124
v 0.50134146 0.24311802 -0.17423663
v 0.34459841 0.01788369 0.38015896
v -0.52864313 -0.15792945 0.03086313
v -0.44332135 -0.21654940 -0.24061319
v 0.28634971 -0.42258871 -0.31956157
v 0.67471761 0.16548854 -0.00874022
v 0.74191087 0.06391671 -0.01820594
v -0.46427152 -0.23608714 -0.14051765
v -0.68360770 0.00538254 -0.02363632
v 0.62116700 0.02418603 0.12876210
v -0.55812168 -0.20867488 -0.10834971
v 0.79669017 0.13767307 -0.01395968
v 0.71071577 0.08174093 0.01308984
v 0.68377495 -0.00343223 0.03054729
v 0.80716330 0.12250091 0.01660448
v -0.45727819 -0.09345578 0.25067881
v 0.76472127 0.09799774 0.01199126
v -0.59674883 0.24996464 0.00373763
v -0.34258091 -0.36809525 0.10187271
v -0.78842986 0.10877807 0.02161703
v 0.50793970 -0.16238657 0.27136633
v -0.73572081 -0.00351728 -0.02765748
v -0.60834193 -0.21301034 0.00911522
v -0.27843302 -0.37700152 0.11368538
v -0.53635997 -0.24429561 0.00618187
v -0.19107439 -0.15996805 -0.67406547
v 0.22542596 0.17781577 0.46744239
v 0.71969897 0.09846640 -0.01390106
v -0.43047470 -0.31186005 0.11314115
v -0.46279716 -0.07694422 -0.25646451
v -0.15654397 0.25641626 0.37829015
v 0.77488363 0.19653781 0.00201912
v 0.28052175 0.09065878 -0.34220782
v 0.09048969 -0.12132606 -0.54922813
v -0.20079061 -0.38982955 -0.15843093
v -0.29943869 0.29145479 0.29533711
v 0.08302940 0.31568721 0.33120278
v -0.29266244 -0.36685205 -0.10553718
v 0.77435601 0.08213328 -0.01056033
v -0.45699966 -0.26638258 0.18744186
v 0.76460356 0.08866930 0.00172645
v 0.70880949 0.05905627 0.00904286
v 0.71592426 0.08800946 -0.02241473
v 0.52881944 -0.16058362 -0.08863407
v -0.75296783 0.00984337 0.06384745
v 0.70838368 0.04327543 0.01091817
v -0.23422368 -0.36396879 -0.11221677
v -0.66463792 0.09744644 -0.03426903
v 0.44686335 -0.23771140 0.28589916
v 0.69423854 0.04767714 0.01989287
v 0.09625199 -0.38327670 0.33929378
v 0.47940129 0.15302649 0.13762486
v -0.71320593 0.04612543 -0.06181374
v -0.55446887 -0.24101236 0.16942707
v 0.05116266 -0.08092749 0.49067760
v -0.40198550 -0.30497268 -0.18154478
v 0.63136327 0.10342403 0.01673488
v 0.73071212 0.03811484 0.01519498
v -0.50637972 -0.24491820 -0.17896101
v 0.70505607 0.20654213 -0.03748381
v 0.64755529 -0.03944359 0.04434156
v -0.64976549 -0.11798738 0.08557876
v -0.22543758 -0.35215107 -0.28294620
v -0.58830929 -0.00615429 -0.08817182
v 0.73236167 0.09141344 -0.02589621
v 0.47521544 -0.02248642 0.12521455
v 0.08863911 0.02589609 -0.51930511
v 0.75991058 0.12489957 -0.02228663
v 0.35955191 0.17868435 0.36523005
v -0.71874309 0.06165063 -0.00099277
v 0.39886361 0.00177777 0.20337345
v 0.61022663 0.07160908 0.06850865
v -0.31987751 -0.32179448 -0.23672935
v -0.40619048 -0.32310927 0.27657792
v 0.60483754 0.18054430 -0.08572526
v -0.26059070 -0.32486293 -0.30342051
v 0.78133070 0.12484911 0.01258431
v -0.12901896 0.20260312 -0.56149185
v -0.25950515 -0.07914998 -0.50606006
v 0.68094838 -0.00036499 0.01577863
v 0.74394667 0.14509422 -0.01351075
v -0.16715786 -0.37669420 -0.00247234
v 0.56351060 -0.30405608 0.09248553
v 0.68995810 0.11939589 -0.01546392
v 0.56689548 -0.03665797 -0.05598128
v 0.74525714 0.09683782 -0.01246878
v -0.67795193 0.13680682 0.06278481
v -0.66776276 -0.05984586 -0.09448409
v -0.48732483 -0.22678158 -0.21299019
v 0.66960841 0.07136703 -0.00867930
v 0.70805097 0.05776290 -0.00716566
v 0.17291193 0.24894261 0.34554845
v 0.61218745 0.08213633 -0.01310077
v 0.09236071 -0.09834692 -0.55103296
v -0.71040070 0.03881223 -0.04597753
v -0.52896076 -0.24176830 -0.02072018
v 0.74091911 0.12844940 -0.01121598
v -0.40716246 -0.31955642 0.24812672
v 0.75285423 0.10352264 -0.04343767
v 0.06069569 -0.10237989 -0.52447766
v 0.67639083 0.09617303 -0.00158885
v -0.21044455 0.30373633 0.26115778
v -0.50164038 -0.21511558 -0.20805568
v 0.12868053 0.10688396 -0.48486263
v 0.71319169 0.24491373 -0.00972337
v 0.71153533 0.05531087 0.01784381
v 0.52393651 0.24176736 0.03008475
v -0.17473778 -0.33395779 -0.34228179
v -0.09239134 -0.07657892 0.48289797
v 0.78560632 0.08789855 0.01043782
v 0.76499003 0.12548292 0.00670202
v -0.18738142 -0.34970057 -0.33588037
v 0.75566638 0.14638551 -0.04367854
v -0.70402855 -0.00146551 0.00204009
v 0.64250964 0.06003946 0.07258156
v -0.27019018 -0.36246645 -0.10639063
v 0.69110954 0.02967238 -0.01680169
v 0.56999671 -0.06968942 -0.03822365
v -0.41881084 -0.34262127 -0.11677530
v 0.79329413 0.18821138 -0.00032564
v 0.75903726 0.13996793 -0.04064352
v 0.68450522 0.08420298 -0.01044974
v -0.24907441 0.22846417 0.33172026
v 0.42753991 -0.11897062 0.34816599
v -0.09136443 0.14603703 -0.53155810
v 0.49354863 0.10240668 -0.12913486
v 0.24749970 0.11387482 -0.30673474
v -0.10895444 -0.02951293 -0.61486828
v 0.70823693 0.06086444 -0.00940326
v 0.80549300 0.13454492 0.01012665
v -0.08427934 -0.37774256 -0.44282958
v -0.48263055 -0.31633395 0.04260013
v -0.66093194 0.16432352 0.01950666
v 0.25288358 0.25259066 -0.21166521
v 0.27359542 0.08193198 -0.33422661
v 0.46167716 0.32375628 -0.08317708
v -0.70635611 -0.02118135 -0.01646594
v 0.04943420 -0.27917680 -0.57900918
v 0.43271723 0.12722725 -0.21857226
v 0.32200611 0.15266705 -0.29624194
v 0.71641231 0.03146356 -0.00129965
v 0.16474114 -0.39912212 0.18025771
v 0.69294310 0.03366646 -0.00954011
v 0.20614812 0.08217135 0.43418649
v 0.58208597 -0.20492743 -0.06888168
v -0.41102836 -0.18240291 -0.26467380
v 0.70297599 0.14474791 -0.01441726
v 0.74238265 0.05321159 0.02008110
v -0.78732574 0.06002269 0.03491541
v 0.61154991 0.08959819 0.05764443
v -0.02431735 0.29597077 0.36734265
v 0.58925688 -0.05939189 0.04922641
v -0.08741680 -0.26611763 -0.50500607
v 0.47167096 -0.06439334 0.31688246
v 0.30885011 0.34947389 0.06623159
v 0.77320427 0.09455226 0.01973829
v 0.55689317 0.05224627 0.16756010
v 0.04337564 -0.10683094 0.56092691
v -0.42769822 -0.14721261 -0.39976907
v 0.11583051 -0.28271449 -0.50564140
v 0.66992927 -0.01001424 0.01597354
v 0.66077173 -0.02510569 -0.01972955
v 0.23311588 -0.35840780 0.29916877
v 0.70195723 0.04371006 0.03964144
v -0.03696688 -0.37496573 0.16389298
v 0.13261977 -0.40381995 0.17140347
v 0.42457995 0.16337344 0.26713085
v 0.44665772 -0.25310594 -0.33597079
v -0.36687934 -0.31202170 0.26390278
v 0.18722969 0.17147544 -0.40552768
v -0.45341536 -0.28259891 -0.02655727
v -0.59269774 -0.14701918 0.02760449
v -0.09992141 -0.31800354 0.43847892
v 0.41210693 0.16077879 -0.17345527
v -0.32176596 -0.27578366 0.34626472
v -0.33131948 -0.19649106 0.36324710
v 0.57949430 -0.01497951 0.15784273
v 0.24937329 0.04601702 -0.45170665
v 0.63171017 -0.03969383 -0.01930550
v -0.63571215 -0.09193999 0.03612736
v 0.46526447 0.15308535 0.12863401
v 0.38377997 -0.18250307 0.40920365
v 0.74651432 0.09664614 -0.01300426
v 0.60965115 -0.01540317 -0.03149733
v -0.34848136 -0.07238936 -0.41078436
v 0.75916678 0.11198061 -0.03470452
v 0.63688511 0.02808258 -0.00443029
v -0.14107066 0.33274820 0.02371522
v 0.17626458 -0.38421798 0.28123829
v -0.55475789 -0.22074524 -0.04795125
v -0.22429734 -0.37815282 -0.13483045
v 0.69703531 0.02693544 0.01914394
v -0.21975872 0.06937467 0.40623519
v -0.08141612 -0.05634071 -0.56866211
v 0.20585766 -0.14100294 0.46925411
v 0.07635012 -0.19483569 -0.51245010
v -0.38663316 -0.34299678 0.12612823
v 0.68744433 0.11962871 0.00735924
v 0.59308374 -0.04032274 0.05226912
v 0.38369930 0.34535950 -0.14872487
v -0.64739156 0.00013715 -0.08820030
v -0.10944085 -0.39379707 0.01042780
v 0.72459698 0.04219829 0.03964037
v -0.54957372 -0.15522300 -0.17335883
v -0.28616530 0.31222248 0.16586024
v 0.65247595 0.06335930 0.05348258
v 0.22731818 -0.08581269 0.47763538
v 0.70146513 0.11331545 0.01959179
v 0.17903376 -0.38647917 -0.47626501
v 0.80589777 0.14176400 0.01514354
v 0.72220266 0.06464212 0.02710375
v 0.74626172 0.10172831 -0.03378614
v 0.64590955 0.00800413 0.19652757
v 0.71169657 0.13318366 -0.02125155
v -0.16673860 -0.37145066 0.25827751
v 0.65514255 0.00648899 -0.00116794
v -0.66316098 -0.07785789 0.05061845
v -0.34492162 -0.32867301 -0.23506853
v -0.38643408 -0.14735337 -0.42588857
v 0.80912375 0.16689450 0.01568106
v -0.02919887 -0.39170393 -0.04904324
v -0.06356913 -0.30032149 0.44120333
v -0.53993511 -0.26397341 0.01130950
v 0.76164502 0.07858729 0.00482318
v 0.67264289 0.06876229 0.01715481
v 0.67796814 0.10899210 0.00026798
v 0.35805210 -0.19440123 0.40585518
v -0.08955307 0.11562777 -0.61416817
v -0.29280072 -0.37232542 -0.02032426
v -0.22478867 -0.32433349 -0.39469412
v -0.24477437 -0.27009717 -0.36997974
v 0.57079577 -0.11911470 0.09546842
v 0.27219412 0.08615577 0.36265236
v -0.24651691 -0.39342403 0.07125489
v 0.55527347 -0.13889261 0.09817085
v 0.68809855 0.06477937 0.02032226
v -0.29729956 -0.23022892 -0.58511317
v 0.04189928 0.21278583 0.42746568
v -0.38022441 -0.28769308 0.24642068
v 0.77930295 0.12853353 0.01316512
v -0.32230225 -0.35592166 -0.13517222
v -0.44253755 0.15245110 0.20098051
v -0.45238972 -0.32076943 0.15076825
v 0.31734765 0.21989663 0.33745489
v -0.22291809 -0.06337972 0.54485643
v 0.58248496 -0.04629619 -0.04980893
v -0.29580325 -0.33128005 0.25878218
v 0.74057108 0.04774168 0.00230345
v 0.21220693 -0.36520612 0.29039532
v -0.26289520 -0.25582433 0.42593974
v 0.77134949 0.10906588 -0.01717332
v 0.49076068 -0.23170568 0.20167074
v -0.41898042 -0.13039804 -0.44252914
v 0.78077042 0.15316370 -0.01032332
v 0.65863526 0.09282954 -0.01245692
v -0.40159604 -0.31799942 -0.08215576
v 0.69278616 0.03806778 0.00251994
v 0.12917343 0.27072644 -0.37081313
v -0.31738013 -0.37167466 -0.05409112
v 0.64560354 0.20126972 -0.03922758
v -0.01101068 0.15063170 -0.55375701
v -0.18306729 -0.39511108 -0.05673631
v 0.69955969 0.13972826 -0.02054059
v -0.41726977 -0.28295383 -0.05564062
v -0.74203086 0.12345529 -0.04756119
v 0.43343273 -0.17000894 0.32409096
v 0.77498043 0.10617410 0.01218432
v -0.09012428 -0.34955671 0.39256948
v 0.76185203 0.07508043 -0.04070657
v 0.38967642 -0.29693407 0.34373993
v 0.54827094 -0.19866221 0.28490207
v 0.64432961 -0.00840125 0.04850560
v -0.37215269 -0.31500977 -0.18610853
v -0.16978756 0.30334002 0.25946811
v 0.39684176 0.23226352 0.23984249
v -0.24608470 0.28684348 0.20580272
v -0.43177769 -0.19820231 0.07563156
v -0.63628262 -0.01606466 0.03312761
v -0.43914279 -0.33538580 -0.00539101
v -0.23893666 -0.23201671 -0.42458096
v -0.35335588 -0.14124556 0.36737233
v 0.63224781 0.01174857 0.01253882
v -0.38846064 -0.35280001 0.16608390
v 0.68026477 0.01248676 -0.03892758
v -0.07822546 -0.26605046 -0.48133785
v 0.77377129 0.12904654 0.01623520
v 0.70914072 0.01916306 0.03253707
v -0.47704688 -0.25984368 -0.15370184
v 0.59764308 -0.06827684 0.02481586
v 0.77185434 0.10761914 0.00613688
v 0.62920523 0.18700522 -0.07378238
v -0.12450442 -0.39045250 -0.27343002
v -0.12983400 -0.25008261 -0.46879101
v -0.36462820 -0.15072538 -0.42525569
v -0.71960241 0.09679322 -0.03045455
v -0.65759122 0.00859058 -0.02841190
v 0.72923881 0.05313553 0.00930524
v -0.57351208 -0.15860865 -0.10002014
v 0.60495931 0.01537137 0.08416489
v 0.00809433 -0.41453356 -0.05219451
v 0.73169076 0.05429421 0.01647633
v -0.10788935 0.02369339 -0.53889793
v 0.80345464 0.19855571 -0.00644575
v 0.74741113 0.06769510 0.00809211
v 0.64801341 0.03435960 0.03178170
v 0.53894937 -0.07469369 -0.12401727
v -0.34275112 -0.33657140 -0.00188625
v -0.39471370 0.08822021 0.18457907
v -0.54067796 -0.22204685 -0.13395584
v 0.58646166 0.01259280 0.10165665
v 0.70458418 0.04928464 0.00865786
v 0.00031818 -0.39430255 -0.44795692
v -0.42701727 -0.29898480 -0.20395142
v -0.62959629 0.14480141 0.02708213
v 0.55446637 0.02179496 -0.03782365
v -0.66159260 -0.05666663 -0.09939736
v -0.27760693 -0.37466675 0.03297588
v 0.25237972 0.21513779 -0.33417130
v 0.60906088 -0.08712187 0.04950437
v -0.22619346 -0.38322449 -0.19245338
v -0.65313035 -0.10948350 -0.19845831
v -0.05721352 0.11270636 -0.56648660
v 0.35298222 -0.11314793 -0.36218074
v 0.35565656 0.16555515 0.29779923
v 0.31980586 0.23466200 -0.27711549
v 0.73647219 0.08904903 -0.01310397
v -0.21394084 -0.36160952 0.27280921
v 0.40203893 0.24212748 -0.19085295
v -0.69510055 -0.09010582 -0.03930151
v -0.05877109 -0.39345342 0.05980855
v -0.37425226 -0.30693680 0.21497820
v -0.29824609 -0.26222646 -0.43821487
v -0.65935504 -0.09940833 -0.08166593
v 0.43383193 -0.14817312 -0.28490841
v 0.68764609 0.00678430 0.00484383
v 0.79783082 0.12456189 -0.02423748
v 0.15325674 -0.22039090 -0.49219453
v -0.40816548 -0.31048849 -0.11123207
v -0.13779336 -0.26892465 0.44663006
v 0.67612147 0.06855154 -0.07817462
v 0.61533189 -0.05167948 0.00871199
v -0.15329424 -0.38877851 -0.28130466
v 0.16180676 0.05331524 -0.49378103
v 0.72481346 0.06968489 -0.02606130
v -0.69463289 0.04083206 -0.07104279
v 0.15706202 0.09176934 0.48614597
v 0.69936383 0.04353885 -0.01154172
v -0.12790886 -0.39073068 -0.33333007
v 0.61588776 0.15103176 -0.04449949
v 0.77538598 0.08070789 0.00978756
v 0.80761415 0.17874829 0.00886792
v 0.67513037 -0.00162834 -0.00213075
v 0.08062664 -0.04949060 -0.53997755
v 0.12676033 -0.25157380 0.49606559
v 0.70008528 0.01531266 0.03124574
v -0.39321154 -0.34229639 -0.07010490
v 0.35470089 -0.29426515 0.31304413
v 0.69285381 0.05437065 0.02999074
v 0.65750504 -0.08543557 0.12402753
v 0.77040118 0.15891354 -0.05458551
v -0.64748275 -0.11745656 -0.06134492
v 0.48207682 0.23242812 -0.07642852
v -0.77092850 0.03014776 0.06627145
v -0.39251256 -0.32212889 -0.15728566
v 0.77869028 0.11819656 -0.00652620
v -0.49770764 -0.34016675 0.07705836
v -0.50268990 -0.25158361 -0.04721344
v -0.41149110 0.26619664 -0.18378273
v 0.79501265 0.12698096 -0.01221561
v 0.09580113 -0.38327125 -0.18770757
v 0.83023894 0.18281867 0.01818057
v 0.80220491 0.15335062 -0.01484127
v -0.02553231 0.02147113 -0.57817781
v 0.65943497 0.02530165 0.05153926
v 0.44025236 -0.19138189 0.31731340
v -0.04767969 0.16185747 0.41188461
v -0.43913388 0.03758702 -0.39689294
v 0.48144764 -0.12793894 0.28111461
v -0.51846409 -0.26327258 0.05167696
v -0.55128396 0.29466993 0.03642368
v 0.16595866 -0.40504405 0.09618405
v 0.75746918 0.19404006 -0.01393776
v -0.61381602 -0.03182596 -0.16839740
v -0.32445604 -0.34825256 0.12447020
v -0.66282976 -0.06497715 0.02209175
v -0.71760756 0.02637585 0.01731423
v 0.80579042 0.13884006 -0.02782667
v -0.53498924 -0.14077178 0.15225953
v 0.60377359 -0.04927859 -0.02099529
v -0.16620202 0.28763065 0.24522510
v 0.73062098 0.10792103 0.00265285
v -0.55122906 -0.18639430 -0.24469683
v 0.74819404 0.10778324 0.00024848
v 0.11959967 -0.22433227 0.44857726
v -0.17160578 -0.40051633 0.01017421
v -0.36480051 0.27379808 0.18894131
v -0.72889125 -0.02077909 -0.00600240
v -0.64028192 -0.02998489 -0.13964626
v 0.50240660 0.10749698 -0.16185755
v -0.11080492 -0.37040764 -0.29922152
v -0.41146624 -0.31104535 -0.04148172
v -0.03339563 -0.29790711 -0.56557786
v -0.31532866 -0.18174365 -0.53582150
v -0.46495238 0.05443883 0.17423379
v -0.33673331 -0.34186822 0.00229082
v 0.67900765 0.03339198 -0.01367562
v 0.00596115 0.01714876 0.48679587
v 0.71612543 0.04681936 0.02299234
v -0.01470686 -0.40516251 0.22515491
v -0.72639984 0.00824256 -0.06845966
v 0.72302449 0.02671786 0.05019951
v -0.63256156 -0.04345857 -0.03968310
v 0.70227891 0.03100584 0.04430375
v 0.75591272 0.11622567 -0.01701675
v -0.05142070 -0.38070756 -0.25537860
v -0.11076719 -0.22119708 -0.52526808
v 0.72855544 0.05146927 0.00975564
v -0.26601407 -0.36034599 -0.10649908
v -0.20934275 -0.39665058 0.11606371
v -0.23347703 -0.36978948 -0.18387145
v 0.58962029 -0.07607976 0.05515015
v 0.62321723 -0.05427799 0.01637411
v -0.01683870 0.22638904 0.44941548
v 0.47039920 -0.02252686 0.30454245
v 0.63071829 -0.00935107 0.03738530
v -0.50966972 -0.21812250 -0.13456649
v 0.79844785 0.12002666 -0.00872219
v 0.42053920 0.00860718 0.29870176
v -0.13667607 -0.37764990 0.35730192
v 0.80468833 0.10628803 -0.00139618
v 0.60848039 -0.03876604 0.01812634
v 0.71574378 0.08389552 -0.02943076
v -0.29684186 -0.20506904 -0.42065310
v -0.36802900 -0.33983159 -0.03460312
v 0.71838653 0.11778694 0.00641115
v 0.73044455 0.03720927 -0.00893539
v 0.44347453 0.04043432 0.24689093
v 0.14546669 0.20098825 -0.45838207
v -0.50123352 -0.17153507 0.17382377
v -0.77201664 0.10109369 0.04100535
v 0.68020034 0.08418620 -0.03657401
v -0.74993533 0.12828557 -0.00994264
v -0.53065175 -0.14275886 -0.28544602
v 0.05666575 0.23727354 -0.39196718
v 0.78062683 0.11059526 0.00458315
v -0.28757733 -0.38812825 -0.02673694
v 0.55856514 0.16008511 -0.05674018
v 0.63155133 -0.05640802 -0.03113964
v 0.29718167 0.08698365 -0.37664506
v 0.66286409 -0.02265698 -0.00656825
v 0.26735020 -0.21908273 -0.45563337
v -0.38392806 -0.35264945 -0.02861951
v 0.80104661 0.16771328 0.00336823
v 0.64870727 -0.02316398 0.06515595
v 0.40662867 -0.18008423 0.33177173
v 0.59441674 -0.16772163 -0.08642276
v 0.12716633 -0.34913835 -0.41091731
v -0.68995374 -0.04661863 -0.01596987
v 0.70564741 0.04790820 -0.00848138
v 0.52137989 0.09595786 0.14676890
v -0.70332181 0.01974042 0.01547001
v -0.35441279 -0.33020189 0.06651103
v 0.75493622 0.11575819 -0.00648597
v 0.14678362 -0.14415535 -0.52871084
v 0.01143548 -0.43096596 -0.22062582
v -0.70034742 -0.06546953 -0.01212361
v 0.53088498 0.06055869 0.16031864
v -0.84787220 0.12461139 0.02473179
v -0.25156859 -0.36341971 -0.10126960
v 0.01003957 0.20530510 -0.51344883
v 0.74800032 0.04993708 0.01099452
v 0.70027965 0.08573727 -0.02240103
v -0.76618439 0.10102475 0.00710959
v 0.61481905 -0.01478088 0.07581328
v 0.73549819 0.04993105 0.01654318
v 0.14832243 0.19690135 -0.42843658
v 0.64101982 0.06379944 0.00320727
v 0.75335622 0.14670096 -0.05479459
v -0.64407074 -0.04159009 0.04522339
v 0.72329730 0.14714481 -0.04472364
v 0.69253242 0.04066245 0.00882709
v -0.34682667 -0.28947282 -0.27044722
v 0.44706917 0.11797749 -0.18216825
v -0.17541270 -0.37871325 -0.24097183
v -0.49147716 0.05419883 0.14110565
v 0.00505701 0.16259179 -0.50319338
v 0.24292034 0.03020496 0.46840668
v -0.35930979 0.26882970 0.09639037
v -0.37114507 0.17721792 0.21535775
v -0.33206904 -0.33262175 -0.09343532
v -0.55455196 -0.17764035 -0.02320117
v 0.25665799 0.05703643 -0.41209906
v 0.25632799 -0.32599124 0.39706069
v 0.18515572 0.18270411 0.44482961
v 0.09328914 -0.10749197 -0.54536873
v -0.33554462 -0.34660661 -0.14065671
v 0.03761054 0.24893230 0.36412925
v 0.73252332 0.04397968 0.01691219
v -0.68515664 -0.05248857 0.00607099
v 0.62556994 0.01458267 -0.05896612
v 0.72685558 0.11776549 -0.02813745
v -0.32700765 -0.33159173 -0.21616021
v -0.40565148 -0.29099059 -0.15086332
v 0.52952701 0.04848433 -0.01105186
v -0.77673233 0.08247048 0.00220144
v 0.63306880 0.10183618 -0.01521838
v -0.51258290 -0.04935241 -0.31145561
v -0.27153358 -0.37745169 0.10140020
v -0.74583960 0.13298707 -0.03750741
v 0.19223720 -0.37892732 0.26437744
v 0.16374245 -0.17786245 -0.51200134
v -0.58630204 0.02650305 -0.09505131
v -0.14758003 -0.39166433 -0.22045287
v 0.13594338 -0.34718812 0.38324249
v 0.73857963 0.04206832 -0.01222178
v 0.77105790 0.14782600 -0.02005827
v -0.63659418 -0.04335991 -0.15371078
v 0.78227973 0.16390581 -0.02934897
v 0.63784188 -0.03190741 0.00015476
v 0.46342182 0.08958329 -0.18862438
v 0.62334871 -0.01979427 0.20695859
v -0.26477027 0.29499552 0.10649058
v 0.77915257 0.14431468 -0.01095624
v -0.69130504 0.00711531 -0.00484799
v 0.72201324 0.06876294 -0.02702387
v -0.23235057 -0.37102976 -0.03830588
v -0.24964094 0.33819896 0.08870861
v -0.54815829 -0.13311070 -0.24411038
v -0.16911063 -0.38060597 -0.10667109
v 0.44149598 0.03819231 -0.31259075
v 0.13341972 -0.26277190 -0.51486933
v -0.71934837 -0.12400774 -0.01625702
v -0.07558697 0.33622259 0.33715007
v 0.76630521 0.08665472 0.02172184
v 0.67434061 0.04026784 0.04761836
v -0.70204365 0.03041264 0.08800904
v -0.66504675 -0.07673904 0.01688500
v -0.49828115 0.00506365 -0.30465159
v 0.00342317 0.25018951 0.34827685
v 0.69599378 -0.00223662 0.01331049
v 0.59862852 -0.09517875 -0.06650723
v 0.49724948 -0.09332621 0.32088169
v 0.57895130 -0.10498779 0.02972797
v -0.33949399 -0.38549089 -0.08600801
v 0.03110521 -0.40565866 -0.08096480
v -0.19614047 -0.35564762 -0.29633194
v 0.56842637 -0.08074474 0.06282414
v 0.56122965 -0.12997307 0.10285249
v 0.12607107 -0.42392206 -0.32673174
v 0.70469975 0.09515460 -0.01614013
v 0.66952503 0.01541732 -0.00233279
v -0.37374780 -0.32735395 -0.03752947
v -0.39048386 -0.17909478 -0.46862227
v -0.44140339 -0.29358596 -0.15022728
v 0.70208472 0.03858968 0.02455774
v 0.74435097 0.18926734 -0.01795852
v -0.71573889 0.06434287 -0.01996818
v -0.45099270 0.01679865 -0.35689592
v 0.60103381 -0.06829026 0.12229797
v 0.45412207 -0.18982832 0.24714077
v 0.66391265 -0.00358339 0.00579426
v 0.64169312 0.00666204 -0.03198716
v 0.79298759 0.19677678 -0.00130418
v -0.62044024 -0.05467489 0.06072521
v 0.70498586 0.01563440 0.01137561
v 0.71304351 0.05260077 -0.01401691
v 0.63250440 -0.04167554 0.01219842
v 0.12411571 -0.31955242 -0.40915138
v 0.76393944 0.16017182 -0.00523759
v -0.10885145 -0.09627395 -0.50370312
v 0.79776180 0.18180493 -0.02481857
v 0.74445665 0.09840560 0.00533351
v 0.07676417 0.28455484 0.38724545
v 0.74739242 0.05201045 0.02892613
v 0.08824366 -0.39087832 0.20255339
v -0.39477396 -0.32329068 -0.06068920
v -0.22317171 -0.40785047 -0.26780242
v 0.65064150 0.03520854 -0.00073561
v 0.59356117 0.21215846 -0.02259425
v -0.73981380 0.09073352 -0.02077150
v -0.43885124 -0.07472461 0.28543472
v 0.75913996 0.13583061 -0.00938903
v 0.55684721 -0.13502142 0.12253209
v 0.61829031 -0.01759851 -0.02838191
v 0.72155327 0.11911666 -0.03651460
v 0.15328860 -0.40780291 -0.36716267
v -0.23592967 -0.22102925 -0.46484020
v -0.43513727 -0.29467133 -0.18335718
v -0.19801354 -0.38160512 -0.21582288
v 0.26192820 -0.22945620 -0.51635361
v 0.67181212 -0.00857872 0.00280076
v -0.53538829 -0.22011390 -0.14389253
v -0.32418346 0.30767617 0.07916909
v 0.64143145 -0.04029396 0.01771027
v 0.03064498 -0.40647724 0.12942120
v -0.38699293 -0.30498189 -0.05112100
v -0.07307002 -0.41216764 0.00037315
v 0.24800810 0.29107231 -0.31786740
v 0.68318999 0.02434857 0.00211477
v -0.42475453 -0.29820690 -0.13886380
v 0.78448230 0.11041813 -0.00616211
v 0.13031177 0.10919981 -0.49244267
v -0.26599029 0.04023358 0.38018337
v 0.77588266 0.14025086 -0.03202384
v -0.17277110 -0.37298071 0.31007135
v -0.15095645 -0.37147194 0.28300130
v 0.37678352 -0.28054884 0.32412666
v 0.46798530 0.15037805 0.09964719
v -0.27704978 -0.37768668 0.05171815
v 0.58448797 0.00030312 -0.04320407
v 0.53896487 0.14886129 -0.02120319
v -0.16079953 -0.36142409 -0.31551850
v -0.19584933 -0.38891733 0.19621599
v 0.62289113 0.01173542 0.03050420
v 0.02685190 0.33714566 0.29906049
v 0.21291856 0.22443001 0.41931343
v -0.17707196 -0.37715942 -0.31095231
v 0.69976842 0.02371386 0.00420308
v -0.36070997 -0.07659275 -0.47126395
v 0.28038573 -0.30367798 -0.42206240
v 0.63321328 0.05189404 0.03778476
v 0.16974847 -0.39572763 0.21100870
v -0.50061035 -0.09750856 -0.27504161
v -0.68123329 0.09725296 0.01475530
v 0.60895729 -0.01588397 0.08478827
v -0.75380778 0.03687927 -0.02034667
v 0.72165233 0.02952650 0.03617916
v 0.69633889 -0.03144744 -0.03682788
v 0.61742222 0.06902967 -0.03040245
v 0.65965194 0.06592348 0.01949799
v 0.76233101 0.15772997 -0.01798958
v 0.19213948 -0.01941209 -0.47560388
v -0.28694516 -0.37642261 0.05516776
v -0.47322312 -0.27587891 -0.12666270
v 0.82207751 0.12783982 0.00219414
v 0.65702450 -0.00017881 0.04531646
v -0.70608723 -0.05489855 0.02659348
v -0.41403461 -0.30512464 0.06955343
v -0.41600198 -0.29249081 -0.23129874
v 0.69069076 0.03010544 0.00853223
v 0.00858131 -0.25788850 -0.53001904
v 0.50599569 0.21774672 -0.12482686
v -0.23565146 -0.36566490 0.11174754
v 0.18883479 -0.18559825 -0.52242196
v 0.09573990 -0.05930808 -0.55190122
v 0.80381292 0.15416136 0.01335475
v -0.36672336 0.16889985 0.21716899
v -0.30168802 -0.38085487 -0.08476181
v 0.24097323 -0.20127830 0.48102373
v -0.41628861 -0.28327632 0.22622710
v 0.06380650 0.19051707 -0.45392272
v 0.36245346 0.17168161 0.27504593
v -0.73193777 0.07311078 0.05636549
v -0.47173727 -0.16575325 0.37595493
v -0.43150383 -0.32659489 0.10099036
v 0.60396761 0.06017271 0.10872126
v 0.76312155 0.12877384 -0.01334240
v 0.20208469 0.12889019 -0.42965439
v -0.11411749 -0.38239634 0.22797483
v -0.69036341 -0.06175789 0.00119096
v -0.44792885 -0.27270773 -0.07554868
v 0.78105724 0.12118112 -0.02525424
v 0.76035899 0.11714632 -0.02098050
v 0.43298161 0.27244979 -0.14247230
v 0.06342217 -0.29990393 -0.44050825
v -0.29801133 -0.34355932 0.25936881
v 0.73557246 0.06319494 -0.01092821
v -0.24830858 -0.22295298 -0.53440404
v 0.17880654 -0.19014341 -0.48905715
v 0.35859877 -0.30785277 -0.35539475
v 0.77858847 0.12947419 -0.00736072
v -0.33190322 -0.37007999 0.03820792
v -0.21208236 -0.36351162 -0.26241869
v 0.56591332 0.07784583 -0.06849724
v -0.00285007 -0.38378215 0.11537367
v 0.70778894 0.04777946 0.00237861
v 0.64858747 0.03400472 0.07489644
v 0.60107106 -0.03823949 0.02130271
v -0.47402698 -0.28316751 -0.05966473
v 0.76185745 0.10431878 -0.01021884
v -0.23235002 -0.07773203 -0.48846558
v 0.75044852 0.06399075 0.02322793
v 0.77560461 0.15006411 -0.01652740
v 0.80040514 0.12908469 0.00729635
v -0.67533398 -0.07613891 -0.05843204
v 0.57076937 0.11162402 0.04605004
v -0.70551085 0.00544268 -0.00086999
v -0.53578132 -0.20428853 -0.01662973
v 0.61949927 0.14018963 0.01414233
v -0.44858503 -0.29644734 0.00262153
v -0.57741255 -0.15390377 0.04603776
v 0.49210358 -0.22061765 -0.19018564
v 0.30920467 0.13287070 0.35620469
v 0.64664489 -0.06045667 0.01038543
v 0.74907041 0.05306536 0.00325647
v -0.53598779 -0.22284605 -0.07516886
v 0.74659038 0.06073886 0.02797830
v -0.72975290 0.06084082 0.00417522
v -0.54645693 -0.24308315 0.12498637
v -0.11709580 -0.03333275 -0.62577939
v 0.01353291 -0.10805639 -0.56393725
v -0.51722801 -0.22153616 -0.22690442
v -0.51664704 -0.23923449 0.02077996
v 0.58385271 0.09512655 0.19004789
v -0.57271045 -0.15873620 -0.12587968
v 0.74399942 0.15953526 -0.00693771
v -0.51729596 0.00624034 0.20511976
v 0.30962393 -0.11578570 -0.45902297
v 0.70964622 0.07162097 -0.03773330
v 0.42867517 0.32231408 -0.08926380
v 0.66037828 0.08965816 0.03435479
v 0.26298359 -0.15333658 -0.44532070
v 0.73296237 0.11889432 -0.06214657
v 0.65194023 0.01515147 -0.00218514
v 0.62638521 0.02686238 -0.01454514
v -0.26666138 -0.33589572 0.34569526
v -0.63009858 -0.16103214 -0.03812262
v 0.38722944 -0.17723010 0.39569449
v 0.71353054 0.06327952 -0.03151286
v -0.20020562 -0.40256113 -0.12764305
v 0.07989508 -0.35184017 -0.38748926
v -0.35999817 -0.34353888 -0.14679122
v -0.30331403 -0.35910070 -0.17603475
v 0.65150434 -0.02775365 0.02923000
v 0.70910501 0.05851080 0.00747644
v 0.74567026 0.05249098 0.02272323
v -0.44766667 -0.27775797 -0.22664616
v 0.72660434 0.10744525 -0.01223940
v 0.63300812 0.05266850 0.00100321
v 0.42519590 0.15312536 0.15139699
v -0.01663721 0.10461870 0.49146247
v 0.04559854 0.02503794 -0.54372227
v 0.57990491 0.07194030 -0.06376281
v 0.06781723 0.24488872 -0.42381766
v -0.37696895 -0.30245894 -0.15363282
v 0.46870640 -0.22215600 -0.30680901
v 0.80842990 0.19909535 -0.00270846
v -0.38892496 -0.32807845 0.01739855
v 0.67559600 0.00088368 0.01299912
v 0.28817850 0.32244885 0.16574632
v 0.72622347 0.06922340 -0.01122776
v -0.40015340 -0.30871001 0.20319930
v -0.67395830 -0.03627138 -0.09635070
v -0.29498634 -0.38859767 0.09305658
v -0.23491812 0.38764900 0.09675881
v -0.69097018 -0.04209062 0.00625730
v 0.74510378 0.18727730 -0.02402987
v -0.50314212 -0.31627500 0.05018133
v 0.61802840 -0.04317291 -0.01183964
v 0.61232209 0.13247287 0.01821475
v 0.72438419 0.08302290 0.00135493
v 0.67230481 0.05766094 0.01510093
v 0.52147669 0.25289464 -0.09472436
v 0.78119129 0.11859459 0.03431720
v -0.24788877 -0.38372335 -0.03644960
v 0.74325514 0.11328553 -0.03269558
v 0.77912116 0.13525893 -0.00100821
v 0.69795966 0.00736719 0.01228353
v 0.48603183 0.15517476 -0.05345726
v -0.33315897 -0.21227321 0.35208520
v -0.71644992 0.11590911 -0.03413263
v 0.46541589 -0.07124840 0.32306302
v 0.10281756 0.11011961 -0.50435174
v 0.04179545 -0.36114007 -0.40064374
v 0.53380972 -0.00981274 -0.04912120
v -0.45565358 -0.00129745 -0.31803644
v -0.52415955 -0.08962943 -0.25584823
v 0.74692267 0.11556662 -0.00925002
v 0.70519602 0.06855854 0.01692127
v -0.20087533 0.33845150 0.26376995
v -0.24219239 -0.34721074 -0.29129347
v 0.73263121 0.07134991 -0.02321467
v 0.53455341 0.09112005 0.02024060
v 0.67393267 0.04174975 -0.00872631
v -0.40608656 0.29411912 0.10370703
v 0.79088199 0.16930261 -0.02684232
v -0.78902209 0.10296576 -0.00211730
v 0.62875164 0.01066911 0.02873688
v -0.65860331 -0.07586622 -0.00267507
v 0.48437214 -0.30538997 0.22619908
v -0.21876770 -0.38462120 0.00498047
v 0.64716804 0.00536858 -0.02234852
v -0.05392303 -0.38403773 0.08549899
v -0.26611972 -0.01376773 -0.49024630
v 0.36454564 0.14926749 -0.32221895
v 0.72148836 0.10008220 -0.02095851
v -0.23356447 0.29758701 0.26404160
v 0.74365318 0.05719340 -0.01460484
v 0.64255404 -0.03042011 0.03901398
v -0.21265525 -0.01758708 -0.52973390
v 0.79382372 0.16639970 -0.00945203
v -0.01883827 -0.02085836 -0.54034090
v 0.57802713 -0.09948604 0.05710706
v 0.13938022 0.19150753 0.46266603
v 0.37631357 -0.37563282 -0.11232612
v 0.70650417 0.09893729 0.04561102
v 0.72672701 0.04642805 0.03386474
v 0.74499792 0.08270169 -0.02710854
v 0.66188073 -0.05293396 0.05308172
v 0.66831553 0.03197944 0.02705628
v 0.71394098 0.04801414 -0.00680837
v 0.78166020 0.11847511 0.01270390
v 0.73064375 0.07919568 -0.00397488
v 0.04873174 0.03634335 -0.53993255
v 0.19999795 -0.33208856 -0.34613281
v 0.23741579 0.27087289 0.31000164
v -0.45988941 -0.16714883 -0.31535184
v -0.39747015 -0.25928181 -0.37023550
v 0.65123749 0.12731342 -0.02268429
v -0.51103741 0.10953970 0.12521991
v 0.72725469 0.07841527 -0.03572122
v -0.33473092 -0.34279290 -0.18074334
v -0.04742560 -0.00495034 -0.56158370
v -0.51352394 -0.24034692 0.13327408
v -0.34850955 -0.22212148 0.17684090
v 0.61732358 -0.03747907 0.00209039
v -0.55326986 0.19755447 0.01319840
v -0.68713206 -0.04461432 -0.01570815
v 0.78099036 0.13211952 0.04484361
v -0.24567372 -0.37629503 -0.12556252
v 0.75985116 0.12268634 -0.02746231
v -0.52354163 -0.24757998 0.03182918
v -0.48352787 -0.07477975 -0.26649064
v -0.16898113 -0.38810569 -0.21524081
v 0.17602143 -0.32119244 0.39463547
v -0.70058125 0.05517109 0.04545720
v 0.65986621 0.00336036 0.02085555
v -0.77074254 0.10007052 0.02786767
v -0.18095288 0.03399393 0.46511906
v 0.61576879 0.19735056 -0.06867392
v -0.03873569 -0.10514692 -0.55654520
v -0.14376512 -0.40480429 -0.27200860
v -0.21189833 -0.27227765 0.41410205
v 0.63635778 0.03637395 0.02450511
v -0.29969981 -0.20404029 -0.50378335
v 0.77767062 0.12338237 -0.01098727
v 0.69187856 0.03799853 -0.00460179
v 0.78582531 0.14974430 -0.00829401
v 0.74964136 0.10716813 -0.01609933
v 0.03270999 -0.24134566 -0.59545553
v 0.15167247 -0.38994741 0.22783041
v 0.75093150 0.10309458 0.00199006
v -0.34810340 -0.35459179 -0.03454107
v 0.68911695 0.08531161 -0.00664690
v 0.52989954 0.02199090 -0.04347372
v -0.22270931 0.01148964 -0.59699988
v 0.24250446 0.19075215 0.41645834
v 0.57913864 -0.13232322 0.07992747
v 0.67546791 0.05355772 -0.00052052
v 0.51893020 -0.07105979 0.28205785
v 0.70581466 0.09972082 0.00933980
v -0.66524673 0.02451247 -0.07314762
v 0.55825675 -0.10223292 0.09040513
v -0.71486312 0.03220710 -0.04559037
v 0.69628644 0.07886000 0.02637617
v 0.07569309 0.28228837 -0.37706548
v 0.36319906 -0.31536368 0.37560791
v 0.71808779 0.05772480 0.00175050
v -0.00758444 0.22850361 -0.49135798
v -0.41002467 -0.18973574 -0.34141535
v -0.44512033 -0.30046725 0.21991056
v 0.25312591 -0.33977157 0.30590403
v -0.23012158 -0.26792157 -0.37414083
v 0.24809487 0.10290483 -0.39326504
v -0.44421977 -0.28107417 -0.08424142
v 0.70801717 0.17634685 -0.01151738
v -0.56882513 -0.12254582 -0.21956843
v -0.30796281 -0.32200131 -0.22813904
v 0.59829360 -0.09206128 -0.01000383
v -0.40052599 -0.26329857 -0.31098855
v 0.62546468 -0.05189140 0.01897624
v 0.75621784 0.06781419 -0.00148776
v -0.41839251 -0.28939795 -0.17785114
v -0.54932320 -0.24726236 -0.10641229
v 0.70133853 0.06236002 -0.02564456
v -0.27092797 -0.35621256 -0.20531374
v 0.74149728 0.05783616 0.00456142
v 0.65740418 -0.00119623 0.03202337
v 0.72187746 0.09304702 -0.02034439
v 0.62713706 -0.07445723 -0.00681725
v 0.47611174 -0.04065529 0.27241603
v 0.46827772 -0.09937938 0.33254993
v -0.66832095 0.10042665 0.04135763
v 0.78542084 0.13020621 -0.01218677
v 0.72774702 0.07306872 -0.02994031
v 0.60764015 0.02239793 0.07339185
v 0.73160851 0.08454609 -0.00540298
v -0.67275798 -0.12380622 0.04519345
v 0.63467634 -0.02764325 -0.00503832
v -0.40092003 -0.17281398 -0.39042628
v 0.68997973 0.02670822 0.03274292
v -0.15941697 -0.39303136 -0.13009280
v 0.56251127 -0.13967215 0.02009860
v -0.59438133 0.19001245 0.01564936
v 0.07208711 0.19075191 -0.48146883
v 0.25233123 -0.05999771 0.48364329
v -0.69738925 0.04778776 0.02747615
v -0.64289975 -0.14558424 -0.00024715
v 0.69974566 0.02131288 -0.01607662
v -0.42786640 -0.29831946 0.03078794
v -0.45915830 -0.29076353 0.00232286
v 0.18720862 0.15123029 -0.42739096
v 0.05671643 0.18753980 -0.48711535
v -0.51700497 -0.27184895 -0.15732488
v 0.52158326 -0.01650560 -0.12000602
v 0.11163606 0.12850952 0.43659592
v 0.07537919 -0.37097448 -0.35943472
v 0.71521747 0.06329128 -0.00424692
v 0.64242089 -0.01770587 0.07911980
v 0.65303475 0.07759847 -0.00549218
v 0.78657031 0.14627852 0.00481762
v -0.34677345 -0.35245189 -0.02021062
v 0.66682076 0.03393318 -0.00515451
v -0.04322027 -0.41908634 -0.09755834
v 0.67769718 0.01084320 0.02864236
v -0.33921513 -0.29307136 -0.22158641
v 0.64128298 -0.04721901 0.05653706
v 0.69391543 0.12125543 -0.01088890
v 0.76649636 0.12830538 -0.01269279
v 0.47854260 -0.10522077 0.29269397
v -0.02842678 -0.15750532 -0.57420313
v -0.54677176 -0.25511634 0.09744954
v -0.45924857 -0.11930785 -0.31039733
v 0.74385870 0.10235515 0.01990390
v 0.33138499 0.03494239 -0.35716400
v -0.01985419 0.02676859 -0.53478324
v 0.75610840 0.12055141 -0.01528677
v 0.57445765 -0.12521450 0.05010098
v -0.10315636 -0.32460690 -0.51969999
v 0.62554377 0.02938954 0.11721329
v 0.61798131 -0.03681834 -0.01497527
v -0.65729809 -0.09350084 -0.10052916
v 0.78261745 0.12403317 0.00188064
v 0.21035603 0.20422743 -0.32532907
v -0.61795777 -0.15160581 -0.00490776
v 0.61398667 -0.04273251 -0.02409288
v -0.49094862 -0.26817313 0.03786461
v 0.75420219 0.12532678 -0.02314727
v 0.63484675 -0.03812586 0.01891531
v -0.68671757 -0.04762610 0.00858540
v -0.43919462 -0.10725516 -0.34796566
v 0.00887606 0.20438944 0.42313996
v 0.71190524 0.05494123 0.00137289
v 0.09825750 0.28600597 -0.36960977
v -0.52365488 -0.26300275 -0.06106722
v -0.69270718 -0.05801517 -0.01723486
v 0.76166099 0.10585948 0.01451026
v -0.22845167 0.19855651 0.37348714
v 0.46618050 -0.14658321 0.33791196
v -0.63158780 0.05997473 0.07078472
v 0.44402075 -0.20326446 0.31464478
v 0.67232215 0.11618169 0.05054318
v 0.70316327 0.14357014 -0.02372543
v 0.29259396 0.15052712 0.40945226
v -0.65687227 0.10184741 -0.06253913
v 0.78071368 0.09436993 -0.01279053
v 0.15145564 -0.37308672 0.25880456
v -0.38538727 -0.29173917 -0.15741020
v 0.71327901 0.05291979 0.00385727
v 0.77867991 0.17857537 -0.01969395
v -0.34797692 0.16613571 0.28643692
v 0.59724295 0.08281431 -0.10370579
v 0.57743645 -0.06224765 -0.04993621
v -0.20040557 -0.37394199 0.05561283
v 0.61312258 0.08156857 0.12763037
v 0.76247776 0.09968089 -0.02723083
v 0.72103786 0.04805335 -0.01604208
v 0.61983395 0.01908477 0.08311591
v -0.46288374 -0.30044842 0.23534867
v -0.37888965 -0.32058775 -0.00099042
v 0.01629844 -0.34151945 0.43554974
v 0.65412450 0.00720604 -0.03867576
v -0.67815828 0.02445923 0.00722295
v -0.71059072 0.08142886 -0.02337599
v 0.47937039 0.13610029 -0.21474811
v 0.07637928 0.08609794 -0.51406753
v -0.15561280 0.22473669 -0.49871299
v 0.16910709 0.28524959 0.42330107
v 0.55042487 0.04631680 -0.03215000
v 0.28062767 0.12504406 0.43094605
v 0.78528965 0.12104668 -0.01033601
v 0.55932438 -0.09271480 0.15952182
v 0.24480692 -0.40924275 0.13217956
v 0.65249467 0.05825497 -0.04921991
v 0.38575235 -0.03977010 0.38035759
v -0.72986567 -0.03026660 0.04452890
v -0.59928167 -0.03063523 -0.08758575
v -0.03409508 -0.40635842 -0.34565127
v 0.75606960 0.10956357 -0.01437941
v 0.80343235 0.10497941 0.00015575
v -0.22915687 -0.25554183 -0.50441623
v -0.30668062 -0.39644414 -0.02974585
v 0.22834858 -0.36080062 0.32846272
v 0.66834140 -0.00074242 0.00932142
v -0.13787492 -0.02799891 -0.55145556
v 0.64068294 -0.02444722 0.00147656
v -0.02452159 -0.39105603 -0.34540284
v 0.16050065 -0.38536939 -0.35704392
v -0.35644710 -0.18125835 0.46501172
v 0.66830778 0.02379200 -0.01873607
v -0.17995232 -0.03344807 -0.60610723
v 0.79884028 0.14126749 0.01217398
v 0.36159363 -0.33694533 0.29525092
v -0.43503761 -0.03681879 -0.35675091
v 0.72720724 0.11576180 -0.01810054
v 0.50640380 0.25650150 -0.06012292
v 0.71779346 0.10165508 -0.00047010
v 0.77320999 0.16369542 -0.01014672
v -0.41279456 -0.30474949 0.11206784
v 0.13932420 0.29159117 -0.35378048
v 0.70171469 -0.04451113 -0.00418710
v 0.49596566 0.10049170 -0.08314955
v -0.80020094 0.05568105 -0.03306320
v 0.78558803 0.13685977 0.01264222
v -0.31362784 0.12018451 0.23422000
v 0.70275402 0.02908614 -0.01492359
v -0.61102057 -0.23435779 -0.01585305
v 0.77801907 0.16343543 -0.02778953
v 0.26588792 -0.23733532 -0.44463217
v -0.65597296 -0.09272942 -0.13530749
v -0.45533273 -0.26178464 -0.20970389
v 0.79549098 0.16323103 0.00666757
v -0.77156413 0.05865346 0.00999306
v 0.64957225 -0.02385265 -0.00945377
v -0.26612145 -0.35519254 -0.26361302
v -0.31379497 -0.35934484 0.05639189
v -0.03533688 -0.39516401 -0.05335569
v -0.22862047 -0.38637716 -0.07419543
v 0.13222134 0.09992701 -0.48037529
v -0.43273827 -0.24627045 -0.21605611
v 0.13152473 -0.05847126 -0.56099463
v 0.67029613 -0.07520089 0.07130441
v 0.17260954 -0.41600096 0.02300942
v 0.71453655 0.10588662 0.00910101
v 0.70461738 0.05127394 0.00486681
v -0.79338259 0.04851416 0.00428965
v 0.69211066 0.06628636 -0.04800961
v 0.78898454 0.18048932 -0.02152521
v -0.12670761 -0.39840251 -0.14377591
v -0.41812113 -0.06942076 -0.39988980
v 0.00410408 -0.21705846 -0.50564098
v -0.13560122 -0.38105965 -0.12092236
v -0.57843781 -0.17639539 -0.01241367
v 0.42648301 0.18514434 -0.13970968
v 0.74455976 0.11655459 -0.02034765
v -0.17568144 -0.33604971 -0.37387830
v -0.41309416 -0.28033423 -0.14261925
v -0.10114358 0.32868361 0.21795663
v 0.65999150 0.08637676 0.01775089
v 0.01980761 -0.40315241 0.08836249
v 0.03763870 0.32458496 0.28730080
v -0.18197617 -0.40542048 -0.23931724
v 0.53715760 -0.05167161 -0.03740406
v 0.59002125 -0.05574968 0.04605417
v 0.67007262 0.02919789 0.00404735
v -0.67019850 -0.06850919 0.01296973
v 0.49777919 0.00860550 -0.11327928
v -0.01337436 -0.34591842 -0.40130225
v 0.09342720 0.34075636 0.28890872
v 0.72095138 0.13065594 -0.01015106
v 0.62691426 -0.02168933 -0.00905132
v 0.32155567 0.19980720 -0.18818986
v 0.51606733 -0.27550131 0.05030461
v 0.72419250 0.05426465 0.01219007
v 0.40908846 0.27351740 -0.13498965
v 0.49064517 0.14353463 0.11721268
v 0.06296077 0.12684998 -0.50930679
v -0.56827176 0.03546322 0.09035259
v -0.19240892 -0.40732020 -0.28523213
v 0.60310507 -0.03987852 0.01222323
v -0.00341053 -0.09170805 -0.58345532
v -0.35239023 -0.11861873 -0.51030171
v -0.54566717 -0.24144398 -0.01845320
v 0.69243991 0.16671099 -0.01389274
v 0.76629734 0.08497647 0.00861260
v -0.35952526 -0.34841752 -0.07437387
v 0.60414296 0.01283322 0.10020595
v -0.32042438 -0.09743205 -0.45137137
v -0.40342277 -0.31365761 -0.14340377
v 0.68163896 0.02283870 -0.00162165
v -0.21901642 -0.35083887 0.27574041
v 0.80976999 0.17805542 0.00656044
v 0.40739745 -0.24357525 -0.38343540
v 0.71909285 0.09583661 0.06869736
v 0.72604096 0.14877382 -0.00819503
v -0.03525490 -0.16766609 -0.54973382
v 0.68340915 0.02327759 0.00821128
v 0.65535629 0.02187529 0.00718742
v -0.29601330 -0.19808635 -0.47996131
v -0.41234306 -0.27676436 -0.21873525
v 0.80326706 0.15334941 0.00021443
v 0.76318789 0.11960382 -0.01594516
v -0.39492106 -0.34021947 0.05994976
v 0.75318748 0.11384723 -0.00719332
v 0.14751658 -0.13437842 -0.50481451
v 0.32238945 -0.07805561 -0.37140220
v 0.72249126 0.04841356 -0.01127601
v -0.19246107 -0.31630746 -0.45241567
v -0.53857255 -0.17676537 0.01123951
v 0.78456712 0.12741561 0.02719861
v 0.56337202 -0.11302304 -0.03640690
v -0.04231897 -0.39243764 -0.40717065
v -0.42085472 0.29397881 -0.00033033
v -0.58921921 0.10583790 -0.20148897
v -0.58747876 -0.12888540 0.05551514
v -0.47018141 -0.30758235 -0.17420918
v 0.64156806 -0.04084377 0.02467686
v -0.09267440 0.25305068 -0.47892100
v 0.48361352 0.16197756 -0.17440379
v -0.32324341 -0.34211335 -0.10894707
v 0.67506945 0.14596768 0.01988631
v 0.73301220 0.05151744 -0.00961727
v -0.48847896 -0.24696359 -0.07789290
v 0.17446086 0.31066573 -0.28677937
v -0.54949480 -0.20676622 -0.03524271
v 0.49948806 -0.14334634 0.22372723
v -0.43743429 0.18660316 0.12627697
v 0.11241138 -0.39546382 0.10837519
v 0.24447215 0.08540487 0.46288037
v -0.12145280 -0.30120856 -0.50091261
v 0.75693464 0.10462412 0.00126451
v -0.23598172 -0.36721832 -0.16064447
v 0.76044977 0.08368786 -0.02699267
v 0.63221568 0.19210681 -0.02733298
v -0.42650241 -0.31820774 0.09096022
v 0.55717099 0.07194911 0.10538346
v 0.66664302 0.04946785 -0.02225323
v -0.29410338 -0.33070084 -0.26459086
v -0.48706019 -0.18473911 -0.28955877
v -0.05202928 -0.15371117 -0.55826604
v -0.52205437 -0.22988728 0.03778642
v 0.75882959 0.07188891 0.01157260
v 0.37698835 -0.37623066 -0.05364975
v -0.46105310 -0.31820768 -0.05587290
v 0.57360786 0.05374216 0.01563084
v 0.67128873 0.18122555 -0.04384965
v 0.66370726 0.03401858 0.06728927
v -0.64341223 -0.10148548 -0.02436399
v 0.04165637 -0.34582001 -0.48223695
v -0.73099059 0.04919341 -0.05505154
v 0.74311662 0.19469452 0.00518280
v 0.18407440 0.04927560 -0.48822600
v -0.38394004 -0.17715763 0.43181345
v -0.20587412 -0.36331439 -0.33730027
v 0.43675262 0.01705746 -0.16789567
v -0.42032704 0.15414718 0.15833807
v 0.13087258 0.25075704 -0.41304338
v 0.61713070 -0.05809133 0.01461107
v -0.22943275 -0.37662846 0.00436300
v -0.17078829 -0.13607885 -0.58310419
v 0.22624278 0.18050930 0.41554958
v -0.56943983 -0.16067618 -0.00861010
v -0.24653161 -0.38459527 -0.28083694
v 0.11854944 -0.30861565 0.47495580
v 0.69959211 0.10738492 -0.01599056
v -0.71814513 0.04457466 0.00547382
v 0.66825569 0.13772553 -0.03177443
v 0.66858900 0.05229854 -0.00453201
v 0.68674493 0.04736792 -0.02623316
v -0.20796892 0.20863990 0.30728459
v 0.68831569 0.06662945 -0.01126286
v -0.38451195 -0.31014925 0.25879189
v -0.60576499 -0.11098454 -0.17780191
v -0.28265256 -0.37825984 -0.27700698
v 0.43318033 0.12346656 -0.31850192
v 0.47521630 -0.00193316 -0.12531608
v 0.67442721 0.13213414 -0.00438825
v -0.13154683 -0.39036942 0.05209365
v 0.37179685 0.25318718 -0.31662104
v 0.09377569 -0.11768278 -0.54015243
v -0.76658577 0.05072531 -0.04376766
v 0.22295573 0.31131101 0.23469925
v -0.35642147 -0.29672265 -0.13774049
v -0.08849829 -0.40129051 -0.42063901
v -0.61538529 0.22654432 -0.03101389
v 0.06600380 -0.40959048 -0.23052615
v 0.44458115 -0.12152916 -0.30269086
v 0.79861194 0.15402927 -0.00439811
v -0.29935655 -0.22442511 0.35344699
v -0.64819729 0.00073819 -0.07426220
v 0.72693688 0.09910413 -0.02378619
v -0.72269833 -0.04676962 -0.05527106
v 0.11781386 0.00590533 -0.51518935
v -0.76115113 0.09296142 -0.00086758
v 0.67287409 0.08926335 0.01986745
v 0.69215441 0.02560906 0.03897205
v 0.33159861 -0.33940563 0.29986355
v 0.79728115 0.13033955 0.01163575
v 0.32872581 0.18952210 0.34389940
v 0.09063247 -0.44496912 -0.10749586
v 0.65020072 0.05026053 0.01356632
v 0.63799107 -0.07522257 0.03135133
v 0.27570271 -0.30046374 0.39234447
v 0.63941407 0.16125311 0.01879883
v 0.65025342 0.17937657 -0.06843345
v 0.22076887 -0.28484207 -0.43767220
v -0.75506139 0.05229275 0.02373303
v 0.75822765 0.09913415 -0.00604013
v 0.45501065 0.24289438 -0.08534996
v 0.14973983 -0.13270253 -0.50808191
v 0.23440328 0.15978627 0.41815791
v 0.71584761 0.09033746 0.01250133
v 0.72730297 0.07310147 -0.00108117
v 0.65577519 -0.02269560 0.02436745
v 0.79600221 0.17588316 -0.02918591
v 0.76545519 0.10628325 0.00737634
v 0.01247561 -0.11831109 -0.55121434
v -0.72102398 0.08622919 -0.05035150
v 0.00526758 0.01433299 -0.55473882
v -0.12404686 -0.24948670 -0.48071888
v -0.58322853 -0.09167466 -0.30133599
v 0.75487638 0.11808270 -0.01541789
v -0.33346379 0.27507168 -0.28369784
v -0.12094265 -0.41091213 0.18645668
v 0.03943004 -0.37705874 0.26707873
v -0.55065167 -0.25570115 0.04569027
v 0.53168643 -0.14163721 0.07803632
v -0.45370519 -0.28995910 0.03774858
v -0.61166018 0.05657537 -0.15694964
v -0.11055352 -0.34957859 -0.46516737
v 0.69421077 0.08506483 -0.02121997
v -0.31925792 -0.37108821 0.03405797
v 0.70953304 0.04737778 -0.00159168
v -0.82405424 0.07810903 0.00253589
v 0.61980414 0.08050227 -0.01011050
v 0.44017220 -0.20433672 0.30444455
v 0.63932043 -0.04213430 0.04788810
v 0.72067654 0.03864790 0.04753357
v -0.72665966 0.04221262 -0.01935670
v -0.73725224 0.13171270 -0.01689589
v -0.53549361 -0.24727958 -0.07176378
v -0.51817840 -0.25278151 -0.05673837
v 0.74471468 0.05544352 -0.00324896
v 0.70600909 0.03849835 0.09343772
v 0.67858893 0.01127860 -0.02060348
v -0.57173181 -0.21832985 -0.05740148
v 0.39944890 -0.25935042 0.30535531
v -0.51194191 -0.28128150 0.01163925
v -0.44650173 -0.30480224 0.02998376
v 0.33972675 0.12345208 0.36652011
v 0.00368376 -0.37788033 0.35414696
v 0.27475369 0.26020551 0.24796569
v -0.04663188 -0.33763003 -0.49019894
v 0.70007801 0.03217331 0.01474833
v 0.70308685 0.06622100 -0.01338728
v 0.69382453 0.03178443 -0.01485390
v -0.80386627 0.09994429 0.02374357
v 0.66272259 -0.07388496 0.03067546
v 0.13479865 -0.04629249 -0.51742172
v -0.01556506 -0.16842861 -0.61088991
v -0.44588846 -0.02246475 -0.35021299
v 0.59625715 -0.04310742 -0.06467709
v -0.05844218 -0.04439047 -0.55686814
v -0.34473783 -0.32047257 0.34604961
v 0.29954371 0.06943978 -0.40200302
v 0.08027175 -0.32670748 -0.38892093
v -0.03860058 -0.38023081 -0.30323625
v 0.60699469 0.04699674 -0.06626738
v 0.29472941 0.02962263 0.41473642
v -0.06590900 -0.00890369 -0.52115101
v 0.70035505 0.06124978 0.01049379
v -0.33138233 -0.35103264 -0.10733002
v -0.35598227 -0.33045217 0.06946668
v -0.41516453 -0.30796510 -0.10384533
v 0.80217826 0.12761329 0.02781403
v 0.70495272 0.03841510 -0.06707069
v -0.60325098 0.12190130 0.04972032
v 0.81054342 0.17865188 0.01231194
v -0.06875783 0.27949825 0.31251925
v 0.79388446 0.11112315 0.00280860
v 0.63329965 0.10680478 0.14848351
v 0.69919050 0.06611229 -0.01901298
v 0.73673934 0.04654036 0.00990260
v -0.17368889 -0.39178884 -0.07845189
v -0.59039289 -0.01228207 0.12938276
v 0.03613815 -0.06080959 -0.54535484
v 0.06230289 0.04140443 -0.52511245
v 0.70517612 0.09692448 -0.01028530
v 0.70854890 0.07459533 0.02697402
v 0.10734951 -0.18607607 0.49875215
v -0.04204842 0.33166817 0.29020473
v 0.39767247 -0.08743106 0.40146542
v -0.42766398 -0.28469834 -0.23110896
v 0.37492490 -0.21111614 0.37229732
v 0.57280970 -0.05252060 -0.04350242
v -0.67065763 0.11677180 -0.00659983
v 0.78241158 0.08884284 0.00558805
v 0.63454378 0.03564335 0.00619081
v -0.45049128 -0.28399509 -0.04703897
v -0.55428851 -0.22495274 -0.04949650
v -0.08758195 0.18640789 -0.55865753
v 0.62800384 -0.00561717 0.00048324
v 0.79003036 0.19551061 -0.01975465
v 0.36393058 0.29402965 -0.11168300
v -0.47422126 -0.27174905 -0.21241483
v 0.09930035 0.07799350 0.46301207
v 0.59557712 -0.04162848 0.04604756
v 0.81613213 0.19457282 -0.00096342
v 0.63431573 -0.04017866 -0.00337344
v 0.68250054 0.01616646 0.01029462
v 0.04891492 0.05057544 -0.52369905
v 0.28028995 0.02065608 -0.40415174
v -0.45515954 -0.15875404 -0.26473144
v -0.46506852 -0.30910435 0.17011257
v -0.35799929 0.23510960 0.27406269
v -0.77403826 0.10636255 0.02441173
v -0.52259159 -0.15382993 -0.18537953
v 0.57542098 -0.03239755 -0.03284755
v -0.34669501 -0.36786938 0.03635816
v -0.72895604 0.00285065 0.01630466
v -0.34681025 -0.17245898 -0.43783599
v 0.09839655 0.29783741 -0.33431649
v 0.56376624 0.10803655 0.14474580
v -0.30240011 -0.36125517 -0.23047113
v 0.57969421 0.23468636 -0.04111210
v -0.56030262 -0.20232178 -0.00118336
v 0.69315851 0.03020839 0.02440147
v 0.23187737 0.35031030 0.20590794
v -0.28236631 -0.38163492 0.04260288
v 0.27689433 -0.35641694 0.36824605
v -0.34485006 -0.34152883 -0.17023855
v -0.08180976 -0.38464564 0.20128629
v 0.61458445 -0.00798282 -0.03960091
v 0.77850449 0.08728997 0.00986069
v 0.66007525 -0.03801528 -0.01212347
v 0.34069979 0.20285065 0.30151978
v 0.09455585 0.16176748 -0.49548471
v -0.33640045 -0.32786620 -0.08092511
v 0.78865910 0.15177362 -0.00671104
v 0.63196534 0.08736134 -0.02049702
v -0.29606417 0.30633181 0.05251896
v 0.77250189 0.12898465 -0.00783967
v -0.26905277 -0.36555934 0.04065531
v -0.30633193 -0.01926092 -0.33215797
v -0.14779836 -0.04832619 0.46423018
v -0.24972212 -0.33870652 0.33673623
v -0.63388669 -0.11839879 -0.06258494
v 0.23316853 -0.01194391 -0.46344751
v 0.20637621 -0.39625424 0.21828127
v 0.00291169 -0.24721345 0.46979037
v 0.16749126 0.29836932 0.31382483
v 0.55177754 0.11961956 0.01702318
v 0.64923060 0.02086444 0.00657842
v 0.80708718 0.18017979 0.00644797
v 0.08199148 -0.33675283 -0.51019424
v 0.61656648 0.08429620 0.03687519
v 0.13492745 -0.21577199 0.50350428
v 0.64469123 0.06572168 0.03993556
v -0.39811197 -0.32726535 0.01918811
v 0.64225566 0.07609428 0.04538673
v 0.07290410 -0.38941795 0.06358579
v 0.73012972 0.11376144 -0.02662878
v -0.66277987 0.13409987 0.00286528
v -0.40850756 -0.34389979 -0.14092022
v 0.04363737 -0.10413545 -0.53528333
v 0.03137723 -0.23144060 0.49256831
v 0.63344502 0.06134993 -0.01508829
v -0.36625156 -0.16467178 -0.52332735
v 0.04380600 0.00895659 -0.55432981
v 0.77032137 0.10231602 0.00946975
v -0.37755212 -0.30451643 -0.05780378
v -0.54590696 -0.26069465 -0.07223612
v 0.04235813 -0.34299526 -0.43068063
v 0.72940379 0.08523151 -0.02305156
v 0.75104249 0.04772927 -0.00794077
v 0.72524279 0.09411959 -0.03499521
v 0.70833999 0.04622221 0.00985876
v 0.77768469 0.12995517 -0.00247359
v -0.30838662 -0.08568045 0.40179756
v -0.50939399 0.21593210 0.07542685
v 0.67537248 0.03613664 0.00125331
v 0.08345596 0.21119854 -0.48943934
v 0.69471306 0.06436148 -0.07823481
v -0.61058372 0.06374702 0.04108450
v 0.23617983 0.22026260 0.35310555
v -0.51896542 -0.13540238 -0.25640690
v 0.58294880 0.02385697 -0.04500195
v 0.58114934 -0.07744007 -0.07288886
v 0.00639242 -0.38605654 -0.00448608
v 0.54473770 -0.20264497 -0.08825770
v 0.65168846 -0.00675582 0.01146449
v -0.13596208 -0.36778566 -0.28573439
v 0.68483973 0.09814876 -0.02241060
v 0.69885981 0.00356841 0.03358608
v 0.17552243 -0.11865218 -0.50953048
v -0.02340311 -0.18635571 0.51455516
v 0.55406117 0.08778989 -0.14778632
v -0.40881836 -0.21773589 -0.26938277
v 0.75281119 0.09742835 0.00198553
v -0.26989546 -0.37251613 -0.17181611
v -0.47159269 -0.04461455 -0.32774580
v 0.70511490 0.04005161 0.00064024
v 0.05322976 0.01072164 -0.53682530
v -0.46964467 0.12256981 0.19177806
v 0.74472487 0.07017727 -0.00357381
v 0.36001325 -0.16043738 0.43585333
v 0.77840316 0.10967527 0.01078603
v 0.60544872 0.07428720 0.07741364
v 0.70362139 0.01698822 0.01679122
v 0.12947060 0.32359949 0.37740511
v 0.68313026 0.05592278 0.02368358
v 0.11293006 0.41180834 -0.15881163
v -0.36797905 -0.35790735 0.13740951
v 0.10150918 -0.05979347 -0.53974378
v -0.33318600 -0.34148788 -0.03039213
v -0.40493077 0.17734584 0.19087726
v 0.77647829 0.12601365 0.02401364
v 0.75110418 0.04825357 -0.00027275
v -0.35425121 -0.29326478 -0.21108618
v 0.01316011 -0.32324028 -0.41704035
v 0.61499053 0.11098768 -0.04517639
v 0.78557169 0.12276991 -0.00121146
v -0.62719059 -0.09123981 0.02431750
v -0.16590920 -0.39065182 -0.28545454
v -0.24681383 -0.36300555 -0.22427845
v 0.56420827 0.09092522 -0.11298743
v -0.35905600 -0.32134536 0.02760018
v 0.75483990 0.20775257 -0.02203217
v 0.13739997 0.08179557 -0.51471883
v -0.09032571 -0.03155792 0.49112937
v 0.74620914 0.05065204 0.00149804
v -0.22544730 -0.35416245 -0.31451359
v 0.71726656 0.03052514 -0.00916538
v 0.64713931 -0.02200888 0.01838821
v -0.41909409 -0.27127513 0.29040101
v -0.12931898 -0.40105188 -0.23724285
v 0.77001476 0.13549522 -0.02423260
v 0.65046793 -0.03108619 -0.01099075
v -0.11911210 -0.04359189 -0.55216795
v -0.30879107 -0.17929658 -0.44267017
v -0.72307593 -0.01131000 -0.00792828
v 0.69244295 0.06630768 0.02303920
v -0.69412577 0.22625819 0.00218321
v 0.65079796 0.06927469 -0.05182666
v 0.67912412 0.04442162 0.02404401
v -0.32100892 0.25878000 0.14851451
v -0.25936884 -0.25813329 -0.35101113
v -0.18084829 -0.36860985 -0.14563566
v -0.34163129 -0.11970965 -0.41689658
v -0.61555737 -0.16552654 -0.01537710
v -0.27740449 -0.16697443 -0.45234567
v 0.68624020 0.06386793 -0.02779379
v -0.63109303 -0.05217841 0.05169633
v 0.70547014 0.04111181 0.00620356
v 0.69507003 0.06798030 -0.02401158
v -0.06885201 -0.34494144 -0.39608413
v -0.43612787 -0.24382286 -0.09477270
v 0.16699323 0.22737642 -0.37912130
v 0.77001047 0.09146391 0.00454894
v -0.38463467 -0.10899401 -0.41848138
v 0.63689804 0.26837909 -0.03903823
v 0.65194756 -0.03370727 0.06902242
v 0.62959707 0.13896509 0.05719563
v 0.76908433 0.12966670 -0.01979552
v 0.79908431 0.18784021 -0.01248197
v 0.75647342 0.08469311 -0.00929406
v 0.79080749 0.13187121 -0.01634743
v -0.76844001 0.02166638 0.03821852
v -0.07103077 -0.31660277 -0.42050037
v -0.18445522 -0.39041382 -0.24362862
v 0.62433612 -0.02498449 -0.00836681
v 0.63579291 -0.00988302 -0.00979584
v -0.79699624 0.01315746 0.03640549
v 0.60431945 0.04689606 -0.01210949
v 0.63705760 -0.00243020 0.02652889
v 0.12286999 -0.37430120 0.22956684
v 0.65951920 -0.03758853 0.02269664
v -0.78624111 0.04006402 -0.01271063
v -0.56666756 -0.16209564 -0.16876739
v 0.13752457 -0.39440030 0.20236900
v -0.70273077 0.11615747 0.05925499
v 0.73673224 0.08424409 0.00677521
v 0.59367305 0.04143670 -0.08388709
v 0.24755047 0.04886407 -0.40967467
v 0.67760003 0.01576939 -0.00545815
v -0.48851225 0.22678600 0.10916763
v 0.70293772 0.01501849 0.01748496
v -0.30710953 -0.35165608 0.31554800
v 0.69709140 0.14189516 -0.01410544
v -0.38288376 -0.23968649 -0.24686116
v -0.25306302 0.34860989 0.18993643
v -0.64068025 -0.07864355 -0.13716760
v -0.40384459 -0.31544590 0.08525437
v 0.74723196 0.11684993 -0.03413299
v 0.65168786 0.01963401 0.01245925
v -0.75913286 0.08358466 0.04668683
v -0.07997163 0.18939692 0.40914297
v 0.00647994 -0.02605293 -0.57812321
v 0.52286774 -0.28828779 -0.14894193
v -0.16020265 -0.36265808 -0.27593827
v 0.59921288 -0.06527241 -0.02645156
v -0.34852979 -0.23514484 -0.43794605
v 0.68235952 -0.00085799 0.05499038
v -0.39086649 -0.01532021 -0.45832947
v 0.75379008 0.07756962 0.00058163
v 0.75984514 0.06516534 0.01136628
v 0.78772056 0.09349671 0.00458446
v 0.69859219 0.03964275 0.02903584
v 0.21354905 0.18317540 -0.37797788
v 0.68411338 0.04147863 -0.01238151
v -0.48922649 -0.14426586 0.19786614
v 0.61536020 0.13775796 0.05936821
v 0.70819986 0.03233555 0.01366618
v 0.53113645 -0.17142108 -0.14443943
v 0.62295759 -0.06577071 0.06346023
v 0.55150360 0.17074633 -0.13397381
v -0.42282480 -0.23402518 -0.30433077
v 0.01446252 0.26370090 -0.42891499
v -0.42111090 -0.16256823 -0.24761552
v 0.78037810 0.12037879 0.03162929
v -0.28725743 -0.36653745 -0.13539356
v -0.66634727 0.14677800 0.01398389
v -0.45551938 -0.18060276 -0.34107739
v 0.30766863 -0.06426959 -0.42273876
v -0.30484691 -0.10807422 -0.42115921
v -0.07843184 -0.08629870 -0.55466980
v -0.08266667 0.25861824 0.34922186
v 0.79123700 0.13317662 0.00937527
v -0.60071427 -0.12347233 -0.04511929
v 0.60416234 -0.03184021 -0.03259351
v -0.31579524 -0.33939630 -0.04591334
v 0.07768051 -0.35884255 -0.42886943
v 0.73584569 0.10235226 0.01695208
v 0.67435074 0.00610057 0.03094852
v 0.59138966 0.14236023 0.09268415
v -0.26960927 -0.36469793 0.24260649
v 0.79109985 0.19840029 -0.01258710
v 0.74019468 0.08798049 -0.02623770
v 0.62519336 -0.01604322 -0.01917738
v 0.71994293 0.04647519 0.00125372
v -0.37903219 -0.31910777 0.09213240
v 0.78686142 0.14065494 0.01341952
v 0.21508542 -0.29873878 0.46182507
v -0.46910873 -0.24640335 -0.23824361
v 0.74839401 0.15357842 -0.02111167
v 0.78291124 0.14007916 -0.01558390
v 0.16804206 0.33016378 0.35419399
v 0.63433218 0.06617610 0.00193381
v -0.27951691 -0.30987027 -0.32089618
v 0.73796433 0.11612216 -0.00041705
v -0.30313876 -0.29106933 -0.30963299
v 0.49220544 0.07643506 -0.11045873
v -0.37170789 -0.23534334 -0.37049517
v 0.38783577 0.07385820 0.36123264
v -0.00481823 -0.13346756 -0.62454069
v 0.12951092 0.23031949 0.46900076
v -0.02995762 0.32061210 0.33276400
v -0.59354955 -0.11779273 -0.03977987
v -0.56731933 -0.24235483 -0.06574383
v 0.73798800 0.09566540 -0.02299535
v -0.19613530 0.10141307 -0.57201022
v 0.25999951 -0.06467624 -0.46703485
v -0.18086851 -0.40027142 -0.22622669
v -0.35645550 -0.34826458 -0.07164788
v 0.56427884 0.25679836 0.07610391
v -0.47349960 -0.26534897 0.18193299
v -0.39092427 -0.30171907 -0.21886197
v 0.59021592 -0.10461445 0.18466054
v -0.38582277 -0.31589383 -0.08925924
v -0.45137423 -0.11934344 -0.31646228
v 0.75961828 0.12105617 -0.00096527
v 0.73003572 0.12079868 -0.05027823
v -0.68241215 0.11306730 0.06315617
v -0.56711876 0.24989742 -0.04671834
v -0.35868517 -0.03720567 -0.45734036
v -0.17557856 -0.29668525 -0.39227071
v 0.72592938 0.03007206 0.01421088
v 0.69420499 0.02574530 0.01457910
v -0.11973117 -0.36868313 0.20182630
v -0.10510772 0.29467040 0.32561743
v -0.15022047 -0.23411369 -0.50836098
v 0.62746739 0.01198352 -0.00555267
v 0.81392831 0.16970536 0.01755014
v 0.65478915 0.04480782 0.01249703
v -0.47945803 -0.30277553 0.06143605
v -0.27421635 -0.38396782 -0.17604905
v -0.02766231 0.25892618 -0.21938032
v -0.52525842 -0.19275406 -0.19933999
v 0.72412199 0.05829268 0.00057828
v 0.61408675 0.08503856 0.00478771
v 0.67469817 -0.01230839 0.01540262
v 0.78092337 0.12805767 -0.00530818
v -0.66591656 0.09392674 0.03239839
v 0.08434582 0.19103107 -0.47917193
v -0.47610399 -0.16329749 -0.23918784
v 0.77233452 0.11857530 -0.00256260
v 0.74229145 0.10318157 -0.02944846
v -0.35306558 -0.33451080 -0.05143738
v 0.73795658 0.03868349 0.03104669
v 0.78648078 0.12792400 -0.00497313
v 0.55580628 -0.15816849 -0.06102601
v -0.32789943 -0.36649817 -0.11047694
v 0.20598304 -0.23463903 -0.47149771
v -0.51362383 -0.23210680 -0.12952432
v 0.07754576 -0.30447441 -0.46160927
v -0.69958401 -0.05374887 0.00572977
v -0.33496091 -0.37783304 -0.14602631
v -0.22821043 -0.33862478 -0.30900761
v 0.23404162 0.11783080 0.46663001
v 0.73544163 0.08132450 -0.02429328
v 0.12581670 0.30202881 -0.35299349
v -0.26367694 0.27113354 -0.33512223
v 0.19560656 0.16371122 -0.39176786
v 0.19085701 -0.01483506 -0.48606116
v 0.69436753 0.10156342 0.01967016
v 0.65853250 0.01442917 0.03931522
v 0.66982591 0.02247207 -0.00435331
v 0.65128511 0.01200321 0.00918228
v -0.66926199 -0.08430233 -0.00750487
v -0.82402849 0.10621384 0.00566447
v 0.73623568 0.08928116 -0.01721030
v -0.34424502 -0.25037724 -0.32299846
v -0.52973258 -0.18730889 0.01079220
v -0.31893489 -0.32544079 -0.23043966
v -0.22180393 -0.39823037 0.04271677
v 0.79327202 0.18866688 -0.02200656
v -0.73248947 -0.01464318 0.00319757
v -0.64798260 -0.09007546 0.01985022
v 0.61298418 0.19421293 -0.10593048
v 0.66309178 -0.00910908 0.01166573
v 0.69554800 0.09871437 -0.02445474
v 0.67670238 0.00690874 0.03913510
v 0.69418752 0.00958609 0.02374655
v 0.65740132 -0.01745287 0.02532360
v 0.62650824 -0.02996764 0.03421465
v 0.69286013 0.02841768 -0.02523994
v 0.22955659 -0.33359593 0.33704603
v -0.43563783 0.01583944 -0.40751281
v 0.24745797 -0.06428283 -0.45329154
v 0.74678552 0.10712478 -0.03668599
v -0.38369647 -0.32586119 0.01232892
v -0.54782552 -0.19391045 0.05887488
v 0.18995333 -0.27026126 0.49457529
v -0.34054801 -0.33287477 -0.11179882
v 0.70212239 0.05835224 -0.00042438
v 0.08025080 0.20242789 -0.46998832
v -0.64448547 0.00576977 0.01037014
v 0.74975926 0.07492372 0.00864986
v 0.77021533 0.11297510 -0.01269436
v 0.56216198 0.00239929 0.19558135
v -0.31871784 -0.30086285 -0.27537155
v 0.76772398 0.07905327 0.00548518
v -0.67021096 -0.08247924 0.01837978
v 0.61915159 0.07354127 -0.07378677
v 0.71919250 0.03915456 -0.00122926
v 0.66128790 -0.00931658 0.15941578
v -0.02740842 -0.40026605 0.17594704
v 0.44031316 -0.10686000 0.30767873
v -0.35813940 -0.25692895 0.31313354
v 0.43127739 -0.20576940 0.32620424
v -0.30007893 0.22189996 0.31024706
v 0.49986917 0.14103717 -0.05409056
v -0.32941097 -0.37788814 -0.18838882
v -0.40695983 -0.33301127 0.08880374
v -0.63119644 -0.14363423 -0.02919355
v -0.35739431 -0.22321665 -0.31833163
v 0.74256325 0.03701946 0.02723727
v 0.26928955 0.23634492 -0.27120313
v 0.71497202 0.12327319 -0.00843807
v -0.10047853 -0.35687995 -0.39841813
v 0.37293667 0.20402299 -0.26264185
v 0.65384418 0.00172012 0.00144626
v 0.60443753 0.17239739 0.04289478
v -0.07470766 0.28677747 0.27666980
v 0.69506252 0.04155932 0.01548483
v 0.70841813 0.11417830 -0.02862337
v 0.73293835 0.08881951 -0.02230488
v 0.74112839 0.06586841 -0.00662598
v 0.66407359 0.02152181 0.01949492
v 0.61198294 -0.08493413 -0.00032216
v 0.72406256 0.07735692 -0.00645953
v 0.71015835 0.02483536 0.01201752
v 0.00341193 -0.34261218 -0.49925986
v 0.56156689 -0.01287572 -0.05898312
v -0.25247347 -0.24082139 0.24553816
v 0.69806492 0.03417033 0.00748107
v -0.55644822 -0.08850864 -0.19105312
v 0.69531155 0.03072998 0.01606978
v 0.68683469 0.03769073 0.04057154
v 0.29475823 -0.18009214 -0.44767615
v -0.74646127 0.04184508 0.03281233
v -0.02308150 -0.39386788 0.02132696
v -0.21658903 -0.35818791 -0.30325201
v 0.76152146 0.10763661 -0.01142694
v 0.50444388 -0.19579610 0.33531451
v 0.70572573 0.09664781 -0.00870213
v -0.19840434 -0.37423766 0.28283745
v 0.34355125 -0.32289231 0.36066365
v 0.23690422 0.22071110 -0.33697152
v 0.72095382 0.02719798 0.00238833
v 0.04046677 -0.32051352 -0.46106330
v 0.76639348 0.14503419 -0.02597354
v -0.56570011 -0.22235501 0.01970281
v -0.29863212 -0.37911829 -0.08184436
v -0.32536793 -0.32415149 -0.19394779
v 0.22405794 0.20840594 -0.30176479
v -0.07807373 -0.34173670 0.36358139
v 0.35769022 0.10654803 0.36711329
v 0.50102186 -0.13347986 0.24133587
v 0.10493706 -0.27979362 0.53974915
v 0.76824832 0.12646620 0.00541131
v 0.76915973 0.08026961 0.00542453
v 0.70673370 0.21025044 -0.02889395
v -0.05842760 -0.41304290 -0.26192242
v 0.64783621 0.04840779 0.00623831
v 0.65322739 -0.07329409 0.03294971
v -0.53308249 0.04304656 -0.28445944
v -0.62020630 -0.11584013 0.02935297
v -0.35403079 -0.37977260 0.14326540
v -0.39279211 -0.24731562 -0.26288861
v 0.60298330 -0.01687089 -0.03721690
v 0.71930993 0.13340881 -0.00493810
v 0.72276336 0.03859466 -0.01372822
v 0.18707001 -0.32926086 -0.42077908
v -0.61571348 -0.14031836 -0.00629564
v -0.48357895 -0.20624799 -0.18489224
v -0.23564188 -0.37142438 -0.07053697
v -0.60544479 0.04099516 0.05530069
v -0.45291466 -0.26150694 -0.16734326
v 0.80904639 0.13966374 0.01622099
v -0.51351565 -0.23907495 -0.14865017
v -0.61408836 -0.14707714 -0.10205680
v -0.16184422 -0.22568880 -0.47449011
v -0.24558964 -0.38189912 -0.06296681
v -0.57918918 -0.18163076 -0.01565706
v 0.74012280 0.09164214 -0.00454943
v -0.09859937 -0.24163374 0.48726809
v -0.26665461 -0.01500769 0.40460402
v 0.69681931 0.02508844 -0.01148826
v -0.28424466 -0.39666122 -0.10074004
v -0.42598298 0.24137107 0.16785493
v 0.51352507 0.05454042 0.20072183
v 0.69588417 0.05290796 0.01616696
v 0.08958014 -0.36557245 0.35269743
v 0.68825459 0.04506856 0.01318580
v 0.72106159 0.07814967 -0.02248894
v -0.23331895 -0.36724448 0.24064183
v 0.73001480 0.04422330 0.01241261
v -0.50940734 -0.12832670 -0.27831984
v 0.62087911 0.08092106 -0.00393555
v 0.28363740 -0.34591931 0.35431713
v -0.22079462 -0.32136104 -0.33048669
v -0.29510894 -0.30762258 -0.26404727
v 0.73715764 0.05721998 0.02092910
v 0.14157546 0.04577023 -0.49597484
v 0.70329618 0.09052224 -0.01213187
v -0.13737123 -0.40951568 -0.05016200
v 0.26740676 -0.23564573 0.45568085
v 0.60332233 -0.03867050 0.02069217
v -0.26140904 -0.37474212 -0.15497687
v 0.42489520 0.28798112 -0.06928889
v -0.28221005 -0.37190002 0.04543117
v 0.45674342 -0.33788034 0.06423764
v -0.75343174 -0.03709473 0.00702477
v -0.62198985 -0.11969745 -0.16512164
v -0.08739170 -0.38825732 0.02481017
v 0.77208048 0.14174742 -0.00015464
v -0.20516884 -0.04311367 -0.54320425
v -0.46602094 0.24043752 0.07643282
v 0.70631927 0.06619148 -0.00774562
v 0.57436776 -0.12075952 0.08357479
v -0.55727375 -0.20860034 0.02485792
v -0.61261106 -0.10082797 0.13415442
v 0.67303920 0.17398737 -0.02614635
v 0.61862999 -0.18795544 0.00504640
v 0.70475626 0.00459109 0.02654913
v -0.66976184 0.06436335 0.04147144
v -0.46235478 -0.26661289 0.19069786
v -0.32884753 -0.31178749 0.05705643
v 0.73164308 0.09210114 -0.02623189
v 0.57846415 -0.14382009 0.12897342
v -0.28720212 -0.28330407 0.31149906
v -0.65581131 0.12203008 0.02318392
v 0.05015695 -0.28929749 -0.46702197
v -0.24816421 -0.38382056 -0.01410270
v -0.13506728 -0.28358573 0.46820793
v -0.02411762 0.24468654 0.40205505
v 0.36245400 0.11596210 -0.35488451
v 0.70069456 0.00650463 0.01638818
v -0.15513009 0.31554911 0.21582282
v -0.28883904 -0.37585545 0.04103202
v 0.60754806 0.05656987 0.14879870
v 0.71437353 0.13624196 -0.02748346
v -0.66544491 -0.01928097 -0.08833688
v 0.37779349 -0.34374309 0.19721672
v 0.78249395 0.16409597 0.00619905
v 0.00013223 -0.38252380 -0.37477735
v 0.72933471 0.09456411 -0.03116556
v -0.22407517 -0.34670836 -0.30765495
v 0.68406326 0.02332075 -0.01537728
v -0.11087653 -0.00936241 -0.54642016
v -0.41361880 -0.31008777 0.03162592
v 0.70051837 0.03228228 -0.00342032
v -0.58665788 0.05727724 0.06290242
v -0.42852658 -0.27574927 -0.22118956
v 0.53012484 0.14049557 -0.10347423
v -0.26151872 -0.25278333 -0.51969379
v -0.29085457 -0.37961322 -0.07143739
v 0.60939705 -0.04595812 0.02201495
v 0.73454696 0.10545878 -0.02663134
v -0.73647606 0.08305660 0.01514596
v 0.70120615 0.02731141 0.00901523
v 0.51128948 -0.24747168 -0.08681162
v 0.59512538 0.08105125 -0.08238971
v -0.03561579 0.00764348 -0.56408972
v 0.78021324 0.12788515 0.00592050
v 0.61628556 -0.04088017 -0.00345089
v 0.07921954 0.04479901 -0.52753347
v 0.78726238 0.16240531 -0.00443831
v -0.25504494 -0.36863559 0.30878356
v 0.15462756 0.04492024 -0.49084747
v -0.22004980 -0.38851261 -0.08081064
v 0.63561404 -0.00405876 -0.02678192
v -0.75220799 0.10384478 -0.02886920
v 0.42559442 -0.30759603 -0.28189766
v -0.40076444 -0.33373728 -0.00093099
v 0.58336580 -0.12291773 0.07999635
v -0.10302320 -0.20608623 -0.52766323
v -0.44692010 -0.29637164 -0.03208393
v 0.69461125 0.05825970 0.00144859
v -0.39448735 -0.35326076 0.08578628
v 0.68246627 0.01296207 0.04284057
v -0.25643358 -0.36485839 -0.20804387
v 0.29365465 -0.36368841 0.24148959
v 0.07168613 0.05720861 -0.53762990
v 0.58269471 -0.09337226 0.16618517
v 0.63454151 -0.02277669 0.02216390
v -0.27591106 -0.36817980 -0.11604443
v -0.14319372 -0.15353672 -0.60146993
v -0.63384879 -0.05659370 -0.20498985
v 0.72398365 0.07111149 -0.01229364
v 0.53932732 0.13560101 0.07706344
v 0.71681362 0.03681038 -0.01065075
v 0.09823713 -0.23241207 -0.49652880
v -0.74871218 0.02616275 0.00053431
v 0.04534975 -0.31207684 -0.42920667
v -0.57562792 -0.17063427 -0.00104287
v -0.20446646 -0.35828680 0.28749594
v 0.22886415 -0.07139121 0.45668721
v 0.68131900 0.00823441 -0.01848572
v 0.19636241 0.31642449 -0.23680717
v -0.36812517 -0.24332033 -0.27161348
v -0.77805042 0.07856768 0.01376276
v 0.03556582 0.26842564 -0.45374641
v -0.23604293 -0.38767844 0.10207316
v -0.13536108 -0.35859329 -0.38401306
v -0.27350140 0.31371260 0.08423012
v 0.79119664 0.11050436 0.03603581
v 0.46549153 0.01967417 -0.12161270
v -0.25905132 0.01959133 -0.48481068
v 0.07231359 0.36908528 -0.28127658
v -0.51217508 -0.07438333 -0.27223146
v 0.14467707 -0.13493620 -0.53148508
v -0.07768254 -0.38598126 -0.15090665
v 0.17678280 0.24030377 0.42750716
v 0.63885194 0.15273462 0.03437179
v -0.35273814 -0.30056548 -0.19102684
v 0.24826117 -0.24239215 0.49917299
v 0.37234369 0.11496860 -0.26982012
v -0.34374911 -0.33768788 -0.15896583
v 0.65324253 -0.08192169 -0.03139874
v 0.79459023 0.10086890 -0.00618038
v 0.74123365 0.11702007 0.01547458
v 0.24863780 -0.08091404 -0.45723569
v -0.20914133 -0.36822391 0.05383870
v 0.66364801 0.13774174 0.01250321
v 0.68282342 0.04866156 0.03902918
v -0.27375942 -0.33803871 0.12399623
v 0.71505797 0.02614978 0.00955251
v 0.66173273 -0.02201286 0.01316801
v 0.76450443 0.11438380 0.04036200
v -0.01982901 -0.39491177 -0.30426446
v 0.71718001 0.04008499 -0.01913202
v 0.59044951 -0.00063233 -0.03258276
v 0.11599737 -0.22010885 0.52135545
v -0.57561088 -0.13121396 -0.16141692
v 0.07752131 0.11756641 -0.48556650
v 0.41825047 0.23795956 -0.21242359
v -0.50718200 -0.23905101 0.02604979
v 0.03191571 0.23589683 -0.40930146
v -0.18780613 -0.13706544 0.50406402
v -0.28094658 -0.36665791 -0.16106468
v -0.71825534 0.17884877 -0.01579395
v -0.70927995 -0.01451740 -0.00380687
v 0.65159947 0.06704200 0.03486734
v 0.01545778 0.16155787 0.46661365
v 0.80573583 0.17655839 0.00332241
v 0.69388783 0.12051310 0.00482178
v 0.50906003 0.25233993 0.02998045
v -0.73855948 0.09213497 0.00611751
v -0.69177318 0.06412079 0.04796615
v -0.35608941 -0.31936675 -0.19410017
v 0.73121738 0.08062065 -0.02336048
v 0.77082068 0.15880765 -0.03763169
v 0.16583507 -0.36988208 0.28713802
v 0.17003700 -0.43517694 0.01596276
v 0.80259526 0.15854441 -0.00559318
v -0.61708009 -0.06818567 -0.22410655
v 0.60280669 -0.08238481 0.00617793
v 0.69060957 -0.00572339 0.01872543
v -0.29825652 -0.36240143 -0.13658117
v 0.66404355 0.11521950 0.04397884
v -0.28642687 -0.37203562 0.27919486
v 0.59309989 -0.15407872 -0.06090520
v -0.61108786 -0.01256016 -0.03872648
v 0.35571194 0.15922877 -0.28221107
v 0.73329878 0.05788397 -0.00285059
v -0.45216718 -0.29099393 -0.03024539
v -0.18968284 -0.21879008 -0.56420875
v 0.78140485 0.15020083 0.00029259
v 0.74064791 0.04901308 0.01807901
v 0.49932072 -0.14337462 0.30688834
v -0.33365989 -0.36261609 0.14770898
v 0.11557496 0.09948273 -0.47899297
v -0.19787616 -0.36108330 -0.07866478
v 0.47737873 0.07835104 0.30683142
v 0.58628750 -0.06226872 -0.04068214
v -0.14185899 0.33527598 0.25760025
v 0.69578385 0.05069366 -0.03209975
v -0.28765640 -0.27935261 -0.37390345
v -0.01501073 0.04947809 -0.58638960
v 0.72807425 0.17743942 0.00424373
v -0.31649834 -0.15639976 -0.41099218
v -0.77582324 0.13443238 -0.03423722
v 0.67947876 0.04731352 0.02268648
v 0.65096444 -0.03455204 0.02156022
v 0.70521057 0.05957007 0.03231263
v -0.09249674 0.14378822 -0.61368883
v 0.15343338 0.31014606 -0.28638259
v -0.45396817 -0.30725592 0.03947268
v -0.74983841 0.03594476 -0.00724864
v 0.74536753 0.06706005 -0.00603354
v -0.09863792 -0.31498659 -0.43976200
v 0.71407938 0.06093200 -0.04320272
v 0.46355730 -0.25059864 0.26153812
v 0.04804480 -0.34082022 -0.47901601
v -0.71803176 -0.08414061 0.03322470
v -0.74095428 0.10010230 0.00546894
v 0.74370784 0.07698543 0.00546280
v 0.61827064 -0.06316066 0.03657356
v -0.48069790 -0.02721499 -0.32851931
v -0.65006661 -0.07245821 0.03877047
v 0.02066004 -0.11618510 -0.55378956
v -0.61285222 -0.18671823 0.06999024
v 0.65010172 0.03080687 0.03257006
v 0.09712458 0.11510797 -0.45606861
v 0.12161557 -0.02940126 -0.50994933
v -0.17919044 -0.39557773 0.14652207
v 0.67713636 0.13364193 -0.04734243
v 0.03997014 -0.31484705 -0.47610617
v 0.73914564 0.06108674 0.01004633
v -0.20089063 0.20214529 0.43042818
v 0.74832904 0.11769158 -0.02794098
v 0.09316671 -0.02720872 -0.54445612
v -0.52013224 -0.24189942 -0.06379986
v 0.73577499 0.13754009 -0.00410983
v 0.71390033 0.04971114 -0.03661272
v 0.17971751 -0.12010657 -0.51018500
v 0.70645487 0.08910702 -0.00723037
v -0.42976007 -0.29174522 -0.12926891
v -0.13805774 -0.03505912 0.47193646
v 0.74669796 0.07816313 -0.01678061
v 0.58612669 0.06887871 0.05001302
v -0.25489855 -0.24140434 0.44645047
v -0.80344969 0.10444378 0.01729567
v -0.60562843 -0.20252995 -0.00632140
v 0.75765127 0.06703445 0.02031732
v -0.24342674 -0.26956227 -0.44223800
v -0.36059308 -0.33638725 -0.01921269
v 0.62323868 0.19780755 -0.03036419
v 0.30432943 0.19791134 0.30572063
v 0.34403068 0.17090634 0.26357958
v -0.18920295 -0.37613010 0.25845969
v 0.76039791 0.18606168 -0.02416110
v -0.21196426 -0.35008338 0.18433562
v 0.53757977 -0.01541798 -0.02969563
v -0.67363584 0.13948125 0.01101369
v 0.41427988 0.12196493 -0.17490286
v 0.69410628 0.08334917 0.06007263
v 0.60054851 -0.10111561 0.02891544
v 0.04630020 0.22630762 -0.35190997
v 0.53579569 -0.24796499 -0.13292587
v 0.74704331 0.10497111 0.00421137
v 0.52616006 -0.14047740 0.24378705
v -0.61993277 -0.16933610 -0.05006123
v 0.73395365 0.16377626 -0.00207293
v 0.56080854 0.00258490 0.20671040
v -0.55781299 -0.18144263 0.07008186
v 0.70783627 0.07542057 0.00571030
v 0.62307113 0.09839317 0.01627275
v 0.75718296 0.08035184 0.02033833
v 0.73908472 0.09762830 -0.02230074
v 0.74198240 0.06825200 0.00295380
v 0.77347797 0.12644331 -0.00807154
v -0.44080335 -0.29000983 0.01004400
v 0.06851984 -0.37786883 -0.38818234
v -0.52812052 -0.23269178 -0.03958505
v -0.30315858 -0.37205964 -0.02120593
v 0.63065726 -0.00700349 0.01139501
v 0.76216769 0.05233175 -0.04722883
v -0.48885989 -0.16659635 -0.28111991
v -0.28327292 0.26478413 -0.32435608
v 0.66217673 0.05538379 0.00515853
v 0.15379411 0.11833985 -0.46383506
v -0.55802178 -0.19247690 0.00232387
v 0.66894996 0.06670146 0.04018512
v 0.34801900 -0.23500961 0.38262999
v 0.67757499 0.08321244 -0.01739074
v 0.68832225 0.06727526 -0.02067071
v 0.71063590 0.09128168 -0.02121070
v 0.28608754 -0.37129712 0.22558266
v 0.58431768 0.05167475 0.12527609
v -0.76811272 0.10607886 -0.02199979
v -0.22720686 -0.39222518 -0.31301871
v -0.32262328 -0.34195980 -0.26300287
v -0.40260762 -0.34255517 0.00258166
v 0.79439688 0.13952620 -0.02338752
v -0.53928345 -0.02574281 -0.25284311
v -0.48057142 0.32698569 0.03601265
v 0.76961929 0.14963642 -0.02956504
v 0.66613549 -0.01728689 -0.05424950
v -0.26850665 -0.35106274 -0.16398165
v -0.64129990 -0.12251285 -0.05356231
v 0.06942440 -0.29376397 -0.49694079
v 0.74000764 0.09467363 -0.02873824
v -0.25625134 -0.10194808 -0.49819633
v 0.59659284 0.07348962 -0.01066533
v 0.80666441 0.15638427 -0.01145604
v 0.16129521 0.26536512 0.38222748
v 0.60094976 -0.04461554 0.01963551
v -0.57945168 -0.17315260 -0.01394913
v -0.42337096 -0.00054501 -0.41473123
v 0.63401604 0.01498812 0.01205988
v 0.63680482 0.03165159 0.02734247
v -0.70619595 -0.13957068 0.00863412
v 0.02044314 -0.24302831 -0.52308643
v 0.69733959 0.06413665 -0.02781525
v -0.44044715 -0.31599286 -0.10388848
v 0.70682693 0.06184371 0.04094839
v -0.16384205 0.24819393 -0.44851291
v 0.73387158 0.08182192 -0.01907089
v -0.21696196 0.00732304 -0.52427411
v 0.28352723 -0.35908312 0.29957378
v -0.40067571 -0.07373366 0.33625340
v -0.13841662 -0.40280372 -0.09395849
v 0.69095325 0.01530077 0.03045860
v -0.32124400 -0.31649983 0.30123520
v 0.80079871 0.17259943 -0.02035388
v -0.67303753 -0.07965177 -0.04929888
v -0.36427498 -0.35605639 -0.15696758
v -0.49916434 -0.25117633 0.06263843
v 0.29299444 0.14932397 -0.26070267
v 0.00078148 -0.11789712 -0.54614335
v 0.77443159 0.09431921 0.00242338
v 0.60352689 0.08150955 -0.02155545
v -0.26194176 0.18504369 0.28835264
v 0.42022935 0.09451646 0.31481686
v 0.65718418 0.04282884 -0.01085263
v 0.33696955 -0.40213621 -0.02774588
v 0.78178573 0.14729817 -0.02181846
v 0.43748924 -0.09815854 0.31947020
v 0.80369538 0.13884141 0.00101417
v 0.77990478 0.13007048 -0.01250829
v 0.75702715 0.08299215 -0.01712525
v 0.22635563 -0.40729076 0.05991036
v 0.73621953 0.20068094 -0.00656554
v 0.62338197 -0.06105193 0.01216936
v -0.27047578 -0.35560766 -0.23329374
v 0.45398301 0.18657935 0.31316507
v 0.69650656 0.05414600 0.01971943
v 0.63652873 -0.01747628 -0.02657249
v -0.65010917 0.06364705 0.06795150
v -0.29624280 -0.38414294 -0.06305750
v 0.25471109 -0.07338205 -0.44435066
v -0.05593094 -0.40082523 0.06243035
v 0.47663921 0.27130753 -0.12028235
v -0.35093486 0.19245267 -0.35137737
v 0.79912239 0.18641846 0.00220157
v 0.70767498 0.05612909 -0.02410184
v -0.39119530 -0.32271302 0.07157248
v 0.69563919 0.05133482 0.06075758
v 0.37240344 0.32695505 -0.09186670
v 0.61745924 -0.04715838 -0.01375994
v -0.10473189 -0.14537591 -0.52308911
v -0.16245522 -0.41457957 -0.21505684
v 0.14248912 0.31460309 -0.30435780
v 0.15842018 -0.02156883 0.48824126
v 0.70469290 0.11803714 0.00490010
v -0.31889969 -0.37766790 -0.02245733
v 0.00482536 -0.40996593 0.13166875
v -0.40048248 -0.34994823 -0.06971103
v 0.74545652 0.05863202 -0.01255095
v 0.51008791 -0.07564765 0.28974569
v 0.31562564 0.14419647 -0.29998037
v 0.59084952 -0.07959086 0.08436184
v 0.02287290 -0.32459539 -0.40257370
v -0.55094934 -0.14260618 -0.09145185
v 0.16464965 -0.43958405 0.04003093
v -0.25305310 -0.37940338 -0.02209543
v 0.42222920 -0.23515467 0.33276111
v 0.75838476 0.10379292 -0.00731985
v 0.47232309 -0.03905742 0.28737730
v 0.73590791 0.06105626 0.01218796
v -0.65477741 -0.16484742 -0.01478789
v -0.24342929 -0.38909250 -0.10168013
v -0.79041624 0.09479576 0.00683720
v 0.43529576 0.11617976 -0.19618231
v 0.58762527 -0.18278861 -0.08101448
v -0.17965072 -0.25836256 -0.43683699
v 0.62902665 0.00767399 -0.00782244
v 0.58388585 0.00774648 0.11667031
v 0.68190229 0.08489344 0.00194743
v 0.38546154 -0.39206868 0.02983843
v 0.66869837 -0.00310498 0.02698255
v -0.59290910 -0.15750076 0.11839682
v -0.21040219 -0.40171540 -0.19266057
v 0.41003305 -0.37176818 -0.03562893
v -0.18409795 -0.21571767 0.45293462
v 0.78791916 0.11364885 0.00949660
v 0.58369231 -0.08127430 0.00345236
v 0.05165657 -0.12266299 -0.53848410
v -0.48421985 -0.26320595 -0.03115836
v -0.24102737 -0.38815016 0.21941379
v 0.53521597 0.20819469 -0.01759183
v 0.23310871 0.19688058 -0.33881524
v 0.13066891 0.21366674 -0.39933604
v 0.69937789 0.04693297 0.02765556
v 0.69467837 0.09932726 -0.03041963
v 0.72259748 0.23185925 0.00486150
v -0.17129856 -0.40003681 0.01939583
v -0.28709403 -0.38832694 -0.27467927
v 0.15462971 -0.37981191 0.16200083
v -0.35911512 -0.36254779 0.07955164
v -0.39365396 -0.30642608 -0.21201470
v 0.68837982 0.04332405 0.02991161
v 0.31873319 -0.39334908 0.08123538
v 0.58478743 0.00493935 -0.02802444
v 0.53453493 0.23979658 -0.06808244
v 0.69250309 0.05488572 -0.03781965
v -0.51493514 -0.23011577 -0.12908340
v 0.77171671 0.09634124 -0.00878325
v 0.58902955 -0.02491971 0.12865013
v -0.58586085 -0.19065037 -0.03794482
v 0.66925430 0.07591748 -0.02815723
v 0.38750571 0.15073708 -0.23840067
v -0.30860382 -0.36478719 -0.11616984
v -0.37035900 0.10471806 0.21691036
v -0.48759007 0.10193081 0.12210646
v 0.65589154 0.07167943 0.04285967
v 0.11790551 0.28637731 -0.32803321
v -0.67308253 -0.12765303 -0.04138950
v -0.46809167 0.15517363 -0.31171477
v 0.24748062 -0.12980241 -0.47351399
v 0.56894517 -0.12902525 0.07089484
v 0.11349532 -0.02307136 -0.52058959
v -0.13828030 -0.31538486 -0.35407633
v 0.16468771 -0.34531149 -0.38729641
v 0.69326079 0.00517078 0.04251057
v 0.60241437 -0.03682761 0.04511010
v 0.58010244 0.01063514 0.10463670
v 0.06513235 0.26702112 0.40927511
v -0.52153426 -0.20617709 -0.01549569
v 0.71595329 0.11741823 -0.02486216
v 0.32358348 -0.35318738 0.34928423
v 0.76036143 0.11379505 -0.00944033
v -0.03323868 -0.36715055 -0.35069200
v 0.22025803 -0.14102477 0.50807261
v 0.08698693 0.27155662 -0.38458365
v -0.67998028 -0.07353406 0.00343990
v 0.62471718 -0.09018949 -0.06560923
v -0.40175921 -0.06836031 -0.46829095
v -0.41048160 0.24427617 0.00032465
v -0.73453468 -0.00848604 -0.00452137
v -0.43114278 0.12310640 -0.42923903
v -0.71296072 -0.03911801 0.07161362
v -0.33825958 -0.34254140 -0.03224096
v -0.47906604 -0.26279095 0.04481709
v 0.42487425 0.29307494 -0.22541440
v 0.03852414 -0.21318105 -0.54666489
v 0.58147454 0.00712491 0.15165335
v -0.38538671 -0.21905515 -0.28029788
v -0.44720674 0.16581847 0.09164008
v 0.27772653 0.05388537 0.43606725
v 0.70791340 0.09807026 -0.01779509
v 0.15512857 0.25958988 -0.42822388
v 0.31948346 -0.21875960 0.38517928
v -0.19461855 -0.33853799 -0.32631597
v 0.62894946 -0.02059451 0.01208794
v 0.78067923 0.13016888 -0.01729328
v 0.79132497 0.10808126 -0.01207528
v 0.72030443 0.08818087 -0.01381549
v 0.04457459 0.29798067 0.33993000
v -0.51640821 -0.24227755 -0.11929411
v 0.67899734 0.02455667 -0.01706529
v 0.65639293 0.04689783 0.00345032
v 0.77078211 0.14073086 -0.00267804
v 0.31060711 0.10124713 -0.33502617
v -0.14118370 -0.37724921 0.10227433
v -0.43825758 -0.31093147 0.15569192
v -0.46283865 -0.28494951 -0.11615413
v -0.33377016 -0.35142538 0.00090376
v 0.36850816 -0.23234364 -0.36343542
v 0.41347712 -0.03127979 0.40622076
v 0.66373253 0.08092896 -0.01489272
v -0.68307513 0.04190591 0.02795392
v 0.63763481 -0.03873430 -0.00567737
v 0.57621729 -0.12291755 0.05958916
v 0.66313744 -0.01442853 0.00867862
v -0.15982400 -0.37608549 0.27357018
v -0.23827021 0.21567625 0.39681298
v -0.11437181 -0.28977412 -0.44609380
v 0.76039207 0.06586654 0.05837914
v 0.71918297 0.04704478 0.00102869
v -0.20773058 -0.35897994 0.30404079
v 0.66518450 0.00877158 0.01877105
v -0.28268421 -0.17718489 -0.40887773
v -0.29982269 -0.36828989 0.09102113
v -0.68308932 0.12279699 0.03215379
v -0.71920186 0.03275728 0.03203624
v 0.66462296 0.14665854 -0.04004464
v 0.77235925 0.08893093 0.03556255
v 0.17977703 0.10115570 0.45406654
v -0.37194014 -0.31474891 -0.20487815
v -0.61947870 -0.14825399 0.03893446
v -0.28973371 -0.28730282 0.36731538
v 0.80278844 0.14422317 0.00132790
v -0.16834517 -0.40056121 -0.12468392
v 0.58152509 0.14346866 -0.06258449
v 0.71346152 0.06287947 -0.00654230
v -0.01766498 -0.40534073 -0.14600772
v -0.49245742 -0.15675859 -0.21908993
v 0.64964169 -0.00019096 0.01523606
v -0.69723064 -0.17657384 0.00961728
v -0.76346320 -0.05346697 -0.00817263
v 0.74630070 0.04572614 0.03874427
v 0.49033695 0.15540341 -0.12255350
v 0.19727826 -0.35028604 0.40480351
v 0.64200854 -0.03500210 0.03451011
v 0.71362370 0.05376239 0.01338172
v 0.15092188 0.14787251 -0.45832491
v -0.58413291 0.00604093 -0.21188992
v 0.47670841 0.15514861 -0.15574542
v -0.26241967 -0.36302674 -0.21108022
v 0.75891685 0.07306400 0.02146271
v 0.73886704 0.07533943 -0.01174573
v 0.76760101 0.05581166 -0.00230256
v -0.46120372 -0.27673748 -0.24434888
v 0.09221365 0.23939730 -0.39422485
v 0.75225347 0.09725655 -0.00002492
v 0.70182109 0.03454931 -0.00570393
v 0.57733434 -0.20670040 -0.09389538
v -0.55574524 -0.13163444 -0.18396291
v -0.25050855 -0.37324774 0.23490757
v -0.23517366 -0.29058865 -0.52369821
v 0.66027623 0.08737980 0.00046584
v 0.00355959 -0.31649876 -0.40209395
v -0.18771747 -0.37273645 -0.33738741
v 0.73332417 0.18085529 -0.00830203
v 0.71188754 0.02093454 0.03383875
v 0.71463108 0.12555529 -0.05682835
v 0.66240180 0.11504774 0.01654631
v 0.64878905 0.06751315 -0.08026327
v -0.75025219 0.12346224 0.01856676
v -0.25427136 -0.35856003 -0.26957560
v 0.14396143 0.34125471 0.32886910
v 0.70537114 0.01661864 0.01445830
v 0.74706692 0.14061250 -0.02076949
v 0.77717161 0.07680687 -0.00202072
v 0.78753763 0.12826593 0.00573498
v 0.71450758 0.11232933 -0.01490343
v 0.57707244 -0.01401253 0.06563836
v 0.17122887 -0.40801406 -0.00501558
v 0.70571315 0.04079371 0.00835517
v 0.78454155 0.13578676 -0.00039729
v -0.05418563 0.27633598 0.38246834
v -0.43510813 -0.27620265 -0.22037524
v 0.55068910 -0.14443736 0.26029307
v -0.30126339 -0.36808550 -0.05665168
v -0.56470019 -0.15076432 -0.23007920
v 0.08821587 0.11211473 -0.51177752
v 0.23107128 0.17889707 -0.37522408
v 0.64603674 -0.03049156 0.00929165
v 0.79182470 0.19436786 -0.02256235
v -0.42534557 -0.27748415 -0.09980783
v 0.55942273 0.13924542 0.06315960
v -0.48281607 -0.25292680 -0.07589445
v -0.66729730 -0.03318436 -0.02400285
v -0.43377718 -0.21906719 -0.28388351
v -0.44108889 -0.12086952 -0.48877650
v -0.74620014 0.02326059 -0.01003352
v -0.58711994 -0.16523509 0.07584903
v -0.33304951 -0.23556438 -0.32879055
v -0.66357541 -0.06684859 -0.14507237
v 0.39890569 -0.25264338 0.32144392
v -0.14535889 -0.34241837 -0.29392222
v -0.59968960 0.14531212 0.02323875
v -0.44818902 -0.20976077 -0.19851857
v -0.32672542 -0.10762174 -0.46084869
v -0.01434338 -0.29195011 0.48495042
v 0.74054885 0.08937810 -0.00485262
v 0.70384306 0.04701659 -0.01131454
v 0.68620050 0.00271625 -0.00128040
v -0.69053811 -0.01800986 -0.07828318
v -0.20404808 -0.41079515 -0.05946592
v -0.08813687 -0.17215998 -0.56186879
v 0.69729251 0.04299283 0.01356369
v 0.70613348 0.09247492 0.01572687
v 0.06453916 -0.32520589 0.44342768
v 0.57634366 0.00511856 -0.02838609
v -0.16260011 -0.34357500 0.43496549
v 0.46775189 -0.10039016 -0.25704178
v 0.64334667 0.10533026 -0.01977035
v -0.35145512 -0.32361227 0.25494635
v 0.57972121 -0.04163927 0.08580431
v 0.18079206 0.11186706 0.48592237
v -0.11635609 -0.30168962 -0.52328169
v 0.55503869 0.12307207 -0.07391632
v 0.27350101 0.11647107 0.42774540
v 0.00769883 0.22856225 0.42411217
v 0.23991933 -0.33541924 -0.46126294
v 0.71136492 0.04176861 -0.00673923
v 0.08525914 0.30677393 -0.32768771
v -0.16866025 -0.13545662 -0.51787853
v 0.41541940 0.22380550 -0.16056690
v 0.23875242 -0.18274923 0.45717871
v 0.30064005 0.17610109 -0.31887144
v 0.30109146 0.01185159 0.40979099
v 0.75811738 0.10517508 0.00486666
v 0.05766700 -0.18516338 -0.60746646
v 0.66377413 0.02112895 0.05076864
v 0.71762139 0.07178932 -0.02563092
v 0.14872605 0.28075448 -0.33945590
v 0.76765454 0.12958364 -0.01351008
v 0.70361102 0.03287900 -0.01121269
v 0.67166364 -0.00591596 0.00289454
v 0.78125441 0.09684078 0.03611115
v -0.38920119 -0.31488472 -0.09625649
v 0.63822716 0.05489148 0.04742530
v 0.79665118 0.16193445 0.00460905
v 0.05540964 -0.11479983 -0.60668778
v -0.25165543 -0.33159119 -0.31710881
v 0.23175471 -0.06036501 -0.47686026
v -0.56748825 0.17813648 0.06708919
v 0.66231275 0.04241117 0.04442057
v 0.72667056 0.10509092 -0.03817832
v 0.04888403 0.05464481 0.47786447
v -0.35045880 -0.34777579 -0.22352478
v 0.70323378 0.04687859 0.00120383
v -0.70904887 -0.01999085 -0.05901414
v 0.24412085 -0.03834470 -0.43488592
v -0.70948243 0.04986215 -0.00102615
v 0.34482017 -0.31460750 0.36410493
v -0.10560408 -0.00630650 -0.56657231
v 0.60399806 -0.06822968 0.02836110
v 0.66378629 -0.01395711 0.00692338
v 0.01510418 -0.41541931 -0.00351959
v 0.76531327 0.07900093 0.00865248
v 0.41007346 -0.27548024 0.30091009
v -0.71775717 0.17276880 -0.01174320
v -0.65969682 0.10609837 0.02813773
v -0.33473292 -0.33186609 -0.12135044
v -0.40381745 -0.33072016 0.07415837
v 0.07886257 0.26958886 -0.43014580
v 0.73407227 0.05318491 0.00381047
v 0.76555294 0.14913626 -0.05357591
v -0.44981033 -0.25865045 0.31320119
v 0.77786982 0.15933220 -0.03033131
v -0.23995152 -0.37039265 -0.25469255
v 0.67356884 0.00623342 -0.01124319
v 0.55330324 -0.26530296 0.13527164
v -0.37570184 -0.33222222 -0.16175339
v 0.75595504 0.10688286 -0.02824527
v 0.62019849 0.22285627 -0.06297880
v -0.55199301 -0.22233556 0.01738013
v 0.41138136 0.11447647 0.31072500
v 0.65629983 0.01506362 0.16694906
v -0.26457614 -0.10279106 0.38344422
v -0.38119617 -0.29184809 0.03321148
v 0.03470945 -0.16369361 -0.53773570
v -0.23411793 -0.16041005 -0.65477508
v 0.67923033 -0.00463086 0.03279975
v -0.45812598 0.05800010 0.13848528
v -0.34409460 -0.34866866 -0.22075069
v -0.10800463 -0.35832214 0.37549454
v 0.00515828 0.07411323 0.46250123
v 0.27777740 0.28737020 0.32627955
v 0.75298053 0.11701676 -0.01875659
v 0.46092391 0.15089212 -0.13996890
v -0.45420811 -0.25399446 -0.11144802
v 0.36720890 0.29268765 0.24288648
v -0.36847019 -0.32926261 -0.18645936
v -0.52637386 -0.16688101 0.05270157
v 0.75608599 0.09016888 -0.00910102
v -0.47193035 -0.28208065 -0.05034864
v 0.03712617 0.37106586 -0.26650369
v 0.63962400 -0.04331949 -0.00921360
v 0.77096510 0.16604266 -0.01762287
v -0.62789023 -0.20579346 -0.01454984
v 0.68064177 0.04077177 -0.03920259
v -0.27057266 -0.37184638 -0.00843081
v 0.64453220 -0.03689577 -0.00688577
v 0.62372291 -0.02067016 0.01905397
v -0.28091455 -0.36454728 0.30126822
v 0.73303127 0.09465733 -0.03619339
v 0.23556054 -0.23994206 -0.46163848
v 0.00007956 0.04891524 -0.52328980
v -0.47889465 -0.31391144 -0.07224643
v -0.56572050 -0.18576863 0.00058565
v 0.75294977 0.08981517 -0.00422966
v -0.43889424 -0.25455242 -0.22225407
v 0.79241788 0.15934879 0.01085447
v -0.50797307 -0.24803349 -0.08867267
v 0.59005272 -0.06843301 0.05276641
v 0.06369084 0.31894004 0.34282979
v 0.20955440 -0.36243519 0.30716670
v 0.73575544 0.06207462 0.02537784
v -0.13440317 -0.36105198 -0.29308504
v 0.63702583 0.12897795 -0.03264052
v 0.36640111 -0.23302960 0.39953333
v 0.19106399 -0.12330966 -0.46744981
v -0.34231651 -0.32245338 0.05069406
v -0.70565367 0.00577388 -0.00879767
v 0.71103674 0.13459197 -0.01116233
v 0.70151889 0.01165636 0.03847221
v -0.59898704 -0.15934631 -0.05508280
v -0.65212524 0.02867261 -0.11338606
v 0.77685869 0.07542022 0.00468495
v 0.28879142 0.15361561 0.37327653
v 0.16383667 0.05567756 -0.47278869
v -0.40001294 -0.31552309 -0.03638542
v -0.57671583 -0.08823348 0.10323642
v 0.69846225 0.19862488 -0.02891567
v -0.29046923 -0.02770685 -0.59827071
v 0.61723745 -0.08153857 0.07691965
v -0.21261829 -0.38073173 0.25745729
v 0.48124522 -0.09819540 0.26024863
v 0.25652513 0.23318270 -0.32049584
v 0.31064510 -0.17689446 0.41023999
v 0.21891229 -0.37700489 0.27437294
v 0.70818341 0.06911917 0.04102516
v -0.21055269 0.36478436 0.11467054
v 0.72308922 0.09046754 -0.03045374
v -0.17685379 -0.11767519 0.53439218
v 0.20796874 0.25363421 0.41261026
v -0.51623970 -0.23891592 -0.01685932
v -0.60017717 0.01110443 -0.09161362
v -0.70439607 -0.06814353 -0.03132477
v 0.75328255 0.06189258 0.02476963
v 0.63014656 0.02254300 -0.09738918
v 0.72054631 0.02989466 0.06248936
v 0.64790541 0.02387315 0.05099201
v 0.76675737 0.09166759 0.00388020
v -0.73228294 0.05994938 0.01679122
v 0.31391472 -0.08311747 -0.40837350
v -0.49754289 -0.08722392 0.25122786
v -0.38178712 -0.14174879 -0.36015591
v -0.36299336 -0.35220373 0.17992556
v -0.53202003 -0.09029145 -0.17868039
v -0.18196236 -0.25192666 0.42279631
v -0.40619001 -0.30474889 -0.22397277
v -0.07813181 -0.32076776 0.35669953
v 0.17307600 0.27133289 0.41384894
v 0.08253279 0.26320535 -0.39551201
v 0.06814668 0.33394304 0.29197389
v -0.36643550 -0.27609012 0.25665256
v 0.49372879 0.26907840 -0.10919891
v 0.23342490 0.25265986 -0.26995113
v -0.44152853 -0.23449804 -0.28860632
v 0.77560389 0.07053365 0.00940505
v -0.61110973 -0.17294231 0.00429745
v -0.34482932 -0.30623204 -0.26244664
v 0.63532281 -0.05188149 0.01590484
v -0.72037810 -0.04975647 -0.00608232
v -0.33079398 -0.35727984 -0.02649680
v -0.00235721 0.28377426 0.36837131
v -0.46867734 -0.15436536 0.25634447
v 0.68756539 -0.02867968 0.02434340
v 0.72249848 0.10601683 0.00409496
v 0.15619551 0.32232556 -0.24071813
v -0.68272644 -0.11570752 0.00205004
v 0.05882199 0.29319537 0.38199440
v -0.15106675 -0.16457614 -0.55659932
v 0.18446556 -0.04241397 -0.48099664
v -0.24607028 -0.37678009 0.18415074
v 0.78526008 0.14560837 -0.02588415
v 0.13561353 -0.38702118 0.20833147
v -0.55437505 -0.17758690 -0.02836230
v 0.67291403 0.04725210 -0.00313917
v 0.74590147 0.08138904 -0.00859416
v 0.57947218 -0.09471653 0.02096564
v 0.41411060 0.28957784 -0.08693764
v 0.74663562 0.11214337 -0.03838212
v 0.60073495 0.02264197 0.05560669
v 0.66470635 0.09205882 -0.00531363
v 0.21547039 0.14828634 -0.39192739
v 0.54558295 0.15426186 0.09649250
v 0.71305329 0.08175831 -0.01664726
v -0.18231042 0.29149544 -0.17124736
v 0.80394471 0.15372238 0.00031011
v 0.68662608 0.05249152 -0.00245251
v -0.74785501 0.03852634 -0.01954871
v 0.72379553 0.03459577 0.01417425
v 0.66453314 0.00925368 -0.02518535
v 0.70310885 0.06579122 0.02006134
v -0.50799608 -0.25415802 0.03736102
v 0.65318716 -0.04456638 -0.03710573
v 0.79957563 0.17125978 0.01290467
v -0.38805908 -0.33362687 -0.00253770
v -0.38288677 -0.10504200 -0.49142829
v -0.19308770 -0.35511902 -0.16631961
v -0.35573474 -0.30363262 -0.22303534
v -0.19321854 -0.39368212 0.09570032
v 0.08754236 -0.40753448 0.03249688
v 0.69485450 0.00889727 0.00334254
v 0.17041866 0.06484655 -0.48727429
v -0.26628888 -0.37292123 -0.20090219
v 0.45052633 -0.24090298 0.27553570
v 0.65594375 0.00548625 0.00764644
v -0.40425083 -0.11987299 -0.34716681
v 0.68328083 0.00264230 -0.02567008
v 0.68884134 0.07762240 -0.00764129
v -0.21898922 -0.37866604 0.06461418
v 0.71150744 0.09291716 0.04829589
v 0.52976263 0.10045838 0.21204308
v 0.66176844 -0.00508172 0.00849783
v 0.38192844 -0.02534696 0.38246721
v -0.30781424 -0.22747752 -0.34250885
v 0.40896454 0.19144365 -0.09136078
v 0.64011061 0.02131136 -0.03027848
v 0.71362263 0.06243149 0.01262580
v 0.35242397 0.02113459 -0.32757145
v -0.06664374 -0.37872979 0.25953251
v 0.72624552 0.04200267 -0.00657892
v -0.47546208 -0.21748269 0.16282281
v 0.07454827 -0.42342722 -0.18977678
v -0.20239425 -0.37096155 -0.34034103
v 0.64271879 0.06213702 -0.06870225
v 0.68451363 0.06076080 0.00841689
v -0.10883611 0.02253476 -0.53079724
v 0.65885514 0.08431782 -0.01713607
v -0.46417993 -0.09369391 -0.36347243
v 0.76036680 0.04524725 0.03041056
v 0.64184773 0.17068328 -0.02570835
v 0.63060677 0.01552976 0.06281590
v 0.74900311 0.10147962 0.00464475
v -0.40197894 -0.33838451 0.16578236
v -0.34854952 -0.31721950 -0.19417122
v -0.39687151 -0.29169366 -0.32712299
v -0.67582089 -0.02864952 0.01473713
v -0.41729310 -0.30114019 0.04439851
v 0.11760007 0.08239226 -0.51191390
v 0.72505999 0.16817592 -0.03115161
v -0.56227916 -0.21339391 -0.05337244
v 0.23718897 0.25545025 0.33443031
v 0.62317431 -0.03142416 0.00914681
v 0.67127258 -0.00195003 -0.01866155
v -0.62785083 -0.14060894 -0.06294554
v 0.49214038 0.13299407 -0.13353768
v 0.69980502 0.08090462 -0.00596213
v -0.14818364 -0.39145344 -0.29305008
v -0.69903320 -0.01289660 -0.05744433
v -0.26880640 -0.34478462 0.32040411
v 0.77925050 0.11901678 0.01536575
v 0.39815095 0.25121140 -0.18382545
v -0.65036201 -0.09087566 0.01164889
v -0.19124892 -0.35300532 -0.27968687
v -0.18409343 -0.11112863 -0.53072786
v 0.55039275 0.06400859 0.21817786
v -0.28324202 -0.35799074 -0.07901084
v 0.32239878 0.07113601 0.39311361
v 0.35556367 0.21676975 -0.19616619
v -0.57920635 -0.17115493 -0.08520287
v 0.75761604 0.07355819 0.01712728
v 0.03236000 -0.21005416 -0.54145116
v -0.17260247 -0.36398765 0.12030104
v 0.70159829 0.01381199 0.05098578
v -0.55472857 -0.17994371 -0.20532921
v -0.07066882 -0.40277618 -0.26544380
v 0.68969142 0.05523758 -0.02937013
v -0.54589903 -0.19468465 -0.19206867
v 0.56412226 -0.11721756 -0.05118936
v -0.46129251 -0.29749918 0.04181966
v 0.69324636 0.03477332 0.00038927
v 0.63000405 -0.00060815 -0.01047742
v -0.28585178 -0.35781479 0.14849189
v -0.61161464 -0.15630540 0.01431574
v 0.13046829 -0.30354792 -0.51929361
v -0.52351218 -0.23275839 0.02385585
v 0.70165586 0.08675875 0.01453757
v -0.01579022 -0.39387724 0.08824241
v -0.43424675 -0.20590997 -0.36314338
v -0.52936637 -0.29610538 -0.00288122
v -0.09689854 -0.36475974 -0.43423155
v 0.51566797 0.04437360 -0.05753323
v 0.00629231 -0.39153141 0.10143581
v -0.28676251 -0.36542156 -0.18840322
v 0.72772014 0.05429418 0.01790801
v 0.72914732 0.15551111 -0.00663818
v 0.62958229 0.03691916 0.11322048
v 0.77055800 0.13236946 -0.00098900
v -0.79153967 0.03376665 0.05322868
v -0.09603700 -0.33651304 -0.41188115
v 0.54636800 0.00665051 0.26164341
v 0.76044720 0.07734195 0.00871360
v -0.00234193 0.36244947 0.06151984
v 0.61078238 -0.03914627 0.01905620
v -0.27689934 -0.38135219 -0.11583170
v 0.45529824 -0.08680286 0.30306453
v -0.57905781 -0.18773766 -0.03175667
v 0.76731628 0.13932015 -0.01859719
v 0.15988439 -0.24415183 -0.48725331
v 0.16722326 0.07621418 -0.47185889
v -0.25514325 -0.34313142 -0.26453599
v 0.21485128 -0.34179366 0.39717966
v -0.03262223 -0.38518929 0.11983800
v 0.71663266 0.06648194 -0.01746454
v 0.55035162 0.03651491 0.17447746
v -0.73671466 -0.03606439 -0.01113263
v 0.18537575 -0.24100004 -0.46310905
v -0.13558066 -0.08352233 -0.57433844
v 0.07763839 0.22977847 0.39743847
v -0.31406456 -0.17297800 -0.42484453
v -0.29420823 -0.34795302 -0.17249393
v -0.45123124 -0.29697946 0.04864891
v 0.44585866 0.01916032 -0.19795635
v -0.65476131 0.08661994 0.10096085
v -0.67608356 -0.07659217 -0.00831708
v 0.08187060 -0.29927105 -0.52808428
v 0.68856204 0.02778787 -0.01320428
v -0.78215361 0.06685879 0.03561672
v 0.16114986 -0.03445148 -0.49820551
v 0.75130183 0.11500927 -0.02592504
v 0.59476995 -0.08633530 0.08707762
v 0.75965381 0.07718313 0.02724153
v 0.75625229 0.10051622 -0.01740858
v -0.15153575 -0.12894583 0.38880134
v 0.12348749 -0.38448489 0.18280199
v 0.69613087 0.01319075 0.01272798
v -0.35065460 -0.20404021 -0.39300835
v -0.68658143 0.15318412 -0.00476107
v 0.07065850 -0.40961629 0.15201762
v -0.37038821 -0.31647205 -0.18398890
v -0.64470869 -0.06506541 -0.14838409
v -0.54441965 -0.21856603 -0.03661075
v 0.66840482 0.05817819 -0.02953179
v 0.70911968 0.04663855 -0.00099383
v 0.56362599 -0.10100047 0.13912293
v 0.16072991 -0.36549631 0.37840948
v 0.47444355 0.19014794 0.05821353
v 0.73402846 0.06452962 0.05646870
v 0.77727103 0.14719397 -0.03590940
v 0.34532440 -0.34757817 0.28313103
v 0.74206638 0.07577395 0.00693533
v -0.68892974 0.09711914 -0.05405787
v 0.73282677 0.04474637 0.00758424
v 0.72039455 0.06603515 -0.01798701
v 0.75871015 0.07184218 0.01660150
v 0.73753154 0.08756112 0.00720534
v 0.38170075 -0.21115619 0.37073749
v -0.37180525 -0.20945175 -0.37482345
v -0.65393400 -0.09863131 0.01103689
v 0.69656372 0.00888072 0.03842908
v 0.13487543 0.27771613 -0.33784452
v 0.46196553 0.14604464 -0.13123991
v 0.00156154 -0.39572120 0.21108796
v 0.50154698 0.10051990 -0.09729519
v -0.19897570 0.21337461 0.29068744
v 0.08259090 -0.35827649 0.25701812
v 0.69362307 0.04538535 0.03163768
v -0.00696613 0.15774088 0.47631413
v -0.37295753 -0.20311412 -0.45038655
v -0.55103141 -0.08038799 -0.24295658
v 0.73434794 0.10156744 -0.03038497
v 0.09543028 0.14639485 0.45639125
v 0.78861588 0.15796587 -0.01249183
v 0.45739377 0.20115407 0.31195492
v -0.64688295 -0.04948989 0.04449856
v 0.77055132 0.12938531 0.01497999
v -0.57948995 -0.18700965 -0.00717655
v -0.78475302 0.04748121 -0.00513899
v 0.19495976 -0.20940915 -0.47949979
v -0.17547648 0.32128119 0.12439521
v 0.72631508 0.12754926 -0.01856730
v -0.20040101 0.13638075 0.41564167
v -0.30501068 0.20691431 0.29023236
v 0.41043460 -0.30529720 0.28426135
v 0.15564887 0.00395307 -0.47919104
v 0.69106042 0.04884756 -0.05569875
v 0.71132970 0.05150589 -0.04117838
v -0.00703512 0.24675798 -0.47470215
v 0.57513767 -0.14396138 0.06913736
v -0.03805786 0.14607483 -0.54209161
v 0.63058496 0.02576637 0.00117299
v 0.65010375 -0.00866660 0.06965157
v -0.13235629 -0.35472837 0.40639943
v -0.41885966 -0.20601438 -0.29658189
v 0.57458574 0.07990095 0.16794983
v 0.57210612 0.00575249 -0.07784311
v -0.07810185 -0.24097952 -0.54988939
v 0.70436245 0.13941471 -0.00484863
v 0.64004195 -0.02934428 0.07843056
v 0.55598873 0.10529321 -0.09716630
v 0.40617234 0.17935833 0.21559519
v -0.32108039 0.25862867 -0.32102942
v -0.55442607 -0.23259379 -0.18793499
v -0.11291751 -0.36894226 0.24997529
v 0.20561178 0.18175605 0.43444657
v 0.74638283 0.04888578 0.01106426
v 0.69527805 0.07874459 -0.02771236
v -0.41730756 -0.31995457 -0.02578938
v -0.26294318 -0.17534566 -0.64074051
v -0.00006379 -0.39409176 0.05269763
v -0.62472653 -0.23852848 -0.08484816
v 0.60811609 -0.02796803 0.00101192
v 0.19834366 -0.05870625 -0.50257951
v -0.35475883 -0.32245690 -0.17935714
v -0.18937585 -0.38999256 -0.19162580
v 0.74005222 0.14313211 -0.04805587
v 0.46577159 -0.16600074 0.34144703
v 0.65715092 0.15952921 -0.07837790
v 0.59027302 -0.08697687 -0.06931876
v 0.78515923 0.14330706 -0.01434289
v 0.13119563 -0.44016314 0.02833357
v 0.70712233 0.12149416 0.00292504
v -0.67265683 -0.05807953 0.02878809
v 0.77892959 0.15619044 -0.02010575
v 0.10932887 -0.39699149 0.23768535
v 0.61793113 0.06832063 0.08149537
v 0.22404866 0.01914226 -0.45095775
v 0.71859682 0.03819238 -0.00009045
v -0.27533501 -0.37850207 0.01207684
v 0.67539662 0.02041394 0.01738805
v 0.01818374 0.17289691 0.49315780
v -0.69289219 0.16924612 -0.06113948
v 0.67560422 0.12419599 -0.01624775
v -0.08833382 -0.38253146 -0.37485999
v -0.10367763 -0.34708789 0.40637392
v 0.66643679 0.01985426 0.02167752
v -0.60905516 0.01095863 -0.19868687
v 0.10126793 -0.23025449 0.51711112
v 0.67655545 -0.00493856 0.01160923
v 0.69499868 0.00406483 0.01971751
v 0.79090267 0.11638603 0.03053212
v 0.59262490 0.07004707 -0.02821451
v 0.69388545 0.02731274 0.03413621
v -0.09086765 -0.37925929 -0.34705907
v 0.64985442 0.14251743 -0.06483400
v 0.42215487 0.11955650 -0.18121201
v 0.73124778 0.06455658 0.00709119
v -0.69127417 0.03699414 0.03074318
v -0.80082792 0.01468025 -0.05558490
v 0.70126444 0.08139899 -0.01458271
v -0.35341287 -0.33625281 -0.15023607
v 0.77166229 0.14675249 -0.01012339
v 0.31816828 0.02615975 0.41484189
v -0.20166512 0.09546757 0.38495773
v 0.74004835 0.06405430 0.00783825
v -0.18274219 -0.11862768 -0.46636271
v 0.64913094 -0.03581503 0.02997932
v 0.65051723 -0.03794086 0.04026562
v -0.57016242 -0.17073050 0.05467722
v -0.38072991 -0.22193241 -0.31128943
v 0.18690941 0.18626700 0.42856324
v 0.71363831 0.06428277 -0.02874350
v 0.59440792 -0.05680373 0.04969814
v -0.56439507 -0.14619797 -0.20610163
v -0.50615841 -0.24858674 -0.06567249
v 0.65118432 -0.02286604 -0.00960830
v 0.12769353 -0.03369697 -0.51592690
v 0.60764992 0.11683136 -0.00645137
v -0.10263427 -0.04795729 -0.55381197
v 0.25594997 -0.11892153 0.46170533
v 0.15307698 0.24231640 0.38803935
v -0.22348309 -0.38359970 0.12232279
v -0.52411640 -0.18057111 -0.28501338
v 0.80356395 0.14342490 0.00774109
v -0.53654993 -0.16988930 -0.14607137
v 0.52708453 0.10605487 -0.09733608
v 0.13519582 -0.09513147 -0.52727836
v -0.65405393 -0.11284006 -0.00264886
v 0.09611375 -0.24356440 -0.57102460
v -0.74112380 0.09298638 0.04508023
v -0.54223943 -0.11016598 -0.21767402
v -0.28217179 -0.05554269 0.39185271
v -0.00880012 -0.07660053 -0.55405241
v 0.75489235 0.05352834 -0.00174826
v 0.25661007 0.28896180 0.34492368
v 0.32214212 -0.25033712 0.40230063
v 0.75151646 0.10609786 -0.01821542
v 0.18264303 -0.40331033 0.17543094
v -0.58124965 -0.15200672 0.14764053
v 0.73100752 0.04638430 -0.00462788
v -0.70116711 -0.07200341 -0.02403054
v 0.66673905 0.11923067 -0.04355153
v -0.19842434 -0.39910737 0.16290373
v 0.46017846 -0.35612488 0.06273099
v -0.55844337 -0.16028073 -0.11325964
v -0.44549999 -0.05517449 -0.41079199
v -0.20814401 -0.34889078 0.21821755
v 0.70780855 0.08734496 -0.03081334
v 0.61515903 -0.06279840 -0.00705516
v -0.64041317 -0.19019020 0.09646576
v 0.62412381 -0.01899825 0.02476760
v 0.44632474 0.17982851 -0.14573854
v 0.61213946 -0.02924439 -0.04073837
v 0.78737950 0.18472525 -0.01420347
v 0.26930469 -0.24369720 -0.47314492
v -0.11988419 -0.37481353 0.03872743
v -0.54076475 -0.15139681 -0.19758248
v 0.66588235 0.15966170 -0.03985468
v -0.60327399 -0.14432997 -0.05477469
v -0.75295806 -0.00899637 -0.05283868
v 0.57913125 -0.11637728 0.11776718
v 0.24196774 -0.32179356 0.37198561
v -0.03612229 -0.41023028 -0.27287030
v -0.49521536 -0.24611609 -0.14984947
v -0.43330169 -0.30989406 0.08323459
v 0.77796173 0.14108448 -0.02717526
v 0.55775356 -0.11229841 0.18072024
v 0.62402618 0.07899686 0.05148887
v 0.35830861 -0.01143775 0.38245219
v -0.69154096 -0.05685591 -0.09296988
v -0.66614592 -0.03397055 -0.02430064
v -0.70604789 0.02342972 0.01228684
v 0.15500908 -0.41200882 -0.00639868
v -0.70388675 -0.05267501 -0.00946277
v -0.02337208 -0.33770382 -0.46961820
v -0.07426551 0.24916631 0.30296975
v -0.03622767 -0.37704426 0.23445942
v -0.57092845 -0.00277184 -0.25001800
v 0.03755756 -0.41621539 -0.04996207
v -0.28797305 -0.35695231 -0.08869976
v 0.77830625 0.11868675 0.02563143
v 0.16001017 0.08296920 0.49922383
v -0.24391332 -0.34801906 -0.21205467
v 0.57301092 0.10962901 0.08952641
v -0.71696901 0.08491666 0.00102766
v -0.61637574 -0.09193926 -0.14028099
v 0.59734136 -0.05860563 0.08858186
v -0.21069619 -0.40020013 -0.17748982
v -0.57258415 0.06826735 0.09050047
v 0.03929150 -0.41147619 -0.03308687
v 0.80737060 0.16054027 0.02651769
v -0.30922842 -0.33922881 -0.19631577
v -0.72320795 0.07766810 0.03302959
v 0.72993368 0.04162411 -0.02625686
v -0.33808619 -0.36018777 0.01500335
v 0.60034126 -0.03333171 0.04918832
v -0.06784266 -0.08420482 -0.58935505
v 0.59215701 -0.05729836 0.01160421
v -0.56983328 -0.10944999 0.18189672
v 0.67058277 0.15356816 -0.02515787
v -0.61376256 -0.16501610 -0.02844393
v 0.58503658 0.04268131 -0.00051096
v 0.11335492 -0.09149009 0.52876288
v -0.30088782 0.21782088 0.32663292
v 0.03727505 0.13081911 -0.53571928
v -0.26598033 -0.34171200 -0.26232845
v -0.57878697 0.18492496 -0.22382334
v -0.42626053 -0.32041562 0.03132102
v 0.79895592 0.14637387 -0.01728173
v 0.61171645 -0.08974612 0.06263173
v 0.59570152 0.05303506 -0.08236143
v 0.07849231 0.28804576 0.31557754
v 0.74812818 0.18925388 -0.01551256
v -0.28007925 0.33270782 -0.12170225
v 0.05201322 0.31524900 0.23739806
v -0.32948849 -0.33271319 -0.12045911
v 0.65362120 0.07110901 0.02528867
v 0.32574022 0.13319765 0.36941397
v 0.71780336 0.09606530 -0.00312861
v 0.46729279 0.18886456 -0.16121602
v 0.69336903 0.02004452 0.00218016
v -0.48340681 -0.24657202 -0.08581689
v 0.66553980 0.03387815 0.04113492
v -0.78460431 0.00620018 0.00319114
v -0.03616109 -0.17605686 -0.54064375
v 0.41937461 -0.25123012 0.35590616
v 0.21587935 -0.14674740 -0.52304858
v -0.09745082 -0.31461334 -0.54717213
v 0.76553440 0.07843754 0.01777589
v 0.11489902 0.05490442 -0.51611286
v -0.60373914 -0.13743576 -0.19671407
v 0.69140184 0.15078861 -0.01062870
v 0.19957997 0.38614511 -0.09883171
v 0.21101077 0.09807047 0.48583931
v 0.71679056 0.04710083 0.00455615
v 0.73390603 0.17942664 -0.00787700
v -0.23226479 -0.29759640 -0.29994589
v -0.21513700 -0.30419987 -0.39474145
v -0.50703359 -0.13362969 -0.20736590
v -0.38162246 0.26222682 0.32808366
v 0.68836969 0.11158994 -0.02519485
v 0.69732422 0.02306571 0.00138275
v 0.12778656 -0.23433399 -0.50492489
v -0.33275151 -0.15052779 0.24521458
v 0.17696992 0.30076763 -0.28112358
v 0.75812346 0.13013276 -0.02841248
v -0.14702094 -0.28829151 -0.39873475
v 0.37881660 -0.06108290 0.39422780
v -0.17582965 0.24208112 0.31288016
v 0.30039436 -0.36747357 0.32686478
v -0.51835907 -0.23442733 -0.10744807
v 0.75065923 0.06505121 0.02351363
v -0.75468898 0.12818721 -0.04948796
v 0.69343698 0.02918869 -0.00800078
v -0.02759486 0.00791755 0.50995290
v 0.75570309 0.07547694 0.00680616
v 0.61969966 0.15532966 0.01503575
v 0.58202338 -0.03027621 -0.04623654
v 0.09872518 0.35721076 0.32335621
v -0.56169754 -0.22908218 -0.00531384
v 0.73509997 0.08195369 -0.01217957
v -0.07907376 -0.41475737 -0.04702761
v -0.52871084 -0.25570744 -0.00110859
v -0.05257393 -0.07157107 -0.58389354
v 0.06971143 0.22808978 -0.49293992
v -0.14116898 -0.22408882 -0.54327202
v -0.64659584 -0.08585436 0.06503796
v -0.29483643 -0.39807510 -0.03648743
v 0.56063664 -0.06904434 0.14544499
v -0.76156569 0.00950613 0.01423715
v 0.70447069 0.04984598 -0.02544980
v -0.06927839 0.08169138 0.47761053
v -0.19348162 -0.34787211 -0.34612429
v -0.23263127 -0.39897695 -0.05451632
v -0.41727597 -0.32183802 0.08574167
v 0.67710727 0.04155879 0.01017971
v -0.23311540 0.18790749 0.36275947
v 0.06129712 -0.05175786 -0.56218678
v -0.19630826 0.01465847 -0.61350417
v -0.18357497 -0.36850196 -0.32362682
v -0.75653386 -0.02406970 -0.07728671
v -0.50481057 -0.26564217 0.00901735
v 0.25194308 0.24069795 -0.22527424
v 0.17781116 0.10178778 -0.45753622
v 0.65371788 -0.00858776 -0.00316843
v 0.68630755 0.21497287 -0.03674898
v 0.66079366 0.07984667 0.03613302
v 0.43591401 0.28300783 -0.08726493
v 0.52896690 -0.03222676 -0.10431930
v 0.25837672 0.25753993 0.37864697
v 0.37458700 0.23703930 -0.06118551
v 0.73007900 0.05752529 0.00619646
v 0.60136855 0.17413189 0.02851719
v 0.61966002 -0.03063519 -0.00561666
v 0.64214659 0.06607589 0.01035395
v 0.64745402 -0.03852958 0.03514853
v -0.36174580 -0.30403996 -0.23988035
v 0.61980903 -0.01571077 0.01405338
v 0.77967149 0.10461603 0.00840169
v -0.00912733 -0.41204840 -0.17834318
v -0.77826315 0.11259447 0.01010671
v -0.54349816 0.03628042 0.15419909
v -0.22593865 -0.36198378 -0.27257556
v -0.29401979 0.26588517 0.20107210
v 0.55664212 0.01294599 0.21080163
v -0.63539612 -0.10050213 -0.12062353
v 0.80473709 0.16778350 -0.00388595
v -0.50399172 -0.13870028 0.31113461
v 0.65455157 -0.00256699 -0.02784912
v -0.57104439 0.04645773 -0.29066119
v -0.08704460 -0.40352315 0.14257267
v -0.74497229 0.01577105 -0.01559258
v 0.04420631 -0.20839067 -0.53524637
v 0.53113079 0.03133404 -0.04795620
v 0.13761109 -0.28029779 -0.44401628
v 0.09740940 0.30030331 -0.28617746
v -0.47925198 -0.30860806 0.18389770
v 0.73284262 0.08456525 -0.01878653
v 0.67808396 0.00906287 -0.00291057
v -0.59811831 -0.18355654 0.12185432
v -0.33286765 -0.33784550 -0.04808816
v -0.54836714 -0.20789766 -0.04937142
v 0.45180830 -0.17822686 0.35348740
v -0.70984769 0.10032099 -0.00490968
v 0.73547798 0.08886968 -0.03433742
v 0.39841625 -0.17307378 0.37145793
v 0.63835520 -0.00607577 -0.01281010
v -0.41960952 -0.29853702 -0.19513604
v 0.59863460 -0.20434646 -0.00515833
v -0.54383844 -0.12853673 -0.19679651
v -0.28937879 -0.39877549 -0.03109023
v -0.17938432 -0.34883144 -0.21535641
v 0.09227362 0.26233512 -0.40983236
v 0.67045188 0.00861438 0.01804042
v -0.19499977 -0.40471578 -0.16948777
v 0.11967172 -0.42936823 -0.24711168
v -0.42120022 -0.26736498 -0.16324165
v 0.64607787 -0.04347160 0.00238657
v -0.14828971 -0.21529800 -0.48272967
v -0.32945061 -0.34553748 -0.01103324
v 0.62200904 -0.01779889 -0.02385534
v 0.27586627 -0.19386181 -0.44111842
v 0.73494220 0.10952789 -0.03692330
v -0.54002172 -0.20378774 0.04313248
v -0.45972216 -0.04129884 -0.42755970
v 0.02736962 0.23632398 0.42676675
v -0.53706747 -0.20601252 -0.03715599
v 0.70911741 0.02199760 -0.00835794
v 0.13023683 -0.03030980 -0.51422268
v -0.45547491 0.06849553 0.22804153
v 0.69400096 0.03420632 0.00390185
v -0.35927936 -0.34184611 0.02053568
v 0.72427469 0.03454103 0.01165685
v 0.61197066 -0.03914726 0.00310642
v 0.30774444 0.09910713 0.42597890
v -0.20138671 0.34783587 0.25796545
v 0.78447717 0.19533372 -0.00078347
v 0.53691304 -0.14843453 0.10874038
v 0.74752516 0.09258747 -0.01460570
v 0.27215785 0.23790137 -0.26488817
v 0.16495867 0.29113936 -0.30122402
v -0.51935697 -0.26514411 -0.03689501
v -0.35384691 -0.29703203 -0.22488052
v -0.24503994 -0.24125196 -0.43773255
v 0.60238361 0.06162849 0.09439379
v -0.32729530 0.26324952 0.16503692
v 0.48649782 -0.33810526 -0.08586643
v 0.68148983 0.01364180 0.00544193
v -0.65798539 0.03230847 0.23142886
v -0.56124568 -0.19301201 0.01458845
v -0.47247106 -0.28727847 0.28614002
v -0.71066332 0.04655051 -0.04778016
v 0.65214747 0.01498373 0.00136191
v -0.74021763 0.01732628 -0.00854847
v -0.68393660 0.03014287 0.00962678
v -0.04612540 -0.15081978 -0.59727657
v 0.29856017 0.12503920 0.40489963
v 0.59783596 0.14360440 0.04915485
v 0.80074799 0.14274469 0.01558432
v -0.29981887 0.16460884 -0.53069198
v -0.21608184 -0.36319911 0.17732930
v -0.02725987 -0.10561898 -0.62231779
v -0.00771740 0.23174205 0.44720399
v 0.64870036 0.10802084 -0.10456219
v -0.06142678 -0.39857537 0.13186367
v 0.30759490 0.13280259 0.40154409
v 0.72070789 0.12018412 0.00504445
v 0.21406429 0.12220456 0.44225186
v 0.64921403 -0.00040127 0.00194797
v 0.46899498 -0.02210934 0.22539654
v 0.60056019 0.11170331 -0.00195399
v 0.65345037 -0.01472910 0.01808901
v -0.52573526 0.15675531 0.05852968
v -0.43881518 -0.17089209 -0.21153021
v 0.62550128 0.15829688 0.01492456
v -0.18692988 -0.37039238 0.25554100
v -0.55657649 -0.23592272 -0.07186091
v 0.72342408 0.04664378 0.01673430
v -0.14915428 -0.36846840 -0.10525230
v 0.68425524 0.02052387 0.01622346
v -0.37881100 -0.33997953 0.20460668
v 0.71581250 0.18889381 0.00109771
v -0.45741007 -0.18229172 0.16010216
v 0.36500859 0.34326729 -0.04162262
v 0.25514722 0.28015330 -0.02206079
v -0.31253028 -0.17402120 0.37632138
v -0.26335165 0.12773076 0.30136380
v -0.67581105 -0.06439582 0.01270136
v 0.69189459 0.14906231 -0.02382278
v 0.56526446 0.11052890 -0.10605541
v 0.44404477 -0.18450914 -0.26331335
v -0.22108203 -0.07175373 -0.55637586
v 0.45390108 -0.16392389 0.30369025
v 0.00915244 -0.33141345 -0.44196966
v 0.39559847 -0.21928754 0.38630068
v 0.71558356 0.05045103 -0.01752159
v 0.60223663 -0.21084717 0.08951498
v 0.55007064 0.07513264 -0.02077752
v -0.42486066 -0.16435434 -0.30116296
v 0.22064036 0.10614096 -0.42494023
v 0.06882971 -0.41981405 -0.02751496
v 0.72281349 0.05588192 -0.01936924
v 0.61317265 0.04820943 0.00216258
v 0.02537470 -0.40322578 -0.01562718
v -0.16248253 -0.40651292 -0.27781725
v -0.48731029 0.22460093 0.10411140
v 0.62275851 -0.02017292 0.00143265
v 0.61309564 0.07355131 -0.00013328
v 0.76953197 0.12699309 -0.02333367
v 0.68291521 0.00245994 -0.00510186
v 0.12473633 0.24508229 -0.40077031
v -0.60882843 0.01039957 -0.06083315
v -0.19867069 -0.26433772 0.42573935
v 0.77340806 0.09440403 -0.00870550
v 0.68705666 0.07083729 -0.02630407
v -0.34748417 -0.33615491 -0.14600709
v -0.14303690 0.34292695 0.18788531
v -0.05565012 -0.09533808 -0.54391867
v 0.17692059 0.03077374 0.49163848
v 0.69308805 -0.01611277 0.03597873
v 0.27990058 -0.34771609 0.28434449
v -0.68581325 -0.07339793 -0.03561008
v -0.18651029 0.34587294 0.22137541
v 0.70674825 0.09360424 -0.04597653
v 0.21922390 0.25966743 -0.26007757
v 0.57694650 -0.09530790 0.09164470
v 0.64500570 0.02942434 0.00728762
v 0.79910958 0.18642554 -0.01464279
v 0.19017281 -0.32737535 -0.40438771
v -0.42827913 -0.16892295 -0.31534794
v 0.64716530 0.10727414 0.05504367
v 0.67890406 0.01618384 -0.00306484
v -0.14216271 0.26641271 0.43635866
v 0.08133196 -0.37487316 0.29241908
v 0.63000768 0.04014717 0.00960615
v -0.76857626 0.02129825 -0.02689179
v 0.75643927 0.11491069 -0.01868685
v 0.39475933 -0.16120706 0.32992396
v -0.67893386 -0.09320423 0.02431842
v -0.30814582 -0.34571350 -0.04163063
v 0.66635340 0.00206402 0.01383172
v -0.49893534 -0.29231608 0.07194579
v 0.72304070 0.05224898 -0.00332344
v 0.55784011 -0.11081748 0.14412490
v 0.21396734 -0.31270856 0.44285485
v 0.64041460 0.04626684 -0.02082878
v 0.06314489 0.15934019 0.48807716
v 0.46017411 -0.34059161 0.11105547
v -0.26308897 -0.33988339 -0.30392912
v -0.72987330 0.10557008 0.00939698
v 0.21190716 0.20272245 0.43837926
v -0.17959987 -0.02119535 0.40702432
v 0.72705042 0.08363427 -0.02734936
v -0.49015695 -0.15476109 0.21697690
v 0.12553298 0.37433508 -0.20866647
v -0.20553496 -0.07403667 -0.55383080
v 0.51894605 -0.18638228 0.28975528
v -0.13189861 -0.27393699 0.46280542
v 0.05157962 -0.03075245 0.45996988
v 0.37101948 0.05441407 -0.32362819
v 0.29469320 0.20432064 -0.26416299
v 0.62023240 0.16854921 -0.06333971
v -0.13022353 -0.03701703 -0.48563179
v 0.59496558 -0.11769772 -0.03621991
v 0.61374104 0.14540020 -0.02946362
v 0.73314506 0.09406715 -0.02967055
v 0.26254648 0.26876336 -0.18148673
v 0.51286340 -0.06241956 -0.15150702
v -0.13119937 -0.33123469 -0.37454227
v 0.69857419 0.04324663 0.00670606
v -0.49382484 -0.17904858 -0.23478368
v 0.06665795 -0.39198971 0.19526678
v 0.76757026 0.07168497 0.00840431
v 0.50283337 -0.32599598 -0.07831392
v 0.80496091 0.16789861 0.00875080
v 0.80130106 0.15710846 0.01476508
v -0.22760499 -0.38951170 -0.18294927
v -0.09498339 0.19110934 0.41859034
v -0.19138166 -0.34593666 -0.17348379
v -0.06682903 -0.40517259 0.05928649
v -0.39267015 -0.02789503 -0.48603338
v 0.47692174 -0.24349204 -0.22587383
v 0.74613011 0.17419080 -0.01492909
v 0.06947809 0.25357878 0.42294413
v -0.58100843 0.01160366 -0.15832615
v 0.60831881 -0.03981322 -0.01510042
v 0.61200726 -0.06421363 0.00814208
v 0.76139712 0.10967974 0.00442469
v -0.67982811 0.04528329 0.01060511
v 0.66036129 0.02066845 -0.01401365
v 0.69506168 0.04139984 -0.00864764
v 0.62441397 -0.16325642 -0.04824949
v 0.01984477 -0.14868504 0.49878618
v 0.63511205 -0.01346041 -0.00178460
v -0.55078042 -0.23857489 -0.06587672
v -0.55674899 0.01588953 -0.23777395
v -0.46801353 0.02784486 -0.43667173
v 0.62742227 0.04006799 0.03022081
v -0.40008360 -0.06859571 0.33292526
v 0.66302228 0.03606191 -0.00072163
v -0.18219468 -0.35274470 -0.32046947
v 0.14096856 -0.39746100 0.21557970
v 0.63972056 -0.00299062 -0.00882563
v -0.28724003 0.31952405 -0.21546862
v -0.39756918 -0.32943660 0.10251922
v 0.24231841 0.06640220 -0.42146593
v 0.79519558 0.18054399 -0.00909230
v 0.76017988 0.09326719 -0.00342560
v 0.64129329 0.03710084 -0.05696395
v -0.38620746 -0.32835782 -0.07454456
v -0.47144631 -0.29305449 -0.15626216
v 0.44373167 -0.16949326 -0.32293028
v 0.71508414 0.04532191 0.00698015
v 0.80278295 0.19004920 0.00172366
v -0.62926561 -0.16350706 -0.04462951
v -0.08554484 0.11958720 -0.61219954
v -0.21763271 0.21227342 0.33885428
v -0.01575895 0.32324612 0.35201448
v 0.74393475 0.08553933 -0.02609137
v 0.08239040 0.37537929 -0.24103072
v 0.16339616 0.16515458 -0.42683822
v -0.45946890 -0.29304180 0.01554117
v 0.59554058 0.03491500 0.14130858
v 0.61035043 -0.11041900 -0.01375604
v 0.02573207 0.24256444 0.42128795
v 0.12259145 -0.34816855 0.43260431
v -0.82033217 0.13409778 0.02150458
v -0.23468187 -0.38810050 -0.04725130
v 0.72074968 0.10470140 -0.03677739
v 0.56918228 -0.12002739 0.05681223
v -0.24149738 -0.36764681 -0.07080574
v 0.78165501 0.12258555 0.00338650
v -0.51549906 -0.25097105 0.23335038
v 0.79817075 0.17514913 -0.01366666
v 0.35545397 0.14804950 0.32958385
v 0.74321991 0.06389725 0.02115881
v -0.58009481 -0.22833577 -0.03546980
v 0.40466154 -0.15708634 -0.30678135
v 0.04396239 -0.04515328 0.51249814
v 0.06046666 -0.37805918 -0.30217314
v -0.44332492 0.27411100 0.06406599
v 0.57891685 -0.04250614 0.07113606
v 0.67961991 -0.00199434 0.02540100
v 0.35282964 -0.20337126 0.42029709
v -0.73811847 0.09987925 0.00882503
v -0.51845098 -0.22643568 -0.06186414
v 0.40736440 0.31344283 -0.09860200
v 0.70446074 0.04486079 0.00956295
v 0.67679131 0.02994333 0.02391964
v 0.75017571 0.06249537 -0.01130471
v 0.37694868 -0.29422939 0.34869885
v 0.59337574 -0.03757341 0.05837951
v -0.37444183 -0.31357697 -0.17678952
v 0.63695788 0.07105893 -0.05136529
v -0.31631008 0.08358909 -0.50963163
v -0.25091186 -0.14868449 -0.49298927
v 0.70713687 0.03088868 0.00510138
v -0.32638198 -0.36000669 0.11833102
v 0.40103868 -0.28700534 -0.33536077
v -0.58915049 -0.16714235 0.00765586
v -0.41962337 -0.27072930 -0.18687707
v 0.75420350 0.06252770 0.01944053
v 0.70276999 0.02519231 -0.01254380
v -0.83712661 0.06013533 -0.01617180
v -0.37644553 -0.30010739 -0.21537060
v 0.63026637 -0.03967995 0.03364351
v -0.44352075 -0.30874804 0.29598260
v 0.06496364 0.29665619 0.35970140
v 0.26757953 -0.25468230 -0.40999547
v -0.08577764 0.04929260 -0.57644296
v 0.77542686 0.12645134 0.00114486
v -0.72504431 -0.01448350 -0.01213080
v 0.68525803 0.07461663 -0.01418701
v -0.14939067 -0.36940786 0.35247478
v 0.69420916 0.03552873 -0.01982829
v 0.62737215 0.19798708 -0.08368845
v -0.23428825 -0.38953030 -0.02091654
v -0.72993320 0.11231729 -0.01653995
v -0.35892990 -0.32756633 -0.01076981
v 0.76973271 0.19659263 -0.01559412
v 0.80837893 0.15854482 0.02135044
v -0.28605041 -0.36825106 -0.18982223
v -0.56500018 0.01464136 -0.25279757
v -0.22782902 0.17462082 0.39312196
v -0.36842293 -0.33202246 -0.08063310
v 0.22583923 0.18589228 -0.30625841
v 0.68307585 -0.00284775 0.02898586
v 0.02686794 -0.16810402 -0.60908234
v 0.77856088 0.15226106 -0.02911158
v 0.62728769 -0.02609146 0.00478492
v -0.07092649 -0.38482371 0.27605948
v -0.03071751 -0.37069735 0.30613396
v 0.07132205 0.27938533 0.34868628
v -0.37517643 -0.32786652 0.10296480
v 0.26671848 -0.34531242 0.34005302
v -0.30740386 -0.22859520 -0.42380509
v 0.15394853 0.18999822 -0.42800081
v -0.10933506 -0.18575844 -0.55624884
v -0.29436785 -0.38403356 -0.01948762
v 0.03280616 -0.36927253 -0.36398125
v 0.68646312 0.03721942 0.00202319
v -0.25783345 -0.38446423 -0.03193288
v 0.05536309 0.09667573 -0.52522773
v 0.70719200 0.02176386 0.01999012
v -0.38206998 -0.30573490 0.00931842
v 0.76123428 0.11654675 -0.00436594
v -0.48657471 -0.16080287 -0.25764099
v 0.63568789 -0.03139909 0.06726035
v 0.61425006 -0.03229474 0.03130513
v 0.73671067 0.12725201 -0.01078781
v 0.74912906 0.16923232 -0.01314183
v 0.66270751 0.15995266 -0.04028440
v 0.69650912 0.08870567 0.00935401
v 0.70648813 0.01268028 0.01768693
v 0.64611471 -0.08520965 0.00484607
v 0.17351729 0.05309352 -0.50336754
v -0.61159861 -0.13810186 0.05913774
v 0.67904401 0.04055773 -0.02426712
v 0.72898006 0.06892610 -0.02081311
v 0.27073696 -0.30566490 0.36318195
v 0.56992644 0.11589515 -0.12037244
v -0.50599551 -0.18437670 -0.22321707
v 0.07282953 -0.05606287 -0.50702417
v -0.27040637 -0.35242096 -0.11869100
v 0.70269597 0.12274006 -0.01383518
v -0.28842568 -0.31043899 -0.41342664
v 0.74500936 0.09992819 -0.00524101
v 0.21153887 0.18476473 -0.42523301
v -0.15945256 0.20939606 0.42465317
v 0.79776973 0.16263697 0.01893687
v 0.66403782 0.00337227 -0.01671818
v 0.67539001 0.07611313 0.01939023
v -0.50485897 -0.29344770 0.02182866
v 0.69497037 0.07876743 0.02430633
v -0.29684079 -0.28408283 -0.22766715
v 0.63058704 -0.01661082 -0.05228732
v -0.38458475 -0.32850522 -0.04991230
v 0.59032691 0.00299492 -0.01465009
v 0.08915612 0.02614373 0.46870294
v 0.44339484 -0.07677987 0.30411512
v -0.47251153 -0.17238487 -0.22467053
v 0.10041792 -0.38585505 0.21041477
v -0.41214392 -0.31215474 -0.09044155
v -0.74728572 0.00743046 0.01030388
v 0.73494422 0.10456830 -0.02787330
v 0.68586606 0.04220088 -0.02829641
v -0.46853867 -0.18431643 -0.33835018
v 0.06784967 -0.38605452 0.28242996
v 0.77754861 0.08070914 0.00319567
v -0.45842955 -0.28832603 -0.10389534
v 0.59967923 -0.09640358 0.03789863
v 0.63599449 0.00551143 0.01272137
v 0.49624974 0.00187074 -0.09026176
v 0.65788567 0.03741754 -0.00330295
v -0.23556283 0.31205431 0.19651362
v 0.70461005 0.05306503 -0.01106647
v -0.30183068 -0.35413527 0.03970025
v 0.73341310 0.04581852 0.01175043
v 0.69381922 0.07246176 -0.02431235
v -0.46383053 -0.29437318 -0.02803558
v 0.07110602 0.03208410 -0.52918679
v 0.65372849 -0.02095494 0.02560455
v 0.25441915 0.22721235 0.32293376
v -0.38337696 -0.35655302 0.11329153
v -0.21187229 0.22003692 -0.45955822
v 0.07801282 0.11084971 0.49248081
v 0.40712672 -0.34235930 0.23070946
v 0.71209568 0.05785676 -0.01846471
v 0.57974803 -0.02517329 -0.05147801
v 0.10177279 -0.06515031 -0.58944613
v 0.25889605 -0.15148661 0.47606450
v 0.35946018 -0.01922050 -0.35843134
v -0.68274736 0.12836652 0.05830476
v 0.79632020 0.19279462 -0.02571741
v -0.00337265 -0.37556154 0.29659030
v 0.68484753 0.04056282 0.02088502
v -0.06032827 -0.39182469 -0.17305601
v 0.66229165 -0.02791959 0.03136364
v 0.00547291 0.22524068 -0.48126194
v 0.63057554 -0.02629034 0.03067059
v 0.09913100 -0.35330677 0.41897094
v 0.51542521 0.14204304 -0.11212221
v -0.12141340 0.04497216 -0.53625131
v -0.28190398 -0.35806322 -0.12351152
v -0.68751311 -0.00920112 -0.05002213
v 0.25077063 0.23955603 0.39497310
v -0.51647460 -0.21981755 -0.09303877
v 0.71478546 0.08150029 -0.00796725
v 0.10720789 0.20042460 -0.49040672
v 0.40411112 -0.27294943 0.38815770
v -0.02180342 0.04311819 -0.55929363
v 0.68340307 0.05485727 -0.01474307
v -0.26117912 -0.36750314 -0.17302999
v -0.28569788 -0.34343609 -0.24658114
v 0.04087029 -0.40644300 -0.15911680
v -0.08515248 -0.27198657 0.40197867
v 0.37237674 -0.25150979 0.35706609
v 0.40796569 -0.27373821 0.27187875
v 0.29114643 -0.03389429 -0.39809632
v -0.39009148 -0.32736281 -0.08806336
v -0.32647413 -0.32608190 -0.20028481
v 0.60690862 0.00524987 0.07894990
v 0.70740759 0.12552011 -0.01630217
v 0.55455554 0.21306303 -0.11853664
v -0.34357986 -0.33850461 0.01490852
v -0.63396382 0.03520717 -0.17746511
v 0.71848547 0.20796208 -0.02033833
v 0.72169006 0.07166369 0.00131157
v 0.66984105 0.08266938 -0.02920270
v 0.67649871 0.08788468 0.05031914
v -0.30655411 -0.35433823 -0.12605312
v -0.44874597 -0.29310280 0.00887188
v 0.65437114 -0.03104129 0.02999508
v -0.04489462 -0.37974554 0.16569003
v 0.78502774 0.20078245 -0.02090149
v -0.61683619 0.13085034 0.11981121
v -0.64216214 -0.08804981 -0.06140560
v 0.73017782 0.07881061 -0.01493661
v 0.68440545 0.10298842 -0.01437250
v 0.66133624 0.05780444 -0.00360190
v 0.54999900 0.00580052 -0.03832346
v 0.00175241 -0.15128060 -0.54939038
v -0.30818832 -0.20099267 -0.62917531
v -0.22522929 -0.36362451 0.26598236
v -0.40376604 -0.10356784 0.40618545
v -0.75023079 0.03470637 0.00353898
v 0.69606042 0.06999096 -0.01427281
v -0.01681474 -0.37835562 -0.36713549
v 0.11049299 -0.31741178 -0.49092323
v 0.63408953 0.04898293 0.01631016
v 0.15985124 -0.02902734 0.54382241
v 0.34760660 -0.26434934 0.40217525
v -0.05799669 -0.39268214 0.14824578
v 0.68232918 0.01944628 0.02226350
v 0.68388683 0.04677960 0.01530844
v -0.07022232 -0.32632795 -0.37924623
v -0.30610579 -0.34495163 -0.10100740
v 0.63920534 0.06274244 0.09175122
v 0.79388499 0.19563715 -0.00897449
v 0.76223719 0.12919310 -0.00168967
v -0.37449220 -0.29700688 0.01500873
v 0.75620466 0.07886538 0.01974845
v 0.01854910 -0.37821293 -0.33030826
v -0.67395586 -0.07489049 0.00274070
v 0.64345080 0.11023991 -0.03966738
v 0.18939015 -0.34503636 -0.37543285
v 0.19473162 -0.12628433 -0.51780021
v 0.14352737 -0.34907657 0.38674721
v 0.41134769 -0.26772124 0.31478712
v -0.23731868 -0.21302694 -0.52871495
v 0.20132227 0.28518033 -0.35622609
v -0.46959770 0.04112473 0.24297915
v 0.71792656 0.04222572 0.00397360
v 0.74355888 0.10132931 -0.01935339
v -0.75783503 0.09231419 0.04513748
v -0.49304888 -0.29208887 0.06542362
v 0.01528561 0.24031529 0.40165699
v 0.79989171 0.12982422 0.03065705
v 0.17134470 -0.39930573 0.16853887
v -0.43306395 -0.29683968 0.15632857
v 0.68589723 0.07470213 -0.00246540
v 0.71049088 0.13632596 -0.00049666
v 0.21015429 0.32308301 0.35143495
v 0.00477913 -0.25878376 -0.46076125
v 0.69869900 0.03744823 -0.00250202
v -0.68171620 -0.08410038 -0.11210406
v -0.29615381 0.32471138 0.22959253
v -0.41667545 -0.11072653 -0.42227951
v -0.08354044 -0.24763170 -0.51173908
v 0.40708500 -0.06232062 0.38095143
v 0.56836110 0.00954951 -0.00437337
v -0.35681108 0.22701010 0.12014189
v 0.66975188 0.14231230 -0.03653938
v 0.67480350 0.00880881 0.01300225
v 0.11246526 0.12651217 -0.50053918
v -0.40670684 0.13436007 0.26585811
v -0.51389837 -0.24555106 0.01611215
v -0.12353164 -0.39067543 0.07804140
v 0.59880048 0.12989256 0.20774201
v -0.11113158 -0.29666990 -0.42658931
v 0.07140523 -0.32727703 0.47782359
v -0.46276593 -0.13749118 -0.38379759
v 0.67401409 0.08999476 0.00695300
v -0.42151472 -0.28565010 -0.08463657
v 0.64566398 0.05687862 -0.00387970
v 0.76107526 0.12004101 -0.03184834
v 0.71613324 0.04275189 0.01042739
v 0.78168672 0.14737910 -0.00040550
v -0.74016523 0.07986697 -0.00664279
v -0.52011645 0.00887996 -0.09717371
v 0.69317973 0.05451301 0.03034676
v 0.79054356 0.17516801 -0.02379644
v 0.38867784 0.02177171 -0.26308706
v 0.12148064 0.18332088 -0.44466874
v 0.11292237 0.06818702 -0.50218964
v 0.67663229 0.04657196 -0.00414801
v -0.00516106 -0.19003084 -0.55257446
v 0.09156421 -0.35483509 -0.43649954
v -0.11572307 -0.41580552 0.10080922
v -0.36960804 -0.31423691 -0.05606437
v -0.58619910 -0.15274301 0.02495271
v 0.56679726 -0.12629457 0.06135200
v 0.05664463 0.02147854 -0.51866275
v -0.12604462 -0.28458124 -0.47568858
v 0.67629623 0.04960510 0.02588025
v 0.54900730 -0.21463165 -0.01511312
v 0.44588441 0.12723908 -0.15013883
v -0.26300412 -0.37650394 0.21193275
v -0.33509165 -0.23862682 -0.38683262
v 0.70700854 0.03635114 -0.01128793
v -0.45627120 -0.14723894 -0.30950743
v 0.68360543 0.11290371 -0.01102284
v 0.74622238 0.10427602 -0.02437431
v -0.69412112 -0.04902296 0.00802547
v 0.63415807 -0.01377916 0.03763935
v 0.76257682 0.11265078 -0.01479998
v -0.45801589 -0.10248645 -0.30857247
v 0.48689449 0.12799181 -0.05447042
v 0.38490000 -0.06011575 -0.35064703
v 0.80558664 0.13276589 0.02600741
v -0.65710282 -0.08783109 -0.00227028
v -0.20216611 -0.36107016 0.10379684
v -0.74082035 0.11422195 0.02309506
v -0.33806053 -0.36531848 -0.02127716
v 0.67913163 0.01589657 -0.00143792
v -0.49301100 -0.22901350 -0.14338326
v -0.64029711 -0.17139474 0.07436576
v 0.14593494 -0.23203558 -0.51453155
v -0.07871608 -0.07139996 -0.59263539
v -0.49133274 -0.24893744 -0.13043836
v 0.77927059 0.14332406 -0.01788811
v 0.15066573 -0.10949454 -0.52462155
v 0.68449962 0.03415135 -0.08857793
v -0.16565156 -0.37653208 0.14494722
v 0.73426002 0.07700338 -0.00400323
v 0.66614163 -0.05627010 0.09670408
v 0.71418953 0.07586998 0.02658194
v 0.18345109 -0.37804115 0.27188385
v -0.49392080 -0.13870078 -0.45944080
v 0.36632949 -0.26185942 0.36054185
v -0.30968386 -0.33251363 -0.20732215
v -0.24781990 -0.17973678 -0.54815167
v 0.61072564 -0.04310523 0.05642970
v -0.62981033 -0.20221788 0.10632271
v -0.57488549 -0.16601126 -0.14456519
v -0.62616110 0.10270400 0.05626044
v 0.75635409 0.13791475 -0.00439794
v -0.35299110 -0.19313794 0.33373499
v 0.60585999 -0.07685447 0.00496757
v 0.04943000 0.22521187 -0.46132362
v -0.33483177 -0.34901580 0.13398069
v 0.13190497 0.21567862 -0.42248636
v 0.46486109 0.13538820 -0.09847370
v 0.70881081 0.09969737 -0.01336473
v 0.42199898 0.07322598 -0.30634972
v -0.43246132 -0.26712355 -0.23799148
v 0.65711313 0.01150927 0.01161867
v -0.03640118 -0.14927918 -0.54158235
v -0.00660636 -0.40004706 0.26129502
v 0.65834969 0.07745318 -0.00304812
v 0.70108080 0.05585027 0.01046617
v -0.34507355 -0.24781093 -0.46005794
v -0.31389838 -0.08658853 -0.49167547
v 0.05867507 0.00125556 -0.54341841
v -0.46330500 -0.24166419 -0.11530432
v 0.65591782 -0.00963907 -0.03759977
v -0.64932382 -0.03425069 0.03532586
v -0.34291664 -0.35571784 -0.06006014
v 0.30547357 0.13738987 -0.32126749
v -0.22331758 -0.32413316 0.34398976
v 0.72354454 0.23909847 0.00777164
v 0.63019192 -0.04114315 -0.02343944
v -0.01845115 -0.40686136 -0.36283153
v -0.61010468 -0.13731964 0.00536750
v 0.62963742 -0.04875833 0.10646255
v -0.64710146 0.02267946 0.03061640
v -0.10373795 -0.01139781 -0.54864115
v 0.67492890 0.10826066 -0.04650944
v 0.77551222 0.10231930 -0.01834811
v -0.37673500 -0.31594789 -0.03702301
v 0.73698640 0.07550955 0.00357425
v 0.74380213 0.06278976 0.02841324
v -0.25383079 -0.06194943 -0.53101701
v 0.53631341 0.06743293 0.13095334
v 0.14643410 -0.34307361 -0.39986354
v -0.66361207 0.08360060 0.04643676
v -0.46158433 -0.25153440 -0.08924153
v -0.50060910 -0.24731334 0.01188611
v -0.44087324 -0.30560938 0.06485336
v 0.39247322 0.30693173 0.19666941
v 0.71135777 0.13502964 -0.00580283
v -0.36865398 -0.31574154 0.10704617
v -0.42215312 -0.21878324 -0.27908623
v 0.79643172 0.19150627 -0.01697893
v -0.73259163 0.10703345 0.02886159
v 0.57113773 0.17840630 -0.00492045
v -0.62404072 -0.10178635 -0.04799241
v 0.21615537 0.28053668 0.32726282
v 0.74713886 0.09350261 -0.00976343
v -0.47248572 -0.28022748 -0.13930130
v -0.29711398 -0.31137282 -0.25260869
v 0.77662796 0.17860985 -0.04068770
v 0.07638421 -0.39399153 0.25820655
v 0.75814712 0.15874088 -0.01534209
v -0.38886729 -0.12178072 -0.37178022
v 0.76010287 0.05944370 -0.00370309
v 0.63472939 -0.02113712 -0.00213516
v -0.06589139 -0.29928514 0.42382401
v -0.40227279 -0.28213659 -0.21520871
v 0.00650918 -0.23416181 -0.51382917
v 0.68196553 0.02739988 0.02527228
v -0.69024539 0.00598352 -0.00149864
v 0.07868597 -0.20838319 -0.52374619
v -0.69672590 0.14658625 -0.04091515
v 0.54482728 0.28664845 0.02175727
v -0.72550929 -0.01199277 -0.01957054
v -0.06958449 -0.06574942 -0.52188814
v 0.76169264 0.05773777 0.00182405
v 0.67921758 0.07164527 -0.01653413
v -0.53058445 -0.16860279 -0.17125773
v 0.74357653 0.08508539 -0.02054224
v -0.38268876 -0.32266971 0.10428960
v 0.73579729 0.04693051 -0.00804901
v 0.65700167 0.02177092 0.02839556
v 0.67857337 -0.01792276 0.03278908
v -0.00053084 -0.34797883 -0.43907648
v 0.70609510 0.02971709 -0.01384148
v 0.67452884 0.05416257 -0.02948514
v -0.31969252 -0.39029026 -0.14297125
v 0.63490701 -0.00583717 -0.00396979
v 0.72421491 0.10037766 -0.02803379
v -0.30639949 -0.21198925 -0.44469920
v -0.48381761 -0.29622668 0.08430909
v 0.70923787 0.10847113 -0.01503934
v -0.00507846 0.26350611 0.41517496
v 0.73575211 0.08674408 0.00153255
v 0.29174978 -0.24113670 -0.47988513
v -0.26402456 0.29047585 -0.31545845
v 0.37736070 0.07848637 -0.27917418
v -0.58470333 -0.12616897 0.14799857
v -0.06005213 0.16231824 0.41474837
v -0.32624406 -0.30904830 -0.27019569
v -0.16327274 -0.35919672 -0.16340092
v 0.61962199 -0.06322750 0.08163758
v 0.75384802 0.09878464 -0.01411802
v -0.39521363 -0.24600193 -0.27159750
v -0.30052409 -0.37848979 -0.03283501
v 0.62216067 -0.07345586 0.01442668
v 0.79202801 0.19328168 -0.00624851
v -0.20578374 -0.36680597 -0.23199981
v 0.79118347 0.11803605 -0.00456050
v -0.46736664 -0.16294028 -0.24141094
v 0.39085767 -0.01662233 0.36854255
v 0.78417230 0.16842915 -0.03447974
v 0.15911347 0.20982604 0.43053755
v 0.78477073 0.13731071 -0.00553302
v -0.58088839 -0.12227453 0.14646864
v -0.21835715 -0.33002043 -0.30649149
v -0.09533834 -0.38311386 0.11395130
v -0.54651850 -0.23177686 -0.02388451
v 0.77049494 0.05424972 0.01510844
v 0.63620758 0.16056840 -0.02154455
v -0.65041238 0.02519163 0.02319698
v 0.68237579 0.04311812 0.02930550
v -0.04846358 0.17749760 -0.54120028
v 0.75608301 0.09785742 -0.01571742
v 0.76851261 0.08872782 -0.01690727
v -0.18214113 -0.22131763 -0.49371254
v 0.30250672 0.07341188 0.42626306
v -0.36513075 -0.36243266 -0.15749577
v 0.69797695 0.06747635 0.02251188
v -0.47483143 -0.25946569 -0.07614446
v 0.81007260 0.17878845 0.00180270
v 0.64677823 -0.02670257 -0.01213184
v 0.78150082 0.19538887 -0.01701957
v 0.77613658 0.12834495 -0.00090694
v 0.07695813 -0.37661633 0.20036298
v -0.64428866 -0.08877601 -0.14202544
v 0.68861043 0.11485648 0.01506895
v -0.26701158 -0.29482418 -0.30432677
v 0.78130382 0.16733854 -0.01941164
v -0.59763819 -0.20636401 -0.00428495
v 0.57417738 0.00306121 -0.04196450
v -0.12034005 -0.35063258 0.30103281
v -0.17603031 -0.08191571 -0.55193555
v 0.69116300 0.02385075 0.00739527
v -0.29622355 -0.36337647 -0.07572851
v 0.36278468 0.15970506 0.25508085
v 0.69595087 0.04634894 -0.00872965
v 0.69021964 0.02755155 0.02761905
v 0.65973687 0.14365384 0.03571662
v 0.80322903 0.19562529 -0.00140421
v 0.60041499 0.01508035 0.01412253
v 0.71214843 0.10219772 0.00184689
v -0.13683137 -0.39040151 -0.37908983
v 0.75172299 0.12125041 -0.03195977
v 0.73780507 0.06135509 0.00666279
v -0.12961483 0.25511706 -0.46546593
v -0.15492764 0.00437938 0.45647222
v -0.22911727 0.31607935 0.19649242
v -0.37638235 0.22499710 0.14287966
v -0.73062980 0.15084618 -0.03578678
v -0.20751283 -0.08214034 -0.50523841
v 0.35332519 -0.07640027 -0.34639928
v 0.68455052 0.05535235 -0.00795962
v -0.21765533 -0.38223985 -0.19500345
v 0.55717760 0.06386350 0.15754232
v 0.19297650 0.04713220 -0.47651815
v -0.01761891 0.30588529 0.41236806
v -0.30522078 -0.24093437 -0.46896145
v 0.80537152 0.14854464 0.02624354
v -0.15468465 -0.02208439 -0.64086938
v 0.69492805 0.10202658 0.00346638
v -0.44584802 -0.08946756 -0.32824031
v 0.15483829 0.21586330 -0.38143250
v 0.49309242 0.20031069 -0.03397301
v 0.64481401 -0.03246354 0.01270574
v 0.48723274 -0.26367640 0.22323239
v -0.14684066 -0.08220661 -0.53793782
v 0.05778480 -0.11318176 -0.55430090
v -0.58679843 -0.16804063 -0.08732405
v -0.43277726 -0.32425398 -0.02118891
v 0.64764929 -0.01778671 -0.00379664
v 0.65405047 0.00322776 -0.04968194
v 0.50112218 -0.15689144 0.36999571
v -0.57067037 -0.14794874 0.08783096
v 0.11253138 0.37104869 -0.19542927
v 0.75287282 0.09026402 -0.02643862
v 0.65957582 0.07435896 0.04747275
v -0.73457980 0.01414073 0.02996223
v 0.24674511 -0.16280711 -0.46624419
v -0.36059383 -0.12290515 -0.46936318
v 0.57989681 0.03397053 -0.05865034
v 0.66190338 -0.02544346 0.03639117
v -0.39158767 -0.35123628 -0.05474879
v 0.18675311 0.24870779 -0.32755744
v 0.65455282 0.00158237 0.01367864
v 0.57305205 0.10146455 -0.09903938
v -0.72299469 -0.01676520 -0.01002885
v -0.40440047 -0.29650447 0.03742586
v 0.65885866 0.05157994 -0.00027922
v 0.74992335 0.05462551 0.00793365
v 0.20858128 -0.08327900 0.44900820
v -0.36834526 -0.27335012 -0.28733581
v -0.83137602 0.11326326 0.02248055
v -0.27984804 0.29333887 0.14045745
v -0.53007561 0.15915038 -0.26514482
v -0.36693880 0.19219632 0.14039710
v 0.65414989 -0.01858243 0.01616740
v 0.75132102 0.06505276 -0.00629139
v -0.32498562 -0.34221607 -0.04686883
v 0.59350044 0.06087717 -0.02185631
v 0.55481285 0.22239335 -0.08384523
v 0.60015070 0.06596291 0.06205124
v 0.78442246 0.12396730 0.00885624
v -0.26526967 -0.37673584 -0.30663422
v -0.58586860 -0.23542973 -0.03623942
v 0.73143756 0.09879307 -0.03265739
v 0.74237877 0.12448428 -0.02481059
v 0.64800525 -0.04138041 0.03274119
v -0.51534003 0.00664623 -0.32815656
v -0.69883251 0.03099783 -0.00669582
v -0.29630864 -0.19783570 -0.45072976
v 0.72358817 0.05080577 -0.00524341
v -0.33636385 -0.25683326 0.30483025
v 0.67442226 0.08336790 -0.02400485
v 0.42465851 -0.03118089 0.35745105
v 0.74725437 0.06624125 -0.00309601
v -0.62006217 -0.15560764 -0.05316579
v -0.78579217 0.00687394 0.03232143
v 0.24274677 0.15866795 -0.35098919
v -0.32927138 -0.31921476 -0.22478932
v 0.61185157 -0.06369643 0.08429208
v 0.27591738 0.04850732 -0.33726898
v -0.09169462 0.29008377 0.31176695
v -0.10323516 0.03466736 0.50112277
v -0.43161890 -0.31063274 0.17960507
v 0.15838166 -0.36245841 0.34719139
v 0.76533169 0.11198564 -0.02639163
v 0.65370917 -0.02299197 0.05183288
v 0.66619062 -0.03159947 0.02521157
v -0.30306336 -0.09095714 -0.48595810
v 0.68728185 0.07242265 0.02750042
v 0.73705685 0.09684885 -0.01818765
v 0.71806699 0.04268728 0.00871634
v -0.09928229 -0.28548095 -0.44673392
v 0.67166364 0.00273314 0.00956692
v -0.22788769 -0.36584985 -0.05171269
v -0.34678373 0.30917329 0.13940263
v -0.37143204 -0.31070021 -0.26346540
v 0.75583529 0.06741424 0.04572017
v -0.69058281 -0.07386363 -0.03261110
v -0.38101226 -0.28828722 -0.22998106
v -0.47394636 -0.22963785 -0.26178876
v 0.63608277 0.02464999 0.04861721
v -0.63067704 0.15898089 0.00118929
v 0.62907457 -0.01064382 -0.00742574
v -0.65738869 0.02580376 0.02049255
v 0.60192245 -0.13514486 -0.06876281
v -0.20703918 0.32413620 -0.19798189
v -0.65335441 0.09119891 -0.17032246
v 0.60505807 -0.05971263 0.07049517
v -0.31562003 -0.33729920 -0.18455032
v 0.58100373 -0.17738068 -0.02859607
v -0.36197487 -0.29538137 -0.28698140
v -0.46134758 -0.23737749 0.22979836
v 0.70053136 0.02640759 0.05043632
v -0.47550496 -0.19400147 -0.24996921
v 0.78119808 0.12981355 -0.01917837
v -0.01972531 0.03081693 -0.52943099
v 0.68794215 0.03422938 0.00235754
v 0.00512439 0.28362548 0.37570435
v -0.69525087 0.10962366 0.06392759
v 0.23653921 0.02240063 -0.43418077
v 0.72088873 0.03620489 0.00012204
v -0.26094440 -0.37972504 -0.03214747
v 0.62577409 0.08358075 -0.02120334
v 0.10048270 0.30288678 0.40135601
v -0.03868806 -0.11097862 -0.59750068
v 0.67862707 0.00693785 0.01214841
v 0.64617693 -0.01800578 0.06897622
v -0.28260693 -0.24031752 0.25292531
v -0.19574946 0.22431643 0.32434276
v -0.57359731 -0.23760384 -0.04715312
v 0.55842674 0.10122932 -0.04058847
v -0.24073869 -0.25059032 0.35674873
v 0.39745679 0.09316565 0.34557384
v 0.04765898 -0.40393198 -0.10150304
v 0.74234229 0.05880468 -0.02321336
v -0.01358069 -0.00986249 -0.57004237
v 0.51142639 0.00537813 0.30299506
v -0.53993696 0.06526891 -0.25246584
v 0.35093728 0.19398966 -0.15776363
v 0.58402723 0.09078357 -0.03875810
v 0.63157916 -0.03202824 0.03299287
v -0.48926884 -0.24026480 -0.19131240
v -0.34600151 -0.25581747 0.34124005
v 0.74323821 0.04748359 -0.00373146
v 0.76606953 0.15479362 -0.03173449
v -0.64100885 -0.10666946 0.02483742
v 0.17355934 0.23374835 0.43563563
v -0.28797573 -0.35725886 0.31244159
v 0.72124946 0.03008892 -0.00020385
v -0.38411307 0.22745068 0.20226938
v 0.76906532 0.10462553 0.00158077
v -0.38931605 -0.35760105 -0.17352054
v 0.68401015 0.01364791 0.01755761
v -0.16941434 -0.37759638 -0.11115626
v 0.23481098 0.26691771 -0.21163151
v -0.18342790 -0.06106345 0.44069123
v -0.37105942 -0.14788947 -0.48076767
v -0.37459591 -0.30603817 -0.16280669
v -0.08754755 -0.06747215 -0.59728593
v -0.00075717 0.35154742 0.32651073
v -0.33935741 -0.32034707 -0.19615215
v -0.29788724 -0.36912915 -0.06200209
v -0.43347853 0.09144146 0.24695805
v -0.31978869 -0.25758505 -0.32926610
v -0.32808658 -0.37644428 -0.03559604
v 0.59814024 -0.24270311 -0.05911120
v -0.72347617 0.07408275 0.01738997
v -0.42546237 -0.26793671 0.24814764
v -0.37334183 -0.21408793 -0.40383571
v 0.76384532 0.11692028 -0.03624707
v 0.74196470 0.02320779 0.03225306
v 0.79497772 0.17763044 0.01976243
v 0.57399720 0.00943175 -0.01202804
v 0.29560670 -0.39727998 0.09568267
v -0.52227300 -0.04003863 -0.30624902
v 0.76676363 0.08299527 0.00794739
v -0.36811301 -0.34250596 -0.03743687
v 0.61584014 0.09728216 -0.05687389
v 0.39815962 -0.05721898 0.36062330
v 0.53337908 0.05711201 0.20926479
v 0.66495967 0.08079316 0.07939500
v 0.39250746 -0.00161827 -0.30506477
v -0.65660560 0.05876717 -0.10455123
v 0.12670955 -0.08642643 -0.50836849
v -0.03995696 -0.38505116 -0.37378186
v -0.32076338 -0.35253739 -0.08910006
v 0.71052939 0.04420584 -0.00533563
v -0.35278204 -0.20057523 -0.35956520
v 0.75671113 0.13179690 -0.03628839
v 0.08745079 0.32044271 0.32222474
v 0.68203121 0.06579596 -0.04262620
v 0.64913511 -0.02146965 -0.01574469
v 0.50660664 0.00393622 -0.17797297
v 0.60773885 -0.03874934 0.14613500
v 0.66163898 0.01761148 0.04289629
v -0.77007532 0.02649043 0.02242511
v -0.08712310 0.14421715 -0.60804129
v -0.10202998 0.02491216 -0.54129869
v 0.25895739 -0.26887676 0.37344223
v -0.65272158 -0.13527498 -0.00369228
v 0.63049984 0.02758445 -0.00567113
v -0.02600028 0.32121792 0.29887885
v 0.48646867 -0.07822938 0.26877636
v -0.67687333 0.09765513 0.04072900
v 0.63937908 0.00862745 0.06321156
v 0.58392215 -0.11698745 0.07940128
v 0.05802173 -0.40456495 0.08598802
v -0.31480742 -0.37567484 0.02513771
v 0.69185120 0.05171245 -0.00471063
v 0.59766251 0.02823274 0.01437700
v -0.18988971 -0.39096951 -0.05256580
v 0.27866492 0.11809884 -0.37090340
v 0.64695621 -0.00936133 0.00807387
v -0.30875126 0.25025997 0.14486936
v -0.49013254 -0.25930679 0.01745701
v -0.29234910 -0.34519237 0.22876503
v -0.16753489 -0.12827243 0.47716069
v -0.42849439 -0.31117940 0.04426440
v 0.78425962 0.12160017 -0.00205812
v 0.69382834 0.03069867 0.00768290
v 0.73020178 0.06297943 -0.01810364
v 0.47891191 -0.05902690 0.31523702
v -0.26129976 -0.37068611 0.00859109
v 0.75383961 0.07900244 -0.02886403
v 0.19521707 -0.23530698 -0.46789548
v 0.63857377 -0.03068878 0.03129753
v -0.62858963 -0.10069616 -0.05228293
v -0.19939160 -0.36556298 0.22449481
v -0.39618433 -0.08617263 0.27871063
v 0.41819596 -0.05124734 0.38479006
v 0.71657383 0.03697548 0.03282106
v 0.72998899 0.06020862 0.01176268
v 0.72876608 0.07401864 -0.03644361
v 0.72410762 0.04304301 0.02644995
v -0.41048682 -0.29678708 -0.06324762
v -0.25265554 -0.33105013 -0.32294396
v 0.72112894 0.09094062 -0.03615149
v 0.53544348 -0.01634246 0.31742305
v -0.41843784 -0.32960969 0.06909701
v -0.38415277 -0.33317113 0.07960556
v 0.69928074 0.06948929 -0.01598397
v -0.48339021 -0.12909630 -0.35708442
v 0.43095782 0.17987108 -0.09987432
v 0.65522695 0.02853037 0.08737446
v -0.69242424 -0.00605518 0.00343921
v 0.62281704 0.12034929 -0.03749824
v -0.21087401 -0.34408012 -0.13901061
v 0.62534362 0.08810266 0.17932171
v -0.24473962 -0.24336201 -0.42983872
v -0.32027358 0.17326033 0.33678582
v -0.20645723 -0.30412513 -0.47796398
v 0.03417474 -0.41814575 -0.04346484
v -0.68226588 -0.00660788 -0.02887213
v 0.51777101 0.13430986 -0.12040043
v 0.66076410 0.07569246 0.00055265
v 0.05656056 0.36897174 0.34626311
v -0.71024257 -0.10805242 -0.01858172
v 0.57993507 -0.09449793 -0.02498143
v 0.79356956 0.13464518 0.00087649
v 0.17457458 0.22055241 -0.33220908
v 0.70058268 0.05695014 0.01268898
v -0.35158649 -0.10042493 -0.42858797
v 0.67354810 0.07097611 -0.00462727
v 0.66713351 -0.02050385 0.03368986
v 0.78076708 0.19565018 -0.00214964
v -0.21923617 -0.37861592 -0.20383716
v -0.39241719 0.05189353 0.25295973
v 0.02103108 -0.36666366 -0.39094239
v -0.33066198 -0.31810528 -0.19863662
v -0.59310222 -0.12665129 0.27749354
v 0.18606383 0.33633116 -0.11757205
v -0.00745773 0.06500138 -0.54912686
v 0.69498426 0.04423870 0.03311324
v 0.71705282 0.04764665 -0.04494336
v 0.70694590 0.07616004 -0.02059112
v 0.10461247 -0.35609642 -0.38449690
v -0.60286927 -0.14090376 -0.07105491
v 0.08328629 0.29085633 0.41132274
v 0.76962084 0.11993100 -0.01780367
v -0.01129025 -0.37823755 -0.36944368
v -0.49265882 -0.20413226 -0.23482439
v -0.23307332 -0.37954608 0.09104115
v 0.00526780 -0.39658991 -0.17149007
v -0.41307059 0.28690562 0.13562091
v -0.10434712 0.34601551 0.34288499
v -0.61273974 -0.12787515 -0.10244194
v 0.68875641 0.00749359 0.00798386
v -0.69353855 -0.04931328 0.02527136
v -0.74831653 0.08354860 0.04207690
v 0.80428326 0.13471060 0.00881054
v -0.74809486 0.07254933 -0.00833198
v 0.01126978 0.01352578 -0.51705205
v 0.55445623 -0.16364755 0.12217203
v -0.26086456 0.27977714 0.21466643
v -0.14342104 -0.37290302 0.14269128
v -0.62520343 -0.19205460 -0.01011831
v 0.63676620 0.02243845 0.00074053
v 0.14357835 0.16672865 -0.45797759
v 0.17859080 0.21505381 -0.37906969
v 0.33439958 -0.29305020 -0.39266455
v 0.64787310 -0.02103659 0.03207627
v 0.26423830 -0.38761526 0.20358968
v 0.70683968 0.05672380 -0.00857028
v -0.34856680 -0.34779084 0.06645122
v -0.28078949 -0.12681371 -0.51789391
v 0.51620412 0.00564542 -0.10300100
v 0.81044900 0.15886255 0.02293235
v -0.02983917 -0.28679281 -0.46033671
v 0.38525945 0.18385725 0.21286458
v -0.52286631 -0.22186588 -0.19756293
v -0.30681509 -0.35368800 -0.06261736
v 0.63427448 -0.03614837 0.04222706
v -0.35594538 -0.22705060 0.36333334
v 0.75898767 0.06799124 -0.00043911
v 0.38654643 0.25448197 0.24989963
v 0.75329620 0.12366471 -0.00152859
v 0.69349945 0.03741086 0.00343025
v -0.41686809 -0.31033355 0.07551976
v -0.36925939 -0.25376141 -0.28510693
v 0.42778805 -0.36634964 -0.09334391
v -0.43347868 -0.28299394 -0.26826736
v 0.70512748 0.13545787 -0.01263173
v 0.18417974 -0.35984474 -0.34471720
v 0.62027305 0.07314637 -0.06603624
v -0.37073630 -0.36660188 -0.03324331
v -0.39972615 -0.28495264 -0.04463051
v -0.50803602 -0.19911376 -0.21768010
v -0.65559399 -0.08809780 -0.02740717
v 0.69294316 0.06569826 -0.02431911
v 0.72281015 0.16051824 -0.01820132
v 0.66088659 0.16624218 -0.10524440
v 0.61449450 -0.07905024 0.10038149
v 0.01899549 -0.37296063 0.27066702
v 0.39704746 0.20463699 0.29682538
v -0.74874264 0.03200404 -0.00961646
v -0.56498659 -0.20368285 0.05988005
v 0.08215639 -0.28924340 -0.48955208
v 0.79920226 0.14966623 0.00639975
v 0.10268680 0.11187679 -0.51199430
v 0.55681503 0.02541356 -0.08389401
v 0.11441419 0.03056964 -0.53241241
v 0.62640131 0.20537484 0.00085514
v 0.75143075 0.06506699 0.01119086
v 0.61488712 0.07301680 -0.00936630
v -0.21114936 -0.37626252 -0.10264769
v 0.47944835 0.17192876 -0.09859401
v 0.38459772 -0.25454634 0.34395567
v -0.18497431 -0.37784940 0.24058521
v 0.60894215 -0.06114025 -0.00809065
v 0.26077032 -0.39995044 0.15055275
v -0.04753689 -0.40630177 0.01870501
v 0.69822061 0.11700054 -0.05560613
v 0.70306206 0.13372742 -0.01123491
v 0.67420208 0.01077622 -0.00842188
v 0.69932228 0.02545507 0.02211485
v 0.14713533 0.27056155 -0.32617906
v 0.20368797 -0.31854531 -0.38325727
v 0.73635072 0.07931745 -0.00727277
v 0.49879199 0.26535064 -0.03327547
v 0.80413133 0.13002205 0.01564980
v 0.10696964 0.22890373 -0.45629111
v 0.72299910 -0.01238231 0.00385183
v 0.74721354 0.11400992 0.02789047
v 0.14536273 -0.36147889 -0.33805379
v -0.14006953 0.26132432 0.36586681
v -0.16122414 -0.39940357 -0.28550029
v 0.65539992 0.00432272 -0.03204761
v -0.68669182 -0.08999759 -0.09284212
v 0.11783285 -0.36695826 0.26568553
v -0.62375087 -0.06474982 -0.17021814
v 0.22659367 0.21667461 -0.26967418
v -0.27127478 -0.27265573 -0.32418758
v 0.55439353 0.00968239 0.12885296
v -0.49283960 -0.26997769 -0.17739588
v 0.12606543 0.25103787 -0.40741992
v 0.58333099 -0.06012747 0.00687531
v -0.61212134 -0.16423394 -0.03196475
v -0.36781847 -0.23874313 -0.43257508
v 0.75183922 0.16823117 -0.00493018
v 0.63885283 -0.03305223 0.03109297
v 0.59565532 0.04848793 -0.03494018
v -0.32850948 -0.33693805 -0.11038113
v -0.31891149 -0.37851712 -0.10743324
v 0.63757241 -0.21992804 0.08976123
v -0.67996788 -0.10397536 -0.02993947
v 0.26168287 -0.04821792 -0.45670456
v -0.25251204 -0.30450150 -0.34990150
v 0.76754725 0.14115015 -0.01931725
v 0.77875072 0.13377596 0.02149652
v 0.69850564 0.03823861 0.03149723
v 0.65871704 0.04029772 0.03600046
v 0.30756101 -0.00596870 0.45368966
v 0.74792814 0.04928178 0.01924652
v 0.36941797 -0.28796586 0.41650003
v 0.67708719 0.11076582 -0.02788392
v 0.45524576 0.05955482 0.31851995
v -0.69472051 -0.02185884 0.06098314
v 0.11284085 -0.15719211 -0.52826393
v 0.09884183 -0.34523541 -0.41437688
v 0.67109388 0.01181626 -0.00372818
v -0.56046605 -0.22658098 0.02568120
v 0.79851317 0.17545287 -0.01948458
v 0.06351689 0.31367326 0.40958589
v 0.42448223 0.08089960 0.24239641
v 0.55129343 0.12625565 0.07134762
v 0.38931364 0.04844248 0.39254627
v -0.67732483 -0.06908680 -0.03228360
v 0.68876350 0.11716427 -0.00118601
v 0.72252822 0.03251263 -0.00506452
v -0.12098895 -0.06307449 -0.53578532
v -0.65818983 -0.03149036 0.04540765
v -0.58572078 0.01272844 0.09283870
v 0.34911403 -0.32924432 0.31548771
v -0.05938987 0.37804580 0.03557142
v 0.63474053 0.08746809 -0.01258972
v -0.22408006 -0.38480669 -0.19441232
v 0.69366145 0.15666074 -0.02616072
v -0.28808931 -0.36704603 0.23301789
v -0.66404706 -0.01041013 -0.07317093
v 0.27969778 -0.38530928 0.20771202
v 0.66125274 0.01187649 -0.00219381
v -0.09625897 0.25155672 0.40778634
v -0.36923131 -0.33662394 -0.19347605
v 0.37662330 -0.37466413 -0.08932383
v -0.10827082 -0.37726322 -0.08745179
v 0.75718188 0.09992948 0.03359883
v 0.33752909 0.16788225 -0.29122621
v 0.12561528 0.24354574 0.44063419
v 0.22914717 -0.21616128 -0.44511098
v -0.42819503 -0.24759758 -0.28414387
v -0.48377296 -0.24680629 -0.12351158
v 0.74850953 0.18460417 -0.01843601
v -0.38121340 -0.31590903 -0.21499282
v 0.18146048 0.11402915 0.44652665
v -0.30358747 -0.33888102 -0.04872832
v 0.72638875 0.08518774 -0.03010940
v 0.68070239 0.01742344 -0.00465173
v -0.64222717 0.02881898 -0.17558733
v -0.00579551 -0.25894937 -0.48444015
v -0.51227677 -0.25841916 -0.11271298
v -0.40485355 -0.31454897 0.05329883
v 0.50662082 0.26317295 -0.08169111
v -0.01895998 -0.42879748 -0.19544099
v 0.72424579 0.04889329 0.00781670
v 0.76829255 0.07388953 0.00114277
v -0.51327288 -0.04358649 -0.34273148
v 0.70836806 0.05449025 0.02757652
v 0.67975318 0.07334806 -0.01725702
v -0.46703288 -0.21213664 -0.35114580
v 0.61084890 -0.08813051 0.04818299
v 0.63124275 0.13356143 0.00746212
v 0.02443509 0.30505446 -0.06320830
v 0.69400036 0.14609914 -0.05112609
v -0.67232043 -0.00407088 -0.02555677
v 0.23464495 -0.01866272 -0.43392333
v 0.63858640 0.12955780 0.03119355
v -0.21535416 0.19983596 0.37105116
v 0.71529406 0.07221523 -0.03404225
v -0.42410815 -0.27907553 -0.21038860
v 0.41139925 0.19398050 0.23264992
v 0.74243647 0.08714344 -0.02040255
v 0.21705230 0.00899490 0.48486322
v 0.44695461 -0.20854001 -0.31900012
v -0.13613847 -0.40988412 -0.00778906
v 0.73008227 0.12295060 0.02583024
v -0.59156406 0.00863758 -0.18412548
v 0.81358659 0.17962840 0.02086088
v 0.69331747 0.07036878 0.00277555
v 0.78453177 0.15400019 -0.00788804
v -0.65901601 -0.09627146 -0.09156322
v 0.73384547 0.07416111 0.01272491
v -0.06941852 -0.38674682 -0.14138228
v -0.13719326 -0.37336990 0.28208163
v 0.15141526 0.21126260 0.42417574
v -0.54946458 -0.19780451 -0.05698040
v 0.60240084 0.06321352 0.00907992
v 0.45489722 -0.34969771 -0.12456809
v 0.20051296 0.04196218 0.48078221
v -0.02376248 -0.41208059 0.01472974
v 0.71950793 0.04016182 -0.01111183
v -0.14747354 0.02032940 -0.61770403
v 0.47778577 -0.12602691 0.34203303
v 0.71504813 0.10146017 -0.01777273
v 0.02870578 0.03380029 -0.55698091
v 0.02723308 0.08485658 -0.55438668
v 0.74149209 0.10054269 -0.02952322
v 0.71955317 0.13337460 0.00076076
v -0.16863063 -0.30714509 -0.33872524
v 0.70337021 0.04441078 0.01549954
v -0.23652272 -0.38212499 -0.04380712
v 0.80206078 0.19723730 -0.00748546
v -0.50872087 -0.25012487 -0.17011648
v 0.28908280 -0.31164354 0.32510221
v 0.13858899 -0.05089424 -0.50082874
v 0.42257625 0.06339183 0.34435952
v -0.34099966 -0.32768270 -0.20560226
v 0.72199583 0.08930213 -0.01700235
v -0.09717175 -0.41573179 0.04285368
v 0.74149644 0.06457860 0.00249350
v 0.58647287 -0.13680239 0.09852099
v -0.71259856 0.01767294 0.00347340
v -0.31295058 -0.36408883 -0.17031130
v 0.70817482 0.10131164 -0.01809321
v -0.17816922 -0.05510997 -0.51609367
v -0.15883872 -0.37041491 -0.27835321
v 0.61615336 0.07237306 0.06768149
v 0.71242815 0.06153078 -0.00170887
v -0.78900492 0.04894994 -0.00208798
v -0.32329607 -0.19492039 -0.38155052
v -0.65798599 -0.07723582 0.00306162
v 0.70011115 0.08073243 -0.01261910
v 0.67938763 0.02803154 -0.01046845
v -0.74268949 0.10292413 0.01516074
v 0.76431179 0.12091061 -0.00685245
v 0.60883957 0.04182741 0.08929646
v 0.12858321 0.24017075 -0.41763416
v 0.69479764 0.11979727 -0.01153684
v 0.34808087 -0.39454716 -0.20196781
v 0.60388637 -0.24802822 0.02083266
v -0.56726563 0.03054033 -0.25578037
v 0.77242577 0.09630424 0.01305589
v 0.65067995 0.09437365 -0.02602890
v -0.05255923 -0.35883862 0.38423926
v 0.79365689 0.15082170 0.01823422
v 0.58621013 0.19814646 -0.11758049
v 0.77076626 0.17294662 -0.00379442
v -0.07067125 -0.40265465 0.01969667
v -0.13584968 -0.35678262 -0.32186079
v 0.79724973 0.19576213 -0.01097731
v -0.65109539 0.11739754 0.05898611
v 0.77265382 0.11768088 -0.01367238
v 0.68609440 0.01497153 -0.01918259
v 0.57814592 -0.06388105 -0.03171679
v -0.72771013 0.05391397 -0.03029910
v -0.21619660 0.29716253 -0.16998261
v 0.73871863 0.05907183 -0.01380840
v -0.58881384 -0.15827200 -0.10572532
v 0.22932845 -0.10322163 -0.47559407
v 0.40777913 -0.32713118 -0.32252371
v -0.04594219 -0.05996869 -0.53316718
v 0.39489567 0.21445687 0.25739378
v 0.08438757 -0.38586614 0.18281052
v -0.42324516 -0.32049650 0.22851296
v 0.09739904 -0.38033807 0.15967324
v 0.21489011 0.29075107 0.27928025
v -0.38561302 -0.08878927 -0.36201990
v -0.08575788 0.35200292 0.21330437
v 0.37953913 0.15279633 -0.19922376
v -0.70426327 -0.04496583 -0.01023009
v -0.87004840 0.12700032 0.02545252
v -0.35550380 -0.34330234 -0.07245681
v -0.36217648 -0.33969736 -0.02952012
v 0.52744180 0.03989570 0.16334149
v -0.71997690 0.05226468 -0.03588175
v 0.79783839 0.11595844 0.00522301
v 0.03975300 0.12305996 -0.53715217
v -0.33877522 -0.33267400 -0.08456609
v 0.67414033 -0.00047995 0.02304348
v -0.06141651 -0.16755241 -0.55054504
v -0.55298716 -0.01605614 -0.25695527
v -0.55375278 -0.18822198 -0.16867113
v -0.21474995 -0.36502492 -0.28104377
v -0.50676382 0.03947589 0.19746505
v 0.21280153 -0.07053535 -0.52143812
v -0.49175221 -0.27114278 -0.11962887
v 0.21129945 0.05160509 0.46212924
v 0.80099368 0.14740287 0.00587738
v 0.71663922 0.07216300 -0.02201061
v 0.68074238 -0.02054536 0.03771970
v 0.69901234 0.15708905 0.00884292
v -0.60372448 -0.01879385 -0.24033311
v 0.64250672 -0.08457586 0.04740956
v -0.25515300 -0.32956362 -0.30225515
v -0.28256464 0.31502154 0.08193636
v 0.71108943 0.07536895 -0.05412811
v 0.57341039 -0.11566775 0.09228040
v -0.34079027 0.16123019 0.29490030
v -0.31450391 -0.35239273 0.10116269
v 0.67694199 0.05777727 0.07163185
v 0.18782747 -0.06079870 0.52509743
v -0.55612564 -0.01489708 -0.34418377
v 0.67435533 0.07576311 0.01746982
v 0.79114604 0.18970248 -0.02320984
v -0.24912205 -0.38843191 -0.08559859
v 0.54184389 0.05611469 0.15525648
v -0.10461108 0.18415421 0.36711615
v -0.24970786 -0.35942674 0.27750039
v 0.09791704 0.30812538 0.35038054
v 0.64159769 0.01000667 -0.02505319
v 0.66356134 -0.00443159 0.03693421
v 0.60826731 -0.03489517 0.00321708
v -0.36648804 -0.28482550 -0.26461405
v -0.00929496 0.29250038 -0.39574230
v 0.79620135 0.18111505 -0.03343712
v 0.66994750 0.04781444 0.01486640
v 0.15516457 0.31157216 -0.28725204
v -0.51691371 -0.24248898 -0.03721339
v -0.30766347 -0.36385894 -0.06088141
v -0.43212295 -0.29534650 -0.09860885
v -0.55121809 -0.10353467 -0.16735145
v 0.05088827 0.00048047 -0.54790872
v 0.26820889 0.16894326 0.38227040
v 0.65657890 -0.01564835 0.03623357
v -0.42968333 -0.26447248 -0.11444241
v 0.03097001 -0.05047342 0.47024333
v 0.65465879 -0.02230836 -0.01264277
v 0.79088235 0.12614100 -0.00620925
v 0.77861071 0.11828490 -0.00099628
v 0.77176940 0.07816120 -0.04970091
v 0.01576802 -0.03363796 -0.56157345
v -0.54852432 -0.21235126 0.04645360
v 0.31950754 0.12445727 -0.30454004
v -0.21098858 -0.39469030 -0.26736534
v 0.64802426 0.01054627 0.00308399
v -0.29843158 -0.34580845 0.22738911
v -0.24546924 -0.34829837 -0.33066326
v -0.33924204 -0.26548493 -0.44238153
v -0.52380419 -0.20112199 -0.04882106
v 0.63266397 -0.05438476 0.03040736
v -0.40072030 -0.18474928 -0.30159694
v -0.08636668 0.24351043 0.35125333
v 0.71028197 -0.03840446 0.03936409
v -0.44448030 -0.02930818 -0.38474551
v -0.39959791 -0.31213063 -0.06856605
v -0.17547485 -0.36160699 -0.09041893
v 0.57654279 -0.06444703 -0.05726910
v 0.21506917 -0.13469955 -0.46550530
v -0.28391725 -0.37430984 -0.22888741
v -0.70927203 0.02327314 0.01367328
v -0.38425726 -0.32939589 -0.01768681
v 0.60768586 0.13093507 0.01538900
v 0.71701342 0.08718604 -0.03276072
v -0.68368340 -0.07341118 -0.03399473
v 0.53642035 0.10055389 -0.11713305
v 0.67232096 0.03516743 -0.01114520
v 0.17268342 0.17686974 0.44723329
v 0.80493152 0.14074317 0.02964148
v 0.69590127 0.07014626 -0.00680307
v -0.24295911 -0.19276118 -0.44787413
v -0.29436255 0.02185799 0.41176686
v 0.13955098 0.11056483 -0.47538427
v -0.41822445 -0.33554700 0.06249838
v -0.63533115 -0.13047081 0.05169830
v 0.14533965 0.23339194 -0.40701720
v 0.45318618 -0.07450293 0.32284740
v 0.72466946 0.05307479 -0.00229709
v -0.72330922 -0.03111851 0.01491790
v 0.11753416 0.29731712 0.36592659
v -0.30169412 -0.34365827 0.12772611
v 0.38327065 -0.14626645 -0.38592604
v -0.39696509 0.23161554 0.02184586
v 0.64325815 0.05263431 0.02960730
v 0.61684155 -0.07495005 0.01219207
v 0.74064982 0.09807524 -0.03128651
v -0.25667852 -0.36893982 -0.24152583
v -0.30187130 -0.37574378 0.14489338
v -0.34604970 -0.34674436 -0.02354410
v 0.26548982 0.23650762 0.11253446
v 0.80416846 0.17341775 -0.00305600
v 0.62495315 -0.00113257 0.02174121
v 0.07466915 0.34278262 0.28392377
v -0.02998221 0.16422907 0.47995621
v -0.55293405 -0.16551328 0.05691538
v -0.40145844 -0.35293815 -0.05635873
v -0.64409208 -0.07826473 -0.10913727
v -0.49358261 -0.30819070 -0.08409253
v 0.64181960 -0.04072599 0.01625213
v 0.66921651 0.04748799 0.05483088
v 0.71636975 0.09122862 -0.02172156
v -0.26939610 -0.34762973 -0.26509652
v 0.02350971 -0.15225047 -0.56792629
v 0.72655416 0.07630351 0.01712105
v -0.42871714 -0.31710029 0.10930550
v 0.09677544 -0.13594709 -0.53172153
v 0.79834622 0.18418670 0.00413868
v -0.30260211 -0.37706691 0.10616921
v -0.29008594 -0.36978042 0.06440678
v -0.42610317 -0.18179588 -0.40235651
v 0.50556272 -0.13977198 -0.18580976
v 0.27410918 -0.10906704 -0.47541019
v 0.77017719 0.17923990 -0.04197544
v -0.45083889 -0.29827395 0.04852700
v 0.26646698 0.07834667 -0.38589305
v 0.76919675 0.16723841 -0.00982642
v 0.74306941 0.09032302 -0.02666041
v -0.21274471 -0.38094953 0.00957015
v 0.51969814 0.13824916 0.09109506
v 0.67752028 0.02109142 0.00998959
v 0.64645118 0.03860985 0.08015418
v 0.09681097 -0.17947286 -0.51704603
v 0.42588601 -0.24901694 0.33118194
v -0.30405375 -0.37172082 -0.18437675
v 0.47287670 -0.06147282 0.34778515
v 0.34993392 0.16544431 0.34537530
v 0.79852247 0.14537703 -0.03103137
v 0.68806869 0.14750992 -0.02026111
v -0.78077722 -0.02184089 0.01171339
v 0.13693535 0.31604898 -0.30048665
v -0.15305844 -0.39564434 -0.24180901
v 0.74734128 0.15521106 -0.01752496
v -0.44387901 0.27051839 0.11438072
v -0.39826477 -0.21209370 0.03547993
v -0.39895144 -0.27870730 -0.24523860
v -0.37899390 -0.33279845 -0.10336873
v 0.79037648 0.11081610 0.02813017
v 0.73518765 0.03897022 -0.00878498
v -0.36834076 0.28591961 0.05843315
v -0.65777802 -0.08494756 -0.04365185
v -0.07009327 -0.34112698 0.44287562
v 0.59026152 0.07070243 -0.04733700
v 0.07944047 -0.33819398 0.42285889
v -0.44380093 -0.23241767 0.21252322
v -0.26569837 0.16481249 0.36281717
v 0.14217617 0.09017850 -0.50202805
v 0.36728984 0.22931647 0.20792234
v 0.74013805 0.10498543 0.00925465
v 0.46028471 0.06216671 0.25595433
v -0.49065045 -0.07446113 0.25003612
v -0.40814674 -0.29795206 0.10782197
v 0.38344222 -0.25393683 0.35422376
v 0.72262073 0.03694996 0.01687166
v -0.46266395 -0.29392532 0.08743167
v 0.09265684 0.00481789 -0.53470528
v -0.30854365 -0.35095650 -0.20568788
v 0.72033125 0.04887223 -0.02176657
v -0.18032332 -0.30757871 -0.57083476
v -0.70329177 -0.09010205 0.03390440
v 0.70699024 0.02696473 0.01756790
v 0.76132935 0.14661315 -0.02809348
v 0.69400382 0.12195361 -0.00120740
v 0.48618209 -0.23299392 -0.18995407
v 0.09355679 -0.00434858 -0.53850865
v -0.31886166 -0.21429923 -0.45107779
v 0.78030539 0.14766009 -0.01309955
v -0.69995046 0.05901515 -0.00746262
v -0.15813926 -0.37976572 0.13089341
v 0.64460611 0.06583072 -0.04795267
v -0.49044722 -0.29355016 0.03337774
v 0.80181885 0.12646554 0.03041351
v 0.79535913 0.18749212 -0.02008498
v -0.63127840 -0.15637779 -0.05582950
v 0.62027943 -0.04409458 0.05641136
v -0.00308880 -0.39819926 -0.30509818
v -0.30817586 -0.34837142 -0.09413311
v -0.42519924 -0.29961360 0.07376666
v -0.59348869 -0.13461956 0.13812654
v 0.71311873 0.05048886 0.00610134
v -0.18815008 0.07434911 0.33259812
v 0.74977738 0.11011480 -0.00155076
v 0.72245777 0.08696616 -0.00070672
v -0.05110633 0.11909209 0.45762688
v 0.78002959 0.07352968 -0.00399280
v -0.45814022 -0.21671551 -0.23197678
v 0.76319009 0.08538176 -0.01063445
v 0.61203575 0.14671785 0.01283032
v -0.44916597 -0.25295821 -0.22110188
v -0.09393644 -0.14864370 -0.62061316
v 0.78572077 0.15475711 -0.02726319
v -0.14010373 -0.24332179 0.48393381
v 0.52569169 -0.02089387 0.18571949
v 0.69212413 -0.05968864 -0.03243582
v -0.37516385 -0.05871237 -0.45135903
v 0.58164310 -0.12852554 0.09387740
v -0.25179100 -0.38788533 -0.10519585
v 0.20608586 -0.21853411 -0.47908306
v -0.45148179 -0.16869456 -0.31422111
v 0.05303114 0.25834328 0.43209755
v 0.63237840 -0.01896480 -0.02392265
v -0.30017674 -0.21158627 -0.42893091
v -0.30817127 -0.31629562 -0.19595960
v 0.66567022 0.08171418 0.03022934
v 0.59654260 0.03940663 0.10148442
v -0.46735710 0.00396734 -0.20231226
v 0.15754341 0.29476547 -0.26974624
v 0.32810503 0.10873958 -0.44771302
v 0.70735979 0.03437631 0.01248074
v -0.37443963 -0.35336989 0.23178171
v -0.54978293 -0.14965425 -0.20083511
v 0.64459932 0.05223922 -0.00375579
v 0.70231652 0.05604114 -0.00211396
v 0.70177436 0.08526616 -0.05220443
v 0.79298222 0.11874895 0.00522366
v 0.29836881 -0.05696066 -0.39768460
v -0.65660596 0.12247418 0.00452010
v 0.68154961 0.04656531 0.03085718
v -0.08530754 -0.34830648 -0.36887461
v 0.67684221 0.00872447 -0.00280887
v 0.62515253 0.06589729 0.05381137
v 0.51630455 -0.15486777 -0.19880700
v -0.25370026 0.19820647 0.33746654
v 0.51275468 -0.21735625 -0.20539752
v -0.24359408 -0.39376521 0.06933346
v -0.35236368 -0.14282894 0.37890095
v 0.62133670 0.03896067 0.00600508
v 0.58150655 0.02947956 -0.04678431
v 0.63634074 -0.02277084 -0.02885253
v -0.61034185 -0.14351720 0.08477032
v 0.43497968 0.15319514 -0.12419724
v 0.64382923 -0.02989134 0.05244720
v 0.43942961 -0.06196172 -0.28391540
v 0.70524889 0.09483859 0.00257745
v -0.46575400 -0.21923195 -0.14550510
v -0.31304091 -0.36220488 -0.20751145
v 0.72125888 0.13024893 -0.00494964
v -0.29325885 -0.36310226 -0.17027563
v 0.50925916 0.07190099 -0.19256610
v 0.28124076 0.31912491 0.23638031
v 0.78126007 0.18078542 -0.00965041
v -0.44107208 -0.30187520 0.02096741
v 0.15635860 -0.34434670 -0.38798460
v 0.09041649 0.06072283 -0.51443708
v -0.39631844 -0.31754506 0.10164511
v 0.67924762 0.04610299 0.04777054
v -0.00994954 -0.34633109 -0.40078595
v 0.79788810 0.15237069 0.00313179
v 0.66387945 0.05685744 -0.02577639
v 0.64174008 0.06551017 0.05204362
v 0.39939746 0.18179783 0.05605955
v -0.59957951 -0.18762788 0.05362939
v 0.69850564 0.02734983 0.00027204
v 0.73241055 0.04245336 0.02685058
v -0.10207932 -0.40086132 0.03759101
v -0.33078876 -0.35535479 0.16297114
v 0.57106066 0.07181606 -0.08797368
v -0.29203993 -0.34833533 0.26094854
v 0.71985972 0.06003636 -0.00114086
v 0.28002331 0.01712221 -0.35604674
v 0.67674649 0.00776850 0.04741205
v 0.74156004 0.03559831 0.01744628
v 0.51389772 -0.01974821 -0.09840316
v 0.75689435 0.11373907 -0.01620966
v -0.16784443 -0.22753945 -0.52410871
v 0.64455903 0.06944735 0.07948950
v -0.21220019 -0.40955678 -0.05687004
v -0.34117579 -0.35962763 0.11831418
v 0.65177858 -0.00863467 -0.01400986
v -0.61203641 -0.11846480 -0.03969216
v 0.77507037 0.12439704 -0.01370713
v -0.38848382 -0.33842617 0.03312233
v 0.74807250 0.06471562 0.02611923
v 0.67656767 0.07641526 -0.00327325
v 0.71346432 0.04444391 -0.00784728
v 0.74822992 0.09717698 -0.00305480
v 0.45294213 -0.27570236 0.21883222
v 0.38049245 -0.22520816 0.37389970
v 0.07997170 0.26537785 0.39844951
v 0.71341157 0.07668316 -0.01194730
v 0.66280192 0.00205842 -0.01593668
v -0.35291138 -0.35489154 -0.08871591
v 0.80129588 0.19378638 -0.01687062
v 0.62940305 0.04888491 0.05010810
v 0.53027898 0.03752685 0.21281803
v 0.66573048 -0.14727755 0.15648952
v 0.01299863 -0.37977093 -0.44145152
v 0.70895994 0.04746437 0.02322200
v 0.75036764 0.18964317 -0.00977772
v 0.79739934 0.14997669 0.00414705
v 0.10157460 0.29843497 -0.36075702
v 0.72399497 0.08352990 -0.02412830
v 0.75129151 0.09365506 -0.01801463
v -0.68229645 0.13802676 0.02516326
v -0.24016480 -0.23028740 -0.49529606
v 0.45770335 -0.15654743 0.29914692
v 0.63553774 -0.01404932 0.06301138
v -0.03690387 0.04494868 -0.52404207
v 0.51738083 -0.27489507 0.13686943
v 0.00898078 -0.04988441 0.51697356
v -0.27551579 -0.27280110 -0.45209962
v -0.65025491 -0.11793172 0.02084970
v -0.29111144 0.23981258 0.20565268
v 0.73827577 0.11012520 -0.04237708
v -0.40915611 -0.13030726 -0.35530847
v 0.14012210 -0.30142713 -0.50382894
v 0.02296992 -0.32409671 -0.43829507
v 0.71537071 0.08498945 0.01341377
v 0.78643227 0.16200355 -0.01460821
v -0.03286564 0.29688114 0.32171667
v 0.49707398 -0.07662392 -0.19260016
v -0.41654506 -0.28779566 -0.19183111
v 0.65609276 0.08336268 0.03583500
v -0.33118680 -0.14761309 -0.48335299
v -0.35177290 -0.34228408 -0.25134823
v -0.30893630 -0.30172604 -0.27628636
v 0.69585478 0.03109552 -0.01030561
v 0.66564858 0.05634020 0.02157778
v -0.69811344 -0.09147308 0.04369343
v 0.21602571 -0.36303854 -0.50471878
v 0.61813837 -0.00707303 -0.02176279
v 0.21010891 -0.36505517 0.28218332
v -0.41649961 -0.25813258 -0.17282563
v -0.11657210 -0.02746274 -0.64141226
v -0.59480608 -0.13689822 -0.04255489
v -0.69618511 -0.01897415 0.03971111
v 0.22340572 -0.00528502 0.51011014
v 0.25931972 0.13802400 -0.36419401
v 0.68676615 0.08592422 -0.00885105
v -0.44347048 -0.10131317 0.27043110
v 0.06468225 0.34155446 0.33223751
v -0.78069711 0.05761882 0.06831720
v -0.14613086 -0.16803941 -0.47862136
v 0.02568337 0.07051097 0.47230172
v 0.67293340 0.02469587 -0.00897708
v 0.41976574 -0.19944088 -0.38648361
v -0.39510208 -0.28832573 -0.20646587
v 0.30746374 0.17155372 -0.29635799
v 0.04641727 0.01927017 0.46766970
v 0.40344530 -0.27611357 0.35896102
v -0.22594294 -0.35584816 -0.24725834
v 0.58621371 -0.00027846 -0.01831770
v 0.14981627 -0.19905883 0.51096278
v -0.03419866 0.04186764 -0.53000981
v 0.11951892 -0.36531413 0.28648007
v 0.64598358 -0.01006525 -0.00773108
v 0.62203765 -0.03854418 0.00923920
v 0.44668728 -0.27393121 -0.27936247
v 0.28235835 -0.39152759 0.17260993
v 0.60018277 0.07270916 -0.06422180
v 0.42751029 0.19693081 -0.18453977
v 0.07255037 -0.39364856 -0.18575701
v -0.44002050 -0.29666013 -0.13713133
v -0.38974670 -0.29539555 -0.17519367
v 0.08418681 -0.38903272 0.27269319
v 0.61499137 0.10438552 0.14194009
v -0.54934633 -0.22502476 0.01123580
v 0.67662919 0.14373511 0.04887495
v 0.71325010 0.04315494 -0.04231438
v 0.73071027 0.05143571 0.00025162
v -0.57025224 -0.20472890 -0.04695949
v -0.28437614 -0.03740014 -0.58943558
v 0.56100428 -0.11640164 0.12350912
v 0.72222102 0.12463357 -0.05434594
v 0.43905514 -0.13585420 -0.26811475
v 0.70433003 0.03400476 0.04250111
v 0.69648403 0.15479684 0.00266528
v -0.31849205 0.11807430 0.28958863
v 0.74938691 0.17494822 -0.01639841
v -0.36864996 -0.33585009 -0.04502937
v 0.70216978 0.05645993 -0.02102216
v 0.22671969 0.24196059 -0.40688848
v -0.36568245 -0.02389570 -0.44939259
v -0.02275841 -0.35231245 0.42373204
v 0.69870025 0.04742886 -0.02346306
v -0.36090028 -0.31106657 -0.00487580
v 0.71549469 0.18298113 -0.02559128
v -0.41266572 -0.13332415 -0.21345219
v 0.54745185 -0.04792598 0.21041435
v -0.41383433 -0.25961736 -0.27188966
v -0.35010910 -0.36721462 -0.02779567
v 0.14077291 0.01805064 -0.50842196
v -0.47505349 -0.26266941 0.03116794
v -0.45780927 0.21705237 0.09866008
v -0.66564518 0.10897505 0.04953866
v -0.67836827 0.15804237 0.01668695
v -0.17652339 0.22461873 0.40602896
v -0.12763277 0.36813170 0.21413094
v -0.15775003 -0.12324398 0.48937866
v -0.32469624 -0.33454233 0.25804117
v -0.26002491 -0.37345231 0.06371489
v 0.75144273 0.06774272 0.01524389
v 0.36809582 -0.26457679 0.34167194
v -0.31036568 -0.36067852 -0.02792370
v 0.70546389 0.03366143 -0.01969427
v 0.70564169 0.06555790 -0.01985626
v -0.01121020 -0.40496880 -0.27549177
v -0.54417855 -0.24460131 0.14287058
v 0.73150283 0.07211313 -0.00498258
v -0.17805150 0.30200583 0.23904589
v 0.79998356 0.14147492 0.00173196
v -0.42214110 -0.24533403 -0.22619659
v 0.68158984 0.06589822 -0.00514805
v -0.26568544 -0.37076181 -0.03632787
v 0.52854967 0.02061832 -0.08952808
v 0.03729266 0.21713071 0.47206822
v -0.37729278 -0.33696854 -0.10898876
v 0.14582247 -0.34064561 -0.43184945
v 0.13809913 -0.33405569 0.33894244
v -0.41554460 -0.27069873 -0.21017897
v -0.58481967 -0.17874336 0.01479566
v 0.61600828 -0.01598365 0.00101297
v -0.69525361 -0.11240011 0.03292117
v 0.67556709 0.09312843 -0.00788632
v -0.07617992 0.36955127 0.24536134
v 0.11872490 0.33722252 0.13246475
v 0.79842967 0.17632142 0.01314345
v 0.08357641 -0.35531253 -0.44824034
v 0.76869762 0.17235491 -0.00218904
v 0.67574173 0.05704056 -0.05310180
v -0.26227069 -0.40207511 -0.18588343
v 0.41303262 -0.02423421 0.36081326
v 0.73678184 0.08561535 -0.02322791
v 0.69486839 0.07929210 -0.01306231
v 0.74865013 0.07808019 -0.01739577
v 0.69007838 0.11608911 0.02664548
v -0.45930859 -0.26882711 -0.02072217
v 0.09518415 0.11078802 -0.49392879
v -0.31769556 -0.20610327 0.39415610
v 0.22281891 0.09355128 0.43381199
v -0.61288422 -0.13126108 0.01210073
v 0.70078111 0.10139798 -0.01380295
v -0.01605427 -0.38241524 0.26338273
v 0.60257089 -0.13194767 0.04812708
v -0.21842924 -0.31983411 -0.31273630
v 0.66429543 0.07381928 -0.00336188
v -0.19318068 -0.40526760 -0.05074844
v 0.58497298 -0.00787449 0.13923606
v 0.70090550 0.07746938 -0.01942804
v -0.29481599 -0.24558431 -0.40350607
v 0.34853780 0.04413414 -0.36058939
v -0.33839411 -0.24127656 -0.33127210
v 0.65918154 -0.01425646 0.01288071
v 0.70836943 0.04139937 -0.02169880
v 0.33618784 0.21964543 -0.16899389
v -0.27848688 -0.29267845 -0.31311035
v 0.77747369 0.12146676 0.01131609
v 0.78047532 0.17898324 -0.04160278
v -0.32619092 -0.03873788 -0.54896307
v 0.64345193 0.01934020 -0.00949121
v 0.77397525 0.12854664 0.00386535
v -0.34017903 -0.35188729 -0.12359735
v -0.02107048 0.24817927 0.40107897
v -0.23640320 -0.34933817 0.33556101
v 0.62891352 -0.04809088 0.02892706
v -0.24035701 -0.35187042 -0.29383749
v -0.49866313 -0.23126495 -0.01647601
v 0.65218991 0.01924764 -0.01614176
v 0.65661746 0.05328651 -0.00155027
v 0.72703362 0.04081936 0.00474703
v -0.15386736 0.29758781 -0.33770189
v -0.31556299 -0.34838331 0.25098306
v -0.38768172 -0.32445872 0.01619511
v -0.68579358 -0.00744250 -0.10263528
v 0.59553087 -0.03874947 -0.01271515
v 0.27810842 0.03366217 -0.39893895
v -0.19279119 -0.10672843 -0.52167279
v 0.10021114 0.21024640 -0.45424226
v 0.64945078 0.13503718 -0.05126168
v -0.12338218 -0.35442790 -0.33617735
v 0.78173542 0.10441913 0.01386696
v -0.20667842 -0.32320595 0.04084495
v -0.49333793 -0.26079914 -0.05252585
v -0.55158222 0.01924623 0.22921251
v 0.25702286 0.21284461 -0.29187146
v 0.76714587 0.06934743 0.00827041
v -0.39389047 -0.11725919 -0.35443386
v 0.77919084 0.13486609 0.01050414
v -0.63551462 0.05390170 -0.00371580
v -0.29924518 -0.36623901 -0.06655231
v 0.62488568 -0.03220214 0.01548733
v 0.26890504 -0.05064628 -0.45000416
v 0.70047098 0.05606202 -0.04173544
v 0.67857176 0.04757141 0.00658879
v 0.74465144 0.11109940 -0.00996121
v -0.46096945 -0.31187761 -0.12893197
v -0.68372011 -0.05100448 -0.04335263
v 0.13802603 -0.17681096 -0.53693682
v 0.36981350 -0.36847615 -0.21826705
v 0.72112548 0.07161203 -0.01036066
v -0.34421182 -0.33088350 0.23700780
v -0.20946527 -0.11966918 -0.51438802
v 0.71479595 0.05288975 0.00387451
v 0.73867178 0.10101637 -0.05848724
v 0.73171431 0.05498555 0.01509804
v -0.30113345 0.15839091 0.30450457
v -0.72597671 -0.01767562 -0.02353500
v 0.75433916 0.02425662 0.14449094
v -0.67232233 0.03997228 -0.03404474
v 0.69350994 0.02931869 0.01892056
v 0.76341355 0.08942613 0.00830331
v -0.47239134 -0.30537003 -0.07865527
v 0.73643452 0.13504963 -0.00971949
v 0.74509490 0.11435059 -0.03628121
v 0.26551643 -0.31338742 0.41915160
v -0.40655240 -0.24212188 -0.23853326
v 0.76490337 0.10383271 0.02479380
v 0.65725315 0.07353953 0.05054545
v -0.57591903 -0.25074139 -0.02751392
v -0.60723299 -0.09290940 0.11964062
v 0.08802214 -0.41319352 0.09914654
v 0.70021385 0.05547279 0.04434413
v 0.42500782 0.07135868 0.28243822
v 0.66671908 -0.01982479 0.05121100
v 0.58106744 -0.12633672 0.11268106
v 0.09759462 0.32411906 0.33216384
v 0.04952911 0.05827741 0.47109133
v 0.67766541 0.00945021 0.00193261
v 0.65136170 0.08630925 0.02865377
v 0.24029638 -0.09749115 -0.46969518
v -0.75796181 -0.01384870 -0.02339320
v 0.62110752 -0.01154187 0.03446537
v -0.37458497 -0.35326147 -0.00156535
v 0.09340547 0.38974512 -0.20873290
v -0.32382903 -0.33931479 -0.19552317
v -0.03700233 0.23857133 0.38651320
v -0.70893973 0.08831397 0.06202967
v 0.14872819 -0.00639427 0.45739996
v -0.13496837 -0.34598392 -0.39042094
v -0.34291637 -0.35491392 -0.01198750
v 0.75001132 0.10272452 -0.00560945
v 0.70056927 0.02181743 0.01782399
v 0.10162308 -0.42543292 -0.34557900
v 0.21144910 -0.11538084 -0.46973428
v 0.55201972 0.03492782 -0.02703768
v 0.79853386 0.18921615 -0.02502061
v -0.56876785 -0.18735228 -0.16972414
v -0.49727416 -0.19749680 -0.14583680
v 0.62090445 0.12978008 -0.05133215
v -0.34164953 -0.20617524 0.44336545
v 0.44151875 -0.19422174 0.33203053
v 0.19596739 0.33133140 0.36483631
v 0.61212695 -0.08407804 0.02466223
v -0.60163754 -0.01563329 0.06719610
v -0.37285393 0.32164964 -0.03746630
v -0.29484382 -0.35802689 -0.12229246
v -0.02635193 -0.37929708 0.22129756
v 0.61649704 -0.04771120 0.09889817
v 0.12962697 0.26388168 -0.37950751
v -0.17949916 -0.35460013 0.37556797
v 0.58960545 -0.11528195 0.05148184
v -0.21777532 -0.38646394 -0.15629947
v -0.51810592 0.13598701 0.07868043
v 0.73050213 0.05300874 0.02421853
v -0.37331182 -0.26114109 0.37035429
v 0.77119052 0.07577796 0.00732219
v -0.52604061 -0.19293880 -0.21756330
v -0.28271505 -0.29404238 -0.30722484
v 0.34756914 0.04744578 -0.35426342
v 0.74052227 0.10019310 -0.02796814
v -0.61239702 -0.15352763 -0.08331758
v 0.17990270 -0.13722636 -0.49481124
v 0.52673876 0.06539503 0.18870121
v 0.52952182 0.05835451 -0.06762835
v 0.80458850 0.14730641 0.01243451
v 0.76910561 0.12270996 -0.01668897
v 0.07966027 -0.13141930 -0.57267064
v 0.70030618 0.04411701 -0.00383446
v -0.34409168 -0.35616705 -0.05310749
v 0.28530583 -0.28095856 0.35630310
v 0.70234174 0.03814357 0.01530527
v -0.32937849 -0.35157579 0.15350881
v 0.17757423 -0.35166830 -0.38588452
v -0.78872365 0.12320197 0.01134580
v -0.40791157 -0.24622697 -0.23928714
v 0.76296759 0.12845129 -0.02629589
v -0.43521056 -0.29050541 -0.10272813
v 0.28206521 -0.01764548 -0.44611362
v 0.56117141 -0.04739037 -0.03233635
v 0.69404304 0.06546555 -0.01766196
v 0.73452789 0.10734159 -0.00275655
v -0.30070242 -0.35441765 -0.02259180
v -0.77152717 0.09595166 0.01057634
v -0.08328968 -0.41770005 -0.19398245
v -0.61787641 0.20464323 -0.01498860
v -0.03174128 0.34013981 -0.00554314
v 0.79701209 0.13558824 0.01467809
v -0.09334120 -0.29248786 -0.45869899
v -0.37743774 -0.32728255 0.13116278
v 0.78767550 0.14726222 0.01187187
v 0.37319219 -0.21311417 0.39207289
v -0.39542463 -0.25074691 -0.32920408
v -0.30031016 -0.11332589 -0.57625520
v 0.76633388 0.16185465 -0.01430908
v 0.75665092 0.10424463 0.00060675
v -0.49656677 -0.19688022 0.23304193
v -0.60684377 -0.02867703 0.07304195
v -0.15133050 -0.41328162 -0.15723071
v 0.41348481 -0.01766597 0.37510261
v 0.15070593 -0.12488637 -0.53776491
v 0.65564966 -0.00622472 0.00514603
v -0.36662892 -0.33715910 -0.16022894
v -0.57980371 -0.17466517 0.02983186
v -0.38778400 -0.20805223 -0.41225144
v -0.27554077 -0.36852831 -0.04070228
v -0.36927360 -0.10584266 0.42374042
v -0.05424610 -0.12458554 0.44413322
v -0.02875398 0.36602151 0.12468994
v 0.19229630 0.02542311 -0.48003575
v 0.75825453 0.10434095 -0.00231617
v 0.10329667 -0.02970208 0.48547247
v 0.74227178 0.07872172 0.00845471
v 0.69704473 0.02156857 0.01577574
v 0.69952267 0.03865761 0.00634608
v 0.77025819 0.14027683 -0.03540367
v -0.61734891 -0.13165829 -0.12274560
v -0.53669125 0.01297483 0.10970342
v -0.35537890 -0.37697858 -0.02411789
v -0.73187125 0.05079774 0.00937179
v -0.10688201 0.17859019 0.46455675
v -0.52582657 -0.23831856 -0.11474535
v -0.59021521 -0.11307268 0.06740248
v 0.69572192 0.01946498 0.01766844
v 0.71165860 0.07195874 -0.03549911
v 0.58956337 -0.07532710 -0.03163414
v -0.06702399 -0.03412683 -0.54288268
v -0.63750809 -0.09678365 0.02342913
v 0.76594323 0.14759837 -0.02533994
v 0.00633264 -0.39877701 0.10059195
v 0.49786106 0.00455725 -0.07830578
v 0.72013068 0.06498320 -0.00674546
v 0.63412362 0.05712035 0.06293505
v 0.11795656 -0.12122507 -0.53406686
v -0.40720734 -0.21005255 -0.30824983
v 0.55786693 -0.13236819 0.15810028
v 0.12045681 -0.09388005 -0.53691399
v 0.64932883 -0.01611292 -0.05222690
v -0.06209001 -0.40623567 0.02786520
v 0.35932934 -0.22667804 0.38981760
v -0.10419002 -0.28539339 -0.44717526
v 0.75896168 0.12691274 -0.01745918
v 0.69607472 0.13958843 -0.02119515
v 0.52850074 -0.11508654 0.25879705
v -0.43750650 -0.30023223 -0.01451823
v 0.61779827 0.08410789 0.03759977
v 0.37065196 0.04364040 -0.33065379
v 0.64497876 -0.03150591 0.04796720
v 0.79877138 0.19129209 -0.00808969
v 0.78689623 0.12664506 0.00277478
v 0.74109560 0.10614683 -0.02826832
v 0.69425821 -0.00411941 0.03005838
v 0.42753592 0.15256034 -0.18640634
v -0.19542724 -0.22619313 -0.41672286
v 0.72078240 0.02906676 -0.01104379
v 0.61230350 0.05447287 0.13634121
v 0.68851709 0.02428447 0.02145419
v 0.06933776 0.21978886 0.46152693
v 0.33557922 0.14310443 -0.09053613
v -0.33425334 -0.35485220 -0.09121481
v 0.02130242 0.08267018 -0.53961474
v 0.70376635 0.04870197 0.01561236
v 0.50320637 -0.10280481 0.21023643
v -0.20678726 -0.23517101 -0.43614361
v 0.70834351 0.06325743 -0.01028948
v 0.76415175 0.07060023 0.01616424
v -0.35407144 -0.06135657 -0.38347235
v 0.80649394 0.15273932 -0.00570378
v -0.35134065 -0.09028213 -0.50051033
v -0.29761595 -0.07965358 -0.45878297
v 0.53088063 0.00548632 -0.06808573
v -0.11462015 -0.37401891 0.36088228
v -0.04227602 -0.08319015 -0.52156699
v 0.27061027 -0.38934511 -0.33267853
v -0.15338852 -0.40290833 -0.20235506
v -0.60505164 -0.09401752 -0.16272098
v 0.46649963 0.09122464 0.27975747
v -0.65349275 -0.11823229 -0.02278265
v -0.19544551 0.25385964 0.28689319
v 0.79004890 0.19608399 -0.01370756
v 0.63642681 0.01086709 0.00162575
v -0.30698070 0.29341552 0.12020075
v 0.03704014 -0.38978869 -0.36633325
v 0.71821427 0.16363296 -0.01029932
v -0.32343256 -0.26975715 -0.32657224
v 0.65233409 0.01964152 0.02365291
v -0.11850816 -0.37416458 0.37066144
v 0.65682781 0.01280053 -0.07267217
v -0.08308962 -0.41885889 -0.14779980
v 0.18926020 0.07426277 -0.45914155
v 0.44897297 -0.27355474 0.28703192
v 0.72874665 0.05177066 -0.00035655
v -0.59799743 -0.17602450 0.01243529
v 0.08296122 0.16512738 -0.46727276
v -0.09718102 -0.41129929 0.01750468
v 0.71749824 0.02858615 0.01355571
v 0.60377949 0.04291707 0.08376476
v -0.17990980 -0.38934928 -0.30749640
v 0.04479834 -0.21670346 -0.51626438
v 0.22028100 0.08229589 0.44219714
v 0.67413974 -0.00284771 0.04723471
v 0.61119813 0.03076912 0.05712834
v 0.00183924 -0.38632166 -0.34430194
v -0.60076559 -0.15087260 0.02065828
v -0.40358782 -0.30501905 -0.22173738
v -0.10560860 -0.37075880 -0.29641294
v 0.78394115 0.13444504 0.00491755
v 0.74592507 0.05384889 0.02009135
v 0.68733490 0.01382801 0.00561717
v -0.69437575 -0.03267036 -0.01193675
v 0.08469971 0.25859106 -0.41182563
v -0.20097552 -0.40383890 -0.23628521
v -0.62428057 -0.10126003 -0.16606545
v 0.21508192 -0.19323945 0.49784729
v 0.72723097 0.07311328 -0.00561804
v -0.39052743 -0.30866343 -0.08875361
v -0.28056392 -0.34636557 0.20956302
v -0.39429212 -0.32547289 -0.01400071
v 0.79541588 0.09583454 0.00558132
v -0.21403506 -0.19537397 0.43798417
v 0.71214354 0.05955736 -0.00288852
v 0.21590626 0.20698050 -0.36912224
v 0.77261126 0.13183418 -0.00473343
v 0.39812812 0.32856187 -0.06937443
v 0.01189767 -0.03250093 -0.57619876
v -0.61353070 -0.13060871 0.00922027
v -0.45277625 -0.28623560 0.34911025
v 0.69524843 0.03271160 0.00510707
v 0.73616588 0.06048778 0.01098028
v -0.24245533 0.39350888 0.12264803
v 0.45984596 0.25190225 -0.16563520
v -0.37674350 -0.11049570 -0.40631050
v -0.46628198 -0.23544034 -0.21951643
v -0.29765940 -0.34365329 -0.16813973
v -0.19037297 -0.36772588 -0.11688674
v 0.20718229 0.18208815 0.42561933
v -0.42600292 -0.33087835 0.18462764
v 0.67424834 0.00245488 0.01763135
v -0.40301955 -0.22258498 0.33192918
v 0.42227036 -0.09930743 0.37997288
v -0.29873723 -0.33020577 -0.33219722
v -0.29393059 -0.30255264 -0.38456658
v 0.56148982 -0.05328228 0.10690835
v 0.67465991 -0.00999916 0.02897862
v -0.29922917 -0.27011082 -0.33173329
v -0.56323010 -0.17944418 -0.13923261
v 0.57209390 -0.12280968 0.06620696
v -0.14409062 -0.36244857 -0.20639098
v -0.68815011 0.09342408 -0.07366502
v 0.62577468 -0.03753714 -0.00486279
v 0.01967633 -0.12404618 -0.56617981
v 0.54180396 -0.27823403 -0.11310715
v -0.14922300 -0.27278176 -0.47473487
v 0.72292578 0.04841092 0.01449931
v -0.67443037 -0.08387636 -0.11760777
v 0.79652458 0.13608710 0.00019863
v 0.51832235 -0.17430019 -0.11629897
v 0.04620457 -0.40645108 -0.08456409
v -0.15299800 -0.40874675 -0.26490694
v 0.77466089 0.08917093 0.00178316
v -0.05086511 -0.39423794 0.00082737
v 0.70724952 0.03599452 0.03160480
v -0.27268335 0.25395200 0.25248769
v 0.76112127 0.08038168 -0.00159949
v 0.44179773 0.18796541 -0.06182149
v -0.13840322 -0.36818421 0.27349901
v 0.25910145 0.16041975 -0.39063981
v 0.75243521 0.09665251 -0.00456807
v 0.20995487 0.01027456 0.44716507
v 0.70658380 0.07972851 0.04459652
v -0.36881384 -0.36822486 0.06834234
v -0.36017802 -0.35251027 0.02026896
v -0.29300714 -0.39503694 -0.15982434
v -0.69348997 -0.03529847 0.00833771
v -0.58663356 -0.09650664 -0.11257464
v 0.63707012 -0.05186160 0.04286820
v -0.44146329 -0.27229047 -0.02008526
v 0.66378677 0.07104574 0.06587434
v 0.43829560 0.27448228 -0.06986711
v -0.20341113 -0.38258147 0.14041099
v 0.63116312 -0.01948274 0.01338688
v -0.33836204 -0.37473732 -0.04087749
v 0.79804254 0.16491753 0.00768939
v -0.47198361 -0.14666501 0.25228044
v 0.39027089 -0.09216005 0.42726234
v -0.46741003 -0.14977211 0.35123891
v -0.27871862 -0.17008622 -0.47379217
v -0.44648632 -0.05729674 -0.35666874
v 0.65996683 0.00189206 -0.02654670
v -0.71716708 -0.06742951 -0.05124170
v 0.69416964 0.03552341 0.02027270
v -0.20280002 -0.20016053 -0.53482074
v 0.49187666 0.19034062 -0.14131662
v 0.42225230 0.07075357 0.28976214
v 0.58589208 -0.07311971 0.13436246
v 0.41712868 -0.21571478 0.42611998
v 0.59306967 0.06477357 -0.07421684
v 0.80879724 0.16962133 -0.01078868
v 0.41773826 -0.24249287 0.33071333
v -0.55339450 -0.28242573 0.04793547
v 0.65504771 0.01839374 0.03371033
v 0.67807490 0.01835666 -0.00293714
v 0.22710715 0.23690724 0.37709993
v 0.61038744 -0.04184933 0.01169385
v 0.78262305 0.12177287 -0.00052999
v -0.73964775 0.08830228 0.03403887
v 0.51367247 0.15378374 -0.09546313
v 0.22533834 0.11707664 -0.42771110
v 0.12599000 0.15148312 -0.47670832
v 0.53578258 0.14515372 0.06452984
v 0.77919441 0.12303376 -0.01467952
v 0.79235297 0.13380153 0.00720575
v 0.71264112 0.06979531 -0.02401503
v 0.13393483 -0.27569938 -0.54708934
v 0.69740850 0.01200140 -0.00656134
v 0.79140353 0.15159361 -0.01310828
v 0.45453247 -0.20068584 0.30857211
v -0.19051963 -0.20621245 -0.55585319
v 0.68770701 0.05856051 -0.04334397
v 0.30002224 -0.25641245 0.41003326
v -0.72503579 0.04221293 -0.04682028
v 0.01163504 -0.30062193 0.45732373
v -0.10964775 -0.38495019 -0.40747193
v 0.58228874 -0.12483416 -0.06966629
v 0.40532279 -0.25162649 0.31455150
v 0.62420589 -0.02120712 0.01245731
v -0.66977978 0.24141572 -0.02821194
v 0.25030607 -0.01262590 -0.42861855
v -0.39094126 -0.31377450 0.03763088
v -0.57147670 -0.18959239 0.06937131
v 0.41687316 -0.16961767 -0.37000948
v 0.48102793 0.09596888 -0.15040252
v -0.58563852 -0.10022917 0.05621544
v 0.70074797 0.02730885 0.00886872
v 0.20274733 -0.05975877 -0.47912049
v 0.24255873 -0.32585624 -0.45958349
v -0.54484206 0.15346234 0.08120346
v 0.74283242 0.08691207 -0.03402627
v -0.08681312 0.04730359 0.46868986
v 0.68583661 0.03954460 0.00489752
v -0.65273482 -0.08363741 0.03841002
v 0.64514744 -0.00676647 -0.02809381
v 0.65044940 0.04566333 0.03000832
v -0.75305033 0.14086984 -0.02546284
v 0.66329944 -0.01216890 -0.02167729
v 0.34926379 0.10117206 0.34005746
v 0.75161791 0.22170956 0.00784567
v -0.13480884 -0.30581987 -0.39514548
v 0.75082409 0.14031802 -0.01411217
v 0.73948860 0.07919970 -0.00880320
v -0.33775321 0.13941336 0.35737121
v 0.48398352 0.10462736 -0.18516442
v -0.67679882 0.03391050 -0.01749598
v 0.02339730 -0.37166578 0.31183377
v 0.01400110 -0.15479578 0.52935529
v -0.52873981 -0.21127971 0.00153482
v -0.25672328 -0.37808770 -0.07723334
v -0.70439112 -0.03874703 0.00547367
v -0.63352239 0.06970076 -0.12365282
v -0.44317794 -0.26318863 -0.03653193
v 0.19292980 0.11435566 -0.43051407
v -0.06698937 0.22668923 -0.55221879
v -0.09221843 -0.40241268 -0.30766937
v 0.03143701 -0.05146996 -0.56365448
v 0.23880154 -0.32055175 0.39681739
v 0.69871652 0.13262430 -0.00435761
v -0.76810741 0.18275760 -0.03319617
v 0.18757497 0.19946578 -0.37190956
v -0.74386764 0.10511770 0.05148833
v 0.63530356 -0.06201538 0.02607015
v 0.16148160 0.34638515 -0.21540633
v 0.51120567 -0.08398538 -0.16965780
v -0.52401614 -0.27919015 -0.06718136
v -0.41577423 -0.06985979 -0.46460578
v 0.64116657 -0.03987858 -0.03369597
v -0.46571484 -0.20694193 -0.30485606
v 0.54881287 0.03307567 0.09636226
v 0.74701405 0.19104780 -0.00538358
v -0.32979995 -0.36135092 -0.13376707
v 0.16787183 -0.39020738 0.29050660
v -0.48526099 -0.21326341 -0.10480878
v -0.76050216 -0.02664247 -0.00536829
v -0.11748985 -0.25001299 -0.53125608
v -0.36796188 -0.33173895 -0.02581820
v 0.70731479 0.06510082 0.01457590
v 0.64686263 0.20268846 -0.04521269
v 0.62472379 -0.06354122 0.06814978
v -0.20628005 -0.04045635 -0.54063380
v -0.09565629 -0.25945622 -0.46887869
v 0.65440893 -0.00826493 -0.02581505
v 0.80507481 0.13107847 -0.00301170
v -0.53859836 -0.26402509 -0.02855998
v -0.29619375 -0.35624111 0.17704482
v 0.55416608 -0.05719820 0.20656967
v 0.36315849 -0.36720449 0.15587465
v 0.32471365 0.28192183 -0.34097460
v 0.62582862 -0.09361692 0.04838478
v 0.75422156 0.18454690 -0.01344346
v -0.43294713 -0.14738329 -0.30575177
v -0.17798230 -0.34603894 0.41918316
v 0.77156866 0.17351115 -0.01677328
v 0.72718453 0.07440268 -0.03863817
v -0.34842125 -0.32713795 0.14908957
v 0.74965012 0.11618854 -0.01902556
v -0.22024795 -0.32319298 0.39939499
v 0.19861093 -0.38071346 0.32536331
v 0.30528313 -0.38436764 0.13748285
v -0.02156514 -0.39448333 0.09431907
v -0.00931836 -0.03609185 -0.57668912
v 0.64971417 -0.00400783 -0.00483988
v 0.67977852 0.05862976 -0.02918991
v -0.14321554 -0.39750743 -0.25568745
v -0.52811635 -0.25891060 0.02884477
v 0.28112483 -0.40080273 -0.38068357
v 0.26001537 0.34562528 0.22162977
v 0.69445181 0.05012117 -0.00252850
v -0.44656736 -0.31431687 0.06738937
v 0.27461284 -0.19529557 -0.47136000
v -0.05295175 -0.39949000 -0.34320602
v 0.36994383 0.10974340 -0.21595722
v -0.01076990 0.15495636 0.45306346
v 0.43598199 -0.21314235 0.37164754
v 0.65137661 0.06297815 0.04047897
v 0.67264974 0.02624154 0.00280252
v 0.33940926 0.22654571 -0.20757568
v 0.05978224 -0.31672946 -0.47708589
v 0.71607518 0.03401023 -0.01113036
v 0.58682531 -0.09846395 0.08223739
v 0.70272458 0.11820596 -0.01728049
v -0.59297109 0.22349414 0.07031620
v -0.38712537 -0.22425574 -0.25231883
v -0.08217819 -0.38957024 0.07120690
v -0.27941817 -0.13539773 -0.44958672
v 0.70746279 0.07366753 -0.02402039
v -0.54086250 0.08546622 0.11940234
v 0.54865837 0.19486041 -0.00055400
v 0.68787706 0.11063342 0.01377702
v -0.52263135 -0.26656735 -0.17670336
v -0.49207506 -0.22670387 -0.11080626
v -0.16326544 -0.39541429 -0.26257443
v -0.60934883 -0.13162996 -0.12143686
v 0.16972028 0.15205520 -0.42788109
v 0.67251301 0.00208832 0.00755526
v 0.16853815 0.09595671 -0.45121476
v -0.29093128 -0.25713849 -0.32774961
v -0.31726038 -0.35068360 0.28907487
v 0.00426596 -0.28215724 -0.47131899
v -0.20290163 0.03152998 0.41084304
v 0.29180235 0.21325013 0.30584067
v -0.65434945 -0.08985071 -0.03894341
v -0.50534397 -0.25071973 0.02403364
v -0.76234293 0.00807032 0.02128123
v 0.64056879 0.09095449 0.16811596
v 0.37610659 -0.17810756 0.40512446
v 0.63722372 -0.21333414 0.03375620
v 0.00633495 -0.38643610 0.19759801
v -0.09532022 0.20800158 0.43165943
v -0.45050049 -0.06637025 -0.33201474
v -0.62053001 -0.01934157 -0.15010816
v 0.78733051 0.18979324 -0.03132716
v -0.17012775 -0.19331476 -0.61520386
v -0.32902566 -0.30445436 -0.24097389
v -0.67174214 -0.14567393 -0.00718215
v 0.59295869 0.06677205 -0.05749148
v 0.78927922 0.18390633 -0.01901561
v 0.54784548 0.04557884 -0.12987339
v -0.39084032 -0.27088612 -0.24530920
v 0.71580929 0.10006322 -0.04748632
v 0.59554380 -0.10209344 0.04001409
v 0.66938806 0.00463088 -0.01646608
v -0.16716376 -0.41020027 -0.10822805
v -0.23831502 0.29887557 0.14469087
v -0.09630521 0.32578215 -0.00388139
v 0.76798385 0.14917560 -0.02601567
v -0.65380877 -0.11448174 0.03199938
v 0.60302168 -0.06709545 0.03150305
v -0.03861935 0.12208387 -0.56329280
v -0.45564699 -0.18792894 -0.28382671
v 0.56605089 0.19257127 -0.10883659
v 0.59524965 -0.01491454 0.18465728
v -0.58395767 -0.17472565 -0.01188068
v 0.76401556 0.12949611 -0.01023117
v -0.42687964 -0.32069021 0.01030812
v 0.02822219 0.43943477 -0.18118638
v 0.07754381 -0.23781079 -0.61757815
v 0.60477966 -0.10143325 0.02074262
v -0.59177923 -0.12754735 -0.14275694
v -0.03554897 -0.33497515 -0.44073781
v 0.72299105 0.07720470 -0.02582840
v 0.09059615 -0.22987242 -0.52604067
v 0.71695346 0.09550344 -0.01134947
v 0.05231657 -0.42017651 0.06262515
v 0.12491552 0.09967311 -0.48603913
v 0.24080610 -0.02078631 -0.42731583
v 0.61031449 -0.07909730 0.04962578
v 0.75343055 0.10846694 -0.03929316
v -0.09543759 -0.41580379 -0.35304207
v 0.63187551 -0.02938983 0.03965798
v -0.43355909 -0.29275340 -0.16527933
v 0.20350234 -0.18217844 0.51624531
v 0.60364962 -0.11044449 0.02670950
v -0.78169161 0.05913770 0.00212809
v -0.55611652 -0.20663109 -0.08299845
v -0.32493123 -0.15369612 -0.54574168
v 0.62301153 -0.26604465 0.10344540
v -0.70633698 -0.05683620 0.02200241
v 0.27766746 0.10832989 -0.37091964
v -0.32770732 0.27357823 0.17487800
v 0.62988472 0.06821920 -0.01953203
v 0.17808126 0.20036210 -0.38895467
v 0.46904960 0.06129892 -0.11133835
v 0.58451807 0.07342333 -0.03902707
v 0.77291936 0.08217264 0.00574985
v 0.67493033 0.01524310 -0.00929591
v 0.47164634 -0.31700468 -0.13422760
v -0.02301323 -0.04199107 0.45485222
v -0.23400754 -0.07094646 -0.51900584
v 0.76334685 0.10772648 -0.01507593
v 0.74662852 0.15796345 -0.04497057
v 0.75280654 0.06474177 -0.00908355
v 0.46853507 -0.03430125 0.33489087
v 0.63441604 -0.03617829 0.02967274
v -0.13850921 -0.21930131 -0.57802659
v -0.06787547 0.22323614 -0.51007527
v 0.58918780 0.13787270 0.07387972
v -0.40285176 0.30322698 -0.13018227
v -0.54766160 -0.08892505 -0.20104414
v 0.04424658 0.29017353 -0.39661869
v -0.51502174 0.02532883 0.17465876
v 0.76050472 0.20507823 -0.01697707
v -0.20752773 -0.40768650 -0.11826456
v -0.26687986 -0.36595830 0.20201704
v 0.60024548 -0.07747677 0.18510227
v -0.17553058 -0.35236245 -0.33184671
v 0.04776996 -0.40113777 0.18290472
v 0.19327539 0.03029210 -0.48748124
v 0.58063203 0.04403436 -0.02670276
v 0.70832264 0.04287270 -0.00292927
v 0.57198691 0.04397555 0.07239923
v 0.38218182 -0.26240173 -0.32936743
v -0.27411076 -0.35556397 0.11195508
v -0.26065612 -0.22480930 -0.52067888
v 0.12889847 -0.20862882 0.52443022
v -0.34805182 -0.36070514 -0.11689073
v 0.57440209 -0.01368983 0.15428042
v 0.57129008 0.04841061 0.07302681
v -0.76094615 0.01474819 -0.01135230
v -0.41496232 -0.24504194 0.19385913
v 0.35341340 0.07248563 -0.42643994
v 0.37215933 0.23361583 0.20518693
v 0.37133569 0.11749855 -0.17977348
v -0.17871153 0.04855854 -0.60191977
v 0.75308067 0.08940360 -0.00484022
v -0.35816219 -0.28844699 -0.32441694
v 0.65369225 -0.02783290 -0.01942140
v -0.61953825 -0.14939699 0.03963882
v -0.07615075 -0.26290563 -0.46486902
v 0.16773447 -0.22376744 -0.49182993
v -0.66942978 -0.07843740 -0.00047028
v 0.19249523 -0.31831756 -0.47034919
v 0.73584121 0.08610864 -0.01729503
v -0.61187643 0.00235322 -0.23166138
v 0.68359786 0.00682911 0.03509620
v 0.04177863 -0.42248851 0.05380535
v -0.26604113 -0.31842521 -0.28588831
v -0.10146212 0.32947767 0.29294348
v 0.75135493 0.11006755 -0.01944697
v 0.17829011 0.28202286 0.40495226
v 0.02734911 -0.20536341 -0.51408887
v -0.01921153 -0.36738452 0.37020504
v -0.22971599 -0.37361246 0.19583498
v -0.41149160 -0.30760208 -0.07858966
v -0.42732471 -0.32074910 -0.01736304
v -0.38177103 -0.34407234 -0.15154684
v -0.20745559 -0.10199810 -0.49204940
v -0.59540480 -0.14988098 0.11562821
v 0.50106227 0.22926326 -0.05677095
v -0.29160830 -0.37148827 -0.03972778
v -0.42938584 -0.28164691 -0.07555772
v -0.10189852 -0.41157585 -0.28141007
v -0.39540097 -0.28828692 -0.20393094
v 0.69099873 0.07278886 -0.00949733
v 0.77025050 0.12731297 -0.02297541
v 0.75346166 0.07729498 -0.00249615
v -0.25390929 -0.07835904 -0.59188187
v 0.66348422 0.08052503 0.05656514
v -0.07898235 -0.25519672 -0.50145531
v -0.49433234 0.08258112 0.12198973
v -0.12158705 -0.39087588 0.11612232
v -0.30462870 -0.24373251 -0.40217039
v 0.24780571 -0.29383749 0.40280831
v 0.77066255 0.09636962 0.02176803
v 0.12916179 -0.00922732 -0.51938909
v -0.67720425 -0.05282764 -0.10076180
v -0.30935934 -0.35547549 0.23310921
v 0.73376834 0.07498181 -0.00861284
v -0.57606006 -0.17813836 -0.08807230
v -0.18411858 -0.14379856 -0.54706752
v 0.63843131 0.05210648 0.02782129
v -0.71041387 -0.08911248 -0.04802278
v 0.33438453 0.00518732 -0.38067633
v 0.34089312 0.08998422 -0.30698079
v -0.70976055 0.01491694 -0.00963029
v 0.16480377 -0.22911005 -0.48747584
v 0.60971171 0.07551537 -0.00212216
v 0.36189556 -0.20322734 0.42346266
v 0.76983893 0.09781511 -0.00667039
v -0.18368909 -0.37815541 0.23499422
v 0.73617983 0.14843260 -0.02352153
v -0.41403848 -0.32395935 -0.14213884
v 0.21601526 -0.15673357 -0.46663454
v -0.48410815 -0.23128375 -0.19684336
v -0.46958178 -0.22068982 -0.24170715
v 0.60623449 -0.06178544 0.04927644
v -0.05063096 -0.38805318 0.23739573
v 0.52740717 0.19524854 -0.03541324
v 0.71056581 0.02399403 0.03013256
v -0.00915265 -0.41458035 0.14954513
v 0.72470486 0.06993082 -0.02172717
v 0.59582442 -0.19494882 -0.04977862
v -0.06804788 -0.37835461 -0.38014543
v 0.80657482 0.20003107 0.01528436
v -0.19422479 -0.36184195 0.07042930
v -0.30371946 -0.09766900 -0.43371174
v 0.80582517 0.15333539 0.00764975
v -0.07325268 -0.36319661 0.24148402
v 0.71086931 0.04842700 0.00085855
v 0.57176256 -0.10940442 0.08874963
v 0.76988196 0.11946400 -0.00421757
v 0.78060007 0.15548971 -0.02994859
v 0.26264751 -0.03649800 -0.42306882
v -0.49023345 0.04686407 -0.32494071
v 0.67401356 0.05785331 -0.00526688
v 0.50239986 -0.19687824 -0.26863605
v 0.70716733 0.03083700 -0.00383785
v 0.04895432 -0.14798854 -0.52387005
v 0.71935576 0.08680402 0.00332122
v 0.52634609 0.02119480 -0.05123618
v 0.70864034 0.06567769 -0.01310317
v -0.03675745 0.08677296 -0.54694736
v -0.57504570 -0.20292217 -0.02989247
v 0.00572640 -0.27155650 -0.46058804
v 0.16459145 -0.27544212 0.43694469
v 0.60683441 -0.03296776 0.02494702
v -0.16952100 -0.39758450 -0.23594746
v -0.00073957 -0.34164849 -0.40321934
v 0.60922980 -0.06131441 0.12935081
v -0.54480326 -0.12562515 -0.22136453
v -0.67194557 0.07297751 0.02807716
v 0.71946204 0.08234441 0.00104281
v -0.58552408 -0.15367179 0.01191676
v -0.32692212 0.20469010 0.23967978
v -0.40503314 -0.31890008 -0.09481496
v -0.10212924 0.22181426 0.43177783
v 0.19298406 -0.37344128 0.28328103
v -0.15290552 -0.22792563 -0.48535490
v 0.78019285 0.09892702 0.01751381
v -0.43081564 -0.14632030 0.39873064
v -0.21350724 -0.13156609 0.47084317
v 0.22247556 -0.35634521 0.24774367
v 0.13042594 0.29100507 -0.33691320
v -0.22230196 -0.37615010 -0.22135612
v -0.03999853 -0.04985802 -0.52614021
v -0.35750991 -0.13941020 0.46000212
v 0.67437023 0.03242119 0.00396478
v -0.43959302 -0.30983210 -0.02749887
v 0.13016966 -0.35279244 -0.45310152
v -0.17186919 -0.37799942 0.03624101
v -0.27970016 -0.38470286 -0.13783622
v -0.31638938 0.18614687 0.19829786
v -0.50838071 -0.18267328 0.22232229
v 0.20467237 -0.16010983 0.50042939
v -0.35607380 -0.34240520 0.04014713
v 0.77121449 0.11924729 -0.00408541
v 0.64747959 -0.01435805 0.18290283
v -0.03722769 -0.41020048 -0.32424667
v -0.59343225 -0.10446140 -0.20128855
v -0.52833927 -0.21846113 -0.08789566
v -0.31403667 -0.35484248 0.20109397
v -0.52471888 -0.27842259 0.05727987
v -0.44738707 0.23241195 -0.15019070
v -0.46687853 -0.28662258 0.02955293
v -0.67354602 -0.06514668 0.01592109
v 0.65646136 -0.02058281 0.00126579
v -0.07747585 -0.27457288 0.47832793
v 0.11170952 0.30474693 -0.31290695
v -0.18394721 0.33227277 0.01528000
v 0.10885733 -0.38204050 0.26342782
v -0.34602332 -0.27318025 0.27971458
v 0.10790774 0.22504978 -0.44437775
v -0.24867539 -0.36842924 -0.02512082
v -0.27527216 0.26206881 0.18247661
v -0.64968431 -0.01060501 0.00314821
v 0.64545524 -0.22650245 0.07452151
v -0.05016133 0.34080598 0.25099075
v 0.35080895 0.31539822 0.23768231
v -0.71671063 0.09974419 0.00784296
v -0.40780544 0.20457943 0.12094527
v 0.68222225 0.06832787 0.00026529
v 0.26735389 -0.06447066 0.47658491
v -0.30400217 -0.37536579 -0.03420935
v -0.62500846 -0.08271171 -0.15991202
v -0.43627459 -0.16607420 -0.34943438
v 0.74182570 0.08128155 0.01172671
v -0.14592224 -0.37993538 -0.38663137
v 0.07127358 -0.24436694 -0.55997533
v -0.61571229 -0.09881647 -0.20363477
v 0.10778105 -0.30068874 0.47338676
v -0.31693056 -0.29048017 -0.31950071
v 0.17936416 -0.41468862 0.11411411
v 0.18112324 -0.28681222 0.42702663
v -0.63594997 -0.19467075 -0.00048736
v 0.65631366 0.02075484 0.17156041
v 0.26929167 -0.07241634 0.52288884
v -0.26000154 -0.16086887 -0.58654839
v 0.30706042 -0.10642986 -0.43687057
v -0.47204450 -0.13638480 -0.37325937
v 0.22430953 0.05936012 -0.43291265
v -0.22889158 -0.13031249 0.43891221
v 0.76625347 0.13723700 -0.02799995
v 0.17802329 -0.40241313 0.17458430
v 0.80316263 0.16663836 0.01772046
v 0.56484514 -0.13578902 -0.09549864
v -0.35802093 -0.33448055 -0.07351926
v -0.47232887 -0.27929029 -0.01592315
v -0.04711741 -0.36979979 0.23270646
v 0.14578998 0.27458447 0.37287545
v 0.67057288 -0.00218391 -0.00717974
v 0.70470405 0.02741892 0.02324811
v 0.66154313 0.03478664 0.00568111
v 0.55574512 -0.04522437 -0.04605612
v 0.66760468 -0.00594575 0.05363023
v -0.57273245 -0.26212716 -0.20495902
v 0.75576484 0.16333619 -0.03110550
v 0.72788906 0.13788852 -0.01216336
v 0.46714830 0.11076249 0.28489512
v -0.16114017 -0.15851863 0.52790976
v -0.50632572 -0.28092650 0.17907876
v 0.73789847 0.15691343 -0.01798445
v -0.33760774 -0.32697460 -0.20647874
v -0.54198456 -0.20184588 0.09232590
v -0.16563338 0.33529818 0.26615739
v 0.72895753 0.07389870 0.00055733
v -0.04020238 -0.42680803 -0.21871142
v 0.30554384 -0.03614462 0.42606407
v 0.69272113 0.04317138 0.01756135
v -0.26157254 -0.36742249 -0.07280561
v -0.27925229 -0.36073482 -0.10728352
v -0.43555135 -0.15272096 -0.36204597
v 0.57597649 -0.16395229 -0.07013939
v -0.08462453 -0.38127854 0.02154556
v 0.78243858 0.12536600 -0.02138674
v -0.48861593 -0.20291954 -0.20027578
v -0.52545941 -0.22970931 -0.19941393
v 0.76689929 0.14820443 -0.04020572
v -0.73062354 0.08023246 -0.02950491
v -0.80259705 0.01218572 -0.00097353
v -0.28895187 -0.34810653 -0.21727848
v 0.71470195 0.04794081 -0.01137605
v 0.13490859 0.03730035 0.48568681
v 0.10126057 -0.35188115 0.39295506
v -0.39054650 -0.30180150 -0.15037718
v 0.66570288 0.14496095 -0.10347459
v 0.60724980 -0.02245897 -0.02768514
v 0.61228442 -0.03600278 -0.07101300
v 0.21987969 -0.43428481 -0.09198657
v -0.42513186 -0.29176694 0.32066464
v 0.73513556 0.07094462 0.02002165
v -0.49166784 0.21451566 0.02567108
v -0.67839503 -0.03955182 0.00879693
v -0.00236404 0.29787064 0.40495074
v -0.46216366 -0.07333943 -0.34337571
v 0.18601722 -0.15414211 -0.51542085
v -0.70558870 -0.19216044 -0.04343708
v 0.74103749 0.12438162 -0.01441051
v 0.46372172 -0.21655437 0.29867223
v -0.25878221 -0.34498507 -0.15825826
v -0.39274225 -0.30770063 -0.05086738
v -0.02499503 -0.36482748 -0.41523248
v -0.77768433 0.03842665 0.01270157
v 0.77529037 0.09058677 -0.00711358
v -0.57167965 -0.17233363 -0.00576539
v 0.20581014 -0.22111925 -0.46058309
v 0.01427025 0.08167045 0.47064438
v 0.55427641 -0.13353485 0.08078067
v 0.55260760 0.19507706 -0.01251143
v -0.48603830 -0.22281827 -0.15242758
v -0.38494053 -0.35059273 -0.06573421
v 0.09098967 0.09411159 0.51809627
v 0.05995405 -0.01108595 -0.54831862
v 0.81790781 0.16355370 -0.01597339
v -0.22674802 -0.37302327 -0.14719971
v -0.72049236 0.10569093 -0.02353569
v -0.31968686 -0.36333022 -0.06841117
v 0.80906910 0.17094624 -0.00035620
v 0.65677953 -0.00481520 0.01346004
v 0.63025159 -0.03617259 0.06759521
v 0.71324515 0.03097146 -0.01012492
v -0.33970347 -0.35748729 -0.00063013
v -0.37982690 -0.19648555 0.44419307
v 0.60294151 0.05890231 -0.00840747
v -0.27031612 -0.36731705 0.05188555
v 0.60367537 -0.02554962 -0.03506232
v 0.64637345 0.01520413 -0.01823729
v 0.35282099 0.21429798 -0.19207746
v 0.70238918 0.07641339 -0.00019415
v 0.69139111 0.09858884 -0.01721551
v 0.61014080 0.19330122 0.01828626
v -0.59610903 -0.09921767 -0.16241264
v 0.74901050 0.09549907 -0.01511058
v -0.26936379 -0.32376644 -0.26380140
v 0.72998780 0.09872597 -0.02954382
v -0.54147154 -0.13106829 -0.19033012
v 0.42623687 0.03660065 0.38962638
v 0.71559453 0.07669903 -0.01983707
v -0.14139909 -0.21614251 -0.49609759
v 0.77185941 0.12681839 0.01166549
v 0.80012286 0.14885622 -0.00563851
v -0.36286739 -0.20628218 -0.38025320
v -0.38553557 -0.33527568 -0.13836491
v 0.19684458 0.08690816 -0.46446580
v 0.09985271 0.27690232 -0.35891879
v 0.25841358 -0.40311134 0.16908446
v -0.51310426 -0.23483597 -0.32962847
v -0.13651219 -0.34882653 0.25025105
v 0.07695004 0.06788834 -0.50929344
v 0.50827479 0.14455950 0.19052368
v 0.13991790 -0.18706718 -0.51176023
v -0.48127401 0.23574314 -0.05435413
v -0.29142720 -0.34445059 -0.36414808
v 0.21759352 0.07941242 -0.44426158
v -0.13548037 -0.36348277 0.31570700
v -0.33742040 -0.34488562 -0.06509495
v 0.60091674 -0.04304656 -0.00474881
v 0.11323532 0.25773224 0.03959818
v 0.65733492 -0.00687072 -0.00006445
v 0.13527305 0.26443571 -0.35832062
v -0.41787282 -0.08914535 0.30230248
v -0.59320873 0.08324664 0.13294567
v 0.65050590 0.08285921 -0.02328262
v 0.40730399 0.19714049 -0.11436909
v 0.69231182 0.02171372 0.03423904
v -0.32474729 -0.35401055 0.04292893
v 0.58349323 -0.11288565 0.10172102
v -0.45554402 -0.26911828 -0.23619288
v -0.64965618 -0.09005428 0.00984344
v 0.54865801 -0.05981749 0.17678970
v 0.80220723 0.12422626 0.02621078
v 0.58169436 0.09551650 0.08455089
v 0.05626175 -0.38611931 0.24835438
v -0.21340723 0.29979709 0.26434946
v -0.23952928 0.11974177 -0.55464470
v 0.78132862 0.12952343 0.01313025
v 0.32005763 0.14848116 -0.28363058
v 0.70672095 0.02693203 0.00937563
v 0.70403361 0.04390013 -0.02944574
v 0.09265036 0.24498586 -0.44092932
v 0.74571621 0.04906331 0.00238878
v -0.29487166 -0.32910681 0.29236338
v -0.14197117 -0.22626786 -0.46702743
v -0.33572114 -0.25120953 -0.30045730
v -0.36883378 -0.34190366 -0.08167613
v 0.71310574 0.05544326 0.00397282
v 0.73075473 0.15248896 -0.00399503
v 0.72046280 0.04789641 0.01211929
v -0.38337296 -0.24522328 -0.40210015
v -0.57653582 0.06559536 0.01413415
v -0.53966677 -0.09403321 -0.24035183
v 0.76279700 0.07493311 -0.00986703
v 0.73408210 0.09101562 -0.04808491
v 0.09710667 0.28712192 0.37220633
v -0.44067138 -0.23391214 0.32322222
v 0.24227247 0.20443527 -0.37765187
v 0.75196427 0.06544811 0.01280096
v -0.66368008 -0.07214592 -0.00022709
v -0.05567007 -0.38666224 -0.40068784
v 0.75826085 0.16979361 -0.04155786
v 0.69407082 0.07362540 0.04205505
v -0.48774275 0.22934738 0.01597223
v -0.62499905 -0.09703378 0.00989314
v -0.09510165 -0.34673059 -0.46859279
v 0.10648272 0.25942358 0.36017501
v 0.64575982 0.08977012 0.02895713
v 0.52128291 -0.09605460 -0.12753773
v 0.71923065 0.04439908 0.02755782
v 0.21054795 -0.21992753 0.48266885
v -0.53701937 -0.22444978 -0.06042409
v -0.59775674 -0.14065185 -0.08289081
v -0.03279823 0.19824576 0.47177961
v -0.06354538 0.31679741 0.33373338
v -0.46431395 -0.29623210 0.02171162
v -0.26361790 -0.24393429 -0.38679442
v -0.37950689 -0.29141423 0.21867314
v 0.17908892 0.08638062 0.44299832
v 0.76507044 0.09240329 0.00476137
v 0.75604618 0.04670344 -0.00387001
v -0.52061278 -0.13348274 -0.26661828
v 0.63322747 -0.04203020 0.01541069
v -0.55104721 -0.02098036 -0.35990703
v 0.13429537 -0.20154820 -0.50205314
v -0.29836100 -0.32239732 -0.27762038
v -0.55250025 -0.27332056 -0.01817048
v -0.53120923 -0.28800574 0.03614728
v 0.63320750 -0.02671510 -0.01463809
v -0.57474148 -0.22743745 0.12134272
v -0.74358922 0.03404640 0.05886194
v 0.17984520 -0.06459728 0.48535639
v -0.71059513 -0.11825573 -0.02282691
v -0.16673711 -0.40424454 -0.25710166
v 0.73830223 0.07659860 0.02735257
v 0.17165914 -0.18689732 -0.50552690
v -0.80112195 0.05681385 -0.03564086
v 0.30597270 0.14589474 -0.31223103
v 0.01475246 0.15980415 0.48144585
v 0.06007668 0.32330540 0.36423728
v 0.73402238 0.03378209 0.00053057
v 0.57661664 -0.08239543 0.05280289
v 0.79149503 0.18622783 -0.01633468
v 0.58462965 -0.08145289 0.02264357
v 0.04483193 -0.16645971 -0.60351241
v 0.76364654 0.09935568 -0.03849277
v 0.67632014 0.15672632 -0.09117118
v 0.78151017 0.11339607 0.00415847
v 0.31374609 0.19114406 -0.21962380
v 0.78542203 0.14787114 -0.00937047
v -0.57924491 -0.18793602 0.05826235
v 0.69076985 0.08274481 0.04107653
v 0.78414643 0.18925019 -0.01840526
v -0.00799929 0.26911303 -0.07902169
v 0.16732517 0.35409623 -0.20716497
v 0.70933557 0.02062476 0.02622172
v 0.44809818 0.15117933 -0.09238008
v 0.23827446 0.00268839 -0.46658805
v 0.44334745 -0.16785312 0.33928621
v -0.38186041 -0.11876172 -0.40567428
v 0.75616419 0.12882783 0.03762564
v -0.12234399 -0.38865668 0.16718712
v 0.66681683 -0.00610404 -0.01310938
v 0.76285332 0.06601001 -0.00017396
v 0.69085556 0.05284737 0.03319216
v -0.52653307 -0.23134862 0.00932665
v -0.02754270 -0.39497218 -0.18326756
v 0.73632139 0.10106567 -0.01925981
v 0.61896873 -0.05947942 -0.00326398
v 0.19936305 0.14564517 -0.39584279
v -0.05101329 0.33891723 0.24647883
v 0.49860361 0.09582278 0.18119615
v 0.36912909 -0.22460085 0.41774505
v 0.71735942 0.05966593 -0.00241029
v 0.05867600 -0.39086318 0.18388188
v 0.34926438 -0.22302738 0.38242418
v 0.73013926 0.04413882 0.03279608
v 0.70942390 0.07511038 -0.02963470
v 0.62266117 -0.00545877 -0.00052968
v 0.62064642 0.02852914 0.02179238
v 0.45775393 0.28729877 -0.02302058
v 0.12743112 -0.25664103 -0.43602741
v 0.70964915 0.04714710 0.00476751
v 0.80834121 0.17918783 0.01448089
v -0.36469302 -0.35305518 -0.02843419
v -0.71437204 -0.01359237 0.04450037
v 0.65258354 -0.03149135 -0.01815316
v -0.33858472 0.08928375 0.28598708
v 0.13324367 0.21041539 -0.40154999
v 0.12642445 0.29552460 -0.32385769
v 0.72719824 0.09901960 -0.00220087
v -0.35107732 -0.29982156 0.23019651
v 0.18345886 -0.24409792 -0.47750151
v 0.51869035 0.14338805 -0.09952271
v 0.17886603 -0.21595812 -0.48442817
v 0.81124139 0.14393535 0.00055702
v -0.04484971 -0.07364059 -0.56980616
v 0.74903166 0.17129765 -0.01500009
v 0.56530267 0.16128813 -0.00071569
v 0.18179467 0.14799023 0.44659990
v 0.58603019 -0.08526637 -0.00323625
v 0.71108276 0.04578127 -0.00900236
v 0.02178408 -0.26753440 -0.51627421
v 0.73701012 0.10996918 -0.01554576
v -0.09337124 -0.39285219 -0.40608969
v 0.52607572 -0.14786060 0.24903111
v 0.78781468 0.18910794 -0.02972840
v 0.67724055 0.06291525 -0.02974209
v -0.71188146 0.00667481 -0.00511755
v -0.16415714 0.20571451 0.45344836
v 0.61021996 -0.05524793 0.04501357
v 0.35330567 0.07875879 -0.34309685
v 0.09648128 -0.36683485 0.22072002
v 0.42618087 0.13173577 -0.17324930
v -0.27328056 -0.37641695 -0.24762282
v 0.75411707 0.11583297 0.03879926
v 0.71801579 0.06593271 0.02620897
v -0.19505596 -0.35667413 0.37451768
v 0.47051126 0.11654088 0.20779061
v 0.56842518 0.04413147 -0.02095342
v -0.01568070 0.23088194 0.41398764
v 0.40476343 0.06675327 0.30453560
v -0.74063694 0.00490937 0.01926913
v 0.66868842 -0.02126935 0.01684004
v 0.66665626 0.13158718 -0.02315742
v 0.70345443 0.03039354 -0.00298396
v -0.69516218 -0.05153379 0.03211958
v 0.63394296 0.02225618 0.05151299
v -0.24621937 -0.31651410 -0.26940289
v -0.66910332 -0.12255824 -0.00902143
v -0.19296366 0.19188157 0.33200628
v 0.40150875 0.14558475 0.31153408
v 0.69947022 0.10403887 -0.02905561
v 0.73877841 0.17252509 -0.01976836
v -0.56871831 -0.06248248 0.25832209
v 0.06155364 -0.35881734 -0.47336453
v -0.34199482 -0.26226854 0.36985588
v 0.55371261 0.05729888 0.21658903
v -0.20056936 -0.36848390 -0.23770741
v -0.46068621 0.02899768 0.20222458
v 0.33158827 -0.09232441 0.42284712
v 0.11938819 0.12464981 -0.48813689
v -0.10718490 0.25314736 -0.45327199
v -0.50895154 -0.26347908 -0.05623752
v -0.47556224 -0.26411414 -0.04332447
v 0.61850268 0.07430206 0.01733962
v 0.03326187 -0.00166430 -0.52986836
v 0.17744949 -0.20553805 -0.49193531
v 0.26720181 -0.39856368 -0.34738904
v -0.43364605 -0.31301421 0.09243396
v -0.65363485 -0.11924686 0.00176236
v -0.53929031 0.02912068 0.14287277
v -0.24301049 -0.36098191 0.23635915
v -0.38052982 0.04293363 -0.43977150
v 0.08544651 0.30024379 0.41748416
v 0.71090305 0.09980187 -0.01210316
v -0.73365653 0.05538773 -0.00410905
v 0.29983994 -0.07529815 -0.44080615
v 0.68716210 0.03460625 0.02464959
v 0.64394581 -0.01043175 0.04188800
v 0.17669281 0.28317320 0.31291881
v 0.73319519 0.08457224 0.01482099
v 0.56672347 0.04176380 0.15776178
v -0.43120500 -0.30870962 0.09110738
v 0.74986923 0.18079092 0.00329652
v 0.71602237 0.05213334 0.03550509
v 0.79636133 0.18577142 0.01055303
v -0.73634017 0.11109229 0.01071357
v 0.77247107 0.09075917 0.01095298
v -0.33448038 -0.21581468 -0.37205538
v 0.70788431 0.10717177 0.00568722
v -0.65883064 -0.01427664 -0.07781133
v 0.71061265 0.06498925 -0.01029339
v 0.65806317 0.03769435 0.03038970
v -0.55824733 -0.12397487 -0.19164264
v -0.47223377 -0.24067332 -0.22238576
v -0.17392835 -0.35531440 -0.37655610
v -0.29769319 -0.37897953 0.04025188
v 0.69296932 0.02777957 -0.00581412
v 0.72257370 0.06244562 0.02180231
v -0.03005657 -0.18579085 0.50414664
v 0.67147893 0.16500843 -0.01810530
v 0.62899995 -0.02758709 -0.01654247
v 0.03400925 0.11257702 -0.51798010
v -0.46729434 0.00038269 0.20205277
v -0.04893601 -0.36378178 0.37086517
v -0.59717238 -0.20111364 -0.05583155
v -0.72668236 0.12167977 0.00893380
v -0.02467769 -0.39702642 0.07091975
v -0.30526018 -0.33698654 0.26732594
v 0.60187703 0.17587353 -0.07540543
v 0.80427629 0.18639997 0.00245166
v -0.11461627 -0.40450609 -0.22643787
v -0.58394355 0.24791382 -0.01606235
v 0.69531715 0.04439763 0.01278794
v -0.15704802 -0.15865216 -0.57881331
v 0.67307013 0.00677005 0.03519970
v 0.74512613 0.08177242 -0.01424550
v 0.80423564 0.19496846 -0.00899680
v -0.29237235 -0.37299764 -0.17946932
v 0.59817123 -0.08761411 -0.05694292
v -0.40515375 -0.06945643 -0.24068245
v -0.24725166 -0.34986043 -0.12207758
v -0.41529512 0.18539837 0.15739557
v -0.45793688 -0.29880548 0.25216427
v 0.65546489 0.04524105 0.07176761
v 0.68947095 0.01020685 0.00236659
v -0.15364866 -0.37803632 0.24045514
v 0.77518618 0.11957981 0.01031175
v -0.28997493 -0.14514621 0.43651575
v -0.41038769 -0.29262412 0.17788073
v 0.67948008 0.04951076 -0.04862511
v -0.25479582 -0.08261360 -0.51370406
v 0.32836494 0.19849838 0.30129552
v 0.80464929 0.16081345 0.01837760
v 0.73580402 0.15776937 -0.02697195
v 0.71711862 0.05834351 0.02647117
v 0.37102038 0.24898039 -0.05331323
v -0.66775227 0.04044229 0.00564808
v -0.14008993 -0.27428356 0.40351009
v -0.31331623 -0.04382578 -0.51207781
v -0.44672477 -0.27618954 0.20205817
v 0.65924364 -0.00198896 -0.00282502
v 0.32797378 -0.10499784 -0.36980578
v -0.72500843 -0.01446699 0.00194001
v -0.47947949 -0.23360971 -0.23638281
v -0.27948231 0.25427297 0.20086393
v -0.17696917 -0.41929135 -0.15133280
v -0.41674605 -0.22249341 -0.30519673
v -0.53462368 -0.17342763 -0.14632857
v -0.39153442 -0.25786391 -0.22067171
v -0.07054310 -0.41354010 -0.00709792
v 0.77379167 0.12635876 -0.01045257
v 0.34704196 -0.32421485 -0.32706857
v -0.34702715 -0.34156924 -0.09893727
v 0.72974348 0.07753457 0.02527466
v -0.33323455 -0.27470273 -0.26183227
v 0.62802875 -0.00488439 0.02057961
v 0.75475001 0.18690997 -0.01070647
v 0.14667492 0.20108786 -0.40281186
v 0.46399766 0.00195897 0.28954345
v 0.77070171 0.07588337 0.00955811
v 0.27404898 -0.39594299 0.16929695
v -0.41652596 -0.21388352 -0.33538043
v -0.37190619 -0.08363704 -0.43140289
v -0.40056860 -0.33032131 0.18642959
v 0.56927109 0.11248977 -0.03072479
v -0.35683286 -0.29372856 0.25519225
v -0.50562418 -0.29065594 0.00110248
v -0.33751744 -0.35325238 -0.11061674
v 0.54015976 -0.16716033 0.20501348
v 0.76929724 0.12384120 -0.00422528
v 0.67989808 -0.00184758 -0.03960396
v 0.59308636 -0.06876715 -0.01722333
v -0.49004120 -0.01240626 -0.39100504
v 0.70597166 0.03442547 0.03063777
v 0.75697947 0.12240900 0.00802867
v 0.76609528 0.07158905 0.00750595
v 0.12553173 0.29864401 0.38316834
v -0.52276009 -0.30084711 0.01063775
v -0.30709651 -0.26649386 -0.34078708
v 0.72099358 0.01875775 0.01284957
v 0.78358400 0.12428591 0.00716655
v -0.48485905 0.09164024 0.31504914
v 0.57858831 -0.04792193 -0.07635668
v 0.64102447 0.01219751 -0.01516950
v 0.23691434 0.09880619 0.47667032
v -0.39509255 -0.35105795 -0.18841541
v -0.64099884 -0.09398295 0.12060659
v -0.74698091 0.07666831 -0.01907715
v -0.32655853 -0.09818430 -0.41156283
v 0.12567571 -0.16437286 -0.55599606
v 0.07068101 0.18864961 -0.48293635
v -0.01563540 -0.28235054 -0.46649814
v 0.59561330 -0.00435095 0.09660545
v -0.58491373 -0.18840104 0.05532672
v 0.62408245 0.04250097 -0.01211667
v 0.71302640 0.04328198 0.00254762
v -0.15260309 -0.31244305 -0.38033339
v -0.06144059 0.20378807 0.45218146
v -0.41229829 -0.32844391 0.06737200
v 0.46178821 -0.30590504 0.27821743
v -0.28183770 -0.36652690 -0.06918493
v -0.17981130 0.22973523 0.40394628
v 0.55144298 0.02391000 0.19114065
v -0.01010031 -0.34570503 -0.38625666
v 0.70969987 0.05613056 -0.00673002
v 0.41779280 -0.09719198 0.33837026
v -0.40124661 0.19866729 0.17874393
v -0.81641424 0.11339615 0.02191240
v 0.64818704 0.03431953 -0.01804039
v -0.75623006 0.06234135 0.01706153
v -0.05764145 0.02607706 -0.55140263
v 0.15018374 -0.00206604 -0.50744349
v -0.06296895 -0.15302341 -0.61555153
v 0.78974843 0.15094952 -0.01306579
v 0.78677446 0.12135863 -0.00570834
v 0.64571667 -0.02562219 -0.02633727
v -0.72706765 -0.01578646 0.00051440
v 0.68821061 0.01554247 0.04376787
v 0.74653125 0.07938746 0.02282447
v 0.75773621 0.10900240 0.00825340
v 0.72454995 0.07795939 -0.02175670
v 0.05654916 -0.38932264 0.29340115
v 0.74552333 0.05929923 0.00190091
v 0.62237453 -0.02305700 0.02272165
v 0.10692816 0.21314088 0.45096660
v 0.66530561 0.06582758 0.01737943
v -0.35569373 -0.35064995 -0.09281874
v -0.17151248 -0.03689831 -0.55216146
v 0.71858573 0.07378610 0.00899904
v 0.07413715 0.14244758 0.44116229
v 0.62856287 0.06179551 -0.02250794
v 0.27281943 0.07103518 -0.31889752
v 0.52145767 -0.09430696 0.21614471
v -0.67123425 -0.07980169 0.00330353
v -0.22127348 -0.37383276 0.05543128
v 0.59574974 -0.08946408 0.06675124
v -0.15622319 -0.31222212 0.41250312
v -0.03805062 -0.34438917 -0.39185050
v -0.50524348 -0.19654614 -0.16452888
v -0.42762303 -0.06560595 -0.34449336
v 0.44139373 -0.39149651 -0.19127738
v -0.27919260 -0.37275848 -0.09191054
v 0.11255912 0.32135791 0.24359637
v -0.35602885 -0.29173905 -0.30575186
v -0.02566853 0.08980842 0.46824992
v 0.33428332 -0.38783246 -0.02901111
v -0.76079035 0.10362695 0.05446887
v -0.61990172 -0.13045925 -0.03165010
v -0.43293697 -0.30909967 0.01088005
v 0.51995164 -0.07919247 -0.11406311
v -0.56993884 -0.17432007 0.15092245
v -0.30916992 -0.29239753 -0.29775077
v -0.43462527 -0.27392954 -0.01865234
v -0.63850427 -0.12196627 0.01328164
v -0.34493172 -0.11383678 -0.41878814
v -0.16098905 0.27772760 0.24913085
v 0.72152030 0.17637098 -0.00890967
v 0.16697162 -0.05729052 -0.52324295
v 0.55835378 -0.02265824 0.17730343
v 0.69689387 0.03090223 0.02962700
v -0.59664887 0.18056373 -0.00906996
v -0.22178668 -0.37141567 -0.23275456
v 0.07300194 0.24784416 0.42364621
v -0.69278586 -0.05728983 -0.00162262
v 0.65289390 0.00134280 0.03222904
v 0.10701261 -0.41371527 -0.29917097
v -0.07572316 -0.33679914 0.36789548
v -0.65760332 -0.08094275 -0.03108594
v 0.53215063 -0.00199628 -0.05862203
v -0.49923098 -0.28597215 0.01159322
v 0.47376049 0.07200114 -0.18783626
v -0.39374948 -0.19701540 -0.45408264
v 0.74587071 0.09617794 -0.02058300
v -0.13182615 -0.06973724 0.54722655
v 0.75553656 0.10683997 -0.02095449
v 0.72558534 0.04198693 -0.01593727
v 0.60607487 -0.01486368 -0.04066541
v 0.65074873 -0.01290729 0.00699641
v -0.70046341 0.11779492 -0.04101217
v -0.03503756 -0.38795412 0.16030601
v -0.37283531 -0.34028286 -0.10449484
v -0.23016232 -0.36792234 0.04396418
v 0.57935727 0.05262059 -0.04403886
v 0.06724338 0.17828122 0.50964296
v 0.62537837 -0.03470269 0.03517419
v -0.28729054 0.31395340 0.15529576
v 0.23547375 -0.09979942 -0.45692807
v -0.71080589 0.00987257 -0.07701030
v 0.70212215 0.03791261 0.04272413
v 0.76896179 0.15833987 -0.03038910
v -0.16955155 0.15975672 -0.59530908
v 0.60843223 -0.02841225 -0.03423640
v -0.51224113 0.05586779 0.21650545
v -0.01370567 -0.15181176 -0.55921960
v 0.10720342 -0.24219401 -0.49530518
v 0.31445104 -0.38902861 -0.05352677
v -0.49960038 -0.24999429 -0.04782367
v -0.44981951 -0.32330278 -0.11756546
v 0.44054103 0.23769265 -0.09181625
v -0.24005288 -0.38745469 0.11264762
v 0.70174587 0.10236323 0.01055190
v -0.15432054 -0.38472593 -0.25357011
v -0.28789455 -0.36993998 -0.26361200
v 0.20499870 0.26486111 0.40770739
v 0.29616216 -0.19500521 -0.45901632
v 0.15456720 -0.41205528 0.05458978
v 0.67497110 0.18099383 -0.04133352
v -0.27600011 -0.36540157 0.03446931
v 0.14862664 0.32957694 -0.27150375
v 0.07865384 0.18995228 -0.45594701
v 0.67745930 0.01166308 0.00739168
v 0.63726902 -0.00102966 0.01808485
v 0.72378051 0.04905369 0.01827726
v 0.71042514 0.02239731 0.00842309
v 0.10450327 -0.33570141 -0.37610412
v 0.55780715 0.12149712 0.22204328
v -0.39855590 -0.28240526 0.27774325
v 0.66708422 -0.02398556 -0.02242896
v 0.12188731 0.27976424 -0.34095860
v -0.35165673 -0.34008005 -0.07766229
v -0.67396462 0.05572966 -0.01205397
v 0.64806050 0.02624781 0.01458018
v 0.72832757 0.05989286 -0.00426539
v -0.47465676 -0.30595309 0.15169330
v 0.43304479 0.11410161 -0.29523993
v -0.19270185 -0.40036431 -0.23699769
v 0.76882899 0.06743258 0.00692493
v -0.20084599 -0.06366905 -0.50863409
v 0.75724149 0.08962733 0.00771850
v -0.33594006 -0.34285009 0.15803659
v 0.11753401 -0.12775771 -0.52536660
v -0.24113472 -0.39757347 0.03816867
v -0.29911083 -0.34702507 -0.09032863
v 0.16312879 0.09671579 -0.46133608
v 0.67598873 0.10619165 0.05928779
v 0.61434793 -0.01333009 0.08880379
v -0.54930019 -0.19743189 0.05232046
v 0.67862797 0.04647233 0.03847724
v 0.65714228 -0.00652174 -0.00554466
v 0.73602557 0.04494915 -0.01085842
v 0.12139574 -0.26071429 -0.44249055
v -0.30022258 0.26842478 -0.28798634
v -0.28064296 -0.31470722 0.36687049
v 0.59939313 -0.07431516 0.05117359
v -0.05764720 0.31435904 0.35442317
v 0.63417733 -0.05324577 0.06315491
v -0.36799973 -0.31423908 -0.34265876
v 0.22086324 -0.25182551 0.40744460
v -0.38454685 0.09087648 -0.39452705
v -0.56379867 -0.19137064 -0.25986725
v 0.35435370 -0.32828242 0.26625967
v 0.52709186 0.09239154 -0.15178379
v -0.51196116 0.08841555 0.11414307
v 0.48374629 0.15854254 0.12895094
v -0.45655945 -0.25959897 -0.16760096
v -0.26874346 -0.33866194 -0.30171305
v -0.09091803 -0.40542656 -0.32046065
v 0.75106007 0.19563489 0.00197533
v 0.43310106 -0.09788314 0.38317999
v -0.51397395 -0.18073635 -0.18710455
v 0.25337255 -0.02239595 -0.43349358
v 0.68100286 0.02869590 0.02642435
v -0.14462353 -0.39273387 0.12669447
v -0.67838174 -0.13014452 0.16270563
v 0.73688859 0.17651917 -0.02653567
v -0.08360445 -0.40281260 -0.24991032
v -0.20512566 -0.32958710 0.35928687
v -0.35958827 -0.30243444 -0.18610570
v 0.78995687 0.18548986 -0.02110378
v -0.35913908 -0.21145716 -0.32682961
v 0.70900238 0.08834535 0.01595104
v 0.09184652 -0.06901200 -0.58869505
v -0.31841603 -0.34727174 -0.05423677
v -0.59631658 0.23192623 -0.00231393
v 0.16783777 0.18138304 0.43644190
v -0.13519183 -0.38461494 -0.36148751
v 0.36403757 -0.38987780 -0.22753233
v -0.07835221 -0.35372445 -0.37619469
v 0.65413678 -0.01173569 -0.02470455
v 0.29996040 -0.35012615 0.33696753
v -0.77685952 0.07645205 0.02675769
v -0.45153230 -0.30813444 0.14974603
v 0.66740918 -0.01922561 0.02540618
v 0.71988857 0.11300598 -0.01802042
v -0.09145862 -0.34872267 -0.40516406
v 0.74951565 0.09612471 -0.04011805
v 0.16043453 -0.36676702 -0.29913789
v -0.27001545 -0.35316151 0.13025311
v -0.22846168 -0.18499440 -0.49910796
v 0.71891797 0.07705089 -0.01465730
v 0.60174221 -0.09593013 0.06513819
v -0.77540219 0.00441418 -0.00297737
v -0.74706393 0.13149902 -0.00863905
v -0.64260387 0.06464945 0.04355544
v -0.56635040 -0.21506214 -0.03930753
v 0.44043204 -0.01317258 -0.22824121
v -0.40607309 -0.10997479 -0.35194540
v -0.18336374 0.35991555 0.26800981
v -0.17328137 -0.39172330 -0.24279544
v 0.71421802 0.09285629 -0.01514156
v -0.47096601 -0.25197291 -0.17152330
v -0.28931320 -0.37810948 0.01117265
v -0.33840430 -0.33271286 -0.06162435
v -0.62814718 -0.13873667 -0.04139829
v 0.30320710 0.12779312 0.42892292
v -0.04963025 -0.34451926 0.37213084
v 0.78027225 0.09042613 -0.00504607
v 0.74773973 0.14240038 0.00580446
v 0.25771874 0.16879356 -0.30494833
v 0.77829158 0.15408953 -0.02062270
v 0.62463474 0.19408564 -0.01449813
v 0.24335733 0.09466816 -0.40704229
v 0.81448591 0.13789670 0.01561165
v -0.76469195 0.11139445 0.02229143
v 0.80128443 0.18197823 0.00458445
v 0.79808623 0.15780383 0.02066582
v -0.46465558 -0.17054909 -0.32125849
v -0.36185211 -0.31624269 0.27987030
v 0.30439028 -0.42432263 -0.24690376
v -0.06294394 -0.37822407 0.24082169
v -0.23611757 -0.36357081 -0.25558424
v 0.40163141 -0.14341401 0.36898771
v -0.26054850 -0.36863363 0.26684630
v 0.77881753 0.12936535 0.01031384
v -0.16489953 -0.36481839 0.27549729
v 0.59806895 -0.05497676 -0.05579409
v 0.72251654 0.08364475 -0.03620189
v 0.70819592 0.04968429 0.01183264
v 0.20521820 0.01563656 0.45362818
v 0.78625453 0.10629809 0.00439563
v 0.33628461 0.15074286 0.36550206
v 0.63544965 0.07225132 0.05259894
v 0.64161432 -0.02540121 0.12108404
v 0.61351883 -0.02093564 0.00113589
v 0.31433177 0.13841683 0.42529720
v 0.77255529 0.09349405 -0.00278285
v -0.48990238 -0.26618338 0.09153304
v 0.64502418 0.03005137 0.02656005
v 0.64892083 0.06101432 0.00594658
v 0.71127534 0.06808278 0.02171937
v -0.11811166 0.26024210 -0.51039356
v -0.70789111 0.03637826 0.01676580
v -0.55654323 0.00581744 -0.26632214
v 0.71977019 0.04355992 0.00706050
v 0.74111819 0.07540470 -0.01170854
v -0.05424464 0.33150566 0.33080548
v -0.37032035 -0.34347287 -0.15416411
v 0.00106168 -0.40011704 0.03486084
v 0.70427984 0.08186494 0.02528200
v 0.69900680 0.04867330 0.00019855
v 0.78981131 0.15033905 -0.00755134
v 0.22985795 0.25341007 0.39863104
v 0.68898511 -0.00685892 0.02274567
v 0.70498097 0.17966357 -0.01342595
v 0.30436802 -0.40505889 0.00444152
v 0.67702699 0.06454709 0.02435933
v -0.62848234 -0.12410367 0.06823619
v 0.73839164 0.03677666 0.00831941
v 0.52404869 -0.10953182 0.27595124
v 0.50753027 -0.01545513 -0.10753009
v 0.56099784 -0.11713926 0.14488876
v -0.35781795 -0.29356998 -0.08577079
v 0.67412949 0.07906598 -0.01138905
v 0.06952070 -0.03065913 -0.55059272
v 0.16180386 -0.23676148 -0.42744315
v -0.32793200 -0.35488161 -0.11844195
v -0.68644965 -0.00077659 -0.01634058
v 0.08921641 0.22014140 -0.31789577
v 0.72966969 0.07744882 -0.01906684
v -0.04980272 -0.40920353 0.03195918
v 0.68777049 0.01413051 0.03366598
v -0.19632605 -0.39159137 -0.22386760
v 0.62391412 -0.04129192 -0.01821026
v 0.67634523 0.05319303 0.00613991
v 0.77065480 0.14147806 -0.01555803
v -0.23526724 0.31604421 0.17071395
v -0.08393809 -0.39706969 -0.20016971
v 0.68334180 0.00591263 -0.00822297
v -0.65415388 -0.08857499 -0.10373038
v -0.32778856 0.32783529 0.03946504
v -0.54463696 -0.22678262 -0.04983026
v -0.28408486 -0.34350586 -0.25209874
v -0.78628474 0.04849055 0.02452123
v 0.77337486 0.12701820 -0.01910224
v 0.14613149 -0.25152466 -0.49298513
v 0.69984937 0.01737896 0.01533708
v -0.74566603 0.15587452 -0.03783113
v 0.68288100 0.05714509 0.02426773
v 0.77214229 0.11769238 0.04075740
v 0.65641212 0.06359782 -0.02382232
v -0.46229133 -0.14359987 -0.44271514
v 0.21497248 0.27481180 -0.28484759
v -0.51210582 -0.23877788 -0.13083431
v -0.01892282 -0.09948605 -0.62084901
v 0.79509431 0.15801014 -0.02834192
v -0.28155899 -0.35959560 0.18148009
v -0.34160447 -0.35453770 0.06386518
v 0.50996602 0.16421773 0.14699391
v -0.67216408 -0.08675765 -0.00017104
v 0.67784369 0.01355790 0.05801704
v -0.27166680 -0.36363962 -0.21390015
v 0.04796693 0.27416831 0.38510722
v 0.68044651 0.10548945 -0.02422485
v -0.30435029 -0.34054583 -0.12334073
v -0.42965788 0.08636636 -0.43790725
v -0.13295057 -0.21310222 -0.47096437
v -0.34267187 -0.07190405 -0.48303616
v 0.08048053 0.17767724 -0.47512040
v -0.70205843 0.14625584 0.00226697
v -0.42641377 -0.30398461 -0.03389886
v 0.03440366 0.34609944 0.36668870
v 0.69061887 0.06703375 0.00266019
v 0.00359322 0.21673967 -0.49989399
v 0.64022094 -0.02790731 0.00156337
v 0.39998600 0.10815502 -0.25021583
v 0.04385790 0.24505605 -0.46240610
v 0.73940688 0.10941651 -0.02375127
v 0.64519775 -0.01511338 -0.05933800
v 0.67787039 0.09582245 -0.01836732
v 0.72020769 0.15324846 -0.03682251
v 0.14851984 0.19518113 -0.42374432
v -0.25783947 -0.36416721 -0.00248259
v 0.77356672 0.09590784 0.01874486
v 0.66730165 0.01919710 0.05873382
v 0.43129313 0.12619652 -0.21190351
v -0.71377790 0.09289968 -0.00282716
v -0.44750732 -0.29720989 0.25179398
v -0.38016289 -0.21631397 0.24781264
v -0.38512436 -0.32086998 -0.18907475
v 0.55869842 -0.12248962 -0.09452600
v 0.78568316 0.14040443 0.01110268
v -0.32612407 -0.01451766 -0.39229175
v 0.68347096 0.01278924 0.00882152
v -0.17614913 -0.40163940 -0.04275291
v 0.04334420 -0.32575539 0.46914187
v -0.68184531 -0.11899138 -0.01099852
v -0.60093570 -0.14939074 0.01749152
v -0.03097318 -0.38338488 0.16249147
v 0.67667484 0.03144579 0.01282138
v 0.43325073 -0.29235348 -0.25880206
v 0.80025566 0.12523295 0.02709889
v 0.41630393 -0.04175024 0.38831002
v -0.07276338 -0.38619855 0.01966301
v 0.73284674 0.13084769 0.01802914
v 0.80670738 0.16791561 0.01228392
v 0.34919518 -0.30129576 0.37027812
v 0.50834489 -0.14982918 -0.18085489
v 0.72867358 0.10501756 0.02105084
v -0.41433927 -0.18913397 -0.30615991
v 0.75635195 0.05758037 0.00080130
v 0.63591719 0.06673175 -0.00222400
v 0.71135986 0.01806539 0.00991282
v 0.75508642 0.09854799 -0.00971103
v 0.66463780 0.17528848 -0.02266764
v -0.28249303 -0.31227136 -0.26304647
v 0.53586662 0.06542730 0.13157576
v 0.64725709 0.05549781 0.00813129
v 0.33017913 -0.30684859 0.40034372
v -0.67617947 -0.01203202 0.00266466
v -0.35123152 -0.19617906 0.34153098
v 0.66345537 0.14659475 -0.03062329
v 0.50753421 0.10218751 -0.05306408
v 0.57161939 -0.05619497 -0.08601620
v -0.21843928 0.08321571 -0.56626201
v 0.58842999 -0.09787799 0.18466699
v -0.52696985 -0.16299506 -0.10424898
v 0.75735939 0.04743762 0.00580463
v -0.17615035 -0.38877940 -0.25583017
v -0.25849015 -0.39660931 0.00179394
v 0.67220461 0.00734382 0.02093762
v 0.13917620 0.17414457 0.43737471
v -0.09005505 -0.37198174 0.16489413
v 0.49061111 -0.20858169 0.26793358
v -0.01852555 -0.10711376 -0.57046157
v 0.66425884 -0.01293801 -0.00188881
v 0.19577312 0.21581143 -0.35912469
v 0.80156595 0.15938678 -0.00693505
v 0.74949253 0.10356788 -0.00746331
v -0.70860940 -0.04473224 -0.01857111
v 0.76362628 0.11636972 -0.03618802
v -0.37074852 -0.35131395 -0.01521680
v 0.52223748 -0.27723670 0.09842992
v -0.14028826 -0.38605762 -0.34140968
v 0.66868716 0.01310639 0.02453917
v 0.77136743 0.07324859 -0.00477940
v 0.59475422 -0.04584232 -0.01846364
v -0.36693347 -0.33773860 -0.06187868
v -0.59114110 -0.07576424 0.09418854
v 0.43002516 -0.19131804 0.35677627
v -0.43827757 -0.16524900 -0.49001691
v 0.04965227 -0.41569209 -0.02717500
v 0.80208999 0.16060387 -0.00800824
v -0.63581604 -0.05455190 -0.16268378
v 0.30676910 0.14675198 0.03644042
v 0.72516644 0.07221258 -0.01401320
v 0.17658871 -0.05080301 -0.52373576
v -0.38264659 -0.34250402 0.15170220
v -0.34572971 -0.32885945 -0.07961079
v -0.70062470 0.09907444 0.05267076
v 0.71494913 0.12283508 -0.05077466
v 0.23733985 0.25306848 0.04707929
v -0.56714988 -0.18165478 -0.03384274
v -0.71677542 -0.00668550 -0.07129499
v -0.50484335 -0.24407330 -0.00849327
v -0.10267317 -0.26695696 -0.45418459
v -0.67841387 -0.08354539 0.02922323
v -0.04229221 -0.17741828 0.44672281
v 0.68472427 0.03397007 0.02998337
v 0.54045492 -0.28321308 -0.09538285
v 0.71511507 0.03731142 0.02206883
v -0.34871387 0.05896814 -0.48675680
v 0.59111434 -0.07879923 -0.06190794
v 0.69199753 0.03164178 0.01133752
v 0.60336727 0.07107520 0.03673318
v 0.29759809 -0.13893302 0.42514813
v -0.51731414 0.09142720 -0.32030377
v -0.33897316 -0.06160174 -0.41587320
v 0.78536981 0.13835168 -0.01137558
v -0.29485631 -0.37618178 0.01576731
v 0.61418337 0.05334660 0.03194335
v 0.76035702 0.15018649 -0.01942979
v 0.79690570 0.14414029 0.02053118
v -0.54635537 -0.12175062 -0.29455760
v -0.39837784 -0.25552356 -0.22605854
v -0.68522102 -0.01609752 -0.09441245
v 0.76001501 0.06778681 0.00526261
v 0.55198842 0.05247429 0.12073201
v 0.70776844 0.02087099 0.03519744
v 0.79733533 0.15938002 0.00758730
v 0.06441416 -0.37008119 0.37686071
v 0.67640054 0.00245444 0.02082723
v 0.71467549 0.04430573 -0.01917604
v -0.11008708 -0.11385777 -0.57838625
v -0.67346919 -0.02016293 -0.07427245
v 0.68620700 0.07357227 -0.02669062
v 0.77131701 0.05587794 0.01508939
v -0.16066818 -0.36948898 -0.13412705
v -0.11746675 -0.31723127 -0.39513910
v 0.15331958 0.08290765 -0.48973274
v -0.41963464 -0.30015948 -0.17627007
v 0.75333989 0.16253866 -0.03026706
v 0.54158413 -0.00934830 0.18353701
v -0.25174522 -0.36967880 0.11812218
v 0.74003732 0.07653041 -0.01092041
v 0.03942052 0.26574898 0.38438013
v 0.54736280 -0.08566815 0.15628964
v 0.04484269 -0.37290224 -0.36230165
v -0.34979659 -0.26186290 -0.34458560
v 0.10209507 -0.13971961 -0.58683836
v 0.70326781 0.05481598 -0.00014871
v 0.62966824 0.08805782 0.00190485
v 0.55793297 0.12523949 -0.08869031
v 0.77591336 0.07871579 0.00691795
v -0.46324500 -0.28406021 0.03393256
v 0.52039641 -0.28521934 0.08528892
v -0.57586300 -0.22643188 -0.03334296
v 0.62114227 -0.03074786 -0.02047185
v 0.64989316 0.02609989 0.01470405
v -0.00005287 -0.19150648 -0.51809359
v 0.74284339 0.06631722 -0.01097184
v 0.69644201 0.00031149 0.01982108
v 0.32545722 -0.30068886 0.36672029
v 0.58876020 -0.07946445 -0.03032389
v 0.69395906 0.03854811 0.00549954
v -0.67280221 -0.01761949 -0.04111388
v 0.77518731 0.19423440 -0.01087773
v 0.69758666 0.06043841 -0.04188822
v 0.50121486 -0.26802218 0.27016014
v 0.65669203 -0.01697921 0.10303631
v 0.68060219 0.06499359 -0.01816003
v -0.00899853 -0.31787014 -0.47510093
v 0.64725471 0.01089860 0.00980750
v 0.69326198 0.02667661 -0.00049786
v -0.10126272 0.00713392 -0.59031725
v -0.42592919 -0.30328631 -0.21064609
v 0.23069352 0.27834755 -0.05215154
v 0.39721090 0.05016285 -0.29093921
v -0.02957608 -0.39199764 0.22427264
v 0.74694854 0.11301495 -0.00893052
v 0.05438021 -0.40483201 -0.39741680
v -0.49090397 0.04866623 -0.35415125
v -0.29999995 0.00603823 -0.47951472
v 0.01400978 -0.33973661 0.32793927
v 0.09747630 0.32153890 0.33169428
v -0.61805743 -0.08210984 -0.16935226
v -0.63801455 -0.04800610 -0.18500519
v 0.02964886 -0.31909519 -0.52678740
v -0.55524492 -0.12289247 -0.22953182
v 0.67351729 0.06073247 0.03668338
v -0.23635782 0.04989745 -0.53797054
v -0.39474863 -0.34311914 -0.04361748
v 0.67320710 0.02526540 0.01695344
v -0.42430678 -0.21547732 -0.24587452
v -0.71325374 0.10170214 0.00566742
v -0.35040641 0.22388938 0.15542433
v -0.11269920 -0.37220919 0.28947437
v -0.24632293 -0.27238446 -0.39257297
v -0.73112166 0.07878774 -0.03754944
v 0.72166359 0.16341065 0.01650098
v 0.60829723 0.15863930 -0.01473799
v 0.34475017 -0.06496632 0.38587660
v -0.45234007 0.28122446 -0.00495234
v 0.72591072 0.22997017 -0.00210887
v 0.02576981 0.29874909 0.38206196
v 0.76237851 0.11975497 -0.01624229
v -0.03430727 0.16541900 -0.54115319
v 0.47009471 -0.19677684 0.32282585
v 0.21689804 -0.10270751 -0.51459104
v 0.79734814 0.12938440 -0.01191565
v 0.68142980 0.06412850 0.01228821
v 0.69412661 0.03353205 -0.00168237
v 0.77146184 0.12518173 0.00134018
v -0.26716125 -0.34785861 0.25067604
v -0.38226530 -0.34403014 -0.08407291
v -0.74668765 0.01979932 -0.04954642
v 0.57309055 -0.13907842 0.07584581
v -0.27392349 -0.38484070 -0.01677838
v 0.22266929 0.21328934 -0.33139586
v 0.48457521 0.04532269 -0.19766921
v 0.04298235 -0.36801106 0.27487975
v -0.73955655 0.13779493 -0.01697725
v -0.50920522 -0.20893081 -0.02751841
v -0.54638189 -0.16236837 0.06971335
v 0.72129697 0.08387981 -0.02874068
v 0.70007706 0.08920564 -0.03363893
v 0.04011971 0.04801320 -0.56999189
v 0.62428463 -0.06313452 0.08400038
v -0.05587000 -0.13727699 -0.54360569
v -0.23148476 -0.40085989 0.02220252
v 0.40292746 -0.28591827 0.30850968
v 0.80730104 0.16914608 0.01836935
v 0.74566698 0.12300012 -0.02732952
v 0.74445248 0.13223048 -0.03162816
v -0.39749703 -0.32814506 0.03139544
v 0.61070299 -0.01946618 0.18705320
v -0.42207637 -0.21802175 -0.22357261
v 0.65164679 -0.05873784 0.02515076
v -0.59385049 -0.12686291 0.03011273
v 0.59486651 -0.12112801 0.21634030
v -0.09239230 -0.27145076 -0.49871585
v 0.64147258 -0.02688226 -0.01918319
v -0.60506964 -0.08527308 0.08146644
v 0.43376577 0.15470044 0.18428788
v -0.09685461 0.01149651 -0.56315517
v -0.75171536 0.09876808 0.02045677
v -0.70811188 -0.07138282 0.01673847
v 0.23982134 -0.43164116 -0.36373398
v 0.05101120 0.12280326 0.47075975
v 0.66856372 0.01039115 -0.05242163
v 0.26022753 -0.40338540 0.12976155
v -0.42514828 0.29725945 0.07887527
v 0.27505049 -0.14675745 -0.44157922
v -0.38090643 -0.35549888 -0.03496873
v -0.38172460 -0.30453792 -0.22160235
v -0.26300409 -0.38553420 -0.05798532
v -0.43079489 -0.15100099 0.26580960
v 0.09019221 -0.35268128 -0.47723138
v -0.23333746 -0.13412714 -0.45267048
v -0.30126509 -0.38386774 0.12317538
v -0.39924556 -0.17032918 -0.37569872
v 0.67313361 -0.00987959 0.03575242
v -0.76402205 -0.04172710 0.00233930
v 0.57985198 -0.10834529 0.08739147
v -0.47010112 -0.10382471 -0.41773275
v 0.72224820 0.05702034 -0.02440149
v 0.21463586 0.20364152 -0.46193171
v 0.58080631 0.00536063 0.15611038
v 0.77198839 0.10733907 -0.01441383
v 0.12740089 -0.25286496 -0.49297574
v 0.07649183 -0.38479435 0.20485938
v -0.51725328 -0.23398389 0.02792950
v -0.21510784 -0.37225446 0.17221476
v 0.68283641 0.03652352 0.01037925
v 0.59892464 -0.08949088 -0.00079009
v -0.58870602 -0.17737344 0.14982074
v 0.09403570 0.26568967 -0.41614750
v 0.54551852 0.04495463 -0.04281363
v 0.52454770 0.04788487 -0.07968989
v -0.51614481 -0.01755049 0.31891590
v -0.69576424 0.04612474 -0.00347064
v -0.36019528 -0.33504152 -0.02319592
v -0.29398769 0.03008373 -0.58250433
v -0.65394783 0.02741650 0.01871717
v 0.60432649 -0.02961707 0.02861796
v 0.03727508 0.00225655 -0.55008543
v 0.62925780 0.02120610 0.07086888
v -0.35984614 -0.20065993 -0.44416776
v 0.69011199 0.10566971 0.01444551
v -0.23325410 0.22947206 0.27905050
v 0.18641561 -0.07264403 0.51878643
v 0.71106976 0.03459625 0.01135371
v -0.71250331 -0.00188261 0.01381084
v 0.61768299 -0.03536452 -0.00225800
v -0.22095066 -0.28033796 -0.36224014
v -0.63429219 -0.10392996 0.00432080
v -0.24197948 -0.17646754 0.53017807
v -0.29710081 -0.37423313 -0.03194284
v 0.06695715 -0.39511091 0.29407835
v -0.00401568 0.07464013 0.45776829
v -0.71110785 -0.03965794 -0.00156564
v -0.74162668 0.04917073 0.00173783
v -0.13651221 -0.40147036 -0.25333759
v 0.70912945 0.06434384 -0.01630555
v -0.07778984 -0.40017807 -0.27100793
v 0.27137402 0.17906536 -0.29924309
v -0.16112995 0.21784964 -0.52070129
v 0.60944784 0.10015287 -0.00993598
v 0.80070066 0.14281835 0.01897582
v 0.31710842 -0.12796688 0.44133717
v 0.03784987 -0.37474200 -0.37355918
v 0.08598548 -0.26393139 -0.45766392
v 0.78036177 0.13653250 -0.01581410
v -0.59840757 0.14285050 0.10930647
v -0.64276809 -0.13797930 0.08901489
v -0.19734539 -0.40733606 -0.15658900
v 0.70561308 0.10737064 0.00804591
v 0.72468483 0.13418099 -0.00969926
v 0.10497165 -0.19866699 -0.49312407
v 0.37466070 0.25058138 0.11847815
v -0.11146536 -0.38204503 0.31274208
v 0.16722426 0.04444762 0.47088882
v 0.17188028 0.27679771 -0.31809250
v 0.70652962 0.05394091 0.03746143
v 0.70729107 0.05608690 -0.01231474
v -0.26469395 -0.39588225 -0.01260942
v -0.79538858 0.04631706 -0.00583097
v 0.70259821 0.12234111 -0.03201082
v 0.56534338 -0.16791566 -0.09119912
v -0.07640971 -0.38474044 0.11124206
v 0.11273423 -0.01124657 -0.53125465
v -0.57519734 -0.24862507 -0.05401415
v 0.05406249 0.17271307 -0.50147474
v 0.75816214 0.15141721 -0.01897673
v 0.77319884 0.08835207 0.00609413
v -0.07119431 -0.35827219 0.31386262
v -0.34543866 -0.30668402 -0.17636266
v 0.75402665 0.06688666 0.01518542
v 0.69940454 0.01241255 0.00940371
v -0.51172709 -0.22770990 -0.12723148
v -0.26486960 -0.33751470 0.28311124
v -0.41734716 -0.31207997 -0.05165064
v 0.11158025 -0.35098097 -0.40918577
v 0.58330762 -0.12024453 0.09087329
v 0.58204234 0.22684962 0.06365198
v -0.16607663 0.24740650 0.31513900
v 0.71997547 0.03158557 0.00224096
v 0.78470659 0.14153001 0.00219354
v 0.73667598 0.07905209 -0.02249638
v -0.55673361 -0.13517864 -0.09060702
v 0.77057230 0.11621894 0.00121613
v -0.61328828 -0.12459484 -0.03079271
v 0.80267787 0.13801308 -0.00582895
v -0.24265045 0.26912689 0.19781211
v -0.64195132 0.13039143 0.05241228
v 0.66048986 0.05896211 -0.03528781
v -0.44287771 -0.06262740 -0.39876795
v 0.74567896 0.09201889 -0.02291624
v -0.39326915 0.01141313 -0.41195807
v 0.56428403 0.10569149 -0.09098464
v -0.56443965 -0.21018162 -0.06840280
v -0.28285402 -0.14139201 0.36894336
v 0.68842649 0.01347654 0.00484717
v 0.77467591 0.14742117 -0.02843133
v 0.56069344 0.07148039 -0.06978461
v -0.63995177 -0.08559191 -0.09144205
v 0.76438552 0.11529118 0.00108635
v -0.42697442 -0.27140781 -0.13922447
v 0.63984382 0.12626401 0.15747520
v 0.54559958 0.05613470 -0.02020815
v -0.46948200 -0.29841831 0.04047465
v -0.28947771 -0.36873281 -0.10419576
v 0.41706261 -0.34313965 0.16248678
v 0.66880727 -0.01947933 0.02809003
v 0.71671015 0.06195093 0.02033448
v -0.63216978 0.00119697 -0.11124110
v -0.36422417 -0.34446901 0.02238405
v -0.32320297 0.27553651 0.14899680
v 0.64648777 -0.01483792 0.03780919
v 0.15266404 -0.08201154 -0.51536155
v -0.37444595 -0.35201517 -0.07073626
v -0.12626231 -0.38264430 0.13596331
v 0.75029308 0.11343142 -0.01554630
v 0.58552551 -0.05718607 -0.01686662
v -0.39869362 -0.23231873 -0.18755099
v 0.10917830 -0.20258014 -0.53460997
v -0.71312994 -0.06363201 -0.00612481
v -0.13136072 0.34774396 0.19790912
v -0.43139574 -0.15071270 -0.30717430
v 0.67540890 -0.01091996 0.02991733
v 0.73754644 0.10265230 -0.02042013
v 0.54780298 0.10503613 -0.09605262
v 0.66837209 0.00668193 -0.01609518
v 0.66992581 -0.00640490 0.06160828
v 0.77951658 0.17469968 -0.03017949
v -0.15060562 -0.36699343 -0.11686420
v 0.71505880 0.19153236 -0.01945296
v 0.69533300 0.00056753 0.03312662
v 0.80517578 0.18412836 -0.01772353
v 0.12648235 0.25263220 0.28762615
v 0.05791860 -0.33235678 0.40905476
v 0.71795034 0.10316160 -0.00521712
v 0.72980988 0.04452215 0.00418115
v 0.78580838 0.16491579 -0.01818996
v 0.75388640 0.10559914 -0.01655723
v -0.13673955 -0.05471456 0.48004392
v 0.54438794 0.05697781 -0.07627544
v 0.61273229 -0.14040004 -0.02002390
v 0.18522541 0.07337976 -0.47501823
v -0.70423901 0.01708030 0.02411664
v -0.28996071 -0.32133266 -0.29271117
v -0.59427786 -0.15311117 -0.01058778
v 0.75324953 0.12349117 -0.01074804
v 0.80256891 0.17455941 0.01315096
v 0.30841428 0.29038191 -0.13724779
v 0.73278141 0.08655236 -0.01943538
v 0.25058129 -0.40431085 -0.06554779
v 0.14961252 -0.20642443 0.53449941
v -0.20369434 -0.30010036 -0.34252030
v 0.77141488 0.11883812 -0.02177686
v -0.64257830 -0.08531221 0.03470507
v -0.18295597 0.22944918 0.43054456
v 0.28842047 -0.11097830 0.50225496
v 0.09978117 0.03587639 -0.49849236
v 0.58849847 -0.12057391 0.08315110
v -0.73240727 0.03741172 -0.01313631
v -0.62962133 -0.09360845 -0.05936253
v -0.59604549 -0.11679552 -0.13765630
v 0.79943794 0.19075976 -0.01859997
v 0.04397248 -0.37951767 0.23206189
v 0.42354763 -0.02827738 -0.26813743
v -0.52406538 -0.18578763 -0.21458954
v 0.74476761 0.09918609 -0.00836765
v -0.56407106 0.02420118 -0.29417568
v 0.69894958 0.02147255 0.01700354
v -0.38347343 -0.34782410 -0.06610620
v 0.24063331 -0.05892231 -0.44530645
v -0.46911532 -0.23860325 -0.23924810
v 0.27668193 -0.40321571 0.12965924
v 0.79500586 0.15869494 0.00711958
v 0.76285291 0.07472777 0.01346880
v -0.10276642 -0.38283259 0.12405130
v 0.11503085 -0.12381873 -0.54187077
v 0.60993594 -0.07152054 -0.00507358
v 0.71214169 0.03085350 0.00723433
v 0.25875598 0.27741316 -0.32222080
v -0.15216981 0.15960284 0.41783771
v -0.72406435 -0.01988764 -0.07056719
v 0.62072515 0.07187347 -0.02002761
v -0.26472062 0.16582979 0.35887110
v 0.60979098 0.13390909 -0.05641165
v 0.72151029 0.05064981 0.00404525
v -0.18828279 -0.26778069 -0.43342903
v 0.50295901 0.11522593 0.14370212
v 0.08069284 0.31135339 0.33010688
v 0.20861466 -0.34098884 0.32817358
v -0.52782691 -0.24865915 -0.05065963
v 0.26202863 -0.38381749 -0.41086784
v 0.67994010 0.04186228 0.05046317
v -0.11470491 -0.41148487 0.11307871
v 0.58367682 -0.06655774 0.05703417
v -0.26424748 -0.36528659 -0.24887192
v 0.07502145 0.15001412 0.46080533
v -0.34077692 -0.35654545 -0.10011354
v 0.50224143 0.10841183 -0.12311116
v 0.03701300 -0.36304647 0.27497506
v -0.45594090 0.20920566 0.09545889
v 0.47725397 0.11246806 -0.11505410
v -0.10912891 0.35041356 0.05296912
v -0.74628878 0.07201767 0.01079487
v -0.16818097 0.02546044 -0.61042756
v -0.13706724 -0.18428388 -0.54516685
v -0.00530219 -0.16913871 -0.52771664
v 0.67508012 -0.03892002 0.02870455
v 0.33713865 0.07289633 -0.32261348
v 0.72352511 0.09616069 -0.00936754
v 0.79441428 0.19462052 -0.01117805
v 0.66619170 -0.00115032 -0.00108519
v 0.55857897 -0.01818605 0.14878413
v 0.10469840 0.28539753 -0.36835042
v -0.67243981 -0.09015226 -0.04836521
v -0.27028170 -0.37309372 0.18155426
v -0.59543520 -0.17156766 -0.04973689
v -0.31296843 -0.37589997 -0.09503236
v -0.37349987 -0.32085353 0.04318699
v -0.51605195 -0.20765592 -0.21491474
v -0.20087925 -0.31973884 -0.50600600
v -0.56910503 -0.04152697 -0.22712469
v 0.77972996 0.11440609 -0.00212833
v 0.67078233 0.02010860 0.02660289
v 0.68956667 0.07361630 -0.03532714
v 0.67548990 0.00583702 0.00812650
v 0.13093051 -0.36208057 0.37574583
v 0.29445708 -0.04680791 -0.40915775
v 0.29725680 0.31289870 0.22250018
v -0.56773818 -0.19550556 -0.01703788
v -0.70932329 -0.05132177 0.03589720
v -0.26963124 0.11225753 -0.53760207
v -0.23839742 -0.38310534 -0.15073007
v -0.68982416 0.01173133 -0.02198130
v -0.09587505 -0.38843569 0.19377905
v -0.16555956 0.22696680 -0.52367914
v 0.66750258 -0.04458666 0.03689605
v 0.30864954 -0.34296525 0.36261120
v 0.47491834 0.19781567 -0.15112838
v 0.33436590 0.13304937 -0.29356378
v 0.16171563 0.13058740 0.43504158
v 0.23584078 0.03980172 -0.45632946
v 0.22645824 0.24048038 -0.32437104
v 0.79341483 0.13177161 0.01186335
v 0.68501335 0.07816219 -0.02128709
v 0.78658193 0.17194238 -0.01532924
v 0.43702844 0.27461764 -0.07638921
v -0.31925857 -0.30675402 -0.26547873
v -0.49168387 -0.26343784 -0.05597503
v -0.52506149 -0.19546235 -0.06325570
v 0.68337351 -0.00319523 0.04504722
v -0.69468260 0.00941274 0.02246448
v -0.51595169 -0.22439785 -0.10243207
v -0.34620398 -0.32494581 0.07377876
v -0.47460192 -0.26023296 0.15435812
v -0.67395043 -0.07653899 0.00174436
v -0.15476336 -0.07351358 -0.55998200
v -0.00740069 -0.40698564 -0.27279222
v -0.76692414 0.07674645 0.01284309
v 0.43340543 -0.14332443 0.37582409
v -0.37437594 -0.32381397 0.02504823
v 0.71249306 0.07654482 -0.03474503
v -0.00786228 -0.40162557 0.07542109
v -0.17670213 -0.16182831 -0.59126669
v -0.57397294 -0.06801973 0.11001933
v 0.24951018 -0.04351303 -0.43004891
v 0.64311731 -0.08932993 0.01261659
v 0.32676643 0.10806374 -0.32695419
v -0.35079038 -0.31971857 0.16990295
v 0.40102583 -0.27568480 0.39020437
v 0.03121940 -0.23337582 -0.59471714
v 0.53277838 0.08602554 -0.05372876
v -0.41934150 -0.28284794 0.32943365
v -0.64668715 -0.11995573 0.02291014
v 0.76034784 0.09009332 -0.01647666
v 0.65859240 -0.16089676 0.03531109
v 0.68684638 0.06475120 -0.03666648
v -0.71220225 0.00135648 0.04653078
v -0.75479686 0.04840824 0.01174375
v 0.62156999 -0.04973475 -0.03249764
v 0.78143644 0.08865306 0.00967371
v -0.29015708 -0.25620005 -0.36798060
v 0.59419101 -0.06600101 0.04406051
v 0.68701005 0.05671856 0.01234371
v -0.39126387 -0.27689865 -0.23228005
v 0.43688381 0.29628330 -0.06057014
v 0.74511015 0.08666080 0.00727889
v -0.37328064 -0.31804094 -0.19174790
v -0.41431198 0.04856131 0.28869516
v 0.72746789 0.03548458 0.02910438
v 0.64893985 0.02868462 -0.00399771
v -0.63908195 -0.14862332 0.02284561
v -0.56535792 -0.20445600 -0.09848568
v 0.49744308 0.20166506 -0.14682636
v 0.46474624 -0.21253435 0.28067631
v -0.52957839 -0.23066571 -0.05673470
v -0.16823816 -0.41488165 -0.13833278
v 0.15980959 -0.22212294 -0.48193061
v -0.43288219 -0.20496033 -0.38539094
v 0.32577121 -0.25836915 -0.39089009
v -0.36296207 -0.16616029 0.34210634
v -0.04818292 -0.31168920 -0.57395065
v 0.79095697 0.17036687 -0.03681877
v 0.78311265 0.17888823 0.01266621
v -0.35950032 -0.25444281 -0.35503045
v 0.05081615 -0.36200637 0.27009729
v 0.73311001 0.04000664 0.02573764
v 0.62635761 -0.03077316 0.01740124
v 0.63514388 0.07316177 -0.05617772
v -0.41606733 -0.31294394 -0.12067524
v 0.63713503 0.03606275 0.02117726
v 0.51344597 0.15916546 -0.00018000
v 0.72299266 0.07379446 -0.02184558
v 0.37695405 -0.11444642 0.41324839
v -0.03828001 0.05427111 -0.53367811
v -0.45044294 0.07508019 0.13562739
v 0.41607821 -0.15592583 0.34958935
v 0.76333040 0.07588954 0.03501311
v -0.73815924 0.05297960 -0.01240325
v -0.60035348 -0.22556992 -0.04779810
v 0.05624725 -0.32726440 0.44226006
v 0.43655223 -0.33330753 0.25707135
v -0.33144289 -0.24623266 -0.48362726
v -0.34730303 -0.33577034 0.02765170
v -0.28157476 -0.35446966 -0.02345198
v -0.14674675 -0.27209321 -0.56519783
v 0.66800267 0.02286775 0.00470880
v -0.65885580 0.06316012 -0.11994234
v -0.50116742 -0.25215369 0.00757772
v -0.40615717 -0.12780070 0.38338727
v 0.71020913 0.07634944 -0.03418346
v 0.14332780 0.16918518 0.44839919
v -0.63000298 -0.11649428 -0.08886194
v -0.08836821 0.30725902 0.30165324
v 0.54062825 -0.06982817 -0.10800910
v 0.64507580 -0.03924671 0.03422046
v 0.35297269 -0.37792969 0.07267897
v 0.68778223 0.03910961 0.01618470
v 0.66846037 0.12131175 0.00829791
v 0.69210261 0.11468250 -0.01511199
v 0.61519331 -0.05645934 0.06804952
v -0.04950786 0.14077790 0.45967075
v 0.75805116 0.14763361 -0.04127852
v 0.64309496 0.01100706 0.01217470
v 0.18886992 0.19476812 -0.37647751
v 0.73036718 0.05989032 -0.00170177
v 0.73705041 0.07696234 -0.02166840
v 0.62764812 -0.11009115 0.14054760
v -0.07186342 -0.18791044 -0.62103909
v 0.12728456 -0.11308625 -0.53471053
v -0.21813858 -0.15261468 -0.58975840
v 0.32289293 -0.33195964 0.38102269
v 0.71415001 0.03413308 0.02247879
v 0.66821396 0.06528047 -0.03051615
v 0.33114460 -0.34133658 0.32060361
v -0.50832570 -0.17010812 0.24748942
v -0.46908125 -0.29670990 0.10064606
v 0.78328937 0.16547339 -0.03811690
v 0.73322082 0.08681890 -0.01825491
v 0.58821380 -0.11885045 0.07468835
v 0.66447335 0.01961824 -0.01353857
v 0.62774444 0.02357358 0.02493273
v -0.19984105 -0.31279859 -0.34382424
v -0.23158108 -0.37198547 -0.30018160
v -0.68355250 -0.07611133 0.01722088
v -0.00289565 -0.13162568 -0.57976359
v -0.05183005 0.34230986 0.27385169
v -0.45061713 -0.32110313 -0.06117006
v 0.52836049 0.08692818 -0.10992429
v -0.43376565 -0.18800795 -0.33595258
v -0.54533291 -0.20820934 0.04099956
v 0.58068252 0.15036005 -0.01845553
v -0.74206257 0.07820101 0.00851589
v 0.14239943 0.26777685 -0.33394703
v -0.74565238 0.08743685 0.01214416
v -0.63311899 -0.00561512 -0.15637028
v 0.73626935 0.12067253 -0.01556121
v -0.60544652 -0.05442868 0.08268395
v -0.50386989 -0.11921085 -0.29523101
v 0.69160032 0.13958286 -0.01788224
v -0.33087516 -0.37390411 0.02817388
v 0.67025208 0.05185607 -0.01112163
v -0.34966505 0.20714131 0.27900267
v -0.09527251 0.26141220 0.30241859
v -0.18274176 -0.38042948 -0.30203819
v -0.54646611 0.04925359 -0.25413257
v 0.59723687 -0.03666964 0.00629012
v 0.15341024 -0.21273145 -0.50708377
v 0.70718956 0.04488057 0.00712988
v -0.39719486 -0.27357772 -0.14331129
v -0.63210684 0.15887073 -0.06180726
v 0.72001678 0.06336620 -0.00566255
v 0.04292331 0.25986254 0.47317371
v 0.69838279 0.05550626 -0.00413883
v -0.33782604 -0.26277381 -0.31610197
v 0.21273601 0.17782457 0.42452300
v 0.12051833 0.09329263 -0.49282071
v 0.77911848 0.14278473 -0.00113861
v -0.45620820 -0.19444335 -0.24589089
v 0.75830424 0.05103260 0.00793612
v -0.35615796 -0.29263404 0.11624129
v 0.61784744 -0.03717386 0.02046514
v 0.52940142 0.07425755 -0.03091693
v 0.79351932 0.12384824 0.02775574
v 0.75159132 0.09980129 -0.02834216
v 0.27039683 0.14966801 -0.22340485
v 0.77145094 0.09001448 -0.00002676
v 0.75840116 0.12066013 -0.02604970
v 0.76753432 0.14278814 -0.00734722
v -0.42680258 -0.33941159 -0.13146567
v 0.51665258 -0.01414121 0.19007847
v 0.64250553 0.02055798 0.06001070
v 0.22574027 -0.23540458 0.46855700
v 0.68994737 0.03472792 0.02018017
v -0.44979534 -0.29464585 0.03786464
v 0.77760649 0.17615093 -0.03257135
v 0.72373134 0.04724290 0.03090736
v 0.68480742 0.03204450 -0.01894739
v -0.34914503 -0.33767247 -0.18031096
v 0.67515153 0.04283595 -0.00792544
v 0.53682548 -0.13352163 0.16658381
v 0.08617467 -0.18234091 -0.51546162
v 0.79025030 0.18240862 -0.02091182
v -0.34572622 -0.31535876 0.00545659
v -0.68047100 0.09719418 0.05867571
v 0.78781974 0.16461962 0.00646733
v -0.70687288 0.03237621 -0.13785489
v 0.57888883 -0.08314759 0.11964563
v 0.10147043 -0.39336970 0.17115805
v -0.56425661 -0.16116673 -0.11918062
v -0.23454161 -0.37073264 0.21474652
v 0.12008464 0.03542874 -0.51815289
v -0.41939273 -0.21850359 -0.21441981
v 0.69882649 0.05618319 -0.01142354
v -0.69298136 -0.04285742 0.05008437
v -0.27696553 -0.38611254 -0.15482780
v 0.41659248 -0.27851704 0.31560758
v 0.58123016 -0.07271622 0.00116369
v -0.27613795 -0.31172237 -0.30297950
v -0.46232545 0.14418049 0.22706462
v -0.11932266 0.24417558 0.35645658
v 0.68297917 0.02217643 -0.01852970
v -0.39922008 -0.19183923 -0.34919420
v -0.54762322 -0.02610786 -0.27448535
v 0.26459411 -0.06620538 -0.42684123
v 0.77764630 0.14009808 -0.02246612
v -0.28715223 -0.34194243 0.28592467
v 0.04731125 -0.32364380 -0.44021001
v 0.61371315 -0.08822511 -0.03337772
v 0.40574744 0.06895583 -0.27664456
v -0.56733680 -0.22883722 0.01001135
v -0.33171892 -0.36313415 0.11562869
v 0.03146285 -0.07545412 -0.54809338
v -0.66425478 -0.08416294 -0.07216886
v 0.79729098 0.18501434 0.00347486
v 0.75275546 0.08886096 -0.00742631
v 0.73339415 0.11490921 -0.02186424
v -0.56762421 -0.16106185 0.08534774
v -0.19754709 -0.39217031 0.01108816
v 0.57657754 -0.10293135 -0.02999596
v -0.33534962 -0.30195686 -0.27359933
v -0.02548786 -0.40971267 0.09221901
v 0.38083687 -0.20073646 0.41651464
v -0.38540134 -0.28339398 -0.27159616
v -0.67302889 0.18077862 0.00304973
v 0.61639404 -0.05790521 0.06017059
v 0.10756132 0.05220790 0.46035290
v -0.30910194 -0.00306883 -0.45892233
v 0.46635777 0.11400038 -0.10095215
v 0.70803559 0.07129885 0.01011142
v -0.17998773 0.26322913 -0.47389078
v 0.56152093 0.06658646 0.01602507
v 0.51438648 0.23506221 0.01321253
v -0.52709359 -0.12465917 -0.19274884
v 0.76024777 0.18044066 -0.00735211
v 0.65441680 0.04888742 0.01198504
v -0.71469951 -0.01102775 -0.00189181
v -0.12010762 -0.15614581 -0.58568156
v 0.21643889 0.06828314 0.46981236
v 0.75389218 0.09928159 0.00759961
v 0.06767213 0.28304058 -0.38083199
v -0.30248481 -0.34266531 -0.19875720
v -0.33456272 -0.21425124 -0.29439187
v 0.70114404 0.19640529 -0.02150553
v -0.51404488 -0.23844126 0.04711625
v 0.16744304 -0.28454402 -0.48053217
v -0.15153082 -0.37607026 -0.09182993
v 0.11352666 0.22244266 -0.42553267
v 0.30998206 -0.34787363 0.32949397
v -0.52433687 -0.23383173 -0.01673353
v -0.50626826 -0.01011482 0.20312709
v 0.63862830 -0.02149751 0.02502492
v -0.31963471 -0.37399864 -0.02008945
v -0.11896007 0.18161798 0.41085455
v -0.17186418 -0.34210706 0.42147490
v -0.76121962 0.01139569 0.02658899
v 0.25959238 0.37500000 -0.02430856
v -0.45286345 -0.25579658 -0.23549870
v 0.56287360 -0.11791883 0.10961999
v 0.61474866 0.05361031 -0.00334615
v -0.06449303 -0.40269589 -0.01212937
v 0.18658355 0.00892293 -0.50119424
v -0.12112667 -0.36830574 -0.20910597
v -0.06167798 -0.19314706 -0.56165695
v 0.24497002 0.24232183 0.36211431
v 0.57145262 -0.10018548 0.06275113
v 0.66104496 0.04000172 -0.00386246
v -0.02087219 -0.40631700 -0.16058841
v 0.66187263 -0.02237636 -0.00034210
v 0.43731374 -0.19602913 -0.32023856
v 0.39187568 0.02558467 -0.25879213
v -0.11531514 -0.39589292 -0.31318438
v -0.40301526 -0.34246561 -0.02398882
v 0.48703024 -0.30933386 -0.11706290
v -0.35166287 -0.29388899 -0.26492581
v 0.63384140 -0.01453842 -0.01987752
v 0.66208714 0.00003418 0.00038037
v -0.23348698 -0.16460982 -0.49696210
v -0.13788211 -0.36346328 0.13086993
v -0.47467062 -0.16405635 -0.24915484
v 0.60100645 0.06717099 -0.00832084
v 0.79609925 0.15212169 0.00438932
v -0.30528992 -0.21412888 0.36845416
v 0.60933000 0.07605398 0.10691908
v -0.37790692 -0.34384868 -0.11805326
v -0.18578510 -0.38518265 0.21489717
v 0.34417185 0.04653612 -0.30380505
v 0.66955209 0.08454827 -0.04283759
v 0.15447319 0.07108858 -0.48630697
v 0.72941607 0.05855925 0.01234123
v 0.77213597 0.14844941 -0.02384296
v 0.62492156 0.07884981 -0.01096565
v 0.76140273 0.08359597 0.02475253
v -0.46738070 -0.26994571 0.09946641
v 0.78455406 0.15783359 -0.01288617
v 0.43641576 -0.18907784 0.31842706
v 0.10414487 0.31437257 -0.33692542
v 0.33759102 -0.29148367 0.38259912
v -0.21678352 -0.37908226 -0.12052089
v 0.14834489 -0.41658616 -0.19103482
v 0.44660866 -0.17075346 -0.26554966
v 0.12904190 -0.27743536 -0.47222164
v -0.58707219 -0.14200184 -0.10427907
v 0.54732203 -0.13336743 -0.13345790
v 0.67670017 -0.00612366 0.02153039
v 0.61384284 -0.03391518 0.00165794
v 0.65649450 -0.00507189 -0.02643013
v 0.72231710 0.08419818 -0.01817863
v -0.21456920 0.13838659 -0.60769391
v 0.70181227 0.04693187 -0.03291055
v 0.70262361 0.05967902 -0.00571322
v 0.74190414 0.10116114 -0.02044863
v 0.63622952 -0.00363721 -0.01053897
v 0.64767283 -0.00197399 0.04324061
v 0.32686862 -0.30475694 0.32298875
v 0.77144504 0.16099207 -0.01524886
v -0.44348589 -0.27989024 -0.23508957
v 0.72164118 0.09204692 -0.01395555
v 0.12849596 -0.43057266 0.06836027
v -0.51489311 -0.21810219 0.02984460
v 0.66790336 0.05084405 0.06064656
v -0.49062997 -0.19030845 -0.27901977
v 0.80852455 0.15366952 0.01309699
v -0.54489619 -0.26433510 0.06466287
v 0.60682589 -0.06026520 0.06509778
v 0.23655780 0.09736269 -0.40019637
v 0.06447893 -0.16654179 -0.51860011
v -0.33951151 -0.36276352 -0.14285380
v 0.58203727 -0.04454890 -0.00004990
v 0.13696274 -0.07043850 -0.52331191
v 0.69666088 0.10533249 -0.01489565
v -0.26457652 0.27230975 -0.30175835
v 0.68464947 0.01812642 0.06018135
v 0.79637688 0.18881790 -0.00848502
v -0.17475697 -0.13803163 -0.54140174
v -0.46820068 -0.28502357 0.07712248
v -0.35937670 -0.37704068 -0.08527391
v 0.06272829 0.25086254 0.45772624
v -0.12305462 -0.38158122 -0.31191388
v 0.03929582 -0.33923799 -0.51724434
v -0.73609054 0.05143824 -0.00244436
v -0.75157166 0.11500521 0.01421708
v 0.48850465 0.16098517 -0.07935682
v 0.65075302 -0.00144568 0.00406132
v 0.62000561 0.07243749 -0.04473782
v -0.51780450 -0.19504298 -0.13714755
v -0.00178280 0.03511514 0.48590368
v 0.58339429 -0.09704616 0.17940623
v -0.42968082 -0.15995772 -0.29767290
v 0.48177361 0.14241353 -0.05064178
v 0.16650946 -0.33393353 0.39321741
v -0.30307680 -0.38349321 -0.14406094
v -0.00649957 -0.39887428 0.09413683
v 0.72665048 0.03572822 0.03288570
v -0.34750926 -0.33951715 0.00488352
v -0.27283970 -0.36129665 -0.08449921
v -0.75732815 0.04621728 0.00926533
v 0.74091786 0.10088234 -0.01938549
v 0.67672861 -0.00258002 0.05520692
v -0.33136135 -0.37356400 0.12279290
v 0.05667165 -0.32822359 -0.42523170
v 0.51828337 -0.19091082 -0.13221799
v 0.65095520 -0.04467264 0.10381944
v 0.13716792 0.16135526 -0.47906741
v 0.68420881 0.02061186 0.01512969
v 0.68601632 0.03155598 -0.01330677
v 0.63213313 0.05441584 -0.05102976
v 0.72916210 0.08186070 -0.02403872
v -0.23224083 0.02919531 0.38887683
v 0.75525290 0.11323500 -0.02277245
v 0.70902395 0.02383225 0.01032647
v 0.49815640 -0.09168561 0.28125262
v 0.36142519 0.20842093 -0.30169803
v 0.16337788 -0.11211549 -0.50807583
v 0.67979169 0.07730141 0.01317379
v 0.21923032 -0.21409951 -0.48081854
v -0.51084751 -0.15046363 -0.29430965
v -0.25841489 0.19814126 0.36576486
v 0.64015138 0.03772448 0.03003933
v -0.40731084 -0.14991795 -0.41205189
v 0.70311666 0.03657196 0.00768030
v -0.36857098 -0.32630599 -0.05570954
v 0.55652297 0.01396589 -0.04404742
v 0.69316310 0.03595624 0.00735943
v -0.50101322 -0.17151073 -0.22192615
v -0.33820075 -0.35638940 -0.13642752
v 0.15268971 0.17702393 -0.41537324
v 0.32657871 -0.00242400 -0.33402684
v 0.65171963 0.00347239 -0.02883029
v 0.77698565 0.10070989 0.01696429
v -0.71420652 0.01594152 0.00489233
v -0.02687812 -0.14170054 -0.58731294
v -0.32872981 -0.26903966 0.34048530
v 0.66087067 -0.01039544 -0.04482061
v 0.13060449 0.01737546 -0.50455201
v 0.56954134 -0.04734997 -0.03540590
v 0.79769558 0.12938976 0.03237793
v 0.79112965 0.17046045 -0.02177207
v 0.73596549 0.07510993 0.00650215
v 0.72100413 0.17137203 -0.01396024
v -0.64637899 -0.09186502 -0.02743334
v 0.61866510 -0.03041349 0.01569556
v 0.68301755 0.15811965 -0.01179308
v -0.20407367 -0.39950737 0.10846967
v 0.74943244 0.08924811 -0.00321187
v -0.25446209 -0.36903352 0.13717833
v 0.76314914 0.07848333 0.00453386
v -0.46763763 -0.29310879 0.05239198
v -0.39044851 -0.33742115 0.01496232
v 0.04933384 0.02737928 -0.52659082
v 0.68570745 -0.00882217 -0.00866675
v -0.33413321 -0.34026414 -0.06925392
v 0.73341608 0.13888669 -0.00493452
v 0.29259968 -0.28290582 -0.36441997
v 0.62040246 0.02786563 0.02863765
v 0.71036959 0.13833855 -0.03655697
v 0.65417814 0.05952375 -0.06603056
v -0.26239869 -0.36508465 0.24448037
v -0.61592555 -0.14592880 -0.06635556
v 0.72244352 0.07329904 0.02984387
v 0.80283636 0.13379456 0.02466159
v 0.66517210 0.03292148 -0.02171555
v -0.55237317 -0.25593525 0.14104941
v -0.66220665 0.10016163 0.00556368
v 0.70463848 0.04809838 0.01764823
v 0.52042186 -0.25348967 0.22126669
v -0.11203933 -0.26485226 -0.43203074
v 0.61335528 0.08795784 0.01226339
v 0.73845339 0.10395384 -0.03758443
v 0.60490370 -0.07186498 0.01134035
v 0.62174439 -0.01358120 -0.00726648
v -0.22334693 0.35058048 0.34962505
v -0.24141532 -0.35641733 -0.01579341
v 0.71975714 0.12753651 0.00620338
v 0.55025733 0.32504261 -0.04199681
v -0.25718808 -0.38759011 -0.02220128
v 0.69795722 0.06051210 -0.04805589
v 0.03416628 0.21469773 -0.49303955
v 0.45955622 -0.09487628 -0.27264923
v 0.70952320 0.05460221 0.01300390
v -0.75425100 -0.02498841 0.00371695
v -0.17566541 -0.38227087 0.04829288
v 0.75310528 0.08077691 0.01600155
v 0.16322055 0.18630672 -0.42366579
v 0.75361407 0.07229218 0.01697862
v 0.77793270 0.07740778 0.01839045
v 0.72541481 0.03531558 0.02043921
v 0.54630983 -0.10182597 -0.14170319
v 0.68526053 0.04529296 -0.00213233
v -0.39363495 -0.34408087 0.16794169
v 0.52574539 0.15693878 0.05549252
v 0.38533688 -0.28110591 0.34666362
v 0.09415841 -0.35492873 -0.35461593
v -0.09680666 0.26306006 0.36514059
v 0.31551260 -0.34440532 -0.31915089
v 0.60655487 -0.01640600 -0.02160785
v 0.59716439 -0.07762349 0.00024557
v 0.47549221 -0.04782315 0.27175346
v -0.48227823 -0.16583061 -0.25186798
v 0.21548866 -0.39661974 0.18250066
v -0.53388011 -0.24240494 -0.18005125
v -0.38205963 -0.33085635 0.03957438
v 0.52998513 -0.09217001 0.22683093
v 0.70409322 0.04610191 0.00678670
v -0.34962201 -0.37249047 0.06632122
v -0.21173081 -0.34229094 -0.37016299
v 0.61352909 0.05282635 -0.02961430
v 0.24363840 -0.23290375 -0.53317070
v 0.74340707 0.09509136 -0.00568445
v -0.31819949 -0.35894525 -0.06390563
v -0.43809429 -0.32278547 0.02346572
v -0.23493445 -0.27314556 -0.37454993
v 0.63565063 -0.02241217 0.00031267
v 0.71144217 0.10894409 0.01526032
v -0.75395125 0.05297538 0.02387134
v 0.75465763 0.17487246 -0.00983062
v 0.67795908 0.02622478 -0.01242217
v -0.66245043 -0.12244137 -0.01719481
v 0.45248595 -0.26498121 0.33575609
v 0.65509987 0.00058402 0.02679187
v 0.46840227 0.19079414 -0.04744494
v 0.11441132 -0.00167710 0.47929728
v 0.71715653 0.06524131 -0.02528354
v 0.17366847 -0.22161517 -0.48062500
v -0.74207675 0.04566661 0.05505797
v -0.64300978 -0.09598996 -0.12940511
v -0.19008279 -0.41181377 -0.20837232
v -0.22841524 -0.37172583 0.21678516
v -0.32244924 -0.24578661 -0.32526314
v 0.22502872 0.04765907 -0.44617790
v -0.51924962 -0.25428328 0.02853334
v -0.46173060 -0.31234878 0.00634124
v -0.33344713 -0.36558229 -0.09404445
v 0.72166795 0.06810100 -0.01065706
v 0.63518000 0.04084962 0.00400279
v 0.68638563 -0.03383619 0.04203305
v 0.03273639 0.14282435 -0.49745679
v -0.52978367 -0.05782237 -0.37845978
v -0.08870435 0.29113153 0.39708921
v 0.61962372 -0.01862818 0.08196306
v 0.70748997 0.06793043 -0.01555247
v -0.00110760 -0.08226944 -0.54400831
v 0.55981106 0.09478320 0.07584289
v -0.24137846 -0.36058694 0.17617753
v -0.49148348 -0.27657458 0.02776095
v -0.07562378 -0.41005129 -0.26067486
v -0.19701430 -0.29041111 -0.42327121
v 0.67618442 0.02343072 -0.00215306
v -0.69549167 -0.06668116 -0.02372222
v 0.77796978 0.09397265 0.01352108
v 0.00968501 0.05217752 0.45562974
v 0.25536248 0.18736455 0.40507692
v 0.79829919 0.13141118 0.03103146
v 0.75040841 0.07013278 -0.00293189
v -0.59437555 -0.21088353 -0.01755744
v 0.67088723 0.12169547 0.02128348
v -0.71435291 -0.01693410 -0.00540997
v 0.54639399 -0.21533138 0.21028773
v 0.66876847 0.07166974 0.02701303
v -0.09765020 -0.20723341 -0.53876954
v 0.59864807 0.08462918 -0.07413387
v 0.62412637 -0.03335637 0.01533908
v 0.78651404 0.11845870 -0.00409320
v 0.66143978 0.01845864 -0.05727971
v -0.34323239 0.15120415 0.23862752
v -0.38313907 0.33002689 0.11786897
v 0.03857927 -0.39066499 -0.32551396
v 0.23590542 0.24325684 -0.25336125
v 0.68908679 0.08359756 -0.00799219
v 0.68023783 0.02181426 -0.00177771
v 0.33178097 0.22411662 -0.21550062
v -0.00107430 0.21634959 0.41051996
v -0.25952819 -0.39798248 -0.21704403
v 0.13061106 -0.28011057 -0.47822809
v 0.79508120 0.19663304 -0.01084720
v 0.12061769 -0.15029483 -0.53205955
v -0.55342960 -0.16469415 0.01203944
v 0.67678404 0.13941407 0.13440020
v 0.78483367 0.14012507 -0.01743225
v 0.73569894 0.17033634 -0.02289993
v 0.07230395 -0.23375010 0.48001891
v 0.04477924 -0.38776278 0.08443901
v -0.45275515 -0.28538790 0.01760912
v 0.78711641 0.18916693 -0.00380608
v 0.61286783 -0.02154702 0.10032383
v -0.21425298 -0.12537846 -0.52629280
v 0.77296674 0.14885212 -0.00696015
v 0.54654849 -0.08484991 0.28785491
v 0.72513998 0.09379318 -0.02220836
v -0.69363928 0.01613899 -0.00096642
v 0.78044164 0.13307413 -0.00846853
v 0.79172534 0.15464671 0.01945010
v -0.77110553 0.07627095 0.02141444
v -0.35595596 -0.33640173 0.21588159
v 0.74824744 0.06028969 0.01778701
v 0.60645837 -0.00575234 -0.02518824
v 0.61016703 -0.02064693 0.00171623
v 0.47114605 -0.19564487 0.29792380
v 0.59534454 0.10250562 -0.03168517
v 0.19360404 0.19165727 -0.37582052
v -0.26914680 -0.35735455 -0.19099686
v 0.68112409 0.16600646 -0.08811955
v -0.49579504 -0.22203353 -0.05623838
v -0.65485626 -0.01044594 -0.16293797
v -0.73106116 -0.02232954 0.00382520
v 0.31480649 -0.07857700 -0.44779217
v -0.50958014 0.00159276 -0.29956314
v -0.36064231 -0.34625450 0.01810145
v 0.73502707 0.18670768 -0.01793700
v -0.03228593 -0.36247849 -0.45015272
v 0.64254284 0.06994037 -0.04536475
v 0.44797727 0.03292275 0.28838608
v 0.18998615 -0.38719025 -0.46898776
v 0.68155837 0.07120657 -0.02867875
v 0.62472755 -0.03611535 0.00734484
v 0.02044389 -0.39617383 0.21462236
v 0.06414853 -0.37326515 0.22750235
v 0.68102407 0.03657537 0.00959420
v 0.18680301 0.21741278 0.42139757
v 0.79994053 0.14348860 0.00574830
v -0.19587499 -0.36099273 -0.16669264
v -0.54811001 -0.13279836 -0.01975482
v -0.17263448 -0.36025399 0.25513908
v 0.64614570 0.00739419 -0.00264984
v -0.37096411 -0.30739105 0.25006258
v 0.72991812 0.05082354 0.01775512
v -0.21753338 -0.18272473 -0.47443157
v 0.72315055 0.06416316 -0.02075576
v -0.39962548 -0.04495916 0.20807709
v -0.49034318 -0.28954887 0.03040005
v 0.74191296 0.12863423 -0.01619442
v -0.31069180 -0.26997393 -0.32430726
v -0.13970275 -0.35627949 0.29982567
v -0.30484316 -0.38037211 0.09916729
v 0.64481914 -0.03804219 0.02877277
v -0.23328751 -0.04015509 -0.52829862
v 0.71026456 0.03426413 0.00851189
v 0.67868632 -0.00422132 0.02679959
v -0.54947239 -0.21579173 0.19134785
v -0.28621209 -0.35353827 -0.41196239
v -0.39805025 -0.36799884 0.00360473
v 0.19694744 0.16444349 -0.42212197
v -0.12001860 -0.38136244 -0.31921285
v 0.66211087 0.00522512 -0.01822358
v 0.60267270 -0.02528982 0.02305860
v -0.01632383 -0.34726548 -0.40029505
v 0.07367644 -0.00494437 -0.55022037
v -0.39379573 -0.34491420 -0.06163326
v 0.81034195 0.13604012 0.01787525
v -0.37751257 -0.36703485 -0.05806886
v 0.64686728 0.21670754 -0.02155506
v -0.46156189 -0.17195266 -0.27173182
v 0.18575366 0.13343590 -0.44477552

