# https://github.com/mikedh/trimesh
v 0.47582841 -0.03942719 -0.00511901
v 0.53446817 -0.13706189 0.17043351
v 0.46318519 -0.20573486 0.19738057
v 0.30307493 -0.04350051 0.28292930
v -0.00521287 -0.24352507 -0.51262707
v 0.74260324 0.04748884 0.01789238
v -0.52649844 0.03125058 0.06114730
v -0.23054728 -0.21041115 -0.16532874
v -0.11343211 -0.24030289 -0.40872636
v -0.40758824 0.03526431 -0.50514716
v 0.70299864 0.12096526 0.09519896
v -0.16837667 -0.32382187 0.19391754
v 0.53528631 0.20104501 0.06683151
v -0.62175101 0.08086383 -0.21512192
v -0.25762528 -0.27660981 0.23906116
v 0.62196809 0.18875152 0.06489584
v 0.51521939 0.18627176 0.00985946
v 0.01002847 -0.13274017 0.44748870
v 0.29921296 -0.24926105 -0.23759714
v -0.32438123 -0.25976518 0.20757045
v -0.68255430 0.06891465 0.07952103
v -0.27291268 -0.28399819 0.25220641
v -0.57479376 -0.07325132 0.26454484
v 0.13518897 0.16557372 -0.34372061
v 0.02463520 -0.03978375 -0.52959085
v 0.50445908 -0.15890788 0.18458205
v -0.50838691 -0.05071361 -0.44766194
v -0.47179854 -0.03641941 -0.56378311
v -0.61051774 -0.09370784 -0.27604049
v 0.53086734 -0.11127201 -0.07388350
v -0.06508865 0.04837139 -0.51070070
v 0.78677273 0.22415817 0.11047424
v 0.64180195 0.02993001 -0.00599208
v 0.55035150 -0.11492547 -0.02115040
v 0.10438791 -0.12369865 0.42841846
v 0.55638498 0.16453791 0.15388493
v -0.18066444 0.21390778 0.05567015
v -0.40115184 0.02472204 0.18690616
v 0.68545818 0.04015316 -0.13832547
v -0.51383328 -0.20101602 0.04285912
v 0.48533142 0.02262215 0.26940298
v 0.52534318 0.10992060 0.06676941
v 0.03283349 -0.30142069 -0.03197452
v -0.20192671 -0.00708751 -0.52508968
v -0.21597752 -0.09561636 -0.43119711
v -0.29626936 0.13362238 0.20676883
v 0.75677192 0.19415900 0.19553159
v -0.56217194 -0.00587799 -0.41812694
v 0.59508753 -0.10953146 -0.05398278
v -0.00321029 0.15222542 0.29156479
v -0.10024637 0.13317095 0.47297719
v -0.49704418 -0.20216924 0.01587817
v -0.60029072 0.17331909 0.04585694
v -0.10628346 -0.16054761 -0.57459193
v 0.65075707 0.18692893 0.19991261
v -0.26211116 -0.09037513 -0.27114767
v -0.27533072 -0.31498909 0.16955689
v -0.49184039 0.17917362 0.16523002
v -0.57024556 0.06165788 -0.32801524
v 0.42564899 -0.08306813 -0.10943438
v -0.57291138 -0.16790839 -0.16345635
v -0.43878508 -0.18088949 -0.45032597
v 0.13054429 0.03563889 -0.43798450
v 0.53743047 -0.12816191 -0.04768888
v -0.68813866 0.05873477 0.04044157
v -0.29473194 0.32185826 0.38714886
v -0.52197129 -0.23865111 0.00282580
v 0.76685613 0.05869298 0.02636503
v -0.39094096 -0.11635383 -0.34680039
v 0.55426258 -0.06612420 0.23996207
v 0.14543591 -0.28786510 0.24016607
v 0.49397051 0.05046920 0.24634477
v -0.53772402 -0.18675685 0.19929793
v -0.05454619 -0.27314237 0.03430718
v -0.36347610 -0.13676053 0.39266086
v -0.31482813 -0.30423242 0.16566892
v -0.48824501 0.07536397 0.06594758
v 0.74083519 0.10274428 -0.04222950
v 0.38456935 -0.12689407 0.20275730
v 0.44959822 -0.00940240 -0.14449351
v -0.03080344 -0.21412310 0.42204228
v -0.33876961 -0.16651341 0.22780831
v 0.44580355 0.29230520 0.06550866
v -0.22652653 0.36007670 0.21089053
v -0.02317902 0.01665159 -0.56230301
v -0.32931054 -0.12393789 -0.35039672
v 0.54247087 0.04686804 -0.01266029
v 0.20859583 -0.09322729 0.36281216
v 0.24974020 0.09094305 0.30497462
v 0.76406837 0.05950494 0.25002614
v -0.70686567 0.19696721 -0.15042682
v -0.21649969 0.33011207 0.23028095
v -0.08148825 0.01111415 -0.50205904
v -0.16122100 0.09678155 -0.55486542
v 0.58971393 -0.03625941 0.10256463
v 0.31095615 0.11816444 0.23692401
v -0.67154288 0.05982948 0.01030630
v -0.05101820 0.01696056 -0.49626061
v 0.54086071 0.01566464 -0.09499080
v 0.46085003 0.01897342 0.23633024
v 0.41296598 0.09259319 0.20831986
v -0.21364941 -0.25304240 -0.47898018
v -0.23551980 0.00208409 -0.40262771
v 0.54217666 -0.11584286 0.20542490
v -0.42577228 0.28212801 0.23557144
v -0.20585258 -0.05178127 0.50310004
v -0.32167849 0.14209755 0.19892859
v 0.80710363 0.12063009 0.09144981
v -0.56547558 -0.09120240 -0.17681438
v 0.14366165 -0.23979363 0.31439912
v 0.21940628 0.25008917 0.26880753
v -0.68013704 0.11968964 -0.20372382
v 0.72948450 0.04303519 -0.10831545
v 0.44670862 0.13349217 0.21533026
v 0.07449301 0.11778827 -0.30926272
v -0.60208124 0.19205539 0.06391411
v -0.55784398 0.18419838 0.16558069
v -0.22039102 -0.30361283 0.26051861
v -0.68332577 -0.00898617 -0.15991710
v 0.13022564 0.14706746 -0.33161309
v 0.45464298 -0.01624193 -0.11921953
v -0.02540950 -0.25404954 -0.33644387
v 0.38916320 -0.14118817 0.19078024
v -0.39701444 -0.26578814 0.16578388
v 0.50816315 -0.18791220 0.20008512
v 0.77699733 0.09060685 -0.14625411
v -0.43691528 -0.28784111 0.09921229
v -0.27674419 -0.07548997 -0.24037948
v -0.41482615 -0.20788862 0.15189190
v 0.64502150 0.02881175 -0.01347485
v 0.15952815 -0.08908558 0.42897683
v 0.44466662 0.02804518 -0.09688835
v 0.39688355 -0.00704610 0.11598368
v -0.41123033 -0.22010419 -0.31380010
v -0.53563529 -0.03254507 -0.12928799
v 0.11070295 0.14537205 0.31881106
v 0.65362632 -0.06678882 0.19655043
v 0.20771104 -0.31712002 -0.08829097
v 0.57413220 -0.10278278 -0.14558028
v 0.57200181 0.02585199 0.09020297
v 0.16023242 -0.26961178 -0.33059010
v 0.43250161 -0.15734598 -0.13334848
v -0.17891093 -0.20944043 -0.53450733
v -0.36432531 0.00659741 -0.42853862
v 0.11371420 0.03731333 0.43076068
v -0.54661787 -0.14732972 0.19845858
v -0.57462955 -0.17435896 0.17139757
v 0.73857939 0.22122878 0.15894093
v -0.52868426 0.17910936 0.05418057
v 0.46361154 -0.14623202 0.14778626
v 0.55594999 -0.12737277 -0.11723237
v 0.51589519 -0.10331637 0.21269691
v -0.35532546 0.01723502 0.08163976
v 0.57939136 0.14196968 0.03600049
v -0.30702430 -0.00663885 -0.43721470
v -0.68226957 0.08654153 -0.16519493
v -0.32333949 -0.26439321 -0.04179758
v 0.40314317 0.15745227 0.25752252
v 0.49763668 0.23155418 -0.01769196
v -0.09781991 0.24360116 0.41629326
v 0.60227829 -0.09338740 0.17155647
v 0.63957888 -0.07624405 -0.03706448
v -0.09305466 0.28405732 0.32982731
v 0.46063679 -0.03273737 0.25724357
v 0.63050365 0.16466451 0.22606365
v -0.66717446 0.11464909 0.08079484
v 0.56256270 -0.08752079 0.18666160
v 0.02358590 -0.32791054 -0.09743990
v 0.58472908 -0.08069329 0.10847314
v -0.13101083 0.04257824 0.48686624
v -0.38693613 -0.06102532 -0.18970449
v 0.37192804 0.10905616 0.30225527
v 0.45122010 0.03290152 0.16466050
v -0.51229727 -0.09742986 -0.43170416
v 0.57401419 0.03926003 -0.20113839
v 0.02683347 0.33665106 0.34744686
v -0.43084648 -0.02893583 -0.24458338
v 0.53412497 -0.06489915 0.25381312
v 0.80985701 0.14584826 0.12181243
v -0.09811169 0.24932191 0.46013993
v 0.68048280 0.06547794 0.15244646
v 0.53173935 0.19309607 0.23962480
v 0.57222915 -0.00822373 0.24034050
v 0.23624809 0.18957987 0.28488696
v 0.81893665 0.07237282 -0.15118589
v -0.42906553 -0.15043175 -0.27882719
v -0.44690871 0.17829809 0.31960204
v -0.34007150 0.00934248 0.09605392
v 0.60904491 0.04674457 0.12217909
v 0.46354365 -0.16693360 -0.13974655
v 0.50461030 0.03595236 0.11000845
v -0.62292981 0.12180015 -0.37987962
v 0.00630276 -0.13520691 0.43380022
v -0.56686354 -0.10917224 -0.25360948
v 0.41016155 0.11857850 0.23746958
v -0.28365728 -0.26429838 0.23931931
v 0.42781901 0.07085478 0.18114308
v -0.34235448 -0.27137291 0.17949805
v -0.24884635 -0.09820659 -0.39330021
v -0.69163412 -0.00459040 -0.15974198
v -0.01508009 -0.32187870 0.27121276
v -0.09580291 -0.28637502 0.03875350
v -0.47902414 -0.20264426 0.20898277
v 0.51823527 0.16562679 0.25155866
v -0.20848179 -0.24660501 -0.23188409
v 0.13197669 0.20294736 0.39615667
v 0.05804026 -0.22315089 0.37895113
v 0.43168312 -0.18728186 -0.14720806
v 0.58663452 -0.13856912 0.21265647
v 0.51600093 0.02885834 -0.10879770
v 0.61836529 0.03173688 0.11872315
v -0.34429979 -0.21760847 0.23624590
v -0.33066943 -0.19451863 0.27477390
v 0.19689700 0.03684902 0.37458029
v 0.19924287 0.20484836 0.19451058
v -0.62451398 -0.08169989 0.05752976
v 0.73804164 0.10242685 0.11524466
v -0.35476863 -0.30550507 0.09864455
v 0.57109821 0.08120517 0.02057034
v -0.21311623 -0.28905386 -0.03344660
v -0.13476256 -0.14090876 -0.58378333
v 0.53702736 -0.10783371 0.18938585
v -0.24786806 -0.22666995 -0.35878459
v -0.65054417 0.13363793 0.10779698
v 0.63942719 0.14419574 0.24440107
v -0.02171175 0.09214978 -0.41868591
v 0.26312274 -0.00409550 0.28472555
v 0.55765688 0.12000912 0.19508430
v -0.58634913 0.10751211 -0.03177181
v 0.22369674 0.10698973 0.30487111
v -0.16418712 0.32581776 0.43801224
v 0.52752221 -0.13971877 0.20982125
v 0.36577433 -0.06732170 0.27638042
v 0.50492555 0.03373969 0.06854348
v 0.58943224 -0.03782900 0.10681976
v 0.70366377 -0.01741799 0.25809437
v 0.45553783 -0.13833231 0.07869743
v -0.26985973 -0.16385341 -0.48701283
v 0.10260168 -0.20164721 0.35141981
v 0.45337254 -0.12633583 0.12888125
v -0.04919852 0.06788406 -0.57064766
v 0.53351247 -0.06204801 -0.21337843
v -0.55668360 -0.04885438 -0.41630387
v 0.02118795 -0.04140409 -0.49776399
v -0.47447398 0.19197544 0.27859247
v -0.46628627 -0.22725430 0.10855030
v -0.35316956 -0.26923829 0.21496220
v 0.38892847 -0.05244533 0.26832068
v -0.15703715 -0.01577370 0.49916869
v -0.06497622 -0.26901841 0.04176056
v -0.00076048 0.07291334 -0.53575474
v 0.46659505 0.13988806 0.16462614
v -0.44416881 -0.13180572 -0.49746698
v -0.21208294 0.30309400 0.22492431
v 0.40717709 0.17793533 -0.06547037
v 0.42884487 -0.15877631 -0.16199797
v 0.71330482 0.03956148 -0.16657104
v 0.47857147 -0.13750884 0.17250803
v 0.50529611 -0.10063595 0.17984520
v 0.30344132 -0.04666500 0.24861509
v -0.32020307 -0.27373451 -0.28577608
v 0.78806370 0.16353640 0.00803671
v -0.54996383 -0.15827398 -0.39631402
v 0.50756437 0.00579298 -0.23176581
v 0.79582131 0.13842975 0.00137839
v 0.55501753 0.18469599 0.20883210
v -0.54764861 -0.17223798 -0.20160037
v 0.65540338 -0.00323230 0.17260876
v -0.09094651 -0.05528681 -0.61017513
v -0.03195639 -0.10125206 -0.47149503
v 0.75653034 0.08296783 0.17887546
v -0.55081737 -0.18343028 0.17917347
v -0.38335717 -0.13958488 0.41669032
v 0.15229434 0.03205695 0.35771906
v -0.07827717 0.05369167 -0.42370665
v 0.42686850 -0.12506142 0.03874036
v 0.55791640 0.12368658 0.09790294
v -0.35028136 -0.21658681 -0.39780548
v -0.59748822 0.17835946 0.16650276
v -0.55457586 0.15892038 0.06346403
v -0.63088220 0.04264820 0.20616034
v 0.46932453 -0.00388364 0.24985142
v 0.28486446 -0.26797351 -0.19848883
v -0.47332692 -0.08564918 -0.06026076
v 0.14877613 -0.19781622 0.34479967
v -0.60376030 -0.05984411 0.20239162
v 0.54921490 0.10306232 0.12617075
v 0.03598784 0.18753502 -0.18880445
v -0.27795765 -0.25429606 0.09014707
v -0.57596755 -0.15759912 0.05448437
v -0.09575501 -0.28183380 0.09958649
v 0.52224725 0.06418594 -0.14130422
v -0.41257906 -0.02081066 0.21890265
v -0.09697621 -0.13440666 -0.46231091
v -0.39099395 -0.16684239 -0.44921061
v 0.60992849 -0.05273226 0.22470531
v 0.59045208 0.21579871 -0.01692951
v 0.15618922 -0.23260736 0.35807690
v 0.43957606 0.00073323 0.13642360
v -0.17503919 -0.07192796 -0.58885056
v 0.53786111 0.05418125 0.08568476
v 0.01653796 0.03258500 -0.53237832
v 0.58104748 -0.10429079 0.03172682
v 0.37863994 -0.21604618 0.00164968
v 0.56376284 0.08606526 0.23179707
v 0.08407833 -0.23467889 0.37980795
v 0.14108874 -0.10422765 0.42659682
v -0.27925938 -0.14834410 0.07219831
v 0.80246598 0.13125995 0.05125786
v 0.47712833 0.05868848 0.13355812
v -0.66173136 -0.09630812 -0.19253908
v 0.40847823 -0.15381359 0.10102703
v -0.06505524 -0.27774829 -0.45850927
v -0.35958627 -0.25712952 -0.14578329
v -0.30833763 -0.08280168 -0.54774284
v 0.19346577 0.06985359 -0.39152443
v 0.19267818 -0.18843435 0.34608600
v -0.43458349 -0.15886921 -0.20079586
v -0.62403286 0.01644669 -0.15603927
v 0.59168488 -0.07959905 0.20660377
v -0.37444571 -0.12305126 -0.32313088
v -0.18090256 -0.04250900 -0.33886838
v 0.48678452 -0.00431116 0.04036864
v -0.65758169 0.14392801 0.02283075
v 0.50834310 0.27713767 -0.02250152
v 0.24688008 0.12264083 0.27757737
v 0.74952012 0.02343941 -0.04865060
v -0.55129188 0.03631406 -0.10067813
v -0.38082591 0.22274747 0.24248603
v 0.40282932 0.10472233 0.26125455
v 0.77494305 0.06307403 0.21651229
v 0.26083156 -0.06118452 0.29741654
v -0.47290447 -0.19830054 -0.05833723
v -0.44275010 0.31520551 0.20389488
v -0.38040352 -0.11639727 0.18582720
v 0.79453921 0.10791720 0.16008610
v 0.39180642 -0.08907089 0.13148522
v 0.13974433 0.23073922 0.31321210
v -0.32801101 -0.27674660 -0.08884710
v -0.55055463 -0.22964957 0.11447379
v 0.56092584 0.23983309 0.04848434
v 0.04828498 -0.19271486 0.39695424
v -0.64275229 -0.04225072 0.15791939
v 0.50898480 -0.12236623 0.14124414
v -0.12326235 -0.30811989 -0.40652531
v 0.59220850 0.00964446 0.08478020
v 0.46967411 0.15616769 0.10082366
v -0.05920710 -0.26336947 0.06639605
v 0.75918168 0.15749153 0.22818215
v 0.51612329 0.16552368 0.11156854
v -0.48102850 -0.30714276 0.15238327
v 0.60635644 0.09769408 0.25663745
v 0.29419050 -0.09118778 0.27093372
v 0.41054124 -0.04152235 -0.27396885
v 0.50810480 -0.13001049 0.10992144
v 0.26597247 -0.30882925 0.02760140
v 0.12422078 0.13228419 -0.40819836
v 0.04482964 0.05336006 -0.50931144
v 0.73967654 0.13522618 0.24464132
v -0.47893468 -0.25159299 0.02342594
v 0.45017391 -0.14951000 -0.16037017
v -0.28869599 -0.32023865 0.15598552
v -0.02705120 0.02182034 0.48357543
v 0.75691092 0.07603765 -0.12986842
v -0.43061709 -0.20955086 -0.12527087
v 0.50604832 0.17570168 0.22666433
v -0.44583032 0.04333261 -0.40256280
v -0.42570812 -0.09307142 -0.08906098
v -0.50194710 -0.24879584 0.00633359
v 0.38696837 -0.11764561 0.20514944
v 0.69839609 0.04999518 0.02349968
v -0.10688671 0.32129857 0.35345113
v 0.47799245 0.22146365 0.09089623
v 0.68567675 -0.00330452 -0.04423030
v 0.18918964 -0.12148876 -0.40861791
v 0.61261666 -0.08588425 0.17059456
v 0.57442355 0.12085583 0.12427735
v 0.70864111 0.12585147 0.07587357
v -0.43512917 -0.22861633 0.09098455
v 0.70141047 0.03586154 -0.01167749
v -0.05260670 0.01907738 -0.52184677
v -0.02471800 -0.21731094 -0.51944751
v -0.26629013 0.11151610 0.08483262
v 0.07020177 -0.32278243 -0.06793515
v -0.40667892 -0.21867171 -0.29256591
v -0.62871259 -0.11914813 0.10893112
v 0.52709311 0.05541913 -0.02145599
v 0.40611508 0.06355330 -0.25117558
v 0.43280011 0.07547875 0.21136224
v -0.78060067 0.07733411 -0.18409109
v -0.39541227 -0.26497608 0.21108657
v 0.53856921 0.06720763 0.14520369
v -0.41998914 0.19816554 0.37113547
v -0.65362668 0.01348179 0.17172195
v -0.10781476 0.00699709 -0.60452545
v 0.59774667 0.12048474 0.14345744
v -0.19799230 -0.24976751 0.20062679
v 0.60171402 -0.07316086 0.07438117
v 0.48586658 0.00923134 0.26959950
v -0.52438045 -0.04904148 -0.38130724
v 0.52806854 -0.00525651 -0.23080391
v 0.38520253 0.01822496 -0.30120850
v 0.77594066 0.16462870 0.00924084
v 0.70221102 0.08235747 0.07265252
v -0.66896439 -0.00528394 0.00135172
v -0.20159386 -0.01419222 -0.51973069
v -0.40105361 -0.24216396 -0.00699328
v -0.55180871 -0.01450413 -0.08272530
v 0.73438597 0.05832723 -0.07195874
v -0.11932296 0.10600810 -0.57164311
v 0.50289452 0.04945206 0.02222172
v -0.37143758 -0.25014102 -0.04868682
v -0.38721395 -0.25242552 -0.17097737
v 0.66018569 -0.03341208 -0.01101115
v 0.79640734 0.08809493 0.01073092
v -0.20600140 -0.06523938 -0.59190625
v -0.43240800 -0.16718100 0.07402398
v 0.17218468 -0.02436198 -0.42775756
v 0.43290365 -0.03889979 0.25923833
v 0.18712851 -0.15897575 -0.39732283
v -0.41746897 -0.04995023 -0.02557544
v 0.00194338 -0.17148964 -0.52383173
v -0.00086610 -0.03111636 -0.56212246
v 0.63337189 -0.00843775 0.15937994
v -0.09602873 -0.09070450 -0.48379403
v 0.00615251 -0.01017988 -0.49655300
v -0.70667964 0.16685599 -0.11910628
v -0.34029415 -0.25073686 0.04265683
v 0.66715950 0.02370283 -0.09921350
v 0.31010365 0.11213250 0.33117840
v 0.17307395 -0.00010517 0.35118508
v 0.55012941 -0.11368073 0.04648403
v 0.75143695 0.09937605 0.12961090
v -0.34835899 -0.21897638 0.27833357
v -0.35652208 -0.22366977 -0.42015776
v 0.37616262 -0.19828582 0.03050645
v 0.54401058 -0.11113141 -0.00299480
v 0.60094196 -0.06542613 0.10156919
v 0.26869923 -0.14271559 0.27209121
v 0.33805677 -0.24508417 -0.00606732
v -0.45154420 -0.20848355 0.00822549
v 0.00224705 -0.01878862 0.47682494
v -0.39764848 -0.21751812 -0.27468649
v 0.61476946 0.02708289 0.11828816
v 0.65507317 0.05941723 -0.03139602
v -0.64654696 0.10297859 -0.21484995
v 0.71295106 0.09387027 0.00937685
v 0.53375387 0.28420466 0.02744555
v -0.04922806 0.16032699 0.45646557
v -0.43715152 -0.13160357 -0.41549051
v -0.49908626 -0.22625646 0.07829292
v 0.44538587 -0.01120595 -0.13605078
v 0.16915835 0.17044082 0.38114703
v 0.70400119 0.08394221 0.05257153
v 0.52126205 0.26930696 -0.00750005
v 0.53210294 -0.00429621 -0.24650171
v -0.63219947 0.10545859 0.16870254
v 0.40602934 -0.16101271 0.14454514
v -0.51388144 -0.01017985 -0.37528864
v 0.13679302 0.02414680 -0.41972661
v 0.30291295 0.17178495 -0.04406955
v -0.57126868 0.20188031 0.06861146
v -0.46703845 -0.25679013 0.16380383
v -0.29207593 -0.28788388 -0.36149743
v -0.61861533 -0.10291526 -0.38828290
v 0.11358476 -0.20059542 0.42227367
v 0.53556895 0.17722826 0.10635538
v -0.28036612 0.28297514 0.42832357
v 0.66700238 0.00103236 -0.14685255
v -0.44498557 -0.24515975 -0.14298806
v 0.14529704 -0.17284651 0.40191394
v 0.23723114 -0.20688371 -0.30604720
v 0.51358074 -0.03431747 -0.26637718
v -0.14164007 -0.22421688 -0.21507186
v 0.05278504 0.13810146 -0.45504487
v 0.01612171 0.14279307 -0.47764096
v 0.03416444 0.27754763 0.29655486
v -0.50383085 -0.15051307 0.31109425
v -0.21187834 0.04067673 -0.59273148
v -0.18909085 -0.33681390 -0.26757428
v 0.54789501 -0.17570823 0.24123600
v 0.72350371 0.11267126 0.24877951
v 0.48896369 -0.15610823 0.12827563
v -0.34238237 0.21913180 0.14640415
v 0.58920395 0.05664176 0.00163730
v 0.35457420 0.21291953 0.27630347
v -0.49356276 -0.20167136 0.06637588
v 0.32568204 0.04838865 0.31927973
v -0.33249027 -0.22529998 -0.43024427
v -0.37900016 -0.14882191 0.40231502
v -0.01512247 0.19013622 0.27828544
v -0.50442719 0.04720847 -0.00777285
v -0.19742714 -0.13762762 -0.37942582
v 0.40249836 -0.15638854 -0.18141738
v -0.43328002 -0.17666589 -0.41147119
v -0.61051559 -0.07054030 -0.01453481
v -0.31080979 0.36362696 0.22554538
v 0.66838866 0.08707371 0.08880496
v 0.40106183 0.14242627 0.24173062
v 0.00151581 0.13276699 0.41992345
v 0.32814229 -0.08482984 0.25277627
v -0.24197684 0.03784427 0.43979943
v 0.59665996 -0.01853097 0.13900101
v -0.63308740 -0.09400007 -0.35974324
v 0.76102495 0.06764259 -0.06336075
v -0.00905140 -0.09141239 -0.55480099
v -0.59420180 -0.09795097 0.00653809
v 0.45334685 -0.15995330 0.16796470
v -0.55966425 -0.15342604 0.16895336
v 0.65578103 -0.00621268 0.23580678
v -0.17731436 -0.16020800 -0.38175720
v 0.61985832 -0.09441683 -0.07294452
v -0.62179303 -0.04470036 -0.27497458
v -0.60819769 -0.06298148 -0.26590174
v -0.49651387 -0.14666879 -0.11931051
v -0.68337005 0.12480007 0.07046591
v -0.53865278 -0.25263557 0.16080295
v -0.54003525 0.01667269 -0.33122763
v -0.31517214 -0.21086431 0.21301323
v 0.13955915 -0.27328253 -0.36545527
v -0.00369455 0.22442415 -0.10523981
v -0.45442665 -0.09901635 -0.35575399
v 0.81182063 0.06290549 -0.10792662
v -0.24300776 -0.14476791 -0.45188993
v -0.31926879 -0.30545568 0.07742243
v -0.18315597 -0.31876820 -0.25537097
v 0.25639749 0.13116997 -0.11459567
v -0.55103636 0.10194478 -0.01559522
v -0.60543042 -0.12563221 -0.19642216
v -0.34150475 0.26315251 0.09394568
v -0.20656322 -0.12073904 0.46349236
v 0.57791966 0.20991570 0.10675001
v 0.29948679 -0.25169015 0.10510400
v -0.53062916 -0.16763063 0.24228883
v -0.19896086 -0.27953282 -0.46419531
v 0.70055401 -0.00876475 -0.10023266
v 0.67332822 -0.00099806 -0.00436064
v -0.24537864 -0.29047868 -0.07533933
v 0.43310413 0.01993944 -0.10423298
v 0.64889562 0.02885858 -0.02146064
v 0.61095762 -0.09626070 -0.07914954
v 0.01497352 0.26079443 0.34252062
v 0.48589557 0.11921193 0.24467155
v 0.53282064 0.20471573 0.17163877
v -0.26860154 -0.24561544 -0.02773523
v -0.25992176 0.09975202 0.15172133
v -0.56096542 -0.02541173 -0.47177857
v 0.56531793 0.17284378 0.16131687
v 0.54191148 -0.10986214 0.09650448
v 0.80176687 0.21556222 0.11360170
v -0.67358941 -0.01700235 0.08141625
v -0.30832863 -0.26337558 -0.44433689
v -0.55954707 -0.13917603 0.23681742
v 0.76107597 0.11091388 -0.03980329
v 0.01131923 -0.21261618 0.39364493
v 0.60651469 0.11609858 0.13669351
v 0.53065699 0.04476414 -0.04508293
v -0.50223988 -0.08265411 -0.50870556
v 0.57974803 0.10046617 0.18680525
v -0.46210068 -0.08422216 0.13222438
v 0.07385117 -0.09265829 -0.51452804
v -0.42752376 -0.21852790 -0.27387440
v 0.55590487 0.06436037 -0.07775237
v 0.46252510 -0.15584923 -0.20217440
v 0.67916161 0.19226903 0.11646046
v -0.11654440 -0.09302554 -0.49196523
v -0.29774129 -0.09850188 -0.55181515
v 0.21638609 0.05217852 0.28432670
v -0.15642212 -0.05971083 -0.33531776
v -0.07745432 -0.28838593 0.21530414
v 0.52907002 0.04810473 0.09156825
v -0.24944849 -0.28242698 0.17822719
v -0.06557819 -0.14220023 -0.39137244
v -0.22744916 0.34650052 0.34940171
v 0.27035275 -0.23058051 -0.29937223
v 0.80279392 0.19615120 0.12901777
v -0.04908353 -0.02374441 -0.58950853
v 0.44679701 0.21978900 -0.11676109
v 0.64979267 0.03776528 0.25439984
v -0.69293219 0.01287937 0.05282874
v 0.00324079 -0.28657925 0.33724177
v 0.61674917 0.02155527 0.08438854
v -0.06594143 -0.08627827 -0.54932261
v 0.32041106 -0.16301005 -0.29415765
v -0.30190527 -0.24296582 0.18049043
v -0.37053302 -0.28330112 0.09011419
v 0.72112697 0.08459266 0.15279187
v -0.00682981 0.02064833 -0.55770034
v 0.69653690 0.08429622 0.05016635
v -0.10107321 -0.25152451 -0.21255982
v 0.64761066 -0.00019532 -0.16869286
v 0.49042791 -0.08698685 -0.07538405
v 0.15865026 0.10107997 -0.41001755
v -0.38025868 -0.21852928 0.29680333
v -0.48254758 -0.06710565 -0.04289696
v -0.25887588 -0.28354010 0.18423127
v 0.74017340 0.06022695 0.18613017
v 0.59975040 0.18164629 0.00892513
v -0.19447212 -0.28129807 0.15887010
v -0.02459342 0.17742673 -0.26783550
v -0.16318074 0.04887406 -0.56400996
v -0.45493245 -0.14511791 -0.31065059
v 0.63550913 0.19558066 0.08605471
v -0.09586984 0.08423579 -0.57948869
v 0.59268206 0.04753562 -0.08098099
v -0.02849060 -0.26272595 -0.50096494
v -0.14198750 -0.26704061 -0.51709223
v 0.51613629 -0.04452453 -0.22885868
v -0.67542374 0.06882646 -0.15755737
v 0.07642774 -0.20653826 -0.40868342
v 0.06475009 0.21716160 0.15706883
v -0.45377567 -0.17060976 -0.43956953
v 0.59274870 0.18832719 0.11912176
v 0.08813563 -0.34254643 -0.25526571
v -0.03810764 0.06369206 -0.46433479
v 0.53360784 0.06905510 0.00693140
v -0.37599140 -0.26427165 -0.12472837
v -0.64885324 -0.05092633 -0.35652831
v -0.57439029 -0.12720321 0.00033151
v -0.40980846 -0.22032070 -0.27788994
v 0.60905182 0.15312141 0.22373752
v 0.28074926 -0.03076697 0.25733113
v -0.14176127 -0.27335656 -0.10089351
v 0.36653492 0.14864475 0.26858383
v -0.03484936 -0.10065088 0.46163130
v 0.64231348 0.01921861 0.05165771
v 0.03605624 0.03739494 -0.52379918
v -0.35181439 -0.24852431 -0.23272172
v -0.55307323 -0.18074101 0.11501932
v 0.28305376 0.19487989 0.24709356
v 0.78010893 0.03309835 -0.09335831
v 0.71876395 0.12080072 0.01137768
v 0.63532823 -0.00896809 0.04079240
v -0.26635107 0.05192298 0.20086502
v -0.13081598 -0.08313006 -0.59460771
v -0.26420519 -0.16872130 -0.21987210
v 0.05259207 0.28638101 0.34761214
v 0.22559541 0.16221574 -0.33756208
v -0.22744948 -0.05033559 -0.44271132
v -0.45228639 -0.00649713 -0.18957667
v -0.27170157 -0.11828191 -0.56245017
v -0.71945310 0.13815483 -0.14671060
v 0.78602904 0.21103698 0.17467925
v -0.01810185 -0.28907681 -0.04209507
v 0.17335719 -0.27205580 0.22119540
v 0.43155086 -0.13928264 0.10451651
v 0.52398401 -0.12133633 0.01945046
v 0.46586531 -0.10864639 0.02628082
v -0.03787170 -0.32789618 -0.36384693
v -0.17379303 -0.33787617 0.15037861
v -0.40178490 -0.12998518 -0.46885246
v 0.84033900 0.08706819 -0.13321555
v 0.13275717 -0.33063203 -0.16165124
v -0.58963013 0.20486715 0.09208943
v -0.21839662 -0.21579550 -0.54883146
v 0.47887588 0.22426499 -0.03519232
v 0.59190077 0.08317163 0.13454154
v 0.46327394 0.08647446 0.19806117
v 0.57931435 0.08363301 0.21466936
v 0.72950274 0.00091659 -0.10631445
v -0.32957894 -0.09067719 -0.00502537
v 0.36268526 0.05790079 -0.13187419
v 0.11466467 0.06993723 0.42766660
v 0.80181742 0.20750922 0.12849787
v 0.18973079 0.00499458 0.34816277
v 0.74841577 0.18175457 0.03861875
v -0.59238946 -0.02617678 0.24352320
v 0.58398867 0.06367557 -0.12306520
v -0.06922351 -0.03690774 -0.57624602
v 0.40909901 -0.15244094 -0.05160485
v 0.65331918 -0.05671383 -0.10248762
v -0.44437045 -0.30464450 0.12154248
v -0.59829992 -0.03319043 -0.05861922
v -0.30043596 -0.18750262 0.00298095
v 0.43117020 -0.11611532 -0.23956969
v -0.46136940 0.07544483 -0.34039161
v 0.79824167 0.11120218 0.07786722
v 0.12059460 0.17189255 0.39297578
v -0.48261297 -0.19292358 -0.22120535
v 0.01793956 0.01979398 -0.48272121
v -0.04151431 -0.11207327 0.46504495
v 0.53018862 -0.06043734 -0.21851604
v 0.54016334 0.03971606 0.24512056
v -0.47037566 0.05943183 0.36254454
v -0.52101243 0.10124730 0.00689743
v -0.24641320 -0.27748230 -0.44677818
v 0.00910162 -0.24769495 0.38836092
v -0.53076041 0.07517299 0.03580296
v 0.72008622 0.18517607 0.22004056
v -0.47912583 -0.15528116 -0.20341767
v -0.27831852 -0.16171049 -0.27910110
v -0.50679982 -0.19116214 -0.33684221
v 0.59914821 -0.04661103 0.08458222
v 0.25802934 -0.15118945 0.27867457
v -0.44783539 0.00991134 -0.38744295
v 0.77240926 0.09919549 0.17836133
v 0.10386305 0.17007944 -0.35021368
v -0.59574842 -0.11910327 -0.38847786
v 0.68430376 0.09032288 0.10810170
v -0.53977227 -0.18239170 -0.29512393
v 0.57807130 0.07894283 0.02911092
v 0.61791551 0.05489761 -0.12524146
v 0.73761767 0.08566118 -0.16525643
v -0.58509010 -0.10444444 -0.24974534
v -0.30803168 -0.26780242 0.03287123
v -0.42101473 -0.13761224 -0.34626392
v 0.77294219 0.22769189 0.13512671
v -0.19335145 0.29144058 0.44460526
v -0.50150055 -0.20523521 0.03019377
v -0.25126195 -0.28930414 -0.28147727
v -0.37837255 -0.24876374 -0.36290577
v 0.75969607 0.08350208 0.08920561
v 0.53810978 -0.16326723 0.20198621
v -0.33896464 -0.26188082 0.26061293
v 0.56283671 -0.16122805 0.18365446
v -0.35493052 -0.26084879 0.22516638
v 0.67199469 0.06071263 0.16097370
v -0.35173610 0.14777341 0.44077182
v 0.44064659 -0.16198789 -0.14868087
v -0.49881446 -0.14455082 -0.20072073
v -0.54127049 -0.17333300 0.16756795
v -0.23825534 0.21212763 0.46787956
v -0.66732359 0.03655963 -0.31258827
v 0.60213459 0.16579917 0.10289866
v -0.37586915 -0.06167727 -0.19402455
v -0.61656189 0.02267314 -0.22626664
v 0.68199426 0.19483799 0.12111737
v -0.15272507 -0.31352335 -0.35721591
v 0.71197575 0.05446188 0.01540467
v -0.22834015 0.14872950 0.26525888
v -0.06556635 -0.23690861 0.39158243
v 0.47800589 -0.13572358 0.17017581
v 0.44574159 -0.12892236 -0.01974428
v 0.78056335 0.22225761 0.16158853
v 0.02820878 -0.02289686 0.46609986
v -0.48044133 -0.21163386 0.00396131
v 0.05640499 -0.32797712 0.07068869
v -0.38646671 0.30502233 0.29611251
v 0.73028952 0.01026249 0.20425999
v 0.56582338 0.14292741 0.04332187
v 0.78603733 0.20101064 0.05774099
v 0.78282702 0.09979430 0.12966858
v -0.26593888 -0.25435275 0.28050792
v -0.38853469 -0.12081382 -0.52788037
v -0.40664670 -0.11095706 -0.33119845
v 0.21147448 -0.21241158 -0.34849024
v -0.57781488 -0.02061015 -0.17127179
v 0.45792666 0.09360135 -0.19520532
v -0.00749692 -0.04302679 -0.53352338
v 0.47734362 -0.11713342 -0.18717897
v -0.43358657 -0.23690473 0.21064313
v 0.34851199 0.08434665 -0.20119722
v -0.52579713 -0.14729185 -0.43551528
v 0.46917224 -0.12382618 0.18664154
v 0.17287283 -0.17209554 0.37056363
v 0.57009155 0.05482657 -0.03752657
v 0.78622848 0.14300109 -0.01053147
v -0.62727106 -0.06679334 0.04912636
v -0.22976689 0.12608367 0.48528329
v 0.28041357 -0.19273661 0.20308150
v 0.00555642 -0.01283202 -0.55156446
v -0.42407650 -0.26191556 0.16108274
v 0.76764375 0.07565252 -0.11968127
v 0.66072208 0.18518962 0.14256847
v 0.23966940 -0.23424822 0.28574091
v 0.40233186 -0.23515427 -0.02577277
v 0.14510533 -0.21030350 0.38967496
v 0.39726275 -0.14889890 -0.09910978
v -0.04411907 -0.29056633 0.35844889
v -0.30419511 -0.24144211 0.29052445
v 0.31326652 -0.23782194 -0.13646410
v 0.11175248 -0.28103325 0.27103344
v 0.60029238 -0.04515029 -0.16081056
v -0.53727472 0.12342049 -0.38361949
v -0.29995310 0.35567269 0.25892326
v 0.18380722 0.06192486 0.37888908
v 0.70624375 0.11693048 0.25436553
v -0.53812474 0.12339692 0.01901758
v -0.26312175 -0.28248078 -0.08363162
v 0.77098268 0.09336311 -0.16854331
v 0.57352489 0.05783300 -0.00678582
v 0.28813177 0.12229796 -0.32406557
v -0.50342220 -0.08023467 -0.20531277
v 0.57078928 -0.15086634 0.18589531
v -0.56725317 -0.16467331 -0.35868096
v 0.58829695 -0.07643656 0.11034194
v -0.35368305 -0.14721407 0.36748296
v -0.32879263 -0.24227011 0.22482845
v 0.56700116 -0.00708924 -0.22013313
v -0.24150127 -0.23396784 -0.21227516
v 0.24783759 0.16157106 -0.32676959
v -0.06722417 -0.01673514 -0.51134241
v -0.19363651 0.33348379 0.24785286
v 0.27196732 0.21977480 0.34200013
v 0.60732609 0.04148988 0.03035821
v -0.05153395 -0.00817502 -0.55031765
v -0.48282546 0.19357215 0.06823874
v -0.37019801 -0.26420283 -0.28391552
v 0.49202436 0.17651328 0.21748298
v -0.39793396 -0.30499810 0.07709804
v -0.47067836 0.10926218 -0.46776107
v 0.56823993 -0.12826610 0.17728598
v 0.66380215 0.18007872 0.20366237
v 0.80789351 0.18361016 0.09935421
v -0.16351737 -0.10649974 -0.58829910
v -0.05185485 -0.29057837 -0.42932355
v -0.56351638 -0.06720182 -0.26163885
v -0.47792214 -0.07509953 -0.29291779
v -0.03726421 -0.26821545 -0.24158692
v 0.49793437 0.24594948 -0.02862614
v 0.62986732 0.15226567 0.23252982
v 0.04820280 0.02599351 -0.50912851
v 0.67341065 -0.02340386 -0.13344315
v 0.53084749 0.20727175 0.17082421
v -0.10375331 0.22516268 0.43070674
v 0.44417876 0.01944013 0.17301199
v -0.60760885 -0.08943276 -0.17935124
v -0.10072389 0.32904416 0.34403718
v 0.32900885 -0.14674392 0.15774161
v 0.45440722 -0.09903426 -0.08250368
v 0.45633477 -0.06525312 0.23549104
v -0.41455698 -0.05586629 -0.38884911
v -0.38754082 -0.28629270 0.18200271
v -0.00763494 0.25177917 0.41124573
v -0.68763590 0.05514813 0.10844849
v -0.15846895 -0.22216770 0.15218033
v 0.36510503 -0.16070537 0.09967178
v 0.02289636 -0.19633961 0.41781211
v 0.05899622 0.26569337 0.37676981
v -0.33959082 -0.15772380 -0.14415550
v 0.45304090 -0.13188629 0.09055345
v 0.34154660 -0.04949840 0.29416740
v 0.59460372 0.13853820 -0.07177151
v 0.73888671 0.12893645 0.23411128
v -0.26668757 -0.29815292 0.20546389
v 0.58920550 0.00719182 0.25117677
v 0.41573280 0.08344720 0.25227273
v 0.50296456 -0.20626715 0.21845281
v 0.54398292 0.10965697 0.22998850
v -0.41266939 0.01130211 -0.55865210
v 0.08522613 0.18420906 0.39617050
v 0.69824797 0.20259559 0.19102992
v -0.41320294 -0.10145675 0.09681882
v -0.52802920 -0.17609899 -0.19154760
v 0.46690995 0.01491172 0.25985995
v 0.25121340 -0.27884793 0.13666588
v -0.20368518 -0.26261094 0.33477688
v -0.58624923 0.07466111 0.22706546
v -0.18131205 0.35790429 0.33965939
v 0.62473953 -0.06516553 0.21008250
v 0.49423361 -0.03139469 0.25857252
v 0.71387827 -0.00204437 0.20816922
v 0.71905142 0.21566772 0.17035642
v -0.23406123 0.27188975 0.18211088
v -0.38672844 -0.09853618 -0.54337096
v -0.38516980 -0.14001837 -0.34559247
v 0.56831110 0.01196480 0.21424671
v -0.01852675 0.20517799 0.17227188
v -0.26479578 -0.24196243 -0.04927932
v 0.59435546 0.17740993 -0.01638173
v -0.63267612 -0.11903404 -0.25027192
v 0.67790687 0.02685122 -0.02708801
v 0.74855953 0.04882255 0.19896647
v 0.65827006 0.04990009 0.15100348
v -0.23403533 -0.28262866 -0.20592393
v 0.72874141 0.00407516 -0.11472444
v -0.30272388 -0.23326659 0.33743066
v 0.45757473 -0.10316604 -0.10184786
v 0.79075551 0.12848446 -0.01456752
v 0.66962790 0.08981512 0.24107993
v 0.53227973 -0.11912308 0.06505306
v 0.58009422 0.14246513 0.03480180
v 0.46034023 -0.05230451 0.25054953
v 0.30113667 -0.24957380 -0.08687268
v 0.14196366 0.26556933 -0.22553101
v -0.39626709 0.21392632 0.26737827
v 0.50539911 0.17763820 0.07195811
v 0.21563156 -0.23040107 0.24432151
v 0.69306177 0.02362714 -0.14107454
v 0.72593969 0.05331485 0.01088400
v -0.01940845 -0.07823260 -0.46304548
v 0.52494961 -0.11437185 0.09448348
v 0.79364222 0.14706591 0.16395733
v -0.24549313 -0.26297235 0.09605283
v -0.38599992 -0.14718193 0.35872662
v 0.48106778 0.27275792 -0.06181506
v 0.16036642 0.07231613 0.37187308
v -0.31808165 -0.09351333 -0.00827059
v -0.40772790 -0.08288664 -0.24018975
v 0.06886533 -0.36260831 -0.34745646
v 0.54561096 0.24517471 0.12790532
v 0.66862869 -0.00678729 0.15970322
v -0.42769885 -0.10917802 -0.19769919
v -0.58109957 0.06017084 -0.06181545
v 0.45218199 0.01312391 0.12968029
v -0.53200871 -0.06665636 -0.21232949
v 0.71276993 0.21711159 0.17447965
v 0.58313274 0.14902499 0.14490953
v 0.53198493 -0.03799185 0.26019523
v 0.77817589 0.07770331 0.21452083
v -0.49321464 0.03578131 0.33949605
v 0.70438266 0.08958717 0.24600293
v -0.48956406 0.23754947 0.06451046
v -0.32735169 -0.27935600 0.18091874
v -0.63492221 0.13722114 0.02220740
v 0.25720671 -0.07460380 0.33013862
v -0.62777138 0.07877284 -0.16826124
v -0.63291717 -0.08864228 -0.13678093
v -0.31290022 -0.26640874 0.00443098
v -0.59353006 -0.15711045 0.11694369
v -0.10681932 -0.13300721 -0.47957134
v 0.07480048 0.18141934 0.37813547
v 0.59544379 0.07439005 -0.00500393
v -0.29763120 -0.19366452 0.07526769
v -0.41118053 0.01687737 -0.32957321
v -0.10501866 0.18151927 0.23970743
v 0.84668779 0.09093266 -0.11780874
v -0.00492063 -0.08708028 -0.50917083
v -0.11834453 -0.06444957 -0.59193027
v -0.35098946 -0.25715536 -0.22917499
v -0.11921956 0.18932740 0.18109399
v 0.08436903 0.19605179 0.19681093
v -0.33850628 -0.31223235 0.14220016
v 0.66328090 0.16743696 0.22328477
v -0.52809089 -0.12856452 0.30965841
v 0.70840657 0.06867357 0.23904315
v 0.57299602 0.04748523 0.07228434
v 0.59600008 0.13494846 0.01856351
v 0.39309543 -0.16495211 -0.11015896
v -0.66279215 0.06470384 0.01543400
v 0.57369626 0.09201324 0.14335397
v -0.34066430 -0.30522132 0.07219960
v -0.53726941 0.12723269 -0.17391516
v 0.29129910 -0.18900608 0.19017664
v 0.55570549 0.08079178 0.14136533
v -0.03247003 -0.30175835 0.32305652
v 0.30665213 0.21539579 0.27886337
v -0.69292712 0.13017228 -0.21530735
v -0.42595673 -0.15430626 0.09744640
v -0.12137134 0.05925557 0.44470271
v -0.55714160 -0.16235910 -0.33177942
v 0.48755473 0.14614078 0.09513569
v 0.62949419 -0.00864604 0.15733740
v -0.62949955 -0.09550588 -0.36179644
v 0.78245211 0.10945807 -0.19063470
v 0.47163594 -0.04853127 0.26427326
v -0.47580993 -0.04662935 0.09137852
v -0.37214497 -0.23027614 -0.41346318
v -0.33843330 0.00847993 -0.05941589
v 0.64849257 0.05934052 -0.02513710
v 0.33707067 -0.05039852 0.04520787
v -0.07700074 -0.01187315 -0.56934309
v 0.75039059 0.07116249 0.04423498
v 0.03702852 0.25459021 0.40430307
v -0.62185264 0.12497247 -0.15305005
v 0.30091515 -0.04342892 0.08203669
v 0.37967768 0.14501488 0.24424398
v -0.44061542 -0.18788067 -0.34211993
v -0.43057629 -0.22631240 0.16238342
v 0.53203040 0.19264661 -0.05411046
v -0.47921848 -0.18328445 -0.41806132
v 0.76373911 0.08441456 0.08930197
v -0.00529576 0.12838270 -0.38776076
v -0.37510175 0.03870567 -0.52131021
v 0.54891306 -0.13641249 0.17454818
v 0.78631580 0.03791933 -0.10761839
v -0.21567397 -0.30140862 0.24294874
v 0.32785404 -0.26877362 0.02889143
v 0.71018159 0.01506841 -0.14063910
v 0.45787466 -0.11379670 -0.12137766
v 0.70446265 0.07786787 0.03066392
v -0.48420376 0.14766574 0.10767154
v -0.73774630 0.05986940 -0.25663298
v -0.32972491 -0.12054121 -0.21202123
v 0.53552592 0.15182188 0.17579831
v 0.64805067 -0.00233162 0.03277814
v 0.12267683 0.16391382 0.21935973
v 0.58954239 -0.01146360 -0.20361087
v -0.11178617 -0.06225099 -0.59437722
v -0.73435324 0.13801126 -0.20551221
v -0.64279664 -0.10659747 -0.15096745
v 0.76687270 0.01942228 -0.09961905
v -0.39604518 -0.21823040 0.19727956
v 0.72948045 0.05141288 0.00800930
v -0.09012932 -0.12313664 -0.55979472
v 0.52090800 0.18817732 0.20931220
v -0.23018649 0.28088012 0.25289410
v -0.55148828 -0.07283976 -0.35790068
v -0.02780557 0.06815887 -0.53953856
v 0.81411791 0.12782699 -0.17365777
v 0.58507007 0.07182063 0.13891621
v 0.45355543 0.24001949 0.06221497
v -0.36745042 -0.20364770 -0.44350410
v -0.21481059 0.05647993 0.45561969
v 0.71661061 0.01149776 0.19501992
v 0.74313277 0.05376820 -0.08352697
v -0.33487371 -0.19978863 -0.40215194
v 0.72038764 0.19562796 0.06368342
v -0.67767149 0.06894923 0.13837810
v 0.43123251 0.09698708 0.22239897
v -0.37117466 -0.25114298 0.14780167
v 0.57542598 0.06323768 0.21618642
v 0.40644762 -0.15576585 -0.17130724
v -0.51263893 -0.20644015 -0.27622938
v 0.81031197 0.17612761 0.09965631
v 0.73606437 0.13288440 -0.01546410
v 0.53637099 0.12901762 0.07339323
v -0.14000838 0.16761512 0.21182784
v 0.15190804 0.01390140 0.40755934
v -0.17966893 0.11209097 -0.57969487
v 0.41385347 0.00636864 -0.28821391
v -0.01135865 -0.06814466 -0.49005187
v -0.05138123 -0.06320123 -0.46601361
v 0.65291584 -0.00722435 0.01668271
v 0.79638571 0.11117630 0.13765572
v -0.09860881 -0.26294145 -0.36051995
v -0.48428920 -0.21077409 -0.04271492
v -0.58520687 0.20548135 0.14939873
v 0.25391659 0.07193314 -0.33727902
v 0.26920134 0.04813216 -0.26430705
v 0.46033347 0.32672822 0.00493882
v -0.49075937 0.02464674 -0.07873881
v -0.02666884 -0.20971887 -0.44778723
v 0.40171367 0.08646966 -0.25784186
v 0.15980121 -0.01154897 -0.49562487
v 0.55885309 0.11992805 0.20488410
v 0.02834384 -0.32515424 0.26633972
v 0.51912642 0.11704473 0.16401862
v -0.02343638 0.14583713 0.41597039
v 0.39628181 -0.18657531 -0.07262285
v -0.32803196 -0.06354783 -0.25601080
v 0.74825627 0.02454340 -0.12631896
v 0.66004479 0.01583760 0.18121110
v -0.65096647 0.09769030 -0.00712346
v 0.38652545 0.16266517 0.23262651
v -0.10104191 0.27421242 0.33505908
v 0.45561808 -0.14208972 0.08471698
v -0.27100211 -0.13477148 -0.49299154
v 0.17481393 0.06595591 0.40204740
v 0.21077478 0.20547710 0.03578049
v 0.73914140 0.01739396 0.23735198
v 0.25126922 0.15838407 0.32534778
v -0.13657661 0.01523033 0.52138621
v -0.24022855 -0.07907343 -0.26940572
v -0.16082540 -0.21609157 -0.55556369
v 0.50656593 -0.04489139 0.25275284
v 0.50697953 -0.01569162 0.22714724
v 0.11780121 -0.28821242 0.21663222
v 0.57522106 0.04955629 0.19899045
v -0.08787028 -0.28945753 0.30096662
v -0.00954579 -0.33468932 0.31696153
v 0.15553996 0.23071703 0.36600918
v 0.15080923 -0.28313351 -0.40566409
v -0.35637638 -0.22004783 0.21984684
v 0.25924212 0.10800631 -0.35122392
v -0.59092110 -0.13598621 -0.15120824
v -0.63761735 -0.06780923 0.14330606
v -0.20653494 -0.15445815 0.44941393
v 0.38419953 0.05628806 -0.29951736
v -0.42870456 -0.11240228 0.40953261
v -0.38886142 -0.03949424 0.42144695
v 0.28585586 0.08085482 0.29607603
v 0.03534305 -0.05709386 -0.55354416
v 0.48843139 -0.19468203 0.16110334
v -0.65869480 -0.01267395 0.15410231
v 0.23204695 0.18081437 0.22788329
v 0.19277662 -0.09293590 0.40239072
v 0.67605627 0.12624751 0.10683577
v 0.52820230 -0.12228186 -0.17489105
v -0.28779697 0.00178035 -0.37185392
v 0.76183897 0.03236166 -0.03697718
v 0.46483356 0.10407509 0.16767833
v -0.01781864 0.20034271 -0.03029437
v -0.03173260 -0.23946691 0.38339472
v -0.58159256 -0.08761579 -0.16696790
v -0.25669235 -0.28075594 -0.19983378
v 0.59554636 -0.06069880 0.11258359
v -0.34848124 0.14217460 0.41086832
v -0.17050552 0.01261055 -0.51044935
v 0.00348343 -0.00137867 0.47056052
v -0.15564014 -0.14597273 -0.57274365
v -0.36426863 -0.24844679 0.01761768
v 0.53193963 0.19820002 0.11933124
v 0.45791608 -0.10121625 0.03860072
v 0.41865104 0.32758483 -0.04830014
v -0.63275325 0.09574296 -0.22653349
v -0.16424334 -0.27947447 -0.08910537
v 0.59068614 0.08121294 0.25187588
v -0.57648504 -0.00551984 -0.33123067
v -0.37904790 0.36544821 0.26226264
v 0.48150134 0.00749596 0.03505455
v 0.00792286 0.03456473 0.46880987
v 0.50769305 0.16217615 0.12920538
v 0.11410740 -0.30064124 -0.33462203
v 0.79727477 0.12010378 0.14355750
v 0.59256905 0.06979398 0.14282547
v 0.71301329 0.05483989 -0.07143082
v 0.40884948 -0.04485275 0.12172424
v 0.59629822 0.16546541 0.00442877
v -0.10895000 -0.29357311 0.17197442
v 0.58524245 -0.11057318 -0.10982002
v -0.47068942 -0.01503418 -0.01242909
v -0.49281585 -0.29025701 0.06534213
v -0.31204945 -0.03890861 -0.41141540
v 0.78575909 0.19901550 0.18784246
v -0.13055478 -0.33594608 0.21812665
v -0.18934259 -0.13494785 0.44870529
v -0.61684680 -0.19048272 0.21959518
v 0.67144632 0.09119602 0.24021518
v 0.50293410 0.16766918 0.21669972
v 0.52375627 0.18529572 0.12161995
v 0.10498315 -0.04821667 0.44470662
v -0.01597073 0.00111162 -0.50241750
v -0.30695552 -0.31090266 0.16021094
v -0.19850184 -0.25779468 -0.38270324
v -0.40306324 -0.12023813 -0.47912037
v 0.38749620 -0.11788363 0.16786572
v 0.19195664 0.05441669 0.25272712
v -0.31787169 -0.29621977 0.12986617
v 0.39110988 -0.15137628 0.15026486
v 0.50591993 0.01361668 0.01163381
v -0.17618567 -0.15615448 -0.40287292
v 0.02611386 0.16358098 0.31615394
v -0.45094776 -0.11286840 0.36156040
v 0.75684088 0.08789447 0.08797692
v -0.44122124 -0.29571357 0.11035728
v -0.34873527 0.15081944 0.18126693
v -0.42559540 -0.23121750 0.04510599
v 0.00739321 0.29082608 0.40195435
v -0.21079701 -0.02259082 0.32968482
v 0.46516207 -0.12188446 -0.12103282
v -0.32705057 -0.22133887 0.14563717
v 0.63016069 0.06205085 0.23472998
v 0.06087231 -0.25495768 0.35207561
v -0.21631837 -0.17128125 0.24614429
v 0.66745907 0.19912016 0.17873597
v 0.33148921 -0.19355078 0.09978668
v -0.32819456 -0.03058495 -0.37205714
v 0.71617401 0.21259899 0.11278023
v 0.59812087 0.04660820 -0.16846326
v -0.54942650 -0.25236580 0.17863426
v 0.59623373 -0.01804049 0.23484135
v 0.22297722 0.15079902 -0.36504960
v -0.37665284 -0.24923036 -0.10646316
v 0.71605772 0.08994247 -0.20412461
v 0.07266109 0.10155285 -0.38642365
v -0.31334013 -0.31604090 0.07024930
v 0.58072346 0.15518816 -0.01934510
v -0.44064039 -0.15446407 -0.12511680
v -0.55434042 0.14457256 0.02718684
v 0.14942688 -0.01753448 0.38967246
v 0.73081040 0.06650624 0.24749202
v -0.21035936 -0.17278503 0.42349839
v 0.67974901 0.04709491 -0.08181204
v 0.21434571 -0.22824264 0.29613483
v 0.32321006 -0.16286770 0.23757310
v 0.44040942 0.00154209 0.22446789
v -0.45621011 -0.17270243 -0.27398783
v -0.21885785 0.28053448 0.24573213
v 0.19030672 0.21102169 0.26154247
v -0.12273175 0.18506065 0.08894402
v -0.27003735 -0.11064510 0.01962138
v -0.60632467 0.08349822 0.19069551
v -0.33989659 -0.21786530 -0.04118429
v -0.36317345 -0.08845419 -0.52290982
v -0.25854629 -0.08389272 0.20838884
v 0.43609208 0.04622679 0.19444555
v -0.29920420 -0.25680572 0.16747445
v 0.55679095 -0.17130455 0.18868005
v -0.29636639 -0.12810430 -0.55675614
v 0.74469841 0.09792464 0.23043764
v 0.60846829 -0.09247445 0.18330771
v -0.51666135 -0.09866627 -0.27263430
v 0.41991538 -0.15459186 -0.12325278
v 0.70733172 0.10385086 0.12552793
v 0.55369931 0.25473171 0.06854470
v -0.23872422 -0.28966585 -0.35980469
v -0.31494015 -0.11222565 -0.55055332
v -0.36055234 -0.02297896 -0.44576338
v -0.69320565 0.17246169 -0.17687060
v -0.69035739 0.10616520 -0.17545295
v 0.63332677 -0.05766421 0.15489763
v -0.62267286 -0.01304072 -0.24646930
v 0.41466019 0.05858926 0.20438863
v -0.09230773 -0.35523811 0.20298982
v 0.62799966 0.03784765 0.13861106
v -0.14800104 0.04376042 -0.50010753
v 0.79435056 0.22038437 0.10337704
v 0.66164589 0.06448916 0.24807703
v 0.44619840 0.13016775 0.23950177
v 0.35741919 -0.14454721 -0.23180595
v -0.39329076 -0.27334565 0.21105833
v -0.41811198 0.16247259 0.22193623
v -0.57028437 -0.06488872 -0.26121581
v 0.40456790 0.03913329 0.21817116
v 0.66189736 -0.05728716 -0.08354287
v -0.09475388 -0.33966315 -0.41347927
v -0.60662729 -0.14742596 -0.37151617
v -0.33809960 0.11382072 0.02301439
v 0.47404075 -0.09027284 -0.21640259
v -0.61108249 0.05608778 -0.23165454
v -0.27796483 -0.29786468 0.17588726
v 0.03729735 0.11180829 -0.49531642
v 0.45131332 -0.19912483 0.21575277
v -0.35987270 -0.25029349 -0.26893800
v -0.75491959 0.02649316 -0.32425857
v 0.03232125 0.03874129 -0.46295413
v 0.09576890 -0.20313323 -0.45977879
v 0.12360735 0.21740165 0.33989355
v 0.15813439 0.11561167 -0.37873715
v 0.58526886 0.11359718 -0.03737949
v -0.21304971 -0.27656704 0.26907316
v 0.42394641 0.25614747 -0.08356294
v -0.69124466 0.03797591 -0.20787756
v -0.13827790 -0.30989248 0.27411145
v -0.40000659 -0.22677833 0.18113410
v -0.32267395 -0.10199039 -0.38600257
v -0.60940385 0.02144912 -0.22181726
v 0.29454973 -0.18467017 -0.30009916
v 0.56053925 0.01808525 0.21894814
v 0.71690917 0.20537207 0.19034359
v -0.07192312 -0.20860516 -0.54374850
v -0.51902634 -0.17717433 -0.20896432
v -0.28338128 -0.09274048 0.46570686
v 0.54429454 0.12622088 0.03048895
v 0.44552541 -0.09567491 0.22158875
v -0.31307912 -0.24358515 -0.35728121
v 0.00127415 -0.02999848 -0.52317518
v 0.70278513 -0.00962295 -0.12722521
v -0.61275166 0.12518048 0.08290336
v 0.10577523 0.08156155 0.35500073
v 0.64324689 -0.03197028 0.01550983
v -0.31291166 -0.26730138 -0.44209862
v 0.50650513 0.23195626 0.08714953
v 0.66986012 0.16161740 0.24109897
v 0.79571033 0.20121594 0.16583784
v 0.54555607 -0.05348419 0.23920557
v -0.10936385 -0.05959801 -0.61099815
v -0.07804669 -0.09575708 0.47949332
v 0.53354502 0.06644378 0.26019120
v -0.47348222 -0.21630597 -0.17607562
v 0.18431321 -0.20327288 0.32407793
v 0.60425836 -0.01226690 0.08877906
v 0.41388690 -0.11139855 0.07154977
v 0.75968671 0.18760155 0.02917818
v -0.59716707 0.00226875 -0.21307401
v 0.44589427 0.26827368 0.02482139
v -0.66028440 0.06913614 0.00057766
v -0.49086493 -0.18494762 -0.30120021
v 0.75800776 0.08772070 0.13251604
v -0.39809328 -0.25103500 0.14359829
v -0.57651007 -0.17468554 0.16554824
v -0.20311722 0.16243146 -0.14885193
v 0.74789047 0.17806622 0.20981534
v -0.02599068 -0.32530865 -0.27929389
v 0.82602835 0.12630513 0.03151091
v 0.74382681 0.21817680 0.11667177
v -0.06406175 0.02200080 -0.52777553
v 0.51912570 0.05228294 0.13942134
v 0.18780009 -0.06009810 0.38260943
v -0.10787752 0.16598554 0.33025816
v -0.46795091 0.10909777 -0.45846450
v 0.23403840 -0.03722644 0.33905905
v -0.56964403 -0.13953888 0.22507215
v -0.51494801 0.35401893 0.17563023
v -0.00205547 -0.34250721 0.28242928
v 0.82960838 0.09073524 -0.11113100
v -0.63025421 0.08825542 -0.34955060
v -0.27229097 -0.24016461 -0.00478272
v -0.62550354 0.04250577 0.21043292
v -0.67850047 0.09254706 0.10583913
v 0.74213696 0.21250626 0.11428070
v -0.55775309 -0.01059540 0.28782851
v 0.43970370 -0.10618601 0.19316867
v -0.16509993 0.25893798 0.26230627
v 0.58682722 0.14357641 0.04038781
v -0.37066483 -0.09092585 -0.22041224
v 0.68508732 0.15009417 0.10599178
v -0.07897310 -0.06474084 0.46094632
v -0.27072677 -0.32470188 0.14689705
v -0.37026155 0.26403528 0.19517782
v -0.68002880 0.08135269 -0.24230286
v -0.61201662 0.08212376 -0.31924570
v 0.42056605 0.07009658 -0.19660422
v -0.30307126 -0.25676811 -0.40712216
v -0.43651646 -0.19191612 -0.11400789
v -0.10164175 -0.25421470 -0.48832929
v -0.21934661 -0.13066883 -0.47023815
v -0.48713300 0.13394099 0.26970249
v -0.45916814 -0.23749438 0.10458286
v 0.51010257 -0.01065555 -0.02583382
v -0.05956872 0.09904604 0.39594764
v 0.60589772 0.05639671 0.15367672
v -0.07292561 -0.25398266 0.11712226
v -0.69948411 0.10668273 -0.22379166
v 0.61429840 -0.08439223 0.18915637
v -0.52918547 0.04881128 -0.17278998
v 0.58110392 -0.01330654 0.26743850
v 0.75179589 0.01349439 -0.06476791
v -0.11456891 -0.31523830 -0.30718195
v -0.22976463 -0.07812034 -0.49327657
v 0.62728024 0.07095324 0.13584663
v -0.34678692 -0.30077475 0.12984309
v -0.29757798 -0.29049036 0.14964122
v -0.33158046 -0.23447672 -0.29823548
v 0.42196625 -0.14242168 0.15536913
v 0.48104817 -0.20248449 0.18499571
v -0.04832503 0.18270549 0.31382218
v 0.19373630 0.10971451 0.39527702
v 0.47230610 -0.05707795 0.02144016
v -0.45763820 -0.10355745 -0.18890940
v 0.73024505 0.18988842 0.21068160
v 0.16300532 0.12901765 0.39226159
v -0.17465357 -0.28476202 0.30752772
v 0.71493256 0.18825528 0.21469712
v 0.49267256 -0.11556711 -0.00173458
v 0.69912493 -0.00450953 -0.11962648
v -0.39942750 -0.05852931 -0.49078947
v -0.48825282 -0.23083231 0.16258298
v 0.58052123 0.08523908 -0.03797438
v 0.63135457 -0.04834811 0.21922831
v 0.33348203 0.06262172 0.26238525
v 0.19313948 0.12390425 -0.36422598
v -0.52462685 -0.02541441 0.31208524
v -0.67001390 0.13125062 0.04145712
v 0.53735429 0.13040018 0.05887949
v -0.61193138 0.17520976 0.09173945
v -0.37286320 -0.05156783 -0.27569675
v 0.11574103 0.14347239 -0.27958530
v 0.73825288 0.09113802 0.23142909
v -0.40969947 -0.29368645 0.11329801
v 0.47038266 0.19411409 0.03693664
v 0.49897313 -0.21391179 0.20864064
v 0.08172686 -0.04247727 -0.51557946
v 0.47594491 -0.11637212 0.16642134
v -0.00396442 -0.24059966 -0.51673245
v -0.41203898 -0.26148155 0.05617896
v 0.80786037 0.15121569 0.12471820
v 0.44261500 -0.00983879 0.23903772
v 0.12853095 -0.02909520 0.39980170
v 0.40912139 -0.19061415 -0.11805274
v -0.06260271 -0.30766252 -0.44077101
v -0.67420852 0.05700533 -0.15802513
v 0.60519749 -0.06487501 0.10660970
v 0.22689009 0.19345886 0.31205907
v -0.66880715 0.07852276 0.05996243
v -0.46141651 -0.22865400 0.16358660
v 0.63734573 0.08401479 -0.03012182
v -0.10760924 -0.11637290 -0.58458585
v -0.15777384 -0.31949303 -0.28027862
v -0.74543643 0.05584337 -0.17666598
v 0.26072925 0.14779890 0.30631354
v -0.79007119 0.19453290 -0.14168143
v -0.35346502 -0.30376592 0.07995947
v 0.10250968 0.10265762 -0.44524816
v 0.59367156 0.13976362 0.21462585
v 0.68300426 0.01098871 -0.12040161
v -0.57022673 0.11780577 -0.00192228
v 0.46344185 -0.05184965 0.03868142
v 0.65838343 -0.04502200 0.24118432
v -0.01869813 0.11568475 -0.53833139
v 0.60738862 -0.04308239 -0.15969233
v 0.73746407 0.14918096 -0.01000627
v -0.60331899 0.06727083 0.21756624
v 0.62010694 0.20650807 0.02172965
v 0.62674165 -0.02489465 0.04836791
v -0.45082796 -0.13182572 -0.32975510
v 0.23279801 -0.04045068 -0.44564608
v -0.17642206 -0.28149170 -0.27887443
v -0.48551247 0.13730092 0.19708967
v -0.08780093 0.10732934 -0.53697312
v 0.11131753 0.07629962 0.40871066
v -0.37369630 0.30591619 0.18708226
v -0.39386517 0.21092373 0.22463195
v -0.47708854 -0.26073939 0.12842637
v -0.44755423 -0.06336178 -0.14528129
v 0.04333726 -0.02571844 -0.51418376
v 0.14068109 -0.27213717 0.25585437
v -0.07897323 0.25478438 0.45762169
v -0.02114533 -0.11055315 -0.52318192
v -0.47414738 -0.20068303 -0.22224592
v -0.03618779 0.18325663 0.25078154
v 0.59995621 0.08141568 0.22744933
v -0.68358517 0.01656812 0.10341720
v 0.48287606 0.00664964 -0.12386087
v 0.73391640 0.00985064 -0.07860744
v -0.42774546 -0.18896873 -0.33996275
v -0.52925557 -0.14675063 -0.24874671
v 0.42219988 -0.07332697 -0.20862944
v -0.77588409 0.16221347 -0.17711131
v 0.58208841 0.04828361 -0.17551289
v -0.57332504 0.07844387 -0.43730295
v -0.26327986 -0.29682815 0.21641785
v -0.55588460 0.14803205 0.03119776
v 0.04946563 -0.29884717 0.32229134
v -0.09090236 -0.20010762 -0.57099605
v -0.44145155 0.05333993 -0.14015973
v -0.27741644 -0.27813345 -0.31730318
v -0.00259753 -0.24328488 0.41920161
v 0.62489575 0.09267636 0.22780329
v 0.73291981 0.15893248 0.02832152
v -0.58674902 0.05921797 -0.26132429
v 0.77607012 0.13953727 -0.01621388
v 0.49709606 -0.18791185 0.16690373
v 0.39704970 0.00285695 -0.31425664
v 0.39163616 -0.04143085 0.14017791
v -0.29958826 0.31254196 0.18511073
v 0.78665888 0.07392192 0.01803525
v -0.59871572 0.05980365 -0.04979914
v 0.70083928 -0.01145410 -0.13220815
v -0.31111026 -0.30580005 0.16094849
v -0.34269616 0.37450007 0.19685984
v -0.63677907 0.01295707 -0.42031723
v -0.22783786 -0.32684857 0.14886770
v 0.33682948 0.02648974 -0.23941967
v -0.11672854 -0.25235024 -0.55815274
v -0.77815658 -0.00725576 -0.17207591
v -0.06217433 0.24423650 0.25030109
v 0.72322404 -0.00063293 0.24655890
v 0.47840858 0.13181475 0.25159287
v -0.51112944 0.05091642 0.08901528
v -0.64391631 -0.01452335 0.00082823
v -0.47369602 0.07653143 -0.33667007
v -0.09782536 0.25311524 0.32582137
v 0.58119267 -0.08429136 0.20845291
v 0.42737287 -0.06831901 -0.10168469
v 0.29587635 -0.08089419 0.27559450
v 0.41069865 -0.15258655 0.14493744
v -0.37242708 -0.27008784 -0.19018458
v -0.05328287 -0.33686253 0.12654483
v -0.40465188 -0.21486476 -0.39715695
v 0.42249659 -0.14898957 0.13265385
v 0.40063548 -0.12870830 0.11558491
v 0.06388750 -0.30994818 -0.24094549
v 0.68914300 0.01803694 -0.10392864
v 0.61039197 -0.09698295 -0.12437481
v -0.23566991 -0.21273199 -0.05941668
v -0.27192307 -0.09269369 -0.37795043
v -0.46954486 -0.15145254 -0.23384188
v 0.56406683 0.04649185 0.21411750
v 0.80947399 0.09614417 -0.14518139
v -0.66779929 0.14368659 -0.16433531
v -0.51525986 0.10670865 -0.45327723
v 0.40957034 -0.09744450 0.24564411
v 0.16011408 -0.03709918 0.35651594
v 0.60218406 -0.11372844 -0.05517547
v 0.46835828 0.05806922 0.18736425
v 0.79328442 0.21522652 0.13494778
v -0.63343447 0.03547578 0.18562171
v 0.58933616 -0.08001861 0.20760964
v 0.66751212 -0.02236219 -0.01637518
v 0.48979670 -0.19718152 0.18386282
v -0.11108978 -0.26799351 -0.48617649
v 0.80335891 0.07986831 -0.12374438
v -0.21259439 -0.00268742 -0.51995057
v 0.81048089 0.18196075 0.08880121
v 0.64168012 0.15395357 0.14119467
v -0.15554835 0.33787006 0.41360682
v 0.65809906 0.00732039 0.18040669
v -0.00597618 -0.29365516 0.29385626
v -0.48157558 -0.23644778 0.04220957
v -0.33115280 -0.28154260 -0.32507798
v 0.58451390 -0.09398821 -0.00700025
v 0.50931537 0.21423705 -0.01185369
v -0.59410167 0.12783596 -0.16380329
v -0.47934872 0.04757605 0.35729665
v 0.78384227 0.03965402 -0.08043605
v 0.38906962 -0.13459262 0.15160421
v 0.53693181 -0.12363134 -0.16690370
v 0.61736643 0.18189962 0.03887270
v -0.05334561 -0.33236241 -0.37350452
v -0.45701659 -0.06770471 -0.55925351
v -0.58526671 -0.15175733 -0.33971906
v -0.33838740 -0.25326875 -0.27998155
v 0.16040643 -0.20175463 -0.40124795
v 0.54619199 -0.15866792 0.18937042
v -0.56536245 -0.06699353 -0.26599586
v -0.35297737 0.33600637 0.17960098
v 0.45561564 -0.05219985 0.24240232
v -0.01028182 -0.30328137 0.05434614
v -0.46672446 -0.16559091 -0.17840649
v -0.07648986 -0.26850730 -0.04133321
v 0.23884504 0.15824714 -0.33445138
v 0.52962089 0.09600047 0.22851291
v -0.46288186 -0.15365589 -0.22746365
v 0.75891060 0.05203620 0.21169880
v -0.03387786 0.07546194 -0.55117798
v -0.37263674 0.16288254 0.42711070
v 0.74215674 0.14250050 0.00214378
v -0.28810638 -0.21594587 0.39770740
v -0.16138922 -0.29632026 0.29631847
v 0.18162756 -0.19056976 0.35083547
v 0.23136684 0.19320390 0.23096789
v -0.33031613 -0.26356259 -0.03306779
v 0.50968868 -0.10877266 -0.19761962
v 0.36885938 0.21813279 0.18598375
v -0.37839288 -0.22392735 -0.40510082
v -0.20219743 -0.29983538 0.25825676
v 0.42709208 0.03755090 0.19221872
v 0.05695909 0.20566490 0.13529828
v 0.02629763 0.24173138 0.38160807
v -0.34574956 -0.25771725 -0.43373790
v 0.55351686 0.06046051 0.23507404
v -0.42824918 0.00995588 -0.53803384
v 0.06390128 -0.30554664 -0.44278774
v 0.43003714 0.11273421 0.21395296
v 0.00058496 -0.31372979 0.34852785
v -0.47143567 0.02621759 -0.37261516
v -0.52630973 0.11486097 -0.00173060
v 0.46584779 -0.07552408 0.04650251
v -0.73670053 0.13480322 -0.16647907
v 0.59099066 0.03689516 0.25025281
v 0.46847484 -0.02849873 -0.08457385
v 0.56753415 -0.00642245 -0.21744704
v 0.62070930 -0.06098352 -0.11392504
v 0.73132122 0.16859783 0.03193957
v -0.05667846 -0.06847644 -0.57116789
v -0.23579186 -0.24260667 -0.03637354
v -0.52292436 -0.13879111 -0.24184291
v 0.59735131 0.05140116 -0.06111294
v 0.51153809 -0.07710148 0.24281582
v -0.59065437 0.00304515 -0.06709073
v -0.51967251 -0.19296330 0.18862499
v -0.50274253 -0.15641767 -0.35152721
v 0.57173568 -0.10689123 0.16015345
v -0.07622759 -0.21866208 -0.47628534
v 0.48369056 0.24642052 -0.04602673
v -0.17850056 -0.26790568 0.08991766
v 0.13833216 -0.17431727 -0.42623779
v -0.03683659 -0.07637937 -0.54973054
v 0.80366093 0.13830757 0.14047554
v -0.42542735 0.23264539 0.26940092
v -0.34485209 -0.26149842 -0.14507779
v 0.02225693 -0.05252101 0.48292586
v -0.41992584 -0.20539984 0.17632660
v -0.09871535 0.05059463 -0.60057122
v 0.11909173 0.23503749 0.36402711
v -0.59706652 0.11013538 0.00664781
v -0.37467670 -0.11412973 0.26326162
v -0.51655388 -0.20511517 0.25821954
v 0.40246966 0.10210852 0.24165660
v 0.75715101 0.06103405 0.03117812
v 0.01149616 -0.00568348 -0.55858684
v -0.21743786 -0.20852387 0.34765750
v -0.66308844 -0.00899430 0.00018179
v -0.61048347 -0.12368274 -0.19559449
v 0.78031731 0.04838522 -0.01479375
v 0.75830054 0.04354218 0.00170714
v 0.43383175 0.20141086 -0.13149036
v -0.17414944 -0.23397362 -0.51301384
v -0.29147017 -0.23875514 0.09449852
v 0.66737014 -0.02414764 0.17297941
v -0.21986121 -0.09538600 -0.43079740
v 0.00727589 -0.21467298 -0.49873659
v 0.22364050 -0.24966967 -0.32647759
v 0.77609605 0.05664115 -0.05146426
v -0.35181162 -0.30494106 0.18798722
v -0.37559271 -0.22726871 -0.38026932
v 0.53696448 -0.02079846 -0.24707910
v -0.07342979 -0.29094717 0.27706143
v 0.58157033 0.10762107 0.14412290
v 0.50469518 0.06280461 0.15102899
v 0.47741914 -0.12413643 0.03142032
v -0.55516875 -0.15388340 -0.17054498
v 0.71762252 0.06879839 -0.02532681
v -0.29323602 0.01692624 -0.51125246
v 0.67331785 0.06542030 0.15880111
v 0.73077899 0.18892819 0.06447624
v 0.78677589 0.09959716 0.15135796
v -0.73569506 0.05454601 -0.21621341
v 0.37352115 0.18268964 0.21549779
v -0.68059993 0.07148697 0.11519627
v -0.57803959 -0.11737905 -0.01255684
v 0.40779841 0.22156599 0.22333398
v -0.55240947 -0.19729692 0.20775776
v -0.61276120 -0.04635211 0.20549026
v 0.33165479 -0.20860368 -0.12280048
v 0.17010601 0.11435228 0.29507953
v 0.44083279 -0.08878627 0.07083556
v 0.67281473 -0.04730820 0.19710945
v -0.32032758 -0.11934736 -0.05665965
v 0.67503995 0.01945013 0.19084734
v -0.63191408 0.11798289 0.03640103
v -0.43997210 -0.16772017 0.08112463
v -0.04538401 -0.06891599 -0.48626596
v -0.14170505 -0.04858720 -0.59267873
v -0.63054967 -0.05891024 -0.41291851
v -0.54477042 -0.12647769 -0.03612946
v 0.41448215 0.11936263 0.23759130
v -0.61260682 -0.02061150 -0.25719440
v 0.80023730 0.04840063 -0.12082765
v -0.37218902 0.03691766 0.16728429
v 0.18938690 -0.12771393 -0.39679834
v 0.69313782 -0.01205333 -0.13010527
v 0.44671354 0.32911262 0.01571103
v 0.48931587 0.04044956 0.04017038
v -0.01989323 -0.19709764 -0.53667837
v 0.69467545 0.17045021 0.05643684
v 0.56010973 -0.10663323 0.03396124
v 0.48067826 -0.05652469 -0.08122784
v -0.22716010 -0.22924611 0.23151860
v -0.60199326 -0.03123802 -0.16571136
v 0.13977027 -0.03125508 0.42354330
v 0.61084521 0.05878467 -0.08198473
v -0.27149031 -0.28790760 -0.21329109
v -0.09786482 -0.30345407 -0.42664117
v -0.46691287 -0.20865613 -0.23395732
v -0.39981121 -0.21589226 -0.28169727
v 0.50443816 -0.18568808 0.20363224
v 0.59238827 0.05759224 -0.03008728
v 0.64436734 0.04229792 0.25470334
v -0.43970993 -0.12556326 -0.32377273
v 0.60720605 0.17014793 0.07109457
v 0.46142280 0.14079961 0.19907357
v 0.21112199 0.19902954 0.26595438
v -0.17531373 0.17285532 0.45319521
v -0.12518242 0.03982507 -0.58250368
v 0.54619813 0.00672259 -0.22179016
v -0.04223391 0.07359574 -0.54973251
v -0.53511047 -0.16059905 -0.31348634
v 0.16641229 -0.26913768 -0.39417946
v 0.80106318 0.21717303 0.10470028
v -0.48639941 -0.22795543 0.11370251
v 0.55332959 0.01039240 0.21518788
v 0.19235513 0.19673967 0.08713868
v 0.61857408 0.12908745 0.13634303
v -0.47440481 -0.14878437 0.33435428
v -0.66170853 0.07929396 -0.23679721
v -0.34164858 -0.26336604 0.03553198
v -0.34089112 0.41039926 0.20774032
v -0.67919767 0.03364100 0.13345121
v 0.81947047 0.07501371 -0.12843846
v -0.39358452 -0.19529821 0.02524018
v 0.53732079 -0.13790181 -0.12203725
v 0.47736293 0.17410064 0.09940846
v 0.65652448 0.03216932 0.03837687
v 0.49762666 0.13605115 0.19313543
v 0.50134522 0.28867045 0.00872592
v 0.72812861 0.13950771 0.25361463
v -0.35003310 -0.31027871 0.07883123
v 0.69345593 0.16606313 0.07862833
v 0.76796865 0.09520029 0.11611374
v 0.57649785 -0.14778565 0.20085289
v 0.47785449 0.02872256 -0.25367811
v -0.39876947 -0.04406320 0.41211665
v -0.69411063 0.18485349 -0.17685761
v 0.16794613 0.05446579 0.40527880
v 0.01122566 0.04488524 -0.51311648
v -0.06007933 -0.30027932 -0.39387497
v 0.40725034 -0.11675068 -0.20941418
v -0.25182471 0.00974909 -0.21425413
v -0.57579231 0.03706394 -0.41846600
v 0.71853113 0.08036776 0.15064836
v 0.59747940 0.04282942 0.06631027
v -0.23264518 0.29749003 0.24522005
v -0.42120072 -0.20855197 -0.40236342
v 0.68914402 0.00143492 -0.02428826
v 0.46047032 -0.03345970 -0.20221603
v 0.51919115 0.08582491 0.09259659
v -0.36589354 0.30207950 0.18144497
v 0.79730344 0.12654415 -0.01291487
v -0.62278986 0.14050096 0.03157437
v 0.47040588 0.01700544 0.08589484
v -0.67123783 -0.00991040 0.08908451
v 0.28928354 -0.25658309 0.14693041
v -0.18254675 -0.31441066 0.12418251
v 0.46379507 0.04702485 0.19361807
v -0.09601042 -0.31580254 0.20221759
v -0.32387832 0.05779984 -0.50699264
v 0.33219051 0.09567145 -0.29354742
v 0.61856246 0.18229616 0.15861580
v -0.08366376 0.19161211 0.16275421
v 0.64466929 0.09054644 0.22646838
v 0.45910925 -0.05725871 0.25251666
v -0.33191857 0.05030017 -0.55706990
v 0.81084079 0.12959695 0.06938228
v -0.10269095 0.01461074 -0.53033459
v 0.42607218 -0.18752831 0.17435965
v -0.11047967 0.26803258 0.46984628
v 0.24011803 -0.30524570 -0.09511703
v 0.53876442 0.19662938 0.24879859
v 0.59948575 0.04088425 0.20909500
v 0.71772522 -0.00671758 -0.08958645
v 0.51945859 -0.19964261 0.25660822
v 0.51954341 0.03611984 0.08396417
v 0.60501331 0.06106790 0.12730482
v 0.75233048 0.09364810 0.11401902
v 0.63717651 0.13468376 0.13387512
v -0.04204684 0.03474563 -0.51966107
v 0.02824989 -0.31064904 -0.40118474
v 0.03928055 0.28551728 0.35296851
v -0.35855639 -0.04976063 -0.30668387
v -0.25877357 -0.17957312 -0.31990397
v 0.52571088 0.19904318 0.05971143
v -0.50879252 0.18200779 0.23394124
v 0.69097501 0.03743619 -0.03009898
v -0.38890886 -0.18092853 -0.25187457
v -0.13927355 0.02699994 -0.56454808
v -0.55943900 -0.10350952 0.27940381
v -0.23339227 -0.12529759 0.07953022
v 0.52076370 -0.13663569 -0.13349208
v -0.30534524 0.13263270 0.00065621
v -0.64329851 0.06826367 -0.15964022
v 0.73416334 0.14047705 0.25330672
v -0.29282394 -0.32116181 0.13533562
v 0.74014133 0.06429989 0.02686848
v -0.57954592 -0.12635492 0.20699038
v -0.46666074 0.03262229 -0.32514805
v -0.27231184 -0.28389424 -0.29902297
v -0.01195125 -0.16107447 0.43140820
v -0.67078346 0.10514852 0.14008303
v 0.52460188 -0.11855742 0.15768082
v -0.71990710 0.17157206 -0.13017699
v -0.32104778 0.13517964 0.46280503
v 0.53799069 0.20804304 -0.03975317
v -0.21235611 0.00107329 -0.56117368
v -0.30093753 -0.28259516 -0.36502501
v -0.30964124 -0.10538562 0.44324043
v 0.43517303 0.07895197 0.18569867
v -0.35586247 -0.07711101 -0.48699147
v 0.76249522 0.06259352 0.04008349
v 0.59827608 -0.04517246 0.11278529
v 0.79043877 0.07452388 0.00877985
v 0.70413339 0.10609686 0.05696487
v -0.03355338 -0.18235341 -0.45636967
v 0.02173999 -0.29621294 0.31310526
v 0.68083882 0.13593239 0.11188546
v -0.41072819 -0.25829071 0.04059473
v 0.55914801 0.16933453 0.16467741
v 0.43929887 -0.09231987 -0.21962905
v -0.10444668 0.01232559 -0.40523231
v 0.02225529 0.23849173 0.41855931
v 0.38993996 -0.12397796 0.19288981
v 0.54413813 0.09845184 0.00856022
v 0.32031170 -0.06329247 0.23007612
v 0.58117145 0.13614331 0.03293091
v -0.67220920 0.11996643 -0.22266766
v 0.39521071 -0.12992449 0.13306855
v -0.67838174 0.12395626 -0.19892937
v 0.50126261 0.01502676 0.02541570
v -0.03529856 0.08643717 -0.53394711
v 0.14613977 -0.20680264 0.40742937
v 0.63632715 -0.05253652 0.22541192
v -0.06376179 0.12712376 -0.52884817
v -0.56206518 -0.03629851 -0.48779172
v -0.34366605 -0.20555159 0.18905133
v 0.15561573 -0.27338403 0.21261449
v -0.35874355 -0.11536348 -0.42930242
v 0.08430655 -0.02623509 -0.52361780
v -0.51673633 -0.14653265 -0.18864207
v 0.76687324 0.07655284 -0.17518534
v -0.63513029 0.03176886 -0.39324209
v -0.44135165 -0.18777570 -0.33599100
v 0.45656115 -0.15744138 -0.11457261
v -0.59659934 -0.11178343 -0.45747510
v 0.46156758 -0.11956057 0.20338775
v 0.67449033 0.05874562 0.24395324
v -0.59227580 -0.14196515 -0.34955722
v -0.51353228 -0.11039759 -0.21310428
v 0.67119133 -0.03395519 -0.09842402
v -0.45002490 -0.21393478 -0.32883275
v 0.57221919 0.16814148 0.23180413
v 0.46994954 -0.03087755 0.04520638
v 0.55696440 0.06792127 0.01869631
v 0.49459758 -0.22362599 0.22901154
v 0.32725233 0.03516634 0.32372975
v 0.27227813 -0.06305235 0.30377793
v -0.54839635 0.13363183 0.04325094
v 0.75761551 0.12591334 0.20219569
v 0.70312703 -0.01146688 -0.09031519
v 0.41632932 0.06294107 0.19833031
v 0.63193423 0.13743106 0.13517250
v -0.62354457 -0.03963821 -0.02056059
v 0.53218764 -0.12276231 -0.03905502
v -0.51821303 -0.02966858 -0.50697857
v 0.58865815 -0.08457062 0.07870281
v -0.20468064 -0.29325849 -0.20000866
v 0.41028357 -0.20691893 0.16733521
v -0.44898778 0.19459645 0.08283789
v 0.12119365 0.08823197 -0.42889577
v 0.12456139 0.01608840 0.40593195
v -0.51898688 0.07825775 -0.02887315
v -0.66609937 -0.06664865 0.10593446
v 0.56101495 0.07479758 0.23184747
v -0.51250321 -0.16652721 0.22320963
v -0.53439838 -0.18645322 0.02201863
v 0.07961774 0.07972205 -0.44990987
v -0.02863719 0.10718259 -0.52262884
v -0.34214360 -0.16501582 -0.17112553
v 0.43400297 -0.11484783 -0.25369030
v -0.01876742 0.15774141 0.35879242
v -0.09501684 -0.31658438 -0.40849432
v 0.65629494 -0.00004616 0.02576429
v 0.47528213 -0.06581967 0.04847546
v 0.63508236 -0.01784425 -0.15920210
v 0.79029638 0.09488565 0.07607149
v -0.39976865 -0.23750827 -0.08234440
v 0.52757508 0.03793688 0.06224135
v -0.03949280 -0.29937643 -0.10169849
v 0.54320765 -0.02015255 0.25632152
v -0.50187016 -0.13520864 -0.35836723
v 0.48321110 -0.17789781 0.22418189
v 0.69473159 0.04101477 -0.13750237
v 0.76418948 0.06452564 0.03712981
v 0.31227303 -0.00185627 0.35813823
v -0.07178008 -0.13868700 -0.50977784
v -0.36660993 -0.15806761 0.07629013
v -0.47083333 0.00396446 -0.42510951
v 0.54344964 0.07080148 0.08623347
v 0.12098483 -0.06481501 -0.50373787
v -0.11360475 0.04096378 -0.54759079
v 0.76295441 0.02083994 -0.07941240
v 0.39237785 -0.12604141 0.19855106
v -0.06620873 -0.22025797 -0.37590218
v 0.45881253 0.02050975 0.12980127
v 0.53350228 -0.13147140 -0.05272508
v -0.59538639 0.02309027 -0.23588693
v 0.76268983 0.06627315 -0.06022359
v -0.00524221 0.03953919 -0.53582454
v -0.59325427 -0.05696825 -0.05179389
v 0.45911989 -0.13598961 0.11519478
v -0.55970526 -0.18098047 0.10937089
v 0.71049905 0.14449972 0.05213089
v 0.53717208 -0.13300210 -0.08266364
v -0.67836040 0.00022542 0.05642481
v -0.42437828 0.01548983 -0.40975288
v -0.19747365 0.28132126 0.44901776
v 0.60981655 0.02381624 0.11281426
v 0.20528087 0.15685672 -0.36813369
v -0.46373701 -0.14160855 -0.16021042
v -0.68865341 0.04848610 -0.15965512
v 0.70495403 0.10339500 0.08855730
v -0.15497857 0.15573880 0.24785534
v 0.30297929 -0.12742855 0.22697605
v -0.61281800 0.12283369 0.18710449
v 0.19481406 -0.07295324 0.37807286
v 0.48273391 0.04811652 0.06144467
v 0.59575826 0.17651701 0.00568581
v 0.19698657 0.09810303 0.26342762
v -0.69228774 0.17159787 -0.21458295
v 0.67868054 0.18436152 0.20905879
v 0.07909355 -0.29856563 0.17575577
v -0.57525897 -0.12451969 -0.26495171
v 0.64906454 -0.00211403 0.04379790
v 0.79581022 0.13310662 0.00016947
v -0.29720932 0.15848489 0.22662826
v 0.47190893 0.05865372 -0.16974750
v 0.45430052 -0.15123893 -0.19360432
v -0.25198597 -0.31334025 0.21106124
v 0.44909865 0.02763099 0.10337798
v 0.64318675 0.18759951 0.18152390
v 0.62969387 -0.03668106 0.13201834
v 0.42246550 0.03238130 0.20643392
v -0.36321944 -0.21111354 0.20482475
v -0.50837100 -0.22875997 0.21967004
v -0.16103341 -0.15657558 0.44911569
v 0.54394275 -0.11722470 0.08922254
v -0.62330252 0.11012316 0.15882677
v -0.64494091 0.14355528 -0.16532621
v 0.38998181 0.08785972 -0.23605709
v -0.01475672 0.05739735 -0.51154339
v -0.03169626 0.14225803 -0.34031892
v -0.03719459 0.28999218 0.39985520
v 0.49698210 -0.07369594 -0.20795435
v 0.15864983 0.10646578 0.33448452
v 0.76230258 0.08988471 0.11865260
v 0.37784842 -0.09184129 0.20853153
v 0.04534970 -0.31295490 0.29851580
v 0.52419537 0.04740667 -0.12899294
v 0.20447227 0.01683289 0.34629598
v -0.51610237 0.01432057 0.00113697
v -0.43315637 0.01889380 -0.14471512
v -0.21281694 -0.29303563 -0.36875167
v 0.71459466 0.08020280 0.14735638
v 0.71902263 0.18489334 0.21811713
v -0.17310134 -0.16958168 -0.40994960
v -0.41621938 -0.29994074 0.11360663
v 0.10166997 -0.28117093 0.27965394
v 0.54904360 -0.06974401 0.22248921
v -0.15679651 0.01640909 -0.50336653
v 0.48162585 -0.14320335 0.17750366
v -0.21423234 -0.28820184 -0.40585035
v -0.03383352 -0.32517847 -0.37196341
v -0.29186618 -0.12488402 0.29590565
v 0.61980468 -0.09292463 -0.08084439
v -0.05930141 -0.03620079 -0.45877454
v 0.79033452 0.11095569 0.14641817
v 0.22953229 -0.27061263 0.18208808
v -0.49852917 0.07501952 -0.44914410
v 0.74634606 0.00462587 -0.10550314
v 0.46781757 0.29997104 0.06896476
v 0.58901471 0.15384498 0.07004346
v 0.82129115 0.07174592 -0.09513207
v -0.46669030 -0.21761109 0.10319787
v 0.18823805 0.15070595 -0.36654004
v 0.46038568 -0.08138141 -0.03402798
v 0.44678608 0.00985929 -0.25889912
v -0.56366158 0.07789885 -0.07540525
v 0.79518020 0.05162916 -0.06645663
v -0.40956494 0.21757226 0.33793432
v 0.54563701 0.01621459 -0.08189636
v -0.57709914 -0.10590704 -0.15665728
v 0.76253593 0.18923885 0.04175579
v 0.02377762 -0.26093197 -0.47375426
v -0.67683685 0.04533944 -0.34025186
v -0.62018245 -0.11071809 -0.38524801
v 0.80728382 0.13151485 0.10548709
v -0.55723059 0.08102687 -0.06132153
v 0.51057297 -0.17369285 0.16461967
v -0.20607978 -0.22142121 -0.21676345
v -0.38483384 -0.25332034 0.08850394
v -0.11123217 -0.33819488 0.16846123
v -0.26578629 -0.28189483 -0.15926957
v 0.01643360 0.05664682 -0.50206012
v -0.59429866 -0.09027627 -0.39397737
v 0.04913465 -0.03973166 -0.47621650
v 0.44136035 -0.10997975 0.00484735
v 0.00037672 -0.35211369 0.24226123
v 0.56849778 0.13431872 0.02445887
v 0.61338037 -0.08631708 0.19693732
v -0.69935560 0.09315838 0.02520217
v 0.60962659 0.04066257 0.00424098
v 0.78844315 0.18959442 0.04402997
v -0.07475682 -0.29540679 -0.12830110
v -0.23248303 -0.02574357 -0.25843269
v -0.23158588 -0.10648907 -0.57280201
v -0.18067735 -0.28701833 -0.19566992
v -0.62690169 -0.09668456 0.07336690
v 0.40649879 0.09716016 -0.26361144
v 0.71892512 0.07585680 0.14559239
v -0.32641476 -0.18931337 -0.42330524
v -0.59042013 -0.11806250 -0.25734946
v -0.01383427 0.20588586 0.13897273
v 0.50255835 0.16813162 0.16633737
v -0.18690549 -0.27302140 0.26164120
v 0.03131524 0.21191005 0.18135116
v -0.29364181 -0.28892922 -0.31165594
v 0.37885094 -0.14708582 -0.16028365
v 0.43180686 -0.10299452 0.06629692
v 0.49490142 -0.02431513 -0.00387534
v -0.67890680 -0.00652108 0.11981097
v 0.35435539 -0.10418475 -0.23629755
v -0.22953989 -0.25288939 -0.48450822
v -0.07655290 0.32623410 0.30751675
v 0.73377049 0.05823411 -0.10837975
v 0.55561757 -0.12729576 -0.05719336
v 0.33605739 0.04947831 -0.32923198
v 0.34627289 -0.21966730 0.01536575
v 0.60846490 0.10455339 0.24263069
v 0.31476745 0.15735126 -0.16686743
v 0.23498642 0.20861435 0.26995885
v -0.00944127 0.07405660 -0.50918555
v -0.44227394 0.06704204 0.09795571
v -0.31345516 -0.28287843 -0.33463907
v 0.48010635 -0.12288263 0.02114855
v -0.04619210 -0.06207861 -0.49947172
v -0.25991508 -0.03706348 -0.42158419
v -0.51031893 -0.12646452 -0.10315549
v 0.74524218 0.05840122 -0.17400038
v 0.70931488 0.04029911 0.24446623
v -0.45029381 -0.22325648 -0.17906886
v 0.41951621 -0.01860936 0.12097648
v -0.16373132 -0.06229500 -0.33519226
v -0.44114822 -0.16558853 -0.23101316
v 0.58564663 -0.07813842 0.07501294
v -0.17585680 -0.24677446 0.16500334
v 0.78829300 0.21507224 0.16655983
v 0.25163227 -0.21804053 -0.34473616
v 0.45124891 0.03866629 0.01581817
v 0.75305945 0.07217351 -0.12437245
v -0.20086162 -0.07441837 -0.59009230
v 0.58960378 -0.04488789 0.09400137
v 0.58686262 -0.10182618 -0.01787283
v -0.35792524 -0.06353476 -0.47436959
v -0.49402636 -0.12334736 -0.30181104
v 0.80433989 0.12549046 0.11645761
v 0.74772704 0.07203504 0.05033492
v -0.48933902 -0.24155071 0.20958444
v 0.74854642 0.01445749 -0.05113975
v -0.12491009 -0.11437461 -0.56869346
v 0.08413805 -0.17421234 -0.46472263
v 0.63984269 -0.03750507 0.14611238
v -0.15101501 -0.21459539 -0.35141045
v -0.38834733 -0.07311473 -0.05657256
v 0.76061445 0.09469736 0.22574097
v 0.41017389 -0.14304954 0.04764087
v -0.12732649 -0.30901608 -0.37432429
v -0.18861437 0.19156538 0.01781383
v -0.31937885 0.07297986 -0.13998717
v -0.57344800 0.00319865 0.24428806
v -0.43391642 -0.16933759 -0.22356622
v 0.45300704 -0.05242577 0.24430716
v 0.04071736 0.15161105 -0.36342132
v 0.40380049 0.10145912 -0.21174616
v -0.49076688 -0.28298005 0.14999872
v 0.53030562 0.19745940 0.08194722
v 0.62582707 0.10262948 0.22985265
v -0.55012196 -0.11981314 -0.18194416
v 0.24339750 0.17314169 -0.31704417
v -0.66050231 -0.08039089 -0.16541877
v 0.34843707 -0.09409395 0.24377337
v -0.45723090 0.24541458 0.22122687
v -0.00626640 -0.31155080 0.26940721
v 0.16828564 0.06085704 0.32231167
v -0.13120928 -0.23190477 -0.42843065
v 0.67923796 0.05303434 -0.10178496
v -0.31232113 -0.21624315 -0.22704957
v 0.67023319 0.05627996 -0.04895382
v 0.51975256 0.23055744 0.04051419
v -0.46981278 -0.22819290 0.09631142
v 0.28253350 0.15073794 0.25893572
v 0.58120334 0.05275792 -0.06263547
v -0.36849225 -0.16839230 -0.29550993
v -0.61634570 -0.03027833 -0.45457989
v -0.14822392 -0.04367661 -0.50368840
v -0.57589567 -0.09931664 0.22048956
v 0.67886567 0.05212438 0.16674882
v 0.26716226 -0.28172511 -0.03738001
v -0.43047071 -0.22054046 -0.14290588
v 0.38284862 0.12043412 0.19765685
v 0.57440019 0.20589089 -0.01538923
v 0.46230900 -0.00450300 0.08534145
v -0.59222716 0.01123206 -0.16739342
v -0.05882113 -0.29293394 -0.43684092
v -0.60223585 0.11040410 -0.18286416
v 0.81912279 0.08716162 -0.15551353
v 0.15473253 -0.03614752 -0.44734925
v -0.35674986 -0.12591502 0.28837740
v -0.31630322 -0.22484139 -0.33143777
v 0.34684506 -0.09831554 -0.27520278
v -0.43463832 0.20783156 0.21955109
v 0.03951923 0.11065698 -0.49536020
v 0.44260710 -0.10467923 0.21420065
v -0.29678726 -0.31064275 0.18427031
v -0.14822969 -0.08959360 -0.50879723
v -0.03605023 0.24883175 0.42403367
v -0.62108392 -0.07568932 0.04878148
v -0.34815502 -0.26963484 -0.36422607
v 0.02930421 -0.24832858 0.39545012
v 0.58368510 0.14190069 0.00979923
v -0.64564890 0.12111127 0.14834549
v 0.70488715 0.04170667 -0.18250598
v 0.52570969 0.04755741 0.04797379
v 0.64676976 -0.06687733 -0.08740462
v -0.31643915 0.23373929 0.28433484
v 0.54429913 0.15343639 0.17823988
v -0.33614069 -0.22002700 0.09929502
v -0.49325126 0.00383897 -0.24834602
v -0.36785012 -0.26552561 -0.36158210
v 0.31700572 0.07904308 -0.24110015
v 0.37076312 -0.11320438 -0.24648650
v 0.57231832 0.15574177 0.00598620
v -0.21758285 -0.32433200 0.21435007
v 0.31241804 0.15019903 -0.29626161
v -0.16609854 -0.05587149 -0.59145755
v -0.65050370 0.12977234 0.09315924
v 0.13887735 0.20166065 0.15906703
v -0.41345039 -0.16966058 -0.26657286
v -0.21977647 -0.31204224 -0.44270822
v -0.50243998 0.23675525 0.06525101
v -0.04965118 -0.34312177 -0.29515204
v 0.16362517 -0.20140170 -0.39948374
v 0.73594391 0.22509322 0.17140470
v -0.40163320 -0.05788334 0.41331667
v -0.69210023 0.09741120 -0.23969667
v 0.69207418 0.03719345 -0.00916335
v -0.70784634 0.06866162 -0.22129521
v -0.07707140 0.00762177 -0.57157147
v -0.67547572 0.15079458 -0.15203109
v 0.51346833 0.18380442 0.19385630
v 0.53162283 0.07748324 0.26309356
v 0.12755334 -0.20417482 0.37915474
v 0.78510642 0.10081080 0.15521593
v 0.09247042 0.24404854 0.38912895
v 0.03031164 -0.32838628 -0.07171667
v 0.45074117 0.15159783 0.23324743
v 0.43659252 -0.10093638 0.21541488
v 0.07847910 -0.16367814 0.43834096
v 0.51229608 0.23736376 0.15049143
v 0.57329392 0.24919729 0.02972351
v -0.02383454 -0.27196869 -0.49795964
v -0.55843675 0.07056388 -0.07881519
v 0.62175542 0.17864624 0.10875262
v 0.43735281 0.24160430 -0.03433659
v -0.12087497 -0.11039414 -0.57225680
v -0.03449956 0.23727727 0.42963952
v 0.53768045 0.01959084 -0.05928841
v 0.66926962 0.00115508 0.23854667
v 0.50018978 -0.04312102 0.25691786
v 0.78187591 0.17668059 0.01711586
v 0.70941246 0.10303514 0.12743975
v -0.04461594 -0.07494113 -0.47756374
v -0.71601647 0.17044407 -0.19562793
v -0.03430391 0.00063344 -0.49779254
v -0.23070687 -0.08800845 -0.46164635
v -0.65307438 0.05075869 -0.45054615
v 0.70941317 0.13583142 0.05785687
v -0.15585560 0.16910863 -0.20228453
v -0.11668673 -0.27121246 0.09059289
v -0.02811220 -0.27694911 0.32239535
v -0.59194893 -0.15959689 0.05340406
v 0.39178669 -0.11973409 0.08641133
v -0.50904387 -0.20202380 0.04899925
v -0.60208488 0.13253534 -0.34133759
v -0.14814109 -0.27699786 -0.41621882
v 0.56452036 0.17403017 0.15282561
v -0.41663876 -0.27910954 0.16693611
v 0.62036347 -0.07352513 0.20995507
v -0.58525002 0.09578936 -0.01289638
v 0.58494997 0.00044668 -0.19734429
v 0.20835541 -0.08868168 0.36344084
v 0.48511082 -0.16216084 0.20814452
v 0.60943556 0.00514315 0.14837411
v -0.67608786 0.13338111 -0.16791756
v -0.70840025 0.19733471 -0.16139014
v -0.59905046 -0.09825739 -0.17824350
v -0.50260687 -0.13533950 -0.11852704
v 0.67200148 -0.02954261 0.18149489
v 0.44705254 -0.00843975 0.03935817
v 0.61765856 -0.10287073 -0.10972621
v -0.70113724 -0.07067154 -0.20014963
v 0.19691758 -0.15883164 0.34830520
v -0.49447823 -0.18211408 -0.07613105
v -0.52826256 -0.20759705 0.12399422
v 0.08926487 0.20267615 0.41299397
v -0.03684944 -0.30398658 0.32205823
v 0.10319250 0.25588822 0.29174730
v -0.06981143 -0.23243859 -0.37236264
v 0.56122357 0.07420693 0.23639707
v 0.54448843 0.09931136 0.09531243
v 0.62887621 -0.05927943 0.02200329
v -0.77100396 0.17433828 -0.14283997
v 0.44191056 -0.09342521 -0.01733484
v -0.05460641 -0.04862196 -0.56965917
v -0.00555865 -0.11491168 -0.43757430
v -0.24606335 -0.00007255 -0.23106509
v 0.52393425 -0.13795561 -0.17810117
v -0.18603040 0.01199372 -0.58124685
v -0.27164441 -0.21044238 0.23007002
v 0.13665588 0.01725498 -0.44416177
v -0.13151419 -0.27165949 -0.47659755
v -0.14299798 -0.32499117 -0.36077127
v 0.50313056 0.03871219 -0.12600720
v 0.05849868 0.13006908 0.44361889
v -0.18287170 0.03907956 -0.53338665
v 0.55305231 0.10164797 0.12017602
v -0.48619318 -0.29998142 0.16603717
v -0.47124428 -0.21708032 0.21006778
v -0.55025876 -0.23949629 0.14129648
v 0.75486523 0.14295508 0.23474161
v 0.58608681 0.10089312 0.15764414
v -0.52732724 0.17685249 0.13843589
v 0.79632044 0.20061117 0.17053388
v -0.22416575 0.32747197 0.32175773
v 0.76508331 0.06206642 0.20470086
v 0.39307168 0.04266188 0.11017601
v 0.66737008 -0.02065887 -0.04242461
v 0.65042192 -0.05152757 0.23398168
v -0.18562359 -0.27768648 -0.14249875
v -0.43242633 0.03148853 0.12654926
v -0.13776807 -0.01046838 -0.58072013
v -0.06713741 -0.00992966 -0.55208874
v 0.62442237 0.06792040 -0.01710231
v 0.56235790 0.14480242 0.18782848
v -0.09895657 -0.03882595 0.48921677
v -0.20072635 0.34930471 0.30041331
v 0.13567652 0.03527650 0.43990713
v -0.53598416 -0.12372095 -0.37316716
v 0.13440168 -0.06374978 0.42139229
v 0.45307654 -0.14662954 -0.18917692
v -0.53119451 0.14105606 0.03200323
v 0.72556984 0.01487847 0.19837114
v 0.43450594 0.11893752 0.19631398
v -0.55107898 -0.17501554 0.10010476
v -0.61267072 -0.08828148 -0.16747215
v -0.01015875 0.10629075 -0.41115808
v 0.50755334 -0.11808293 0.02903850
v 0.77641088 0.21980318 0.07921863
v 0.39340892 0.28309020 -0.03973407
v -0.45560038 -0.12213319 -0.31620717
v -0.11617942 0.18457910 0.45616964
v 0.47234774 -0.12730280 0.04925269
v 0.79876357 0.22319427 0.11379179
v 0.44822252 -0.11892665 0.16506834
v 0.56177318 -0.00979982 0.24581245
v -0.05016921 0.04258129 -0.53207791
v 0.01446459 -0.05956155 -0.53491986
v -0.45309782 -0.01316290 -0.36313078
v -0.41873038 -0.21918266 0.16858390
v -0.19442008 0.16702911 0.17026025
v -0.62318462 0.13639426 0.02321621
v -0.38408273 -0.05023149 -0.17275946
v 0.48514777 -0.13453297 -0.17877649
v -0.37447408 -0.25350088 -0.00299912
v -0.51483166 0.04202025 -0.03793548
v -0.33081883 -0.04119917 -0.43743882
v -0.00078607 0.09045746 -0.51212656
v 0.25837278 0.19273269 0.30940437
v -0.48884168 -0.21169972 -0.35225493
v 0.50459754 0.22533357 -0.02771045
v -0.54412854 -0.09478758 -0.07161857
v 0.60011244 -0.03631897 0.09218152
v 0.08792128 0.29757464 0.25907540
v -0.40989870 -0.29369414 0.12939212
v 0.12539533 -0.28071150 0.29196936
v -0.37580752 -0.29770455 0.11062646
v -0.19451652 -0.25186735 0.33937877
v 0.54053485 -0.11585741 -0.17536813
v 0.73337263 0.01349698 0.22110638
v 0.51597524 -0.17883420 0.20678520
v 0.10583745 0.24616018 0.34781101
v 0.03370724 0.08334883 -0.49592623
v -0.50093472 -0.26514193 0.16225898
v 0.75834018 0.20130607 0.19272730
v 0.61543310 -0.04016365 -0.13304183
v -0.35771990 0.34868941 0.17361455
v 0.75944132 0.07605327 0.05856929
v -0.35394925 -0.29331118 0.18504255
v -0.16543452 0.00123117 -0.23621544
v -0.30721527 0.10223252 0.46685970
v -0.33930039 -0.18053727 0.41112542
v -0.61789626 0.01058134 -0.21397707
v 0.15872297 -0.04458155 -0.40775958
v 0.02111343 -0.29909036 0.34275678
v -0.15717997 -0.09172710 0.46608868
v -0.06657903 0.32888201 0.35237083
v 0.43551922 0.14924881 0.10292172
v 0.51433128 -0.10558550 0.11300030
v 0.79588896 0.20250551 0.16257921
v -0.04344685 -0.31401837 -0.44969165
v 0.42059749 0.18283512 0.24167573
v -0.07375246 -0.05228923 0.49304372
v 0.47669297 0.15098962 0.21365504
v -0.49194092 -0.20438796 0.21998039
v 0.46581125 0.13476750 0.15548705
v -0.02231207 -0.32153395 0.20296234
v 0.57357138 0.08012430 -0.00300164
v -0.57604021 0.19660521 0.14640307
v -0.43645528 -0.20505485 -0.26594591
v -0.14383061 -0.03152880 -0.57595319
v -0.16318384 -0.05706844 0.48773059
v 0.59724993 -0.05066968 -0.16879380
v -0.25064558 -0.09358688 -0.42598343
v -0.02462232 -0.01416164 -0.51314604
v 0.74103296 0.02630202 0.23888487
v -0.51489598 -0.22894298 0.18886290
v -0.53291655 -0.11812554 -0.18961030
v -0.05951829 -0.28739160 -0.41627312
v 0.71100032 -0.00347538 -0.06893218
v 0.62718326 0.13575020 0.23549977
v 0.71799326 -0.00607644 -0.10546724
v 0.61107540 -0.06565610 0.06043601
v 0.67813879 0.20108388 0.14464000
v -0.39140725 0.04760358 0.41981095
v -0.27353194 0.13800886 0.01109771
v 0.52160287 0.12611401 0.22316815
v 0.14171284 0.12311836 -0.40402335
v 0.65519577 0.02390806 -0.06510792
v -0.56781757 0.13722509 0.14734697
v 0.04776661 0.21722871 0.32463300
v -0.56223869 0.00437032 -0.41355199
v 0.53303468 -0.09378007 -0.19042842
v 0.42084026 -0.11169863 -0.09756966
v -0.15020448 -0.31310582 0.23914930
v 0.37460172 -0.22268568 -0.16775393
v 0.47505134 -0.04717594 -0.06431483
v -0.17124394 -0.30758798 -0.32280514
v 0.54146218 0.13903901 0.06470816
v 0.59616345 -0.10381681 0.15743867
v -0.01587142 -0.13851427 -0.53079528
v -0.18817522 -0.04934419 0.49289572
v 0.42761320 0.05049338 -0.17563647
v -0.50032735 -0.05810191 -0.38959098
v 0.67312676 0.05923465 -0.04664313
v -0.38874257 -0.24150145 -0.25985670
v -0.45969722 0.04678272 -0.35811564
v 0.61425900 0.00769605 0.24427064
v -0.03855049 -0.01315796 -0.53000140
v -0.35926616 0.13318133 0.17483170
v 0.60006285 0.15499422 0.18286714
v 0.20871584 -0.11050338 0.36899936
v 0.74077326 0.06892037 0.24679109
v 0.46008185 0.03705798 0.07393681
v 0.58569604 -0.08302798 0.20787406
v 0.05060285 0.23547965 0.28144336
v 0.63875359 -0.05147100 -0.12417567
v 0.04769637 0.20441359 -0.36994484
v -0.28474748 -0.26828897 0.16178025
v -0.04414089 -0.06656907 -0.55514538
v -0.41332206 -0.22480384 -0.07075803
v -0.40943027 0.21128887 0.21228366
v 0.74638349 0.09857462 0.15453514
v 0.67529500 -0.03739674 0.18860842
v -0.46077108 -0.14487708 -0.34850013
v -0.20998593 -0.24372393 -0.49397328
v 0.55260891 0.07088515 -0.17931703
v 0.69871384 0.20228004 0.20833342
v -0.59701806 0.03118505 0.21771926
v -0.23468783 -0.28884709 -0.29118618
v -0.39843059 -0.22360121 -0.28762406
v 0.47476697 0.06860084 -0.18929607
v -0.47468680 -0.21931225 0.13362415
v 0.84180379 0.08855085 -0.13919194
v -0.06104043 0.04981633 -0.57816207
v -0.27935737 0.11324918 0.48084706
v 0.67264956 0.01274524 0.24031745
v -0.20370658 -0.27210492 -0.32268643
v 0.59960055 0.06531358 0.22257665
v 0.50028825 -0.03949919 -0.02271480
v -0.40295595 -0.19078031 0.17955576
v -0.21913600 -0.31663433 -0.33169752
v 0.77051884 0.05176530 -0.06365013
v 0.55103743 -0.13009733 -0.08809575
v -0.23876084 0.03312886 -0.55047441
v -0.47456580 -0.03793687 -0.53798175
v -0.68657339 0.09896109 -0.15468296
v 0.51888263 0.02204164 -0.00146068
v -0.52973485 0.23338836 0.07451431
v 0.62492895 0.00115287 -0.18406677
v 0.53353310 0.05515128 0.11944009
v -0.39720705 0.31441492 0.23758660
v -0.37248015 -0.09419093 -0.41520333
v -0.22227108 -0.31890145 0.17112753
v -0.35294724 -0.00257369 -0.44318438
v -0.64211655 -0.08493841 0.03386649
v -0.35181558 -0.02632309 -0.49982223
v 0.66335505 -0.00669172 -0.15657616
v -0.63568866 0.03487083 0.20024253
v 0.60921234 -0.06302885 0.21714681
v 0.66515404 0.00151300 -0.14576276
v -0.29824579 -0.23902628 -0.48221320
v -0.58686876 -0.09239249 -0.23208776
v 0.19452845 0.10551956 -0.38903552
v 0.63849151 0.17940620 0.20528653
v -0.46063769 0.02985132 -0.47657704
v 0.53807801 0.23747768 -0.03912938
v 0.44249263 -0.02214474 0.24306905
v 0.40247339 0.21926072 0.25302470
v 0.73241407 0.13660908 0.01712034
v 0.79730684 0.18593846 0.04155788
v 0.70677137 0.08167455 0.07504649
v 0.77972311 0.06474220 -0.05822828
v -0.63289154 0.07881793 -0.00974815
v -0.17925087 -0.28362289 -0.47375974
v -0.35837004 -0.25556463 -0.35987961
v 0.54527700 -0.12970687 -0.10584368
v 0.55406100 -0.12024664 -0.03918916
v -0.70465493 0.07154677 0.04124989
v 0.56301135 -0.07468311 -0.16852981
v 0.51957572 -0.11924975 0.07033078
v 0.00150836 -0.25746024 0.33613068
v 0.48153853 -0.01868749 0.25616944
v -0.74762166 0.14102596 -0.15786979
v -0.64679909 -0.01997227 -0.37000650
v -0.01184207 -0.30881479 0.34010774
v -0.63287550 0.15216458 0.09101377
v 0.67242497 0.01389769 0.02968718
v 0.48332828 0.03284112 -0.14712220
v 0.04567058 -0.03411437 -0.51614159
v 0.55170101 -0.09579055 0.18715033
v -0.43172842 0.24027383 0.16710845
v 0.58945727 -0.06416375 0.21746641
v -0.29128683 -0.25559777 0.26080403
v 0.73338723 0.04847525 -0.17405924
v -0.49749434 -0.07460316 -0.38447711
v -0.25174317 0.28870749 0.19582501
v -0.60246801 0.04012109 -0.31194112
v -0.50052476 -0.17408405 0.25111854
v 0.71500540 0.12283538 0.01274836
v 0.46136025 0.04262776 0.21792260
v -0.62439775 0.11552659 0.00394480
v -0.13609898 0.18195334 0.31851411
v -0.03688792 -0.02625876 -0.50240695
v 0.33301529 -0.26428506 -0.16771749
v -0.35224336 -0.22820142 -0.38423210
v 0.43856102 -0.11170355 0.19452545
v -0.24281175 -0.14069861 -0.35709661
v 0.53507674 -0.04777591 0.27226508
v -0.20470996 -0.00323001 -0.31770468
v 0.70781058 0.05198656 0.03503236
v 0.67244583 0.04928086 0.16156083
v 0.72238880 0.10864480 0.24413902
v 0.52446496 0.14168057 0.24797589
v 0.07419064 -0.00478584 -0.53412992
v 0.64061141 -0.07660478 -0.08685195
v -0.51242983 0.00376284 0.31774268
v 0.47331893 0.18009153 0.13462226
v 0.60967404 -0.07926667 0.21625847
v 0.35273328 -0.20620817 -0.19796227
v 0.43080658 -0.04958254 0.25015032
v 0.50506103 0.18821900 -0.07823692
v -0.29053238 -0.12690696 -0.27172005
v 0.08754744 0.15036987 -0.36415291
v -0.41772157 -0.02451304 -0.33380178
v 0.73913014 0.09961712 0.16159278
v -0.36888403 -0.25323579 -0.24297370
v -0.55908781 0.18954504 0.11179054
v -0.33294711 -0.07161260 -0.30453029
v 0.21831326 -0.10679620 -0.39980638
v -0.38606372 0.01547950 -0.47651899
v -0.15625037 -0.00822951 -0.51085877
v -0.18861155 0.27195209 0.35811529
v 0.76427621 0.13715206 0.20764740
v -0.66251671 -0.00885390 -0.17487071
v 0.48967338 -0.10002982 -0.04918288
v -0.46554074 -0.27191177 0.15974663
v 0.02444874 -0.24248075 -0.31343475
v 0.52757502 0.03511753 0.01627526
v 0.53710955 -0.06598190 0.24284099
v 0.37253606 0.21662802 0.25809082
v -0.22586235 -0.26159924 0.19144107
v 0.79004806 0.21249826 0.07950880
v 0.62092459 0.17334482 0.16090378
v 0.55135906 -0.12419857 -0.06144717
v 0.58197123 0.11910076 0.17102605
v -0.44567820 -0.22649702 0.09491684
v 0.78430194 0.09647800 0.10398671
v 0.14396206 -0.23245147 0.32231987
v -0.62986398 -0.09412336 -0.41569602
v 0.78305727 0.06818271 -0.11242376
v 0.77837986 0.07891686 -0.04824651
v 0.10401852 0.21464910 0.24288183
v 0.59875894 -0.03983861 -0.16735497
v -0.52001053 -0.14289020 -0.46146178
v 0.73614585 0.05472656 -0.12773143
v -0.35101148 -0.12548809 -0.36722022
v 0.41092068 -0.03007800 -0.28306007
v -0.27066872 -0.11601044 -0.31249866
v 0.24732867 0.05742268 0.23296751
v 0.01717568 -0.12903966 -0.48629272
v 0.01735730 0.19543386 0.35146320
v -0.16511488 0.32772046 0.32144225
v -0.53364885 -0.00239112 -0.18377629
v -0.54286438 -0.10437633 -0.18675935
v 0.72567475 -0.00215839 -0.07194644
v -0.06377718 0.05907435 -0.42431200
v 0.03618793 -0.10910068 -0.54943806
v -0.30432710 -0.25699282 -0.32906601
v -0.41540706 -0.22790036 -0.18379617
v 0.47536296 0.25106817 0.09047447
v -0.33521786 -0.16617414 0.12906393
v -0.41020557 -0.14785899 -0.27274323
v 0.38032335 -0.11536808 0.10779189
v -0.53647149 -0.25176284 0.15712261
v -0.46659610 0.00316765 -0.42831504
v 0.72750401 0.05373145 0.18376905
v 0.70480180 0.08323798 -0.04658657
v -0.60281622 0.13844740 0.04408788
v -0.26989695 0.16297488 -0.05768372
v -0.41371697 0.03936511 -0.52487159
v -0.42292064 -0.13629414 -0.50263715
v 0.59536082 0.01832750 0.23977935
v 0.60225213 -0.05148937 0.08265027
v -0.17026010 -0.27348444 0.34363019
v -0.15636969 0.24636194 0.27351725
v -0.12910031 -0.16970053 -0.42308450
v 0.49394304 -0.02171926 -0.04403912
v 0.79169297 0.19552644 0.18583636
v 0.50533724 0.01683123 -0.01345607
v -0.45981693 -0.21764186 0.01670050
v -0.28999484 -0.28056470 -0.22177513
v 0.06116437 0.15611890 -0.16886851
v -0.53630453 -0.04698987 -0.29477134
v 0.63945353 0.02160966 0.06519340
v 0.44364601 0.17812201 0.21497115
v 0.50968564 -0.05256329 0.25221944
v 0.75670409 0.11402327 0.20344466
v -0.52023619 0.10652818 -0.03334562
v 0.12434176 0.09325340 -0.42171171
v -0.56110132 -0.00918715 -0.38366044
v 0.72867233 0.09855331 0.08538532
v 0.62405860 0.16239621 0.03624596
v -0.47861284 -0.23056996 0.15430762
v 0.59482777 0.10948814 0.25915280
v 0.76467437 0.09441175 0.11129980
v 0.40884179 -0.18041052 -0.11481881
v -0.47558135 -0.31765771 0.16290125
v -0.08519003 -0.22648634 -0.53681362
v -0.35343897 -0.11792585 -0.15094909
v -0.06236656 -0.29000258 -0.46881235
v -0.61561334 0.01601393 -0.04846618
v -0.33633134 -0.27180216 -0.15301563
v -0.19079109 -0.25398448 -0.30373263
v 0.00585732 0.18415925 0.44767424
v 0.69505250 0.04948092 -0.00316761
v 0.19392256 0.15897317 -0.36566636
v -0.07540380 0.16767305 -0.24200730
v 0.00416231 0.04058778 -0.52954859
v -0.01594204 -0.03955009 -0.56493431
v 0.53439313 0.19551867 0.18238425
v 0.52462071 -0.10990170 0.15496540
v 0.61610299 -0.09579527 -0.04957317
v 0.57704103 -0.10834508 -0.01768804
v -0.67729175 -0.01991343 0.08016247
v -0.59185368 0.11698598 -0.00160073
v 0.65824562 0.06138037 -0.06418207
v -0.54842848 -0.08952410 -0.47629434
v -0.49000943 -0.08301378 -0.09354645
v -0.52282745 -0.18016469 -0.36948612
v -0.28914219 -0.32402852 0.17008053
v 0.78365755 0.20912895 0.06743120
v -0.70345938 0.03568111 0.06813644
v -0.65225595 0.00574850 0.16719016
v 0.55198580 0.24582347 -0.01722519
v 0.51921070 -0.01247264 0.24173896
v 0.70149004 0.00033022 -0.13364489
v 0.54127365 -0.12301102 0.21906182
v 0.55512083 0.01898415 0.23493975
v 0.51785594 -0.14705172 0.17662978
v 0.48743111 -0.13967496 0.20016977
v 0.58880723 -0.11938590 0.17683628
v 0.01813750 -0.17038156 0.40342352
v -0.47530392 0.10159328 -0.46578759
v 0.03030002 -0.09832308 -0.50798070
v 0.67360997 0.16827840 0.10138083
v -0.50917071 -0.21903290 0.22492956
v -0.61101979 -0.10259064 0.16555643
v 0.07469140 -0.22417518 0.40573937
v -0.49145424 -0.26449400 0.12212704
v 0.59558976 0.05764745 -0.03772405
v -0.02569737 0.11620221 -0.51870561
v -0.60094190 0.10183495 0.17270693
v 0.67961317 0.07119585 0.15331280
v 0.75343096 0.05741871 0.03735880
v 0.39422643 -0.02162549 0.18000492
v -0.52822661 -0.13698593 -0.43142042
v 0.69352090 0.09206919 0.24696915
v -0.63011700 0.02683674 0.21304515
v 0.55943328 0.05792467 -0.17189689
v 0.62412840 0.05143678 0.12838706
v 0.40223181 -0.02964184 0.14091262
v -0.10958546 -0.27410072 0.31786633
v 0.21020672 -0.01141633 0.34457350
v -0.29685986 -0.16409048 0.13750087
v 0.18549871 -0.07092659 0.38631374
v -0.31274962 0.24212171 0.28228506
v 0.48231786 0.02691831 -0.24890924
v -0.40309608 -0.25347236 -0.27746564
v -0.50044739 -0.22411895 0.17120111
v -0.61304456 -0.01405084 -0.16035816
v -0.51240188 -0.06530499 -0.43628269
v 0.59579009 0.11119417 0.25618029
v 0.29395971 0.11005370 -0.34263265
v 0.73969728 0.00905398 -0.11688854
v -0.32600772 -0.23170553 -0.48181674
v 0.32969147 0.12095200 -0.25535491
v 0.55166095 -0.10852559 0.07147093
v 0.39370534 0.23994642 0.23921005
v -0.24202825 0.34381932 0.32343853
v 0.59786040 0.02144073 0.07173669
v 0.58363301 0.20690733 0.12090065
v 0.69181728 0.00506830 -0.03913224
v 0.67609203 -0.01444194 0.17553151
v 0.49299634 0.06097082 0.24417797
v 0.42916042 -0.12281794 0.18944392
v 0.65138966 0.09367295 0.11949760
v 0.56266260 0.07904010 0.24872595
v -0.05038720 -0.24297252 -0.39690223
v 0.46934673 -0.11811864 -0.21631256
v -0.23612815 -0.13414469 0.16664357
v 0.60168600 -0.08279166 0.20993391
v -0.66067380 0.04377601 -0.30929881
v 0.61395186 -0.05554855 0.06390648
v 0.46388310 0.02084082 0.12839331
v 0.01751471 -0.21845284 -0.51702493
v -0.66153502 0.08726911 0.01415888
v -0.12885109 -0.33331922 0.25485176
v -0.36934477 -0.23441520 -0.42559320
v 0.72927117 0.02203588 -0.02486036
v 0.26308134 -0.16434984 0.31993300
v 0.58502358 0.16385993 0.12372664
v -0.21088964 -0.28317374 0.29890820
v 0.17215708 -0.25019795 0.31382966
v 0.03315803 0.12064536 -0.49312201
v 0.60025567 0.03058057 0.23293227
v -0.05676745 -0.28193796 -0.44628137
v 0.77352613 0.05948079 -0.04235630
v -0.60800898 -0.14560993 0.08163410
v -0.28456092 -0.28505653 -0.17738284
v -0.47224566 -0.18043773 -0.26544204
v 0.21268283 0.06796972 -0.35916653
v -0.07242426 -0.26934370 0.33898419
v 0.09248374 0.18353188 0.41627607
v 0.35622507 -0.10187384 0.20694572
v 0.04301064 -0.22524782 0.42074499
v 0.73483020 0.10402852 0.11694157
v 0.70115393 0.00010539 0.18947756
v 0.79416567 0.09512749 -0.18521437
v -0.18562727 -0.32077485 -0.32714167
v 0.48797932 0.12735759 0.16088028
v 0.43184090 -0.10106651 -0.00891662
v -0.39548641 0.06791292 -0.29314074
v -0.62451845 -0.04708918 0.01000897
v -0.34322646 -0.27272406 0.17792232
v -0.46350074 -0.07967130 -0.37638265
v 0.51838940 -0.12272816 -0.18205917
v 0.53635883 0.07407890 0.00719883
v 0.61869562 0.02299872 0.11622997
v -0.07020187 -0.28618318 -0.47206980
v -0.64415044 -0.06749035 0.04532297
v -0.54682231 -0.06129099 -0.35265091
v -0.33158785 -0.26819000 0.17508216
v -0.46619767 0.07320330 0.07545818
v -0.58978260 -0.12237951 -0.33130145
v 0.79413790 0.12579550 0.16728112
v -0.54095936 -0.08403585 -0.26955223
v -0.66803563 -0.00392678 -0.25651330
v -0.32059801 -0.09333017 -0.55181378
v -0.33315805 -0.30545411 0.06705147
v -0.55454379 -0.07428621 -0.07361361
v 0.67051154 0.05256780 -0.06830035
v -0.24603227 -0.06660131 0.48569188
v -0.37438774 0.09345663 0.40984997
v 0.57641536 0.02563321 0.18559951
v -0.24284163 -0.23955786 -0.08744122
v -0.44633460 0.28904188 0.24206494
v 0.38151261 0.07869674 0.21823135
v 0.46055406 0.03813951 0.16326529
v 0.03108799 -0.29015324 0.25843543
v 0.64250124 -0.07144078 -0.03713061
v 0.68906587 -0.00634386 -0.05772028
v -0.32043719 -0.22112165 0.36157981
v 0.60107213 0.08248228 0.22299010
v -0.56844616 0.00631031 -0.43371078
v 0.57758683 0.00978430 -0.18589137
v 0.15494360 -0.28176168 0.23544268
v -0.41200268 -0.17547154 -0.42966956
v -0.48038942 -0.15290168 -0.41017950
v 0.64395535 0.01303196 0.17115557
v 0.03767151 0.00449125 -0.48693112
v 0.61342084 0.06380089 -0.00017956
v -0.22015417 -0.29112849 -0.12511735
v 0.04279026 -0.07644071 0.46960950
v 0.48256475 -0.10715979 -0.00332779
v -0.32526737 -0.22188923 -0.22335415
v 0.42165771 0.29340133 0.01328511
v -0.37584141 -0.28530917 0.22937663
v 0.25607365 -0.28156000 0.05990434
v -0.71727985 0.01142536 0.07008864
v -0.73792666 0.02019782 -0.29870373
v -0.10916060 -0.28530437 0.21783194
v 0.71130264 0.19122183 0.09747274
v -0.28504455 0.03643523 -0.53963882
v -0.41049802 0.24759649 0.13663672
v 0.55513853 0.16338021 0.18110201
v 0.39765275 -0.13995983 0.15888281
v -0.53076661 -0.09465893 -0.06579627
v -0.44398230 -0.05892432 0.06965546
v 0.72394937 0.07549037 -0.19203025
v 0.40359938 -0.20021923 -0.05065865
v 0.58728725 -0.07777692 0.21695679
v -0.64737499 0.11778801 0.13036621
v -0.44243553 -0.19562697 0.15143457
v -0.24383435 -0.19669178 -0.03665690
v 0.68604863 0.03250945 -0.04469622
v 0.39496011 -0.14109732 0.22825894
v -0.39398423 -0.12965854 0.39530435
v -0.36761242 0.09178516 0.01807543
v -0.15290180 -0.21199813 -0.54106331
v -0.37069768 -0.30682683 0.11649440
v -0.27316737 -0.11477132 0.47009227
v -0.16153486 0.27998456 0.39366516
v 0.31134284 0.07024062 -0.27976343
v 0.57890403 -0.13515869 0.18558878
v -0.27976173 0.35482261 0.27064291
v -0.37651360 -0.29117930 0.09536205
v 0.30377138 0.11611865 0.27648696
v 0.73705715 0.05718118 -0.10031176
v -0.63756198 0.09220519 -0.21447483
v 0.23622531 -0.26800251 0.14659300
v 0.79824698 0.11215346 0.07477121
v -0.19511354 -0.28942791 -0.43987226
v 0.60910124 0.14985633 0.03843497
v -0.44092947 -0.19894195 -0.41101211
v 0.59290493 -0.07774143 0.05686812
v -0.23684818 0.04125425 -0.56733149
v -0.48336291 -0.20287992 -0.00530945
v 0.60030615 -0.03729080 0.21773216
v -0.45375222 0.08561580 0.08509712
v -0.52603418 -0.12559913 -0.36135629
v 0.47005188 0.09325042 -0.20668684
v -0.20365128 -0.14212626 -0.39215541
v -0.33722538 -0.31298795 0.09219828
v 0.47424877 -0.11636902 0.02340469
v 0.61319703 0.15412340 0.03516484
v -0.63681316 0.13094318 0.04652151
v 0.59651446 -0.09292946 0.13850664
v 0.36007065 -0.23283833 -0.11448006
v 0.42469969 0.17838681 0.16259444
v -0.08068482 0.01965460 -0.52464831
v 0.77280176 0.08647182 0.08830157
v 0.46617198 -0.05925669 -0.07251514
v -0.01133069 0.00257491 -0.51440120
v 0.80396438 0.11450583 0.06153929
v -0.25856915 -0.27351499 0.27226853
v -0.02759111 0.03019058 -0.55246937
v -0.30373567 -0.31872204 0.09050608
v 0.56563556 -0.11840858 -0.06071592
v -0.56121087 0.13054854 0.02787313
v 0.26750696 -0.27124396 -0.23902726
v -0.41994929 -0.22263527 -0.09444503
v 0.43128622 -0.22275290 0.23166472
v -0.23749225 -0.07189356 -0.49658319
v -0.51795572 -0.17057168 -0.15738948
v 0.65972632 -0.04066729 -0.03593931
v -0.32437605 -0.26912802 0.18349357
v 0.52398586 0.05140527 0.26454592
v -0.38724774 -0.22763282 -0.31664211
v 0.18034862 -0.28701890 0.17280945
v -0.05599034 0.02113057 -0.56033963
v 0.27641153 0.04512808 0.32034886
v 0.48674446 -0.16197650 0.16972807
v -0.37952825 -0.29393551 0.08820555
v -0.13346541 -0.10138176 -0.49870101
v -0.67983252 0.06229401 -0.40348017
v 0.55678457 0.09811069 0.10544887
v 0.26522410 0.16703281 0.19336203
v 0.62686098 -0.03272483 0.22210172
v -0.11537933 -0.18299685 -0.55726177
v -0.69600081 0.08701609 0.08465113
v -0.12126078 -0.28111643 -0.47844592
v -0.62673384 -0.09748212 0.09903543
v -0.30057773 -0.17539778 0.37865090
v 0.01834968 0.04459266 0.45473281
v 0.55278873 -0.17412552 0.21084630
v 0.11126222 0.05466574 -0.49393845
v -0.53035802 -0.08440064 -0.41451514
v -0.68168706 0.11855766 0.03468127
v 0.09565420 0.07860176 -0.45134988
v -0.23831493 -0.28528738 0.16796142
v -0.28935602 -0.21061486 -0.42444226
v -0.34676716 0.35453692 0.19113314
v 0.76225507 0.05632906 0.25091127
v 0.35346812 -0.09812237 -0.24709105
v -0.30931631 0.07441741 -0.49826884
v 0.01255017 0.18397623 -0.43458468
v -0.56404763 0.05086140 -0.42220479
v -0.08824594 -0.11617973 -0.59377748
v -0.14923960 -0.34097248 0.14831394
v -0.03276834 0.26037270 0.41076508
v 0.50092930 0.22242153 0.16791275
v -0.50622660 -0.14935151 -0.27131051
v 0.16050451 -0.18185435 0.37021905
v 0.18411352 -0.03255033 -0.48119628
v -0.43024400 -0.18350944 -0.26495963
v 0.43396384 -0.11474167 -0.04923753
v 0.70168084 0.18291822 0.21831319
v 0.57289863 0.07997605 -0.00045149
v 0.03559490 -0.10225660 -0.51266533
v -0.27039438 -0.23316915 0.26812977
v 0.52326661 0.21367460 0.11938165
v 0.55710286 0.05025040 0.13393737
v -0.37136221 -0.22357470 0.28111452
v 0.60715729 -0.05225009 0.21932885
v 0.52076203 -0.17838897 0.18992162
v 0.56253868 0.02194830 -0.02523641
v 0.00911351 -0.30212891 -0.24919076
v 0.56636417 0.12895527 0.19384885
v 0.51434964 -0.10949380 -0.18951988
v -0.08748318 -0.05336380 0.50207448
v -0.49037629 -0.00561344 -0.24341244
v -0.06008255 0.08605324 -0.52770913
v 0.21178089 0.11360914 -0.34561697
v -0.58081353 -0.15419158 0.09387259
v 0.10075747 0.14360814 -0.28350833
v -0.20991690 -0.06627883 0.31195590
v -0.44665599 -0.32267666 0.13286379
v -0.58548903 0.20595950 0.08835626
v -0.68728441 0.05505657 0.11038521
v 0.49254647 0.02613132 0.02114555
v -0.19008490 0.25052646 0.47442269
v 0.81812292 0.15239179 0.08635983
v 0.54319942 0.20907414 0.16744404
v 0.45801207 0.21533066 -0.00005850
v -0.64847696 0.13712589 0.05307993
v -0.56118184 0.10486977 0.00494557
v -0.53102583 -0.17712274 -0.33820364
v 0.68787879 0.00893069 -0.01830628
v 0.74141651 0.21712747 0.09732875
v 0.03421319 -0.29267409 0.33737275
v 0.06514605 -0.29922464 -0.05130713
v 0.74987876 0.22498417 0.17323259
v -0.67224234 0.05453427 -0.41456914
v 0.42888176 -0.11544939 0.20532948
v 0.55074304 -0.15633315 0.22972652
v -0.40901637 -0.27913266 0.00289942
v 0.51122320 0.20156690 0.18902156
v -0.28028712 -0.27137491 0.25046283
v 0.39536601 -0.19510737 -0.12261580
v -0.44264954 0.02991126 -0.11728439
v 0.35303122 0.10168523 -0.29567257
v 0.66242826 -0.03066681 0.17530009
v -0.59529895 -0.14069489 -0.15454368
v -0.10671514 -0.15040210 -0.40672109
v 0.79108965 0.07860152 0.01627956
v 0.62123770 0.12443017 0.25262192
v 0.29281408 -0.10749609 0.27675593
v -0.26661009 -0.27081984 0.16585492
v -0.07517271 0.01876597 -0.58328760
v -0.23962776 -0.29239005 0.20464969
v 0.30543292 0.00153727 0.22785248
v 0.46552622 -0.15238023 -0.18019331
v -0.22930284 0.34002241 0.27606070
v 0.65174341 -0.02406199 -0.01048278
v -0.41687632 -0.11290935 -0.43484581
v 0.03114858 -0.02601866 -0.48620707
v 0.77727294 0.08630670 -0.16620219
v -0.35324430 -0.02414024 -0.43655869
v -0.62426972 0.17797819 0.07578400
v 0.54463702 0.08612161 0.14618701
v 0.47278997 -0.03688493 0.25459191
v 0.60462409 0.03295382 0.07263342
v 0.03062492 0.09788217 -0.42136675
v 0.08221608 0.05917773 -0.51672816
v -0.29508850 -0.19639657 0.00936915
v -0.72216934 0.13793141 -0.15335518
v 0.67432493 -0.02019974 0.17739284
v -0.13554969 -0.26057392 -0.43822661
v 0.60827208 0.05797769 -0.08638127
v 0.19608137 -0.11864088 0.36550438
v -0.06107257 -0.31125823 -0.43878049
v -0.51817721 -0.02014510 0.05357930
v -0.57058066 0.12410031 0.00397199
v 0.67484945 0.07056146 0.15259543
v 0.43290919 -0.05291526 0.24330802
v -0.41326550 0.05022513 -0.32963568
v -0.65510505 0.01515781 0.16961744
v -0.11358686 -0.06656425 -0.58217382
v -0.43984807 -0.09577933 0.01111520
v 0.46820670 0.10327028 0.18706462
v -0.08993363 -0.00217155 -0.59506845
v -0.04187727 -0.01558769 -0.55034763
v -0.19534849 -0.30609003 0.23412001
v 0.52006096 0.07671909 -0.12777282
v -0.05622839 -0.28032914 -0.45454073
v 0.65030974 0.02742155 0.16416717
v -0.18870062 0.18359973 0.32537273
v 0.71017230 0.11628336 0.02843536
v -0.09774148 -0.03862999 -0.60069525
v -0.66140825 -0.09071000 -0.20957623
v 0.77222192 0.02592462 -0.10724846
v 0.60650128 0.05313946 -0.06255758
v -0.08868042 -0.08395548 -0.57751590
v 0.56878543 0.06643309 -0.08071028
v -0.56201857 -0.14889216 -0.30029821
v -0.29434389 0.11077695 0.47507733
v 0.62192822 0.15159538 0.14167660
v 0.41319078 0.07281626 0.14596674
v -0.22286618 -0.15949449 0.26828203
v -0.69170362 0.14332516 0.06545601
v -0.56804848 -0.07771030 -0.15319338
v 0.66090441 0.03784906 0.16548885
v -0.20639347 -0.13350977 -0.34759000
v -0.49675053 -0.24639186 0.16905412
v 0.52115297 0.20416033 -0.01176506
v 0.14566840 0.17993259 0.28764039
v 0.11492071 0.22151804 0.32200357
v -0.29196128 -0.18342240 0.36393529
v 0.82418466 0.08348589 -0.15386051
v -0.26022479 -0.21929720 0.33481282
v 0.40807825 -0.11926676 -0.19973546
v -0.55767643 0.16420478 0.05157011
v 0.36764815 -0.00292619 -0.32124585
v 0.55378288 0.13887653 0.17973880
v 0.40546152 -0.12184907 0.14849451
v 0.10534107 0.14007455 -0.25676975
v 0.34077036 -0.24312215 -0.14005245
v 0.73982692 0.01928204 -0.01839895
v 0.29033703 -0.09128833 0.27678242
v -0.59770435 -0.03242941 -0.17212653
v 0.77849221 0.08946232 -0.14996374
v 0.39401335 -0.01358193 0.19359575
v -0.42700213 -0.08724844 0.07600443
v 0.60595709 0.04544384 0.04820648
v 0.41785049 0.17296734 0.20373809
v 0.68088096 0.04855820 0.18150374
v 0.70231682 0.03088839 -0.07259169
v 0.68143547 0.03408404 0.24137452
v 0.77147883 0.08127963 0.07302439
v -0.50219351 -0.18127775 -0.02597920
v -0.01355569 -0.25602123 -0.32835746
v -0.67075920 -0.08308843 -0.19174591
v -0.37753004 -0.21306218 0.22828038
v 0.50922626 -0.11915025 0.03631148
v 0.49413943 -0.01869524 -0.06134295
v -0.55404413 -0.02046774 -0.43767077
v -0.13504070 0.16800392 -0.20214553
v 0.49571678 0.08205792 0.10202776
v -0.04972988 0.02556068 -0.57811522
v -0.58754706 -0.11175328 -0.00717744
v 0.48327342 0.16347858 0.24974245
v 0.19692779 -0.15831271 0.34696734
v 0.56418282 0.06795741 -0.05990473
v 0.66549951 -0.00300123 -0.14844152
v 0.70681530 -0.00286676 -0.12789640
v 0.15449804 -0.29411525 0.17883319
v 0.38702253 0.10223434 0.25311404
v -0.57841831 0.12822711 0.00727224
v -0.35145462 -0.26646751 -0.37519205
v -0.37385005 -0.18891928 -0.29331979
v -0.40862128 -0.23853847 -0.08594453
v 0.72966123 0.21466538 0.18279336
v -0.53592879 0.08083498 -0.37569636
v -0.47562310 0.37589270 0.17221956
v 0.72464526 0.21875982 0.12311402
v 0.46025914 -0.02322464 -0.09779653
v -0.35187370 -0.29842508 0.10862687
v -0.67328715 0.00030923 -0.17856330
v 0.04009444 -0.21568882 -0.37639013
v 0.69623119 0.04037993 -0.03376405
v -0.32496786 0.01211733 -0.51590860
v 0.56595981 -0.05227937 -0.17448752
v 0.76164639 0.22259432 0.16023135
v 0.00986034 0.24799488 0.34308478
v 0.47557908 -0.12150622 0.02289052
v -0.62558997 -0.09800582 0.05807841
v -0.42697906 0.07805546 -0.46259838
v 0.51407921 -0.10868535 0.10990451
v 0.43522853 0.07598338 0.18749392
v -0.44308737 -0.09144406 0.01967894
v -0.06206286 -0.20089756 -0.48339999
v 0.61011618 0.03713058 0.02069685
v -0.42169127 -0.18786894 -0.18628189
v 0.54234219 0.14506945 0.23296207
v -0.01675834 0.15395465 -0.31163219
v 0.69255447 0.00902992 -0.02552338
v -0.30397823 0.05891937 -0.55504972
v 0.06569044 -0.21682888 0.39379662
v -0.45575953 0.04988993 0.38247728
v -0.17515746 -0.27970588 -0.13645965
v 0.54506707 0.02046972 0.24551116
v -0.22204986 -0.22626418 0.16271129
v 0.80240482 0.12143059 -0.01414702
v -0.74380302 0.04212117 -0.20629813
v -0.41514623 -0.24347582 -0.25928879
v -0.56743050 -0.13330041 0.21825960
v 0.26128855 0.00675225 -0.34795249
v -0.16882458 -0.04040143 -0.58283329
v 0.71696019 0.06923211 0.24022804
v 0.50831193 0.05950002 -0.09746112
v -0.27887246 0.22242397 0.27167398
v 0.27158195 0.05696717 0.21430734
v 0.61082709 -0.07801928 -0.13384736
v 0.18931656 -0.31744906 -0.03884683
v 0.73496270 0.21761069 0.13453002
v 0.16661698 0.04532138 0.40357593
v 0.74516106 0.20072529 0.21025062
v 0.77624494 0.04710073 -0.04651155
v 0.69509399 0.02693871 0.17333165
v 0.12109734 -0.31719771 0.01774801
v 0.81558186 0.09410880 -0.15864676
v 0.45750535 -0.12898098 0.19100752
v -0.39433545 -0.21983805 -0.33168191
v 0.28351977 0.23182867 0.38418812
v 0.60141504 0.02712354 0.07010642
v 0.52920759 -0.11572778 -0.04398527
v -0.62309086 0.12428266 0.18522586
v -0.29620111 -0.28216118 -0.14438000
v 0.07815458 -0.10261760 -0.45412502
v -0.21027292 -0.27812782 0.25100836
v 0.47315970 0.30407077 0.00789653
v -0.15927380 0.12395507 -0.25279236
v 0.81219447 0.17706060 0.10744123
v 0.66346741 -0.02536965 -0.02131571
v -0.45684642 -0.22078761 0.03591296
v 0.57436585 0.05541655 0.21045274
v 0.40847686 0.33631259 0.03332843
v 0.45420170 -0.10516030 0.20358713
v -0.27992892 -0.04283570 -0.57267469
v -0.14537057 -0.32688487 -0.01697299
v 0.07092622 0.07437807 -0.51794475
v -0.03387345 0.07660182 0.46467522
v 0.71360135 0.04947396 -0.12724459
v -0.35613480 -0.30726808 0.10127592
v -0.02325456 -0.31204250 0.08226553
v -0.39452258 -0.21721485 -0.17929621
v 0.59753817 0.14790171 0.19519179
v 0.21635726 0.03786176 0.37475988
v 0.13771904 -0.02356766 -0.49028558
v 0.40381795 -0.09184390 0.12612762
v -0.23471853 -0.22524917 -0.49117976
v -0.51774114 -0.01703249 -0.20844620
v 0.06018990 -0.30449337 -0.03225236
v -0.29338568 -0.27224988 -0.13400067
v 0.21294443 -0.14276683 0.35740861
v 0.72268057 0.04784663 -0.07597855
v 0.18247330 0.07469114 0.38750696
v 0.64852661 0.05742774 0.24879156
v -0.46488643 -0.07637344 -0.03116409
v -0.33229414 -0.27202863 -0.19893412
v -0.57302976 0.10830984 0.01479691
v 0.37132454 0.02443340 -0.31399432
v 0.40487605 -0.19824743 -0.11457071
v -0.34356761 -0.10999460 -0.53133327
v 0.50916648 -0.11528455 0.06629613
v 0.40274748 0.04113229 0.22589080
v 0.65980905 -0.00515783 -0.15607354
v 0.22898567 -0.31321096 -0.01819668
v 0.56461728 -0.10423513 0.09074268
v -0.45903587 -0.11139175 0.08957152
v -0.23938498 -0.30282235 -0.23876832
v 0.26437610 -0.29219815 -0.01449961
v -0.32384646 -0.06011020 0.46690285
v 0.76452965 0.05781204 0.22216782
v 0.41852126 -0.13277912 0.17756307
v -0.14924558 -0.04146931 -0.58099997
v -0.56333518 -0.17750040 0.17814811
v -0.29273361 -0.29607072 0.22532967
v 0.46650839 0.21017747 0.01005023
v 0.31610486 0.16708782 -0.21774474
v -0.00032015 0.02376771 -0.54592478
v 0.61336726 -0.01648547 0.08015239
v 0.70153517 0.00149472 -0.13956909
v 0.81076127 0.11603986 -0.17674008
v -0.32569122 -0.31821218 0.13260095
v -0.28098938 -0.29323885 -0.27879664
v -0.01171170 -0.20653205 0.31933686
v -0.30588165 -0.27372575 0.16987586
v -0.26962000 -0.19486573 -0.20367609
v 0.45711261 0.03199790 0.17628992
v 0.17473286 -0.31007800 0.06909955
v 0.49774769 -0.11289812 -0.18744855
v 0.49363261 0.24487802 -0.02562967
v 0.65052700 -0.02108265 -0.01355611
v -0.63112682 -0.09566996 -0.32098913
v 0.71746361 0.01413010 0.19194490
v 0.40152258 -0.01936029 0.19556335
v -0.40017176 -0.09574017 -0.08691150
v 0.63497144 0.02365207 -0.14906895
v 0.37901095 0.09767170 -0.27529395
v -0.44897801 -0.31150064 0.15689495
v -0.43692940 0.20929763 0.33246589
v -0.49844104 0.19510600 0.24436811
v 0.47481364 0.13004538 0.18259509
v 0.20143902 0.09079682 -0.40072554
v -0.66262031 -0.00273942 -0.16525748
v -0.52765024 0.18430504 -0.42833120
v 0.05213909 -0.13703646 -0.49330252
v 0.41128051 -0.18949640 0.18845354
v -0.06848739 -0.03771571 -0.57778627
v -0.34895265 -0.16822335 -0.45057461
v -0.04145357 -0.30823803 -0.43989816
v 0.55461448 -0.00061325 0.25570387
v 0.44599080 -0.00764157 0.10549231
v 0.36765701 0.08993492 0.26271352
v -0.13278896 0.31649822 0.42365775
v -0.44837075 -0.09356022 -0.14386129
v 0.61171049 0.17732239 0.04718959
v 0.17139816 -0.27754837 0.26823819
v 0.76463473 0.01294562 -0.08028798
v -0.16460364 -0.30433184 -0.41113248
v -0.02467312 -0.00354791 0.49576586
v 0.01932090 0.05452326 -0.55338907
v -0.67672777 0.00821213 0.12034781
v 0.43002677 -0.11455864 -0.07742819
v -0.36295444 0.02122982 -0.41009548
v -0.36214435 0.22929434 0.07343164
v -0.70232475 0.04173871 0.06205574
v -0.20435677 0.08376431 -0.29986581
v -0.50162667 0.00942537 0.00234335
v -0.47532770 -0.25341499 0.16045761
v -0.55825883 -0.15521738 0.19580804
v 0.31210011 0.17011799 -0.20885965
v -0.03008837 -0.17052358 -0.48543864
v 0.39627761 -0.01309173 0.18888009
v -0.53861964 -0.06277996 -0.42153266
v -0.47601262 0.25433248 0.23485026
v 0.14626782 0.07641288 0.35457131
v 0.70698398 -0.00123192 -0.12211367
v 0.20111816 0.15151893 -0.36719406
v 0.04700451 -0.08496530 0.42005074
v -0.37944144 -0.20369586 -0.43155479
v 0.48242331 -0.07212273 0.24309379
v 0.78094435 0.06096785 0.01370380
v 0.58324754 0.04488571 -0.07094409
v 0.70507443 0.01586471 -0.11352161
v -0.17494996 0.34971526 0.37193772
v -0.58555019 -0.08752832 -0.25071633
v 0.56520981 0.05758628 0.21787094
v 0.49829942 -0.01631915 -0.02159977
v 0.72613907 0.15210676 0.04509937
v 0.09167777 -0.01718924 -0.43497348
v -0.24989976 -0.29102620 0.28080180
v -0.53455245 -0.20031871 0.28376079
v -0.47807372 -0.12963194 -0.21421643
v -0.43036923 -0.24004933 0.21067280
v 0.13670692 -0.19432025 -0.38684747
v 0.24351016 -0.01762310 0.34279084
v 0.53313690 0.05797163 -0.03697458
v -0.51326948 0.07638947 -0.01953683
v 0.47510427 -0.06077077 0.23860157
v 0.41008276 -0.14101410 0.10129590
v 0.50718105 -0.04995882 0.24926263
v -0.17800871 -0.28579280 0.28335395
v -0.19558281 0.17075583 0.27419052
v -0.33140922 -0.15990406 -0.52668387
v 0.46747452 0.01843418 0.02903353
v 0.62643492 -0.05437227 0.13636537
v -0.19664605 -0.24979368 0.21581873
v 0.48819894 0.08977073 0.19097334
v -0.36866438 -0.03177412 -0.48188859
v -0.32891652 -0.28199220 0.15169767
v -0.50632393 0.13819921 0.07848641
v -0.60226524 0.07492620 -0.03138950
v 0.70513952 0.04855108 -0.18959315
v 0.69435185 0.08554497 0.16041566
v -0.04134889 0.16659898 0.42463216
v -0.44522217 -0.18388578 -0.33261251
v -0.45399308 -0.07780664 0.02303303
v -0.21520802 -0.19413882 0.19642125
v 0.76562464 0.18220809 0.20577437
v -0.21695161 -0.29718977 -0.20009784
v 0.50758159 0.09767183 -0.16482197
v 0.61111009 0.04268819 0.03065950
v -0.11741816 -0.32661524 -0.24345434
v -0.57244360 -0.00623102 -0.37647483
v 0.53697288 -0.11700929 0.06431037
v -0.45289254 -0.11264671 0.03779242
v -0.54287791 -0.00101528 0.02097157
v 0.60315305 0.09757928 0.25898364
v 0.40886682 0.05515579 -0.27399901
v 0.05906670 -0.28152853 0.29370689
v 0.45738691 -0.03144206 0.25524312
v 0.63632476 0.00652725 0.24124408
v 0.06774291 0.06039914 -0.46004596
v -0.54162633 0.09100153 -0.35121661
v 0.47895843 0.08177940 -0.25556150
v -0.37491190 -0.22859426 -0.32067963
v 0.66993529 0.07370884 0.25366443
v 0.70545059 -0.00544628 -0.05777888
v 0.64101398 0.14355150 0.23572031
v -0.31310248 -0.16090088 -0.22172454
v -0.02142504 0.13953480 -0.48896343
v 0.73910105 0.00588919 -0.04006674
v 0.59286296 0.05153795 0.12748618
v 0.37458307 -0.20202179 -0.07572889
v -0.38791701 -0.04642405 -0.18598264
v -0.23430198 -0.25824788 0.19706513
v -0.18016759 -0.18624046 -0.40072289
v 0.50594068 0.15980271 0.13213885
v -0.20651968 -0.24591778 -0.48786506
v -0.22233517 -0.29020375 -0.32531631
v 0.79690081 0.09824503 -0.14876112
v 0.60984182 -0.02033701 0.15534608
v 0.60482621 0.17673829 -0.00890365
v 0.51273072 0.20413521 0.16691050
v 0.58203512 0.05551592 -0.15981607
v -0.63739574 0.15714040 0.06684205
v -0.38315183 -0.21421066 -0.35860705
v -0.04452467 0.32411236 0.32846293
v 0.58850437 -0.13247845 0.19531450
v 0.70592773 0.17479815 0.06649543
v 0.66076607 0.16060239 0.23295143
v 0.77081048 0.09289373 0.13963772
v 0.73222840 0.00570714 -0.12865821
v 0.45425016 -0.05770010 0.01815397
v 0.01025015 -0.34974790 0.21332508
v 0.57325470 0.07606793 0.13605079
v 0.75946635 0.13039765 0.20500529
v -0.16273601 0.27859050 0.33123657
v -0.60233480 -0.12430709 -0.38158330
v 0.33715227 -0.14098433 0.19349062
v -0.38963568 -0.28810203 0.04492638
v -0.45693770 -0.02735231 -0.27846608
v -0.07596622 0.08150215 -0.56612456
v 0.10867683 0.08055361 -0.43856448
v 0.50904036 -0.18296242 0.17819795
v 0.78469920 0.21377693 0.07290933
v -0.59121215 -0.12776875 -0.21251689
v 0.44575831 0.17560005 0.12814218
v -0.56444901 -0.17354231 0.15201029
v -0.69602567 0.07357541 -0.17153046
v -0.50006336 -0.06319138 -0.39274642
v -0.23322874 -0.06353170 -0.33519089
v -0.76019096 0.12082046 -0.17084600
v -0.60958755 -0.05137664 0.23471333
v -0.44779253 -0.07750252 -0.45083424
v -0.75924057 0.05794313 -0.28967437
v 0.25698960 -0.18849170 0.23963457
v -0.31885391 -0.18687305 -0.34108803
v -0.54231381 0.19978479 0.15124331
v -0.61066771 -0.05134343 -0.30634102
v -0.36358070 0.00593940 -0.50343585
v -0.18530028 -0.12390015 0.47560343
v 0.69125760 0.03905790 0.00065814
v 0.62031764 -0.08004072 0.19646879
v 0.56068581 0.00542155 0.21921819
v -0.49233234 0.03149434 -0.09867494
v -0.25061545 -0.29229003 -0.11868283
v -0.11241351 -0.12731382 -0.51167309
v 0.58918357 0.00675530 0.25087714
v 0.53216285 0.05969229 0.03501857
v -0.09617355 -0.16083446 0.44966245
v 0.48335019 -0.10776361 -0.20050067
v -0.21098834 -0.26469257 0.37053615
v 0.30932844 -0.14514551 -0.30550024
v 0.52680975 0.14060768 0.01085008
v -0.35935965 -0.22256897 0.13634595
v 0.37898433 0.02978578 0.23949619
v 0.08902403 0.11172742 0.38799387
v -0.12956275 -0.23293051 -0.44224998
v 0.51872677 0.07469129 -0.19923827
v 0.16209666 0.09666159 0.32551670
v -0.21115910 0.30020714 0.44463336
v 0.15167594 -0.27254069 -0.34796098
v 0.61692703 -0.09254791 0.18525836
v -0.00820944 0.09571675 -0.50754142
v -0.28797245 -0.01307778 -0.53939110
v 0.40708312 0.12833960 -0.25785750
v -0.00601797 -0.03942269 0.46995020
v 0.14538386 -0.01504144 -0.51740623
v 0.13637114 0.06544037 0.38636580
v 0.70127475 0.12203213 0.09076495
v 0.04164303 -0.15509254 -0.45554802
v 0.48100531 0.01248021 0.07906282
v 0.70023030 -0.00822581 -0.13290681
v 0.05771641 0.13367690 -0.44864938
v 0.74813086 0.08491348 0.16463958
v 0.60266542 0.01419708 0.08084156
v 0.43990397 -0.03293774 -0.02973715
v 0.59634376 0.20108342 0.25377983
v -0.52831721 -0.16875368 -0.20463637
v 0.43264568 0.10128193 0.21317399
v 0.80353916 0.14004159 0.12528884
v 0.03353932 -0.08767670 -0.43947122
v -0.48972625 -0.18367416 -0.42538223
v 0.04311641 -0.10199899 -0.50106263
v -0.50422645 0.20729168 0.13897294
v 0.44705999 0.06949246 0.20845038
v 0.59637028 0.07697267 -0.00206096
v -0.14464112 0.15336660 0.45595965
v -0.49778932 -0.31119314 0.08714482
v 0.66483492 -0.04128336 -0.02768244
v -0.52552783 0.02441774 -0.14389464
v 0.00686571 -0.14454746 -0.50949025
v -0.65561426 0.11370084 0.07420887
v 0.20471807 -0.24508139 0.27062291
v -0.18811186 0.03081656 -0.58097553
v 0.47783405 -0.14616069 -0.09948154
v 0.52035260 -0.17701818 0.18911582
v 0.00175585 -0.32045710 0.03462842
v 0.68705446 0.09498741 0.24666542
v 0.18705219 -0.14922372 0.36894011
v -0.57741010 0.20494786 0.08259366
v -0.54311568 0.13587116 0.03491732
v -0.40989661 -0.19839314 -0.22254108
v -0.46590543 -0.21907474 0.01071833
v -0.00948626 0.13030937 -0.50594723
v 0.56657404 0.16280243 0.23092651
v 0.75402808 0.13971384 -0.02426331
v -0.39893574 -0.17637938 0.23224227
v 0.74485224 0.21627936 0.09583245
v -0.45794183 -0.22163312 -0.37157428
v 0.48811835 0.05239654 0.21592399
v 0.32892370 -0.22578442 0.11189702
v -0.52439004 -0.29109275 0.12307942
v 0.72563267 0.08039618 -0.04442509
v 0.53457332 0.21412699 -0.04752239
v -0.40906233 -0.11740615 0.05417113
v 0.13820501 0.19879265 0.39390373
v 0.39952266 -0.01169888 0.14404929
v -0.36090618 0.04006356 0.41170996
v -0.48651183 -0.20349567 0.08244644
v -0.17441322 -0.08402797 -0.58933938
v -0.12465558 -0.13494986 -0.47823006
v 0.54656988 -0.13994034 0.18341216
v -0.48572841 0.13815862 0.24237105
v -0.49365520 -0.31224164 0.08856967
v -0.22227861 -0.17899689 0.41847974
v -0.19606045 0.19345826 0.47378376
v 0.11900984 0.22912684 0.27145806
v 0.75580978 0.01775353 -0.06884120
v 0.39630920 0.05579682 -0.28179029
v -0.55313498 -0.11040440 -0.23601322
v 0.04576534 0.32938272 0.33313358
v -0.40485203 -0.17177346 -0.25516129
v -0.38590097 -0.06375415 -0.03569793
v 0.70919001 0.06611881 0.02264156
v -0.50445455 -0.16171560 -0.17997825
v -0.09996073 0.12718329 -0.52329087
v 0.50303775 -0.20565796 0.21726872
v 0.79036522 0.09427574 0.01084676
v -0.40191469 -0.13188726 0.00454670
v 0.57494330 0.04732408 -0.07973315
v -0.35840794 -0.27245876 0.20461118
v 0.45537901 -0.11838440 0.16353221
v 0.46949959 -0.12680185 0.14985751
v -0.25415415 -0.27505669 0.26473600
v 0.59329516 0.12640598 -0.03745623
v -0.01575729 -0.25098309 -0.51171422
v -0.10089029 0.05357727 -0.52017945
v -0.56120265 -0.17568710 -0.18961552
v -0.61214966 -0.06680734 0.17724110
v 0.65824586 0.14780214 0.12926616
v -0.30180603 -0.13789633 -0.22197983
v 0.80173409 0.11693236 0.09658766
v -0.64710140 -0.08708076 -0.23459342
v 0.46247900 -0.12220192 0.03555779
v -0.07838625 0.31206152 0.34244671
v 0.00875597 -0.22903691 0.39762396
v 0.62759900 0.06164724 0.14241327
v -0.30745724 -0.25661275 -0.40524036
v 0.50537324 0.16761824 0.05586602
v 0.22235917 -0.16410470 0.32469302
v -0.01040220 -0.16707085 -0.51220208
v -0.44230106 -0.21754593 0.02557649
v -0.52068907 0.04940844 0.02880840
v 0.74136704 0.01838658 -0.12910958
v 0.60827142 -0.08802418 0.16852693
v -0.56031293 -0.03069529 -0.18241332
v -0.58542079 0.10184111 -0.22754814
v 0.72754455 0.00239198 0.22101779
v 0.16080207 0.12531361 0.29621276
v 0.14624664 -0.01889847 -0.43672016
v -0.54016709 -0.23803112 0.18179680
v -0.43553144 -0.04202155 0.09168592
v 0.77723134 0.08314423 -0.18248229
v -0.13515955 -0.01230371 -0.41659743
v 0.45850086 -0.19499591 0.22760159
v -0.21390715 -0.26591507 0.21063744
v 0.26185092 -0.02668354 0.28763974
v 0.28830758 0.13780779 -0.32003528
v 0.06778085 -0.02357517 0.44044986
v 0.10471839 -0.29908562 0.19042179
v 0.56006408 0.12164850 0.16197544
v -0.08171645 0.22470094 0.04122533
v 0.70462239 -0.00126065 -0.10040548
v -0.18323068 -0.06260870 0.31822661
v -0.01178215 0.27353132 0.39920837
v -0.48854208 -0.11958802 -0.10589813
v -0.49355522 0.07879019 -0.19817828
v -0.68820637 0.04881088 -0.20305644
v 0.60050124 0.14875242 0.22024247
v 0.49515802 0.09087042 0.03867652
v 0.61104453 -0.00422372 0.16214699
v 0.43645805 0.02019710 0.17257038
v 0.70451528 0.04118824 0.18303663
v -0.67766690 0.11543195 0.09888181
v 0.22071934 -0.10968260 -0.39659065
v -0.49750873 0.04134955 0.34618795
v -0.40227133 -0.00184454 -0.41284502
v -0.31729504 -0.27151936 0.24214619
v -0.39315313 -0.01391451 -0.18856817
v -0.21600136 -0.15041728 0.20886445
v -0.25777072 -0.19581188 -0.17520769
v -0.07576475 -0.26665431 0.28472501
v -0.02311639 0.28570026 0.39576811
v -0.02512790 0.15071183 -0.48898453
v -0.06323378 0.28868666 0.27842432
v -0.43772602 -0.11251532 0.36804789
v 0.47527072 0.28013164 -0.03514374
v 0.25229952 0.11270964 -0.34244621
v -0.60541356 -0.07590812 -0.45538831
v 0.65989572 0.15321857 0.24388447
v -0.45138633 -0.08718412 -0.00164590
v -0.47873580 -0.17333989 -0.39379239
v 0.45575410 -0.14203452 0.16113092
v -0.61725688 0.01413851 -0.06584466
v -0.44248283 -0.25783530 0.16183195
v -0.17997043 0.33319670 0.39670709
v -0.51233637 -0.01705788 0.35094053
v 0.48153079 -0.07225041 -0.05047452
v 0.59941453 0.16503417 0.08338955
v 0.18226390 0.10171983 -0.35240293
v -0.64938629 0.00130156 -0.14383775
v 0.02501677 0.20058182 0.24177895
v -0.14907506 -0.13053916 -0.52597970
v -0.06100972 -0.08198711 -0.56493652
v -0.23577283 -0.28186029 0.20949657
v 0.72585028 0.21404581 0.11125030
v 0.06330425 -0.30611059 0.12121388
v -0.49896753 -0.07975572 -0.11849749
v 0.50544417 0.13335395 0.17293388
v 0.65946877 0.11308514 0.23061728
v 0.43112296 -0.14518988 0.06786229
v 0.40590397 0.27787063 -0.00517142
v 0.71487296 0.08892205 -0.03127539
v 0.39372987 0.09563958 0.24482618
v 0.60211635 0.06063011 -0.13639516
v -0.00873642 0.02313409 -0.55450761
v 0.34150398 0.21992239 0.26076815
v 0.66539240 0.02298418 -0.12564300
v -0.08958258 0.17902365 -0.12957712
v 0.81146926 0.12014362 0.08952157
v 0.53366631 0.05271659 0.09271753
v -0.73211902 0.13586962 -0.16539502
v 0.60704011 0.03234909 0.18903929
v 0.60602397 -0.10651269 -0.09240657
v 0.54424536 0.15277788 0.22382209
v -0.54438472 -0.14544065 -0.01588408
v 0.46783549 -0.06200127 -0.08799639
v 0.80343962 0.16343500 0.14363474
v -0.48941219 -0.23540255 0.21712522
v -0.19972147 -0.06479478 -0.34818727
v -0.29864061 -0.30161369 0.12986457
v -0.51204985 -0.15200070 -0.28984696
v -0.23834375 -0.30775863 0.20504196
v 0.04397552 -0.31540519 0.00422445
v 0.52814257 0.04551015 0.24428330
v 0.06965850 0.03248765 -0.43633753
v -0.20486152 -0.23286287 -0.17978899
v 0.16542292 -0.08577169 0.37963271
v 0.51190859 -0.12686180 0.14731845
v -0.48022646 0.01034988 -0.44848269
v 0.55889726 -0.16212362 0.17951436
v 0.64159864 0.01928651 -0.15029678
v -0.29255790 -0.30844128 0.20694350
v 0.56896830 0.14766181 0.16645837
v 0.23857421 0.18552105 0.34631115
v 0.47545364 0.02230685 0.11298592
v 0.21009082 0.01928284 0.33754647
v -0.49286711 -0.06834896 -0.45101312
v 0.41992554 0.04519182 -0.27496287
v 0.51457620 0.01056469 -0.08478349
v 0.64110208 0.02372989 0.04878165
v 0.09737946 -0.14275695 -0.44881070
v -0.12328713 -0.29164743 0.28274029
v 0.63536072 -0.03041803 0.22654575
v -0.50796187 -0.05946472 0.31154352
v -0.03367114 -0.33325925 0.01254559
v -0.34004197 -0.22125208 -0.40037772
v 0.54253763 0.10502310 -0.03929314
v 0.64876819 -0.03744609 -0.13339880
v -0.26866490 0.06402148 -0.56607753
v 0.59447074 0.04020366 -0.17611995
v -0.24495856 -0.06295396 -0.28120902
v 0.67448854 -0.03872126 0.19344476
v 0.52989674 0.24959156 0.11386865
v 0.43806785 0.06644168 0.23962665
v 0.64675105 0.17337403 0.14556064
v -0.39455822 -0.23963293 0.06360267
v -0.45034504 -0.15864730 -0.28552228
v -0.27822006 -0.17156881 -0.26715431
v -0.66951168 0.04223043 0.09432216
v -0.51037252 -0.19428912 0.04420061
v 0.10712986 -0.00533328 -0.45270830
v 0.61054790 0.22465935 0.01430167
v -0.68062097 -0.06335987 -0.21620983
v 0.03963839 0.26594123 0.34444588
v 0.50042605 -0.11576886 0.00066917
v 0.53759247 -0.10113809 -0.07801963
v -0.65266371 -0.01488683 -0.17805067
v 0.48356488 0.06675556 -0.25024310
v 0.52941167 0.05434991 0.02691203
v -0.25674492 -0.29282427 -0.37568611
v -0.66165066 0.09976513 -0.19690856
v -0.23103398 -0.23075205 0.21956570
v 0.74692339 0.09743357 0.13643898
v 0.42407531 0.26110458 -0.07912654
v -0.65261579 0.00190029 0.17540103
v -0.40598494 -0.20936358 -0.39062613
v -0.28021523 -0.00175148 -0.54406816
v 0.38908982 0.00644919 0.18619794
v -0.39412260 -0.26854652 0.12124665
v 0.06999955 0.12385271 0.42090663
v 0.37641621 0.11377131 -0.29050893
v -0.69695938 -0.03155510 -0.22419205
v 0.67192698 0.07253118 0.25269857
v -0.08875570 -0.19163409 -0.54210162
v -0.25574899 -0.28321299 0.29364926
v 0.55971462 0.00538247 0.25872320
v -0.64314091 -0.02877086 -0.39905554
v -0.19016917 -0.31929174 -0.34894258
v 0.63218325 0.02874642 -0.01256575
v -0.56463790 -0.04888733 -0.29058406
v 0.40613756 -0.13734506 -0.08443952
v -0.54189187 -0.18985182 0.17616469
v 0.62172997 -0.07652006 0.01547656
v 0.50975931 -0.10696338 0.17919487
v -0.21838936 -0.29538321 0.20528668
v -0.60439014 -0.06787973 -0.02317244
v 0.06346668 -0.21761176 -0.38003117
v -0.58504474 -0.13744484 0.04444128
v 0.52468842 0.04585538 0.01136841
v -0.07296963 -0.32100955 0.19627208
v -0.25599396 -0.14652026 -0.28606889
v -0.49128693 -0.21382689 -0.00425465
v -0.11624223 -0.26195604 -0.37026304
v 0.41810557 -0.05898235 -0.24132958
v -0.09404907 -0.28266224 0.28314197
v -0.45377880 -0.32277954 0.11624652
v 0.54752040 -0.03984886 -0.04046551
v 0.78487289 0.04227230 -0.12144825
v 0.46060914 0.02431711 0.12833533
v 0.79058355 0.03962371 -0.07482231
v -0.65418899 0.07690906 -0.01047861
v -0.25337166 -0.19007865 -0.43054491
v 0.38086629 -0.02013591 0.22322331
v 0.71276617 -0.01034797 0.23275265
v 0.02521933 0.22324947 0.01188801
v 0.47912914 -0.10620253 0.00720980
v -0.33764577 -0.26037076 -0.15552869
v 0.26411837 -0.03406019 0.28598911
v -0.60396260 -0.05411229 -0.15778516
v 0.69335222 0.21573022 0.14896481
v -0.07290541 -0.21580346 -0.54306859
v -0.02214141 -0.02911345 -0.57735372
v -0.33172566 -0.17119989 -0.34736812
v 0.10475448 -0.26817581 0.31669664
v -0.13683031 -0.27828670 0.30209076
v 0.67699254 -0.01647189 -0.03969747
v 0.26661816 0.13603307 0.31862172
v -0.76338142 0.07971640 -0.17670584
v 0.01337725 -0.24049118 -0.46840307
v -0.15430991 -0.06875853 -0.56069791
v 0.03422328 0.17471109 0.28669757
v -0.26029566 -0.05800301 -0.37602991
v -0.35457146 -0.29863620 0.10266820
v -0.51024777 -0.20162421 0.04048183
v 0.31435680 -0.06295462 -0.30323082
v -0.54027313 0.11012186 0.01146770
v -0.68291593 -0.01198312 0.10374236
v -0.03978327 -0.26403552 -0.47130775
v 0.59694582 0.00932182 0.07202584
v -0.64833784 0.10206620 -0.00518848
v 0.02294829 -0.08341321 -0.49476108
v 0.72476661 0.03788957 -0.01067271
v 0.40294969 -0.10339604 0.22201183
v 0.61273688 0.15924555 0.22781087
v 0.70769739 0.04286013 -0.03723265
v -0.28227034 0.01804280 0.42254871
v -0.00191480 -0.31028384 0.30920988
v 0.54177719 0.05778486 0.24340490
v -0.48954508 -0.05277820 -0.50745046
v -0.57679772 0.18933861 0.09237540
v -0.10051398 -0.26491120 0.31600904
v -0.45580456 -0.16236243 -0.27829859
v -0.36307794 -0.03618422 -0.11629848
v -0.54342687 -0.08284618 -0.16654648
v 0.58418971 0.05524055 -0.11172159
v 0.64445007 -0.04248537 0.02225050
v 0.37895617 -0.09400175 0.20686734
v -0.04907025 -0.23607102 0.43163514
v 0.31723320 0.23647809 0.22477269
v 0.60556841 0.06654684 0.18156107
v 0.77854335 0.07007725 -0.05773053
v 0.14409782 -0.22364795 0.35402989
v 0.68814707 0.00929060 0.24358739
v -0.71292591 0.17033353 -0.20623538
v 0.66171384 -0.05061306 0.19517203
v 0.67821729 0.00376946 -0.12792706
v 0.67692751 0.05524946 0.25173610
v 0.67966235 0.09501553 0.10798979
v 0.16531783 -0.08845644 0.40871930
v -0.48847446 -0.05684559 -0.48615938
v -0.64160579 -0.03306496 0.00071423
v 0.49836221 0.04625351 0.24725571
v 0.00536357 0.15459256 -0.46048963
v 0.43005759 0.17063235 -0.03727170
v -0.05644794 -0.32369101 0.24292332
v 0.46348608 0.00391467 -0.26882648
v -0.17400907 0.17182913 0.22611225
v 0.00455876 -0.28246146 0.29606473
v 0.56962103 0.04151233 0.12981990
v -0.04590595 0.14627078 0.32646888
v -0.22513382 -0.14032903 -0.31991631
v -0.51437449 0.04136679 -0.35833925
v 0.68904412 0.03695373 -0.04926576
v -0.09018163 0.20624641 0.41967905
v 0.79267097 0.09344712 -0.02708813
v 0.28616557 0.24408835 0.38837877
v -0.62803590 0.04725657 0.20741029
v 0.73926783 0.10724661 0.22867376
v -0.61409861 -0.07445298 0.18050122
v -0.78483343 0.13739231 -0.18050553
v 0.00755547 -0.21805283 -0.49909019
v -0.10353224 0.20819411 0.08495199
v 0.55984426 0.07211169 -0.05747681
v -0.34341633 0.23687848 0.44500327
v -0.31414136 0.23453374 0.27249500
v 0.13707536 -0.16978222 0.38542858
v -0.00923614 -0.06779557 -0.54755127
v 0.61475968 0.01793709 0.01660562
v 0.60432327 0.11212068 0.12036401
v 0.09191351 0.14691968 -0.36710680
v 0.39691770 -0.15277927 0.16190252
v 0.03896749 0.06775288 -0.44077653
v 0.57718652 -0.09197702 -0.14413476
v 0.42644647 0.05582128 0.25067025
v -0.27281183 -0.18852657 0.44493970
v -0.26265371 -0.13231455 -0.20808583
v 0.28936756 0.12796468 0.27494878
v 0.44798231 -0.01976752 -0.11764516
v -0.04939055 -0.15885484 -0.39702386
v 0.72371751 0.07163417 -0.14690217
v 0.43050843 -0.02609125 0.23894176
v 0.52930325 0.07148825 -0.18995740
v 0.15482007 0.22940642 0.30519980
v -0.12572576 0.16059262 -0.23640846
v -0.38456467 -0.13319752 -0.15077743
v -0.17036773 -0.27832749 0.36887017
v 0.02667297 0.18074521 0.35605258
v 0.66508240 -0.03859048 0.17908819
v 0.57150036 0.11955469 0.00594280
v -0.51061511 -0.21820848 0.08876067
v -0.14482315 -0.13711163 -0.45903340
v -0.08771088 -0.33129781 0.26614314
v -0.42288479 -0.13829464 -0.09163119
v 0.50800300 -0.12207153 -0.01102195
v -0.05736393 -0.08625198 -0.58004290
v -0.46173179 -0.17276794 -0.26791176
v -0.35267460 -0.25689006 -0.31443858
v 0.62611473 0.22213075 0.05294253
v 0.29939771 -0.14669710 0.22821984
v 0.56620967 0.19029313 -0.03655394
v 0.42472142 -0.07850466 -0.09834160
v 0.77286112 0.09548311 -0.04192616
v 0.04819795 -0.30678821 -0.04345739
v 0.58005738 0.15975216 0.05069041
v -0.68019271 0.00088787 0.12674712
v 0.74961156 0.17851968 0.03624645
v 0.04572479 -0.31146067 0.15022852
v 0.45071217 0.12624703 0.17104632
v 0.02687459 -0.04907037 -0.50809622
v 0.60404146 0.07219125 0.23105791
v -0.36071035 -0.28911331 0.08290724
v 0.55301189 -0.10710633 0.14569302
v -0.03426696 0.15512481 0.33769566
v -0.54290581 0.18124095 0.02127214
v 0.69355917 0.03369973 -0.15080997
v -0.21837926 -0.28858110 -0.41168040
v -0.13359389 -0.27791888 0.35267192
v 0.53443414 -0.10908943 0.14152952
v -0.55969566 0.09698094 -0.34789491
v -0.10252111 -0.09245700 0.49097618
v 0.52452362 -0.10444116 0.19084075
v 0.56604707 -0.15154982 0.22290412
v 0.75471848 0.07329559 0.25379947
v 0.55614853 -0.02493761 -0.22488841
v 0.59608048 -0.01617890 0.14757434
v -0.06689351 -0.25534904 -0.25129896
v 0.68214595 0.05468597 -0.19863459
v 0.41857713 0.03002688 -0.30094153
v 0.66193944 -0.02552043 0.24144952
v -0.65280229 0.10475583 0.16473445
v -0.55437094 0.05206207 -0.09255561
v 0.62183142 0.05808567 -0.12765408
v -0.50210309 -0.28824648 0.11311847
v 0.77845418 0.08395937 0.05048845
v 0.07176070 0.12763698 0.44493073
v -0.25203109 0.16367044 0.37869972
v 0.67330223 -0.04099574 0.23586249
v -0.22771177 -0.01634119 -0.43172801
v 0.49436438 -0.16737717 0.21203071
v 0.50100237 -0.18149462 0.22218323
v -0.62171775 -0.08005251 0.17665036
v -0.48264298 -0.06431154 -0.44462234
v -0.08160031 0.26706010 0.45167458
v 0.65898645 0.02602067 -0.02881788
v 0.45615160 -0.12954384 0.06222453
v -0.70405978 0.00261924 -0.32685274
v -0.57536179 -0.10179406 -0.17388551
v 0.51174253 -0.17375146 0.16523498
v -0.07302964 -0.04092571 -0.57991827
v 0.60103834 0.00957841 -0.19192240
v -0.15783265 -0.03496981 -0.57324767
v 0.03011951 0.01399846 0.46319434
v 0.11760673 0.15534088 0.25640839
v -0.19686438 -0.27453455 0.12809810
v -0.43700492 -0.04470047 -0.30722097
v 0.77644056 0.15309139 0.19827224
v -0.59986413 -0.02640419 -0.26769114
v 0.42912900 0.07384625 -0.17644492
v -0.10475124 -0.05639739 -0.58452272
v -0.66835314 -0.04616332 0.06702573
v -0.00120888 -0.18849745 -0.44446325
v -0.61053813 0.12419761 0.01736619
v -0.57172930 0.02236480 -0.39146867
v -0.21122909 -0.03366921 0.21470618
v -0.17377101 -0.00732701 -0.58304214
v 0.68912679 -0.04529112 0.22135149
v 0.09182534 0.26611224 0.33435708
v 0.07643764 -0.09909196 0.43913299
v 0.69571304 0.07440554 0.15146728
v 0.09415103 -0.31494290 0.08215287
v -0.44972152 -0.11323285 0.09402640
v 0.63562530 -0.02557042 0.14200345
v -0.69346797 0.03178711 -0.16130635
v 0.69613355 0.02395245 -0.16955325
v -0.27533108 -0.31897733 0.21668726
v 0.28977039 -0.28335303 0.03766271
v -0.61591411 -0.02493725 -0.25119406
v -0.35094422 0.01638921 -0.36670882
v -0.19683579 -0.22196960 0.05431559
v 0.58046073 0.18033975 0.13284168
v 0.44460058 -0.11426972 0.19780809
v -0.49287671 -0.13489136 0.11497144
v 0.52153742 -0.12663013 0.04186043
v 0.44435728 0.10858009 -0.23714963
v 0.53387833 -0.13233885 -0.15241949
v 0.75934380 0.22168282 0.08852533
v 0.02823743 -0.26047698 -0.48062018
v -0.22186030 -0.27923769 0.25380462
v -0.55279964 -0.01028384 -0.34540612
v 0.70242596 0.07643866 -0.18992952
v -0.52621913 -0.05431461 -0.12345672
v -0.52344799 0.03650612 -0.09758760
v 0.39777774 -0.12375881 0.23844700
v 0.02680744 -0.16522011 0.42146841
v -0.14221579 -0.33165151 -0.31816307
v -0.54792166 -0.09474903 -0.26695630
v -0.44310382 -0.21867636 0.07680608
v 0.75403517 0.11413943 -0.03573698
v 0.38622540 -0.13136426 0.21490999
v 0.49841741 0.05348948 0.03380496
v 0.21751291 0.00230411 0.31932622
v -0.48638943 0.00760166 -0.10783039
v -0.47674638 0.01978586 -0.06652017
v -0.55803287 0.05464179 -0.07906023
v -0.01062262 -0.34931287 0.22990085
v -0.69605577 0.05052143 -0.15638761
v -0.02352181 -0.23149726 -0.34121728
v -0.20850869 0.30466545 0.32550147
v -0.03786909 -0.29939172 0.17559263
v -0.50135601 0.07641921 -0.29976174
v -0.07514712 -0.35573995 0.20009130
v -0.39506519 -0.28997102 0.15281025
v 0.72770655 0.10390457 0.14364332
v 0.08638988 0.09254567 0.38448724
v -0.36760485 -0.20427930 -0.29823428
v 0.35940969 0.18582004 0.25296867
v -0.55215907 0.09364568 -0.07507528
v -0.62752414 0.04592876 -0.25803429
v 0.43888307 -0.08164226 0.07223666
v -0.22228578 -0.28471646 -0.17809922
v -0.32803631 0.05215559 0.03452933
v -0.10847141 -0.28638631 0.22109586
v 0.78649706 0.17127644 0.19620557
v -0.44307554 -0.19601949 -0.27626705
v -0.57805622 0.11245164 0.00065934
v 0.64178407 0.02782497 0.13672844
v -0.42561403 -0.26936430 0.16053084
v 0.47804427 -0.13231018 0.07296464
v -0.22807750 -0.01144880 -0.60738444
v 0.45685852 -0.13310884 0.04735441
v -0.42155331 -0.06402995 0.13157369
v 0.71231019 0.04804044 -0.17676958
v -0.62096548 -0.03410710 -0.15730196
v 0.43986663 -0.05745184 -0.21399167
v -0.09882362 0.03094896 0.50060296
v -0.25790471 0.19487537 0.26642483
v -0.09726778 0.09053899 -0.58233422
v -0.39372957 -0.20418011 -0.35492408
v -0.27832213 0.12916450 -0.15069416
v -0.51637828 -0.21260536 0.23463519
v 0.73240805 0.21031122 0.10597573
v 0.41156062 -0.10156997 0.21501207
v 0.47766811 0.03878564 -0.14866285
v 0.05014809 0.19437905 0.20466128
v 0.81610125 0.09194998 -0.15389696
v -0.10528300 0.20578250 -0.09094486
v -0.10596898 0.31577405 0.27201220
v -0.46412021 -0.19677512 -0.20691538
v 0.48540270 0.15955743 0.20402959
v 0.11005347 0.18507844 0.35820538
v 0.58382171 0.13391766 0.02630709
v 0.41752195 0.10994342 -0.26139271
v 0.57228702 0.00159820 0.23870508
v -0.63396406 -0.09674263 -0.22294950
v 0.48453045 0.12427018 0.24976236
v -0.78927106 0.10555883 -0.17036383
v -0.20752066 -0.08715200 -0.58985180
v 0.23742902 -0.17926131 0.31899443
v -0.05869603 -0.12533647 -0.58007574
v -0.11824267 -0.23767176 -0.43940848
v 0.71845812 0.01580576 0.24973518
v -0.03911306 0.03908604 -0.56303263
v -0.47290868 -0.02015361 -0.26060981
v 0.73134238 0.05605409 -0.17589957
v 0.12435212 0.09058465 -0.43139344
v -0.01867741 0.16957358 0.44754049
v 0.55510813 0.15410975 0.23009366
v 0.60681260 0.19357675 0.00102791
v -0.40359801 -0.15564844 -0.42190698
v -0.36703566 -0.15772264 -0.43819982
v -0.62856841 0.01351994 -0.31631362
v -0.22540750 0.20858258 0.25269988
v 0.69697547 0.01426325 -0.14832471
v 0.60807776 -0.04790069 0.07116002
v -0.04221754 -0.21528454 -0.52328205
v -0.22108111 -0.08921004 0.10270624
v 0.09434005 0.05040205 -0.51353878
v 0.76312310 0.04928029 -0.08485462
v -0.39739400 -0.12773392 -0.50911045
v 0.16462010 0.03707987 0.40704519
v -0.32735014 0.31046247 0.36937052
v 0.15480429 -0.29369420 0.22512674
v -0.58759707 -0.09196459 -0.23896042
v 0.64528954 0.02118582 0.09255531
v -0.61367857 0.17277250 0.06112777
v 0.61056072 -0.05128976 0.05712117
v -0.23216045 0.11812044 0.48787618
v 0.68823814 0.05641685 0.24238044
v 0.48626268 0.18878576 0.09401463
v 0.46716130 -0.10888230 -0.11456265
v -0.04079546 0.29576722 0.29503593
v -0.60968518 -0.10601251 -0.14295557
v 0.70222759 0.00983402 -0.10741365
v -0.08581170 -0.28918034 -0.02530392
v -0.49482203 -0.15748453 -0.09727468
v -0.11348651 -0.06655681 -0.56583029
v 0.11976016 0.13058278 -0.40166646
v -0.12362402 -0.17066616 -0.46921289
v -0.46065342 -0.01437597 -0.01624849
v -0.24969107 -0.31748724 0.14155811
v 0.37771216 -0.07785855 0.06267279
v -0.68249691 0.06670319 0.01379967
v 0.66339308 -0.03918495 -0.03491180
v -0.22059397 0.14922309 0.45756376
v -0.45452118 -0.18517946 -0.45048857
v -0.28109860 -0.32027411 0.12126693
v -0.50437182 -0.20971435 0.20840965
v 0.60276783 -0.08594266 0.01217882
v -0.36069149 0.27074036 0.41097149
v -0.04155537 -0.07972154 -0.54415560
v -0.08052722 0.01597398 -0.42629778
v -0.35574991 -0.24689801 -0.43978912
v -0.52053618 0.02575634 -0.11254619
v -0.63327020 -0.12299877 -0.13006896
v 0.25200129 0.06544042 -0.34387404
v -0.02534404 -0.00111752 -0.57786322
v 0.58700347 -0.11795530 -0.06054619
v 0.77466840 0.09230617 -0.18671098
v 0.46825260 0.12677181 0.14575467
v 0.42258412 0.30640414 0.04414254
v 0.39337373 -0.10467967 -0.25754875
v 0.06271408 0.23928156 0.34297749
v 0.39219621 0.06661031 -0.26621282
v 0.67542696 -0.05021451 -0.03991312
v 0.39297694 0.24077657 0.22967565
v 0.50509465 -0.11881384 -0.00966103
v 0.61070812 -0.03309321 -0.16184320
v 0.45864567 -0.02104369 0.25308385
v -0.47070092 -0.16055986 -0.35764593
v 0.53922141 -0.12335177 -0.01354087
v 0.74946648 0.03194523 0.23637165
v -0.12059613 -0.32273871 -0.25140196
v -0.62031221 0.14162633 0.02323374
v -0.53999829 0.12026002 0.25086075
v -0.44565117 -0.21628845 -0.38464940
v -0.39028129 0.33015233 0.29386365
v 0.34475508 0.10346092 0.32901436
v -0.52457064 0.01076251 -0.22268574
v 0.79579806 0.18513229 0.16288975
v -0.40905389 -0.10640606 0.17323504
v 0.59703815 -0.11219808 -0.11429778
v -0.30357438 0.04353851 -0.19381228
v -0.18332087 -0.22330077 0.30013511
v -0.69555569 0.08040799 0.07567425
v -0.08131328 -0.19139749 -0.53657520
v 0.44973639 -0.08202744 -0.22543506
v -0.06398617 -0.26751018 -0.48900500
v -0.07199953 0.08551455 -0.52782464
v -0.43686700 -0.22545654 0.06210568
v 0.70431447 0.00147533 -0.05483661
v 0.58882630 -0.09734986 0.04562192
v -0.48148626 -0.13919397 0.10207564
v -0.46585846 -0.25141051 0.19421177
v -0.58240366 -0.06526067 -0.16748679
v 0.29211819 -0.15112576 0.23728219
v -0.61261123 0.15553209 0.09982847
v 0.71737117 -0.00518559 -0.09301805
v 0.14765310 -0.03287697 0.41323796
v 0.52770114 -0.11909959 0.00561029
v -0.52459782 -0.15624085 -0.33470803
v 0.39902997 -0.18183401 -0.02783259
v -0.52670068 0.00287694 -0.33508870
v -0.40561604 -0.30279276 0.11310203
v -0.25795883 -0.30935475 0.10903373
v 0.01703914 0.13568228 -0.48450387
v 0.53453994 0.03608727 0.23384678
v -0.28556401 -0.29317269 -0.25433671
v 0.04458044 -0.29998344 -0.18695378
v -0.56783235 -0.11841717 -0.26564330
v 0.51438439 -0.20857088 0.22758263
v -0.30557698 -0.08451717 -0.55339468
v -0.47479421 -0.27212015 0.21389258
v 0.45981887 0.00333254 0.06894074
v 0.03830528 -0.23906723 -0.49524820
v 0.70350492 0.06997693 -0.02861176
v -0.59988528 -0.11063270 0.17905739
v -0.31400025 0.00883048 -0.41909507
v -0.06312710 0.19504234 0.31439707
v -0.52967042 -0.08968566 -0.09048547
v 0.46425232 0.01183456 0.13911882
v 0.10268139 -0.04538528 -0.42540479
v -0.48861995 0.14159638 0.27579385
v 0.62625062 -0.03303044 0.04598108
v -0.46344757 -0.20897187 0.22250193
v 0.60674536 0.06653935 0.23580018
v 0.50922227 -0.13557133 -0.11463442
v 0.07358171 0.18585545 0.44711712
v -0.22293681 0.28635570 0.23115027
v 0.85223854 0.09727790 -0.13246123
v 0.39269698 -0.12533632 0.10505758
v 0.60722613 0.15483961 0.10157914
v 0.33232448 0.13758780 -0.30335039
v 0.07988888 0.05152415 -0.52045804
v -0.57250071 -0.18122000 0.06517778
v -0.46393716 -0.15810080 -0.34981391
v -0.39392209 -0.10209991 -0.52791703
v 0.37401611 0.13571414 0.25388324
v -0.39910844 0.31538340 0.24393624
v 0.29074416 -0.28687498 -0.10295838
v 0.52520120 0.03703278 0.23695122
v -0.40573502 0.03656768 0.15773439
v -0.60199338 -0.08197214 0.19608243
v -0.36808926 -0.20623729 0.23116168
v -0.57064760 0.10326095 -0.18160306
v 0.54146081 -0.10798246 0.06727965
v -0.69671351 0.11583214 -0.15372413
v -0.66079158 0.09327240 0.13257492
v -0.08514219 -0.13116731 -0.52943087
v 0.06717689 0.20285562 0.43200678
v 0.38110512 0.22016338 0.23171531
v 0.78909367 0.13064164 0.17208610
v -0.10468889 0.11012539 -0.36542743
v -0.17583235 -0.26226622 0.12665632
v -0.00552363 -0.07368084 -0.44393194
v -0.12461030 0.24743105 0.37141189
v 0.55395591 0.14483047 -0.07179892
v -0.04531227 -0.31080455 0.11663637
v 0.10688297 0.18264441 0.37420025
v 0.58310163 0.16206139 0.07955477
v 0.15084355 0.08450314 0.30813897
v 0.58467424 -0.11217596 -0.12024456
v 0.20170110 0.11355442 0.35580474
v 0.59078878 0.00351296 -0.19536214
v 0.52256817 -0.11357246 -0.08622250
v -0.47779241 0.19897142 0.14449072
v -0.43826514 -0.02868441 -0.31166434
v 0.49705762 0.22486629 0.14130157
v -0.29528445 -0.18361147 0.36406708
v -0.69346172 -0.08867251 -0.19823875
v 0.63164288 -0.07045955 0.18557531
v -0.26137578 -0.30564308 0.17418811
v 0.55190516 -0.01269583 0.24939862
v -0.38713896 -0.23723298 0.09854721
v 0.77480161 0.10418769 -0.15786597
v -0.28871673 -0.09920585 0.07784959
v 0.39347059 0.32270461 0.02109987
v 0.31906632 0.25593936 0.01596822
v -0.22512096 -0.10130341 0.19708990
v -0.38465673 0.22200304 0.37066892
v -0.66268927 0.02184165 0.17610662
v 0.71878105 0.07101616 -0.17790867
v 0.45790198 0.07352988 -0.17276782
v 0.29823986 -0.20061718 -0.29170066
v -0.19038127 -0.01200643 -0.46008947
v 0.25974000 -0.08188749 0.29807386
v -0.07231390 -0.28836051 -0.43546334
v 0.24564843 -0.16121040 0.29884428
v 0.63242638 -0.07547192 0.18225756
v 0.38130754 -0.18501614 0.05234464
v 0.42539990 -0.03592194 -0.22677104
v -0.43796039 -0.02067372 -0.38096666
v 0.03099786 -0.02969633 -0.54729712
v -0.00318729 -0.31307381 0.01749033
v 0.61185169 0.11529937 0.13134405
v 0.55396324 -0.06133474 -0.18729818
v -0.08163419 -0.34540227 0.19528604
v -0.29477984 -0.29636121 -0.38142872
v -0.40716630 0.24116307 0.16393802
v 0.50940013 -0.10954606 -0.02375487
v 0.58133250 -0.04877388 -0.16162923
v 0.73241633 0.12878792 0.00606483
v 0.56727022 -0.14518169 0.18112269
v 0.15725447 0.14797826 -0.30009532
v -0.45765656 0.04793076 -0.11841105
v -0.32651636 -0.09516291 0.45551580
v 0.66985714 0.18406025 0.21088119
v 0.54813451 0.15822652 0.16657700
v -0.47044566 -0.19641323 -0.23747401
v -0.08283123 0.21585858 0.10320428
v -0.25299603 -0.01284472 -0.58304179
v 0.02891804 0.10594530 0.40055677
v 0.55007118 -0.16951063 0.24459830
v 0.16444534 -0.28079015 0.19587597
v -0.66044474 0.05079395 -0.16790599
v -0.31466705 0.38370654 0.28430280
v 0.59657693 0.06775909 -0.00481210
v 0.29115701 0.13040201 -0.33006003
v 0.36179358 0.00692806 0.26035756
v 0.45891929 0.07628249 0.20353225
v 0.80519736 0.16902027 0.03121315
v -0.02991191 -0.29533070 -0.44165021
v -0.48334712 -0.02820578 -0.43290347
v 0.49941689 0.19268642 0.18849628
v 0.51384032 0.11152788 0.23006305
v -0.11308015 0.21594688 0.32474697
v -0.01513100 -0.31072816 0.34489223
v 0.58419126 -0.08157676 -0.14106265
v -0.55255175 0.05422045 0.00366285
v 0.76092565 0.02194812 -0.07317089
v 0.12124774 -0.01399107 0.39417267
v -0.68248564 -0.03192665 0.08508357
v -0.36741865 -0.26700631 0.19350550
v 0.56607008 -0.10993234 0.05711759
v -0.56672728 -0.18562201 0.17178562
v 0.63149047 -0.05494162 0.14584288
v 0.38212717 -0.10204703 0.17020763
v 0.09524877 -0.23390423 0.38719404
v 0.49136734 0.03627831 0.03784256
v -0.15860167 0.24742249 0.48523402
v 0.26754040 -0.27925560 0.08944927
v -0.40941292 -0.20951377 -0.40534651
v -0.58260643 0.13985446 0.03460854
v -0.00250994 0.24185210 0.42535487
v -0.23857951 0.09468386 0.39442217
v 0.69910479 -0.00347352 -0.07966773
v -0.32326287 -0.09843698 0.11518191
v 0.05082110 0.17122200 -0.39444768
v -0.18059291 -0.01434925 -0.46026397
v 0.32470748 -0.17658707 0.17904329
v -0.26830256 -0.10341685 0.46777663
v -0.11967576 0.08684056 0.42446530
v 0.31991088 0.03407388 -0.25967091
v 0.13357985 0.02148665 -0.47262371
v 0.67678875 0.07114000 -0.20916989
v -0.18799177 0.02126054 -0.49292731
v 0.44230002 -0.17068034 -0.12320918
v 0.49519837 0.22319654 0.11645213
v 0.69698542 0.03761276 -0.00926909
v 0.31065774 0.07763242 -0.33153126
v 0.40979481 -0.12608933 -0.16564658
v -0.14902246 -0.25866738 -0.36757931
v 0.63204151 -0.06609968 0.01904966
v -0.47854447 -0.03945912 -0.31472296
v -0.01704051 -0.29370493 0.29026556
v 0.63239920 0.15855780 0.22856429
v 0.28816634 -0.28003222 -0.08678150
v 0.77266490 0.21739194 0.18129952
v 0.77932310 0.17450418 0.19689402
v -0.41589221 -0.33402586 0.10947746
v -0.05534975 0.16166979 0.31571132
v -0.11380301 -0.24267483 -0.16554698
v -0.09871008 -0.32794961 0.15048300
v -0.27458107 0.01040121 -0.43398985
v 0.30162936 -0.24120297 -0.19694753
v 0.80991209 0.06214534 -0.11171329
v -0.15105867 0.31260896 0.44133282
v -0.43626407 0.04519996 -0.17238815
v 0.45419377 -0.13443911 0.11709195
v 0.45836645 -0.19042793 0.18358648
v 0.70872760 0.10047136 0.13777755
v -0.65584612 0.10368838 0.12671225
v 0.55331242 -0.09861403 0.18840355
v 0.64775121 -0.07402427 -0.06071183
v 0.41179740 -0.18672563 -0.08366761
v -0.15258710 0.00190334 0.48606619
v 0.52007300 -0.12320196 0.02643365
v -0.60680491 -0.09244844 -0.17543641
v -0.58386451 0.11469864 -0.39358595
v -0.31792772 0.04290612 -0.43831196
v 0.40696666 0.14058204 0.23717830
v -0.45085382 0.05863774 0.37551191
v 0.50217170 -0.02338789 -0.02568985
v -0.35580939 -0.22837347 -0.43482339
v 0.05972032 -0.30992663 0.16027106
v 0.57747054 -0.11482543 -0.12043355
v -0.11601794 0.19135281 -0.17858264
v -0.48663431 -0.23461381 0.16163996
v 0.19400667 -0.00971260 -0.41317385
v 0.81353503 0.15065676 0.06775038
v 0.64462924 0.18186358 0.21109644
v 0.49410623 0.09410961 0.06188917
v -0.49668774 -0.22068611 0.04412873
v -0.47526672 -0.13808587 -0.23739389
v 0.28229678 -0.19028023 -0.31494918
v 0.60632277 -0.09103046 0.16742256
v 0.81164533 0.18715918 0.11665526
v -0.60446948 -0.03051035 -0.16896999
v -0.01321493 0.00369842 -0.50146353
v -0.17304495 0.17572761 0.25738633
v -0.03003603 0.24115384 0.27055353
v 0.72376812 -0.00734003 -0.08139004
v -0.05084567 0.21154907 -0.45966870
v 0.06731911 0.08619644 -0.45190755
v -0.54179078 -0.19388989 0.13350300
v 0.40745342 -0.00051531 0.16863114
v 0.43330187 -0.15684640 -0.08983001
v -0.12010060 0.27121273 0.38870385
v 0.04466474 -0.27756733 0.32298756
v -0.76109844 0.20205767 -0.13666339
v -0.38489670 -0.29747111 0.08918554
v 0.61314136 0.17757300 0.05882789
v 0.40541023 -0.15933402 0.15254556
v -0.18832591 -0.23579031 -0.11247967
v 0.77425241 0.08187279 0.08391187
v -0.38515306 -0.17550458 0.08590965
v 0.77173203 0.22653750 0.13278967
v 0.21109404 0.11046433 0.25225890
v 0.66786188 0.03157427 0.18348132
v -0.40767914 -0.12989601 -0.05598352
v 0.28429139 -0.19428416 -0.30008024
v -0.13777630 0.06750741 0.47795099
v 0.01718455 -0.25660327 -0.24574158
v -0.35937017 0.24817808 0.12118547
v 0.37932327 0.02866846 0.23317410
v 0.54705548 -0.14734378 0.18787575
v 0.07253042 -0.06728774 0.44740906
v -0.55281192 0.11630444 0.00039615
v -0.53647596 -0.09229299 -0.17809649
v 0.41737780 0.30299306 -0.02026285
v 0.59263301 0.03157772 0.06871325
v 0.45098764 0.02385796 0.17240267
v 0.67444754 -0.00535388 0.16447026
v 0.22825994 -0.23088823 0.25759870
v 0.47290945 -0.13377060 0.07730074
v -0.46620220 -0.16562599 -0.26709306
v 0.56782699 0.06112564 -0.13225198
v -0.16091241 0.05844671 -0.33443105
v -0.38218892 -0.03502921 -0.54764593
v 0.60484445 -0.05734974 0.21639922
v -0.36232316 -0.24968791 0.04239425
v 0.25461417 -0.25758711 -0.28503039
v -0.62705171 -0.07280160 0.17124653
v -0.48441732 -0.11263373 -0.28935367
v 0.66630387 0.05399683 0.16041164
v 0.54991615 0.11582705 0.19524045
v -0.58771110 0.08213993 -0.02610119
v -0.48600760 -0.14629887 -0.35200009
v 0.44202048 -0.03791697 0.24468778
v -0.32303253 -0.22267371 0.21978955
v -0.15898810 0.34613919 0.39171797
v 0.06804962 -0.25925782 -0.44003505
v -0.18359977 0.05631065 -0.60252738
v 0.67626649 0.19739534 0.14370626
v -0.67927313 0.08327144 -0.24689725
v 0.56816971 0.06392153 -0.08318034
v -0.26873469 -0.21592645 0.41900527
v 0.58263862 0.05927533 0.12073727
v 0.54672194 0.26661515 0.05634397
v -0.32206076 -0.31763983 0.10785869
v -0.59969407 0.15683594 0.05526471
v -0.49838305 -0.25039840 0.21529584
v 0.84518653 0.08872486 -0.14188129
v 0.79360771 0.16300684 0.18170880
v -0.45671678 -0.32273346 0.11707649
v -0.49123272 0.08284353 -0.29889902
v -0.21234342 0.17235543 0.30570638
v -0.44865510 -0.25461814 0.16725993
v 0.21590486 0.04554361 -0.37086535
v 0.55641526 -0.08525462 0.21623774
v 0.03062604 -0.14728566 -0.46432659
v 0.78208095 0.07372957 -0.04851883
v 0.51803064 -0.11857001 -0.01701050
v -0.19980185 -0.21719554 0.37661576
v -0.11093858 -0.28084195 0.39426619
v -0.12188904 0.32393742 0.37679443
v -0.44577196 -0.22135781 0.03544554
v 0.08931636 -0.23779666 0.38478947
v -0.22201377 -0.12945269 -0.36113861
v 0.16989928 0.11768587 -0.29904965
v -0.11767581 -0.14258415 -0.49397355
v -0.42009699 -0.28504199 0.11311704
v 0.00438493 -0.25032011 -0.28099179
v 0.50784248 0.11491970 0.18765619
v -0.39533895 -0.29632950 0.09970878
v -0.01279543 0.03949829 -0.52373600
v 0.59882766 -0.06469813 0.21962568
v -0.46496737 -0.21517101 0.04780990
v 0.70841885 0.12667450 0.07209632
v -0.54763043 -0.01819133 -0.42034185
v 0.42781135 -0.02731250 0.23146036
v 0.48071718 -0.13396528 0.12685813
v 0.62130362 0.17393148 0.03435801
v 0.79968226 0.08060563 -0.11922376
v 0.69765836 0.08137809 -0.18665840
v 0.54983038 0.12832421 0.09550634
v 0.60423803 -0.09636083 0.14494202
v 0.45532507 -0.10701586 -0.05772020
v -0.00425300 -0.05249164 -0.58547252
v -0.63135052 -0.06962976 0.05427928
v 0.52585596 0.09043277 0.08218926
v 0.67272019 0.02943930 -0.08085075
v 0.10747639 -0.23779082 0.35481045
v 0.44876689 0.07546642 -0.17744395
v -0.38729545 -0.06175740 -0.24157494
v -0.03867112 -0.04631394 -0.52083564
v -0.36267290 -0.29119164 0.14514121
v 0.58923656 0.15516034 0.00998140
v -0.20879573 -0.20166412 -0.33220470
v 0.61965597 0.17858574 0.17811315
v 0.18879496 0.10317193 -0.37885493
v -0.31802642 0.28327805 0.44418862
v 0.79465675 0.15413004 0.16479492
v 0.53464228 -0.10887246 0.18056536
v 0.63581914 0.00125560 -0.15952408
v -0.49267864 -0.21030372 0.02896411
v 0.52489012 0.15373453 0.15284695
v -0.19173425 -0.18857172 -0.18848526
v 0.44694090 -0.02947876 -0.09652622
v -0.49578315 -0.23703140 0.19437598
v 0.47131890 -0.08299710 -0.08806096
v -0.02050786 0.10580537 0.38466382
v 0.14485203 0.03974643 0.38069418
v -0.56345975 -0.01828377 -0.38294598
v 0.05584927 -0.30721715 0.13527514
v -0.55170292 -0.24988654 0.16001803
v -0.69279021 0.05437664 0.03335701
v 0.73314476 -0.00091558 -0.08810696
v 0.60791987 0.01561632 0.03567199
v -0.38852519 -0.05256140 -0.32973829
v -0.01327066 -0.31342342 0.27027196
v 0.71726024 0.05438142 0.24188502
v -0.55651700 -0.15509552 -0.21556136
v 0.41458178 -0.13098830 0.18754601
v 0.49972400 -0.11408516 0.11439563
v 0.37920433 -0.11018420 -0.23096052
v 0.50788462 -0.00401899 -0.07053405
v -0.32811111 0.35813522 0.26532751
v 0.57201338 0.12401295 0.17026871
v -0.38639677 -0.24030577 -0.01528331
v 0.62775671 0.04633975 0.13567497
v 0.67634106 -0.00496345 -0.14921665
v -0.56995815 -0.21026166 0.20184301
v -0.08998151 0.01670543 -0.57407820
v 0.50584430 -0.15208066 0.20923980
v 0.06212977 0.25052255 0.34704152
v -0.44067505 -0.20572196 0.28984198
v -0.08241653 0.13036750 -0.33352837
v -0.01972090 0.12962210 0.35375744
v 0.15396924 -0.20769057 0.35266799
v 0.60569179 0.04400629 0.02228772
v 0.46645793 -0.10157921 -0.11141533
v 0.02924789 -0.04542151 -0.49196225
v 0.03405896 -0.00905165 0.47491479
v 0.10072438 -0.08721738 -0.49433798
v -0.55817670 0.14592803 0.04125653
v 0.79655951 0.20565574 0.07025921
v -0.07283235 -0.28518486 0.22474733
v 0.62667477 -0.08186150 -0.01409683
v -0.15500325 -0.33886594 0.11967137
v 0.46968165 -0.00692197 0.25266004
v 0.09450727 0.10894729 -0.43027893
v 0.51061505 -0.10634200 -0.03036994
v 0.03253371 -0.28036082 0.31570724
v 0.49317113 0.08089758 -0.22829792
v -0.11583031 0.04349362 -0.49090362
v -0.33555213 -0.21545750 -0.20684071
v -0.64638603 0.08972177 -0.20504874
v 0.08649134 0.22979000 0.35236841
v -0.59222901 -0.08295290 -0.22999601
v 0.59274936 0.15288460 0.11595803
v 0.15112939 0.10942400 -0.42054820
v 0.21847430 -0.21652657 0.32179436
v -0.12911928 0.05507521 -0.56890410
v 0.57222515 0.05497508 -0.03469139
v -0.32844502 -0.20914812 -0.22893347
v -0.38150325 -0.19815555 -0.31530359
v 0.00246568 -0.28083739 -0.14878333
v -0.21275195 -0.10511351 0.43435517
v 0.17914540 -0.14255410 0.38187167
v 0.14486173 -0.11110936 0.37822285
v 0.05787994 -0.13936231 -0.47821522
v -0.50638497 -0.18671396 -0.19353463
v -0.41120398 -0.20529363 -0.29506773
v 0.40191835 0.08012243 0.25421673
v 0.73405862 0.01075886 -0.12382779
v 0.51416302 0.25454545 -0.03187716
v -0.40680987 -0.23395237 0.00491910
v -0.49309507 0.08287415 -0.24858332
v 0.80588210 0.09285938 -0.17555827
v 0.58571506 0.12718256 0.13540201
v 0.55815351 0.06792388 -0.10133953
v 0.51080233 0.18101889 0.20709300
v -0.44032574 -0.30625498 0.14247805
v -0.52840585 -0.18575735 0.01738777
v 0.49951565 -0.16707458 0.21522382
v -0.14217193 -0.32237458 0.27476475
v 0.77801615 0.22451913 0.08826570
v -0.45160314 0.12708981 0.12635233
v -0.71380711 0.04330882 -0.23310460
v 0.64322501 0.05948181 -0.10357225
v 0.52917510 0.17823142 0.10302673
v 0.53399122 0.05116070 -0.00661983
v 0.44296780 -0.10240350 -0.21337903
v -0.06510316 -0.13140582 -0.51849562
v -0.17342024 -0.14803670 -0.44679090
v -0.31431532 -0.20952976 0.37576842
v -0.32866910 -0.05001398 0.26123846
v -0.70012927 0.08812121 0.08294432
v 0.54413766 0.15840900 0.18918708
v -0.23102802 -0.27549401 -0.44964468
v 0.05564255 -0.22910547 -0.36269182
v 0.43115097 0.11426643 0.20275709
v 0.07682790 0.03087980 0.44018340
v 0.22573344 -0.20343868 0.28161100
v -0.12743703 -0.31772447 0.31887496
v 0.56365001 -0.11609194 0.16947630
v 0.63662273 -0.07444038 -0.03672434
v -0.27015758 -0.23528486 -0.47811538
v -0.42327958 -0.26856157 0.15844649
v 0.46777999 0.03459145 0.10347521
v 0.79362011 0.21842876 0.11596157
v 0.73317027 0.08722535 0.06048956
v -0.48434871 -0.20557815 0.07373887
v 0.68007368 0.04755457 0.18113568
v -0.00304634 -0.25896415 -0.25868171
v -0.67430323 0.00608602 0.11987026
v 0.51095802 0.15871249 0.04871009
v 0.00344710 -0.32111290 -0.41238832
v 0.14792678 -0.14580348 -0.43017465
v 0.06078179 -0.26863325 0.32835546
v 0.26107115 -0.20491646 0.23196797
v -0.17538437 -0.15060262 -0.44168210
v 0.18256180 0.17029895 -0.26581126
v -0.38315541 0.05897028 0.17963623
v 0.62867451 -0.01385158 0.15144856
v 0.62355983 0.18143296 0.16603880
v -0.66016531 0.12670234 0.04004549
v -0.46855974 -0.21136132 0.03672339
v -0.12699355 0.26697239 0.38316301
v 0.75101244 0.15278442 0.23801926
v 0.00935848 -0.31316048 0.31835681
v -0.29529119 -0.18343197 0.08544330
v 0.55716288 0.16063464 0.16545054
v 0.72701639 0.06977589 -0.14294934
v 0.08254873 0.25681666 0.29666173
v -0.24189679 -0.13161461 -0.54894876
v 0.58757651 0.05099005 0.12863709
v -0.68452728 0.04931973 -0.31918284
v -0.32519943 0.28833154 0.20523748
v -0.37090343 0.00323051 -0.37896213
v -0.22521323 -0.10062145 -0.48531687
v 0.12901588 0.05934685 0.43194395
v 0.47859374 -0.11002879 -0.18011418
v -0.37339064 0.27900365 0.19878472
v 0.69384575 0.06358314 -0.17802849
v 0.54661572 0.02120987 0.21635300
v 0.10832282 0.00000174 -0.45716280
v -0.24813870 0.10081236 0.15235989
v -0.34687215 -0.15292889 -0.06111091
v -0.17757705 -0.31245321 0.20842998
v 0.36668527 0.07483846 0.13627210
v -0.29952058 -0.15172842 -0.45455083
v -0.10115157 -0.16508767 0.46826848
v -0.56287593 -0.00520746 -0.50741637
v 0.51850522 0.17333683 0.13404229
v -0.56674951 -0.14464130 -0.19406739
v 0.49476099 0.04003424 0.03954253
v 0.57101238 0.06791447 -0.10913707
v 0.57726520 0.04545082 0.19896828
v 0.79025692 0.07717090 0.02138250
v -0.59446293 0.11668552 -0.01100801
v -0.40959826 0.04275112 -0.15349056
v 0.60644138 -0.00748127 0.08743398
v 0.80300903 0.13799435 0.00515667
v 0.29290232 -0.05978089 -0.34029430
v -0.00853895 0.10884717 -0.50748372
v -0.04626353 -0.00227405 -0.56547081
v 0.49373293 0.11791524 0.16594937
v -0.11975875 -0.17999858 -0.56069416
v -0.12548645 -0.28946865 -0.46789667
v -0.21426085 -0.27835822 0.28157669
v -0.50483346 -0.23837826 0.19243482
v -0.62056988 -0.07587420 0.04038298
v 0.40976256 -0.11937271 0.07962196
v -0.06856532 0.04038686 -0.49703586
v -0.16003917 -0.23884983 -0.49093339
v 0.49844259 0.13009003 0.20100977
v 0.37744346 -0.19475301 -0.04623913
v 0.32765049 0.07032058 -0.14386116
v -0.23815745 -0.26707181 0.19039573
v -0.25942969 -0.11214042 -0.30475360
v 0.59601915 -0.11431389 0.16419041
v -0.44375616 -0.01640350 -0.38513988
v 0.59335399 0.06773973 -0.16611193
v 0.67271030 0.16354026 0.10704324
v -0.68201810 0.02795018 0.14257516
v 0.42887622 0.03956052 0.22237301
v 0.71640551 0.07931556 0.01192719
v -0.53987718 0.03489895 -0.44285455
v 0.43358600 0.00148095 -0.25823048
v 0.27239519 -0.11174113 -0.36755118
v 0.78824568 0.12228422 0.18398228
v -0.59798115 0.02277981 -0.15755804
v -0.27530637 -0.28127050 0.28344664
v -0.63834381 0.15067121 0.06438658
v -0.41405782 -0.28725284 0.15621902
v 0.60886723 -0.08395783 0.03311557
v -0.56248254 -0.07409745 -0.26454961
v -0.50745535 -0.13404091 0.08770869
v -0.06116867 -0.22351916 -0.54994702
v -0.09075309 -0.05365405 -0.52400368
v -0.55228680 -0.09587878 -0.25669324
v 0.76773208 0.09384058 -0.04716914
v 0.00443666 -0.13126329 -0.50411218
v 0.57041860 0.09342328 0.14564396
v -0.15591431 -0.30753535 0.21530730
v 0.68422085 0.00478110 0.23813421
v 0.42776829 -0.08769141 0.04427134
v 0.61145473 -0.00290760 0.09263821
v 0.05090673 -0.29483443 0.31554186
v -0.26722151 -0.07391267 -0.30912077
v 0.22059137 -0.17843443 0.30871150
v -0.40118766 -0.20963433 -0.29918942
v -0.20293416 -0.07955936 -0.43409461
v 0.45925891 -0.13672686 0.13356934
v -0.41988012 -0.12970325 0.09418744
v -0.70773262 -0.00873075 -0.28584927
v -0.52243811 0.11742714 -0.01134628
v 0.78681278 0.03902513 -0.08311656
v -0.31230369 -0.12263350 0.17812537
v 0.45877832 -0.21046865 0.19160193
v 0.09519729 0.12450975 -0.38991308
v -0.23348451 -0.25943109 0.10842820
v 0.04116778 0.01261927 -0.56802547
v 0.42493582 0.03892289 -0.26171231
v 0.70383835 0.03185831 -0.12310135
v 0.34837595 0.03763520 -0.24578546
v -0.40894055 -0.12715946 -0.28119633
v 0.45583558 0.09172798 0.22461224
v -0.15618847 -0.08384729 -0.58154732
v -0.02551476 -0.30937183 0.17452160
v 0.49638775 0.15082705 0.13296023
v 0.60495394 0.02969200 0.05967223
v -0.23689792 -0.15820441 -0.36914271
v -0.40981874 0.03401855 -0.51742423
v -0.01432776 0.01054608 -0.49035576
v -0.60934114 -0.08852468 -0.25014985
v 0.52627105 -0.11515500 0.16810460
v -0.63980108 0.05633143 0.17927183
v -0.34254846 -0.25818658 -0.15523554
v 0.30655012 0.04139709 -0.37468252
v -0.27100253 -0.16148327 0.39965522
v 0.81279665 0.12435653 -0.17669708
v 0.54087472 -0.13516991 -0.07657216
v -0.10363399 -0.34361508 -0.36582601
v -0.64770764 -0.05947920 0.09499942
v 0.41048065 -0.07025302 0.04974877
v -0.60608190 0.10997529 0.17283751
v -0.23301406 0.04009765 -0.56840211
v 0.54245049 0.15156430 0.03124825
v 0.72441083 0.04768056 -0.06748429
v -0.52811563 -0.23635027 0.19439024
v 0.65278327 0.12463517 0.12990029
v 0.65400296 0.05406132 0.25842124
v -0.30226085 0.00587862 -0.57117063
v 0.39551002 0.08642503 0.18120199
v -0.06368835 -0.30110520 -0.44213668
v -0.52749836 0.10490432 -0.01839058
v -0.34116277 -0.12209362 -0.11086263
v -0.54534411 -0.14497165 -0.01986922
v -0.45168814 -0.21751800 0.00702279
v 0.18368678 0.26578581 0.25020722
v 0.73551238 0.05806825 -0.09749436
v -0.28002787 -0.19014975 0.00697692
v -0.50739443 -0.06202066 -0.39499527
v 0.77779430 0.21998852 0.08391908
v -0.62350327 0.13671766 0.02899158
v 0.38010594 0.23644160 0.19580902
v -0.67329502 0.01189824 -0.17799477
v 0.02156880 0.29051292 0.35845533
v 0.73086339 0.00093084 -0.05354318
v -0.58715105 -0.13588172 -0.30807218
v -0.50333482 -0.15676188 -0.40869915
v 0.79667145 0.11813759 -0.00873222
v -0.01637100 -0.32282665 0.27275416
v 0.80530179 0.05307885 -0.10414530
v -0.46611768 0.02094018 -0.45492607
v 0.63147122 0.14807874 0.22850655
v 0.56082839 -0.12533259 -0.12207128
v -0.19003551 -0.13342175 0.44033301
v -0.54124141 -0.12452185 -0.36561435
v -0.20028649 -0.14109349 -0.57844371
v 0.49166512 0.11567777 0.24081224
v -0.71443337 0.10122191 -0.16328384
v -0.20075125 -0.12563208 -0.57851690
v -0.53160280 0.16699979 0.03474504
v 0.47916240 0.23571251 -0.00979992
v -0.54735929 0.03098321 -0.11238630
v -0.19815452 0.01338791 -0.53063816
v 0.68948650 -0.03678785 0.20226407
v 0.65281880 -0.04338681 -0.08941212
v -0.51688421 -0.03231978 -0.27523717
v 0.69919199 0.03899441 -0.02539356
v -0.44596776 -0.22305349 0.06312387
v 0.58038807 0.13331825 0.20472459
v 0.41794541 0.11335101 0.23761448
v 0.54054040 -0.15783018 0.18981835
v -0.21485433 -0.20137194 -0.45197991
v 0.59425181 0.01009788 0.23287553
v 0.49738657 0.00976652 -0.09585284
v -0.34080449 -0.27381730 -0.16016161
v 0.51399231 -0.11869384 0.02569434
v 0.72346479 -0.00478514 -0.10894065
v -0.18318881 -0.14986336 -0.33391193
v -0.46646407 -0.21394762 0.04258006
v 0.71406627 0.04340316 -0.12437701
v -0.13741107 0.26901686 0.34802955
v 0.64858931 0.06095954 -0.10109372
v 0.17478009 -0.20285493 -0.38712230
v -0.11844788 0.17723715 -0.21783277
v 0.31696168 -0.00094699 -0.35552740
v -0.43374115 -0.06726971 0.09277388
v -0.24244955 0.25247833 0.44838625
v -0.49089035 -0.16899021 -0.40220058
v -0.27430272 -0.30204049 0.14090997
v 0.47011310 -0.10412467 0.04944414
v 0.71424502 0.07623462 0.00687595
v -0.57546866 -0.08378131 -0.42878142
v -0.40536898 -0.30220014 0.08517021
v 0.44768310 -0.16585648 0.17158906
v 0.81166941 0.15840000 0.04760895
v -0.19454421 -0.26273391 -0.22579606
v 0.71997726 0.19081643 0.21328178
v -0.56552672 -0.01526058 -0.39561111
v 0.11511552 0.07510109 0.41394505
v 0.74987620 0.21162331 0.07132220
v 0.01221840 0.23338835 0.39484251
v 0.78739983 0.06692689 0.01705172
v -0.37464094 -0.07824731 0.09078421
v -0.37946391 -0.18605347 -0.38586700
v -0.12464362 -0.30309385 0.19303009
v -0.64814210 -0.10003162 -0.15538181
v 0.70049685 -0.03975667 0.22436918
v 0.51704770 0.24125278 0.10228722
v -0.47227991 0.06250133 0.07301871
v 0.53491491 0.05660047 0.12436542
v 0.03517317 0.08995049 -0.43627188
v 0.69382411 0.06552768 0.15700214
v 0.65500057 0.17405879 0.21510297
v -0.26682043 -0.07550417 -0.47872296
v 0.14730829 0.09690796 0.36889189
v -0.36517838 -0.24704921 -0.22301862
v 0.59037405 0.04497971 0.06779352
v -0.63330466 -0.11076149 -0.20016681
v 0.81547320 0.12158494 0.02330925
v 0.48227340 -0.14821044 0.16973063
v 0.80641800 0.17114380 0.06290582
v 0.77103275 0.08594799 0.08367294
v -0.00813964 -0.28887463 0.28885061
v -0.36527935 -0.04571633 -0.10410306
v 0.53517693 0.20715177 0.17032467
v -0.44156012 -0.14451364 -0.43080419
v 0.79086614 0.10924256 -0.02267136
v -0.63260990 -0.08795746 -0.14383641
v 0.49498257 -0.11235049 -0.19588104
v -0.08661853 -0.28189412 0.24740979
v -0.16505547 -0.01865092 -0.45889673
v 0.57286793 0.02827579 0.18869071
v -0.29164633 -0.31170940 0.15060401
v 0.17986138 0.15469469 0.27606946
v 0.62484902 -0.07037600 0.00949674
v 0.59564531 -0.02775052 0.10104163
v 0.51504350 0.21522680 0.14572723
v 0.80720210 0.20296267 0.11770877
v 0.46974212 -0.04877218 -0.06137602
v 0.57320952 0.14923842 0.07773270
v -0.29179168 -0.23908716 -0.41517204
v 0.74985129 0.04996963 0.00886508
v 0.62561530 0.07366636 0.13480401
v 0.02829532 0.15275025 -0.35613132
v -0.28929543 0.10384028 0.44974652
v -0.34254861 0.36822566 0.27602893
v -0.39352125 0.28128731 0.21548797
v -0.71563476 0.21048844 -0.18000373
v -0.19503047 -0.01039805 -0.45503551
v 0.10062926 -0.17711693 -0.45235336
v 0.64274186 -0.06763039 -0.08779003
v -0.35617244 -0.25162119 -0.26263303
v 0.34991586 0.13497284 0.28215921
v 0.15299784 -0.02198248 -0.43028986
v -0.01557853 0.21180597 0.27541685
v -0.22740540 -0.13074501 -0.37006673
v 0.78328800 0.15142712 0.19836047
v -0.06035760 -0.01675659 -0.45275742
v 0.53358513 0.17957728 0.11939758
v -0.46398720 0.02239706 -0.43329996
v 0.18503229 0.09509832 -0.39322126
v 0.44885400 0.18931437 -0.02692204
v 0.49010265 -0.08722889 0.00102745
v 0.22847402 -0.15218371 0.32275540
v -0.24869613 0.00045425 -0.56597018
v -0.12999651 -0.06020672 -0.59281659
v -0.55516350 -0.03126977 -0.23187564
v -0.50997704 -0.22384787 0.06736915
v 0.50855005 -0.16671346 0.16517985
v 0.46134141 -0.00488144 -0.10659371
v 0.30105305 -0.14478996 0.27470049
v -0.60048223 -0.03378957 0.23864210
v -0.04596245 0.12563653 -0.48283044
v 0.61626375 0.18584460 0.11182605
v 0.48394650 0.16895032 0.24809983
v -0.68320823 0.05634877 0.03696267
v -0.03212401 -0.20190208 -0.54717165
v -0.23747304 -0.06713551 -0.41251075
v 0.52406681 -0.05108881 -0.23740670
v 0.47398865 0.00571508 0.25548464
v -0.47902140 -0.26363617 0.07011314
v 0.02418099 0.05934441 -0.51282990
v 0.54902309 -0.11333937 0.05720286
v 0.48604986 0.07527725 -0.18141915
v -0.69644314 0.05057529 0.10538000
v -0.51005077 -0.19855079 0.08519250
v 0.53581148 0.10532326 0.12926653
v 0.64652556 0.08457841 0.23769797
v -0.00234620 0.03483751 0.45538855
v -0.25765377 -0.16173027 -0.26066181
v -0.78350741 0.18929413 -0.14595939
v -0.29652458 0.29886115 0.20072499
v -0.55233079 0.18525252 -0.39857480
v -0.43110991 0.27731302 0.27637258
v 0.57556850 -0.11695524 0.03964900
v 0.66033685 0.07768553 0.23433360
v -0.41995096 -0.24217974 0.18324086
v 0.55369580 -0.04162876 -0.20240413
v 0.51541287 0.24690136 -0.02296572
v 0.37303656 0.16266431 0.24685915
v 0.76203233 0.09152849 0.15521002
v -0.35937512 -0.26634973 -0.38048473
v -0.70528036 -0.09259407 -0.16766678
v 0.72920913 -0.00244942 -0.08395283
v 0.74734312 0.03895473 -0.01760912
v 0.45023006 -0.02973638 0.24208131
v -0.47888809 0.08261473 -0.40956694
v -0.61276215 0.12067970 0.11540546
v -0.35819936 -0.06191888 -0.45955202
v 0.63124239 0.01842673 0.08002275
v -0.41977409 -0.10144113 0.39179415
v 0.52093017 0.17730820 0.18743972
v 0.15793818 0.08461257 0.42228377
v 0.67303187 0.05954929 0.15198164
v -0.62521446 -0.02496887 -0.17032596
v -0.70498961 0.05567915 0.02879457
v 0.06844506 0.01625192 -0.49869138
v -0.53490472 -0.17244482 -0.36813354
v 0.41424745 -0.03358579 0.21620300
v -0.00093582 -0.09323546 -0.49698538
v -0.26640385 0.34604880 0.36043173
v -0.28157926 0.15544814 0.49132749
v -0.53189510 -0.20235519 0.30070168
v 0.03148675 -0.29108706 0.36537984
v 0.76719075 0.04402706 -0.00136027
v 0.50370687 -0.14707932 0.21625581
v 0.48978686 -0.03070421 0.25763884
v -0.15319318 -0.05908747 -0.35532323
v 0.51845634 0.15161180 0.14662504
v 0.69391084 0.04085188 -0.00215366
v 0.64377880 -0.06320527 0.19110814
v -0.32020521 -0.15589906 -0.53011829
v 0.59580827 -0.10331731 0.02765950
v -0.33971870 -0.24830170 0.18357910
v -0.41403103 0.35945332 0.25331181
v -0.37735364 -0.15386449 -0.29273000
v 0.46779144 0.00747416 0.02613626
v -0.67126107 0.03116822 -0.16253400
v -0.51957202 -0.12559463 -0.37400630
v -0.61692894 -0.06794398 -0.43711221
v 0.43868226 0.08148660 0.19545081
v -0.56501353 0.20654112 0.14226285
v 0.49157625 -0.07507848 -0.02873151
v -0.60021824 0.11639108 0.14592831
v 0.38171503 -0.18720560 -0.15203835
v -0.06502763 0.19850090 -0.14995861
v -0.34856388 0.06991960 -0.12204237
v 0.45140445 -0.14388867 0.14116657
v -0.46390063 -0.29302615 0.08987433
v 0.41517770 -0.20543247 -0.12291883
v -0.39864346 -0.13424268 -0.30927226
v -0.41014904 -0.16838463 0.14321400
v 0.59774941 -0.02444859 0.15315175
v -0.57049149 -0.04229591 -0.40291274
v 0.75292957 0.10697648 -0.03255580
v -0.11268101 0.04301270 -0.54374415
v 0.61037445 -0.02826586 0.06376746
v -0.17757665 0.33328646 0.40253159
v -0.56090015 0.12535572 0.00473090
v 0.18670903 -0.03247066 -0.41711676
v 0.59853876 0.02998080 0.23183252
v -0.28656915 -0.31488380 0.15695855
v 0.57816797 0.02349996 -0.19083831
v 0.03543552 0.22558475 0.29285651
v -0.06591699 -0.06994990 -0.49533454
v 0.55150706 -0.05054403 0.24371344
v 0.43804425 -0.00951206 0.23372111
v -0.21895720 -0.15099575 0.10805370
v -0.24344820 0.24774790 0.29673818
v -0.40284601 -0.13518456 -0.06500663
v 0.54006046 -0.00490031 -0.23528565
v -0.34226951 -0.07505021 0.42070675
v 0.15663847 0.17148627 0.36347923
v -0.05332373 -0.34529063 0.14683434
v 0.66589832 -0.00868261 0.15510337
v -0.05519576 0.00545359 -0.51869059
v 0.31821287 0.09735474 0.37630260
v -0.46266821 0.10702874 -0.29213378
v 0.35690996 0.03444403 -0.31310534
v 0.55649704 0.00169402 -0.22885290
v 0.42463684 0.02642987 0.22651744
v -0.55057609 -0.09221951 -0.35341156
v -0.29848722 -0.16501802 0.15875316
v 0.66938955 -0.05979438 0.21042414
v 0.78010660 0.07727675 -0.03297199
v -0.66492063 -0.03267483 0.12590881
v 0.02587615 0.22999068 0.37841138
v -0.25846216 -0.26754925 0.25988010
v 0.56339931 0.11885890 0.21309553
v -0.20724815 0.16292751 0.13253105
v 0.71045238 0.09736568 0.13792832
v -0.45835477 -0.22901769 -0.26516575
v 0.58614671 -0.04374851 0.11363475
v -0.26335096 -0.32069254 0.16172242
v 0.25185066 0.07995071 -0.34105033
v -0.30404925 0.06400591 0.44242644
v -0.31512725 -0.03295133 -0.41064665
v -0.53326118 -0.16325259 -0.31750205
v -0.07462231 -0.03291869 -0.48147869
v -0.02494878 0.25756747 0.25900713
v -0.43704665 -0.17315987 -0.27966493
v -0.29513830 -0.30900499 0.14176697
v -0.32784826 0.09783979 0.19193658
v -0.44388670 -0.09818153 -0.45630455
v -0.31642905 -0.28790897 0.12073801
v 0.38204461 -0.23717822 -0.09815127
v -0.66545129 0.12739521 0.11673164
v -0.49067301 -0.10452414 0.35396993
v -0.32775789 -0.07590497 -0.35626516
v 0.68763804 0.20133266 0.13170876
v 0.47092143 -0.00084961 -0.01891118
v 0.79473996 0.18664846 0.16654524
v 0.48837313 -0.11162720 -0.17838408
v 0.17400113 -0.31474537 0.00010094
v -0.59470916 0.08669037 -0.44192922
v 0.70912480 0.04269770 0.24407607
v -0.50027221 -0.27681983 0.20032543
v 0.55469471 0.06766954 -0.17161307
v 0.24549516 -0.02097788 0.28352672
v 0.33766586 0.13128281 0.30633324
v 0.47195309 0.13863114 0.23650330
v 0.27360973 -0.07038619 -0.35313177
v -0.56574982 0.11587600 -0.21881454
v -0.05262940 -0.12131800 -0.54310441
v -0.20317382 -0.29751962 -0.43299538
v -0.46785289 -0.29415321 0.17425674
v 0.61849642 0.01907678 0.08624083
v -0.42378071 -0.04985812 -0.46082631
v 0.76966017 0.05333717 -0.03141693
v -0.06956810 0.30481923 0.31784976
v 0.67051136 -0.01480895 -0.15671356
v 0.50568390 -0.17702201 0.15873958
v 0.33689910 -0.06772633 -0.29218894
v 0.40784496 -0.02956294 0.21046790
v 0.45960563 0.01955320 0.13006456
v -0.69546443 0.07944275 0.04130826
v 0.03363161 0.09803149 -0.41986763
v -0.19325796 0.05204964 -0.55992693
v 0.01464355 -0.11882925 0.41322741
v -0.67111915 -0.05878137 0.10618968
v 0.48414248 0.02617689 0.04657691
v 0.03452783 0.19692098 0.14092386
v 0.26417911 -0.04040975 0.30275759
v -0.54281664 0.12615164 0.03058361
v 0.43356478 0.05700830 0.21233271
v 0.40587357 -0.14849859 0.17523703
v 0.02947577 -0.31465012 0.03464673
v -0.35006261 -0.26411277 -0.05776623
v 0.64804715 -0.05627430 -0.02513003
v 0.44123614 0.08791277 0.11281596
v -0.22223791 -0.28909248 -0.14873722
v 0.09380101 -0.03323369 -0.52067369
v 0.44526532 0.01304920 0.20054168
v -0.27567080 0.22937955 0.17003772
v -0.56602836 -0.16914858 0.12795398
v -0.34053516 -0.23369420 0.13126686
v -0.28463563 0.01608987 0.46933848
v -0.44242617 -0.21843296 0.06120532
v 0.75866836 0.07589227 0.18475759
v 0.59893978 -0.06005262 0.07849959
v 0.68684578 0.00862681 -0.08500274
v 0.29691085 -0.05390778 0.25249290
v -0.34762412 -0.27909285 0.21724579
v 0.69978452 0.01766080 0.17059872
v -0.09977457 -0.20213337 -0.53155857
v 0.46044153 -0.06204104 0.24891260
v -0.71740299 0.02647981 -0.22852963
v -0.16231123 -0.24046792 0.11562398
v -0.43986163 0.05177048 0.35185802
v 0.13383083 0.06155310 0.43054968
v 0.59126502 0.04901797 0.24561617
v 0.63442022 -0.03783549 0.14541519
v 0.65955073 0.04543352 -0.04601646
v 0.60237473 0.04785340 0.16380771
v -0.47639212 -0.15797845 -0.18467844
v -0.48769581 -0.18746625 -0.42602932
v 0.68899918 0.03538016 -0.05138517
v 0.32971299 0.07492538 0.39113113
v -0.51050347 -0.20514616 0.23865232
v -0.49082467 -0.22329950 0.16342835
v 0.54484171 0.16188693 0.19025719
v -0.39438078 -0.01251259 -0.34619305
v 0.43534839 0.07889298 -0.24848980
v 0.46630898 -0.01163736 0.07938714
v -0.51407933 0.04065439 0.02823362
v 0.56245261 0.07095856 -0.18081845
v -0.17372063 -0.23790449 -0.17526539
v 0.38770497 0.04502467 0.10961713
v -0.46622336 -0.08668427 -0.54061055
v -0.19198921 0.13258412 0.20150709
v -0.15647751 -0.20658690 -0.38020274
v -0.10177559 -0.28847837 0.21319553
v -0.72119838 0.09870303 -0.21077979
v 0.47667751 0.09312952 -0.18843944
v 0.61987698 0.00847241 -0.16465864
v 0.01425629 0.25337419 0.24641292
v -0.77066582 0.01041052 -0.18182701
v 0.42965412 -0.14202467 0.04324212
v 0.75010425 0.17637980 0.21639062
v -0.03241763 0.04414549 -0.54122943
v 0.66189796 -0.04985125 -0.08561085
v -0.38486949 0.01330388 -0.48339450
v 0.52976251 0.03512941 -0.05583830
v 0.52733934 -0.17178822 0.20014487
v 0.84706014 0.09980133 -0.13186944
v -0.35493469 -0.24824840 -0.27733457
v -0.44116789 0.13840473 0.32616460
v -0.18742914 -0.28027260 -0.46472281
v -0.47689402 -0.17460042 -0.26986289
v -0.44673306 -0.08641875 0.19339767
v 0.28951049 0.29174882 -0.03918262
v -0.10757031 0.05887888 -0.56737745
v 0.53524858 0.13246122 0.22513652
v 0.62719142 0.06021161 0.21290761
v 0.56721652 0.12833372 0.08749978
v -0.04110233 -0.32422552 -0.41227570
v -0.52873462 -0.02407724 -0.20326731
v -0.06050472 0.29691949 0.39259189
v 0.69395560 0.18308339 0.10577607
v -0.16508988 -0.30430469 -0.41869327
v -0.45743355 -0.06162465 -0.32088184
v -0.21149316 -0.30133072 0.20212205
v -0.08005791 -0.33717304 0.09117487
v -0.37916446 0.27169588 0.17359209
v -0.08285195 0.25996473 0.27402318
v -0.65946448 0.01162963 -0.25318837
v 0.52626157 0.03254633 0.24090150
v -0.65263784 0.01805561 0.00689474
v -0.61643052 0.11503640 0.00000177
v 0.79562789 0.10554433 0.12856497
v -0.70048130 0.15800209 -0.16211481
v -0.05967116 0.02916854 -0.48652732
v 0.39825189 -0.20642552 0.22198740
v -0.36735302 0.34052625 0.30090111
v -0.24023023 -0.28630227 0.30484974
v -0.70815289 -0.07257491 -0.14944942
v 0.50546986 -0.10564612 0.10374254
v 0.06168492 0.08493398 -0.47512192
v 0.22494692 0.12796925 -0.31203395
v 0.20720834 -0.25594968 -0.31431705
v 0.45842224 0.00657057 0.24258061
v 0.08778763 -0.30621940 0.28708327
v 0.63471985 -0.02705255 0.22934982
v -0.42477113 -0.23059249 -0.00777620
v -0.19667622 -0.05610425 -0.43106419
v 0.36585397 -0.08719238 -0.25076342
v 0.79165792 0.16956708 0.18835008
v -0.10634271 -0.23837090 -0.47229248
v 0.17705420 0.23181495 0.31625548
v -0.62499470 -0.07054321 -0.37524170
v -0.46426970 -0.28942168 0.18783972
v 0.45590562 -0.08285621 0.24303460
v -0.44621772 -0.07752005 0.41641891
v 0.70891577 -0.01801320 0.22526652
v 0.17202556 0.25327978 0.30100831
v 0.57483965 0.07972024 -0.01455913
v 0.61467242 -0.04681163 0.05715672
v -0.45643520 -0.21977311 0.06507421
v -0.53390735 -0.09301010 -0.41946489
v 0.25660098 -0.29976124 -0.10906865
v -0.29378873 -0.17010055 -0.24222653
v 0.73897564 0.01528017 -0.11287388
v -0.00103128 -0.32825041 -0.39724112
v 0.53730357 0.06275102 -0.14652503
v -0.46631020 -0.27361187 0.08624735
v -0.47142550 -0.15322655 -0.08384782
v -0.53372151 -0.05328076 -0.30446959
v -0.70986319 0.02856520 -0.17538163
v 0.59453923 0.06056988 -0.09286490
v 0.76583534 0.07511257 -0.12336209
v 0.57538414 0.22791830 -0.02199106
v 0.42567462 -0.07464060 0.11108208
v -0.12480746 -0.19957048 0.36417323
v 0.21294005 0.15300742 0.25476491
v -0.71817791 0.12510145 -0.16000248
v -0.61329484 -0.11844097 0.17643049
v -0.18611801 -0.21708202 -0.54690087
v 0.76450419 0.17636402 0.21039324
v 0.01050328 0.03755447 -0.51016569
v 0.46667394 0.01866961 -0.06820044
v 0.08694840 -0.01959161 -0.42948872
v 0.51870292 0.19877985 -0.00506863
v 0.69216555 -0.03022209 0.24343827
v 0.58661938 -0.02327952 -0.19646931
v -0.26905861 -0.32406881 0.15293488
v 0.46420527 0.09180009 -0.23108597
v 0.18453370 -0.18153310 0.35880485
v -0.19137602 -0.28635925 0.26513556
v 0.43720675 -0.11222552 0.19512251
v 0.13280146 -0.31403023 0.08327423
v -0.12572351 -0.34600788 0.24919596
v 0.57285291 0.21709320 0.10186020
v 0.73325419 0.04472357 -0.17187133
v 0.57745433 -0.09393501 0.06266752
v 0.62600052 -0.07732444 0.03365641
v 0.19853288 0.12295748 -0.36852336
v -0.07168335 -0.27199632 -0.46323374
v 0.69701558 0.02143393 -0.05421079
v 0.44819093 0.26634651 0.02276142
v 0.78631955 0.10919055 0.17621177
v 0.15585759 0.12928769 -0.39564887
v 0.47383082 -0.03310826 -0.04448402
v 0.67569739 0.05386984 -0.09653062
v -0.02183653 -0.32834262 -0.39446577
v -0.20494318 0.26057097 0.31090891
v -0.26400849 -0.29998556 -0.37302393
v 0.59797543 -0.10971978 -0.09682076
v -0.38822037 -0.04565433 -0.07466009
v 0.00323310 -0.24990988 0.35541475
v -0.64878875 0.06490758 -0.35565847
v 0.22163454 0.04031244 -0.35585439
v -0.50742388 -0.11295459 -0.46801928
v 0.34738320 0.09272671 0.27561826
v -0.32851094 -0.16047814 -0.18708514
v 0.01640012 0.13336560 -0.49217117
v 0.40769500 -0.15104815 -0.13845418
v -0.63675487 -0.04180490 -0.15906996
v -0.33471823 -0.09011191 -0.37460476
v 0.79697371 0.08089650 -0.11788444
v 0.46253544 -0.06142610 0.25040931
v 0.54882586 -0.04448352 -0.21597388
v -0.49400109 -0.28160262 0.15157622
v -0.24839599 -0.22686242 -0.10346147
v 0.37301791 -0.20107771 0.08890529
v -0.66751081 0.02679427 -0.19950882
v 0.19361493 -0.08996131 -0.42232662
v -0.35368967 -0.13760200 -0.38235056
v 0.64056736 0.21228622 0.07222821
v 0.79641545 0.05536038 -0.06976366
v 0.59462601 -0.01488303 0.13003312
v 0.46016651 0.09472400 0.14394663
v 0.18605149 0.01527484 0.36213285
v 0.66552168 -0.05673528 0.20269501
v 0.22493422 -0.23207660 0.28222877
v 0.69573927 0.00875881 -0.14362335
v 0.29443276 0.01343251 0.23036514
v -0.50442851 0.02441829 0.01649306
v -0.04861358 -0.15715666 -0.54195720
v -0.02818911 -0.29318598 -0.40802461
v 0.57145607 -0.09614951 0.06723082
v -0.61146474 -0.13623272 0.14649814
v 0.78260154 0.16217928 0.00429945
v -0.00420760 0.25212696 0.33221039
v 0.28697026 0.13912645 0.31091672
v 0.27427369 0.19061497 0.23776212
v 0.10272373 0.11885177 0.42239892
v -0.66818988 0.04441008 -0.16587746
v 0.54245543 0.21161610 0.15578352
v 0.60545516 0.02291971 0.23355542
v -0.17719825 0.00677715 -0.50542343
v -0.64294767 0.05928601 0.18617345
v -0.56250489 0.10572563 0.22822663
v 0.12430631 -0.20618841 0.39367813
v 0.02596936 0.22218865 -0.03892604
v 0.58553189 0.03171811 -0.18013149
v -0.33074865 -0.25828326 -0.30125284
v 0.55281770 0.21757561 0.04879147
v -0.38959062 -0.20760103 0.35192022
v -0.63265979 0.09012494 -0.21456347
v 0.09577447 -0.30460945 0.28883082
v 0.58862352 -0.09534759 0.03098950
v -0.07102919 0.17427197 0.23748195
v -0.41051012 -0.18412621 -0.25876191
v 0.21824059 -0.29956165 -0.01796322
v -0.19336569 -0.32409701 0.15303122
v 0.55132580 0.07103711 0.09661034
v 0.16577587 -0.01965933 -0.50307935
v -0.03531279 0.25316954 0.38287708
v -0.08153322 -0.19621815 -0.51965046
v -0.26229185 -0.14795217 -0.19421269
v -0.59043580 -0.10150855 -0.24424689
v 0.82404476 0.07813101 -0.11714959
v -0.39268211 -0.15578607 -0.27124539
v 0.12173316 0.09028567 0.32827649
v -0.44497859 -0.27261138 0.15470612
v 0.70358264 -0.00308800 -0.08083095
v 0.57602060 -0.10474787 0.12798780
v -0.65545160 0.12441652 -0.36964321
v -0.21273994 -0.13579008 -0.48034292
v -0.50127864 -0.11505262 -0.21333131
v -0.51801723 -0.20889401 0.24330358
v 0.46233585 0.21905945 -0.07590094
v -0.07569541 -0.33318117 -0.00457923
v 0.61995763 0.04002261 0.13127623
v 0.70979798 -0.00976714 0.20629618
v -0.61342311 0.06935270 -0.48486659
v 0.66555899 -0.05327466 -0.07273184
v 0.56840289 0.06409159 -0.09753861
v -0.27745169 -0.14824778 -0.26304531
v 0.41983306 -0.06510174 0.23499143
v 0.51060551 0.17744209 0.05792530
v 0.08833037 0.17679816 -0.07884245
v 0.59706241 0.19768980 -0.00092683
v -0.70527023 0.10086934 -0.17631546
v 0.01796131 -0.14663203 -0.50938404
v 0.48621744 0.17932609 0.13369118
v -0.14529899 0.14774904 0.22561562
v 0.64161634 0.08684316 0.10764210
v -0.55083263 -0.11946830 -0.36811212
v 0.14977017 0.23577818 0.30997077
v 0.66689956 0.11792233 0.22595857
v 0.13548195 0.03276899 0.37196502
v 0.15490972 -0.26166385 -0.40128514
v -0.19712639 -0.29423878 -0.09988758
v 0.56470048 0.21805286 0.23878531
v -0.55022413 0.08854003 -0.26682311
v 0.78980452 0.20961170 0.18311840
v 0.53471071 0.16959119 0.19827506
v 0.78093392 0.10178682 -0.03130003
v -0.68749303 0.03321791 -0.24780932
v 0.58956289 0.15326452 0.18944164
v -0.15798889 -0.34018305 0.15748641
v -0.26389909 -0.22914615 0.38187611
v -0.07399492 0.26400441 0.41543010
v -0.65225607 -0.06563598 -0.18130468
v 0.42083311 0.06488477 0.12544310
v 0.27403730 -0.29320419 -0.11610736
v 0.14221975 0.04075219 0.33988243
v -0.07625692 -0.33129138 0.12573726
v 0.62219256 -0.02707777 0.13204484
v -0.06729855 0.00460907 -0.42759991
v 0.21446821 0.01076090 0.39626604
v 0.59299725 0.16399239 0.07841781
v -0.12937456 0.04140069 -0.59264064
v -0.02223920 0.04008461 -0.53496188
v 0.70253712 0.05419082 -0.02201222
v 0.73120087 0.06684422 -0.13534082
v -0.41522849 -0.14700890 -0.46493536
v 0.63911736 -0.04666685 0.03256827
v -0.20726815 -0.31017104 0.13469659
v 0.80316609 0.21045156 0.10401089
v -0.63140649 -0.10112944 -0.35700002
v 0.13510740 -0.20841560 0.35281545
v -0.03020847 -0.06958682 -0.54149848
v 0.22373462 0.07913953 0.30078825
v -0.52102518 -0.18389367 -0.34411746
v 0.62680179 0.06675963 -0.02187091
v -0.19747178 -0.28376800 0.25218567
v 0.64997596 0.03666828 0.15416414
v 0.43778688 -0.23062429 0.24983668
v -0.67705703 0.08516202 0.09567964
v -0.42380351 -0.23299001 -0.24439664
v 0.56552172 0.14834888 0.05263908
v -0.14529227 -0.01331519 -0.47000065
v -0.32504815 -0.25863746 -0.39337233
v 0.43653837 0.13597958 0.22889784
v 0.57735729 0.13071066 0.17147252
v -0.78679019 0.13266806 -0.18489811
v -0.42954141 -0.05030820 -0.46769762
v -0.65614921 0.01261513 0.16562435
v 0.56903613 0.11452636 0.00612564
v 0.52516109 0.08467626 0.23405208
v -0.63139671 0.14551307 0.05907240
v 0.71247959 0.12316684 0.06201416
v 0.37755442 0.12700798 0.25722641
v 0.20871362 0.14217719 -0.36165980
v 0.55087215 0.21310815 0.14906454
v 0.10607821 -0.33704174 -0.28562355
v 0.38383487 -0.23914842 -0.05474116
v -0.53999442 0.10941087 -0.37921011
v 0.69380599 0.13428965 0.24740051
v 0.59127843 0.04736121 -0.17767826
v -0.19740187 -0.17831939 0.42374420
v 0.78104132 0.14677025 0.18747343
v 0.52179170 0.26832458 0.03912874
v 0.83018667 0.07493499 -0.09153132
v -0.06991288 -0.30223763 0.02468034
v -0.36405712 -0.22204858 -0.40893388
v 0.80555767 0.19984093 0.09389707
v -0.61045486 0.15418386 0.10095710
v 0.63606310 0.19476186 0.09229356
v 0.50327867 0.06853776 0.21192275
v 0.47256494 -0.15228173 -0.16152313
v -0.69276732 0.14140418 -0.18488245
v -0.07452276 0.18726102 -0.11861742
v 0.65144581 0.06859236 0.23148553
v -0.55702412 -0.02203672 -0.23876512
v -0.01339631 -0.16281095 -0.53066605
v 0.24123451 -0.27828884 -0.24530610
v -0.19131443 0.01853091 -0.54082549
v 0.17104819 0.24136411 0.32261240
v -0.05769488 -0.25326717 0.33362228
v -0.42387900 -0.22321534 0.13764898
v -0.03654940 -0.25449145 0.31714454
v 0.09361109 0.22951049 0.25310996
v -0.47703439 0.04143493 -0.45408562
v -0.23424061 0.36855870 0.26148289
v 0.28505266 0.03143690 -0.30877513
v -0.68245506 0.05966946 -0.15550768
v -0.79921269 0.19385442 -0.13903026
v -0.40280044 -0.22966787 -0.18753470
v -0.50257438 -0.26383081 0.20490469
v 0.26284611 0.13164243 0.30045843
v -0.55549538 0.09027861 -0.05493798
v 0.72354800 0.18336186 0.22589484
v -0.02202069 0.07339667 -0.52113044
v -0.47047800 -0.25215623 0.17629018
v 0.54830086 -0.06653000 0.23598093
v -0.21315148 -0.07154731 -0.58935469
v -0.58574188 0.09788679 -0.40535232
v -0.37598616 -0.09006396 -0.17287879
v -0.17619985 -0.25338197 -0.25713059
v -0.38034117 0.05687487 0.16241136
v 0.15315762 -0.10121046 -0.44704694
v -0.34705806 -0.15430421 -0.12562010
v 0.14774919 0.04612441 0.32919723
v 0.79998279 0.11606163 0.11560234
v 0.59101719 0.06377976 -0.10181309
v 0.54782164 -0.15810981 0.23500511
v 0.74636966 0.03617395 -0.12992246
v -0.47037256 0.05090494 -0.28113919
v 0.42807072 -0.09921148 -0.00241057
v -0.41360942 -0.18973978 -0.41206709
v -0.35318965 0.35499334 0.18976475
v 0.64918780 0.08186981 0.09387596
v 0.40542674 -0.15463254 0.17012165
v -0.29580390 0.14575455 0.22132228
v -0.38436472 -0.24069396 -0.00054689
v 0.48917174 0.12990570 0.23081511
v -0.04995565 0.04436821 0.49947020
v -0.62977278 0.09787145 -0.47442144
v 0.50472581 0.14771846 0.14953074
v 0.80786115 0.17454720 0.05142714
v -0.29680467 -0.31912240 0.11373420
v 0.26596048 0.15229702 0.30289871
v -0.10789227 0.14093953 0.23532090
v -0.19578108 -0.25853822 0.18028551
v -0.07124056 0.29833168 0.32617998
v 0.54693562 -0.11168099 -0.00819883
v 0.52527046 -0.10199923 -0.06817015
v 0.49591726 -0.11184453 -0.02280070
v -0.44496268 -0.11541358 -0.33103117
v 0.06894182 0.17571285 -0.28795382
v 0.78227937 0.20840204 0.06521763
v 0.53790176 0.05478088 0.11779898
v 0.07228863 0.06661057 -0.51221234
v -0.57893705 -0.10477576 -0.15941291
v -0.35647511 -0.30009118 0.14823312
v -0.44751981 -0.17182378 -0.21179169
v -0.65101600 0.03465372 -0.29424781
v -0.05181993 0.01995388 -0.52561140
v -0.02153772 0.25119632 0.41921735
v 0.45809671 0.00268761 0.24053632
v -0.50454915 -0.12390523 -0.20405094
v -0.14654917 0.07020315 0.44724429
v 0.51023960 -0.12921518 0.17833495
v 0.76819783 0.08276172 0.21362740
v 0.75329190 0.09034739 0.09876162
v 0.53774244 0.03247536 -0.11170775
v -0.07921627 -0.03932469 -0.55767953
v -0.60612589 -0.12264726 0.16538802
v 0.15009959 -0.02350365 -0.49405342
v -0.40263695 -0.25031757 -0.36437163
v 0.58129525 -0.10849826 -0.10839300
v -0.33695751 -0.23543975 0.11981834
v -0.18794812 -0.24608347 -0.29431388
v -0.33450741 -0.10399723 -0.38621268
v -0.63004541 -0.07740693 -0.17341569
v 0.45089430 -0.08070895 0.05136665
v -0.23541561 -0.09874791 -0.20423976
v -0.18141550 0.27295795 0.35139728
v 0.46338797 -0.07191630 -0.00768828
v -0.53168762 0.08713271 -0.47662586
v -0.52879107 -0.22890146 0.18046604
v -0.27981403 -0.29247150 0.18108416
v 0.43584618 -0.13548720 -0.12439057
v -0.03526783 -0.14213955 -0.53537792
v -0.36737716 -0.24421789 -0.32952768
v -0.67544818 0.08757615 0.13703972
v -0.47624224 -0.24913761 0.20630839
v 0.46773446 0.16675827 0.10332093
v 0.70211756 -0.00345809 -0.09982777
v -0.74888813 0.04020228 -0.18887101
v 0.47001183 0.11458302 -0.09637195
v 0.62668073 -0.08429874 -0.06693490
v -0.08513930 0.25339055 0.45941427
v 0.75804758 0.16537941 0.23275937
v 0.51685208 0.14168480 0.14863181
v -0.37823981 -0.05445676 -0.50005430
v -0.23410961 0.02991436 0.25617090
v 0.03483223 0.03915248 -0.49433988
v -0.33844623 -0.22530872 -0.00536475
v -0.56797999 -0.04514023 -0.05099049
v 0.20325860 0.13369681 -0.37092483
v 0.33173913 -0.07828952 0.24979694
v 0.58404142 0.04404285 0.06341235
v -0.69294363 0.01950844 0.05703185
v -0.08655526 0.32303777 0.37645251
v -0.41807044 -0.21145782 0.28145382
v 0.25511253 -0.18278450 -0.33875465
v -0.36878675 0.22704652 0.07940043
v 0.43742156 0.12127914 0.20830494
v 0.43330139 -0.13761187 0.15317184
v 0.63736254 0.18227227 0.14705703
v -0.36061460 -0.23415194 -0.32035160
v -0.35458109 -0.26367247 0.15408987
v -0.34928203 -0.24939501 -0.14570528
v 0.21022752 0.12890112 0.04124485
v 0.81774694 0.14589204 0.07332060
v 0.47443941 -0.04841511 -0.05797033
v -0.05699444 0.29071981 0.27408352
v -0.15957202 0.20955145 0.42916557
v -0.41196144 -0.06604992 -0.00782452
v -0.40588483 -0.24850959 -0.09341519
v -0.68449676 0.04323018 -0.25945020
v -0.45221198 -0.17247783 -0.16933671
v 0.46471786 -0.05477396 0.24577002
v 0.48535812 0.12120039 0.22187746
v 0.70029950 0.01531295 -0.12415147
v -0.15800567 -0.24036086 -0.20605074
v -0.06577221 -0.12294232 -0.54356915
v 0.59198070 0.15871233 0.20964813
v -0.52456725 -0.20363896 0.19530854
v -0.14816849 -0.07146699 -0.58663720
v 0.81324178 0.16725269 0.10051583
v -0.34322619 -0.28329179 0.14653689
v -0.39853525 -0.27375215 0.18840383
v -0.40208974 -0.04543854 -0.37130815
v 0.33724627 -0.18985280 -0.20320293
v 0.17981088 -0.12249015 -0.41353095
v 0.77994686 0.14241910 -0.02108153
v -0.53296918 -0.19284865 0.18033022
v 0.01649769 -0.01623808 -0.54333150
v 0.82340312 0.07293619 -0.09445898
v 0.70637655 0.05004133 0.00911502
v -0.26312780 -0.31903678 0.19282022
v 0.26122725 0.17703258 0.21527025
v 0.56337124 -0.04333813 0.23722915
v 0.43641019 0.03545481 0.19998379
v -0.02671660 -0.21685988 -0.51497978
v 0.18245450 -0.12615353 0.39486349
v -0.36223376 -0.25585774 -0.29965383
v 0.21532898 0.04368541 0.39172626
v 0.10318819 0.23085140 0.39596707
v 0.74199086 0.21955055 0.16390258
v 0.72652429 0.04359706 -0.16984436
v -0.55049109 0.01246696 0.02127588
v 0.06346949 0.07021122 -0.51862192
v -0.28767204 -0.24595407 -0.33286667
v 0.60370064 0.16295142 -0.02505787
v -0.38715765 0.28360033 0.18554167
v -0.24872780 -0.12071506 -0.01531172
v -0.52428037 -0.11754297 -0.38284662
v -0.48351645 -0.20001817 -0.19632135
v 0.76172096 0.05426760 0.24659993
v 0.63704133 -0.04644448 0.22142966
v -0.40168291 0.33792448 0.17723638
v -0.63225824 0.02929476 -0.17008603
v -0.17990094 -0.20363253 0.46149299
v 0.56117481 -0.02343137 -0.22555350
v -0.09489545 -0.17161541 0.44038531
v -0.33295554 -0.14441285 0.07622945
v -0.22913492 0.15705976 0.27124649
v 0.06006951 0.03424010 -0.48081678
v 0.16985951 0.21950601 0.25184712
v 0.68756402 0.14015061 0.10086280
v 0.17518346 0.16951779 0.37074018
v -0.49825433 0.05176057 0.33810368
v -0.48452401 -0.15254170 0.28072315
v 0.17341582 -0.14153938 0.39508334
v 0.55889428 0.08856586 0.25291654
v -0.55174553 -0.18122879 0.19303185
v -0.02771823 -0.05352315 -0.53724009
v -0.43130559 -0.20117564 -0.28629386
v 0.63159716 -0.03413632 0.13271338
v -0.11393970 -0.20913577 -0.39818925
v -0.64040613 -0.01526441 -0.01923787
v 0.60732967 -0.02133154 0.14642687
v 0.76006633 0.10474054 -0.04226096
v 0.59095579 0.17583494 0.07022068
v 0.34365731 -0.22967334 -0.17310520
v 0.08618331 -0.04702120 -0.44976643
v -0.35875720 -0.07500391 -0.45854029
v 0.72227514 0.22046879 0.18003249
v -0.65747201 0.13723943 -0.15157875
v -0.20051812 -0.30457318 0.23703334
v 0.55803353 0.05857909 -0.13947761
v -0.56363922 -0.18536331 0.14922382
v 0.77444035 0.09000596 0.21951786
v 0.80934322 0.16660899 0.03886397
v -0.63880414 -0.02224930 -0.17178819
v 0.40210831 0.02568399 0.23188557
v -0.14190969 -0.32847202 -0.36723664
v -0.36152941 -0.29060993 0.11642458
v -0.49955845 -0.19612738 0.03404742
v -0.37659907 -0.08901118 0.07799182
v 0.66866046 -0.05575678 -0.06014127
v -0.18702665 0.06410874 0.22271454
v 0.65779757 0.17973745 0.13739069
v 0.64935404 0.10377210 0.12384062
v -0.24958868 0.22120178 0.47109607
v 0.69534129 0.15139860 0.23736355
v -0.44159311 -0.07706996 -0.28369558
v 0.64464694 0.17381737 0.21466789
v 0.48647711 0.21738125 0.15483207
v -0.61379343 -0.10136779 -0.39404517
v -0.08473254 -0.08746304 -0.50191015
v 0.75991297 0.15789191 0.00642252
v -0.26353025 -0.08844548 0.47688353
v 0.23053333 0.10976076 0.33613881
v 0.45678926 -0.09224917 -0.05107040
v -0.32411587 0.01514101 -0.44339162
v 0.40175545 -0.14890283 0.18374990
v -0.37391514 -0.25726807 -0.19701321
v -0.05793148 -0.19841996 -0.54454935
v -0.53013712 -0.02643152 -0.45172423
v 0.02887552 0.18758386 0.31422248
v 0.54334396 -0.12312559 -0.05277189
v -0.40479234 -0.04690501 -0.48588029
v -0.47214490 -0.17546403 -0.32460150
v 0.48442796 0.13865314 0.12663983
v 0.41604441 0.04815596 0.17439619
v -0.24936830 0.01068639 -0.16792613
v 0.18858966 0.08131775 -0.36408228
v 0.27299383 0.06932190 -0.31094432
v 0.59474111 -0.10308282 0.16424835
v -0.33043736 -0.25781384 0.22185630
v -0.63801634 -0.00208630 -0.39693123
v 0.50724697 0.04502669 0.04557368
v 0.63344073 0.01987665 0.04285147
v 0.55955935 0.18034980 0.14565939
v 0.72108245 0.19018313 0.21953049
v 0.06458196 -0.15332425 -0.47652394
v -0.56032538 0.17483887 0.10370772
v 0.54182613 0.08804347 0.14990053
v -0.28864765 -0.24474192 -0.46853840
v 0.52799606 0.04487994 0.22926562
v 0.39079794 0.16019131 0.25021791
v 0.34229898 -0.19780019 -0.20660487
v -0.20635475 0.16630054 0.25195658
v 0.33035585 -0.22705157 -0.21451309
v -0.33841348 -0.30692199 0.12367100
v -0.42301428 -0.00060520 0.42072368
v 0.42506313 0.07540192 0.15606998
v 0.53325087 -0.08949379 -0.19282913
v 0.57125914 -0.12765002 -0.08581080
v -0.61541605 -0.03270311 0.24503388
v 0.42513651 0.05526352 -0.26966289
v 0.43898615 -0.01359298 0.22908270
v 0.30523643 -0.12080273 -0.33122557
v 0.58240050 0.16615796 0.13460205
v -0.45242923 -0.07904340 -0.23762657
v -0.43071470 -0.30606723 0.08147794
v 0.53819948 0.07400034 0.00970675
v -0.38402611 -0.24456125 -0.26049128
v 0.39635009 0.04021491 -0.19433665
v 0.16316716 0.20746046 0.17738283
v 0.83859932 0.09237897 -0.12951943
v -0.51826626 -0.19614848 0.02531060
v -0.05905023 -0.30513790 -0.43931630
v -0.08020477 0.00081273 -0.58750713
v -0.49946555 -0.19243559 0.24751580
v 0.52795672 0.07688785 0.13956903
v -0.25295496 -0.23630033 -0.48951668
v 0.80383325 0.12867305 0.11674805
v 0.50942242 0.14037964 0.13882203
v 0.46193027 0.12620506 0.16663499
v 0.39464441 0.16398966 0.01454573
v -0.59225732 -0.09340883 -0.01019011
v 0.59332114 -0.11846301 0.18810090
v 0.62425280 -0.00443827 0.15705243
v -0.16092105 -0.33488929 0.26341182
v -0.44972932 -0.24488851 0.25725323
v 0.50344551 0.06007733 -0.14453895
v -0.23054156 -0.23879847 0.17913108
v 0.66722792 -0.00725362 0.00880525
v -0.00642237 -0.12013701 -0.50578374
v 0.39956060 -0.01324310 0.11079742
v 0.65581501 -0.05559323 0.19043303
v 0.39412791 -0.10643701 -0.25118694
v 0.72293639 0.04742600 0.17615244
v -0.14022943 -0.16294938 -0.44792819
v 0.45675516 0.13006543 0.23596960
v -0.26680571 -0.28918767 -0.10703276
v -0.39875209 -0.22188337 0.29336965
v 0.57972693 -0.11998179 -0.09019695
v -0.56925869 0.00077509 -0.17635614
v 0.63448310 0.19801281 0.09860466
v -0.47734815 -0.23574807 0.23338281
v 0.66780072 0.02976379 0.18552309
v 0.65009022 -0.01357531 -0.16150388
v 0.62651134 -0.08133873 0.18009233
v 0.65974396 0.14803788 0.12684567
v 0.23894823 -0.18704896 0.27508754
v 0.11923419 -0.06984812 0.42946854
v -0.13834916 0.31713644 0.42434144
v 0.66125989 0.02982030 0.01975698
v 0.60498810 -0.10987592 -0.07087629
v -0.45286781 -0.22402439 -0.19129808
v 0.80781466 0.19704354 0.08114412
v 0.42327452 0.12837809 0.24613997
v 0.33386898 0.11840853 0.31293190
v 0.38923919 -0.16010883 0.12693560
v -0.04757560 -0.26315552 -0.35648566
v 0.55262166 0.10626315 0.24878593
v 0.81485528 0.09393152 -0.14820451
v 0.76448280 0.19403952 0.20072481
v 0.03838594 0.06450580 -0.54551625
v 0.70499307 -0.00284139 -0.11774190
v 0.71083295 0.05324619 0.01790867
v -0.60859716 0.16620363 0.08108439
v -0.17799029 -0.15605126 -0.43421772
v 0.28303906 -0.12154298 0.24699885
v 0.40587008 0.05336527 0.24784738
v -0.07889805 0.04525024 -0.48323336
v 0.33219209 -0.22430618 0.07880746
v -0.14940493 0.07272674 0.46548790
v -0.17512450 -0.18716657 -0.32711393
v -0.66637129 -0.04380603 0.15395465
v -0.37510601 0.30017886 0.26030383
v 0.71042764 0.10577019 -0.00582973
v -0.41279095 0.00525714 -0.41313261
v 0.10132311 -0.23317102 -0.40185809
v -0.03681934 -0.22232115 -0.36103591
v 0.58597034 0.06052087 0.05677853
v 0.78549761 0.12003490 -0.02095091
v -0.23233338 0.34991217 0.36774036
v 0.39777887 -0.12957357 -0.18099447
v -0.57984716 -0.14476922 -0.34834033
v 0.49564254 0.16896766 0.19281502
v -0.49298704 -0.01143868 -0.55899894
v -0.37539324 -0.19326486 -0.28442946
v -0.52779460 -0.14597546 -0.42520463
v 0.60425097 0.01753697 0.12198471
v 0.48691243 0.15949443 0.23771632
v -0.62878877 -0.01658976 -0.02752312
v 0.11542566 -0.28175938 -0.33755091
v 0.55286759 -0.11679017 -0.14771597
v 0.04346140 -0.23911190 0.37582943
v -0.56329203 -0.11047634 -0.34111992
v -0.04020267 -0.02054928 -0.45559174
v -0.56028962 -0.01100379 -0.17727160
v -0.65051758 0.03955042 0.01538841
v 0.14614657 0.01645808 0.37788630
v 0.20598157 0.00376627 -0.39514574
v 0.55697799 0.13461877 0.06188704
v -0.48736241 0.03398935 0.34642804
v 0.03050874 0.22239700 0.20623565
v -0.65643501 0.09403685 0.00933258
v -0.28646481 -0.05834648 -0.54888302
v -0.19569333 0.18294424 0.47877571
v 0.61819434 -0.09401279 -0.04970830
v 0.26484597 -0.20501897 -0.34043476
v -0.52219379 -0.13377067 -0.35155815
v 0.15136375 0.00183259 -0.49602804
v -0.16878428 0.12239968 0.46228445
v 0.15111062 -0.15075861 0.42008725
v -0.33447391 -0.21175006 -0.28715917
v 0.48775819 -0.11206784 -0.19337928
v -0.07880659 -0.05857667 0.48958284
v -0.08529197 0.04536378 -0.49000499
v -0.04520653 -0.23360577 0.38672078
v 0.44457918 0.01649343 0.18542761
v 0.47311932 -0.17065771 0.17620337
v 0.28358531 -0.25552553 -0.23133622
v 0.15684944 -0.31097081 0.06138643
v 0.40419793 0.16871750 0.16153876
v 0.41905901 0.11688322 -0.26093775
v -0.04087731 -0.33773667 0.08535361
v -0.57698524 -0.23936358 0.14771491
v -0.28018361 -0.16244204 -0.18705130
v -0.04438305 -0.29892907 0.37708402
v 0.37630174 0.19178291 0.30258492
v -0.54398292 -0.11539242 -0.06118579
v 0.52162546 0.19130105 0.10785754
v 0.62747544 0.05184817 0.21603221
v 0.59546864 0.11981385 0.18257892
v -0.63604605 -0.07904688 -0.16815048
v -0.18506752 -0.01101987 -0.48159990
v 0.39251658 -0.12009384 0.14240883
v 0.70523477 0.09099583 -0.05129230
v 0.29337606 -0.17938443 -0.28602546
v 0.59790897 -0.02237616 0.14263794
v 0.73107439 0.06566039 -0.16915655
v -0.25257647 0.12308563 0.22312731
v 0.81370443 0.06338434 -0.11662716
v -0.48873529 -0.27138609 0.19580120
v 0.66207528 -0.01291016 -0.01147448
v 0.22678180 0.14346479 -0.34866470
v -0.38801965 0.06330428 -0.47719756
v -0.03907568 -0.28456041 0.27313626
v 0.60093188 -0.06286380 0.09657133
v -0.43333086 -0.19955659 -0.06487955
v 0.77681524 0.08165555 -0.18004775
v -0.22884130 -0.08842450 -0.19640635
v 0.25504029 0.07828170 0.34715524
v -0.43643367 -0.10081244 -0.34115410
v -0.34695610 -0.30545440 0.15893632
v 0.04146624 -0.00892038 -0.49168560
v -0.56164718 -0.16861455 0.09250704
v -0.45525107 0.26936638 0.20106374
v -0.54129833 0.12149762 -0.00974005
v -0.59390336 0.20320779 0.14935082
v -0.11666633 0.17579451 0.27638811
v -0.19370316 0.30476847 0.20859832
v -0.15298915 -0.06613541 0.27137208
v -0.44525340 -0.22349614 0.30007690
v -0.38395014 -0.26588583 0.19666460
v 0.65587366 0.14294875 0.25067675
v 0.11132267 -0.09843090 0.41370344
v -0.40082014 -0.29433161 0.17815019
v 0.59994668 -0.10776839 0.15798935
v 0.64366788 0.09182791 0.11244488
v -0.14605984 -0.32764304 -0.33901113
v -0.40689534 -0.16543174 0.05588309
v 0.66813838 0.04025618 -0.06769288
v -0.29928729 0.35178995 0.29204246
v 0.74424696 0.20785677 0.20258763
v -0.47677553 -0.08573102 -0.35880345
v 0.55368465 0.11975224 0.11971903
v -0.36978841 -0.29688114 0.15601565
v 0.45153779 -0.09774180 -0.23706812
v -0.13884306 0.25984591 0.43946481
v -0.45696968 -0.19949999 -0.20530169
v -0.05971475 -0.30747500 -0.46573687
v -0.02453886 -0.17198053 0.40510136
v -0.57920599 -0.12366742 -0.36410940
v -0.61414564 -0.07313521 0.19549012
v 0.47163934 -0.06247538 -0.06928562
v -0.63094652 -0.03102870 -0.03133029
v 0.51907188 0.16935185 0.11381449
v -0.18638608 0.35025597 0.26444688
v 0.10610284 0.20549956 0.06239719
v 0.80282897 0.17363954 0.14561725
v -0.11285412 -0.30459514 -0.49543020
v 0.82984209 0.07107206 -0.09140089
v 0.58363640 0.05668918 -0.08742760
v -0.31943795 -0.28764030 -0.24254575
v 0.31321716 -0.04547458 0.26462102
v 0.69783628 0.04533866 -0.01811248
v 0.55143648 0.06228700 0.03980518
v 0.65126061 0.06082483 -0.04496928
v 0.47017980 0.08688249 0.13049087
v -0.55544400 -0.17009737 0.08136693
v 0.12111586 0.03196332 -0.43819320
v -0.41686118 -0.03839943 0.42678946
v -0.01569517 0.15029183 0.41585022
v -0.64316815 -0.05952552 0.06183152
v 0.54372913 0.20065534 0.21102086
v -0.02751960 -0.30219504 0.18734439
v 0.40251452 -0.11523504 0.19954750
v -0.41422170 -0.16706793 -0.42404461
v 0.51778889 0.05424808 0.02846178
v -0.22562470 -0.29113868 -0.11774942
v 0.39492589 0.03989155 0.26016739
v 0.56568927 0.12011827 0.01248537
v -0.49297929 -0.08650555 -0.52713388
v 0.12501228 -0.06637976 -0.50867665
v -0.36496252 -0.08324501 -0.37780806
v 0.44137499 0.04580851 0.22001633
v 0.58090538 0.09860640 0.18813193
v 0.37678686 0.10509248 -0.28195643
v -0.43321407 -0.12737061 -0.40906650
v 0.74876571 0.09660445 0.13382359
v 0.77489775 0.20096436 0.04886186
v -0.20856386 -0.01240090 -0.45762241
v 0.55983108 -0.10404291 0.01422467
v 0.73151791 0.10681998 0.10277887
v -0.37567642 -0.29637355 0.09514543
v -0.02199015 0.19190343 0.29344428
v -0.33914691 -0.18957838 0.41056657
v 0.44814652 -0.10175862 0.21888784
v -0.22761534 -0.27292839 -0.30098569
v -0.57253587 -0.14521164 0.03625881
v 0.59737772 -0.10241279 -0.05358914
v 0.61776698 -0.07214679 -0.10983478
v 0.64205343 0.01483316 0.24130391
v -0.04390459 0.18226004 -0.23280065
v -0.26541808 -0.25782448 0.21825129
v -0.45450553 -0.21186486 -0.03211237
v -0.38334608 0.00308954 -0.08132507
v 0.45577067 -0.13605186 0.08192007
v 0.20113558 -0.02665856 -0.39221257
v -0.29307836 0.00439429 -0.53587872
v 0.01429144 0.11090247 -0.50283682
v 0.52785909 0.20124477 0.03241424
v -0.35604709 -0.22159696 -0.41616261
v 0.72623873 0.10776157 0.24111120
v -0.14929479 -0.21215704 -0.03415184
v -0.52667379 -0.13867702 -0.17753008
v -0.33612359 0.02091101 0.12808785
v 0.27291515 0.05372426 -0.37797379
v 0.66220361 0.14878947 0.24602881
v -0.41065261 0.01263480 -0.41104037
v 0.77105856 0.09303026 0.09976403
v -0.49408400 0.08512805 -0.03410870
v -0.39505163 -0.28889394 0.11556977
v 0.48870564 -0.09675648 -0.00650536
v 0.08367476 -0.10183488 -0.45716822
v 0.68272787 -0.02372404 -0.13600342
v 0.50267893 0.13341543 0.18474135
v 0.58448112 0.08057633 -0.01558861
v -0.53284687 -0.17941044 -0.28567994
v -0.65914726 0.06507994 -0.26740402
v -0.10489814 -0.13890779 -0.58663386
v 0.23142618 -0.30188578 -0.18984918
v 0.58983308 0.13334891 0.12612684
v -0.35521507 -0.22632623 0.12629902
v -0.24796475 -0.01631153 -0.50122720
v 0.55634445 0.15972933 0.22435838
v 0.61054945 0.19819646 0.09036197
v 0.65549159 -0.03629869 0.24222483
v -0.30407578 0.21082018 0.28244910
v -0.52555960 0.03128687 -0.02010978
v 0.46398878 -0.03820254 0.09419535
v -0.70628095 0.13010800 -0.21074146
v 0.59452838 -0.05349483 0.11653557
v 0.56657708 0.03063278 -0.06016761
v -0.33402169 -0.18243691 -0.08275317
v 0.75331551 0.07122651 -0.14313899
v 0.71187192 0.09418181 -0.01088659
v 0.16045249 -0.24823770 0.29895353
v -0.47710788 -0.08248494 -0.31576392
v 0.70483965 0.09469657 0.15450963
v 0.47694439 0.13521454 0.17660390
v -0.63052219 -0.17636654 0.19893149
v -0.44403914 -0.05259727 0.09140462
v -0.00895741 -0.29177409 0.24690029
v 0.54917103 0.08024003 0.15033764
v 0.16133414 0.17586556 0.38378263
v 0.46474758 0.00381720 0.24890772
v 0.39737958 -0.13207708 0.22730061
v 0.07816269 0.20726785 0.21030368
v -0.16966622 0.18153876 0.47807747
v 0.57634997 -0.10284158 0.09883511
v 0.63268888 -0.01024017 -0.15775591
v 0.02785121 -0.11616381 -0.51375717
v -0.54284781 0.03330651 -0.01388887
v 0.49787194 -0.12220802 0.13502772
v -0.31978151 -0.26672494 -0.10459608
v -0.04423539 0.21660562 -0.44294652
v -0.51178914 -0.19333810 -0.34083205
v -0.16432069 0.25953212 0.37812731
v -0.53022587 0.10301583 0.01274945
v -0.10921612 0.11778369 0.45983833
v -0.33374488 -0.23531365 -0.48415107
v -0.40591547 -0.25253034 0.05002050
v 0.65063351 0.17961073 0.14567633
v 0.56599915 0.04234368 0.24137571
v 0.06468908 -0.31355670 -0.27066028
v -0.00331569 -0.16454661 -0.52006954
v 0.47494680 -0.08048915 -0.21314836
v 0.78813857 0.21399486 0.07847819
v -0.56710154 -0.04086067 -0.27858424
v -0.63672423 -0.04659870 -0.27564210
v 0.52059472 0.08963741 -0.16367632
v -0.30567795 -0.13630129 0.29774272
v 0.20496133 -0.06605458 0.37526232
v 0.07491882 0.26144376 0.30450931
v 0.43035895 -0.07644960 0.23589425
v -0.58200413 0.08450014 0.21721725
v -0.15432107 0.20179754 -0.03797812
v -0.43724275 -0.30980679 0.12995973
v -0.07508759 -0.28956607 0.17739528
v 0.41492751 -0.04876702 0.24532393
v 0.02177918 0.13465829 -0.48098260
v -0.27740490 -0.18976989 0.42507321
v 0.40374649 -0.13065358 0.19606394
v -0.32588458 -0.27025524 -0.24032554
v -0.49026424 0.19520395 0.17866240
v 0.62441057 0.02304528 0.14991032
v -0.38514552 -0.18674585 0.22288118
v 0.63638246 0.16418755 0.22470759
v -0.54771960 -0.04455546 -0.30351898
v -0.39782494 -0.13642338 -0.35254300
v 0.30341208 0.02647644 -0.26797941
v 0.61942899 0.16121042 0.04623474
v -0.57544488 -0.01762235 -0.22538948
v -0.11656535 -0.10933724 -0.56520927
v 0.26000246 0.14880432 0.31827825
v 0.48341066 -0.05145476 -0.23938510
v 0.79959434 0.13014063 0.14386162
v 0.77044505 0.03004078 -0.07735126
v -0.05186042 -0.13789339 -0.55785733
v 0.64128178 -0.02542657 0.02616802
v -0.40456739 -0.27153859 0.04082054
v 0.16636997 -0.18547498 0.33074591
v 0.63679469 -0.02757306 0.04368131
v -0.35448587 -0.24755520 0.05235865
v 0.00287987 -0.32433656 -0.42670304
v -0.77005965 0.19307651 -0.15715252
v -0.47988576 -0.08180784 -0.31582272
v 0.72725600 0.10932077 -0.01700321
v -0.46554574 -0.13438822 -0.20686296
v 0.06700321 -0.07760514 -0.49334019
v 0.44413620 -0.14496481 -0.17558694
v 0.65430635 0.00827608 -0.14058521
v 0.66991544 0.05175701 -0.10492173
v -0.40271157 -0.28071696 0.19126356
v -0.59449190 0.12460521 0.00943811
v -0.21443303 -0.30807841 -0.27156514
v -0.51533031 0.20389219 0.04580414
v 0.04862714 0.20121588 -0.05735253
v 0.79068416 0.09639946 0.11401238
v -0.32629037 -0.17167503 -0.52741039
v -0.44882047 -0.22702044 0.09365056
v 0.77729046 0.13921174 0.18452202
v 0.16275761 -0.09164617 0.41881281
v -0.58935857 -0.09488459 -0.47392976
v -0.21345484 -0.08153938 -0.49815473
v 0.80924827 0.07519317 -0.10993765
v 0.70427936 0.10527170 0.07545561
v -0.35289600 -0.12524267 0.07854569
v -0.58763158 0.07556541 0.22381191
v -0.22001091 -0.31286597 -0.22652355
v 0.12983267 0.09338001 0.43099710
v -0.10063362 -0.08033659 -0.59147036
v 0.49779534 -0.03676899 0.24749078
v -0.52712166 -0.29304436 0.14333561
v -0.61172897 -0.06719014 0.20257011
v -0.38783821 -0.06517547 -0.37576136
v -0.33865359 -0.30391127 0.13980427
v -0.30468851 -0.04713324 0.27301651
v -0.21188422 0.02666204 0.44802314
v -0.02425743 0.22639804 0.06770325
v -0.02309762 -0.01665874 -0.56132996
v 0.65689337 0.07163158 -0.02767980
v -0.10300721 0.07801020 0.46022797
v 0.63002729 0.13807803 0.14575474
v 0.53818452 0.10330934 0.22593489
v 0.60884833 0.01624905 0.08411545
v 0.74571055 0.13129060 -0.01752829
v -0.61491275 0.00943919 -0.30299520
v -0.52790266 0.10931348 0.23965362
v -0.44671249 -0.28648180 0.06835471
v -0.63159209 0.11250389 0.03696822
v -0.28820661 0.25991517 0.47163412
v -0.59047246 -0.08511978 -0.24841623
v -0.57497191 0.01518050 0.24657267
v 0.59030735 -0.09973808 0.12919946
v 0.68513870 -0.01756728 -0.11310638
v 0.45447272 -0.14071763 -0.11429490
v -0.09134209 -0.00154381 -0.48430294
v -0.64362192 -0.03336077 0.02742020
v 0.77918100 0.06978116 -0.02476444
v -0.04423156 -0.30306593 0.11355439
v 0.37517777 -0.11003941 -0.22143935
v 0.57940352 0.12428230 0.13316117
v 0.42761633 0.15003610 0.25422797
v -0.01533511 -0.13778234 -0.50903058
v -0.55929893 -0.05277610 -0.47062778
v 0.38465786 -0.13920261 0.22150530
v -0.11175676 -0.05283147 -0.58851641
v 0.52058834 -0.18768479 0.17868461
v -0.13303337 -0.34402588 0.25562650
v 0.16981955 -0.11643377 0.40305480
v -0.32746011 -0.16832609 -0.52676582
v 0.75216794 0.07902904 0.06185594
v 0.58773279 0.16724506 0.00496721
v 0.24123113 0.02117433 0.36370975
v -0.55279237 -0.20979030 0.18974644
v 0.38737485 0.16817695 0.22343867
v 0.32942525 -0.01619766 -0.38196212
v 0.45309359 -0.03959634 0.25492606
v 0.78152525 0.22964203 0.12789892
v 0.74856961 0.12569153 0.22004886
v 0.70585901 0.06658994 -0.02174052
v 0.57963055 -0.06893314 0.22845128
v 0.40441144 0.10012470 -0.24231239
v -0.35200459 -0.07784335 -0.49409354
v 0.56637877 0.12043882 0.20488507
v 0.38072979 0.02670000 0.09338804
v 0.57521528 -0.10875028 0.16650569
v -0.15595226 0.29295835 0.46515408
v 0.26207408 0.07562099 -0.09167707
v -0.42373997 -0.27518389 0.10051218
v -0.02695699 0.04613487 -0.52646112
v 0.64617467 -0.04707159 0.01896807
v 0.35343480 -0.08715209 0.20689172
v -0.43850827 -0.09438930 -0.53871340
v 0.60712951 0.03971370 0.03743713
v 0.69662082 0.04474135 0.24719843
v -0.31311652 0.01454921 -0.39916122
v 0.78907675 0.09554267 -0.03711051
v -0.42343202 0.00042465 -0.55531901
v -0.32043642 0.01578397 -0.47191814
v 0.43836024 -0.09942252 -0.23303679
v -0.25102603 -0.21662049 0.42330611
v -0.23009440 -0.00929457 -0.56886971
v 0.16914304 -0.30659026 -0.25954270
v -0.25582701 -0.29651558 -0.30844057
v -0.57955670 0.03479086 -0.32334995
v 0.17038977 0.18508287 0.38171238
v -0.60754615 0.00250693 -0.16220695
v -0.33697355 0.31853434 0.35207319
v 0.80464429 0.19045377 0.07809739
v 0.44919610 0.07142564 0.21381199
v -0.32384175 0.31340995 0.19300927
v -0.18294138 -0.29000705 -0.43736053
v 0.76791441 0.07957260 -0.12577724
v -0.43285403 -0.10218471 -0.41047037
v 0.46146581 0.09024579 0.18874288
v -0.25423691 -0.20125970 0.42533639
v 0.48612353 -0.00370972 -0.12198392
v -0.05570951 -0.31639665 -0.08660172
v -0.01154086 -0.02543108 -0.57282174
v 0.18943816 -0.14443474 0.37622744
v 0.60251284 0.11115179 0.14280240
v -0.63203728 -0.06823284 0.17216814
v 0.12396778 0.06509990 -0.42732659
v -0.15301448 -0.29043788 -0.09420687
v 0.60076118 0.03483927 0.16826558
v 0.39437702 0.09603160 0.23175365
v -0.26152575 -0.29487422 -0.37716228
v -0.21515799 -0.11601933 -0.57784802
v 0.15142952 0.06320382 0.31837541
v 0.48694324 0.03544499 0.25734323
v 0.41912103 0.05232302 0.20274882
v -0.05344339 -0.26615292 -0.30514354
v -0.64141691 -0.07094256 0.13842742
v -0.59280777 -0.15531223 -0.38196981
v -0.13365459 -0.27302411 -0.30507362
v 0.76883537 0.09503661 0.11964723
v 0.67195296 -0.05502794 0.22914715
v 0.52800953 0.04119524 0.23929058
v -0.72719371 0.07508313 -0.17153063
v 0.11365080 0.07360394 -0.42451379
v -0.29059240 -0.29596692 -0.33253539
v -0.48888564 0.00309025 -0.24401425
v 0.01129189 -0.04457993 0.49158615
v 0.59195310 0.06481812 -0.03962794
v -0.56323218 -0.15112624 -0.18876114
v -0.39241093 -0.18457706 0.34234500
v -0.46706313 -0.24001220 0.20446301
v 0.70002925 0.17613134 0.23020095
v -0.18305224 -0.10993569 0.24278891
v 0.66625261 0.00657025 0.02025661
v 0.24897076 0.08661255 -0.39415374
v 0.76584566 0.06809703 0.04507845
v 0.40553346 0.33454204 0.05768739
v -0.08458327 -0.05069383 -0.56771767
v -0.64933807 -0.05100660 0.12236087
v -0.32698923 -0.20786297 0.24243173
v 0.60190058 -0.01862219 0.23514891
v 0.62640947 0.08899774 0.14038935
v -0.35059771 0.41442108 0.22141035
v 0.44378090 0.21914463 -0.11748210
v -0.40605551 0.01021356 -0.46896109
v -0.60623741 -0.07709067 -0.39892644
v -0.42321736 -0.21058822 -0.29767379
v -0.15895927 -0.23532844 -0.15447837
v 0.02629821 0.18162012 0.35010970
v -0.39044362 -0.23562193 0.18315710
v 0.52848506 0.03649527 0.22467911
v -0.34763280 -0.14508408 0.24304734
v 0.16746047 0.01498286 0.40912491
v -0.21552768 -0.21272278 -0.27436474
v -0.32129595 -0.12876713 -0.35536185
v 0.37306762 0.02292117 0.24928865
v 0.53932643 -0.13966134 0.18016464
v -0.50673807 -0.10010993 -0.48200408
v -0.55187094 -0.03657421 -0.25847042
v 0.38883168 -0.12200055 0.15359202
v -0.24512033 -0.31406257 0.11684623
v -0.59536278 0.13802925 -0.19726358
v 0.52921212 -0.13623223 -0.14925271
v -0.13911438 -0.05547884 -0.59384221
v 0.34597027 -0.25816086 -0.13780749
v -0.17101039 -0.23070158 -0.49055019
v 0.59733319 0.05590256 0.13675873
v -0.38463348 -0.04229969 -0.08146979
v 0.74232727 0.19526735 0.21253935
v 0.37800419 -0.16394787 -0.10821928
v -0.05354425 -0.34637272 0.15364397
v -0.29552495 -0.29386485 -0.37584782
v 0.72376221 0.04547266 0.24146488
v -0.23114495 -0.27376497 0.21082973
v 0.59569693 0.03823226 0.16620986
v -0.14298321 0.17526358 0.15448323
v 0.69101399 0.02038245 0.17809805
v 0.41539013 0.20100088 -0.00578085
v -0.11629066 -0.25701553 0.12598225
v 0.28443816 0.10195138 -0.33621818
v 0.70386910 0.09452987 0.07709360
v -0.00572714 0.09609674 0.44059411
v 0.52075672 0.02436682 0.01584053
v -0.27818167 -0.27133700 0.11602955
v -0.39373624 -0.24516970 -0.03337636
v -0.32656902 -0.27643746 -0.16850616
v -0.67306632 0.04759888 0.15230192
v -0.60216814 0.02359345 -0.24584389
v 0.43623438 -0.09504206 0.21646237
v -0.48917851 -0.16113336 -0.06851335
v 0.48791659 0.14625217 0.22474766
v 0.43004316 0.27967501 0.00045370
v -0.22681905 -0.30025560 0.23739137
v 0.49122161 -0.07796557 -0.01688710
v -0.35201856 -0.27777481 0.07780379
v 0.81154794 0.12545434 0.08320221
v -0.51429546 -0.01115353 0.34758797
v 0.23413572 -0.06238245 0.34963357
v -0.36313817 -0.07765789 0.22752032
v -0.26430967 -0.04756971 -0.42988113
v -0.54114163 0.06552815 -0.46764588
v 0.59420925 -0.11268752 -0.09247582
v -0.70638019 0.05454088 -0.21719787
v 0.58536524 -0.01155338 0.25461918
v -0.28696042 -0.09900127 -0.58656502
v 0.43796539 0.11588566 -0.23658821
v 0.16003773 0.17383161 0.38761926
v 0.38995284 -0.08026927 0.21414737
v 0.25391430 -0.18342975 0.30178612
v 0.50159949 0.05230596 -0.13268830
v 0.78561354 0.21592346 0.15262792
v 0.19931279 -0.14634530 0.36883572
v -0.49880520 -0.20568433 0.03140678
v 0.45053476 0.09468234 0.23553154
v 0.56909502 0.03011632 0.16884927
v 0.04184157 0.26581442 0.38439476
v 0.45587164 -0.13297909 0.08685207
v 0.75387919 0.06363875 -0.06805490
v -0.50803250 0.09955549 0.08242872
v 0.48550555 0.08235826 -0.22890294
v 0.01538287 0.00067761 -0.55827212
v -0.06258744 0.09336892 -0.56427509
v 0.46295092 0.14904623 0.03080202
v 0.73913181 0.11268059 -0.00786858
v 0.77689892 0.10055427 0.16196537
v 0.65805268 0.02546613 -0.00944340
v 0.07042278 -0.20578116 -0.39926779
v 0.58857185 -0.12994008 0.17264757
v 0.73190260 0.22225437 0.17920132
v 0.21731056 -0.08269365 0.36230195
v -0.30771136 -0.07642259 -0.51409972
v 0.59871680 0.05720294 -0.08015065
v 0.06122398 -0.08381297 0.44737396
v -0.68529826 0.13108106 -0.19827390
v -0.14251721 -0.14279734 0.45992225
v -0.26964027 -0.23811363 -0.42611849
v 0.42469403 -0.15734464 -0.11402836
v 0.22723779 -0.16656283 0.31073016
v 0.46976852 -0.12785414 0.14694144
v -0.53183675 0.23949203 0.05543423
v -0.02283388 -0.06968778 -0.54028529
v -0.45912755 -0.21839258 0.04056575
v -0.58639050 -0.06551729 0.24776191
v 0.25979206 -0.17996344 -0.34347790
v 0.40739125 0.01421279 -0.29158518
v -0.34469935 -0.05070472 0.01501092
v 0.59360373 -0.09553515 0.12770632
v 0.00964971 -0.08817836 -0.52694643
v 0.05040957 -0.30512676 -0.42650607
v -0.52336890 0.24023625 0.21607491
v 0.69422090 0.01736772 0.16886556
v -0.24574263 0.12828466 0.45688093
v 0.61290491 -0.03603210 0.05804123
v -0.56483668 -0.01758091 -0.06630214
v 0.58333480 -0.11705982 -0.07967553
v 0.46369660 0.12725079 0.21244410
v -0.73388845 0.20587775 -0.17696054
v 0.52803057 -0.10072853 0.18199459
v 0.23186681 0.05721709 0.24919775
v 0.83155310 0.11207151 -0.16243032
v -0.30962420 -0.20018764 -0.50059724
v 0.70639223 0.17545167 0.07236770
v 0.64947122 0.06029532 -0.08226001
v -0.21735233 0.11662768 0.22287723
v 0.41907057 0.07513108 -0.22852039
v -0.57152706 0.07650191 -0.05880585
v -0.12243097 -0.23426816 0.39863130
v -0.15688626 -0.01004137 0.50597602
v -0.45720789 -0.09708679 -0.12941217
v -0.37903854 -0.24949804 -0.17974222
v -0.64036208 0.05678605 -0.15015723
v -0.52557546 0.11515488 -0.22600174
v -0.49705696 -0.14359669 -0.07301279
v 0.18083331 0.02644730 -0.41530085
v 0.02104881 0.13791935 -0.39476883
v -0.22499259 -0.30280650 -0.38243395
v -0.12657142 -0.01894041 -0.59417158
v 0.15523160 -0.24631999 0.28348300
v 0.72954911 0.02320871 -0.14256757
v -0.57056022 0.18889509 0.03851730
v 0.20053852 0.07698116 -0.39276868
v -0.61632645 0.13102470 0.02691140
v 0.49778259 -0.21411508 0.23734646
v -0.00222503 0.18298757 -0.44237572
v 0.40641856 -0.13421561 -0.17145480
v -0.31476629 -0.18522123 -0.07355031
v -0.37064147 0.02078465 -0.40843832
v 0.48349768 -0.06748397 0.22529045
v -0.31471729 -0.10873400 -0.27268499
v 0.37289351 -0.01205336 0.02750815
v 0.81859308 0.09202638 -0.15373082
v -0.48898634 -0.31251824 0.15026206
v -0.04412261 -0.25295645 0.38693452
v -0.60881519 -0.06947269 -0.23670326
v -0.69931191 0.08330212 -0.15461487
v -0.07098515 -0.16002995 -0.38107169
v -0.44903186 -0.24932727 0.19580412
v 0.57606947 0.13874798 0.15836006
v 0.72841781 0.09133655 -0.20681816
v 0.46932846 -0.18020025 0.21857083
v -0.21489173 0.01310793 -0.52934754
v -0.13231561 -0.21747725 -0.47026354
v 0.58932853 -0.11791893 -0.09780788
v 0.72772574 0.20449027 0.20487031
v -0.60832989 -0.18303864 0.19494903
v -0.27054971 -0.24532312 0.03308778
v 0.22956517 0.05583209 0.34707469
v 0.20034330 -0.29839724 0.08761031
v 0.27577209 0.16449404 -0.30300525
v 0.45022434 -0.08450768 0.05503224
v 0.81938952 0.08803158 -0.12171049
v -0.52225173 -0.00498648 -0.44118690
v -0.20708828 -0.26967868 0.37151805
v 0.74392587 0.20633571 0.06816253
v 0.60207552 0.16407341 0.17019090
v -0.42020518 -0.17937070 0.31337827
v 0.70711672 0.11076783 0.04473148
v -0.33565965 -0.15693131 0.44226283
v 0.10440286 -0.29417065 0.25021696
v 0.16602258 -0.30683863 0.07950099
v -0.07222199 -0.29996717 0.12264131
v -0.04256532 -0.02712826 -0.50669426
v 0.58030713 -0.11600260 -0.12244400
v 0.54593652 0.04494477 -0.08352305
v -0.29707062 -0.28313264 -0.37234241
v -0.56832671 -0.15881814 0.01361888
v 0.06470238 -0.35114354 -0.37873757
v 0.11360325 0.28653115 0.26073825
v 0.64867938 -0.05589510 -0.01984125
v -0.42149714 -0.19802329 -0.10398453
v 0.00783148 -0.23028198 -0.52106744
v -0.19130436 -0.31437582 -0.39471054
v 0.33041257 -0.01192796 -0.33604681
v -0.20001601 0.25138518 0.46578711
v 0.26402628 -0.16951847 0.28681546
v 0.46558425 0.13943174 0.21845096
v 0.55450553 -0.10281742 0.14100216
v 0.33229169 0.10539457 -0.31072834
v -0.11892472 -0.28378123 -0.50583571
v 0.56081474 0.12214001 0.20133644
v 0.40162224 -0.11756721 0.14168064
v 0.71408898 0.05109683 -0.13419542
v -0.43568829 0.20955697 0.11855257
v -0.54154390 -0.07316806 -0.40560198
v -0.15004402 -0.30381536 0.27968600
v -0.26035464 -0.02797154 -0.40883532
v 0.65429997 0.02796906 -0.01323152
v -0.50720668 0.15292764 0.17680247
v 0.46564081 0.23581216 0.08412966
v 0.56262022 0.08076780 -0.03511518
v -0.34950507 -0.15733315 -0.17501150
v -0.35032439 -0.10784931 -0.13482426
v -0.31021059 -0.27799883 -0.38138565
v -0.52889740 -0.00538047 -0.22570422
v 0.01275615 -0.00813995 -0.55337632
v 0.47874337 0.02420766 0.11237203
v 0.16719569 0.01632977 -0.42526636
v -0.38906789 -0.09280008 -0.40369254
v -0.29601794 -0.25468159 0.24690767
v -0.17462231 -0.21444926 -0.54047871
v -0.34278393 0.13800085 0.42767134
v 0.14271520 0.17764455 0.29424158
v -0.68315232 0.02919438 -0.17450394
v -0.54317337 -0.14587331 -0.02039308
v -0.69589746 0.05105548 0.02395855
v 0.40504208 0.03182648 0.09288671
v 0.08284605 -0.05149611 0.44063714
v 0.39932877 -0.22161306 -0.04605947
v -0.05377185 -0.27930900 0.29869574
v -0.09117655 0.16273686 0.28325084
v -0.54592156 0.06294306 -0.45354956
v -0.57117963 0.07331867 -0.25435287
v 0.79431587 0.19415221 0.05077834
v -0.10735589 -0.14387989 -0.43852708
v -0.44428301 -0.14957178 -0.36366940
v -0.48435885 -0.06330608 -0.01121881
v 0.54532444 -0.01021720 -0.23917669
v 0.78978467 0.19043778 0.04522869
v 0.43067342 -0.01775779 -0.28304648
v -0.39722633 -0.11313684 -0.33290958
v 0.69043720 0.03019363 -0.03091971
v 0.41060311 -0.13408211 0.18003005
v 0.60580188 -0.11011029 -0.07986014
v -0.20920001 -0.29176542 -0.14226140
v -0.27142769 0.30611813 0.20478986
v -0.02133155 0.20460224 -0.02304465
v 0.77937889 0.07170705 -0.03681947
v -0.63044828 -0.00331514 0.21911986
v 0.44739789 -0.07305195 0.03247446
v -0.04010439 0.06608414 -0.52257764
v -0.43018275 -0.04860001 -0.35306367
v 0.51980251 0.21595785 -0.04698270
v 0.36621624 0.07582695 0.32546014
v -0.43593678 -0.07125872 -0.02756944
v 0.67105943 0.21086773 0.17212157
v -0.40968102 -0.21496919 -0.12519631
v -0.08815178 0.16029546 -0.48080060
v 0.06362902 -0.18820000 -0.46575940
v 0.41538483 -0.12417299 0.19108397
v -0.49916375 -0.00385261 -0.23425600
v -0.10384147 -0.27350673 -0.43905693
v 0.70439559 -0.00800569 -0.07871452
v -0.05621129 -0.21626630 -0.52822429
v 0.64372855 0.06469920 -0.09695831
v -0.01308793 -0.31540632 0.07615916
v 0.00725285 0.06010656 -0.50964326
v -0.01876020 -0.07754774 -0.53596091
v 0.45630133 -0.20051511 0.20524266
v 0.72218937 0.06224331 -0.07590269
v -0.19689152 -0.32014158 -0.35251784
v 0.48924899 -0.16462253 0.17841405
v -0.40691209 -0.15409432 -0.23242567
v -0.00031044 -0.04520452 0.49979562
v 0.40605545 -0.10914261 0.19531205
v -0.78259885 0.14521147 -0.17552102
v -0.62605172 -0.07018992 -0.22548397
v -0.22392064 -0.08894961 -0.44872794
v 0.40566739 -0.24560036 -0.01542948
v -0.61408275 0.00956886 -0.04772299
v 0.23186153 0.02205610 -0.38957897
v -0.34032506 0.28170761 0.21566838
v 0.50524211 0.04278565 -0.03592563
v 0.06573933 0.09542666 -0.47038585
v 0.35924312 -0.04272263 -0.26948211
v 0.55092007 -0.02307253 -0.23091865
v 0.71512181 -0.00284249 0.21037810
v 0.62138319 -0.09947584 -0.08006394
v 0.28597820 -0.27682623 -0.11377159
v -0.15723088 0.08237814 0.42046446
v -0.27078959 0.01313013 -0.49894455
v 0.76487726 0.01775602 -0.07323770
v 0.63200349 0.22322549 0.04078940
v 0.67451328 0.04019507 -0.08873981
v 0.21482858 0.05823917 0.38292867
v 0.45074272 -0.04020987 0.24820189
v -0.12807900 -0.14405009 -0.45897204
v 0.04882012 0.13625947 -0.37998316
v 0.37101322 0.21431033 0.24918188
v -0.18895692 0.18784785 -0.10909222
v -0.66155368 0.03986126 -0.31828994
v -0.08714640 0.17008579 -0.53338987
v -0.38772124 0.05322144 0.15092409
v 0.84255028 0.08992285 -0.14104526
v -0.31192642 -0.28435200 -0.21089865
v -0.36800703 -0.19901370 0.34176838
v 0.38583213 -0.10279021 0.10555112
v -0.35328984 -0.22115636 -0.42455155
v -0.02999564 -0.32570603 0.24373420
v -0.01793633 -0.01636490 -0.56802368
v 0.50834930 -0.04339988 -0.23241203
v 0.59551632 0.06407655 0.13037637
v 0.38132256 0.08572622 0.22042041
v 0.14827532 -0.20244795 -0.36613974
v -0.39892447 -0.22684482 0.26942801
v -0.20137416 -0.12631491 -0.40187937
v -0.07987107 -0.07870513 0.49425361
v -0.36701113 -0.22077551 -0.20512770
v 0.26230085 0.11216706 0.32015318
v 0.37290263 0.10407625 0.22666359
v -0.77005225 0.11245677 -0.19372056
v -0.47455734 -0.07565739 0.32984897
v 0.29004070 0.04913723 -0.30057037
v 0.14781961 0.26254752 0.30792925
v 0.29652557 -0.01215103 -0.30257976
v -0.05753567 0.00998649 -0.45528859
v 0.68700451 0.05797432 0.16756588
v -0.23482010 -0.18313316 -0.23049630
v 0.51278859 -0.18640874 0.19976401
v -0.64874727 -0.07870205 0.14302959
v -0.30243874 -0.13025340 -0.54660881
v -0.06382489 -0.20912424 -0.54185855
v -0.67014015 -0.01618862 0.04340721
v 0.12925650 -0.25847515 -0.36621130
v 0.60882306 0.15362707 0.08652790
v -0.58607900 0.10195358 -0.37242225
v 0.54346484 0.00378968 0.25044024
v -0.00337842 -0.29194146 -0.02615978
v -0.47427613 -0.17681842 -0.41103485
v -0.06506599 0.23419887 0.22161235
v 0.71574771 0.04403081 0.16839889
v 0.01952139 0.25278562 0.35337567
v -0.21296008 -0.13373393 -0.57419014
v -0.08899812 -0.28215992 0.27611768
v -0.17526777 -0.24895498 0.10040381
v -0.43512216 -0.19339435 -0.13246793
v -0.41966817 -0.19983876 -0.13416855
v -0.45999464 -0.28248090 0.09906885
v -0.29513431 0.00716464 -0.51912320
v -0.61155510 -0.04244099 0.25777632
v 0.45076296 0.27380335 0.06039549
v -0.30717850 -0.31042764 0.14928105
v -0.31548959 -0.14960700 -0.10993361
v -0.26992273 -0.29144853 -0.37231356
v -0.57800680 -0.13650148 -0.36659282
v 0.56159008 0.12876225 0.10101816
v 0.68401802 0.21011382 0.17979050
v 0.68692595 0.01412637 0.17675328
v -0.17923006 -0.02789678 -0.47303987
v 0.46636945 0.12726504 0.18591411
v -0.24282876 -0.11996149 -0.48636109
v -0.50219601 0.18215948 0.24850947
v -0.15643989 -0.29312366 0.17329811
v -0.41500002 -0.09801839 -0.51207137
v 0.02244507 -0.13787848 0.43492684
v 0.73472834 0.01364240 0.24345814
v -0.03658065 -0.00321350 -0.55546337
v -0.69984388 0.06547063 -0.25305611
v -0.27219698 -0.27156609 0.26977363
v 0.62351274 0.13335027 0.13759899
v -0.65174043 -0.04897186 -0.23128058
v -0.13925795 -0.07455721 -0.45032024
v 0.51134741 0.02949242 -0.02934286
v -0.70171881 0.03397880 -0.21886884
v 0.11856209 -0.08457482 -0.51727629
v 0.16407052 -0.04181850 -0.49712008
v -0.63158017 0.10879914 0.12348437
v -0.01559380 -0.26151443 -0.50087810
v 0.58639383 -0.02448489 -0.18284011
v 0.19616841 -0.13632503 0.38170108
v 0.71333027 0.08934026 0.23373108
v -0.16260971 -0.26695836 0.15739720
v 0.78295600 0.04066554 -0.11107999
v -0.48736098 -0.24797279 0.00751750
v 0.01615340 -0.19389232 -0.50134361
v -0.51744187 -0.07941706 -0.29465169
v -0.38162127 -0.08014373 -0.25933927
v 0.44892293 -0.12119054 0.22293654
v -0.09626368 -0.29976374 0.21159087
v 0.46686530 0.19001648 -0.02281542
v 0.58296955 0.02458174 0.22580397
v -0.13816227 -0.26895681 0.31442827
v 0.65197593 0.04131569 -0.02097111
v 0.39622444 -0.21143694 -0.10232183
v -0.13393506 -0.30570176 -0.36967602
v 0.87191671 0.09986626 -0.11871326
v -0.28138584 -0.28331080 0.26321536
v -0.26244673 -0.01186068 -0.38709748
v 0.80570710 0.13432068 0.13160823
v -0.13702004 -0.27388638 0.36224943
v 0.61312419 -0.03487676 0.12658802
v 0.40461984 -0.10808287 0.10540132
v 0.67264444 0.19127882 0.13800132
v 0.75418830 0.15056227 -0.00137935
v 0.02142340 -0.14880317 -0.50286657
v -0.26257253 0.03931692 -0.21890211
v 0.54671615 0.11199079 0.12271479
v 0.19334230 -0.24949411 -0.37017524
v 0.60393679 0.01902740 0.23745602
v -0.05803586 -0.19745988 -0.52578956
v 0.59603137 0.13523224 0.03911966
v 0.43691173 -0.09233344 -0.22385514
v 0.66190350 -0.00149736 0.00687482
v -0.06134500 0.05545681 -0.52259469
v -0.62438506 -0.11623196 0.10010153
v -0.24825108 -0.17031351 -0.53699285
v -0.02498689 -0.12353846 0.44707397
v 0.48519301 -0.13190669 0.05458542
v -0.23329005 -0.29044846 -0.26049483
v -0.24773256 -0.23455235 -0.49018332
v 0.40562415 -0.05744530 0.24200380
v -0.45613262 -0.00723407 -0.27214152
v -0.52006048 0.09043197 -0.05137911
v 0.58894300 0.14080808 0.11475125
v -0.63365108 -0.06548734 0.12957570
v -0.37212712 0.23256414 0.24882413
v -0.51579714 -0.18172942 -0.19779964
v -0.15449157 0.19802134 0.32326353
v 0.09566925 -0.29770994 0.19188160
v -0.41553253 -0.08130690 -0.56841564
v 0.74457723 0.02557442 0.22833392
v -0.37969762 -0.10569727 0.26685953
v -0.31704313 0.01256128 0.46874568
v 0.05526254 -0.21687686 0.36315125
v 0.05640976 0.05766951 -0.53551161
v -0.39130244 -0.24096701 -0.33100796
v -0.18361324 0.02160607 -0.53246498
v -0.34140986 -0.10161066 0.29839927
v 0.60983419 -0.03427423 0.05429598
v -0.51333135 -0.18297698 -0.15444401
v -0.11243407 -0.28662834 -0.46125412
v -0.16120803 -0.24964516 -0.06500228
v -0.33936590 -0.26121593 -0.22286107
v -0.41115671 0.26420623 0.30761847
v -0.35734040 -0.11768273 0.07213443
v -0.03378944 -0.01316585 0.49199566
v -0.41464871 -0.23082972 -0.03558866
v 0.72878563 0.09369022 0.07067919
v 0.40586829 -0.03456580 0.12258946
v -0.20903704 -0.30983233 -0.39824450
v -0.41297466 -0.02817533 -0.19422567
v -0.50692689 -0.07738838 -0.20245917
v -0.28759372 -0.26730725 0.22174509
v -0.36380339 -0.16411462 -0.01776130
v -0.20717338 0.15412188 -0.11256152
v -0.53878236 -0.18121329 0.02742687
v -0.67275196 0.01732256 0.14647783
v 0.49250370 -0.08729385 0.22313926
v -0.23021211 -0.11049879 0.47324640
v 0.00708835 0.09344184 -0.50163603
v -0.03967383 0.20029607 -0.03430152
v 0.01196447 -0.30882275 0.30059087
v -0.29527920 -0.15655081 0.18954681
v -0.00862156 0.10535705 -0.51111364
v -0.31583741 -0.30644178 0.16967893
v -0.37987715 0.32305500 0.27775836
v -0.47254589 0.03547738 -0.07657014
v 0.36448652 -0.22034173 0.07084325
v -0.21175154 0.35930619 0.28233844
v 0.20190623 0.20421827 0.18509163
v -0.61145687 0.17585248 0.15858634
v -0.43976942 0.27579507 0.22284588
v 0.53022933 0.10120393 0.09905463
v 0.17308879 -0.02490999 0.36217439
v -0.37183607 -0.25134549 -0.09239735
v -0.59719175 0.03339399 -0.32477993
v -0.58751953 -0.02027352 -0.49217701
v 0.68002427 0.04082921 0.18389156
v -0.26330918 -0.23173434 -0.34812158
v 0.04841608 -0.18635312 -0.42799810
v -0.46624780 -0.01374536 -0.21877761
v 0.03778590 -0.23387156 0.39970818
v -0.54698187 -0.13301413 -0.45991552
v 0.01653633 -0.34734875 0.27956179
v -0.01193708 -0.12886244 0.44731086
v -0.58542591 -0.07769082 -0.14951316
v 0.41595390 -0.03912196 0.10483098
v 0.12490246 0.01012132 0.44364810
v -0.20129550 -0.07576904 -0.46008390
v 0.06204146 -0.20095497 -0.49969029
v -0.40229788 -0.01793738 -0.40267649
v 0.17520517 -0.00311962 -0.40407762
v -0.33586767 0.01988877 0.44508967
v 0.76861399 0.05317457 -0.06580171
v 0.08740060 -0.31433445 0.09677699
v 0.79742616 0.16755031 0.16718929
v 0.41454896 -0.16203615 -0.12530023
v -0.39706814 -0.19144590 -0.14760622
v -0.51669133 -0.16910586 -0.04936673
v -0.16376449 -0.23365226 0.35894206
v -0.07050677 0.30764151 0.38122728
v 0.51049614 -0.09958541 0.18658306
v 0.57263452 0.03481083 0.20954889
v 0.60739911 -0.08534519 -0.00560346
v 0.41824001 -0.13868085 -0.19952461
v 0.46889570 -0.03564881 0.06460328
v -0.36299574 -0.16649085 -0.11348987
v 0.72613788 0.20462024 0.06807451
v 0.59203756 0.14971752 -0.01888435
v 0.15945157 0.19450247 0.37845877
v -0.29221353 -0.01596525 0.50469804
v -0.46604094 -0.20383072 0.09697114
v 0.77817690 0.07835878 -0.13471417
v -0.50328279 -0.18185598 -0.33293372
v -0.55662924 -0.06149784 0.27044111
v -0.20299521 0.28359768 0.23947600
v 0.63280338 0.06132226 -0.07798046
v -0.08231819 -0.33578461 -0.01761685
v 0.17424056 0.01322851 0.35367346
v 0.57613361 0.03194452 0.09399898
v -0.16812100 -0.24471703 -0.08741876
v -0.38046682 -0.27904952 0.01463851
v -0.36786795 -0.02961636 -0.33976620
v 0.39854643 -0.19911520 -0.13135442
v -0.23167010 -0.26434252 0.22875068
v 0.73950034 0.17292163 0.20818108
v -0.45662796 -0.05747753 -0.26964110
v -0.47689277 -0.08965911 -0.30716473
v 0.77579534 0.06788412 -0.05141057
v -0.62277448 0.14607209 0.09087300
v -0.64304972 0.07176669 -0.03712284
v -0.35722777 -0.18537728 -0.32093498
v 0.63711858 -0.02503992 0.22825125
v -0.11315094 0.16126028 0.48260710
v 0.02884319 -0.27430183 0.32851213
v -0.50530893 -0.15835717 -0.25051865
v 0.56792206 0.23040265 0.06568295
v 0.52460843 -0.12713629 -0.16941425
v 0.47425961 -0.12543805 0.14303449
v 0.12035863 -0.33071539 -0.07690676
v -0.35298917 -0.21745545 0.25627550
v 0.64033031 0.11072719 0.14315026
v -0.41404000 0.21325815 0.07925825
v -0.67230439 0.03553552 0.13170671
v -0.00367034 0.19704181 0.23057547
v -0.57309061 0.06089622 -0.47261494
v -0.08257648 -0.11205045 -0.57958323
v -0.46569663 -0.11294921 -0.06950738
v 0.76723748 0.02077795 -0.09758252
v 0.24181437 -0.13120283 0.32903549
v -0.34740618 -0.28624338 0.13265613
v -0.52531105 -0.22608835 0.17186104
v -0.22502764 -0.22114894 -0.43306008
v -0.68260247 0.08490247 0.00808979
v 0.72187430 0.05180378 0.23677537
v -0.61960709 -0.10004541 0.05839342
v 0.03116730 -0.23811916 -0.47402331
v -0.20375772 0.19196671 0.47797039
v 0.39397368 -0.16045958 0.16282105
v 0.46420494 0.23862988 0.09138976
v -0.55873966 -0.06872724 -0.26940864
v -0.36060157 -0.25733081 -0.16151042
v 0.07465997 0.07970693 0.37141603
v -0.02840620 -0.02650105 -0.52000952
v 0.77881730 0.22298211 0.13644603
v -0.33927017 -0.30668572 0.02974461
v -0.54413873 0.13073993 0.03151190
v -0.43417335 -0.30232278 0.16801605
v 0.79914242 0.19362418 0.15810329
v 0.50673181 0.00833188 0.24296460
v 0.43904772 -0.06099854 0.25332433
v 0.59233546 0.02623766 0.18865055
v -0.38520744 -0.24380866 -0.07976657
v -0.30956167 -0.13232180 0.29078659
v 0.56282240 -0.05810217 -0.18096012
v -0.35656938 -0.24636039 0.24101222
v 0.45898730 -0.08581797 -0.09351359
v 0.54004824 -0.10665989 0.06105143
v 0.38474345 0.16535424 -0.15119210
v 0.56649554 0.06425646 -0.00333831
v 0.57139796 0.12771568 -0.00159313
v 0.49080795 0.22708353 0.10057567
v -0.66868615 0.03333521 -0.29125816
v 0.70502359 0.06020937 0.00409115
v -0.44913226 -0.18002713 -0.39254606
v 0.61588430 0.16211605 0.04453557
v -0.42931196 -0.01717775 -0.25212437
v 0.16695921 0.10354786 0.34713119
v 0.61832345 0.06419373 -0.04764692
v -0.40254912 -0.07453711 -0.57324135
v 0.74366325 0.09509511 0.23006479
v 0.76758730 0.10205442 -0.04203695
v -0.49239856 -0.04437943 -0.49231932
v -0.40568423 -0.18561640 -0.18754703
v 0.03781958 -0.02043056 -0.49363971
v -0.00332154 0.07223545 -0.53150284
v 0.08502723 -0.32121590 0.22406819
v -0.31257743 -0.14641774 -0.21431477
v -0.10260667 -0.25726068 0.09772589
v -0.01770052 0.01428135 -0.50925249
v 0.22419934 0.22004777 0.32905114
v -0.01898679 -0.17321365 -0.51361561
v -0.39494497 0.22978485 0.04974130
v -0.25399637 -0.27504593 -0.34774452
v 0.03562063 -0.02342971 -0.49607503
v -0.24021819 -0.18585633 0.39021552
v -0.41543967 -0.24493068 0.16940752
v 0.45433050 -0.13401461 0.07319087
v 0.11747523 0.15895727 -0.00576807
v 0.58916527 -0.11731466 -0.05250651
v 0.03515641 0.04962502 -0.53758878
v -0.47245252 0.04350093 0.35987291
v -0.36967683 0.08359510 0.11863521
v 0.60217482 0.02701689 -0.17844737
v 0.37554345 0.03566216 -0.29580078
v 0.59008437 -0.03462104 0.13046871
v -0.37311658 -0.24617849 -0.03142614
v 0.38885474 -0.09348541 0.21480748
v -0.62767959 -0.12196540 -0.40535274
v -0.65712553 0.00289660 0.15396500
v 0.29109037 -0.02729478 0.26219365
v 0.77501208 0.08670226 0.21881531
v 0.36414951 0.17748168 0.25157088
v -0.10212338 -0.23734549 0.36662114
v -0.21351923 0.25513747 0.24276061
v -0.08224450 0.06829710 -0.41774637
v 0.76734579 0.08702312 0.09184286
v 0.27006614 0.03097118 -0.35527432
v 0.60066974 -0.06346405 0.21517131
v 0.62620503 -0.00290302 0.21804911
v -0.01328303 0.11450620 -0.50922036
v 0.67486989 -0.05488419 0.22132608
v -0.21972805 -0.22750106 0.17409067
v -0.30499852 -0.09236035 -0.54689336
v -0.44579819 -0.08522221 -0.43495169
v -0.51387203 -0.28847042 0.17926705
v 0.67070556 -0.05039770 -0.05965986
v 0.75856042 0.07847452 -0.13372484
v 0.63833296 0.02331559 0.24855021
v -0.36707106 -0.08718162 -0.36994112
v -0.54650307 0.13925704 0.13011242
v -0.67897093 0.04027957 -0.34448960
v 0.70594597 0.01803242 -0.05675699
v 0.61670244 0.17716923 0.15970795
v -0.05449446 0.28317386 0.34745324
v -0.39259407 -0.16149199 0.23590712
v 0.26605773 0.12480563 -0.33665550
v 0.68096823 0.02422033 0.24630448
v -0.67378598 -0.01087532 0.08672777
v -0.12283799 -0.28922799 -0.36387047
v 0.74811083 0.19618186 0.04050249
v 0.59035802 0.05117399 0.06618112
v -0.43682033 0.24041457 0.10297498
v -0.63752133 -0.02738594 0.02756780
v -0.13688941 -0.26955691 -0.40980062
v 0.06796227 0.18058521 0.26443672
v 0.47395408 0.17731681 0.22665486
v 0.39540175 -0.16989651 -0.20733742
v 0.59051907 0.08689704 0.22665691
v -0.00695784 -0.06755152 0.48030996
v -0.67219424 -0.07153784 -0.21223879
v -0.47022527 -0.04277367 -0.17008367
v -0.24650203 0.27467889 0.47313517
v -0.21473046 0.34322494 0.32853028
v -0.54615647 -0.19171044 0.14375776
v -0.41957545 -0.08579753 -0.48417377
v -0.40128300 -0.13836505 0.34778816
v -0.08424670 0.16728249 0.44449916
v 0.69852686 0.07790197 0.15852088
v 0.68786001 -0.05013081 0.21844849
v -0.56411576 0.00291562 -0.42013979
v 0.45100179 -0.04781355 0.24123226
v -0.62963170 0.09307498 -0.48438585
v -0.10350688 -0.22034454 -0.56886160
v -0.19662769 -0.20886432 -0.20419301
v -0.33230045 -0.18078683 -0.04928322
v -0.48643407 -0.20998982 0.00016386
v 0.56464976 -0.12999219 -0.07524219
v -0.44536519 -0.16096309 0.06677612
v -0.62233150 0.08349895 -0.00129380
v -0.01969931 0.04512087 0.47268936
v -0.77188593 0.00043888 -0.17822525
v -0.21912631 -0.31909138 -0.29720870
v 0.62679517 0.08756138 0.14646928
v -0.07339688 -0.18998851 -0.56493276
v -0.59988540 0.09289073 -0.05455330
v 0.30231002 0.04531568 -0.37013224
v -0.04960098 0.15426546 0.35016319
v -0.11914127 0.33637795 0.35415143
v 0.58572167 0.12603861 0.22110426
v 0.42405748 -0.18129361 0.17982438
v 0.79577887 0.18456417 0.04184376
v 0.42929995 -0.17867342 0.17491171
v -0.02650442 -0.14960067 -0.51700485
v 0.62735438 0.18927434 0.09247498
v 0.58689100 0.22412992 -0.00982013
v 0.75815183 0.05199580 0.22106174
v 0.25319737 0.05271284 -0.31821787
v 0.79065758 0.07394985 0.00639698
v -0.62533361 -0.10331060 0.16369686
v 0.52065802 0.08665553 0.13039885
v 0.80838734 0.15994987 0.05691577
v 0.05281927 0.16693500 -0.06158081
v 0.07145607 0.16077052 -0.39157677
v 0.59397829 -0.12731607 0.20023650
v 0.42196983 0.04794189 -0.25783578
v 0.01984730 -0.07600318 -0.56136626
v 0.20763768 -0.05040463 0.37458658
v -0.52059978 0.01145443 -0.51242912
v 0.57601827 0.22251979 0.24902225
v -0.15491733 -0.28991047 0.18584187
v 0.60115880 -0.11582559 -0.07423259
v 0.67797393 0.04458679 0.23993775
v 0.54445094 0.08861931 0.14935434
v -0.54489201 -0.11914839 -0.04737633
v -0.11976669 -0.34206963 0.11534211
v 0.73199189 -0.00374842 -0.08833288
v 0.45469859 -0.09705441 -0.07098858
v 0.06150899 0.00104037 -0.52585393
v -0.17205118 0.33405259 0.27033415
v 0.21196246 0.19154862 0.33148205
v 0.23666072 -0.16842650 0.30351919
v 0.64215183 0.00503786 0.23510322
v -0.06004502 -0.31449729 0.33665383
v 0.11772075 -0.05657888 0.42052007
v 0.60123384 0.05089480 0.24571049
v 0.62492967 0.05807219 -0.12630209
v 0.50669116 -0.12131626 0.11397992
v 0.50412297 0.04838622 0.20521674
v 0.44042924 0.28388816 0.01510492
v 0.01418618 -0.19223833 -0.41023350
v 0.54142565 0.04611954 0.08150305
v 0.78904682 0.20842049 0.17729670
v -0.39508477 -0.24144208 -0.09858312
v -0.50351888 0.03026933 -0.02326461
v 0.46029097 -0.11608929 0.15813684
v -0.41477334 0.19632760 0.37692016
v 0.00083429 0.02200462 -0.54685706
v 0.03617385 0.08002929 -0.51064229
v 0.56905878 0.14606786 0.06407441
v -0.25882229 -0.18872005 0.13762391
v -0.09832102 -0.21165514 -0.53894466
v 0.47973716 0.09695908 -0.19037949
v -0.06210701 -0.20415863 -0.54234976
v 0.54240644 0.09739433 0.11286429
v -0.10251594 -0.06930419 -0.54702461
v 0.81828004 0.06040323 -0.12987736
v 0.47392917 0.19785818 0.06717786
v -0.09022176 0.23778853 0.46383411
v 0.42684513 -0.14788872 0.09560458
v 0.61333090 -0.06709205 0.11713655
v -0.05390927 -0.21195793 -0.47484732
v 0.63618362 0.19390994 0.17313257
v -0.15519065 -0.30422935 -0.37076569
v 0.34153575 -0.13507660 0.15567552
v 0.78028989 0.21311235 0.07098661
v 0.65527630 -0.02327017 -0.15744598
v -0.68647146 0.06557500 0.07604097
v -0.17125873 0.18372682 0.33212310
v 0.47066969 -0.10308126 0.02437763
v 0.16968815 0.02248132 -0.41469580
v -0.03395656 -0.24356970 0.34942096
v 0.22613069 -0.03099824 -0.44285855
v -0.32647300 -0.25335613 -0.27915415
v 0.57270163 0.21383426 0.25127944
v 0.49114919 0.03857031 0.10240459
v -0.17759982 -0.25279006 0.24009968
v 0.29445702 0.07551654 0.14399251
v 0.51329529 -0.07612679 -0.19555780
v -0.21755905 0.30053154 0.44088957
v 0.26131344 0.04531843 0.21279606
v -0.67033112 0.06042225 0.01015269
v 0.52408093 -0.17876756 0.19349149
v 0.70197487 0.02581525 -0.15765807
v 0.60447419 -0.10666306 0.18774793
v -0.64123857 0.01242175 -0.01206051
v 0.43451265 0.10016084 0.24494518
v -0.43551427 -0.17853168 -0.39504093
v -0.73024422 -0.00605117 -0.16679984
v -0.15792006 0.16062121 0.24483293
v 0.13167599 0.21766362 0.38878685
v 0.70811343 -0.00010405 -0.13039508
v 0.78865963 0.08764406 -0.13761033
v -0.41805738 -0.01570746 0.18934944
v -0.06229448 -0.32174766 -0.43401682
v -0.44566479 -0.11217164 0.41758272
v 0.39513472 0.09128318 0.25056118
v -0.36720657 -0.23598675 -0.36537379
v -0.29127806 0.06696651 0.16216111
v 0.19304532 -0.03431298 0.36262760
v 0.14876771 0.04045551 -0.44261283
v 0.02194612 0.14185494 -0.38168144
v -0.57123578 -0.13190131 0.16631271
v -0.55493468 -0.16748127 0.01793805
v 0.41896063 0.15136655 0.20740449
v -0.13557369 0.03344100 -0.56982672
v -0.06009109 -0.22124694 -0.54330188
v 0.15621646 -0.30855435 -0.25620407
v -0.49959618 -0.21142265 0.06860837
v -0.72025585 0.00685129 -0.16484196
v -0.34423286 0.05270630 0.12163191
v -0.38636953 -0.24616110 0.28665742
v -0.41599458 0.10608329 -0.47216654
v -0.07093737 0.30249366 0.38858318
v 0.59723675 0.16274709 0.06671885
v -0.58656245 0.08371071 -0.06461747
v 0.19617704 -0.11065458 -0.39538833
v 0.50835806 0.13548365 0.24526958
v 0.50786740 -0.08164884 0.24151629
v 0.01023017 0.28914288 0.34744245
v 0.67263234 0.09633967 0.11637092
v 0.26689887 0.15019274 0.31509343
v -0.44674343 -0.21731535 0.08449658
v 0.80016273 0.10151681 -0.15544030
v 0.55127662 0.10547519 0.25493377
v 0.80436575 0.18567297 0.13757916
v -0.58207393 0.13525252 0.01405329
v 0.70423836 0.08830994 0.24837063
v -0.47433305 -0.06283271 -0.49074292
v 0.58024228 0.15672198 0.09066755
v -0.61774349 0.08714450 -0.21077180
v 0.58234710 0.12819526 0.11043191
v 0.45330119 0.13721278 0.24000621
v -0.55981052 0.00951208 -0.34037912
v -0.32408246 -0.12477303 -0.21551226
v -0.31606185 -0.20661169 -0.42173779
v -0.40278837 -0.30173576 0.19521146
v 0.58786577 0.01475914 0.07703531
v 0.59386009 0.06857505 0.14042582
v -0.18361492 -0.03818916 0.49199116
v 0.73028827 0.04957295 -0.16462052
v 0.55619788 -0.12945598 -0.07031928
v -0.11455040 0.08327597 -0.58077812
v -0.48561236 0.10039059 0.30102050
v -0.10259105 -0.28280422 0.28260836
v -0.69058603 -0.05454133 -0.22107622
v -0.51111150 0.14278817 0.08011621
v -0.11839499 -0.31657645 0.27994943
v -0.31726056 -0.23497912 0.11677246
v 0.50939459 0.19598143 -0.02899271
v 0.79965705 0.20314763 0.14991364
v -0.24337606 -0.29242179 -0.30362487
v -0.48218346 0.24228457 0.06140812
v 0.59196407 0.01292948 0.24940227
v -0.12443916 -0.09073845 -0.47654003
v 0.46888173 0.02324922 0.23582387
v 0.69903630 0.02136078 -0.05916845
v 0.80536580 0.20747791 0.10541633
v -0.37346154 -0.25495201 -0.26665542
v 0.43700439 -0.12665558 -0.10104303
v -0.39705989 0.02525998 -0.32054228
v -0.35602748 -0.29430735 0.07324436
v -0.44821584 0.24699523 0.23883080
v -0.35262072 -0.21485683 0.21236913
v 0.44044644 0.01887331 0.15451489
v 0.58570898 -0.10544820 0.12177302
v -0.17722850 -0.28586307 0.25879267
v 0.74078768 0.09413278 0.23110688
v -0.37010860 0.00265086 0.45005316
v -0.29817191 -0.20549001 0.01129702
v 0.60223210 0.02239853 0.02210535
v -0.21131420 -0.01584992 -0.44587684
v 0.10236114 0.24630043 0.35521728
v 0.80106759 0.15017763 0.15548068
v 0.78733510 0.05443911 -0.10433453
v 0.55022955 0.16734573 0.24645467
v 0.38506630 0.07010333 -0.26174191
v -0.49635330 0.06997611 -0.04208386
v -0.26668379 -0.09343269 0.44020113
v -0.29457465 0.02330262 -0.47211042
v -0.51342481 -0.12715948 0.32625207
v 0.59336770 -0.11190768 -0.11427785
v 0.08556320 -0.19467691 -0.46235663
v -0.66570038 0.08762763 -0.14973411
v -0.61613274 -0.06883979 -0.41971338
v -0.37909424 0.30875701 0.27179444
v -0.28362578 -0.29806322 -0.23194253
v -0.49405742 -0.06609306 -0.40421760
v -0.60831857 -0.02367173 -0.27085155
v -0.46138316 -0.09758875 -0.35585719
v -0.05426605 -0.31397793 -0.00618605
v 0.68571019 0.20923814 0.15793067
v 0.22167358 -0.27324754 -0.28584981
v -0.51093435 -0.28714007 0.16689321
v 0.55807430 0.18326968 0.24658751
v -0.37625140 -0.10558282 -0.33582336
v 0.51590925 -0.12115610 0.05078230
v 0.82414794 0.08867745 -0.12142609
v 0.00221618 0.02030981 -0.54717839
v 0.18587506 0.10255162 0.38846076
v 0.66672057 0.15700379 0.24323440
v 0.09047624 -0.31827897 0.21579330
v -0.33396596 -0.08044095 -0.31492767
v -0.38603258 0.02344437 -0.47991690
v -0.42277318 -0.22959355 0.11144528
v 0.52296591 0.03128773 -0.21294323
v -0.29683131 -0.18430917 0.10750218
v -0.53815413 -0.17007579 -0.14192873
v -0.49105978 -0.30316907 0.16425037
v 0.27431017 -0.07792807 0.29564136
v 0.73773092 0.09378795 0.07846931
v 0.44528371 -0.03224694 -0.05224001
v 0.44499099 -0.15509760 -0.14556661
v -0.59362441 0.09398152 -0.50078446
v 0.59501266 0.03698441 0.16594844
v 0.71942914 0.10648794 0.12441644
v 0.70090300 -0.02388095 0.21306309
v -0.01507835 0.27108011 0.34362763
v -0.47615600 -0.21780944 -0.00457291
v -0.50485772 -0.10764888 -0.48443085
v 0.57314384 0.07847377 0.24864683
v 0.77055997 0.08012299 0.08131361
v -0.29674533 0.07889579 0.18681777
v 0.51541293 -0.14060003 -0.18017507
v 0.46568626 0.07699623 0.20756902
v 0.00781165 0.16713217 0.45532134
v -0.40389779 -0.30102175 0.03890672
v -0.47022206 -0.03219063 0.11177252
v -0.65973318 0.13817106 0.10728964
v -0.39683998 0.02161834 -0.47152102
v 0.00766966 -0.15834756 -0.49836561
v -0.08199495 0.10925630 -0.57176507
v -0.25406104 -0.18516144 -0.53757995
v 0.39452052 0.05384941 0.23285924
v -0.58601516 -0.09823470 -0.00567674
v 0.43892473 0.12574564 0.18898912
v 0.61479414 -0.03553610 0.12896548
v -0.35476375 -0.18542460 -0.47638321
v -0.11138125 0.18194179 0.33297139
v -0.44192931 -0.22453631 -0.01595999
v 0.26267439 -0.24861756 0.21437719
v -0.35977256 -0.26889965 0.17529806
v -0.18644750 0.20785376 0.31775492
v 0.38943219 -0.00495866 0.18304817
v -0.24663644 -0.23959762 -0.48159629
v 0.58666557 0.12304152 0.14496347
v 0.25284326 -0.03811984 0.27699918
v -0.44182476 0.25620019 0.25062174
v -0.76287949 0.18892619 -0.13583790
v 0.60104495 -0.08527943 -0.13963374
v -0.69512773 0.10997243 0.08251458
v -0.16400535 0.04836887 -0.56975174
v -0.02908275 0.00262660 -0.55052692
v -0.06115825 -0.08766288 -0.49082714
v 0.71754372 0.22366577 0.15310439
v 0.75591666 0.07299937 0.17815042
v 0.52090913 -0.19874185 0.20042202
v -0.70103365 0.03536546 0.06763984
v 0.52547407 0.06491227 0.26640934
v 0.65279645 0.02771457 0.07816896
v 0.65673900 0.18275046 0.15086310
v 0.63155794 0.06374098 -0.05316563
v -0.11494359 -0.20423666 0.37670469
v 0.66892970 0.01047317 0.17324769
v 0.42118859 0.03157128 0.22239709
v 0.05787986 0.16335215 0.33421236
v 0.62917286 -0.05266469 -0.12052503
v -0.48771298 -0.30214459 0.17285457
v -0.29982790 0.02891204 -0.58036399
v 0.64696819 0.02946135 0.04629464
v -0.02717072 0.16735734 0.37194932
v 0.57667381 -0.00696146 -0.20361055
v 0.06464815 -0.11799867 -0.44416314
v 0.36058533 -0.07489394 0.22443068
v -0.68058294 -0.01396040 0.11112992
v -0.24376221 -0.31255874 0.20818377
v 0.42989480 -0.16412845 0.18684392
v -0.15216990 -0.20570339 0.22507817
v -0.25076663 -0.24748513 -0.48133016
v -0.55988348 -0.05019087 -0.27652174
v -0.41924068 0.04065604 -0.41989177
v 0.15764278 -0.33955279 -0.28091064
v -0.43377912 -0.31899974 0.16704372
v 0.03293575 0.28347087 0.28255090
v -0.23366639 -0.18375117 -0.22124301
v -0.15792537 0.16023570 0.42148617
v 0.18137348 -0.30736718 0.00842797
v -0.62058920 0.12642735 0.00867223
v -0.64248359 -0.05841631 0.01948026
v -0.55166852 -0.22014013 0.21948841
v 0.38898146 -0.15885018 -0.22484548
v -0.39740592 -0.11156799 0.03983932
v -0.42019600 -0.13310724 -0.34635702
v -0.49255478 -0.14336303 -0.06558645
v -0.66149926 -0.05608341 0.08813843
v -0.37150678 0.00808192 -0.44295806
v -0.30106825 0.34007561 0.31378344
v 0.78524530 0.05795622 -0.14658353
v -0.06988524 -0.05101021 -0.58430082
v 0.27781147 0.08012406 0.30112714
v 0.60451794 -0.03661161 0.09110257
v -0.50446779 0.18766937 0.04635076
v -0.35070765 -0.23352534 -0.33278090
v 0.02523261 0.19335532 0.30934328
v -0.58053780 0.00691359 -0.07994257
v 0.50370151 -0.07998548 0.23173158
v -0.04991484 -0.29845017 -0.27342317
v -0.06642555 -0.26811433 0.32426685
v -0.68114454 0.03641497 -0.17046544
v 0.41802859 -0.11106859 -0.21963325
v -0.58958405 -0.20087215 0.22473064
v 0.38833022 -0.00270180 -0.31101060
v -0.29350016 -0.08508191 -0.35405868
v 0.70730281 0.05520310 -0.02614792
v -0.15042999 -0.03307473 0.31865570
v 0.71397448 0.10057669 0.02409567
v 0.63137984 -0.03929999 0.21848002
v 0.50192684 -0.10512469 -0.05456929
v 0.47707433 -0.05238074 -0.06604040
v -0.71269172 0.18495238 -0.19475693
v -0.10214327 -0.28416353 0.30466560
v -0.44053710 -0.21104380 -0.20254628
v -0.33733064 -0.29452187 0.18396331
v 0.52965379 -0.04040932 -0.22778872
v 0.02878818 0.15276197 0.37879610
v 0.46666542 -0.13268220 0.12667227
v -0.31789386 0.32808101 0.21402800
v -0.03550494 -0.16280732 -0.55527365
v -0.70615369 0.10166796 -0.23632339
v 0.59469593 -0.02661546 0.25005174
v 0.73099232 0.20606336 0.07457931
v -0.03036524 0.10691795 -0.40020066
v 0.46555406 -0.16164421 0.12112938
v -0.31657290 0.05462255 0.13864672
v -0.22927220 -0.06644968 -0.59969175
v -0.16398120 -0.18642086 -0.55581433
v 0.19844674 -0.30770665 -0.01769380
v -0.45650178 -0.12701930 -0.14526206
v -0.32016301 -0.22864176 -0.14590746
v 0.42981315 0.22088510 -0.05362676
v -0.26487574 -0.27471781 -0.00550102
v 0.54762447 0.19537875 0.17901821
v -0.34381783 -0.25126833 -0.36587885
v -0.35655731 -0.23610863 -0.29351175
v -0.01260069 0.27748635 0.39956650
v 0.02102429 -0.22768216 -0.51233429
v 0.08207753 -0.31920066 0.01093444
v 0.56675208 0.18809006 -0.03611746
v -0.27576682 -0.31096852 0.20278749
v 0.07281870 0.08059198 -0.50345969
v -0.08859015 0.05096301 -0.60117197
v 0.57846510 -0.08583321 0.08829486
v 0.49367827 -0.08509581 -0.07212700
v 0.62260884 0.05336658 0.15253870
v 0.61643821 -0.08059572 0.14927526
v -0.06042634 -0.30344713 -0.42531523
v 0.36021978 0.06254833 0.10381397
v -0.32000765 -0.18994465 0.21533951
v 0.50194699 -0.00297282 0.22845221
v 0.02229998 0.05907874 -0.52710176
v -0.50291336 -0.28677869 0.15795806
v -0.58788478 0.13478690 0.10793976
v 0.50024736 -0.06007374 -0.06443408
v 0.64922869 0.01797114 0.05553122
v -0.45292318 -0.21610309 0.08629099
v 0.31296754 0.06651532 -0.20844457
v -0.22967301 -0.30503961 -0.26562455
v 0.70384645 -0.01727528 0.20490566
v -0.32432556 0.02535722 -0.54373050
v 0.67459649 0.11523110 0.24015588
v -0.43233573 -0.19135830 0.30771220
v -0.00845982 -0.12016661 -0.50994706
v -0.30259082 -0.31912673 0.14955632
v -0.42692286 -0.28626770 0.16362110
v 0.03307263 0.05686634 -0.48954466
v 0.42800254 0.04858245 0.00860744
v 0.42818680 -0.03052572 0.11012723
v -0.56763256 -0.09645945 -0.00895054
v 0.51234359 0.09466892 0.24735485
v 0.52209616 -0.00503092 0.23183960
v 0.62682754 0.07813382 0.22725934
v -0.07481578 -0.25466603 -0.49249837
v -0.09140607 0.16565515 -0.22374313
v -0.23200506 -0.21400410 0.23737958
v 0.41302210 -0.10849636 0.11287941
v -0.20246910 0.33786431 0.33838281
v 0.42576072 -0.03618786 0.22089127
v -0.25724974 -0.19688758 -0.27851957
v -0.00455616 -0.09643574 0.43295270
v -0.48553473 0.14925021 -0.47320521
v -0.32811904 -0.12196328 -0.18806419
v 0.10385698 -0.18534674 0.37704211
v 0.43523756 0.06254030 -0.19176911
v -0.51123303 0.18449333 0.24853291
v 0.31355253 0.08723318 0.07868282
v -0.59284329 -0.11968799 -0.33227170
v -0.41251463 -0.20886397 -0.40423214
v -0.20985168 -0.29174075 -0.31237203
v 0.81331348 0.11166140 -0.16542229
v 0.24905579 -0.07145100 0.33883402
v -0.67577249 -0.02020970 -0.31345966
v 0.05981512 -0.08858965 -0.53328687
v 0.48125389 0.11966231 0.23912606
v -0.17095309 -0.30155519 0.22112957
v -0.49534404 -0.08931202 0.13573970
v 0.80711871 0.06363156 -0.12566705
v -0.20099449 -0.31349957 -0.33786231
v -0.17246497 -0.22472045 0.20018758
v -0.52174103 -0.15140517 -0.26770198
v 0.77181685 0.20459279 0.05341019
v -0.30239394 -0.07880908 -0.29581726
v 0.56976831 0.14194018 0.14306191
v 0.01815432 -0.04790563 -0.48519844
v -0.43263710 -0.27953461 0.18153438
v -0.49250305 0.22526942 0.05837009
v 0.07853849 0.15677568 0.34683576
v -0.21460900 -0.31822059 -0.39728007
v 0.21825042 -0.31011647 -0.19053666
v -0.24168310 -0.18811575 -0.40980193
v 0.59256965 -0.11935931 -0.08661105
v 0.17198363 -0.26679236 0.26734746
v -0.68823689 0.14279230 -0.13502158
v -0.46411097 -0.21848150 0.09812625
v 0.49742186 -0.02137516 0.25634643
v 0.62338340 0.19399822 0.17035937
v -0.12315810 -0.25976768 -0.36270967
v 0.59862661 0.12363723 -0.04391221
v -0.02131712 -0.32646400 -0.37691921
v -0.40478832 -0.21854058 0.28061330
v -0.32758188 -0.05861246 -0.48501104
v 0.63256449 0.06009649 -0.09443258
v 0.40288192 -0.11139277 0.17147854
v -0.63026261 0.06565632 -0.04191927
v -0.52292532 0.14716971 0.07020287
v -0.60041761 0.13296002 0.14904009
v -0.61816800 -0.12792911 0.09822711
v 0.30982310 -0.09033397 -0.30948749
v -0.48193368 0.01696678 -0.45014259
v -0.21153453 0.30206144 0.24529295
v -0.34311089 -0.26319739 -0.37113664
v 0.57387495 0.14106044 0.08754607
v -0.59541708 -0.10405082 -0.34531057
v -0.38776261 -0.29758322 0.17652839
v -0.48050144 -0.27615607 0.15351211
v -0.64929390 -0.02246608 -0.16430265
v 0.05969426 0.19830889 0.44073036
v -0.05879576 -0.27259201 0.34271002
v 0.67428726 0.18077034 0.21499032
v 0.57176125 0.08068733 -0.04626527
v 0.22217421 0.04193512 -0.35945219
v 0.79055601 0.08358999 -0.01058199
v 0.50147808 0.22851905 0.07961112
v 0.04880859 0.04256123 -0.49394912
v 0.80227947 0.11929470 0.14322539
v -0.60411501 0.14062753 0.03386133
v 0.81125784 0.16754065 0.11648771
v 0.77582586 0.17413862 0.20259434
v -0.54092240 -0.02550499 -0.45828792
v -0.37841579 -0.22608517 0.22063206
v 0.16726908 -0.32447365 -0.17825653
v -0.05815302 -0.29758403 0.18323532
v -0.37940371 -0.22204681 -0.34410131
v 0.18483111 -0.03119888 0.38572630
v -0.25254893 -0.28753239 0.29874897
v 0.76716989 0.09499864 0.15338106
v -0.17035498 -0.25557294 0.19766998
v 0.51991320 -0.14480031 -0.16224660
v 0.66271067 0.08676594 0.10287954
v 0.56667769 0.04615143 0.10892023
v -0.00625017 0.10070177 0.44244498
v 0.74958044 0.04053762 0.20874262
v 0.11965736 0.18612853 0.34840807
v 0.46089834 0.11814926 0.13456951
v 0.40105245 -0.06785722 0.09331566
v 0.49241787 -0.12787345 0.04629185
v 0.05785947 0.20065306 0.43411094
v 0.72734678 0.04871172 0.23970158
v -0.53038031 -0.12732586 0.27281827
v 0.48518956 -0.03209467 -0.05531242
v 0.61254507 -0.06512129 -0.12354262
v 0.58345121 0.13324158 0.14762352
v -0.02540247 0.15334523 -0.36380297
v -0.62360334 0.11080130 -0.14208683
v -0.51419961 0.08899124 -0.38016677
v 0.55569583 0.15083924 0.23331997
v 0.70224738 0.01495048 -0.07166274
v -0.18556675 0.33875418 0.31693232
v -0.51415873 -0.29574993 0.11698285
v -0.00453081 -0.31255618 0.05543572
v 0.57642812 0.14627124 0.15979284
v 0.63882548 -0.02226684 0.03127284
v 0.72196168 0.22220495 0.14409691
v 0.00201164 0.27137193 0.39694759
v 0.55108196 -0.16013105 0.23411518
v 0.76599330 0.07268044 -0.17332312
v 0.17214012 -0.31874168 -0.02286207
v 0.48860869 0.01155325 0.03249586
v -0.55920655 -0.04187257 -0.04541288
v 0.61583471 0.08216240 0.23721686
v 0.23464243 0.02684942 0.37866819
v 0.35909432 -0.11714593 -0.23221305
v 0.37696823 -0.09327193 0.21885808
v -0.44626769 -0.16232836 -0.19710164
v 0.64680094 0.00064858 -0.16498588
v -0.00232059 -0.02914548 -0.48417437
v -0.00129114 -0.19980171 -0.45756114
v -0.40695667 -0.28087336 0.01312117
v -0.49062592 0.04081862 -0.07255782
v 0.13096824 0.13269427 -0.22476636
v 0.68801558 0.00939138 -0.01572794
v -0.05280651 -0.30448109 0.00948615
v 0.52090955 0.06679440 0.25861600
v -0.30775878 -0.26357260 -0.32617500
v 0.55181324 -0.13762304 -0.09210105
v 0.50461030 0.03446975 0.04120490
v 0.77505255 0.05621550 -0.03511068
v -0.25462091 0.28438810 0.19247422
v -0.15753555 -0.29513982 -0.23467743
v 0.51386189 0.08575662 0.22158313
v -0.65034646 0.03979474 -0.30118293
v -0.38471228 0.36808026 0.16975956
v -0.55036521 -0.09768614 -0.17222263
v -0.46268857 -0.20165265 -0.37748918
v -0.66338319 0.09350650 -0.00077831
v 0.73738503 0.10208607 -0.02692872
v -0.14829084 -0.18163966 -0.55672312
v 0.53155112 -0.05526693 -0.03454952
v -0.59856689 0.19402966 0.07277301
v 0.63614035 -0.05034589 -0.12828264
v 0.68135828 0.06416155 -0.08948061
v 0.52744436 0.04629081 -0.04633586
v -0.32555157 -0.05986036 -0.34951001
v 0.26742476 0.14824969 -0.33158308
v -0.60958278 -0.10306548 -0.30901507
v 0.00547017 -0.10933560 -0.48096895
v 0.75736070 0.22337848 0.13477653
v -0.32635868 -0.25263306 0.06129774
v -0.45813411 -0.22305647 0.24735284
v 0.24781959 0.21643212 0.28341287
v -0.67233580 0.00559518 0.14045888
v 0.45848840 -0.03234346 -0.01896276
v -0.40574163 -0.22916341 -0.27300617
v -0.15994732 0.32914570 0.41134319
v 0.59909362 0.05523114 -0.17882913
v -0.38184416 -0.28334233 0.14316395
v -0.21572654 0.05435498 -0.31081784
v -0.30333424 -0.08294869 -0.54794180
v -0.42707747 0.04314668 -0.51226395
v -0.08378002 0.11708155 -0.56381625
v -0.61563396 0.17235827 0.07427210
v -0.51055646 -0.21261457 0.08609004
v 0.01067231 0.22474304 0.22235599
v 0.51426774 0.04906691 0.06706491
v -0.10696238 0.13677557 -0.57374078
v 0.50130743 -0.16323654 0.16480303
v 0.37377679 0.07657234 -0.26174730
v 0.09996321 0.15003398 -0.33060968
v 0.73832053 0.00193229 -0.08607574
v 0.51509225 -0.02022876 0.20682845
v 0.59815764 0.05324440 -0.17250884
v 0.61050612 0.20853181 0.00914297
v -0.05155995 0.05938322 -0.56868923
v -0.33173940 -0.28620309 0.21987873
v 0.73384875 0.04256471 0.25076225
v 0.46886289 -0.01035137 0.07428254
v 0.21948275 -0.04082239 -0.46276262
v -0.53427106 0.11985803 0.04489731
v -0.34898809 -0.20717368 0.20956852
v -0.29579931 -0.12130336 0.16810611
v -0.45700717 -0.19263686 -0.31811315
v 0.41768783 -0.17522573 -0.15468198
v 0.77779716 0.10301632 0.15045200
v -0.17453678 0.00652184 -0.26366192
v 0.54587460 0.03128910 0.21855479
v -0.12312973 -0.26716304 -0.07038571
v -0.11709428 -0.15774307 0.46430439
v -0.75077438 -0.00132628 -0.17131715
v -0.64016521 -0.07520132 0.12980005
v -0.08456455 -0.31339943 0.23707350
v 0.50667012 0.07909473 0.23729981
v 0.27977997 -0.26343068 -0.24205905
v 0.77445668 0.08548818 0.21931678
v 0.13304034 0.06696130 0.43317255
v -0.22889875 -0.27326804 0.22660346
v 0.59933186 0.17632033 0.10599518
v 0.80995649 0.15511781 0.13275246
v 0.13797472 -0.17729972 0.41538531
v 0.34169298 -0.19248287 -0.23381688
v 0.59754831 0.14566633 0.05207815
v -0.45646623 -0.04339587 -0.43151617
v 0.68138355 -0.04213127 0.19969910
v 0.60268003 -0.03597476 -0.16947436
v 0.59075069 -0.12783663 0.17825074
v 0.70793569 0.06929594 0.02359991
v 0.53914243 0.22488689 0.04300866
v -0.47902262 -0.15694562 -0.30966178
v 0.27325100 0.14024678 0.26457727
v 0.49945983 0.04439517 0.05864175
v 0.19713369 -0.25134912 0.27049953
v -0.71008718 0.09302685 -0.16194583
v -0.40872985 -0.03467718 0.40645099
v 0.70234370 0.04387819 -0.17886242
v 0.46023554 0.00549431 -0.24782458
v 0.43776038 -0.11136799 -0.12255003
v -0.07425484 0.04315867 -0.42951566
v 0.26342306 0.02831505 0.32921579
v -0.37420240 -0.06727663 -0.13182233
v 0.68659788 -0.04976705 0.21441047
v -0.32816741 -0.24707070 -0.34034544
v -0.31018341 -0.30928400 0.11737664
v 0.54064363 -0.02691777 0.25475377
v 0.11345982 0.11603414 0.28860939
v -0.06694453 -0.28667247 0.06239453
v 0.19217780 -0.06892905 0.37208453
v -0.06051743 -0.07051587 -0.49256325
v 0.52036834 -0.07638931 0.22941780
v 0.05709264 0.01476851 -0.52756131
v 0.80590796 0.12957329 0.10732327
v 0.74049395 0.02439086 -0.01088694
v -0.67626482 0.06462655 -0.15951255
v 0.74109024 0.07910874 -0.06415233
v -0.44980457 -0.22061713 -0.14477468
v 0.32849237 -0.23278096 0.06100962
v -0.13766836 -0.26450709 -0.29321149
v 0.45370781 0.02647665 0.19535154
v 0.69564366 0.08653005 0.24199387
v 0.50601661 -0.13989136 -0.16008382
v -0.47406787 -0.23842672 0.18671981
v -0.60384846 0.02474371 0.23621668
v 0.14606342 -0.04801796 0.41923970
v -0.23907736 -0.08674513 -0.32444286
v 0.00037732 -0.28391740 -0.07113573
v 0.76026839 0.22412330 0.16334285
v -0.66025710 0.07734662 -0.36182132
v 0.20688586 0.10040976 0.05298054
v 0.63044268 0.12664081 0.12977126
v 0.04051083 -0.09548020 -0.48555529
v -0.39001483 -0.24099058 0.05146997
v -0.50623894 -0.26444206 0.16525193
v -0.56433493 0.12363385 0.01936639
v 0.59631991 0.21146590 0.09643580
v 0.20222603 0.13287514 -0.00302157
v -0.58331668 -0.04584481 -0.16153708
v -0.52759075 0.04008004 -0.13043325
v -0.51900023 -0.12702152 -0.07361716
v -0.31769937 -0.13307457 -0.54076564
v -0.61076963 -0.01207500 -0.04015749
v -0.21587534 -0.01193979 0.45868927
v 0.55419016 -0.09855789 0.15522949
v 0.32985780 -0.25947046 -0.10055953
v 0.60382330 -0.09213679 0.17204899
v -0.17136207 0.04604531 -0.33046874
v 0.43976519 -0.13461977 -0.11688124
v 0.53717428 0.09890721 0.23747058
v 0.42050964 0.10306842 0.17672499
v 0.05817582 0.00172590 0.44376794
v -0.50271398 0.13775714 -0.41444898
v -0.30557898 0.01447728 -0.41596645
v 0.60304892 0.09084482 -0.04425958
v -0.39500034 -0.30091190 0.18448001
v 0.41995850 0.14044768 0.23832092
v 0.79652947 0.06290774 -0.09666336
v 0.77727014 0.14469753 0.19789512
v -0.37483069 -0.04482964 -0.25796798
v -0.46354443 -0.09296609 -0.35846233
v -0.67678237 0.09202149 -0.23756543
v 0.69754612 -0.02151982 0.20574513
v 0.27910087 0.13169023 0.26734227
v 0.56760180 0.00950931 0.24863307
v 0.80872458 0.12205243 0.09035477
v 0.02248829 -0.28243917 0.31449154
v 0.55029172 -0.06440308 0.23512298
v 0.59143424 0.11124798 0.13533461
v -0.20790023 -0.01276150 -0.52175504
v -0.64103395 0.09209529 -0.20553511
v 0.64988232 0.01870002 -0.13749851
v 0.70249343 -0.03865623 0.22921188
v -0.22210795 -0.30225775 0.17695200
v -0.30517870 -0.20942697 -0.49951476
v -0.01820034 -0.03161754 -0.58561492
v -0.60000020 -0.15051490 -0.35286647
v 0.63568246 0.22311583 0.04273574
v 0.37995428 0.02236598 0.23944707
v -0.21198449 -0.26513928 0.12380917
v 0.69848055 0.05665043 0.03004309
v 0.00706750 0.20384155 0.28646371
v 0.37168530 -0.08389661 0.20433675
v -0.09461546 -0.32531118 -0.41111585
v -0.55723423 -0.10112041 -0.48426753
v 0.05505082 -0.10349413 -0.43022442
v 0.58254933 0.04605914 0.04110454
v 0.60174078 0.00388248 -0.18903682
v 0.49034739 0.08811037 -0.17889476
v 0.70908105 0.00192627 0.19349083
v -0.51523727 -0.19908172 0.04989474
v 0.32489657 -0.24269721 0.04946600
v -0.50315511 -0.11395767 -0.12895593
v 0.50889510 -0.12011982 -0.01984247
v 0.59712756 -0.09248645 -0.00030121
v -0.23734112 -0.08681998 -0.57752025
v 0.66869956 -0.00324170 0.16325220
v 0.58080804 -0.07761546 0.21445350
v 0.08867228 -0.15136312 0.42662510
v 0.44282603 -0.15969856 -0.14781548
v 0.59827346 -0.05155270 0.11322500
v -0.71185845 0.08423766 -0.18390739
v 0.84318066 0.09963792 -0.13237453
v 0.62245619 0.05314696 -0.08331519
v 0.30015182 -0.21637639 0.20633036
v 0.46047431 -0.04009829 0.09433825
v 0.55522728 0.12290862 0.10586989
v -0.08151779 -0.28173304 -0.44559592
v 0.45559025 0.05970210 0.20413446
v 0.62708497 -0.05837727 0.03425169
v -0.11735269 0.01863869 -0.55550063
v -0.60960442 -0.14862093 -0.38439211
v 0.19171564 0.16149911 -0.06562483
v 0.34382227 -0.01238254 -0.36200836
v -0.06694164 -0.32044137 0.28058130
v 0.69744784 0.14856029 0.08189709
v -0.15153219 -0.31155595 -0.42990404
v -0.25714865 0.04186524 -0.23847917
v -0.33855376 0.06996226 -0.49836057
v -0.02203490 -0.27625662 0.26042938
v -0.10483523 0.33923766 0.33829212
v -0.57074320 0.04395804 -0.32373035
v -0.67247659 0.07898484 -0.38306111
v -0.03383871 -0.22075930 -0.41084287
v -0.63179839 0.03128470 -0.40317348
v 0.47650653 0.15695968 0.24909256
v -0.32953417 0.08489712 -0.56481409
v -0.40909040 -0.23802838 -0.10367186
v 0.55049312 -0.10475345 0.14537661
v -0.52016175 -0.04928144 -0.38438222
v -0.55009264 0.12381452 0.00860747
v -0.40682787 0.28570122 0.23675098
v -0.13913620 -0.28837490 0.26785904
v -0.40219343 -0.11726610 -0.49045748
v -0.59764379 0.12454440 -0.17501275
v 0.76046968 0.08867820 -0.14895290
v 0.49113286 0.23065314 0.13691501
v 0.17547460 0.01313683 0.34822577
v -0.38125926 0.25675899 0.07672752
v 0.81751227 0.11248378 -0.17737330
v 0.01631151 0.20251989 0.24829206
v 0.74306291 0.06636432 0.03872750
v 0.07038095 0.10086268 -0.42143404
v 0.25554240 -0.11561556 0.32868990
v 0.06072047 -0.12526348 -0.47510791
v 0.75020778 0.18446031 0.20696701
v 0.47554982 0.03221105 0.08162454
v 0.54567057 0.12016980 0.19369771
v 0.71224004 0.13126916 0.07844914
v -0.16522905 -0.28114033 0.17282566
v -0.40887901 -0.22907579 -0.13643520
v -0.69877070 0.11558179 -0.20491356
v 0.39523184 -0.14901800 0.16797218
v -0.39318752 -0.30935913 0.18418640
v 0.08570793 0.03634474 -0.50502419
v 0.39017722 -0.02070607 -0.31716266
v 0.00858253 -0.29252678 0.21173657
v -0.60518914 0.18058977 0.08630225
v -0.56631196 -0.12058656 -0.01414168
v -0.59480286 -0.05250699 0.22097592
v 0.69251740 -0.00213955 -0.06125470
v 0.68451214 -0.00516117 -0.09280615
v 0.00419022 0.01620201 -0.51336306
v 0.42400560 -0.09438793 0.23380338
v -0.18852164 -0.04904766 -0.57947046
v -0.30104482 -0.32307959 0.14483556
v 0.13781384 -0.13437848 0.39741677
v 0.79664528 0.17648020 0.17422229
v 0.69457716 0.17409515 0.08291715
v 0.63135117 0.20076582 0.04587068
v -0.50522530 -0.22056590 0.19525969
v 0.40884826 -0.01905312 0.24948969
v -0.51965058 -0.06393335 -0.37423185
v 0.43177480 -0.06819302 -0.01659636
v -0.63868630 -0.05701293 0.10302711
v 0.36286572 -0.12435763 0.16869751
v -0.23764424 -0.12188981 -0.48126709
v 0.49848759 -0.18673077 0.15821296
v -0.62629312 0.01683017 0.20198858
v 0.20995909 0.16058901 0.22713426
v -0.11215632 0.02288706 -0.52128428
v -0.64497876 0.13512844 0.03696286
v -0.69732332 -0.01118658 0.08244754
v 0.12889428 -0.31381112 -0.27374828
v -0.11072458 0.17999601 0.42942688
v 0.54671276 -0.17762642 0.18516640
v 0.14429878 -0.31577438 0.05233841
v -0.19719882 0.18745172 0.00720325
v -0.01014355 -0.19396457 -0.53176916
v -0.40490264 -0.24887872 -0.16392450
v -0.46716762 -0.15094846 -0.35364619
v -0.38469785 -0.29701489 0.04659572
v -0.28390202 -0.09339956 0.13311684
v -0.02726586 -0.31325492 -0.43823344
v -0.24869198 -0.02656286 -0.43049476
v -0.29903507 -0.27016938 0.16431823
v -0.34744450 -0.04106621 -0.34513363
v 0.53353393 -0.13968280 0.21863525
v -0.52938497 -0.00218835 0.05590840
v 0.39341235 -0.12166429 0.18549296
v -0.37074274 -0.00556501 -0.37636107
v 0.63934755 -0.04472934 0.14273787
v 0.21504332 0.12435383 -0.37518507
v 0.28347924 0.10395166 0.30660218
v 0.72838795 0.08838987 0.22544283
v -0.02207588 -0.23921677 -0.48610348
v -0.02106591 -0.26682213 0.31859344
v -0.58623672 -0.15122810 0.09507200
v -0.17067614 -0.27744609 0.13489549
v 0.61582577 -0.03435955 0.05431222
v 0.47055915 -0.16233125 -0.12838882
v -0.46960431 -0.12854631 0.13202494
v 0.00146459 0.12885372 -0.49970019
v 0.49406764 -0.07305413 -0.21465217
v 0.47190416 -0.06118857 -0.24491899
v -0.37256151 0.01176211 0.22252409
v -0.52220273 0.08162187 0.02559172
v -0.47093564 -0.23148620 0.20686543
v -0.19473895 0.02642875 -0.48854101
v -0.60265028 0.11491626 0.16782050
v 0.48563886 -0.12943637 0.05194527
v -0.16855508 0.03681083 -0.58555412
v 0.42135218 0.06338025 0.22153312
v -0.26389095 -0.09577391 -0.36643606
v 0.62814188 0.05166543 -0.13794872
v -0.35789728 0.30096918 0.35580909
v -0.03438784 0.04076180 0.49276823
v 0.64435357 -0.04603530 0.03102661
v -0.52426153 0.04560448 0.01227416
v 0.46693879 -0.08141313 0.23155196
v -0.39231387 -0.12961972 -0.47516760
v -0.65185457 -0.01635572 0.15507936
v -0.28256017 -0.12562543 0.33961034
v -0.40632397 -0.30631030 0.17201370
v -0.01506446 -0.32166570 0.30390176
v -0.17972381 0.14567259 0.44001645
v -0.63763744 0.06245446 -0.15494789
v -0.62366688 0.10932413 -0.15027866
v -0.20734030 -0.32319754 -0.30652347
v 0.66563022 0.01409362 0.01339645
v -0.20736614 -0.30377582 -0.35765934
v 0.28115821 0.03627986 -0.38112414
v -0.05188785 0.13073474 -0.36545536
v 0.41680872 0.17770296 0.18938535
v 0.79132229 0.11077766 0.14824307
v 0.12560123 -0.00995053 0.42883015
v -0.10909772 -0.32162845 -0.41274494
v -0.04636796 -0.21567461 -0.48146671
v 0.78382051 0.06951072 0.02522810
v -0.44516686 0.14787656 0.12905303
v -0.42330039 -0.08764273 0.07862952
v -0.29038432 -0.29178667 -0.24579670
v 0.63785779 0.04330736 -0.15067187
v 0.59019148 0.14754431 -0.01678811
v -0.13914774 -0.14053415 -0.56638575
v 0.23844188 0.15679839 0.07743320
v -0.24429736 -0.19395824 0.39062691
v -0.10802403 0.15576407 0.47685346
v 0.07739094 0.04490374 -0.52613533
v 0.57620579 0.06030692 0.14305387
v 0.67480588 -0.03240741 -0.05975502
v -0.31615755 -0.27590814 -0.10144518
v -0.79031324 0.13178174 -0.18599968
v 0.56824124 0.21784270 0.12373205
v 0.39541918 -0.19884908 -0.13624074
v -0.16131094 -0.27669832 0.29727799
v -0.07340282 -0.00242041 -0.58020806
v -0.55006379 -0.10889047 -0.18050762
v 0.14507842 0.10912144 -0.38163298
v 0.71556944 0.18712315 0.06673676
v 0.72122633 0.04587380 0.24341923
v -0.06753291 -0.28168368 0.30110535
v -0.47446457 -0.16428566 -0.26441833
v 0.66502494 0.06324039 0.15307584
v 0.57823151 0.01463417 0.20709297
v -0.61513746 -0.09537520 -0.31286395
v -0.20247857 -0.23696323 0.17273459
v -0.54168063 -0.23285651 0.15916918
v -0.10667670 -0.29845196 -0.47323072
v 0.40468132 -0.10081813 0.11404903
v 0.48475766 0.24021180 0.08292973
v -0.28943309 0.26730829 0.29661548
v 0.61926174 -0.07640079 0.13352670
v 0.77926517 0.09701160 0.10339183
v 0.71397686 -0.00851721 -0.08312222
v -0.39526454 -0.04599238 -0.12787759
v 0.74248105 0.09303907 0.10273761
v -0.67625356 -0.00333738 -0.17016128
v 0.72279108 0.21555352 0.19150347
v -0.13808744 0.17908484 0.11265964
v -0.55937457 0.15786548 0.06575306
v 0.57373422 0.05617039 -0.11434260
v -0.49679193 0.06107068 -0.46784830
v 0.70043445 0.09438712 0.05615112
v -0.39685398 0.07820573 -0.45618927
v 0.51468325 0.07803974 -0.17537872
v -0.61580032 -0.07922744 -0.21645451
v -0.25393683 -0.07641771 0.23926324
v 0.58642417 -0.09181108 0.20510846
v 0.71517599 0.22190914 0.14208603
v 0.51468551 -0.03017456 -0.25173479
v -0.60526526 0.03114282 -0.22659507
v 0.70778161 0.12340786 0.08039996
v -0.51462287 -0.12277935 -0.25502634
v 0.39260352 0.06582562 0.10557538
v 0.49000573 -0.05697677 -0.21269324
v -0.54747730 -0.19276047 0.15766415
v -0.39557567 -0.29921877 0.05916052
v 0.27057377 -0.27258798 0.09227451
v 0.53635907 -0.15412599 0.18354501
v 0.57542223 0.05995990 0.20144260
v -0.57695717 0.08663889 -0.22833814
v -0.47882634 -0.23984608 0.19132066
v -0.40228236 0.33234680 0.25325251
v 0.43560970 -0.00796194 0.14882949
v -0.08423309 -0.08809804 -0.58596694
v -0.44631612 -0.27565193 0.13242763
v -0.10003206 -0.28045750 0.05912481
v 0.62785399 0.16632122 0.03818550
v 0.45261669 -0.14686209 -0.13983041
v -0.44952664 -0.07574100 -0.33439898
v -0.11795627 -0.19902161 -0.57871133
v -0.67208111 -0.00180164 -0.00472388
v -0.22723722 0.34672701 0.24110219
v -0.45700294 -0.01562975 -0.42685562
v 0.54175067 -0.10866446 -0.06388262
v 0.57446885 0.19601721 0.15739432
v 0.51713479 0.04259109 -0.23552044
v 0.61048019 -0.10590625 -0.09916589
v 0.51644588 -0.05891873 0.27356616
v 0.77290004 0.18353955 0.02666001
v -0.13506307 -0.24944258 -0.17008087
v 0.78205305 0.07897022 -0.17718652
v 0.56892073 -0.14553905 0.22617176
v 0.78894299 0.21915367 0.14181116
v 0.11048435 0.15930718 0.18331338
v 0.00504609 -0.26183310 0.34944186
v 0.59421694 0.17066652 0.11679269
v 0.60981619 0.09777605 0.23818918
v 0.76955813 0.15524688 0.00184621
v 0.71349460 0.07627980 0.00478601
v -0.27455044 0.06766146 0.46270436
v 0.50245947 -0.04344226 -0.24480629
v 0.42393583 -0.16947280 -0.08091721
v -0.01300029 -0.00058630 -0.57304418
v -0.67436892 0.06928352 0.06136344
v -0.34754610 -0.15737426 -0.36212322
v -0.63391775 -0.06947251 0.04199262
v 0.59492356 0.13087323 -0.04201672
v 0.80057943 0.17722610 0.15789549
v 0.21945313 0.17454398 -0.10308199
v 0.69775754 0.03638006 -0.04581141
v 0.05613786 -0.34720218 0.16779524
v -0.06401090 -0.07538885 0.49835420
v -0.42005268 -0.14250675 -0.46350509
v 0.77194005 0.05217134 0.00852657
v -0.65082783 -0.00084873 0.18494202
v -0.15684319 0.17663664 0.28954971
v 0.11596473 -0.00311125 0.45513076
v -0.05871224 0.04625560 -0.52704775
v 0.40846652 -0.14991319 0.18175638
v -0.67919624 0.09703092 0.05671700
v -0.71205485 0.03362317 -0.22401917
v -0.59096044 0.01654346 -0.31318402
v 0.80132580 0.17567581 0.02720071
v -0.02063572 -0.30612791 0.24344116
v 0.28936845 -0.09478547 -0.32553801
v -0.39823925 -0.06191311 -0.23604764
v 0.72910124 0.00882528 -0.03866722
v -0.49298579 0.08210181 -0.33334416
v 0.56614107 0.02450067 0.22722779
v -0.36777118 -0.25308239 -0.17871098
v 0.00180413 -0.14179778 -0.51451373
v -0.37695342 -0.09077783 -0.26678234
v 0.15217768 -0.31626263 0.07450520
v 0.80143934 0.13229735 0.12215871
v 0.69639045 0.05005995 0.24559288
v -0.15602513 -0.30106455 0.30633688
v -0.07836102 -0.08072312 -0.58477283
v 0.47884774 -0.15531844 -0.13734411
v 0.60844886 -0.04761422 0.22009248
v 0.24341416 0.14889389 -0.33981967
v -0.23309284 0.20593086 0.39839503
v -0.53843635 0.03027054 -0.13618092
v 0.57499421 -0.00716788 -0.20975703
v -0.22074045 0.14649938 0.25630832
v 0.51475495 0.08995577 -0.18063471
v 0.63295031 -0.00623856 0.15456578
v -0.36927816 -0.12031944 -0.52190697
v 0.21412334 0.20492366 0.31044203
v 0.02781803 0.23241436 0.27033308
v -0.00506681 -0.17988572 0.39630228
v -0.59365445 -0.15290430 0.09566568
v 0.14816935 -0.30152175 -0.27716187
v 0.52164692 0.05648280 0.13415155
v -0.20328100 -0.22224253 0.28342944
v 0.44248110 -0.10989648 0.05224265
v -0.46815237 -0.21421374 -0.37723973
v -0.12644427 0.21040308 0.44369125
v -0.44598466 -0.22523388 -0.19669843
v 0.41940007 0.02217321 -0.27735993
v -0.01889593 -0.27752244 0.30857947
v -0.47060975 0.27558288 0.21537198
v 0.41135660 0.01024497 -0.28086433
v -0.02702255 0.21691170 0.00568320
v -0.67431039 0.11154640 0.03521579
v -0.06616368 0.01263286 -0.43370673
v -0.22693965 -0.05187573 -0.50295889
v -0.19361725 -0.08140707 -0.58284712
v 0.48776996 -0.02394435 0.25915074
v 0.24802576 -0.03145916 -0.36830974
v 0.70493102 0.03038404 -0.09615454
v 0.80985951 0.18377818 0.07887198
v 0.49628228 -0.03497834 -0.00901317
v 0.24976212 0.11181904 0.31766865
v 0.03164007 0.05869019 -0.54664344
v -0.66435456 0.03921254 -0.20892335
v -0.26615021 -0.26294634 0.03152334
v -0.56145686 -0.04387683 -0.17757750
v -0.41728324 -0.30837172 0.14315613
v -0.46949661 -0.22004673 0.17182782
v -0.45975620 -0.07391699 -0.27451128
v -0.18640888 -0.25898248 -0.44843316
v -0.53832805 0.05850833 -0.29857928
v 0.71018571 0.18501297 0.22159836
v 0.46042114 0.01580757 0.12087403
v 0.67846763 -0.01165680 -0.14772783
v 0.55177116 -0.12924539 0.16870818
v -0.07474367 -0.18248630 0.41780183
v 0.07270531 -0.09645393 -0.51727492
v 0.12915722 0.26897109 0.25917774
v -0.62080407 -0.11276950 0.10080323
v -0.64690626 0.01224153 -0.01159505
v -0.06691886 0.05902627 -0.43808860
v -0.37245393 -0.25189194 -0.22883686
v -0.69785279 0.11061852 -0.17023391
v -0.17590789 -0.29447117 0.34059247
v -0.05102779 0.13654524 -0.36742783
v 0.44920102 -0.08635770 -0.02216012
v 0.14513159 -0.27244055 0.29238576
v 0.42502373 0.12015980 -0.24070461
v 0.32114434 0.03750461 -0.36133623
v -0.08665283 0.22460841 0.44804540
v 0.05373698 -0.04203952 -0.49312171
v 0.02849773 0.12999466 -0.48890656
v 0.76528734 0.13573046 0.20900980
v 0.56085426 0.11581299 0.00725307
v 0.77904701 0.13826606 -0.01362830
v 0.42534170 0.30504572 0.04810239
v -0.49863130 -0.14936049 -0.41844073
v -0.49012196 -0.14499132 -0.11667900
v -0.56486571 -0.05942314 -0.17568791
v 0.55956185 -0.07964619 0.22980785
v -0.66684407 0.07962126 0.16217734
v -0.49805734 -0.08060226 -0.21084803
v -0.41842631 -0.22463815 0.02675902
v -0.45774886 -0.19538161 0.13370064
v -0.67631882 0.00044976 0.11671418
v -0.14238136 -0.01478029 -0.47177911
v -0.11591524 -0.29787952 -0.26411176
v -0.67414445 0.11701284 0.03045293
v 0.24761352 -0.10152629 0.33609062
v -0.47895864 -0.22242194 0.13457456
v 0.68501133 -0.00669745 -0.06231967
v -0.10900697 -0.31670532 0.28218412
v -0.14235477 -0.09286796 -0.48203743
v -0.56060553 0.05393159 0.25584799
v 0.00730771 -0.13680261 -0.50730133
v 0.41131794 -0.08976988 0.01750986
v 0.12129083 -0.03686363 -0.49513724
v -0.46100515 -0.17925884 0.30175969
v 0.24665272 -0.22436756 0.26217771
v -0.03662077 -0.17394836 -0.45383638
v 0.46536902 0.00024560 -0.24667610
v -0.32127452 -0.19531016 0.23657776
v -0.46471652 -0.03862200 -0.01973749
v 0.70847130 0.00639258 0.18849853
v 0.41115671 -0.15872993 0.02338613
v 0.65773827 -0.00104008 -0.15684557
v -0.50968993 0.04163010 -0.01354067
v -0.60440463 0.09201068 -0.03070823
v 0.45779410 -0.08010296 0.21630287
v 0.70911187 0.10859554 0.24863838
v -0.45312965 -0.10193746 -0.48852682
v 0.46498576 -0.12129888 0.03074280
v 0.49715769 0.00276025 0.01688129
v -0.57164729 -0.12626046 -0.38274711
v 0.42303696 0.31634849 0.06347223
v 0.66497099 0.12515709 0.12549487
v -0.44719854 -0.17011416 -0.28201070
v -0.31807837 0.06846844 0.21054986
v 0.59458166 0.11067169 0.25813314
v 0.58070940 -0.09745243 -0.00492898
v -0.61880875 -0.05764629 -0.01825342
v -0.62409389 -0.05851490 -0.24245086
v 0.43411699 0.12006159 -0.24631758
v 0.22713606 -0.09337246 0.34176838
v -0.48943144 -0.11509935 -0.13348156
v -0.28488874 -0.29234648 -0.23678291
v -0.13911089 -0.16461328 -0.55216217
v -0.29186821 -0.11329671 -0.32469645
v 0.11440998 -0.20738569 -0.40323907
v -0.31177774 -0.09905075 0.17470707
v -0.09479550 -0.23691285 -0.45556176
v 0.76759052 0.20217432 0.05257940
v 0.84318829 0.08339779 -0.08588086
v -0.39102972 -0.09221771 -0.38118732
v -0.03859493 -0.24955505 0.36058381
v 0.59590828 0.09991879 0.25525954
v 0.47590488 -0.05457151 -0.00151179
v 0.57239228 0.05842654 -0.15209389
v -0.54617542 -0.23962644 0.12560366
v 0.41347253 0.13147415 0.23266061
v 0.32872120 0.09195967 -0.00059390
v 0.67842001 0.00289769 -0.01184352
v 0.19017121 -0.02406397 0.38883185
v -0.12472136 0.05990518 -0.52818698
v -0.48227865 0.15548515 0.24590719
v 0.20096403 -0.04417221 0.36932728
v 0.70843828 -0.00104573 0.25813162
v -0.68705833 0.10114841 0.06045035
v -0.64293665 -0.10138673 -0.25401735
v -0.09533882 -0.16423067 0.44822896
v 0.17983356 -0.23089884 0.33895952
v -0.19608027 -0.17216143 -0.35370269
v -0.27239561 -0.20311660 -0.02227338
v -0.38438427 -0.28163967 0.19066280
v -0.13877995 -0.16716382 -0.42141801
v 0.56141537 0.02156431 0.11066681
v -0.55623996 0.11561529 -0.22260801
v -0.53067189 -0.13128258 -0.04907924
v -0.32291171 -0.05695854 0.25314444
v 0.67229307 0.02028998 -0.09850332
v 0.00947395 0.18241319 0.37752408
v -0.53986365 0.00632523 -0.20544973
v -0.18609455 0.30077100 0.28778806
v 0.44115314 -0.15571538 -0.20504346
v 0.49083745 -0.17558247 0.21727580
v 0.19609854 -0.30215845 0.06574019
v 0.56933558 0.03143783 0.10846736
v 0.51629937 0.18621878 0.10574144
v 0.57441962 0.13909180 -0.00135822
v 0.44975138 -0.15401928 0.19714607
v -0.24829189 0.23415852 0.47193208
v 0.73814183 0.15102302 -0.00109548
v 0.45221731 0.07705090 0.22160284
v 0.01669788 0.02113791 -0.53361380
v 0.64429444 -0.01433644 0.15225586
v 0.69231534 0.04076746 -0.00142129
v 0.39434332 -0.09899227 0.10609972
v -0.03588504 -0.11425388 -0.43206728
v -0.11087926 -0.06154028 -0.58737278
v -0.17292836 -0.11232910 -0.50929886
v 0.17494744 -0.25890762 0.29980558
v 0.60844123 0.03815343 0.16776049
v 0.56433672 0.05946007 -0.09540805
v 0.11650572 -0.22304061 0.38906002
v -0.41654095 -0.12602532 0.14281374
v -0.48372224 -0.21363664 0.08907329
v 0.75227314 0.22254145 0.11339317
v 0.69496202 0.06873798 0.03967177
v 0.43448818 -0.22278208 0.22754519
v 0.56274855 -0.10575776 0.09799057
v 0.43568352 -0.00946009 0.07931472
v -0.38110441 -0.17562924 -0.44529325
v -0.24654448 -0.29037040 -0.30734551
v -0.68088263 0.00155017 0.13978200
v -0.07987402 -0.10548201 -0.54933137
v -0.21162365 0.35939136 0.29171893
v -0.50244004 -0.24300176 0.03835177
v 0.50644332 -0.00338865 -0.27062798
v -0.47438213 -0.03744901 -0.43958789
v -0.58923066 -0.08144418 0.21891999
v 0.49092436 0.17183289 0.00923194
v -0.66902566 0.12859754 0.07573617
v 0.03141933 0.04530610 -0.52146238
v -0.65701532 0.12874918 0.04278357
v -0.63852352 0.10262929 -0.34356904
v 0.74973685 0.00830984 -0.09404509
v -0.58679599 0.05714141 0.23967810
v -0.43753037 -0.00809261 -0.36258325
v 0.58129168 0.16112214 -0.00673311
v -0.44327071 -0.27578408 0.13244276
v 0.63221258 -0.07176336 -0.09156880
v -0.29775459 0.19056590 0.23202099
v -0.23220618 0.31595802 0.31975839
v -0.33365989 -0.26253626 -0.42245397
v -0.28454122 0.04548333 -0.18108828
v 0.48676974 -0.10449450 -0.02813033
v -0.00779250 -0.22128755 -0.49585110
v 0.60752255 -0.09394839 0.19883481
v -0.42941439 -0.15935594 -0.27314162
v -0.34893349 0.10742900 -0.04227748
v 0.67476922 0.00888377 -0.10850553
v -0.02124654 0.21037982 0.34139931
v 0.64823288 -0.04333026 -0.00004555
v -0.50416356 -0.09929821 -0.42982215
v -0.05176905 0.25117797 0.43664259
v -0.03895874 0.07152971 -0.53999913
v 0.80853194 0.05907948 -0.08056435
v -0.46335399 -0.05199791 -0.31821287
v 0.69240093 -0.04353642 0.22042197
v -0.29481158 -0.16293070 0.10202698
v 0.45026642 -0.08711852 -0.05730627
v 0.41808432 -0.03434768 -0.23352697
v 0.76508749 0.09176467 0.22747386
v 0.71335876 0.03819456 0.16322291
v 0.07266425 -0.07202931 -0.40299708
v 0.71808171 0.05316594 0.24011925
v 0.73225713 0.06822841 0.02670867
v 0.77186573 0.07787644 0.04821280
v -0.51598024 -0.20352766 -0.28331381
v 0.34976852 0.05037504 0.28095850
v 0.43523180 0.06016306 0.21816918
v 0.01697654 -0.07930883 0.47423711
v 0.55767971 0.06807698 0.13825320
v -0.50417578 -0.18905532 -0.00969506
v 0.77973032 0.15508999 -0.00514354
v 0.62162423 0.01545118 0.15560868
v 0.62191135 -0.06114229 0.02212597
v -0.46422446 -0.19102897 -0.26844433
v 0.62372673 -0.08186959 -0.04006505
v 0.38588631 -0.14430971 0.16261205
v -0.05606461 -0.17254683 -0.52649420
v 0.81137985 0.14922082 0.05024374
v -0.45384640 -0.20553297 -0.00537767
v -0.56155992 0.12088410 0.00648570
v 0.80295616 0.11420108 0.06960708
v -0.38770908 0.02897135 -0.10188149
v 0.38620353 -0.08076455 0.19846602
v -0.00711980 -0.26258293 0.30992684
v -0.61685592 -0.02286854 -0.25436541
v -0.17699482 -0.24638171 0.10691891
v -0.03959198 0.02848264 -0.56144625
v -0.59117550 -0.05028672 -0.31881750
v 0.65260494 -0.06101546 -0.05048498
v -0.63693655 0.01826134 -0.00498758
v -0.35863364 -0.26747668 -0.24538305
v 0.17979194 -0.15632370 0.38455972
v 0.42860878 -0.14636615 0.11944720
v -0.32203731 -0.15247157 -0.30753633
v -0.34996063 0.13317232 0.18576455
v -0.20815130 0.26311642 0.36286590
v 0.52957594 0.00726513 -0.08517587
v -0.55430275 -0.03822097 -0.49088168
v -0.60666430 0.09427839 -0.42471886
v -0.02254504 -0.15340826 -0.54443049
v 0.73962981 0.14400885 0.01341592
v -0.33775795 -0.23340091 0.15558517
v -0.18592088 -0.19306362 -0.44807279
v 0.45089576 -0.14604780 -0.10957173
v 0.34293348 0.03970700 -0.23685150
v -0.61114836 -0.13671051 0.15607838
v -0.38912633 -0.21862653 0.29466438
v -0.15272300 -0.00778470 -0.58018249
v -0.61976212 0.03368910 -0.21682905
v 0.80594856 0.18524706 0.12995486
v 0.67197603 0.05652057 -0.05356590
v 0.73783875 0.00472064 -0.08707182
v -0.58116794 -0.04219040 0.25682384
v -0.24937135 -0.31491247 0.16275264
v 0.41562337 -0.15457997 0.09905624
v -0.37811413 -0.13735081 -0.34842712
v -0.07774831 -0.33032653 0.16905566
v 0.24521115 -0.16240551 0.29328519
v -0.54100245 -0.11728601 -0.40457994
v -0.55658948 0.20716149 0.08598848
v 0.43323508 -0.08300647 0.24645290
v -0.14646986 0.17034471 0.47271231
v -0.23926201 0.02807445 -0.43124214
v 0.39992949 -0.01048929 -0.28155869
v 0.60468107 0.04378448 0.05267102
v -0.03418033 0.16102730 -0.33050013
v 0.37130994 0.13133423 0.19606952
v 0.44622606 0.26234138 0.10036889
v -0.44567066 -0.03140376 -0.21006009
v 0.83015859 0.07302760 -0.10155319
v 0.49207032 0.03092273 0.04268936
v -0.68911886 0.04082903 0.05731102
v -0.13198763 -0.12177162 -0.53416139
v 0.14233115 0.05983622 0.34758312
v 0.70232189 0.09688819 0.08692251
v 0.16489659 0.13979280 -0.38994154
v -0.39894623 -0.21303093 -0.29435450
v -0.20799284 -0.15495798 -0.24742828
v 0.77672058 0.07787815 -0.17383373
v -0.58548820 -0.14421745 0.16561274
v -0.06477563 -0.26765051 -0.52556169
v -0.21153107 -0.32701060 0.15904135
v 0.16426644 0.10759599 -0.40739164
v 0.11667863 -0.22991379 0.38260290
v -0.58568203 -0.14372268 0.03191621
v -0.32319248 0.01405169 0.13451278
v 0.47020268 -0.06153841 -0.05589828
v -0.44305527 -0.27168494 0.09719451
v -0.14922078 0.15533181 0.28375444
v -0.21511102 -0.26346734 0.36259016
v -0.67363131 0.06903230 0.01154137
v 0.15979484 0.08960517 -0.39309302
v -0.43470177 -0.11636773 -0.28175789
v 0.39110839 -0.13817294 0.17465843
v 0.56615710 -0.06480923 -0.17604645
v -0.12754649 -0.34228647 0.23322392
v 0.13878560 -0.03402703 -0.42948985
v -0.20265588 -0.32467064 0.12247911
v -0.09559255 -0.15040685 -0.50826490
v 0.01352428 0.26791963 0.37810162
v 0.41500723 -0.15438540 0.14066300
v 0.61574370 -0.08346277 -0.10816263
v -0.11868557 -0.32237563 -0.24658665
v 0.51506245 -0.13496153 0.18744963
v 0.28419530 -0.20920625 -0.30205664
v 0.28511873 -0.05566099 -0.33558547
v -0.33526179 -0.25772169 -0.39040583
v -0.45757690 -0.25794861 0.04781330
v 0.29575756 -0.27230677 -0.14279772
v -0.46287042 -0.15994051 -0.36733603
v 0.56004363 -0.12379618 -0.06211403
v 0.59714180 -0.10892624 -0.12095943
v -0.33093125 -0.02840082 -0.53329635
v -0.14639866 -0.29982650 0.22128107
v -0.48204616 -0.01896356 -0.31961477
v 0.54290897 -0.02802783 -0.22542988
v 0.80388653 0.11902582 0.10200702
v -0.39880407 -0.05201107 0.42136407
v 0.37722486 0.17260304 0.28210774
v -0.45938525 -0.28387105 0.11643955
v -0.22307125 -0.27127150 0.04271241
v 0.08791015 -0.12887256 -0.44362244
v 0.53303593 0.06049068 -0.12510401
v -0.04569827 0.00389355 -0.57901335
v 0.63302821 -0.04507472 0.14408982
v 0.70816648 0.22247416 0.15329446
v 0.59597635 0.00681687 -0.17908129
v 0.68372494 0.08361751 0.15288882
v -0.52932090 -0.11787391 0.26999873
v 0.72745109 0.21333984 0.10330151
v 0.17656273 -0.04976286 0.38592067
v -0.04658172 0.16845076 -0.50719255
v 0.20525482 -0.21148708 0.30754480
v -0.28508502 -0.31797972 0.12945499
v 0.07966015 -0.31852210 -0.13705130
v 0.29954416 -0.19289464 -0.29393217
v 0.00763813 -0.21642186 -0.43517786
v -0.63188756 -0.00006393 -0.24850824
v 0.40688366 -0.17851201 -0.16750365
v 0.54030275 -0.15199208 0.22667699
v 0.49453959 -0.12056261 0.00473505
v 0.45971566 0.03081665 0.18770210
v 0.64928705 0.06007458 -0.06664969
v -0.04433055 0.09474316 -0.42329580
v 0.59365165 0.05188964 -0.07310525
v 0.59793329 0.05806717 -0.03718660
v 0.71142745 0.06706986 0.03331159
v 0.56798840 -0.11350203 -0.14668483
v 0.44156647 0.01258133 0.20992701
v 0.09809937 -0.16617401 0.40449461
v 0.73655897 0.20134646 0.07130110
v -0.43475130 -0.13172771 -0.28153366
v 0.65407097 0.11696596 0.11382741
v 0.05126945 -0.32780305 0.06538855
v -0.59085828 -0.12850086 0.08752690
v 0.51300180 0.07716323 0.13750303
v -0.41920963 -0.04861104 -0.30355316
v 0.76232022 0.19591239 0.21440732
v -0.58514905 -0.16730714 0.05734674
v 0.44502819 -0.15819412 0.19711941
v 0.00051516 -0.01008128 -0.56038260
v -0.18890116 -0.10588957 -0.58052236
v -0.38942650 -0.24473211 -0.27554104
v 0.47927189 -0.13544646 -0.11282466
v 0.01391470 -0.09653516 -0.49617070
v 0.59065723 0.16419461 0.06427270
v -0.12538348 0.17191483 -0.19046065
v 0.48962945 0.04793157 0.25715262
v 0.78431469 0.22296244 0.14401518
v -0.14143695 -0.06232531 -0.44313115
v -0.55158240 -0.17773747 0.19436453
v -0.35306883 -0.27075452 -0.14751199
v -0.00861032 0.21789417 0.36211145
v -0.30902129 -0.25701368 -0.42596078
v 0.02336265 -0.24473615 -0.37530774
v -0.68248624 0.13897771 -0.15041643
v -0.55499947 0.12598318 0.03595033
v 0.47950700 0.07224427 -0.22984059
v 0.49601623 -0.06387677 -0.01541646
v 0.58197355 0.01294310 -0.19980228
v -0.61887121 -0.04561581 -0.26958448
v -0.21536134 0.14671400 0.48398620
v 0.37409177 -0.00327985 0.30486903
v -0.32816893 -0.05597557 -0.26085249
v 0.43338040 0.00897866 -0.25701386
v 0.04832765 -0.27319351 0.29041791
v -0.28868121 -0.29483798 -0.21515663
v -0.05835927 -0.32470554 0.19655757
v 0.61483186 0.04116030 0.16512091
v -0.42701945 -0.22057819 -0.04916789
v -0.38642848 -0.29238203 0.15436235
v -0.65365195 0.09495869 0.00111845
v 0.72661322 0.03860171 -0.11318687
v 0.52796453 -0.04817299 0.27249667
v -0.30560133 -0.27783138 0.19633144
v -0.13949518 -0.27302843 -0.50742745
v 0.37585211 -0.17061000 -0.11230136
v 0.40698883 -0.06777657 0.08366166
v 0.03735045 0.06461424 -0.51747191
v 0.58604473 -0.05031044 0.10996461
v 0.59707224 -0.08069748 0.04245467
v 0.53972274 0.05327329 -0.09405571
v 0.68526101 0.03248086 -0.02669599
v -0.28126204 0.12301327 0.39220601
v 0.75444490 0.03883136 -0.00423320
v 0.60261589 -0.09321702 0.13344799
v 0.34742761 -0.07230211 0.26838219
v 0.31386209 0.12192797 -0.26370099
v -0.08146907 -0.09349798 -0.57747799
v 0.50703686 0.14771323 0.14884105
v -0.04521984 -0.19774146 -0.54009914
v -0.57541382 -0.00568937 -0.44664502
v -0.24370840 0.18753180 0.28166881
v 0.49277136 -0.05577601 -0.05918905
v -0.34265763 -0.02964268 -0.39012927
v 0.58286864 0.07554740 0.21759325
v -0.47920015 -0.24942577 0.18929784
v 0.41671896 -0.07239621 -0.23423702
v 0.56282783 0.04503252 0.11959668
v -0.53111106 -0.02565733 -0.35760748
v -0.38783103 -0.24137679 -0.27272967
v -0.01493911 0.04656489 -0.54037547
v 0.02159086 -0.12820515 -0.49272740
v 0.45734638 0.03426329 0.18777260
v 0.72177058 0.07982402 0.24527240
v -0.68965191 0.06640650 0.09613387
v -0.06841374 -0.13313735 -0.51425922
v -0.23678598 -0.18177320 0.18412352
v 0.53427184 -0.18738621 0.20061085
v -0.04105461 0.01567336 -0.55951881
v 0.47356012 -0.14443275 -0.17303574
v 0.74995124 0.15168038 0.23898400
v 0.76733804 0.18573456 0.03499943
v 0.65186214 0.10899589 0.13073412
v 0.78170109 0.05441184 -0.15074149
v -0.60976136 0.02849770 -0.16656646
v 0.48126894 -0.13224354 0.12760571
v 0.73333538 0.03781073 -0.14526919
v -0.29487240 -0.30237827 0.15255360
v 0.70438766 0.07769403 0.06668881
v -0.33843315 -0.24587855 0.29188955
v 0.70078766 0.01240315 0.18601914
v -0.54636937 -0.19240940 0.15639922
v -0.47984946 -0.22309375 0.22494730
v -0.10623005 0.05084677 -0.53683817
v 0.45828888 -0.04643323 -0.04632216
v -0.49903083 -0.27168977 0.17110285
v 0.77032864 0.02549937 -0.10965477
v 0.08037247 -0.27766779 -0.41148651
v 0.40918779 0.10737360 0.23419496
v 0.59856677 0.18306339 -0.00645739
v 0.51740158 0.11608375 0.04783626
v -0.24280243 -0.27792621 0.27578616
v -0.70695066 -0.01073656 -0.22328062
v 0.62779760 0.11335858 0.15022266
v 0.78165793 0.09360743 0.11027405
v 0.53443372 0.03875023 0.07373774
v -0.41531706 -0.17778072 0.05283684
v -0.58537698 0.17521778 0.16302317
v 0.60028946 -0.00487177 0.11267731
v 0.31314114 -0.21589530 0.16097185
v -0.37507173 -0.11055897 -0.52865672
v 0.59181160 -0.01530473 -0.18122704
v 0.70331091 0.05644678 -0.04463528
v 0.47223341 -0.15037695 -0.11406465
v 0.53956562 -0.12147164 -0.03102361
v -0.14440995 0.25667661 0.26753208
v -0.24844259 -0.31204167 0.18595140
v 0.72578460 0.06146187 -0.13171378
v 0.33668715 0.18949087 -0.02149841
v -0.33266172 -0.31407771 0.09982713
v 0.68194073 -0.02067135 -0.14070860
v 0.11759091 0.12123230 -0.41536814
v 0.29789042 -0.12868072 -0.32112178
v 0.67086673 -0.04210169 -0.09736419
v -0.76548046 0.08807555 -0.16645597
v -0.24035737 -0.29075325 0.26351964
v 0.67817527 0.08336996 0.14504452
v 0.17977089 0.07832762 -0.41098133
v 0.68333203 0.02270897 0.18643510
v 0.71371639 -0.00409260 0.20642260
v 0.62008041 0.04612492 0.15233386
v 0.35427207 -0.15892857 -0.23438747
v 0.54037583 0.04462396 0.07333748
v -0.39998421 -0.23699597 0.09188153
v 0.34172106 0.21620640 0.22351387
v 0.17301729 -0.17875838 0.38313878
v -0.14023931 -0.28095222 -0.44193429
v -0.00852074 0.16951491 0.22431374
v 0.21273896 -0.29014742 -0.24459513
v 0.46461043 -0.14942154 0.12418064
v 0.45745087 -0.20923223 0.17776911
v 0.22512601 0.04750270 0.34232670
v -0.48118106 -0.02471916 -0.32183632
v 0.02595480 -0.29873872 0.32420790
v -0.32503602 -0.15017211 -0.13405749
v -0.47978571 -0.21801324 0.18546100
v 0.36166394 -0.07534765 0.26482552
v 0.58420086 0.08752989 0.13982573
v -0.34357578 -0.26595992 -0.02863891
v -0.34069389 -0.20111617 -0.41730940
v 0.57903206 -0.03257746 -0.20981535
v 0.15242839 -0.20346038 -0.41133225
v 0.65178257 0.06779418 -0.03792621
v -0.40147120 -0.25003004 0.16965821
v -0.52655858 -0.21337768 0.23031926
v -0.42728704 -0.11938146 -0.48594970
v 0.54097712 -0.12373549 -0.03890535
v 0.57701540 0.14655077 0.05242203
v -0.67604244 0.09923768 0.03536459
v 0.81543928 0.06889686 -0.15107402
v 0.57404071 0.01566498 0.09430002
v -0.73969257 -0.00549471 -0.17304111
v 0.24167477 -0.21244599 0.29697227
v 0.45397156 0.01984684 0.21830152
v 0.40460265 0.04767521 -0.25401688
v -0.12448861 0.13985510 0.47945526
v 0.64249110 0.05167913 -0.08198702
v 0.01443006 -0.23787440 -0.48496243
v -0.63646960 0.09316310 0.01273209
v -0.67012799 0.03746097 -0.33945215
v -0.27058440 -0.29579920 -0.25670737
v -0.31758574 -0.22551334 0.34914958
v -0.50294781 -0.08339647 -0.44136438
v 0.04184793 -0.03036969 -0.54329640
v -0.58689785 -0.15633684 0.14675206
v -0.30642021 -0.19345042 0.00214314
v -0.42724216 -0.27772704 0.02095804
v 0.66429210 0.00081170 0.01433260
v 0.49287969 0.03535819 0.05093639
v 0.45315224 -0.06955191 -0.00886743
v -0.12649241 0.02511531 -0.61032259
v -0.41193837 0.02092978 -0.36476120
v -0.16568187 0.27522838 0.33081102
v 0.48010415 -0.12481583 0.17704056
v 0.62822223 0.03942817 0.00825610
v -0.14084156 -0.04373796 -0.58179557
v 0.28497684 0.16392276 0.24006280
v -0.17575589 -0.26582569 0.11286893
v -0.55720448 -0.16975361 0.02714089
v -0.24297975 -0.28961289 -0.33372718
v -0.26799607 -0.21734799 -0.51718974
v 0.59628183 -0.09670113 0.01415926
v -0.69241637 -0.00772671 0.09136263
v 0.70100975 0.12790465 0.24896543
v -0.17379771 0.13350543 0.43944356
v 0.06537296 0.21835381 0.38021967
v 0.75134122 0.15289338 0.23725373
v 0.68846023 0.03343850 0.23864174
v -0.68576646 -0.08664349 -0.15013927
v 0.50627798 0.17729095 0.12988158
v -0.68624252 0.05372541 0.12094004
v 0.35062855 -0.18866099 0.11750008
v 0.49992669 0.16832709 0.21640092
v -0.22200714 -0.06521986 -0.50105840
v 0.55072105 0.03419980 -0.22050640
v 0.46351099 -0.07745314 0.23946932
v 0.75468636 0.07098872 0.17788245
v 0.48877633 0.07116556 0.18545982
v -0.40774825 0.21261853 0.27454758
v -0.35102880 0.29086524 0.15060714
v -0.08668572 -0.33232123 -0.35572574
v 0.29998824 0.11935136 -0.32870626
v 0.54845375 0.06475943 0.03477084
v 0.58954132 -0.04672549 0.08538797
v 0.37343919 0.12541431 -0.28824914
v -0.06803228 0.18027735 0.29846466
v -0.31667989 -0.29143631 -0.30694494
v -0.10856022 -0.25825325 -0.53892738
v 0.80026460 0.20916188 0.11307691
v -0.13417858 -0.09013975 -0.58802068
v -0.40769070 -0.05742293 -0.05033201
v 0.42948461 0.05310374 0.05818209
v 0.78648305 0.06453963 -0.00291315
v 0.80041784 0.05952438 -0.15520397
v -0.11361770 -0.07344960 0.47490379
v -0.08692749 -0.32957211 0.23619525
v -0.54099113 -0.19019060 0.11195274
v 0.85202456 0.09165436 -0.12162265
v 0.38806042 0.05443271 0.26111013
v -0.31679887 -0.00725167 -0.54895490
v 0.73179972 0.16026682 0.03962635
v 0.34491384 -0.09341175 0.20002061
v 0.60560179 0.14412433 0.01979706
v -0.49984455 0.05182654 -0.05447670
v 0.77081305 0.07658399 0.05741967
v 0.78638953 0.14428926 0.17397094
v -0.68160975 0.12353468 0.06078084
v -0.44962487 -0.22949284 0.26730773
v 0.66142935 0.04052369 0.25252843
v 0.54161650 -0.11711100 -0.15426770
v 0.48659900 -0.12865892 0.07920849
v 0.19979051 -0.06198287 0.37677559
v 0.40568954 0.19498836 0.18668383
v 0.01782952 0.03387830 -0.53493428
v -0.44480342 -0.21550092 -0.31915364
v 0.59327638 0.22745296 -0.00378871
v -0.61538565 -0.08968198 -0.17650837
v -0.67481530 0.10023475 -0.36711895
v -0.53120840 0.02661322 0.02589661
v 0.14097631 -0.05090626 -0.41124409
v -0.45936337 0.07335397 -0.32833824
v -0.47330585 -0.22992486 0.15262862
v 0.81205559 0.06936115 -0.14038485
v -0.23304477 -0.22153294 -0.45247033
v 0.57101691 0.06041422 -0.12730250
v 0.28890407 0.02155336 0.19799975
v 0.10921811 -0.28739595 -0.34547287
v 0.65314430 -0.00009871 -0.16228899
v 0.52040231 -0.12464944 -0.02086824
v -0.00878097 -0.30720645 0.11681569
v -0.06299183 -0.19872539 0.34938902
v 0.58540380 -0.01929250 0.24014312
v 0.02542163 0.20348829 0.35845444
v 0.76909959 0.16397068 0.20567134
v -0.29238105 -0.29811844 0.14100268
v -0.32055700 -0.07628942 -0.04506642
v -0.27061582 -0.21460360 0.37034097
v 0.52222168 -0.11657541 0.12148760
v -0.46477324 -0.13851885 0.35539353
v 0.62452590 0.05423441 0.15111072
v -0.35815969 -0.06019631 -0.54680049
v 0.67925626 -0.01607674 -0.03520264
v -0.26475614 -0.01621225 0.12203568
v -0.49634546 -0.20988645 0.05248374
v 0.74602002 0.05560701 -0.08507714
v -0.51598668 -0.10228130 -0.47347465
v -0.13056028 -0.22656769 0.14147063
v -0.27506500 -0.28360510 0.18056548
v 0.49374086 -0.17759486 0.21625917
v -0.24409527 0.02181578 -0.50767142
v 0.60270149 -0.00044154 0.12403402
v 0.54890949 -0.14158896 0.18220347
v -0.41253671 -0.15322071 0.08109660
v -0.22312447 -0.24839112 -0.31723824
v -0.35303792 -0.26392835 -0.05520317
v 0.19634318 0.06166793 -0.41318890
v -0.34506571 -0.24180517 -0.40011430
v 0.48975396 0.06946249 0.19769138
v 0.48121512 -0.10009316 -0.00053521
v -0.25628334 -0.23700711 -0.48900527
v 0.06677013 -0.03838714 -0.43921155
v -0.48132566 -0.21292207 -0.17262861
v 0.79702550 0.11446558 0.15201044
v -0.35061097 -0.26839963 -0.11257409
v 0.52993345 0.21474576 -0.00036180
v -0.49702394 -0.02802980 -0.37759858
v -0.02868354 0.03218284 -0.56545210

