# https://github.com/mikedh/trimesh
v 0.33758658 -0.09159114 -0.04458316
v 0.40209714 -0.25897878 0.30757430
v 0.31479949 -0.34255776 0.38253528
v 0.01212253 0.01039183 0.38095811
v -0.25956374 -0.25914612 -0.56238890
v 0.71905839 -0.01154186 0.05405457
v -0.31525430 0.06399631 0.09467401
v -0.10239977 -0.09389959 -0.12507336
v -0.12054831 -0.15168878 -0.31725928
v -0.48424223 0.14972281 -0.53713381
v 0.64305818 0.13283752 0.17902426
v -0.29232439 -0.26806286 0.47942641
v 0.39932775 0.26797652 0.13988717
v -0.55682290 0.17560500 -0.35898176
v -0.23445414 -0.18878764 0.29107833
v 0.51052022 0.25883558 0.15447861
v 0.40071130 0.19026051 0.03384355
v -0.20778228 0.01050867 0.46497646
v 0.10237523 -0.23143707 -0.21197370
v -0.26826227 -0.16514005 0.20980126
v -0.64580595 0.12387632 0.11578351
v -0.34070158 -0.19201815 0.46367905
v -0.59534210 0.05692948 0.43298200
v 0.18693686 0.04720100 -0.25944766
v -0.15446182 -0.12925112 -0.62446594
v 0.36483929 -0.29304814 0.32756433
v -0.59852743 0.10307269 -0.58754224
v -0.66542631 0.10725633 -0.64749020
v -0.77602780 0.07481471 -0.39794722
v 0.38761488 -0.19693118 -0.15727139
v -0.09540354 0.02667242 -0.50078177
v 0.77494293 0.25632146 0.22867797
v 0.58307409 -0.00096373 -0.00514444
v 0.46572983 -0.23133004 -0.04716858
v -0.15479490 0.03590016 0.47984231
v 0.42603254 0.25662073 0.34253773
v 0.01822441 0.08896527 0.00029890
v -0.27676174 0.05179453 0.12006719
v 0.69314307 -0.03966733 -0.25249529
v -0.60639334 -0.09220096 0.06545715
v 0.29331633 0.05494802 0.47662559
v 0.38672009 0.16370542 0.16899975
v -0.03596334 -0.17193653 -0.11499763
v -0.25952795 0.07511010 -0.47621667
v -0.16141768 0.00587784 -0.31003755
v -0.20816524 0.12652859 0.15365548
v 0.71402162 0.25430369 0.40447119
v -0.60845256 0.13311122 -0.57699090
v 0.53530520 -0.22656326 -0.09584388
v -0.07506578 0.12048873 0.15138552
v -0.35866255 0.26506260 0.47098294
v -0.58844405 -0.09451741 0.02350228
v -0.43475580 0.19415775 0.10265460
v -0.32340947 -0.12526965 -0.62360102
v 0.52613872 0.27572891 0.40421182
v -0.05702411 -0.01726397 -0.13921849
v -0.32659724 -0.23187323 0.28186721
v -0.46865341 0.24022834 0.26807261
v -0.49383521 0.17079438 -0.48094243
v 0.25078076 -0.05571499 -0.12562175
v -0.64991933 -0.03297797 -0.29510504
v -0.70394152 -0.02795721 -0.54713619
v 0.15298823 -0.05452628 -0.39000818
v 0.44833460 -0.22584827 -0.08702827
v -0.62953538 0.10382482 0.04516423
v -0.44313902 0.38961083 0.44237149
v -0.54793048 -0.17567301 0.14306721
v 0.76504892 -0.00944734 0.06575127
v -0.49171877 0.05245612 -0.40275130
v 0.43887290 -0.12934557 0.44328505
v 0.00853410 -0.22049096 0.11580356
v 0.29807922 0.08332910 0.45371485
v -0.63038599 -0.07509984 0.31035617
v -0.05544236 -0.16901736 -0.07488030
v -0.45052779 0.03195159 0.48518378
v -0.38092476 -0.24150002 0.36112833
v -0.31967339 0.10121685 0.10273550
v 0.71431535 0.07350346 -0.05292839
v 0.20149364 -0.11752024 0.32147279
v 0.32410151 -0.00499900 -0.18400204
v -0.18425199 -0.08322919 0.48744214
v -0.23982690 -0.08325898 0.14719982
v 0.40427178 0.33705631 0.20635934
v -0.30929598 0.32827929 0.26708522
v -0.19310489 -0.07840373 -0.65057087
v -0.35826811 0.03435432 -0.32155707
v 0.36465502 -0.00105773 -0.04603023
v -0.02615052 0.02648406 0.42569035
v -0.00238709 0.16000113 0.38425896
v 0.73479813 0.00662074 0.46460700
v -0.67741215 0.26163974 -0.29491383
v -0.30885103 0.31760514 0.26431885
v -0.16611651 0.05242212 -0.47041288
v -0.28103596 0.07982830 -0.60215259
v 0.49509525 -0.09337875 0.18683811
v 0.00973518 0.18304005 0.37170199
v -0.59531701 0.11659262 -0.00311952
v -0.09223265 0.02422125 -0.43429855
v 0.38800195 0.00606574 -0.15526149
v 0.25818068 0.03211616 0.42924905
v 0.20400837 0.15262468 0.38176700
v -0.44629368 -0.17028794 -0.55585063
v -0.22418816 0.07585121 -0.33523041
v 0.41432595 -0.23713125 0.39390406
v -0.47953388 0.34875786 0.33330092
v -0.38531759 0.12001340 0.48419929
v -0.25511122 0.13641696 0.15106115
v 0.81848788 0.08314244 0.17534171
v -0.60707927 0.04153832 -0.28619337
v -0.05260184 -0.11277885 0.40895319
v -0.03448522 0.27868178 0.41035587
v -0.64694822 0.21685790 -0.35470736
v 0.71433383 -0.02295175 -0.20515420
v 0.26036307 0.16739351 0.31178454
v 0.18457612 0.04488677 -0.16652232
v -0.46256468 0.21185778 0.14381209
v -0.56200695 0.20170495 0.22277097
v -0.31081235 -0.21417841 0.28014734
v -0.70882797 0.10195219 -0.29752508
v 0.18851708 0.05120200 -0.24183959
v 0.32110244 -0.04198352 -0.15906020
v -0.10025642 -0.14039178 -0.28046420
v 0.21356481 -0.15031964 0.27366421
v -0.51793927 -0.15933928 0.33409399
v 0.36655217 -0.34358615 0.42595500
v 0.82249838 0.00926878 -0.27363673
v -0.52888519 -0.22808196 0.35320142
v -0.06164469 0.00417479 -0.10502154
v -0.34331954 -0.12256322 0.17314307
v 0.58787638 -0.00377910 -0.00792145
v -0.00529655 -0.00542278 0.40238240
v 0.27846521 -0.01545110 -0.16604404
v 0.15376353 -0.03627351 0.08200877
v -0.53239429 -0.08246356 -0.42747965
v -0.42060703 0.05133194 -0.20355526
v 0.05020973 0.08804175 0.19088764
v 0.57064980 -0.18498187 0.40048006
v 0.05201568 -0.23488156 -0.05133469
v 0.51348484 -0.21686915 -0.28403911
v 0.45877278 0.01947726 0.18070073
v 0.01979492 -0.17966065 -0.21726923
v 0.26245931 -0.23854724 -0.24823137
v -0.32698086 -0.14181420 -0.61321282
v -0.36513862 0.11939777 -0.47453344
v -0.06763266 0.12128524 0.41334927
v -0.62837762 -0.03154986 0.37362802
v -0.65321767 -0.10233719 0.37629652
v 0.68026280 0.29331788 0.32080588
v -0.39819571 0.18425249 0.09806614
v 0.32536703 -0.23343469 0.24320643
v 0.48378685 -0.22966394 -0.23484616
v 0.37511337 -0.18613635 0.39045671
v -0.11800814 0.02347383 0.02153224
v 0.45958027 0.19364597 0.09157328
v -0.31798461 0.09775244 -0.43209314
v -0.67211699 0.19850844 -0.30954555
v -0.29438704 -0.16585188 -0.13808881
v 0.18049037 0.25743487 0.44821051
v 0.43620420 0.24256791 0.01498578
v -0.27207989 0.27185768 0.38224787
v 0.49339050 -0.20585661 0.29585332
v 0.58676028 -0.19457547 -0.07692991
v -0.16230212 0.24348629 0.29774609
v 0.27563456 -0.02967713 0.47838783
v 0.48979360 0.24904253 0.43662721
v -0.60897243 0.17289503 0.15204667
v 0.45053461 -0.19925998 0.38870412
v -0.03309238 -0.20976330 -0.03914829
v 0.48624375 -0.17705350 0.18968715
v -0.32569146 0.16281010 0.46586484
v -0.20497344 0.02538809 -0.19612940
v 0.14168450 0.19050865 0.45603412
v 0.23090404 -0.00981054 0.21038395
v -0.68031949 0.06786458 -0.55038404
v 0.51308656 -0.00243737 -0.34602696
v -0.27798975 0.36694497 0.41917592
v -0.30303186 0.07131080 -0.23497933
v 0.38933778 -0.12543751 0.47163016
v 0.81724131 0.12586385 0.23404334
v -0.35875368 0.33579469 0.47943237
v 0.61103058 0.05780061 0.30801317
v 0.36613777 0.29022065 0.44681033
v 0.45324773 -0.03258805 0.48259866
v -0.06050374 0.29143822 0.47312310
v 0.88349116 -0.03340120 -0.28495488
v -0.41742608 -0.01186968 -0.32462436
v -0.50253206 0.24719331 0.39574856
v -0.11940867 0.01338185 0.01663785
v 0.50697160 0.01543410 0.23216315
v 0.33734179 -0.23618358 -0.26330480
v 0.29206821 0.04017730 0.20261644
v -0.64934433 0.21507727 -0.56191069
v -0.21319303 0.01756270 0.45829675
v -0.67403257 0.03730530 -0.37442315
v 0.19063680 0.21473657 0.44483128
v -0.23501611 -0.17592923 0.20900360
v 0.22898743 0.11142217 0.33747804
v -0.33151445 -0.16437884 0.21107845
v -0.20211892 0.03151389 -0.28822634
v -0.75159830 0.10164411 -0.31008276
v -0.10495745 -0.25101617 0.28887385
v -0.09147445 -0.17440178 0.01212172
v -0.58183748 -0.08158313 0.42224658
v 0.35249159 0.26448822 0.46543789
v -0.16648026 -0.15710121 -0.23698424
v -0.13477266 0.28469300 0.47570959
v -0.14042394 -0.09716871 0.48320544
v 0.28410223 -0.23255819 -0.23518968
v 0.46163946 -0.29082608 0.39269009
v 0.38870236 0.01622425 -0.17334990
v 0.51107472 -0.00029347 0.23517898
v -0.34302476 -0.12584183 0.17529312
v -0.32713908 -0.08848987 0.15780112
v -0.07072657 0.13446489 0.43652305
v 0.06016481 0.08874637 0.13177113
v -0.67780793 0.00262594 0.12737247
v 0.71197259 0.07653025 0.22970323
v -0.38962692 -0.23173469 0.22001635
v 0.40170139 0.04549185 0.06493270
v -0.26230574 -0.16795605 -0.16134126
v -0.21748245 -0.13260755 -0.58355343
v 0.41016448 -0.22378278 0.38143653
v -0.39315993 -0.06342997 -0.31779715
v -0.60224599 0.18382104 0.20352697
v 0.51447111 0.22787286 0.47828776
v 0.14067483 0.01668176 -0.33010155
v 0.03965379 0.05548324 0.30542555
v 0.40192381 0.20878647 0.40218967
v -0.39945170 0.12548167 -0.09289366
v -0.00228794 0.15089783 0.36025944
v -0.38503358 0.37981606 0.45730084
v 0.38947198 -0.27728719 0.40325961
v 0.19370891 -0.05734422 0.31645793
v 0.32911611 0.02588497 0.12122924
v 0.49315664 -0.09509637 0.19340296
v 0.64268488 -0.10484704 0.48084694
v 0.32606968 -0.21559265 0.09125629
v -0.44932187 -0.01358092 -0.47898731
v -0.14282198 -0.05154209 0.48753396
v 0.28692204 -0.22421108 0.25689548
v -0.23194928 0.01213259 -0.65020758
v 0.47116387 -0.16332777 -0.39506245
v -0.69035906 0.09890577 -0.56256109
v 0.05912147 -0.12371968 -0.38128752
v -0.51068473 0.28616193 0.40644437
v -0.52852452 -0.13805133 0.10560173
v -0.32975256 -0.18092473 0.23086806
v 0.20246610 -0.03180615 0.34051913
v -0.33464015 0.13726301 0.48162413
v -0.04558223 -0.18088134 -0.07932729
v -0.18630464 0.02065399 -0.62147498
v 0.28926978 0.19413178 0.27068305
v -0.67953342 0.02350339 -0.61573702
v -0.24799876 0.23368961 0.20727231
v 0.39759886 0.14638615 -0.06823788
v 0.28694853 -0.23939162 -0.26306787
v 0.75684708 -0.07178120 -0.30744076
v 0.31958523 -0.25526154 0.34914353
v 0.35476795 -0.20046543 0.37605315
v 0.09861897 -0.02355523 0.21869329
v -0.42425066 -0.15660495 -0.35061514
v 0.78363466 0.14936335 0.03853163
v -0.75887477 -0.01303301 -0.54322362
v 0.45423675 -0.06662006 -0.41012251
v 0.81021851 0.09544533 0.01999153
v 0.40012839 0.28791767 0.43597901
v -0.63617343 -0.04090120 -0.30297121
v 0.56774396 -0.05507468 0.32340956
v -0.29605961 -0.10998689 -0.70276809
v 0.01149786 -0.09383529 -0.30963922
v 0.73691523 0.04006654 0.36276531
v -0.63623893 -0.09006422 0.38094139
v -0.46658880 0.01528114 0.48485973
v 0.06935521 0.04171898 0.23838454
v 0.06534050 0.00605009 -0.28403202
v 0.27020690 -0.16016249 0.09805253
v 0.42988163 0.18022446 0.21650064
v -0.47362161 -0.06864192 -0.45911321
v -0.51908779 0.23764589 0.29956609
v -0.45139360 0.18787414 0.08806548
v -0.61253440 0.13728052 0.37217003
v 0.27405253 0.01515175 0.47101194
v 0.11560310 -0.23636192 -0.17629032
v -0.28904745 0.00182405 -0.01750428
v 0.04631124 -0.11369071 0.28848475
v -0.64756751 0.05650139 0.36647534
v 0.41381121 0.15408349 0.24607566
v 0.13147494 0.06259547 -0.12513223
v -0.27777669 -0.14635527 -0.09741239
v -0.63672620 -0.05564068 0.05734844
v -0.06091018 -0.19525230 -0.01330972
v 0.42884937 0.04903744 -0.21612749
v -0.26897886 0.01378715 0.11601912
v -0.12116948 -0.05380101 -0.37568003
v -0.61145157 -0.01630798 -0.53389490
v 0.50637901 -0.14081365 0.43065172
v 0.50626093 0.28406456 0.07684236
v -0.07726359 -0.13415353 0.41442618
v 0.22907484 0.00220650 0.24944735
v -0.39539030 0.00126066 -0.64033431
v 0.36005300 0.04809915 0.17238718
v -0.18201308 -0.09136816 -0.68130898
v 0.50445914 -0.21137236 0.06303868
v 0.10317274 -0.23070538 -0.03143831
v 0.43664965 0.12379171 0.45367613
v -0.10317450 -0.11320958 0.45522195
v -0.05588853 0.02308268 0.45247400
v -0.14561470 -0.06540062 -0.05483704
v 0.82766116 0.08478126 0.12815715
v 0.28502434 0.06381083 0.21881312
v -0.80408949 0.05421480 -0.33851427
v 0.26095131 -0.20871580 0.20293976
v -0.16647412 -0.22650881 -0.44833133
v -0.38787103 -0.14003655 -0.21128796
v -0.47626758 0.04719628 -0.62493211
v 0.22478841 -0.06386054 -0.42206198
v 0.08507314 -0.13740020 0.20470059
v -0.39949363 -0.02607992 -0.26540059
v -0.60153204 0.13323626 -0.29392084
v 0.47721601 -0.17420457 0.40611103
v -0.37612393 0.03392705 -0.32755619
v -0.00771868 -0.02081996 -0.21572232
v 0.29855698 -0.03552352 0.04839336
v -0.48348176 0.17234530 0.04184558
v 0.46954715 0.31451160 0.07582138
v 0.00360282 0.15823731 0.34930471
v 0.74982011 -0.07410444 -0.08079822
v -0.41125882 0.07999196 -0.17817453
v -0.39954355 0.25440761 0.24927235
v 0.15869309 0.18859248 0.45326638
v 0.74267280 0.01273019 0.42015404
v 0.09443051 -0.04395242 0.23328735
v -0.47414297 -0.09950401 -0.15199395
v -0.47167227 0.36993742 0.31850544
v -0.29215246 -0.05074570 0.05418322
v 0.77792853 0.08628172 0.30367655
v 0.13553335 -0.08770864 0.14136618
v -0.09715012 0.27777547 0.39373678
v -0.35901338 -0.16006753 -0.16140810
v -0.66677296 -0.16044983 0.35625601
v 0.47288987 0.32273614 0.21828741
v -0.15522419 -0.04726849 0.48766607
v -0.68033445 0.04692481 0.29595855
v 0.38025409 -0.23663345 0.25420088
v -0.26961195 -0.26267251 -0.48706359
v 0.49523318 -0.00635637 0.15605482
v 0.32425258 0.19511601 0.18932283
v -0.09491095 -0.13263114 -0.03674803
v 0.71782267 0.17561568 0.43075159
v 0.35611659 0.24143653 0.24084204
v -0.61854357 -0.26461589 0.43829048
v 0.46949115 0.14961058 0.47623777
v 0.07160889 -0.03219299 0.28480035
v 0.29978305 -0.13338690 -0.44776845
v 0.39384583 -0.23245068 0.18053778
v 0.06542083 -0.23494314 -0.05262651
v 0.21640208 0.03463133 -0.32506716
v -0.06418604 -0.03152717 -0.54891175
v 0.69479352 0.14098006 0.45406377
v -0.56277359 -0.17000318 0.15845069
v 0.32594800 -0.24187559 -0.28696263
v -0.37417299 -0.25371686 0.37737525
v -0.26334780 0.14716862 0.47359008
v 0.78654748 -0.00189353 -0.24836606
v -0.42870891 -0.09831428 -0.21260987
v 0.33867422 0.26887447 0.42446291
v -0.43374291 0.15062423 -0.48462173
v -0.22227658 -0.00455559 -0.11995947
v -0.55848265 -0.18010157 0.16536328
v 0.21138853 -0.13756390 0.23789810
v 0.65760374 0.02360259 0.06229136
v -0.32289305 0.35958189 0.37784034
v 0.37569293 0.27698761 0.19943917
v 0.64630479 -0.08895192 -0.06712878
v 0.08905224 -0.13630800 -0.35486296
v 0.51728678 -0.18528725 0.30076128
v 0.44563356 0.17844492 0.25954247
v 0.65310550 0.13279404 0.15448299
v -0.44223973 -0.12887344 0.05410158
v 0.66733366 -0.03034504 -0.00128387
v -0.14265667 0.03688257 -0.49451447
v -0.15108924 -0.25458342 -0.51613081
v -0.07591731 0.06578482 0.01815408
v -0.01126465 -0.21578115 -0.05892503
v -0.41806856 -0.09168389 -0.32780254
v -0.66984755 -0.04119773 0.23139551
v 0.37535968 0.02216547 -0.01623064
v 0.42397195 -0.11377329 -0.47158331
v 0.21901062 0.12205165 0.37029576
v -0.80266541 0.19284058 -0.35536659
v -0.51689959 -0.16539086 0.30570439
v 0.38841867 0.09614907 0.25043556
v -0.49382958 0.32288751 0.46899810
v -0.65379429 0.10315546 0.32987905
v -0.28499222 -0.07728531 -0.71006685
v 0.46838829 0.18470460 0.29310212
v -0.16792418 -0.14229821 0.10885938
v 0.52105993 -0.16145101 0.11797698
v 0.30470750 0.04086135 0.48832533
v -0.58887672 0.10840772 -0.50755447
v 0.48295233 -0.07051963 -0.40066597
v 0.31795117 -0.09870891 -0.45656633
v 0.75706291 0.16672994 0.04849737
v 0.66161186 0.07076693 0.15386619
v -0.60910785 0.05512176 -0.03997776
v -0.30218565 0.08766948 -0.46338171
v -0.44136220 -0.13378808 -0.11666138
v -0.43098384 0.04831728 -0.19796637
v 0.70213753 0.01168858 -0.12650840
v -0.24273224 0.06101481 -0.62442470
v 0.36863184 0.03313593 0.05878412
v -0.40763822 -0.14428143 -0.12111081
v -0.49619883 -0.12420049 -0.28207186
v 0.61305976 -0.11696526 -0.00906751
v 0.80711776 0.01861084 0.02893303
v -0.37752050 0.02203844 -0.63169855
v -0.28839427 -0.10066893 -0.02417855
v 0.13018990 -0.12488788 -0.40422162
v 0.23484667 -0.03226392 0.43002310
v 0.07718145 -0.16208586 -0.31918222
v -0.27132711 0.04512526 -0.08532801
v -0.16301972 -0.25504068 -0.53865713
v -0.20540375 -0.14238289 -0.67899287
v 0.53657597 -0.06590483 0.29889590
v -0.06570782 -0.01562659 -0.35821331
v 0.07158627 -0.11586121 -0.39174563
v -0.65370429 0.24142098 -0.28233942
v -0.34076789 -0.15119097 -0.08290430
v 0.62091660 -0.02157056 -0.18663827
v 0.14163870 0.18038294 0.41158342
v 0.06063986 0.04487038 0.26584342
v 0.45200130 -0.22652593 0.09968737
v 0.72138888 0.07238518 0.24794598
v -0.42461827 -0.06227561 0.48192069
v -0.54108024 -0.08959142 -0.53766775
v 0.14015420 -0.18925783 0.01074617
v 0.44617620 -0.23353222 0.01083120
v 0.50835347 -0.17152542 0.22773936
v 0.10254166 -0.10046016 0.19942705
v 0.10779552 -0.23137662 -0.04091607
v -0.55796337 -0.10230415 -0.00644079
v -0.21690789 0.12267871 0.48515916
v -0.51639402 -0.07197569 -0.38243547
v 0.50688231 -0.00962997 0.23352960
v 0.57177961 0.02397905 -0.02923430
v -0.62643218 0.20466681 -0.35411045
v 0.67506242 0.08105414 0.05503061
v 0.48300180 0.32189587 0.10822012
v -0.23729511 0.23555835 0.41892758
v -0.58168536 0.04096338 -0.50424367
v -0.58834672 -0.12351330 0.16114086
v 0.32264349 -0.01858454 -0.17200224
v -0.08809666 0.27749020 0.48533481
v 0.66018832 0.07085088 0.11585592
v 0.48338947 0.30677718 0.07802887
v 0.50196958 -0.10482766 -0.43908781
v -0.58182198 0.18883586 0.31240752
v 0.24025398 -0.19145930 0.21867944
v -0.55015600 0.12736604 -0.48807171
v 0.12445217 -0.11046960 -0.41745198
v 0.15451652 0.04102863 -0.07402685
v -0.42872348 0.23673894 0.16495430
v -0.59887242 -0.16918632 0.34755933
v -0.43983814 -0.17263116 -0.46409389
v -0.78208387 0.04712874 -0.56558353
v -0.08230358 -0.08091578 0.45837781
v 0.37182602 0.25106645 0.22564061
v -0.45508635 0.36231562 0.46691257
v 0.63410693 -0.06810525 -0.27481064
v -0.46833622 -0.14106752 -0.28336111
v 0.00103712 -0.10936473 0.35287428
v -0.10319278 -0.29514486 -0.49506196
v 0.47636512 -0.12798977 -0.43323976
v -0.05771185 -0.11374314 -0.15150987
v -0.04509858 0.00361266 -0.56113309
v -0.07682650 0.00170092 -0.58440232
v -0.16436853 0.28399152 0.35497972
v -0.59488696 -0.00309031 0.43435121
v -0.37194139 0.07250018 -0.62010646
v -0.27126727 -0.24726442 -0.35037816
v 0.40386179 -0.33837476 0.46034157
v 0.65773588 0.13378491 0.48407879
v 0.34422308 -0.29950830 0.28507528
v -0.24961017 0.20255847 0.18859842
v 0.49631128 0.04185673 0.02722881
v 0.13883041 0.29164732 0.44594061
v -0.61508340 -0.10250312 0.13829009
v 0.16865127 0.11708245 0.38092873
v -0.51577359 -0.10692624 -0.53166693
v -0.43140733 -0.00211574 0.48326159
v -0.05977957 0.11651156 0.13144769
v -0.31861570 0.09113341 -0.05891253
v -0.13546175 -0.03288061 -0.29738876
v 0.24218336 -0.24056056 -0.30944675
v -0.63803542 -0.02839956 -0.52584326
v -0.59081745 0.01855596 -0.06632171
v -0.42183217 0.40521145 0.31658617
v 0.61061049 0.09248076 0.23122856
v 0.17093109 0.24325998 0.44351095
v -0.24528278 0.19665158 0.41222632
v 0.20764300 -0.06740044 0.18318006
v -0.37587261 0.18431067 0.44505700
v 0.49075156 -0.07837456 0.23854749
v -0.75138915 0.05562351 -0.54314464
v 0.74864769 0.00831891 -0.11920297
v -0.20057778 -0.14438345 -0.61497998
v -0.62566417 -0.01362749 -0.00559355
v 0.28436124 -0.27564061 0.33129323
v -0.63905513 -0.04808391 0.34341285
v 0.57678598 -0.06810991 0.47525963
v -0.13479337 -0.04854637 -0.27955219
v 0.56383497 -0.21392661 -0.12044154
v -0.72478104 0.10781834 -0.40533996
v -0.74600911 0.09493428 -0.40146858
v -0.45521513 -0.03231671 -0.20664302
v -0.60132778 0.17425525 0.13284160
v -0.68575662 -0.18902008 0.40850446
v -0.49470031 0.14881682 -0.46879393
v -0.21848339 -0.11272380 0.14122237
v 0.07331923 -0.20434526 -0.26227382
v 0.11384031 0.06622037 -0.12429233
v -0.51471722 0.07281335 -0.48574728
v 0.87508804 -0.04787176 -0.20247826
v -0.38919246 0.01463867 -0.44720015
v -0.36763465 -0.22718491 0.23281516
v -0.25653312 -0.23124930 -0.32821932
v 0.17986070 0.02812734 -0.11273310
v -0.35262856 0.11842608 -0.04837711
v -0.76955289 0.02021590 -0.30863592
v -0.30354163 0.22692779 0.15983893
v -0.35040990 0.04995851 0.46631792
v 0.44768506 0.30866131 0.27118114
v 0.07442401 -0.21392673 0.08326029
v -0.61133564 -0.04987581 0.38979048
v -0.39825389 -0.19655438 -0.52874279
v 0.67111117 -0.09814838 -0.18499333
v 0.62732273 -0.06901029 0.00374318
v -0.29623991 -0.17369430 -0.17324850
v 0.21176936 -0.01922726 -0.09930040
v 0.59578061 -0.00432422 -0.02203299
v 0.56403464 -0.21562825 -0.14248146
v -0.14504595 0.22617623 0.29734859
v 0.28618219 0.20940234 0.45292106
v 0.37639424 0.29753140 0.32803157
v -0.22676302 -0.12654607 -0.12123983
v -0.09601789 0.07714409 0.05757772
v -0.69634145 0.12616470 -0.62533766
v 0.43371007 0.25657898 0.32793030
v 0.42721209 -0.23372178 0.18794732
v 0.80095345 0.22795659 0.22589388
v -0.68393940 0.04993436 0.17023467
v -0.50862825 -0.14209776 -0.55681419
v -0.61699069 -0.03030775 0.39169371
v 0.74466038 0.07701267 -0.05279708
v -0.18587071 -0.06924159 0.48171818
v 0.49628526 0.16587038 0.28022337
v 0.39891472 0.02696834 -0.08163945
v -0.70075411 0.08332462 -0.64619398
v 0.45932886 0.15503053 0.40354052
v -0.32110003 -0.05431303 0.07747309
v -0.14737757 -0.14550620 -0.62569368
v -0.54749972 -0.08621094 -0.35422248
v 0.44742486 0.05215996 -0.14365312
v 0.34873068 -0.24212450 -0.33233255
v 0.60316384 0.26816511 0.26679447
v -0.10495432 -0.02354517 -0.37363547
v -0.48003709 0.03330699 -0.63132334
v 0.10505114 0.02585554 0.16727042
v -0.01820185 -0.02852453 -0.20504415
v -0.13840768 -0.19681689 0.15109655
v 0.38941523 0.04633822 0.16988006
v -0.24885163 -0.18113248 0.23640370
v -0.02420291 -0.06201576 -0.22551960
v -0.42387149 0.40251762 0.37356332
v 0.12139679 -0.22097711 -0.28024665
v 0.80888176 0.20673558 0.26353547
v -0.22554924 -0.11817767 -0.69101566
v 0.43846828 0.13543829 -0.11893602
v 0.55971307 0.01957346 0.48971629
v -0.66624689 0.06343617 0.08550392
v -0.10108480 -0.20170134 0.38884619
v 0.52169937 -0.00558528 0.15980421
v -0.16121717 -0.08123042 -0.52777112
v 0.20778514 -0.22718906 -0.33943006
v -0.21614543 -0.13844764 0.15447126
v -0.43841919 -0.18450400 0.14851135
v 0.68915081 0.05376094 0.31051207
v -0.23355757 -0.09523796 -0.70988053
v 0.65868086 0.06988533 0.12402282
v -0.10943553 -0.12240896 -0.22129864
v 0.61887163 -0.07495329 -0.31536186
v 0.35456157 -0.17135061 -0.16305698
v 0.17804776 0.01561720 -0.34721923
v -0.50438118 -0.08878811 0.44085529
v -0.29218075 0.01890302 -0.02483822
v -0.24865746 -0.18617672 0.26240698
v 0.70851600 0.00110998 0.37475845
v 0.48933423 0.21134424 0.03560411
v -0.16411434 -0.18973203 0.16942309
v 0.08177730 0.06250615 -0.14914566
v -0.29220378 0.07929116 -0.60022879
v -0.55634427 0.00963833 -0.38480058
v 0.50386953 0.27435911 0.18913597
v -0.23281433 0.04930841 -0.62644720
v 0.48463640 0.05668551 -0.11909878
v -0.20260312 -0.29155225 -0.51022267
v -0.33343074 -0.21785377 -0.58227301
v 0.46792808 -0.14354287 -0.40928483
v -0.65866101 0.17467819 -0.30349460
v -0.10510658 -0.15616710 -0.40285954
v 0.08332611 0.07963459 0.01291569
v -0.70609009 -0.01278260 -0.55997550
v 0.46218771 0.28555366 0.27930307
v -0.13924117 -0.27960750 -0.36296558
v -0.04665955 0.00888923 -0.38373739
v 0.38848585 0.03636259 0.01079900
v -0.35975772 -0.15923318 -0.18797806
v -0.72097224 0.09467500 -0.55262941
v -0.61216450 -0.03841212 -0.02156023
v -0.54835761 -0.08549242 -0.35147229
v 0.45815662 0.23939051 0.42358258
v 0.09699392 -0.02287848 0.22263019
v -0.19307312 -0.16772157 -0.22134611
v 0.15309459 0.21717392 0.40130872
v -0.24484237 0.04228536 0.45642838
v 0.57160318 -0.01837746 0.10951415
v -0.14456947 -0.13151896 -0.69705665
v -0.36836126 -0.12648034 -0.28839236
v -0.62739098 -0.09459406 0.18545865
v -0.00298348 0.25601971 0.40701249
v 0.80898905 -0.06638250 -0.17080380
v 0.68575770 0.12754302 0.05168354
v 0.56799692 -0.06496688 0.08803122
v -0.18159303 0.06319035 0.11539696
v -0.30616966 -0.02185287 -0.63277000
v -0.16674905 -0.03005026 -0.20658034
v -0.16032846 0.30039695 0.39667520
v 0.24905206 0.04678961 -0.28200391
v -0.23937756 0.06968412 -0.37994373
v -0.27455121 0.06911418 -0.21179122
v -0.47997481 0.01108598 -0.63761288
v -0.68019766 0.23449600 -0.29713672
v 0.76253682 0.24917817 0.34069225
v -0.04914824 -0.15877436 -0.10789386
v 0.06731629 -0.20051442 0.12440006
v 0.27711084 -0.21268512 0.16915417
v 0.40894091 -0.23173624 0.03486769
v 0.33682078 -0.16930838 0.00836087
v -0.24944443 -0.25711283 -0.37601075
v -0.24896437 -0.28609067 0.42452097
v -0.56507593 0.02025319 -0.58628201
v 0.92637342 -0.02882130 -0.24357858
v 0.01431248 -0.21802315 -0.11082192
v -0.45345378 0.23296069 0.19483344
v -0.36963385 -0.16970520 -0.60563320
v 0.41578627 0.16385940 -0.08293349
v 0.45698065 0.11027326 0.26583409
v 0.26636803 0.15198393 0.37301207
v 0.46210638 0.11906455 0.41608709
v 0.74218309 -0.10974658 -0.19002587
v -0.10897590 -0.00931492 -0.02249864
v 0.21078597 0.00333320 -0.12484711
v -0.03399487 0.12406333 0.37723157
v 0.80405194 0.22172683 0.25583902
v 0.05592761 0.04695836 0.27657384
v 0.71683311 0.21002990 0.10782615
v -0.60101300 0.09725611 0.41385138
v 0.49462777 0.05226254 -0.22183871
v -0.30770764 -0.05085884 -0.65075022
v 0.23093674 -0.17569102 -0.11140295
v 0.61596465 -0.16386950 -0.19944176
v -0.57707608 -0.26364303 0.40839270
v -0.51655436 0.05099169 -0.14132774
v -0.11879379 -0.08560495 -0.04778185
v 0.33639213 -0.21587585 -0.38124859
v -0.37476143 0.13575888 -0.35379890
v 0.80975163 0.05966752 0.15567517
v -0.08910335 0.24360967 0.36822173
v -0.59467566 -0.06587136 -0.31118193
v -0.04807194 -0.02459135 -0.45107511
v -0.21152899 0.04772452 0.46635261
v 0.46985102 -0.16140696 -0.39743960
v 0.39397523 0.06297290 0.45804009
v -0.51816195 0.17355075 0.42571855
v -0.36177996 0.12475994 -0.03710128
v -0.44367641 -0.17273161 -0.53094357
v -0.10615122 -0.13348198 0.44097257
v -0.34696350 0.10823705 0.02736190
v 0.64854658 0.25533310 0.44246045
v -0.45973292 -0.03909770 -0.32511848
v -0.15383080 -0.04606581 -0.22327404
v -0.67782205 -0.04635591 -0.46902728
v 0.50562704 -0.12719074 0.15839642
v 0.10188490 -0.09364194 0.20331095
v -0.43403426 0.14630526 -0.46929207
v 0.74502450 0.06783852 0.34206861
v -0.00569619 -0.02961699 -0.57529473
v -0.77539289 0.03527754 -0.55105442
v 0.63508493 0.09508833 0.23038672
v -0.62940115 -0.04116825 -0.44721055
v 0.42803222 0.04955359 0.05319219
v 0.52908117 0.04448431 -0.22144333
v 0.77658981 0.01124382 -0.32715002
v -0.72629946 0.04117610 -0.37420785
v -0.31081939 -0.14611529 -0.07117766
v -0.53249359 0.02366148 -0.39442775
v 0.74761814 0.27721456 0.28232872
v -0.40228736 0.36546159 0.47059613
v -0.59243429 -0.10136902 0.06720126
v -0.39093822 -0.17378648 -0.35747650
v -0.52563667 -0.12153351 -0.48951131
v 0.73810500 0.04810846 0.17048629
v 0.40348470 -0.30738428 0.37154096
v -0.31726733 -0.17323413 0.22531244
v 0.43995324 -0.33286911 0.39600682
v -0.31156221 -0.18159260 0.25202143
v 0.58317912 0.05376269 0.29926932
v -0.47274938 0.23612788 0.44926932
v 0.30350965 -0.23822953 -0.25919503
v -0.54515004 -0.00587477 -0.30447158
v -0.62707829 -0.06526762 0.33926409
v -0.43965358 0.31167805 0.48502311
v -0.67097718 0.17175175 -0.51154888
v 0.47675240 0.23217364 0.20573473
v -0.21824315 0.03461210 -0.18068878
v -0.54718643 0.13539878 -0.36304364
v 0.60367101 0.27028331 0.26999840
v -0.21145643 -0.25173196 -0.36220253
v 0.67715591 0.01115373 0.05068603
v -0.22899179 0.13189711 0.15312645
v -0.24482456 -0.09264123 0.48536691
v 0.34031463 -0.24305677 0.27830464
v 0.20504072 -0.15144038 -0.05332585
v 0.75543761 0.26748323 0.32144949
v -0.22840683 0.12241705 0.48573542
v -0.53990442 -0.10044385 -0.05417936
v -0.03159823 -0.22321774 0.07074843
v -0.48786390 0.37897235 0.39570048
v 0.67669284 -0.06705534 0.40880322
v 0.41901872 0.18265276 0.08353764
v 0.77699769 0.21690857 0.13211361
v 0.77618963 0.06076046 0.25164500
v -0.29979122 -0.12818311 0.47100028
v -0.54849863 0.01920802 -0.61996061
v -0.43750286 0.05050305 -0.41449565
v -0.10950568 -0.28866702 -0.49280626
v -0.54962265 0.10424809 -0.30091178
v 0.38861695 0.04837335 -0.29282430
v -0.19219120 -0.11134241 -0.60507506
v 0.38477808 -0.23154479 -0.35033938
v -0.52668452 -0.12619658 0.42059880
v 0.20060833 0.03202635 -0.15738964
v -0.75760978 0.01084533 -0.57970244
v 0.28068843 -0.21881688 0.30680853
v -0.02130226 -0.07583175 0.40063778
v 0.46062151 0.05538231 -0.05619682
v 0.79345202 0.11623029 0.01305140
v -0.67333591 0.01353613 0.10645404
v -0.43658927 0.22483857 0.46366304
v 0.12400996 -0.16047937 0.09626931
v -0.20936757 -0.07221592 -0.65723658
v -0.53771138 -0.15954112 0.28699327
v 0.80877221 -0.01152247 -0.22520311
v 0.56219715 0.25253284 0.28146785
v 0.01712039 -0.17991194 0.24011162
v 0.19029264 -0.22588772 -0.13812764
v -0.07984549 -0.09884325 0.44513705
v 0.24867854 -0.15792082 -0.11839760
v -0.15860289 -0.20097834 0.46030140
v -0.41224352 -0.10174511 0.46675026
v 0.17643453 -0.17804401 -0.03842266
v -0.00695516 -0.19384800 0.24032879
v 0.56830704 -0.15134132 -0.32675159
v -0.49089330 0.18344155 -0.50268036
v -0.41050878 0.39814076 0.32609215
v -0.11322391 0.17838120 0.48790285
v 0.63471305 0.13604499 0.48739234
v -0.37486407 0.14295299 0.03333377
v -0.24690244 -0.17824437 -0.19486146
v 0.82162428 0.00620792 -0.33716199
v 0.50437433 0.04123293 0.02222485
v 0.34442267 -0.01145442 -0.40864626
v -0.48184046 0.06291383 -0.31848776
v 0.45183200 -0.30201411 0.37721235
v -0.75937462 -0.01759703 -0.51343596
v 0.48744118 -0.17429981 0.19123654
v -0.42916241 0.01966372 0.47899330
v -0.26043135 -0.15219708 0.19270174
v 0.50570911 -0.07625604 -0.39824611
v -0.15467286 -0.13429765 -0.21205983
v 0.30962595 0.02444616 -0.37525830
v -0.07903993 0.00996978 -0.44101492
v -0.29301938 0.31926802 0.27287015
v 0.12473293 0.28037691 0.43176597
v 0.51431483 0.01862720 0.06658575
v -0.20203367 -0.01103978 -0.58850157
v -0.33769679 0.18849221 0.12654145
v -0.44841975 -0.15064071 -0.39279816
v 0.32730037 0.26076147 0.38656172
v -0.52160835 -0.21836741 0.19223754
v -0.50952375 0.18744150 -0.52154720
v 0.44919118 -0.27089581 0.33707902
v 0.55361140 0.27408570 0.42743790
v 0.82583648 0.17304736 0.19908470
v -0.36197510 -0.02011809 -0.64302713
v -0.15356006 -0.24785218 -0.39324877
v -0.60910368 0.07899060 -0.38643682
v -0.48443946 0.07991013 -0.39529049
v -0.01815114 -0.15885398 -0.17557605
v 0.45686999 0.25289869 0.01941711
v 0.49348423 0.23858713 0.45438123
v -0.10240903 -0.12542279 -0.64929378
v 0.65727025 -0.11072645 -0.22304773
v 0.37911448 0.29908669 0.32533348
v -0.32452416 0.30337045 0.43968475
v 0.23534067 0.03833069 0.35221040
v -0.70475668 0.04448764 -0.29028225
v -0.31986231 0.36035952 0.37720379
v 0.15299509 -0.13103984 0.06423764
v 0.27330056 -0.15321274 -0.13553749
v 0.29633039 -0.07840850 0.47656772
v -0.46491101 0.09267808 -0.47199765
v -0.46262431 -0.22142664 0.41077492
v -0.28881553 0.32449982 0.42494020
v -0.66555095 0.12516013 0.22371851
v -0.11394806 -0.11306284 -0.01855735
v 0.17011802 -0.15783717 -0.00147937
v -0.11849338 -0.06509139 0.48201814
v -0.15970787 0.29964790 0.41269231
v -0.18149796 -0.03994373 -0.16962382
v 0.30136913 -0.22339812 0.15904401
v 0.19780631 -0.03599162 0.28672004
v 0.45417327 0.15964694 -0.05982305
v 0.69813985 0.13173085 0.44779634
v -0.28302479 -0.20931749 0.30651903
v 0.48081124 -0.02874863 0.48799178
v 0.20564499 0.15434702 0.43044156
v 0.36653826 -0.36896253 0.44474638
v 0.37751257 0.19258034 0.43418747
v -0.48437700 0.09702002 -0.61013567
v -0.09356808 0.23903443 0.35879532
v 0.61664432 0.28595370 0.40686056
v -0.26218104 -0.01223210 0.09280980
v -0.65070498 -0.03354001 -0.30858493
v 0.28215057 0.04610490 0.46631050
v 0.08830900 -0.21214882 0.06461883
v -0.39601541 -0.13569307 0.44358847
v -0.56287384 0.17968301 0.38232419
v -0.38206765 0.39698684 0.38795042
v 0.54182053 -0.18033700 0.43479234
v 0.31907532 -0.03359284 0.48970330
v 0.66092008 -0.08408163 0.41641071
v 0.64276963 0.29471907 0.36524388
v -0.25755298 0.22560605 0.19246165
v -0.64652455 0.05082743 -0.63621008
v -0.42210785 0.02254322 -0.42403281
v 0.44783866 0.00986993 0.42934209
v 0.07639083 0.08158092 0.04481738
v -0.20777601 -0.13965955 -0.15790562
v 0.49323663 0.22799246 0.03522554
v -0.68447435 0.00572438 -0.44949964
v 0.62986225 -0.01988168 -0.01897474
v 0.71067375 -0.00895698 0.38961473
v 0.57591283 0.04703441 0.29934809
v -0.23982298 -0.19826306 -0.29148692
v 0.74365437 -0.10909765 -0.20087171
v -0.38936052 -0.09617303 0.47732827
v 0.28327119 -0.16198082 -0.14702873
v 0.79617625 0.08198494 -0.01237000
v 0.57072109 0.10676689 0.47215402
v 0.42058837 -0.23500839 0.10203966
v 0.43505034 0.17992963 0.08377632
v 0.28962740 -0.06344939 0.47826409
v 0.18308140 -0.18656000 -0.06275931
v 0.40461895 0.13161542 -0.13808544
v -0.47838616 0.28353992 0.31629378
v 0.37557289 0.22308405 0.14470588
v 0.10209687 -0.14916542 0.15756403
v 0.68967915 -0.05936266 -0.26678395
v 0.70232254 0.00280685 0.06022384
v 0.01337886 -0.09591400 -0.31442282
v 0.40989009 -0.23991281 0.21074525
v 0.78997266 0.13650009 0.30867666
v -0.30173650 -0.15364777 -0.09555417
v -0.48990506 0.02152025 0.48104200
v 0.46079406 0.30239779 0.05060652
v -0.02386560 0.12674856 0.36358717
v -0.10752013 -0.02909722 -0.04740432
v -0.37213442 0.05077613 -0.23976630
v -0.14861904 -0.30262792 -0.37535137
v 0.41650435 0.32486087 0.26455086
v 0.59534651 -0.07749128 0.33761239
v -0.39112619 0.01773110 -0.25488073
v -0.47859147 0.11495914 -0.09999458
v 0.28319702 0.00206179 0.13059849
v -0.50589573 0.07536217 -0.31630927
v 0.62884974 0.29655010 0.36291897
v 0.45554966 0.21630907 0.27672923
v 0.38019490 -0.07255147 0.48984316
v 0.74918848 0.03290570 0.41243717
v -0.52915108 0.16501839 0.42831329
v 0.64404404 0.08117661 0.48001459
v -0.38237926 0.22513431 0.12528329
v -0.31212249 -0.19061676 0.25996476
v -0.48141462 0.16566421 0.02279777
v 0.00647371 0.01317898 0.38891095
v -0.51982188 0.16106296 -0.30886501
v -0.65749246 0.03572578 -0.28267708
v -0.34736741 -0.15581599 -0.10482343
v -0.65070021 -0.06992529 0.22770551
v -0.02256426 -0.10604636 -0.28507727
v -0.07582500 0.18502292 0.28882855
v 0.47118863 0.05031370 0.00389320
v -0.16478769 -0.07546899 0.03739424
v -0.35956389 0.11069895 -0.40268195
v -0.05349335 0.10662229 0.10112470
v 0.91849196 -0.01467249 -0.23763661
v -0.29036301 -0.26481935 -0.67613387
v -0.32717875 -0.00757309 -0.63463241
v -0.50118834 -0.12448116 -0.29991904
v 0.06099958 0.08720003 0.06685085
v 0.08570867 0.07641637 0.06241909
v -0.38435015 -0.25761265 0.38993749
v 0.55220580 0.25274065 0.45712987
v -0.59918219 0.00925355 0.43187496
v 0.65220958 0.04867784 0.47635984
v 0.43718252 0.03591419 0.13552582
v 0.47607589 0.18188745 0.05954175
v 0.25737146 -0.16932061 -0.13168387
v -0.57261646 0.11956430 -0.03297945
v 0.43900877 0.14075105 0.27578977
v -0.44710493 -0.24647386 0.25661597
v -0.40990087 0.15701893 -0.31356129
v 0.13573487 -0.14030077 0.09445410
v 0.41717237 0.11390642 0.26283780
v -0.16119206 -0.22024001 0.30681929
v 0.13390295 0.27776510 0.42010191
v -0.67264825 0.21421912 -0.36880097
v -0.29744458 -0.06760017 0.02546573
v -0.29390535 0.19943863 0.39872783
v -0.71229774 -0.01974553 -0.48201406
v 0.34374622 0.18885754 0.17353649
v 0.52827632 -0.05540692 0.29947981
v -0.75261939 0.05390644 -0.54463184
v 0.85984820 0.01237402 -0.34378558
v 0.29571655 -0.05761895 0.48420495
v -0.30185431 0.02472868 0.09717830
v -0.51885235 -0.10840122 -0.54398012
v -0.08855734 0.02311414 -0.03065996
v 0.56462342 0.02726759 -0.02437798
v 0.19892590 -0.07831062 -0.03479880
v -0.24264058 -0.04964240 -0.61938101
v 0.74087059 0.01742542 0.11075660
v -0.28549486 0.33049604 0.44337606
v -0.52496219 0.18829431 -0.30510733
v 0.20296670 -0.08863560 -0.03930007
v 0.14912875 0.21842067 0.41997930
v -0.56135333 -0.05396687 -0.44751048
v -0.45496207 -0.12951553 0.04818892
v 0.45922324 0.20474890 -0.02249566
v -0.69784629 -0.04170596 -0.53270215
v 0.74614745 0.04398001 0.16601963
v 0.11842743 0.05416228 -0.21402970
v -0.49069831 0.15656132 -0.53656042
v 0.41687775 -0.27245998 0.33331773
v 0.82868499 -0.06925555 -0.20172603
v -0.26419008 -0.22612306 0.48836982
v 0.09219746 -0.23349115 -0.03470267
v 0.73040509 -0.08925907 -0.26581427
v 0.34885383 -0.19093543 -0.18677405
v 0.66366822 0.05889791 0.07379662
v -0.29045555 0.15852466 0.15255828
v -0.80772984 0.17958467 -0.41878188
v -0.17212497 -0.01430086 -0.21105225
v 0.40144348 0.23227672 0.36027592
v 0.58805031 -0.06242614 0.07272194
v 0.07244174 0.07888501 0.09317099
v 0.56689727 -0.10506352 -0.39412096
v -0.31593305 -0.02615507 -0.63772148
v -0.75830579 0.23721029 -0.36504689
v -0.75663257 0.02857336 -0.28121471
v 0.79282629 -0.08960484 -0.18802211
v -0.38492790 -0.11690438 0.14643240
v 0.70610666 -0.00069688 0.05945627
v -0.24095432 -0.14389339 -0.59511185
v 0.36542520 0.28018159 0.42021325
v -0.24992841 0.25802389 0.24463040
v -0.60133618 0.06943605 -0.50774568
v -0.18429166 0.02943379 -0.59421450
v 0.91504413 0.01074026 -0.33759218
v 0.45860487 0.08833040 0.25998861
v 0.38317439 0.23827161 0.09434518
v -0.56016308 -0.07333760 -0.54472643
v -0.33722985 0.18953878 0.42834142
v 0.64761490 -0.06490304 0.37960202
v 0.72127551 -0.01794653 -0.17375596
v -0.48236600 -0.04987670 -0.46842355
v 0.68510890 0.24487039 0.17104538
v -0.65131450 0.13936397 0.27471611
v 0.21995540 0.13393469 0.37221637
v -0.47215915 -0.13981947 0.40199396
v 0.45974243 0.09680299 0.44917452
v 0.24289851 -0.24184227 -0.30439082
v -0.60646701 -0.07025903 -0.43568346
v 0.82732981 0.16404384 0.19963826
v 0.71309155 0.12580086 0.00971532
v 0.38823682 0.17383225 0.15723619
v -0.03094235 0.10676607 0.09193543
v -0.12372383 0.14677341 0.46695271
v -0.26797345 0.07814491 -0.62783164
v 0.33415827 -0.08966939 -0.44729298
v -0.27021700 -0.25016415 -0.67336899
v 0.00619198 -0.09688953 -0.31715894
v 0.59759474 -0.07531314 0.04276869
v 0.78727841 0.08780767 0.26518479
v -0.11293828 -0.14814034 -0.27821034
v -0.48594782 -0.10521425 -0.12802997
v -0.50948179 0.24663916 0.27929080
v 0.25494963 -0.10872436 -0.46289283
v 0.26480725 0.01433234 -0.19438751
v 0.45898977 0.32970014 0.09305472
v -0.27516267 0.07047483 -0.14101167
v -0.10277188 -0.14026093 -0.31656533
v 0.37071007 0.04571207 -0.29711145
v -0.00240366 -0.17576498 -0.69500780
v 0.40129384 0.20839255 0.41106784
v -0.10805346 -0.25118637 0.35242176
v 0.34530970 0.20042300 0.33757734
v -0.25302088 0.20950291 0.39775428
v 0.21047762 -0.16822320 -0.07636402
v -0.24503556 0.05530725 -0.24734779
v 0.79353654 -0.09566110 -0.23822066
v 0.57770687 -0.02153639 0.34234110
v -0.51460719 0.13535790 -0.04916232
v 0.16150101 0.23573215 0.40760860
v -0.17776646 0.25245407 0.30277547
v 0.32197925 -0.22478755 0.12020753
v -0.45458743 -0.00342533 -0.48097697
v -0.12204311 0.19630516 0.48721230
v 0.11269944 0.06148030 0.00532938
v 0.70507854 -0.05976435 0.45496568
v -0.05435477 0.26452187 0.48313549
v -0.31652886 0.13729160 0.48184544
v -0.05275887 -0.01093424 -0.13904239
v -0.43748131 -0.14946865 -0.60548604
v 0.34320262 -0.07976853 0.48953214
v 0.35318732 -0.00627756 0.47402403
v 0.00248653 -0.21801706 0.13409567
v 0.44848490 0.05540253 0.35833946
v -0.13877368 -0.20394932 0.43804029
v -0.15171134 -0.26555872 0.46251962
v -0.11350004 0.29806063 0.46488753
v -0.14503926 -0.31316105 -0.47535738
v -0.34587339 -0.12807398 0.17579091
v 0.33125451 0.04453718 -0.29692018
v -0.72842687 0.01062650 -0.27585921
v -0.68253690 0.01140071 0.25900763
v -0.31314847 0.00908721 0.46034896
v 0.35629210 -0.04820267 -0.42557946
v -0.53564316 0.05097909 0.47280049
v -0.44640335 0.11750258 0.47964680
v -0.00778258 0.17668915 0.43430933
v -0.17868719 -0.16020474 -0.65538162
v 0.34515265 -0.34967023 0.34151217
v -0.68167740 0.06659208 0.27207726
v -0.00117058 0.20854339 0.32713258
v 0.00177329 -0.00336874 0.39557782
v 0.60559815 0.15584888 0.22667579
v 0.44675347 -0.22916056 -0.31828478
v -0.22711261 0.07595006 -0.33292350
v 0.76451117 -0.04725728 -0.03924984
v 0.29278204 0.18006760 0.33978695
v 0.10543338 0.06793722 -0.08430396
v -0.23972979 -0.09471585 0.48555112
v -0.60842729 0.04551366 -0.28598455
v -0.28908738 -0.18335907 -0.26483712
v 0.49405736 -0.14833304 0.20602325
v -0.47720379 0.21497455 0.41550145
v -0.25959492 0.08156182 -0.45223656
v -0.19889081 0.13824560 0.47186694
v -0.38763040 -0.09710975 -0.63303721
v -0.34190410 -0.15389681 -0.09089287
v 0.37643495 0.27677131 0.23130324
v 0.32274845 -0.16210976 0.02493232
v 0.45360279 0.30981016 0.05212460
v -0.61811489 0.19134876 -0.36486667
v -0.21904585 -0.16515185 -0.18863854
v 0.45677531 0.12022758 0.46411142
v -0.60339636 0.14418332 -0.48910251
v -0.47193050 0.41867393 0.35866508
v 0.31052673 -0.04836737 0.01662651
v -0.21147247 0.15494215 0.45998436
v 0.31392100 0.21103685 0.23881896
v 0.04918104 -0.21480332 -0.19297905
v 0.78865170 0.09844357 0.27197146
v 0.46293551 0.07494584 0.25854719
v 0.67976487 0.00795148 -0.10907549
v 0.17178938 -0.09770963 0.04692090
v 0.48089984 0.19774717 0.03010909
v -0.05116139 -0.21569555 0.08567136
v 0.51534235 -0.22763535 -0.21847211
v -0.27821782 0.04778954 -0.07547663
v -0.64071012 -0.25184101 0.36575279
v -0.23766486 0.06953615 -0.39694220
v 0.76239443 0.23113649 0.36000386
v -0.23191069 -0.28018820 0.48529655
v -0.31511605 0.03042579 0.45620728
v -0.69375855 -0.11699202 0.42788085
v 0.58124769 0.10380474 0.47560719
v 0.33322525 0.26657605 0.41624463
v 0.36954445 0.26159933 0.24297193
v -0.14808580 0.09796789 0.48355803
v 0.05761162 -0.11340453 -0.39066684
v -0.32111034 -0.24947990 0.34074613
v -0.17221503 -0.19125587 -0.37071240
v -0.56135213 0.02962090 -0.58826101
v 0.20419662 -0.11665256 0.24026303
v 0.11171914 0.02267760 0.14280188
v -0.38922647 -0.19901548 0.18847744
v 0.22694632 -0.16385996 0.20235887
v 0.32374138 -0.03754600 0.00294536
v -0.05507176 -0.08208004 -0.22063266
v 0.01032845 0.11437614 0.20484218
v -0.52167112 0.06195628 0.47670010
v 0.73437887 0.04725541 0.16278872
v -0.56014025 -0.23550548 0.35588679
v -0.25493297 0.14918779 0.16155334
v -0.39880109 -0.14166556 -0.06055629
v -0.30256122 0.36175555 0.46645379
v -0.19867595 0.01819808 0.11451319
v 0.34783915 -0.19747272 -0.19225670
v -0.35829788 -0.11139768 0.03249218
v 0.51975030 0.07636002 0.46715650
v -0.09046232 -0.14470924 0.41375586
v -0.16974156 -0.08673816 0.06634887
v 0.56356859 0.28917444 0.37464526
v 0.17221777 -0.15539588 -0.00209737
v -0.23740870 0.06922815 -0.30158514
v 0.65157765 0.27203429 0.23588377
v 0.53760648 0.00038686 -0.32446960
v -0.69725692 -0.18673219 0.43942428
v 0.49968129 -0.07414877 0.46716276
v 0.31678101 0.03087161 -0.35928604
v -0.43592551 -0.12678604 -0.15883522
v 0.78651190 -0.02138477 -0.36902165
v 0.15633285 0.05247400 -0.21909030
v -0.44361299 -0.23697075 0.19723491
v 0.46188727 0.17064804 -0.01814960
v -0.46401098 -0.02597431 -0.19459297
v -0.36664999 0.16568984 0.10193487
v -0.13457897 0.13493998 0.45525396
v 0.68664038 0.02683839 0.48279971
v -0.33059445 0.00398667 0.45442727
v 0.59764600 0.01910939 -0.12291750
v 0.03901499 -0.15955117 0.24852973
v 0.09814915 -0.12707318 0.19024412
v 0.23648922 0.01148543 0.40043017
v -0.54026753 -0.03039507 -0.36186716
v -0.26792815 0.25772890 0.23199616
v -0.01622833 0.18977985 0.28324243
v 0.00062121 0.08327785 -0.02791469
v -0.10829701 -0.02308789 -0.03638881
v -0.57636678 0.18306109 0.34826341
v -0.24065039 -0.10034482 -0.07697758
v -0.48741025 0.05510833 -0.62123871
v -0.16373670 -0.02653988 0.04940536
v 0.23993638 0.08070502 0.37635228
v -0.20994776 -0.16081141 0.16886500
v 0.43331710 -0.35509586 0.41628769
v -0.51450729 0.00984188 -0.63217449
v 0.71562552 0.06680274 0.44464007
v 0.50779593 -0.20411195 0.33407834
v -0.55627578 0.06251112 -0.39156675
v 0.24218771 -0.24090689 -0.27132142
v 0.64280915 0.10008257 0.24491899
v 0.47819340 0.32245818 0.21087179
v -0.35294402 -0.18887921 -0.44617936
v -0.50004631 0.02563131 -0.63231558
v -0.35647649 0.10476746 -0.46627107
v -0.66680884 0.24813016 -0.32328665
v -0.72312361 0.20373982 -0.32249400
v 0.53741473 -0.16846395 0.30049002
v -0.67183363 0.13252720 -0.39291847
v 0.22436108 0.10180716 0.32461238
v -0.19270979 -0.29594263 0.45817414
v 0.52430862 0.02140110 0.26074579
v -0.18811275 0.06382744 -0.46131712
v 0.78524649 0.24221303 0.21319984
v 0.57588059 0.06128321 0.48806196
v 0.24438338 0.22597589 0.44722185
v 0.17588900 -0.21440072 -0.33959463
v -0.44383037 -0.21011993 0.42400292
v -0.44151026 0.23672497 0.25929338
v -0.59989077 0.09226940 -0.38847575
v 0.22267415 0.06567378 0.33468568
v 0.61921060 -0.16385895 -0.17574359
v -0.18982594 -0.28502375 -0.37900165
v -0.78623730 0.00413286 -0.53908092
v -0.04660287 0.08284003 0.01894665
v 0.39361510 -0.20234063 -0.39498153
v -0.56057239 0.16884220 -0.36391172
v -0.27832273 -0.22106265 0.31879863
v -0.17778502 0.00847879 -0.65646154
v 0.29356569 -0.31112778 0.38200116
v -0.49355191 -0.11736250 -0.34542266
v -0.85670882 0.16246982 -0.45005879
v 0.12185603 -0.03522377 -0.35942167
v -0.16144443 -0.29311851 -0.55737686
v -0.10844187 0.26924816 0.38198790
v -0.00353709 -0.00343864 -0.48035884
v 0.43406555 0.13814533 -0.06165500
v -0.21215858 -0.19152461 0.26533711
v 0.44585389 0.27016747 0.02372707
v -0.68738872 0.16605763 -0.37645361
v -0.21778472 -0.22633153 0.48841435
v -0.42576092 -0.14661984 0.14728999
v -0.34710184 0.05824567 -0.33379027
v -0.55945265 0.14230657 -0.36196858
v 0.15526755 -0.22116719 -0.31528991
v 0.43343234 0.02938621 0.43305245
v 0.63598746 0.28618222 0.40492466
v -0.29710299 -0.19681941 -0.59530240
v -0.62988722 -0.04386019 -0.30669656
v -0.42896917 0.08344372 0.48478368
v 0.41246763 0.18389021 0.13915253
v 0.27571887 -0.13967034 0.43446550
v -0.47286397 -0.09839180 -0.43325779
v -0.15925846 -0.11331220 -0.55256933
v 0.68075681 -0.08893080 -0.22838911
v -0.53087044 0.20952889 0.23684950
v 0.05448844 0.07135376 0.22385545
v 0.58712995 -0.10747942 0.04256137
v -0.49791446 -0.14387208 -0.55086720
v 0.39712250 0.31288075 0.21879855
v 0.56433427 0.24252689 0.47241038
v 0.78380650 0.22368357 0.32280776
v 0.41598177 -0.10534003 0.48054188
v -0.29935434 -0.06970541 -0.68201876
v -0.28285372 0.06005966 0.46292102
v 0.36700466 0.11757490 0.48913670
v -0.55375290 -0.09031554 -0.28204635
v 0.01392550 -0.11228061 0.33511174
v 0.51566291 -0.07890446 0.14756738
v 0.17026880 -0.13736153 0.01907201
v 0.74897230 0.21628956 0.11294187
v -0.54685134 0.12199406 -0.36480311
v 0.40971172 0.30411923 0.12607129
v -0.54964036 0.10812452 -0.06511614
v -0.58921731 -0.04776638 -0.44511476
v 0.73732531 0.05724484 0.27155828
v -0.29847893 -0.16190325 0.21013822
v -0.65033019 -0.09778749 0.37830991
v 0.00525666 0.05866629 -0.11392113
v 0.70076835 0.22915147 0.43184629
v -0.14778249 -0.26734605 -0.37088019
v 0.82181776 0.06979162 0.04484126
v 0.68544871 0.28300297 0.24818482
v -0.10259119 0.02253046 -0.47737327
v 0.37881649 0.07926423 0.22730343
v -0.06465216 0.07118569 0.44790542
v -0.16807534 0.17011362 0.24863172
v -0.49676797 0.18060853 -0.52003610
v -0.01337084 0.05348606 0.39700347
v -0.62082404 -0.01580518 0.39846733
v -0.47861201 0.41336790 0.31483677
v -0.17006959 -0.27997038 0.46867454
v 0.90174752 -0.01256958 -0.20832424
v -0.64669240 0.20833680 -0.53070384
v -0.22012594 -0.13207667 -0.13403565
v -0.58817732 0.14998870 0.39877409
v -0.63939339 0.15871827 0.19436404
v 0.67848349 0.28617245 0.25638807
v -0.58051687 0.11958098 0.42339751
v 0.27563378 -0.16309343 0.40733263
v -0.16399786 0.23024534 0.27938741
v 0.44303340 0.17923178 0.07812278
v -0.19010058 0.00454260 -0.19612765
v 0.62198055 0.19240509 0.21173508
v -0.27754587 0.09485059 0.47331542
v -0.36984777 -0.24888740 0.28361988
v -0.37572259 0.25427249 0.20141433
v -0.63116634 0.18348446 -0.47860333
v -0.58375132 0.19423242 -0.49884510
v 0.33872551 0.03269618 -0.23135091
v -0.49533764 -0.14312857 -0.51502281
v -0.46156666 -0.07278691 -0.18653406
v -0.16988787 -0.21052225 -0.41108075
v -0.12336458 -0.07959402 -0.40465477
v -0.50931364 0.21344315 0.36517122
v -0.58160299 -0.13312051 0.20687491
v 0.34119749 -0.05470308 -0.03799201
v -0.12509859 0.18094333 0.30509943
v 0.49567005 0.06597406 0.28436109
v -0.13114436 -0.10280284 0.00908961
v -0.67256838 0.20512290 -0.37912366
v 0.50557238 -0.19550231 0.32811323
v -0.42580938 0.14108112 -0.30589685
v 0.45992896 -0.05761892 0.49057326
v 0.74767900 -0.08923689 -0.11251909
v -0.17771712 -0.24976899 -0.35898528
v -0.34876207 0.06495641 -0.46128502
v 0.52600497 0.09043722 0.26193762
v -0.42755976 -0.24120353 0.36618525
v -0.38581318 -0.18433015 0.18321872
v -0.42968392 -0.09916395 -0.41259950
v 0.25431222 -0.20876360 0.25558811
v 0.33887917 -0.35069099 0.35361731
v -0.07981136 0.13902195 0.17822888
v -0.08292662 0.24195588 0.48601156
v 0.31389391 -0.10480483 0.00549501
v -0.40560666 0.01100758 -0.24325231
v 0.66204220 0.25975019 0.43008539
v -0.09452856 0.24942811 0.48582143
v -0.21263108 -0.19187416 0.25775352
v 0.62517685 0.27022254 0.43079042
v 0.37686473 -0.19236818 -0.02159550
v 0.68250608 -0.09291458 -0.20982219
v -0.50201315 0.08801041 -0.56092584
v -0.60847664 -0.12183300 0.35976908
v 0.44265586 0.05269121 -0.08235992
v 0.53226459 -0.13390549 0.44739202
v 0.22348955 0.08480912 0.27787957
v 0.24081227 0.04682025 -0.27006993
v -0.54802012 0.12070625 0.45034671
v -0.56801111 0.16140755 0.04190889
v 0.39450824 0.17661415 0.15433300
v -0.47392747 0.22213393 0.19342153
v -0.21507464 0.03962320 -0.26594746
v 0.17481631 0.04967124 -0.16720344
v 0.69587892 0.07168079 0.45827502
v -0.53182161 -0.19924468 0.25333297
v 0.38220018 0.22814305 0.13061346
v 0.36639491 -0.37141556 0.44842091
v -0.13372795 -0.17193818 -0.65451390
v 0.28902575 -0.21008727 0.33941093
v -0.27527905 -0.26211661 -0.57783157
v -0.44014990 -0.17031367 0.14097743
v 0.81467414 0.13471809 0.24606818
v 0.23652272 0.00348641 0.41291949
v -0.14956677 0.12189383 0.46783164
v 0.22382607 -0.21350667 -0.14968272
v -0.25237176 -0.26618665 -0.47062472
v -0.65846330 0.16062929 -0.30008039
v 0.50474757 -0.17765823 0.22170079
v -0.06759971 0.29095986 0.47734925
v -0.63429248 0.13730511 0.10445486
v -0.56842023 -0.12710609 0.26066217
v 0.51975524 0.05227139 -0.05375766
v -0.36200210 -0.08859045 -0.64046091
v -0.32698315 -0.20802009 -0.33993143
v -0.79052544 0.17715627 -0.34120834
v -0.00942647 0.23503911 0.45230845
v -0.73227018 0.26445442 -0.30809465
v -0.45536146 -0.24411210 0.26118854
v 0.19497979 0.00001012 -0.37704751
v 0.43934283 0.22959018 0.41825718
v 0.66572893 -0.06375984 -0.21840218
v -0.37426907 0.13458680 -0.01095415
v 0.31206465 -0.08891842 0.00154956
v 0.58126867 -0.13997504 0.46582547
v -0.18571869 0.03446815 -0.64822614
v 0.57375735 -0.14996423 -0.32259193
v 0.72157192 0.15166095 0.03478206
v -0.56256717 0.17613176 0.38990909
v 0.51691657 0.26587132 0.08818294
v 0.56095082 -0.09045174 0.08790872
v -0.55482924 0.02582138 -0.38906297
v 0.01852687 -0.19887884 -0.70912391
v -0.17743142 -0.18427011 -0.31677699
v -0.47954780 0.22040302 0.25307369
v -0.18065886 0.05206691 -0.57075280
v -0.02028528 0.12239427 0.34901464
v -0.38808283 0.34300265 0.27777416
v -0.41658527 0.24462955 0.23390615
v -0.62210804 -0.18885702 0.35028806
v -0.34055653 0.05091678 -0.26736140
v -0.16998348 -0.10847332 -0.61626840
v 0.02503421 -0.21828307 0.11464804
v -0.34310219 0.32686463 0.47041377
v -0.13557979 -0.11361434 -0.50099504
v -0.61275011 -0.05475947 -0.30383512
v -0.10998612 0.11758097 0.13743384
v 0.46738911 0.11885168 0.43798646
v -0.68201375 0.08562481 0.20076342
v 0.34018221 -0.00128339 -0.18875562
v 0.74097723 -0.09806421 -0.12907743
v -0.52848327 -0.04634574 -0.46376529
v -0.65285963 -0.00251067 -0.34663010
v 0.31487274 -0.19513826 -0.40620703
v -0.77503586 0.24195646 -0.35642406
v 0.53110796 -0.00526897 -0.33580741
v -0.63406724 0.20624015 -0.56315029
v -0.25502610 -0.21620463 0.33143550
v -0.36592954 0.16307704 0.09990294
v -0.09330594 -0.21876700 0.38020521
v -0.34554717 -0.22235280 -0.62999076
v -0.29660106 0.08017681 -0.18526813
v -0.40725285 -0.16460255 -0.41415349
v -0.14113843 -0.13938163 0.45516077
v 0.51121187 0.14328441 0.46782836
v 0.69478172 0.17003894 0.07670131
v -0.53690386 0.16179585 -0.36893779
v 0.76986051 0.11516873 -0.00307879
v 0.35635027 -0.34391630 0.33365270
v 0.33067760 -0.08386938 -0.43988889
v 0.15992360 -0.06306743 0.07339722
v -0.33440629 0.33008841 0.26373088
v 0.79416513 0.00352915 0.04702675
v -0.50612640 0.11249199 -0.09475029
v 0.67966527 -0.09167114 -0.23739244
v -0.38986996 -0.24057034 0.36020285
v -0.43575138 0.41080117 0.30501106
v -0.72539991 0.15902483 -0.59652412
v -0.28656510 -0.27309114 0.40440649
v 0.23216297 0.01478718 -0.16624859
v -0.36687681 -0.24192858 -0.60143620
v -0.83696479 0.10949621 -0.32789481
v -0.04876168 0.15225042 0.16345212
v 0.68014282 -0.08792059 0.47139597
v 0.28247654 0.22336167 0.45556739
v -0.32021523 0.07142019 0.09002150
v -0.62278581 0.04769234 -0.01522854
v -0.44911090 0.14799920 -0.36868855
v -0.19907390 0.25604096 0.30336586
v 0.46639156 -0.16634610 0.40359533
v 0.25611717 -0.04145927 -0.13686216
v 0.09450325 -0.06846217 0.23030728
v 0.24244596 -0.20018531 0.26014692
v -0.40536016 -0.15468477 -0.29436114
v -0.13767095 -0.26806644 0.33405447
v -0.61316329 -0.07408192 -0.49798197
v 0.27656683 -0.21723440 0.20248355
v 0.24004127 -0.12744354 0.12831733
v 0.00170394 -0.19597429 -0.15515924
v 0.67358619 -0.05908072 -0.19171715
v 0.55125892 -0.20938322 -0.24641682
v -0.09759205 -0.09810999 -0.08130389
v -0.15336227 -0.00629261 -0.28727856
v -0.49768633 -0.00931913 -0.31745648
v 0.42604893 0.05439401 0.40367725
v 0.87459707 0.00302100 -0.27240425
v -0.61985970 0.22303030 -0.30870244
v -0.57952696 0.19661865 -0.54965854
v 0.21810685 -0.12659873 0.36899024
v -0.13389391 0.11562996 0.46589115
v 0.54045546 -0.22387350 -0.11614521
v 0.29502347 0.10947640 0.40671566
v 0.79358119 0.23367624 0.27119973
v -0.64642870 0.12562646 0.31051821
v 0.47368643 -0.17567162 0.40384367
v 0.62198079 -0.09732515 -0.01873345
v 0.34708899 -0.35268751 0.35552722
v -0.34629527 -0.21643463 -0.56320161
v 0.84277838 -0.00043520 -0.24225117
v -0.31633732 0.09089910 -0.53619802
v 0.82319999 0.18211655 0.20242098
v 0.53890365 0.20950153 0.27705583
v -0.38786086 0.39118531 0.43996820
v 0.56880575 -0.03736968 0.33188725
v -0.10019601 -0.19643199 0.38515916
v -0.56837720 -0.14960490 0.14510833
v -0.43913385 -0.15523475 -0.38235351
v 0.51838624 -0.22318496 -0.01326489
v 0.42506954 0.21631563 -0.00111312
v -0.44838959 0.16493839 -0.30683509
v -0.51984620 0.16987671 0.42915854
v 0.80854458 -0.05652257 -0.15148307
v 0.22129202 -0.13416384 0.18067631
v 0.45557329 -0.22966418 -0.30542549
v 0.51317954 0.24468258 0.11426000
v -0.25997981 -0.25692189 -0.37984636
v -0.67810351 0.08561981 -0.65366679
v -0.73539609 -0.00884334 -0.49608091
v -0.47876126 -0.12493238 -0.34414020
v 0.05888467 -0.17405307 -0.28614232
v 0.42057186 -0.30875713 0.37594008
v -0.59533656 0.08612684 -0.38809916
v -0.38177127 0.36433655 0.28003287
v 0.26979983 -0.06410573 0.46709436
v -0.05120863 -0.20008552 -0.02072892
v -0.54645598 -0.02619993 -0.30569199
v -0.07990970 -0.12484697 -0.08303957
v 0.22968198 0.02542197 -0.35103533
v 0.37605187 0.16765237 0.45491105
v -0.50100923 -0.00910487 -0.31606349
v 0.73333883 -0.00634573 0.42955971
v -0.19806750 0.04172407 -0.60991335
v -0.47928315 0.28553149 0.47403803
v 0.70843089 0.14475013 0.03631140
v -0.40344170 -0.05891105 0.48534343
v -0.17182200 -0.22116853 0.30963561
v -0.01352839 -0.10059070 0.37754431
v -0.00525160 0.23602976 0.36228859
v -0.38358247 -0.14943852 -0.11785373
v 0.43488938 -0.21784844 -0.35203516
v 0.19875388 0.28740430 0.39317068
v -0.59598625 -0.08643061 -0.49468318
v -0.20854554 -0.21075341 0.32029754
v 0.23129307 0.06336639 0.35393324
v 0.08706628 0.07418416 -0.02846394
v -0.16032331 0.25903273 0.34390271
v -0.51442713 -0.13827507 -0.55652350
v 0.40726525 0.09720715 0.46594501
v -0.49578843 0.09650450 -0.60480374
v -0.15258317 -0.30741528 -0.46351308
v 0.22686094 0.17357439 0.39012116
v -0.16857855 -0.23173192 0.48604697
v -0.44226101 0.14994374 -0.47018868
v -0.37138620 0.13246897 -0.01821649
v 0.32273829 -0.13516420 0.00821675
v -0.71959329 0.23272717 -0.31261146
v 0.46032903 0.04426382 0.46432647
v 0.24061076 -0.02555002 -0.13231982
v 0.51764613 -0.08187458 -0.40449163
v 0.58176672 -0.18789053 -0.24734807
v 0.70031148 0.17946568 0.08186872
v -0.30549639 -0.11754079 -0.66673189
v -0.18463856 -0.10879075 -0.12791485
v -0.57262564 -0.00170332 -0.35702312
v 0.37262511 -0.02503749 -0.12442002
v 0.36605170 -0.15402415 0.44031519
v -0.47522151 0.06098886 -0.16077495
v -0.62531036 -0.08080196 0.30769655
v -0.58948308 -0.02034452 -0.47175565
v 0.45278063 -0.24388790 0.31177467
v -0.16103649 -0.17943567 -0.42255166
v 0.46138543 0.27509430 0.03277340
v -0.12134967 -0.17014647 0.06808777
v 0.08782954 -0.16303627 -0.33005363
v -0.16941309 -0.09345065 -0.54755980
v 0.80350894 0.12245376 0.26759633
v -0.48413137 0.29639095 0.32163286
v -0.38801619 -0.14214195 -0.20539379
v -0.19645938 0.09623629 0.48482800
v -0.42356309 -0.12752336 0.12642610
v -0.26123720 -0.08932781 -0.74721974
v -0.12426999 0.29839337 0.45300829
v -0.46219528 0.14715996 -0.04306987
v -0.27761614 -0.06250621 0.15056826
v -0.60160398 -0.08363546 0.41544876
v 0.20097174 0.14404434 0.37459195
v 0.75118047 -0.00670573 0.07569864
v -0.17909238 -0.14025715 -0.68751931
v -0.32075822 -0.03465139 0.46734020
v -0.63581342 0.04376930 -0.00082737
v -0.77303809 0.02534226 -0.31564030
v 0.77957737 -0.02441068 -0.00433327
v 0.75624210 -0.03006197 0.02439479
v 0.43468186 0.13037191 -0.12050842
v -0.41172105 -0.16804330 -0.58551943
v -0.28492901 -0.13395095 -0.07037175
v 0.59916782 -0.11149023 0.35688704
v -0.19141385 0.03218098 -0.32719076
v -0.16425475 -0.23920256 -0.50841600
v 0.08868223 -0.19148657 -0.29756042
v 0.77360368 -0.01619188 -0.09556779
v -0.37171999 -0.23980214 0.33776653
v -0.53910303 -0.09102581 -0.49811995
v 0.50801563 -0.11944275 -0.42566097
v -0.14400952 -0.19811216 0.43874919
v 0.45535165 0.16746269 0.28586718
v 0.36080286 0.09160450 0.22716154
v 0.35376719 -0.21003336 0.04153793
v -0.63631046 -0.02459929 -0.28142524
v 0.67338759 0.03327800 -0.04043478
v -0.35412201 0.11158450 -0.53403938
v 0.59618717 0.06684985 0.29437429
v 0.68595332 0.22779225 0.14547987
v 0.77314657 0.07010963 0.29541957
v -0.79605621 0.18523094 -0.37399477
v 0.17627296 0.25375527 0.38494554
v -0.65568894 0.13753127 0.23126253
v -0.62029791 -0.03046958 -0.00848396
v 0.19609755 0.30294234 0.43252563
v -0.65623391 -0.09814650 0.41289398
v -0.64810985 0.06119956 0.36494276
v 0.17120595 -0.19658969 -0.05541532
v 0.03100734 0.09583385 0.23395440
v 0.23502070 -0.11711587 0.13128570
v 0.59655899 -0.14768176 0.39096242
v -0.10466734 -0.01584866 -0.03815044
v 0.60348952 -0.02183861 0.35371637
v -0.53407520 0.17512497 0.06862684
v -0.33348730 -0.09235718 0.03726290
v 0.02632779 -0.10449923 -0.34675252
v -0.29694301 0.01088199 -0.62142020
v -0.74387133 0.10371569 -0.59893262
v -0.57289386 -0.01372090 -0.09303889
v 0.24511158 0.14359871 0.28513470
v -0.65250313 0.11751320 -0.38850912
v 0.85647511 -0.06273400 -0.23471758
v -0.22708210 0.06759498 0.12944883
v 0.06914989 -0.13964216 -0.33457375
v 0.67662942 -0.09572764 -0.22247724
v 0.46475187 0.33591115 0.12068587
v 0.31825349 -0.00875904 0.04598596
v -0.30277005 -0.24085869 -0.62803608
v 0.65638852 0.22200608 0.17502025
v 0.46827924 -0.22841793 0.07010762
v 0.33497128 -0.13991176 -0.14791054
v -0.18765882 -0.12259649 0.11734192
v -0.57388794 0.09855610 -0.29330009
v -0.10768889 0.11471994 0.45139211
v 0.50815988 0.05428981 -0.13245660
v -0.34277499 -0.17325404 -0.29893914
v -0.27562472 -0.25506797 -0.46579304
v -0.57382756 -0.07377339 -0.32112342
v -0.49630836 -0.07268380 -0.38735983
v 0.35737205 -0.34362251 0.37803447
v 0.47567156 0.05667369 -0.06765100
v 0.54306448 0.03210486 0.48668349
v -0.43175316 0.02663144 -0.42089930
v 0.48780778 0.23285060 0.15442854
v 0.28983751 0.22893073 0.39714393
v -0.00295192 0.24493369 0.38051173
v -0.33399025 0.24109195 0.41492793
v -0.29596338 0.05461221 -0.62128502
v 0.51249141 -0.05849512 -0.37981752
v -0.15228505 -0.09769724 -0.67564738
v -0.69325203 -0.01873917 -0.47333986
v -0.13588181 -0.31611934 -0.48154992
v 0.79369640 0.23525068 0.21210903
v -0.58387387 -0.12783238 0.21000646
v 0.43106321 0.01990112 0.41737664
v 0.09653176 0.07103048 0.00853104
v 0.51092470 0.18895149 0.28391382
v -0.54865623 0.01114125 0.46550927
v -0.64945871 0.19485930 -0.37724373
v -0.38831085 -0.13813443 -0.02199262
v -0.44686410 0.43314949 0.31872183
v -0.66742516 0.10937262 0.26064512
v 0.89383715 -0.03724987 -0.23284705
v -0.28402689 -0.07432143 0.00029903
v 0.45661315 -0.23263073 -0.23223485
v 0.34240374 0.21572842 0.18060218
v 0.58866477 -0.01868426 0.07539881
v 0.32294855 0.21444136 0.37116992
v 0.48121372 0.32444626 0.11217620
v 0.67506593 0.16042082 0.47291207
v -0.45217746 -0.23683406 0.19411205
v 0.64365673 0.21884075 0.18995224
v 0.75681621 0.05514165 0.23323569
v 0.45503607 -0.30293849 0.38942224
v 0.46967715 -0.09772965 -0.45389897
v -0.46437997 0.12414680 0.47214812
v -0.67177129 0.25379789 -0.31958258
v -0.12952363 0.18017997 0.48749459
v -0.08036623 -0.02034913 -0.52188128
v -0.16195410 -0.23941855 -0.38710621
v 0.28069100 -0.22368862 -0.36970717
v -0.04799585 0.02079562 -0.11047180
v -0.62742507 0.16375731 -0.58108377
v 0.69013959 0.04516890 0.31054673
v 0.48976275 0.01710029 0.11569928
v -0.26441503 0.25652859 0.22667015
v -0.60020906 -0.06989320 -0.51343334
v 0.64565682 -0.06848007 -0.02536186
v 0.38638720 -0.15803945 -0.42467266
v 0.36444965 0.12990007 0.19391949
v -0.32570049 0.31003988 0.25918290
v 0.80372483 0.08378568 0.00101259
v -0.45655772 0.17803618 0.06526604
v 0.31206018 0.02334177 0.14305280
v -0.68387240 0.05604542 0.18084408
v 0.09419493 -0.20777619 0.06766175
v -0.14632580 -0.24420013 0.24338454
v 0.28042206 0.08868113 0.40958467
v -0.13809781 -0.24756733 0.31893620
v -0.38163695 0.12936741 -0.52373892
v 0.29983538 0.04207540 -0.26487586
v 0.51563656 0.26451012 0.33819011
v 0.06623694 0.08563722 0.06146681
v 0.54568541 0.12389947 0.46754161
v 0.27566451 -0.08409731 0.46601933
v -0.45118189 0.11818741 -0.58440590
v 0.82785785 0.09279421 0.14821659
v -0.18654363 0.05007984 -0.52032828
v 0.27411717 -0.27557060 0.29161224
v -0.36033955 0.34455764 0.47702655
v 0.10392248 -0.23485859 -0.07790794
v 0.37102464 0.29432145 0.45198616
v 0.47224453 0.03534044 0.38432527
v 0.69045258 -0.09613685 -0.15206437
v 0.37703639 -0.34635127 0.46013471
v 0.37077123 0.04026025 0.14087206
v 0.49608561 0.07412167 0.26141801
v 0.72300076 0.06882109 0.21533415
v 0.54370922 0.19017182 0.27172512
v -0.13282542 0.03314792 -0.49938965
v -0.14349817 -0.28920949 -0.45623666
v -0.15885469 0.30016169 0.39593536
v -0.25722340 0.06762756 -0.29801586
v -0.12007699 -0.09986441 -0.26957247
v 0.40018433 0.27077293 0.14210714
v -0.50654769 0.25447589 0.34266257
v 0.65469527 -0.00354288 -0.02447673
v -0.44308677 -0.01906416 -0.32300580
v -0.23112151 0.05895022 -0.56751245
v -0.60535413 0.03332789 0.42553350
v -0.11827499 -0.02847370 -0.01778045
v 0.42420381 -0.23579232 -0.26907456
v -0.05742062 0.06771092 -0.01188598
v -0.59946489 0.18114166 -0.30357230
v 0.68733633 0.14883456 0.46176982
v -0.33997416 -0.26602858 0.39623377
v 0.72043151 0.00591343 0.08119927
v -0.63555026 -0.00512985 0.38215157
v -0.44979358 0.14002432 -0.38380548
v -0.37564254 -0.17968284 -0.38280517
v -0.19992393 -0.00095650 0.46818089
v -0.64098567 0.15512596 0.23470886
v 0.38933760 -0.24047519 0.29450610
v -0.66907167 0.24307358 -0.28822166
v -0.46114266 0.23636536 0.46049097
v 0.46021256 0.21873552 -0.01083242
v -0.38597652 0.10729349 -0.56580222
v -0.45810992 -0.16038606 -0.45804143
v -0.40738413 0.06150642 0.47237885
v 0.23398823 0.12152999 0.34689224
v -0.41202512 0.04981828 -0.47019961
v 0.74731982 0.00180466 0.09115425
v 0.50467360 -0.12834345 0.23017238
v 0.79505223 -0.00069654 0.02585371
v 0.65862542 0.10502558 0.13002908
v -0.09981675 -0.12336114 -0.31728378
v -0.10819249 -0.20247845 0.39838010
v 0.61074620 0.16877021 0.22178085
v -0.47335300 -0.16198963 0.11573052
v 0.42917907 0.25335744 0.33600172
v 0.34869823 -0.20663063 -0.39578438
v 0.01381596 0.01316154 -0.21346474
v -0.19799389 0.28623131 0.42066032
v 0.20074126 -0.11563270 0.30585214
v 0.41280833 0.14334595 0.01764096
v 0.12169320 -0.05552515 0.17809437
v 0.45652822 0.17256580 0.05652203
v -0.67917168 0.21542038 -0.37218770
v 0.23216470 -0.15761608 0.17573197
v -0.64190030 0.21570542 -0.35226837
v 0.30623874 -0.04880649 0.02445524
v -0.14629020 -0.10941406 -0.69082868
v -0.07091950 -0.09824159 0.43925083
v 0.55456650 -0.16279784 0.44907334
v -0.11993915 0.02574389 -0.56633842
v -0.71410573 0.11713874 -0.63416809
v -0.24221174 -0.11063594 0.15819210
v 0.05810556 -0.20699652 0.11932494
v -0.48736554 0.03719461 -0.48446402
v -0.07948177 -0.15537500 -0.65397060
v -0.58925289 -0.01199114 -0.29304272
v 0.82572925 -0.02324119 -0.33885330
v -0.70143545 0.18608354 -0.56691575
v -0.57474053 -0.05355009 -0.44384295
v 0.31482872 -0.22282146 -0.21914139
v -0.79267275 0.03973171 -0.60396165
v 0.29767048 -0.18722974 0.38779926
v 0.59276289 0.04967704 0.48939425
v -0.76615912 0.00546764 -0.52126330
v -0.47774142 0.02646717 -0.31979626
v 0.64104414 -0.13027041 -0.17120348
v -0.62912184 -0.07165699 -0.45235178
v 0.40294108 0.27844682 0.45904684
v 0.28249496 -0.06055887 0.05838938
v 0.39205137 0.04279551 0.05773700
v 0.36205813 -0.37279475 0.46484032
v 0.17839289 0.11098797 0.37504348
v 0.07627856 -0.02672532 0.27500591
v -0.42847168 0.16683699 0.04514426
v 0.72981018 0.12162047 0.41657814
v 0.67850703 -0.09600249 -0.15069008
v 0.22501853 0.10348421 0.32326877
v 0.53225994 0.19031604 0.27574798
v -0.57433116 0.04452980 -0.08631463
v 0.42969900 -0.21788138 -0.07307171
v -0.63550597 0.11347682 -0.62353086
v 0.48733661 -0.19584946 0.12466270
v -0.24994430 -0.19348560 -0.26992452
v 0.25805584 -0.27416569 0.31457183
v -0.30359420 0.19918045 0.15002641
v 0.17030019 -0.01428797 -0.37632269
v -0.00320844 0.09217452 0.32822058
v -0.34058455 0.10872775 -0.08522245
v -0.68929899 0.01228695 0.21211606
v 0.42228422 0.12828228 0.47977155
v -0.59714007 -0.03473496 0.41563132
v -0.60963851 -0.08214293 0.04171440
v -0.02797314 0.00821379 -0.47242877
v -0.11399082 0.02682539 -0.55814236
v -0.16728222 -0.05818266 -0.18492618
v 0.34642270 -0.21319006 -0.38737461
v -0.14917089 0.18697330 0.28098893
v -0.26541287 -0.26219428 -0.45755395
v 0.59737241 -0.06338361 0.05577550
v 0.30814335 -0.11393346 0.01783112
v 0.61712998 -0.11328697 -0.31291202
v 0.79402244 0.04349279 0.14732535
v -0.45276389 -0.12256465 -0.14447819
v 0.38832942 0.04194058 0.12963720
v -0.03576533 -0.17966652 -0.10583864
v 0.40871805 -0.05114830 0.48400068
v -0.66452515 0.02265409 -0.49514806
v 0.32513922 -0.30857661 0.39182672
v 0.69554776 -0.03922589 -0.26411584
v 0.76188254 0.00074590 0.08695240
v 0.14600343 0.10150822 0.42358249
v -0.11513337 -0.11986869 -0.44535261
v -0.18644816 -0.06101887 0.05513071
v -0.48241809 0.12723677 -0.53982168
v 0.34304056 0.03924781 0.15256304
v -0.08941532 -0.16457240 -0.65031171
v -0.20735532 0.05515898 -0.56039840
v 0.76980048 -0.07887154 -0.14353803
v 0.21029806 -0.12686832 0.34700114
v -0.02926110 -0.11590906 -0.23210432
v 0.29208133 0.01162997 0.14238925
v 0.44902325 -0.22612447 -0.09047489
v -0.53347468 0.13968137 -0.37124470
v 0.74276221 0.00851315 -0.12232782
v -0.22084045 -0.12514906 -0.74632001
v -0.56855077 0.03766932 -0.09868002
v 0.30425310 -0.22924671 0.25448245
v -0.62846184 -0.09378781 0.18087716
v 0.66679591 0.16367264 0.12740906
v 0.43949744 -0.22787833 -0.18424259
v -0.67000324 0.04807694 0.10426422
v -0.40956193 0.13823482 -0.47154009
v -0.40382335 0.35825306 0.47489554
v 0.50772780 -0.00730875 0.22425564
v 0.31230423 0.02770744 -0.36665758
v -0.40381917 -0.02021435 -0.25935361
v -0.68459970 0.15498737 -0.30207539
v 0.64824700 0.10093052 0.16260435
v -0.08150548 0.11292107 0.12222352
v 0.13977805 -0.10827388 0.11604016
v -0.59404820 0.18569265 0.30342427
v -0.05439261 0.05735799 0.44150090
v 0.29314572 -0.01994866 0.07234615
v 0.48835331 0.20946389 0.03509705
v 0.10137920 0.04567893 0.11740296
v -0.72770327 0.24134833 -0.36662677
v 0.57664734 0.27435312 0.43090811
v 0.00673146 -0.22404455 0.09270696
v -0.76513064 0.04269980 -0.37249321
v 0.58485007 -0.05714786 0.08373853
v 0.81294054 0.08763785 0.02003289
v -0.24644171 0.15083408 0.16681960
v 0.34657484 0.03449314 -0.23578921
v 0.33116463 -0.24023022 -0.33727244
v -0.30356640 -0.25273854 0.36650965
v 0.28507474 -0.02630658 0.07912561
v 0.52389580 0.27551812 0.39027864
v 0.53834987 -0.12141547 0.28007877
v 0.22509706 0.04567784 0.32975194
v -0.26355517 -0.12177867 0.17430083
v -0.63785237 -0.13693219 0.44033051
v -0.33836526 0.02836831 0.46268165
v 0.43376097 -0.24165544 0.21712083
v -0.56844676 0.19578710 0.31043059
v -0.57929111 0.20568171 -0.30727643
v 0.30059326 0.03961916 -0.25736606
v -0.10589273 0.02869675 -0.50901926
v 0.09222027 0.05977936 -0.18192485
v -0.24349628 0.29473478 0.37640929
v 0.44353932 -0.19370867 -0.38375869
v 0.03667201 0.08788750 0.23802303
v 0.73931545 0.05872275 0.24764121
v 0.19637243 -0.09096777 0.25754124
v -0.15410751 -0.21666703 0.46485204
v 0.39589605 0.03655837 -0.20876598
v 0.02319222 0.07343587 0.31223437
v -0.30233905 0.05890774 -0.04225496
v -0.26703113 0.06842282 -0.20184448
v -0.39153880 -0.17971285 -0.39185208
v 0.67311972 0.05084202 0.30909216
v 0.63461292 0.26480725 0.43607852
v -0.11704582 -0.08362155 -0.31548294
v -0.52575815 -0.20343734 0.25695911
v -0.02500862 -0.20154123 0.23084517
v 0.42974585 -0.13874559 0.43565699
v -0.17571811 0.06081709 -0.45527750
v 0.32256880 -0.26195949 0.35353076
v -0.40394309 -0.18534766 -0.46629786
v -0.22816768 -0.26498756 -0.38688287
v -0.22728531 -0.06850969 0.12679960
v 0.57130158 -0.20964126 -0.14295271
v 0.06134951 -0.03895352 -0.31144181
v 0.78182876 0.08064389 0.28066236
v 0.09747094 -0.20427994 0.06892523
v -0.56202072 0.18685782 -0.54153728
v 0.76548487 -0.10651006 -0.19290574
v 0.42923132 0.34344056 0.19805245
v 0.46023595 0.20603490 0.14055702
v 0.86937231 -0.02020357 -0.18011741
v -0.52058601 -0.13047270 0.09432789
v 0.23715191 0.00982072 -0.37929961
v 0.21905668 -0.11825168 -0.06386887
v 0.39760649 -0.08077311 -0.43464869
v -0.32712224 0.10011666 -0.11774731
v 0.80477238 -0.03360145 -0.14555548
v -0.50550205 0.31496000 0.44164866
v 0.38851997 0.00334303 -0.14886914
v -0.54317772 0.02254371 -0.29746151
v 0.74705279 0.21504225 0.11130110
v -0.21833268 -0.28452861 -0.50287634
v -0.69770074 0.18340829 -0.54519624
v -0.78503221 0.04034847 -0.56079209
v 0.81907666 0.09979866 0.20430662
v -0.34289712 0.10340028 -0.13263611
v 0.37157375 -0.32353306 0.33869311
v -0.14603813 -0.08764988 -0.16991389
v -0.45587274 -0.14729580 0.12061600
v -0.18712746 -0.28122574 0.39027816
v -0.30295211 -0.17741250 -0.24434371
v -0.09935414 0.01336663 -0.52374494
v -0.75585902 0.06571791 -0.57189864
v -0.03325542 -0.02099206 -0.39143842
v 0.21242459 -0.14475861 -0.06160971
v -0.17185611 -0.28822643 0.46151304
v 0.42245901 0.16275081 0.03981672
v 0.52214336 -0.22390810 0.38900784
v -0.60532862 0.13780260 0.04611469
v 0.52714252 0.01503879 0.05649157
v 0.78790176 0.19869952 0.10958516
v -0.02280601 -0.19241107 -0.11282630
v -0.04684492 0.01793362 -0.11697558
v -0.46727583 0.00408032 -0.63996297
v -0.22575350 -0.19297703 -0.27041748
v -0.67536557 -0.01697374 0.15914746
v 0.38651454 0.00917598 -0.38751319
v 0.69329041 0.03515901 0.31153244
v -0.47714809 -0.04257702 -0.47273219
v -0.76774609 0.04420923 -0.37207967
v 0.07347504 0.08308811 0.05998885
v 0.34512514 0.24988647 0.31492385
v -0.39361858 -0.14289041 0.43491992
v 0.02499178 0.09923515 0.07540152
v -0.40530744 -0.17243794 -0.38399464
v 0.22054426 -0.24250001 -0.28316325
v 0.27359247 -0.15023936 0.08653968
v 0.31973019 -0.07782814 -0.01179803
v -0.68761504 0.05546704 0.22665220
v 0.21093163 -0.21697500 -0.35931581
v -0.44570541 -0.15986037 -0.56771415
v -0.24653299 0.31171188 0.32612482
v 0.74658960 -0.01418771 -0.20660844
v 0.48432091 -0.23290220 -0.10533540
v 0.35055912 -0.10085056 -0.47027409
v 0.17647846 -0.16383329 -0.01957310
v 0.49273726 0.15484214 0.47307131
v 0.22044644 0.04118511 -0.19874522
v -0.02067232 0.27369407 0.42270502
v -0.08184332 0.02126322 -0.50906432
v -0.31627613 0.09862085 0.10555883
v -0.43450144 -0.15843666 -0.38404605
v 0.35710761 -0.20588675 0.03007388
v -0.08897368 -0.03244918 -0.41548812
v -0.16743991 0.04449176 -0.33286661
v -0.47497067 -0.01148507 -0.18785779
v 0.79804444 -0.04990854 -0.33410802
v 0.65233243 -0.00437825 0.48031986
v -0.54106236 -0.09809546 -0.28376386
v 0.23488942 -0.05005195 0.14174700
v -0.00703827 -0.02715793 -0.21901311
v -0.47887367 -0.01751945 -0.31862256
v 0.48965421 -0.17911553 0.15164752
v -0.13269717 -0.14271004 0.05426627
v 0.76681596 0.25208908 0.32655922
v 0.09586708 -0.19250581 -0.30603689
v 0.18340501 -0.01850404 -0.03706103
v 0.78007793 -0.00442682 -0.24054988
v -0.36646834 0.01882934 -0.63045084
v 0.49579847 -0.11305337 0.17979145
v 0.51836902 -0.22552766 -0.04293308
v -0.41983718 0.07101683 -0.46877787
v -0.57570964 0.03006964 -0.38488680
v 0.80541271 0.09763148 0.23270079
v 0.73226619 0.02446627 0.11661500
v -0.58375698 -0.14288197 0.35921913
v 0.74390537 -0.08493225 -0.09508617
v -0.39733675 -0.09437080 -0.63257241
v -0.15411335 -0.27036905 -0.55804306
v 0.55719411 -0.12342370 0.30350077
v -0.10956896 -0.11288334 -0.25040525
v -0.23812214 0.03053591 -0.12438463
v 0.73666179 0.06197912 0.42428333
v 0.25697580 -0.17307605 0.13168865
v -0.21233399 -0.22559454 -0.34147793
v 0.04362598 0.08915194 0.03595798
v -0.04953852 0.04012182 -0.07848537
v -0.55941719 0.13528271 0.43306097
v -0.39765146 -0.03109283 -0.27292326
v 0.26444599 -0.06400777 0.46393746
v 0.17410913 0.05017141 -0.24792168
v 0.32398745 0.04094068 -0.24908853
v -0.65829039 -0.22384675 0.40894452
v 0.38554180 0.24895114 0.14400814
v 0.51864195 0.15374151 0.46932256
v -0.61176497 0.00733732 -0.28599542
v 0.31233415 0.03561767 -0.34730893
v -0.77150989 0.04598444 -0.29559484
v 0.19738613 -0.04484155 0.26381952
v -0.47702751 0.30422601 0.31617677
v -0.12494418 -0.22763777 0.43043920
v 0.09209912 0.03630921 0.18174297
v -0.14096577 -0.16260099 -0.35594869
v 0.60154122 0.00144456 -0.20483443
v -0.38866052 -0.06526799 -0.29345468
v 0.58001655 0.02887206 -0.07091497
v 0.40728942 0.26900807 0.10836137
v -0.51312315 -0.13817802 0.10166263
v 0.00789602 0.22952677 0.41248798
v 0.49576363 0.05604799 -0.10301770
v -0.44288108 -0.00608376 -0.32642901
v -0.74563122 0.12418244 -0.61960101
v -0.24441856 0.06635795 -0.44911081
v -0.62973690 0.03125399 0.40319270
v 0.59890169 0.03235985 0.32192504
v 0.15733619 -0.18721959 -0.02111028
v -0.39988834 -0.12287328 -0.22993885
v 0.19208939 0.18712609 0.37968287
v 0.47751167 0.23055623 0.01307118
v 0.26091075 -0.04302458 0.10339363
v -0.54104203 0.12394961 -0.31042284
v -0.15929863 -0.24004789 -0.39144486
v -0.47348109 0.17161480 -0.31067678
v 0.89512902 -0.02037130 -0.31620985
v 0.12539065 -0.12157064 -0.40647250
v -0.32955971 -0.07467241 0.14494136
v -0.42673233 -0.08636840 -0.32557523
v 0.25693750 -0.21368855 -0.38250989
v -0.44894961 0.26151595 0.28076410
v -0.05183411 -0.02944307 -0.57767701
v 0.26808348 -0.15126713 0.41379023
v -0.36414176 -0.24465707 0.36417761
v -0.12567109 -0.04310834 -0.43449029
v -0.29834324 0.31715420 0.43251777
v -0.67272800 0.00929754 0.10617306
v -0.44977841 -0.15467441 -0.44761521
v -0.05994101 -0.18804152 0.31594443
v 0.46777812 0.17641646 0.03558901
v -0.57315266 0.19764787 0.29121715
v 0.74151862 -0.05431218 -0.33323753
v 0.38283038 0.04281629 0.10047960
v 0.60679460 -0.18112257 -0.14857610
v -0.42490935 0.25883868 0.26138505
v 0.40028253 0.24024332 0.36774263
v -0.28776941 -0.12990473 -0.06020185
v -0.38073748 0.11866248 -0.31889012
v -0.45304772 -0.15279137 -0.44615719
v 0.20083110 0.03461960 -0.16369838
v 0.26630995 -0.22447561 -0.36765692
v 0.47020936 0.17934938 0.01636064
v -0.30361888 -0.25829455 0.37660649
v 0.25303921 0.04721089 -0.27590215
v -0.42597276 0.00593981 -0.64276272
v -0.53442168 0.20881936 0.23008615
v 0.05479896 0.09201027 0.08343482
v -0.47047931 -0.04259853 -0.39540523
v -0.35105464 -0.22279398 -0.46477744
v -0.38949469 0.24696617 0.16151591
v -0.16530615 -0.27665302 -0.35977793
v -0.11733083 -0.28127423 -0.49627665
v 0.67327589 0.29615715 0.34720752
v -0.50390983 0.10865843 0.47318634
v -0.73600310 0.19408421 -0.40513113
v 0.65721154 -0.02471723 0.00545950
v -0.69299436 0.18409286 -0.38731936
v -0.27195665 0.00933822 -0.62795353
v -0.58980030 0.20862773 -0.30319461
v 0.35406262 0.27834550 0.36784515
v 0.37109128 0.12935743 0.48721507
v -0.07649190 -0.06894401 0.45844594
v 0.77293164 0.07128204 0.29879612
v -0.14378497 0.29857495 0.43435848
v -0.03000918 -0.21180345 -0.03593747
v 0.25128159 0.25293514 0.45292854
v 0.23519395 -0.12665018 0.39947844
v -0.11874452 -0.02689255 0.48433745
v 0.38517815 0.31347439 0.28218403
v 0.49633440 0.31901801 0.12788047
v -0.26843795 -0.25909528 -0.55824709
v -0.36181211 0.08883500 -0.18136342
v 0.48528317 0.25815833 0.22354537
v 0.41969493 0.24031420 0.01667678
v -0.39148977 -0.08808573 -0.63643169
v -0.30340239 0.31476825 0.44112113
v 0.35951328 -0.05115576 -0.13107815
v 0.61123621 -0.07079131 0.47817451
v 0.34460434 -0.06354644 0.48946828
v 0.76774961 0.17747803 0.06341764
v 0.65336978 0.09978702 0.24750316
v -0.10170749 -0.03157116 -0.40391317
v -0.71100903 0.25465897 -0.34090436
v -0.07387540 -0.01306610 -0.44084626
v -0.33736688 0.07346980 -0.44257385
v -0.72292024 0.19319203 -0.59975630
v 0.66395003 0.15358011 0.13113163
v 0.02175258 0.06314556 -0.12087122
v -0.11243082 -0.13151276 -0.00527090
v -0.09565445 -0.17683950 0.37771195
v -0.63324618 -0.06349265 0.06111785
v 0.25188699 -0.09783097 0.09478634
v -0.56438249 -0.11408848 0.06024992
v -0.59250963 0.20849530 -0.52572554
v -0.18572867 -0.20441712 -0.36727023
v 0.43482992 0.26299551 0.32687119
v -0.51401961 -0.18713085 0.29981425
v 0.53119385 -0.19442804 0.42150182
v -0.34644580 0.11346969 -0.02832865
v 0.55009580 -0.07960890 -0.38457808
v -0.02346137 0.02697336 0.42243710
v 0.33090118 -0.28218740 0.36840093
v 0.49819461 -0.02836159 0.24921465
v -0.62551606 0.22454961 -0.31647843
v -0.67954832 0.26295671 -0.30588439
v -0.66260731 0.05076480 -0.28472322
v -0.48703533 -0.01789750 -0.18031572
v 0.59928823 -0.11452874 0.36623874
v 0.18809599 -0.05537784 -0.01472139
v 0.55672824 -0.21702005 -0.19884893
v -0.83054274 0.07698676 -0.34289777
v -0.00561372 -0.05831287 0.39125508
v -0.47701454 -0.08294667 -0.16390134
v -0.61002338 -0.11039185 0.21800467
v -0.16119701 0.28190020 0.45946783
v -0.07738264 -0.23009279 0.28996953
v -0.06836868 0.25157097 0.33552891
v -0.09299096 -0.12724718 -0.25452635
v 0.42236909 0.11624055 0.45804581
v 0.38589001 0.13240172 0.20401214
v 0.56392783 -0.15034330 0.05886048
v -0.73814160 0.24873227 -0.30942351
v 0.22109853 -0.11296545 -0.06534515
v -0.24401146 -0.05095144 -0.62189668
v 0.00444776 -0.06139475 -0.26425865
v -0.04623824 0.02231965 -0.11191722
v 0.45161137 -0.23280378 -0.29152524
v -0.31361863 0.06837791 -0.60562563
v -0.19855098 -0.10041220 0.11409046
v -0.02623192 -0.03492983 -0.48632050
v -0.34330013 -0.21661150 -0.56427413
v -0.24739538 -0.26975152 -0.41830629
v 0.39926636 0.03042765 -0.18574703
v -0.17773204 0.23051552 0.47250137
v -0.29983440 0.08706281 -0.54562235
v 0.40574953 0.14204617 0.22985825
v -0.64100403 -0.24893020 0.43940437
v -0.58650631 -0.10370848 0.35066888
v -0.68535292 -0.17102748 0.38643828
v 0.70755219 0.15829685 0.44166920
v 0.46722090 0.16337113 0.38235897
v -0.45140350 0.23180367 0.22715145
v 0.78209740 0.22257045 0.32875583
v -0.37957367 0.37544569 0.33099622
v 0.73628217 0.01300969 0.40659311
v 0.15284373 -0.02148103 0.07186851
v 0.63554960 -0.10743004 -0.06583624
v 0.56410456 -0.14959551 0.45806077
v -0.19755828 -0.16358411 -0.20654561
v -0.27445981 0.07525913 0.12371574
v -0.31167430 0.03987283 -0.61608535
v -0.19657770 -0.06126375 -0.57906508
v 0.54366863 0.03891632 -0.02391932
v 0.41616690 0.21500953 0.34868294
v -0.30526266 0.10842418 0.47968140
v -0.35940427 0.36694121 0.31062189
v -0.12631942 0.15798406 0.47834888
v -0.64430434 0.03725644 -0.51522535
v -0.10612152 0.08361656 0.47048730
v 0.33334339 -0.24073850 -0.33485141
v -0.39173138 0.16534033 0.07060628
v 0.66872817 -0.05908589 0.39115423
v 0.23446810 0.20223169 0.38643715
v -0.65166670 -0.06603600 0.24724850
v -0.67105287 0.04838978 -0.28544781
v 0.06726444 0.02617360 -0.26365867
v 0.38710278 -0.23054869 0.05759377
v 0.76279134 0.24409574 0.17819190
v 0.42288727 0.27215075 0.03221486
v -0.43697947 0.02748268 -0.41999951
v -0.33165920 0.29116470 0.44932720
v 0.34911841 -0.21297710 0.05245781
v 0.78139502 0.25181571 0.22854701
v 0.26212928 -0.19767465 0.33351013
v 0.44104585 -0.03576610 0.48133028
v -0.14925334 0.03458714 -0.54045677
v -0.25136077 -0.13977918 -0.66568798
v -0.45103610 0.13242824 -0.46153012
v -0.37239227 -0.12926096 0.16705522
v -0.03084087 0.09894864 0.06645782
v -0.47233096 0.16642599 0.02202069
v -0.24557382 0.05336695 -0.16013940
v 0.39487463 -0.23666839 -0.32470542
v -0.40225315 -0.13913241 -0.04235639
v -0.30070725 0.08118984 -0.09217563
v -0.31482738 0.09006064 -0.43704164
v -0.09996870 -0.11692248 -0.68993658
v -0.04702063 0.27742884 0.47406292
v -0.67528325 -0.06214426 -0.47403869
v 0.42950094 0.21598078 -0.01430880
v -0.52795440 0.01274663 -0.14205378
v 0.50706637 -0.10284632 0.15996157
v -0.05603481 0.24483898 0.31224284
v -0.53743106 -0.20575334 0.21618135
v -0.02610366 -0.20500606 0.21569270
v -0.40676498 -0.25388023 0.39149147
v -0.30722329 -0.11908905 0.47747126
v 0.46648520 -0.22373201 -0.31113535
v 0.68824083 -0.06029602 0.43235207
v 0.37187517 -0.31965312 0.42569387
v -0.12902489 0.28946972 0.39410228
v -0.02714138 0.00493019 -0.49636775
v -0.66546899 -0.20241767 0.40544307
v 0.72802126 0.25083855 0.39216563
v 0.59890085 -0.16768864 -0.24558663
v -0.41937560 0.39104697 0.29471013
v 0.74638075 0.02312189 0.12497825
v -0.43884572 -0.22106302 0.32942978
v -0.02453713 0.02172326 -0.14027292
v -0.46663216 0.25279123 0.46948925
v -0.42887864 -0.02236801 0.48551464
v -0.60190582 0.13956147 -0.36536920
v 0.08427739 -0.07721920 -0.35207167
v -0.16414936 -0.20192644 0.46723229
v -0.31727162 0.06375926 0.46238700
v -0.30064932 0.35939473 0.39091682
v 0.31926093 0.17887804 0.18882027
v 0.37943199 -0.23203544 0.21942219
v 0.78469074 0.22483122 0.31871045
v -0.16888519 -0.29128391 -0.38918906
v 0.22462848 0.28137404 0.44647628
v -0.28243238 0.11119352 0.48258314
v 0.30869475 0.23625757 0.38737452
v -0.58576989 -0.08151056 0.42077267
v 0.28936684 0.19344071 0.26558736
v -0.11752824 -0.25364995 0.34233889
v 0.41701305 0.04648718 0.02062549
v -0.48930055 0.25911054 0.28994086
v -0.46440300 -0.06620990 -0.39097163
v -0.33129859 0.04107784 -0.61662310
v -0.35774490 0.11730373 0.48289290
v 0.56105483 -0.16268928 -0.32249931
v -0.13503957 -0.02250198 -0.32863951
v -0.09305064 -0.03727986 -0.47196224
v 0.71174455 -0.04971198 0.46829998
v -0.65223986 -0.15336952 0.43552959
v -0.51992607 0.02444359 -0.30698448
v -0.16139470 -0.23178796 -0.40186563
v 0.69259685 -0.09218226 -0.11481278
v 0.50332403 0.22377113 0.47894031
v 0.71074378 -0.10627247 -0.17593928
v 0.51381075 -0.17753440 0.11101325
v 0.57859296 0.27221259 0.29175359
v -0.47442785 0.18088761 0.43782434
v -0.03766988 0.06008563 -0.05323142
v 0.36783323 0.21609136 0.44508299
v 0.19996974 0.03503818 -0.31860739
v 0.61567849 -0.01654536 -0.05198104
v -0.52505136 0.21070316 0.25360945
v -0.14064661 0.21419482 0.29616049
v -0.60551196 0.14414302 -0.57069707
v 0.48312047 -0.21141711 -0.33585489
v 0.26053116 -0.14595720 -0.12225047
v -0.30680138 -0.24015507 0.48278469
v 0.20446570 -0.24272637 -0.24725017
v 0.29841429 -0.08759605 -0.14009415
v -0.20652577 -0.24739030 -0.35987589
v 0.39808467 0.17992926 0.15182692
v 0.49346703 -0.21120203 0.28129125
v -0.20726527 -0.15837635 -0.55206007
v -0.35294732 0.08766732 0.47123632
v 0.30116522 0.01319686 -0.20348662
v -0.59183627 0.10153207 -0.50979918
v 0.59344238 0.02104094 -0.09527180
v -0.50758964 -0.11048678 -0.34789726
v -0.44780174 0.13817999 -0.38848552
v 0.52340311 -0.02465951 0.48790103
v -0.13033074 -0.03703756 -0.52317750
v -0.24888764 0.14379285 0.15788534
v 0.45540076 0.23981118 0.36930808
v 0.05741844 -0.06056937 0.30214542
v 0.70314342 0.02816546 0.48279616
v 0.31471494 -0.00017124 0.07045996
v 0.46777073 -0.18304418 0.39895689
v -0.02826491 0.14735983 0.18548162
v 0.59437698 -0.15886478 -0.27203491
v -0.01753733 -0.00298116 -0.58107805
v -0.20151593 -0.17867059 0.18615100
v -0.18979096 -0.07334466 -0.57054693
v -0.49345812 -0.10811980 -0.11112393
v -0.41392976 0.24523190 0.23369005
v 0.71628869 0.07113560 0.28505665
v 0.59948575 -0.12304704 0.37748960
v -0.56729096 0.00351061 -0.48591411
v -0.43313196 -0.16420758 -0.57090622
v 0.49022725 0.03078263 -0.31345767
v 0.61185598 0.28179017 0.41787830
v -0.56684554 0.15360990 0.41112101
v -0.30346647 -0.18704237 -0.29691780
v -0.55004734 -0.08419687 -0.35096964
v 0.38532567 0.04627647 -0.26560470
v -0.59031761 -0.11727916 0.23964812
v 0.92876768 -0.03065087 -0.25635171
v -0.25948083 0.01783709 -0.64160538
v -0.46838900 0.25805628 0.47056475
v 0.59908992 -0.02516155 0.47913685
v -0.18196587 -0.19004735 -0.33085927
v 0.48193458 0.10010201 0.45431867
v 0.35343710 -0.05698951 -0.06381782
v -0.38681784 -0.11028548 0.06871051
v -0.30895302 -0.23221678 -0.42615217
v 0.77102298 -0.03196461 -0.10306765
v 0.45160696 -0.22910848 -0.16520076
v -0.35840958 0.10984961 -0.54878092
v -0.64034051 0.10342284 -0.63329333
v -0.65007091 0.20923218 -0.30143765
v 0.34532234 -0.02222439 -0.02596055
v -0.36534402 0.24051856 0.14684540
v 0.59905994 -0.06696896 -0.31630689
v 0.38794205 0.06588095 0.21483618
v -0.47340518 0.37004986 0.32665870
v -0.48559150 0.06975144 -0.47939551
v -0.26369387 -0.26919305 0.48789072
v -0.36426318 0.11456227 -0.46947217
v -0.66867578 -0.00435026 0.08311009
v -0.42622668 0.11432826 -0.54729879
v 0.64046985 -0.07725138 -0.28535852
v -0.64028430 0.12192008 0.34878874
v 0.51295453 -0.16716951 0.42809007
v 0.63523805 -0.06495431 -0.26751393
v -0.52763957 -0.13311112 -0.56834227
v -0.73760968 0.05903788 -0.36940283
v 0.22206366 -0.01633730 -0.39894971
v 0.50697255 0.26734850 0.40602413
v -0.53664070 0.16869664 -0.53467268
v 0.43925801 0.20657626 -0.03922052
v 0.23303773 -0.01058221 0.41711569
v 0.17534973 0.29955634 0.44885376
v 0.69574374 0.14355144 0.05403620
v 0.79552931 0.18403670 0.09559773
v 0.65706933 0.07865600 0.15938705
v 0.76863879 -0.00238681 -0.10010913
v -0.49734300 0.13596947 -0.05771482
v -0.28747097 -0.25064301 -0.52701914
v -0.53228486 -0.12071539 -0.47613060
v 0.46621782 -0.23442926 -0.20332055
v 0.47232902 -0.23061027 -0.06858247
v -0.61231369 0.12993608 0.04609430
v 0.52170324 -0.19626227 -0.32495013
v 0.40209389 -0.23606931 0.11413268
v -0.11985327 -0.14061931 0.44269451
v 0.30355781 0.00021355 0.48964223
v -0.70900214 0.24198788 -0.30302894
v -0.72693062 0.12215110 -0.57124561
v -0.16120872 -0.22322930 0.47784644
v -0.56302029 0.18817167 0.12277254
v 0.60811764 -0.05644871 0.05259915
v 0.37298352 0.02424555 -0.21035732
v -0.15620930 -0.11709281 -0.62260848
v 0.42580199 -0.20735049 0.37975881
v -0.37494463 0.25376168 0.22504926
v 0.47597674 -0.14334600 0.41744787
v -0.27546412 -0.15953949 0.20606004
v 0.76968300 -0.04494467 -0.33401304
v -0.61210489 0.09048018 -0.52209306
v -0.25042334 0.22880508 0.20171359
v -0.56425577 0.15888572 -0.48671463
v -0.59720486 -0.03272220 0.41698274
v 0.68277884 0.12882082 0.05962971
v 0.27103263 0.06562151 0.42338595
v -0.48966271 0.14746852 -0.03879723
v -0.19222634 0.17450976 0.22788523
v -0.08025578 -0.02646459 -0.42669073
v 0.14316283 -0.24028234 -0.18649305
v -0.54428405 -0.09374478 -0.49252594
v 0.27790919 -0.15813470 0.41550246
v -0.13709372 -0.04625237 -0.27624717
v 0.38779402 -0.09469382 0.48953980
v -0.01855344 0.00886018 -0.17707986
v 0.66183108 0.02640350 0.06948309
v 0.58504653 0.03339639 0.31175539
v 0.65705699 0.12379289 0.48369357
v 0.35033768 0.24371840 0.46691594
v -0.06516778 -0.19274707 -0.69028193
v 0.59710950 -0.19468819 -0.16132240
v -0.53563321 0.15179154 0.43761921
v 0.33127767 0.22242510 0.20987631
v 0.51114827 -0.19086890 0.41885075
v 0.17433013 -0.24099526 -0.25148511
v 0.23865561 -0.03339438 0.43684042
v 0.45861846 0.20569167 -0.02250004
v -0.15823995 -0.01978872 -0.23910931
v 0.16063236 0.03703883 -0.29939079
v -0.41433224 0.11354215 -0.41998804
v 0.69788212 0.07885544 0.29155627
v -0.45051062 -0.13993412 -0.35055384
v -0.45182839 0.23231207 0.20959719
v -0.21037483 0.03737757 -0.26798320
v 0.12895788 -0.14932281 -0.37687400
v -0.46728054 0.13903321 -0.53187877
v -0.23406890 0.06983968 -0.46704778
v -0.29455644 0.28528595 0.36700875
v 0.73731542 0.14112748 0.40591952
v -0.72431910 0.10576452 -0.30462214
v 0.37518445 -0.16821943 -0.06577225
v -0.61528623 -0.20442721 0.36540660
v -0.02878304 -0.12611897 -0.19800007
v 0.31930438 -0.03211720 0.01559844
v 0.39986840 -0.13806437 0.45473346
v 0.15368249 0.29089579 0.42349750
v -0.18211545 -0.15850057 0.14027567
v 0.78899634 0.22659624 0.17160469
v 0.50165451 0.25870913 0.34804526
v 0.47752476 -0.23235393 -0.10371696
v 0.44399953 0.19172634 0.34079838
v -0.51232421 -0.13388628 0.09770126
v 0.78174251 0.05230106 0.19455390
v 0.07283869 -0.16616416 0.18281463
v -0.79061925 0.05815662 -0.59314847
v 0.81772053 -0.01721299 -0.20373586
v 0.77384847 0.01775457 -0.08090912
v 0.03999498 0.09913443 0.13156967
v 0.56318563 -0.14585333 -0.33664376
v -0.76050413 0.02408987 -0.60202742
v 0.73432744 -0.00666903 -0.25504580
v -0.39888421 0.04009315 -0.42480749
v 0.32963592 -0.13659106 -0.45566139
v -0.16962953 0.00332246 -0.25450215
v 0.10682154 0.04098715 0.10470238
v 0.03916959 -0.12461177 -0.34804475
v -0.09479631 0.16054821 0.23392563
v -0.30027214 0.33482885 0.31012052
v -0.47374815 0.11301048 -0.32777271
v -0.51840943 0.03360216 -0.30777487
v 0.71336150 -0.09998218 -0.12089755
v 0.06858094 0.01673563 -0.27661377
v -0.18762363 -0.15352513 -0.63184130
v -0.42778569 -0.11371421 -0.43190533
v -0.47435862 -0.10753614 -0.29594445
v 0.38644710 0.24533801 0.10484504
v -0.19693615 -0.06699932 0.07619488
v -0.42948690 0.00600110 -0.32662445
v 0.17043078 -0.12612171 0.03092323
v -0.68712020 -0.18763182 0.40350446
v -0.48181796 0.12567875 -0.54016781
v 0.69538981 -0.01359326 0.36850336
v 0.67956793 0.04567729 -0.04289491
v -0.52322036 0.16382752 0.02501959
v 0.02732489 0.07605235 -0.06864911
v -0.46874878 0.11593588 -0.59240276
v -0.67026275 0.02409696 -0.61300361
v 0.46479222 0.00658295 0.46534783
v 0.51029932 -0.12872404 0.15072145
v -0.22078903 -0.17828576 0.48543406
v -0.20763165 0.19805351 0.22141707
v -0.10798013 -0.10528735 -0.33780801
v 0.36041862 -0.05542203 -0.08252557
v 0.76945764 0.22134750 0.35412258
v 0.35588530 -0.01114536 -0.03940916
v -0.44017586 -0.13250820 -0.02803505
v -0.30577335 -0.17716157 -0.26750121
v 0.14999105 0.05331162 -0.11835670
v -0.54735065 0.09877434 -0.39020270
v 0.55478507 -0.01507337 0.12980852
v 0.27320528 0.27120546 0.42515460
v 0.34467313 -0.09281819 0.48903626
v 0.73248482 0.09998887 0.41219750
v -0.37455583 0.11912961 -0.09908964
v 0.16433771 -0.00452428 -0.36425146
v -0.64609867 0.14492320 -0.52813303
v 0.68501014 0.07853132 0.17333324
v 0.50582582 0.22161084 0.10194039
v -0.60416007 -0.12662910 0.36005262
v 0.45169902 0.18029279 0.48725891
v 0.74286801 0.06089951 0.22757272
v 0.26187733 -0.20265256 -0.16861162
v -0.62326324 -0.26881722 0.43627945
v -0.37636310 -0.21833366 -0.60212958
v -0.19325411 -0.00374489 -0.17237388
v -0.20227888 -0.27553079 -0.47601539
v -0.53164274 0.08577672 -0.10266213
v -0.33770180 -0.16577126 -0.16000494
v -0.15337174 -0.16934419 -0.29845768
v -0.22232698 0.25048772 0.42871851
v 0.65466344 0.01763735 0.01795805
v 0.26202843 0.01591752 -0.37833926
v 0.11286934 0.06421254 -0.14889239
v -0.18728194 -0.08253567 -0.66732931
v -0.22274108 -0.06426512 -0.64380747
v 0.37441868 0.28947392 0.34509835
v 0.39070889 -0.23423257 0.27061558
v 0.56238014 -0.21406260 -0.09479304
v 0.50279695 -0.22869338 -0.04455836
v -0.68532145 0.04447547 0.16782980
v -0.35967886 0.12775812 -0.00886593
v 0.58025557 0.03347958 -0.11115384
v -0.75261194 0.07132903 -0.62959021
v -0.45028624 0.02128134 -0.19788510
v -0.72672004 -0.03488860 -0.50853258
v -0.35648042 -0.24982665 0.29744428
v 0.77404308 0.22959100 0.15686895
v -0.67442924 0.08600539 0.13307531
v -0.65652937 0.10157246 0.31453010
v 0.49098739 0.29743403 0.07148010
v 0.37532967 -0.01583620 0.47181219
v 0.70743209 -0.09805392 -0.24283504
v 0.40584496 -0.25293079 0.39898854
v 0.41605404 0.02838221 0.44613296
v 0.37831062 -0.27665058 0.32793596
v 0.34835395 -0.24938230 0.36612490
v 0.48475426 -0.26718947 0.37891251
v -0.19328159 -0.00716721 0.46980104
v -0.51497000 0.18734711 -0.52406234
v -0.18685792 -0.13236332 -0.56266987
v 0.60043442 0.22943202 0.23944764
v -0.63464499 -0.11220461 0.43753019
v -0.67421407 -0.01127084 0.27223799
v -0.04057053 -0.17808911 0.31690347
v -0.64236045 -0.19611323 0.35605291
v 0.48905715 0.05694266 -0.07502373
v -0.13164553 0.02997653 -0.56742293
v -0.55739832 0.19790012 0.33504373
v 0.60946709 0.06746797 0.29797575
v 0.73664665 0.00186232 0.08741196
v 0.22629090 -0.04565027 0.16442850
v -0.73773533 0.02689099 -0.58746928
v 0.61931783 0.10508513 0.48845312
v -0.59002304 0.13615271 0.40771052
v 0.49971494 0.04230808 -0.27000701
v 0.52906424 0.06371901 0.25800338
v 0.14317575 -0.04996710 0.12240947
v -0.19176251 -0.14793544 0.45978558
v -0.01989973 0.08402734 0.38146827
v -0.23558031 -0.07125200 -0.03813182
v -0.06027999 0.06391622 0.44642323
v -0.32542029 0.26234347 0.25432307
v 0.46476659 -0.08720054 -0.44372791
v -0.47678119 -0.12905660 -0.36654243
v -0.59393495 -0.11522664 0.25359848
v -0.59489262 0.11553255 -0.29152277
v -0.66740942 0.09260666 -0.55423379
v 0.44901693 0.18536888 0.48512331
v 0.31862986 -0.01623751 -0.41406220
v 0.76442254 -0.10516524 -0.22533901
v -0.55153692 -0.10653113 -0.56521535
v 0.28644627 0.03788101 -0.24806795
v 0.44947773 -0.21877129 0.14149560
v 0.18297316 0.30749545 0.43552533
v -0.40934885 0.40086117 0.37020725
v 0.50065821 0.00132215 0.12798855
v 0.45884785 0.29963636 0.27042466
v 0.65069628 -0.07868291 -0.05595959
v 0.61105567 -0.09475230 0.35768899
v 0.32191908 0.10041983 0.46886101
v 0.24633792 -0.16070175 0.37921000
v 0.57871681 0.10998899 0.24545473
v 0.41516680 0.13324484 0.48543438
v -0.10418632 -0.14333285 -0.29454461
v 0.37712657 -0.22336155 -0.37364200
v -0.21978283 -0.02746799 0.08774899
v 0.50530702 -0.19975364 0.41238675
v -0.76489937 0.17606065 -0.42754453
v 0.53259218 -0.14182708 0.11174317
v 0.24093148 0.00399091 0.21621507
v -0.25972882 -0.25681356 -0.58637375
v -0.57660878 0.13269313 -0.00449457
v -0.23462066 -0.27277055 0.48837659
v -0.52210051 -0.11064251 -0.54793441
v 0.69702083 -0.06356484 -0.03829378
v 0.02171882 -0.13290358 0.30455148
v 0.46432140 0.23107205 0.25615540
v -0.22337492 -0.19210982 0.31497896
v 0.00076293 -0.17750356 0.26699564
v -0.17058815 0.02057961 -0.64927250
v 0.47955751 0.03396317 0.46347621
v -0.15400167 -0.24336238 -0.43149942
v 0.78065878 -0.02607260 -0.05873905
v -0.65031785 -0.06886486 0.14356540
v -0.27048969 -0.19099478 -0.27292132
v -0.61912340 -0.03672399 -0.33693630
v 0.20130773 -0.07246649 -0.41656828
v -0.06677479 -0.19695072 0.31438702
v -0.17272274 0.26051572 0.46543881
v 0.21142828 -0.07026781 0.17255557
v -0.01891578 -0.17070201 0.30174083
v 0.70141208 0.08159085 0.22847183
v 0.63314813 -0.08005884 0.37353060
v 0.88159764 -0.01999546 -0.34153479
v -0.31282693 -0.22850679 -0.39236093
v 0.32812247 0.20630738 0.31552225
v 0.21045442 -0.12883893 -0.05078295
v -0.25789034 0.09277928 -0.30182207
v -0.62883055 0.02166177 -0.00933503
v -0.33242211 -0.16567549 0.21257925
v -0.53420937 0.08797301 -0.48987669
v 0.43379554 -0.22858544 -0.32690144
v 0.35340768 0.01474898 0.01933575
v 0.51462781 0.00740277 0.24618815
v -0.32747376 -0.24310550 -0.52336055
v -0.67258739 0.00533767 0.09694158
v -0.61006564 0.08366602 -0.52040958
v -0.42753381 -0.16495562 0.42070130
v -0.32695058 0.10541143 0.09561567
v -0.72665060 0.01674794 -0.49525961
v 0.77922934 0.11192726 0.31834126
v -0.56840301 0.07100325 -0.39045429
v -0.72198296 0.13922358 -0.41096979
v -0.47935182 0.03902845 -0.62913746
v -0.42072645 -0.22900906 0.19706975
v -0.52989846 0.03305834 -0.13157018
v 0.60090029 0.01349346 -0.13205127
v -0.39346516 0.10843113 0.48411563
v -0.48212087 0.20192096 0.41509590
v 0.45601144 0.02617797 0.38268727
v -0.20143861 -0.08245451 -0.07414240
v -0.46668619 0.33671269 0.31627494
v 0.24950016 0.10285307 0.23574087
v 0.22522394 0.02337107 0.31036362
v -0.02740415 -0.21473403 0.16417338
v 0.59674782 -0.18795012 -0.08744701
v 0.65707022 -0.09083738 -0.09295161
v -0.40755540 -0.07499883 0.48251778
v 0.47212952 0.12074126 0.43356758
v -0.62748498 0.14094733 -0.58910173
v 0.53429455 -0.06135247 -0.36784720
v 0.02624979 -0.21760403 0.11656822
v -0.60321075 -0.02958206 -0.52885240
v -0.66566986 0.00181921 -0.55631173
v 0.55075306 -0.03115606 0.32138205
v -0.06623244 -0.03678772 -0.47788736
v 0.52354550 0.03707954 0.01177276
v -0.30293712 -0.17274126 -0.20007269
v -0.18182623 0.08276431 0.48353818
v 0.36180714 -0.17564908 -0.02734774
v -0.38912567 -0.06903634 -0.29173142
v 0.41842023 0.29882151 0.09585910
v -0.46947277 -0.19871831 0.41332209
v 0.05540392 -0.22523966 0.05557105
v -0.68112797 0.05994546 0.13315251
v -0.85386354 0.16009310 -0.43228585
v -0.13092950 -0.18235143 0.41085371
v 0.65052474 0.24069625 0.19510013
v -0.36492026 0.11598413 -0.53607345
v -0.35497513 0.25475544 0.19684063
v 0.40395781 0.26056895 0.36994964
v 0.22093768 -0.15916015 0.23419084
v -0.50425947 0.01928248 -0.15645047
v -0.27535355 -0.01702068 0.00515650
v 0.77485955 -0.02300663 -0.35791415
v 0.18856876 -0.21248303 -0.10636370
v 0.46981820 -0.16014493 0.40736446
v -0.62498808 0.17121267 0.21926098
v -0.42251629 -0.12464103 0.11217128
v -0.15882117 -0.08159608 -0.13037023
v 0.64045417 -0.02708223 -0.06316054
v 0.21145603 -0.13837457 0.32754445
v -0.50076634 0.02398697 0.47910964
v -0.07941352 0.06154024 0.01296694
v -0.35596055 -0.13469879 -0.61510462
v -0.49323112 -0.22983307 0.24709150
v -0.41126743 0.05404308 0.47197661
v -0.29895210 0.31528258 0.38527527
v 0.26023167 0.02451912 -0.20464237
v 0.45711356 -0.27682200 0.35478938
v -0.40439340 0.39409608 0.32546300
v -0.46418816 -0.20650315 0.14969209
v -0.00000534 0.17566743 0.40417522
v 0.75974083 -0.02187960 -0.17314005
v -0.60967910 0.20369135 -0.34061277
v 0.09465714 -0.19226195 0.09596928
v 0.81400007 0.06021093 0.14334337
v -0.39035931 -0.19633199 -0.50496715
v 0.48886776 0.20514856 0.10803551
v -0.65778381 -0.05117555 -0.51436925
v 0.50174654 -0.17880361 0.12911353
v -0.36281982 0.09187091 -0.58824283
v -0.55310702 -0.09567207 -0.04224481
v 0.50009388 -0.10686387 0.43888465
v -0.32084656 0.11395435 0.10729182
v -0.62354177 0.02455099 -0.50152302
v 0.40997890 0.04600528 -0.30989945
v -0.14578383 -0.03146921 -0.26461703
v -0.38359618 -0.24636270 0.25583395
v 0.33910048 -0.18677993 0.02479444
v 0.49184713 0.20278803 0.09696101
v -0.53715026 0.17882974 0.07789706
v 0.49182284 -0.21317033 0.26799804
v 0.20885180 -0.21820500 -0.14214851
v 0.25427401 0.27572238 0.40757859
v -0.12575385 0.03166571 -0.48520693
v 0.76539028 0.04505849 0.17068264
v 0.31605840 -0.07763320 -0.14157940
v -0.10188092 -0.03964920 -0.50126898
v 0.82066637 0.06660636 0.12751690
v -0.26209339 -0.17839436 0.23575354
v -0.20980978 0.01546092 -0.61409134
v -0.38742155 -0.24893150 0.26182279
v 0.49565712 -0.23275840 -0.09464991
v -0.37021369 0.15725228 0.08461546
v 0.10941947 -0.23489191 -0.19615687
v -0.43913412 -0.11153326 -0.18795907
v 0.27920666 -0.32258806 0.38333309
v -0.37196130 0.06229912 -0.46550313
v -0.58899134 -0.04477173 -0.28269503
v 0.62484139 -0.13959427 -0.07332721
v -0.25426474 -0.18499529 0.28120086
v 0.36550552 0.08984847 0.48625126
v -0.51806194 -0.09040726 -0.42524034
v 0.06704259 -0.21034938 0.10412932
v -0.18366681 -0.01494747 -0.58304936
v -0.02987164 0.18362841 0.47451255
v 0.33894736 -0.30117631 0.31729224
v -0.48314545 -0.21969123 0.29245552
v -0.12373708 -0.04922680 -0.39593208
v -0.72581625 0.18118171 -0.60197049
v 0.38958552 0.12510990 0.22319138
v -0.00887917 0.19846460 0.30966061
v 0.53690827 -0.10226004 0.45485419
v -0.32899579 -0.13358162 -0.61799473
v -0.64328945 0.14786942 0.16876794
v -0.28787130 -0.25015604 -0.52768517
v -0.67783976 -0.02432996 0.19911373
v -0.39668900 0.00749125 0.46980584
v -0.19216479 0.16057654 0.45277843
v 0.42425847 -0.35648546 0.44017833
v 0.02616205 -0.20709300 -0.75106972
v -0.69259089 0.07451905 -0.55741680
v -0.58532375 0.15854765 0.05559979
v 0.15574257 -0.11122213 -0.44895339
v -0.24058692 -0.18289629 0.23384967
v -0.44335097 -0.06263644 -0.46487144
v -0.42003292 0.39536121 0.29803616
v 0.73331356 0.00215377 0.46578673
v 0.24144474 -0.21591890 -0.37256941
v -0.35958129 0.12924349 -0.51172698
v -0.04721325 -0.00113281 -0.58789277
v -0.61592013 0.17610614 -0.57217813
v -0.32116896 -0.09742326 -0.65606987
v -0.22079667 -0.29596370 0.44753453
v -0.24231948 0.28044161 0.39402297
v 0.36300665 0.29210845 0.30145371
v -0.65971506 0.00186247 -0.35159421
v 0.07274784 -0.12131657 0.24126510
v -0.00411665 -0.18006927 -0.69257247
v -0.51673889 -0.02933098 -0.37095344
v 0.21468513 -0.14756164 -0.06707632
v 0.60877144 0.26496753 0.44280675
v 0.40456358 0.04293202 -0.01637756
v -0.17744800 -0.12359916 -0.56809497
v -0.33164743 -0.09811439 0.48242083
v 0.38288528 0.28960747 0.22626010
v 0.43138230 0.05183923 0.22884557
v -0.46896499 -0.10911066 0.43823281
v 0.49925658 -0.13064997 0.42910519
v 0.37979135 -0.33476508 0.36667523
v 0.36057296 -0.07048720 -0.09083483
v 0.03805604 -0.20934609 -0.19411705
v 0.41554826 0.21782555 0.40682971
v 0.43824980 -0.21835527 -0.34645700
v -0.29096374 0.11338125 0.48279345
v -0.40514171 0.11998709 -0.32540795
v -0.19768642 0.05454006 -0.56985170
v 0.00531131 -0.01074128 -0.47881034
v -0.65444505 -0.06933215 0.16169539
v 0.16959924 0.05131946 -0.15771520
v -0.23202768 0.00450777 0.11984774
v -0.61236542 -0.27869543 0.42679226
v -0.45272279 0.23307022 0.19250646
v -0.66528893 0.12463055 0.22457729
v 0.33349347 -0.01477935 0.00742376
v -0.39562759 0.33949503 0.48223174
v 0.83051002 0.12822519 0.16939725
v 0.39251104 0.29763517 0.33006629
v 0.40696412 0.17832139 -0.03009745
v -0.55839437 0.18211682 0.10004234
v -0.43059051 0.14561874 -0.03807500
v -0.70596224 -0.03487873 -0.48230711
v 0.64454019 -0.06275927 -0.01325209
v 0.71201229 0.27544731 0.23228920
v -0.09740870 -0.21546610 0.38760746
v -0.03974490 -0.16327235 -0.11857703
v 0.69716227 0.29142392 0.35205835
v -0.72740453 0.17725421 -0.60503173
v 0.25495684 -0.14851397 0.40448102
v 0.41087654 -0.30694291 0.44072762
v -0.51977623 -0.19586392 0.14238001
v 0.35840288 0.28791431 0.33406428
v -0.27414736 -0.17071417 0.22173077
v 0.19763216 -0.23613602 -0.18432641
v -0.27421120 0.07238268 -0.19584230
v 0.35035050 0.04414169 -0.30913407
v 0.59155768 -0.11921760 0.35345078
v -0.73843074 0.00960417 -0.27884197
v -0.02374743 -0.08201413 -0.24923344
v 0.80077446 0.00700219 0.03226653
v 0.50182748 0.19984727 0.48716483
v 0.08630746 -0.07161756 0.24662353
v -0.19956028 -0.17902361 0.18400085
v -0.26592037 -0.06195079 -0.68758219
v -0.28137937 -0.22369681 0.48796415
v 0.13348708 -0.07527649 0.14887352
v 0.34476498 -0.24249172 -0.31970447
v -0.31674668 0.34476885 0.29452118
v 0.60770303 -0.09881765 0.01113419
v -0.54609627 0.05353390 -0.49578816
v 0.07730789 -0.10151542 -0.38602456
v 0.82647163 -0.00482602 -0.33664811
v -0.38999030 0.10811928 -0.46212524
v -0.47271621 0.22152400 0.18580522
v 0.40979528 0.12492970 0.26968753
v 0.29461551 -0.03921782 0.48762360
v 0.50403762 0.00633758 0.11295421
v 0.15374658 0.05197612 -0.22904472
v 0.01099880 -0.19179061 -0.74707377
v -0.13620883 -0.08553723 -0.02073437
v -0.69450021 0.23991807 -0.29946172
v 0.60328227 -0.10745952 0.36081922
v -0.17246148 -0.20616126 -0.43669119
v 0.50246477 0.05502338 -0.12955983
v -0.07139456 0.01331685 0.46947068
v -0.17018995 -0.28169620 -0.39854494
v -0.31832266 0.04385042 0.07393389
v -0.40020704 0.14809833 0.00247504
v 0.60599107 0.06413749 0.29972807
v 0.24754772 -0.04266986 0.45004249
v -0.34583309 0.12766525 -0.33075207
v -0.66014349 0.10277383 0.30046442
v -0.24783376 -0.01694341 -0.61055809
v -0.26684389 -0.00484044 -0.04775983
v 0.28631166 0.17573369 0.34155917
v -0.27699184 -0.11945108 -0.73406827
v -0.20537011 -0.00177413 -0.59074593
v -0.21150653 -0.21660234 0.32171795
v 0.36298552 0.01979626 -0.20820321
v -0.15242693 -0.24581124 -0.43297532
v 0.56147385 -0.00624364 0.31828800
v -0.17651059 0.16505416 0.22031727
v 0.67201549 0.11487515 0.08481170
v -0.28864968 -0.05005125 -0.65693438
v -0.80268425 0.06047941 -0.35535261
v 0.80866885 -0.08569086 -0.21038708
v 0.49910226 0.05656777 -0.08850243
v -0.35707834 -0.04780439 -0.64484686
v 0.43111604 0.04375917 -0.15419018
v -0.69427705 -0.00603911 -0.47132748
v -0.45063001 0.25661302 0.47821817
v 0.49715853 0.22502765 0.30013382
v 0.24025489 0.07675381 0.24192046
v -0.19083378 -0.07758464 0.09011360
v -0.57995754 0.18220656 0.11361635
v -0.53046858 0.04710936 -0.30006537
v 0.56415755 0.00866367 0.31066039
v -0.16936021 0.00254272 -0.25294200
v -0.63290799 -0.15639646 0.35732093
v 0.41906717 0.21051311 0.00683407
v -0.01299262 0.16195384 0.26956019
v -0.11418925 0.27212974 0.38042757
v -0.39471960 0.00928532 0.46941093
v 0.88797140 -0.01908989 -0.28355992
v -0.30848533 -0.08851103 0.48529002
v 0.27857673 -0.22311553 -0.36977530
v -0.44171703 0.18892829 0.09212653
v 0.32101643 -0.12781732 -0.46758884
v 0.41345951 0.19440390 0.29940498
v 0.21037453 -0.14258252 0.26807359
v 0.16438194 0.05384150 -0.16162953
v 0.14574502 -0.23827931 -0.14717904
v 0.73261052 -0.06640702 -0.04100928
v 0.05451399 -0.04209924 0.30977783
v -0.57547593 0.10447727 -0.29419184
v 0.82303083 0.01514838 -0.29785454
v 0.22721818 -0.02974876 0.18048112
v -0.29619128 0.00694574 0.08192701
v 0.50407791 0.01546712 0.09070266
v 0.21262985 0.24754153 0.39120343
v 0.60457897 0.01676455 0.34266916
v 0.66554898 -0.03585152 -0.12288265
v 0.62088853 -0.00008393 0.47979525
v 0.76947969 0.03611594 0.15412033
v -0.56358367 -0.07254568 -0.06200240
v -0.09563122 -0.13417362 -0.26853257
v -0.81339782 0.06651492 -0.34390676
v -0.45190150 -0.05406474 0.47776669
v 0.38779524 -0.23129702 0.06122795
v 0.22611120 -0.08972224 -0.07545707
v -0.61922830 0.12566087 -0.59422165
v 0.01319151 0.07122370 -0.07993497
v 0.32925683 0.10873204 0.19889699
v -0.25325388 -0.06721850 -0.69239533
v -0.61707228 -0.03102965 -0.01667876
v 0.29759687 0.26025569 0.45929977
v 0.04583655 -0.08161579 0.31130472
v 0.45079058 0.05270237 -0.10241872
v 0.64267671 -0.07327772 -0.27621233
v 0.70299464 -0.09701520 -0.23458210
v 0.02290852 -0.21693335 0.13208371
v 0.18972737 0.15279393 0.38095200
v -0.38872388 0.15037535 0.03654426
v -0.47570240 -0.14070985 -0.43736538
v -0.42507678 -0.03587876 -0.32363671
v -0.41463497 -0.13452177 -0.17447072
v 0.66492558 0.28980455 0.38897425
v -0.53257412 0.18741277 -0.49854961
v -0.47067475 0.42479974 0.30842647
v 0.67967117 0.28788322 0.27579308
v 0.25438276 -0.02916238 -0.14134356
v -0.43524078 -0.24578743 0.38123539
v -0.70527434 0.12313131 -0.30356428
v 0.01076448 -0.13761368 -0.25583947
v 0.65245467 -0.01391377 -0.03878987
v -0.39368439 0.12618275 -0.53362089
v 0.53532678 -0.17804836 -0.33830971
v 0.71662831 0.28880438 0.33191875
v -0.14157453 0.23062463 0.30394208
v 0.35020837 -0.19839691 0.02614553
v -0.67172825 -0.02285905 0.13010594
v -0.43058720 0.15665594 -0.51046556
v 0.39414233 -0.23235883 0.20774914
v 0.23365223 0.12031517 0.34764537
v -0.17997879 -0.04331744 0.03072377
v -0.14456886 -0.15876679 -0.44371355
v 0.52289277 0.01012452 0.06920896
v -0.40293542 -0.05974500 -0.26867530
v 0.37785751 0.22829518 0.42497575
v 0.13032538 0.05971538 -0.17475146
v 0.65123737 -0.06376207 -0.03197586
v -0.39099452 0.11051570 -0.58582538
v -0.15214634 -0.07457466 0.48801944
v -0.51084334 0.17351352 0.42870113
v -0.21189828 -0.15660803 -0.17896080
v 0.39918095 0.02563867 0.46056372
v -0.12285569 -0.13602854 0.02418740
v 0.80401093 0.07026175 -0.00794016
v -0.81456852 0.16389412 -0.36329737
v -0.46601751 -0.13089526 -0.36160997
v -0.63569671 -0.01542448 0.37388077
v 0.22958264 -0.13581946 -0.43520233
v -0.33843064 0.03709426 -0.61952317
v 0.65948880 0.04414502 0.47803271
v 0.41309699 0.03749051 -0.17336679
v -0.29580313 0.25980425 0.25499532
v 0.12293456 0.01941789 0.11379781
v 0.56447005 -0.19886740 -0.25684208
v 0.04166355 -0.23276190 -0.04994777
v 0.68813968 0.28792319 0.29087850
v -0.10425530 0.18880129 0.48768166
v 0.68662667 0.26260915 0.41948706
v 0.77258515 -0.03586902 -0.08051481
v 0.63316083 -0.02911472 0.36378855
v 0.01583906 -0.22710466 -0.02441435
v 0.89494419 -0.01246334 -0.31072798
v 0.29162875 -0.19691002 0.36984569
v -0.51819515 -0.08406845 -0.43007007
v 0.11305653 0.27707800 0.45521119
v 0.50632352 0.00010108 0.12049340
v 0.42188650 -0.21397929 -0.06139805
v -0.59607261 0.18491827 0.30250022
v -0.29615942 -0.18017943 -0.22570251
v -0.09840192 -0.13185315 -0.46389937
v -0.36461490 -0.15543039 0.43958637
v 0.46968019 0.33683404 0.13607541
v 0.03238725 0.05545746 -0.15420738
v 0.82526660 0.16770273 0.21268089
v 0.61925977 -0.10686839 -0.01852957
v -0.52249753 -0.11886222 0.00025343
v 0.45309249 0.05949828 0.36014789
v 0.44455031 0.34567016 0.15852356
v 0.29094419 -0.16316222 0.42093420
v -0.45512599 0.05970450 -0.62226021
v -0.12828594 -0.23919013 0.18111086
v -0.00063668 -0.16584694 -0.73153168
v -0.22616708 0.17477247 0.44110915
v 0.72250980 -0.01908921 -0.25938928
v -0.39336994 -0.23686826 0.22500917
v -0.05133449 -0.21411906 0.03286230
v -0.38856268 -0.08448149 -0.28888139
v 0.44961980 0.23717143 0.40293452
v -0.07737342 0.15137117 0.45977408
v -0.04018757 -0.19133179 -0.68059081
v 0.21678635 -0.10409693 0.16789339
v -0.49230996 -0.12590295 -0.57978582
v -0.48453289 0.10854121 -0.32544056
v -0.04426985 -0.16940272 -0.10453566
v -0.33371824 -0.16509639 -0.24590592
v 0.00365966 -0.05037900 0.38205615
v 0.68697637 -0.00809966 -0.14463724
v -0.10737649 0.18843970 0.48763660
v 0.56114531 0.05379922 0.48539516
v -0.27499539 0.01210054 -0.04754029
v -0.42115900 -0.15496475 -0.29618812
v -0.35564321 0.12182392 0.02275661
v 0.30735332 -0.06731297 -0.43180633
v 0.22212684 -0.21370625 -0.14812694
v -0.50748450 0.03837337 -0.62582952
v 0.38930631 -0.23824310 0.14041470
v 0.22160910 0.07451811 0.33511129
v 0.63771582 -0.09520910 -0.31409451
v 0.07250977 -0.23435323 -0.06623178
v 0.46053612 -0.20536527 0.15450281
v -0.32516268 -0.06528275 0.06074623
v -0.26836777 -0.20392931 -0.28487608
v 0.11871917 -0.21262816 0.00662972
v -0.46359497 0.09549727 0.48087108
v 0.74114013 0.00197522 0.43483904
v 0.25335017 -0.18428396 0.35167378
v -0.35014772 0.03972438 -0.62351590
v -0.64245045 -0.09179484 0.38745457
v -0.34443983 -0.20399129 0.23124555
v 0.39780077 0.21216023 0.03769229
v 0.39910099 0.13729505 -0.09667424
v -0.13130921 -0.16613132 -0.69251359
v 0.52735662 -0.07990391 0.13264923
v 0.70839190 -0.09633782 -0.24871854
v 0.89892507 0.00022048 -0.35834166
v -0.48008391 -0.23638755 0.24580607
v -0.27488476 -0.19815078 -0.28291401
v -0.17805311 -0.03325216 0.47667289
v -0.25264820 -0.18490371 0.26020008
v -0.14558606 -0.08330539 -0.19533747
v 0.22584535 0.02067175 0.32266822
v 0.03073252 -0.22680692 0.05696372
v 0.41070795 -0.23073559 -0.34687266
v 0.45273036 0.24995945 0.01682310
v 0.60855091 -0.09705103 0.01070742
v -0.74731851 0.03877585 -0.51289487
v 0.66321057 -0.06808104 0.39267305
v 0.21401559 -0.01380087 0.26247656
v -0.21448267 -0.00082997 -0.13587819
v 0.60068852 -0.02861335 -0.26998067
v 0.37051615 0.04460631 -0.31218722
v -0.58935219 -0.25821409 0.42995974
v -0.50349981 0.31387720 0.44802144
v -0.50929201 0.28828120 0.36662975
v 0.29373577 0.18841133 0.32233050
v 0.28497252 -0.10478366 -0.47341788
v -0.65215814 0.12217420 -0.28912547
v -0.58720881 0.21343644 -0.54494762
v -0.14320244 -0.14427049 -0.51309103
v 0.25361586 -0.24996756 0.30601224
v -0.25047010 -0.05236006 -0.63498294
v -0.55962503 -0.02106183 -0.54707289
v -0.24759485 -0.27116454 -0.49249992
v 0.41596815 -0.00639727 0.46889716
v 0.28956723 0.02154446 0.16587451
v 0.15521155 0.16923469 0.42079034
v -0.33071026 0.36597532 0.43804038
v -0.37520728 0.01905665 -0.27222690
v 0.50746769 0.23722656 0.11924134
v 0.01921285 -0.20190936 0.18719216
v 0.76890796 -0.08790381 -0.15113562
v -0.29596859 -0.24151312 -0.47157300
v -0.26960427 0.13392895 0.48345906
v -0.04834513 -0.16251010 -0.72219455
v -0.67347533 0.08995833 0.23725572
v 0.23533635 -0.13892779 -0.08924714
v -0.32414967 0.11081994 -0.35190004
v -0.31380713 0.21431252 0.14653863
v -0.67011487 0.09196346 0.12863284
v 0.02242925 0.04442224 -0.17049259
v -0.29029265 0.05796875 -0.06692692
v -0.61239582 -0.16428860 0.35315618
v -0.63745165 -0.04764380 0.34679899
v 0.19932596 0.04716104 -0.19230489
v -0.09870088 -0.12786610 -0.42421243
v 0.21108066 -0.03330837 0.22610681
v -0.69185257 0.09349523 -0.56276745
v -0.50481850 0.34284651 0.37806043
v 0.01480908 0.09894039 0.27307537
v 0.70605457 -0.10053411 -0.22643226
v 0.24710774 0.04344795 -0.30616423
v -0.22547446 0.04882899 0.45492217
v -0.56426430 -0.06885374 -0.53679359
v 0.33589715 -0.12365095 0.47409964
v 0.78120947 -0.00823318 0.04470088
v 0.37517011 -0.01830984 -0.12981290
v 0.68984449 -0.05645145 -0.21322772
v -0.39447451 0.40144986 0.40394542
v -0.65469217 0.06722091 -0.38213855
v 0.45142230 0.09061588 0.45280716
v 0.34020594 -0.07953613 -0.04664985
v 0.68149602 0.16348267 0.09287678
v -0.12725157 -0.13562562 -0.53492081
v -0.35861582 -0.20480321 0.45932928
v -0.63084739 -0.08970594 0.41182968
v -0.49330878 0.02568565 -0.31227872
v -0.52696830 -0.12867330 0.42044184
v -0.09509431 -0.15629685 -0.41025952
v 0.07354321 -0.00396641 0.27936095
v 0.40254128 0.03501431 -0.05905644
v -0.34346387 0.11087303 -0.06702759
v 0.31257376 -0.08280724 0.48288050
v 0.24394822 -0.15911067 0.14300264
v 0.35122475 -0.08548910 0.48984665
v -0.19619343 -0.19550011 0.29313776
v -0.15289541 0.12583542 0.15156807
v -0.54844660 -0.03003402 -0.60727394
v 0.17455694 -0.02899817 -0.00031208
v 0.53368688 -0.15578933 0.27170205
v -0.18556152 -0.14060740 0.12759666
v 0.31121334 0.17076987 0.36317563
v -0.45464456 0.11363666 -0.55489945
v -0.35801032 -0.19569448 0.21237421
v -0.32955861 0.15360144 0.12481903
v -0.48532867 0.11709513 -0.09481525
v 0.74565613 -0.04955640 -0.33914167
v 0.61634445 0.08215902 0.28526878
v -0.26247481 0.23204224 0.39519778
v -0.51850420 -0.05302267 -0.46034685
v -0.28850746 -0.00735927 0.00713160
v -0.14068235 -0.10097482 0.02552710
v 0.72846085 0.22019300 0.41022083
v -0.26555803 -0.19381836 -0.27551177
v 0.43363804 0.05187499 -0.26705945
v 0.50875872 0.02249691 0.06786130
v -0.21717134 -0.24788976 -0.34090096
v -0.65242976 0.14429654 -0.53385973
v 0.42430404 -0.23382762 0.11338469
v -0.20855442 -0.04871959 0.06596756
v -0.32229260 0.05143640 0.05011577
v 0.46000540 0.14943242 0.47922301
v 0.32739672 -0.04509183 -0.42544451
v -0.07914487 -0.21277104 0.18261030
v 0.27276528 -0.02788202 0.47597617
v 0.55902576 -0.04070789 0.46910644
v -0.01543606 -0.02707422 -0.46176702
v -0.49911976 0.17596212 -0.49054328
v 0.48120844 0.00841019 -0.35537758
v -0.48740414 -0.09416176 -0.43027905
v 0.58095378 0.07435368 0.48586616
v 0.67203420 -0.08623198 -0.10381204
v 0.51442689 0.23129135 0.47374317
v -0.16500127 -0.04506428 -0.19910021
v -0.13506372 0.03967230 -0.58370197
v 0.72594863 -0.08547816 -0.08010855
v 0.48390490 0.06852659 0.26067629
v 0.17183183 -0.19734317 -0.05756241
v -0.22008879 0.03878634 -0.18800239
v -0.21809544 -0.14324805 0.15922271
v -0.12516150 -0.08189230 -0.27774754
v 0.35160506 0.23222560 0.26381186
v -0.41659895 -0.17533679 -0.57363617
v -0.25695288 -0.20767106 -0.31324521
v 0.86047751 0.01563478 -0.28922021
v 0.50779605 -0.06160856 0.27685341
v 0.49502137 0.22792128 0.03902105
v 0.36305961 0.29322270 0.31727469
v 0.51528114 0.04351869 -0.23936887
v -0.52453929 0.19081858 0.11511735
v -0.51203227 -0.06986132 -0.44763848
v -0.23301077 0.30697000 0.32805678
v 0.47163764 -0.28157553 0.37617069
v 0.66478860 0.20898379 0.15376036
v 0.54436052 0.24439792 0.46792358
v 0.75408334 0.05752154 0.27354047
v 0.74994928 -0.10091505 -0.24241298
v 0.33142790 -0.10138767 -0.02933042
v -0.15072857 -0.29148173 0.43166575
v 0.44079626 0.11134215 0.26374641
v 0.73439115 0.12500852 0.41040787
v -0.27128640 0.28084499 0.28000480
v -0.76956147 0.02758848 -0.54279137
v 0.12361544 -0.13753130 0.12668820
v -0.47800800 -0.20811857 0.14650443
v -0.34917521 0.09605970 -0.32685298
v -0.24014832 0.05088958 -0.62047166
v -0.01371763 -0.01778986 -0.50190485
v 0.37204397 -0.33543327 0.34710425
v 0.77757365 0.23318601 0.16838101
v -0.75707871 0.02194664 -0.32522595
v 0.33209392 0.21195467 0.19312476
v -0.64608198 -0.09415781 0.37991503
v -0.72475404 0.18033519 -0.31905806
v -0.56634957 0.09268442 -0.50160933
v -0.02536862 -0.00619389 -0.18160528
v -0.77418172 0.21838032 -0.33165848
v -0.63205522 0.06248180 0.39357764
v -0.56253558 0.08055934 -0.57287794
v -0.85490578 0.18273485 -0.43427637
v 0.11507353 -0.12434001 0.15782525
v -0.49234891 -0.03132774 -0.38825387
v -0.48493803 0.25425744 0.27924788
v -0.77314645 0.10707392 -0.41416347
v -0.40043601 0.11950055 -0.54602301
v -0.35625717 0.04414979 0.46625644
v 0.64196628 -0.01126231 0.00616891
v 0.53679222 -0.20709804 0.40425211
v 0.43517113 0.00812684 0.43971679
v -0.29412660 0.08099853 -0.11906671
v -0.29718280 -0.17378494 -0.17789973
v -0.13669015 -0.08246768 -0.46147746
v 0.48107466 -0.02948223 0.48819062
v 0.35819218 0.02690965 0.05431027
v -0.25688627 0.00353697 0.45589721
v 0.39035672 -0.22064579 -0.37261525
v -0.25937656 -0.18581016 0.30610678
v 0.15090495 -0.18990085 -0.35395870
v 0.41027287 0.17588511 0.04147051
v -0.36726418 -0.12152568 0.01774553
v 0.17824744 0.10121083 0.39318806
v -0.00274401 0.11158779 0.29006538
v -0.14276941 -0.16417140 -0.36121827
v 0.48241487 0.02631051 -0.32456023
v 0.05069232 0.07685211 0.22328798
v -0.43001702 0.37185201 0.46515453
v 0.06343255 -0.20966212 -0.23465900
v 0.52248913 -0.22686443 0.37725595
v -0.10167803 -0.11534043 -0.68739510
v -0.40728462 0.10930107 -0.56090367
v 0.39874685 0.03287369 -0.35514814
v -0.25078836 0.10390384 0.48272172
v -0.00987230 -0.20618397 -0.71594101
v -0.02834921 0.11902915 0.36294058
v 0.64443219 0.13888918 0.17666325
v 0.02561907 -0.12502170 -0.30362955
v 0.29823646 0.00383148 0.10735700
v 0.68283921 -0.08824094 -0.24018270
v -0.03329322 -0.01340065 -0.55784285
v 0.72860718 0.04024333 0.34278923
v 0.50171989 -0.00448484 0.17289580
v 0.20814432 -0.05995951 -0.06236884
v 0.41143310 0.30532607 0.47144851
v -0.66743320 -0.02262264 -0.31301624
v 0.22706421 0.14767238 0.37892267
v 0.81042713 0.11814873 0.24596864
v 0.01166902 -0.06055357 -0.27225465
v -0.72779703 -0.03575712 -0.53365564
v -0.14552189 -0.14363298 -0.52526498
v -0.44096464 0.23644687 0.21085668
v 0.23180720 0.09657375 0.37248018
v 0.46607003 0.04885441 0.03405641
v -0.33816627 0.25208837 0.43405482
v -0.64511985 -0.27461049 0.39781442
v 0.62643605 -0.12944531 -0.05656871
v -0.34200680 0.06882633 -0.22877514
v -0.23038943 -0.25075024 -0.58409452
v -0.60174608 0.17753953 0.14944389
v 0.06461596 -0.17555526 0.17714091
v -0.27061963 0.06793961 -0.59537882
v 0.35167003 -0.22409169 -0.22732417
v 0.37691888 -0.34007925 0.37130827
v -0.01159248 -0.22549491 0.07277644
v 0.60879558 0.11097389 0.48467836
v -0.03596906 -0.02296717 0.43697014
v -0.43706307 0.23712692 0.17693053
v -0.42653459 0.16564395 0.04169691
v -0.48506033 -0.06492016 -0.32373172
v -0.52799338 -0.10742933 -0.05272171
v -0.09783509 -0.00897011 -0.58174860
v 0.39907578 0.27241993 0.45804256
v 0.74250317 0.13029142 0.00504928
v -0.34806117 -0.09410833 0.15128334
v 0.71183467 0.27322650 0.22199622
v -0.67593217 -0.07287359 -0.48845601
v 0.30266783 0.09855966 0.44309118
v 0.10454415 -0.18626586 0.08852240
v -0.67307824 -0.24996330 0.40791222
v 0.69531029 0.05390952 -0.06060491
v 0.44894809 0.20539771 -0.03206597
v -0.26613167 -0.01247674 0.09096212
v -0.13497134 0.28310883 0.47708249
v 0.14274554 -0.03846138 0.12114951
v -0.45723620 0.18291818 0.43997574
v -0.59182751 -0.11514324 0.13168140
v -0.38353589 -0.00436233 -0.64094305
v -0.01519323 -0.10948966 -0.30168501
v 0.41390949 -0.27524981 0.33402458
v -0.51333088 0.21831714 0.34625682
v -0.64321578 -0.27581462 0.39789003
v -0.33655259 0.00032837 0.46146494
v -0.39727917 0.31280330 0.48506626
v -0.03975772 0.17088345 0.21663660
v 0.75863910 -0.08150969 -0.11892582
v 0.33169451 -0.03929848 -0.42361167
v -0.65206188 0.03318568 -0.36057842
v -0.27567822 0.36607775 0.42338067
v -0.44123390 -0.01428432 -0.32386321
v -0.24542813 0.03937271 -0.12409743
v 0.66229409 0.04206873 0.05438415
v -0.53697878 -0.04135054 -0.30960786
v -0.23704763 -0.11669926 -0.78007805
v 0.36645144 -0.36799642 0.44375104
v 0.80976528 0.02250881 0.03931639
v -0.17593916 -0.05798105 0.02364323
v 0.46924481 0.05387640 -0.12026370
v -0.44624323 -0.17307112 0.41765317
v 0.26622581 -0.19987303 0.33395019
v 0.31527629 -0.23293352 0.28066105
v -0.22739376 -0.18556608 0.22820379
v 0.45355910 0.15815465 -0.03871907
v -0.26707512 -0.26202410 -0.56178993
v -0.20186013 0.05823930 -0.51706910
v -0.64351064 -0.03746279 -0.30698460
v -0.65857881 0.05215397 0.35389656
v 0.56354195 0.20578910 0.26276198
v -0.16471779 -0.02124023 -0.22170559
v 0.81105030 0.07451595 0.18232085
v -0.78622973 0.07387197 -0.38051417
v 0.33490530 -0.17597084 0.01834917
v -0.22046334 0.30518302 0.34206367
v -0.19204247 -0.09563863 0.48808119
v 0.51944256 0.06121987 0.25944871
v -0.48051131 -0.15217349 -0.51739568
v 0.37372071 0.20625852 0.14437255
v 0.07831722 -0.09517980 0.24985272
v -0.21186839 -0.21083204 -0.55695432
v -0.54228562 -0.11263849 0.00045893
v -0.33572447 0.09304300 0.06641448
v 0.77169728 -0.09781881 -0.24705683
v 0.51502401 -0.18770473 0.29858166
v -0.52163881 0.09795573 -0.30974385
v -0.51871634 0.17500962 -0.34171021
v 0.67823040 -0.07063626 0.43735063
v 0.03281270 0.09701160 0.21914898
v 0.12865663 -0.09347451 -0.40065160
v -0.68032128 -0.16053912 0.39997903
v -0.29434705 0.00419037 0.08013541
v 0.85600042 -0.03233641 -0.33604890
v 0.02015012 0.00309942 -0.23492412
v 0.29976428 -0.30845326 0.37828353
v -0.21519600 -0.15109839 0.16381758
v 0.04245661 0.04482833 0.31503084
v 0.32009000 0.04243287 -0.31957471
v -0.17508338 0.12974411 0.47065976
v -0.00947551 -0.22116631 0.10647064
v 0.41194469 0.17417783 0.28292572
v 0.04711979 0.08461751 -0.03221989
v 0.68615556 -0.09298883 -0.17035723
v -0.18960758 -0.00754221 0.10206103
v -0.23153305 0.29342842 0.38580650
v -0.46084446 -0.00026010 -0.19493693
v -0.38693324 0.14647594 -0.30474293
v -0.67201668 0.16576529 -0.37478811
v 0.44771993 0.23561227 0.41571531
v 0.36016944 0.15919784 0.17474221
v 0.50154275 -0.03834209 0.26180461
v 0.22501068 0.01652105 0.29414874
v 0.64227313 -0.00929112 0.36219305
v -0.62305081 0.17091452 0.18097240
v 0.12752396 -0.13624774 -0.38480780
v -0.49747458 0.16992301 0.44114807
v -0.42275554 0.13805971 -0.46553412
v -0.27159676 -0.19083498 0.30436683
v -0.25428620 0.06246243 -0.19845596
v -0.25004035 -0.04890791 -0.00506743
v -0.10935146 -0.08687489 -0.12644261
v -0.07339769 -0.21254085 0.21275048
v -0.21930879 0.30006766 0.37768728
v -0.13278860 0.03821830 -0.58245707
v -0.19461423 0.24343029 0.26487476
v -0.50901657 0.05105948 0.47944319
v 0.45681265 0.29118484 0.03891142
v 0.27117413 -0.02724056 -0.41494128
v -0.76929855 0.08268179 -0.62217027
v 0.54418761 0.23590350 0.47836390
v -0.29166296 -0.00142594 -0.00758925
v -0.61264229 -0.04044774 -0.52513814
v 0.27618539 -0.23218754 0.30635700
v -0.51413572 0.07803349 -0.12560700
v -0.55417168 -0.15839073 0.35016069
v -0.35758364 0.38261914 0.42504290
v -0.55599546 0.12024960 0.44553658
v 0.27549618 -0.11582115 -0.12529245
v 0.47633058 0.22405152 0.16268414
v 0.20833229 -0.11888590 -0.46408775
v -0.61604619 0.11831065 -0.28972554
v -0.00878846 0.10796825 0.10156351
v -0.14708337 -0.09650218 -0.49536011
v -0.30648500 -0.12156025 -0.64887643
v -0.22547539 -0.18694045 0.23484240
v 0.66644043 0.28248325 0.24838474
v -0.00900503 -0.22519998 0.03409630
v -0.44355994 0.01807545 -0.20863268
v 0.33797428 0.21945579 0.34900692
v 0.57303607 0.14478125 0.46982872
v 0.28277373 -0.19566321 0.11475892
v 0.39769733 0.26616341 0.07659480
v 0.68311024 0.06570075 -0.02416867
v 0.18672484 0.16863719 0.43404567
v 0.53952628 0.02920139 -0.26747668
v -0.23294322 -0.10201817 -0.71708786
v 0.13742504 0.28558293 0.42504379
v 0.61773157 -0.03578994 -0.23463874
v 0.00314526 0.06655186 -0.08790686
v 0.81899381 0.08656488 0.17873304
v 0.38070655 0.05294167 0.18788756
v -0.71638304 0.23321289 -0.31124133
v 0.49028468 0.03010242 0.36390433
v 0.54751474 -0.22227906 -0.15962780
v 0.38538188 0.23976453 0.42758283
v -0.58077329 -0.03672327 -0.06912917
v 0.28248382 -0.07943615 -0.13888706
v 0.80730355 0.15561020 0.27436480
v -0.59076530 -0.13717824 0.43678814
v -0.01655618 -0.02454756 -0.20494628
v -0.40419352 -0.24810834 0.42604876
v -0.66836494 -0.00036877 -0.35665861
v -0.28346893 -0.22183512 0.31438360
v 0.00040868 -0.22327590 -0.02404798
v 0.36143064 0.08212303 0.48522407
v -0.03110168 0.00012876 -0.38540077
v -0.14343415 -0.09280451 -0.15867580
v -0.11968049 0.06935959 0.48372975
v 0.36787340 -0.25920984 0.28699046
v -0.55620205 0.14057276 -0.54979861
v 0.43451366 -0.32688954 0.38469881
v 0.59435594 -0.03904937 -0.29295227
v -0.36612657 -0.23821649 0.34927282
v 0.42642924 0.20240645 0.28462085
v -0.05261418 0.27058372 0.48057920
v 0.28913888 0.04969542 0.21747401
v 0.03825317 0.06391264 0.29262576
v -0.67791998 0.09077960 -0.55951738
v 0.43088651 -0.10106000 -0.45856497
v 0.38904178 -0.00018197 -0.13928851
v 0.56858146 -0.01497171 0.08493751
v -0.15766503 -0.30664849 -0.57004994
v -0.17993052 -0.20456508 0.30594811
v 0.54447597 -0.10283873 0.45967042
v -0.54046172 0.09855324 0.46026427
v -0.14189056 -0.24309130 0.21486795
v -0.47768968 -0.07154261 -0.46041441
v 0.44235644 0.14790918 -0.00988403
v 0.61302269 -0.13565297 -0.27521449
v -0.42849368 0.10550819 -0.60135782
v 0.53008640 -0.00391049 -0.33510384
v -0.02573721 -0.03221402 -0.19894561
v 0.58861029 -0.12268976 0.35647896
v 0.41794574 0.32849982 0.25344566
v 0.24552894 0.11735360 0.41643739
v 0.54449898 0.24526843 0.28647652
v -0.38713747 -0.14088136 -0.03857702
v -0.55214059 -0.00007511 -0.37687337
v -0.15956859 -0.05144397 -0.20718563
v -0.66320240 0.11311039 0.17390719
v -0.60345191 -0.08743802 0.04400270
v 0.09665966 -0.09305882 -0.39350271
v 0.49603584 0.28114277 0.05975494
v -0.79896277 0.08667417 -0.37904721
v -0.15791219 0.27643222 0.35446143
v 0.37767777 -0.20011355 -0.00780847
v 0.40391240 -0.20032616 -0.13737772
v -0.67747658 0.11083528 -0.29315579
v 0.47498941 0.00051704 -0.36694852
v 0.35901836 0.02779520 0.05978619
v -0.36530617 -0.19419512 -0.45832211
v -0.62426817 0.21242686 -0.33637279
v -0.19326156 -0.11671951 0.11872731
v 0.71459627 0.07585035 0.25751221
v 0.44999963 0.27099776 0.02557235
v -0.65486956 0.09467623 0.33915317
v -0.62072098 -0.06572183 -0.50156540
v -0.37633702 0.10762568 -0.55740845
v 0.22778684 -0.05111020 0.15421802
v -0.50500315 -0.17910230 0.32150415
v -0.18239969 0.17656942 0.44869968
v 0.39726877 0.01077287 -0.38485163
v -0.81471235 0.10804473 -0.36318123
v 0.58623785 0.07150417 0.48826987
v -0.20987140 -0.17321402 -0.54275203
v -0.33889547 -0.20243831 0.46699744
v 0.41783094 -0.00304705 0.46646059
v -0.73155326 0.12240198 -0.59278184
v -0.30966952 -0.23580731 -0.43244132
v 0.57467508 0.00225527 0.00423862
v -0.58337677 0.09690999 -0.38909945
v 0.24815287 -0.15747258 -0.11768968
v -0.62249130 -0.08220443 0.31050971
v 0.55021363 -0.18781345 0.03056386
v 0.38951457 -0.21331862 0.36886716
v -0.15092695 -0.23295164 0.26208147
v -0.59716558 0.02054595 -0.06066063
v -0.00353493 -0.13167557 -0.24076875
v -0.64657730 -0.04213128 0.06502671
v 0.34772104 0.00495201 0.00819925
v -0.13014904 -0.24814184 0.30430174
v -0.07774121 -0.08713056 -0.20899437
v -0.45320749 -0.13154843 -0.00562809
v -0.13558592 -0.15915236 -0.30629456
v 0.32054314 -0.16233830 -0.42512593
v -0.19439045 -0.17379311 0.46484813
v -0.62079507 -0.28013751 0.42089626
v 0.36732066 -0.13399191 -0.09883903
v 0.84059852 -0.07096650 -0.23625831
v 0.29163602 0.01171505 0.14345017
v 0.81060916 -0.05312203 -0.14865561
v -0.51683831 0.12005147 -0.07418590
v -0.41070631 -0.04364425 -0.44920865
v 0.21536455 -0.04692234 0.18480322
v 0.66508520 -0.09803789 0.45679170
v 0.05278058 0.08404948 -0.03774382
v 0.34747592 -0.17325878 -0.00463661
v -0.39839220 -0.13938932 -0.19522569
v 0.07293847 0.01868248 0.26891369
v -0.62886739 0.07951309 -0.28381366
v 0.61938810 0.29214031 0.31652680
v -0.30569521 -0.18745509 -0.59888393
v -0.21150608 -0.13444108 -0.68284851
v -0.40830809 0.00073165 -0.43020025
v -0.00534232 -0.19455795 0.23621358
v -0.24103840 -0.17138413 0.48434353
v 0.63735247 -0.09942571 -0.06193040
v -0.01711529 0.23555124 0.46276599
v -0.79004818 0.19549718 -0.34227905
v -0.15862125 -0.23998231 -0.47369707
v -0.17303918 -0.05399474 -0.54705733
v -0.00919182 0.11964373 0.17595662
v -0.20652677 0.05697198 -0.32721531
v -0.41493466 -0.24931936 0.37783033
v -0.56926435 -0.10626897 0.03231475
v 0.18285494 -0.14506955 -0.40850526
v -0.42578498 0.13362378 -0.07802546
v -0.68974835 0.05262593 0.21580181
v -0.16143714 -0.22879997 -0.41453123
v 0.50532967 -0.00914423 0.15725595
v -0.51452214 0.13727362 -0.04599367
v -0.11525328 -0.13237494 -0.49131662
v 0.69823134 -0.03923013 0.00457961
v 0.21112937 -0.12045676 0.35694605
v 0.46581993 0.24130799 0.42838022
v 0.65914255 -0.01479596 -0.05705672
v -0.41300493 0.16503143 0.45629606
v -0.12731709 -0.23608278 0.43561780
v 0.38742352 0.10237896 0.47408181
v -0.62843555 0.09848382 -0.62189251
v -0.46701401 0.22549310 0.18951187
v -0.27168646 -0.12020610 0.48000047
v -0.54122090 -0.00825278 -0.37260827
v -0.08144714 -0.00730304 -0.08421286
v -0.54243410 0.05287367 -0.29648221
v 0.49997464 0.05230292 -0.19391139
v 0.57978046 -0.13160929 0.04549482
v 0.19428633 -0.08700302 0.27461174
v -0.25887042 -0.10664571 0.48486084
v 0.16002284 0.28280824 0.39133185
v 0.47710833 0.06856406 0.30665344
v 0.77981567 -0.00703948 -0.07955166
v -0.05712876 -0.09971775 0.42492875
v 0.63422769 -0.05719275 0.48023945
v -0.73692209 0.24354793 -0.35841289
v 0.59060091 -0.14597249 0.38275981
v 0.63604003 -0.05849623 -0.23786712
v 0.59514487 0.03865674 0.48687068
v 0.62179309 0.10246994 0.20877424
v -0.05106510 0.03424332 0.44670111
v -0.60514367 0.09576057 -0.59749532
v -0.62927759 0.03250138 -0.00960843
v 0.30016068 0.08362630 0.45608234
v -0.12414829 0.03146900 -0.58313471
v 0.39814967 0.19522005 0.05669652
v -0.11445741 -0.25166082 0.27475870
v 0.42542514 -0.09269056 -0.44035777
v -0.14904246 0.13028365 0.16153707
v -0.07347337 -0.20664647 0.33511135
v 0.44561896 0.03763932 0.22800212
v -0.08484577 0.13480067 0.17662369
v -0.07731010 -0.07754394 -0.18944606
v -0.47771755 0.16312158 -0.47372195
v 0.64374036 -0.02765998 -0.06814656
v -0.27579355 0.26609796 0.38296685
v 0.79672605 0.02892837 -0.04168442
v 0.11493734 0.28702262 0.46480265
v -0.60918880 0.14400303 0.37032202
v 0.70798433 0.08510792 0.44236752
v -0.64870721 0.03810370 0.36817899
v -0.78491378 0.22730342 -0.35587206
v -0.17984882 -0.22669654 -0.51868063
v -0.03158801 0.09510703 0.04550876
v 0.39337346 0.01667411 -0.09638631
v -0.48643169 0.33737624 0.47436488
v -0.32327205 0.26215318 0.25475764
v -0.13628387 -0.03426725 0.48659581
v -0.17412116 -0.13954422 -0.61591154
v 0.53845888 -0.01297339 0.08890998
v 0.49731684 0.17273547 0.28190640
v 0.19086213 0.04708137 -0.25951147
v 0.21869776 -0.16159715 0.25466767
v 0.11599284 -0.01056907 -0.33946145
v 0.52378815 -0.20972040 -0.28944251
v 0.20278917 0.12030916 0.43168890
v -0.41326740 -0.02232477 0.48347998
v -0.10644777 -0.05861472 -0.11958978
v 0.00414933 0.17602842 0.38194773
v 0.32385847 -0.04528754 -0.15744722
v -0.02067926 -0.07673018 -0.24415830
v 0.74307251 0.00385364 -0.28895572
v 0.22097491 -0.02283822 0.39945295
v 0.50261772 0.03768328 -0.28274849
v -0.09653218 0.27945450 0.39480442
v 0.06962888 0.06255655 -0.15178750
v -0.21470326 -0.03380123 -0.11361986
v -0.22781795 -0.18771273 0.48776504
v -0.15226583 0.17973436 0.27765855
v 0.58378190 -0.12606674 0.34711212
v 0.44772273 0.16036479 0.03959796
v -0.60392267 -0.11646236 0.20331073
v -0.02670311 -0.09887762 -0.27732629
v -0.17535797 -0.26850390 0.47958863
v -0.22104307 -0.03806080 -0.09841423
v 0.40788984 -0.21617502 -0.02305581
v -0.31307152 -0.11379771 -0.65750629
v -0.56870472 -0.02307896 -0.35646638
v -0.51597339 -0.12378754 -0.43725139
v 0.51217729 0.30112940 0.15394093
v 0.13302380 -0.12739347 0.11499264
v 0.47526845 0.22105704 0.00527002
v 0.25916985 -0.07003245 -0.12736444
v 0.76056302 0.04765916 -0.06950944
v -0.03479975 -0.17341323 -0.11524835
v 0.45299247 0.19801016 0.09845578
v -0.68772852 0.05985527 0.22470614
v 0.72029346 0.20084892 0.09259865
v -0.01787930 -0.22592987 0.06277168
v 0.28349322 0.18417343 0.26059726
v -0.17029949 -0.11728299 -0.56523472
v 0.48948613 0.10619012 0.46220627
v -0.44608572 -0.19972454 0.15373765
v 0.43062720 -0.23462659 0.27399799
v -0.08671767 0.13735272 0.18223353
v -0.39291942 0.19323577 0.10368375
v 0.71151412 -0.05679654 -0.28537220
v -0.34842470 -0.19463074 -0.44850081
v -0.16351016 -0.20874989 0.29896989
v 0.40243149 -0.23803313 0.26138151
v -0.51033616 0.18300325 -0.49710298
v -0.30631015 0.04534050 0.46484125
v 0.37249175 -0.20394376 0.37007228
v 0.43709549 -0.30716446 0.42609072
v 0.71853429 0.03020515 0.47706681
v 0.51967216 -0.11992228 -0.42156231
v 0.49827555 -0.05967055 0.26101246
v -0.04291937 -0.13143882 -0.15553884
v 0.71443743 -0.03314550 -0.33243519
v 0.41499940 -0.05950275 -0.42067105
v 0.59263110 -0.11559744 0.47580785
v -0.61433035 0.17251752 0.29872572
v -0.30791399 0.08944388 -0.12952633
v 0.54239839 0.03477234 -0.24072544
v -0.65079325 -0.24024017 0.37647301
v 0.78524607 0.02116625 0.11110029
v -0.17464688 0.22911422 0.47501960
v -0.30239704 0.23187330 0.37244171
v 0.60655612 -0.14604577 0.46388674
v -0.27268136 0.08594531 -0.39709327
v 0.33959782 -0.29893932 0.39408210
v 0.35148749 -0.32504839 0.40410084
v -0.67327309 0.01062547 0.29862350
v -0.58455604 0.09330934 -0.57795525
v -0.35011002 0.34785321 0.47478589
v 0.60433465 -0.01224143 -0.02889226
v 0.31789523 -0.20228393 0.07475091
v -0.84372449 0.15143645 -0.44760388
v -0.64456517 0.04499862 -0.28209853
v 0.37230080 -0.32463688 0.34007826
v -0.27375281 -0.04815445 -0.64390963
v 0.59442675 -0.09767453 -0.37739342
v -0.21303104 -0.02198232 -0.59268332
v -0.19571096 0.14691846 0.46468335
v 0.08213648 0.06836536 0.12477745
v -0.17024569 -0.16546939 0.13387342
v -0.34989348 0.09117017 -0.32942855
v 0.74931711 0.16275786 0.38880339
v -0.66317827 0.11708090 -0.38931090
v 0.33117351 0.04163764 -0.25555375
v -0.34469831 -0.01766330 -0.64176714
v -0.68265241 0.02051342 0.13670032
v -0.09853151 -0.13343050 -0.31790188
v -0.47995242 0.15540884 -0.01034785
v -0.60121912 0.15489557 -0.56526333
v -0.14028636 -0.01179574 0.03755965
v -0.33874190 0.06194652 -0.61203188
v 0.62336123 -0.14411058 0.44445124
v -0.07295939 0.24326266 0.32379049
v -0.16926685 0.05215319 0.47596532
v 0.63990963 0.04271322 0.32114998
v 0.00565902 -0.22657548 -0.01112522
v -0.31819341 -0.07445899 0.04041228
v 0.54024309 -0.09752514 0.28863478
v -0.68576884 0.13557763 -0.29858217
v 0.72552800 -0.07132578 -0.29555497
v -0.35223785 -0.23884730 0.27047080
v 0.11936230 -0.21058117 0.01259443
v -0.67338479 0.11040624 -0.38912845
v -0.25638843 0.08795290 -0.32262567
v -0.18552756 -0.09504842 -0.10958637
v 0.45311287 0.27333456 0.29649669
v 0.27404219 -0.16574104 0.40267134
v -0.34534028 -0.07959253 0.13347712
v 0.41895097 -0.23426202 0.05895326
v 0.44238985 0.03733167 -0.32856071
v 0.45561722 -0.23543330 -0.26410061
v 0.73130810 0.25864038 0.19125412
v -0.21282981 -0.27725673 -0.48809543
v -0.32383642 -0.18366185 0.46888179
v -0.56483448 0.13082913 -0.49322978
v 0.73896956 -0.00678437 -0.34000435
v -0.44916427 0.03570075 -0.19213875
v -0.29393798 0.08200861 -0.14233652
v 0.21642424 -0.13114034 0.35912681
v -0.18835285 -0.00864665 0.47095120
v -0.24830930 -0.25307274 -0.36345580
v -0.60062796 0.05661802 -0.38406312
v -0.45290592 -0.12745865 0.07037757
v 0.73010868 0.08719439 -0.04429870
v 0.21469726 -0.15043011 0.24909973
v 0.37280867 0.02798211 0.01612106
v 0.07671721 0.01604597 0.25620028
v -0.28123793 0.07205924 -0.12269091
v -0.28734684 0.07354227 -0.10873970
v -0.41001782 0.08585387 -0.17040730
v -0.17625432 -0.28661692 0.46620038
v -0.68822479 0.15371786 -0.30331245
v -0.02367155 -0.12529071 -0.21281634
v -0.34275186 0.36016458 0.34803322
v -0.03951050 -0.22173916 0.11672585
v -0.43178359 0.15561026 -0.34950548
v -0.18785180 -0.29526448 0.45014468
v -0.50215733 -0.22298974 0.39432025
v 0.67710692 0.08912239 0.26165521
v 0.01276960 0.10212214 0.26975065
v -0.49129635 -0.06053955 -0.38441390
v 0.14580847 0.26201108 0.41641095
v -0.38734910 0.10237470 -0.15117823
v -0.63867253 0.18379678 -0.37578762
v 0.28042480 -0.10467888 0.05589146
v -0.23387536 -0.16923276 -0.17870863
v -0.08348844 0.03604383 -0.02144181
v -0.25623432 -0.16129638 0.47527859
v 0.76562351 0.18201259 0.36589345
v -0.57692266 -0.05281015 -0.35621831
v -0.43290451 0.14723518 -0.03171090
v 0.55363441 0.01402583 0.29971373
v -0.51314187 -0.17854083 0.30605832
v 0.35574731 -0.23128864 0.09674095
v -0.38831234 0.06130721 -0.62541384
v 0.32156003 -0.20891932 0.08310461
v -0.27327338 -0.01860990 0.08125065
v 0.75403756 -0.05748728 -0.32838130
v -0.62816840 0.09680189 -0.28615999
v 0.29469669 -0.15758500 -0.42747238
v -0.31100217 0.15338801 0.47244310
v -0.21492156 0.17192988 0.20621678
v -0.23181060 0.05025887 -0.62894922
v -0.52147877 -0.06664823 -0.44751969
v 0.02214272 0.07340404 -0.07756496
v -0.60649610 -0.10479512 0.43794936
v 0.66586024 0.27424857 0.22923319
v 0.21140482 -0.11339381 0.36739242
v 0.35963470 0.02453622 -0.21496427
v 0.02180387 0.10071234 0.09374505
v 0.88407427 -0.00535393 -0.29228136
v 0.06951324 0.07885721 -0.06018746
v -0.26395118 0.31629908 0.30662635
v -0.59875196 -0.06083708 -0.29337165
v 0.31718421 0.24800584 0.38277051
v -0.10563328 0.23695922 0.34699675
v 0.44984010 0.17177001 0.05574279
v 0.36775112 0.03102228 -0.36156943
v 0.45120499 -0.01684812 0.47523001
v -0.78452128 0.05308675 -0.36008212
v 0.30352113 0.21466221 0.45838979
v -0.79393780 0.20491748 -0.34391880
v -0.37888023 0.00175286 -0.63905984
v 0.05548341 -0.10729250 0.28208274
v -0.33327141 -0.10392554 -0.63710290
v -0.13903451 -0.16073018 -0.33164480
v 0.67138189 -0.04682602 0.48169446
v -0.19312514 0.02326766 -0.60995239
v -0.34207824 0.09712855 -0.32450551
v 0.77128291 -0.03868043 -0.34117043
v 0.04912427 -0.20497583 -0.76395518
v -0.24836560 0.24107669 0.40924171
v 0.39342570 0.26111868 0.45563117
v 0.47971922 0.20772685 0.00993283
v -0.57493120 -0.01370046 -0.54386806
v -0.51893431 -0.01124538 -0.48165819
v -0.75010324 0.16066958 -0.42526135
v -0.06919253 0.15493831 0.17731610
v 0.70558125 -0.08306344 -0.27145457
v 0.51883131 -0.11886709 0.14093728
v -0.21222164 -0.19623509 -0.54163921
v -0.10941070 -0.02789229 -0.03980211
v 0.01171019 -0.19996354 -0.74595398
v 0.76812267 -0.03157218 -0.14129676
v -0.64776707 0.03282370 -0.61948621
v -0.04957638 0.13524264 0.41986254
v -0.47887060 0.37884384 0.42586085
v 0.00921420 -0.21991479 0.12338872
v -0.65683502 0.05049816 -0.37047276
v 0.53991991 -0.02267958 0.16159700
v -0.47266811 0.21735778 0.17174350
v 0.52768451 -0.13176821 0.12224312
v -0.43672603 0.22832333 0.46579942
v 0.62077314 0.03735677 0.47795472
v 0.35282567 0.22224186 0.17299351
v 0.35229927 -0.18748839 -0.18288875
v -0.18031611 0.23432365 0.26671568
v -0.65767276 0.01705717 -0.28059730
v 0.66935521 -0.06228566 -0.20264773
v -0.09254964 -0.16360326 -0.00358023
v -0.46093318 -0.05926159 -0.19344077
v -0.17439908 -0.06154256 -0.54776704
v 0.16980888 0.03307579 -0.31039298
v -0.10607906 -0.11724352 -0.39515376
v -0.27471098 0.05710242 -0.09753493
v -0.20454569 -0.23689941 0.31960365
v 0.19478770 -0.08667278 -0.02009940
v -0.60342818 0.12390025 0.01336220
v 0.62231547 -0.12821588 -0.04437380
v -0.37190956 0.21675481 0.43751702
v -0.71556073 -0.02248682 -0.55485284
v -0.32956597 -0.24157129 0.29705018
v -0.59146762 -0.09759066 0.33107764
v 0.52842838 -0.21344410 0.01417794
v -0.48826754 0.35357323 0.45918351
v -0.14440785 -0.10768523 -0.52612436
v 0.03525381 0.01728950 -0.23909140
v -0.52792484 -0.12529406 -0.55595142
v -0.28453845 0.07558239 -0.14780568
v -0.76172984 0.01964461 -0.26915526
v 0.25205952 -0.10981711 -0.46247384
v -0.22849925 -0.10402282 -0.69819015
v 0.52028906 -0.22732285 -0.11792396
v 0.86302918 -0.03036055 -0.33667299
v 0.27571148 0.17369694 0.25537631
v 0.40925422 0.32980043 0.17555001
v 0.25778052 -0.17713258 -0.41077819
v -0.13294856 0.22102320 0.30730805
v 0.40980542 -0.10381868 -0.47124013
v 0.62077492 -0.15795431 -0.08602270
v 0.18458535 0.30742127 0.43083411
v 0.39052933 -0.20699248 -0.01370539
v 0.57926971 -0.13226232 -0.33404034
v 0.26983732 -0.00355780 0.47101918
v -0.57965600 -0.01707975 -0.47541150
v 0.45863372 -0.23099276 -0.04113512
v 0.71926141 -0.04072557 0.46434161
v -0.23206492 -0.23342898 -0.32446074
v -0.46236134 0.17065819 0.03636077
v -0.53649849 0.20423962 0.34752241
v -0.66536367 -0.07059310 -0.49672320
v -0.48654279 0.39441946 0.38665521
v 0.13286805 0.19397585 0.44722709
v -0.41374519 0.12202714 -0.32474795
v 0.78685904 0.20248108 0.32966545
v -0.31411609 -0.07411184 0.03533548
v 0.53952473 -0.22182916 -0.20074643
v -0.03610435 0.04061929 -0.09696338
v -0.27959713 -0.04307838 0.45769754
v -0.64613909 0.14504494 0.16694108
v -0.20683287 -0.17440431 -0.53790402
v 0.36834201 -0.19538893 -0.40291393
v -0.26558343 -0.25472257 -0.53399372
v -0.24140847 -0.12927422 -0.76947182
v -0.39448199 -0.14230502 -0.05968634
v 0.67578626 -0.08161458 -0.09088669
v 0.49956861 -0.20376259 0.09415441
v -0.36485422 -0.09483139 0.08229695
v -0.59884924 -0.16497552 0.43651170
v -0.61644024 0.07737633 -0.28560215
v 0.13242805 -0.12402465 0.12107696
v -0.51537478 0.21074319 0.20456661
v 0.69926441 -0.09924086 -0.15169869
v -0.10311004 0.10731985 0.45501798
v 0.41704711 -0.23212342 0.02403068
v -0.62958616 -0.01394471 -0.47428003
v 0.19942537 -0.15932155 -0.05050685
v -0.50956285 0.13429061 -0.47338089
v -0.52185333 -0.20681004 0.25729430
v -0.33653337 -0.26987806 0.43342388
v -0.05819534 0.00902945 -0.55917537
v 0.39862809 0.06356016 0.44965315
v -0.37612826 -0.18162961 -0.33918563
v -0.03051085 -0.17059869 -0.12679589
v -0.71446455 0.03053063 -0.36804494
v 0.38269088 -0.37367016 0.45277870
v -0.46286422 0.04626366 -0.62405962
v -0.62013781 -0.19870281 0.43881840
v 0.29762873 0.02446397 0.16173683
v -0.19925572 -0.28427264 -0.54937798
v 0.67206758 0.03042598 -0.02030022
v -0.65974879 -0.01747767 0.31498230
v -0.16827837 0.05895979 -0.41063046
v -0.15362382 0.15376069 0.20202740
v -0.52227330 0.02664120 -0.14381495
v 0.21938725 0.00167152 0.28659558
v 0.07512595 -0.06046076 -0.33658686
v -0.52176499 0.21469724 0.32354614
v 0.55850023 -0.10026719 0.08806031
v -0.56761581 -0.07609764 0.42446819
v 0.48921609 0.09853768 0.45994350
v 0.40647382 -0.23199539 -0.23237526
v -0.16058102 0.27260375 0.46825537
v -0.24448693 0.22487552 0.20433512
v 0.91999984 -0.00077791 -0.26413900
v 0.24848086 -0.10223810 0.10137478
v 0.46692708 0.21709175 0.21776399
v 0.39249113 0.03727422 -0.34181258
v -0.00518091 -0.18809107 -0.73969203
v -0.62564445 -0.09729590 0.16725057
v -0.57402742 -0.01916955 -0.47474730
v -0.54280424 0.03705214 -0.61810154
v 0.14564860 0.20979981 0.41337270
v -0.47092158 0.36751729 0.32283556
v 0.09499051 -0.23564468 -0.12005034
v 0.36891261 0.06042377 0.46846050
v -0.15348464 0.04082690 0.08403992
v -0.64274102 0.02906772 0.37757641
v -0.26370746 -0.12519613 0.17618336
v -0.43063191 0.15997139 -0.31542596
v 0.43077418 -0.23094866 0.13319740
v -0.65320939 0.21433799 -0.29889980
v -0.63764656 0.15640193 0.25552306
v -0.12415897 -0.11151483 -0.46158522
v -0.16420639 0.28067201 0.45911390
v 0.16437431 0.29672235 0.41427577
v 0.77743930 0.11853857 0.32858789
v 0.09044109 0.05564196 -0.20016284
v -0.13558285 -0.16133332 0.07598335
v 0.01621260 -0.04174270 -0.26554614
v -0.24150321 0.26312006 0.29561979
v 0.45921138 0.18164010 -0.03903564
v -0.02919776 -0.22303370 0.10140907
v -0.09382895 0.23248623 0.34685642
v 0.44549543 0.20393866 0.15406509
v 0.08762281 0.04680173 0.17402609
v 0.52013445 -0.22395065 -0.24243709
v -0.06559276 0.24921818 0.48621294
v 0.58101743 -0.10467738 -0.38877028
v 0.39168599 -0.21241581 -0.19053401
v -0.42984954 0.24118753 0.23045176
v -0.43771514 0.11352327 -0.41179851
v 0.36861393 0.29143569 0.26767859
v -0.40363905 0.00316945 0.47259316
v -0.83034694 0.05857771 -0.32461658
v 0.53986168 -0.18756288 0.35441631
v -0.37359726 -0.24281777 0.45362851
v 0.41955504 -0.04591554 0.48257378
v -0.39546695 -0.13448641 -0.00751227
v 0.83379066 0.01948157 -0.31682965
v -0.12002341 -0.01611998 -0.00440299
v 0.42193255 0.30214193 0.08382235
v 0.38298541 0.23172542 0.05399723
v -0.13771161 -0.02858563 0.01785841
v -0.50596178 0.31627533 0.43997404
v -0.64956743 0.10807913 0.33951187
v 0.74566752 -0.00702999 -0.33199456
v 0.35053948 0.03653086 -0.23948023
v 0.15243493 -0.21672523 -0.32008797
v -0.15968052 0.04774087 -0.36380312
v 0.06557894 0.00014892 0.29245746
v -0.15378024 -0.24530758 -0.42895699
v 0.09569839 -0.10313326 0.21138786
v 0.54926920 -0.20139487 0.38203672
v 0.16037840 -0.15918513 0.01517430
v 0.30072913 -0.14697652 -0.43276456
v -0.45106015 0.12300690 -0.46077037
v -0.15864465 -0.16553362 -0.66965407
v -0.07520429 -0.20633355 0.06249563
v 0.50088996 0.17471683 0.28205734
v 0.49475387 -0.17087890 -0.37675893
v -0.18864308 -0.28757876 0.40619925
v -0.42707714 -0.18620948 -0.48504019
v -0.32702234 0.25772524 0.22376464
v 0.39604178 -0.19891919 -0.04894239
v 0.54956937 -0.17109907 -0.32312518
v 0.69530064 0.13058273 0.03546334
v 0.45162520 -0.29282331 0.36734724
v 0.18977261 0.05087424 -0.19942035
v -0.30648467 0.08546195 -0.17598894
v -0.45436203 0.07401191 0.48529226
v 0.56630623 0.27371645 0.43046787
v 0.40921235 0.24561574 0.35945806
v -0.59340715 -0.05667158 -0.32894093
v -0.02262557 0.08879021 0.01852325
v -0.45034191 0.06964864 -0.62216491
v -0.11908451 0.18111685 0.30947506
v 0.40705431 -0.32290849 0.45321786
v 0.04899012 -0.21386424 0.10740746
v -0.63507622 0.17498584 -0.30020189
v -0.44282383 0.42154017 0.34723020
v 0.48640561 0.04191393 0.03635233
v 0.36309010 0.00113661 -0.40004250
v 0.14664067 0.10916403 0.42907044
v 0.27283284 0.12314065 0.39977688
v 0.81128508 0.15161498 0.07706908
v -0.24999662 -0.26328605 -0.47891274
v -0.53841507 0.11251138 -0.55045897
v 0.35166845 0.27809870 0.32194889
v 0.34877664 0.20687193 0.46319094
v -0.08399758 0.16548106 0.21313530
v -0.11159397 -0.24658318 0.39736539
v 0.53837490 -0.20330068 -0.29173145
v -0.33652729 0.08714264 0.03421748
v 0.76541203 -0.07101445 -0.12765492
v -0.15226385 0.13322492 0.45842138
v -0.68603736 0.02935093 0.14584874
v -0.42669147 -0.18829912 0.42864162
v 0.46578676 -0.22192870 0.10040345
v -0.63451922 -0.07892794 0.27162546
v 0.53994024 -0.16213222 0.29500920
v 0.20641424 -0.09327657 0.19629039
v -0.02346979 -0.15509991 0.33153322
v 0.34232008 0.02628977 0.09651390
v -0.38034824 0.33550477 0.48239091
v 0.07490668 -0.21791959 0.06784308
v -0.55573684 -0.07914416 -0.50676394
v -0.43533960 0.17413886 0.05982009
v -0.21692704 0.28098175 0.41233048
v -0.29755917 0.21056306 0.38181999
v 0.67115909 -0.09058131 -0.13198611
v -0.15636878 -0.04211288 0.01338692
v -0.02389079 -0.03189107 -0.58022887
v -0.15565087 0.04533816 -0.36669710
v 0.13046890 -0.16679186 0.06833129
v -0.40470648 0.06710331 0.47274786
v -0.29093114 0.20443358 0.38896075
v 0.26880229 0.01373369 -0.19571362
v -0.02753348 -0.16134733 -0.68108445
v 0.73334509 -0.02626921 -0.35500008
v -0.24576001 0.07953811 -0.50022280
v 0.28963441 -0.22366299 -0.21019845
v 0.37665573 0.30099288 0.26236787
v 0.66082579 -0.01884163 0.01113238
v 0.35876900 -0.11349852 -0.48157579
v 0.30672622 -0.18975912 -0.17978615
v -0.16684555 -0.18610010 -0.36061636
v 0.56550884 -0.17544599 0.03139327
v -0.46326414 0.10013033 -0.39466223
v -0.10073898 -0.19542013 0.38526431
v 0.49722812 0.24543062 0.44872427
v 0.07349934 -0.23406848 -0.09524909
v 0.74036890 0.26688525 0.35384825
v 0.75734514 0.19189988 0.37902296
v -0.60417944 -0.27854005 0.40190420
v -0.01571611 0.13223024 0.21283230
v -0.03622437 -0.13941300 -0.15761018
v -0.13059112 -0.25072667 0.24167950
v -0.15649204 0.04869745 -0.38194636
v 0.12633698 -0.23891389 -0.16802125
v 0.87369406 -0.04990011 -0.20849749
v -0.37159544 0.37163916 0.45972151
v -0.29151967 0.07879627 -0.18645015
v 0.30006868 -0.22906499 0.24928433
v 0.30472568 -0.31664222 0.35903087
v 0.65605801 0.09126297 0.27113041
v -0.63186413 0.16209348 0.24281938
v 0.44626355 -0.21789651 0.39082074
v 0.60044074 -0.18944837 -0.11277602
v 0.19918084 -0.21019483 -0.11908573
v -0.32501897 0.15249172 0.47334620
v 0.40503389 -0.23294351 0.05465191
v -0.66282940 0.05367801 -0.28499609
v -0.61098003 0.21350776 -0.54939795
v -0.16784194 0.05796738 -0.43995219
v 0.18651105 0.24109609 0.44413579
v -0.50162405 0.18587118 0.41809854
v 0.34132108 -0.08283769 -0.05065807
v -0.52942407 -0.10400222 -0.54917729
v -0.02152792 -0.22239228 0.10496243
v 0.51522052 -0.22666024 -0.23204148
v 0.05520413 0.06318159 -0.14169666
v -0.57569945 -0.13979101 0.22076069
v 0.14569493 -0.08582740 -0.40488178
v 0.83187449 0.12076954 0.14459306
v 0.52907860 0.27045995 0.42561847
v 0.34691918 0.15111838 0.18074229
v -0.60716802 -0.11301439 0.16280203
v -0.47908714 0.01688274 -0.31852561
v 0.12086193 -0.21106720 -0.30696809
v 0.49756137 -0.22738284 0.32786497
v 0.82050771 0.18426915 0.23158686
v -0.57967335 0.10248636 -0.29331046
v 0.05911497 -0.11219035 -0.39072761
v -0.12845717 0.13918178 0.17591834
v -0.04431310 0.15906157 0.18909256
v 0.70360142 -0.10021938 -0.13668871
v -0.18408173 0.04771886 -0.67830664
v -0.02875794 0.00723831 -0.47697687
v -0.62411267 -0.09473798 0.25146484
v 0.21936621 -0.03594561 0.19595370
v 0.25625327 -0.20327380 -0.16590399
v -0.26593328 0.29986098 0.35611975
v -0.03326196 -0.20696609 0.21337079
v -0.70186472 0.27001756 -0.29483137
v -0.53511149 -0.20684172 0.22562237
v 0.50553304 0.25044459 0.15443318
v 0.24163821 -0.19864064 0.24827889
v -0.13515443 -0.10393383 -0.15415362
v 0.76684976 0.04116003 0.16443723
v -0.25480705 -0.10003812 -0.06153109
v 0.74529332 0.27792585 0.27924600
v 0.06673411 0.07287915 0.17493397
v 0.59250385 -0.00074871 0.34580383
v -0.23526345 -0.03145627 -0.07649725
v 0.16392122 -0.23148197 -0.29337913
v -0.31951499 0.18016809 0.44340387
v -0.02609756 -0.13514738 -0.18931001
v -0.27541545 0.22224516 0.17830494
v 0.17972970 0.09984305 0.39521214
v 0.41449100 -0.29269323 0.35035050
v -0.20776880 0.06879579 0.47452101
v -0.36750534 0.13272963 -0.00803272
v -0.55450094 0.04184969 -0.29432884
v 0.42739120 0.29254329 0.05807630
v 0.48080528 0.01829465 0.12786356
v 0.22518393 0.01777258 0.32088569
v 0.59871936 -0.07320312 0.34024522
v 0.07957119 -0.16754708 0.16649850
v 0.35244319 -0.22996779 0.09622197
v -0.55796254 -0.01767501 -0.35739660
v 0.49869606 0.05119236 -0.21313867
v -0.00551474 0.03330432 -0.15923050
v -0.51346600 0.07862607 -0.60230261
v 0.50255203 -0.14558816 0.42769706
v -0.39826435 -0.13936910 -0.03354251
v 0.10818970 -0.22816889 -0.23469999
v -0.66495287 0.02153913 0.33483720
v -0.54921126 0.04546184 -0.39183024
v 0.57840425 0.04546596 0.30138275
v 0.39706221 0.20646179 0.40302470
v -0.33829561 0.10414453 -0.03603058
v -0.59556967 0.00750963 -0.48862958
v 0.25377461 -0.03615399 0.45573205
v -0.20254432 -0.13659941 0.14359650
v -0.38293985 0.39562222 0.42373452
v -0.13148028 -0.26383331 -0.47007462
v -0.28142190 0.06332869 -0.62861186
v 0.57710612 0.26833934 0.28626767
v -0.63350195 0.18102637 -0.48166370
v 0.45108137 0.05322645 -0.15217367
v -0.38807875 -0.06244503 0.48553580
v 0.47106805 0.08302193 0.26130283
v 0.46607170 0.33524323 0.19637640
v -0.40983328 -0.24574934 0.23663391
v -0.46945497 0.20135461 0.12706937
v -0.63783616 -0.17323048 0.44136149
v 0.92064041 -0.01914290 -0.26816845
v 0.77883649 0.16746885 0.34206715
v -0.62738311 -0.27721587 0.42397520
v -0.41746530 0.15104569 -0.34500051
v -0.19685782 0.17009002 0.21829079
v -0.52888727 -0.17721380 0.41515297
v 0.20597051 -0.09480506 -0.43547231
v 0.42975464 -0.16766150 0.40348962
v 0.03438414 -0.12646729 -0.31957084
v 0.78560108 -0.00480191 -0.06792609
v 0.40877357 -0.21104856 -0.03880592
v -0.32867721 -0.04956735 0.47717202
v -0.19115965 -0.19098653 0.48239845
v -0.31510013 0.36848953 0.40490261
v -0.51636750 -0.11484910 -0.03207372
v -0.08808576 -0.13028088 0.42952594
v -0.13662370 -0.03031017 -0.29847214
v 0.18585004 0.04537353 -0.17009848
v -0.12601656 -0.09940984 -0.43169823
v -0.54582614 -0.18605040 0.24572170
v -0.02403630 -0.13136765 -0.19800235
v 0.32922181 0.19261998 0.37328920
v -0.53284442 -0.20819475 0.23135044
v -0.08095396 -0.01767915 -0.52224422
v 0.49046332 -0.15116012 0.41926125
v -0.54786479 -0.12460711 0.08630138
v 0.65560341 0.13680226 0.14855857
v -0.60868621 0.12442022 -0.58304268
v 0.21993484 -0.02322591 0.39566037
v 0.34718430 -0.23563582 0.22241113
v 0.50589663 0.22061095 0.07950382
v 0.85023546 -0.00802106 -0.22530569
v 0.73260927 0.00280351 -0.33303240
v 0.40315163 0.16794276 0.18165867
v 0.50198793 -0.20540193 0.27219710
v 0.26453543 -0.12882206 -0.12028646
v -0.18202329 -0.15807681 -0.66757756
v -0.65110236 -0.00115766 0.04942080
v 0.37266794 0.14030781 0.18864565
v 0.61646038 -0.01004751 -0.14088839
v -0.05578419 -0.16991678 0.34643897
v 0.32760730 0.03503769 -0.23451547
v -0.26859537 0.06086190 -0.25993282
v -0.15017177 -0.03656501 -0.53464711
v -0.45493942 -0.22996230 0.40897343
v 0.47577718 0.18758063 0.03379798
v -0.12916578 -0.09288923 -0.25098279
v 0.49430257 0.25724331 0.36146730
v 0.16605103 0.02157913 -0.33247682
v -0.47660032 0.35716003 0.46372408
v 0.79154384 0.14562310 0.31065297
v 0.40524679 -0.22111718 0.37784889
v 0.59624821 -0.07360192 -0.33843839
v -0.48049828 -0.12715974 0.03609955
v 0.35480988 0.22870162 0.28138757
v -0.08662773 -0.09306063 -0.14930339
v 0.26329476 -0.04234670 -0.14076513
v -0.60698152 -0.14555757 0.43866426
v 0.35231093 -0.16898912 -0.16147183
v -0.13017184 0.18546702 0.30062467
v -0.15369080 0.15627274 0.45727324
v -0.65440792 0.13581733 -0.54122144
v 0.01128063 -0.22857924 0.06013552
v -0.69126195 -0.18761835 0.41047761
v -0.63829470 0.10132282 0.05641013
v 0.73134530 -0.10639946 -0.14834063
v 0.52997369 -0.01096825 0.09964040
v -0.30851170 0.07919362 -0.32112640
v -0.09439099 -0.24079232 0.25811392
v 0.65697193 0.02805370 0.48057437
v -0.65460449 -0.02186500 -0.32722738
v 0.22948430 -0.16557303 0.33719340
v 0.36345351 -0.23368175 0.21606989
v 0.26215893 -0.22223914 -0.37165928
v 0.35788363 -0.04545552 -0.13776515
v -0.42065942 0.40421617 0.33414137
v 0.43941674 0.19496088 0.35160390
v -0.47096288 -0.12647624 -0.07026688
v 0.52210039 0.04686099 0.25959951
v 0.65886295 -0.08238866 -0.27412096
v -0.67608577 -0.12615013 0.43172160
v -0.25106904 0.00132677 -0.61896968
v 0.35796010 -0.28320637 0.39287505
v -0.13015963 0.27383274 0.37114927
v -0.49797314 -0.05489092 0.46639243
v 0.04703922 0.04069809 -0.20749852
v -0.11745461 0.14839448 0.21503405
v -0.09918825 -0.07302184 0.47462651
v 0.49928793 0.03015581 0.06304015
v 0.35316780 -0.17798513 -0.17135265
v -0.04327701 -0.02569271 -0.39447841
v -0.19077815 0.13338330 0.47376508
v -0.15801139 -0.15521425 -0.63024461
v -0.43360606 0.16348952 0.02420829
v 0.79679888 0.21851684 0.16623583
v -0.14229204 -0.19480820 0.15290436
v 0.56850201 -0.20428583 -0.04907869
v -0.24967822 -0.28590715 0.41239876
v 0.27707162 0.01407565 0.47395644
v 0.18354163 -0.00734610 -0.37929589
v 0.39065453 -0.18639365 -0.09141047
v -0.03406359 -0.20741488 0.21244355
v 0.47091702 0.01975214 -0.34447363
v -0.11024722 0.04201509 -0.44555590
v -0.38920027 -0.07285176 -0.29016989
v -0.60525894 0.18864466 -0.36007535
v -0.07778794 0.22002396 0.30976376
v -0.66798347 0.05391175 -0.36695325
v 0.47071326 0.22426890 0.23988332
v 0.19505090 0.01842341 -0.35068971
v 0.03283746 -0.16010369 0.25543103
v -0.23643513 0.06703222 -0.57851452
v 0.46104720 0.05509291 -0.05463970
v -0.39571092 -0.05079309 -0.28483695
v -0.47730863 -0.05287502 -0.38402605
v -0.03593894 -0.15523179 -0.13844985
v -0.34035143 0.06175954 0.46673164
v -0.01408595 -0.03359840 0.40667725
v -0.11824223 0.05151947 0.48456696
v -0.17538655 -0.24483031 -0.55833411
v -0.62267846 -0.04606513 -0.29900590
v -0.49593386 -0.08450534 -0.38985065
v 0.19692808 0.15499499 0.42948356
v 0.76070970 -0.10400238 -0.23135340
v 0.47377047 0.29602787 0.05478231
v -0.47003990 -0.12940015 -0.00507032
v -0.35222632 0.13054113 -0.31970152
v 0.89327872 -0.02224333 -0.33077821
v 0.44974005 0.18270142 0.26949245
v 0.44646603 0.05317838 -0.17347637
v 0.34510592 0.27415311 0.36386687
v -0.57409739 -0.25817174 0.41100922
v -0.60806566 -0.07841191 0.02590365
v 0.34466013 -0.30310786 0.40045255
v -0.23944925 -0.26500362 0.38383946
v 0.77100456 0.24825582 0.19743289
v -0.28637013 0.12332929 0.13289344
v -0.78545201 0.17466746 -0.40480360
v 0.55627221 0.04015302 -0.19220789
v 0.37394476 0.25347441 0.22042596
v 0.40664622 0.04451696 -0.00963776
v 0.33593661 -0.21060751 -0.38843459
v -0.13195872 -0.11153104 -0.48760086
v -0.03865214 -0.09508073 -0.26440650
v -0.40340135 -0.05543498 0.48555446
v -0.25357217 0.00353987 0.11629145
v -0.65002769 0.14153604 0.16234966
v 0.39221492 0.24682705 0.39264697
v -0.44524130 -0.17263240 -0.53215384
v 0.00079211 -0.14079915 -0.23446043
v 0.22821242 0.17954992 0.38920403
v -0.00619545 0.09078694 0.33654439
v 0.10386029 -0.14252801 0.16104674
v -0.19687735 -0.24276681 0.48950416
v 0.44497085 -0.25163016 0.31668910
v 0.58935863 -0.19566037 -0.08875712
v -0.47009286 -0.14424179 -0.57698452
v -0.54045337 -0.19217151 0.41790038
v 0.29635462 0.00644046 0.11519922
v 0.79335517 0.24122036 0.24089763
v 0.70410335 0.04525760 0.12266879
v -0.59420520 -0.11414944 0.13246901
v 0.60394269 0.01624376 0.34252292
v -0.02464178 -0.13971537 -0.18705519
v -0.67465061 0.08706253 0.23699982
v 0.37846521 0.20718507 0.13708757
v -0.18249595 -0.29718944 -0.44934380
v 0.10112192 -0.16532262 -0.34254906
v -0.02196379 -0.18818992 0.26996371
v 0.11079463 -0.14211167 0.14914882
v -0.11345005 -0.08817830 -0.35464925
v 0.16380133 0.05541756 -0.17539649
v -0.29671311 0.07681584 0.11629330
v 0.53942251 -0.06992887 0.29892352
v 0.50356072 0.26153660 0.35143098
v -0.56249565 0.16109049 0.03495350
v -0.44407064 -0.13063380 0.00802316
v -0.26927271 0.29362950 0.36466902
v 0.70213318 0.17574461 0.44538146
v -0.15262774 -0.22701524 0.46817473
v -0.15751839 -0.07002426 0.01455803
v 0.42842859 0.24656714 0.33336648
v 0.74354190 0.00322582 -0.28540203
v -0.04505684 0.19055030 0.24188855
v -0.48857272 -0.00444548 -0.63713634
v 0.47645393 0.06453186 0.25977620
v -0.68733829 0.18273984 -0.52626163
v -0.35424501 0.25195169 0.18088241
v -0.32513139 0.11718755 -0.33564475
v -0.36688602 0.04638878 -0.45889470
v -0.14905326 0.18101433 0.48293647
v 0.38882640 -0.22960709 -0.35585499
v -0.38997018 0.33099720 0.27742755
v 0.71793962 -0.01514604 -0.31951761
v 0.41842794 0.03361094 0.41970375
v 0.10418038 -0.12650868 -0.41378641
v -0.08957055 0.06726465 0.03886165
v -0.17984590 -0.06030671 -0.13833398
v -0.23162244 -0.23423102 0.33881855
v 0.13457008 0.01978437 0.06480222
v -0.48790959 -0.00678694 -0.48251233
v -0.27370837 -0.00289829 0.45871338
v -0.66298592 0.12707625 -0.63103509
v 0.36299637 0.25667891 0.26113158
v -0.71198434 -0.00363247 -0.30349821
v 0.34385800 0.02318986 0.08296476
v 0.38094950 0.01578793 -0.18642581
v 0.43839717 0.04814975 0.38750917
v 0.79882711 0.00696271 0.04317051
v -0.44876063 0.15350407 -0.01537323
v -0.29908004 0.07662228 -0.20980740
v 0.51970297 -0.06947555 0.14452121
v 0.81547445 0.10082070 0.03410977
v 0.19712684 -0.14133349 -0.41750157
v -0.13855854 0.03437347 -0.57029867
v -0.20544943 -0.07273512 -0.62875193
v 0.31083363 0.18925853 0.33604676
v -0.23435645 -0.16996633 -0.56881386
v -0.34253711 -0.22410224 -0.49929383
v -0.31279862 -0.14091091 0.46234414
v -0.64005888 -0.16251959 0.44093400
v -0.65494072 0.00099461 0.05581325
v 0.25272784 -0.11245085 0.09789192
v -0.19377528 0.05929519 -0.47540897
v -0.19403373 -0.19311844 -0.50617820
v 0.32058892 0.21057495 0.37613928
v 0.20587966 -0.17487435 -0.07736515
v 0.20941658 0.01340208 -0.13758351
v -0.21331078 -0.15763971 0.16885872
v -0.18376775 0.01434599 -0.22267461
v 0.48502973 -0.26497892 0.33966875
v -0.43124112 0.11443194 -0.46077234
v 0.50310248 0.02257575 -0.32120103
v 0.59919828 0.22280450 0.23846078
v -0.66991508 0.10492332 0.27712485
v 0.22359438 0.09290020 0.40710667
v 0.67023426 0.04598032 0.03865435
v -0.62173843 0.17228435 -0.57713664
v 0.38027754 -0.12502991 -0.46199054
v 0.15989038 -0.16336650 -0.38445532
v 0.77090472 0.11180256 0.34195715
v -0.53885949 0.13339071 -0.31284580
v -0.34844664 -0.20147084 0.46309644
v -0.53586727 0.18712048 0.10567810
v -0.49005511 -0.20918722 0.33371520
v 0.53860277 -0.18381223 0.06766906
v -0.63195407 0.08081859 -0.38571593
v -0.37461364 -0.09668709 0.10105162
v -0.26827228 -0.21500273 -0.58536255
v -0.10279010 -0.03590815 -0.45537198
v -0.61324090 0.05717988 -0.38294816
v 0.75619364 0.04435711 -0.07645016
v -0.14179242 -0.15303203 -0.48360282
v 0.45633760 0.15269522 0.37986585
v -0.14617704 -0.23853865 0.28566739
v 0.63418174 -0.06744117 0.48027164
v 0.18939497 -0.11911272 -0.00816139
v 0.50871998 -0.08168517 0.15869448
v -0.08163763 -0.21162772 0.35919988
v -0.04052221 -0.00912456 -0.15880075
v 0.07485326 -0.09500945 0.25688115
v -0.49269143 -0.08675504 -0.39105669
v -0.15804842 0.02061806 -0.32003757
v 0.30779219 -0.23034847 0.21070899
v -0.20994993 -0.05718861 0.08205218
v -0.84057981 0.14854975 -0.42713335
v -0.41871509 0.13215028 -0.07895300
v 0.81727153 -0.05986450 -0.16183518
v -0.27161631 -0.05212907 0.02251574
v 0.31169671 -0.34408283 0.37823629
v 0.14096458 0.02380763 -0.31850255
v -0.13213722 -0.16984640 0.08287571
v -0.04956941 -0.19044007 -0.71356452
v 0.38501051 -0.05754240 -0.42495093
v 0.69886595 -0.03598073 -0.23283798
v 0.27475291 0.00204443 -0.18522118
v -0.38541976 0.01280463 -0.32440114
v 0.25455800 0.17194669 0.43760580
v -0.27597576 -0.01841540 -0.62151229
v -0.04442316 -0.21869658 0.08774817
v 0.33442581 0.22420093 0.26896858
v 0.50882709 0.00353373 0.10887828
v -0.12872230 -0.06859789 -0.27822745
v -0.50573909 0.15462564 -0.54317296
v -0.08733058 0.01983661 -0.43729308
v -0.75537729 0.06461482 -0.38499537
v 0.39662424 -0.22067092 0.37380898
v -0.63027835 0.14691356 0.32321781
v -0.34218025 -0.16065530 -0.25041094
v 0.30762663 -0.05459569 -0.42809758
v -0.31868747 0.00116660 0.45532069
v 0.90204877 0.00961459 -0.36116579
v 0.45155752 -0.22919667 -0.12970489
v -0.18881683 -0.28036883 -0.36882046
v -0.68531054 0.01836123 0.18463133
v 0.19132386 -0.09174772 -0.00696502
v -0.56506228 0.19727111 0.31505862
v -0.36229017 0.09159312 -0.58816314
v 0.40997213 0.19486794 0.10900594
v 0.67330945 -0.00695819 -0.11662047
v -0.67949623 -0.15675265 0.42580348
v 0.56858015 0.17376079 0.25622633
v 0.56420380 0.04533288 0.48842925
v -0.35069090 0.07370667 -0.61132425
v 0.25470668 0.10541713 0.23145063
v -0.27381080 -0.25913680 -0.48440978
v -0.39138463 0.12620805 -0.08321792
v -0.22074120 0.00734717 -0.13248374
v -0.59007913 -0.04262998 -0.05162455
v -0.46250305 -0.12942663 -0.05080778
v -0.02509967 0.22463992 0.30374503
v 0.75966698 -0.01889314 -0.18918590
v -0.19140172 -0.06455799 -0.09309234
v -0.59263569 0.09474193 -0.51090431
v 0.75915682 0.24847078 0.18481709
v -0.51441491 0.16640186 0.02912157
v 0.18907416 0.29447690 0.39653850
v -0.72254932 0.12558283 -0.30799714
v -0.17301776 0.30048916 0.38964784
v 0.71458793 -0.09164093 -0.09732292
v -0.70181632 0.00846402 -0.47684306
v -0.70955569 -0.00215094 -0.56478959
v 0.81671494 0.05766534 0.02322326
v -0.10912622 -0.25166178 0.28730181
v 0.85245645 -0.05258318 -0.19294852
v -0.54336810 0.16366109 -0.53807193
v 0.50283957 0.23671377 0.46071619
v 0.48692739 -0.22952805 -0.24200740
v -0.31417963 0.03244164 0.45684204
v -0.68021005 0.03309288 -0.51602000
v -0.40708217 -0.04802519 -0.64305824
v 0.30136475 0.20395565 0.45635220
v -0.73862135 0.19646031 -0.32506904
v -0.48018846 -0.04288098 -0.63328767
v -0.36647967 0.18741331 0.11040523
v 0.41349754 0.18477659 -0.04135711
v -0.36920929 0.07395919 -0.20520206
v -0.32672456 0.09252524 -0.53938818
v 0.61728036 -0.13131346 0.40270409
v 0.62641996 -0.15841889 -0.16229011
v -0.50318390 0.10396323 -0.37921661
v 0.65480745 -0.00709656 -0.03024488
v -0.50924677 -0.12343726 0.02195813
v 0.42497888 0.21970600 0.41749820
v 0.17888917 0.20493110 0.44683340
v 0.40250739 -0.29773760 0.34684762
v -0.42917782 -0.05476506 -0.46488330
v 0.48240852 -0.00952132 0.47959253
v 0.32024434 -0.03462953 -0.16222054
v -0.36191645 -0.15734431 -0.17735200
v 0.39307761 -0.23155050 0.05535848
v 0.72271472 -0.10994793 -0.18984750
v -0.05997812 -0.08773747 -0.22312465
v -0.44911054 -0.13166855 0.00085104
v 0.71889466 -0.02166481 -0.23371468
v -0.26974368 0.27452764 0.28088415
v 0.56142646 0.03517501 -0.20372000
v 0.05781041 -0.16457315 -0.29435948
v 0.02712877 0.06399847 -0.12020711
v 0.25656262 -0.08038035 -0.43188062
v -0.28277895 -0.00837044 0.03754919
v -0.42484698 0.34263843 0.48202410
v -0.65553665 -0.02893214 -0.53420550
v -0.38533267 -0.24488422 0.44522086
v 0.32060423 -0.14502184 0.01725069
v 0.67464209 0.05368460 0.02786991
v -0.75572366 0.07843930 -0.58596534
v -0.51021391 -0.22591050 0.20317543
v 0.27320552 -0.25825709 0.32875144
v 0.83131081 0.12351834 0.10146640
v -0.18330467 -0.15866184 -0.21959230
v 0.64877099 0.26359683 0.43112406
v -0.66368687 0.13241912 -0.54981124
v -0.16062662 0.16682450 0.45934755
v 0.71558011 0.25481746 0.17712414
v -0.13467667 0.25695065 0.35914749
v 0.79002899 -0.00345693 0.03963646
v -0.16839352 -0.03422007 0.03509977
v -0.54057068 -0.04208649 -0.46524251
v -0.15394890 -0.22307383 0.27210888
v -0.74976569 0.03171363 -0.28687912
v 0.63049877 -0.13376306 0.43362993
v 0.39788789 0.32193714 0.22611898
v -0.29414746 0.09981103 0.12284045
v 0.38745403 0.07008283 0.21942534
v 0.11880992 0.00240339 -0.33134344
v 0.63156521 0.03319795 0.32972169
v 0.54148847 0.25938979 0.44711322
v -0.35149974 0.07030930 -0.46373335
v -0.00789015 0.12040403 0.31152073
v -0.36522600 -0.13166577 -0.28854147
v 0.48277113 0.02248307 0.11307514
v -0.79177785 0.03794270 -0.32418916
v 0.82087380 0.06438142 0.04481580
v 0.31776857 -0.26971832 0.35159311
v 0.83133519 0.14689872 0.14283121
v 0.76592886 0.04355102 0.16825283
v -0.09323741 -0.20113291 0.37733823
v -0.08627006 -0.00265666 -0.06618069
v 0.38174340 0.29944706 0.32558039
v -0.61610866 0.00579692 -0.55728161
v 0.80042845 0.05114657 -0.02593109
v -0.66758162 0.03044909 -0.28338787
v 0.41578776 -0.22776218 -0.34979758
v -0.05289701 -0.21315567 0.19378676
v -0.15408063 0.04461387 -0.36585787
v 0.45457283 0.03270083 0.36998615
v -0.28706911 -0.26004234 0.37693653
v -0.00306192 0.14968432 0.29705808
v 0.55374718 -0.18710095 0.02772313
v 0.50107098 -0.08305260 0.17446421
v 0.37035018 0.28679976 0.25573784
v 0.81117517 0.21030003 0.23682176
v 0.33906925 -0.11262470 -0.13687457
v 0.43427062 0.19627912 0.15361850
v -0.44675201 -0.08777282 -0.45125428
v 0.74797958 -0.02131115 0.04968994
v 0.51342553 0.08597763 0.26294523
v 0.18620548 0.05038348 -0.24679667
v -0.42366320 0.20330118 0.44302082
v -0.45597997 0.42037195 0.35556543
v -0.41066015 0.33757752 0.28809628
v -0.70063972 0.27013069 -0.32422069
v -0.18254811 0.06134424 -0.40483260
v -0.15206669 -0.27783361 -0.55830747
v 0.60093319 -0.19061312 -0.16762044
v -0.49468958 -0.12100250 -0.33026260
v 0.14265411 0.20608220 0.40677613
v 0.11301917 -0.09109717 -0.38406157
v -0.01353814 0.11772668 0.13846563
v -0.14959002 -0.02055566 -0.27117202
v 0.76120454 0.15430959 0.37047741
v 0.03396945 -0.01142879 -0.26464543
v 0.37224227 0.25712797 0.23532878
v -0.48212641 0.13426168 -0.53835964
v 0.21522629 -0.02566667 -0.40501001
v 0.40461561 0.17831804 -0.01987107
v 0.33539122 -0.14199425 -0.01065084
v -0.03028470 -0.04069103 0.42227840
v -0.35055161 0.08311512 -0.59400249
v -0.31777781 -0.00723167 -0.63133234
v -0.52352858 0.10550109 -0.37642723
v -0.58717680 -0.12344176 0.15592721
v 0.36945081 -0.31564021 0.33415633
v 0.26863238 -0.01299064 -0.16350549
v 0.10098391 -0.13268851 0.17940526
v -0.63029408 0.08036960 0.38945323
v -0.20445628 -0.11977561 -0.77023160
v 0.47965467 0.28142518 0.25009072
v 0.30831718 0.26354167 0.44872692
v -0.63183665 0.09855682 0.04396311
v -0.31099313 -0.24099705 -0.62809908
v -0.11435226 -0.01136586 -0.35565829
v 0.46823680 -0.13614815 -0.41616306
v 0.28607389 0.03687362 0.47457811
v -0.56645513 -0.17603607 0.19497506
v -0.13839112 -0.13001896 -0.69810230
v 0.44349340 -0.22826111 0.10072709
v 0.39904764 0.04908996 -0.26379892
v -0.66989166 0.11791579 0.22078885
v -0.61570108 -0.10059711 0.13295914
v 0.41276428 0.15906657 0.25881228
v 0.54312778 0.11453132 0.46746230
v -0.21327369 0.15295403 0.46176893
v -0.14696227 -0.05011044 -0.23398782
v -0.73563880 0.26532498 -0.31439933
v -0.31320116 0.30438343 0.26099253
v -0.57458603 0.21135464 -0.53200477
v -0.49528098 0.36242971 0.41234806
v 0.49698710 -0.21532805 0.06313059
v 0.56935269 0.09031831 0.47495860
v -0.51491630 -0.14214341 0.41335055
v 0.51389116 -0.14413469 -0.38295195
v 0.47601289 0.27140936 0.03791379
v 0.14592239 0.25936571 0.43166706
v 0.73964214 0.05908968 0.30156380
v -0.45348060 -0.15596360 -0.45433524
v -0.82469213 0.05024159 -0.29909414
v 0.72698075 -0.10369191 -0.13524827
v 0.75230747 -0.04657482 -0.01040766
v 0.25245488 -0.01809235 0.45142144
v -0.44243613 0.15858322 -0.49097735
v -0.52669185 0.21036157 0.23750673
v -0.42009008 0.07399793 -0.46837425
v 0.53889656 -0.01395231 0.16528891
v -0.50318432 0.05395101 0.47875804
v 0.36743808 0.27124849 0.39888430
v -0.10878214 0.20040603 0.48711652
v 0.59880942 0.05285734 0.30705929
v -0.63036668 0.10566989 -0.28748614
v -0.62418699 0.10448436 0.02526772
v -0.10585663 -0.12616411 -0.64639360
v -0.74053800 -0.02567488 -0.51147777
v 0.21664336 -0.00347515 0.34811392
v -0.27778903 -0.23497824 -0.65670180
v -0.44111305 0.40201384 0.40909654
v -0.45992339 0.27622890 0.48153222
v -0.63217127 -0.09407765 0.42179829
v -0.09540816 -0.21971574 0.38356826
v 0.76904982 -0.02393152 0.02367109
v 0.35370451 -0.27116665 0.38067874
v 0.31338316 -0.02980896 0.49006611
v -0.00332297 -0.02721780 -0.22468837
v 0.34963083 0.23080096 0.26574966
v 0.65076476 -0.01514510 0.01388034
v 0.56949055 -0.16909783 0.37349993
v -0.54112816 -0.02631716 -0.61350262
v 0.51995289 -0.20936775 0.04575207
v -0.45154974 -0.13075356 0.41887090
v -0.48127836 0.40973336 0.36722103
v -0.38327527 0.00297121 -0.32199457
v 0.17974754 -0.05246592 0.00655235
v -0.65193933 0.13620007 -0.29245690
v -0.65813178 0.03709796 -0.51803154
v -0.75991148 0.09374990 -0.61243570
v 0.24128172 0.13832320 0.34228441
v -0.49935001 0.25410137 0.28333640
v 0.35407799 -0.13951313 -0.05003727
v -0.54304773 0.20697840 0.27136406
v 0.16150762 -0.23926634 -0.23531389
v 0.07698391 0.07286560 -0.10193533
v -0.04377331 0.04864028 -0.07376229
v 0.29775083 -0.22806470 0.21183796
v -0.61218125 -0.24875307 0.36429897
v 0.24935165 -0.23348427 -0.21724159
v -0.43531206 0.02689601 -0.33156312
v -0.35895047 -0.09939175 0.05662964
v 0.49496746 -0.07530477 0.25586718
v -0.66547799 0.10940964 -0.55585623
v 0.72466099 0.08413941 -0.04593324
v -0.20563671 0.05520847 -0.55805731
v 0.53280681 -0.09076109 0.12517740
v -0.36027768 0.38294744 0.42935884
v -0.42654943 0.14108779 -0.05446580
v 0.13687885 -0.08734194 -0.40005276
v 0.47618875 0.02375671 0.46354300
v -0.31219387 -0.25004256 0.34606457
v 0.53056186 -0.03658083 -0.36047328
v -0.02961166 0.14828274 0.18435702
v -0.09314593 -0.02892117 -0.39316842
v 0.42438707 -0.10802591 0.47527847
v 0.22991161 -0.00101834 0.39846599
v -0.15530747 -0.06167397 -0.03681790
v -0.29114693 0.27117935 0.26913360
v -0.23209468 -0.03276528 -0.08286013
v 0.52169418 -0.11102994 -0.42998284
v -0.44380033 0.10048989 0.48466474
v -0.08417987 0.24980690 0.38138464
v -0.15430644 -0.28664926 0.39517173
v 0.58945429 -0.07616989 0.33342010
v -0.09681083 0.02076967 -0.46733877
v 0.12499937 0.18933135 0.44961011
v -0.38539946 0.14878856 -0.33180171
v 0.36288261 -0.12510160 -0.46844706
v 0.52896684 -0.08739553 -0.41894770
v 0.21769458 0.08488798 0.42004201
v -0.61188334 0.05582579 -0.51551074
v -0.25097293 -0.07421860 -0.02373372
v 0.59554088 -0.16707236 0.42457974
v 0.79414374 -0.00024011 -0.03420948
v -0.68883240 0.04131979 0.22698019
v -0.12180704 0.22623301 0.32118714
v -0.22894859 -0.17783962 0.20731862
v 0.40554914 0.20762888 0.42639491
v -0.03038323 0.09840433 0.06279271
v 0.65183944 0.09010582 0.27427587
v -0.52739352 -0.10043432 -0.35681096
v 0.48828334 -0.10114493 0.20971189
v -0.35728759 -0.26378870 0.43460110
v 0.26889035 -0.10701631 -0.47046915
v -0.42467064 0.18907528 0.44416165
v -0.25919509 0.08198681 -0.34052563
v -0.69192648 -0.02046701 -0.47219741
v -0.06169707 0.00163477 -0.36567149
v -0.04914039 0.16358750 0.19150351
v -0.53473592 -0.02597266 -0.36317769
v -0.29238936 -0.24888082 0.34553602
v -0.22221799 0.10423812 0.13691510
v -0.56798470 0.06122200 -0.58334303
v -0.30477148 -0.19937362 0.27707207
v 0.16594896 -0.23165332 -0.13719134
v -0.60742635 0.18070768 0.21607332
v -0.55588365 0.05888842 0.45979226
v -0.28217396 0.06227800 -0.30869457
v 0.61143082 0.28574505 0.29966459
v 0.19987813 -0.02490701 -0.07007542
v 0.79450214 0.19566646 0.31332806
v 0.40274906 -0.23268615 -0.34474012
v 0.05239553 -0.23221076 -0.09548078
v -0.66714531 0.21341936 -0.57760942
v 0.65148604 0.00240012 0.48020476
v -0.63243145 -0.21113366 0.43808773
v 0.49354926 0.03805692 -0.28635225
v 0.09283069 0.01526322 0.20643017
v 0.14195262 0.20545360 0.40340173
v 0.27894646 0.19646911 0.39361161
v 0.15471199 -0.13915411 -0.40119874
v -0.47489405 0.17298484 -0.33307785
v -0.23196834 -0.15620956 -0.57784027
v -0.36639068 -0.20998809 -0.49220893
v -0.61494243 -0.23576903 0.43761355
v 0.52646345 -0.00605229 0.17781729
v -0.49477938 0.10085899 -0.56208742
v 0.78260928 -0.02512255 -0.02654548
v -0.22658698 0.28919575 0.31347480
v 0.65899152 -0.09541385 -0.27080092
v 0.36223277 -0.33257437 0.33322385
v 0.16719158 -0.13938887 -0.40640488
v 0.20795107 -0.02037654 0.27480081
v 0.25757226 0.02149490 0.21723284
v -0.62085348 0.13239509 0.06019141
v 0.15438631 0.05184583 -0.23169398
v -0.28448594 0.07918711 -0.57855523
v -0.22967030 0.03121824 0.45301256
v -0.68951672 0.01771224 0.21607165
v 0.33778515 0.02476932 0.09882494
v 0.09505595 0.07262402 -0.01703113
v 0.04188956 -0.00259013 0.33673882
v -0.40875992 0.15464814 0.02043822
v 0.22775048 0.10538914 0.36145386
v 0.22782500 -0.18000972 0.27107278
v 0.00092980 -0.22473526 -0.01669455
v -0.38531777 -0.15255067 -0.14067017
v 0.60424310 -0.16426106 -0.04554943
v 0.28480980 0.14759280 0.21125492
v -0.25458610 -0.18721542 -0.24490865
v -0.09106288 -0.18456621 -0.67044401
v 0.24357443 0.03545973 0.39300948
v -0.24259034 0.20849913 0.19520609
v -0.64192414 -0.07899036 0.23845094
v -0.38872123 -0.12219600 0.03376869
v -0.40173638 0.16045217 0.46151626
v -0.45635796 -0.12568650 0.07814625
v 0.73307711 0.03018437 0.37157330
v 0.50405115 -0.15080391 0.14931627
v 0.64348972 -0.04572582 -0.15190183
v 0.11490978 -0.04878866 0.18974882
v -0.43394846 -0.18749958 0.42590049
v 0.64572936 -0.04368085 0.37006146
v -0.39476621 -0.16895977 -0.59522164
v 0.28230935 -0.09339331 0.46652767
v -0.80621636 0.15365578 -0.40477633
v -0.12523085 -0.11537287 0.00675315
v -0.48353893 0.18971358 0.42500541
v -0.15053432 0.17435354 0.47630930
v 0.46595621 0.06106045 0.45841128
v 0.53885144 -0.13587959 0.27906770
v 0.59033537 0.01684841 -0.05558930
v 0.48064181 0.05266378 0.30116546
v -0.54229742 -0.01916981 -0.30610925
v -0.72273612 -0.04388237 -0.52911466
v 0.65686941 -0.02018030 -0.06661884
v 0.12398245 0.16619322 0.46483925
v -0.60256904 -0.08068265 0.40820763
v -0.59749657 -0.11342788 0.24725114
v 0.39040270 0.25428456 0.39649835
v -0.30537134 0.10407113 -0.33530167
v 0.43973899 -0.02208512 -0.39710528
v 0.27739102 -0.05180508 0.07139983
v -0.33573437 0.08736396 0.05302804
v 0.50208819 0.02156784 -0.32413867
v -0.13656723 -0.13172887 -0.21152017
v 0.15006630 0.00194668 0.03991256
v -0.68770707 0.06999347 -0.65138239
v -0.06370486 0.09190790 0.06622837
v -0.10649782 -0.10904867 -0.28244150
v -0.23772591 -0.15881103 0.46985590
v -0.76013088 0.20401394 -0.39268744
v 0.43558401 0.05194918 -0.25647846
v 0.57898986 -0.05874764 -0.32986993
v -0.02804798 0.13777663 0.14656271
v -0.83108902 0.12887345 -0.34507230
v 0.27937323 -0.18955138 0.11146567
v 0.70663893 0.21811441 0.43190476
v -0.23940983 -0.13226143 -0.75024974
v 0.62321323 -0.15665263 -0.18391068
v -0.41815248 0.12703270 -0.53820103
v 0.38597694 -0.00071729 -0.10704932
v 0.38754514 -0.32307258 0.36659989
v 0.91335320 0.00395248 -0.26158923
v -0.49063322 -0.11788086 -0.35083199
v -0.48991856 0.22491591 0.39936945
v -0.39588937 -0.19388154 -0.53850323
v -0.62312603 -0.03109555 -0.34108919
v -0.30036387 -0.04618621 0.10930179
v 0.39295715 0.24716648 0.03920682
v -0.20768288 0.05275639 -0.58562803
v 0.37551287 0.22068375 0.41715980
v 0.53733003 0.07277658 0.47075859
v 0.42748711 0.18050739 0.19559069
v -0.18681714 -0.29235461 -0.44005451
v -0.45459998 0.09274928 -0.33547971
v -0.20429572 0.30298263 0.37386104
v 0.61829042 0.24623576 0.22935581
v -0.31888950 -0.23037180 -0.46794283
v -0.42220828 0.08088296 -0.40693930
v -0.18991300 -0.22311534 0.31320295
v -0.16538362 -0.27775618 0.35383981
v -0.34525836 0.25648612 0.21156327
v -0.06135679 0.17391396 0.20516139
v -0.70618927 0.15113440 -0.40393481
v 0.36376670 0.05759906 0.47381914
v -0.61173719 0.08542450 -0.01148188
v -0.48454461 0.14652419 -0.04207335
v 0.78697252 0.07637807 0.24831940
v -0.65286779 0.24345486 -0.31589764
v -0.13061211 0.04481130 -0.45600262
v 0.24204761 -0.24920349 0.32180277
v -0.47384149 0.40127537 0.38713577
v -0.33703941 -0.19970153 0.46700817
v -0.79110241 0.04690479 -0.28878054
v 0.37417355 -0.23373069 0.20674455
v -0.02020852 0.00313931 -0.49226624
v 0.27130303 0.04088469 -0.24499823
v 0.08001710 -0.21884915 -0.23596951
v 0.26897135 0.03417774 0.45308495
v -0.08866303 -0.22482353 0.37057686
v 0.56260002 -0.11082890 0.46726993
v -0.50097543 -0.11339417 -0.08200362
v -0.11256295 0.01460521 -0.34423450
v 0.21550383 -0.18003018 -0.39852583
v 0.77286685 0.18027160 0.35376781
v -0.18284625 -0.18994896 -0.48424825
v -0.03115107 0.27977267 0.41964638
v -0.72712308 0.08077945 -0.55292046
v -0.62172431 -0.22515532 0.43829679
v 0.27753681 -0.12956405 0.44384214
v -0.53649002 0.07201051 0.46950448
v 0.65884393 -0.10401765 0.45097214
v -0.04249531 0.25207758 0.35211700
v 0.39638314 0.03577576 -0.02758967
v 0.53584534 -0.13103412 0.11088320
v -0.49600235 -0.12921268 0.05462866
v -0.69855529 0.06774122 -0.55382282
v 0.08541390 -0.23317285 -0.12479340
v -0.15409878 -0.05720716 -0.21618569
v 0.77282381 -0.10489752 -0.21311603
v -0.18624230 -0.29665607 -0.44976500
v 0.45433402 0.05235569 -0.22701381
v -0.56188411 -0.18062186 0.20573802
v -0.54312485 -0.02150045 -0.12306513
v -0.55940700 0.09255224 -0.39125910
v -0.76413244 0.14522819 -0.32335609
v 0.49613523 0.05544151 -0.16141069
v 0.80886060 -0.01029312 -0.22852287
v 0.48988166 0.28959441 0.06126228
v 0.23685475 -0.07023097 0.12178266
v -0.26861042 -0.02618032 0.45767945
v 0.02883264 0.10137786 0.21270446
v -0.68761313 0.21819887 -0.31038851
v -0.66160303 -0.03319909 0.29298094
v -0.45439240 -0.14492063 -0.60424966
v 0.72980618 0.20306179 0.41438672
v -0.08168025 -0.03676786 -0.50833714
v 0.37653282 0.01192565 -0.05250688
v 0.05948262 -0.06975286 -0.32656503
v 0.41100454 0.19218485 -0.01099239
v 0.63290030 -0.12551117 0.47568569
v 0.55835164 -0.11957584 -0.38357231
v -0.32696787 -0.27187508 0.40851745
v 0.44896218 0.01167142 -0.36357793
v -0.01553032 -0.10851985 0.37365404
v -0.19777773 -0.19486910 0.28968590
v 0.26547128 -0.16331078 0.39833567
v 0.00483257 -0.22810997 0.01599571
v -0.20391013 -0.28571403 0.47968692
v 0.44748521 0.31718588 0.25932652
v 0.76344633 -0.04428029 -0.33250776
v 0.48070654 -0.19864623 0.13375692
v 0.55267882 -0.18010394 0.04519797
v 0.24993043 -0.02464659 -0.41086766
v -0.34705466 -0.22544736 -0.54321021
v 0.65768045 -0.03644960 -0.10114882
v 0.39758983 0.26734239 0.07879830
v 0.76850784 0.08835904 0.33677375
v 0.20474553 0.02967166 -0.33500662
v 0.22466260 -0.05383423 -0.09281988
v 0.60418123 -0.00627024 -0.22095171
v -0.18903580 -0.29520631 -0.45087776
v -0.26981685 0.25981766 0.25595099
v -0.36679283 -0.20056757 -0.46054760
v 0.54055095 -0.22376229 -0.16159390
v -0.08974896 -0.00131108 -0.05647807
v -0.11136665 -0.13286148 0.44514397
v -0.67382669 0.19456498 -0.54109883
v 0.21667539 -0.13604973 -0.44203463
v -0.74357295 0.04674655 -0.61185098
v 0.14037293 0.17577104 0.42238352
v -0.16418231 -0.05097859 -0.19677438
v -0.09326520 0.01569335 -0.57692242
v 0.23205902 -0.24196883 -0.28378367
v -0.66138840 0.08062413 -0.28617516
v -0.30161801 0.05851930 -0.31663445
v 0.84210819 -0.00643817 -0.23083870
v 0.28621802 -0.08979996 0.46972564
v 0.50199634 -0.13745497 -0.39700758
v -0.65949267 -0.22626716 0.41353357
v -0.17788050 -0.07520771 -0.09948971
v 0.10846345 -0.18222739 0.08804936
v -0.65505373 0.15756389 -0.36907816
v 0.12554699 -0.13170470 -0.38794872
v -0.45486730 0.02929750 -0.41479960
v 0.51358747 0.28342229 0.16377367
v 0.81408012 -0.02305520 -0.16102384
v 0.49074638 -0.06800466 0.22856902
v 0.26161599 0.14915028 0.25189281
v 0.06454197 0.03651839 0.27057603
v 0.58311522 -0.16275235 0.38614351
v 0.08045046 -0.17618735 0.14795749
v 0.71439141 -0.09324820 -0.25936279
v 0.13361976 -0.03268981 0.14221035
v -0.31413656 0.07069543 -0.02799703
v -0.21006800 -0.15712121 -0.55565047
v -0.15522005 -0.24113657 -0.40167233
v 0.47181827 -0.20411529 0.13818982
v -0.66246343 -0.04588446 0.26731509
v 0.76668996 0.14890566 0.02808348
v -0.07193208 0.19058068 0.25483489
v 0.14945832 0.19735330 0.37943706
v -0.00274601 0.25497431 0.40417662
v -0.18386619 0.18926105 0.45225158
v -0.65905493 0.15790696 -0.29947132
v 0.39614734 0.30606794 0.31275305
v 0.48838213 0.01332680 0.47217536
v -0.23340754 0.07662880 -0.47506151
v -0.62770551 0.15006238 0.32693925
v -0.53928900 0.19872282 0.36361456
v -0.10050141 -0.08313252 0.47186857
v 0.11132859 0.06633152 -0.11342350
v 0.53632325 -0.02403188 -0.34767327
v -0.43741724 -0.13175987 -0.40809336
v 0.41197392 0.27849048 0.12374366
v -0.49109194 -0.04815602 0.47082254
v -0.60127258 0.19066001 -0.35595602
v -0.08814882 -0.22390962 0.36994961
v 0.51599425 -0.20257168 0.06417281
v -0.04579941 0.09698723 0.06717756
v -0.45178890 -0.03162849 -0.32404777
v 0.05985786 -0.22445917 0.05339738
v -0.27846056 -0.27093083 0.39351422
v 0.34546971 0.04214475 0.15962185
v -0.00597738 -0.20720090 -0.71493250
v -0.19624086 0.26279333 0.32512000
v -0.39221361 -0.17627501 -0.59418994
v -0.09638867 -0.04830677 -0.10428151
v -0.69709867 0.04378919 -0.36498219
v 0.89957994 -0.02834214 -0.21586317
v -0.40415084 0.00433690 -0.32749796
v 0.06200583 0.06654219 0.21002634
v -0.58636969 -0.20634176 0.35814056
v 0.68077648 -0.09136374 -0.13155250
v 0.47133887 -0.22691917 0.26062733
v -0.66867596 0.22001407 -0.56369907
v -0.41968438 -0.01263078 -0.47624567
v -0.49028048 0.02831393 -0.31394964
v -0.63118088 -0.10323907 0.43330833
v 0.41805089 0.17494595 -0.07011077
v -0.13243084 -0.23756485 0.18628253
v 0.51566947 0.03115193 0.25473577
v 0.65130341 -0.09342381 0.41144958
v -0.71357328 0.18229190 -0.62700170
v 0.62274992 -0.16103958 -0.17304020
v 0.45705259 0.05483512 -0.17782019
v -0.08787054 -0.08435893 -0.17494483
v 0.22881721 -0.04207298 0.42179987
v 0.38996831 0.22132275 0.10838847
v 0.15222566 0.04854188 -0.09447659
v 0.50012451 0.24928045 0.04927243
v -0.73821998 0.20580955 -0.32707414
v -0.19872233 -0.27460134 -0.58484477
v 0.33384842 0.22909437 0.23618880
v -0.07524382 0.09566214 0.08018008
v 0.56793869 0.10147108 0.24932645
v -0.67755711 0.04013893 -0.52583563
v -0.11185890 0.27757588 0.38729161
v 0.59136266 0.14870122 0.47231969
v 0.05391163 0.05654308 0.25906682
v -0.13713519 -0.31478769 -0.48357016
v -0.25811431 -0.17859343 -0.19198610
v 0.39931870 0.31315514 0.45174038
v -0.50888419 0.16844247 -0.34952071
v 0.76602238 0.23959498 0.34537593
v 0.37610391 0.26881361 0.39377457
v 0.77733606 0.04957346 -0.05471201
v -0.71596998 0.16270727 -0.40405542
v 0.44528031 0.23236792 0.36615837
v -0.24655926 -0.29361925 0.45635509
v -0.39060491 -0.08492240 0.48167062
v -0.29940510 0.31674621 0.40668443
v -0.75504756 0.06653255 -0.30562896
v 0.23926535 0.06655601 0.24180628
v 0.09317733 -0.23671067 -0.10764662
v 0.08392656 0.03954221 0.19898270
v -0.12875135 -0.25050214 0.23674479
v 0.52487719 -0.09431736 0.27520150
v 0.01287643 -0.01111126 -0.23749578
v -0.04884934 0.14754872 0.45049909
v 0.47094640 0.22652461 0.17460835
v -0.28745490 0.04900109 -0.62830043
v -0.07171148 -0.00468736 -0.51553702
v 0.66358215 0.00783894 -0.01450123
v 0.74284852 0.00031383 -0.27144241
v -0.66182637 0.01312732 -0.59114546
v 0.57486445 -0.13774449 0.04963700
v -0.17801358 -0.23821710 0.31320029
v 0.80427134 0.22366580 0.21550725
v -0.75409210 0.04786599 -0.54388356
v -0.01886802 -0.10518764 0.38052866
v -0.19900593 -0.08827940 -0.58216828
v 0.02489300 0.09488723 0.25721696
v -0.70105076 -0.04010463 -0.48263270
v 0.53160775 0.04421713 -0.02673948
v -0.29777181 -0.15180422 0.46151766
v 0.55845541 0.00875795 0.30583477
v 0.28910086 -0.32444620 0.40115237
v -0.64151549 0.15265110 0.18788588
v -0.53465641 -0.10189117 -0.31848198
v 0.42286870 0.19538613 0.12337138
v -0.11241531 0.02847959 -0.42390761
v -0.49125761 -0.14686002 -0.50839144
v 0.25692338 0.19958609 0.39011419
v 0.44228640 0.19989055 0.34465390
v -0.78457552 0.21638618 -0.36770824
v -0.53578675 0.09430400 -0.55384469
v -0.65431243 0.10246608 0.32818708
v 0.43796116 0.14832029 0.02487038
v 0.37093452 0.14132097 0.47857261
v -0.52010387 0.18810201 0.10298406
v 0.66064739 0.12542307 0.13088077
v 0.14626929 0.21218854 0.42515633
v 0.28884405 0.04418365 -0.30568540
v 0.40694669 0.30641904 0.30966592
v -0.13592444 -0.27953631 -0.36927927
v 0.16378340 -0.23026861 -0.13031498
v -0.51272327 0.18828142 -0.50263983
v 0.61518627 0.17227505 0.48174512
v 0.53187692 0.00034878 -0.32932761
v -0.34224451 0.00219983 0.46324912
v 0.76842576 0.14271879 0.35671264
v 0.45737320 0.33850271 0.19583796
v 0.88960713 -0.02307663 -0.17926823
v -0.06915452 -0.20182064 0.02966402
v -0.59226459 -0.08731456 -0.49600700
v 0.81386560 0.20391972 0.19877146
v -0.56981432 0.19097018 0.14292809
v 0.49947235 0.27184284 0.19825950
v 0.32046294 0.12210398 0.44302809
v 0.36698395 -0.24068239 -0.29132947
v -0.65782446 0.22889441 -0.33946580
v 0.06715107 0.07735953 -0.06725223
v 0.56417298 0.07811290 0.47677946
v -0.52523434 0.11419857 -0.37180492
v -0.25612107 -0.22240026 -0.58573806
v 0.07468989 -0.22944649 -0.16808851
v -0.33668667 0.09703051 -0.54848385
v -0.05279927 0.26827133 0.38783103
v -0.19977733 -0.12066817 0.48443407
v -0.42451280 -0.12593421 0.04678502
v -0.17049785 -0.12864482 0.47461584
v -0.02766793 0.16826992 0.22693968
v -0.56845576 0.17165913 -0.54615134
v -0.38272333 0.38511449 0.30966139
v 0.19056614 -0.08992252 -0.41832650
v -0.66064686 0.16430475 -0.30078527
v -0.72837698 0.26070854 -0.30351305
v -0.45009708 -0.11603339 -0.30261260
v -0.64297229 -0.18796426 0.43932950
v -0.00174958 0.22338918 0.43757537
v -0.39101386 0.12829255 -0.07399420
v 0.64925760 0.25076529 0.44656667
v -0.08379438 0.02373338 -0.50510871
v -0.60218078 -0.17163844 0.43714646
v 0.42246145 -0.13258004 0.44891837
v -0.36488646 0.02445779 -0.62816435
v -0.61849666 0.21182971 -0.55374938
v -0.19821951 0.00809407 -0.17708644
v -0.13764977 -0.14173906 -0.23321743
v -0.25391850 0.07427385 0.12735769
v 0.09351371 -0.13188557 -0.37265578
v -0.20236392 -0.03746560 -0.13161133
v 0.08419894 0.04064372 0.19626521
v 0.79897183 0.08472039 0.22532731
v 0.46539512 0.05539653 -0.18161558
v 0.41490090 -0.29567426 0.43229052
v 0.79372692 -0.08474115 -0.26868784
v -0.33702061 0.12060373 -0.32194528
v 0.21363470 -0.11384710 -0.05223070
v -0.57206583 -0.04991594 -0.52187902
v -0.42381468 0.39496511 0.29759315
v 0.58728617 0.08837067 0.24188003
v 0.23744310 -0.19359732 0.24796291
v -0.25081757 0.13027892 0.14774425
v -0.45422557 -0.12899518 -0.10225646
v 0.30140153 0.20203415 0.38999838
v -0.28773877 0.14953513 0.47384295
v -0.70341998 0.21063997 -0.60465914
v 0.33509633 0.21967381 0.28159165
v 0.82457632 0.15939189 0.12606412
v -0.34448725 -0.24981290 0.31306699
v -0.00992294 0.24847935 0.45054093
v -0.11117345 0.09772487 0.10352564
v -0.14185432 -0.15764968 0.08307064
v -0.24039815 0.28853798 0.30197945
v 0.45227358 -0.23336865 0.00865554
v 0.38697961 -0.19956687 -0.17327450
v 0.38356721 -0.18879390 -0.04881848
v -0.52343732 0.05399833 -0.39744830
v 0.14717859 0.05892533 -0.18016534
v 0.76835734 0.23568901 0.16387238
v 0.40585604 0.06174732 0.22073157
v -0.01058731 -0.17835101 -0.73717266
v -0.64096045 0.03293746 -0.28161243
v -0.40528676 -0.23632340 0.35734764
v -0.46291664 -0.04830107 -0.32497454
v -0.75081384 0.17284212 -0.42114413
v -0.15452813 0.03942728 -0.50331408
v -0.31128433 0.33344936 0.45616430
v 0.25961456 0.02102357 0.44483906
v -0.57941502 0.01666202 -0.29365948
v -0.32406834 0.19087972 0.42424521
v 0.36582044 -0.23612201 0.36931267
v 0.74551332 0.03938243 0.43346405
v 0.72797310 0.06240988 0.19851951
v 0.30371541 -0.01321049 -0.17371459
v -0.17420056 -0.04501143 -0.55378562
v -0.66372746 -0.03294326 0.28432244
v -0.01930836 -0.17146456 -0.68356681
v -0.59428531 -0.10594485 -0.46137792
v 0.51456630 -0.22754279 -0.21986999
v -0.37548345 -0.12507102 0.01224758
v -0.13042700 -0.14386855 -0.25796452
v -0.32977277 0.05749047 -0.33004382
v -0.73628658 0.04630812 -0.29801032
v 0.26912466 -0.10703313 0.07232594
v -0.07011090 -0.01274654 -0.10688256
v -0.27646431 0.30240548 0.35154122
v 0.21649399 -0.10542814 -0.05474064
v -0.61889499 0.20357361 -0.56850624
v -0.65798426 -0.14567229 0.42949814
v -0.38415322 -0.22333600 0.45258725
v 0.29514956 -0.20652738 -0.19151205
v -0.28560483 -0.14957957 -0.60525054
v -0.45083711 -0.11412592 -0.43016794
v -0.64162433 0.15187916 0.26040617
v -0.56822723 -0.16887933 0.43030360
v 0.32778308 0.20258145 0.19125286
v 0.68722171 -0.09410222 -0.16689481
v -0.81409281 0.15381575 -0.34374729
v 0.40360326 0.12861215 -0.07561084
v 0.58104044 -0.20376492 -0.12272459
v -0.34296203 0.32991138 0.47159523
v 0.71116370 0.19001563 0.43587726
v 0.33780286 0.21322332 0.30406669
v -0.51352048 0.08384767 -0.55223447
v -0.17385668 0.03797073 0.10057494
v -0.06988651 -0.03225987 -0.51329553
v -0.25866801 -0.11507042 -0.07322787
v -0.50062889 0.04019036 -0.15367928
v 0.26117754 0.03400167 -0.33483246
v 0.21029204 -0.08207612 0.17674649
v 0.44341332 0.03501091 0.12912180
v -0.66257799 0.07013539 0.09914581
v -0.29064468 0.34875843 0.38697845
v -0.53444678 -0.07925738 0.43518153
v 0.12695441 -0.21930254 -0.29158324
v -0.34060842 0.22247748 0.13695499
v 0.23158494 0.18992397 0.38700259
v 0.24976125 -0.20027366 0.29415160
v 0.53407526 0.26646930 0.32540056
v -0.46455064 -0.09936406 -0.39917740
v -0.40729091 -0.15160117 0.16328636
v -0.35251436 -0.15204570 -0.26786646
v 0.15496522 0.02129465 -0.03004476
v 0.83132541 0.11836632 0.14969720
v 0.32392570 -0.09569764 -0.13768187
v -0.18865803 0.23865701 0.26424330
v -0.28916183 0.25487384 0.37837490
v -0.27098882 0.03341345 -0.07256442
v -0.41031125 -0.14408101 -0.13047163
v -0.72490138 0.16472508 -0.40976316
v -0.41084138 -0.03676493 -0.25458089
v 0.28761616 -0.06882194 0.47528791
v 0.30149969 0.19491279 0.38892403
v 0.68422925 -0.06060272 -0.22658138
v -0.04661524 -0.13309200 -0.14700496
v -0.15505414 -0.09363417 -0.51921201
v 0.45740730 0.24112113 0.40217522
v -0.62041736 -0.09017763 0.28131157
v -0.39311242 -0.00698689 -0.64155287
v 0.82813734 0.15031867 0.19689298
v -0.38385028 -0.18951666 0.18690456
v -0.50698459 -0.17772387 0.31240088
v -0.37807631 0.09091879 -0.34025976
v 0.16892983 -0.23993361 -0.22059612
v 0.08551255 -0.13591325 -0.35165170
v 0.78971654 0.10559828 -0.00018762
v -0.61509949 -0.08742333 0.31213343
v -0.23347160 -0.11082283 -0.70077002
v 0.87760943 -0.02136602 -0.17909154
v 0.66968369 0.00975964 0.04489044
v -0.31351089 -0.25712401 0.37607029
v 0.00275639 0.21581599 0.33944544
v 0.44922218 -0.10776769 0.46446872
v 0.22636923 0.03229976 0.31981340
v -0.15024418 -0.25424689 -0.51291358
v -0.06097699 -0.00329011 0.45854506
v -0.42041376 -0.13999464 -0.41493091
v -0.04221873 0.14884363 0.43566734
v -0.14355756 0.29625848 0.44655886
v 0.68545926 0.29372409 0.35883653
v 0.76497990 -0.06031579 -0.31942761
v -0.32020497 0.04677481 0.03083837
v -0.00999638 -0.17562653 -0.73675716
v -0.42228562 -0.09626382 -0.42392430
v 0.46006003 0.17069177 -0.03259077
v -0.33043629 0.29668230 0.25670263
v -0.09919085 -0.02933642 -0.06610337
v -0.64960933 0.04362136 -0.52045465
v -0.58803904 -0.06723786 -0.28927398
v 0.73306543 -0.00228090 0.46506968
v 0.53889501 -0.13185918 0.45164430
v -0.43502504 0.38992938 0.29603961
v -0.60673845 0.14353707 -0.29652020
v -0.28970861 -0.06613810 0.48011032
v 0.53208810 -0.11756517 -0.40377000
v -0.26923138 -0.00503682 0.45791170
v -0.22211015 -0.05640803 -0.06006431
v -0.19257145 0.14930703 0.17967577
v -0.02203716 -0.02169831 -0.45960552
v -0.02757083 0.20969553 0.29577190
v 0.63498992 0.17531580 0.19247095
v -0.10991777 0.27686885 0.48552600
v -0.50585818 0.17798227 0.42617124
v -0.56090128 -0.00713134 0.45362437
v -0.03661058 -0.02914192 0.43594292
v 0.39516783 0.14018176 0.48896143
v -0.64082718 -0.06853228 0.29863203
v -0.14809330 -0.11186419 -0.53977495
v -0.55406749 -0.05139477 -0.36689988
v 0.54286301 -0.11714487 0.28719333
v -0.04755608 -0.11069281 -0.22554380
v -0.57752043 0.05957322 -0.07238014
v 0.50766909 -0.06962781 0.27528584
v 0.75880325 0.06286792 -0.05642845
v 0.48790777 0.22971627 0.14164875
v 0.20113255 -0.22635277 -0.15625632
v 0.07880983 -0.08969381 -0.36102420
v -0.39865276 0.06429141 -0.46600279
v 0.66424495 0.29327750 0.37316453
v -0.61499357 0.21546370 -0.29569489
v -0.24289697 -0.22938067 0.34317327
v 0.47146097 0.05132747 -0.23100255
v -0.63683122 -0.07717646 0.26506990
v 0.74706179 0.05354640 0.40862221
v 0.82332730 0.14572585 0.09781291
v -0.64632988 0.11187919 -0.28774688
v 0.18393719 0.09546256 0.40735978
v -0.28073058 -0.25874481 -0.42937511
v -0.41488296 -0.23284842 0.32698226
v -0.57391769 -0.09264114 -0.00567181
v -0.15970944 -0.04340279 0.01785710
v 0.62420219 -0.16200241 -0.12638387
v -0.18590324 0.05386838 0.11283096
v 0.56581783 0.24936011 0.27633214
v 0.57625031 0.12057804 0.24838795
v -0.44807103 0.32331148 0.48456523
v 0.61065292 0.22926751 0.47871989
v -0.42504600 0.06257560 -0.33541435
v 0.52610379 0.26225296 0.43997023
v 0.36091843 0.28804466 0.29683381
v -0.77842087 0.05022264 -0.56698847
v -0.07552864 -0.02628238 -0.38320711
v 0.73410517 0.16102670 0.04010823
v -0.38695681 0.06643082 0.46983325
v -0.06462503 0.24041539 0.48655814
v 0.22145444 -0.12480969 -0.06970499
v -0.27306792 0.08899439 -0.43542421
v 0.22186786 -0.16928013 0.27362239
v -0.49603924 -0.12665080 -0.28883058
v -0.32194883 -0.17830579 -0.61001563
v -0.60879242 0.11583152 -0.58922732
v 0.00471990 0.11682443 0.19634742
v 0.45430949 -0.22728638 -0.08162113
v -0.50940794 0.11777624 -0.54282969
v -0.63611853 -0.03463245 -0.45324340
v 0.30318570 0.19559211 0.22305031
v 0.23554620 0.05690530 0.24730796
v -0.03137951 0.01740543 -0.13354002
v 0.21963592 -0.13212997 -0.45841828
v 0.21788263 0.02990422 -0.17417565
v 0.48212251 -0.24054195 0.31601596
v -0.28643507 -0.16225781 0.21193087
v -0.72624975 0.14548166 -0.59302735
v 0.36989462 0.03781417 0.09490314
v 0.56456494 -0.01628784 0.08781689
v 0.41734433 0.27543345 0.34352320
v 0.64918268 0.26161730 0.43383732
v -0.16920488 -0.24968785 -0.55536324
v -0.46404478 0.22720355 0.20289533
v 0.40210268 0.12952162 0.26894388
v -0.49198779 -0.14117736 -0.56820220
v 0.37914997 0.08103541 0.46134010
v 0.15644337 0.25448534 0.44662446
v 0.16829340 -0.24073260 -0.21440275
v -0.15900923 0.13439460 0.16644664
v 0.14795701 -0.23674691 -0.22362868
v -0.43323287 -0.22007877 0.17800853
v -0.49366486 0.14161855 0.46254638
v 0.22878957 0.11184318 0.30613488
v 0.48499519 -0.20846714 -0.33887395
v 0.50617748 -0.23252921 -0.14276907
v -0.62049025 0.07811097 0.40529743
v 0.41529331 -0.04266809 -0.41512853
v 0.23414306 0.00270538 0.40571821
v 0.17104325 -0.17964375 -0.37853575
v 0.45955214 0.23747732 0.26662666
v -0.43910450 0.06114515 -0.32974803
v -0.54838848 -0.24992961 0.37046733
v 0.35514003 0.01775176 0.02436313
v -0.47479340 -0.12602025 -0.35070693
v 0.28344098 0.00852883 -0.19610722
v 0.04509355 0.09579604 0.11838534
v 0.89593858 0.00397254 -0.24938846
v -0.59546047 -0.09042178 0.02965379
v -0.27445906 -0.26592910 -0.49064797
v -0.25082603 -0.05909736 -0.66057718
v -0.60261267 -0.06732612 0.39338648
v 0.37666583 0.10767271 0.23136751
v -0.49596041 -0.12626958 -0.57824737
v 0.80977833 0.10497539 0.23036431
v 0.35496536 0.22390184 0.30342045
v 0.28212044 0.18689995 0.28122637
v 0.38989139 0.14618148 -0.02696809
v -0.58493507 0.00081022 -0.07400960
v 0.48813665 -0.26427585 0.37592977
v 0.51609510 -0.05132990 0.28725427
v -0.21976279 -0.26891723 0.48923266
v -0.56866992 -0.13442223 0.35153532
v 0.43583035 0.04833861 -0.20110424
v -0.16904320 -0.12926161 0.09731361
v 0.61459607 -0.07454360 0.01875137
v -0.29286805 -0.25739622 -0.65552074
v 0.12237471 -0.03425469 0.17418279
v 0.57006997 -0.14678477 0.36341977
v 0.27435806 -0.19312580 -0.40397072
v 0.68897837 -0.01888708 0.36851454
v -0.11261445 -0.09835932 -0.37174764
v 0.26895130 0.19068350 0.39244971
v -0.32141122 -0.16881858 -0.15719548
v -0.45632839 -0.08413911 0.46842512
v 0.50767523 -0.23132890 -0.16638404
v -0.52648097 0.12001498 -0.31302011
v 0.49389583 0.27162859 0.21091646
v -0.56621248 -0.13306998 0.43364328
v 0.58752894 -0.00518805 0.34492695
v 0.62361270 -0.10356587 -0.31973451
v 0.53955841 -0.20712137 0.36803195
v 0.57125801 0.19889878 0.25674614
v 0.02495432 -0.09839557 0.33134288
v -0.14202408 0.08551192 0.48503742
v -0.35667002 0.36889502 0.45023337
v 0.60910821 -0.01704256 0.05146126
v 0.54717422 -0.22181025 -0.12581590
v -0.55282420 -0.09315722 -0.29388025
v 0.81433338 0.20030068 0.17915887
v 0.21714601 0.20787129 0.44217184
v 0.13745899 0.19929022 0.41304579
v 0.11274786 -0.17294012 0.09738168
v -0.10814983 -0.14654011 -0.27151978
v 0.39628339 0.16506194 0.47434986
v 0.87934297 -0.00178014 -0.28663129
v 0.73156625 0.23810235 0.39730257
v -0.02480273 -0.16942336 -0.73027551
v 0.68599123 -0.08921268 -0.21135549
v 0.67037445 0.01283731 0.05383196
v -0.53489786 0.19438052 0.13700551
v -0.11581576 -0.08181513 -0.37313941
v 0.10837475 -0.08653855 0.19485077
v 0.17620240 0.12077986 0.43268338
v -0.12089223 0.04555180 -0.44242465
v 0.14700337 -0.17371729 0.02074549
v -0.30779064 0.19533789 0.41400221
v -0.07473318 -0.10153203 -0.20212823
v -0.68248767 0.03031966 0.28705961
v -0.45910057 0.36054510 0.31495497
v 0.68257952 0.10141517 0.03071762
v -0.41642582 0.14082155 -0.47095674
v 0.06252412 -0.16491491 -0.29988721
v -0.09660859 -0.12054559 -0.28377676
v 0.45657000 0.03605229 0.10014329
v 0.78456295 0.07806627 -0.02729362
v -0.43180111 0.40294316 0.41376406
v 0.29848376 -0.18252322 -0.16938877
v -0.74314928 -0.00174280 -0.50484955
v 0.33519235 0.25457263 0.34979504
v -0.65478730 0.12473573 -0.63464487
v -0.39901361 -0.04424561 -0.31751066
v -0.74665296 0.00977513 -0.57412291
v 0.51264715 0.00397842 0.25427502
v 0.30817628 0.26264864 0.45385486
v -0.55946416 0.05829356 -0.09873968
v 0.01482562 -0.20048019 -0.17038307
v 0.48759681 -0.22650731 -0.27366915
v -0.12318610 -0.11316863 0.46947554
v -0.71008450 0.03717989 -0.50941420
v 0.03616675 -0.01363583 -0.26977125
v -0.52577323 0.11489064 -0.31198832
v -0.60484999 0.09807499 -0.00893429
v 0.06888743 0.03820119 0.24566245
v 0.15264341 -0.13049147 -0.42609748
v 0.42718983 0.18331333 0.13262513
v -0.53125435 0.16929188 0.42242494
v -0.00366477 0.10323951 0.08023380
v -0.53217286 0.13045488 -0.04965205
v -0.42679876 0.05134645 -0.61914468
v -0.41707003 0.29537749 0.48524973
v 0.56345534 -0.21272145 -0.09043951
v 0.10992616 -0.21059705 -0.29438591
v -0.64928544 0.02078437 -0.49665043
v -0.00473627 -0.16788854 -0.69569808
v -0.38398582 0.22552919 0.45689920
v -0.10122406 -0.02540365 0.48121348
v -0.44300485 -0.06765196 -0.32706001
v 0.38930267 -0.22385722 -0.36844087
v -0.30742946 0.08190551 0.46820289
v -0.13638529 0.04885992 -0.45000020
v -0.20993198 -0.10189743 0.48696145
v 0.24317479 0.04305212 0.37858629
v 0.32420099 -0.30277124 0.34316754
v 0.12048332 -0.23711982 -0.18330999
v 0.03134052 -0.23041402 -0.04983706
v 0.20821309 0.26472586 0.38729933
v 0.41060773 0.03683563 -0.33733574
v -0.15430500 -0.28182480 0.35646424
v -0.71394992 -0.18206701 0.43256116
v -0.17062053 -0.02948855 -0.19890893
v -0.17295291 -0.20882541 0.48147485
v 0.13761212 0.27918029 0.46322975
v -0.53861958 -0.00576008 -0.13360739
v 0.36662173 0.23886697 0.16684014
v 0.54170078 0.06054141 0.47437879
v 0.46022701 0.18819200 0.36490622
v -0.70183992 0.04663515 -0.28934148
v -0.08575889 0.01536041 -0.37376422
v 0.22402890 -0.12378605 0.16130854
v 0.68824852 0.05735808 -0.04823866
v 0.14769699 -0.22291465 -0.30393615
v 0.49148792 -0.07875708 0.24277477
v 0.76566476 -0.02347605 -0.34097838
v -0.18666084 0.12809695 0.15666600
v 0.87802202 -0.04817954 -0.21685590
v -0.60882062 -0.20692211 0.43663177
v 0.62198079 -0.08228026 -0.00192680
v 0.22684391 0.04496899 -0.29044092
v -0.41035685 0.15050426 -0.50500256
v -0.05539295 -0.21680839 0.12254049
v 0.50316352 -0.17315647 0.21660571
v -0.50576144 -0.08804661 -0.12488331
v 0.83813584 -0.01967004 -0.33450422
v -0.04501687 -0.04352485 -0.17936052
v -0.03737132 0.20448938 0.48389614
v -0.45903301 0.05799249 -0.41041854
v -0.34380308 -0.24369420 0.34566832
v -0.05784042 -0.03589140 -0.47494921
v -0.64824086 -0.07455969 0.15384614
v -0.45269284 0.32168037 0.30346739
v -0.41695151 0.13402019 -0.06901876
v -0.50943846 0.24837321 0.28201470
v -0.05680927 0.12697028 0.14674726
v -0.25977355 0.24140525 0.20306569
v -0.14822829 -0.00902685 0.05336547
v -0.56581056 -0.11244991 0.34211266
v -0.50787538 -0.15831932 0.32961431
v 0.56030458 0.21815476 0.48610961
v -0.14545047 0.06771497 0.48573497
v -0.49127463 -0.22798473 0.38422409
v 0.49442953 -0.24919820 0.33567297
v 0.58169401 0.11809792 0.24474601
v -0.28090948 -0.25031728 -0.40253052
v -0.26961210 -0.08626217 -0.03110439
v 0.60477400 0.00839923 -0.13040318
v -0.42052308 0.40157408 0.34503904
v 0.68851042 0.27423862 0.40344331
v -0.53140998 0.07387198 -0.49141032
v 0.42577949 0.17360626 0.24458611
v -0.47389135 -0.22300050 0.34835917
v 0.37452587 -0.21610191 -0.38460815
v -0.31497878 0.30256113 0.40686139
v -0.53664660 -0.06203146 -0.30161461
v -0.26525196 -0.27430439 -0.49962425
v -0.18717685 -0.00990539 0.47126025
v -0.74286735 0.02336388 -0.51803982
v -0.64347160 0.03247295 0.37618458
v 0.32727045 -0.10896711 -0.13958420
v -0.56663942 0.05034272 -0.09558176
v 0.36257663 0.24557528 0.23551530
v -0.29659224 0.33096069 0.28353244
v 0.09348078 0.07377663 -0.00767038
v 0.80722827 0.17095764 0.27809104
v -0.30928466 -0.25387773 -0.54262006
v 0.89098650 -0.03021079 -0.18061274
v 0.49153110 0.05633780 -0.12175341
v -0.37660521 -0.17320551 -0.29920807
v 0.21340168 -0.06671495 0.16842873
v 0.65889078 0.00506197 -0.01299706
v 0.40800461 0.04528189 0.09267266
v 0.55387115 0.04356947 -0.07254279
v 0.25028121 0.05767587 0.23433626
v -0.65157938 -0.07136762 0.18345602
v 0.14704758 -0.04686138 -0.38245758
v -0.51602679 0.12930441 0.45942283
v -0.25420925 0.20703237 0.39788842
v -0.67345208 0.01221003 0.11156231
v 0.38667715 0.29991269 0.43584466
v -0.03898492 -0.22197485 0.11130603
v 0.20245814 -0.09852241 0.35096791
v -0.61001420 -0.01430173 -0.53535289
v 0.37128231 0.03467689 0.06028543
v -0.25806871 -0.17700976 -0.18475041
v 0.20487875 0.08765759 0.38109872
v 0.43047303 0.16276716 0.04439878
v -0.69114256 0.07257321 -0.65076166
v -0.09851324 -0.17689367 -0.65676391
v -0.39153093 0.07478654 -0.42434403
v 0.22356845 0.10587347 0.42715195
v 0.45344129 0.15581343 0.39796266
v 0.41738588 -0.00946047 -0.39491898
v -0.58794129 0.03793721 -0.50502264
v 0.72005767 0.07174215 0.25633109
v 0.76932019 0.22294548 0.13932650
v -0.09093682 0.01393608 -0.36628181
v 0.47621030 -0.22742602 0.03794054
v 0.68906057 0.08509332 0.20169239
v -0.41117382 -0.24085982 0.31388822
v -0.02290982 0.13562758 0.18580958
v -0.44189063 -0.02981861 0.48557213
v 0.26737952 -0.15542637 0.40884861
v -0.21487367 -0.19398636 -0.30813390
v -0.64640862 -0.05915830 0.08899363
v 0.54256558 -0.22407322 -0.09103651
v 0.57891643 -0.19758008 -0.21811928
v 0.55707324 -0.01115305 0.47786078
v 0.06605820 0.06693226 -0.12789941
v -0.21527319 -0.16726562 0.18551953
v -0.52132934 -0.09927103 -0.08041985
v -0.08089859 0.01362158 -0.06001487
v 0.31601042 -0.23335424 0.17655529
v 0.12416273 -0.08697930 -0.38548619
v -0.39336556 0.11551701 -0.55008471
v -0.07162825 0.01155855 -0.55143142
v 0.40626740 0.26745236 0.11609016
v -0.58871198 -0.08876601 -0.49614790
v 0.67074203 0.11110401 0.46835545
v -0.09191116 -0.10110812 -0.10914862
v -0.56000966 -0.01655487 -0.30253431
v -0.12066498 0.02257579 0.02696318
v 0.28880745 -0.10539609 -0.46407616
v 0.55726141 0.22823149 0.48378721
v -0.42741477 0.14252879 -0.46764687
v 0.76292622 0.05119443 0.18902393
v -0.35265332 0.11635441 -0.06450161
v -0.49085808 -0.21154886 0.29769185
v 0.35252553 -0.16131082 -0.02849806
v -0.10155554 -0.15302348 -0.46433225
v 0.66498470 -0.10351010 -0.23027140
v 0.32678607 0.21925944 0.36289391
v 0.42431080 0.05005326 -0.02121602
v -0.60472429 -0.04694329 -0.44242793
v -0.63457435 0.18116437 -0.49145541
v -0.34782231 -0.10100463 -0.63633090
v 0.09303886 -0.23529543 -0.16143131
v 0.45854068 0.19508579 0.26261434
v -0.36621833 -0.12176894 0.01559025
v -0.28646424 0.08704612 -0.48806643
v 0.39789295 0.26656890 0.44484225
v 0.48242715 0.29537654 0.23921117
v 0.57926881 -0.12758294 0.46935162
v -0.30701813 0.26324946 0.26039362
v -0.32514256 0.08024935 -0.01668457
v 0.17363839 -0.10066170 0.04389977
v -0.74023950 0.22024372 -0.38743818
v 0.49554679 -0.13630834 0.21415059
v 0.36974066 -0.02816057 -0.12863854
v -0.19565201 -0.05950378 -0.08685105
v 0.77019644 0.00740339 -0.27655849
v 0.67864889 0.07401304 0.01450803
v 0.05538853 -0.18308799 0.17875545
v -0.54766333 0.07715201 -0.39299458
v 0.64477593 0.08556043 0.28422546
v 0.29663569 0.19688956 0.30266234
v -0.68512535 -0.10199166 0.42537689
v -0.28084528 -0.01228514 0.06316862
v -0.10593696 -0.17035466 0.39465404
v 0.39812824 0.10500726 0.25633115
v -0.10233955 0.28037244 0.48512706
v 0.26277608 0.02745920 0.44660443
v 0.21369171 -0.13781744 0.34192017
v 0.05873077 0.09041664 0.08844352
v -0.38886154 0.30480012 0.48506361
v 0.47503456 -0.21513337 0.19573762
v 0.61401606 -0.10678960 -0.34416559
v -0.18459396 -0.13483648 -0.55781913
v -0.32773381 0.08046173 -0.00438453
v 0.37463638 -0.23287417 0.23559007
v -0.26497802 -0.18018840 -0.20762680
v -0.18187626 0.04346612 -0.67716014
v -0.69974923 -0.04736140 -0.48614097
v -0.29163906 0.28049290 0.36974141
v -0.35151201 0.11771768 -0.03653077
v -0.36716044 0.24196164 0.46227667
v -0.53252137 -0.12464339 -0.57788116
v -0.46891457 -0.15014678 0.11202851
v 0.55125570 0.25649694 0.29696211
v 0.43142900 0.06286994 0.46492743
v 0.02775509 -0.20168047 -0.19574159
v -0.21808048 -0.21371236 -0.57040477
v 0.39787388 -0.19590612 -0.39925903
v 0.77774328 0.23877355 0.18197699
v -0.56543523 0.10563095 -0.38744438
v -0.77617437 0.10429940 -0.40544742
v 0.42028496 0.04949473 -0.27602050
v -0.26970637 -0.06642736 0.15212004
v -0.03159611 0.06211257 0.41849408
v -0.04612975 0.19155611 0.24418232
v 0.24859095 -0.06882117 0.44712627
v -0.56237072 0.18463357 0.36723840
v 0.06421179 0.08194546 -0.03848995
v -0.57964170 -0.26158670 0.38221192
v -0.12382326 -0.19983503 0.13349301
v 0.21335799 -0.04982283 0.39174968
v -0.08606862 0.00543490 -0.58245766
v -0.37531063 -0.02493967 0.47457844
v 0.21788752 -0.14602521 0.34064603
v -0.43399385 -0.15404654 -0.32435161
v -0.46242252 0.25442088 0.27864438
v 0.51831895 -0.00691817 0.27560210
v -0.39697918 -0.11235059 0.07540807
v 0.50157440 0.25259715 0.44209298
v -0.56939864 0.10382787 -0.38947466
v -0.51293480 0.02119561 -0.39786118
v 0.25925499 0.00550709 -0.18169539
v 0.49833569 0.22222775 0.12043762
v -0.53849274 0.11828293 -0.36746138
v -0.41303340 -0.08144813 -0.63560736
v -0.00673384 0.23221362 0.44785526
v 0.43729946 -0.16126403 -0.41114184
v 0.79460019 0.11297484 0.27528873
v 0.77178442 -0.06262840 -0.13801354
v -0.18338111 -0.14436750 -0.54304397
v 0.58225739 -0.09497014 0.05617050
v -0.46504310 -0.18691012 0.13474856
v 0.04743410 -0.08999139 0.30518875
v 0.57124764 -0.09328970 0.07205736
v -0.37959328 -0.14353459 -0.04879152
v -0.17181449 -0.29700485 -0.46752158
v -0.75139564 0.26295105 -0.32565084
v -0.55185992 0.08261127 -0.39235833
v 0.69154441 0.09019025 -0.00771053
v -0.49588093 0.02172898 -0.31099778
v -0.14805879 -0.13756479 -0.54056680
v 0.32710105 -0.24253927 -0.31883752
v 0.61456966 -0.04891340 -0.26350847
v 0.60530299 -0.00382758 -0.20708691
v -0.50472075 -0.20701623 0.40511891
v -0.41745660 0.15325876 0.00829989
v -0.34557638 -0.19845673 -0.34914780
v -0.41278425 0.20314115 0.10659688
v 0.12899555 0.06229195 -0.10916193
v 0.78435630 0.05721068 0.21334666
v -0.55923957 -0.05086217 -0.59612179
v -0.52020323 -0.12675835 0.05613836
v 0.76690543 0.13116126 0.35717216
v -0.04767700 0.02982184 0.44555277
v -0.78329253 0.06097774 -0.61865544
v -0.12659951 -0.04975286 -0.42005429
v 0.85216266 -0.01146833 -0.20556623
v 0.65190774 0.10629877 0.15030447
v -0.20922524 -0.05360511 -0.07595055
v -0.56841940 0.17980786 0.37458187
v -0.28869131 -0.21245033 -0.29581639
v -0.15381949 0.20442599 0.48689160
v -0.35197318 -0.03578681 -0.64517581
v 0.33994108 -0.06731325 0.48983553
v -0.68761444 -0.24892959 0.44690016
v -0.64365423 0.04028489 0.37530836
v -0.38789243 0.07770129 -0.33927125
v -0.40176642 -0.23929420 0.32031083
v -0.24010344 0.01157619 0.12229261
v -0.36952233 0.17790961 0.45191309
v -0.01976087 0.08677454 0.01071654
v -0.23849154 -0.05874058 -0.64262420
v 0.55553222 0.03892221 -0.05304344
v -0.30931109 0.18572249 0.43498349
v 0.51778287 0.19743435 0.28305477
v 0.37932429 0.18505011 0.43609405
v 0.51817399 -0.00615950 0.16188481
v 0.72116292 0.12230437 0.00034708
v -0.61247653 0.15053666 -0.48324484
v -0.51911408 0.20565213 0.36960381
v -0.53804606 -0.19598505 0.16082731
v -0.53131300 0.17421004 0.06456465
v -0.46953121 0.34124014 0.47871149
v -0.65511835 0.06807900 -0.38208711
v -0.55972862 0.14343368 0.42574286
v 0.48489279 -0.21894115 0.24073048
v 0.65861887 -0.10709330 -0.19071366
v 0.31938213 -0.20610814 -0.19695567
v -0.11566018 0.03103921 -0.42572322
v -0.64973575 0.03006210 0.03141127
v 0.79241878 -0.00803606 -0.02418895
v -0.09479577 -0.20735484 0.12651683
v 0.25249448 -0.22463606 -0.36457291
v 0.43867639 0.18358140 0.27306780
v 0.22110905 0.24295183 0.44552088
v -0.14862679 -0.15433961 -0.48399431
v -0.71139050 0.10450035 -0.63300574
v 0.21144877 -0.14603703 0.28491032
v -0.34397033 -0.01178288 -0.64011890
v 0.39184785 -0.35925665 0.40959612
v -0.20397672 -0.28181610 0.48338780
v -0.01969025 -0.00618950 0.41629204
v -0.55073017 -0.05125879 -0.60635638
v 0.74537420 0.03114535 0.14117107
v 0.47939092 0.19490169 0.03112958
v -0.04603846 0.15743519 0.46862248
v -0.66807824 -0.11934838 0.39401111
v 0.15695141 0.25224602 0.40927756
v 0.28819853 -0.07603572 -0.43327045
v 0.26120842 -0.04768677 0.46188492
v 0.76427913 0.26799196 0.26388752
v 0.71024293 0.12473802 0.43732294
v 0.67062241 0.02703305 -0.01521272
v 0.46500289 -0.13374686 0.42684418
v 0.38128695 0.04768906 -0.29821843
v -0.50858194 0.07050643 -0.57146424
v 0.41197518 0.21181089 0.42081392
v 0.14915611 -0.00107288 0.05043487
v 0.46191353 -0.24178503 0.31155720
v -0.38124228 0.36612785 0.46878120
v 0.18856895 0.00813755 -0.09281800
v -0.51322663 -0.19551557 0.29223916
v -0.07521641 0.00959956 -0.51330757
v 0.58858299 -0.14284515 0.02232379
v 0.20366320 -0.07149936 0.20354700
v -0.67022926 0.04639239 -0.64128321
v 0.50591552 0.01616998 0.08516373
v 0.62908989 0.01888246 0.47823262
v -0.27216160 0.09045499 -0.41485012
v 0.77165949 0.03834602 -0.06851724
v -0.49552339 0.09113143 -0.61012769
v -0.34325689 0.11122151 -0.48505327
v 0.34583986 -0.20433137 -0.39798784
v -0.38743192 -0.05922208 0.48572993
v -0.41791278 0.06460101 -0.61617243
v 0.06767581 -0.22383539 -0.18640691
v -0.35826552 -0.19012286 -0.41452608
v -0.55406177 0.16359924 -0.48397890
v -0.12572008 0.27894109 0.48366725
v -0.56159949 0.12324616 -0.30163124
v -0.47850159 0.38320908 0.41725320
v 0.81923974 0.18482353 0.16990234
v 0.26196542 0.13198419 0.42599824
v -0.34070283 0.33340439 0.26581779
v -0.40292290 -0.19022542 -0.50838780
v 0.81761456 -0.00448774 -0.24125516
v -0.54227549 0.06538773 -0.49436852
v 0.27059752 0.16085006 0.35383284
v -0.38996565 -0.02835482 0.48001137
v 0.31541923 -0.02021997 -0.17129566
v -0.02832940 -0.21393439 -0.02540363
v -0.21234192 -0.12512493 -0.68650186
v -0.07009664 -0.01531471 0.46542293
v 0.47627902 0.17053293 0.28596136
v -0.66607708 0.03955881 0.33190098
v 0.16497435 -0.03492760 -0.38738042
v -0.20884795 -0.16957650 -0.20591842
v 0.48402417 0.04109238 0.32297546
v 0.18497455 0.14914612 0.37974253
v -0.34314167 -0.20039916 -0.44682819
v -0.47511432 -0.01533521 -0.63943166
v 0.08257803 0.04411175 0.19455364
v 0.29974672 0.07373769 0.46745175
v 0.22704391 0.07387692 0.34836930
v -0.10872602 -0.14598419 -0.26598513
v -0.68206829 0.00898749 0.25619656
v -0.78202772 -0.00560542 -0.54220223
v -0.16170059 -0.17528944 -0.31373426
v 0.75372964 0.05562818 0.23437692
v 0.59798092 -0.16390477 0.43820295
v 0.36868420 0.06856249 0.47296399
v -0.76001173 0.18283662 -0.33112451
v 0.14260189 -0.11138319 -0.43720198
v -0.38020927 -0.18809494 -0.42878553
v -0.35349071 0.10744052 -0.32196304
v -0.19249813 0.10407958 0.48532501
v 0.45667523 0.05652296 -0.07363784
v -0.73593688 0.00641094 -0.28876868
v -0.50425792 -0.02278853 0.47512698
v -0.53983414 -0.15455151 0.42292672
v 0.60464263 0.25642815 0.45482057
v -0.15206940 -0.02449742 0.04759366
v 0.62036169 -0.04641685 0.04340174
v 0.28203526 -0.03375538 -0.41918525
v 0.75908005 0.00435988 0.09489032
v 0.41293880 0.34052220 0.18474920
v -0.18106420 -0.06888673 -0.55923653
v -0.68514550 0.02859550 0.23550147
v -0.20120220 -0.12949033 0.13575321
v 0.50855273 -0.06995598 0.46519074
v 0.51665306 0.11750771 0.26979843
v -0.45874009 0.43533325 0.32017267
v 0.42771584 0.18638700 -0.06932901
v -0.43536752 0.13092282 -0.53161168
v -0.74619287 0.08125899 -0.57833648
v -0.54877532 -0.07752316 -0.42720786
v -0.12754558 -0.10293099 -0.19207001
v -0.15458587 0.18115208 0.27460009
v -0.35488433 -0.14036551 0.18168657
v 0.38272175 0.07053565 0.43172687
v -0.29224604 -0.06758317 0.15416551
v -0.08734941 0.12927316 0.43827692
v -0.13231815 -0.09523980 -0.21653228
v -0.34866127 0.04501838 -0.32615712
v 0.18464543 0.09912463 0.39166895
v 0.40399298 -0.26932353 0.33135065
v -0.71424699 0.06989095 -0.63227487
v -0.54051179 0.10629575 -0.37770826
v 0.20556948 -0.12119143 0.24097708
v -0.34615004 -0.26567656 0.44008344
v -0.50257546 0.18263443 -0.32086214
v 0.43264958 -0.23492733 -0.29364264
v -0.29790509 0.01308851 -0.62150460
v 0.15013656 -0.23808767 -0.16250783
v -0.19279778 -0.18862139 -0.50636554
v 0.47174066 0.06339420 0.25901815
v -0.09483656 -0.00072302 -0.04533180
v 0.68812996 0.25444761 0.42488006
v 0.23768610 -0.15359552 -0.10013960
v -0.15329307 -0.28629437 0.39185202
v -0.43805191 -0.17898293 -0.48678872
v 0.67286354 0.00177439 0.48114660
v -0.41142479 -0.15329200 0.42083210
v 0.48414430 0.04047001 0.30081493
v -0.01328308 0.09657519 0.05647879
v 0.62090671 -0.03961679 0.35779560
v 0.38898253 0.21403636 0.05025980
v -0.09417810 -0.14584687 -0.02153451
v 0.30977488 0.04348301 -0.28179651
v 0.65530294 0.09240724 0.15875527
v -0.22140916 0.18191892 0.43402314
v 0.33492965 -0.03099486 -0.01291546
v -0.18754949 -0.17444913 0.16371675
v -0.42729446 -0.13782912 -0.08702169
v -0.36013091 -0.15783799 -0.17718798
v -0.65264273 0.13049622 0.29626614
v -0.61770278 0.14369354 -0.37911314
v 0.23539864 -0.13822253 0.39005655
v -0.53689373 -0.04997625 -0.11694143
v 0.31204644 0.22145860 0.38362098
v 0.42179069 0.28486773 0.07077452
v -0.25022697 -0.21792969 0.33437175
v 0.35128009 -0.13644841 -0.04716109
v -0.36567509 -0.18081228 0.19648507
v 0.82505333 0.08599117 0.15871504
v -0.55660731 0.12435795 0.44289550
v 0.07800054 -0.03260485 0.27200484
v -0.25886631 -0.00554367 0.10380171
v -0.24990073 0.07494681 -0.38597012
v -0.63579690 0.18835305 -0.57862306
v 0.52845162 -0.22726710 -0.15840493
v -0.69559336 0.17651127 -0.38315403
v 0.47656077 -0.05863018 0.48896566
v -0.37112081 0.00215800 -0.63830930
v 0.38405409 0.04143069 -0.33185980
v -0.10217684 0.27690965 0.48547634
v 0.19401354 -0.08741883 0.29393229
v 0.09069989 -0.15114471 0.17745230
v 0.41012934 0.03983834 -0.19115977
v 0.76242983 0.26222560 0.31604451
v -0.01911268 -0.05019774 0.40695813
v -0.44421589 -0.12894292 0.01487808
v 0.24602178 0.17097095 0.43735275
v 0.46011508 0.04187598 0.34063569
v -0.14342402 0.29472157 0.39168960
v 0.30135584 -0.22410887 0.16201030
v 0.72513527 0.00550462 -0.13557981
v -0.27641723 0.11080870 0.13081858
v 0.45733860 0.01093278 -0.36234275
v -0.19457260 -0.11572142 -0.68883318
v -0.25116488 0.03525471 -0.65184188
v 0.39011928 0.15293874 -0.00292580
v 0.69906920 0.10232742 -0.00105765
v 0.76144487 0.06730700 0.31672499
v 0.60346419 -0.01886305 0.00512822
v 0.00691074 -0.13586298 -0.25144628
v 0.47973517 -0.27188155 0.35185647
v 0.67240167 0.29291511 0.37151092
v -0.01991135 0.03529855 0.41603175
v -0.42490312 0.05336727 -0.47234625
v 0.50972658 0.05584538 -0.11695734
v -0.17757429 0.08878651 0.48471469
v -0.64556080 0.21994919 -0.34972751
v -0.29666945 0.01502723 0.46252081
v -0.42963281 -0.09127706 -0.44476509
v 0.26709929 -0.18985511 -0.15839045
v 0.04915277 -0.08149916 0.30690879
v 0.31533116 -0.23450114 0.28142557
v -0.39389378 0.23756833 0.13908039
v -0.29597384 -0.12674966 -0.65195203
v -0.52731383 -0.12301066 0.04350062
v -0.60130435 0.05855780 0.42615250
v 0.10271094 -0.19030921 -0.31694633
v 0.33375460 -0.06754331 -0.43276784
v -0.10376021 -0.00118027 -0.02619359
v 0.48645952 -0.21837915 0.24654391
v -0.18344791 -0.11659794 -0.57477236
v -0.14173959 -0.28439730 -0.39342865
v -0.50189567 0.32701015 0.35094637
v 0.64560932 -0.05217664 0.37175739
v -0.40467215 0.20926574 0.44507197
v 0.53997320 -0.11160879 0.11118493
v -0.47693852 0.04847559 -0.17101429
v 0.52152210 -0.22735317 -0.13125725
v 0.27694374 0.20883825 0.39487988
v -0.71472657 0.27088565 -0.32845825
v 0.39276177 -0.18928815 0.38566646
v 0.11446985 0.01326212 0.15833804
v 0.91148829 0.00243347 -0.33270630
v -0.48443958 -0.09455542 -0.60604900
v 0.66196036 0.21058533 0.15884757
v 0.55945385 0.04139094 -0.15571682
v -0.09695148 0.09384200 0.08838326
v 0.35415763 0.04563480 -0.27187636
v -0.46625525 0.11909332 -0.10011571
v -0.26825923 -0.09687054 0.48542884
v -0.32777363 0.13471304 0.48259676
v -0.38567597 0.01710614 -0.26035917
v -0.50135380 -0.12090839 -0.28225109
v -0.57633311 0.15231913 -0.30578813
v -0.41762859 0.16060899 -0.32835066
v -0.55093598 -0.02400476 -0.10949366
v 0.16873680 -0.06146107 -0.40008765
v 0.10908698 0.04914946 -0.23731887
v -0.35776675 -0.20320034 -0.45719853
v -0.28457984 0.01358914 -0.62468868
v 0.07166166 -0.17208822 0.17014861
v 0.76038170 -0.08620688 -0.28077754
v -0.37301308 0.19503257 0.11023077
v 0.21350208 -0.04550346 -0.41362783
v -0.48878533 0.15693170 0.00233447
v 0.36026159 -0.36621478 0.44862276
v -0.16593166 0.01958999 -0.66934514
v 0.30163148 -0.18444583 -0.17325182
v -0.10551643 -0.09125230 -0.07991926
v -0.32550874 0.11142910 -0.35227084
v 0.32582885 -0.09508935 0.48427686
v -0.16371977 -0.01052606 -0.24051394
v 0.19697413 -0.05718238 -0.04134596
v 0.89017206 -0.00699503 -0.30207807
v -0.64817274 -0.26368555 0.43429118
v -0.25611705 -0.11570553 0.48336241
v -0.73236942 0.07431804 -0.36859775
v -0.63812166 0.19324671 -0.30386144
v -0.02448044 -0.07004689 -0.23088729
v -0.53010184 -0.16691563 0.41742644
v 0.44482410 0.21239513 0.30214423
v 0.80997300 -0.02001536 -0.36842364
v 0.31393307 -0.29685929 0.36899188
v -0.22350340 0.06667222 -0.51806134
v -0.16897491 -0.17549828 -0.47164842
v 0.52424818 -0.22757293 -0.16980071
v 0.65037668 0.27790210 0.41275233
v -0.67806149 -0.10205217 0.41845804
v -0.24490570 -0.13440517 -0.11086927
v -0.09503572 0.16886237 0.48757970
v 0.03752809 -0.22958997 0.01934598
v 0.22683053 0.04706623 -0.26503587
v 0.27462000 -0.07539844 0.06167969
v 0.88455743 -0.00848374 -0.22997753
v -0.61155629 0.13741033 -0.57662201
v -0.23619425 -0.19331840 0.32385296
v 0.71628308 0.23916027 0.15309834
v 0.47696650 0.25374416 0.37901998
v -0.49198908 -0.03160346 0.47766700
v 0.66458333 0.10534713 0.10848851
v -0.45107135 0.00933036 0.48513067
v 0.01019477 -0.20762782 0.17507058
v 0.02676202 -0.22930962 0.02151912
v -0.12287885 -0.20545100 0.15096354
v -0.07581229 -0.01816467 -0.43669939
v 0.51090008 -0.22799736 -0.24004813
v 0.41209456 0.03125978 -0.13785620
v -0.45092574 -0.16875786 -0.48899740
v -0.60853708 -0.05872570 -0.00160702
v -0.15172008 -0.30148435 -0.37679157
v -0.03280886 0.22743700 0.29984677
v 0.60290688 -0.16191137 -0.03715399
v -0.39642689 -0.08172970 -0.27535844
v -0.25894988 -0.26526839 -0.57077491
v -0.32965696 -0.22926162 -0.44621503
v 0.29088131 -0.13359933 -0.45613641
v -0.38926211 0.34781402 0.47851077
v 0.09207061 -0.12589461 0.20198338
v 0.27979186 0.21588533 0.39642295
v 0.43636125 -0.23187637 0.27920181
v 0.32517412 -0.01575657 -0.41388100
v -0.29763168 -0.25083297 -0.53458554
v 0.40555435 0.21026979 0.41380325
v 0.21641919 -0.13667047 0.20112389
v 0.72545332 -0.01601231 -0.25111035
v -0.27840549 0.19561978 0.16678892
v -0.69596243 0.07791962 -0.55888510
v -0.21790986 -0.21806048 0.48816511
v -0.24129109 0.07945465 -0.36808392
v 0.60113716 -0.01772941 -0.00244264
v -0.47355080 0.22038905 0.23420259
v 0.38262323 0.27676392 0.16881332
v 0.43736345 0.05090218 -0.08400737
v -0.17637879 -0.04809896 -0.17331964
v -0.20857370 0.01100525 -0.15884225
v -0.45715570 -0.16058339 -0.50019687
v -0.44844604 0.12086903 -0.32997158
v -0.14420797 -0.16833511 -0.67887151
v 0.28497374 0.04632699 0.21718879
v 0.16585325 -0.06329716 -0.39931798
v -0.48720446 0.07153831 -0.47963548
v -0.27477551 -0.15867954 0.20474046
v -0.35351059 -0.14674126 -0.60963845
v -0.48266619 0.24447173 0.44449964
v -0.00637194 0.14203897 0.28264248
v -0.71195519 0.14823946 -0.31006446
v -0.58100277 -0.04102686 -0.06481980
v -0.62945199 0.09404063 0.02663587
v 0.16951539 -0.02730153 0.01765745
v -0.21041450 0.07511533 0.47614986
v 0.16143379 -0.22989197 -0.12587515
v -0.11387866 -0.17218192 0.39979351
v -0.08703288 0.11747213 0.13484225
v -0.64134264 0.19225636 -0.57508439
v -0.52182925 0.16597891 -0.35859755
v 0.80130118 0.19851115 0.13288385
v -0.04458402 -0.09444503 -0.26185033
v -0.55954039 0.00531081 -0.48636490
v -0.29697558 0.01906177 -0.01525546
v 0.49769026 -0.08720646 -0.42086190
v 0.79029018 0.19696921 0.10947299
v 0.31350130 -0.08109441 -0.43621960
v -0.40361235 0.04461242 -0.42050999
v 0.66506505 -0.03967596 -0.01435310
v 0.22566243 -0.16607079 0.32004601
v 0.54221565 -0.22485146 -0.14325419
v -0.25123626 -0.17333059 -0.17629476
v -0.30454040 0.31336066 0.26488885
v 0.05364211 0.08342235 -0.04220790
v 0.79077393 -0.00576149 -0.04762327
v -0.60708785 0.10785147 0.40624034
v 0.29177412 -0.07900845 0.03344587
v -0.04158942 0.01008442 -0.48186246
v -0.40471852 0.09072893 -0.42230064
v 0.47355410 0.23934443 0.01487120
v 0.13718277 0.16656844 0.46626297
v -0.28791592 0.03220819 -0.04325820
v 0.57810324 0.29223937 0.35447431
v -0.39248243 -0.10924815 -0.26070073
v -0.20452575 -0.11884386 -0.78041482
v 0.04971422 -0.13858922 -0.31394058
v 0.22598998 -0.14691272 0.36142531
v -0.40654829 0.11984214 -0.32575506
v -0.17213397 -0.21203831 -0.43737608
v 0.68580014 -0.09321608 -0.13160065
v -0.20301874 -0.20266020 -0.53040791
v 0.57050371 0.03389496 -0.18256715
v -0.07849243 -0.21063611 0.08969317
v -0.11040982 0.02054001 -0.53324741
v -0.27832651 -0.13430919 -0.64460599
v 0.30228812 -0.32193291 0.36085954
v 0.69094819 0.01601969 -0.11251221
v -0.29834545 -0.22447938 -0.35199365
v 0.34662247 -0.29985523 0.31717011
v -0.38026509 -0.01543525 -0.29957202
v -0.20412321 0.09176940 0.48334596
v 0.20846131 -0.10784073 0.36391461
v -0.78350604 0.23128524 -0.35317013
v -0.69598687 0.06625125 -0.36796948
v -0.12291005 -0.02420310 -0.35171419
v 0.18832327 -0.22515608 -0.13430436
v -0.52182853 0.07597392 -0.11744838
v 0.18605562 -0.06421770 -0.40823832
v -0.35294282 0.28983703 0.25645876
v 0.38059953 0.01735210 -0.05231922
v -0.04660260 -0.00950878 -0.55181700
v 0.24943665 -0.14674418 -0.42762586
v 0.51732206 -0.11956839 -0.42281023
v 0.65732425 -0.08785763 0.41500634
v 0.56783605 -0.21419477 -0.15083197
v 0.10031006 -0.23664780 -0.09331556
v -0.29144853 0.20674735 0.38607672
v -0.30757165 0.09720672 -0.47888330
v 0.76640767 -0.07221445 -0.13139947
v 0.51737845 0.28848752 0.12654936
v 0.59622008 0.01564837 -0.16839607
v -0.03887790 0.15077959 0.43096644
v 0.26706937 -0.04424144 0.46673104
v -0.11764878 -0.06879886 -0.33991751
v 0.16551572 0.04928278 -0.24989103
v 0.15283863 0.29074797 0.42448404
v 0.02493793 0.07246871 -0.08800217
v -0.77544576 0.16864757 -0.43553576
v -0.21853939 0.04999804 -0.67016101
v -0.26042071 0.08111406 0.12718943
v 0.92459589 -0.02523252 -0.26511344
v -0.41632512 -0.16101752 -0.30353275
v -0.46913421 -0.03206908 0.48151973
v 0.17141885 -0.12810366 0.02599997
v -0.53104913 -0.08995026 -0.51725638
v -0.10776123 -0.25027427 0.30456367
v -0.22914806 -0.06302190 -0.64856619
v 0.43606654 -0.13083412 -0.43812129
v 0.48270997 0.08528040 0.26368201
v 0.19065820 0.12747690 0.36844158
v -0.08563118 -0.14249419 -0.40291205
v -0.52373821 -0.09812564 0.42690095
v -0.14209221 -0.02782050 -0.28307992
v -0.28864062 0.05121855 0.46407700
v -0.38597047 -0.08084591 -0.29336467
v -0.04980043 0.23802395 0.48602590
v 0.17451517 0.15974189 0.38030037
v -0.77915835 0.21016535 -0.37608883
v -0.53415233 0.09372716 0.46583882
v 0.22666799 0.02578884 -0.17470075
v -0.07652009 0.29147920 0.41067156
v 0.22171545 -0.14180061 -0.42538601
v 0.06364020 -0.02858557 -0.30865738
v 0.62092835 0.02654504 0.33997199
v -0.11147802 -0.07781932 -0.13657565
v 0.37188497 -0.34498459 0.41894943
v -0.67795628 -0.00800710 0.24642035
v -0.52872676 0.00239884 -0.62834859
v -0.29538426 -0.19448102 -0.59188724
v -0.67085046 0.04606017 0.08728470
v 0.06601778 -0.19863278 -0.26207340
v 0.48180494 0.22114548 0.19035083
v -0.56028157 0.20155394 -0.51318312
v 0.40333182 0.00075026 0.46578431
v -0.04853546 -0.16139443 -0.10612491
v -0.68251115 -0.03521160 -0.53618139
v -0.02866986 0.13892005 0.15028122
v 0.68014050 -0.02200593 0.35624474
v -0.13924734 0.22354837 0.30179909
v -0.45326927 -0.06210446 -0.63429141
v -0.15878472 -0.19693533 0.18203036
v -0.12081955 -0.12429747 0.00497265
v -0.45875272 -0.07918663 -0.18634620
v -0.41201159 -0.07892843 -0.25097406
v -0.53821826 -0.22088942 0.34968454
v -0.38281301 0.11632738 -0.54619706
v -0.62770540 0.06499899 0.39992440
v 0.40046364 0.31834346 0.17756194
v -0.32274872 -0.24936698 0.33828989
v -0.20159332 -0.01756710 -0.14430951
v -0.43794698 -0.17132123 -0.46321702
v -0.76061261 0.01528396 -0.52925467
v 0.43218148 0.18473561 0.21153365
v 0.59778553 0.29291466 0.38255641
v 0.62039024 -0.04904223 0.35600272
v -0.10455084 0.02256547 -0.35419783
v 0.26925465 0.17400506 0.31526309
v -0.40667516 0.01527373 -0.47126690
v -0.51005971 0.28173783 0.37502921
v -0.19129272 -0.19537143 0.23047389
v -0.52537131 0.04769575 -0.62197238
v -0.20291558 0.01808055 0.46704537
v 0.69879413 -0.06908482 0.46514824
v -0.20232309 0.00280033 -0.59153765
v -0.72248346 0.18376890 -0.40535045
v -0.23503461 -0.18765670 0.30643806
v 0.51325715 0.19171873 0.28381082
v -0.72742075 0.08019464 -0.37448886
v -0.09439733 -0.00531586 -0.35357299
v 0.38426355 0.00687835 -0.08650700
v -0.69302380 0.15707007 -0.38971490
v -0.09726036 -0.17433695 -0.65387619
v -0.01275209 -0.17362122 -0.68725938
v -0.55339974 0.20268133 0.25659904
v -0.19599137 -0.29391879 -0.51428038
v 0.56307596 -0.12448514 -0.36355805
v 0.03044126 -0.06942274 0.33993950
v 0.65682167 0.08086541 0.47413254
v -0.14153033 -0.15576133 0.07980017
v 0.82973218 -0.06710152 -0.19863845
v -0.56068349 -0.17198624 0.15717384
v -0.18370847 -0.23105106 -0.53605270
v -0.55077559 0.07244965 -0.39246005
v -0.29366076 0.06040235 -0.27697143
v 0.29161137 -0.18059564 0.39659664
v -0.14189641 -0.21147434 0.18578601
v 0.40632346 0.18478440 -0.01021759
v 0.45537323 0.02516945 0.42147538
v -0.26717189 -0.12333325 0.47931141
v 0.57924706 0.01270057 -0.02021505
v 0.19662446 -0.22792505 -0.15486506
v -0.19982223 -0.23304890 -0.35920665
v 0.93725860 -0.00029854 -0.25271088
v -0.36854690 -0.20477964 0.45600143
v -0.22117400 0.07394765 -0.34048322
v 0.80558908 0.11530595 0.25556672
v -0.20078740 -0.18457618 0.48301485
v 0.51537907 -0.11818053 0.25231749
v 0.23747714 -0.10676131 0.12205302
v 0.57540697 0.26309362 0.28022021
v 0.72777659 0.14563483 0.02718990
v -0.21980073 -0.26110837 -0.58266431
v -0.03491163 0.03176977 -0.11286350
v 0.41941875 0.16612828 0.25069645
v -0.11571527 -0.30210999 -0.47171447
v 0.50070626 0.00721781 0.47874990
v -0.16502604 -0.24693123 -0.52770907
v 0.47270700 0.18366046 0.07491809
v 0.34747735 -0.20586169 -0.39647409
v 0.61516666 -0.06867241 0.02685281
v -0.08593255 0.02414066 -0.49824205
v -0.67372435 -0.02954176 0.23009554
v -0.50222856 -0.06907054 -0.61339766
v -0.21456523 0.02836522 0.45720324
v 0.36355156 -0.23084560 0.08422381
v -0.29705909 -0.18331243 -0.28504220
v -0.49472556 -0.12745623 -0.57714731
v 0.20201850 -0.05357619 0.35465679
v -0.36746201 0.11115700 -0.32291853
v -0.36817536 0.10788643 -0.13083538
v 0.45842391 0.19927174 0.22845969
v -0.68177813 0.02269712 0.24723464
v -0.41733211 0.26043817 0.25796849
v -0.62656116 -0.04455874 -0.30078432
v -0.20685391 0.17422843 0.21474926
v -0.00164555 -0.22197857 0.10048219
v -0.67815953 0.06531184 -0.65147644
v 0.70896155 -0.04777819 0.43915403
v -0.32857963 -0.06507425 0.13498844
v -0.42057902 0.15668865 0.46664819
v -0.11195046 -0.07740850 0.47855884
v -0.01760642 -0.17566608 -0.73411000
v -0.56030291 -0.10578392 -0.44065976
v -0.32722795 0.09307016 -0.53878975
v -0.32530984 -0.06381112 0.13679639
v 0.54529822 -0.10096964 0.10462717
v -0.58706963 -0.05612186 -0.28138915
v -0.35503781 -0.22046423 -0.46940675
v -0.15054688 -0.12129091 -0.16624556
v -0.39903164 -0.13772896 -0.30788592
v -0.50592405 0.34226558 0.41693908
v -0.20630012 -0.05269217 -0.07805342
v -0.27225125 0.13377814 0.48356190
v -0.47322366 -0.11925420 -0.11132445
v 0.68635678 0.06813316 0.14544378
v 0.16425698 -0.05477355 0.06227610
v -0.38084638 -0.20946418 -0.47224236
v -0.23251708 0.04811074 -0.18716279
v -0.48551446 0.06368437 -0.31702268
v -0.26115078 -0.17977203 0.24239622
v -0.20288791 -0.04980665 -0.09280248
v 0.03304032 0.07583179 -0.07493236
v -0.61068618 -0.07580400 0.02530081
v -0.67195785 0.09979180 0.27703458
v 0.32854602 -0.15400489 0.44501272
v -0.38294837 0.05357531 0.46816489
v -0.09753282 -0.11786325 -0.69036508
v 0.10459954 0.06831937 -0.08388303
v -0.08492839 -0.23560503 0.33775392
v -0.24453512 -0.03992135 0.09937902
v -0.12515086 -0.01433568 -0.57784957
v -0.38299945 -0.24445435 0.36447868
v -0.48448217 0.38404119 0.37304008
v -0.29540744 0.08155977 -0.15628849
v 0.08351780 -0.21418099 0.06716499
v -0.37334174 0.37780643 0.31368613
v 0.05300350 0.09303834 0.13250095
v -0.50620306 0.25196075 0.30932972
v -0.47173339 0.34701073 0.32474649
v 0.37823644 0.13407999 0.19784398
v 0.07882367 0.01465068 0.24776387
v -0.43967000 -0.12732518 -0.15058534
v -0.56937504 0.14949968 -0.48964787
v -0.73876452 0.12552716 -0.63491964
v 0.61822277 0.00037687 0.35605642
v -0.38069615 -0.08353329 -0.30961180
v 0.02555858 -0.12833931 -0.29602087
v -0.31678325 0.07132575 -0.23392045
v -0.03220925 -0.16705437 0.32602960
v -0.77703315 0.02445191 -0.60033029
v -0.14629151 -0.28000891 0.44500947
v -0.20499741 0.02908733 0.46759513
v -0.53490192 0.03928911 -0.29853895
v 0.17559414 -0.09899877 0.03810155
v -0.01948673 0.09265897 0.36440733
v -0.14258945 0.00933078 -0.33361942
v -0.18297751 -0.29548007 -0.56251001
v -0.33255127 0.10051003 -0.43209362
v 0.12610081 -0.06559935 -0.37524259
v -0.44284377 0.17009003 0.45126712
v 0.77097458 -0.03088787 -0.10360346
v -0.00322209 -0.22625576 0.01896969
v 0.79168969 0.16846225 0.31665811
v 0.26425278 -0.18828329 -0.15510182
v -0.43611535 -0.04841125 -0.22169319
v -0.56105375 -0.05892142 -0.08281031
v -0.28041157 -0.09750474 0.48517767
v -0.28680351 0.34069851 0.38957915
v 0.35041934 -0.19698691 0.38034585
v 0.44056493 0.04220276 0.39584967
v 0.55325502 -0.20547703 -0.01688803
v 0.28073484 -0.23213731 -0.35299310
v 0.27018675 -0.06535186 0.07557634
v -0.15325901 -0.07085453 -0.02202071
v 0.69651091 0.24590431 0.16725452
v 0.45618600 0.16154653 -0.02560535
v -0.14824516 0.27824247 0.47202241
v -0.42328689 0.12658812 0.48148632
v -0.42575619 -0.12673494 0.01486352
v 0.81845534 -0.00019586 -0.25144389
v -0.66895777 -0.03673735 -0.45938870
v -0.57127392 0.07885021 0.44855636
v -0.24035703 0.23189716 0.21279460
v 0.53664923 0.04874583 -0.15651825
v -0.12443399 -0.24476120 0.18347771
v 0.04293728 0.06260163 0.28128287
v 0.45954606 0.02071766 0.17043662
v -0.07466947 -0.12201156 -0.10203191
v -0.48168132 -0.19736420 0.13656054
v -0.30018455 0.09348823 -0.31748644
v 0.22111636 -0.23427811 -0.19256946
v -0.37871566 -0.14740649 0.43595579
v 0.69656211 0.22047727 0.43774891
v -0.42464000 0.08796448 -0.33900639
v -0.42832607 0.05039109 -0.41491553
v 0.78469145 -0.01243619 -0.06261541
v -0.51492536 0.21191172 0.21125092
v -0.48350239 0.13134766 -0.07327215
v -0.42550364 -0.02264802 -0.42459148
v 0.55953521 -0.09802065 0.46787855
v -0.36121047 0.28522021 0.47952741
v -0.04357419 -0.19672249 0.26406923
v -0.62007135 -0.01491286 -0.35066012
v 0.47014123 0.31584436 0.23484048
v 0.44196707 -0.23181361 -0.31114337
v 0.33623481 -0.21487331 0.35708198
v 0.02083759 -0.22714598 -0.06182694
v -0.28084648 -0.14314392 0.19188637
v 0.54552507 0.15050976 0.26627886
v -0.33641216 0.21200064 0.13284542
v -0.66621369 0.11062286 0.25461650
v -0.00497664 0.09621298 0.05620020
v -0.68401754 0.19513187 -0.60185421
v -0.35117018 -0.06995878 -0.64374560
v -0.22580454 -0.03373798 -0.09557768
v 0.79343754 -0.08282572 -0.18075453
v 0.01990701 -0.04585128 0.35939875
v -0.43603018 -0.22750172 0.42357051
v -0.65787983 -0.14447603 0.39458945
v -0.42506024 -0.07747039 -0.45088768
v -0.58752060 0.13137829 0.00347802
v 0.66845816 0.01302078 0.48066431
v -0.66753447 -0.02775718 0.12255223
v -0.14347555 -0.25511906 -0.48746353
v -0.42178568 0.30226299 0.48529640
v 0.23367095 -0.18738432 0.24486144
v 0.37580228 0.28218269 0.19529095
v -0.63144106 0.08536379 -0.38638973
v -0.33626261 -0.16406886 -0.25728664
v 0.05833026 0.06530228 0.22473584
v -0.11676645 -0.04191615 -0.49170044
v 0.73972678 0.28241050 0.28886545
v -0.45179236 -0.24034818 0.20668893
v -0.36778513 0.15578894 0.08655949
v -0.54865980 -0.24131532 0.40444326
v 0.78921580 0.21630211 0.31656277
v 0.35668409 0.02147895 0.47246915
v 0.24784385 -0.08582450 0.43905345
v 0.47142577 0.02150387 0.38742602
v -0.43071142 -0.13013004 -0.15890302
v -0.23929645 -0.06815808 0.13738014
v 0.52270329 -0.17510664 -0.35351276
v -0.44282266 -0.12540372 0.43013889
v 0.31429917 -0.14608632 -0.15196487
v 0.43372306 -0.22852391 0.14034015
v 0.41666594 0.11641048 -0.11030672
v 0.43060192 0.05209953 -0.00648247
v 0.45140484 0.15684250 0.01402925
v 0.37147513 0.26086587 0.18286508
v -0.74126327 0.16588809 -0.42010370
v 0.66103661 0.02491967 0.02329288
v -0.62890077 -0.03628781 -0.52129072
v 0.50178081 0.22550614 0.11861496
v -0.31715241 0.09671278 -0.31391865
v -0.09231846 0.17049508 0.30463600
v 0.52105242 0.05168843 -0.07545678
v -0.66369915 0.06706830 -0.65038508
v 0.71546710 0.06337182 0.44846410
v 0.73505169 0.05525261 -0.07843538
v -0.62192971 0.11752333 -0.60438544
v -0.42583290 -0.03595713 -0.23672915
v -0.12120542 -0.12776929 -0.52281362
v -0.10649580 -0.13243140 -0.70408684
v -0.08835912 -0.23932046 0.27905193
v -0.11205057 -0.05799952 -0.09900106
v -0.06870116 -0.16569486 -0.05479927
v -0.11235109 -0.03932563 -0.50921154
v -0.05987613 0.29553604 0.46757859
v -0.17789148 -0.15936011 -0.51547098
v -0.30861595 0.22382656 0.15383673
v -0.21656555 -0.20564128 -0.33134094
v -0.14635226 -0.12627184 -0.54788846
v -0.34495601 -0.00822989 0.46472406
v -0.49345890 -0.14497574 0.40390998
v 0.30774426 -0.22498263 0.15113054
v 0.12171514 0.06018230 -0.05113433
v 0.52099568 -0.22775860 -0.10494857
v -0.06496024 -0.16518568 -0.71685696
v -0.52703226 0.17614721 0.41744334
v -0.14614496 0.08394355 0.10432474
v 0.55384380 -0.02882542 -0.33361211
v 0.34378290 -0.12581617 -0.47723246
v 0.48785692 -0.09095579 0.22669838
v -0.42148587 -0.13834643 -0.10578120
v 0.19421619 -0.07408518 0.32789394
v -0.79981518 0.02518747 -0.57451260
v -0.66459495 0.09584748 0.29808655
v 0.03352268 0.00522792 0.34759760
v 0.74781692 0.04917825 0.41141984
v 0.14660464 0.25944686 0.41859087
v -0.26050851 -0.08857168 0.48488793
v -0.21363124 0.21047786 0.22117177
v 0.07504028 0.01685245 -0.28084803
v 0.75336289 0.04452282 0.17055547
v 0.22007465 -0.08653880 -0.42691806
v 0.49461856 -0.15386014 0.42096698
v 0.54837650 -0.04970618 0.46554396
v -0.11921642 -0.01597347 -0.57751143
v 0.60402352 -0.15883169 0.44026339
v -0.14458446 -0.12589534 0.05581794
v -0.46802589 0.04154717 -0.62675923
v -0.55587524 0.08076512 -0.56944609
v -0.65891027 -0.23503719 0.44021022
v 0.62830538 -0.15623866 -0.12329254
v 0.78636611 0.00446007 -0.26345465
v 0.55620307 -0.00126522 0.48498112
v -0.35076919 0.07086004 -0.33778206
v -0.51647037 0.21291874 0.24609070
v -0.81827515 0.17459235 -0.44862738
v 0.64909494 -0.03886827 -0.10364695
v 0.49932277 0.26332283 0.36750081
v -0.20609558 0.27922583 0.32270014
v -0.34451675 -0.08907183 0.14859201
v 0.28984299 0.04517597 -0.29565915
v 0.60997218 -0.01700746 0.47980800
v -0.68389189 0.05039529 0.17368263
v -0.19000591 -0.19179377 -0.32705307
v 0.73796082 0.22257011 0.12256284
v 0.48664519 0.02872257 0.09030719
v -0.38589787 0.25148177 0.18997774
v -0.65004355 0.04226190 0.04524246
v -0.17867717 -0.19238323 -0.35100845
v 0.02944182 0.10174683 0.16869842
v 0.30214837 0.26486352 0.42435259
v 0.26952058 -0.24373843 -0.28713712
v 0.46180749 0.12939499 0.42575601
v -0.22446364 0.08482449 0.47795111
v -0.80736905 0.08137411 -0.36405349
v -0.34269375 0.05510451 -0.25727654
v -0.46020582 0.35111201 0.47449073
v -0.36591554 0.36965248 0.32332721
v -0.62799895 -0.08718878 0.26580390
v -0.57553303 0.07233922 -0.58155310
v -0.42305908 0.01468416 0.47690317
v -0.34758231 0.24818435 0.44599998
v 0.63198328 0.06340066 0.31228039
v 0.61967379 -0.14696507 0.44076699
v -0.60761881 0.13931398 -0.57366127
v 0.26877609 -0.05359689 0.46705383
v -0.70821613 0.20713031 -0.60886467
v -0.34130913 -0.23914088 -0.63567007
v -0.09489439 -0.09533132 -0.13076563
v -0.11210065 -0.08825310 -0.08039596
v -0.44165891 -0.13197388 -0.03581955
v 0.49609205 -0.23326926 -0.13584630
v -0.31598890 -0.09448871 0.01220951
v -0.50107378 0.13295150 -0.06144955
v -0.21924381 0.15483901 0.46002236
v -0.83317673 0.11913349 -0.33362359
v -0.27151552 -0.23393823 -0.33731574
v 0.51528805 0.09852418 0.26558599
v -0.31845289 -0.19307970 -0.62433863
v -0.39864883 0.12896761 -0.07346573
v 0.29864731 -0.05526338 -0.42803344
v -0.11395442 0.14872678 0.21888053
v -0.29835922 0.34945050 0.34406558
v 0.43742096 0.21829514 0.44167796
v 0.27149835 -0.28019178 0.30684587
v 0.80006272 0.18290050 0.10002220
v 0.27397028 -0.27589393 0.32717985
v -0.09784077 -0.13274163 -0.43049729
v 0.49106222 0.27919301 0.22344273
v 0.49746183 0.29153353 0.07153091
v 0.73479342 -0.00940447 0.43796501
v 0.19264862 -0.08571838 -0.41681194
v 0.79589319 0.00002857 0.02216442
v -0.67142230 -0.01868518 0.26913136
v 0.35054621 0.09056624 0.21972118
v 0.83262819 0.13064955 0.13223681
v 0.11363782 0.06475694 -0.04413993
v -0.02441302 -0.03255519 -0.57598859
v 0.47862095 -0.27525690 0.37425128
v 0.39584148 -0.05529556 -0.42329147
v -0.19857985 -0.15469475 -0.65614450
v -0.02807209 0.06704385 0.40988699
v -0.65933913 0.14167058 -0.61918402
v 0.39587238 0.31621176 0.46041885
v -0.18749066 -0.19116426 0.20449661
v 0.53550076 -0.22554713 -0.13535582
v 0.59309453 0.02316358 0.48004946
v 0.39804631 0.12439126 0.26551652
v -0.56325096 -0.00694815 -0.10407931
v -0.21199068 -0.28916708 0.41395178
v 0.72766238 -0.10856252 -0.15740594
v 0.29042843 -0.13462940 -0.13871318
v -0.07634508 -0.14356443 -0.65586507
v -0.29308906 0.32918796 0.29418948
v -0.07467869 0.28727445 0.48176795
v 0.10419232 -0.11225213 0.18929328
v 0.56694424 -0.04959022 0.47261673
v -0.17876604 -0.23813137 0.48942578
v -0.11382286 0.10986962 0.45861593
v 0.47232845 0.05765079 0.45862490
v 0.54043537 0.04103400 -0.22296949
v 0.39072111 -0.23717375 0.22848952
v 0.38759947 0.06824329 0.38864109
v 0.42310458 0.28047755 0.05323042
v -0.09905875 -0.12783566 -0.38443959
v 0.37320212 0.04509199 0.15823859
v 0.76975244 0.23765312 0.34011251
v -0.42547649 -0.12982896 -0.16873205
v -0.29266575 0.07413103 -0.09102959
v 0.26799837 -0.20068723 0.33442685
v -0.49096197 0.30337143 0.46785328
v -0.13157509 -0.16640615 -0.69216412
v -0.05407674 -0.13546601 -0.69742686
v 0.41091925 0.19311610 0.13034970
v -0.16656727 -0.07761852 0.04505133
v -0.38010091 -0.17921235 -0.60038787
v 0.44078404 0.05053012 -0.28123626
v -0.30308005 -0.19235915 -0.60027128
v 0.27357143 0.05085332 0.22517155
v -0.16018216 -0.06496779 -0.52424300
v 0.88752842 -0.05049119 -0.24475463
v 0.38255563 0.23442823 0.13507141
v -0.36223820 0.32758683 0.48106831
v 0.26766011 -0.21051109 0.19444542
v 0.51557904 -0.17996538 0.24327546
v -0.12960263 -0.15638147 -0.43342042
v 0.53535712 0.27785069 0.36181089
v -0.21701004 -0.21560653 -0.33544168
v 0.15699571 -0.12229259 0.06231992
v 0.77276504 0.23711677 0.17170162
v 0.63331211 -0.10945559 -0.28514987
v -0.66106147 0.12447520 0.15719949
v -0.17836034 0.16173913 0.21079786
v 0.33111942 -0.15091458 0.00374169
v -0.01392937 -0.03379615 -0.48629472
v -0.16439439 -0.12030454 0.47812194
v 0.02608052 -0.19373226 -0.71246779
v -0.37966540 -0.13029532 -0.31068549
v 0.39128619 0.31183556 0.46375963
v 0.26428264 0.01120791 0.17860022
v -0.16014367 -0.14890599 0.10568169
v 0.11840279 0.03449221 0.08019439
v 0.45816544 -0.19638506 -0.37016219
v -0.41943741 0.37018111 0.46779150
v 0.11786348 0.02388359 0.12105653
v -0.60002536 0.11593514 0.00103625
v 0.37947348 -0.33626577 0.37014294
v 0.73729354 -0.07995667 -0.29215872
v 0.50549400 -0.24371967 0.37847981
v -0.58731502 0.07637729 -0.05624060
v 0.23508234 0.17806549 0.43837738
v -0.62480915 -0.04054924 -0.52067900
v -0.79138511 0.11045591 -0.32457826
v -0.12287644 0.12936085 0.15765958
v -0.13815677 0.28974250 0.46603960
v 0.71675658 -0.10424698 -0.23173456
v 0.83854079 0.00276303 -0.25545231
v -0.26739648 0.03106755 0.12037682
v -0.18614261 -0.28467801 -0.39466912
v -0.54933476 0.03792527 0.46530953
v 0.23655684 0.12526748 0.28453329
v -0.53384382 -0.10348962 -0.49304017
v -0.12186989 0.10493534 0.12209765
v 0.05450239 0.02369846 0.30240804
v 0.17814721 -0.04373880 -0.39708877
v 0.15107714 0.03056252 -0.31009087
v -0.63352007 -0.00032351 0.38886294
v -0.63430709 -0.07084840 0.07920057
v 0.21941857 0.22843103 0.39746937
v -0.30440924 0.06854629 -0.60978502
v -0.29763168 -0.23695584 -0.59466845
v 0.04523110 -0.21854499 -0.16501908
v -0.56554633 -0.10983108 0.04478278
v -0.78687680 0.13294943 -0.33144629
v -0.14917536 0.07629192 0.10039105
v -0.52972859 -0.13134028 0.33695570
v -0.45145935 0.16923295 -0.50456154
v -0.22732124 0.30474353 0.35968223
v 0.48357040 0.22569229 0.14554085
v -0.43946838 0.11203369 -0.12512590
v 0.09251413 -0.14601099 -0.34997052
v 0.32955402 0.23636107 0.46588957
v 0.37178898 -0.15286593 0.44114459
v -0.15623248 0.29511258 0.38196608
v 0.61206955 0.10810710 0.21792084
v -0.03292572 0.25862166 0.47242507
v -0.46228188 -0.12592109 0.07788578
v 0.85045624 0.02224272 -0.31417713
v 0.38653088 0.15881705 0.47436249
v 0.81237012 0.18557450 0.26460528
v -0.42780772 0.15941274 0.01739301
v 0.63600558 0.08586072 0.48578829
v -0.61418575 0.09014928 -0.60943043
v 0.45260018 0.20627217 0.17564787
v -0.57665640 0.18856564 -0.34373227
v 0.45408154 0.19140124 0.23115721
v 0.24853925 0.23673123 0.44962272
v -0.56137377 0.14299904 -0.48911560
v -0.17593116 -0.00887272 -0.20863874
v -0.45819533 -0.05790898 -0.46691948
v -0.50788355 -0.22449195 0.35017103
v 0.48276225 0.00173872 0.15988474
v 0.46514645 0.07470449 0.25904933
v -0.33717328 0.10941254 0.47983566
v 0.78909767 -0.06586252 -0.31113574
v 0.48339581 -0.23132487 -0.12409610
v -0.26311004 0.05397492 -0.64357620
v -0.50393039 0.20039849 0.39998823
v -0.15624610 -0.20182666 0.19435157
v -0.78399968 0.09203099 -0.38632089
v -0.29554066 0.16389656 0.15129863
v -0.21211228 -0.23612648 0.48897910
v -0.32926098 -0.13297172 -0.03378104
v 0.41691214 0.21608931 0.01742002
v 0.79503781 0.21989529 0.29737562
v -0.37213585 -0.18033747 -0.38081187
v -0.38042340 0.23665531 0.13887858
v 0.48861095 -0.01853867 0.48601660
v -0.09183032 -0.02282476 -0.37426674
v 0.26469332 0.03972839 0.43644804
v 0.65294647 -0.03905085 -0.10409141
v 0.80649590 0.21998735 0.21982946
v -0.45455074 -0.13690642 -0.35384151
v 0.27583757 -0.16569704 -0.14514315
v -0.38896602 0.11997639 -0.40040207
v -0.46480328 -0.23875429 0.26856631
v -0.48113653 0.30859208 0.32026604
v -0.24730457 -0.13090819 0.17257397
v 0.22542803 -0.00749443 0.23726217
v 0.48194697 -0.22110325 0.24117945
v -0.20080833 -0.19368985 0.27713022
v 0.70638913 0.06868576 0.45190200
v -0.45024228 0.15044792 0.46359056
v -0.18595611 -0.11835589 -0.15528670
v 0.52498418 -0.00471371 0.09283581
v -0.16783258 0.05091376 -0.37804967
v -0.12364268 0.29410246 0.40913904
v 0.79748595 0.13954179 0.29258376
v 0.83886611 -0.04889115 -0.18169712
v 0.38334042 0.27634797 0.46643817
v 0.39911222 -0.10877372 -0.47017059
v -0.32495436 0.09950992 -0.08981579
v -0.39327765 0.08741819 0.47689214
v -0.27583304 0.09043103 -0.43214303
v -0.58012491 0.02187060 0.45044598
v 0.52749175 -0.22182640 -0.22573069
v -0.15684739 -0.28435597 -0.55490750
v -0.60639232 0.18972224 -0.30140823
v -0.75278592 0.09593013 -0.60304391
v -0.47870615 0.36324102 0.34272492
v -0.39028236 -0.17683510 -0.31255227
v -0.57136881 0.09030729 -0.50323844
v -0.68201345 0.12608416 -0.39537457
v -0.53123188 0.06268641 -0.49104270
v -0.03798900 -0.21441574 -0.00527419
v 0.59762871 0.29211751 0.32631391
v 0.09630518 -0.22228020 -0.24463107
v -0.67484152 -0.23271090 0.43272370
v 0.38640508 0.28900477 0.46790037
v -0.41926822 0.06353708 -0.40981442
v 0.40378976 -0.23742782 0.08098499
v 0.89354587 -0.00955506 -0.23214571
v -0.14224257 -0.16046825 -0.69154489
v -0.09224755 0.20314428 0.48737806
v 0.56273949 0.23812422 0.47691068
v -0.09309649 -0.24061492 0.26228964
v -0.25140592 0.05300163 -0.29447490
v -0.40015897 0.13052578 -0.52843094
v -0.44497776 -0.12886578 0.03646096
v 0.47666070 -0.04991432 -0.39516166
v -0.23682974 -0.07488977 -0.04018790
v -0.57068408 -0.04949563 -0.28495994
v -0.64460212 -0.25308573 0.43911749
v 0.00846061 0.01130420 0.38626927
v 0.70616460 0.06373472 0.16116390
v 0.21066931 -0.06264630 -0.06487606
v 0.29689559 -0.24142805 -0.27390990
v -0.69720763 0.20036930 -0.61056387
v 0.48405370 0.03954335 0.30125910
v 0.68187881 0.09056690 0.24080421
v 0.63571072 -0.11935095 0.41862023
v -0.15568843 0.24351618 0.30408695
v -0.42955193 -0.13477176 -0.01978356
v -0.70261890 0.05119612 -0.62807459
v 0.42529410 0.13818979 0.48444408
v 0.75753599 0.03596008 0.15546067
v -0.10863162 0.06615134 0.05858641
v 0.45223755 -0.23327814 -0.28399345
v 0.29034811 0.14179495 0.43030754
v -0.22129104 0.23545814 0.43397236
v -0.41270304 -0.25098556 0.26622885
v -0.29944527 0.02960170 0.10293847
v -0.57248545 0.19967380 0.23365644
v -0.46712145 0.14142098 -0.53147918
v -0.11033639 -0.15232228 -0.44073519
v -0.23467091 0.02986301 -0.66059375
v -0.49248672 -0.08797235 -0.60866177
v 0.19342774 0.11204977 0.36911303
v -0.58711666 -0.00806836 -0.06668020
v 0.25376701 0.20899031 0.39009491
v 0.51656193 -0.11435419 0.25538334
v -0.55692440 -0.05840612 -0.57243305
v -0.16132191 0.16009553 0.21376128
v -0.47156030 -0.12062872 -0.09929197
v 0.06356055 -0.19133008 0.15053697
v -0.43770742 -0.17127240 0.41978106
v -0.19308370 0.18597230 0.23156355
v 0.22742140 -0.03382732 0.17495571
v -0.48317257 -0.13349023 -0.57693589
v 0.46363124 0.18995248 0.29665697
v 0.08789374 0.02095231 0.21562809
v -0.48240292 0.31373307 0.32249957
v -0.70934480 0.26445621 -0.29358819
v 0.55390280 -0.20487839 -0.26122710
v -0.63402545 0.15760350 0.14796762
v -0.27036926 0.07066068 -0.58810085
v -0.20834923 0.00731925 -0.59361035
v -0.05934755 -0.02230236 -0.36610273
v 0.64533901 0.29638201 0.31927457
v 0.72505891 0.02464011 0.36200917
v 0.39610159 -0.37186152 0.42718130
v -0.67499971 0.08651739 0.13476528
v 0.36273748 0.11428208 0.48905078
v 0.55906159 -0.02395831 0.13351345
v 0.55574173 0.25649852 0.29347280
v 0.53856593 0.04952258 -0.08457457
v -0.28643635 -0.01915068 0.46000826
v 0.59233600 -0.03835289 0.34459448
v 0.22000265 0.08619957 0.42207253
v 0.00883155 0.11356342 0.21745810
v 0.59304005 -0.17115696 -0.25842950
v -0.61973220 -0.25363922 0.43852788
v -0.42814332 0.09472238 -0.60856652
v 0.57535064 -0.01486341 0.08359024
v -0.12847859 0.19226710 0.30273631
v 0.52478468 -0.07571844 -0.38471317
v -0.14352313 -0.30703253 -0.56942874
v 0.19971304 -0.05548093 0.23271666
v -0.68993169 0.05188089 0.21895632
v -0.26625094 -0.25128472 0.36093625
v 0.26403987 -0.23879282 0.30693659
v -0.14811660 -0.09918468 0.03765319
v -0.46348265 -0.15058108 -0.57080984
v -0.61452341 0.09616438 -0.38851464
v -0.41085836 0.14691803 -0.49529019
v -0.12610817 -0.28760907 -0.37054390
v -0.58836567 -0.26524100 0.42599797
v -0.04668762 0.24558382 0.32150543
v -0.11130391 -0.07576329 -0.13673416
v -0.29018220 0.23066300 0.37472239
v 0.02846361 -0.22690190 0.04586706
v -0.48038802 0.14922774 -0.03712441
v -0.66506547 0.01362662 0.07061062
v -0.67040002 -0.13118058 0.42809677
v 0.25801125 -0.23850788 -0.33562785
v -0.22487302 -0.04881591 -0.07124380
v -0.53122205 0.02618302 -0.39496326
v -0.55048430 -0.01279652 -0.11252056
v -0.68449432 0.00979944 0.16299522
v -0.39808187 0.13000062 -0.46712795
v -0.44114742 0.40242359 0.37843603
v 0.84897035 -0.06045855 -0.28425738
v -0.30674210 -0.04472988 -0.64535862
v -0.00273081 0.18290636 0.42495081
v 0.51214200 -0.10412545 0.15257813
v -0.41228673 0.19477500 0.10177148
v -0.47962859 -0.09563500 -0.43280724
v -0.02253673 0.13886648 0.19504035
v -0.46828970 0.07111702 -0.15826252
v 0.35450915 -0.16131376 0.43123412
v -0.20684229 -0.18318507 -0.24767534
v -0.05712794 -0.19942953 0.28063822
v -0.70468575 0.15377270 -0.30984494
v 0.30390659 -0.22014090 -0.38064447
v -0.67993712 -0.11577214 0.43786806
v 0.30289999 -0.07740474 -0.43418494
v -0.19325085 0.02685160 -0.25403470
v 0.66873491 0.01422827 -0.03171285
v -0.16903386 0.00358778 0.09008482
v 0.67241240 0.09431341 0.06914582
v 0.53717434 -0.12058692 0.45289731
v 0.39777881 -0.19538569 -0.06847318
v 0.30339992 -0.09185419 -0.13907720
v -0.72492003 0.25210983 -0.34850168
v -0.16924898 -0.18037292 0.44902518
v -0.50823885 -0.08180476 -0.30059773
v -0.44449899 -0.22112139 0.32396245
v 0.47995031 -0.13343923 -0.41153857
v -0.00966702 0.12724271 0.24794921
v 0.30795243 -0.23066173 0.21817034
v -0.34849718 0.34220862 0.27276024
v -0.30648363 -0.22581519 -0.65361917
v -0.70150149 0.19346334 -0.39563647
v 0.48726964 -0.09114353 0.45737934
v 0.69302279 0.25378683 0.17954773
v 0.10882109 0.05407917 -0.20509227
v 0.32267585 -0.29487616 0.27649516
v -0.12090468 0.05337731 0.06078799
v -0.44483873 0.01891240 -0.64016384
v -0.43516582 -0.13064770 -0.61632347
v 0.08244243 -0.22638470 0.01813918
v -0.41340315 -0.00404430 -0.24270046
v -0.19050655 -0.13398075 -0.17424946
v 0.41908523 0.20407754 -0.01543727
v -0.28969860 -0.16198090 -0.12364966
v 0.39350301 0.28839427 0.34748453
v -0.53331512 -0.11781073 -0.47818759
v -0.42522004 -0.10227726 -0.32341149
v -0.23020008 0.29011163 0.39142561
v -0.25411358 -0.26035911 -0.56565219
v 0.00958786 -0.22634606 -0.03272090
v 0.45853305 0.19518629 -0.03090140
v -0.27553350 -0.25653544 0.37110567
v -0.00298926 -0.16839299 -0.73541564
v -0.25583413 -0.08802626 -0.74639696
v 0.47947091 -0.18332949 0.16919805
v 0.35008758 -0.16916196 -0.16233885
v 0.52143723 0.05767947 0.28680015
v 0.52245122 -0.18358876 0.29012743
v -0.22535595 -0.27119285 -0.47452635
v 0.16263236 0.00359955 -0.01441533
v -0.24145940 -0.09748403 0.15293577
v 0.33680975 0.01803993 0.47933337
v -0.07728736 -0.16160674 -0.71324497
v -0.65416998 -0.23347729 0.39357841
v -0.50180495 0.21384415 0.22793350
v 0.35243422 -0.14639530 -0.14344834
v 0.57012987 -0.02395058 0.11532784
v -0.43118957 -0.12625308 0.02088867
v 0.19289027 0.01892903 -0.12164920
v -0.26664418 -0.20971493 -0.29425141
v 0.63886392 -0.10198314 0.40288639
v -0.44780511 0.11438348 -0.57882696
v 0.59195149 0.14083488 0.47259325
v -0.52873141 -0.03986649 0.45738783
v -0.13445365 -0.11257550 -0.49452752
v -0.36404690 -0.24067995 0.26094398
v -0.55473489 -0.22551030 0.41757083
v -0.09698353 0.01701689 -0.51775324
v 0.18001631 -0.00902676 -0.04207291
v 0.24202569 -0.04772135 0.13145065
v -0.58596486 0.00451300 -0.07022153
v 0.34605920 0.14286551 0.45623246
v 0.38705003 -0.00354010 0.46922386
v 0.51762956 0.11131849 0.46537709
v -0.27102730 -0.24861780 -0.54250616
v 0.11741043 0.06288552 -0.15949993
v -0.18336716 -0.11330101 0.10788865
v 0.22665104 -0.14267756 0.17458522
v -0.34729099 0.36136958 0.32234246
v 0.21734408 -0.01912995 0.37862763
v -0.14649978 -0.07953605 -0.21438040
v -0.22997557 0.05895405 0.45846084
v -0.58652258 0.20762393 -0.55188340
v -0.09243940 -0.05255593 -0.11626110
v -0.14663973 -0.04241107 0.48782456
v 0.34338328 0.03268906 -0.23175442
v -0.51050490 0.28057113 0.38292274
v 0.14335878 0.01592381 0.02841469
v -0.72912717 0.02022299 -0.49694243
v -0.55628580 -0.07906601 -0.50675124
v -0.32878533 -0.17805494 -0.30428341
v 0.87556684 0.02768791 -0.33281991
v 0.06501050 -0.04501886 0.29448804
v -0.83757102 0.14031695 -0.43981478
v -0.13374229 -0.15478335 -0.63308012
v 0.28150490 0.21062872 0.45182776
v -0.19728266 -0.21037649 0.31556466
v -0.31230631 -0.04847950 0.10877375
v 0.87734884 -0.04925606 -0.22479843
v -0.31838453 -0.22418657 -0.42581430
v -0.13980429 -0.11985378 0.04108829
v -0.68389386 -0.00037591 -0.34929827
v 0.75367677 0.22369573 0.12792416
v -0.24564880 0.05383900 -0.26480490
v 0.43053427 0.19553502 0.27017277
v -0.05553789 -0.02679926 -0.38170183
v -0.54685813 -0.21179748 0.41730553
v -0.38868952 0.21861261 0.11905411
v -0.01076079 0.13216832 0.25722963
v -0.29402617 -0.25182623 -0.43307263
v 0.07246326 -0.23035517 -0.15354100
v -0.40501398 -0.02250702 -0.44340920
v 0.53100258 -0.22698292 -0.14851755
v 0.04400686 -0.18345858 0.19772735
v -0.59961426 0.20913255 -0.29680085
v -0.47668961 -0.12882854 0.04650645
v 0.32743451 -0.02352470 0.48728669
v 0.52687824 0.27499044 0.35873917
v -0.15485759 -0.17081271 -0.32025528
v 0.44773757 0.15114975 -0.04770637
v -0.20306878 -0.28616098 -0.45470050
v -0.53956121 -0.08391963 0.43097350
v -0.42670211 0.06776949 -0.47091413
v 0.54621094 0.04314208 -0.17420785
v 0.20402165 -0.12685540 0.27781889
v -0.48512310 0.12689847 -0.08086117
v -0.29878673 0.16284040 0.14904480
v -0.55823129 0.20127060 0.25452474
v -0.66998559 -0.04079608 0.23576176
v 0.17921415 -0.16749536 -0.39073378
v -0.55779427 0.14390834 -0.54833978
v -0.23970531 0.24420731 0.22257608
v -0.51294041 -0.13467148 -0.49947783
v 0.43353182 0.18926460 0.19023369
v -0.71986818 0.04387128 -0.51909786
v -0.48621202 -0.21705697 0.34188414
v -0.62259859 -0.21959931 0.36864856
v -0.67044061 0.09380450 -0.28720701
v -0.18381859 0.26882467 0.45253780
v -0.06796127 -0.20066479 0.31328920
v 0.56830227 0.27111453 0.43502671
v 0.39578274 0.01897428 -0.09833501
v 0.18662970 -0.08492330 -0.41395605
v 0.80282044 0.01309046 -0.00054128
v 0.37832147 0.26295248 0.17372037
v -0.14574015 -0.00954570 -0.58085597
v 0.79007304 0.10069271 0.27083912
v -0.44353807 0.16986062 0.04543123
v 0.82123125 0.15310308 0.22839098
v 0.75356555 0.19047339 0.38452286
v -0.61718923 0.11953911 -0.59531736
v -0.39497951 -0.13592765 0.16139382
v 0.03014786 -0.22462466 -0.10960929
v -0.05336211 -0.21694396 0.12564893
v -0.52268982 -0.08052279 -0.43261835
v -0.03196921 0.08101624 0.40246487
v -0.24454936 -0.20643114 0.33065161
v 0.75552231 0.06063192 0.29644829
v -0.17581043 -0.14632750 0.11984268
v 0.44175735 -0.23462386 -0.26869911
v 0.60290474 0.08988713 0.24196097
v 0.42515948 0.04261856 0.20600782
v -0.21771854 0.18576698 0.43126181
v 0.71290636 -0.02522285 0.41308960
v -0.09696990 0.22151421 0.33131409
v 0.28634709 0.16404720 0.21654008
v 0.16049059 -0.11031324 0.06554727
v 0.37131694 -0.23481125 0.09144782
v -0.19861285 0.26288930 0.44292465
v 0.68213820 0.00392938 0.48218602
v -0.57085824 0.01153167 0.45410350
v 0.32535496 -0.09424072 -0.13718490
v 0.57616931 -0.19125691 -0.25303182
v 0.45562705 0.19840038 0.27352768
v 0.06730672 0.04644835 -0.21721242
v -0.53931552 0.18522434 -0.30093947
v -0.47185597 0.17216504 -0.49401140
v 0.39162147 0.25811854 0.45957944
v 0.66337651 -0.04550375 -0.13161694
v -0.31688887 0.34600270 0.30305916
v -0.65799713 -0.24802697 0.38812980
v -0.01012330 -0.22499533 0.07601060
v 0.44857639 0.21067755 0.29430369
v 0.57864410 -0.09320699 0.06234713
v 0.65411204 0.29407087 0.29574516
v -0.22583467 0.28933376 0.39526415
v 0.41317886 -0.31340319 0.44548470
v 0.82700557 -0.03430269 -0.33322030
v 0.03991223 -0.23242450 -0.05016566
v 0.30019036 -0.04144059 0.04063239
v -0.48993075 0.04035852 -0.15906195
v 0.49327779 0.12754814 0.46611431
v -0.05476381 0.16323066 0.48138511
v 0.21065836 -0.21883674 -0.35689601
v 0.19293864 -0.06940459 0.29282740
v -0.53471744 -0.03108674 -0.30843249
v 0.61947238 -0.07776882 -0.31858271
v -0.07416188 -0.02763183 -0.41775605
v -0.16438614 -0.16284195 -0.48767912
v -0.48598137 -0.20686507 0.14468430
v -0.29480219 0.08241383 -0.12877508
v 0.17272006 0.04524716 -0.13163696
v 0.64636153 -0.05866606 -0.01238905
v -0.05581030 -0.19975868 -0.01298688
v 0.35404855 0.11945828 0.48356602
v -0.41919151 -0.13555384 -0.42848241
v 0.47971228 -0.23395418 -0.16599184
v 0.33287540 0.01574648 0.07626988
v 0.77945024 -0.02904706 -0.05466332
v -0.27397460 0.25273198 0.21423450
v -0.23113300 -0.19320995 -0.26918516
v 0.34438196 0.16560061 0.45138922
v -0.64653909 0.16816448 -0.49863550
v -0.44163600 0.40832525 0.30005407
v -0.55609345 0.03141034 -0.29461500
v -0.64129227 -0.05979943 -0.50287962
v -0.54048163 0.13852245 -0.02607785
v 0.70139527 0.07715395 -0.03475519
v -0.44271317 -0.11175465 -0.62046105
v 0.36325291 -0.12791282 -0.08443611
v -0.45146775 0.23218480 0.18337715
v 0.58939976 -0.15783687 -0.28083301
v 0.59057420 0.01063071 -0.21971862
v 0.39847660 0.02898381 -0.06884941
v -0.18881181 0.02387915 -0.25630492
v 0.31987706 0.02168754 -0.37831861
v -0.70705974 0.03264693 -0.48719582
v 0.02986317 -0.11918515 -0.34108892
v 0.71962708 0.28874683 0.29789498
v -0.37115839 -0.14567055 -0.05888461
v -0.57466376 -0.09157521 0.43084049
v -0.01432683 0.26864651 0.41983184
v -0.67250752 0.09794801 0.28108880
v 0.23913318 -0.07824482 -0.09594256
v -0.53981644 -0.09468720 -0.33211216
v -0.36786157 0.38412312 0.43757918
v 0.51774073 0.00497283 -0.33343342
v -0.45933807 -0.22613883 0.40966862
v -0.00179521 0.02234360 -0.18372843
v -0.47371793 0.04720484 -0.62491918
v -0.51148307 0.15819740 -0.54149175
v -0.24804057 0.05648587 -0.65251207
v -0.52920949 0.19846071 0.14627722
v -0.59469914 -0.12124453 0.20607895
v -0.01305905 0.10338665 0.07802331
v 0.33791658 0.03110007 0.13146964
v -0.21751799 0.05681148 -0.64758760
v 0.36239389 -0.29856578 0.32804269
v 0.34756762 0.04498967 -0.27327874
v 0.15606852 0.05501193 -0.19881326
v 0.73723418 -0.10555194 -0.14840022
v 0.38498676 -0.02534415 0.47299489
v 0.51844484 0.01066635 -0.32665035
v 0.50080454 0.26381516 0.05510844
v -0.25163975 -0.07641468 -0.71363413
v -0.40563932 -0.20823897 0.44224006
v 0.69413078 -0.01077843 0.48277965
v 0.27042413 -0.03989984 0.08983127
v 0.00767237 -0.20784129 -0.71362174
v -0.35476419 0.14681637 0.09262179
v -0.25046885 -0.11713744 0.16734304
v -0.21143574 -0.02629277 0.08839957
v -0.52889001 -0.06440374 -0.44715151
v 0.27667725 -0.22796184 -0.21483797
v 0.76991117 0.06562819 0.28980133
v -0.02294947 0.02756135 -0.13503212
v 0.40827832 0.04978896 0.42828807
v -0.07011034 -0.13268666 -0.09801850
v -0.27753276 0.01026926 0.45946690
v -0.81970352 0.11633883 -0.33163577
v -0.67939472 -0.00101188 0.24210858
v -0.13815592 -0.24341395 0.31165552
v 0.33666533 0.12674367 0.46177825
v 0.12630923 -0.23450790 -0.22531606
v 0.74865770 0.04574341 0.41153467
v -0.15022326 0.17567283 0.47803509
v -0.38503411 -0.16033752 0.43354392
v 0.46581694 0.22179297 0.19396122
v 0.81320566 0.14231999 0.25322101
v -0.07324573 -0.05330367 0.46049246
v 0.17504109 -0.23513657 -0.28677887
v 0.46642303 0.18631512 0.08310545
v -0.49859318 0.10234223 -0.55687243
v 0.60641515 -0.14184290 0.39859691
v 0.56944293 -0.13868126 -0.33672473
v 0.47014147 -0.27373865 0.34658867
v 0.66078496 0.04004389 0.05691085
v 0.41364706 0.27448532 0.10868496
v -0.67555219 -0.00161988 -0.35627708
v 0.01063534 0.21506627 0.39757878
v 0.35166255 0.03329253 0.10915221
v 0.06408828 -0.19584966 0.14065535
v -0.74399495 0.19808573 -0.32655632
v -0.46622819 0.12682471 0.47137097
v 0.74123204 -0.05883837 -0.32710156
v 0.41293690 -0.09119888 -0.44258508
v 0.30390140 -0.16654101 -0.15908386
v 0.06992960 0.00310163 -0.29276925
v -0.06158387 0.15450810 0.47376460
v -0.22143497 0.02844178 -0.15939568
v 0.61583638 -0.14697173 0.42301631
v -0.48018447 -0.10536202 -0.42486075
v -0.36187664 -0.22195870 0.23295934
v 0.40908265 -0.06117935 0.48856992
v 0.08774342 0.05792369 0.13984403
v -0.04383402 -0.20136322 -0.04010507
v -0.10625551 0.07072359 0.47623548
v -0.10250931 -0.03391799 -0.41466492
v 0.37647781 -0.13984060 0.46072441
v -0.08158783 -0.18627441 -0.69599795
v 0.81024992 0.09975978 0.22158159
v 0.73149532 -0.05478617 -0.01431057
v -0.64392030 0.17398535 -0.30045399
v 0.71855420 0.04184776 -0.09211663
v -0.52886063 -0.08992033 -0.27433255
v 0.13474725 -0.18832523 0.02358931
v -0.13504846 -0.14295655 -0.24501328
v 0.23872848 0.03984690 0.36616391
v 0.61991996 0.09981151 0.48876715
v 0.41727909 -0.23394041 -0.30170399
v -0.58120227 -0.13911483 0.43531829
v -0.61655575 0.12525165 0.37824482
v -0.13789833 0.09528212 0.48170316
v -0.03987717 -0.00824125 -0.15886885
v -0.04889764 -0.15214270 -0.11509646
v 0.71844685 0.28764272 0.33469394
v -0.68469816 0.20924515 -0.56095886
v 0.10700262 0.05406753 0.06952065
v 0.53571886 0.18106905 0.27355573
v -0.09556707 -0.14015740 -0.44737482
v -0.39738306 -0.13947710 -0.04876226
v -0.66674817 -0.20002465 0.41011465
v -0.42804521 0.14819327 -0.01393799
v 0.47769070 0.30009669 0.24364626
v 0.16711220 0.01268182 -0.05312244
v -0.59948349 0.08996516 -0.28923142
v -0.33840615 0.08684558 -0.18957150
v -0.53315705 -0.00996973 -0.13874105
v -0.53272557 0.00080782 -0.62734675
v -0.54312539 0.05939539 -0.10953820
v -0.38945848 0.15353869 0.47065574
v 0.42365602 -0.23108585 0.28047562
v 0.11926068 -0.23572786 -0.10573623
v 0.49253154 -0.22158499 0.32202914
v 0.00598975 0.03312249 -0.17418069
v 0.28841603 -0.19044031 -0.17185454
v 0.38235107 0.16617264 0.46360365
v 0.23765202 0.13506164 0.31671679
v -0.18124646 0.14238481 0.46238774
v -0.48811376 0.18408708 -0.50859421
v -0.27218479 0.09055629 -0.41605970
v 0.42072806 0.04333798 -0.07714358
v -0.49514437 -0.22564206 0.35319272
v 0.22573362 0.22754875 0.44469848
v 0.83270186 -0.02437101 -0.17389692
v 0.75763458 0.14525476 0.37525907
v -0.20330602 0.03209135 -0.22137833
v -0.52871102 0.06959140 -0.49086609
v -0.66834366 0.20014049 -0.38071841
v 0.63507718 -0.11082644 0.40622765
v 0.00621330 0.21090616 0.41395256
v 0.42743510 -0.00185237 0.46206871
v 0.82011390 0.08472484 0.17312224
v -0.01943758 -0.19479716 0.25212237
v 0.42418292 -0.13126060 0.44941872
v 0.46819302 0.17819023 0.28984526
v -0.30571336 0.08833478 -0.46512386
v -0.60859871 0.20435351 -0.33679777
v 0.61355764 -0.03617223 -0.24830641
v 0.63366991 -0.13319039 0.44333437
v -0.28354770 -0.23502649 0.48803106
v -0.49289066 -0.10162268 -0.60389042
v -0.18972026 -0.14614274 -0.68149710
v -0.78036577 -0.00087032 -0.52946287
v 0.51802498 0.28369302 0.11573854
v 0.21832441 0.05408027 0.29535714
v -0.17222375 -0.16059974 0.12949616
v 0.65692383 0.03677045 0.07100660
v -0.02528552 0.14193411 0.18854728
v 0.19600782 -0.08212508 0.25238386
v -0.23407361 -0.27772012 -0.45993006
v -0.76467186 0.05962210 -0.62394947
v 0.00800656 -0.06726865 -0.27361050
v 0.46183091 0.03730230 0.08235779
v 0.57381332 -0.08029287 -0.37997848
v 0.42276186 0.05098125 -0.26909921
v 0.64224869 -0.07486326 0.38006371
v -0.56722951 -0.11410321 0.06585693
v 0.12939672 -0.20017508 0.01364308
v -0.43044719 -0.00148346 -0.22456890
v 0.39664799 -0.20949177 -0.01921308
v 0.54436201 -0.21107279 -0.01530647
v -0.47462937 0.01786653 -0.63694692
v 0.59455568 -0.07280061 0.33747625
v 0.46517414 -0.15554242 0.40908593
v -0.14811264 -0.00203738 0.48652989
v 0.29689190 -0.23993267 -0.26530707
v 0.50258780 -0.14165351 0.22095045
v -0.75091469 0.18609482 -0.32670090
v 0.91117400 0.00504143 -0.25387132
v 0.54732567 0.04585552 -0.12474216
v 0.09908882 -0.16473058 0.14250056
v 0.26425654 -0.06321738 0.08564019
v 0.42985234 0.18082365 0.22989981
v -0.15403706 -0.24559590 -0.41609094
v 0.26392576 0.10850560 0.39846143
v 0.56090796 -0.14343114 0.06900125
v -0.13344267 0.03014347 -0.52068406
v -0.79327965 0.00604446 -0.55813813
v 0.15273777 0.04465067 -0.07909812
v 0.29043365 -0.07492793 -0.43307751
v -0.10430720 -0.24888510 0.33688998
v 0.64794713 0.18410563 0.17272471
v -0.35744458 -0.21827990 -0.46239129
v -0.02339335 0.03506424 -0.12280709
v -0.37710756 0.13388628 -0.51720643
v -0.05807959 -0.21277660 0.19291951
v -0.30714676 0.35693642 0.34488997
v -0.52342904 0.17002591 -0.47810841
v -0.70693868 0.20597579 -0.58111703
v -0.09732628 -0.12242343 -0.29489830
v -0.70835191 0.18546188 -0.57681513
v 0.27949581 0.25318688 0.46150175
v -0.42271054 0.11989678 -0.59165764
v -0.42343217 -0.13293761 -0.16372626
v 0.42777920 -0.23477229 0.27379978
v -0.61601669 0.11691443 -0.52288991
v -0.38693157 0.14592689 0.01154752
v -0.46324930 0.34751302 0.31807762
v -0.16557319 -0.20454063 0.24624370
v -0.55806392 0.03785224 -0.58834195
v -0.46416590 0.17030105 -0.31247607
v 0.79927582 0.01394575 -0.31440678
v 0.37396842 0.30266696 0.28856802
v 0.00619903 0.09123997 0.31057498
v -0.31017846 0.23229349 0.15840739
v 0.90911376 -0.00500262 -0.35263774
v 0.00685321 0.10629071 0.11452214
v 0.72374731 0.01297367 0.09369729
v 0.17506917 0.03630637 -0.30171487
v 0.04099006 -0.03445427 0.33455399
v -0.09545709 -0.14781947 -0.43562481
v 0.70306736 0.23953621 0.42584968
v 0.26966980 0.00029360 0.15096086
v 0.39721453 0.20680754 0.38907778
v 0.65301818 0.13735658 0.15555811
v -0.06329685 -0.21442206 0.09497532
v -0.43549269 -0.11412141 -0.18879749
v -0.65085375 0.21136425 -0.36028069
v 0.21737313 -0.15895759 0.26009855
v -0.51245159 -0.23387758 0.38515118
v -0.05125343 -0.14059986 -0.67865252
v 0.29577923 -0.08673483 -0.43665612
v -0.02581728 -0.21704252 0.14859340
v -0.47082180 0.22338460 0.18958175
v -0.62341869 -0.03224232 -0.00076495
v -0.64322388 0.05735439 0.37223849
v 0.66373789 -0.08815891 -0.09376872
v 0.66894716 -0.09952798 -0.15197335
v -0.03173926 -0.01560917 -0.45673421
v 0.22372656 -0.12564135 0.38360637
v -0.32117328 0.03918168 -0.61533517
v -0.37060487 -0.24529929 0.26746860
v -0.12729979 0.01716129 0.48632383
v 0.78598952 0.18381432 0.33007523
v 0.64348733 0.22519021 0.19316383
v 0.51824987 0.26930118 0.12336951
v -0.61295360 -0.11298674 0.35912395
v 0.20699354 -0.01864006 0.31192619
v -0.61722481 0.09015506 -0.52489108
v 0.21190281 -0.07764820 -0.05834348
v -0.68352205 0.01283705 0.17594148
v 0.13086493 -0.12758724 0.12105470
v -0.38289618 0.02767114 -0.46381834
v 0.35550264 -0.34657928 0.33560911
v -0.64751655 0.11893342 0.32251072
v -0.01384761 0.16647758 0.26998064
v -0.12745804 0.03427761 -0.47941342
v -0.53824222 0.17148881 0.05346894
v -0.68653482 0.04900965 0.14815661
v 0.01796722 -0.19598110 -0.18376255
v -0.27246037 0.23718876 0.38809398
v 0.42486173 -0.36564398 0.42275444
v 0.02837003 -0.22816335 -0.02508473
v 0.03075061 0.07764399 -0.06446877
v -0.29533759 -0.24117170 -0.62195903
v -0.42889881 -0.14225857 -0.29288027
v -0.55261064 0.00264099 -0.48569003
v -0.50639164 -0.20849557 0.15117677
v -0.13700914 -0.03579814 0.00042409
v -0.14472394 -0.27382860 -0.39923549
v -0.26404649 0.08100141 -0.40831906
v -0.29680508 -0.15647104 0.20546107
v -0.29564345 0.08819678 -0.31456855
v 0.39393422 -0.26948601 0.40151808
v -0.29474795 0.03735040 0.10947750
v 0.20697269 -0.13498330 0.28359446
v -0.27138433 0.09269469 -0.33498940
v 0.55644685 -0.14647903 0.30987722
v 0.21545078 0.04506613 -0.28843841
v -0.01384783 0.20254268 0.45709398
v 0.68478751 0.06944069 0.46529949
v -0.17155264 -0.22556859 -0.47923124
v -0.11862365 -0.14884993 0.43232754
v -0.65522015 -0.06847233 0.16221450
v -0.12624444 -0.18263769 0.09757621
v 0.54881507 -0.10524262 0.09824518
v 0.34219369 -0.23517162 -0.25598755
v -0.35050261 -0.07971918 0.11422914
v -0.09110652 -0.00798224 -0.58325285
v 0.44261673 -0.19106290 -0.38649070
v 0.41926065 -0.17026201 -0.41014808
v -0.22897826 0.04107471 0.12613229
v -0.34864119 0.11711901 0.05465407
v -0.58167601 -0.12793091 0.43692678
v -0.09549022 0.02277377 -0.39457771
v -0.55135274 0.20241602 0.31692383
v 0.36695123 -0.22925569 0.07527258
v -0.37438524 0.07136511 -0.62102282
v 0.21344654 0.10555440 0.37219736
v -0.16793576 0.00911211 -0.28870440
v 0.56617177 -0.00233885 -0.29034296
v -0.48254049 0.37246633 0.43256766
v -0.25519130 0.15416762 0.46675003
v 0.57763737 -0.12666686 0.05069951
v -0.33601978 0.09309158 0.01073748
v 0.31619456 -0.12746173 0.46536192
v -0.56367707 0.02109853 -0.58809507
v -0.66941696 0.07121853 0.30583793
v -0.32314089 -0.07478335 0.14904256
v -0.51554716 -0.23838751 0.37597024
v -0.09708607 -0.24822050 0.31372517
v -0.35543194 0.21670507 0.42226461
v -0.56416702 0.16456686 -0.30833015
v -0.50570714 0.16947752 -0.30229515
v -0.27816838 -0.24492471 -0.35970938
v 0.62213093 -0.03615661 0.04309845
v -0.33694243 -0.20737353 -0.44431078
v 0.29094240 -0.10650565 -0.46300516
v 0.05735425 0.04361986 -0.21020946
v 0.22416967 0.25525305 0.38870668
v 0.78194392 0.07873698 0.27751032
v -0.06590597 0.10806582 0.41632313
v -0.25604531 -0.26851487 -0.45193067
v -0.17872140 -0.16741781 -0.50526947
v 0.78727925 0.00248895 0.06627030
v -0.29192615 0.15290263 0.14879957
v -0.20383266 -0.03730616 0.06824417
v -0.38342324 -0.17623729 -0.33500439
v 0.57010257 -0.02075593 -0.30938965
v 0.45569813 0.16090761 -0.02387695
v -0.38326713 -0.08240130 -0.63964742
v 0.10222305 0.06301540 0.03638824
v -0.37712935 -0.00587144 0.46851170
v -0.38327232 0.26708052 0.48281810
v -0.01709839 -0.18699025 -0.73417819
v 0.44588196 0.06667294 0.24864632
v 0.64232063 -0.12090172 -0.10719531
v -0.36762115 -0.15593405 -0.19028094
v -0.78523797 0.21724643 -0.36616838
v 0.43388429 0.31334427 0.27947491
v 0.22549504 -0.22978251 -0.18128236
v -0.24621215 -0.16865622 0.48331392
v -0.25953987 0.00640574 -0.62916148
v -0.52493030 0.03084413 -0.30700108
v 0.23609437 0.04552981 -0.26179126
v 0.67297679 0.22282909 0.15245025
v 0.66925377 0.00339554 0.48074433
v -0.06387152 -0.20509522 0.28834805
v -0.60349047 -0.02188728 -0.35247400
v 0.57602322 0.05959411 0.29096627
v 0.45705849 0.01685579 0.40478224
v -0.71854782 0.03695952 -0.49849644
v -0.14008754 -0.13641177 0.06235791
v -0.66601413 -0.15363303 0.36998901
v -0.32493365 -0.24592294 -0.53727567
v 0.22605506 -0.08139173 0.13722476
v 0.38747299 0.25357398 0.10220749
v -0.41278955 0.28721011 0.27809194
v 0.51854807 -0.18438716 0.26481244
v 0.77382380 0.05249320 0.20459011
v 0.69127774 -0.09608652 -0.14374807
v -0.23379545 0.04319388 -0.16514817
v 0.71438980 0.06985921 0.20425908
v -0.73921883 0.11792008 -0.30952984
v 0.64290428 0.29309395 0.38883588
v -0.03352442 0.08904278 0.02750718
v -0.47679788 0.18533951 0.07909383
v 0.48697859 0.05337866 -0.19339739
v -0.55070615 0.18476877 -0.53692865
v 0.65518993 0.09675536 0.13521849
v -0.40043879 0.14499833 -0.50042045
v 0.46508244 0.05038799 -0.25977281
v -0.66716099 0.05172675 -0.36450621
v -0.22501966 -0.01144342 0.10958311
v 0.48442182 -0.19709870 0.40536976
v 0.65567601 0.29639712 0.31260338
v 0.46867755 -0.13182952 -0.43368497
v -0.57057875 0.14787756 -0.36174810
v 0.65117770 0.13152455 0.15971357
v -0.60227132 0.02584910 -0.37082818
v 0.14536327 0.00538723 0.05367556
v 0.43441191 -0.17008823 -0.40517834
v -0.62547261 -0.08710264 0.27485365
v -0.50167364 -0.22970472 0.22251679
v 0.12408493 -0.20203634 0.02206223
v 0.40391088 -0.28877264 0.33899999
v 0.43413427 0.05796887 0.38255072
v -0.52174449 0.17208081 -0.34543517
v -0.59342849 -0.13522318 0.36025727
v -0.48136178 0.38915706 0.35750821
v 0.22473165 -0.00108595 0.25984979
v -0.32113022 -0.09418455 -0.65657228
v -0.51818627 -0.19928871 0.33559152
v -0.07380181 -0.17827074 -0.01771368
v 0.50541496 0.21921103 0.09191729
v 0.31970787 -0.23653810 -0.26279420
v -0.50035965 0.08083674 -0.48124701
v -0.34509084 -0.19546308 -0.62281275
v -0.63103235 0.06002872 -0.00332295
v -0.32311371 0.34571004 0.28429526
v -0.48261011 0.11945321 -0.54653692
v 0.40809247 -0.20640896 -0.15768257
v 0.41139117 0.28938213 0.33520877
v 0.48646656 -0.01985394 -0.37498826
v 0.55258828 -0.21849443 -0.18223660
v 0.36296594 -0.11143256 0.48552403
v 0.76628345 0.19237942 0.08349950
v -0.11952052 -0.13189174 -0.22329755
v 0.84904730 -0.03359193 -0.33492008
v 0.44250840 -0.29164562 0.41921690
v 0.77271014 0.25417897 0.30134585
v 0.09448636 0.06598219 0.07900062
v -0.04782642 -0.19130944 0.28982896
v 0.47048354 0.23817144 0.23880251
v 0.48982257 0.15102994 0.47219720
v 0.75330788 0.14557798 0.02188237
v 0.67310286 0.04696045 0.02612924
v -0.41236132 0.19003747 0.44536480
v 0.46053100 -0.14386232 -0.41333714
v 0.23513934 -0.19854556 -0.14181051
v -0.21122600 -0.07455236 -0.67107010
v -0.64449888 0.12148672 0.09861024
v -0.40513149 0.00658414 -0.43153527
v -0.67355764 0.01416616 0.09457303
v 0.43659759 0.13825528 -0.07328539
v 0.79858994 0.17989276 0.30264002
v 0.13049197 0.05870603 -0.06891619
v 0.66273361 -0.01379225 -0.07218745
v -0.13830557 -0.29009354 0.40113828
v -0.27763432 0.05564673 0.46220899
v -0.63641101 0.01508687 -0.58448988
v 0.77246523 -0.01449544 0.03883000
v -0.65907735 0.08361474 0.33517897
v -0.13073041 0.12382407 0.14855486
v -0.05649104 0.10475580 0.40800655
v -0.21720566 0.05663481 -0.55560315
v 0.22843458 -0.17925249 0.28036165
v -0.62598526 0.15665013 0.12657031
v -0.79448837 0.16085480 -0.38867581
v -0.58587539 0.14988245 -0.48871171
v 0.80321372 0.16059184 0.07300139
v -0.08524392 -0.23273815 0.25482044
v 0.15518923 -0.16129357 -0.38293862
v -0.27241313 0.06196142 -0.25750574
v 0.71343493 -0.08153553 -0.06896679
v -0.42190048 0.14000243 -0.37251264
v 0.43333253 0.02752878 0.43745205
v -0.35206893 -0.15834071 -0.29131576
v -0.23702505 -0.22467324 -0.58372104
v -0.28479156 0.05704759 -0.29431659
v 0.02767342 -0.22930957 0.01935117
v 0.80787277 0.10589977 0.23719783
v 0.62992799 0.02539212 0.47771695
v -0.20928383 -0.21929649 0.48862246
v -0.27175289 -0.03762750 -0.62767494
v 0.34775954 -0.23911636 -0.26961464
v 0.50475597 -0.12608193 0.43295062
v 0.22807235 0.02037462 -0.35741851
v -0.31401587 0.25225890 0.37895238
v -0.35280830 0.08042871 -0.20179465
v 0.52926320 -0.08620924 -0.39948645
v -0.17676030 0.12716897 0.15374553
v 0.41971895 0.04600245 -0.30485776
v 0.54439026 -0.06312692 0.30508631
v -0.55027354 0.02714181 -0.61038488
v -0.07471233 0.29462141 0.47718194
v -0.02505679 0.15347534 0.21055929
v -0.21874829 -0.01878258 0.46443096
v -0.65948194 -0.05714944 0.24199098
v 0.03431007 -0.21922597 -0.14345589
v 0.36335373 0.07110332 0.21783993
v -0.29185709 -0.03300020 0.45378014
v 0.30128536 -0.15323523 0.04745112
v -0.67205727 -0.06314090 -0.50560755
v -0.32790998 0.27079204 0.42657721
v -0.55119240 -0.09392232 -0.29328331
v 0.33655870 -0.06406541 -0.43160871
v -0.07480486 -0.19199844 0.34218392
v -0.48527864 0.34196010 0.33528507
v 0.34545922 -0.09197812 -0.44667456
v 0.05508382 0.08340986 -0.04160272
v -0.60233206 0.15107514 0.05963670
v 0.03585360 -0.00019472 -0.25698590
v -0.31681204 0.08053242 -0.46075091
v -0.38193232 0.00632457 -0.63797760
v 0.30045980 -0.00896868 0.48959696
v 0.15891288 -0.13581465 -0.41400602
v 0.68633687 -0.03539262 -0.18294154
v 0.82530481 0.17293583 0.16892201
v 0.32637292 -0.06880635 -0.01694115
v -0.05905474 0.24182414 0.48655316
v -0.04141826 -0.16801716 -0.72493643
v -0.65626931 0.16857734 -0.36948150
v -0.26201868 -0.15279897 -0.11850757
v -0.52747846 0.08381401 -0.30541810
v -0.52159804 -0.24084343 0.38134462
v -0.56549335 -0.11923994 0.30046865
v -0.40346047 0.05982195 -0.33410779
v -0.17193852 -0.19822614 -0.39086029
v -0.50755107 0.15854363 -0.37003383
v 0.64064139 0.25561985 0.44532505
v 0.25005993 0.01150654 0.21514517
v 0.66736859 -0.09692989 -0.26012853
v 0.42805251 -0.26432779 0.32928985
v -0.28041786 -0.00289202 0.45985779
v -0.14904645 -0.14609995 -0.62539208
v -0.03894239 0.22504346 0.29585534
v -0.67387003 -0.03003343 0.21864434
v -0.58448917 0.07580482 -0.05908730
v 0.13579351 0.00579502 -0.33857518
v -0.50651044 -0.12067855 -0.30694366
v -0.70588142 0.20950571 -0.31848651
v -0.25594074 -0.20050667 0.48740590
v 0.06350399 0.04612366 -0.21117656
v 0.23089947 -0.12812874 -0.08121628
v -0.01838639 -0.20191586 0.22216028
v 0.37512916 0.04250395 -0.33028084
v 0.30792278 -0.05804013 -0.42910871
v -0.33502129 0.31862941 0.46104920
v -0.12836681 -0.12388076 -0.52991396
v -0.16946279 0.01950894 -0.65344208
v 0.73715979 0.13968930 0.40615624
v 0.43669513 0.15346380 0.03579322
v 0.77151209 0.10458974 -0.01192736
v 0.41365495 0.33547381 0.17259400
v -0.67800403 0.00803305 -0.57140273
v -0.48856005 -0.02654481 -0.17738298
v -0.60466987 0.07661607 -0.28812012
v 0.43575022 -0.15609716 0.41456848
v -0.63900554 0.14982979 0.30189019
v -0.48016295 0.06319334 -0.31926399
v -0.49064863 -0.12433051 -0.02026071
v -0.44089583 -0.13053027 0.11304315
v -0.67868716 0.07743851 0.23168400
v -0.12999935 0.04395301 -0.38357618
v -0.22442979 -0.18877339 -0.25543126
v -0.58136475 0.15727924 0.04806278
v 0.06182159 -0.05972813 0.29635715
v -0.58354133 -0.12102989 0.24410090
v 0.65752953 -0.08993971 -0.08989431
v -0.21015166 -0.23178507 0.48894718
v -0.10800742 -0.02390759 -0.37280816
v -0.54723805 0.17588291 0.40167665
v -0.23489477 -0.23009218 -0.58455378
v 0.17951863 -0.09020983 0.02240314
v -0.08418475 -0.18179099 -0.66332030
v -0.57121992 -0.03879913 0.43361643
v 0.09227963 -0.17305031 0.13415103
v -0.10446093 -0.11452091 -0.31295562
v 0.39795968 -0.08553434 -0.43962345
v -0.22320755 -0.10777237 0.14372188
v -0.28274593 0.04271172 -0.06238511
v 0.65659475 -0.07730816 0.39347371
v 0.16372101 -0.15656309 0.01146118
v 0.62863022 -0.06683136 -0.27702466
v -0.30717763 0.08190373 -0.07361213
v -0.45401236 0.13561311 -0.07316021
v 0.29401824 -0.11047116 0.46510339
v 0.63678735 0.12853803 0.48760304
v -0.61610222 0.05232511 -0.60907304
v 0.33578050 -0.17659676 0.01742508
v 0.30730531 -0.05119805 0.02141888
v -0.75203073 0.02437773 -0.53321415
v 0.40919015 0.33641368 0.18751459
v 0.58483177 0.16365339 0.24371085
v -0.52111644 -0.02218739 -0.37227350
v -0.22184476 0.08837555 0.13240455
v 0.46169540 0.18585880 0.48716190
v 0.51247895 -0.22358948 -0.00586026
v -0.59853560 0.03333073 -0.05935244
v -0.68282986 0.08742621 -0.38641605
v 0.37079090 0.03845812 -0.34580880
v -0.01047412 0.02578944 0.40286049
v -0.44928449 0.00046703 -0.21022843
v -0.40153930 -0.16981135 -0.33523303
v -0.43803138 -0.10710360 -0.62239379
v -0.15085422 -0.02163309 -0.26400197
v -0.09695126 -0.15640225 -0.41558808
v -0.26059341 -0.03194122 0.00730782
v -0.14140807 -0.16213648 -0.33717290
v 0.74422401 0.23398177 0.14197758
v 0.90326387 -0.01209264 -0.18442793
v -0.42255908 0.07000738 -0.40734422
v -0.12800601 -0.13710377 0.45107034
v 0.45870653 0.15983094 0.48478144
v 0.32545218 -0.07836986 -0.02042482
v 0.50964069 0.04369130 -0.24801005
v -0.67628354 -0.16630895 0.37188256
v 0.18980999 0.22688556 0.44414395
v 0.14399643 0.02475389 -0.00100779
v 0.63384736 -0.06799909 -0.00184145
v 0.00338836 0.06631848 0.36441535
v -0.21116272 0.06553924 -0.52269578
v -0.51411432 0.23589011 0.35618699
v -0.01415012 0.06758140 0.38906524
v 0.65354609 -0.07798099 0.48125017
v -0.63595748 0.14931723 0.13330394
v -0.68551987 0.02279647 -0.46023661
v -0.24692489 -0.00119695 0.45419785
v -0.07688511 -0.12849015 0.42084765
v -0.06071763 -0.09809019 -0.22377811
v -0.19748817 -0.07046286 -0.07219847
v -0.48719379 -0.20880970 0.40477759
v -0.13081315 -0.06223442 -0.27763820
v 0.45482808 0.02026087 0.21662483
v -0.45362419 0.16807045 -0.32527369
v -0.56017643 -0.01041148 -0.10573619
v -0.23966624 0.01388361 0.12290160
v 0.63437694 -0.03576949 -0.16282319
v -0.12437990 0.19564120 0.30664900
v -0.44972429 0.12914474 -0.32203752
v -0.28382090 0.29428297 0.27392289
v 0.34167802 -0.24160260 -0.30207783
v 0.33659911 -0.31191823 0.40033114
v 0.03922439 -0.22638717 0.05880141
v 0.45088896 0.02376604 0.20075001
v 0.36413836 0.25112581 0.20318498
v 0.45673662 0.16350111 0.01239556
v 0.28430948 -0.25157923 0.32624263
v -0.44707593 0.32753912 0.48419344
v 0.71823251 0.15441240 0.03908755
v 0.26133966 0.14309475 0.43103099
v -0.15547416 -0.15249230 -0.69075006
v 0.55822170 -0.08856321 0.30621350
v 0.64758027 0.00457258 0.01882581
v 0.16103852 -0.08789338 0.07165186
v 0.00009334 -0.04059733 -0.24309547
v -0.34904307 -0.00999430 -0.64003509
v -0.12771814 -0.07204351 -0.42883930
v 0.02700196 -0.18585558 0.21858844
v 0.50273246 0.04217379 0.31304219
v 0.46045944 0.05363968 -0.16029996
v -0.09813315 -0.10474464 0.45751646
v -0.32475618 -0.08194251 0.03813804
v -0.49836326 -0.13056338 0.07750050
v 0.72125691 0.27960953 0.26490325
v 0.65670317 0.05065706 0.09759845
v 0.28076258 -0.32671371 0.38040203
v 0.46102378 -0.23113376 0.20951971
v 0.24362260 -0.04249377 0.13369671
v -0.56236780 -0.03845989 -0.54676229
v -0.26150790 -0.20875536 -0.31450942
v -0.67821270 0.07921167 0.26234311
v -0.15685239 -0.07933833 -0.51889920
v -0.37141725 0.37647283 0.30958620
v -0.55426294 -0.16490041 0.13787360
v 0.48452619 -0.09370548 -0.43133166
v -0.51499861 0.11310992 -0.54322320
v -0.63312840 0.04532098 0.39684042
v 0.40116620 0.19330572 0.03691941
v -0.59598875 0.17899407 0.14295644
v -0.07956076 -0.17716463 -0.70897770
v -0.56837833 0.17006150 0.07342299
v -0.64392805 0.21087369 -0.53076780
v 0.76320428 -0.10405285 -0.17252897
v -0.56814545 0.16871150 0.39667225
v -0.37119088 0.10302562 -0.42993549
v 0.47098312 0.18266143 0.00441602
v -0.55566627 -0.17766400 0.23671164
v 0.59417301 -0.19538279 -0.17201596
v -0.24584408 0.17399049 0.18503931
v -0.36913985 0.37050381 0.33709818
v -0.48457801 -0.14464305 -0.54286975
v -0.02261636 0.04171307 -0.10804401
v 0.37630260 -0.17231937 -0.06255079
v -0.16899525 -0.22984365 -0.48461846
v 0.50785553 -0.23277736 0.39053974
v -0.46163395 -0.04513414 -0.40297195
v -0.06576013 0.05598728 -0.02274770
v 0.62952167 -0.04559866 -0.21134852
v -0.08541638 0.16089712 0.20962492
v 0.59808296 -0.14216678 0.00404773
v -0.67050111 0.06417738 -0.54354233
v -0.31627411 0.32453135 0.44876215
v -0.19843581 0.04976678 -0.58717757
v 0.83794546 -0.02462578 -0.15999009
v -0.47049975 0.09044752 -0.39053482
v 0.62649769 -0.13810544 0.43290782
v -0.23346518 -0.03322734 0.08781267
v 0.28268537 -0.13706319 -0.13507769
v 0.30676723 -0.14295290 -0.43613702
v 0.73665565 0.05968109 0.42719197
v 0.67512614 -0.02341218 0.35478798
v -0.12506834 -0.29372662 -0.58258933
v 0.66471255 0.01631741 0.48026526
v 0.70611316 0.01579668 0.07946703
v 0.77619714 0.01296473 0.10377282
v -0.60515785 -0.06764372 -0.43516192
v 0.18288440 0.11489130 0.37183854
v 0.22795807 0.09976813 0.37632766
v -0.19178720 0.07678691 0.47991723
v 0.42541212 0.10142605 0.25632623
v -0.55855620 -0.08346481 -0.05725477
v 0.78185415 0.13402905 0.02228427
v 0.51951706 -0.01634053 0.28031000
v 0.55901527 -0.15432908 0.06319933
v -0.57930386 -0.04438545 -0.35657769
v 0.57230186 -0.20657514 -0.07220466
v 0.23494717 -0.15509780 0.15864030
v -0.19830388 -0.16275276 -0.53752685
v 0.83250934 0.11603302 0.12139931
v -0.56196660 -0.09570719 -0.01621193
v -0.44264877 0.14457402 -0.04570430
v 0.81809264 0.06378254 0.13274683
v -0.06854528 0.02556648 -0.06590808
v 0.19351819 -0.07838151 0.27728641
v -0.11571003 -0.13179615 0.44869563
v -0.66945523 0.11542965 -0.38955021
v -0.11944802 -0.12203080 -0.00090869
v -0.19926861 0.02153654 -0.60473961
v -0.76295823 0.11793015 -0.42321515
v 0.60638332 -0.17821412 -0.08954642
v -0.58089173 0.07938009 -0.06005954
v -0.44030175 -0.14884080 -0.33593830
v -0.05700859 -0.03413038 0.45351186
v 0.27598733 -0.22001609 0.23773071
v -0.36793667 0.00677923 -0.31209314
v -0.23759580 0.12216415 0.14446449
v -0.29697993 0.28205723 0.36927521
v 0.37617272 -0.00764618 -0.15182205
v -0.70938540 0.11539729 -0.63256919
v -0.66570544 0.21466464 -0.57495236
v -0.30968419 -0.24061115 -0.66201979
v 0.70161325 0.14791961 0.04929796
v -0.38836366 -0.12485940 0.02524566
v -0.41915300 -0.06248343 -0.45593557
v 0.28807840 -0.20387051 -0.18576573
v 0.28011954 0.01045817 -0.19705844
v -0.65495986 -0.04458380 0.30214542
v -0.44653371 -0.07411890 0.47370008
v -0.33690885 0.05988471 -0.61227167
v -0.57526946 0.15154114 -0.36148924
v 0.81460613 0.18547978 0.25643486
v 0.59119666 0.02418017 -0.09970549
v 0.74228334 -0.10546794 -0.15227941
v -0.59471172 0.07668106 0.42829993
v -0.30119559 -0.23765460 0.31441712
v 0.25466925 -0.20622858 0.22810845
v -0.42087865 0.02725522 -0.42325491
v -0.13000876 -0.25094038 0.24589230
v 0.10958541 -0.12407456 0.17005573
v -0.69660360 0.04882197 -0.53756374
v -0.44015014 0.23354435 0.16892722
v 0.25007614 -0.10810773 0.43273520
v -0.40050104 0.28848153 0.48507172
v -0.16942210 0.05921773 -0.40356192
v 0.33350122 -0.13497896 -0.46216524
v 0.50132662 0.01627012 0.09523062
v 0.11162707 0.05882546 -0.18710952
v 0.18109891 0.19608200 0.37611398
v 0.37806565 0.28962052 0.18752524
v -0.36424771 0.06185165 -0.22737132
v 0.90006936 -0.03438546 -0.19575426
v 0.32972383 0.01295804 0.07339369
v -0.66353828 0.09268582 0.11651386
v -0.14386763 -0.08739742 -0.48264125
v 0.06822344 0.05138931 0.22535384
v 0.65075165 0.09449479 0.16624542
v 0.26212105 -0.00345498 -0.39905107
v -0.49540767 -0.08339653 -0.38995180
v -0.08142294 -0.09566474 -0.20046470
v 0.85229713 -0.04064899 -0.32616192
v -0.65693146 -0.04999365 0.28410923
v -0.29699430 -0.25075698 -0.57059121
v -0.27153134 -0.27795094 0.40991262
v 0.21500622 -0.00725068 -0.38925061
v -0.07662481 -0.11195395 0.43571180
v -0.64702713 -0.05361362 0.08056595
v -0.14011672 0.03821820 0.06589850
v 0.30177703 -0.10157931 -0.13682148
v -0.56647581 -0.16937128 0.21447846
v -0.17948148 0.12904564 0.15665433
v -0.25835785 -0.18482766 0.30370545
v -0.58604300 0.12666890 -0.00350626
v 0.05999731 -0.19578965 -0.76187748
v -0.41654006 0.02306113 -0.32801709
v 0.21934317 -0.15842704 0.23969688
v 0.51756549 -0.18322876 -0.34874675
v -0.19059996 -0.28187704 0.47857720
v 0.09098765 -0.07697699 -0.35778549
v -0.28418511 -0.28103551 0.45406419
v -0.12950712 -0.10766664 -0.45487291
v -0.21792147 0.29351744 0.39408892
v 0.25856185 -0.20858534 0.21857487
v 0.57044244 -0.20692725 -0.21246280
v -0.21649896 -0.23843428 -0.33258489
v 0.36825228 -0.24754670 0.37524137
v 0.13107690 -0.22238338 -0.28387472
v 0.17836179 -0.13690665 -0.41237885
v -0.55520844 -0.11955044 -0.46762726
v -0.51213855 -0.17343162 0.11961543
v 0.10448486 -0.23527966 -0.16853255
v -0.57407796 -0.02599204 -0.46974623
v 0.48624590 -0.23305394 -0.10435055
v 0.53219646 -0.21788666 -0.24229923
v -0.42837551 0.10780817 -0.56963062
v -0.15491523 -0.23618971 0.31169221
v -0.48942167 0.12612922 -0.39007467
v 0.48481148 -0.12322665 -0.44253892
v 0.81167388 0.08592995 0.19962472
v -0.49231818 0.11010674 0.47427398
v 0.14511973 0.26915210 0.45729640
v -0.54086357 -0.22389343 0.35093236
v -0.26035738 -0.15736033 -0.12947236
v -0.16835156 -0.30428123 -0.58343983
v 0.39651975 0.03643307 -0.20737043
v -0.24586973 -0.06330149 -0.67171967
v 0.53664035 -0.14870869 0.27583840
v 0.64419705 0.29649889 0.33043188
v 0.56703120 -0.06521606 -0.34719694
v 0.60604715 0.08363905 0.28102511
v -0.59126109 0.03419788 0.44053102
v 0.67034817 0.26884606 0.21948919
v -0.08329030 0.08955212 0.45341429
v -0.19730830 0.02252894 -0.67745966
v 0.07291863 -0.13149051 0.23249047
v -0.35338655 -0.25687718 0.37943086
v 0.01097541 -0.22045800 -0.08306777
v 0.15247968 -0.21503581 -0.32231468
v -0.11376564 -0.15540835 -0.39813408
v -0.67670286 0.14187399 -0.39273742
v 0.26644522 -0.22365658 -0.20154941
v 0.40390536 -0.29786050 0.43182358
v 0.37523630 -0.20721003 0.00781216
v 0.26293677 0.06670520 0.40183434
v 0.57625693 0.03595099 -0.11512075
v 0.12590809 0.05109973 -0.23889768
v 0.48549095 0.05684742 -0.11329995
v 0.49324292 0.05645532 -0.06865998
v 0.68095082 0.03297858 0.08707182
v 0.49974737 -0.22336684 -0.28283069
v 0.23546013 0.02713666 0.37661341
v -0.13066989 -0.02759106 0.48600048
v 0.70167291 0.24170086 0.15785107
v -0.42601669 0.01643482 -0.32797775
v 0.58650070 0.14188501 0.24161036
v -0.02595707 -0.22503345 0.06241683
v -0.66682351 -0.03889954 0.14520921
v 0.35810030 0.10348240 0.21435949
v -0.34778929 0.09308636 -0.32808653
v 0.71611589 0.23815528 0.41571766
v -0.62540197 -0.07027917 0.05003060
v 0.28323045 -0.25612307 0.32914105
v -0.23552747 -0.11752526 -0.72056884
v -0.44228125 -0.04523737 -0.64244455
v -0.43934149 -0.12670071 -0.40822828
v 0.37650651 -0.22634400 -0.22559942
v -0.10913334 -0.12263183 -0.46902949
v 0.48465356 0.22305675 0.14344105
v 0.01380956 0.07151990 -0.07916296
v 0.29460946 0.07773674 0.45412388
v 0.77225256 0.25710699 0.29651538
v -0.10811694 0.01338101 -0.34486052
v -0.63496411 -0.07045138 0.31160659
v -0.34676096 -0.16446832 -0.20975006
v -0.07994893 0.18492581 0.26649666
v -0.49498799 -0.13244614 -0.54000765
v 0.00742947 -0.15023431 -0.23337114
v -0.62888193 0.22651717 -0.29838851
v -0.35842726 0.13696115 0.05768358
v 0.47050935 -0.01649662 -0.38032436
v 0.34127942 -0.12630786 -0.03489424
v 0.54394144 -0.04655130 -0.35486674
v -0.71993786 0.10381137 -0.40202141
v -0.42893988 0.25831285 0.48206872
v 0.16478924 0.09048646 0.43033183
v -0.22665702 0.04800659 -0.22403206
v 0.38498718 -0.12445620 -0.46338591
v -0.06985416 -0.21245348 0.18761843
v -0.27428564 -0.20618273 -0.28625232
v -0.11021896 -0.25053677 0.29897830
v 0.50301325 0.04659237 0.29735613
v -0.50652963 -0.10163923 -0.10321930
v -0.50001723 -0.22346742 0.39322391
v -0.54997581 0.14370011 -0.00702844
v 0.71230865 -0.02367892 -0.20698825
v 0.37920046 -0.09376596 0.48978642
v -0.27984133 -0.18209872 0.26986998
v -0.33566201 -0.21783330 -0.58962321
v 0.23342085 -0.15030919 -0.09238473
v 0.16302244 -0.09088050 0.06350388
v -0.06246701 -0.03212679 -0.55587637
v 0.48788068 -0.12123274 0.20479953
v 0.50812811 -0.19295095 0.09821611
v 0.44731238 0.05213074 -0.13708167
v 0.64135998 -0.01689898 -0.02935325
v -0.33028328 0.21683122 0.39553517
v 0.75363696 -0.03557229 0.01430606
v 0.49620786 -0.21026629 0.25656950
v 0.19669878 -0.05291862 0.25551176
v 0.26629901 0.03543501 -0.22570394
v -0.32631603 -0.07488047 -0.64688015
v 0.33428210 0.21812505 0.28450832
v -0.30967000 -0.18138343 -0.59937972
v -0.63998008 0.13908489 -0.59898037
v -0.22900191 0.17692234 0.19757275
v 0.34539130 -0.14927649 -0.14841743
v -0.27800444 0.09063259 -0.36820665
v 0.46262059 0.11452284 0.42750621
v -0.58982933 -0.17254555 0.43430522
v 0.27691495 -0.15875831 -0.42442662
v 0.43249252 0.05410879 0.23183392
v -0.56120890 0.12019607 -0.49328882
v -0.43746129 -0.12636420 -0.40903181
v -0.18256794 -0.08389415 -0.66537768
v -0.28339699 -0.25398630 -0.65142798
v 0.26297310 0.06505419 0.40437549
v 0.66655552 0.05893816 0.47358051
v -0.66509736 0.11687147 0.18737541
v -0.10994937 -0.12457415 -0.44120553
v -0.14484215 -0.09450675 0.02776173
v 0.40767297 -0.36437699 0.44604230
v -0.21271370 0.01397125 -0.61448562
v 0.37757894 -0.24151552 -0.31066558
v 0.70220697 0.17397098 0.44559008
v 0.74354637 0.20100866 0.09177092
v 0.56775880 0.14288186 0.25496608
v 0.84239811 -0.06254835 -0.28752273
v -0.57314366 0.14886042 -0.30569959
v 0.34387279 -0.23407361 0.23951586
v 0.78365326 -0.08249820 -0.27874529
v -0.38567111 -0.20524915 0.19663753
v 0.65934294 0.06613995 0.13658948
v -0.42240423 -0.12272356 0.44660079
v 0.63842618 -0.05367703 0.36750442
v -0.62510115 -0.09171002 0.26040646
v -0.56925040 -0.10876637 0.43493229
v -0.26179394 0.07431427 -0.54708552
v 0.23087032 -0.08404428 -0.08397757
v -0.66392845 -0.20311539 0.41145962
v 0.80724120 -0.08788794 -0.21437502
v -0.13185473 -0.27242976 -0.45855308
v 0.19797313 0.18688156 0.43975228
v 0.48676395 0.22778822 0.02364218
v 0.38062492 0.17264375 0.16170308
v -0.22320616 -0.19076778 0.30709195
v -0.79797584 0.12445567 -0.38020569
v 0.53315163 0.15341812 0.27060145
v 0.76047957 0.05342029 0.19588651
v 0.40369529 0.04457898 0.16919103
v -0.27826098 -0.09962619 -0.03537574
v -0.50854725 0.25027394 0.32048267
v 0.49594048 -0.05784192 0.20770638
v 0.10586040 -0.17830092 0.10067703
v -0.63810414 0.04373433 -0.62528270
v 0.57026786 -0.11856730 -0.37471747
v 0.66816837 0.00893971 -0.05168614
v 0.33956313 -0.22888890 -0.23946965
v 0.45738679 -0.22936207 -0.05478074
v -0.06547298 0.16277272 0.18543912
v -0.25546986 -0.26766598 0.38769621
v 0.73181212 -0.00461276 -0.26963094
v 0.12311696 0.05393912 -0.00100001
v -0.40813538 -0.24056530 0.22185554
v 0.66592431 -0.10185481 -0.23336130
v 0.20101555 0.02776688 -0.33769673
v 0.13622467 -0.16248515 -0.36959434
v 0.63221031 -0.13880558 -0.20773228
v -0.77670991 0.20113951 -0.33662888
v -0.30504933 -0.19923563 0.47874641
v 0.60324526 0.08596300 0.27408749
v 0.19632122 -0.02965147 -0.39829683
v 0.61304998 -0.02687425 0.35589159
v 0.64950007 -0.08559299 0.39445475
v 0.51474601 0.05693426 0.28422850
v 0.16223432 -0.21603119 -0.32707176
v 0.39549106 0.04395496 0.14880729
v -0.40633348 -0.12991107 0.01582137
v 0.15769672 0.27547401 0.39153522
v -0.03930231 -0.07641088 0.41961390
v -0.37463704 -0.20697573 -0.52925265
v 0.07976517 0.07596976 0.08348688
v 0.10996533 -0.23588951 -0.17003936
v 0.32266596 -0.28243709 0.26996914
v 0.31773734 -0.34084097 0.35529265
v -0.02524020 0.14282855 0.41289991
v -0.48008385 0.11639229 -0.39180467
v -0.16357906 -0.20085773 0.46591511
v -0.11619195 -0.05793927 -0.08806374
v -0.57751179 -0.10517014 0.33134761
v 0.19334273 -0.05852528 0.30282012
v 0.46430844 0.12895787 0.27286476
v -0.33752954 -0.15942937 -0.12359903
v -0.46965700 -0.05994142 -0.46445581
v 0.54453504 -0.11798126 -0.39001641
v 0.06121839 -0.17401701 -0.28949377
v 0.56015801 0.04049701 -0.07016797
v -0.48474288 -0.14111482 0.40322205
v -0.61502284 -0.10396992 0.43717280
v -0.61963964 0.03438262 -0.59734946
v 0.44630367 -0.22505882 -0.07812337
v 0.44258863 0.18415745 0.08958373
v -0.59813368 0.14549997 0.04685785
v 0.87622094 -0.03707874 -0.29231742
v 0.47012237 0.00510519 0.20102221
v -0.81693470 0.11145194 -0.32888740
v 0.03086358 -0.15991075 0.25818846
v 0.25284320 0.03910967 0.40981117
v 0.34080306 -0.09544370 -0.46058881
v -0.36338854 0.28138730 0.47961324
v 0.56782562 0.03811696 -0.13869052
v -0.14480835 -0.25413364 -0.48929986
v -0.53086245 0.14065960 -0.02959380
v -0.69724619 0.17091189 -0.54949921
v -0.35108599 -0.17978461 -0.30504245
v -0.40675622 -0.07930085 0.48151401
v -0.68344635 0.07899367 -0.55746561
v -0.14133286 -0.10839845 -0.64041489
v -0.65454614 -0.05839042 0.26497078
v -0.15110978 -0.07455203 -0.00205497
v -0.52103716 -0.18987179 0.13596052
v 0.60691625 -0.06647761 0.03932227
v 0.35057938 0.02986676 0.09786998
v 0.21991885 -0.10526763 -0.05976791
v -0.28572121 -0.09259374 -0.72318834
v -0.29409307 0.09968194 -0.35106263
v -0.24265939 0.25932521 0.26453283
v 0.34058455 -0.23100348 0.27211806
v 0.54895443 0.01092591 0.03206468
v -0.28057551 -0.00520649 -0.61958283
v 0.01014259 0.23306233 0.40428272
v -0.11013331 -0.17106442 0.04956033
v -0.62292546 -0.06293266 0.02652084
v -0.41033572 -0.16917449 -0.40677950
v -0.33897781 -0.14428489 -0.61110830
v 0.51637924 -0.21683298 0.03047158
v -0.68934107 0.05122774 0.20644747
v 0.62404966 0.16183667 0.48440978
v -0.35728043 0.21483333 0.42325738
v -0.12461656 0.24934305 0.35536242
v 0.70438319 0.17437556 0.44347599
v 0.62651199 -0.00325579 0.48021537
v -0.77715737 0.03759653 -0.28272110
v 0.34166873 0.23288640 0.23847967
v -0.65813208 0.12438492 0.24729006
v 0.15486316 -0.16199060 0.02471242
v 0.33108491 0.26498443 0.40578881
v -0.34636408 0.07679369 -0.46334726
v 0.50279397 -0.01622958 -0.36687893
v 0.30289564 -0.12154992 0.46359956
v 0.72285867 0.02351875 0.35985810
v 0.31611294 0.12387248 0.42819935
v -0.47226411 0.27403289 0.31046766
v -0.31891853 0.25170356 0.18334532
v -0.21195070 -0.27397743 -0.38593748
v 0.36407104 -0.00455411 -0.40405130
v 0.40782076 0.04592131 0.07753386
v 0.49884474 -0.11526524 0.17255366
v 0.41509742 0.02671202 -0.36099768
v -0.13499026 0.14420511 0.18640937
v -0.37383157 -0.18489018 -0.39684585
v -0.34773150 -0.23639593 -0.59962660
v 0.80544800 0.22169070 0.23700102
v -0.38897485 -0.02998466 -0.64398175
v -0.26195174 0.04984829 -0.11270345
v 0.18218516 -0.03320659 -0.01803602
v 0.78813243 -0.01104581 0.01160595
v 0.86513674 -0.05128758 -0.28750801
v -0.29953936 0.08685090 0.46978867
v -0.21863422 -0.27138144 0.38795149
v -0.62922716 -0.09499330 0.20629635
v 0.91693264 -0.00585820 -0.23943922
v 0.16325302 0.13041243 0.42189640
v -0.41934478 0.11087511 -0.57161695
v 0.69063264 0.17168149 0.08621284
v 0.14327924 -0.10197359 0.11218634
v 0.48606363 0.19445549 0.06180249
v -0.30604979 0.08751408 -0.10798699
v 0.76118445 0.02009385 0.12330786
v 0.78105366 0.13393179 0.32849178
v -0.59211391 0.17079841 0.10014723
v -0.54329377 -0.12258395 0.31873390
v 0.57461131 0.02075769 0.48726988
v 0.47677460 -0.22846967 -0.28334716
v 0.36303094 -0.23667093 0.15670076
v -0.07156502 0.07167913 0.45562738
v 0.21603453 0.28747109 0.40505284
v -0.15794499 -0.12390068 -0.69404799
v -0.62046003 -0.07364728 -0.44731042
v 0.50542867 0.28889945 0.08054213
v -0.73497629 0.04266956 -0.29677835
v -0.69477433 0.21091543 -0.57129997
v -0.33135557 0.07555599 0.04796802
v -0.03285386 -0.02323552 -0.37469602
v -0.40914658 0.14511518 -0.35711330
v -0.58596939 -0.11359520 0.28715578
v 0.88908410 -0.04798537 -0.26283270
v -0.43380362 -0.08058741 -0.45478794
v 0.49949095 0.05088808 -0.20924024
v 0.12983090 0.01018397 0.10761341
v 0.02845007 -0.18760166 -0.22195800
v 0.62473017 -0.07140400 -0.29589924
v 0.41607711 -0.21318352 -0.04908132
v -0.03800582 -0.21823908 0.01900901
v -0.19013219 -0.02418561 0.47127566
v 0.48978356 -0.07516038 0.47069204
v -0.13595974 0.18956380 0.29551131
v 0.73825866 0.18445274 0.40559438
v -0.38888708 -0.23524417 0.44869801
v -0.09300399 -0.01978047 -0.07037802
v -0.36859715 -0.06895322 0.48554286
v 0.39829764 -0.24054502 0.24562505
v -0.55858237 0.03035334 0.46072444
v 0.51913369 0.05764528 0.28446633
v -0.49878600 0.06233210 -0.61916947
v 0.63536197 -0.09631663 -0.04964953
v -0.12988682 0.01253466 0.03599427
v -0.50234771 -0.13022403 0.07456742
v 0.75012708 -0.01742020 -0.15395986
v -0.72128153 0.06541134 -0.62264204
v -0.12141781 -0.09685589 -0.01688443
v -0.24528687 -0.18683811 0.26196367
v 0.34266251 -0.31714752 0.40374556
v -0.25490302 0.08378665 -0.48704425
v 0.49513847 -0.03514722 0.23955615
v 0.41913262 -0.27895659 0.33760735
v -0.27560103 -0.09064969 -0.02915465
v -0.16003688 -0.14324395 -0.22251409
v -0.30802557 -0.15985785 -0.11401107
v 0.19573891 -0.04110763 -0.40425581
v -0.57011282 -0.10224788 -0.48101571
v 0.31739706 0.13369985 0.41360635
v 0.35975754 -0.17489651 -0.02412902
v -0.49624288 -0.12674876 -0.57771552
v 0.05986382 -0.07182991 -0.32820275
v -0.56885558 -0.08092994 -0.28362396
v 0.78370905 0.09289104 0.28614563
v -0.32370937 -0.16976441 -0.16707931
v 0.41299954 0.21278398 0.02083147
v -0.53248602 0.11589307 -0.48346534
v -0.24312074 -0.06907023 -0.68612868

