image_file,model_tx,model_ty,model_tz,diffuse_r,diffuse_g,diffuse_b,shininess,light_px,light_py,light_pz
image_0000.png,-4.404272527769852,-0.24483310108002598,0.12730896868446706,12.53904497811659,204.8638121180329,123.0973109585938,9.257433069182998,15.35140640102361,-14.032565152879673,4.0746164495276815
image_0001.png,9.351270723379535,19.238266294168028,-9.885424840936658,207.02817972404813,57.10799946743481,100.71031644741483,7.58348934343164,11.702584848388096,3.5489226828931386,-19.619015099733037
image_0002.png,0.8051953818538315,2.6104436962458024,19.10318742279882,116.19224359053517,253.08172574133084,77.49616625194146,7.553040341942439,18.310513747992523,6.140078013437936,-10.385457597975943
image_0003.png,-4.082014060770277,1.7317338795241426,-14.414382782486545,76.04426879024415,226.61653712730043,126.81798924751926,8.473151215957003,12.71416873256721,-13.229882481135933,4.023305422469097
image_0004.png,-15.559423755487597,-7.888189936837438,7.317442972118272,251.10633330663597,22.393854057256938,87.43690081238938,12.071828444477893,7.882503265142876,2.1693362703042283,13.855659945600621
image_0005.png,10.460283171446001,14.5113018934709,-11.001277313334894,4.471743974907524,207.44172022754358,63.51598479150155,8.46702623281606,19.713604095591542,13.361385749677162,-19.659387344762955
image_0006.png,8.928560128249995,16.95855596221144,-15.401630518128169,120.75127847926407,209.04398321047336,91.10948668406975,19.271687380465714,-9.763086489683905,-13.680004980320323,17.822684954008615
image_0007.png,-14.148057871489765,2.37671999065374,15.414918510540907,186.69669573375344,82.41741860099518,49.342165160050484,6.05356722380592,-17.408090105013475,-17.58540418869778,-4.50670847081823
image_0008.png,-12.165719857140168,-5.953984854056454,-13.236444131139699,95.89024047123925,42.76784519079223,222.47612017211694,16.047857460689137,8.746886043598934,19.14624797045328,-4.04296963699084
image_0009.png,-5.2397810833023595,7.31379237436181,-12.326967300858112,167.7708174889432,42.21804384882735,101.48539110558089,11.209250260878429,7.556538060558427,-8.052031453993562,18.600437484256304
image_0010.png,-12.491382126736195,14.171751521878285,11.984645611450393,169.85808180399522,95.34084967818453,78.13033716239819,14.80432792915016,-4.291826877307713,3.383568740597088,4.545758110700298
image_0011.png,4.642311161374,-12.633497004517649,14.351705408464746,170.87315176012612,21.273795488719294,19.52857099366286,16.646526713379462,-13.12211886781727,11.97266969725948,18.902243674516995
image_0012.png,1.773033567348115,12.284846468823758,-0.9935545656133051,147.36972284406184,77.49724009149017,57.000824478792794,19.072137554046744,0.30135865246275984,14.494794547611264,3.9827016780332087
image_0013.png,-10.88560745558977,1.6954997934189642,-13.164916749109622,172.26712668085034,187.53354160950244,246.0377760985801,8.524661091337293,-5.053877473896232,-16.242040867399226,-11.872831037230803
image_0014.png,-1.412918018072908,1.720338799332282,-13.21768503031953,104.54388122479558,200.16834018961725,95.0859670536896,3.0665221877220157,-10.530048002307012,10.93970380841494,-15.818739247833244
image_0015.png,0.11960412706469015,12.604329787850915,2.251053402238444,72.17086594938118,211.60469874190176,182.95799176796365,5.105590376450676,-14.063335633485341,-5.60758265975811,0.914436095141042
image_0016.png,2.0258946288437656,4.2742613517816395,-5.7864250900038385,229.30810343198675,48.60278036136497,91.57904262454032,8.726825955992037,-19.336947901359895,-8.601532633901341,11.094566949699441
image_0017.png,4.616216436246155,-18.099247648882752,13.820721284804847,40.992349022035825,27.73684074023838,251.18184678636237,3.958176944125297,-8.869500389017077,-1.8493066445753392,14.288460247555761
image_0018.png,-17.167894555293685,10.747761424332538,-3.585822395606254,154.34037204940572,193.4918265728295,67.42367410043892,17.933437610151927,13.422577614270182,18.211786438865836,18.336540290439835
image_0019.png,-17.712619732497114,-13.219250699124068,-10.883580792452259,65.32544804053931,63.05830257982677,101.73793214822722,15.209181558615894,-12.876884298647685,4.770132710600365,-19.243158337345285
image_0020.png,1.8434447719642364,2.2394169511130713,-13.873769216102287,238.0490160533784,78.39126741061021,196.9809879998529,11.04931945859452,16.631231596832798,19.992544844784895,14.242362898990997
image_0021.png,18.5793047742865,-4.977799782219407,2.419973314322906,157.77133631371714,153.32987135092776,83.06141279229382,17.873827022454307,17.49003996666727,9.121284177110876,-14.773169382733364
image_0022.png,-9.060930356651372,3.145460352076487,14.325813068398475,58.07106502663154,127.97699805242513,227.64883767033788,19.486287607960055,16.50812636257068,-17.19375915059281,7.98204087135295
image_0023.png,-18.682640833841646,5.455288016372194,16.70189381434397,236.00833520678216,133.70715004381086,138.782257181053,12.203208560003697,-19.68866829730226,-9.253621712118875,-18.765429194563232
image_0024.png,19.388968445076422,2.3156509744352363,18.514319337057337,34.86497416311132,116.92173305451371,161.57555429678595,6.808623466399544,9.954117519242423,0.5280001261359715,-12.796188027539186
image_0025.png,3.6477374553161965,8.487323864965695,3.114354646159665,160.6410448248902,2.654434898201434,165.77958523536148,5.193423255199523,-19.148039857475226,1.726606669369346,-1.5297493448798534
image_0026.png,-11.89360990347983,2.8086887327225654,9.759320913459018,64.97872949075955,186.21515648585105,62.343559960078075,3.902546706627698,17.924332309779217,-9.364471925028921,4.822045417950257
image_0027.png,6.359274380595036,-14.643858603382744,4.405847809654357,6.635064774270909,237.0940190216809,126.69055513762417,15.404183711238232,-0.3244224998092413,4.086129597622001,-19.639998184009087
image_0028.png,-4.622923634800307,-6.022110138562763,16.865843504875194,49.39166560899042,225.59720025241614,52.83322147972332,6.582981376685199,-4.665626711637621,0.010716605724564232,1.2694044598287881
image_0029.png,-9.791033433660786,13.046734614004201,18.781998920407474,210.6512632831472,236.08269916403793,110.59891163971086,13.879394752898774,-9.308090547938587,-12.780548332388634,15.115061517653238
image_0030.png,-17.539908750634098,11.290226755651531,6.525929478814234,136.91792272483798,49.50207969037449,4.95067086052832,8.61599646786119,-16.52537715025219,12.009719874781595,18.45279901529628
image_0031.png,-2.380101773776076,18.943234951121894,-6.042369526395985,85.15294477042133,246.8787637422083,161.66458138919438,3.0627369345386946,3.370252551491255,5.1658024490017915,14.734078767265139
image_0032.png,10.892035913987996,4.44256120060421,-14.355120098230433,25.26385175013662,35.665161999776764,196.78944051941224,13.436278490412366,-17.05392173118982,-2.048362488691641,11.018228255786752
image_0033.png,-13.867074115247537,-12.121495006271271,-19.013408471284276,237.87319269895545,9.582717133282523,43.55973239563279,19.9689951524957,-10.284300940227666,2.01841603522972,4.086377093609677
image_0034.png,-2.928785735412017,-4.245310429179865,-17.57549940083607,109.63589590574013,61.270405805902264,248.89153809014695,13.5718466188971,-0.06989181708620151,-16.763745411022157,-17.058505116136224
image_0035.png,6.8283738366471205,-18.439467335855547,-6.056010057484823,109.16777418610461,96.32813648490044,157.9615169963924,18.923370535239595,-19.60161620168813,17.601263129642632,1.1185371028853268
image_0036.png,-19.99367892181294,7.65053406364515,8.848228438832507,20.03653951936627,82.49648404432129,121.26696320362686,4.497176146244012,1.8091295000322916,-3.230490361662234,10.436272494287039
image_0037.png,-3.535647623231661,12.196200376038952,-19.61281389934293,130.78969845309624,97.93146235559573,196.1523828265704,8.667466995473857,-13.844729054203135,-16.27873861505428,-7.737376756144361
image_0038.png,2.952388260827796,-11.721445332429026,9.17243718610819,164.21398671868673,149.85037668148837,24.257976828549477,18.02822291910097,-5.084951818565431,7.836307827004774,-2.0674724997549276
image_0039.png,7.2485264961286155,-10.401709662451664,3.4499211358115716,253.4984331152154,234.5778327826979,175.3896422845167,10.612302743088694,-10.205130407667141,-17.999192645942543,-0.9030370905420568
image_0040.png,13.772898229212423,-7.76634198734218,-17.45558449696155,45.88760326386033,180.14391093813504,26.641825570823283,17.601832598389585,17.369524294755536,-2.0252354062969893,-13.636752690055882
image_0041.png,-13.324401912339074,-9.308066485602676,14.432056063591034,138.7133101729905,4.4207081652654665,87.6267816216716,3.3893499494430643,-5.999635900212748,-19.1844836087399,5.232522123037697
image_0042.png,-14.272248314478748,-4.104277630408717,-13.495965927551934,131.06244662582893,48.38508323112263,146.99857849582887,8.04139313445329,-17.045167460587876,3.711673565132809,5.008472281106794
image_0043.png,-3.080443255889307,-17.91537075866843,19.569689522206566,71.47570344800852,239.47368696804972,101.09576589276318,7.7538884951895755,-9.323717460329611,0.1517295167940773,12.303915980807318
image_0044.png,-13.80551573104949,7.228017593046449,-14.757161760401933,153.64162086202953,116.7024998713614,118.41077308296626,3.6752323952252968,2.9843168559546314,-6.9752624040137245,-8.222407328917152
image_0045.png,-5.744694754066547,17.614271507175275,11.635409138342105,0.8506629113863989,122.90887634570997,171.87976368672327,19.76486616463178,1.2613817692714875,5.628839879122047,3.166219978468238
image_0046.png,-5.119779541453383,17.933104968184132,-0.4431818542811463,6.44728420800712,42.50234489524355,102.43379592756253,8.689399324640027,-5.962158725081705,-19.468337063877314,-14.498025416145337
image_0047.png,-14.157032162506908,-9.376015289805558,7.997993393521341,170.07877251395823,73.05954207510275,230.08350974079266,9.321867382698397,-4.830835574547411,12.951802522464241,-16.30374480726249
image_0048.png,-10.757855435899021,-7.372486967094387,1.3946595058894395,212.89662924129817,20.462187767178726,56.2965885999479,8.49472516195646,10.032695959856586,12.049278863373743,-15.879192533430636
image_0049.png,-15.134578694993444,18.89153303600991,19.797980667664774,209.57767974232144,177.71354394349575,92.00414780188675,6.424343972144458,8.539864997988687,15.281380754925834,2.5361966003755114
image_0050.png,-12.733051363628803,-14.864672819287573,10.952259852473372,156.01018515562052,69.67978014389917,125.82879611463089,19.74076033214239,-19.18256068543394,18.251862120977115,2.51217945214103
image_0051.png,3.639488897567862,15.600445129926037,5.793426080021913,191.84233516767623,64.22497943414892,118.64755934100972,16.396072047065275,-11.57612307690056,-15.10635252154569,12.980363359520794
image_0052.png,11.468902646221174,14.421698353840739,9.285149086736489,1.7340671393895652,103.60324040472136,203.29420896439538,5.710566554505638,-12.739085069674223,17.716660346032924,18.399234109822586
image_0053.png,13.76586789979875,-15.94715040650009,14.264315005742759,112.86175822024384,178.6320767156466,26.105340325037467,18.791260976256396,-0.3774643967170377,-4.364492079833763,-17.439321057327817
image_0054.png,-16.13868783981531,12.98037130490681,-2.3787330291200277,126.57997568772676,133.8696868660897,254.49008914199086,3.927223357747706,6.455539140362461,-11.835179782994501,9.564263511432681
image_0055.png,-4.668467330594087,-14.185593480680762,-4.005603105679478,57.221675145700566,200.834500117682,223.01535743036007,16.79309031947185,7.784789903323222,12.976385695202566,8.81323989906278
image_0056.png,-13.562648508550916,18.35402335821803,-10.253519340882908,252.60484022174055,161.6969574517737,92.13515146995307,14.659298147769855,19.179086877743245,9.478400796842262,16.64507170465847
image_0057.png,-5.710463924448277,-16.317010293430965,-2.8401046105416583,116.97813923368193,206.9933958679716,21.38317354259364,12.234909370212087,-3.6203453825994742,-1.2539876103397134,18.605213794006517
image_0058.png,13.08789474612147,0.45744553134447585,8.044657736578845,111.33058781737492,224.24555921583206,181.01282956284868,16.947741048756754,-15.031619816894555,5.939443531186509,15.54484974534936
image_0059.png,19.994511606758756,14.255991094248529,2.7765009457738508,100.40166386628644,48.362659999845775,194.81671796926042,7.191366958199672,12.767635997306343,-8.451513120528036,-2.253915967675063
image_0060.png,-9.798645303550977,-0.5648012380412766,-3.957452329419148,91.59190331400946,226.08568560669934,13.085475891411987,15.889256340291977,-4.749666287809147,-14.394526938937329,6.1424775276928045
image_0061.png,13.807073685779166,5.510572501547021,-12.703550986040643,166.0051769103221,28.773581278810838,242.20486007034984,6.735224074528267,18.526920512782162,16.623421197680074,10.524936360266505
image_0062.png,15.691764904643627,-4.61838540201029,0.19382058821364012,103.16782801408519,193.54048671466478,167.59980118264548,11.421289972775597,-10.367549762762858,-16.951337600292497,-17.318474791358064
image_0063.png,19.090448777479367,10.727984379398755,16.114707428895322,50.57256933134278,72.54335512380577,227.62235386164457,11.124746292343335,2.868058803315993,15.858742610453959,19.776933387407986
image_0064.png,10.663685613424278,9.967342598678755,-11.228804749291639,221.44329084358304,176.3345075471212,117.68411962197402,3.323980944592285,0.5795577755035808,-3.6664328564431656,11.743385318275049
image_0065.png,14.133714007766379,-3.484184355242988,12.009520968883386,201.29160078029074,184.7601897588937,66.17815797552457,12.864571082263726,-14.136935070720282,16.719155530471276,17.738459416799195
image_0066.png,4.27604541799386,-18.494566834168133,-3.0240038310817816,11.486657803640517,9.266302028298817,66.88030424912051,3.0727035986709024,10.355332248530882,-2.7728894168075016,10.372851415007801
image_0067.png,-2.4643066620670098,-14.56477309020606,-18.962377263378766,192.6853456744036,57.95502314488897,135.37605283362169,8.99417759934167,-15.627181038798387,10.844623880622336,0.4958182140170564
image_0068.png,-14.721590048998943,-10.209732160521074,-2.230867593041687,154.0429170994077,0.12256496758172253,182.20030093184064,17.2257730441441,-1.444036406520329,-2.740849624469849,16.440047114597164
image_0069.png,-7.791290718635748,-10.045674836199826,19.035021972430847,71.86899355808899,19.090483947611848,194.67902847411784,19.797987538915603,15.55514456448094,17.523649324625737,15.970030762876469
image_0070.png,-18.28265829633869,11.580959616096138,-0.4965831899736628,101.18814916051996,88.06024029126618,179.62752813677713,3.740775102790109,15.72531363884054,18.139503439120872,-18.837191208189576
image_0071.png,12.041107719336338,13.026993552771124,-1.3638255667806831,0.9657287688284061,215.06341692616672,9.375001475885856,5.733862286823735,11.306898634776417,-9.781943728518314,6.290179307857308
image_0072.png,19.433727522480588,9.726516581875089,5.133504503733267,87.03966954443848,26.645242485168435,242.8442605520836,14.195622646817412,-13.279529229283185,16.64209274444353,0.6737534438443973
image_0073.png,17.766244099747922,-17.947057016530962,7.501056049582932,73.04018801103462,134.73813082651472,2.5381447073135703,6.867986765381781,-15.801020792217617,3.8113264674224467,-8.372463046815678
image_0074.png,1.671924008593475,-16.84080776187217,3.223477880399134,194.99848351250807,45.30622466188215,127.3904740491269,13.417602126271998,-8.08436936337586,14.289905165741722,19.25542260662654
image_0075.png,-9.966818081602074,-16.105862312235374,5.732371013204379,48.54778571747592,238.66490871023635,135.87341985555923,12.421473727550836,-2.4667934834530634,7.132195845396563,15.428475082616913
image_0076.png,15.180783647763178,3.351703494585582,-3.41229672099438,67.63831074187539,166.26810144829676,31.335630789776445,12.743903298025762,17.66062101797207,13.791418599988837,16.612397159593215
image_0077.png,-9.828980730783883,-0.8258853693818757,-9.353342528933325,102.28199993254728,201.15925071227846,101.767577726898,15.802037303834393,-14.435887729943339,-2.1086813789952714,10.389920771946407
image_0078.png,1.9541257627478785,-12.16028964276962,-13.416596501237667,133.24783362387905,173.87048710833452,246.67302767042048,4.52215422605073,-11.704751156321116,16.843505238418828,-17.628826866573256
image_0079.png,11.77348656936573,6.276772274135688,5.351831241419809,15.020142155759444,71.38393524109449,248.07891537474254,9.576345484385785,-16.697097416444407,-8.691646586874802,-18.20941368593666
image_0080.png,13.76554965111825,12.280744435291652,1.2774164255516176,19.684150611540705,87.28434703207942,177.5659996332863,16.506679223698605,17.62324685639649,12.104337644513272,7.677642750135259
image_0081.png,17.032309011231426,12.698635091079893,-15.319484208704761,254.60195702107924,127.80608248696473,64.22113952862037,13.989004530946943,-18.416352190663584,-19.844274770121544,2.9005827426106734
image_0082.png,-1.3756260883277207,-16.401276903101277,-8.592662214490838,223.80727856203134,251.0399256288419,234.94945384138015,7.275054044767516,4.176442054522667,-11.223891109834788,-13.569105701851472
image_0083.png,-11.961035853499604,19.172098201151506,-0.27069712468901486,19.93145707268491,118.3065302783171,184.96449408775754,5.048234661520627,-2.439771792977389,-8.406584451587964,19.331203369523948
image_0084.png,2.0987251233743933,-3.229418102851106,-13.894932100489124,100.61599657512136,10.963082047946301,60.17093504861713,18.878897229753562,18.360819562795797,-15.574465421615722,-9.114829989088582
image_0085.png,4.057471165507074,15.847221896493352,2.9727954438692947,233.31136142172338,140.19944571793363,198.3170600177951,12.15578075824887,18.216294546991783,-6.9689069758210245,-15.258940760749184
image_0086.png,-8.364680906960963,-18.921289715809436,-14.433122886390812,180.4994193916653,27.922230453292077,224.2479296244144,3.731109598012523,10.70841420305333,-19.060556680100685,-10.646858096555762
image_0087.png,9.098468749245914,-4.8812426781158855,11.582200889617425,181.18636998121048,234.16816889748273,66.59479341417632,4.69885462915113,-8.071879037676094,-8.87249647977053,-0.3648477513354429
image_0088.png,1.0620515298714714,-7.0860059998253355,4.5025894276800855,161.86188841427463,223.9218634340856,254.60928660860876,10.375862183989874,-2.687406859172512,-13.803563196794148,-9.304048166932951
image_0089.png,-13.229157270943567,12.033722308984942,3.9381127843419996,74.90378851514672,168.3995978302042,247.06974221432563,15.982792987252939,11.693431397210936,-13.25506848798267,12.391381282429585
image_0090.png,14.567228391864575,4.6980401229764865,-3.708295691258993,75.74891603684165,180.28359432753928,119.5975836952066,14.965239277014676,-5.804976019242618,0.7140969811807061,-11.848509261713343
image_0091.png,-0.8518862428261897,-10.005818450460623,14.478341746810031,207.74498015536076,129.74909582039805,21.861207447381407,11.202636780443337,7.8616897550463705,-19.302939682167843,-9.603047317210303
image_0092.png,11.715312703616931,17.1017281891845,-1.9170687481549145,35.945893452196145,229.31184920104582,88.2441136648605,14.804157040770727,-1.7201887409890375,13.70170189369501,-10.765182766240319
image_0093.png,14.386758297992948,0.8947211684771474,-4.228091706570293,103.034886521325,50.786766087280206,37.76031470464376,6.135343618209214,13.44801250863516,9.648612324695378,18.850253832845937
image_0094.png,18.96523582843018,13.732460931913224,-13.486544126809221,66.23964034277644,31.860544890112713,160.40941640551046,18.641976221713243,-5.606996842030284,-7.728362568782883,13.051231404804575
image_0095.png,11.372437658071686,-17.4218677521274,-18.753618497179737,193.34409623086128,54.238990151067604,0.02737550991321447,12.132327150670367,14.380422249748534,-3.0084439050743903,-10.919881732529912
image_0096.png,-9.472897678704616,3.201836432558185,18.815610676078506,12.795430945861126,237.3465222397925,23.314244547824867,14.141347814005982,-4.1412613833349035,12.080150504263038,-17.99833078148566
image_0097.png,-5.634052565062998,-11.415606862888396,-11.756093236908892,85.28684096557147,11.662866913374522,19.661533098960582,6.598489017206414,-16.05385454722949,-10.663868627262442,-14.343035735837626
image_0098.png,-14.677430205649461,-9.373404839486641,-14.173438195451084,78.11311432693807,98.15096876095477,122.85067154929638,4.410853207582726,-4.622474660656648,-14.240292970244678,12.96979143824057
image_0099.png,-4.85721570096883,16.77730641269256,-11.069554244795835,5.118124953542252,125.94666166461549,204.18285444447588,17.976491677512364,-1.3357046293903885,0.12486047986684667,12.618735811465825
image_0100.png,-10.061837434805634,-19.778724375612416,-1.799175570117228,185.48237261127937,254.01811846539337,47.9603757961971,16.90593614954613,-14.587568452741152,-17.06390185514278,-14.88990019009087
image_0101.png,19.456891650508695,-5.764006729563015,7.920617474736197,18.833907958574176,167.64599736577165,134.84782017481947,6.549024654313933,16.1646467470336,16.113324504950853,-19.272309287982154
image_0102.png,5.063430310913681,19.466330445943136,19.315665205567967,79.10642814608342,97.59183582977374,143.8441784659247,11.863759146823398,-18.8495313587271,-4.205164652529456,2.2116276411263414
image_0103.png,18.537497804674224,-6.577353008310389,2.757801536579265,41.54802602054818,75.36278351315262,181.43484194747094,9.715951727203219,-9.837280164505202,-13.462053177376422,-14.701888274840357
image_0104.png,4.680182097929016,11.576530038681469,10.494003252652643,188.53587287850823,143.40668893408284,54.32017492764537,3.1477153537977625,14.526735812896497,17.650441209132822,-7.290401877975787
image_0105.png,-4.618163246632147,3.4211081149745795,-6.400318040324313,156.514764714781,133.90947750636573,35.06921462370139,5.512436643993241,12.579701385346972,-0.6533646948057061,-12.7364827593063
image_0106.png,18.202755580277156,-11.824814046509822,9.888870688159574,139.17754839721357,254.5888973158407,135.87868650373235,14.589313597128838,-1.7492297456374999,-19.12323012595661,-2.7263033792693108
image_0107.png,-0.33523412228560545,1.8808502338020716,-12.162769213514038,18.55788702109119,219.5356576794475,39.17557084748311,7.202137937741853,-13.96200782593458,-1.1832009552208014,-15.488237826325214
image_0108.png,10.410140234218801,-6.176715024589164,8.01967139653965,92.58486154684041,73.97384752603462,151.68289187912688,9.824464731708023,-4.495189531062941,4.239627858037917,-1.9981445662186204
image_0109.png,-0.18531333879383283,-14.563688006359875,17.53139336154149,180.38330056147603,27.74176414804178,237.97563390488827,13.510440814664602,18.816858308096684,17.852568158692698,1.050589752682587
image_0110.png,9.222300408954283,14.17698789493037,3.311886594363127,230.54651696246583,58.24064729895875,137.87808193894574,3.200180837065588,18.796398208146414,-3.086083891284659,12.916193350033367
image_0111.png,10.452269004328251,11.537300587403369,-5.833003240147182,154.81417035416675,163.9600956987056,81.67954101099309,10.132780387705175,-13.58568087895907,-6.689656647788972,-5.486080041269744
image_0112.png,16.838614113900476,18.728756117609898,-16.923134043822422,161.611683497257,231.20687687245922,64.30463137824027,10.774462250662456,-15.451738754244012,-4.590297296258644,-15.735990939444315
image_0113.png,3.5736297537915753,19.390391138591283,-4.04730156436691,170.6488639934258,128.1364121360789,2.5462405252801124,12.920317694952212,12.303779067645507,17.87518755131996,2.21287086736217
image_0114.png,15.064477424425696,-13.20566718023179,-16.969272911990206,55.47691034040341,213.82104263261698,73.14415893741678,15.772941103013055,18.099980235394057,6.679724185923671,-0.6102912041992568
image_0115.png,18.37431253285036,10.01486564061971,-6.672368639918282,49.3727298827657,168.29553847762128,86.880683020756,9.235451300357726,11.960375149179036,-9.271013404716669,-0.6970314402994084
image_0116.png,-7.272450873437869,6.276448096855578,-15.253615743362712,139.48400219349105,206.0821988941165,147.8145289091643,19.96969610459221,3.788826899603592,0.1511192230078251,-16.178742149818163
image_0117.png,15.494355371735175,11.508904140533037,13.177245134308542,117.57820630661828,8.088140019906668,114.61939570221966,15.934814314485699,-16.985467564256737,-17.801824849247097,19.061948367480056
image_0118.png,18.633423076706222,0.10594549641437112,3.413264026747168,228.12974914989505,244.45390226265525,91.25232675387586,11.680399622444048,-3.800494826492905,13.340582966201843,-7.394856328205908
image_0119.png,12.475675578054265,-8.966014331589331,-2.3916798499262306,35.08843665364293,38.546950243845785,19.209101664160453,6.852672930635057,-18.369518378519352,9.036891306195265,1.0470671998066194
image_0120.png,-13.984608249229504,-7.120576041692432,10.998937594034754,238.5314756581141,30.754264450661744,83.05051438778457,14.777481900523993,19.420393515414965,10.659178790391856,-9.515228101462142
image_0121.png,13.437676903414413,-9.137332758252569,-12.20028706142032,127.45136824270851,50.03826403259923,141.47925072531578,10.996300475445555,-17.761096821934963,10.022524076995328,-9.507179320769993
image_0122.png,-16.966654205095896,4.401312229559082,14.009433625673232,30.863037839626994,9.929422393990489,163.73905263875793,6.3055980552423545,12.013871902168624,10.303639782623591,4.112035802691302
image_0123.png,18.62096750280243,5.241600019697209,-16.918946676661353,42.00101094111159,29.821761688864022,248.3367558036153,4.942145375085732,18.95936977879429,-17.305809803724706,15.15165762746544
image_0124.png,-0.5812238419202274,-0.7038422806361275,3.2665220088570877,93.12118344221925,28.561432634112148,49.270760834897,15.576181850912782,-14.710898646871033,-7.836933199727959,-3.388239812891758
image_0125.png,-4.835133442507216,17.945994553388687,-7.744811893372114,109.5212882134725,141.57544890366492,19.852612823328705,8.587516463263615,15.122079210590307,-11.66956304819844,-19.988299531467074
image_0126.png,16.991981594465244,-5.685059849918872,-6.563127808187165,124.12478801987484,239.77184770915423,43.002353022966304,10.629595315310812,16.397332011425895,-10.408784671100983,-11.776743694084288
image_0127.png,-11.367711095995144,-9.591665416754687,-17.19776566726894,26.05430805136966,93.68487302546416,153.9466843435203,5.455226851594411,-3.0561316334957027,6.368564262982218,19.689453055523877
image_0128.png,4.652593669442968,-15.216938864160866,6.796630927550986,153.30388667428,88.34453627350942,237.06173929508432,16.034943317365773,18.199754989640226,-6.515890250869841,-6.70231210493878
image_0129.png,-5.53872237050502,3.5067913966663014,18.002976281610813,98.11108298806165,45.00087425770115,84.87678825343747,19.349609262840822,-19.529834481802624,-1.0729785667122158,-16.573417655912014
image_0130.png,-15.035321872244634,3.762560215145921,-11.041480215411221,180.98810749553022,34.53716500170755,185.72297779975725,9.902380442233884,-8.38851398747606,6.683800331517258,7.122588852147615
image_0131.png,0.671078437795984,-1.0795006073180922,19.073479523379802,12.67719090987378,174.45141792175025,86.22455259470792,18.998734940962187,9.453680997338196,14.687723240011138,13.680654131487941
image_0132.png,19.790571682177912,18.403358570209228,-11.018037446863476,201.28369533548974,42.76805310014139,57.57782550187176,14.173683826067835,17.76067219995938,-13.396741191937704,-8.49243045342298
image_0133.png,-16.817955499035733,-5.567922289983173,-2.8202836230405417,34.30261051613076,45.59058997247762,90.58940317035156,3.5921731573859566,-16.655809532641626,-15.215296933628348,-16.924688215304272
image_0134.png,4.661011755026905,-2.8549350548794266,3.4078556285126425,240.52269639171803,44.258471542417674,184.33335050360543,6.790701418285497,-5.182972867553524,-16.304277585178685,-11.272884177711946
image_0135.png,14.267798677226423,-4.549996921329971,8.200272120434825,199.40097660366615,113.98402290738365,250.0668385631779,8.338420404269193,11.58811691382395,-2.9192672567386957,9.987774549515628
image_0136.png,1.7302820940204633,-14.492036556672696,-8.230778932795936,18.963832908161574,152.0832213569773,224.4609576373975,15.396467872935972,5.495194508319244,-15.320651624615564,-9.693849603167855
image_0137.png,16.222981565562336,-18.40564073389036,-15.333130089521298,70.89262364711209,28.24891422284142,65.1941643002796,6.57854842445171,7.1656707843684515,18.087779910956556,6.07287838857502
image_0138.png,6.907966597441359,16.267283924467165,-17.522804844283723,159.94848879208857,76.05009132116669,187.08147223744012,11.58802649128154,-13.994217310350168,19.479804218865482,7.043754714774018
image_0139.png,-6.426657120093161,-3.0102659438437165,18.717343650366402,27.220044333938073,238.0282967464384,129.5298487273319,7.935670049727575,3.5491699245036443,0.8826780033706072,-14.219163566202312
image_0140.png,-14.505024691135144,-2.767625102431218,-12.913588813583985,32.77398500136282,71.76846463349447,32.699222365098926,9.928625316548056,-19.06761412280889,-16.68096251962448,-5.1316797847395
image_0141.png,-4.253459425257393,-4.107169665946916,5.28444645323022,228.8463658055632,23.712593157212574,193.20415199037276,3.6568272862173377,6.076585980975764,10.131842115649576,-19.930226671942304
image_0142.png,6.703603834741919,-16.330338506202136,2.435019621552634,233.21756020860585,230.19499904233288,2.565797612589688,6.747733491080994,1.0192953639279025,10.821360113134041,-9.557340271824803
image_0143.png,17.711934462504836,0.2382457686706907,11.101117935244979,13.688346060929824,96.19156257825298,103.19219970064995,12.862607016166004,17.894893526388977,9.39429478967547,4.646277991755426
image_0144.png,2.6102807747543935,-16.297133539728552,-11.51295240169597,250.72093258488297,245.85144320225237,33.97904790976912,12.78084392245883,-1.4610529390746194,-18.248114912089363,4.855874796757547
image_0145.png,6.410896106358678,17.234027990679586,4.070648678936074,191.90233239254798,147.93297615867135,175.61041499621055,3.6451307625876077,8.281035049318746,4.290753010306581,11.405199107249398
image_0146.png,-11.746152959731049,6.50514356033035,17.23778111112898,136.39096798167128,88.76833902803016,47.18577278862395,3.993336327839623,3.785309828959175,-12.63965868670477,2.5415230239603304
image_0147.png,4.661912303835017,-1.6704015247077635,-0.26673552905314324,167.9157309881811,29.154337705376648,204.54012265531935,3.4250809130090056,17.174892432538883,7.558592400147273,7.68599766920827
image_0148.png,12.75682032700579,3.474201089174205,-6.204001722297466,154.16904009690975,193.8709284888675,142.80138885579132,18.806713789234898,6.260692297088166,6.42113116777314,11.555807454291667
image_0149.png,11.997727480278115,-10.883609306706724,10.851125585927264,195.70370526053753,104.22550762608445,124.19708741680073,19.304359204104816,-2.8489813671830753,8.930611983886038,-8.12216421007816
image_0150.png,-2.847091580433027,-12.1878761092491,-9.10442811002904,203.79552049677088,163.1048371388566,211.71746221440824,17.614354587431386,-1.5801417926850014,16.167379118786542,-18.329508198328405
image_0151.png,9.25444414115999,-6.4239792423791755,1.8919703326435098,248.0062900496854,75.43188231948434,139.08073035575316,5.5957947117525055,-15.207703048375505,-17.412956615511757,3.220529865700872
image_0152.png,10.109067015340194,9.413941029458034,-10.076341459559885,151.9268105964932,209.95297682679728,206.56080702833225,6.297605258900971,-16.140998716922166,9.18324602154048,16.960716892562452
image_0153.png,5.44304311153212,3.5024347166993977,6.466282344746723,170.076803635527,26.82756525390314,142.1018491537383,14.28030346692584,6.383963069113214,-9.782250220194285,6.646448324220714
image_0154.png,-6.648480270661334,17.3064888858149,4.824783641926764,205.567153557939,53.22784013172256,18.062832744488052,8.557851507967538,-18.44715310676859,-14.81528052430515,-10.599111899435707
image_0155.png,-15.147465756956912,14.768847859001085,13.07556789875673,20.539049004914265,73.70558223060704,143.9446821587048,15.015350716299833,7.106200892158974,10.213170233096847,-0.5841925237870562
image_0156.png,-19.50569110598661,4.292761851059165,-16.485410954218448,79.52092262135838,155.99459800992804,69.70806270600008,3.1689888804257134,13.382265602195687,5.696535903565728,-17.96814545774946
image_0157.png,-10.249245702532232,14.183228165392272,-15.7725403875023,215.8630323433358,94.85429371204683,148.34099189510968,18.180368324568562,-7.550435328048973,-17.900070799114257,9.12457070210948
image_0158.png,10.289286059243253,12.669718134511633,1.5001239197583196,249.73933819567253,195.05487366469555,243.15270616589112,12.283039437436635,19.537702389842345,-10.378052009778337,-14.51501635908187
image_0159.png,2.671733197726166,7.404446082365787,-12.928755338397856,176.7944631610123,8.494291527724261,187.82294469724556,11.919246063401426,-2.2538471633865917,-14.74264294837129,-10.193859565783123
image_0160.png,-0.9413364973744294,7.075481906736087,-11.444437937524219,17.92329800745284,182.53635306713804,13.246409887483706,7.28850028529152,-8.953414494447154,-0.5601781548907567,1.963275896411531
image_0161.png,2.418886052406979,0.9148493287807327,-5.025983321665791,237.282230762862,116.51166586352667,156.13588887232478,18.577291619810445,-15.688954997263105,3.132095455094298,-19.474016529670504
image_0162.png,-6.352809743741826,-6.172501495005687,-17.497438709207394,46.378283294391004,235.59801837760457,172.45154425473348,6.489165961053712,19.866123450977263,-13.576906104445566,8.074844577467747
image_0163.png,-15.75226116651204,-9.259860639830645,-18.404472814618842,116.8914214604479,220.3195543133484,25.968141455438982,11.613352962586994,2.5536543211393763,9.185929289028188,6.733491467133433
image_0164.png,16.813157127650655,8.077608008057254,-19.474750022818867,144.2431626208263,193.9309739156682,89.74105687380093,19.33213431088216,3.112445092421659,-1.1110040957999878,-1.5772015569091096
image_0165.png,-2.403970562712594,-13.696611891054689,-7.614678218080172,61.368715863510985,49.361311608974866,235.53129820527676,10.723450257769613,8.100467240071723,10.108224111148772,-6.312914465916126
image_0166.png,12.696307215636061,-9.04116413342489,1.1388696801207487,180.21400235704596,169.19507905564063,66.78375215874759,3.03101697957312,-5.954700331701082,-15.37151452711302,5.654633892590333
image_0167.png,-19.13461677379273,-3.539433647061074,19.989229953341194,218.30218428278792,214.17032320025945,41.68670516983982,18.586182334984024,-2.5190866036866844,-7.343639090045645,-11.114297096031107
image_0168.png,-9.329549385796533,-15.136524204422791,-9.319728456799595,69.67717825748397,122.83281469381465,120.20804360916374,10.974247471507232,14.075275441019258,17.537079014081073,-16.369400850392694
image_0169.png,19.27356351298097,9.641567445921488,8.687642300365926,38.8189815528298,226.63042419511115,241.8755905511382,7.491297585221524,-6.195917247334869,-17.481115332881036,-17.418270651633776
image_0170.png,-3.6498441681659166,-3.672908658020763,-19.60179673177583,178.93462913599842,241.9098607166924,124.46335007442745,18.289344253461472,-18.386202989978923,11.251297120932104,-16.199861041992094
image_0171.png,-15.925515124879045,9.37155573989184,2.9416011018034958,212.8305714875776,231.35141882548328,98.85595161111185,8.860999487925802,8.356249478217151,18.64368575153201,-13.631108969649581
image_0172.png,-5.490720320243273,13.981831092290463,5.364277880172711,87.10392848876816,73.22654033836534,83.0096533886218,17.82288511780755,-17.679590620816448,-8.752300025403091,-12.905594402953188
image_0173.png,7.84497871778235,-17.16579858439378,1.8898533319127608,197.73852318389334,128.53216827404782,6.076839785123856,18.45512379076993,10.074421198092189,16.970205684503824,7.668917619839654
image_0174.png,7.923472173293909,-13.57577332639563,-17.79259639433137,192.65802827109124,183.76318077320565,132.49991800407912,15.301303236239086,-7.699989705511312,-15.784572091016887,-13.364176653914406
image_0175.png,-1.3094871195865387,-2.8617676886858625,13.800793937056696,154.5047815930365,149.50794243192252,223.40864742875658,8.313163308179064,-11.99986187014051,-11.102531816450059,-9.49484615715316
image_0176.png,-2.417784865231244,10.941389581905824,7.767181484618174,213.0356905900808,75.75058953901177,95.90301940825469,14.587676169775973,-1.5636824652419463,-2.032582166699889,-4.2069414023701555
image_0177.png,-6.210855170323324,10.031051749836209,-12.791470257853653,219.95741208872647,15.277815613761936,253.8579385504021,19.088054874046588,-7.374236274363074,-12.809897537833614,1.9847551814093904
image_0178.png,14.989079623259265,-18.661278911416677,4.260543527428652,48.48369053018868,179.236898113146,201.9662672328958,3.1652266178124733,3.654625279788508,-13.24363752601721,2.740749835142612
image_0179.png,-3.326539582511412,-16.814337560041814,-5.933837457831697,250.64938885680613,199.94067071012503,181.1511509981348,3.5236505553575124,4.182666738223322,14.52827976253402,-14.066589110018398
image_0180.png,11.830250459631078,-17.120683534101353,13.854631913400667,22.425043490266297,92.3973580810397,148.95670823228622,13.4226499201437,19.683256045841702,7.3276181903770805,-8.97586740143694
image_0181.png,14.55928414623012,-16.590582928999325,12.3079796754228,92.18276667734405,107.71872173015898,190.918188720524,16.98079306113219,19.156614604977136,-16.508215722452952,-13.032313790984045
image_0182.png,-2.4473740616806836,12.599296123811229,5.694033121177448,242.45842175340707,11.977366311364174,197.40247022109884,18.28333097053362,-14.528303593182512,12.189257453630432,-16.259702375277833
image_0183.png,5.591098991107444,-0.35214209995340084,6.454489949592993,12.491991004681267,65.60674916966946,26.891500756576214,18.204663590196496,-11.601601181812446,15.955210572159167,-18.954832388340165
image_0184.png,15.008498872736936,15.030051013334614,-19.62088291496586,74.92358912207419,136.71009399881407,108.81010896780785,18.60677331371834,8.549704538141857,-19.539586104858394,-4.1285737155613145
image_0185.png,11.861113089239808,-4.746772383529358,4.8081207950985,38.71259265308131,214.19621575505428,51.67966778727121,18.079231895609524,-0.44175442786524144,17.83639578817948,0.4918755465152991
image_0186.png,19.934955497387342,6.62776990970967,-9.923426786683414,251.58896606166525,235.42875154545553,116.37558333544064,3.610947121929858,8.596470612535498,-12.261638347139897,-15.593931289136167
image_0187.png,17.411333072653953,1.3873115993492426,-16.073374749098903,235.63859041519655,83.79211489126098,17.785864324103578,16.67249241454391,-1.6692618862832802,2.1019148256055047,16.584466476941998
image_0188.png,-19.750208869297786,-10.85574817014091,-6.319252418602851,161.34511635610545,64.95239418768949,215.54137078185838,12.790354494825921,19.18696785376912,-2.981229661048772,16.229748365646238
image_0189.png,-16.350637822234226,-16.804877170608137,16.069573316609564,8.666402045176671,175.41745540646366,153.98674583921562,9.714400009945885,-19.85728858999799,-17.45339100023029,6.963403493120804
image_0190.png,-14.855431692230878,-16.60221510718163,-4.943711158243831,125.71293900342427,99.07836189052581,144.7544096067651,13.124438110115648,7.3804647941616075,-16.024183133061417,8.967118488802917
image_0191.png,7.675887515464513,11.233456560061438,-9.612057694352973,36.786341804093745,10.426823163655566,91.58607184478862,18.663331688692157,11.47156323263981,5.469391286515005,16.31904782849481
image_0192.png,13.569965783937732,13.986900888237585,-1.9016274499620849,232.90036729984567,82.5608952074701,161.7571774990849,17.819804211202374,4.09895245806775,-0.5377891522936267,7.886681932316435
image_0193.png,5.490090341125153,17.932874665372694,10.737016400524915,104.50888439524343,93.91233734006846,155.84825755420493,6.784429118733854,7.7110067667907884,-0.8632063196960544,-3.0674819969508107
image_0194.png,15.699148056580377,15.716226132491485,4.260366177644727,142.75722181544032,161.24335121944202,169.17863909021017,8.840957237945819,-15.716905832063603,5.06877947153005,6.8738511178540875
image_0195.png,14.641516987816033,-13.819766024976904,13.255276253719146,58.975445363264,21.91849985451298,56.638730346708826,5.714185259323295,-19.449195270158064,12.507330476610207,-17.80083852495592
image_0196.png,7.492560477136099,2.3752449084189777,-10.818523264769887,239.8489038344892,18.435850142407524,36.636710073688434,8.267098929657145,11.405127448684773,2.615970679329905,-14.019437857987516
image_0197.png,-12.976863665069423,7.458548802498694,10.55730571307867,62.988600038935516,243.28411799414948,93.43730278587968,13.767009371225765,9.802043090158147,-5.724891984848334,9.58024033708941
image_0198.png,0.47419909762577817,9.997673836641312,-0.8731308039886123,159.9979688535938,115.70445442352496,103.81933220645722,7.738917117019152,-7.275476981785509,8.770505948028227,-2.3006028060881754
image_0199.png,-11.983373040258783,19.415407750743086,8.673189354189901,56.67489173041608,112.49679848631752,149.0266887574076,16.432684059481865,18.650971017113093,-10.96977925867867,-19.040606008416383
image_0200.png,4.670502195185801,2.2070357355289616,-0.369421430887261,90.79476663373548,6.058500297797559,118.39605127707071,10.769259524495943,18.37725030796865,9.754498190814832,13.934001869405861
image_0201.png,-0.8929086995309419,-0.352097105541084,4.860856807413903,203.75267188947308,18.78821126327295,64.73541716487907,7.190723589086545,14.324270946133453,13.225671989467187,-8.33781346946365
image_0202.png,-19.59015085403597,7.492289968194342,-10.823832784385292,75.6097427655961,25.72234031773206,86.13616151490642,15.268272026479874,4.372319880102804,-2.4824177575810467,2.9317590408649643
image_0203.png,19.19525540119369,2.252176297035774,-11.772909131057494,17.395676545171042,168.86079674649991,85.68903505101356,5.471425594394522,-12.653456763584131,9.531402637414462,-6.896163059314876
image_0204.png,7.836023720761524,-1.744695634395491,5.637151572093192,156.92586299222597,42.65899281799718,159.27531524857972,14.190836570431422,-2.8737529582426973,-6.965756364682569,-3.286730496023189
image_0205.png,1.8674052805978434,15.717610434427172,-6.9657436516728755,151.35045414051075,142.89952289795804,162.5518071444762,18.423455922460064,9.694285061507578,-3.083686182549936,-13.93521046593683
image_0206.png,-9.033479772053155,-0.1988992258152713,-4.248969872690417,136.1173741447135,152.19406628173263,31.700871526132165,19.413374362978573,15.425745793729924,17.43427388191023,10.668426468297628
image_0207.png,-5.479951748863282,0.3581255433881054,-19.542562536994236,38.88687660292366,178.18313324514796,43.64057734212446,19.745698992709315,1.087746742418819,4.564007859128623,-18.37441333135034
image_0208.png,1.3002095758798013,-10.574475019606346,-3.386265438542914,221.8518659503939,176.86244444579356,240.1742953488846,9.952370245852165,-1.0394744219618737,15.261877098738537,3.0621405291119927
image_0209.png,-1.9828520465347736,2.3690838822238582,13.990539118640768,252.36310250923142,219.06861327972197,153.90370278306904,15.634770435375877,-6.825415491664856,-0.1100264266858133,10.425394493070815
image_0210.png,14.689798948946084,7.95422421000459,-4.842077387612203,129.7281209971521,23.241108880756414,226.7409248440542,6.994907670406187,-12.5531402037078,0.699694675688324,-11.049070154091138
image_0211.png,-8.282591871612507,-7.3626484964843755,15.38997174975271,21.848142444750863,3.878370189776214,1.6899095136731273,18.881128692357898,7.1792477794091205,-10.098420309534951,13.88197929642893
image_0212.png,-8.688040808756163,17.71548826697331,1.0245093211032987,220.0894317913735,168.39503061679875,195.01123489088351,12.74708313341518,7.036208651713842,0.3442567498234652,15.67999609683909
image_0213.png,2.402846909968588,4.641432066527031,-16.25494915655684,242.2902738458945,147.22276191954597,228.74803268793082,7.285583702254418,14.000016494371941,-12.146268497902115,6.9287782615603355
image_0214.png,3.2505522884058635,-10.313507804621072,-2.9338927177045093,251.1350156986886,142.2692060882736,177.1225801796683,15.464292887228627,-1.3180513961131837,6.648783452740052,12.582794096136418
image_0215.png,-12.854700417476028,7.530974013605743,-0.3436106242127579,83.45961339800502,236.94568729518926,107.39477125770661,9.757195811135503,9.293096780763264,7.507680755036837,1.5593389540307072
image_0216.png,-9.411693759474463,-4.690010526730495,4.1253412798047435,165.7737685580994,131.26872704711923,197.10551919263392,12.55308924262995,2.217782638711462,-17.17235122340846,-14.94952681439349
image_0217.png,18.956396508586742,2.3679201138489674,3.102795587551608,113.8746940701114,247.19391407073908,31.678957680539767,9.459379376923653,-18.905219496310522,-3.9169909212033076,-19.83844836154264
image_0218.png,-6.29191482310144,3.0130423607696457,-18.646043342397917,78.0589410611531,233.18918023603644,85.6774685939882,15.666730652623942,-5.848282402003981,6.198479145824276,-16.014603377749218
image_0219.png,-14.212487385964199,-15.936565770463593,-14.914284202459974,105.11161742990258,138.06705801900802,202.48337598984935,7.032293623696082,-8.862387067548978,17.12010490372819,-4.502004653803763
image_0220.png,-3.8994739952277904,-4.442192931134974,-11.211145066006964,209.23145548580416,31.88030064404391,134.3893913528937,11.317994935467313,-17.50642608504704,-11.124850009867604,14.086708925848804
image_0221.png,-19.361381800270053,9.591945447450591,1.4892062437542535,222.7752998272123,210.25236699588604,139.6666550129523,6.097359452869307,6.964610715623536,-12.241022997152275,8.823835333321366
image_0222.png,-12.460379652443985,-6.464420255764098,11.672660711917118,8.799573920429507,160.50149135416788,103.00918952331884,9.055883852059814,10.334978148481643,-15.736118473505263,-5.327759173641699
image_0223.png,12.889767934262714,-14.783444550267934,0.8138820751003841,91.19113692173,168.74732933406258,55.02239815288099,10.1541139807299,-13.862499055541605,14.040390718450823,-5.012225422507694
image_0224.png,-14.929172469246348,8.669405506254169,3.9648838346180924,172.3903221204969,120.06103155515817,211.6850703721339,9.460993045824393,-1.0613619236918623,-13.13534261043995,-12.753595979968186
image_0225.png,18.983046198590728,-12.983346463197707,-0.9622416789380566,128.29832802610272,174.17715770638716,75.24425467102071,9.234911378167993,14.404832042233274,12.12941038127505,-13.920158151682841
image_0226.png,-7.371087269764995,3.307734284463585,15.585649254303192,32.42659099104181,161.5451108621235,76.25211231640712,17.43524421662965,18.734496085891642,-15.83107846330769,9.820361264449026
image_0227.png,1.2901927315914286,8.118510650090748,-15.5153445176445,89.76667586237537,227.57278952718838,201.90995136910863,5.2656089905346155,-0.7533777262276331,18.955342417305815,-14.786051803206535
image_0228.png,9.038855824504918,3.0293073798206827,12.465671073242113,174.74610701872987,10.957290349415842,253.1689395242174,5.493839692903011,4.575984664985583,-12.685402082576026,-7.835927872791499
image_0229.png,-7.628535771291283,-10.152839907330065,0.29125936950565645,187.46672822910386,122.71529658186728,153.14977262939001,16.898710765582546,-18.592007768710953,5.65747895299328,-1.4086627795726017
image_0230.png,-13.70895673915979,-1.619618673594406,13.903448902019136,95.55696193224873,30.790610972733724,208.82587798433286,14.04683905972252,0.9539297269809524,-9.381272202074928,18.875759364194316
image_0231.png,-18.54217320003486,-19.728524372536253,11.429849828381347,95.13737044040529,189.5610217339621,219.18810568380152,4.650707262622541,19.579507352177885,-11.518210425892633,0.23338153627108937
image_0232.png,1.445123844115848,-5.819900213708182,9.495025040887882,20.352354575717115,89.88248157161595,143.3435858319858,5.813964838543568,-14.971546415293023,6.724124769191697,3.8538088849076715
image_0233.png,5.0143367093591635,-9.28414050282603,-17.957361753323177,44.50099834854093,216.47922074900802,169.86066525907242,5.196642774442978,-3.298907815126377,4.638664674086893,-1.9816439154615821
image_0234.png,-4.559951057878928,-17.38968100479071,-3.3644863115013237,185.6596155827078,10.802918931219802,16.28698782826353,18.637617145694453,14.141149228402227,3.6527860662932135,-1.787151324123709
image_0235.png,-11.893234444562033,7.747911820627596,9.323239552480626,188.68041793131778,142.8319746965831,53.39210939521179,15.970407451721423,5.676763312098032,1.7922468254417403,-2.217929608237405
image_0236.png,7.347698771249643,14.806462677889229,-12.449346837022418,13.574057460179501,171.87726711062155,226.62913722572551,17.958963547963542,4.570637677271421,4.370158042600195,-11.641789125077025
image_0237.png,-10.257812648480083,5.532734657468431,-9.46500386113807,150.40419596823654,47.50437635400362,64.98715084367137,13.233474712272335,-4.111771385475688,12.69610284681172,18.390260186343987
image_0238.png,-5.675724799950439,-10.174924281566469,-12.080658609784987,5.680012753532777,61.707762185403,95.42981747082662,7.910398770411589,3.1079376305488253,11.949810289583919,-16.102746711853587
image_0239.png,-8.137246771201877,-1.4675441751076832,-1.2075244115250712,71.2501886051161,245.78898741199586,150.44280369845492,5.079156176919271,-0.6115220987490062,-13.636806198027909,-13.499196704841893
image_0240.png,-2.231926806243255,17.1652721615881,-5.327512615565988,179.97347754228747,82.83499804670468,46.41938066600444,15.701176814975751,4.87936867777611,-9.191609436964491,-7.4116975836448376
image_0241.png,19.00065383932629,1.0148194882533517,-0.8079972025990543,15.590824994056806,0.7633063912953275,123.58174373987497,4.3870309614190885,9.914165792216686,-6.443378044188632,-8.22949390167993
image_0242.png,16.960828217209475,11.932745551870543,9.859481928284588,241.93165846332533,79.16807531386502,9.90232728869423,15.580035311613987,-19.742823509648083,-17.050798676361502,18.922548269689365
image_0243.png,-5.12834012260933,8.815981586695557,-11.768485188222858,234.61529223559594,62.492703018041574,27.923104207203657,17.61870826191228,1.5981293755242731,-14.072728836325808,7.175310401377249
image_0244.png,-13.461733446899288,-11.840411428176655,-0.0903408264657628,143.8505399788988,26.086522591877582,233.27060414585492,12.991222450694256,-13.264025331553956,13.222882109999233,-18.532488704892174
image_0245.png,-15.754923225223521,-3.307425997057358,-2.023295712231892,112.54442282641412,236.47533441878173,82.70884179241729,18.104978945352645,2.1557714473894336,5.509754405987188,1.5159676056772575
image_0246.png,18.821073616177884,-2.7752541833113966,2.0784301327873855,138.75681403953257,69.80329824479684,114.56903889385285,6.157297961380574,-14.613593295658776,-7.102230514994261,-9.744420392929003
image_0247.png,13.757960904346362,-18.549670864027537,-3.022639414391218,45.0227661641418,246.8535580564069,38.69192595204594,13.766346648944067,7.303045491878692,-16.302053119532527,4.902677708557949
image_0248.png,10.36479773047801,12.979098445956708,17.35338316862982,169.16998458963118,121.31989079579817,88.30010378323493,11.712326122039258,10.312705532665806,-19.40308743769296,16.645529206975297
image_0249.png,-14.732483903133208,8.193557380313155,-18.926135613690928,92.11816225111666,116.46351768436706,254.89364647921178,7.991371539617589,-13.547203316322495,0.3852071570684892,2.938588559762337
image_0250.png,11.57170118802177,-4.244015457397996,18.853059931234377,77.4584351580133,45.39814342924367,190.23074695709005,14.38794020284119,-5.653688514337176,4.448407332500324,-18.213973797164172
image_0251.png,-3.6360513432236274,16.76779489772479,17.13962123234794,98.78527042952445,143.50519201774793,242.0139758560601,18.585406125873327,9.960131204032034,-7.78574512689843,16.57435760409564
image_0252.png,-12.949225647812517,5.574472826332126,13.302594545611683,144.6349186568286,161.19253637162808,194.61468606986548,9.364482812977782,-13.657499715131607,-2.559371374138628,3.0550942439266677
image_0253.png,-19.919977255881665,-8.915562622220241,-0.48366497104483486,134.77221236592612,104.48557626514776,118.14510949690732,3.0270371290815716,-14.445399547112006,15.329449804796361,-16.537016800723304
image_0254.png,-9.867560104398972,-13.639321358338862,-0.8878674053877802,80.21474541746501,53.415325371360616,222.80383279722645,8.103345157047219,-15.985832992216906,5.098024047856992,-8.292635189940585
image_0255.png,-8.9444821690312,6.050838000717945,12.7195614698877,167.88162837552912,190.39471010150402,66.43510683729599,19.28932915185162,-5.269962163891115,8.850590454562067,9.3828054617587
image_0256.png,17.16746989187976,-19.088065856719627,-4.427564540253194,68.29338117073748,25.99304919612036,11.267749516935044,9.160245309873925,3.017193008558362,-19.014224925298173,10.104682708734195
image_0257.png,5.11620082700135,-10.974548656595232,12.813188820677574,63.56515517607831,179.84015475715483,144.2106154774349,13.146072653262207,-1.3610712233883433,-5.12475790351794,17.796860806071535
image_0258.png,-15.267350860773865,6.485843691995605,-18.953158994609062,98.49326257151962,21.731490321557693,224.7311320769587,12.100722670675276,2.255665964583109,19.17482815828437,-5.483991862397758
image_0259.png,3.396431898204014,-10.597075548763284,17.07147458744074,162.84625051534417,24.64942537132509,34.66667160185305,14.67509058306762,2.9449783704057495,14.334984517585525,-1.2046646547613769
image_0260.png,-3.4076251291177613,-19.195705955317237,2.5268664881847833,33.76380854211886,82.52987779444449,171.00444039008497,17.95218278439507,7.724344801046232,3.3058978511319808,-11.116705411914483
image_0261.png,2.3697214734098218,-8.37506835387721,-8.130206856690126,74.25726601609645,81.02689710768196,88.81160915560537,4.037782060518689,12.023825347995917,-17.01670707179204,5.367962894153347
image_0262.png,3.814398218449611,16.570712580061013,-16.69013129364338,38.68957941144274,164.40116681793214,40.141579724627995,7.648974295552111,-1.162883885648153,2.368180579444086,5.508042313538116
image_0263.png,10.151648396421756,7.947382818378369,-5.745873952614344,232.1676915798616,64.46778484646471,54.919218603131476,15.314079760197728,-8.049486183933192,-3.2993746882263544,-7.326242700743055
image_0264.png,5.363271384428714,16.477355588324045,18.203281954521223,217.36590133074532,146.02611227848752,242.61321616980055,9.979879888187574,14.169867405164737,-14.663436267982801,16.207106958552068
image_0265.png,-2.682085495244362,-16.25231123432865,-7.374450105061516,157.1411055653769,85.69220367733523,96.87976361267117,3.0174966501952323,-5.2421380574709975,4.868835276323566,-13.606514815996551
image_0266.png,-17.49278063710961,-0.13497898202779268,19.499503777196338,191.65109841656118,31.18752495101197,183.46120548327445,15.280265794157135,-8.202980624594097,18.915168829246156,-12.676924259124469
image_0267.png,-16.840090555758344,-1.7728661712749272,6.303844093418004,164.70823055528982,195.0649555293881,84.79608533876029,10.365877601020346,2.112693463905913,-18.222493761273647,15.799689977204721
image_0268.png,19.69907417058731,-5.121720415336508,-11.10441949100013,252.06575759948626,133.0246736125035,217.4379716987131,11.67716979453232,8.365711688154192,-11.400436122108895,-0.32067296039082294
image_0269.png,2.320518918836573,1.9448050809923316,-14.934278435967997,198.70431556813028,163.80529286354,146.47543498364794,3.7340986035639574,2.857319870736678,18.288964813566935,-12.436650507818868
image_0270.png,-17.27776144695683,18.180833568700947,-4.2587372736450835,224.77138032516396,246.72840742350957,21.281786763391207,13.235952177854246,-10.357664216900169,14.58484229354604,-1.7686139129973988
image_0271.png,4.965353166632646,5.764333199416679,-6.863255023572044,129.52442348250636,52.9622631528992,244.78452048180665,6.757189298172019,14.473396490020008,13.451338949617721,10.059492224584762
image_0272.png,-19.392853456396995,11.953289032311108,17.59110082863905,233.72611301886087,132.74576681197675,242.10295279458413,9.700952277302315,-5.578481952316462,7.142295794178377,-4.9561731849909165
image_0273.png,11.65550031788596,18.84350074434336,-15.44162533937174,208.3636771632754,248.6415951611531,182.73057176719126,14.774726836666456,6.580802932359447,14.52255270583705,12.693448664626807
image_0274.png,3.1780042651475355,-10.703316302235336,15.013945336130398,157.1019910213587,138.50927598153743,82.40333770299534,8.630385456623664,-17.531915528907565,-14.270330083352786,-3.211101392370523
image_0275.png,11.970775573628806,-11.428728266742144,-6.571305384686795,9.321342720255913,4.484203167534496,153.24630728807986,11.078703833603925,-0.56855867979111,-4.350892784629465,-3.611746903745665
image_0276.png,0.9068605128242524,13.50214123647136,-9.444673496168118,247.84987051371078,204.86677007206174,176.85632963738712,11.186684908516812,3.254828001326029,1.4266520994035012,12.669377523216212
image_0277.png,-18.87423562240061,-5.804790353558108,13.35633764776999,181.6575839686418,150.51049803553283,92.19577245547977,17.629390465433936,-13.197979495478783,-6.2842161198644995,-12.386710309338834
image_0278.png,9.37121989645249,10.256086958499239,16.58438668206142,225.75819380010773,121.26574449671361,200.38376365283114,18.996239967030625,-17.45376754518475,-1.4145067406862033,4.8167235319244455
image_0279.png,15.338427911330548,0.9616656686102516,10.868602255956148,94.5756950911573,250.60958472072733,241.59407486438974,7.254967196662494,-12.660740799388357,16.92095546685937,-0.07225758878272259
image_0280.png,-8.616270125778286,0.17071397103961417,11.080235559581016,59.55570361315043,58.35077148861964,5.884193734015838,6.314162495964963,6.988347360360692,19.766810555572206,-13.40316639404941
image_0281.png,1.220139041540392,2.8941887222827063,16.029742341292135,29.089655444320677,247.01189469916525,36.6810131848909,5.574410008776118,-3.871824342796071,7.89043226820786,8.877483032815974
image_0282.png,-4.553917439149737,12.289844401666222,5.449057010734375,85.66056563354505,19.980381996395746,42.59041926421307,3.463428484103991,-11.68686103343147,11.90904086427015,6.491125522584742
image_0283.png,1.4781220962466932,10.338708435518743,-6.0665403000554186,207.685912579031,26.822376508376735,8.697825757493002,4.7229661979414015,-16.44927383763829,-10.556689637092425,-1.8433639784830156
image_0284.png,-9.389904898144628,5.242344389275946,5.746609168695084,184.24206308701147,157.00212833023252,146.6461248838782,5.883944390110898,-6.597285866700435,-13.499661824317348,-15.704339251538904
image_0285.png,2.726299258776983,-12.318775689727474,19.2616940543438,104.42133782528174,80.08343061913033,43.47084224201248,18.21045411058982,12.245987978626388,10.940747272566345,-12.85027660608205
image_0286.png,-4.069173764265642,-7.346036367846338,-6.846581668396553,48.73631373302955,165.58391283452266,86.0191753572801,10.284794281813618,16.73714982862368,-10.807089481651047,-2.7669968643317375
image_0287.png,-12.805716502142914,12.236680453045444,-15.942173955668837,132.96138601411187,223.77473290970082,174.85650386797244,13.61137903054921,-6.071822689680623,14.805475730825592,1.8466104156954728
image_0288.png,-8.644175930335907,0.664930922446338,-2.170264218166377,113.57022797000761,145.20463006472383,226.78698211407047,10.194294094324885,19.342360367487387,16.859538139589745,11.010788483757622
image_0289.png,4.052095318250299,-19.793641341263925,-14.882365170758138,193.5661740621473,207.96578762333564,69.7036276531762,7.434236414252966,-19.448702912705848,-17.990136680951764,-12.791407057415999
image_0290.png,-3.845086645246379,19.700577765068935,-4.591002093297778,17.95292499883227,117.0071640562699,199.19974934676836,12.196264962404204,-19.139348312981255,16.505702022137733,15.02064695256292
image_0291.png,16.432292845275427,-9.71045691624946,-3.19555366593967,183.07649959459508,44.99709500933498,89.11382096389855,11.863119620092911,5.502732054606838,8.309655513709167,2.2447598701537252
image_0292.png,13.968793087600588,7.834687579628138,16.27594163473995,32.74747251762768,98.5542767399156,245.41993273474137,14.814802738954953,4.9921982712626765,-3.0460787752179996,8.049504879676693
image_0293.png,-10.86493471058425,-17.307812853425688,19.038781481341424,79.59564313422575,75.64158569739543,160.0373487049221,12.54506058797071,9.799236588032091,9.80441339652365,-11.605010825841454
image_0294.png,-11.979381608966705,-9.384176458786811,1.5657610088954783,163.88061225933822,229.67486682767176,32.766664447038664,6.857392825236936,0.8877739769483526,-3.313556105666766,-7.375740787530823
image_0295.png,-12.064787706425083,-7.040572222676062,11.515149386694489,33.86431390649556,20.108648740922575,36.53054954178005,9.671357288531784,-1.3258379190669523,-2.3454955532962387,12.75651576173572
image_0296.png,3.953890189422399,-15.451135277966443,-8.598757877355148,107.79994293214834,194.65765573938194,21.24333766439207,3.169283537902561,-4.085136410654414,19.034850213913316,-0.5912311861163744
image_0297.png,-14.880654083774306,7.174559790827164,15.022673368678504,117.52693179842316,213.34032932560115,114.24603858065501,15.347263387097296,-18.679588476500584,13.938268108214594,6.163505703084748
image_0298.png,15.289945306695984,18.438300605987813,2.2544724789109836,74.03378022244765,22.311166773096183,135.2857640648443,5.212669120969506,-8.627220560986633,-15.073291680112941,-17.822792015678615
image_0299.png,7.9515667908402605,13.493243929871575,10.81760413471164,49.235730471059576,88.62304907827786,145.41055004283007,17.15886403060665,16.770922562263436,-15.178022604605008,2.4864148050897583
image_0300.png,3.211307234894104,0.8313151111986627,18.05568423223776,34.58474174634978,47.64182042919877,147.78796255590296,16.3594631231052,-6.864349874021407,4.567094893139284,2.0359445626201342
image_0301.png,-16.732714909331555,11.024969790621903,-4.616079109498559,73.20189510917717,151.9623049748613,107.68520281563467,16.48742149581173,11.551733608523254,-18.978582119078013,-19.744145122638074
image_0302.png,-8.811764198848774,-17.483311984479887,-13.525985789376612,175.1347952468628,198.4198359211912,151.55711269907357,15.407428646370308,-18.206550916351695,-8.189427956324256,4.731435603649242
image_0303.png,-0.05121144586168214,3.8446231235163744,-4.932262759050561,180.9090691869893,176.6971518262255,98.4084519321127,5.115629955479268,5.7887943656709275,-2.422635482380123,6.786326655915818
image_0304.png,16.448584759459436,6.552452562223678,-14.76820180241862,90.80397382171645,218.81075770638952,12.819682217509193,3.5198863980192243,-10.44776354257654,-10.01790208500903,-16.832339149366607
image_0305.png,-6.106206177422045,-14.2145220742024,-14.288304027345283,2.933662956094936,187.08872745125444,115.11152252985758,11.000324994932082,12.804491912970136,1.1572163662551702,9.519376273964642
image_0306.png,-9.684466221866126,0.5332158950141448,-10.673832641632131,238.07229689062194,214.08935384943314,99.14971666118291,6.660404793846182,3.905262917255115,-3.1402796750960604,15.528617201444149
image_0307.png,3.3915186297750246,5.781551463631498,2.3467934955616023,65.55964211260599,85.48898910612508,165.81689826621783,5.41320015582723,15.026873545179157,5.354164965315334,-10.68814517336067
image_0308.png,0.9777836655671734,-8.833743226049044,-10.507433343581765,84.53103071578701,17.370108287361084,237.77867771277025,4.550332665543243,2.9026025289238824,14.820167168552942,-15.072397902085935
image_0309.png,-1.25175246470927,-3.56537915106977,10.830140386153431,243.7158839746026,37.01794309203863,190.65243626081175,7.748789483488948,19.698023176224943,11.842889273346863,8.525546718331011
image_0310.png,2.433197077627817,13.4428703919191,-17.157213005584776,76.24272033317222,103.73686441312461,246.91233959543914,12.462950384862747,5.021450879821657,-2.877189784727456,2.2163358887469258
image_0311.png,-1.8661803583653906,-15.964067985497067,-11.41352767457333,140.7266280432466,229.7535566642268,129.80504265514188,8.832949723347962,3.262661045659776,-14.035383744099988,11.113751454264545
image_0312.png,-18.301904250077577,-6.594399983410714,-12.195788658306576,12.146643961271577,181.6048109747142,211.03424274521558,15.702568178069502,-0.23418337506888776,13.63050292354071,11.885462316793106
image_0313.png,12.813233386141782,-19.028861761302185,-15.365911761570302,240.50128550620593,75.26358878111702,254.93808485669146,19.15249688741127,3.5907925848819033,-9.354644712303122,19.3294671557096
image_0314.png,4.0834312740052425,13.35902954862469,-10.345123138201755,248.46364764688516,230.97656575060097,140.19411487857283,9.717561236737179,9.838843732892077,4.214751843070385,18.233195923095174
image_0315.png,9.45906727514961,9.314446846638795,9.11202492693931,102.40078291631468,187.45464982463366,239.08012385517742,15.78661587178158,-19.75256990113286,-11.853003322581737,-6.058431198438035
image_0316.png,-2.5092393642826707,-0.40703306687713336,-13.673914381928022,96.91822269832588,90.79393894005908,50.92101367921447,14.389076320396967,4.176931264576147,-6.474346325467186,-3.9893945868214296
image_0317.png,16.23800513600255,7.777942772358635,12.315885069625182,212.31880920962357,70.0661804339527,180.15690949460387,9.821002942734019,15.481523187665886,6.355607846879462,-16.355093676621017
image_0318.png,7.367446981707204,2.042103979071328,-1.9982434276899816,215.5281120762052,43.159731464067704,44.77576219380082,8.868079923229399,15.468009389512282,10.124538834950869,3.15349866569165
image_0319.png,12.994532232534304,2.9193636439536554,-2.530288660293884,3.587560850337495,157.59239593638353,200.4569963047109,9.579411405322805,-6.185476524893193,-19.53898300975741,-10.98579296131521
image_0320.png,6.888294879552671,-16.056498555237397,6.48331020485422,72.22898958613608,150.76681919937027,64.66085566111342,5.928736919224846,17.556170210491956,-2.8628010873392142,5.579842749445476
image_0321.png,4.077131157986024,6.660567109582033,-16.982387217399918,100.55003907176787,163.16920698215546,130.9978284168512,19.723369137318752,17.6605052176589,16.618057727093877,-6.138043261335566
image_0322.png,-8.580609500129173,16.613354471196175,16.403092011239316,208.34499064837215,37.516665866444484,9.55348360655606,18.141970855598657,2.7359320599396852,9.916176219435997,8.393626314571673
image_0323.png,-6.075999219128271,19.121012971493244,8.916940811055415,149.60656565017575,227.8238030899752,134.11833682773812,10.774294906538266,11.001969693604195,-16.535010564571913,-14.751297463720633
image_0324.png,-3.9387075638215627,-10.091592173159016,-0.038147850465023225,166.87371763977,105.42912441135358,191.07263289995302,9.959996514591204,14.50460789790074,11.97009238177726,8.874044211319479
image_0325.png,0.11698969503036949,-2.1894403276125374,-3.1652901129219018,242.1911536682833,29.174807041104042,65.5072673670455,5.124568738162793,7.1381919679033565,-13.630868493891658,2.88464988147366
image_0326.png,0.9372952579087439,-1.0109182198207307,-12.637537243801123,0.08324064139097143,141.33742959307145,234.52349889604622,16.131719521335278,-19.325000589991244,14.858227768038255,19.19103163391349
image_0327.png,-18.417303291833043,-13.400806973020991,-5.693507846016889,12.151840093511911,107.5877065301613,77.2421703752456,15.81087716257001,-19.22450559883471,-10.362904052932805,-4.624607164114497
image_0328.png,10.076516672039311,1.0600402215414384,9.957059129878267,9.29003614904239,222.24771508623286,109.4882855250551,18.922740509999365,-4.66374607390803,7.752130072456378,11.574764101775262
image_0329.png,6.430112583216495,13.39654913953376,-0.6231575537528222,127.43096677473493,249.4033749566954,51.3266484030093,16.69789498511851,6.223714718203087,9.838128459620101,5.683766773564681
image_0330.png,15.752859097685395,18.631061641926856,1.9841106451868065,87.8650437444527,149.05077889144525,9.608938892614121,8.188496887220193,-9.855895667784491,0.18948808030739883,11.980009554799011
image_0331.png,15.085400505878631,13.923582277834889,-17.331927066973552,162.9473806826809,10.346721268378788,83.49028430984112,18.82204902146667,2.236879184127865,-14.44130600742879,5.7958643201913915
image_0332.png,9.623994236995145,-15.147764532637677,-16.12250454015083,107.81071875590439,60.31182233264803,111.0629509797579,18.149735856434248,-7.155355299013744,12.225275972045793,1.7057232105473048
image_0333.png,-18.583073586528048,-7.429834125087211,7.829563373431991,72.23174423302731,22.982581315590778,80.44750115181178,8.408741241864451,-15.480765952750165,5.916852353562746,17.066789826031
image_0334.png,-5.930386165749173,0.9590946242775509,-1.4353554564062243,74.24970106061171,137.79768438930265,86.9952833809129,9.703400386800187,-9.113357869217946,7.865369971253315,-9.430380065088858
image_0335.png,13.636539226860172,-6.438188057437678,6.517256835300913,151.67035412350728,229.52453335601146,236.9623207429156,15.961466562691829,9.241225760545461,-12.935480808337743,15.607454624183902
image_0336.png,1.9529487740713094,-6.065121669137007,4.640806900553663,96.73613083748377,136.77721046411497,186.54524658199128,10.219712539821378,19.963870387915883,-19.948904670234317,0.40813435824246014
image_0337.png,18.017473978991994,-6.294514966669835,-14.69407437641272,15.396482436459399,246.2675475976714,193.89507519326017,11.655107514270945,-16.48766353276685,-19.234610750127672,1.256922337432794
image_0338.png,18.667760031584947,-5.049759378017633,19.09041073060495,116.94956505835835,244.8908845520918,122.85375210339288,11.822473124088601,-6.4178663895098875,-5.13816214526814,-9.771319400328213
image_0339.png,11.219507039186091,8.590455595645665,18.275740159653765,242.0402253341991,163.65666768769177,199.05853005081252,8.71119198337679,7.524070651666975,5.0455436952568355,13.3066389520257
image_0340.png,15.363664340521183,-18.17725563401417,11.673401849650247,59.95684399291488,227.56090736136778,179.2228657022081,19.973553375811147,-13.128900209519951,4.503969532676916,17.122160362086525
image_0341.png,-2.6992081786869413,-5.990661630607397,1.1160547892104375,100.34594853068461,146.29634175913966,207.45935723920988,14.67685927752673,8.117739712411872,19.925834094945863,0.4223647556177639
image_0342.png,15.925351799400914,-12.921643377641905,-19.027289946697913,171.0828359564056,162.83978415528907,33.11407873404119,6.113246789682285,1.7026091931169383,-11.10332028008784,-11.764265530300912
image_0343.png,5.626978255825705,-19.79752348591184,-16.412035146992178,230.5042803898992,145.15622797029,137.55408172060646,12.539091917856771,-11.546736793079564,-11.55573644432951,-19.052790368891124
image_0344.png,16.514531794198724,-13.742293647087894,11.207794057725629,115.52383616088593,100.02157293089914,91.5258454814007,15.481608511239436,12.85274497235747,-14.558970788621032,-13.4246747323709
image_0345.png,5.037990388037169,-17.00252399236107,-13.755315155632761,107.78317791128228,203.03190395877598,74.53866464081449,14.717734819885523,-10.434808487393585,1.773435477468439,2.9310829505575455
image_0346.png,-13.725476731703768,-3.694112231342544,-7.867638054640956,69.0979403968537,182.87633949932862,58.173674225864524,4.3141906924239795,5.137305707285297,13.218972245371212,-19.918037125614696
image_0347.png,0.4531252549602698,-14.321799635175182,-7.120638077984784,127.28815060838312,8.098323984450156,103.7676385290497,9.159165412819405,13.912097940474155,13.695496183154525,-19.01200216339526
image_0348.png,10.73222125039399,-11.762997466857513,-8.742472567465747,222.0449145772014,201.00263800304708,128.5695761655899,5.386023275756225,-3.6789051838253464,16.20286730203175,-8.892579682796583
image_0349.png,-15.785098832047325,-9.777154871036494,-9.92768504785201,156.7205067456591,141.12419727210235,222.6908692016739,16.0030788553875,3.170351469032596,-13.175994523129479,9.206018176329405
image_0350.png,-13.840184912712697,16.546087434198647,1.8610404229974762,222.95267596330677,130.7021340629113,249.21812994386423,9.528680683147773,7.686371625602963,-17.192436579396386,18.30025861154577
image_0351.png,7.693555817380794,-16.88168637807426,5.851001708282595,67.44173155448887,226.39871223453127,137.28082656691865,19.73940038369499,-4.396717711792091,-5.014886405195842,0.3677279143928658
image_0352.png,3.296343274956513,10.109617026743894,19.12183899758351,250.74494703555223,178.68982800243035,3.552272479977796,8.26146715521402,11.578004842142889,9.004504733454759,17.915228007707377
image_0353.png,13.539279992321227,4.3011731285369805,-14.464306854037998,175.71704016349267,160.5341871806229,157.71438917832606,9.995797518385917,-5.6762027624914815,-6.949977117704043,-13.062814726836871
image_0354.png,5.725498138868645,-14.003532459925978,5.8747927598249206,107.20972051092927,79.3725890403386,99.90365353599177,15.50645700330614,-9.88315275356272,16.615706799573566,-19.658176883056676
image_0355.png,11.618891315329535,14.24998111524556,16.761160203851475,187.57172502525637,80.15652234582019,105.35779199633464,14.13891461880111,-14.506093617763693,6.830807418270183,0.0133119354539879
image_0356.png,13.185511115129643,-6.9300854989664415,-0.6037242266773326,4.123996685632274,127.6109460880565,82.28096943287032,14.515420206234726,14.487624401582593,10.366802405026107,1.6193662054152789
image_0357.png,-18.217586932160657,14.501660231327065,-3.2213797618373547,55.18537573060359,109.64750562817252,20.27967773003191,13.837768413524536,10.804969722166184,-18.065543554889274,-18.70123998458411
image_0358.png,8.056235584432663,13.913856849989912,-9.715858912166574,52.065388388226516,195.97352030350004,135.92020868760366,7.974807370556374,-1.6310540825838302,-9.904299492186489,-5.158389753202313
image_0359.png,4.368174388706642,16.661937556356968,-16.676990947798352,60.1849737463345,246.84015826060997,27.83800439910845,11.759988087057284,-2.6390273540202855,15.887489510201483,-19.567488021310602
image_0360.png,17.624692789677262,7.151590765036676,14.228422025758569,156.58801558910196,116.06265696632573,2.1192297030467118,11.392378515658848,6.719104672516323,-4.086848621690603,-2.9901835692466037
image_0361.png,17.777418193100004,5.678601193512197,19.85479838205847,32.43119959123634,89.34173444006396,8.044123947374981,9.774546622806753,-8.865868687720706,14.829464843961894,-4.942283740307239
image_0362.png,-4.682470642509857,9.620316702836881,-16.510112225476416,239.23099250770375,70.8773546935516,141.1321420165721,6.992793970906179,-16.67422953141802,11.601742833994884,-13.679203020145021
image_0363.png,16.49689912312902,10.175413114637148,-14.23636874474747,228.48722426282998,249.0083643734099,183.32523706951153,19.739404633047634,14.821524391271133,-7.0865845617737335,6.305180035938228
image_0364.png,-16.747058271257984,-5.448239947560376,8.18911325458187,5.127296543712795,190.66477771273065,120.61207819006151,12.956478885994837,17.56190928077782,5.408735512667636,4.369071559408468
image_0365.png,-0.7601310438500164,-19.557179333471186,9.258804812040921,153.01534233853454,88.68599301314669,136.60831856693852,19.055160782339463,1.7450621409557812,16.81870170869135,6.6864405615252664
image_0366.png,-19.12570079300806,-8.923718700720524,-13.705503573503716,70.99205370346168,167.67359022627383,149.3715842277417,16.31334354472012,-16.910961267938717,-19.336230809201563,2.5164802001330386
image_0367.png,18.734821870172517,-1.6251594265296951,15.382420633200681,61.24439729026445,106.37769014888212,7.128363908116775,6.595459730287257,-14.627755988649312,10.602991321026881,7.8130267797474
image_0368.png,15.941460664918175,-7.102683077215012,14.850450599836009,134.44319050965655,158.98029960742986,55.24343237217646,4.968328543644693,-12.391147658218774,-19.94605420121841,-17.521368608063334
image_0369.png,-14.297400946988947,11.063461085593943,-10.51451983109116,131.98264123490318,247.30931648675056,23.01582107237893,14.535027667617527,13.736807605922543,18.57876049897473,-7.422134358751396
image_0370.png,15.299801542647778,-5.398806696063092,9.778252373636398,13.033573558820185,18.518454234221068,107.25991228187726,15.13254047851767,3.5366350666004323,-18.348798475555025,-2.0766285818814936
image_0371.png,16.48851827149099,3.196704150689346,13.196706712081472,81.0136506056346,78.74260951135761,172.60674758373932,10.154332043785868,11.68103576496167,-19.809831500163032,-5.11458593309872
image_0372.png,0.28416759046042017,-8.120549875545734,-2.1368003319835296,181.69392491984487,157.82891527412184,163.55180198554933,17.59556235528578,-3.2998104030141597,5.976736481499593,16.256503357226585
image_0373.png,-16.10592974893723,-8.427576107024816,-18.01623888484749,160.04849462937628,126.7680334169938,194.14007749715438,6.427336717377081,-15.593092894806171,-11.876909877613029,-0.9715544029226031
image_0374.png,-7.770704730057565,-14.051699427167708,5.710760917686876,100.0323093114596,137.76787022106552,230.09825598921736,11.74035263922593,1.577602687576828,14.746637288369229,-14.665826467654831
image_0375.png,17.890116010065718,6.912676746769467,18.893137434410903,43.68712006344138,198.1182817266299,107.24755768834245,10.743478000473921,-4.254353137172879,10.574675282462309,17.728563220047434
image_0376.png,1.7298158684135743,-11.15745738230768,4.1670076958424715,213.712104289272,91.15955281036194,203.95480657340764,19.65746841205657,-12.014387565572818,-15.179589242782194,10.647968405425992
image_0377.png,-3.596087530624988,17.67562767965685,1.3679759466842114,89.18324664356247,63.22411173897667,187.9356047296869,10.789575767708392,18.139216470063232,-6.5709433626469185,11.759762899786693
image_0378.png,-1.5310634536648493,-2.0071055684747847,-11.798165220173495,184.85350142858184,71.46729973598715,87.1311916708073,17.48292295655327,6.287640260132854,-14.753414105316907,-2.560758579643469
image_0379.png,-4.140054657151207,15.819264270935967,0.8884117437083106,29.7318051895147,205.3815546907022,222.93783223667316,13.983563679878465,-8.664051746652706,-14.934606137632759,-13.994843013377727
image_0380.png,-14.34283987370424,5.1516321142202095,4.226616313009423,244.5830307785189,218.61619175791617,38.754171039178495,18.305664349093373,19.79344178543422,3.3686984892295904,5.4597696851319135
image_0381.png,5.22695063157126,14.513851014550156,-4.638770159980856,205.2159763608522,240.98176213639945,26.730151993491024,7.366725047628803,0.4369565290457018,-15.502775714558044,1.787003224881186
image_0382.png,-18.758154624836017,7.852901499785112,-3.4562223342916027,206.7437586089404,111.16435551750547,53.65772321528035,9.249887222368969,2.5860559893439685,14.382905984451419,-14.100536353008227
image_0383.png,-10.210859682296531,-4.304659752062815,-17.91994687720788,107.47388818593936,41.5668196563767,170.25009121890363,6.93781380020939,-16.37682979263502,19.88829780370714,-3.834801100674966
image_0384.png,5.759053453538655,8.080797472998093,-8.01633643437874,227.90639306929273,252.64620649548726,154.45839289140844,17.438025555176985,14.326123632092624,12.060687827251812,10.654250157144048
image_0385.png,14.80177221382219,-6.876896402424965,10.435498626920243,103.54982153818978,252.06783115179792,136.9372270432162,3.4604270925889327,16.128342241922354,0.4663387104165828,5.831372319547906
image_0386.png,-5.491907595732965,5.943834359804946,13.622158849354953,207.5516940179402,218.04718874994288,176.3773861454832,4.984042936806221,-13.659830710419696,2.471582440807655,-2.0733982400206976
image_0387.png,-1.4943147242545471,13.568108053603112,12.945832500699233,225.52834926404122,184.46218050283568,162.91992663427425,3.882010169322338,-4.883869683222034,-15.329002802039927,-19.924568998234466
image_0388.png,-4.147710692657785,-5.276681623514126,16.492518572124688,79.15091754790447,21.07290472018931,187.5017960919469,17.85016492731019,-3.4137488312995004,17.732108818241542,-4.735510389435845
image_0389.png,3.782313336350178,-3.173762174703107,16.98607357360183,50.32356934317833,76.99812889614647,119.6621248816316,7.378833037035601,9.65479412790765,-7.17414386619415,-16.819398222630326
image_0390.png,-14.742352092758777,-7.664555797354824,3.3958063340089666,92.33306247468073,29.362757957132267,99.03499347151829,13.248597773151404,-1.5227220159986388,-10.876904557402867,4.019300177656394
image_0391.png,17.99184600458672,-12.615277271100759,8.632485450603149,197.14854058049448,110.12269460718032,89.1416313307686,10.159330938479716,-5.024260167469659,-17.17643618663393,-17.872402066399772
image_0392.png,11.785536219206175,-19.177737252986553,2.6829713260019226,198.67396265744372,86.10873636132351,162.03495148361804,13.237354046495893,3.1853014866657077,17.04108097365021,1.1575792831479887
image_0393.png,-6.079266695332027,10.677129284746307,-10.329171041257501,82.21624890302523,191.79171955995184,95.2216817906316,11.041497997297771,12.031472520230835,-5.798431782056337,16.931645295329794
image_0394.png,15.643954431967465,-16.40600429199982,9.291033316974485,111.35316274152441,73.87332459515451,189.17326305098925,10.954779818678041,18.518077156410826,-10.784376216212124,17.475678491030926
image_0395.png,-5.960687330958763,-6.11500362790791,-1.1468972123591357,0.6114658310299725,70.84308542614774,188.29629310670816,17.168094245664875,4.04806221255782,-7.382201608524831,12.898411859517196
image_0396.png,7.619651127795262,15.645007765573531,-7.2362233601004355,99.69762295696476,53.34689775898098,49.98308918549253,17.86910382405197,4.515954417468812,18.212913466400984,-10.871292255652483
image_0397.png,1.3789285576331949,4.804610303266568,8.543638617896367,86.50325526418068,14.766953493907028,205.51964349708433,7.098168354202974,-15.475011112443578,13.623288743424162,3.160321232276697
image_0398.png,2.0178781881764927,7.488892124878678,7.696952490482616,165.72349667811488,100.61070123878058,118.79168051639331,7.863410703038025,-5.7854858685457025,14.416691994316466,2.3550232762418375
image_0399.png,-14.02857181959105,3.651921352520546,0.2269373083388757,231.1529419393525,229.70273203368845,36.347087844262695,17.036966684867515,-4.533951663060556,-0.4486764073819245,18.495007525705674
image_0400.png,3.568565753338028,-11.575725913853816,6.591315559956698,1.06443392388898,249.15794922179813,222.83295917042537,9.375409592784191,-5.53192810690669,-12.461720254949725,-2.8068967671589675
image_0401.png,5.743989976809253,3.5324896141679645,4.786751130619606,117.29180930721309,50.51920366189479,76.14083955035132,3.7654197520104735,1.5093147165912413,-11.801410460784592,-6.265996510463472
image_0402.png,2.0407228799333588,0.2762928915924867,3.9300965258588505,40.75337984895433,167.734387305992,154.7437154603811,14.516593352024998,10.274986493236202,19.30716311589655,13.497152498706193
image_0403.png,-18.964990400584163,11.714725667438426,11.0859326153873,130.77338105789465,72.75475316474217,181.30925567974285,19.112884570943507,10.149679226297046,-8.339126566897118,11.347674335124196
image_0404.png,0.9588751406081784,-12.305477454336256,13.114733674254857,156.19223664831662,13.135067713436003,235.96378669672805,17.689707907484454,19.333721238068208,-6.7226833067398,13.323742853289225
image_0405.png,8.606771361698947,-11.026835357831084,-7.702708617427692,5.801251214529283,123.00293921441053,86.63469175769205,19.409706779885017,8.895114962083362,9.609828299544251,9.222399196958996
image_0406.png,-7.656537265719706,3.16161392092706,-3.3968318262469985,127.55613008355083,214.68114906963385,45.49225542882054,19.46256132923919,1.9917862561606405,0.6822164863037443,8.467038226466745
image_0407.png,-19.588265674417652,15.959747995536453,3.3541220631993482,114.9335434839851,69.21399939407785,110.85531934749103,5.706159702998795,1.0436180477205639,-18.160492158686985,14.402738880184636
image_0408.png,-13.20800492541714,-4.9240849663666175,-2.837914827778839,239.7631931795965,136.084905145383,144.80612843801984,15.815906787300937,-8.728053166408225,17.44493854597482,-14.00101161513643
image_0409.png,-12.476751896441991,12.534988361529635,-18.835686693131688,95.94246515352766,133.54567164589346,114.08646520161949,13.283988657187162,19.15392556523669,-12.258649783940964,-8.315929960180197
image_0410.png,12.15838423796665,14.18239071585073,10.848836083992843,201.4782053793842,138.20167205915757,89.93912262865989,18.993120788041217,15.740819731185255,5.216450983454365,15.592525415236523
image_0411.png,16.60715962243158,19.65454671842111,13.407880296215247,98.45575312189607,23.247574237342366,228.9595996670266,7.596726926517276,6.97265081517822,-0.5678638074403253,-0.9978473017717882
image_0412.png,7.83293284626459,-17.71919560140228,-15.92302220680795,33.496549429052564,36.10965488681978,211.1380513116725,6.508031160935358,-4.1505011201065365,17.770406680535892,-0.4526584749328997
image_0413.png,-17.208738240458143,14.430096785590464,-9.18309130699187,217.40515337741274,225.260661008216,239.5730159193293,18.334148218175784,5.069609313314093,-0.6956264231814515,14.659660369066067
image_0414.png,-15.461243565250413,-6.374783382850282,-15.823835652929588,126.64036088167148,190.7164189106109,37.38646660458984,14.03794197150003,15.062323503961316,4.5050919068986985,-14.190434396240793
image_0415.png,-1.7228242398762958,-18.51766360728833,18.474025271581212,243.7490044562589,185.21449963548926,178.38809688904863,8.386847486327202,-4.785237361658904,-5.134813478139977,12.939322350697367
image_0416.png,4.562584488367158,18.107271592115673,3.8689135746734458,98.84968736938627,44.20106281621988,193.62221641693384,16.976978225521144,2.650671337413147,-6.959471482095601,-6.131681405314978
image_0417.png,5.562338385173863,-15.200989923140217,-18.915739527431406,103.0224527565864,63.21076867273031,158.17191069858674,10.996824710233836,1.5550913217526414,3.792268636657962,-14.530401553770043
image_0418.png,11.713618646628639,-9.488144009052139,-5.230782344998396,67.23037425106735,74.99621496195799,232.26134790123743,16.410156891575458,11.475011669407081,5.724633445494369,16.217309460422854
image_0419.png,4.303839083732775,17.99134921711066,-6.02259088606937,121.45240508436196,34.98066503967732,128.28153101675346,6.555784629346499,-12.63402087909467,-15.451288794876067,-17.228369515434316
image_0420.png,13.202442222524738,11.345584148389968,0.7516133124506794,76.8399717170439,66.51314600742162,25.32028199292485,3.044352390545204,-19.512471441491023,2.351886861346575,9.900500991121739
image_0421.png,13.400673982102504,-2.5658106669510836,-3.346441434594972,99.52026054825072,34.474814778508616,147.88339282670364,19.20055910786449,12.160224087091514,15.030370643146796,9.538896690922627
image_0422.png,-17.28371651600133,-4.215089375843739,-11.545787066831522,20.361305224864317,246.8401612854794,37.103554763605054,19.04348313153449,1.5387240281987928,17.08515834091913,18.049118783471627
image_0423.png,0.08226812346448398,14.393374612695865,10.832232742744203,209.65966938088906,67.47083498030567,80.74256143381417,6.74087245433058,13.251645924786573,19.41877603844963,12.007925154278098
image_0424.png,-19.702916882063505,16.622871250036944,13.084045250504929,115.96217857787954,33.015148739456016,130.46329372713407,12.750755440319788,-7.188346117031275,17.322612914462205,3.4271302930185357
image_0425.png,18.295035026821587,-5.616256789356079,-18.178467922950297,161.3968436765697,21.54497234817987,30.80656829639176,13.74717489474556,0.3739305543127145,19.101966335838306,6.4240471323059225
image_0426.png,4.370996392461002,12.19543040498936,-18.020930252793264,99.73497375044904,69.30225779667842,141.50792251165188,3.6155550699371886,-8.554526403922086,-12.508979504402049,-16.536562870164975
image_0427.png,-19.87827769798224,-6.659160021428644,1.48484733870891,67.71856034199169,226.7472091325498,207.20441228183088,11.890169656791585,3.7284800672492615,-12.862499130004107,-13.608993003876787
image_0428.png,18.376499525071523,9.889219944285387,8.58144589839885,22.28194142888829,167.32063293175906,64.0494333026029,17.571230185419452,-2.5761651957171807,11.706324642808795,2.767892506403772
image_0429.png,8.935995726399142,-1.1980103813235061,-8.433447290760562,119.51472004847362,35.95847667331088,70.5344797108879,4.010509001698115,-12.64995413481035,-9.237773294503748,19.933547475273812
image_0430.png,-12.426157468768068,-5.146993349134075,-8.481311053672833,6.483036687100591,178.57769196063836,74.23704444824047,4.392484621355296,10.513043405122012,10.05933066722281,1.4589954711593798
image_0431.png,-2.8564754847781515,-13.290587983989433,-7.515944673811434,66.79945019191302,91.04394960774755,74.82620454415422,18.07561038861467,7.551385595842323,6.667797468163897,-3.053253696798997
image_0432.png,-18.836158900840946,-8.0906953699406,-6.3816517010078755,102.34226244982406,229.52150501270438,129.30890706130342,4.491759105832882,-19.896156289717332,-0.8825044196521219,-1.2913951751959445
image_0433.png,-9.008325944227975,1.2821158407043676,19.37148158690548,203.4398150588163,76.09576527894798,13.385328974183775,9.841423855009197,-18.72663699616951,-14.804024142695166,-15.483644502494727
image_0434.png,6.162864575033716,-9.08302464050836,16.919252343103793,6.4389965006278285,121.25622164413721,148.27850103676525,5.809076839063464,18.580056767128994,-12.70565439632103,-3.0489507721047637
image_0435.png,-16.66029772488837,-7.234745675860786,14.117424481479759,253.2591825388612,187.49982793815624,81.99963012572626,10.083549567481707,11.302605675375435,-0.12678527464440847,-14.151898851519285
image_0436.png,5.3629673780095,5.819168647968517,-19.965001226278005,1.0463223176104548,130.05130144106732,139.1428805485828,18.739220572309385,-17.363792901562555,16.075987377003237,-14.523279789778272
image_0437.png,2.3874335658394052,-17.719395550663307,-14.044432101620137,14.928887935703408,122.29701710245466,205.8523808983143,4.762641396551311,1.3143552543591532,4.437024360797487,-0.9804926995433689
image_0438.png,-4.602250810483337,-5.685421305777121,14.351000807735431,139.8486933268213,98.67050220847104,165.47488559956244,17.147058838813713,5.283125403176907,-9.041416603634866,-17.799785114228747
image_0439.png,13.9023586074183,-8.25155908387507,2.393103777725152,144.70404106460222,130.41618268777708,254.7953529214603,7.671853426265421,-1.6318625938465523,17.96250875766613,-9.274457019015472
image_0440.png,-4.238793003714214,17.97415024571987,-13.020094554239542,190.82168775128903,132.09806245004393,241.58633459706405,14.347188357384418,-1.6912896797538757,-8.697292840822946,-10.421234383219362
image_0441.png,2.5069505020235354,-11.53762601520179,-13.903071431684552,243.63251877511092,225.43330339152948,134.0302889564222,19.780726399003115,6.781638205350731,-1.341847911578359,10.642035933734903
image_0442.png,-14.96959827327033,-10.60811936234166,-0.4005196833356628,18.504523954894097,214.0553932845529,72.3099444272462,11.018469572901273,-19.45342189945119,-14.883561028922063,-9.475039996346704
image_0443.png,-15.234636097286742,-16.620037714251037,-18.482988593920062,20.891054518989588,120.71329921564387,79.85395804267941,18.414333173694835,12.285911565493365,-5.495588284720334,-0.5506265049475303
image_0444.png,-17.322916862330658,4.1871648734813505,-13.746329963500447,156.1840497231336,70.91814824723171,22.189069327823233,13.632519895135605,16.227030697546297,-12.732466545281014,13.77852095633176
image_0445.png,16.72405329912352,10.223765046424006,17.244294077009698,18.11172765549485,67.60771685521674,227.54214756171586,19.99181326018312,-7.309378317195044,-5.153602797117909,-2.9739337419359586
image_0446.png,-13.155887084471733,12.393039293885053,14.612004118985624,148.48917029558308,245.73167887437637,32.31400127971412,4.2994780885711545,-1.3135295340372757,5.85504335816632,-17.03977543271869
image_0447.png,6.480681264513155,-2.2388820620002576,-17.056972167005693,218.52858874480816,206.98625733091214,53.212522552789665,4.943710021649029,1.1412771150093732,-13.467340081437964,-2.75109464042297
image_0448.png,14.221613843150244,7.33435488147709,14.112709157911112,242.8644967223348,223.06166510424117,223.81005669610957,15.137435451984906,16.788205950320048,-1.6166991370335317,-16.465320360686576
image_0449.png,7.190277768143854,11.256327614127578,-0.03706445888612109,194.3631368259503,248.17147121553555,78.51555991735651,7.4238206929321535,6.489030054315016,-17.44676029466975,-5.597105417006087
image_0450.png,-19.76232483145235,8.784197678797042,17.256437695281086,133.94214367951068,193.18103747106392,68.65596916627574,15.712496703695262,18.546865185230544,6.541641134315853,-6.932282409044257
image_0451.png,18.577488378509976,14.839638859282935,15.55834964906851,101.10018384911663,109.01674993336208,63.12625356802865,6.404774286650747,-0.49657799863922847,9.149115816198417,-15.364772950707643
image_0452.png,16.59569548125284,1.9742650243240476,7.021858356524216,103.04029038346636,30.192148040058882,210.708201833972,15.326109478908549,-17.890085034334216,19.725874823157362,-2.3000464177922133
image_0453.png,-11.682797678697954,14.343850373898285,-3.5069679694008435,224.67071603478993,136.9690001265197,160.9935013868118,14.163588582028698,-9.439390498602611,-15.102961686079208,-7.496442809474505
image_0454.png,-15.218975838260679,-13.274079562411082,6.7568713140037815,243.55204654118222,145.40618949318656,103.07935398456871,8.126610736877037,-19.942317321940962,-12.884458755604884,12.041029859996115
image_0455.png,17.648497853163725,9.130364281482816,4.556172442585336,250.57890680932408,66.16105916649221,43.241359651877865,8.056424892374697,-16.38713873446793,-8.384734016896589,-18.23332894350169
image_0456.png,19.77911294998423,7.688548405848078,-12.790877478015936,136.35190638650144,94.89943638977644,206.963539440679,14.237298282530636,-2.4636067779080406,16.91084620153552,9.587468628148553
image_0457.png,-9.29044310518325,8.887791906595574,0.06206903398149777,14.48319321045023,185.14643212919242,202.4201413864942,11.20054674779731,5.190047360681188,-7.836023416078568,19.152991043143324
image_0458.png,10.130812214353956,17.441367484631463,-12.512604908139156,106.19610490497925,55.35478188162894,195.6434958728189,13.312820055113184,-1.1608261282762626,-18.6416719322563,-1.1430281334717307
image_0459.png,-11.963324296992823,5.693641866257234,-10.56415591868118,2.5805206784733077,107.13499036228535,170.49649506465065,12.844933422538908,18.35407661196647,-11.21882763426961,5.825211740354177
image_0460.png,17.433031589622985,-4.712515048361325,-0.8193899788529535,96.72270089260277,184.2319181293796,10.685014441695495,3.3197620687398435,12.648542582434274,19.360557244606326,11.094883724050547
image_0461.png,3.7987801718149257,19.839841875572716,19.203305343677826,132.95716159512028,125.70205084314242,60.22841715181956,16.488819342893525,-3.722658602924284,4.051529208780433,-6.812752985218733
image_0462.png,-4.668510440676275,-1.8956217199596672,-2.5614636107646547,39.205357825214946,252.68760681161038,20.301755170752887,3.812828532800677,5.633847804609662,-14.543693184853431,-9.1727571577618
image_0463.png,9.21537386891049,14.687249005046297,3.358420921944301,95.59919179043446,136.4141326316009,126.09820532836386,10.607412312563643,16.875464143373307,16.905142368774477,-19.268912107294508
image_0464.png,-18.570049195119296,-4.427819750744586,-6.598051028680736,115.57391521731019,57.79419848034941,22.82368523948042,12.773276182082885,-17.910457278205115,17.58330734692978,9.080799933230622
image_0465.png,-18.728274520377365,-8.473960684206423,-14.44496704387699,25.849923515715062,71.07230157621477,151.58618239530946,11.614391525439258,13.251011580163052,-7.033097632041194,-3.4705133299552173
image_0466.png,-10.852192812522308,4.904321768746989,-12.480452392997385,68.7317400872216,130.29294724355597,127.4887972014056,16.953673997786115,2.7159061601722136,-13.861211140633332,-3.9523324162859126
image_0467.png,4.56234867424287,1.3920304700254746,-15.4345511461174,240.08187487974052,83.70009790371824,62.50725297839477,16.104361632868834,-4.952360520949135,-4.855727314819553,9.929054107902488
image_0468.png,3.084330139967623,3.919914274611031,19.16752363136412,35.1948872597077,161.0814053026296,190.46629741417976,13.357098616834385,4.2777418702835135,-13.241059746180838,4.173635717052896
image_0469.png,16.898856195821665,-6.182980208399101,15.531579880904545,194.7337767693332,88.63283165353586,167.38839782580584,17.523110564891315,1.672191462006861,15.306045112823554,1.1580943054827166
image_0470.png,-7.175631818760815,12.26928643447615,-14.292120675161115,253.33917427292337,122.56504622088256,3.6362649765520727,12.962683530879165,-10.403588148993776,17.455068219858568,-14.78443427251586
image_0471.png,-5.193090184250133,-14.134593424639128,-16.36639662487073,199.3503536839434,171.7785368242829,22.45716626960569,8.916206268599904,-6.956925284550607,-18.617706059013713,1.275931080483197
image_0472.png,-19.76787982946157,-16.160331426137084,7.167955078725701,229.5767942598912,236.00675672655603,145.04924709336382,13.674342635694577,-16.885682672535065,6.753810362702481,7.51428891479598
image_0473.png,12.89343694522394,-12.777998504401022,-17.944967799050254,157.37942270645223,5.5048603611295945,120.74121667147308,6.154696653465926,-1.3208889063466778,-5.935357678617645,10.700646508257329
image_0474.png,9.953271535370554,-18.409065983073695,-5.092011103671208,236.22471683458815,105.20697862179061,38.30829537195355,9.233407075508705,-11.54723886202714,0.9940509403044118,18.12178412096341
image_0475.png,-1.7156149109374432,-3.9191443916454425,-17.443159468942948,5.981430107119728,144.27834271099576,2.037567955704626,4.495287356342949,-11.366854960218387,-1.4974846455006912,-5.141216235208788
image_0476.png,11.046968558899604,-19.17102029158655,-3.5311458077648403,160.42689479279986,225.7352967122516,225.9974785833583,18.86557946108337,11.467683710741994,-14.915965271602904,3.6427413102302033
image_0477.png,-15.79899800832087,17.57062374198189,-9.972487858111446,17.261071641836118,169.71160472257293,98.6566979172532,3.1975698015167873,-1.6572329452540657,6.6987200451095,-3.25434909303749
image_0478.png,-15.673508602829367,-15.47475683394088,18.437327183989197,79.46669512678704,211.43457076654315,99.4141561770325,17.114661648586203,-16.430917419438313,0.11459901315337007,11.725357235038242
image_0479.png,-15.617847545478366,11.07287547101484,17.267527454734264,92.27631044009716,126.78214924734807,200.31300414504133,11.640217782696876,-10.466884064262278,9.104600432810773,-10.075040654967896
image_0480.png,3.1350342706055514,19.916579611328054,3.705465608029815,51.71500614196417,198.18341336582583,148.0567725771255,5.712066664862515,-2.1579176071554187,-2.944325288737602,2.7876564875795786
image_0481.png,7.2439720302668,12.495588646806596,12.7062476726353,181.37479492513742,121.79814341088002,191.08266428985326,7.467246285727358,9.129138256629261,14.004413511802198,-9.882201966734643
image_0482.png,8.576392461959514,-2.0760240375156584,14.61166918640508,178.58751064639935,40.47734654965004,1.0206722321408268,4.028423041574951,3.4662203873500914,-4.753083283527477,-2.5325124218676045
image_0483.png,19.69148828986431,13.349155667713731,-3.1228919976927436,114.91855913709571,75.52075490082723,104.69182836211448,9.83826315989377,-13.477477274511331,9.467249039349532,16.344546532897112
image_0484.png,10.05681175665071,16.584772216183637,-18.950290718566055,95.87116129882642,222.45982022325353,236.92573702237326,18.98308198491177,-17.858188376857957,15.571861140618154,-13.392505407403878
image_0485.png,-10.482354851440885,13.359620409416507,3.178949751548849,239.84990799059986,141.04610276818596,68.15633789397401,7.427586490895733,-13.865156724666768,-7.799415375027344,8.884558700212892
image_0486.png,-6.967743199534361,-17.33359086499577,-4.235483079783462,162.65263873944514,253.1154531726946,55.03861613763334,6.5578456760253125,5.375011462387217,13.883488072033018,12.853711215925586
image_0487.png,19.120299383496693,-16.177322152896167,-18.108294597332815,144.78664818587953,155.25817971261756,150.9315292288307,19.602996588411365,-13.605644730847404,-13.91158494538482,-1.0876478563680863
image_0488.png,6.787129074503714,-3.956508833981079,-13.899518704436291,151.94109937933555,211.9258900478905,122.93693763959502,17.366467627397448,15.895412485829695,6.393988185910402,-5.829763246311032
image_0489.png,-15.37285449258421,-12.17532406111896,-6.7312473054564705,240.441840585078,10.521772703577136,217.61479000383343,7.9089569733089125,-11.489784938478454,-18.375632272167955,-6.037438670971046
image_0490.png,-10.706224089023063,2.0527575073471915,10.789425613981223,114.86095055840973,49.55081097479177,213.73405965369665,18.17822925315604,16.38201651119021,-18.801915084383822,-1.270238225173511
image_0491.png,2.7011214851678176,-3.4534848476551048,11.16101739672083,155.51725504091468,16.72395782224198,67.56370228644589,12.675266799631267,8.028329850119917,6.960459826831315,12.658897848576878
image_0492.png,-16.195237628600516,-10.844259828055996,-0.10097254582966997,112.793995238839,167.78614098653404,153.93123978693748,14.772033881651335,6.3970057261268245,14.983969671447525,-1.848547546484859
image_0493.png,-14.877085624699902,7.131525912752693,-14.198227648813425,207.0700356718892,189.3454028417655,105.55538118217828,12.089335783929645,11.783835524499683,19.76101933992455,17.05421679419227
image_0494.png,11.175872388343144,-3.836206693376994,17.764906316456063,65.62435134065703,136.85866605399227,180.3006498333184,16.594582615638313,-2.893536781434541,-10.940935476555143,-12.048376860307393
image_0495.png,5.401391442113827,-10.41593566669011,-14.934202326094805,19.64647974335825,39.61036186829535,153.03731890280014,19.17706802593045,15.88434323083274,-16.236263999672037,-18.842085581181507
image_0496.png,7.471001716070042,-0.7989231243803658,7.605701488687782,194.02090095379452,102.3535169963989,31.725952609301082,18.863270501205157,-5.401706960514957,19.304899323680687,13.305390755429002
image_0497.png,-2.949891301081191,-18.22189140475361,4.602651474038314,132.66210647565066,124.94521705543396,115.91320154308202,16.626257438505988,5.65632171037986,-3.6425406692595814,-11.018212224780694
image_0498.png,19.15984838139923,2.645752323247411,-16.960719970950944,74.83366209032847,22.973606780832554,21.94818807470923,9.62650963493829,-12.093958553973412,14.46901183166004,-5.51194450657678
image_0499.png,7.393050878493675,8.106978186604756,12.333180243257054,9.751562469723666,220.31672667982036,3.734780129864647,4.985600685874462,-5.63032477736324,16.279067064074447,-10.257224650750366
image_0500.png,11.348333962239025,-13.023069710898936,0.9496648751866914,82.45310384972856,178.22955263111552,223.68370312165337,14.095766141061905,1.9385494637906966,8.987547592907596,4.715182452013806
image_0501.png,10.765404565169447,9.469292291320798,-0.6286748690918067,180.0486016936406,15.697792771954717,132.34719659749143,18.904931307432435,-18.682565215688136,-0.09834117463613268,10.462678148926884
image_0502.png,6.834865677624656,5.650675221825651,-4.196089634661968,186.12400510181533,172.28946766599202,151.30652717890914,18.936473032807243,-19.05004115462084,14.456891732602791,3.657252315266504
image_0503.png,-8.626940827301173,17.15773900407448,-0.3473272022684206,230.6476457317975,193.03784978103766,213.3319986082777,14.60440659598703,-12.255717297195062,-18.65968080496929,-9.918093315273122
image_0504.png,-2.1860405061993724,13.823609120710628,-15.39984731785147,41.50442659140076,76.57064789478274,146.18337951278207,16.687677831157707,16.966471745676202,-11.072937734803325,-14.326582585675895
image_0505.png,11.777256645949944,-3.9026129651090358,12.003608270315375,179.81789642709705,106.43851921769168,252.43165923220087,17.183980151464958,9.001595826700168,-12.813674065288287,-10.751546311036266
image_0506.png,-10.17135151386249,-19.46459695289166,-8.377680925829708,38.68192934362226,154.1248368005334,193.3594202168066,6.232941222828521,2.3862182951467616,11.353019023756978,-7.026899898006587
image_0507.png,14.446246831822805,5.348690113662329,1.0833497637861242,103.9912453033405,120.25414061707346,133.44040773319009,15.6674927998316,-16.936197070740732,15.285606608193525,-5.4560447814580115
image_0508.png,-7.359520400466453,-15.508252289099907,-19.638341205877214,73.22555370747786,89.12896564822556,237.56753725620536,8.90730507726393,8.257738173031672,-1.4028463206573996,1.0239050528773816
image_0509.png,14.029379013896111,12.015113675048816,-15.21719675873233,201.16809488747606,146.75966953257577,42.29798519021307,16.726686591095113,-7.438796767836573,-19.7945343818272,-17.565459222898745
image_0510.png,3.3965150267186672,2.844999578797438,9.399751922038675,122.65890131141913,195.8766177032347,163.0817265782065,11.432266712692186,0.5933724343680069,-8.410519912617742,-3.279790778738999
image_0511.png,13.621419355854584,9.004978830726177,-13.281072800793083,180.0232555741026,52.02902958717933,245.96296074891282,6.069230742465217,7.688861147427573,-0.3042086486044404,7.872866978658067
image_0512.png,19.16327871847072,15.651450603540411,7.587533004692702,92.8120478960271,229.25922923479567,33.13448030113165,15.614022408957245,-0.415564452857474,19.963445927792087,-4.7695481908113315
image_0513.png,16.821050051185765,4.83526869778445,9.125009530955008,104.41108238680518,165.15319544987685,131.426522895329,7.426481690748887,1.779776958561584,-18.885982439061678,-1.936498914357287
image_0514.png,-13.51777098268958,4.592198213090462,-16.660779142441278,78.78499380504954,181.3423356943168,144.4390643960183,16.833954482594535,-0.7106949962517639,14.315797752353973,15.699949067086301
image_0515.png,6.132011602540295,-5.680612287541052,16.307447473825846,180.1521111221219,8.796920856426981,160.24726583745903,16.589609441942677,-0.25466505494984304,6.074365727196476,16.881671339214165
image_0516.png,3.9152479752786533,-14.566217312727755,7.718590470858686,137.45951893435523,115.35591544532409,175.2071457560603,16.55279543336141,6.829203511125449,14.469299446051906,-0.4033048795816008
image_0517.png,10.96278290633499,-8.823175700030962,-2.003300762022956,88.06392482583303,229.82437576246255,75.54220786094017,10.21619355671395,-3.358982405316759,19.787585996697892,15.843509640365227
image_0518.png,12.72766390348388,17.479376839954234,12.071881040086645,53.80823875805343,235.71451466873017,221.54979089777785,8.341035499761718,-2.7034626783112756,0.8761516548827757,19.442850257668873
image_0519.png,18.44989640626372,-2.0014061087572834,8.613027829510564,178.66518299028192,126.34046625392271,186.6655799192277,16.60979618551962,-15.075281313015939,2.110922084996325,-14.148276570893824
image_0520.png,16.334624979085703,6.11315153927945,15.474438133717555,14.686374921257421,121.00718229141049,141.23493845631472,15.830955565625219,-17.02128631073926,17.996744288887015,-6.839644680461596
image_0521.png,11.037415969684083,5.426117321053475,11.524351538927611,111.8837388922069,217.99035682539585,226.61086726767027,15.994114315744348,-10.206780483710363,11.08667550343361,15.57923890703686
image_0522.png,7.180225276927583,10.978596020671834,-10.0819294156557,230.6119574170784,254.27718795341139,221.3583082746232,6.098007226790564,3.463597024084354,0.12876066747546489,-15.753512487705716
image_0523.png,8.738671882368205,0.3480005404256943,19.177087939232266,191.0085903224418,87.1974449535316,151.77623335712096,3.1292665332484972,-16.294525432511694,5.46040321580287,-1.5734071447409725
image_0524.png,19.551399102064877,11.068918960155969,-19.519687931048026,147.82532147183932,42.081662266933755,147.74779349096423,15.171576131158874,-18.007685410003106,-5.473715896126144,19.21825906282254
image_0525.png,-17.111215458223477,18.625001913592875,-12.123479110905082,42.46892856466946,60.5389866482485,62.51272541408348,13.824825261601502,-18.913904104597542,13.327694912480837,15.12179274160637
image_0526.png,11.741779954010102,-15.67484994371885,11.114503817595356,80.09849593416683,245.5531551879031,12.889105040357766,14.909837901727634,-11.34798808698736,15.161987057107545,4.624580570118795
image_0527.png,13.778097464754978,-16.067249571059882,5.247720325747835,161.88950074587063,145.8403856304246,244.9735072652579,12.319923211561013,-9.609150831643571,10.66610696384961,12.30438615518863
image_0528.png,19.488925124283995,18.460264464743602,-10.047164627933856,205.1804146962712,85.67114983721882,23.474625867612257,16.276522145332716,-15.306599098668364,6.9780404295859455,-16.86385920141487
image_0529.png,-9.457059679938208,9.345587684013623,7.8930167839792595,245.5804980467545,247.43576254777244,131.4263431059605,11.755545314802692,-12.739704591604486,-0.7453421575734573,7.66169025638203
image_0530.png,-3.6978602245305083,-4.559464631108966,-9.601499093729537,28.55443346242553,98.56250227327693,98.92264925921904,11.335411982155424,1.1516931570692321,-0.797939487841056,10.993282128388305
image_0531.png,17.072516644146063,11.488578719158244,18.27032036421494,168.64616429645622,191.8467338598834,114.73937739726415,6.125745796906154,15.049939479319264,-14.213448053253334,-7.046051396147611
image_0532.png,-3.8983726995895083,-3.8998700160882436,-0.5894708209274135,117.5763588659237,166.77191874259728,28.61465642430687,12.101656605799702,0.8985230250516594,18.723921823347588,9.9700341719476
image_0533.png,-2.4803310612899843,-17.42832593848255,1.6786111197066553,183.73608267862087,183.70959716274245,187.39920854398844,7.200264820407352,-17.19035868498515,9.338956630349308,8.741754182382952
image_0534.png,16.27487386701634,-3.9932166561133755,-1.675339930697291,160.04281493699784,236.1057590041315,207.3688570175072,12.94159739594299,-2.1645601755068853,1.6592839479268164,12.290157212093746
image_0535.png,-5.9864411547086895,-17.05080186352749,14.363879716342502,169.90762075229568,171.26154085264304,243.8794608146958,11.478042931742287,-1.6110161885959648,-4.576401525243941,14.952771302029937
image_0536.png,-0.3860592000069083,5.611651617284153,-15.969589721353783,48.15402525736284,143.92624938052643,152.1095614254731,4.097454248396214,9.985454738658248,10.256255058287742,5.874390535594408
image_0537.png,17.488502743954513,-10.72515786493424,15.793643869697895,202.44125004403992,79.20268215327157,124.46749269716926,18.360879327605453,-5.931969856046781,-0.13320495194025028,-16.21232140675573
image_0538.png,1.9477672544013238,-14.989333255676897,15.867330768652401,54.85462334116348,214.93115717197745,68.71744623254881,16.787524442286475,-4.912455153231004,-6.229862024200692,6.205207468369956
image_0539.png,11.886753973496251,6.953668923757181,3.81736785910163,173.14776725032772,113.27410075707542,103.14033246005566,4.056978140081699,8.890291404594208,4.3052485980514135,9.023173737920047
image_0540.png,-17.086067416326994,-12.919482471307685,12.920741277501257,0.5647386778902397,106.62747868947571,99.75133752627163,7.51890851070067,-1.7585057119063734,12.733228620828598,12.25371904192162
image_0541.png,-1.0215697264295613,3.2186293438222435,-4.224916923964145,244.72499239029528,32.759525382731326,47.8194933875628,9.999837714052749,13.695177537839129,-5.370558692350201,8.514977229303696
image_0542.png,-9.91784406948641,-0.8110817826766059,-9.834180013230721,136.70548099826615,101.24316415899824,17.55581939680695,16.801734782330897,12.690607768130889,10.077434538101745,-6.028969338634695
image_0543.png,9.771020680600735,13.572995829838995,-3.357031083452327,182.6720497534705,48.92302326288585,84.9744406424252,19.21272558618066,-12.369731121609666,-19.157754671225746,16.957051551240525
image_0544.png,-10.216510041136413,14.078112515448304,12.553192983002937,34.32443840209034,232.68293174992303,100.31812396017114,6.374095543641719,1.1513716814089925,-11.422125084047977,-5.437385639104363
image_0545.png,4.89912902832884,-9.876298554220458,14.712416502432006,111.41915425841167,162.89270907513142,110.62998776753612,19.699262090848205,-4.406413290921316,-9.037148646722478,18.13949687522323
image_0546.png,7.852973764616486,-4.297298074404443,-19.402121249516256,76.25212934175804,184.23035411119946,94.06009169254237,19.365853745618047,4.85245685329626,-9.31572453958189,18.06927815807625
image_0547.png,0.46903534676695813,6.130798935217577,12.343733816190337,38.217237608992335,142.69559945896592,163.01470700152126,3.173746647299077,-4.281369054358342,-0.6780504539985053,-0.6736210245794041
image_0548.png,13.244667358961443,17.48314203181608,-7.415609653041525,221.2516833901589,123.0315149979294,105.13285885592923,12.27303805099999,-4.28758560473398,-10.70370905446806,10.422600100660535
image_0549.png,-3.040467625438545,-19.56627878881129,-4.624978528940513,167.96368693135537,202.71115042845744,215.89224775935563,12.286898420603496,-5.401385753886231,-12.16903120180993,-13.478933378699063
image_0550.png,-17.907737676084267,18.92722572383738,-18.277449918197824,100.72870103128162,190.04983791359788,249.78743970709564,19.145040554770322,-5.4510841610731084,1.9379337241952932,8.152097228123921
image_0551.png,-19.40258246505342,0.9167779647394134,18.24011146298463,169.15532154792612,154.74367900025,154.9409593154339,6.623110232601672,-13.22105657573224,-12.86940492388938,8.088640806555091
image_0552.png,5.268632093265133,-17.535686562745468,-18.706406028180133,36.73283512530603,111.39663949597504,106.9303933580224,8.3079368480731,-13.416102584890947,-14.788286788092307,5.440605561364023
image_0553.png,-4.120727102848569,16.781131361782727,0.5645928378685667,100.57404570633273,153.84023812615933,230.9239044581167,17.132412593180824,-0.6558743124430144,-16.13276154997811,10.839963020794055
image_0554.png,7.818003560781609,-13.326744197289258,-6.629395497426005,130.29824181148572,247.62328042532394,242.264654660911,8.352163357313103,1.4881678886182144,-4.157409013354574,2.0728966246339233
image_0555.png,9.105842600564344,15.12083694505968,19.638363141588258,7.61804894490625,28.672858847728946,60.72774947338558,6.895714847930432,14.578687895923053,8.615031401026464,2.5229570564248185
image_0556.png,-17.15962529557606,-17.501286233262014,12.20273371710261,160.97362156978537,21.18427796518825,50.948920361444024,15.453854583234394,8.351509910750025,5.7043872481190405,2.2017543997164033
image_0557.png,1.2746450229092616,3.5592816550473216,11.16497409145492,106.82409112043027,21.51187399301693,2.554455317994393,14.038856361092494,1.2366940630884038,-12.964634327140075,-14.216581033593592
image_0558.png,15.504956663366336,-12.529363788779882,1.4716829245510255,2.2453523919894662,144.20660398280648,164.60634636752687,6.822817516602009,13.30344427361333,-8.207424053955531,-6.177648448189487
image_0559.png,3.1172851306306484,-12.220677042862707,-9.605221625098764,48.059296189086645,148.60632502868702,147.96422257029806,3.0159069182085334,18.828070584209357,-4.887603292742675,-5.722058391994306
image_0560.png,-14.905957732440939,-9.93397165888628,15.909093403280309,48.46809415718411,222.0611442345589,151.251784235406,18.016433137734985,-0.042688714061359434,19.67157187505122,-15.814297451125267
image_0561.png,-15.746273283496311,-1.2693777447775965,-15.366583256202343,131.22509027405326,141.0741181547203,149.49164667861285,12.90932149037296,-0.0200246174569898,-4.478370206538251,19.22737099344326
image_0562.png,5.008971435540211,13.984349812351113,-13.213771110637818,51.15192093122893,187.24132910509712,238.7408901545919,3.4330069231757214,-14.381184194060438,-8.9324228173228,5.431450826887314
image_0563.png,1.9731754690068612,15.396032560728031,2.082113288677551,122.14367477802361,200.4395190695703,224.2666868386781,6.076286073407023,-17.178284022710102,13.494002344694607,2.0091331700013804
image_0564.png,-5.749213062678834,16.609670243548834,-9.510027717677172,163.2813640368279,131.3587187672139,84.31164333712897,6.153770906807534,-13.931360420775679,13.648629259318461,10.345339374251928
image_0565.png,1.7120432011020625,-8.247705346883162,-18.55286543144286,130.37738843523567,177.35736827201384,88.35305355460271,4.598989077195091,-2.118721043100283,-11.806586215290302,14.511599034739092
image_0566.png,16.56477918571545,-1.0717075316122404,7.5251399549947315,250.89222847387754,100.43538449755471,14.02059703499332,7.959902206963136,19.93304419424409,-15.317635473091379,2.294467273492259
image_0567.png,-1.7871275970423817,-1.9173854272941355,12.119356284669472,152.75765279235182,2.6466348085664015,192.1428486906192,9.228386111705312,12.349525923774053,16.10697192828495,3.1592235961175454
image_0568.png,-15.154776423652322,-0.18907488826108576,7.109591486839591,236.84729149921793,35.535761430169984,199.68649910818752,9.690676622738824,14.386070528989535,7.427354287654076,-13.805957351803473
image_0569.png,8.277296665098358,14.722466770155862,-12.227576798203458,128.57840365191728,76.80498574299142,204.06025210947402,7.175711583332779,7.730929180904514,18.60951435925046,-2.5519238323508873
image_0570.png,3.124213487691904,-4.017157154964227,-14.251138946143747,26.425742079912162,151.66906730141562,154.65915189492537,4.487809539562816,7.919841219807196,2.492902739689633,16.118559044178866
image_0571.png,16.24603757179768,17.186445082121672,-10.57957069400437,78.73135436640817,118.83310057285934,70.49839184296806,8.593981197201545,-0.3297055860804434,-4.6155200907783644,3.2474385156107672
image_0572.png,13.168852364454182,15.578385932799868,-0.7900035329483011,128.1292425591274,88.45327301378333,154.63013715968134,8.12453584160183,17.013398965903043,-17.99219644764797,14.413451622621764
image_0573.png,-6.740875280298294,9.284846287404388,-2.938700896674085,144.56629398561103,174.32976926305417,85.08110236797756,14.089716182700169,-3.5757459245946848,16.154064395333307,-17.978222327891885
image_0574.png,5.976268732578976,3.279786530314169,-9.17409938300343,13.45141954155345,88.51356737762141,53.09663643297611,13.902864434020072,5.1224322580107895,-16.93073515585175,10.964321016929865
image_0575.png,3.8157687472469526,-7.72839912477156,16.33293018713158,126.84376898568146,165.80148782460142,112.45384296527264,3.935934893714408,16.90027268488499,-14.945361570311979,5.578070499918958
image_0576.png,-15.167776685164998,16.673488683956975,11.846367336104485,107.92008745270046,77.6042826735165,132.44198085140653,13.200940091079907,19.49539024844676,11.38050926383805,-1.5722039617188983
image_0577.png,-19.63016293699266,0.47325672415043485,-19.599926292102772,233.08391561213946,89.81181558041861,254.14255633985746,13.011096343294474,2.2922602596979793,14.456437407080898,-14.832219291810947
image_0578.png,-6.127503872579654,-12.03046138582097,14.38239864059532,136.96636500911586,200.08183335461828,151.79671039137182,4.363149186061863,11.82280281010354,-6.666202467998939,-18.603106021310833
image_0579.png,15.397899120373232,2.34006619597465,-13.46840238262387,13.712738140207179,19.989827309938256,203.95953028510198,17.597033927615875,11.675617207100515,-7.436183289701752,-18.360443586402873
image_0580.png,-7.789998700094118,11.044921342791255,0.1041418597802064,82.11871458122567,64.36400267646647,112.77962038460203,18.40438000576558,-2.5410179232716033,-6.257657587557851,-12.001907927585126
image_0581.png,0.7523009504263278,-10.159704048676197,4.615721633914561,177.0318265549981,193.8322417921049,78.98634243348546,6.7162707911223585,-6.516062799193616,-19.807060268537313,10.508440843681129
image_0582.png,1.1248261376699773,1.6993823525558405,-7.248476891045597,95.19361264049967,188.52565589233672,246.43810723017455,17.956158441303852,-11.656491082295526,16.263201908196727,-19.35984657843558
image_0583.png,-13.347206567657546,-8.88318637300928,13.1352118453255,169.1686898314384,95.97435813848774,183.92002377167267,10.912446297049318,-9.75839364786566,-4.180634933987118,9.360232519752888
image_0584.png,-10.98236136828418,13.077146608906979,12.760901391157262,61.364750842560724,177.85274309892233,85.17103661787625,5.452874112226466,3.2760082725897774,0.30262357279132956,-16.966980003604423
image_0585.png,1.2090716621057496,-6.5798416197127985,16.16734494140087,71.05476608334787,145.7662497372878,243.22304003822626,12.661357195997285,13.587040497257846,-2.4197548963992404,-4.9128977611423394
image_0586.png,15.566611706807116,-4.631917820189777,-9.84598960025307,74.26970691100202,46.90923211376864,187.90745970713505,17.35787838850687,-6.95927450756168,-3.163686013129322,15.854568614273091
image_0587.png,9.605035122856222,-15.26924069286971,-13.792942161468321,102.65444743101534,196.24556898797698,52.46088753241119,13.267911023841904,-14.070273826159031,19.457767662940498,5.126371147074703
image_0588.png,9.605452494332699,14.234015352507555,2.467259602732611,88.34127293596511,194.11223603194136,80.67131905441002,7.418037073576782,19.503615508132363,17.09204083470307,-10.110274077848436
image_0589.png,17.83844262932402,1.002473734238194,9.040250620196382,11.901559223579822,135.9125813349509,134.96032439315587,6.346952358804517,16.77040983601293,-8.18846572146963,0.7099524907140093
image_0590.png,13.342936937665101,-6.33993709129134,7.434875721303808,210.10323264690518,148.71044782074634,11.271805332834655,5.8649268381907085,5.5787258770894255,2.4510692329111023,8.116893602993716
image_0591.png,3.450476624934513,14.572943365767145,3.54242965874111,159.5507068862265,211.53212124924448,26.644134252248023,5.232069046481578,8.600130428453376,6.737092188319529,1.1063476369181018
image_0592.png,-3.2128889385103037,-0.8924708125087975,6.315692817104903,190.35206918416725,149.4253581073926,37.47135773776503,15.660105858163396,1.21949519469835,-2.2685284303657163,-4.629355570861975
image_0593.png,8.448205000346952,-15.861288250404954,6.704460838935109,153.92888513208953,110.91300222007631,29.283592429149216,19.08582326842267,2.9991561698214433,-5.654349697162267,-3.5157700893196377
image_0594.png,7.044142559976578,18.831208994737764,-16.854117370673073,130.12830618821937,227.39892640455042,110.6380200960105,13.846389532193701,-18.1428848347677,3.757452977997392,10.907628366480104
image_0595.png,-12.460421650990403,3.8779992255841336,-13.33214103849306,210.07466397199698,89.2082875661015,217.11980595818022,11.807067744994665,-6.926622597591386,-13.602199465921853,-9.944020867558102
image_0596.png,18.824929150941372,10.669003028936253,11.563338633316889,196.1483360988018,110.35923781534103,101.55096705141942,7.5150466435387795,8.904134006695898,12.428992538631313,7.933078305119594
image_0597.png,16.86524922466141,-16.769458229669432,1.515166310241355,30.126729591577572,172.55764806569826,216.7676236394824,7.964162185960136,15.607566522232226,-8.554698319687212,11.442761521007299
image_0598.png,-0.5053746160561765,-10.683843079954421,-12.433670845477964,158.63565875269305,224.7861341459351,199.9967202081967,14.469393494889824,5.912703479828384,19.60566279883735,18.34700916452492
image_0599.png,-6.9928424186723745,-2.9790038121829525,-19.587217477834578,249.15081896484122,214.20879735008853,219.19907937196248,10.099259633540484,-1.0109458352874725,5.424875377474873,-13.430048894564838
image_0600.png,-3.3462368664532605,-2.4951098273356322,18.09713064860577,120.38712437807249,60.209475571785,235.69567940432333,19.842010447512475,-6.876849728765638,-16.984632152396813,16.919062557740958
image_0601.png,-12.857795148510585,-17.414072391704384,-4.586771879341395,245.56797381169002,20.572624600334837,1.5565456874497452,8.995453040484634,-8.040067485985674,15.149373376120025,-6.49187624293222
image_0602.png,-13.191188319932383,15.911701442508303,2.7551949303538983,254.58631413265218,212.01199398837952,35.370212366493355,7.30010130282095,-12.990169484671155,6.75856802921491,-17.54753012962282
image_0603.png,12.974588784343453,17.448230069481326,-7.156035162668655,131.99036858252583,192.40821537432944,160.93014173558473,8.388593830943703,12.126042067554707,10.990658727180524,17.638464215062534
image_0604.png,13.314884860104478,15.308555850161824,-0.2234029203406287,209.01137490211946,192.59011686301508,131.22377417087515,4.3047913176923815,8.014989296955271,17.038259635723634,-9.55947122717797
image_0605.png,-14.369115869794932,-7.172185206534838,9.83690109764914,131.39639500726733,156.600945512161,243.38091779593316,6.564689608853779,8.525916024600107,15.965624860770774,-1.6902034409951519
image_0606.png,6.474343164948067,1.0111165190137896,-17.50270291167673,124.28093374710907,118.3199784367879,51.15053988524438,4.905554178386575,9.945144174908211,9.254365750196808,12.137540547211508
image_0607.png,-1.7750976594279813,-1.4657113466617133,0.1400043769784034,216.02484672182743,44.862810351012435,8.440642785460977,11.914647682991244,-9.921355688611072,14.949609193488328,19.07268759370946
image_0608.png,-10.165627595886093,-19.773614986891744,3.1769910346986023,91.22489169297157,29.126620672799493,128.16994259795163,11.800904572067836,-14.498844940082943,-8.06492258662387,13.359468361610524
image_0609.png,18.690166723985236,14.173365107914208,-0.8484201221987178,82.9708807598022,68.00709531682602,36.845500879223266,15.944311480946855,-7.3591196779652535,19.89872456105875,-3.4086339907948293
image_0610.png,10.036601494259688,-13.745369070947643,13.750797331981396,230.60519667774176,206.1708552385202,191.8395080941621,10.078062653704597,-11.09169489068658,16.37216617706016,-19.0834275576367
image_0611.png,-0.8196373130210866,19.71972602043187,-18.33962644307528,41.376084991189956,4.9975513519594505,27.58305977351451,6.950471557727939,-7.741513823394111,9.860830171372932,15.415939645671571
image_0612.png,-18.523274867971566,-17.232543398863967,13.936050363727837,66.28348194022068,8.759006769115091,57.09760723374696,7.397778219763267,-1.3352529179209327,-14.55110634233658,-3.5469743447450917
image_0613.png,5.789609512371101,-17.774744404397566,-14.517670084549534,35.34799326757497,125.691757674708,137.78744265401807,9.701255522907989,-3.666957893213482,3.532900607959398,8.182825039231446
image_0614.png,-6.329069998690056,-3.303043902007829,-19.98352295542543,192.9228772839325,252.62560973088665,181.29243806016532,13.72499062267835,-18.377359315057728,1.796282016907682,13.565204588030177
image_0615.png,-17.569821319918546,-13.082895066520642,-10.063386687505819,205.7927916832793,207.42984977294296,228.30631678254,15.123036975178854,-16.90183123248271,-1.8187779236434274,-3.2782440305780653
image_0616.png,-7.52018808923939,-19.837920836284006,2.3663816887046565,105.1518640728925,93.47693373256837,143.92104915309693,19.278909361242004,-12.388066513594996,-12.794449168180137,-19.723506214505065
image_0617.png,-3.7848898431813005,-1.706424480289364,16.422429420088918,29.11537736180674,54.949733619087255,179.58339272633174,7.751831587809943,5.496460897321207,-6.469875310596013,-9.802815727116553
image_0618.png,-10.099279794542056,14.490503449173652,-9.70415628071879,81.88713299564567,201.8167974970766,217.37586896421476,8.294483077997274,7.2998722029914305,6.96168351612307,9.09748382239103
image_0619.png,-9.535936620246538,-7.8736623893693825,7.484752133163074,39.984986053873826,131.63789264287917,1.8588291340848617,9.490795775444106,17.23824028577127,1.7703033660492586,-18.077983174957115
image_0620.png,-16.75025859815602,15.347960824917607,7.171704964366064,226.04821070581772,190.185202717494,47.314431217433615,12.998120374886124,-8.53480406650512,-6.334985146275422,2.596314223924523
image_0621.png,-13.702681801095085,17.00671015365228,0.07010703578458433,25.978289400044147,81.83348618558458,131.66472622450857,19.259977921626447,-1.9197259505443434,-0.2068091662149456,-4.875789784178268
image_0622.png,7.262640352831319,17.767808932204318,8.546594426031973,112.46922585514871,186.92844697488485,192.28036190763748,10.557643309229524,-11.63825714784056,-11.140677010292439,-5.123966880119406
image_0623.png,-6.201702367903469,12.266240690814989,3.957392983689971,240.82501307517583,149.20614383601122,8.677514699022193,17.544882667768572,-19.34816220413103,0.20434809994360847,17.62405263594183
image_0624.png,-19.123199623980433,-8.183219216224566,-12.69864722591269,74.20377882190598,15.219855330197666,13.063736904644038,10.557126982199438,-19.949836281556607,-13.59892463036116,9.608071406232
image_0625.png,-13.291549247475274,6.201305147242682,1.914844303335709,80.86761280672434,35.29914318433646,211.5189500625177,13.939807835859838,-3.1136617671623803,-5.3907700962708915,-16.99017035564673
image_0626.png,13.799349226039539,-19.289458503532614,14.758773345307077,198.7642893093839,122.19069464853996,36.68074012549298,14.242758407746749,-19.71403363578123,11.688882246527903,9.884620977291448
image_0627.png,-18.71236636384975,18.038816091670796,7.371612356371177,237.43558818621702,230.86209923656608,203.38217528493882,4.967984652349746,12.407016603572572,9.748509406886726,19.69742461920798
image_0628.png,-18.31239131159949,-3.8138057704440875,4.358025379713673,212.62751154281565,35.756013844738746,80.90904425039987,14.317511717393918,-19.05979231644035,-12.406043303241493,-4.9707430956284995
image_0629.png,9.976555460026852,6.6126902878412395,-2.8697412713398123,42.59523690237923,209.80781663882516,139.1595840347998,9.974618949625162,3.4466897011417075,2.483810661878472,19.893674559748895
image_0630.png,14.741004553503394,-4.550407102969265,-19.19844569864321,7.9125010815177585,160.3697358080836,220.226069127128,3.70884855264685,4.259335094231812,12.671060986896805,-18.680150401040923
image_0631.png,-12.525792873163844,2.4706576842362793,-14.377670491728885,148.52196220402217,148.89829390862795,187.265136138736,13.222858418925787,-14.143492311781035,13.366367095853619,-1.8592265435852973
image_0632.png,0.3673763331907409,16.28925600059204,-5.120214110833041,64.66647948120834,195.2321527865086,132.4566368953161,9.923811664552574,-0.32477220650813265,6.60506944919732,0.24438243794141812
image_0633.png,-11.220883419194818,15.105700302297194,-12.83837108950384,94.90892355621233,179.70690621252754,250.5076934697913,6.165363970510432,-3.381407158750033,14.627749106771326,16.954012275071463
image_0634.png,15.039071795164418,19.401071844726772,-1.1921310983004005,22.061514180060346,144.15095355151936,207.0759336818348,19.64747989771337,-5.802419987772808,-11.124685316071986,3.3629113805710062
image_0635.png,11.899020138660774,12.999435767763813,-8.128855049265034,85.00367374120462,238.2559737908762,71.80695855062741,13.593422660090946,8.836616986283296,16.458820394074323,-3.925589923937892
image_0636.png,6.6158732972677186,-5.632197354096746,-8.518020488991812,144.67376577794994,209.25492147249258,251.42633271477632,15.585393079276121,-17.616318244419595,-12.229118075865241,-3.5996095404064157
image_0637.png,13.809369129490378,11.217148429631834,-7.006935220869611,110.75479637627694,189.7861023805029,31.13108002231689,10.234401184104033,19.503852998281573,-3.634510320830721,4.879197768611078
image_0638.png,0.2708893729264119,13.732245594140785,-3.108521243170106,33.001441863172836,6.276987237550431,28.042720042552638,6.678897995821734,-7.936657160351409,-13.108509186809556,-18.16027721695559
image_0639.png,-7.2911637220111345,-8.823997657469445,-14.28726818036463,202.79585878864455,66.3540020226939,24.610824925024875,16.967931343970594,-11.040049890687612,-11.216866843237607,16.594429932325113
image_0640.png,9.720339594352545,-6.87127184001648,-7.348832446192407,48.31431895352985,42.95966724147084,163.68700978506521,16.824321535834954,-17.20464575900996,-1.6926416849062278,7.566243867341285
image_0641.png,7.4894397556002374,0.12069546170480194,7.472454352432617,13.326574360726896,41.28349732069441,201.06161312126267,6.150582238592464,10.363693599710672,1.421188602025893,-15.406372076725528
image_0642.png,3.6240705420967743,10.142676516908757,-0.36855542144758857,67.45079567591917,126.99485725459726,237.52963598702945,14.063858030868321,-8.015085745711005,6.886538517246585,-3.3045697465254236
image_0643.png,-19.94362789968944,-2.905953827163682,-9.25986806219357,244.56136190398328,78.52433719313127,113.78946808525042,5.600770102933913,-13.973251563985336,12.069227787654683,5.768291333736659
image_0644.png,-2.5260330044747477,5.4905219183765155,-2.0858817225755004,218.07378900369628,54.72969284880141,57.32975863373668,9.733251608862723,-14.629917294322334,19.642453860395406,18.165007698573675
image_0645.png,16.601646156835706,9.663817598701911,9.953612039855166,87.60489746650981,208.44802813593068,68.63890131247204,8.181876738781863,-1.690021032844843,-15.593741886041217,17.035348022441525
image_0646.png,13.251557217809435,-3.0430762851533046,6.047948400996933,37.15445600506727,241.96004295247832,39.02713225887951,18.046667163874524,-19.268220781505132,10.758966151131958,7.333582474354152
image_0647.png,8.206252875899395,4.3028677802755695,19.818456307074158,133.12620672816357,140.61439757115036,170.7135911839853,12.745471589737758,-10.324454427384314,11.729376156509442,10.175661295754566
image_0648.png,-0.8288267020657543,0.8637262086808306,19.05886143391671,95.45830166738853,96.93572150352821,26.25157223943247,4.622913890955605,-11.472562245559374,-15.247926147278452,-0.6293348746346972
image_0649.png,-16.99099282890531,-0.6106440529071868,16.219919368593764,175.0547602281896,56.07400014243393,208.99252339470786,6.523222419705954,8.443387594644914,-5.645274304140511,-15.771628475215586
image_0650.png,-6.202169524902587,-14.557049175427856,19.09655726981476,15.26179264240731,186.93753642748996,154.5703390214272,7.4515949070972,3.0033125478307063,19.43520328808983,12.535558618389608
image_0651.png,-15.180748248885712,-6.33768896152632,-3.499149177746304,63.36145377037932,175.74476641824074,199.94696040176675,7.952655601182373,19.823933313270885,8.036168534544363,10.357963240215405
image_0652.png,14.290763629571053,8.560912861488873,8.06747591260092,17.538114182382945,227.28617606104555,70.39986936095995,14.247056666942038,11.943951219002159,7.519751053956515,-16.18863339431378
image_0653.png,9.697520782004474,-18.04006761831979,-6.601715562206492,161.94345642128738,0.573062321684813,133.29650038211588,14.003334759096107,17.064971765391476,4.728306785251416,12.224277753602905
image_0654.png,-19.217332107232505,0.2613239111814849,-7.877292546677751,172.5748541167527,24.866287439333167,227.2253348705462,11.858739349234131,0.9112881002497666,17.005802430395242,14.964108579541893
image_0655.png,17.277364913229974,6.873442959814042,1.217605701995545,16.10400393943303,240.3998044767888,204.79873181841882,16.22941902393317,-7.821839287000433,8.484051865806617,12.130483707662776
image_0656.png,-18.41060250994626,-5.080111206741474,-8.339584807084233,144.337371554483,25.43708015751785,68.75932542969723,8.660118225268363,15.642427831147494,-14.89433940968885,-6.357396076417089
image_0657.png,10.985355860263645,2.887940238344303,14.297550819624199,141.7204100881205,128.90289891908063,237.02203615138544,6.917875403632049,1.861243104712301,2.732389305436847,0.11885772828179242
image_0658.png,-14.220107558130465,15.759060946390811,-2.8728574499992057,87.77499043147705,117.38453419041629,21.599018223243906,12.870682305828,19.50075765733085,6.34790804578207,2.304105869768847
image_0659.png,3.168991359916081,2.0181252428122463,11.58196476879008,239.05327371633018,233.34845389554985,140.6134292152781,5.025351836144694,-18.21086667769947,1.5572902535362623,-0.885908183912484
image_0660.png,19.084169260740317,16.74343110224393,5.835314548024311,193.46208567500275,77.1110077817345,231.0477009303651,12.614768202782786,-11.904738215835792,4.7038389206402975,-4.559988087663944
image_0661.png,-9.337045409435131,14.340035537257513,-18.80097264302208,22.917900000873825,239.1256746135484,214.44125501908513,7.59314628086641,3.1039290784578952,-5.435461958851185,-18.215203053173965
image_0662.png,-11.014086900926582,-8.114500113939753,7.8041057930885245,201.67024978280085,238.7419258622408,131.68743714207704,19.368538130725188,3.3549831594513826,8.252877936472125,7.339912411329625
image_0663.png,9.490941476380602,-0.42584009003163814,-12.910460117273669,241.0222740237924,193.61720935611322,243.24388312530778,11.994023307527689,-11.24890089904563,-12.414385165300539,-5.008928436974326
image_0664.png,1.8393259468281506,15.347646203660481,14.486483833300262,60.79295347045012,233.6972777702801,201.44903282652902,13.760063949810156,10.896334611804598,3.8758988051367425,-4.651057199171685
image_0665.png,16.459357090925657,8.750673098586986,-0.48923573532237086,251.14684195541278,223.72877993568616,181.53818395504348,13.373823542338872,-4.258797896666774,12.30248847417166,-1.1116690185766274
image_0666.png,7.993858361997702,18.016284604303124,-18.822515638584786,20.812922304103083,177.56143603146893,39.86502925605067,5.443690824023296,-6.638181233219203,8.782595548888402,-2.4740914538119654
image_0667.png,0.37606670112462837,10.333264619489611,-19.219460556733043,10.502525962552852,140.85835360026843,107.00375413054559,13.415696510137405,12.848197675286023,-11.254626998563793,-15.076116868835076
image_0668.png,5.803259930055866,7.80617882132411,13.487194777521772,89.47433434193843,34.25595394922461,242.4813089518158,16.596233632968406,-8.254184024238796,7.454015300770486,4.656349188381988
image_0669.png,-10.814806236342047,1.8958877461414048,10.125802084661842,17.834558919297855,120.79489384812277,59.91267943168988,11.84709298738386,-12.804652274634334,-16.24483278232219,9.036733968937778
image_0670.png,8.446819875081523,-14.788441624494357,-3.8245994977182605,28.448044666443437,15.851403720331312,120.51515508864864,8.410460687197038,1.2117663885187113,17.819158500208466,8.516860621122326
image_0671.png,15.798952949764193,1.6838865661447855,-5.90662167011331,253.28368481048287,180.27379054142634,251.5788793131046,19.246024868647517,17.477895022534,19.964836171553706,6.344383665811073
image_0672.png,9.58250951476731,16.771888676781714,17.132382795523256,111.38200576983417,209.4026755272726,140.77209672856912,15.557443728322232,14.264871848551408,13.11797459368745,-12.786921538616252
image_0673.png,-11.092495009072563,-1.1741623369984993,-14.969053111421404,34.481957383581474,75.6620515862718,246.38895487151098,5.760532668652951,-1.5529703939358086,-4.865599296302957,7.959020770145543
image_0674.png,-6.158601095994726,3.5483817850871304,-13.236480328113123,231.21789400244754,163.0018497846333,25.14715954827167,11.509980817638334,3.4276988251013805,11.181728784564712,19.176287627180145
image_0675.png,-0.2784227304669251,8.96512594473592,17.19489050652936,64.23475991214629,131.29094520062716,81.14624368529155,14.697116851365895,15.618990673460964,-0.774768905788342,-2.8326352740946668
image_0676.png,-1.402805831281718,2.9816445821787063,-10.297119795311303,186.28906827517562,55.625749557572505,89.69417823000943,5.377474853512313,-7.444779122830788,-4.710920042551265,12.535518880766226
image_0677.png,3.057573257989361,-2.0232207224434617,-11.110404965100717,87.43213505323581,125.34733310504122,206.25173561572527,12.197729672883153,-16.830681517751792,-11.686860217108475,1.4322920239376593
image_0678.png,0.5471411900828436,-13.979936629348654,14.400114252185318,238.19782750525678,53.559736999880066,141.2956080541417,10.343508287304376,19.423531561764612,-12.542154392878974,17.082250843630547
image_0679.png,-2.469210378822062,16.539719108720796,9.115358910939051,219.6270935320257,136.44568292178388,213.7244177455037,16.574380046546196,6.372328569853959,-15.156493082234306,5.499817741047849
image_0680.png,16.059654246949492,11.987149173887495,15.723628794074934,81.8730825137364,124.19020786849754,46.37367176262417,15.42405728514715,-12.90039326421958,16.31101458358448,16.593207863949317
image_0681.png,-5.969214704298835,-4.038373824641507,14.317592225441885,76.54157882941068,212.28637465186145,20.18201168034362,7.227861459618074,-5.059734182022396,14.266223155430211,15.854459770357337
image_0682.png,8.951560398605999,-9.963614904761485,-3.062674613044617,45.136494926612095,85.7266944070972,250.65954877414185,17.551636559678514,18.501327487355624,12.58243102601439,-17.40774701537303
image_0683.png,18.396731629476804,13.65189705253374,12.671881970407,175.63388002253922,219.7711567895701,148.200562647401,7.679439485652303,9.924095575936455,12.169425199181042,-13.510490948309538
image_0684.png,8.643305110278,14.33190061163036,0.714269608045079,66.35734038956343,251.75109456913307,107.98933683531854,17.123085802107923,-7.680953842689506,-19.32838844759911,-9.640959595502077
image_0685.png,11.227214620209867,-13.79901075225174,-3.1359991016117945,98.21459382760521,233.7630846163497,128.85867450384802,10.380874398532828,9.738822367154274,-13.257224685810929,9.254116101873336
image_0686.png,10.98698707697707,6.0001237675314485,0.14001073850548806,38.08748919172302,77.13204401546511,80.52757627640348,15.969280497926912,-1.9564236430094155,13.670509502190782,13.590787278894169
image_0687.png,3.0648076777940645,8.1162510505199,-10.246326021729338,135.0882881835493,59.752722769597575,64.09879495994711,6.8031800758839545,-12.713366642216304,6.124945209336893,-19.52101629476737
image_0688.png,-19.527336936752604,-3.0063591771838887,13.681085753348967,103.5300583384263,9.26312395335191,4.903224493508774,9.862329243940884,0.42580011101727067,7.330415822758706,18.60417663946359
image_0689.png,3.1145359851097822,-9.56642975207826,7.237217446284902,229.8565029899084,99.20337912757702,63.40718398373406,16.037921002954974,17.705993092585217,10.200062648268148,-13.689182357342634
image_0690.png,9.189279087196432,8.009863334918123,0.41618024576380463,158.0866096170212,56.23792502347569,96.58464549663816,9.77916402133604,-10.131539483586254,14.558152237602755,7.88056958287418
image_0691.png,-0.9774581189981291,16.410055703994118,-12.19589810669727,194.97135064815166,172.93488960024112,30.04044743557496,7.987545839924597,4.965347151281662,-12.426000818152648,-9.652485255473447
image_0692.png,18.712427308535055,-15.461973752899482,11.201032228868666,191.0571400767114,250.26777790113172,179.16399834660606,17.78827494301175,-8.926963839457436,-3.9314576170070694,-10.437849611282498
image_0693.png,-12.032911662704668,-0.5808895596592798,19.170341243228606,243.5876299627108,194.88780629204118,190.0207448366549,17.106198963574066,5.755963140963452,14.27693126493071,13.66184592717947
image_0694.png,-8.981113450295254,13.550771447176714,4.199931901603279,21.33193794542775,86.25919443134133,68.0976809171132,14.856902141738988,5.589263143961254,7.319875879121078,7.142553822154305
image_0695.png,4.9612853070776985,4.26830088372235,-18.14511542671863,125.30835633412701,202.0418317144131,234.26898631939963,6.40166213661378,-0.31704127140924854,-9.636801907754847,2.0252257048646882
image_0696.png,-14.79929342596713,-13.516718808609314,-3.7358080246404626,190.427939945759,185.16965868121179,124.49324922991177,12.90988769483009,-17.30429548145864,14.011463788554558,-3.5564721682369047
image_0697.png,-4.960275996414904,16.090120839073933,-13.82228435858783,202.40332417545562,221.11303511905493,152.03773335764484,3.3760060463527064,-7.66852807644284,19.280102709552047,9.945895605193936
image_0698.png,8.62000009890087,13.220723141982099,6.499826013521499,134.90953408265898,246.97938132453734,245.76470677010172,3.4346207504478934,-17.522147334443247,10.352375727996282,-16.860990524508836
image_0699.png,9.755600620745177,-4.46752612446749,5.022861117226604,45.42174968796499,173.3691834138208,200.51207305003635,5.601091856189379,-15.549755864032813,-9.170467369426834,-4.990751258544854
image_0700.png,-1.7193919898214425,-7.8709245927985005,12.247669381838776,156.31547581998012,100.78042454747772,42.4577351356396,7.500329767761487,-3.1676589574999596,-1.0194040752351619,15.199735387311677
image_0701.png,-16.391383720389637,-9.342172761477574,3.918522344260257,17.719494755240603,190.53374322570906,38.797080134708814,17.014065615223664,-7.810535617674237,-9.58508285781062,18.544837004904117
image_0702.png,0.4272310238682486,-1.7635241645881692,0.5130355796720956,20.558507696328775,17.645043493520763,64.05731930466374,8.331421275973984,-7.8689689431687615,4.091165049370819,8.732235901737514
image_0703.png,2.828461785083718,-12.021831198571324,12.01000875068199,13.091872908111132,137.5072440571171,187.70281676629008,4.43106492292788,-16.46373828716236,-16.07489213895461,-7.184363297174254
image_0704.png,7.451599851598392,-7.921582604333475,-0.7668739365202768,228.59440765337655,48.23771870784614,85.93152873599138,5.889672696829496,5.829439641646612,16.560142762664654,-16.435853409422183
image_0705.png,18.693928449442076,-19.581212078725223,13.32416212290238,116.40599522813511,215.10046320962329,15.783990043217257,7.311269314849097,0.778620168575145,-11.268530631188053,-17.741617323410242
image_0706.png,-13.344473947945312,-2.8246249450290364,-7.1688899536439585,146.4866854880344,40.46219327903837,212.4691146242886,8.938520910748192,-5.880938022472876,4.813594855683849,-12.814668013667095
image_0707.png,7.30461422056916,-10.01853171487987,-14.40529393281668,222.66324951631438,219.89806488939345,253.02148458788307,8.588031731911062,8.471598040396739,11.04220217708729,17.925283035848366
image_0708.png,-12.143085061412219,-7.173158645568915,7.107738167586604,107.36102902708566,213.03317540669934,103.95454967001989,14.969614651308438,14.699054040945079,-17.090456322754505,1.142643604636472
image_0709.png,-2.9447364473636526,-16.184733503123837,-18.210622966945394,55.09797629431135,62.92210388417105,234.79109640270562,19.193463159926836,-10.36161943748156,-4.819606758708058,7.9802453023248034
image_0710.png,3.925162585513707,-17.499148585699427,-4.7854491043479275,237.78377270459615,159.2710355826606,196.7529248718078,5.742191847423673,-0.7761712738107249,-0.07745231427775678,-18.769088703774703
image_0711.png,12.11066667519843,-8.373522696437883,-19.12841431849965,34.1146486145613,79.66971264040176,149.46088523703432,3.678735897707972,-10.542911557783166,14.035038270719902,10.678820121114484
image_0712.png,16.393249456843733,2.135431779872338,-5.4047848927124775,193.69306494818858,85.45771170991186,182.6475935810254,3.540842630448823,10.98242861152223,-8.342476097199864,-18.17172643081109
image_0713.png,-1.4964685137590408,-14.807026181987371,13.042954265899006,224.86257104517162,85.16279955125066,94.8624812257357,13.057438919041822,0.6237563662704773,5.5372612279797515,10.991045816160408
image_0714.png,12.57864646293725,-12.574587791110027,-5.328467123326778,3.7711177671720852,88.38426838525108,187.7545018314159,11.458699261042845,15.698039001768699,-17.87041915595056,12.44448176855829
image_0715.png,16.046017852157284,3.0220487847274846,-18.772367516033253,128.34391029752686,84.38237103823349,124.04815891331356,6.516841951154417,-17.347851818158837,-16.350112973017517,-17.865466318346325
image_0716.png,-0.02969820168413051,-14.386752996248863,-7.595723457341439,235.82316151778653,190.89728007058076,249.75654603175047,15.742434100911234,13.027665874074401,0.5901562350525502,7.827815564740508
image_0717.png,-9.041606150549208,-2.5090183172570875,7.966843100861514,248.29607399334537,85.8790745557377,146.2015204068618,16.511178659697194,-18.50549877388567,-1.3430066163531116,15.139735889789861
image_0718.png,6.1274278112623435,0.5798996479627228,13.250225047337551,164.85111528294368,164.23502293057282,127.27747045282848,7.138653551493902,-7.5643542225105165,-0.8229579668232532,4.04155903945659
image_0719.png,-8.975739866838271,1.8486249968185646,-18.107420324636756,208.3944168905148,189.82350802109156,252.07093218103438,9.693082124554715,-13.266003324528128,-19.372213019068745,2.1339539073628444
image_0720.png,-5.886487299683401,6.965499172479671,-8.892334671491495,58.57295294302291,251.85879029359927,166.51801221721496,13.699177455085898,7.371441572390992,-18.254420939775407,-2.563695498324364
image_0721.png,11.197542001392613,1.776981460579993,10.830185553451809,238.93718125258764,80.60951882271853,179.56027073520528,4.388523585603902,4.4516222750483365,18.073617876680217,-9.580259303637565
image_0722.png,9.308273676116766,4.3056204824712765,-12.567019542118345,19.876941574426827,10.247051221406519,252.30095812084764,7.836514575998286,-15.992402229613386,12.178319388669678,15.36348604216839
image_0723.png,3.4849097160525346,-10.31487837499892,11.80543799333362,42.706677421043224,111.01762528485513,197.76139047769342,6.7817104661093754,17.853060468673803,-14.242819984241555,11.142369567558635
image_0724.png,-10.379517055673745,8.27795866686142,15.6362250506197,115.29508930275885,168.12208187994423,36.95777634832078,15.827058206480501,0.24235175138238674,-19.656430501365406,-16.919038431004047
image_0725.png,-1.174670455253505,14.802093992077445,-4.477480947363137,251.91721023688197,146.57210752728625,209.72097284949942,5.797404996684514,-19.24416881099328,7.427963885420912,17.7754205937577
image_0726.png,-10.669068477590598,-8.782947692422178,19.560621773039237,39.49040939517703,190.06620198135064,154.713327580371,8.854313254873302,-13.488713981305157,19.08395049340203,-11.880191012309371
image_0727.png,-5.701495936584177,-12.062356480131102,-4.286282706199383,146.98369004325423,10.094462320192271,36.2954826993234,3.257281871920682,11.033113302505914,-15.930532190632807,-5.78819984564424
image_0728.png,-18.91687930545875,-11.446922779263575,-15.585335026329545,208.1556968183463,251.20958956252787,181.6989285910719,10.326340452483691,16.257707867954025,18.819935338392064,-14.623650291713016
image_0729.png,-16.834507484361158,-19.02762304319038,4.204033782964942,37.3461947435003,51.10291108702225,66.2015274508241,7.609771130115408,17.563907107449303,19.348603795017297,19.157651840786492
image_0730.png,-17.885008532875286,-15.399876414960936,6.825298900074724,205.2461450905279,198.0210450181127,57.76267368938307,14.373505300674234,-18.33224659484795,0.5117606663646441,9.776072168176334
image_0731.png,-3.253833045855764,8.06681483302976,-6.535734775812042,131.7782974042375,186.86286325164787,48.80447979733653,9.004265950026912,-1.1139561834410685,-11.004326565956216,-1.0053136844176045
image_0732.png,16.4808560597685,11.32818356686061,-14.418983140195483,118.55996158017842,116.18360609051,76.87881695142195,16.708172015090568,-15.808307103164548,4.86366438511692,18.935001741464276
image_0733.png,16.323599377311304,-6.436552323732755,9.752875451298017,114.06950823241502,205.09351874215145,188.8016920085855,11.699058660034336,1.5735512200960358,-19.502412888605317,-14.156636475015478
image_0734.png,-10.475201640152964,-15.796881975593827,2.2913839389194735,179.0131144953272,71.60547554164417,19.394925732841024,18.210497346516767,9.436904630161603,17.44493905861183,14.762424802353607
image_0735.png,12.020920132093629,-4.683279402675712,12.519903227135217,102.1277218933464,153.91250174244882,149.37680633889138,6.457860795636149,-11.698815306611925,18.283168570527124,-7.7633920270254855
image_0736.png,5.255724828291001,1.6594210208311821,-1.8449243096901888,85.75204940179881,213.28682966489774,15.95059043530718,9.987159923327468,-7.771520573521343,17.272404216784963,1.126031016738544
image_0737.png,-2.4964577243553876,-16.670224229913607,10.11073894154066,218.64175673983138,188.99903108048474,115.3196114000938,5.620288924757001,1.5668179802223534,11.530689515434965,-3.805204033495638
image_0738.png,-6.988481748055175,-18.47779828967819,-15.80547961027813,232.21291522455047,27.270493522213034,21.80599251838024,9.064627348310207,-10.273698095005624,14.56677464749552,12.861038657234111
image_0739.png,9.58077017446104,-9.995378685283857,-18.42544253260855,196.69147450608375,165.04125626870731,217.64889677106308,12.692862769802261,19.340292142236926,-14.369947908646697,5.01289004443267
image_0740.png,0.5967113801057664,-7.419687002873307,-1.474718451190693,84.06875741827126,16.51147245197957,210.06001324504743,19.87796447795514,9.723461873799565,5.913498786353124,7.673662465035452
image_0741.png,2.4006786210687707,10.057167334710133,19.74203729277685,125.65382347625943,51.9122022772249,142.44386821243276,18.938318426582754,-16.71771092075182,10.001256926180062,-8.134719453931694
image_0742.png,-0.9803159986079812,-11.826685225548923,-14.4632454802314,114.29564623945375,7.895090350965592,212.37745539633985,18.015648041026353,12.020193646350712,0.03468590838429009,7.3229807402139215
image_0743.png,12.760097777454376,7.423915710826673,7.514819817599179,107.70966341438654,243.32791709744248,186.4121245201054,5.712705471690418,-9.779433992540284,13.525109280324045,7.683442740606367
image_0744.png,-1.6166910329923923,3.230243402687634,0.6154403701594191,223.45041493870886,240.94341306978052,30.529666829548304,12.489049046681973,4.407745449605226,17.456085184529805,-12.452862507988147
image_0745.png,0.7870151557355207,-3.3519748142256525,13.077752834733289,126.04903148783183,178.74910546982798,188.74736111841761,16.18344859235426,-13.559518062743386,-12.719530254426212,-0.8321517957607298
image_0746.png,-11.297987747671844,-10.410661396394776,-11.427146308147318,148.5321297849944,168.56444389231692,248.66136695519526,7.350471489724563,3.5294215302477667,-7.415465143373105,1.2508503290004072
image_0747.png,2.866571648802516,6.6995473293106045,16.72773836117741,22.316229189208897,127.7252933273534,144.56772008142875,10.715055976679057,13.928289283635024,-14.35044210677312,2.5842652848780254
image_0748.png,4.268469575712693,13.911812824420807,-14.281606681518952,50.62243359453863,9.805996394791872,191.95908234895856,7.859439996796658,6.211660030453633,1.30253177475646,10.728500915079003
image_0749.png,17.15102160496466,-10.967238087062121,-9.643531732831638,31.04382660090459,230.60199119801314,112.60248567618068,15.915773394153765,15.53708282148164,-5.511631205010854,-4.233068610162437
image_0750.png,12.979521386167356,16.17441959061145,-19.258437913852,30.538566349763396,171.54067146267332,168.59609454684207,4.058194937148889,7.525528853477592,-18.92907204141425,3.264096108320281
image_0751.png,-4.402096095141502,15.597146521555494,-9.832075520983295,249.47861055340184,221.91374283736388,52.149778573465916,11.964747913813778,0.5792376500402412,4.841114790618807,-3.9920744721734245
image_0752.png,12.796113189716905,-10.865878309621028,1.1756919859963517,154.44560868989694,66.80569224047166,63.48673239232366,3.780258094481149,-3.6225008163680386,-3.079733412038408,4.682230699974053
image_0753.png,-16.094066927522718,10.507932561646555,-19.852281207535583,200.30908982134997,144.85512868170366,245.28287819302153,11.097795658914244,-7.2051308987496565,-18.599001133749034,2.5472457026368076
image_0754.png,19.798300170308323,4.826945421040353,7.429213898083891,52.5664860548061,239.34591826828074,64.02871677150034,9.228231902009103,-9.81189165279742,-14.31180346005776,9.77411411510003
image_0755.png,10.962902351357418,1.8374258129657441,13.661905941284253,100.26863352852602,173.22124244991792,105.41845418499692,19.156820757157345,-8.264546583582856,-0.09488244916581934,12.150015927232964
image_0756.png,9.494957333992215,7.769490160725674,-12.484536404037936,103.4189307980536,175.97455054127477,187.21163479532237,13.818237733192479,8.1895300362089,10.506180615528017,-15.200134366463992
image_0757.png,18.787232994077307,15.247016163278253,15.670165750607488,143.0549735793579,108.13166463626085,109.35399460813059,19.44137336497033,11.37603061878885,17.015403522412527,19.831968263906745
image_0758.png,17.037629624150526,-7.8618355763468895,-11.491222221576107,163.73795538320095,129.47593980429895,122.27098555159039,3.551186715644782,-3.515253557916097,6.3900817557439105,8.586676984188138
image_0759.png,-8.176781063298218,6.92185974555435,3.973023141483356,87.62390835035997,22.83880068964724,199.0143211444788,12.042573564000982,2.4547043082955433,12.125227919790078,-3.79201210021008
image_0760.png,-8.779895338751288,-15.579879100414246,-18.811584769138477,246.33760619046382,56.91753788697827,56.352273583588335,17.21397488989489,12.040583287718306,-5.192631573050868,15.42995310811542
image_0761.png,12.256051999609838,-10.850626463253041,-7.378176439277887,224.1113537923457,59.03337680271568,67.17421159051653,17.76766632595099,8.135443479167034,14.545247501992414,-2.844787260382372
image_0762.png,15.310805190153772,-3.8687212066796626,-18.04830454819799,254.3461451744309,30.06378612260612,254.73675020858505,10.230272168404017,-3.496456024700297,2.116417705730065,-14.489835043638086
image_0763.png,12.039329648240397,-11.063084314107474,17.998327726434944,11.606663386995415,122.09593448418656,234.266437963071,14.990602872010435,-12.609209649700697,7.682883716884419,9.525185329316844
image_0764.png,11.252825417345736,9.204088814409449,12.419611645950347,65.91041707114366,68.06069679998163,163.26580680029406,18.008468955202556,5.042914739102375,-2.8222489175964895,19.912864030718453
image_0765.png,-8.259017510675172,-16.712053201162117,4.444538006054195,62.513017155799346,62.58884259647974,233.34117677668547,14.971890670151225,-11.10145297224812,-10.06258783673025,8.66683816703636
image_0766.png,16.334548249632086,10.359655045618553,9.241126623898527,68.47994987043329,123.13127711990063,147.8982791655778,18.899105385213893,-8.277746648808293,12.600913857061428,14.055129004374294
image_0767.png,0.7120291907111387,-5.088886446687276,-2.3333965816329005,195.04376080708053,57.83988367945141,212.91812119996678,7.899995803674527,-19.7211398479261,-14.24272334910687,15.13291641578104
image_0768.png,-3.7032235203688515,-2.8743477591759543,-8.070690721359641,15.123450434170204,253.6378991751556,54.93629696340774,12.092487731141377,12.780252846813106,-9.779879952076481,-14.16118907282096
image_0769.png,17.82771817899924,15.629904420330561,-2.6029798071566326,121.54670387466169,91.75347911185116,238.59919135775462,6.635630552275502,-19.573605762814484,14.2541291647903,10.422963563607667
image_0770.png,8.564819650902315,-14.023764508598543,2.307435233463604,90.29463817270283,19.267874028870455,157.5161377936087,16.301450091505636,-6.909154052018746,15.941726188775213,-1.4430913929905245
image_0771.png,17.62993243224922,6.381788282052092,-19.61349353370826,38.25680758567192,174.75942775188625,246.28886888412225,5.8723087245290095,9.745412926540538,5.080041724134816,-2.3068394115166377
image_0772.png,16.232856063844885,-18.16369306363487,18.625395775497985,253.66989580333063,114.45952366489345,240.30234530519925,7.721019827567468,18.475170564766998,-1.7937493103373612,-0.13951087929619987
image_0773.png,13.066862208744972,-15.659912367267221,15.70138874616977,227.19240905097084,86.34829972359194,59.931327115865855,10.271923881713697,-1.6093074068035698,16.529450516741505,-3.646669156970944
image_0774.png,18.397458969692934,-18.35536265286162,0.325532132731567,192.68118359503785,161.3416861819506,13.296452820747477,18.51621765259508,-19.288837469415473,0.6185763487877907,13.964634940665228
image_0775.png,-2.66788613023499,-11.013833354765374,-4.975389524263875,94.66372078399074,105.39871507571857,104.84308991106982,4.703114589945369,-13.5554969490552,-13.556818209374866,-5.154356356519596
image_0776.png,-13.172806791761968,-10.585212804238683,-11.275199918360691,164.6403483322271,5.548409381748617,21.419038658342313,3.935539342076555,-6.50062331188713,-16.405067982681324,-3.9248162352024423
image_0777.png,-1.688263247888031,-0.8466126200380266,-14.014611886771945,247.88708266096654,242.86440614326008,57.09564934916738,17.767297335146125,-10.508666367503459,1.5948999082393023,-19.55781863998048
image_0778.png,5.9425732362059875,-3.7467483503115027,2.526896081949751,107.38887962008181,135.04309137675241,174.86598634838268,12.655513337375512,12.498818142181733,4.192871595343757,-9.817270268883602
image_0779.png,13.473702918059978,15.08779718394905,0.817791348390795,118.54037363322394,216.52750803671523,83.0650032101767,17.530249373159577,3.497042543016722,9.127619620114263,5.027912935318884
image_0780.png,0.02859196478294379,-18.34217755682211,-8.074114569140303,48.19100173810595,143.21038114780816,249.81142522086282,6.713763381579566,-17.567394848471658,-18.58255284953036,-17.877270124923186
image_0781.png,-1.577450321389449,-2.2448656901970487,-19.969079682086143,39.98524540847682,238.8643903028848,25.153397667615145,10.02525347175505,-19.66540881455024,-5.299904246412087,-2.2265059872893964
image_0782.png,2.547574752035043,10.803197539058878,-12.46060684321391,86.10271999969517,197.47074614130403,128.41937390274347,12.605893819466324,-15.34368645968771,-15.392880854651647,3.0743564139604196
image_0783.png,8.60786680212296,-3.375729861716799,13.817492735852511,12.408787763533578,232.71947144924084,95.29011118993853,3.247055958484483,13.660559524163098,-1.1536087292156765,14.585322275712606
image_0784.png,-8.373449925292661,-18.768074641203224,5.871171981299625,50.08438998965586,144.12276501239978,250.80317682314612,9.78747489442577,-11.51112489961494,5.513211808368801,4.895641082363529
image_0785.png,-2.822218181632124,-6.208370613764544,10.753098468514168,67.70705714359191,76.45950021014724,132.72382319709718,3.480208981223874,-10.028865588485028,-18.924433635507253,-10.512086866341082
image_0786.png,-16.40138180957941,-18.609306053423108,3.0650497947564332,18.432895906024353,250.96452516138442,221.78538522867092,17.897599611630895,-3.4634033207492188,-17.49596991540361,-0.2557828733867886
image_0787.png,17.416993673462905,12.423928472567326,5.060439396425423,85.52252938009482,109.53141849617741,55.239696686863375,4.95107018870941,-1.0523914013407847,-11.769024508035265,-7.253714382679828
image_0788.png,0.3242338118874031,13.25462078955902,-18.717525483979884,10.011001901436263,160.3841640011734,130.58386842372752,11.785056218230984,-11.46390471782665,5.261838140624402,17.651412828908008
image_0789.png,-2.6650609322740806,15.289155169535263,-15.453795232646858,125.64547020313276,100.14684695882764,155.39261569049864,9.032029011021786,10.476421961849567,0.29919725990123425,7.904934377090683
image_0790.png,0.31508109082496105,-10.394415108065008,1.5738909510557875,96.06338958933283,47.70645115955634,24.080834073746228,5.6673661651019955,-2.855619122779622,12.71322437048071,17.734098627844276
image_0791.png,11.49766667280155,-11.833566677389644,1.130257137109357,73.10088653685506,176.18783723103522,94.58915011493139,10.927665263706867,-8.204400206524545,4.66682359452253,18.712472272037658
image_0792.png,11.326126608605183,-12.86521694139513,6.016130214778478,118.89411748143336,71.99578105786719,196.1910123396443,4.584033427821053,-2.0509577507723975,-2.6422597133040924,7.394979405236196
image_0793.png,-0.6358104973799961,-8.218284371835619,4.411374423416461,235.18473990077595,134.8096864995937,189.33773725684034,13.30578767354372,-7.435291704383818,0.2840026051676716,10.15275648381824
image_0794.png,15.232330639306127,3.1742096837922382,-5.463301699552346,191.52538642137844,109.92465671832673,229.3256240422057,7.944578712558588,8.214587545182024,-7.071327899588663,12.672530770639582
image_0795.png,11.778310615754371,1.8269941981866502,10.202135747274195,68.6437012614956,229.93891702014105,212.73093120743377,3.1561305540307294,-12.441009429411608,-14.901195116353968,11.251947869326877
image_0796.png,10.428935373744022,16.847458960913876,-10.415809684986028,141.91170650528332,119.13945536334573,197.4573156185894,10.620212421196833,-19.81384323082844,0.3288297496308381,-13.923681411007056
image_0797.png,4.187963048149513,14.916122184215567,-4.275199044252172,123.65993513594293,27.523396022130054,71.17941800316056,4.037818869173899,-7.822469805040381,-4.786690918885519,-4.044582725244323
image_0798.png,-14.486831196289568,-8.524497501774695,-5.9900770038515105,156.5893883003213,28.005433878080748,10.739204893482324,8.066820512902346,-0.6454442553531408,2.8861225448164234,6.135367425542341
image_0799.png,-0.39382363745773574,-0.5948319924602004,14.56286397642043,62.56018206084177,233.79878187833268,68.53771417724965,9.461028872307367,-10.923629299049438,10.013830701728537,-15.966988226822757
image_0800.png,6.102396226929319,-2.593774120793043,9.219581102037932,46.497121264235325,249.6168579040204,15.15694597937278,3.0354834889360256,-7.159266782182602,-16.085297349599635,-18.112227725124868
image_0801.png,5.93843679578945,19.655788979077926,-14.02682711567416,161.2282035709253,211.43113349663523,41.80595383499117,11.338240940963912,9.604683349266697,-11.460098294736962,11.763857803152085
image_0802.png,-10.342247574625212,12.217505235623712,18.776675508113158,10.715663365879395,126.35055407944522,193.03998341855194,16.39739234390978,12.00424191135886,-5.823738203262474,15.49856479582678
image_0803.png,13.042512820635615,17.893721608738353,-12.4358431682816,30.70022975475424,6.659416880553029,87.23895620270781,6.714619134036488,18.927477564751868,-15.419332546386787,-4.818142969664962
image_0804.png,-12.653566760972094,17.787208861096545,1.9948639974083449,72.21377650619215,190.1871055886893,195.23254047868951,12.167101332000987,17.93745171690388,10.683655005669618,-2.5312125872472
image_0805.png,-8.409728098334806,-16.625016612076486,17.23247846661235,220.73539104339486,7.367183447639027,81.0564065267044,6.326756069445772,14.272384966156892,9.913438284906583,-19.78053259714062
image_0806.png,17.436926303012676,16.010688825977887,-11.53852871516715,245.44866598093094,236.26584686106904,234.19511185965692,17.870574715350976,-14.447692120463831,13.032722188703602,-17.537933608426535
image_0807.png,-17.83731313962807,13.596220263238962,3.7146974853579735,104.12007645736121,85.8448964845746,203.44317164599573,10.857973928638778,-13.137437064091483,10.165507360405243,6.529865981026578
image_0808.png,16.519227708242624,-11.987471828560231,-8.693509084855195,30.37274969140768,179.41378308024696,140.62389159437748,13.480066865310045,9.143193861425218,-18.537046086698567,-19.105225542490416
image_0809.png,4.912763949471085,-1.8071994630258779,-1.7664613516742413,123.64113743694799,228.54626170235787,52.99001902593188,18.537063159475665,-16.63952180784156,-18.757091165422437,-18.240600767292165
image_0810.png,14.844248519344184,18.2146693078601,7.827992340681735,157.63194594531384,125.78811823851028,98.30474469033881,6.596711649107603,9.499303550250083,9.715439041449873,-13.349162742677487
image_0811.png,-7.836852190025127,-11.035821861664985,16.410190424867764,147.99923311796516,136.856726352602,137.0833242807749,9.225963306614227,-1.4267596426882818,10.140393034199459,-18.84014171715566
image_0812.png,0.8008662475474395,10.123275164350357,1.0963168377762287,140.88929318229546,39.185057089620294,84.85160490916941,6.664988204909077,-7.712916459429611,-17.84609191186101,-16.220667902267365
image_0813.png,15.280112350819167,4.239489000918901,-17.568723789439943,215.74213229344156,235.6245235466929,212.3683789636095,5.754258136047546,7.183174059048156,-5.233579062911694,0.05701323618922771
image_0814.png,6.800706457361127,18.59729985911521,6.093444327332065,178.597254250345,71.66680596507543,70.39966894317308,18.901070848690267,-6.004631534944171,4.116875906391755,19.451418520512853
image_0815.png,-13.070071985027099,6.853101090535915,-8.13860648477997,157.7707715823154,57.05728085275475,182.5440420501141,17.01553132016529,13.592520606602335,17.820545362929224,-2.628223336050219
image_0816.png,16.69916616455928,-16.110707809612652,18.027363137621208,200.61605852935256,51.828471824654635,24.362222977020767,9.767566860901546,-17.08681167375706,-15.795814304918935,8.021708362880986
image_0817.png,8.582791129521592,11.222750566490308,-5.41668958100483,196.62530174700518,39.18489787020457,201.39317550755138,6.9650138357340765,15.06114532561137,7.021267880956081,-18.431699243234362
image_0818.png,0.7672541670589474,6.906948710814959,5.751990113811722,171.39131611517774,57.82238160952193,246.84487234403423,17.24697615570586,0.9056131441601458,17.530606801910075,-15.932264232597406
image_0819.png,6.545556186389177,-2.7928933840812284,3.7062261132442096,93.31496380511275,218.84177951650491,46.272055894020475,19.930992293102044,-16.793590862785727,6.766069795498055,2.902961140325484
image_0820.png,1.1472327279292216,6.620892117123738,-3.517893636425576,133.89872370914748,43.599137877761144,174.51773021467525,10.118763949571921,13.767622580858877,-16.472180336302568,18.004531040570846
image_0821.png,5.264387338303138,7.15259715348861,-8.306552830195617,246.52650169277788,35.83788475915129,201.85813479062068,7.123068754995695,-9.429510771731543,-11.400005738748007,-14.896233971593515
image_0822.png,-10.033079065904374,0.9221103595012359,19.300112256905592,70.64771918024675,128.02515001986123,96.493927714186,4.113622550025513,8.37628474184967,7.969821440022091,-4.832295007343902
image_0823.png,-5.75872633654852,7.142684477854054,-13.688854075808955,18.8226904051207,240.02259615970723,236.8602971745032,9.052804899216316,17.849657719878344,15.049604890101833,3.0046470781184134
image_0824.png,-4.979573646501008,-7.099933283769415,-15.32344645003385,20.61891972239204,203.73072675238774,131.79003929976284,11.156418536795636,-14.129993381702185,-9.16511892520977,-13.11321460405065
image_0825.png,-18.805571225315934,-2.2389835492151278,17.253650212112646,161.5243524632239,158.75501894474755,79.8108548922832,14.0627953839171,-13.560183678540024,-11.250830990405166,18.530816891673737
image_0826.png,10.171141421062675,11.277703133639541,2.990505138493983,250.41167225505185,164.23854834184502,111.85594940991874,16.008518146700155,18.569442132328795,9.9591833284504,17.33673263324294
image_0827.png,-18.3699090513096,-19.267914428295363,-14.019072039397521,66.57119347551173,31.58701543491954,76.76853423682317,4.132308938961418,13.224541143483435,7.837872494342459,-19.549831887428084
image_0828.png,-1.0490647947238187,-17.730422624442713,3.189432292412029,22.428610111509666,234.1886729392284,28.275812854137154,5.071423808590233,-3.8318764397368312,13.89459970317813,-14.066650114109972
image_0829.png,-7.167619043519387,-3.6196208146349242,-13.106462957961291,215.90844486805864,250.33879438922665,201.23131299647054,4.976497889994823,16.822154504510266,1.9717036568368016,-6.8152260386669195
image_0830.png,-15.896806506247954,-1.3291695457938069,-18.157203586246844,37.15341798897893,117.8275726162975,207.9483731598407,19.35226830427047,14.768207764380023,6.531156551332778,9.39188763185009
image_0831.png,-4.114140795273066,-12.882322281166289,11.559090715032895,147.2591853683892,248.24385801008432,175.53767750763623,8.696289384109988,8.300976987705905,-7.207343131070839,-19.7064321970228
image_0832.png,5.190960618736522,15.48138688602451,-12.867421982780565,42.520021789410514,53.141442787881005,208.8956431974882,15.076590381963193,6.132794083109964,-3.1017431023062727,-13.475953919391056
image_0833.png,1.2553637330797898,13.866731181455577,-11.911412674500216,155.7693456163747,97.90992269302596,240.27988352995052,8.525190291333564,4.559526191907047,-16.035022077874594,-15.453345010572296
image_0834.png,14.412845252756526,7.046653846524592,-0.5057712282978457,58.39035528371253,188.55710770694176,121.0400898938561,19.25920312530027,-9.188558183192374,5.265696447167031,6.362630846194143
image_0835.png,-9.830920654344716,-17.716986160419182,-9.418032611786732,217.2048220485826,59.4476746764774,77.2933023686041,17.386725044122496,12.972944758970549,-7.604523502708872,1.1807103682093398
image_0836.png,-15.81728715918183,-4.956122712168547,10.125045592559275,43.75079109166454,175.49837726255487,10.260722432129555,17.166456745488155,10.395120492796224,2.0258064989883025,6.791608257765734
image_0837.png,11.199790507032802,12.947850786234184,7.503478083868739,145.02673865756523,252.1405939291104,7.719633535040693,8.331745505370494,-9.7707637760743,5.114298296253583,14.048726861849978
image_0838.png,-5.43061275277012,-5.868214072928875,-4.564412594176851,113.79266926537312,134.13000433952243,246.26979257828503,16.88119773728541,8.348395506530974,19.831792084807134,7.2653134542298226
image_0839.png,-5.875430434891374,4.177917453325719,-19.40391983930663,176.8865084485127,42.83796421697371,131.88340981255226,15.434364667914817,17.608076864560886,-2.897899148677226,-5.495165372288797
image_0840.png,19.18305893271817,-7.070829089757883,-10.324445328518426,203.98309045029143,29.13885068917314,67.68033027310311,3.900654327900197,-6.88489069602285,-1.1303748722617577,-0.9916335746416252
image_0841.png,-3.9986956668032114,5.4276224636397785,0.5466296152327104,201.52571923876968,117.50252991619826,69.04944419894433,16.729347892376225,14.49531912214939,-15.697864917464678,-17.765277784889545
image_0842.png,-0.3027500238381897,7.482462616206295,-2.5519224343867677,234.55869218260906,194.16173117977726,179.39231978301424,17.582248667285548,9.199681436082862,-2.247217294289811,-19.654566859622054
image_0843.png,18.505774380512875,2.2337983646426665,17.245361118628438,128.86116239813336,26.779331097134627,107.72535342054607,17.269705191382076,11.118154894076714,-12.590746883234281,-15.211548958972356
image_0844.png,10.972208514672133,12.229742229715285,-13.107674416456309,197.28879229884072,60.61498609443507,48.394386678868976,11.849951896491318,-4.496514511527687,-13.80083553750552,19.0883393177616
image_0845.png,3.0744870098362966,-19.07417970096308,-11.758375052307741,200.86446777417405,174.30270037210346,78.42426881469311,19.10796898425076,-7.242261059892776,-12.491535464438236,17.8443014845028
image_0846.png,-17.436145917115887,15.535910548919986,6.328275460420496,74.12533572263118,190.25953751121094,237.6423459659044,3.9523359279404167,-8.323090932085835,4.046187805602521,-8.285967333622892
image_0847.png,2.6387103988226315,-4.04067134267272,8.80266755841037,8.245634279257953,73.23205404857164,171.24474777094738,14.940229598538709,-13.925203414846159,-9.662929850823634,-11.294202282324024
image_0848.png,11.485209176312758,3.237714227975424,-15.963122130771886,246.5956063210663,232.9259580298325,40.71543459378316,12.793411357461714,-15.102691956987279,-12.596505031601293,-2.5123422068052825
image_0849.png,-0.23737004759421154,-17.43959205605828,-14.166651745440042,251.52166664737604,193.44436060423118,65.11672978306298,16.05842237243113,12.62671202378479,-11.293620580279825,-0.7625501634474219
image_0850.png,-7.774834311691908,-12.059924427871698,-13.920487502894478,248.8530555139614,134.36995211222063,5.538442301521546,11.46353130472668,3.053296742276789,0.948724328996736,-8.129058100063954
image_0851.png,-19.968970816562287,-8.395733076583598,17.545785866833207,8.40111211513485,239.04529350272512,130.7181264867151,12.178725986741483,-17.82560370676183,-18.936791672508782,9.15132449585714
image_0852.png,-11.94103897888855,-15.510466663579102,-9.697391724490867,130.19517848754643,206.03301566759654,76.19197214139047,5.010289694604095,-18.52532041353369,-14.988437265108963,17.31790498086142
image_0853.png,-17.57002209031718,10.297584821848972,-13.455486285651212,212.26838264480097,97.0107393921768,152.7869802525542,12.294456214699006,3.1429772724555605,8.063976107142512,-13.0041827740836
image_0854.png,-15.366435127300925,-1.4838464568810608,-9.834561665109645,164.5114759416775,29.440296174606456,38.84889839897808,13.972095914191717,-7.099052693569465,-16.513214471351517,-6.923229003185686
image_0855.png,16.559027798522507,5.471806356784072,7.108483532523998,220.84275246313337,245.4999862796926,227.34802302564407,12.08565946243833,2.750658093826477,-16.202020703918127,-1.949280237339238
image_0856.png,-13.12033470384755,-12.989703994475619,18.042210720366676,7.766673977699842,203.87982995072622,221.81163874260184,14.586953996362567,10.722217170682814,-8.790017778532984,9.010944031913311
image_0857.png,-18.851953681441927,-11.290224208816895,13.585703809602919,10.715672209547437,20.363482487403317,224.19062299999604,14.628143213319367,19.326884497968386,-15.217872220458432,-18.252200382733612
image_0858.png,-17.637251845842414,11.676838363606773,-1.5565628763780879,10.474112698264017,48.53536252785442,39.78262462376748,10.21906316595655,14.74174163285901,6.304475673066747,-2.5383302730640693
image_0859.png,4.9301749850482715,-9.992474570741333,7.4140877805739756,161.8650327681771,67.65382153529643,252.1816923305193,5.757066126398588,4.332182181671662,-13.509691746181907,12.65840934163429
image_0860.png,-19.892314573893444,-3.30726429812551,8.309703045020083,63.86003922337914,10.003875550524235,203.00151720689811,17.274795559776656,9.135242018579973,19.87343523082037,-8.999612102359427
image_0861.png,-5.159288737315833,17.977471592385307,-2.917087528702119,185.54272794846565,40.87479051515677,83.0444107639669,5.521639822438491,9.158524417558745,16.2383252230319,11.494960106582319
image_0862.png,-18.92177106473519,9.67652468099623,-18.03020350072469,48.146187292453874,68.28387200183597,162.96337811634945,7.557022945504248,8.940848116236808,-10.893309292562723,-14.494427958246368
image_0863.png,13.103428519854155,-0.6633667173296018,11.27033281493783,64.2128100063948,207.41996430541633,142.54361598351107,10.195381619710929,-2.36007990750581,-13.879738306304578,3.5778825433061137
image_0864.png,-14.106237727142531,10.86243054112504,15.228831037466307,4.822188481340745,223.31533794184935,65.87541896832894,4.3413266088193305,-19.939245784917247,1.1489903476375254,-10.870600010909634
image_0865.png,15.86848919541849,-4.272951967410453,-0.9968491752315103,248.00893321679771,235.52960661633585,63.611556599094484,19.57024269956425,-17.413354229687105,-8.626642040607283,-3.332833493564877
image_0866.png,15.046985916294794,-0.4652071356001315,-10.157953296605946,144.27548361736385,149.11098030241382,146.5352307798606,17.034682191955376,-3.3877408056697824,-12.118258359289822,14.600346988965434
image_0867.png,13.645787019716394,-3.502451727949012,10.687444917366857,143.41494255462106,225.34531358180604,103.73331960016961,9.030067682457966,13.537554612247938,7.73625701189453,18.616966816141314
image_0868.png,-17.966651359266343,-18.75026277225142,-18.826472105835997,193.03437901687465,50.6632955804869,163.55762381725515,5.912977388760105,19.864752527506333,11.684469742696105,8.991775408834375
image_0869.png,5.551613187543616,-5.94916976938376,1.3247470728385515,45.887592844241624,229.24085092932327,200.75985815467183,8.79213249342358,9.349742423550502,-10.416942787797261,-5.700204174615809
image_0870.png,15.296097676040219,1.8228499004552354,12.916362750697658,4.231984127709069,60.30387569085805,15.529671985549925,12.08430958123681,17.319711780930163,12.036650731461421,-2.6247601904029416
image_0871.png,12.257115139356031,-14.973806412161231,13.933601764426541,83.74917043501264,92.4271170596331,58.73489653963426,18.27447315733324,3.123922587302438,-6.898032486748903,-8.438344919709886
image_0872.png,14.689013645490569,8.867762241669865,13.436486663517194,177.208583953143,0.9925153523764141,203.8992265572677,17.639751557164335,19.89046652365012,15.728670846893827,-2.40381712072843
image_0873.png,-1.2271815471260226,-19.086550129877928,-6.864402339190914,165.13771394314466,243.9085375332872,52.687973285923235,13.07044609639467,12.690143891290766,-11.883166688833713,12.582163031877599
image_0874.png,6.776375051404436,-1.3023553919813757,1.7615353262597324,216.38883270167054,94.26970363997764,45.39021938141645,18.24044859662932,-7.695977941740132,-15.847949831155073,-12.421898540652228
image_0875.png,11.084429275239359,-10.587120037156964,0.0984638566692233,246.80564075302323,218.84112848497392,32.96055303137708,3.5940601703203274,-4.899881205477307,-17.802391220584756,-19.17942604841236
image_0876.png,-1.0550900671559589,15.396452922653339,8.953889965400258,12.590598509918197,149.81290961711022,196.88449507168423,13.827681436928247,-0.7745015958863597,15.979217060058176,0.4595051644201611
image_0877.png,-16.556149306015943,-2.2550715097733907,-18.75625244526015,195.23510109358674,34.66339070337556,111.22152153666292,7.761873971493393,-10.956992711510187,8.817584687000707,3.051246736027622
image_0878.png,-0.18253422015723686,1.237312968652759,10.965411879346352,9.364018894996283,193.242072889859,100.14842768375787,9.175350913842703,-3.9610910819425094,4.020594492949602,-19.488095470414883
image_0879.png,8.71475486746187,-7.7315634435075395,19.837535069547243,160.079849449307,249.43613528255597,235.25465176667083,9.301170003669991,-1.4001120929376185,-10.01682309929973,1.7175761113596053
image_0880.png,-4.152125092179194,18.603353970659803,2.577315678266551,133.2527826778876,230.21222953267744,91.52884231301658,10.714301826489766,1.1683088878136552,-13.082641466290807,-0.006047550838225391
image_0881.png,-17.518606409705594,5.06098154437727,-5.5771354926298535,113.3007577149644,26.646372910080963,192.05661996160276,7.53714605414482,8.119381937854506,-5.097437867289102,11.82407093539247
image_0882.png,-13.020250100013824,8.584016321994955,8.867751916871214,170.10111513398923,204.86543464898213,98.29691647316493,7.994596109991913,0.17582820765662532,16.270722744044683,-2.945312445517331
image_0883.png,-11.786364810203365,-19.00681641878199,3.1337247229061838,199.5531815827913,129.3385977093409,37.14240909025364,9.153232914582254,0.20991373507280997,1.364190425122402,-11.959045252355626
image_0884.png,18.411867815915343,-12.144075960742015,-18.764239037333382,151.9685366374284,172.79492459720723,60.19920921214058,10.376243820747508,-3.0298157391186287,-17.393526817340025,0.41304261941227693
image_0885.png,16.75587412833545,15.186120988716354,-4.892640041676891,61.88411200170034,43.46108889733449,66.01318289656683,8.833349776954497,4.062356784049559,18.105471318234073,-13.514803192749913
image_0886.png,-8.554968698090146,5.104467164511224,18.22310573325457,128.58747479570516,131.1499628560541,158.08831404161134,18.275256882386394,-16.660674774671122,0.650775780151033,19.46805517024505
image_0887.png,-19.31517489051627,-12.095204937145713,6.837062530472892,234.73538982229627,247.94605341468025,99.37677599917649,13.99924191574229,-5.73142774401402,5.238583340348022,7.629912362014011
image_0888.png,13.630306984479795,5.325439752809743,14.753381964909181,105.52233955740353,249.84971238888963,38.31927031846871,9.676838201301852,-10.833306562070874,10.805507399440426,-1.694482856929021
image_0889.png,-15.33527585482814,-13.367474520030495,1.3189831018625675,71.21038337667338,166.01756725906637,5.91324199520429,12.052173427930617,-3.9457240049335027,-13.925028399582189,-15.706668755564808
image_0890.png,-18.718819003107946,17.6637366508954,-8.488179748707406,45.01902582199369,128.2554263353533,147.69692462285067,9.881988101621346,13.961356745828844,9.320409514309986,-1.0953441545985534
image_0891.png,-11.308837284348296,-18.35889840429697,-7.97115198418188,238.14085733107993,92.86124819323187,32.42347131255332,18.06554012933261,-1.805925128844791,17.728436596394182,17.968771586607602
image_0892.png,14.865980934863174,-16.160026026764342,-9.969444794386554,101.21436409710293,13.119410834035795,91.83603863153493,16.41363796844759,-17.534267024796016,-2.0340801396399577,18.708411483304758
image_0893.png,2.309115957514752,14.059143594522546,-17.92587070669918,78.06465987363944,206.70301337397623,253.79399523341266,18.035178358633488,-12.032722418326687,-2.7839537625974415,18.006382827063454
image_0894.png,-18.677617135035188,-15.486908708688158,9.543325846386463,105.98739536220538,17.097981240754457,163.1431021614238,7.867233557660098,-6.984279955301789,-8.744405406436758,-7.1000090044358455
image_0895.png,-2.0315347478416292,-10.437566859849529,14.338698241126153,18.55923697574763,55.35380314465366,167.52807434002267,18.195066695736994,19.542431001842132,9.797851244781207,-11.449596922732335
image_0896.png,1.6184180071219565,4.069305366980775,-18.20844221085482,89.24999023568604,195.77157973859977,159.3532924405419,19.777620955516824,-19.869568030407354,-11.163408362945383,-13.55913314911136
image_0897.png,-2.7412918701086717,-17.599211503205897,-8.448621090108151,185.21526463303655,204.19863034815762,28.373044194304395,17.00130668005733,-4.158168578316808,-2.73560120930858,3.126768205031336
image_0898.png,13.152390097942344,-18.108319531823263,-12.270705972704992,59.964538401933275,115.61368937139883,240.990566568119,19.851431728389723,-8.352701138446355,-16.094721684408494,5.503782676767596
image_0899.png,19.637853307400675,2.066364119954322,-14.316899672444618,24.399458370473177,215.1264199837768,246.1319655392313,11.285785622270483,7.978695567687716,-1.331066617162172,8.25893987814257
image_0900.png,4.40493736475274,-19.519871394559452,-7.368761091848333,32.7446755349317,20.892267496291367,182.55404329953583,3.2129155435004932,5.302218022347343,-12.651026210141154,-11.321725541907144
image_0901.png,17.72108304661988,10.177449885603494,2.901876826460473,88.21733104037439,135.26570841373223,68.01770585700845,15.428381913915546,9.123056125834218,19.80475976404699,-13.390361465826741
image_0902.png,-4.622887996389867,18.184983550008518,6.997525774204124,163.49922611312135,87.34349358160839,128.89495299924718,18.552370126415944,-3.92470734172133,-12.775959566829243,10.290217248966226
image_0903.png,12.060606857734498,-6.635495245923337,-14.601591443542844,67.68445746999961,133.97964002611013,106.8723195376415,4.758785956221079,17.873405764236267,-19.368615587549378,5.382409815780168
image_0904.png,0.11676928231332084,18.272028724658966,-1.5576433709155921,60.37212173790102,60.48514434369601,135.14492657799283,19.037338736670904,-16.566746260042926,-10.74931641613713,4.123932532856365
image_0905.png,19.32777252767024,8.360898694674503,2.992644479541223,179.29569681806726,207.69217379362158,102.15499129168151,6.926746362127991,17.613994477475508,12.281754970537229,-11.45760628731827
image_0906.png,-8.345206310846462,-9.411330186893721,-12.969870960482464,95.85434717361659,228.54569540589577,25.301903262431317,4.094635847736965,-7.378861520872952,-6.20582640161777,-15.568263176907466
image_0907.png,-13.358739341140339,19.384675847172623,13.695576245076047,66.53516350549368,64.40777885282623,223.0038696181681,13.116719598626336,-6.0691898296216795,18.83523070874189,1.5634178683544633
image_0908.png,-14.375979353226572,-8.067889908444318,4.4927112058259375,84.41410938124531,237.493912410915,88.92261903074797,13.864781936989127,5.153931073652323,1.9782605354240133,-4.569327153025675
image_0909.png,-0.015206112900074231,15.338347139129738,-12.374029213529054,47.18975735103922,161.52052692445235,96.18536317854768,13.124725263587843,5.005203540667157,0.9808204985732836,-1.872293820868144
image_0910.png,-11.514754211836706,3.41436313776002,17.725201278432003,27.341355784572094,85.60089447221526,12.398952207946135,7.615597085821387,4.40539924460975,8.786751842388707,-6.259233254532521
image_0911.png,-16.609619865785945,6.2244493199515105,14.443953948935857,238.82890243408457,110.12876320530575,10.384096184005553,8.366661565889796,-17.603390433944142,-10.182554672239652,5.124755189754531
image_0912.png,12.846578985604687,-3.354209140505592,-17.213090604691107,175.26295151379816,242.06978146870065,222.52257689872908,13.690712920313933,-1.7323387963894312,4.567730361418583,-17.24417175713027
image_0913.png,-17.597664095166216,-14.471272494729387,16.41778713328719,34.90924657112259,233.65634050644616,139.76640522011203,12.326144526782079,-11.175390049167074,-9.851320078464308,0.17612785529334474
image_0914.png,13.655765380783514,1.790722704308898,-16.084112295225278,174.63898962815117,178.78217052991775,57.56236136243708,15.380930495137298,-9.827968206296473,18.574489698910163,17.784647729448068
image_0915.png,14.592337561308284,17.199082022874343,-2.8893793060191655,53.45732208719572,114.5448224368176,233.7067637400494,12.04983482490281,-16.00363275612967,-0.5549594977944636,-5.094369082581437
image_0916.png,-11.13388222659851,-2.5008885012228177,3.5020409762732143,40.80833743108042,112.35774734545804,121.2114421424456,4.438843162474535,17.898394181357354,-2.6573890238355276,7.886114982823681
image_0917.png,-0.3080082477549375,7.396784538813076,-12.005785543167274,206.92499347245538,174.73312250098263,87.46087351148722,4.691169792012696,4.939377936123684,-3.814483447384667,-11.393262174396863
image_0918.png,-6.911491560731772,-12.537822380339811,10.04337394194787,60.2021975199623,252.43830341851043,156.69264269187303,11.796498073576306,6.476981735146413,-9.805240211730869,2.2086992748951886
image_0919.png,-2.1268669790237063,2.3432122456245033,18.74578054993715,119.81974070170527,11.269108722296062,80.53164158290541,10.473054174134157,5.376780876425315,8.05841829528417,8.678241258580847
image_0920.png,8.239922247659766,10.606261467826425,-4.678640394677952,106.38544007389793,191.23435794177115,26.15748693305855,10.498443238685311,-11.630711724380314,9.67629741226851,0.10222677702166294
image_0921.png,-15.652940537393967,-10.372634437433916,9.90852113524518,113.90315907962469,191.82989439381188,102.79511861500632,4.026302498559512,11.148215597842189,4.476878782220652,-13.941339829359407
image_0922.png,3.7834906648870756,-17.37498308959481,12.25317867826584,162.08940367604163,73.4109490815009,225.00595770693738,9.687324893903593,-16.12052226267849,0.388825172890634,-3.4873376830806215
image_0923.png,12.14079596214453,1.416256513526875,15.963615491503006,6.216005794941425,205.8644167727596,149.4231708334979,12.985390764418089,15.229676203074007,-6.299787076014095,2.062202495626476
image_0924.png,8.396807008599406,4.144266638583936,19.0232184306999,19.491567070456448,240.36876011196824,200.8386645566271,15.507579610729445,4.061579010223177,15.620642492938906,0.6774996304484269
image_0925.png,-15.741479449344382,13.240754648980648,-0.5209442146600836,98.73789766328751,208.15721428854704,155.86319688723046,12.760181984798235,-5.547446541119081,-9.700030556939861,-0.05449637183346567
image_0926.png,-8.361124810205386,2.7281255669607845,1.0123825376792404,254.51950254807562,96.51102533778545,47.56457923124187,8.493735193683715,16.180052796411452,-17.590870162595497,-10.335675579951392
image_0927.png,-9.83400343891165,7.696641753985666,9.886399342512991,237.0733093264039,181.91607889414374,145.6740717381119,6.380707041788717,-4.107981383089374,-17.175897740004658,-7.233408612580185
image_0928.png,-2.594218610122244,-14.19594357030181,-9.966921004401685,233.91595076617662,43.901329098804126,190.01942764265823,13.84314679002041,-15.396009561240023,-19.016633920793492,-5.418647343874451
image_0929.png,-14.19502754809416,2.3826551440269803,-5.114309181768935,239.5130204848032,226.22989975388882,154.66162447044863,4.815792222544475,-11.075316007211399,4.972175187446286,-1.5965839340648529
image_0930.png,6.380061420112892,1.2778702379914222,5.394794814034807,116.94238190376862,103.89180182671794,112.75769023158094,19.05951563605274,8.109522067619164,1.3110962189131392,-18.844688411604853
image_0931.png,16.199478106702195,4.14164885989571,-14.273730504310368,13.779981925686593,211.87821136291993,112.30612368566739,16.087203717494653,-17.40225370782273,-14.880140577155077,13.559333388294782
image_0932.png,5.363250655548516,-4.226708714366239,-11.760755605440263,34.076656022835756,2.673186973224595,132.16023926729616,9.660620548338986,-13.026788062006158,-19.30381480613348,-10.21409293592544
image_0933.png,6.725662514219035,-1.5215077971608828,-4.989816121501667,86.59490826208476,254.04040834357366,126.99995589631519,4.110072851638974,6.370226869571127,-6.806916942577313,1.2962517345328024
image_0934.png,5.364942762571992,-14.67676963980491,12.557735897531884,167.6128528910189,130.35636881726165,40.28100884367995,11.823712875362531,-10.050514068317824,-14.461952746677614,8.872345711144185
image_0935.png,7.712814445057283,8.650093194474472,-19.97559618617511,40.18997985442454,217.01998792689713,178.3582777874892,4.349443009423487,13.058355567514546,8.933370522828554,-6.673693757894519
image_0936.png,19.91278736875742,6.52829695076057,-4.374952910861385,120.19128969872713,26.94877201466607,246.22922119592388,5.811194209142748,11.658111561033287,16.74619485960263,15.653266091338985
image_0937.png,2.7746599692554064,-5.75243596843336,-12.375974745153325,79.84965132039343,198.8769855680362,48.310808006531346,7.7865006704603585,-0.8116766995259113,-17.98050607182974,15.249254705435298
image_0938.png,-17.28854682235572,-5.599800987221656,11.65427929067679,64.89344428245911,183.0183648357558,188.57275395116903,5.561380520661159,16.37754590256319,9.784353026173843,8.752072372671766
image_0939.png,-14.851880995713271,11.253408580767022,10.642298104112193,46.50926492435653,88.16313803135935,127.22962748701603,7.949469630287238,0.8811027382500924,-4.57257283416812,-18.361690734846267
image_0940.png,13.789543067444832,-7.891776169022219,-2.8132221059447993,168.61069598051526,73.0273780940372,212.24907425685194,19.867193863793652,16.924993323591536,19.9345490550284,18.635711995314345
image_0941.png,-2.307148316134718,11.856077114970567,2.9010944115897708,219.46179071900747,77.51313911440386,34.15694358282367,16.801060908113058,-19.244325824565603,-0.2685795630687622,-11.183184595731607
image_0942.png,10.376648145620713,18.79671274028628,-1.1449140852670006,93.40067673969993,151.01772334072714,125.77896146919072,16.652241479132005,3.071031188903145,12.637039499468614,18.375362683357395
image_0943.png,15.564930738023854,1.4738064249599283,-8.633987075811644,62.49515793766746,38.476170652873556,180.1352244816534,19.259809658579883,-9.917613535448844,-17.89753996949553,16.6439788838602
image_0944.png,19.756986155969777,9.794689970621096,17.730669673665687,193.07573572956395,67.38035192888567,113.95632285887393,3.1460151606539033,-7.495284725797099,6.818756599050069,8.707806621106915
image_0945.png,-9.336764373878456,15.760460802201294,-8.21989338752941,79.95720621530735,59.00160041334596,165.55337300666594,10.453110091161724,17.300720893572866,5.19094736006128,-14.861159241454342
image_0946.png,0.5630791215643107,1.5502857471735645,-16.762852644950847,147.46979062819068,103.26086658036785,90.10511050113816,15.415338309779784,-4.932811736032834,4.251337048484366,0.09648029791290469
image_0947.png,-11.634184537487693,9.25456433697395,12.981508635492055,205.33099160092962,31.99536868721481,164.0389065718727,10.771205505328336,-0.9211197342640105,-8.645066039656193,-5.779698868858812
image_0948.png,-6.403840757007075,18.654881921177918,12.753283008735522,210.51001263417103,199.27195488252906,196.67589821940334,14.063516426529093,12.876948106262333,2.132631369538238,9.118620499826132
image_0949.png,7.863799303479709,5.164242563425077,11.286734453789201,143.78687623381035,68.8291055854853,3.4891005828594137,12.52932821877102,-15.072789047152305,11.641666582798873,-16.455881312625763
image_0950.png,-15.440818988483521,1.6696767498634522,-15.673812435300757,229.38469903299236,150.16446713182918,22.12800890758795,7.191178571171522,-2.8343449104029474,8.751051317043022,0.7295070800661385
image_0951.png,-2.1881010251619024,16.039923644704487,-16.064189732472684,15.950094460855034,168.27538194473019,23.087983688092564,10.128251166656772,9.266161863329131,-8.17359390029086,8.450594228765041
image_0952.png,-13.64151995681726,6.438236441439603,4.440764743474336,94.59357161448388,132.05929237704217,130.5058251581801,19.911763962903763,16.94953721004603,-9.82971534170832,6.434792902016962
image_0953.png,10.529692999210813,5.063818406451706,14.308193985837462,192.00626106735436,127.33333775891764,124.27142883134545,18.303045429394132,-16.88770703831843,-7.480363337837236,7.331020727883658
image_0954.png,-18.200041000343298,-11.969770022468186,3.167212667760886,170.38709844055987,92.73178005817807,105.8299299553187,9.137750870728205,-6.563899457081789,-12.129982077886194,-13.535036660274633
image_0955.png,10.702421923907352,10.037321114947794,-7.290395880881345,23.674034560305312,207.50647838623746,18.77195636654796,18.873997132441602,12.516800711383574,-4.598733338472352,3.4468610326195126
image_0956.png,-5.540447337451177,8.940499803914225,-9.009398027233505,239.4125856067969,217.80763055206302,139.01074842651843,11.735091356365146,-4.260849751935565,-12.857776418846637,15.518392800712121
image_0957.png,-15.171849442610075,14.043741209595815,0.1622086202742139,104.33978704622288,81.81090663488557,18.654378818176607,6.424117050480103,-10.162743130191526,-3.0498497990475535,3.836356660936218
image_0958.png,-9.043469552653445,-0.07401724859673209,-11.915234019662924,57.15891811510738,89.459558644917,91.3218236966391,6.372189269287077,2.7417019142774635,-12.294862814579467,19.826403529058453
image_0959.png,-9.382266744729918,4.699807654247067,-15.687739171693265,90.02736562895316,38.01114538084244,193.19866040512235,5.3133180276787995,-17.179375663856312,-1.7252802224301504,5.533120178602221
image_0960.png,-17.97853571660214,-19.38066433633356,8.01106579352843,28.7487010001876,78.70599310032884,86.42383339940172,10.25106186990162,-0.9842274135120732,10.393270520657808,7.325170285613105
image_0961.png,-12.52921166399522,8.374406409019151,-6.1401117311572015,96.1763591907848,20.83401968470932,98.06661797680549,16.269582756891765,0.5845778532739523,2.697376236030763,-5.040810946649966
image_0962.png,-11.007959385946663,-12.02586248095856,14.513792114154754,139.46314281518943,83.18302493020175,74.01566430936585,3.1232289334888037,16.02744351310367,-11.169842530988593,-1.0988390026435013
image_0963.png,7.101514062723709,19.238905335327694,6.790212150034684,129.6663343912194,47.94864390420498,240.70660113733902,11.907337016209533,-17.37210684707216,-13.910550410004575,19.39010198860779
image_0964.png,4.575374446758062,-7.013007262207003,19.637202520628144,225.18344515543714,233.03628504836345,131.36853447242845,13.901765509254297,6.211934685543859,15.075225440856961,19.620996643062995
image_0965.png,12.582307738646705,3.438760215666967,-12.096473359462099,163.0060091653757,192.78228406459885,151.53950550639334,8.282094678508287,-10.562332888799224,-11.826365406539665,10.397747409638534
image_0966.png,-7.488299683991894,-18.248401311423457,8.152505161635062,53.24491995094414,197.82551261811543,150.77348310692352,15.968027035753813,16.336029753582196,18.410323167121234,18.616996722759893
image_0967.png,5.556927224053311,-10.64204460141239,12.974543881262171,155.99336046358613,104.24889668186668,66.18176141783741,18.118244789613826,7.7114194358933865,-12.1835260968999,-18.401837011544842
image_0968.png,-15.402269630793946,-17.89310413799795,-17.604916856582072,142.69951519791042,107.56501372038805,193.3949812266104,9.279249117637887,-18.883828067819493,11.47084270196114,-9.594835694812303
image_0969.png,-18.698165924334347,-0.7698375327635105,15.96484254736982,197.21295695150403,68.46667016023122,156.61757910611223,18.84896662668239,-9.25457542611053,15.998739819640022,19.670894066810376
image_0970.png,-7.9225382924589205,14.921373892502956,2.8988658208203866,123.4395892867896,69.03281943327593,202.2457372322922,13.913802292789482,3.1591110397606954,2.9918770364838068,19.765604709808443
image_0971.png,-2.3751564452978293,-16.2032592624776,-3.6554283342390974,28.117994755272928,181.35945274064,125.85587088618894,5.91491260192193,19.312491110427075,3.7253238739869943,-11.65618649237745
image_0972.png,-14.172023774575472,-13.778606705787947,0.9130028012822606,18.710508850111356,50.90181104050759,209.86374774647024,9.657310780405645,3.103703530674217,3.99378836964312,-3.600723608379365
image_0973.png,13.838288605063752,-8.495700050600101,-10.797705371480898,145.73586044846803,168.5064326881802,170.75423725369092,13.795620671540815,18.6723471917515,-4.466228206338583,0.27493249331017466
image_0974.png,15.34084609874541,0.7071609059907829,11.150561199336131,28.209524538522068,112.31297315145606,71.13863049852138,9.058489658375656,17.939735487172406,19.565078275920484,-1.2605255166187703
image_0975.png,-19.26705776243638,-3.0387847740779215,3.613486454902354,75.74113309106843,4.92487157590996,133.74588824397884,14.100927982696541,0.8001449434502703,7.412378360111241,-11.735533487764528
image_0976.png,-5.970349763068427,-7.0847795056560905,-8.928027487383021,24.578302155151544,192.67211097605895,2.4058837882083015,5.4335902235014935,2.4944230957527296,15.343883144872365,-17.11684686258575
image_0977.png,14.513137014087356,-4.0123009108640275,7.310374253012533,233.49356717828368,25.846236070313967,150.3211369067514,5.737188597594871,17.917514965694103,-2.62209879872308,5.675584451572501
image_0978.png,16.579200329639363,11.733931499416656,11.028309683123897,229.23441160062296,232.54870352505176,217.0751763844315,11.276530368542073,-14.174027991666062,-8.13517718084193,-5.3246148476529385
image_0979.png,7.937024857570599,-14.502500342232798,18.290093375067016,226.72340597516353,118.91544935170633,143.3211455289671,16.00523430091333,-11.756620098871174,-19.16894911553813,3.562135190296992
image_0980.png,-19.36948891006681,11.108306076474925,-2.2258260463802415,236.8402502954048,142.61121641371952,233.53930578067823,4.639931537876853,16.851016302737918,12.17202116489942,3.6900217819753323
image_0981.png,9.000459360863132,17.468117418472318,-8.05804542915046,36.17259781180008,113.10109422846025,20.844271624688297,13.256481283336354,2.3846418342728235,-6.283456161590685,1.9546650761392605
image_0982.png,-3.937734559893183,-4.517712799783492,-5.061392906822647,238.0431574600267,18.099071875456186,51.07966129985821,4.359537805064408,11.192924347740867,-1.9823713346891338,-18.155914682096537
image_0983.png,-2.248464229675502,-13.074021476468737,-2.011340713467437,144.23308340210744,147.03316379739965,112.54774729898782,10.861115544577217,-10.06561798700885,-5.67312136088702,14.758285659250305
image_0984.png,11.855380703946107,-16.9890607961357,-15.099553626244905,252.91298635361102,235.33452376911038,190.74129948992984,8.296943348434482,-0.6431796356946826,1.7040507006314876,4.1347727221130555
image_0985.png,19.011545885856542,4.316370573044374,13.496978664830685,91.80809063451395,117.87539272985636,105.6867770964911,5.871882464402816,-16.211971251227737,-6.352137103816705,-11.768219121685988
image_0986.png,10.153552879503202,-6.831222824989304,12.568206154811215,8.984105172767537,78.70870597686493,196.36855824479233,12.870588220324837,-3.308499349182334,-4.0706284489493925,4.11366468802705
image_0987.png,-3.830921372132142,2.822935474645682,-9.293455551988128,137.64932057955664,16.851680221622047,63.59545686486537,5.09319120433285,-19.75739644399389,-3.0310308430884483,7.251749114036961
image_0988.png,18.324713291368433,-7.028869480212002,-3.639833191223488,95.41527898051633,148.6171395910476,233.0282034873997,16.655854317648817,-5.219979009633127,1.883679304277166,-16.614472021751613
image_0989.png,4.80260766408599,-17.444538311527054,13.799123781187326,155.72871001478282,201.82945418912217,133.10631785020047,16.818264413060675,6.304427772092712,-17.13703698052717,17.345599936931258
image_0990.png,-14.344101242621932,19.02897481020014,5.483479172186829,161.2135546513755,233.55754105841064,26.88208165711817,7.883115247403938,-7.436772576126941,-9.06675004904644,17.767044379035248
image_0991.png,-18.16305953409341,-18.818701688248186,-0.411378839946714,112.2159265303881,116.05578105968004,180.90161550883758,12.615705061889955,6.0897621939561795,9.191408498947911,-1.3588964215771462
image_0992.png,-13.344645070658645,11.605123294305422,-16.355007754119907,188.99478703343485,208.85682045302082,16.050372913101462,15.433398015744345,7.87165581270564,-18.18328765127557,-0.6186198935514753
image_0993.png,-3.0867837426376745,8.559943176414212,-8.945830518012169,179.07132267167285,110.7440202639295,168.12825234474167,11.281903074353798,17.62409658174912,4.666890787743,17.07012082213027
image_0994.png,17.244925703321982,-1.694994775907972,13.482764624957014,68.03961510171945,185.773232906138,164.63789595587377,7.178136751602332,-13.071995410944982,4.5715237847749,-4.548674249613768
image_0995.png,-3.8107186227600636,12.999517268377197,-3.932663431593916,8.77518852399692,83.96629523423708,216.87518311131714,8.495985171421896,15.409024022888481,-12.819271387633307,18.85298510958011
image_0996.png,15.42025892021585,-3.198680590090845,-5.795096381980592,188.2362908508612,167.51380993909888,235.15732903849025,18.474857627079935,10.887576594323171,-2.1187033435862723,-2.5930122023744673
image_0997.png,16.353804849395253,19.323595940143036,-16.253514125399203,62.889984283255174,104.29140282268361,202.7851379254216,7.24344100893277,-8.196455742193924,-2.3206155892119256,-10.059429001676538
image_0998.png,11.011657988360746,-14.328777350858317,19.05901965700292,180.64790107388964,88.50111388960659,249.9267256761206,16.622846044799786,-2.4696054601301043,15.929011446431886,7.041272507898839
image_0999.png,-14.09038284449371,-1.4062651325702582,6.2728572543259205,211.1722128027322,192.8940456344113,205.68834450542212,12.785209080622655,-4.106303489723029,7.526398721378378,-15.953442279773288
image_1000.png,14.78062696934338,-16.416854664013837,16.40948410067479,228.52919313235802,33.03630765778587,77.6630219804884,14.90970130833952,-18.300241727607013,-8.352958396737806,-13.761772099536751
image_1001.png,-15.035607119598478,1.3724272944556581,-5.341287798085915,193.91441844956677,158.07480472565223,193.84293837299938,4.617405141786653,-12.084663321176198,3.7233410823047173,12.315470560900295
image_1002.png,-4.416904439837994,6.545943710562572,-8.776703368475122,53.76065832774334,86.43437879860825,11.948236997826386,9.431478340065453,6.833769896039719,17.468506359890725,11.53296023343341
image_1003.png,16.59402388518562,3.639293803784824,-12.964249527990855,79.07424789213233,178.72046711559975,155.7883665836608,12.507459932217529,4.099141840241735,15.711405250426623,-15.25337782109923
image_1004.png,6.14385908986959,11.350663157859621,13.045333996694893,104.06828601104424,36.61707000624531,93.03117311998227,16.246107600564564,-18.13208478963832,10.825773637936443,2.8731417677516617
image_1005.png,-4.957665614302202,-11.214971752568639,13.410215406782712,136.66272980466664,214.41621070875067,155.80260092269302,15.433942829079463,-2.024134079483254,-8.740471154904377,7.136607047013204
image_1006.png,-12.509199446651284,5.348909315902446,-10.184831153970384,152.1907369900284,129.4561520122679,132.71652324865826,7.005932494060537,-5.2366811456818585,-14.457332346349222,0.4383600793460545
image_1007.png,-14.18915435577599,12.009192306684739,-19.208956781514438,8.026063653825451,60.1132044404415,95.28717547545044,14.337485818942994,15.139585710739503,14.809918098465303,3.376265843573009
image_1008.png,15.478435645146064,-19.410935538858126,-19.163981353959944,200.53810303550057,223.79453256034438,253.93863087824266,16.578078422780607,4.020750611180887,3.767303633705037,-5.36353481876214
image_1009.png,-2.793884696461536,19.864863492536003,-5.156369460489101,219.4393122233031,89.44696226594996,122.66550466443522,14.54560373972628,-16.28075669684296,7.582179229300799,7.883402673423369
image_1010.png,13.416290356252453,-10.312919476907108,-10.340007343129706,176.5167304725542,164.666943246816,113.85273334390381,17.074526163613143,-15.88046441196671,18.902510026728535,9.52052818741732
image_1011.png,12.465258007587614,-1.3530797924057723,16.091050637915806,220.3771001585993,13.210894471433367,99.9308218264343,3.4764505659107385,5.767557066725608,-6.248795942838283,-10.74580314807461
image_1012.png,5.593877190199098,14.682179897865709,1.4785245940917449,166.95776553465066,55.685550788479084,60.766231725103275,16.32138881570716,-15.131601802101159,-17.984302172098513,-18.82469237246566
image_1013.png,6.377153432621313,-10.383969866589023,-3.406930099481933,205.1875420649863,145.92405289930693,94.79136540856092,7.4656020296995855,-1.658966554979827,-11.522196849786518,8.565621018193372
image_1014.png,-1.258667007620474,-9.393889953313268,-9.46739983959407,192.0952321227519,107.32166417449176,235.69527975018133,11.324231106898175,-4.092536093958628,1.2714410176712434,-1.7113898647421166
image_1015.png,8.48839173030289,-0.8277347102510646,-18.067658531454427,233.92661837197957,119.27897234837556,110.00592756295495,8.920828402601547,-15.364175422161864,-11.489575720804517,-7.540304292639743
image_1016.png,-19.584836586477785,-15.09737038556645,-2.3950283872992273,99.92029921892254,69.6013524850677,105.6677961737204,13.928473801507986,2.4992777713910357,-11.025957853475962,-19.391755426494118
image_1017.png,-4.959092569255329,-6.023187605748985,-5.389135204424287,170.2405908360104,226.3842392388597,93.54147921037053,11.89352899480261,5.057440930549202,11.821837880851302,2.3233396286114143
image_1018.png,19.00696875015427,-11.226364739260678,-19.855083685727678,169.19336177907417,100.241115789156,93.36398392692135,8.010337755313337,7.924869407603662,11.069772056812553,19.39754237915401
image_1019.png,9.006643756176143,6.5337247753985,3.334220190951669,96.85680911449968,210.33902851057022,204.7485602044967,5.761484538164398,6.767060675955815,-6.245893796233165,-4.822725176169001
image_1020.png,4.740002968220047,16.370071585592136,17.622244774506164,72.22222394217563,57.96734698270344,110.97493184280373,3.96489712290303,16.204447848667655,0.08317852945737769,-13.930183989723549
image_1021.png,-13.135160404082015,8.593457573829717,-13.323845175388644,74.71964490908753,113.8926080669869,19.015069224792107,18.694548502694254,-5.785767495707175,-1.3332761030602285,19.666798820887728
image_1022.png,-4.840596827709982,1.2481715028654534,-7.808531349775901,49.03816278637555,24.085319729911678,174.00251720199475,6.484142332369348,-0.5149341784574979,19.756349452473586,-16.813725127271354
image_1023.png,-5.464124822554819,-17.565969205230164,14.634346753293407,247.27378060851285,134.64469652163328,176.50092056171746,19.862558378266073,5.17321563913999,18.659648595871133,13.58360919200453
image_1024.png,-6.579126521074098,-17.297124416700747,-6.466923651467988,157.03162941434383,5.939727080414917,52.9863727969966,14.148291124221457,14.219202066181012,-16.37138168071973,-18.927320601419293
image_1025.png,-7.02627119347107,-1.3917900115144555,10.5807311248814,119.88317792523588,222.89515290435372,81.70407074196933,19.183858016707752,4.026379474375496,2.268636994872768,5.346495621207271
image_1026.png,0.031562081926029606,-1.5432001215686526,19.993621698657947,5.450954771880471,104.20682573949787,115.2794734252488,9.79836522883707,13.641885261474293,12.371611048981883,7.17887511162003
image_1027.png,2.655301160542219,8.430369435430801,4.1507188807113415,82.24527802870564,133.11573719427875,165.94485129343232,5.949689309986497,-12.818633831738847,16.73344446745576,1.66712871857683
image_1028.png,7.744240779679341,5.721244401648274,17.188448923220946,34.509845204892244,23.20399260933382,70.12976378995343,10.555380785310007,11.326739043073019,-13.332056457967546,19.06015112131294
image_1029.png,-16.539257103125394,1.0973912518621063,0.6662775489426842,177.26279573364474,209.40366573442773,250.03994223016443,3.777849431669063,7.6767241574914635,-16.056755267986205,14.70036395433825
image_1030.png,18.679228301074865,14.317020297918901,6.3751361358571685,193.906025425129,141.31417426216115,28.78434107937334,9.011909642805765,12.588906385096976,2.911314533066033,-8.72753235826587
image_1031.png,-14.17443616333597,17.60155364351381,19.30604464841356,220.71136391885696,14.998220903581222,172.95227319388505,11.193978249273705,9.119448350111998,-11.106453537270857,18.196122963029985
image_1032.png,-1.0729120208650471,12.894947223733034,-7.373096287269497,126.57354160858569,41.90420492039813,225.42770103717373,8.470568726596532,-4.246355966729748,-9.739562005488,-13.525770195337362
image_1033.png,15.559758830899248,-8.89112291936652,-5.853131586178115,44.57294934298791,187.01441564727074,218.190171962717,11.053927654674332,-2.1849782913571687,4.566297428947621,17.52235134195307
image_1034.png,8.37659755691024,19.246261237976597,-1.8161770115717175,197.95989229327944,63.020042216170175,114.14635591196839,5.768748545066975,4.065487230700882,-0.7439903339158249,5.602256212680036
image_1035.png,-8.01926863744331,-0.8798768153379086,-16.04018277885912,53.59543028607966,225.23585076491912,50.23188309672696,10.029712228106206,11.93374418551511,16.001359177045813,0.8499696804270727
image_1036.png,-8.551166556691987,9.841086316258583,8.09858233449754,6.009280840761294,173.29952981622176,74.07002497337484,8.255993574513408,-14.896393570039365,8.069506686754025,-17.021711686186368
image_1037.png,-18.15246378761186,-2.486553046658429,-17.466987886018043,142.5267493061761,239.66533505975224,142.99940488793152,18.602232335501945,1.5296060982408548,13.720228711095174,10.017547058137502
image_1038.png,13.866683812469603,-6.061870900591483,-0.11775146102783651,42.51280950551126,148.7783991399519,56.45419308963426,10.695304577206699,3.5430047871986794,-4.28698973462852,6.277299653728271
image_1039.png,-1.0641265213391584,8.82154045222756,-16.16135241200187,179.24698611849948,138.33660417392085,184.89362788504525,5.579058432434506,12.621336042370885,-18.57842376045125,11.439721607180804
image_1040.png,-7.578539885931747,-7.118882296800404,-2.0853265443631166,56.58434603068665,14.582841458626506,94.14425829398124,11.278185088088946,15.141728364960926,8.195992755649186,-9.555505620660142
image_1041.png,-14.145563534109504,-11.37953934860275,17.260001850891463,74.98121055062641,23.44209561067963,26.24891296156238,12.046518013333625,-8.477832488031751,16.158057372290095,18.644088278643487
image_1042.png,-7.490295190000541,4.58059931959302,7.448512620419841,30.69965748947607,187.1841373896375,176.93238228210237,15.821972256237922,17.582085703777565,5.140144641410057,0.6461110987821641
image_1043.png,-6.181634244308336,16.946333744473378,9.928212639640755,104.90292041365822,92.86453510206404,54.4168748957922,10.22596432347865,12.377010083050344,-16.785962965344545,-13.83990570638305
image_1044.png,4.579764475210887,17.90402504919981,-10.968448022321757,145.1444610492044,212.2923219021599,214.8487849783053,19.909751609267968,3.998065784363316,-9.975225217168049,-9.980698068843182
image_1045.png,0.8745708759573603,-6.971245399136929,7.15347595843577,152.01016214840237,36.67604949356312,75.99806525097983,6.46453088810126,19.09068970633249,-7.094037431878434,-12.64337180487258
image_1046.png,-9.946200198556578,-12.524844901575634,-8.990824070745589,194.80550149667638,49.50679512729259,178.8011995412831,13.535703247340185,-11.975747497012033,5.563116082392252,-13.292019700243403
image_1047.png,-4.273976437797579,-17.686837985155407,10.814675604995003,35.20586684155282,248.53143146843553,184.33494481897318,5.398851315651223,10.577701307051658,4.860034391945405,11.618297159263232
image_1048.png,-5.321378746510863,4.966193166188013,-19.356151790618657,190.5216412299837,112.14750817313241,217.43384244401076,15.419166953834393,1.5913155620744455,-15.537200136188755,-14.504231206125171
image_1049.png,-10.76554873534102,-18.816284828752185,15.988686311926664,37.95082673575825,80.70759378686074,84.38072456577638,19.87149109388844,6.862065643069862,-0.9633421596998737,7.617645581717717
image_1050.png,18.642708593592857,-7.36888144125631,10.942191824441565,74.16007052134381,131.9927349155323,246.12484728819905,15.872303006865252,1.09282328285029,1.0812184216829337,13.61070388507055
image_1051.png,-7.262106678580462,5.751320502668769,11.076245571903343,207.98982534327746,145.69724598204894,19.872704052708134,12.781112685803803,2.4542818806161115,1.475995051626736,-14.197068237307132
image_1052.png,14.530932733033708,-0.5041079384367428,-15.651534838395138,156.14642505525077,160.846039792175,103.06010070702756,9.153433624821902,-7.575394049712006,-2.0601790623235985,-5.9154885872571015
image_1053.png,2.0890199630145823,-5.312839681282302,8.207534343628407,237.972229551726,98.30804447383822,54.03489474205777,4.87381022421917,-13.682275204244437,-1.2786605501917983,4.77007695795681
image_1054.png,-16.087419095734496,-7.1423128603204855,17.897970811464596,233.69939167775652,97.51640233564493,242.0308729211393,10.429198352513804,-0.3067020060493384,17.20311874258575,-4.188440686441389
image_1055.png,-15.733590951388194,-5.159219697493619,12.031415422735627,100.35410880459467,225.25153880793835,76.8204953012569,16.93152354841595,-13.60105592746741,2.0647018955841645,-16.909405100513418
image_1056.png,-2.3124818707278934,-17.67754928254986,19.725548157738892,179.96182859733432,23.2254088300753,50.32818578475696,14.690503490788165,-3.6206034694335187,-0.31750917473811313,-3.9274572570443844
image_1057.png,9.978350219039118,-2.7894331038480935,16.015722003005884,219.39414365994298,136.0959089816463,65.56683914795644,15.492725993870657,-0.4435150314044698,12.102317062900283,-3.368370755802971
image_1058.png,-15.585539106367339,-1.6705788166582423,-4.043150708242189,21.157441456455224,47.76412838804947,123.49326611453,14.636623089516162,-4.369564923077016,-5.5791927413963815,-4.7031893768837385
image_1059.png,5.080621302494677,1.3286504747357597,-3.5148800148604096,178.57818903261634,148.49084863513326,239.22899676152122,3.156699281615886,-13.215318607003908,4.535427176989572,-15.589951674492761
image_1060.png,-5.840487118120592,1.5175370864408855,5.410484257415455,152.34382724452234,24.99489207798099,51.04247189369374,8.135668302934342,7.798905005856241,2.903475505607659,-0.9435011177900066
image_1061.png,-15.808350462272172,19.191993315702746,-0.4952045488253596,33.3185956988078,26.16129822709975,97.54779682010464,18.424959695296923,-4.152842190395788,-1.2640925850284077,-7.758783411760319
image_1062.png,10.417454241731402,-19.642818649157334,-4.666330312689627,144.6218907775555,122.48064285696111,242.37918337793351,5.654975287592109,0.07595721940040079,-0.52575932953674,-0.44077897583056824
image_1063.png,0.01113300755783797,19.75560373096085,-19.00309643167896,128.8403639911163,241.55573684607697,1.7094449888197638,19.70345371429701,14.402737248433745,-6.287985571377494,17.166163708269913
image_1064.png,8.710970799488685,6.73817033512298,-2.8320957617954363,207.90650565681648,107.86341028832702,40.69934373580874,19.240039546947685,19.745258395119762,3.9220722452340517,8.94075547930159
image_1065.png,5.462700353771474,2.02199263515109,-11.730618678054231,69.48889087122997,110.25663420689798,124.52503017384477,19.857396685390917,-10.287066481533325,5.906446985092163,-10.810729478472322
image_1066.png,-8.536861109218709,-10.366429692123948,6.927839112870213,60.90303567324711,55.68450485534393,132.57971393035817,4.218106793201276,1.1976650773373194,5.995588144470027,1.8632722477106824
image_1067.png,15.740004029637333,-9.063333578446343,15.439573834681973,142.76277888883808,173.22549992543244,217.50515662776144,14.842702586021227,11.108316636479145,12.08518009264963,3.2826042744593344
image_1068.png,-12.28551488142343,-7.2727704606507295,-13.211380720764584,216.78711390171156,131.40370181856616,1.7526740426778815,17.631310745033236,-0.7011033414726988,0.21530411290544293,4.074570501590205
image_1069.png,-17.711947969540415,-8.419225077569044,4.0733744654475785,207.85307140933358,160.61875541192975,203.4784778715987,18.914174293664182,-3.274464773086592,-8.725188563107857,-17.83687575063908
image_1070.png,-16.322029223991535,6.0331245358949595,-0.6240390441108374,161.15205389557966,202.96780583630212,104.20131546650877,18.529826229624454,-14.657954871239745,-13.12958178576305,19.691960299113205
image_1071.png,-1.8213707886711177,-7.982917940305075,-6.2771920400181,70.50173609736444,125.84218960363354,27.070159452034144,19.722962479575987,-18.133441248486292,10.087231559184623,-18.864572892947823
image_1072.png,-17.5772497926377,-4.558688713425001,2.9350415944740362,4.113610872049715,78.64559037422565,163.58795269198131,5.320369433871065,12.010292788433716,-7.027747482849357,-5.869082103767447
image_1073.png,6.750227052111853,4.9233046302928045,4.463669221317616,9.617808358750551,121.00151716358404,233.62789402111213,3.866592644797784,-17.41602110746517,14.793880584246793,4.037016396855478
image_1074.png,8.53335180019096,5.6527252715319385,-3.7612193565719174,213.12742477111823,93.86984514707598,195.25917517547802,11.557611267090538,3.6676951445578574,1.756279985715004,-18.95545812547614
image_1075.png,13.837720215057473,13.648356424177862,10.446964760580268,109.40799986694327,189.98608537642363,5.766615332697722,6.565203906511171,-3.680963555908047,8.224285259007406,15.399613452602445
image_1076.png,-6.553027811977676,4.738278040315443,-3.1327150886189585,228.96623462488577,192.20440169114886,67.81589227590929,18.58182415255192,2.718046830673014,-14.865162627992472,4.243498243401
image_1077.png,16.389184112077274,-1.8857639137979767,-7.279903659055243,114.36948401896052,229.38820203381994,116.33229907325324,19.617139473038563,-18.341196768818758,-10.775725140741223,4.849101730912718
image_1078.png,-0.6631927633844086,-6.823468573873225,3.4242243369797336,203.5320107093865,6.75298022230151,144.87792234508444,6.081092256811124,15.290358960596578,19.531374197433067,1.428458168878599
image_1079.png,16.813267446190416,-17.52301967930531,1.9700875251499603,153.0706789162743,27.50908054019174,93.23332775999488,13.892607847092375,14.672827018416477,7.8429026391901715,16.300623149802497
image_1080.png,5.684188546804339,12.828247615295282,14.812734267189242,154.98468584698293,105.0265629541139,174.16809674625512,16.162749365307548,-10.259913056885011,8.788893278221487,-17.464181599246515
image_1081.png,11.436853848938107,4.9782231345858605,18.648988830473897,112.1363869569823,9.128308319341814,134.33456175750905,8.384589726331722,-5.302683964023171,-13.04504961813928,-17.43451055294283
image_1082.png,17.709198462316692,-16.552154994691396,-12.136578675188158,6.567479594252777,185.5917476633582,178.67631353264622,8.581164704362422,-8.68801611758025,-3.545832223313621,-13.90132102255063
image_1083.png,17.467162820094572,17.76302871498912,-19.528830116311976,146.0110924131163,33.853090400860395,163.11746893269193,11.500471048916303,9.59265285293517,7.87920789660177,-14.046027185629653
image_1084.png,9.965084793950542,7.356746457359144,19.911673404137495,165.6062115113997,241.08506387229338,185.7615601920658,11.203898175208103,-15.573113973303233,-15.24735675347214,11.293014592611897
image_1085.png,-19.859725872028406,-14.320740808143011,13.948964829601358,72.13009846508766,149.02225486311033,119.78892573131435,15.147914581300846,6.976263375936078,8.43832741124137,11.314539666543272
image_1086.png,-8.9380246620054,-11.467216465083808,-3.8364639983944535,210.79624303065046,238.83651156106728,223.5084882461427,14.945789974786752,11.514997458830983,-8.729176386735475,-11.840235490067244
image_1087.png,-18.95018061735915,4.24468425256179,-7.3582754158296115,214.42327328590696,253.13628007478977,109.01122406309928,9.958775371293804,-14.025385998223738,-7.606663103388138,4.965833236131147
image_1088.png,1.4199478751908714,-10.672736521853752,-3.9556657263617865,117.34663317295437,31.85492840422716,253.93070749964474,15.920806594235247,-11.746801978280406,-7.9728853634931784,11.60849749487084
image_1089.png,9.572337774676893,2.638984499056445,-7.508484930677275,19.162587828719655,211.24014693527963,201.01854143024295,16.16128395357397,-19.890843193981723,-16.039776456944843,16.417169917763694
image_1090.png,1.5691550185471037,11.534088918226757,-10.666175224690857,114.56900332318321,122.35522918776158,58.94684487444943,13.520847931678063,7.286309125973098,1.012916998211061,13.686528920577153
image_1091.png,11.16945814656038,-15.23420719119455,13.506672641167768,86.33284105918095,230.20183930862433,198.9742220620273,14.726751523309485,-5.094879965878096,3.141551667356751,1.828708548777378
image_1092.png,0.5030240710528524,-9.557822473738096,19.653227108541387,36.51391559002939,102.17494814712151,67.11261257087254,19.08154219530339,4.6972762836038875,-5.584634954399368,11.585052244383686
image_1093.png,-8.67666492963223,19.16395840777929,-11.91123990682176,189.4280523884511,163.11662727637884,113.88994376839906,11.637666035176942,-5.213805659566075,19.855759493310508,4.85947187476814
image_1094.png,-17.963779854496202,17.607434950463144,4.529222005046737,59.52116048990628,20.0510494117552,136.43478361615342,16.705243726057155,-3.866068314770427,16.281950542932883,16.98777426443953
image_1095.png,-16.395099116801838,9.411603229035002,-7.395272357895282,38.02539990982763,129.1783783182738,177.06477234030427,18.475114305736412,-0.7995898084513016,-4.495010646386962,-4.322116860518115
image_1096.png,-5.801476337894282,-16.57772159102203,-18.306368808161974,253.96391184692297,232.6305271828128,68.41914462148546,6.941604021973793,-16.670242954658086,-10.253411282368727,7.576642640190407
image_1097.png,5.993430186396868,-12.929544186845296,-14.533683862779135,37.84644341592451,197.75848621883443,238.17068166330847,7.656647210138688,-5.085271006852437,-17.414416559293137,-12.165331843879926
image_1098.png,13.050323649454732,-9.415639427121508,9.744588560674057,108.13513924352017,103.04791503030309,152.80725996285807,5.672661691938847,7.803996602701417,-4.956769765914316,-9.134457136280787
image_1099.png,-13.40320318657302,-16.62097799930524,2.2949139352335237,73.00372732328884,79.21992929263146,162.47243517404917,3.0540403495404265,-13.620083780919682,-5.996689480402587,6.83906134047248
image_1100.png,14.028781606631291,4.490491854175964,17.417367629645554,105.02747320321343,238.05854721428616,170.4358818172705,6.422611073916505,17.961507162360626,12.099997807251327,8.066128423261702
image_1101.png,13.557398086771435,19.674470897844813,17.31464521375679,110.76772621391106,159.79881636995864,162.92604353888876,4.4130954417966555,17.35902194138373,16.126387894398448,-9.457869922968767
image_1102.png,-15.188268911161869,0.8104045454110143,11.380814120919737,167.11213106357863,207.1171923051415,68.91133828712817,9.244812642109597,-12.027332038143639,-17.26670133197622,-6.282501430466247
image_1103.png,-12.390112784819301,-1.314756896811108,6.262928268574544,200.19570110592343,43.38077682197626,239.65703599898907,6.333386292561292,-3.4445290699903452,1.4786508400255087,-10.108896665334196
image_1104.png,1.6301921358437355,14.937824060649511,19.564562564473853,14.078913153205267,186.13057424566995,76.77624126151525,19.179328632282417,13.93756534622802,19.385746097784335,-12.692149255392904
image_1105.png,0.764702303285393,-16.940129325430195,-15.078815340563017,158.94831728055254,5.13768203895923,85.18559505725204,10.586791244071595,-12.968340450844234,-8.4698010409663,-14.008578254026776
image_1106.png,-9.348161892069742,11.748782623323489,-6.563889959256265,33.697983554575075,208.6277010230877,177.69261930653167,4.247181933243745,6.4255819777404,15.575352129330035,-14.69958053475182
image_1107.png,1.8204352161201633,-18.247206708083695,1.2657309307291555,51.765090290112944,28.31562222211012,170.35210173667204,6.570631506424019,-14.059350473380196,2.7919317305117914,-6.8072754076228
image_1108.png,-3.9957589821792965,-11.833178564867115,0.1648367742456145,24.086097549806038,110.22558065605561,183.21540142943715,18.692195064116056,18.964303988335367,-16.405512944140224,-11.355638142310681
image_1109.png,9.789593037351082,-0.12503159938439623,-9.499587349019887,6.882688540900512,113.84217422432359,3.3849018817808973,6.022018021175007,0.5314124501818611,16.317093966148413,12.81263578883361
image_1110.png,12.174426759867345,-2.654422209127528,-2.38080810000012,160.63545167448822,54.9849084963602,212.7037289050678,8.844969914624535,-0.005765103089515833,-1.7366170219169028,7.087078710380169
image_1111.png,-1.638528269520826,-10.012473750785396,18.96949840226113,4.856295174258314,7.575709474187376,81.71099490624621,8.325762516886982,-12.31737773304809,11.652786762781233,17.140807226628063
image_1112.png,-15.242013163449526,12.532976070440562,-4.588615379888022,222.32046051407315,236.11329586717125,0.3579785309480943,16.811060756027945,5.8816905086249704,14.56785152945119,2.861509248820788
image_1113.png,-3.4544506233837744,-7.891249846231627,-8.085830092493955,149.14021421675665,71.0741014097298,153.79526962040703,9.689860041424076,-9.296269880499759,-14.9849672880499,-7.9640751923350095
image_1114.png,14.886524730595731,17.715453445506036,2.3701095366462823,250.22445897983422,57.8630558421939,253.98990801912288,4.021917304422846,-16.709912631327185,-8.767007614141127,10.396180349339659
image_1115.png,14.136033462108045,-15.825867287908553,-5.22449319162944,25.108490011039265,198.45603586144497,21.967667363071126,13.02899500945886,-7.7799633280398375,-7.383640380511768,-8.117680051694176
image_1116.png,7.254173421040967,-19.459149736226266,12.286967905090627,66.43688174864009,167.25332873416846,20.80232542360643,13.54584503605603,-14.95655822862702,-6.9756963019130325,-19.12443918835313
image_1117.png,17.58883978894093,3.6788938910696842,4.351350550033509,54.38316167690294,103.12365587104085,22.955999866689282,7.977744804370363,6.7836363954505465,17.042834305703764,10.727768945936585
image_1118.png,19.859418893288577,-4.361791529462007,-7.598386831523381,19.44145223034504,39.24683826812556,215.68491262256677,3.6174923592246335,-11.87525097896815,10.821880657892354,2.694878911626674
image_1119.png,6.4853590486446535,7.385941967082438,11.115237492320698,99.55773201345559,220.1376490851164,194.0631133414448,17.969021592127607,-8.307960175334639,-8.719599440139906,-0.29251605993237817
image_1120.png,1.0082666843849175,-7.213053232020439,-9.982430205255302,45.168412870011345,5.958991980637519,70.10848307318028,3.172113406468848,-8.50078280965668,4.983578421484886,-17.102870407065353
image_1121.png,15.166861794838866,13.60639203341804,-2.2907673597142697,187.9306131821739,160.39425836585218,130.98337940882394,10.475314933157584,9.959871581913543,6.373012025546444,18.021091221839534
image_1122.png,-6.070572449621924,1.3026003758470779,-4.708935120772981,91.65754929138886,70.30344820793714,162.32114570142477,13.693504646060575,7.689481636932548,-16.557858058842847,10.995934160432448
image_1123.png,-15.357120171468136,-6.733028604886616,12.920450373641621,234.3302433545699,5.28101371360407,234.8101873874405,12.941112730539412,13.969363620327009,-13.75565182434475,0.40158563629349686
image_1124.png,-15.900314509400575,4.413154490486477,6.968727447108094,135.50086332610604,131.24571473724254,114.78591774720455,15.479917073258292,-14.91711047565289,-17.892464792217883,0.42458050095088495
image_1125.png,14.711717537837089,9.965946517635118,1.0450751470879958,201.57999384868393,226.0280082874201,134.03881751562253,19.79339994989272,12.109091187908923,16.53005101404476,8.693556178637273
image_1126.png,-5.554210478312228,6.336325775430581,-15.206733456590072,234.3477639849939,180.29767232258232,59.075493273024335,12.799102360434576,-7.278173165560391,2.36094597429771,-19.45481273130934
image_1127.png,5.7590345520665664,7.500709040882295,-17.803935774855717,48.93217418905678,195.56874779541394,65.25132359827897,7.56977698309797,14.73046233055831,12.468772225988339,13.320205358607083
image_1128.png,-18.793313923146044,-17.187291998853993,-7.02623954743769,99.77383813610969,153.4858628306799,125.9103079910464,12.414476252238986,-9.54517715335161,11.997503813217158,14.437236643767505
image_1129.png,4.293753264606217,-19.96097595415582,8.23877771961017,43.938460734099365,124.38901756454717,90.47518919305267,5.561813426765699,2.905087406794525,-19.920914980850757,16.113621953341806
image_1130.png,7.107646471463717,18.13955736261388,8.503534414820685,219.8802759437744,23.562497769461178,47.46503751981406,18.452984231428125,10.578564494606837,19.464015357194086,17.205650236040725
image_1131.png,11.728200376039077,1.5469318912765395,4.9783242184787255,20.509373593565776,101.95081128210909,178.3423396463795,15.291867552898292,2.529179114436218,17.39952438309645,-3.377878774713544
image_1132.png,-7.164420288314005,16.11323321179566,3.0010377581595122,207.483542262098,235.52666049566966,133.49973787965436,3.0397116932198927,17.780187569694917,17.93617044439341,10.073831882572023
image_1133.png,18.242037229497036,-15.87255936290422,-7.501952297824177,185.27756731516985,132.21788093326145,112.97062067140575,3.7826186616821698,16.691793666763417,12.03298307360005,-19.852853610472017
image_1134.png,-0.13974634980435852,6.1921811188623685,-16.711451559032646,39.98068521370181,226.24858193956592,54.39399405054565,3.257013509657945,1.8327300651396605,-1.8783094765081216,-10.09900086792797
image_1135.png,13.237518379803006,-4.323745300959899,3.709355602297709,128.55172980943235,48.6714618920244,41.21537043822635,4.310185022353569,-9.653714032954802,10.417549607969253,19.14891180048609
image_1136.png,14.524880008174556,-8.483698875598549,1.3403696640475573,250.05556918973744,8.165397438845119,124.29939697135556,3.7972570447892497,0.1322985337742537,13.563647788304706,8.25206060016476
image_1137.png,-14.16000632865741,14.13389121075614,-1.6370550237704542,182.29652551947262,185.80462035532895,98.53512555405834,5.7746406687654215,-3.703243108704939,6.878198059732071,-16.719913631342443
image_1138.png,1.4057798780502466,11.80648382724026,19.922750119372694,218.54859685628404,72.93691984275773,209.63201379469422,3.794293932708799,-17.90709359314386,12.121990013591052,7.367904905280021
image_1139.png,-5.300092071411662,5.252760927648193,-11.517197457748534,146.1099245094755,107.13866383542835,231.02472518745319,15.9505620325225,18.257133149311755,-5.9342334704859425,-19.685317253306522
image_1140.png,18.3686851509679,-12.472848405225623,-4.684881818050247,246.28996858928608,118.4739213011454,101.28068964145199,6.785580699637123,-19.55551718763654,-8.288616472510672,19.13314642071117
image_1141.png,-11.274433525043012,11.832114750775318,19.851916536715628,23.25595664607755,10.002387458141188,226.16008578291587,6.186026382476596,-5.287301007312628,-0.3025928926488355,16.863890269565175
image_1142.png,16.53450830445791,-9.029390175934733,10.909266429294657,85.79607140842066,143.669363549336,46.953228953537284,8.007870515773671,16.98893884968293,-5.3942202703299955,5.956735454467008
image_1143.png,-15.594388191496723,-15.636314471364653,6.642850909551523,20.71183421803181,66.99926631068797,181.35994084241534,4.625871678016304,14.031940329615892,-2.3394926030896137,0.9704377241581064
image_1144.png,-4.858103200733602,19.348977094490266,-7.237660437156425,85.49659021466057,20.63630577022608,254.7009365786768,16.0202715471495,13.179746275057497,-16.726599884130774,-10.808934507680355
image_1145.png,17.917448891133184,14.6995884536327,-8.670211958451706,249.22201290789062,112.85643820439478,64.4843909987199,13.575597204225131,-0.6629513741074291,-6.330975856425569,-15.692676546044364
image_1146.png,13.040283259505863,-10.838169067025255,-7.79168412715682,200.4582887673489,47.84317362803298,65.25093810072126,4.947812176640269,-12.792980615223293,-3.1666139399950275,16.810171405843292
image_1147.png,-11.564578160351232,-5.968231433326835,5.718808514107852,235.21601132631977,217.83497041638967,53.238338460530265,16.602269537105055,-11.26591770647634,-0.2175857596912607,1.7062111075973192
image_1148.png,18.862905041973768,13.744377827014134,-3.6987594706095024,81.75230287093588,96.99306807037863,59.72770713251052,19.300981348986642,14.137289441316234,10.290604963016854,14.172708394556764
image_1149.png,0.11629513118268164,13.838175362659896,-18.220982264027064,168.27243089866218,13.699794982487397,13.356171364850452,14.796650676007381,-12.244958936316515,12.565386048382493,-4.533353346321247
image_1150.png,-10.718992454079288,-10.512770181406296,1.8961864620206796,79.64058691779599,196.701341156616,20.722382482322775,19.978942291596688,14.802196547606165,13.660862992702747,8.656163832425744
image_1151.png,-19.540804755337668,-16.477543224922023,-19.16658298061225,109.1210168746028,236.27536627394556,111.46195927305284,19.771628796913156,-5.105943793792482,17.90132024757949,-14.505488609344432
image_1152.png,6.179397502339153,7.013270185119538,-6.106968637075836,10.688770270094404,148.97075374475764,240.04311898112343,13.464825437968718,13.887062239669248,-3.0611485984065254,-16.402679083074396
image_1153.png,15.626376828371889,-14.584694407952433,-10.520192971730253,246.96655996897906,24.275447133838345,52.93878425872951,15.779936444148497,14.671084030176054,14.90975867806268,15.926627638478337
image_1154.png,-19.59891842464578,-12.175440715872337,-10.971260547453166,74.7118010036664,75.11342327297923,127.36594961344898,6.365314791330475,-11.620452494893868,11.900435488820229,13.452187103223274
image_1155.png,19.842299225413228,9.439468270813542,18.0592711214804,15.309824780910409,175.21220147725364,17.657950090389065,5.273686794739636,3.2804268128113243,15.898535682690401,-16.00025320470229
image_1156.png,14.79021102032754,-9.09427113526791,4.544372390642081,18.940504647325866,136.1596351684684,144.90867229156902,11.309393322481766,1.2986955501197848,7.386395722570192,-7.573673255707334
image_1157.png,19.02700569703969,-0.44539987314091434,14.928725979262005,13.915785595503753,135.23778042486262,55.313448421883976,6.777965982330824,13.598098947056187,8.321864619314397,13.442847715348911
image_1158.png,-12.303595076024582,19.16152507810449,8.449413814923062,173.06484270869694,140.92527184330987,113.98964198377215,6.552981364183021,8.266026871836164,-0.20907837627162706,-14.064871475905392
image_1159.png,-13.89663317323607,15.287573006479512,17.009804809740857,138.80783972526143,26.147760210451672,138.36863165835956,12.24740995085299,-2.0665548006685484,3.34374620729346,8.610503701499855
image_1160.png,-12.436275801154064,1.0132408942870725,5.56360370845216,43.528326000949484,11.703740259333923,177.04874849140913,4.379036515038805,-13.35692224174997,-12.358559500108303,-13.875882521770983
image_1161.png,6.790663129785823,-15.666433082299175,-19.16657242501639,120.76217709086082,23.102526160299753,199.6524349235152,12.541232097013507,6.920817953138151,0.6811950541770564,-11.27112784636266
image_1162.png,4.61927213338803,-14.495791572940764,-12.631771134573167,100.06005096378667,239.71933000409462,156.32738925425312,10.413966990097162,-10.070540373530935,-5.824555359158573,-1.624913619185154
image_1163.png,-1.715482704937223,4.190083546101839,8.217617353792647,28.745120450425244,19.308344849673333,74.37668276745107,11.793271276588005,13.28265979276226,-15.322561718340658,7.248325508715823
image_1164.png,-9.808247113580846,11.783427809987828,19.95849832555058,214.14026171526282,29.392282272398155,23.984771648865976,4.292911497828318,-3.8541684744074765,-10.076213750939122,0.3247332749351415
image_1165.png,-7.019968479680436,-4.232724564138866,-7.397476225029504,208.76920521655487,199.2099649146942,129.93691651906295,3.374291500565834,-0.9135765561062001,-17.035215958367473,-3.3879168291030624
image_1166.png,-13.78892770001347,-15.469310780074807,13.145798309934513,160.30581854540415,101.76048305995046,131.1610035118459,12.07117197235708,-0.5474996427886225,-11.999041939082588,12.035162754460075
image_1167.png,-5.994098554647191,-11.027025967470966,-9.801225440837623,193.4314383886379,99.22057201369067,196.84258054827217,16.5008164248844,5.049182603201494,-17.937486357124953,-17.95764661012125
image_1168.png,-13.293363008432726,-13.415936474577972,18.54833616889094,87.681837678096,46.96339364908526,141.32388452258877,11.53009085063379,-18.758355440854125,6.404362764269095,1.2516843066442505
image_1169.png,2.3109241310702053,-5.776476106453252,-4.222481277119062,203.17364901284304,133.28370735092824,158.35966881575953,10.258481221886324,-7.863296676074803,4.352451600638545,-18.845570716388174
image_1170.png,-16.38575137165891,-17.66431331477666,17.344644296510523,239.2728814005462,167.0682139396445,230.7208516514945,8.980197935361213,11.766477055052963,-0.4367194302855424,-13.453090907245393
image_1171.png,5.239741333813704,13.080558035597946,18.21841211275847,132.0269118181658,88.21340202872061,106.99821871367068,7.005352429054671,4.7619533668333816,-5.261915233162124,6.438498010012399
image_1172.png,2.4656903029904065,-14.737801954673104,-5.408629089819783,45.16383107321985,145.14473515210855,188.80141803674266,17.482938975968423,11.439461251250709,6.968532317663861,11.25204597341131
image_1173.png,-14.105677964754344,15.18182515485342,-14.79483775040826,200.8249522987076,121.82869168308014,202.36693036590975,4.839643959506684,3.291843459451922,-6.3864781264936,5.2699495166504065
image_1174.png,7.36003136053796,-15.09892420779622,18.22558071412444,13.841834034596392,247.22405047265687,123.87634671804604,13.458091376731234,13.755955115005165,4.4411182080095415,2.7093266392660986
image_1175.png,2.325508796503936,-6.217148268188758,3.2768524829833368,186.68398320887354,130.09996522744007,203.74281901137215,3.921300919302032,-2.5082697649040853,13.844849482418795,-16.70943083768046
image_1176.png,-13.399783676744704,-16.331917830403174,7.204380915906917,72.75299855472076,217.3464707109212,166.69073973975082,18.407111762887133,5.95964782747982,-5.926158829184956,-2.2854187726845474
image_1177.png,8.00161894508038,-5.736913877229064,-17.004384443518287,38.9815443074689,230.37130263079987,251.19817778613856,6.210005700451271,-3.675511316461069,-10.527159989346252,12.11122906549322
image_1178.png,1.6749584951553267,-17.59585942899736,-6.222634834287897,14.895364239898832,131.1913622229115,245.46848181735092,17.715133271154006,12.3827903976524,4.666479487512195,3.309660401071774
image_1179.png,-15.814606649073525,1.4957339781582455,7.768342298935167,135.23811490267772,184.55487433661915,51.668965381589736,4.831027639266035,-3.80051595171485,-16.797842995153704,18.932951041955754
image_1180.png,7.8444005785232385,11.25445586712474,4.0429221397366675,23.593961931049154,104.72692810839666,66.75126596101488,9.53656525312723,16.31607801116936,12.157330703006146,18.910546984754433
image_1181.png,1.8404393723714776,-18.65399960413017,-17.70507587297675,199.75946612032905,252.31259857088222,91.30106286803812,3.3256629534322424,12.478900711465911,-4.402323722065731,18.689592356613943
image_1182.png,15.374437469319496,-11.973139985963792,4.954985322589053,170.600471738277,251.50113275396168,189.1237835980624,16.143183338396994,-10.945934281872066,-19.710250263624815,-18.33880002681573
image_1183.png,-4.253998105034228,16.358814031118108,-0.46546692802079903,71.56259227551118,211.24094763427584,164.45327807992612,19.62401698815947,6.918759915228399,15.927210987464775,-8.24914544052155
image_1184.png,8.432885732743593,-14.600459700345034,-7.972871460882942,25.456892679201843,97.56362336316263,55.99350889433726,17.862514103142296,6.894460424850216,-9.861079239698483,-7.683052672389628
image_1185.png,-13.225524679167773,18.30606521792695,14.955700858538648,18.864999471432608,162.93699553953914,225.78566807556714,7.682098207454426,-3.3595110505343655,-15.558939029390988,-12.82869150590133
image_1186.png,0.8434469406016909,-3.9902141036576495,-6.727935241424987,47.665800134995536,254.2048288896001,64.90612322223754,5.002507493898647,6.249783925556855,0.3600872021418944,11.64132457096207
image_1187.png,5.06369231839615,13.19618750005759,2.492622339087159,75.09518499072134,197.14341113946483,180.10951738443111,4.4752265337260635,9.502633176142503,-10.685582263955652,-16.131874970406862
image_1188.png,-19.870081704857142,16.944151284047948,-13.164490843622145,109.04237705533002,102.97185463865469,4.796808918654425,13.699002665821878,6.80116273085282,18.91344344043773,6.457855183131418
image_1189.png,-3.3615914583154236,13.04838480624042,15.727025230812572,4.675017803605691,189.56140654308672,199.99003383143233,11.189351751369706,2.8850399973269347,-4.844996318108716,8.185673294271453
image_1190.png,-3.890181690667582,-19.773308212754376,8.792559537086998,182.37323528081535,35.073272875361106,108.65559003121467,5.715050688694668,-9.111236392556554,7.742407615036491,10.621964970491561
image_1191.png,6.666979282496612,-10.386579855444648,12.228191395643194,102.06601018928066,18.882608830262203,196.33831191919748,19.872146155590606,11.538939166106093,15.269288309903587,5.49327167003338
image_1192.png,-4.583632562751996,6.2816483195852335,8.837121316503556,245.07098275099105,170.52895500298263,74.51402241382614,17.179551469278184,-2.143715079737305,8.668689250192827,-10.924061457675291
image_1193.png,1.4889128736442494,-12.87782523625526,-10.09644479505341,251.16203841760532,79.89083381030208,46.1537828803555,4.365496355591171,-5.656734463408357,1.0171524870911632,-0.5710873164933084
image_1194.png,-15.455071360660423,-19.83831039043592,-12.068874471125177,20.06347857091488,110.84512240468376,68.6100785155414,15.112807616023359,-16.63397085859422,-4.8758504727548555,-5.038135211814904
image_1195.png,14.66978508970952,10.612747935010209,3.949890599620499,166.55923674325345,212.47721873824497,133.77928344615222,4.313572873395006,-6.782909953295814,9.828494972378564,-12.175048372757438
image_1196.png,-1.4745561587615263,-15.910175991979688,-18.687767268429354,254.52641019562213,32.18306235205419,163.1624977621443,19.650608488309842,8.037618656678546,-18.755414482119196,4.625199033520815
image_1197.png,-3.5936883132096114,5.795876758783109,-17.28859336479076,231.54907607161388,40.94599714217935,100.68297788565188,3.6813432355296305,-17.438333127200572,0.913737809415629,-12.30590706285
image_1198.png,3.6264446726937365,9.557421384304842,-5.515636842316747,159.55946979897908,33.88840881157141,176.95906147537045,14.826004124949488,-4.951804918610069,-2.044675998052398,-11.43684802131665
image_1199.png,14.03007104507256,4.313073995025487,-2.41241105257005,144.18595960578227,36.26435900991023,225.36353637873898,8.647824893401765,18.364642066776035,5.810368784386888,-6.779431411928073
image_1200.png,-16.705770262062668,-8.082803442726885,-11.60869374488184,125.93720115682758,231.3111088008368,4.487673919453734,16.181497541356016,11.594128552250599,4.124204262201673,19.126859423967645
image_1201.png,-10.96328930892907,6.974376777671768,-9.241570677239444,78.51066970708635,23.902725177894208,206.70796028878047,10.327668822822954,8.264120773457712,18.793103471743287,17.306196154412675
image_1202.png,0.6045506972451165,5.988992947501799,-16.295877912799128,74.3430265131198,75.49573006011765,125.71091399436541,5.5570511628217165,-9.678361793531769,-1.9709345689813134,-7.3531262409870415
image_1203.png,4.59980091111165,-11.014228459375506,-15.679183521221155,36.54702908085433,194.96097507723297,218.2568201984967,12.935112795052559,10.310122894988162,-3.5539122543096795,-15.835853417806835
image_1204.png,16.467277498182646,-2.0999587623723706,10.688255936884449,147.998845810293,240.33644050798742,176.1477919271313,6.887637866535249,11.022974427032914,-5.496826906319647,-8.427466225001211
image_1205.png,-17.120994694688555,8.150358211902855,-10.365714438766304,86.46317301146455,84.71424856400256,97.12909110624219,11.451281826869478,-5.957081611269608,13.140721308879947,-12.869871583004532
image_1206.png,-10.973233009108917,19.23278188111648,19.069427777917575,184.58105900561054,240.23658446420285,125.82451120614758,12.595790693533521,17.331604453549986,-3.3692417776545227,14.681932042229299
image_1207.png,-11.126268862973152,3.4894353973756793,1.8025899287949976,226.38810032194706,16.324318134009975,179.96065611322564,13.043085802631715,-7.689393230500109,-15.712602794625923,-16.718196451403955
image_1208.png,-17.861272739720803,-5.0779478715329915,-0.23884685270238037,133.2351029925145,72.09609500183669,25.94019092524429,18.18793302738588,-3.889350498316986,10.421268835307682,15.598718456801734
image_1209.png,0.7374945641701132,12.015578187824943,-9.418924618060668,82.18430168980903,92.93801255264111,34.18027401761882,7.7017085192689665,4.445203943091972,5.569443349993357,17.498487500530338
image_1210.png,3.3075538407627256,8.856260316033975,-16.668430127089117,210.95615548225288,37.90262047247425,162.79994316179435,12.433410539369175,13.46349411293756,-9.826549394321948,13.370327858730569
image_1211.png,-19.7788142006125,19.801348431877578,-6.858425050741532,159.83969112778158,4.089104990575397,81.25399329707952,16.24486003392221,-15.49079829625574,17.439033277528054,13.56615456447085
image_1212.png,7.4386363467616405,-3.2599158670870274,-2.7240253913544805,103.30934157369305,252.9891777384206,194.08158693555802,17.564831045771193,7.0753059862253735,-4.083239929363888,-14.822741948412204
image_1213.png,-18.349774507966444,18.81545449038208,13.199379792515415,128.93623049281896,133.82806002896848,78.79469820959274,15.992716427986633,-1.2632919024871292,7.128158954565208,-8.78405427569874
image_1214.png,-10.095317029678835,-10.528403815470053,3.269611083978404,212.85809808399662,105.2179065605756,45.74742486175897,18.003446279663702,-18.502543778639815,11.448678601385257,19.891550968615952
image_1215.png,18.109921673390957,6.492709908371587,-14.225390686286573,200.2356858829108,185.549066832569,124.09252216315133,5.496799967553113,6.224388221277341,1.2721583628168531,9.805367360193497
image_1216.png,-16.607290885765384,-8.644380261005708,15.344544968836146,209.51798601498015,76.19907200796786,247.82001674267474,6.90799783319798,-12.952000455451934,-7.05363247484604,-6.661509144954891
image_1217.png,-2.402346196109054,0.6014492852090569,7.202145675334574,226.07016036672567,205.46435196530103,114.29945544609484,4.440821789183892,-6.11768364982774,-7.003576479162085,-9.292015044188142
image_1218.png,-11.648161694106216,18.297838261473515,16.06385820305946,76.017057916756,184.2976810347392,17.99388309223997,16.26196807173832,-10.537180554301537,-9.51548980098285,-8.524855042231172
image_1219.png,-4.732618168573293,15.483019074320758,-6.379541665714186,185.9122712853443,122.62263832968598,64.7137866858069,7.6428640006749315,-10.2704614906024,17.011620378697245,14.717340747355394
image_1220.png,9.762580013984632,10.344903152036583,-11.74492860218589,222.4479891918152,86.40238591891794,168.95265629142855,5.024573002207673,18.75030619227116,-14.682529823336878,-1.24413574544581
image_1221.png,13.024999454247244,18.154968854432568,-14.398156112213032,16.72889161752277,238.4449613752897,221.0233670202345,7.599887646106705,-9.419410953961581,-2.4910305237444454,-10.958787874835467
image_1222.png,-9.668313392419897,-2.641897283566351,4.292958903834627,50.39027910767708,219.46322165653592,64.11603586355731,9.393132690391788,18.912822516405726,-16.200927267407316,13.871998877568217
image_1223.png,-10.2036933724247,-6.9425561591677365,3.492633725377651,12.165957093604135,147.4249772727898,71.75438816525524,18.316341129914115,12.62011867507433,5.975656468102489,-0.5836190424774337
image_1224.png,-8.632449895571725,7.808989713763474,-10.653433899298772,228.04190319453133,118.5287568677869,222.07456264277204,10.680615291409989,-12.857518976413228,13.452745124678074,3.3451103885395597
image_1225.png,4.585643776155358,1.0279946594883143,3.452260977109969,180.8560141627397,55.4299352849019,197.1828131867912,4.0328940642011375,-16.157075503490667,-5.384143207950597,-16.60781691807027
image_1226.png,11.605265978787173,4.358132617125001,1.611161711507716,48.80801347361125,33.339106525379236,79.55163767841542,19.465584273885916,-8.64554813188606,-16.88483037557998,19.722738077012977
image_1227.png,-11.92769301086674,8.31282706386483,6.666949284128773,34.18045490798352,185.80380820780667,110.3845914242505,3.5456674389118867,-18.342271056810603,-7.14510365967036,18.588286182594857
image_1228.png,-4.806148562703413,-4.233536177552182,-17.531852677801343,0.4335938234794279,27.95737551635749,254.05483702873184,10.019684784147668,6.693092145630676,2.026996147937858,-1.2763766836182526
image_1229.png,-16.538523064977923,-2.8227846152974365,-8.536529610021262,96.04404542156153,51.5806788247354,60.04473328348649,9.617590370723965,-8.22378985751861,8.082016067705013,7.052317539072128
image_1230.png,0.9740279270343635,17.818946953664884,2.302580876451465,156.35711654806798,81.69014037821412,153.3105642451671,7.081284207147295,-13.90659429949515,2.904870790980084,-18.943961090961462
image_1231.png,2.122456364655598,-17.918946115186806,17.85061983121018,217.45547007602818,140.3430953340292,51.35284942069832,12.83570158797205,-4.398990451841524,16.350582318496414,-10.927461029774829
image_1232.png,2.495268693051539,10.053408975453365,-15.226361573076899,168.81878988353472,177.95998643747185,139.36044750209405,10.901670153862229,7.764297270993019,-7.507520755174845,8.68867299864863
image_1233.png,0.2783835386278355,-0.6005696044973838,15.47661427870046,84.59697868522277,132.26556727927803,188.3737474288944,17.777584230511195,18.24988943151697,-7.349341156990224,-8.83847006259944
image_1234.png,4.728915065133581,-1.0152774243949452,8.153757636248077,163.9801897412996,149.64145551469767,97.91908402283381,6.723538394736578,8.486039169584899,-18.13347411333332,-8.381144185175312
image_1235.png,-2.686192245301889,1.7064689126677202,12.255532259242223,12.9614157284139,182.8321429203914,51.7175105177641,3.4924868403997893,16.55890020413638,6.221243986963042,-9.108522232164272
image_1236.png,5.420728758954137,4.5590825246856,19.94488480686362,212.86356607547563,146.9447723852644,169.12376180076734,8.268524562676824,-19.3118455649023,-10.232756975456073,17.58720163356064
image_1237.png,-17.332234696971355,17.48326426688793,2.308869939775594,235.94173420993042,166.872456299133,237.57385280835337,13.297824334921154,-17.662412005969145,18.31550484254943,-3.455867877676294
image_1238.png,10.160888547647026,-16.493719437737546,5.021358516450146,63.78168617358539,78.7529179624624,81.97280725497511,11.6957019866945,3.5936159517225335,13.59736116405707,6.219855918403894
image_1239.png,-7.087816387365159,8.481996922435915,10.375371881066322,146.6448694676173,104.9585407863798,164.7231635520496,3.9124423843734393,-18.90505354031694,-2.202067964419907,8.280227708348495
image_1240.png,14.933000482607895,-18.17363650386603,-11.128884661849456,25.910091997013204,60.629358297597086,235.76809123585238,16.36257842388702,16.246619516449137,-17.239802252439457,10.476815921482796
image_1241.png,-3.964169073982667,2.552095265530177,-13.5334410811054,157.5234498927941,134.7059361743106,224.17302134697496,15.818456830858057,-9.296689929147682,-9.466058280880404,-5.906094361936901
image_1242.png,17.544945245501758,-1.2191826609966085,-4.699983047891653,120.16745186022104,4.580333482404281,132.11434957100784,7.261927301800159,-1.6826002676628669,-14.149818305420299,15.652990557816963
image_1243.png,-11.164712824089392,-0.36841834512491545,-13.096146594553012,44.94434872556829,188.43489605218346,135.25299879299482,11.554669991942587,8.701013932918272,-9.225590623585509,14.345357894004835
image_1244.png,5.688391894162159,5.37986621962493,-0.8017707065143078,156.5664606984688,166.60261244165633,86.0732699438521,5.196822663703361,10.410260175278957,-5.558981751976027,4.076516356157018
image_1245.png,-8.924458211741552,-13.230302282519087,6.290001501198397,172.45696795767287,104.9380847338747,3.6866952986955708,14.031167527311593,-8.053040093282661,19.647664619447575,19.957883150937633
image_1246.png,16.64915058684769,-19.083423662496457,0.5068583524643024,136.6425049166939,122.42735947465415,77.74846734562394,10.790535223819079,11.561887731931236,-0.6110022369938441,10.653966104860842
image_1247.png,-16.313526707655384,-7.924266851402901,-13.305401396702333,45.11864334873058,180.87267927973645,210.01598166896028,6.473170486528664,11.720801158017728,-8.884098273697173,5.363668740156502
image_1248.png,12.238049602123453,6.874722680762055,-7.743894284524053,235.12329412750924,59.197210819609005,153.03268876934922,3.2084950615377563,-7.453388021816906,-5.405625130977922,-1.960155775888218
image_1249.png,10.300798082960483,-18.123236599456316,-2.2616393738450036,204.42703187252027,44.6152131164992,222.85904933105937,3.0538673285770366,-6.679686990802832,-15.356300012022054,-2.909819821445751
image_1250.png,3.521347675415729,19.530485741280216,-2.2252032998498166,185.851596243494,109.83396021069171,27.952410083261938,14.678373725516604,11.829785025881634,15.74850768363563,-7.050454616509372
image_1251.png,1.3751505432173694,5.329413219983156,13.877949693006542,239.78416195917376,19.207046606086237,116.24978147450848,17.560132784586045,13.570033580729785,-17.886083004660165,-16.2034878622047
image_1252.png,9.682288145377221,1.6409046587534846,18.068135477021293,131.22390380553387,175.4967719079808,181.81095715484403,7.097679948153645,6.45795359561447,7.051827460881682,-13.648326186273447
image_1253.png,8.243666033352653,10.032878298962046,7.26816570038206,246.12910922841252,144.70963151078553,47.89074069325029,11.995926949566789,-1.9290516170366203,13.26712608095351,12.738572902020657
image_1254.png,7.443778626884768,-14.874562256257594,-19.459268268304292,37.145701762003675,165.01171624491727,236.6788022287296,19.70353219078774,9.910197779331238,-18.53446842948734,19.125556918667186
image_1255.png,3.707574039785719,4.263819444111874,-4.033914408624906,179.79048720713178,221.7482709356383,227.84371820077632,3.351824487140205,-7.5476162415524115,12.49760086107473,-16.23992781611451
image_1256.png,17.736290490460448,16.80885824025659,1.742715182346707,65.35450170542758,252.33948409047034,134.6317105361243,3.334643939250965,13.802641475718232,-16.6274659854572,19.31987205025598
image_1257.png,6.222765692734924,-13.738520148409163,-13.484113897459764,209.11221861841764,182.3159666067506,173.756407211496,8.701754235878107,-6.170364972214397,-11.16517605858455,-16.085383387625992
image_1258.png,-4.9873121012898345,-9.964150691899864,0.9568071456497336,79.59834719835607,122.24931111416122,60.78557513555114,19.85797493613125,-5.391134912038318,-12.83325255518912,-6.638165253625976
image_1259.png,-3.5743705735846234,-14.840985729120643,12.986762811026146,73.13108235964746,199.1681518527015,74.3719298648414,3.958647010048095,18.841051934157328,-16.561881920660557,6.228256742368551
image_1260.png,11.991864232760928,-15.37582267488084,0.18473476262112243,64.91801893344353,144.66684393213754,186.42343726485697,17.28092378735588,-0.052954529631609404,8.32632055450432,8.868872502663272
image_1261.png,-15.830371277798893,16.752701007092497,3.215408045502425,197.80945140246496,122.03545173006586,125.81709033402214,4.098290005202464,-18.709074432740287,-14.358365162054692,-12.877490284812563
image_1262.png,17.781159206104178,-11.839023095215623,15.506490983450682,163.53026722933262,254.19857989621437,200.10608915055283,6.403615850042173,-9.967833929093821,-11.518207104011893,7.057703699551702
image_1263.png,-7.3064559193472345,7.085799920585568,17.000171260236172,25.459239832594932,154.1264540165597,195.78527387010683,6.497475682891588,10.628640780528858,18.909721637903893,6.852019936968038
image_1264.png,9.17686098677995,-6.267248418100056,-1.492334584445068,69.25034953487831,66.80566425428539,246.58378672641967,18.18446710436803,-16.657168187545093,-7.590809983062986,10.716158213075083
image_1265.png,-4.461719437893276,-8.637958448409018,18.418884311508783,56.97627846724473,76.29618918796359,167.06661718090953,19.466793583574344,6.1122007135771526,6.394784078433684,2.9670085740400935
image_1266.png,-11.872031807540889,-5.19871237237815,-11.868743682614248,20.347942610465484,25.184903149264336,105.23278387012424,4.357728334636735,-1.6042137345400604,14.108860574859584,4.283333209284699
image_1267.png,-11.252279836920852,3.7157902543746673,-13.266010422010499,16.1818314669438,213.00859925797286,70.51548418044183,3.653383351639647,-0.046327320275935335,-19.225921168240507,-9.053565797234207
image_1268.png,19.04981334507704,-11.062620729646397,19.093835435316898,239.46568041711456,121.16741624253605,40.52467476210437,14.069536489078569,-2.319396019878859,14.374428167138554,-7.129657128677639
image_1269.png,17.317031722531148,11.398358141708343,-17.38295105890093,5.641395905262375,209.05704626684238,168.09011464015103,17.70387699528608,-5.427269182242128,7.701839869377714,-4.60462125461655
image_1270.png,-4.591500096225399,-4.533633827560628,3.7071333609926604,95.67578183592643,107.22861377597609,195.9446417022173,18.346507892597458,8.049850998102379,-0.1566337522257797,-16.703648158887102
image_1271.png,9.916986580324867,-10.539911446129029,8.224772401705515,70.12645102585898,39.35681232206575,37.79018818264054,3.6728327364418583,-4.15410410830733,-11.756805415003178,16.950806632520546
image_1272.png,2.1034619643613475,16.7527836824041,-1.862834333795437,98.53912571289904,185.19907938772238,26.98783472084487,14.900727446948517,-16.448195363841055,-1.2093771631713288,7.560120233901479
image_1273.png,-2.7792138912648596,10.564235930628673,-15.520709166044963,67.51045131269605,224.80981916699417,124.35470774108967,15.428009608007287,-3.8673117429244925,18.395386079182934,-0.49133710501750727
image_1274.png,-2.9859984062711646,-12.629191099678692,-1.7010178877091278,126.37764435237862,145.311319957224,27.639685374574782,11.93279913777488,-12.744734693155632,12.188002360602418,-0.6343364941858596
image_1275.png,11.573506866838919,-12.129367945461826,-7.695088296872479,254.24056661519353,6.322362067517503,56.196188605310475,9.498287219337247,-14.490933663103824,-10.75587378722389,-12.688468461735116
image_1276.png,9.627935653977282,-19.107690339358193,-1.547193413344992,156.8272677562852,137.9944359906441,242.85301696628954,4.833769519779373,-19.272861817821564,17.733589463943936,-2.3598473950823653
image_1277.png,-3.9751916868191763,-2.9123051871719916,-12.886739858331975,110.2926209354606,77.55233293691043,35.77167537892322,18.31302647821256,2.9365838041640515,5.687932416240592,-11.623973828943335
image_1278.png,-9.059649496649321,10.905099237464274,-5.632722950184439,219.85572858859382,141.29482079472646,227.71514734174673,11.717974468250546,14.854736117464071,-12.925298762400953,9.372382492207343
image_1279.png,3.094313896051876,-14.315442328971857,16.75085719388713,200.89511898300293,212.06442171768435,102.52728826011838,3.587579028182498,12.034140483331726,19.400888618047325,11.438473641591091
image_1280.png,13.8581052422183,10.257978367485787,-18.132258384387466,159.51608150558883,208.80729683368244,95.06755134455709,4.286320609766314,-7.741987300509319,18.725007322262044,-10.112213519395334
image_1281.png,6.874760825369361,17.223409020447072,-19.027031809658595,44.136576387025784,66.18042611354633,117.22302076748169,10.049708287811633,15.054246298758002,-19.2746538609071,-0.5439737758481265
image_1282.png,11.0158579077147,-12.412766856183609,-1.3918421928162346,132.91381552473277,143.99663068857853,168.4738482350033,8.524700326310228,-2.601991038521682,16.29160857969452,1.7094668451892723
image_1283.png,-12.653192103916279,6.038900993662008,-18.438718096865045,44.14317008337947,19.05372630151314,118.87816438576812,11.18032759504395,-1.8511942409769375,3.1863542141196746,11.45393763955541
image_1284.png,19.180983121125273,-7.838347326160701,15.179924284865074,36.884593251984086,97.52357844043172,185.80015247984622,9.549195897382784,10.751814670711507,-8.828621683754033,18.62056612713429
image_1285.png,9.671030335227467,-14.231448940800053,-3.667383059404685,100.31135137553086,161.84134043078254,8.059593637457418,17.603514210985697,17.25235568389172,6.55366235594218,13.58322982546759
image_1286.png,-7.54899600334333,-10.818886086076688,18.66238965021617,238.93578807227914,170.50110508884637,134.3690641944511,6.375656813962258,1.97708393394716,2.723591980721828,15.3560465765826
image_1287.png,-12.748187342625146,-13.908578116395368,-11.439645437558852,163.1602285570968,1.7799866959251653,223.97334319675033,3.2831623411280906,-11.712574708182135,-4.253881461448454,-13.246090362193375
image_1288.png,-3.9808855466477837,-15.985522574733068,-19.45552733962261,84.73638625155502,59.40787702636306,58.56022804850708,3.8927046630378763,18.36971714549724,-19.857987019740094,11.028297222816612
image_1289.png,-12.857309876789733,-2.6523241537998423,19.719213423654892,134.97309850522103,31.925009139003244,247.48939023376656,18.446251775258176,12.858097440598677,3.724307797536788,-10.690425340847419
image_1290.png,1.7385746066802774,4.207057267068105,-18.86853726518676,246.62579044346978,190.04621521189947,18.27579417280739,4.789717587574,-2.4243059022353393,12.845881329318011,16.46518709599006
image_1291.png,-4.397425457292048,13.681901513771656,16.86707647751274,40.843914794579774,134.70343728107957,106.52593371972588,8.481684539344137,-2.5761359975079543,14.869160355373275,-14.893732470045627
image_1292.png,-8.762769640879391,15.990970219780507,19.55910573397776,64.21892467036753,35.12531024258145,146.55655798132483,14.30331511007945,16.485471488820302,8.33184255614427,-0.41973205758660725
image_1293.png,-6.473171554498766,14.886038760323139,-16.531740243534546,170.61089783492855,74.77078066525135,249.81186010223337,13.608506944179599,0.9967635614499954,-11.062141303767259,17.13907306198385
image_1294.png,-15.89190464433036,-2.9451447035431464,13.678185414403302,87.60382694462106,90.13401891428178,207.9550234913381,9.622151399039579,4.475407110920123,13.806033283350196,-0.04170649791970504
image_1295.png,-1.0736124667058853,19.966323987792016,2.2880374125046465,166.18535784337624,237.78213910816888,20.107594970517336,4.273077500648146,-4.992531966652326,-10.412002196704497,-12.23308460964358
image_1296.png,1.2496598637060643,-7.056352789737762,-2.2068950825204396,80.50912477568934,217.5854609153215,74.1523120232138,3.9237928761827736,-14.888482844411728,7.622240628497977,-4.937236901924745
image_1297.png,14.221838515134166,-0.6146542327711444,19.954647550134254,130.71628301056373,94.78645204357545,249.45339613842322,10.695521256547988,5.577843868371296,15.768517888119774,18.815921595655006
image_1298.png,-0.14985399371519037,12.257579398891345,6.334945630990788,246.4248220569501,153.12241921850534,177.82461053974552,18.021478498363585,15.568989345796822,8.558097919510168,9.883051559417368
image_1299.png,2.8562380417701227,16.692794220133884,5.702244686099938,21.335259142503293,193.36509388448258,28.54005432564418,11.830455919643168,-16.958472660006446,-12.572792754695548,-3.080781954068893
image_1300.png,1.713337628099012,-9.279865281589302,8.095843634346128,131.97902351539386,35.15024257317045,197.31014801457087,3.543199316709152,2.854707795803723,9.250889941164338,15.608501406640215
image_1301.png,-17.821308564179464,19.54314099261893,17.54441687357015,240.45371777357633,2.455746381935388,24.190959815786822,3.704348805036854,-2.811941559540017,12.384116646278109,18.538906067470194
image_1302.png,14.421799590992038,11.465855834174398,13.330593448020593,244.83521059800074,148.14652226114447,221.87300762156443,15.44764584703301,-2.6940878216823414,2.6860033597413846,-14.54900950832046
image_1303.png,5.659350563743402,-8.06732752281075,17.068032910265238,211.93614853668325,160.15566086036804,238.26362009501076,14.2810872801661,-0.2036693574190025,11.527299847950818,-0.7968339473318267
image_1304.png,-0.7937235829723264,6.958907046994668,6.268719104746715,228.11522425753932,228.76393071212811,148.91374152822092,15.78450590546795,16.059088371542302,16.172018618598095,5.0729422251255585
image_1305.png,7.188277128903302,-8.690534129608697,-17.643013363966187,129.78833105681215,243.2434568408194,173.78108804730778,15.645317551388642,15.357394760957838,9.48624067324726,0.7620535040491703
image_1306.png,-19.146572681254494,11.86627932947492,-15.897588537294759,132.39369928677863,40.64058423250682,113.4248429723192,17.611958057365616,-17.00479741484646,-15.861698479716463,1.7632515408760483
image_1307.png,12.50062129389866,-12.243866994528423,2.6473525212548985,31.25246285100239,166.9404026335989,105.06863012173748,18.592086380450098,-7.202361859007361,13.087027075956897,10.612543456221907
image_1308.png,-18.78915606545213,-8.661291588764595,4.74884901530708,169.53548003886903,82.37458884188655,224.50158192228213,13.08049552207316,18.838412636438747,17.34985381198039,1.9475078261400682
image_1309.png,10.436909714670527,-0.45122631899745613,6.945775735031155,96.95446950053763,75.23458971214707,146.6709205708932,4.1777514691349165,15.355278168879039,-17.57262216807434,3.241723001663722
image_1310.png,4.411334605974673,13.822974526465075,1.099785994557557,111.57958692777497,1.8108098415698615,202.02636094938876,4.293870606652572,-1.0717505155160403,17.735266951858833,17.13185995781923
image_1311.png,3.0272726198524893,12.233814115374585,17.718268261303365,168.57421764349857,212.62636818539858,221.51280085878685,13.509470088593941,13.92909999403846,9.421354714393111,3.827847907330913
image_1312.png,17.421574240145404,1.3035504839855676,-10.795802128316328,31.875200350881673,92.94596936231198,241.21403953722955,14.50657753724499,-13.165466238508632,17.8238757722852,2.296783836546652
image_1313.png,4.716428596907516,14.507010806782873,-7.032704714680831,3.4909058777348516,186.882517773651,235.6201612078949,7.491025269780463,-8.627268987062502,-10.550761855664428,-1.9688979159216657
image_1314.png,-13.610011264228925,-12.56868364794478,7.899556363574124,109.94853016529976,99.80123091085403,126.44532736747347,12.765001041795125,2.13649523698486,11.306374643024029,15.29409269833608
image_1315.png,-12.778064894797172,5.113088813495807,18.119332063734184,85.13698836392325,234.84237180353705,233.957194690134,18.53969221624081,-9.127566404187654,-11.522995866122422,18.728001130758763
image_1316.png,14.952195244563235,-10.724110514575521,0.4013501170988363,120.11638761588362,151.53623552303264,4.366337655471522,15.237623753332786,4.001088002351857,-10.731581620656335,14.827599707059527
image_1317.png,-10.982065789181018,7.42107804819036,18.102622038507434,25.18837567138459,68.8492087602039,111.89159515729116,13.196193390309116,-6.387029293628972,4.543705482579604,-7.197091721476276
image_1318.png,12.364140708555475,11.17214878558051,-16.340455860040024,42.34668261398809,80.03804500370087,169.52511558482246,3.3779488311935473,-17.262719913012642,-3.5123128871854945,19.100083656189675
image_1319.png,4.3948966345709195,0.550482963730655,4.245570501381891,41.31569843143922,149.22124924753695,234.5875769223489,17.072296765973718,16.658275810173734,14.012179342537216,-0.30111323897810394
image_1320.png,-3.220411860032261,-16.523367462302158,8.794645831388273,65.08300045985136,63.404266969625915,145.2266698230489,8.699134607021831,14.764358760722033,1.4151449782937462,4.430814057051386
image_1321.png,14.939868408835373,17.26692798862431,10.789515364341405,11.16899568640885,206.8559489082212,232.71117713938824,14.259494952583282,4.427095345807036,13.78284623221407,-10.720915926336335
image_1322.png,9.183212851632302,-6.845461836382416,2.838182665351461,11.47660355941789,96.20470718478822,81.02231172515823,4.465264834097671,5.534707591689148,18.249091875649015,-14.068932470748688
image_1323.png,14.585233120091814,-0.7370298503603046,6.926581965561734,44.86578080245376,231.9703700633398,67.79214849581942,18.413524206104558,-12.1368994718501,11.88475261383958,-19.433115688927643
image_1324.png,12.438566321764426,1.8901474377958714,-2.358072686581714,85.76777022690862,56.49273111329807,81.23803192410483,13.805050067028127,5.982630229571647,-11.782951695274622,14.88059492480918
image_1325.png,14.640458568137468,14.936842852344284,12.628872691693992,23.56305574994409,165.4107249397068,84.95815147901908,9.955189506040526,-9.673467852479721,1.080724407680826,19.339094744783687
image_1326.png,-12.79530887114424,-12.366389679687618,-11.065932731059913,35.74523802135943,75.27878475764756,240.95609659825104,18.45106113145308,-12.444279018136628,10.6133862294794,-8.003921833673235
image_1327.png,-5.983857823579459,14.132931562879818,-7.750779267880965,191.3713067270458,110.56043330235286,2.821758189732776,17.815338241200685,-2.4264666752757904,13.088781928117712,-4.243777027889056
image_1328.png,-13.98916556303043,7.680677648365005,-4.255921748403537,59.73541803736299,38.78010612481442,224.07291342729042,19.08040467743399,15.231499963940166,-8.040299769173807,13.163325223830071
image_1329.png,-8.002548002923827,-14.746284510697869,19.574551918781765,237.67417320460387,236.7592046880196,53.89028930048544,8.14737989059828,-1.3208146173223803,3.054309170164796,-12.516952088824311
image_1330.png,-18.767384286232648,12.902564928102748,-4.232093855737622,218.9594670215441,112.3881122989644,87.35048361300977,3.4963831189306784,4.6285102836588905,-13.552182697045406,5.692711057560757
image_1331.png,13.33618075136338,-3.5345299989891004,7.878387236196758,235.71886349262908,73.05391821495128,142.5969865892485,11.75964661378677,19.1169971505581,-11.396284021811912,-19.85666509305315
image_1332.png,-10.229179171160773,18.91941737386191,10.634743337613909,29.248797390471832,19.1290452498309,148.36488737345422,3.4328904244453944,18.515491632931727,6.308104629026197,5.58275096639386
image_1333.png,-2.3243389094012414,-17.159281112028076,-13.087297737669621,219.6307892708391,37.00639690364343,131.95769439022408,15.386900300871517,1.8162985606151594,-8.165222348197418,9.314204085900705
image_1334.png,16.129162328447826,-10.138679987351743,-19.627915366556937,121.95281143106291,171.31938492413389,48.84642845795218,12.45780123542095,8.395169175976651,-8.963993870072787,11.889874102014009
image_1335.png,-14.624256164309468,15.293419595362984,10.991849830267345,242.84232287129933,251.9556283200058,104.99223060574158,13.541944594302631,-9.251031245676202,-9.144684147717324,-17.31815335940352
image_1336.png,-16.4690770681823,-5.036497475395926,7.9742167016432575,149.39735228635783,208.8641583081856,2.591051602965625,5.673515456189046,-19.322117985511923,-19.78603343221325,-7.361544962262352
image_1337.png,-14.639485386964894,8.021550781056852,4.141071991079073,187.46085325708302,37.91009862517683,218.99779226689606,19.570670779904933,19.606269466902916,12.065234807734782,17.97741912119919
image_1338.png,-19.170459875998223,-19.921131818844188,-2.0937788675210953,244.83159489485294,42.491967241387364,84.51965381101739,3.3447676008098206,-4.7620633466063325,19.492792625477797,-5.713088728182335
image_1339.png,-5.178728843024839,-13.654684767244095,1.7446540895895453,79.55300757094008,112.02654531160434,76.86425801226504,17.277901099283817,1.3809286917159653,7.61682164672111,12.65866613637958
image_1340.png,-19.130630998274803,-6.269009066014712,0.6695363046739828,252.9261246559907,222.41069103509167,110.42561657132826,7.1095268862611904,8.256224951912241,8.256100487565025,7.50437221039909
image_1341.png,2.309118734867962,-12.5037419652026,-8.86825365614893,117.02206964743883,205.3669767241844,121.74933196565183,18.050282083579035,6.58529095385903,18.272622213325974,-3.3395217752062756
image_1342.png,-9.19022434213903,-9.828270010008273,-3.065096066089012,249.3564007235004,252.70638187542772,111.9048177637295,16.59973235277331,19.962957539733424,-19.19510334660064,-14.18708520316429
image_1343.png,10.133539711142689,7.6072973449822285,17.627897863326638,127.47003410860648,99.6860891436743,85.88541462831432,10.70055875848856,6.554284287045423,-2.6247101894471534,-12.171226213541253
image_1344.png,10.287412827833514,17.330380589212695,16.856240722722113,54.64308451054992,141.7436309807803,191.81275529479117,8.76732049884959,-18.670282506026098,12.836651822169273,-9.628497607815225
image_1345.png,16.619147810975498,-2.3167898268267635,-2.332974466439847,51.31028482135871,238.86932666155028,2.508334009943697,11.96566979297221,1.1604516743327373,-7.030714474596703,10.40203057853903
image_1346.png,7.088801957392533,11.032808614325308,-14.489975007372777,114.65740785885596,209.7902220060687,184.9829617257201,18.148569838451202,-18.19837022859135,19.966477559286375,13.100908188801334
image_1347.png,-4.012860989088054,14.40728021866861,-2.4653559255741477,163.3898184496401,222.06558693119837,153.86604246321917,16.525809293313245,-15.310834283926415,-12.820445122870957,2.9035259982625625
image_1348.png,5.55749937037422,-18.026656225153566,-11.534033377604839,133.14945361342225,183.50917742914694,112.00323243805833,12.720404002337546,-2.785414211073064,-7.535297761982807,-2.895586205689753
image_1349.png,18.38563337715683,-16.36542586900135,15.77205363004665,26.85205134901999,129.52995655038293,102.45566376707488,5.343005152089676,-6.929913761190836,-12.136923135059789,9.364692560799192
image_1350.png,6.191495220894588,7.1548845713615705,-10.394840618086576,252.43750401979753,166.22045705328426,111.424725720495,11.35954837323828,10.456128223493245,19.847565193133924,14.840227060505526
image_1351.png,11.94254519289742,18.944668375860928,-10.21404298163306,96.06242214563132,48.368782217767176,95.45767449153718,8.436951534539578,6.87340447892668,-4.895712085333601,12.83429506867305
image_1352.png,-3.766533171629682,-4.410241522610615,14.077510491618582,12.455966049270225,210.44418636523835,197.02841680281082,12.21857039829248,16.451303996224482,-8.428130768278631,-14.717299719183563
image_1353.png,-17.132219798562094,-7.307546258513128,-3.1330217829930618,8.285281879189634,22.419736307996452,114.70956887152846,12.726049131446207,-2.9079501790119053,-4.8741792260127035,-3.419749625551969
image_1354.png,9.139375967972011,17.722302380152044,17.397749452372516,81.94437978327194,145.25997776887857,233.6590200781205,6.413669811993002,-12.3159195442142,-9.372993922964978,-2.114885980906543
image_1355.png,9.730075357988149,17.204218149416462,17.95669656611979,172.3093135448759,97.08185012476297,202.42071309769437,17.013719685700295,-16.39229448966335,-10.075832685929264,-14.881584571258797
image_1356.png,-15.667375180220834,-14.127723702862438,8.523111149002133,9.647227199178298,98.57462989627497,63.58376016290705,14.652945269085308,4.850571875521478,18.401437288182898,3.331483020574467
image_1357.png,-12.390918270411895,-16.200548795247567,4.283562429282721,132.50381914814636,139.03415562513166,3.5354420822923904,15.718162517810965,-1.2770231513293524,12.284424668866016,-9.67462406017102
image_1358.png,-12.783333450680136,-4.767421586967643,1.3431069432792384,178.8280559853036,67.51715233935457,137.67770233988912,6.5719007148656186,8.702628095119604,-9.103912095565988,2.454676541675397
image_1359.png,6.022522189174545,6.759568529090451,17.643992970053617,152.07697435952826,241.44058530238536,163.23809455652483,6.7681586629695305,13.88003535546271,-14.394520595356536,14.838786791919588
image_1360.png,13.232592526122225,-1.6442379822763584,7.230583878960996,114.84177268766776,123.75371435039561,101.21357974842896,18.83099780068106,1.8885367604885914,-3.1583803955526477,16.15509523188507
image_1361.png,-10.111217171592468,8.476757642762767,7.699450907955775,63.15130323770749,215.80179644399786,236.1699861387256,4.185907352775679,3.187524289483097,-14.585374491871574,5.10866168649202
image_1362.png,-1.0180916038628354,13.290126162152916,-1.73083600392415,154.48082054557452,78.18852856908457,229.63450272060277,18.901282660728235,5.314511378946772,-18.69575895549137,11.793049465857738
image_1363.png,7.070495095879746,8.38233436861394,12.552245021486137,84.53106902414501,245.66223653957732,44.16486657465846,6.220287663462278,-14.286059319763954,-11.160860441462379,-5.661742662361494
image_1364.png,19.645653987622566,-15.21232228831273,9.598037359290707,9.703726677573266,63.28799836536198,211.8970879414408,10.879560852034007,-2.256790754851025,0.7566627354976987,-15.867164181258486
image_1365.png,-19.493562718792653,15.884805985710614,8.672424318262575,179.57445002325886,142.73049307960218,142.12075864576474,5.204356384412979,-10.767306248541244,-7.6952365113846035,1.9467852078880483
image_1366.png,15.441531392867113,-6.465371818186787,10.048228361956923,86.43057455378649,104.26583616011439,61.06832197180502,12.071974105741107,16.235949283542702,-18.371949546430137,6.978952571394469
image_1367.png,-12.085636992751105,0.06707934914112812,13.088581236897781,130.01838550464385,73.8541195131496,162.29225319746485,11.081520712639197,-6.953730203189416,3.1617822617925384,-4.197703588418168
image_1368.png,-14.692502848586248,19.15946414965039,19.84079674292891,50.33883435031401,171.55751147475056,43.80846233383785,8.417422969032401,13.216657253959156,9.273376983605715,19.860744183439287
image_1369.png,-12.37063130053457,18.75801615065538,-10.886210048342901,163.09931726939698,163.54560417140752,154.06804413028365,8.369348248644826,17.84156917916937,-9.891908125146633,8.149686924464675
image_1370.png,6.133062309147121,10.056664286609795,-14.939482705728672,92.81671282050993,207.38223398295418,40.58605756962719,3.3747116700788644,-19.868995806576688,0.5083878151764019,-18.681444117336937
image_1371.png,7.287184815410374,-4.711015626025308,-15.232901247407495,23.80109292383698,52.81755159344524,217.86331228742407,7.7927744215189625,11.502375603531299,0.45644948717822587,4.556402142647343
image_1372.png,-10.580075584065348,-3.633238009731631,-18.177602038831058,64.92621864117115,131.27628167639435,162.949123617392,7.426909216465881,-1.7333716570992905,16.917084138470926,-8.765914258489289
image_1373.png,-18.01278566574063,-6.613200291264807,12.924840006878775,46.368616852270016,201.1894866346972,133.11913815754076,10.84113879553442,-0.3630330150219443,4.511420432010521,-3.97419119039796
image_1374.png,17.731969683329062,-10.147240665809045,4.725033852673942,111.87079594387605,164.41024096089828,68.55744759785732,14.657061761802101,19.957281153627157,19.011293928305463,17.688879845087
image_1375.png,-3.7837188440710356,-9.729479579618086,4.3145790114773845,85.79368705671203,36.80775741364458,219.04349849735007,9.986781672931667,-3.6181979221021763,2.245927879273264,12.226559295050293
image_1376.png,7.949504467780134,-12.630726817743652,2.231997804198528,35.26615802306917,82.31607023815958,37.57853785195852,13.336206571435731,-5.34271007145033,9.09064689949318,-3.8655779111910427
image_1377.png,15.106950987746416,8.776819526851298,13.410004068971745,44.07895139811286,155.45051216672547,146.1597099468977,8.783377090462805,-0.23517419819483365,-19.247744453856328,17.213208795834703
image_1378.png,-8.282742849991408,-8.88467459565832,18.352556859354188,14.044141411656318,208.73522191839967,42.50674187465266,18.543013328516533,1.1982243845445666,-16.16302623986702,10.268094534421202
image_1379.png,-10.253480248694466,-17.201936785103662,6.211245723208478,63.9498207933604,244.20006530509997,223.58405116968237,6.764355999354745,10.342090336383563,5.110030142707775,-2.753028338690129
image_1380.png,17.93845722569212,-5.2205329153270785,19.34645612095285,143.21009029557578,229.80422000196384,142.80690282980314,9.476256801826413,-0.28728451914486186,3.904493072848858,18.04829994098675
image_1381.png,-12.817381027543625,15.95128655417706,-7.051122060885557,219.38178193234594,179.65785592514152,205.7397367077348,4.493768889793849,18.42575138617542,-6.966557224893183,5.6534222860175944
image_1382.png,11.100952182068188,15.41292950857028,-12.444410752066402,166.7919776717127,120.76365269990497,183.83273329731915,8.611981365042304,-8.780858151265125,12.705597861863367,1.2982903000614776
image_1383.png,-17.64456764487862,0.9767050762718199,4.052106992871408,227.55469502768756,178.7948890342946,172.20404708378575,6.348639155983163,-12.515263797000596,9.923200969701988,-2.8419879575036475
image_1384.png,-4.397460790514787,7.652783805959714,16.858311910503524,83.33840908921688,249.01423795213788,16.963231113365943,8.31881789315636,6.621483363964408,15.041712859678789,16.927281088106987
image_1385.png,10.791706887384144,-15.389540471409045,4.30586496074984,198.01149854691363,214.49385680926846,219.82294281721957,11.369047111356597,4.1975588148145135,18.320553319410237,-10.218668453690114
image_1386.png,-9.756694077898036,13.621690627868595,-3.717858762118098,224.83440153676472,205.69786155540152,154.82669489471775,10.059613519401157,-17.808880427780988,10.65994513381888,5.96434636529327
image_1387.png,-17.907523722980354,14.46415448346665,15.03476258357913,60.713083251539345,153.46219427438038,218.7881100455457,4.716472478916321,-8.54315692026573,-0.6314207575556878,11.765321774780006
image_1388.png,15.333847059744429,18.124650290782128,-0.848458907028764,233.17548696923166,93.1887552016745,96.17927058811962,16.97564533836203,7.5303799188202625,-11.437759406783684,10.361418056258106
image_1389.png,0.9355207895270503,17.56894942935231,-4.844137518342194,199.5686984425184,248.50395536534916,202.36403949296582,6.057070551118178,9.202288897435167,2.4785855371460777,0.29867834725017417
image_1390.png,-18.335089389560466,-17.294036451368626,-1.3940457686460377,17.533693468672254,220.96645327430056,148.59798606313055,7.917479015156119,9.760316114289033,-8.024443696833451,-13.849382974498624
image_1391.png,19.715723807576317,-18.033907414216745,-2.6658214547709065,223.44087201849865,225.9938705661097,118.86029530464512,12.70142359412051,-14.039202159283262,16.84996958983077,8.225960678561716
image_1392.png,-9.600423478902238,6.100181710592814,6.424310524561015,169.21521713557243,52.31436513969076,196.76047690418395,16.108268105146777,-0.6008693359678858,-8.743653760386412,-9.05990501325958
image_1393.png,15.247593028466333,9.899463732068739,16.292275991525635,134.14974227295875,186.3651054961345,202.0973422643857,9.796126776114644,4.123102693694168,7.351833853838951,8.836140885090789
image_1394.png,-7.962189382579412,8.972595397902477,3.8029862365010345,81.09610792247419,172.69795210531333,126.95367171224588,9.48156672171578,-0.3225255336090527,-4.992963185925866,-11.149050423676945
image_1395.png,4.851138215528454,-2.390955957588755,-1.8680659916185363,239.74789391861643,153.86029453684037,110.52444254962073,18.809930083040694,9.224744753066744,2.2408867119197495,-17.989508347188252
image_1396.png,7.649225007175939,-4.000082042448305,-13.216039052344213,37.229216702887655,44.26514830507947,106.02983045629861,18.266268907447948,-12.334371915499869,-2.9561249085907875,-4.605334177139762
image_1397.png,-15.911710253953624,-8.883282810578432,18.10314982906833,232.77480741906916,227.473843557663,2.560937666612548,7.262150244448524,5.2862835159487815,-17.953409627985046,16.5619994816132
image_1398.png,-11.749656501057979,19.14358946951878,-17.809899669149402,217.11078404418745,220.473654345649,241.54123659934106,16.157151058191243,-19.569747531785666,2.536540771720741,-18.564212281267736
image_1399.png,13.09023001227714,1.496745916380057,-5.459154114084175,11.939059419390684,70.26228286442502,164.58208982630617,3.891408973220172,9.199912428328044,17.407945226867547,14.920112875784199
image_1400.png,-13.732757171259667,-13.064450020470165,-0.3607537664323637,179.88891734229517,54.66830352695059,28.100873668569534,18.87540872828375,-3.69020294945377,-13.16961248967576,-3.529064905579805
image_1401.png,-8.396382450890254,-17.59017646196993,15.78087783978473,230.5477878832923,218.45565246997555,97.34182704562994,14.003394717002148,-9.23728158528149,-6.947583610314858,1.7483822269733267
image_1402.png,18.79792569441318,-10.624578795696141,-18.279115540418736,184.03782999839933,242.76522154805428,175.8900625843134,5.485805789057329,-19.09380527011285,-10.324375468084405,4.852262633042219
image_1403.png,9.276869309088859,3.6602704018903545,-4.301540660314732,180.59347263600816,42.696613674579446,254.11411115945162,13.553298023144677,5.507913595578259,-13.087509891588196,-16.932062886838644
image_1404.png,-17.570928995508996,-19.659403777695502,-2.879696182425178,52.753031381665856,15.795203938035877,214.00981320778934,15.40523574883951,-16.451817478585067,-5.675460412395452,-13.643495382083586
image_1405.png,-6.931900006126064,14.522641181400267,5.395576628124022,97.62082391859943,81.92795986698476,60.71891997802961,8.027671235295863,19.845571196401465,-1.986278751474341,-5.414110137325888
image_1406.png,-0.2574728803772359,-7.605464830167893,-15.489164342075433,115.69606363563405,48.2208555995398,204.53857189704726,18.94826569081203,8.354185212118601,-6.356760757283247,-18.890476831878388
image_1407.png,-18.51746196776517,12.796387519016236,19.25360908243401,58.990039230461385,144.44608948174493,168.12386546949108,3.949396703834438,11.56064312376423,-0.6171112134450816,-1.4155500912502816
image_1408.png,-9.897274742337805,-12.826201864459756,-15.166287933699554,158.86167166916755,42.298847500859246,177.04119625557743,9.17947749743728,13.622254110119968,6.104963730368446,-4.728237152219652
image_1409.png,16.603531030869476,8.443859341220307,14.033176582371787,95.91067455298754,138.5153122847041,130.88864937863892,3.4618383025125974,-6.721857678219344,-11.302038873908158,14.825964419455687
image_1410.png,-5.804467219075171,-6.369061832159947,-1.626401568989678,177.00478676217662,115.82092178261928,67.70465046921191,10.867536768381065,-10.232713592479904,-12.700133210417835,-11.23397350504061
image_1411.png,5.2656930555839985,-19.161854832626734,-10.192961601698439,8.913295980572439,163.33394432478653,92.78324115198785,8.888127259445415,-6.700246585971321,3.767409241441353,11.381203045754642
image_1412.png,-17.580843830163143,17.92270886028551,19.413357702393334,159.40323988642353,41.19619268703657,184.30918825424712,11.483580708453843,-17.696976933363473,6.497282097947842,11.044146612801732
image_1413.png,-2.4632995234887254,-10.674982651036725,0.692610443996795,187.9288460452298,85.26163398417869,168.30771286664688,13.961131474068806,6.238914678039741,3.864066532496288,-15.37284301523977
image_1414.png,-17.354827392937988,14.636934533050486,1.0087804457049927,106.52973246643586,92.30377188318832,249.8465593653388,5.550869390408064,6.405769831966644,-18.225307283224165,4.073668193031725
image_1415.png,19.758351701838194,-17.875087766477236,-4.262795455531672,50.450581368950324,70.91351494560034,58.49042171077051,16.97330573193838,-15.135869408168654,-2.6475142900949606,-3.0854987969346155
image_1416.png,-9.86369926609774,-1.5881497622425833,-3.1329929034347934,225.02269191885725,43.27034526060985,211.0674687734925,16.14006674299894,18.6842930187252,17.618804969383,19.554237796764205
image_1417.png,10.288402184555956,-14.65609205444483,6.184439493328817,100.54317803302152,194.2952667857602,209.9165525744785,14.517813064894229,-15.627031629181886,-11.825812504842546,12.380994049799895
image_1418.png,-18.39342765719245,13.77735801407519,6.707775219198638,21.831262347644774,250.38185704293076,150.86207190584682,5.016409331047431,-11.61435663364712,-13.871247320761672,-0.33406027130574145
image_1419.png,17.38045921843168,1.9223573866799342,-15.784749084641888,173.48264620575426,113.59984533607859,107.55068472685743,6.695667271834879,16.76170901029817,-5.841459106593923,1.3065876941255468
image_1420.png,-0.8788965644405877,16.033849492565153,-13.333915113474148,200.88033159577165,210.97946741695694,110.30033189977834,5.149363344526682,3.3427279038299886,15.856911721192667,-17.32104443827958
image_1421.png,-16.27263999405159,-10.608382685771268,8.45239638501452,84.99772293890432,106.86927050332953,240.59823804379928,14.45995272057863,9.12433073603244,16.88230761343162,17.36106353675575
image_1422.png,-13.381808459840823,4.345551090528868,9.716525091096862,193.7260325588618,145.31666087029546,40.94369474681103,7.711167717362759,-17.07287808166257,19.683438446924832,17.35215183174754
image_1423.png,19.439476503425965,-11.959275066114653,-0.7573236178737517,33.440670363969126,145.49035786393267,6.074240491239398,18.643221598554554,16.066027115151854,-14.822586623486584,-8.317415333880716
image_1424.png,-3.709684617342713,-0.5349050733084191,-0.703779882257578,112.95919871777069,7.270455625302642,202.33985875197,12.078656464024982,-3.630640766168085,-10.805937670970271,-8.047665094182053
image_1425.png,-5.11940217901345,-12.629632773862355,15.676939353052013,195.34466915025948,58.535131288064655,219.2799621101947,19.76961572373669,-2.812023076663497,-19.520792098910277,19.91362653535966
image_1426.png,-17.372468330528264,-8.394522491107562,1.0827168492283405,175.4808371172162,174.54390204905388,113.62838561188879,19.847941127001178,-1.75321876431628,-6.264027186001378,-19.065886838715862
image_1427.png,-6.496637271796551,-4.879103684089321,14.884212860982409,21.61724067178117,210.43360767015125,79.56101860700062,17.43389658021897,-3.9403587800712714,-5.783894879932085,-8.967243961261113
image_1428.png,-7.92234813884518,-11.124216960548484,5.354325342880003,229.56369106077995,149.90714049981005,109.91660919641967,19.07306079440896,16.310514456915946,11.919396345952308,1.0768328743738422
image_1429.png,11.725626422353407,-17.476982419826964,-1.6253268242466312,142.4577330728632,6.932612857453878,163.73095191915192,7.636460944077751,4.544610095039815,-18.33519494028978,3.4088005095202476
image_1430.png,7.81424351319604,-5.703871398614261,-9.431872372048549,53.2973342400361,249.2853283698834,21.583006851141814,10.694964252834264,-7.1502977456459895,14.117948135865582,-0.9105817302567587
image_1431.png,8.144851105136674,1.9170747340816732,-19.491250971903696,111.29809751285022,171.33944194754974,35.514630026157874,8.561804398297248,-17.69918670722958,1.102743377570846,6.143186850064559
image_1432.png,14.220075823324876,-5.44094668843095,4.223305283221585,83.34971310611816,72.09330905913316,90.41568557849402,9.513633847511137,2.841657372576929,-16.363337258192253,-3.4091254786724257
image_1433.png,17.668669077146866,7.323076833309386,12.731765594845811,252.72943039788805,78.52082067200762,101.51040738040534,5.276998840664417,3.718019737810007,4.265745678200048,18.774693682463607
image_1434.png,-13.716062301920843,-17.331442993161282,2.09783361704892,236.14752736525867,164.2581083761938,66.38917956516707,16.451988507019088,-5.452796524602945,-1.675498134814994,8.518974574814354
image_1435.png,-4.29811650710699,-18.236279944340602,18.689169415663372,10.710942364630151,135.35629537091748,109.64815076141163,7.496030836453351,-6.78040759316648,-16.107258745840653,-16.392521858693904
image_1436.png,-17.507293983916938,-5.892970314162689,14.86410054716822,194.59921334342326,107.73300755913685,203.51529229984968,12.282959078428057,12.326637911190105,-16.99865250285971,3.882116244923175
image_1437.png,-15.056848066192043,-15.862927158256817,0.42925421295748833,123.02878068827944,79.63605683123683,169.93056623992615,17.33871573999912,-5.660543232554577,6.929695494915606,-19.667504480856287
image_1438.png,0.8167432516198438,10.6015433068576,-12.582582234991175,215.09691022767825,150.79922623234063,174.2078966174894,6.506909212517366,-0.9373713440527496,4.52308840532406,-3.281509958018198
image_1439.png,9.529152511557758,-13.163153324378172,-10.830538137147006,146.31829567999523,254.34779352997523,238.7689751298172,4.898118378115056,17.01374683763619,-6.5259848028588685,2.946835066244251
image_1440.png,-7.6879604043047,-14.820800516464502,4.762680356596732,96.00082369429556,248.01490512688744,87.76605517435694,16.990800051484428,-13.25362361664865,-17.499278428761382,-18.44104939108356
image_1441.png,-19.952758913010346,-0.45554765015479504,10.42825076776608,194.07083946064333,254.94798495455703,244.33699669268265,6.782360960076694,14.246033228849043,8.248990129837512,-7.191078489627362
image_1442.png,5.713444170049232,6.723252261276631,-19.186282164907574,58.57442241644248,133.3008729990413,137.86242620051578,7.567149715828391,9.139141230247724,-7.926598511870711,5.21916220694915
image_1443.png,-2.303175410053111,0.1054386399679288,-12.96715941490351,210.9599282485589,152.81916346763182,139.60772348971923,13.349043812016287,1.8145615417326937,6.101780389156687,-0.6560374613821374
image_1444.png,3.1922371240388827,6.8373136790114195,11.878549137599887,57.10346715192101,218.09092882723579,72.42343685121563,17.881445528449355,7.091141910817612,-11.945335881882837,2.8318656629407073
image_1445.png,-10.331320549265444,18.804182655511255,-0.4181500056205181,101.94819595408197,25.956142634051787,1.4167507786025446,9.030956158957718,-2.5229442739448125,2.109251788928937,-11.100325299780444
image_1446.png,18.80852813219464,-12.535752643508387,18.767572012668182,180.37198525676396,43.18304606713484,82.77727749787549,14.0481574190659,16.618877960764735,-12.603470673793936,-19.543346727927254
image_1447.png,5.9174876960238585,-2.770644821964808,-4.97071884926434,209.200366281601,107.75773026260741,3.8869027079222422,17.457743344666827,-0.9814815467356688,-4.884896839905766,-17.93015730705993
image_1448.png,-1.8791310920100486,-2.2643600229465193,12.801134755901565,237.20258383888117,29.030640679036974,128.4162255663421,18.40552607626492,2.8100616782316408,-6.066603842450329,5.312305490102808
image_1449.png,19.228787609874303,-4.641083016695124,-18.60316107934277,57.26430381276834,127.48153100576158,161.8102379687064,19.23022010185443,3.0562292294770046,-9.470318073474889,10.322897561613615
image_1450.png,9.482047132268061,8.02414684058093,-9.91670438568081,222.63366151791385,162.22497395489995,66.23566951315739,16.887390705962446,-1.8629639981598913,19.72134337952251,-3.38054991735563
image_1451.png,19.605492106461725,-16.04241562083597,19.081771653945417,80.34233945483435,67.99373493240702,65.25486590177452,12.604572177755184,13.783736853460262,3.26193098027726,-9.822075389065379
image_1452.png,13.637168202506167,12.176896832180184,2.4618437127559005,148.98129756402344,131.0261032640376,106.18787959686843,4.896559242759063,-14.601345284155546,-12.124621346318886,15.707961583694292
image_1453.png,-14.612525163463683,14.3949320126356,6.4656134076259875,205.11223712011557,131.8214228844386,177.367109971906,14.287945711778297,-5.286145630623796,-12.659679797837672,17.16665645792419
image_1454.png,-9.51945220955007,19.860141075424373,-8.005138813941905,193.7889549871818,241.28501931659218,202.3640349243185,10.730139657983756,8.107017585048414,4.844787810910113,9.615146181938591
image_1455.png,-9.401693785689895,-4.650388109481728,8.573823063121914,129.65318549408968,16.249547729779653,2.477017202731726,5.899887143719148,-4.9375682634617934,-7.891147797330609,-5.496165261822172
image_1456.png,-7.874397826349796,-12.30885555939588,10.720649593012041,41.77769297447856,238.08269112392694,198.68781343799785,14.916020707174251,3.352756864731216,-11.159915055909565,7.142107942168359
image_1457.png,-3.875682624012512,-18.75403586214601,17.072576426048208,183.34637760152805,215.5471924999253,92.69127567556228,9.177688669567754,-14.51306055518641,11.019949096910317,-17.315291477176906
image_1458.png,-0.9642214649632699,6.358835950209606,-1.1354312854867068,72.0416235473385,195.73940522075222,199.70440906949057,15.293027405965585,-7.367094888226028,2.099657688614279,10.295275870487352
image_1459.png,4.919033935726638,10.06273792305452,-2.5885666556284725,148.3841568447333,57.53101306549053,55.20136957014251,19.458427491657126,-3.997396470928418,3.9963525804049524,-17.92888839993185
image_1460.png,2.8711623415996748,-4.972339723768364,-8.436168527944684,31.75696456190844,102.2308778207056,250.3609919178557,5.376764251516874,-9.375185957195926,-15.241612089585427,1.1806944324325173
image_1461.png,-19.245359110116596,-14.22975882161959,-5.7325854620579,115.84855519580611,129.97981449061044,25.737569236826424,18.50349808600155,4.621864830491678,16.86607081365655,-7.807331963899507
image_1462.png,5.682047257617011,-5.740348635178947,-0.4960951523339965,74.84933297547113,44.30273535331613,105.15761108204558,18.37306347120951,-17.284127983060632,4.549387203979293,8.294575458243894
image_1463.png,-7.403737783784701,-19.50117986959608,-17.11406043686322,184.25331577915694,236.8542645696405,227.82841182854148,19.00370375287304,-10.060969918370017,18.790911281939472,14.780008063234504
image_1464.png,14.066844200890479,17.914966500634698,-0.8225460996016132,75.3356778315805,194.75210428076537,175.9650897331914,11.45756360305356,18.88571719523179,-1.282303793626479,-7.735256454599586
image_1465.png,0.2908834453712572,19.037879681152894,0.6366041753035212,3.9794468053704417,9.796045644510817,154.21718519486595,5.094891451585195,-8.741470615244978,17.825206940908316,-3.8296513318867262
image_1466.png,-14.774344015489028,-15.000035935075067,-19.286211057320326,37.62070237793321,134.40702534874018,213.49983295413816,3.820493185624813,-18.05261652613261,8.969187304568244,9.70580312939613
image_1467.png,-7.198291959451563,14.95294524651166,-1.125470086762629,102.56690031130968,49.66231932752115,233.08840501089057,11.3562148333999,0.229487549941922,15.325048202553461,-13.898915114084485
image_1468.png,1.4036738633215649,-17.852221459255464,5.197036062515959,213.2847712762115,151.73321797397458,40.83448536008329,12.391301306587936,-14.318435454711729,-18.476458909999245,14.419683987185785
image_1469.png,1.913452382429707,14.68538729793336,4.222022736493749,88.08085269455047,48.225296691556885,149.5269811490286,16.47364104552944,-19.80813367007871,14.505582135049153,2.4201915747760516
image_1470.png,-9.1142032364715,0.10673923205194669,3.9289710899391714,88.25556333182105,125.532258224683,10.128006509831561,8.431858857043657,12.679584265151526,-2.2724176892194414,7.561125962175549
image_1471.png,-16.24653805205394,9.366939641415879,11.977352683989274,35.897772617309556,211.2286651557115,144.80601740465968,15.775593374009448,-14.979457387677435,18.767604392096906,-18.07595775848212
image_1472.png,-14.933748686093358,-14.299641371387564,-5.839349913038294,92.62989594543697,43.69808102036271,131.93648131123612,11.488806256814698,16.13738437340883,-3.2344566972063618,-3.291773245025027
image_1473.png,0.764223420956732,-0.49342916573245077,-11.553274876591765,118.51812788616672,23.387489413358395,122.20790612839262,6.570089142553536,18.14161333911953,17.435937836459658,4.154069256684913
image_1474.png,-15.653666772561458,2.85246099892149,-11.76776917827873,50.084537842488764,151.65685605840363,44.11724238228999,12.548727233620957,13.023996697749453,2.954208743984065,-9.666328022604853
image_1475.png,5.12823782184979,-10.95656918740492,17.742545453083252,104.66286808018735,146.13398927667117,39.15164800672052,19.99182628885687,-13.155746246380517,19.647537148953745,-5.672719640460242
image_1476.png,2.7173355037062485,6.975796863735532,-16.446128864120432,69.884936146644,71.31073090833911,66.41665487404919,7.219550088543995,7.712985863673971,-10.683120096082316,0.7872804155679063
image_1477.png,-14.206893804460217,10.34533612726672,-19.031707438187404,114.25691742288807,100.02931446892521,45.44166829050872,16.322510517322865,15.326921993161932,4.09727500951114,3.691251429687327
image_1478.png,-18.884095265651368,-16.49787204596118,-17.419917202562047,22.89540530640384,229.03938042595163,83.27040137318168,19.62187093307835,16.884341884690684,1.2474577420715818,-0.48695383812450643
image_1479.png,9.987774482374718,19.153037955768212,-4.9750673011334,37.546693073468475,25.2431826820195,140.75696570747075,12.858044473908294,-19.869542062653007,-19.18032038506221,-9.73695627227964
image_1480.png,15.025084942852594,-16.383234119975224,-4.260390850894375,148.60839564585834,19.019841370385823,148.13021354852413,7.86195065185419,18.064494154544086,-16.51398473750841,-2.0287249540459626
image_1481.png,-6.1099882764242075,1.1323917428902988,15.678207385939764,79.44111870842987,171.21363756260376,38.40493994084402,15.513209233998188,-6.739795267087327,13.377664857026978,-1.51780774308925
image_1482.png,13.190376870341467,-12.462480854432805,-1.0973586187960827,210.10947508349642,101.83705339993858,246.3860039156459,18.658898169289934,13.12726505039005,19.904850845724127,0.5474370645942628
image_1483.png,2.386598563710706,4.383190080888696,1.8548996018328765,180.5616311735452,134.36211357843317,110.96619390585914,9.075037066891046,7.561750725413997,-16.571039762479426,-2.416466257369329
image_1484.png,-15.381706568464292,-11.303551039541118,-5.835947505543761,203.46726869211733,95.21642616947163,117.77358093431405,3.3150399033695477,18.21920295013571,-17.66135605088685,-19.701819631958738
image_1485.png,16.04691860900408,1.208662028528309,-13.798662085983317,1.3572885932571055,17.493943522141176,154.07215824624305,19.22907480596662,2.2933209828580914,17.422461657318102,-18.819350253880003
image_1486.png,-6.5245014109333574,-14.482902535525216,4.634499093001377,49.98594773284999,185.31627152297824,131.63669515067252,12.907743665087729,-3.1413036957224705,14.642459874523546,-16.655036577533828
image_1487.png,-2.499462190971073,5.914440211866577,-10.0474919410224,163.127871650708,89.77412501221346,39.321386249050725,18.14230774235848,-13.42693649801686,-4.1314701140904155,-19.404594025807008
image_1488.png,-17.43373339737941,9.647482804036585,-13.547300569081635,184.05607003755074,65.74186118318413,248.675015625664,11.117873645639156,13.6200214880689,12.268030772424666,2.5244037432561584
image_1489.png,17.099601960140816,5.664967088978795,13.079537971706849,139.1432981168609,16.17220601628876,10.091027571122373,3.1667047018211756,-1.6559682996828542,-17.493374035312122,5.310532672328094
image_1490.png,-14.628706791294906,-3.5897445501405585,-15.310016249849205,41.40082753680218,219.74228749990593,145.59165538360335,18.8391276728652,-14.920184808175797,8.65155118825994,0.051080390849747914
image_1491.png,5.392786199405222,18.716090441226136,16.56231972338975,235.13877479503603,47.234033266964005,58.11967773213384,4.952520230230411,8.341956538313035,10.1750469784783,3.378116341571843
image_1492.png,-14.73440088722803,14.002907000742496,-19.206184633760046,206.9075246277474,72.51018764196655,156.8810255811048,18.806593405974567,-18.506735594966347,-0.4724710431932202,19.139886199651855
image_1493.png,-17.279368662527474,8.507597654982547,19.60331021848532,57.29790867797839,143.18502163416156,41.59242946020747,4.801946727210018,15.62571597582049,-8.41755173688593,-19.66806803639974
image_1494.png,13.673934679412454,-16.200201821854634,11.872134425096654,63.57508009686157,180.18458540511313,68.12434874644401,3.3356795975206257,17.420024251333253,-4.945684262482901,10.375363771837595
image_1495.png,-3.3494418291474837,1.8885105487904283,-13.823389329542586,146.5043230725818,187.0679745187318,166.7121715194421,3.5699084203067972,15.417086142897716,-6.777968332503095,18.890393366289047
image_1496.png,16.70367650270404,1.5658080463511652,-8.364268751196553,0.7122355273652525,137.73119468152953,221.36381700174462,6.01600119149429,-7.408308395121415,18.938735362343017,-2.3426885023268085
image_1497.png,-11.153286041140444,-1.2149147128038642,4.957964526648084,136.91569040455033,193.5874661635199,88.46471460563957,16.85527301242016,-2.7493834870583065,-17.139892413377467,8.617503305135614
image_1498.png,-15.458247971140796,13.751979480295425,-9.09384702385632,145.63259340979303,165.5847446102858,238.52750622379048,12.511281985675295,-8.332005158678623,-5.758308295644907,5.288603955729414
image_1499.png,13.520777058037204,13.567397005769621,-0.5927439871393716,129.45666101038543,116.5189555985792,68.58688348444875,4.604571272355951,-17.693103278007968,-10.39214355921441,15.152391938455679
image_1500.png,14.8888626537505,-3.5488260850559215,10.49219465770651,118.21566311260547,23.02972320629798,100.20855864346511,12.793895336617624,-18.80739062072843,-2.6755345611569794,-5.937103494926257
image_1501.png,-14.58481300845666,-16.802310208354882,-1.0765523525330138,148.68611295091173,24.988438915465867,153.47930943960242,14.440302351505572,13.82240778101145,9.33787809965379,5.476197969388899
image_1502.png,-0.8610895523817739,-10.02213684999516,15.212743454491203,31.96223114795463,219.09641181525427,70.8089019237476,5.773264325222944,-17.13251937255483,-18.827736865592655,18.894125670368325
image_1503.png,-19.507279048864753,14.865164300708045,-14.478217170562866,154.96996255668608,37.156208691942325,162.99414978060815,18.01057052986466,1.4162987989381612,-4.795639917585589,14.335464403939916
image_1504.png,-17.54987286585728,-4.959602484429757,4.5044594070316215,183.89736018591515,54.08221175793162,126.67248002424783,13.026987370588296,19.666227506988108,-18.90642576932507,0.2766514037342631
image_1505.png,-12.83129962916889,18.19869489368198,9.404890090428527,126.4625347479406,14.674599037554211,4.3754391188697035,7.0305479642563125,18.750692387273972,-17.733031536843317,-4.972688008018903
image_1506.png,-0.553714063210613,-3.495345499186776,14.620736262341175,8.910897428318373,62.90599274025621,170.59782849750317,12.116024678720791,-13.670308190225793,-9.661085916793827,14.956638184898878
image_1507.png,9.231348140231475,-11.330206068530764,-4.984649168121621,71.34811992716871,201.03094669078686,11.249918579040582,19.326138806506297,-18.3935371186509,17.21167552844794,5.227265309505398
image_1508.png,-19.058159656779132,-4.632755812463284,-1.618331204698464,240.3873279071056,223.801914312931,102.60896803632916,10.314600917301934,10.632569213541654,10.688812693257638,14.719372561739931
image_1509.png,-1.0851650691504986,1.9273480676359966,17.720283379564393,200.65914819838454,65.13280691686789,254.30072662183912,7.214393636833848,-7.1340989950804925,-16.660211411465674,12.737462286466382
image_1510.png,11.526465065697174,14.581804869613407,0.034913913382965234,32.36357870358963,143.62608849394897,251.24251549585458,15.956437761899947,-0.5349893780176096,-2.73558688162678,-11.753973062566665
image_1511.png,-8.453152004676593,-2.326412146879676,5.081358503978727,138.84924803760074,98.0680626989919,237.22834684453704,4.654136725844757,-6.081835889352526,-13.795325266194869,-2.9350647260152414
image_1512.png,15.394809526452974,-14.630291488012436,10.755946769635791,4.718692276281773,5.473526847010844,25.859533980076023,19.894994432094183,5.546823592385486,-18.116323530349618,-12.654633347456574
image_1513.png,17.1123572129096,-2.3311776819569303,-6.128646001276618,48.95063611977005,225.88174789395077,6.396523414482672,16.006579376115504,9.796679411201978,14.291741612233984,18.262743871486762
image_1514.png,-4.536293319301388,6.42953390456892,-11.358642017086433,202.51506422022354,150.56713871896198,220.30323421414752,4.266768183999376,6.689214693516973,-13.352744456452804,12.653735926924512
image_1515.png,-14.37766150889216,2.799095755143661,-10.32390987845638,7.8602061139196024,37.59151676448588,118.52017080924766,4.001313855741174,7.60401199579405,3.9251746336797098,-19.316685857920966
image_1516.png,6.7278870499429075,6.937416334754506,-12.540978317813671,153.70768514146195,60.27912898684535,190.5412813078422,8.320082128005673,9.260432491957275,14.250488071272862,-9.046854632670582
image_1517.png,-3.4172517617191964,-11.733897622275453,-3.8282814532669747,250.98112408027373,206.62048665883097,139.06018736055717,19.742598911088823,13.734386304082967,-10.887659202910456,-13.14086837204513
image_1518.png,14.717661639709377,15.856416623775402,2.423188700646584,136.78499918492903,48.5193204133619,231.39973453433143,8.2695662197266,-10.944983025978615,10.94863987157197,8.487490203117012
image_1519.png,-10.092616947707253,-15.336374779389814,13.646944299522758,34.773878174086285,3.4257701163990406,210.1331157256762,7.212524621276794,-7.910487793000854,-18.290174184791358,-15.514024060407081
image_1520.png,-2.7290012887494086,10.579329202431772,8.626163385458945,174.70642826313596,28.37600900855064,9.275692077282377,5.696255979130084,-3.1066365959845896,3.84952069022615,18.6860688683847
image_1521.png,-11.901116185239534,15.192862712127358,3.228408415410428,254.06744222920304,219.81803589528263,249.6210325548726,5.062597634573441,-6.566531753785313,19.541747531874975,-17.307840654250203
image_1522.png,8.91982629796808,-11.414395625251498,17.371449356548105,46.092567719918755,147.67963819440618,230.3530403711155,14.42343538170596,7.182183717614599,-9.684924604323646,16.18882725604363
image_1523.png,4.7597631615130425,-2.253788928320329,-18.87518369642857,177.91287386352766,217.93904021989832,99.4265287442454,5.9038544377450775,0.7068114074376517,-15.206509053416934,4.08948056243031
image_1524.png,10.941922077657171,-10.402124923835219,3.0125588451847527,11.558910162041888,157.83988185467976,163.12000919347633,14.211521357490943,4.844923470236601,-16.914185389605688,16.77280601022035
image_1525.png,16.337096301286294,-1.8466940242989516,4.545271853384037,78.10451839597374,25.400826278247305,76.9044087116748,18.535692791140697,-16.29738527230417,13.63860371566917,9.155777882213872
image_1526.png,-2.449757611865863,14.453997560349102,-0.9604389557094315,66.36607969746483,31.403849391354218,20.50600802618132,12.428663592348348,-4.318342774809128,12.685945899803713,-2.1565601663851837
image_1527.png,-0.7396473106063226,6.224768973639371,-6.621147891343227,108.72476429595393,199.1889991803217,59.54441347576534,19.682282002794082,-12.647398732091549,18.815261465603037,-15.489967230460602
image_1528.png,13.111328893455536,12.607559570582382,3.722830008425948,67.35326453166793,64.1203031331246,185.94108087635843,4.788372512893707,15.258284059860173,19.753274286241123,18.009496917409635
image_1529.png,-4.507884459161037,9.81808713229227,9.448819325123623,88.66661284078661,188.5675491699128,229.18674015359332,11.469733736997695,-1.0900398661043127,17.29709907597511,-2.4516021331544344
image_1530.png,3.9768404539777293,-9.732724779395458,0.00055506251951698,204.3774737053106,156.9463545402127,203.40827921698826,18.443429032650343,8.384374428191663,7.989796662257113,-9.48440096984655
image_1531.png,-10.20467763126411,-17.45406439192497,-3.399506578084633,36.593718505501165,243.93800909750857,28.71041077128021,13.21720906655207,-11.929431120741771,15.37938297661912,-4.7203106548123674
image_1532.png,19.450220445671924,-8.634317245914826,13.604202270382423,143.18307117681047,20.414364162048066,74.45891724874414,7.43342953961023,17.318537245089516,10.867855318143683,10.91029210739443
image_1533.png,10.677137188535866,-19.914284325020432,-16.034569530975638,17.30450755353643,129.43147981395873,137.9183181726675,18.322728176875877,-16.012634266402227,3.7949978524948023,7.583293103244358
image_1534.png,8.737761725413154,3.048184978996261,7.254088219490914,174.40421257594772,140.21435123952259,8.505133796925332,13.725722484609827,2.516283384461474,-13.118592841856556,19.098803413266687
image_1535.png,-8.225444623336031,18.898741692504437,5.950077834397863,94.28880134463527,237.66313947974288,136.56714403799145,9.87512488974788,-0.7597573062696519,-16.560878880250435,-3.767121819868059
image_1536.png,19.748811610191268,-17.901999078257397,-17.185434288152326,39.90138171191652,231.9603310298915,127.14622939420438,8.163532370823503,8.117707075748484,-0.4352783381091925,-16.120063671760114
image_1537.png,-6.93865723611275,-6.637118637922734,-17.21433305482988,245.9508579173358,113.2376504122137,149.3145213618932,13.150394314185945,-6.013688018156827,-0.11692430076323745,-11.949390381689856
image_1538.png,16.31273737374086,7.893783920034274,5.620045331937817,13.266802066305043,21.750863293173648,191.1020334087281,17.97956569819965,-10.849902769097932,-12.467695902330501,12.998372008214965
image_1539.png,-15.220508203937504,6.537706860813817,-1.5707047924177395,125.33268307310655,206.32852695625812,47.12988901462134,15.514235562633091,17.702110104265635,2.5130785092088033,10.287051093903766
image_1540.png,18.0443241304934,11.777592325924495,-19.996625803706966,223.78407386516437,62.974400300445105,90.3585096378175,5.288295574557812,14.18329781582748,-19.613693404515445,2.6249668644778765
image_1541.png,-0.5417191869005613,0.018294609155617536,-13.733804149643456,79.09264169927714,167.0433582798071,241.82470639089448,14.798998626945735,11.685696308077244,-4.113065550754085,-6.247706427545179
image_1542.png,3.576553462486423,-17.112360819547604,2.254021587577391,245.9456407159304,120.88360100081427,210.38367466529115,12.377952624196384,15.776819115735272,13.836138653524394,16.54959607784459
image_1543.png,-18.79889583563469,15.041363902562821,16.459990775143496,199.69357495320082,21.1976223676487,246.07127502611954,6.61519584532304,-14.804313302986575,-0.20125484798499826,-8.812102388110654
image_1544.png,-8.788869518554936,-7.42745374410382,10.50526345407183,87.66781916721251,177.5887764402998,6.096236479484717,5.530220686455415,-1.2948965466835851,-1.4627705768724475,-9.172681374188315
image_1545.png,5.233895603905729,16.089900423282103,-16.519051099984846,167.1852718976482,240.61537509051533,66.30220374567483,19.39788909133927,-19.85902542514184,0.648493149871257,11.129844957160376
image_1546.png,12.02699078642081,-1.7668115468994472,-11.304996196813807,17.573386704252954,207.11208215922719,238.98285682201336,4.243031262080642,-19.059620534479038,-18.88125599249555,10.868125139891145
image_1547.png,-11.488838460283489,7.375362134307867,-1.3248152893897895,148.73251770778026,205.0976056782471,44.4314961919353,18.86925616001343,-18.14052557232973,2.6228829749780687,-5.037336553549645
image_1548.png,-12.868206406463676,-15.884286838529444,-0.28015660690444477,222.4868927202878,69.11390684363901,72.8018314154017,13.032764122185165,18.027634149267143,-3.370766596747341,2.581610945400385
image_1549.png,-18.276807080174052,-0.577304477549756,9.421041727125264,183.30065279444418,248.01174945930188,180.07470949877538,3.6192700754036897,3.3957008606031067,-13.029192056490452,2.57862228744024
image_1550.png,-14.815878577095178,-16.404828535596852,2.391934092963851,121.38002030985972,35.990801411792205,64.7588818050167,14.87661563092365,10.72624376711273,4.190811831330006,6.140799662115008
image_1551.png,-15.031700385955977,-10.675132344604453,-16.29773875850679,160.3798504266982,101.46871422195686,61.6499174302603,18.776946921311016,14.876649332681097,-9.254415425671842,2.20245811528806
image_1552.png,-4.9961537345123475,-8.850637863226979,7.021818667041529,171.07594882975047,246.2162823497802,141.1877394320584,13.630560731985724,-13.713856160913185,-10.991972431239546,3.239816436334351
image_1553.png,17.879020213363376,7.5397793898044405,-0.06610280953448822,109.29114565477354,87.69172354277936,34.844789878113666,7.497892794443981,-1.9742230239877614,18.746051972890633,10.332811458800624
image_1554.png,17.494532765367182,6.3050150232183455,1.1390390394276224,67.47596583359095,101.48609996763632,64.78831513461999,15.87732769153707,16.03805218984205,-12.990817310806456,-15.375691501190554
image_1555.png,-6.324704679197218,-4.796350510003782,-11.158258548140383,192.76275825698275,43.76371073310699,196.5600758404801,14.527396258464421,14.161352920513806,15.292267614064492,0.4403245679036729
image_1556.png,14.52178353500161,-18.77429093820869,-2.529242397781207,123.79564187040958,103.64732624193435,165.46629689762472,14.86939625545841,-10.445182727183266,-13.881014352674281,-6.273417173413826
image_1557.png,2.770314622930748,-13.696137638070507,-9.772108913642278,97.57312060174822,178.0058270867765,157.22899710846454,12.960992692195754,-18.080667990482105,-14.362689252162557,7.729361770675812
image_1558.png,-13.111346132610858,-18.735746048648334,4.89044641404206,179.90461630639294,153.69442662295336,121.35442439818037,8.346586329707026,16.490459920538065,-0.8936537629820904,-0.4290258139121761
image_1559.png,17.34416593202465,-9.282464531607836,-13.885089996750693,28.581039118627206,40.68027116789241,1.0469700111311848,10.640423592697857,-1.089712274992177,0.8040898438870734,-4.259104321164084
image_1560.png,-1.6218919544512076,2.756950979585717,0.48067301508135785,249.95736998139517,201.62255667180597,139.5852108827464,3.3761480943411564,3.733365128105728,0.17279342700859956,0.8905521377088768
image_1561.png,-6.79523532109506,-19.318148491491577,1.4128305930691738,116.12344642336825,174.62300756801253,162.66661905243535,19.33539305840503,-11.244752271390448,16.00290352578768,-18.525904394208048
image_1562.png,-19.5417686503071,15.731260697628585,-5.793915451493223,177.4348518725905,204.49885137283908,88.20706918753122,16.259782028906912,-7.533100697534273,15.743015903661224,-18.20643274753394
image_1563.png,16.59321114512811,3.35450574966211,-3.3399551980818316,201.19335864384453,192.45795807461008,207.93653933211232,6.80629685899555,4.556183167867619,17.19622671147868,-16.184167982954726
image_1564.png,-10.42058405403527,-5.6874682719789185,17.2334236818577,191.56517881320556,185.23703825693323,115.03751719349296,19.59894221443633,11.968642034063713,-1.226603824440815,-1.7498019180547146
image_1565.png,-3.802772249360306,-6.327376130542861,16.03815338605324,67.75066578341288,232.97593735472952,254.8532502294612,10.534082726609576,14.35716265564973,10.577453003603043,-18.202438654875372
image_1566.png,-9.834965019071756,4.457274995244816,-18.763905640882108,160.70274793313084,209.9934424926627,60.11306906048899,17.474605097942018,-11.665293497503715,-5.277824629910658,-7.649464043244878
image_1567.png,12.323640197467725,-15.021495723632178,19.16519039245413,150.5397766351134,219.97673456563956,241.15662051999914,18.065543683343407,-12.766260904434276,-0.7756453416586098,-13.003820872347113
image_1568.png,6.019472739902525,16.634260752091123,14.789209157756915,72.13165787041302,235.85192324873486,74.53856192084311,17.24361056777967,-0.16911388414543183,-19.608448744061842,3.132601504979352
image_1569.png,7.772043502402756,5.81946540406507,7.215520473817062,35.533877521856915,123.78721478617152,180.1298430620706,17.724800325139647,-2.0783857183012167,-2.7936454333876384,5.487267080678318
image_1570.png,-14.415140495040951,-0.5885828128396007,7.943390984373302,150.58214119199621,84.80485106119235,47.4761785173611,14.495802250125971,12.660324525447834,16.64624341577496,14.751915304083752
image_1571.png,-7.9769006036028465,16.865239088098974,0.023907472733199597,222.45624556291094,131.52742531287853,86.7971905818805,3.5636185467414068,-14.44042051770586,19.2136257160196,8.281920266637911
image_1572.png,-11.726948121494797,14.89522075131218,-18.898856483786012,81.11344073519338,200.0979064720993,199.7948799076907,4.524245698932103,-10.20224587938368,18.93477497615539,0.7739451681547358
image_1573.png,12.633876570749543,12.307104634933665,-0.8788397755456216,114.03771252313751,63.39983216261193,35.60192334718071,15.842529901129819,-7.4952844380350125,13.418154546402299,-12.099310370486664
image_1574.png,7.243007286092244,-5.996439845864012,10.589903998958036,242.1632227022896,19.399354714663232,69.36728816597532,8.292545896577506,-13.091287555692656,-19.262782484301013,-16.60357373763147
image_1575.png,-7.769357894306626,16.651788077036954,-12.447287722746774,230.38280051149044,235.60418293984026,36.59624640933548,13.885109416189383,-1.3163415723247205,16.639288501773663,-12.216861659915503
image_1576.png,-2.822929286909467,18.14424055042808,-15.00895476318005,143.6115610176604,189.9680569651218,234.32946889540347,10.31821552928136,16.40218938868089,1.2198429744896444,15.32081903574963
image_1577.png,13.131480014783818,-18.60982296611641,-0.3714392968991653,114.04894862009698,123.83614160669293,137.6073750004577,10.52418035339915,1.5867242931367116,10.873931632951027,8.877818691781641
image_1578.png,4.9625265240947805,-6.296293190150584,14.420177965707445,249.9288526125526,194.04334298666225,47.524826940926424,19.91243735044121,17.484335057871235,5.37747308055431,-11.61938682333506
image_1579.png,-4.704191830175279,10.560784808461136,-19.653949904597052,50.700976346479784,19.96805719775098,152.78800778551894,15.761688467786627,-16.49061334248774,-9.328794454736983,-5.553575071141946
image_1580.png,-0.8144172411801662,-3.881556956923241,10.487186770807135,150.80304825649657,222.96269553816163,4.836215344238407,7.187590070958614,15.26950862207081,3.5893880219391683,-12.15167889379356
image_1581.png,10.646669850550971,7.669592789211521,5.620477281527677,44.35432762345517,238.62607902437446,13.327830836873433,3.1617662159982416,-1.6288498556556803,7.751601312657147,-16.76629063122375
image_1582.png,0.9407084103918315,-17.763537403165948,-18.82085519227202,150.00757819282853,18.152852057381175,92.76558774058498,18.452368661381577,18.13959071166196,16.29903225262435,11.137287684016645
image_1583.png,11.549539612304287,-9.47605542413314,-12.584980305108138,0.7277694615456565,219.92805054662935,136.8949309320878,15.364544762446199,-13.425462411418332,3.5009728589880673,-10.61663643091495
image_1584.png,-5.424831456491152,6.757711254980801,-0.7682935507438486,226.75315868574435,76.89564654860256,152.43396245336777,17.61493359468077,6.573758735006688,16.240796396848324,-15.608523072097302
image_1585.png,-2.036739770948323,2.7538220124669834,5.860357705216508,35.76538237273193,227.65779781133503,169.82503211763665,14.029906486678781,2.9721076518101164,19.582702396222025,-7.137002710986323
image_1586.png,-16.560032474216094,1.029861117465586,-9.100210497264882,71.61631300242333,91.86612479647579,231.26544435274306,19.927008896661583,-17.730715204730764,18.467413649628014,-2.625995156351486
image_1587.png,-7.446896631874292,-1.4384505745331282,2.8364707942633345,21.879813680070967,100.29849367631944,107.9532050679218,16.05795894795566,-14.682747841129874,5.9963524425104175,-4.3984281984842255
image_1588.png,9.91593871126609,16.108544190550454,19.512314383304123,18.723901858184885,85.00517265709901,169.91417822169214,19.65517846823091,-19.00066406589366,9.515887187087731,18.00934366694967
image_1589.png,-17.793183853550275,0.013455906784113125,-18.33439424401554,210.7836622431805,190.82412018241553,140.69052213974211,19.840342370291843,-17.801089365130146,-13.89648109203829,-17.933769118541715
image_1590.png,7.311803813695811,1.2523434665387434,-7.904035467261799,105.7173784362094,201.37712448528728,98.85126629799616,13.689236589621128,-3.0308876710745167,-17.83170837834969,-17.367952229899046
image_1591.png,15.235852641688545,-11.636592676573922,6.052817459899579,120.36694430008207,56.34879341073171,88.69577340533954,18.183249699539452,8.367205747536243,-2.1066094902915893,19.426222481369436
image_1592.png,18.966936145764855,7.9131177357587035,-9.601175077218551,61.23596353716766,21.02744736488368,12.2871859619097,15.143946179370525,16.662122633627533,-3.288053929829754,-14.23443717574921
image_1593.png,-18.046743961117592,-6.545296579544594,11.376520637738523,195.5469743920118,21.168292029553765,183.36254968668163,5.703748274591588,3.888410285700047,7.894677170155177,0.3351292469348479
image_1594.png,-11.189497654146926,0.7774242146567261,3.001457616389569,211.38253823540623,249.44893297169244,87.56274232194838,10.020801411067126,14.749042752681248,14.875532765531602,5.903597740109152
image_1595.png,-1.5458514937381018,-15.872809478700294,-13.578827635598776,123.29321682777224,118.59620704631969,70.94224761175649,8.08108560040598,-1.9388285326219723,9.907074351862097,-10.047412644174848
image_1596.png,6.780630237248296,-3.233339528936831,-0.34005738370461813,84.27072097162457,188.33956677896322,186.45534473552098,8.972871732331983,15.808320657739841,0.8853970005922598,3.569130151839765
image_1597.png,-18.777489379465372,-5.374522835565534,13.914557455076135,250.3313164457755,21.86667740832232,63.61433069852972,12.483500455020303,-5.4360043245329095,0.6135978175826295,1.9498778717848069
image_1598.png,19.39531209061456,9.571414020268723,4.952069490984616,109.73580959799499,99.35759364992556,155.87322921327655,14.42446538854534,-2.6853269930403485,1.1575917316067077,9.43090246510247
image_1599.png,-5.010064987451388,6.368678174006451,3.5361925638258427,15.036134002171268,62.85729943988628,82.57824323014196,17.70169063599208,-15.559958718908128,-1.4125430224234883,-14.425707282204897
image_1600.png,7.213542700887743,-6.552076412997771,-5.724140903545628,201.2484117032781,150.41669007257605,139.6474166552566,15.323040769064106,-9.03006948442707,4.023093645240788,-4.50294483935394
image_1601.png,-16.61549663245974,7.077405569751541,15.062904160917029,188.14244918185793,238.62682169970287,19.872971197499012,19.124290666676256,-11.464442435720027,6.218832022479759,-9.387693656413516
image_1602.png,12.098519619621896,-7.205305318716251,6.608785730686435,148.86906569793476,32.198024204654374,89.76720445747544,7.982634269782618,6.324241300888964,16.300665566671057,-19.13442708913736
image_1603.png,-5.025517372117667,19.116014702977225,-14.943937605032618,209.3384023844681,215.17337377659405,97.42289903320201,6.064450854179787,8.724204329353608,-6.736256163341077,0.6846190274553408
image_1604.png,14.20388134996,13.807376832069892,1.9726871863697966,25.756059521323614,207.37688071634744,23.940061080376033,12.639879579499382,-3.586863734519209,-3.111897450509467,-11.477016537706369
image_1605.png,16.945471063789405,-5.849857323637227,7.8403450857852235,209.35347794196352,253.83196411899993,239.53148482631352,9.00824876612264,1.7438810223858994,19.526561302731636,11.256898658501395
image_1606.png,16.14172085955888,-7.379489081983333,-1.9754203811116646,2.74086333747623,62.443649872973936,10.658099141114741,8.23339580732354,-5.2556405129140025,14.060352191770036,3.00284595891506
image_1607.png,10.31096002191881,14.207353709327023,-5.382974795642724,118.40420416059094,137.47186734662262,85.52925947173314,7.431686525278799,14.17366619903354,-16.20767016519292,8.241355387765271
image_1608.png,5.763774337759834,17.949789396598902,18.153521601268345,220.27847931881237,20.1580019010779,64.19297314450036,11.427163036011605,-17.559691530764276,13.639922246548458,14.997665500175899
image_1609.png,-1.3805771283490742,4.914811511160568,-5.479679867255015,137.42946083577664,63.45444097030147,121.08924640890089,12.286072261950148,16.24243248653388,-19.55907906252362,19.687623125688823
image_1610.png,-16.311589468878815,3.428786538538475,-18.702939036770154,77.84182281762111,23.825843300961317,81.17769756870346,10.584982361100028,0.6468062904273886,-0.4860713252983153,-3.926721807859476
image_1611.png,-11.37571410115839,-3.348124944393046,16.737470199985943,5.691623750922083,242.38407007601242,159.09614762225564,9.085137431496019,5.909824986033833,11.670530655624315,-2.4696833550286286
image_1612.png,15.130784672157759,17.35284789192577,9.856495442942737,33.0670423637223,146.3197599959357,60.65828663415669,7.864345261626604,-2.280806636950409,-17.942824078194132,-8.920845083091802
image_1613.png,3.7906489924542797,15.538624230960316,19.760742829696106,96.69606979704551,134.94498900657666,228.21867855128903,9.798424800053764,15.873594874265812,-9.67205772660507,17.087644033149267
image_1614.png,3.071300428095821,11.17190918392523,18.105156873460984,118.28489194956107,124.59602573797203,225.93441768885918,9.405111777288294,-14.218011465016867,6.289025381464917,-17.802903912893747
image_1615.png,17.908677831044187,6.967433996623342,-7.047881447274671,245.321165495137,152.60823957356496,174.49383978547905,12.439260211228085,3.9334868620072,8.802340108576253,1.2534426425821756
image_1616.png,17.06579088583844,-0.18876120734758217,3.387855586542873,226.46713364668344,213.0768525803186,163.99719600573687,13.151447670412159,18.906004195009864,5.950366957374879,10.05384216747369
image_1617.png,9.687270054724891,-12.40092638600407,-12.684808672120177,109.54262018117619,50.182509482647205,235.9510643560324,14.14276873868153,12.295613891124844,6.090022323461184,-6.682399772075476
image_1618.png,-3.8571609012617145,16.188949799432322,-1.3959369070435557,31.04016195696307,245.5131223097912,234.6833963367552,7.387904780962494,-7.100532333890461,-18.249214110523152,-13.834333631662666
image_1619.png,-6.379998080507892,15.798036026262253,15.342231055377098,26.968059700807434,124.29264303099255,222.4826517809023,19.121884368214726,8.282482249303179,-16.579895848901693,-4.28120122066559
image_1620.png,-6.813881458366691,-2.086021432581031,13.991778142002353,126.10898814804855,115.6786996826671,197.4093948376966,6.386163781687968,-14.890952614779046,18.59692237480028,15.497063088567344
image_1621.png,-6.729908616991613,1.4943004650068943,-1.1880782210477072,126.12827867305401,167.8235271774658,45.22712543179507,18.342909594193575,-13.340928318108428,15.969798191808778,-10.465996598428351
image_1622.png,15.482821885904116,3.65396542225416,19.59694742570754,167.1193996837514,214.371282956735,96.69352326590901,16.83735310183372,-2.3698528777178574,-7.633103363489777,-2.1089960028602945
image_1623.png,8.121034813329665,3.822561789342487,10.340218572770219,193.02294609613975,8.738130009631538,141.81511395360428,4.622788625173198,0.3062294109506034,-13.46494339758452,-2.3472129059195765
image_1624.png,-8.052641095043246,-19.597641755484613,-6.7383023814738685,204.24262028732164,7.4169204156798365,91.83167175883213,11.460096258441585,14.827056993987142,0.6150982709742365,15.462111053141385
image_1625.png,15.916635047908663,-0.04377508850573264,-0.6129469608576557,80.9483309795482,206.91008156651435,210.65306363751296,9.600929931581849,4.430265127933438,-15.176560977956463,-18.93883985655707
image_1626.png,8.500658742793703,10.653483997980718,15.555283953325628,23.83367376984975,184.66496346201507,39.056158568137455,18.734248971471516,2.264607684098884,-14.832815262976556,10.48919279479496
image_1627.png,18.503155296723513,-0.2975020475127508,8.290776000108306,82.41139516156895,212.3690788355436,134.9217630544958,10.529096981974982,1.511601585790018,-7.547549207345977,12.291791290484106
image_1628.png,-10.185409897577703,-5.7687515253385655,-16.549701489088818,189.08681283847733,48.52931953762371,218.36439367576116,15.573764845804673,3.185735631012143,2.63628722603751,-4.279395638500638
image_1629.png,-12.805304520398346,9.312774936616982,-5.006143469681188,79.19144034535,137.9393554977921,105.63573451140194,8.196530434606824,-16.29750098507589,-16.480006846409122,6.71652763315819
image_1630.png,-9.521820149072141,7.435774586732592,9.38908981806241,33.52728529355007,65.60785574030068,212.74483256365767,10.442781525519827,-12.3481270761219,-15.860602652447632,-1.659546728953984
image_1631.png,-6.319476707534992,10.486729496282141,3.391955793855111,164.3794001057999,87.11393825780397,194.9342278531894,15.219778866125868,16.356272524471628,-8.70218512940475,-18.39279312896425
image_1632.png,-13.927043699602999,-11.567703167232462,1.9625018824508764,128.9388972923001,31.121266565453954,32.034060736339164,17.215281628444192,-7.810308781552994,0.43295719451450054,-10.023539237551429
image_1633.png,15.972393545622012,-3.8940243842609803,-0.6399479138986486,80.13458709343443,233.1156664878872,96.68434860273227,8.196712151992687,1.0924685444971338,-0.1460391943092212,11.42457383610121
image_1634.png,-6.690267055850754,6.1558840115314055,-13.508215554329151,102.25314805869255,159.0332227004526,215.63937918042612,11.403178685895904,-0.8129459782339126,-15.077776811906581,11.789513827609746
image_1635.png,-6.3191297802853175,14.441038908673434,-2.072941868210183,227.32027457901148,170.5290794385109,78.92953514604369,17.80391156074675,2.7981877094740746,-7.676884615336643,4.5303085408724115
image_1636.png,16.1627283020291,-0.32529334955874845,1.1394446062470962,127.83782090094303,178.24546098867373,58.93629228709336,18.48187245937154,-19.56191444308378,-0.527944683599344,-14.768662258820214
image_1637.png,12.478227894115378,4.2491105867314936,6.684036522977131,153.15248134795286,253.64413287961733,189.8011017601491,3.4418843338006493,-0.09827034119347644,-12.690695288044855,-17.11415166113422
image_1638.png,-15.817489442108554,4.789582061314263,11.041552037054217,21.542074149843174,188.60691640428206,98.1519069293565,9.42143173064749,-18.509812737301804,10.316618765076363,-8.796927988498918
image_1639.png,-11.634651920838056,12.417570780998105,11.66031972577846,16.861586675031454,0.3817055075309339,115.71205616827756,17.336606833063023,5.793655569174643,-5.531625342325039,-4.085397271065423
image_1640.png,11.280442342243763,0.7239115791861686,-12.81470366629625,202.44043842359758,128.2684448158815,152.40428817701905,14.87071654909049,-18.10055592036761,13.574796401959247,-16.91346880845975
image_1641.png,-10.371321909023683,16.155771185365722,-3.353258203817955,94.10667896636019,85.92401339816462,168.29294137078278,15.984535969489738,-7.02503447083779,8.449765684727364,-3.889914788891403
image_1642.png,-12.119879707129812,-15.19449719814881,8.2630227892652,95.2810187665798,122.52043104648642,2.7922984058935274,7.68748405902594,-4.570220588790095,5.9815080110631484,-17.96883775436488
image_1643.png,-5.657224556833537,5.56925552308747,-8.29611460197917,10.001381894751653,249.21208498232252,83.50310621638084,14.861540517762004,19.983059911570855,-11.887576423649353,3.729233413773624
image_1644.png,-8.548301154496825,9.476072345590516,17.38319724041999,165.3739542729144,221.62126739445523,149.2477463428493,14.917921100132576,-19.08647065705457,16.101975103085607,14.701900869321342
image_1645.png,5.660324157551688,9.724943491484868,-8.35585812642146,180.16321916925622,6.414790438875992,240.61753410946332,7.599689395154987,14.437012189713002,-2.580433243676488,-15.368949980545175
image_1646.png,-10.527211088068169,-13.5709460120467,-6.031912003702367,171.01549459519504,235.94301275733974,248.42696457805602,13.901572811996283,17.243463365815714,0.09374701008177766,8.669462678074765
image_1647.png,-3.466433085386047,17.412827778273574,-7.435915034570154,4.739965312122409,15.846948551328989,189.80894944549703,14.849338178125764,-18.008418241595834,-12.092645844627775,15.800256312902292
image_1648.png,-2.9120085904037083,16.070493280394174,-16.646148302334765,41.28011571225425,166.9828663536692,213.3177633843859,11.247407264704696,-0.9383276472926063,-15.931081965747008,5.387521851871991
image_1649.png,6.176923047989323,-18.62048953153348,-7.298895119987847,129.61930264070867,86.38268545717027,140.20801390606084,16.123965643241096,18.855175840962268,5.225455806951466,13.263157017827496
image_1650.png,3.5194889005487298,-9.112698528221701,0.8636803236990644,114.74838235113835,0.39853174776823874,234.10379081500554,17.73694593532408,-8.940205242158367,0.6801960394609168,-9.466857774673247
image_1651.png,-11.749638321062656,-3.8230622078286913,-17.01415002559278,246.4639892468731,176.23097232740636,248.92087708670238,18.81402830864848,15.201426300858131,2.4133565938810264,15.283585311115218
image_1652.png,-0.6984705797067257,-18.082089586190797,-14.067821621887298,28.968472902143418,178.54086806452025,232.41796335262285,8.710435353091887,18.191366703414282,9.772097399803613,8.02228668225434
image_1653.png,-4.320988424202138,8.23711832254235,5.952188227574386,90.00091205600879,187.38554102542724,207.8884553925707,12.316254933848379,10.10785488830934,4.082267304885711,17.854268345154615
image_1654.png,-3.9689701540308455,-14.101313390637413,8.712268647840247,183.2150224126028,105.29841445227324,85.53207671038419,3.851166306770163,3.965628819025717,2.7733730651561785,-11.49928313691806
image_1655.png,-3.3440093831156403,-4.010837247365981,-9.87048487278086,198.5519685703441,247.94733189822173,0.05697867788070854,7.449322782366061,8.909542825402369,-16.96841779108312,-4.939541001301247
image_1656.png,13.398384846324433,7.916145145067976,10.445222292525287,133.02232274585714,118.65068471618285,140.6920963400364,8.037791703583075,16.048289611705165,0.22196433872961308,-7.321917184145587
image_1657.png,4.587983522948438,-14.812469355474516,4.395253359138401,147.93088015490733,7.917174437952002,154.2143220866249,11.607336291676857,-2.307850026614009,11.58350845184334,-3.369889650936038
image_1658.png,-10.53141592550646,-14.845587515116584,3.6481132585720957,233.54461234389927,97.33857161459679,77.50194630047086,7.04733587878873,4.433048897061717,10.806607220745157,1.003520756787868
image_1659.png,-6.364777642811653,-14.512586024909794,-11.778176736307394,33.70776621099437,14.404932750702931,36.000091051554236,12.81424019876812,-2.741020316955801,1.6251777647186891,12.383406270308988
image_1660.png,10.232032445515216,8.48680307809466,11.328320415341263,84.53941189879927,98.46378440217426,39.15937317330481,3.619720973176094,17.623327066018454,-9.321784115393381,7.908243742227906
image_1661.png,-16.900951430067085,6.514757840553138,-13.018476769498744,229.9457981831939,149.19860304683738,200.06247838730903,16.13955080441894,16.169616700136686,-7.0244355339623255,18.740663327051294
image_1662.png,5.081409933282405,18.9858078335635,-7.943863035623746,131.60346458446875,117.78576229883653,141.38578278503257,6.66026788942804,-4.016422012010899,6.794573896986975,-2.3294138686626766
image_1663.png,10.803186594012946,11.437066321221607,-17.814719209810505,212.32679049696324,190.45849706530612,32.58933784200437,15.96265029619427,-10.46496248206147,2.7346884791795567,-6.4170330481960836
image_1664.png,2.5695909478360974,5.779775702058615,-18.206868843056256,37.159032849693936,181.93394311193995,170.45154763714447,11.920490662124479,-0.9898346726104243,-16.902347494408655,-19.26952240093847
image_1665.png,-10.08231391826997,-16.239236819171403,4.959448365079222,221.05689167700572,51.65031254933621,42.50264243198874,14.00731026361772,19.22553415453158,-13.12041227242187,-8.923180253399225
image_1666.png,-1.119823737884424,-2.144271629495478,-19.988703130938926,219.39464359670666,37.59974577407995,120.99911602812303,17.73466213598883,-13.553760421265668,1.0485739938763814,-6.958570052123093
image_1667.png,19.39774325319106,-11.565919532930522,7.375642017619395,53.29946670649582,59.69383964633796,102.18702566326579,19.452983359777445,-1.0823353575412398,19.16361717341409,-17.811413903638385
image_1668.png,-8.4922486045655,1.2393270673140933,10.145708240324815,161.7331768071379,40.26647668589906,226.59286831636004,5.800024933773205,16.559164753484843,17.463634346784566,-12.402893647291968
image_1669.png,-18.779237007198027,16.656801980948018,17.229797238614893,238.75886891011635,181.3422493785187,142.2546102233375,3.8105447303207285,-1.0793058310872752,-4.662131373429856,-9.600534139024465
image_1670.png,-3.7341512290049295,-0.09064218312561323,-12.083025889933774,18.54573386504206,31.28125415761961,156.00122783802573,10.057041761046806,-14.804475511276536,15.774287929126288,-18.577918181069933
image_1671.png,-6.078210180742293,16.502975431841577,-12.243702124526257,157.7946225418161,56.99871120942179,165.45034580468513,15.703922091035851,-5.427444254524687,17.549787363662553,2.0090084888222073
image_1672.png,6.587901503303467,-9.518958762431415,-1.4366224919006143,23.816207686617286,44.377915751346336,6.1003262820711806,9.458996240331036,13.169265801705372,-3.9247467618458565,14.707788211053028
image_1673.png,1.8805610658956518,-12.228364677290738,-1.3792492317053728,82.18433920620271,109.58807673247591,165.49491266385078,4.783097573891766,19.922736576501585,-14.134955439227571,-18.065716028740376
image_1674.png,15.226177604970282,0.4374658245769254,8.405207366812153,166.97739783355624,17.759837841827903,83.13316507821722,14.70616706813832,-1.9967003361468727,11.020958246758372,-19.694033617002535
image_1675.png,-12.90099666707305,-0.7421537919327932,-9.4897846924421,250.15396547452607,32.43648394184435,103.68493526877147,17.508385320027386,18.546333483181726,-9.815784359529056,1.3014958403500003
image_1676.png,15.797112043032627,7.205111590049427,-15.085704676539763,134.06876592671225,102.96873030043956,26.965608338799175,10.350134374081353,3.0874187456182334,-1.6658069882281694,-16.661764446808558
image_1677.png,-3.7069150770684445,-11.763837908005037,6.273213132862789,60.05309582125771,76.07452352621034,223.0376781885006,18.9586031420152,-17.93439728154631,-5.55647388130318,-10.114067910962902
image_1678.png,-16.275661610665516,15.944898718742472,-18.26186093737036,212.62673478671425,201.66548312677423,133.00721828509367,14.002883043108751,19.672586353609447,2.6746441393556637,18.778159980805377
image_1679.png,-4.654777238437937,-11.40001112135424,15.392576791281442,87.70303605057912,90.39122040473536,147.91848362879085,18.9844699797597,-18.31154820545338,14.018955249694756,-5.180960430573318
image_1680.png,-7.023828587194249,19.64746871485505,1.9682645856112266,89.98261365983042,43.4328997956784,126.57474149310194,5.101727751967643,10.090101985573856,2.876530686606028,9.868458195794531
image_1681.png,18.3837598826749,-14.786102151270178,-14.151327165143082,35.36706260311687,145.00123974628625,152.90991303964853,18.36826553092185,-2.514646145966072,3.1970285784819623,-2.023754217580347
image_1682.png,-7.6441372085328005,9.193703340740058,-11.824899612246643,137.31985545634177,227.32819622229803,252.28973068559017,17.823664909970187,-6.964117808241008,5.171901268989181,5.9863243977471186
image_1683.png,9.658473873923391,8.24261929611324,-6.076905184860895,29.454333885112156,207.56698939740008,170.26990451883805,16.14908734043386,-2.2168395538488497,-2.2323445063883867,5.20240368894429
image_1684.png,-3.828069521375525,12.64652400574856,-12.484577553791416,231.65973112577788,56.077163544959674,171.1014374905359,4.362173165244537,3.9762262598338047,6.062292366377125,2.01637184560969
image_1685.png,-15.709553971644068,-8.6100261569397,17.51346276408472,46.30449135052008,210.42530570822674,135.9577098088492,19.844873925461677,-2.164362576136405,11.099839369243117,-11.502561046763734
image_1686.png,-6.137783695592951,-10.03786711455184,-0.673481444840192,251.81965382148599,115.51540170966601,15.926914213974207,4.206677353418295,3.1186282388064797,19.421089204390626,7.690269961819602
image_1687.png,-15.591805543432136,-10.781309353243188,-17.705532051645125,232.5476077374852,219.60425547248866,253.49083889821108,9.081058186272841,6.852961073815603,-9.39281032311509,-10.525166281626657
image_1688.png,-3.573623066027622,11.667395782979764,6.486706915342989,205.6081006960868,68.55928669724135,148.9679348029829,17.197225981852306,16.144311179613986,-12.039370479518219,11.042744335478353
image_1689.png,-1.0464540604822439,4.118872449859147,10.828711846930673,194.4157831321635,46.676997026595124,158.82942391535684,17.274204022828172,17.135881163432828,9.55780636856236,-8.491541277098126
image_1690.png,-13.2035133900516,-5.94879093394248,-19.341241209521,180.51665083077302,164.76705242537284,115.91051929246568,5.201410019520109,-17.224058859995758,-4.977815565246919,19.14325666870014
image_1691.png,16.799137725252862,-10.539589363265932,6.115382358139261,245.216388363675,145.27937563962828,121.78389549030612,9.981839564888979,4.8138665481497185,-18.100841202911976,-5.540302832243679
image_1692.png,18.07231207689547,9.804458672830044,-12.356411538362195,132.15764500655573,169.5855950402059,153.28432986944836,15.554451775251364,-10.29349924359762,2.3054739049386264,-1.9921955148035941
image_1693.png,17.58362964202876,19.18044047879532,8.25477093106489,193.80714092319502,112.8466633607813,86.98874545959347,9.86303538191391,-17.139881635403704,11.438672211841702,-19.851819538907858
image_1694.png,-7.101058180623273,18.53812265893791,-12.386282847339531,62.5022111977418,165.77213673231168,186.57118493039846,17.368640282600126,-11.564030126011055,12.379899479603566,5.390921188724761
image_1695.png,-18.785911506733342,2.148972065476894,-10.337472484427938,22.85504441363443,43.480487438246556,119.57709982536545,17.97242636680705,-13.461291215402529,-18.620142020148517,-5.319516233904835
image_1696.png,13.563186899951937,6.91382959697901,17.477292493619565,71.27352558229785,26.018713736820818,88.1826662940806,15.65748508960095,9.967670109870422,13.61768433017123,-17.591963272027403
image_1697.png,11.785631550149628,7.187699596251733,-15.055105900296839,116.60006131983226,20.377520559670195,185.8974227778516,7.861741115965094,11.081578388915055,-0.3895376339113241,-13.226729320458169
image_1698.png,15.306503637078862,-10.641883493382105,-1.612859885507003,137.00070121460365,190.24139679570484,6.478300394804441,3.5697295072118793,7.236532958483917,-15.65548545254407,-15.089912416426392
image_1699.png,-5.4879941789440565,-5.590147041579296,0.3845023975637858,96.07148093272149,107.16734778143247,205.53703184155063,4.968752446368194,-5.782056389698527,-17.60159058175548,13.200558209282121
image_1700.png,-10.044981787128751,15.016136537859168,13.429887979848317,172.07777318960262,24.34338737188946,179.0940784239591,11.25132639054673,7.479397600450444,17.69029972854714,-14.34223741878613
image_1701.png,-13.197648676829576,4.764251268675036,-8.695759994079172,214.55497188912153,164.34838945480482,72.72171387264015,9.387998010565518,3.625936862090974,0.6241334856415861,-12.88008483959825
image_1702.png,-18.61351975474813,5.6496999693187036,-3.80812224878364,21.00400471981575,220.1930066655718,0.865810407098303,13.90787823930154,2.3559767674195378,14.491710821092425,18.56803208720853
image_1703.png,14.348787062927904,12.47552641461575,2.355323356634095,166.74197961074242,228.52180141195134,199.3830240279185,3.386363424245677,13.575137554734042,-19.859562002545953,-7.992604336967846
image_1704.png,-13.460921881840386,-12.475542148319088,-9.915525347586183,94.68760900920678,16.056455221430888,2.2710503887530513,7.08986589918229,-2.157723427603294,9.450252407281411,17.038620700972764
image_1705.png,-2.0317939006354955,0.9655142820619247,18.357612997466518,247.61008306844656,226.2063200798552,121.05048225209215,11.398410143756285,12.467004745827474,-11.10065824774454,-5.524809336780262
image_1706.png,11.571093859035809,5.618168385323159,-0.7515732753869528,53.71802685255601,152.5888472660218,129.1528657867999,17.092708277116458,-14.257056490202466,-19.39947927371793,17.263439501353922
image_1707.png,2.1996139028123736,-9.217465929504648,3.0986676411946625,58.54765483063487,158.41375654535418,105.038037503036,6.161906530975403,15.456497375260895,17.700517889589527,-7.429570346849562
image_1708.png,8.051429229356387,15.95407416476894,-17.797886401791416,144.06155026003157,244.12903872932915,147.8303900720452,15.72580557030062,-12.48131551844541,-16.078569191307913,-1.0937455227725508
image_1709.png,18.05471233703401,-13.218221645464139,11.817589990917227,176.62500727746894,240.33686268605848,1.8583777504725423,16.515326872541372,-17.38174385488138,9.068573839283602,-1.01961029423898
image_1710.png,11.867205742000223,15.50716971011235,2.9850254724483776,186.17828752156728,139.3561797870736,248.77345481331915,10.428705568945896,-7.02332874078024,-8.664934225931415,-1.7169603003329925
image_1711.png,-16.441766723994675,19.629729140477792,-3.198027947701071,161.2338117948192,82.51597673723919,231.8858604808329,8.362884812818042,-13.084363914517843,-8.383201605931978,12.932085861306987
image_1712.png,-12.558488935182641,-3.773658062669302,-13.497367994524181,140.12907783789328,199.19840850962495,30.91755258382831,7.775027380101264,-13.341911473217433,4.6806693227818705,-9.68890116959518
image_1713.png,-4.968807354788938,-16.496196841768146,-6.764466029980078,65.58292822713285,107.380148481879,74.95047670624217,12.786709739286238,6.796392259445394,-16.792089742680535,5.931330497949293
image_1714.png,-19.436353632257244,3.373466835097041,-16.382381104815344,190.73732937511204,92.20057736756156,39.96634653201085,15.637528245999153,14.967092104963712,6.960245657705709,-3.4183970578359713
image_1715.png,16.684660355675582,-1.7489975267917934,-16.846678532805473,221.32115043468997,252.6904305453606,148.4601705374817,17.008467132665967,19.735220798965244,5.893982669003151,11.04751398744908
image_1716.png,3.021286946951168,6.796374629346765,-19.508867889818266,190.12861289471297,119.51418535933273,121.52535869255922,6.13385014941628,17.131867036335862,-18.05015105034501,-10.838721412351626
image_1717.png,5.821055843696804,-16.946703834545257,-15.47051299701771,112.26790081923049,123.87200497444125,213.46127539716187,8.421679797567277,-14.479540931831348,18.279907064096456,-8.678095401914497
image_1718.png,16.380240193059535,9.404108397081213,8.461558757780352,159.48880270843478,81.2700868718651,137.3110783049699,16.241742078024863,-8.037943600377414,-4.2966351995484775,10.319197152900475
image_1719.png,-16.54821916072724,18.323515828589535,18.566591879269566,171.32108530387697,79.16313710978511,50.19514941675991,19.384398495533627,7.329537461241426,-10.248515617603653,-14.714500879821571
image_1720.png,-15.347724895922905,-2.1366390438103657,-3.536002746422561,90.04951184856014,208.13383508519127,77.61892720908706,3.3790183137783387,-10.001363528434396,-0.5987352451618655,-5.604702866959151
image_1721.png,-19.747463631170564,-17.1046082430114,-11.09622648805017,243.47601129161546,60.76592953899897,236.51490353081203,4.899824845688401,17.512549383598596,4.86385335925106,-19.633120400558603
image_1722.png,19.13471099058488,8.12590823370931,3.486102570105139,242.37210575481055,26.92387537794736,138.39664430470157,8.954218363991206,4.8532388148368035,12.147470546397905,5.19460727586457
image_1723.png,-9.567692914163267,-13.562448234873097,-6.938513806342076,250.44225361281698,72.007454283946,26.747915239073627,15.920165534273098,-16.999937367907634,3.6915775617693,-5.262161782212647
image_1724.png,-3.2606389426223323,-0.42017476105989715,9.957485566899994,158.09867843054593,147.82262644549772,211.27968549898787,11.503781838596089,10.753461903052642,-6.968451686792179,0.18617602184443527
image_1725.png,-13.188103431698295,19.584032167070987,12.778163094771465,37.99985236877696,148.82180190271308,159.11507551758777,4.560097607349727,12.985368729629101,-14.794478316738026,-8.760861710904049
image_1726.png,11.643427404047166,-2.379661430409179,-6.371604424697015,162.4443331607932,157.28159391163572,119.08262216925601,18.344788442305777,3.1951405321571187,6.681231923722066,3.658147932661464
image_1727.png,19.3711196812244,15.932894311153525,-5.668292502747999,203.0020767053469,194.30270175892403,20.571810505961135,9.253330170397877,9.014578634582875,10.501986962512191,-10.7298124146297
image_1728.png,-14.24596386222927,-3.5595991950198353,10.67491837937353,195.2090607932427,200.0447995635518,16.84921771541962,15.804295907087596,-19.997755275969563,1.137140095174228,10.236970062962452
image_1729.png,-8.355407449232404,14.356104507156232,-6.464604996613552,205.40631294531528,227.4327176411691,203.6529293035271,18.029792377960064,7.578102605539296,-10.546524927005398,12.915538425877749
image_1730.png,-3.231125288499289,11.774158899129453,-10.906493514753075,222.74836137147628,70.74182438846888,214.30302896030778,6.7828156542660345,19.730285591337363,17.878228376442074,-4.141151051795035
image_1731.png,3.200261437907944,-19.72551282256982,-14.695825948924881,8.012787089531848,239.566414481206,101.54541774314254,16.99603772514874,1.2282979227288564,5.526442637277874,18.954944243449184
image_1732.png,13.821192994241393,-17.386406716752102,-18.74672209906874,242.98288616572665,156.68228923712815,182.21307246193527,9.081097261432928,-19.955558550779756,-19.008499126700894,8.321665759252646
image_1733.png,-12.162027663790852,3.423544078598173,-12.933155185706333,69.91066570488557,129.7228080497588,237.78277695142216,12.762667453464298,12.234655967109411,19.718062225219548,-12.97482399226217
image_1734.png,18.046475504427974,7.5233455569166985,10.266217854363816,102.57183361389878,220.13833171586975,195.34543345853123,13.589795760575713,-19.196523969695164,19.068293059755625,-9.4387370615161
image_1735.png,2.4422293901507715,16.539408315062985,0.8357626838536625,243.18258767345742,84.75357497922369,117.5328540885473,18.81600421892518,-4.23631791748431,8.816611558844162,12.634805907723859
image_1736.png,19.393309136510496,-15.801041694903542,5.919935363314263,178.65536874966367,233.3071236679022,250.768395553099,16.25843704788712,-6.974686768104,-19.92949572223732,9.437886745435708
image_1737.png,13.547844677009259,15.605433198295344,-18.227691252884686,74.77938555225782,153.7178396592459,202.71230992873305,5.017853168677923,-7.956623111787366,-3.9675980046741266,18.44035607653916
image_1738.png,18.5472878114119,-9.227784901559533,-2.7743749141520553,98.65606352177086,213.68354329638362,231.24167016415893,18.145854078879843,4.448760526525469,-10.957432960889793,-0.03604617098528706
image_1739.png,9.817733415756798,5.399355170211354,-17.708048683125458,34.314691654421885,81.47325543700298,194.320014344397,17.813004555154514,19.448379717857634,6.0196177931046755,6.151220434047264
image_1740.png,-7.888889821820765,-3.6031436596786435,-13.549440561596565,175.36583791271485,108.30841017704478,72.6177347349252,4.106957534120777,-7.264597967272035,-14.592551445869004,-4.304107416832995
image_1741.png,-16.87059842160248,19.5764859878825,16.026447301844648,136.24210245028954,212.58347172908123,72.0219591170646,17.08174996467895,12.90185958639804,-12.607145523474133,1.0952795020295412
image_1742.png,-13.976394355027807,-4.253371750136115,-1.691608291055413,231.0698199797918,53.17734455362724,46.32786582029552,9.773354627472845,4.256987548185013,11.285189465209356,-17.402274646859905
image_1743.png,-17.36729695572745,19.069981650702033,-17.53946075173397,106.65215709885298,50.886575571147176,66.66361320126778,3.516170185482328,13.608622092748803,3.4840199712239617,18.178354254453033
image_1744.png,-1.1113130318193356,1.6031860365520991,-9.968017079215002,165.2812162357713,21.311016987188818,203.19016772314026,18.741081905175246,0.5792923899121476,3.8762909948624653,8.80109324032
image_1745.png,-6.227238319088158,16.418640256867853,1.1905396474969123,32.14573326539388,186.00356875748415,197.78401972481683,3.31154863497436,-3.5993162390840574,11.569175161714675,-10.909500422727234
image_1746.png,12.676406719092462,-14.09225014980219,16.566984651652042,29.81810412671858,47.74258365676128,203.12262072437488,12.192433817208679,-4.646873411622723,-7.431840792645502,-10.49063566412849
image_1747.png,-5.471501173987331,14.927327859183322,3.534263465113632,169.67870837309752,158.0588682994092,59.442192721707904,13.709446767767474,12.141067217459984,15.747844585290267,1.9144170743147946
image_1748.png,-3.339129426266119,16.52032534239013,18.987851872379238,243.49277684548238,229.65453633576513,37.391830741699444,8.378402998151252,-10.07980070896782,-16.535075329373484,13.492457982586124
image_1749.png,-3.35662000988032,-5.123610793944916,-11.168654211729292,228.19437907309674,245.06186983501388,162.80431145531023,8.601433407191504,-1.8096561267044393,2.5223882042509196,-5.981336081487928
image_1750.png,9.033313285160858,-17.69237648952562,-5.889949959397661,73.15383287647893,226.76332683548458,168.83521820012442,19.029131374453492,2.3059770409309053,-13.402757821285292,14.006832415001668
image_1751.png,-18.32398525883182,5.4857704658324025,-4.999693145021213,28.963209636073827,253.5723843191132,12.413305637055469,17.05723727349912,9.177682887730057,2.8680295689458326,-10.712663662618462
image_1752.png,5.149820845122068,-15.494929230275197,-4.311123720547755,250.12427579516108,144.39392945757086,5.171526400110931,9.457854599358459,-4.7673403818781335,9.013246315334516,-1.7399881620138622
image_1753.png,15.957472733684227,-16.40719522250103,-8.044525626522208,4.803485440516698,56.12393180291453,204.078209128453,5.593044423180073,5.459968724116489,-11.685324929713952,-6.437007795417342
image_1754.png,-8.550949423123772,14.15950600995398,2.675069276923246,55.264042239406834,232.1843022891481,251.1393627471056,5.539956223592923,7.388903246840211,-1.5303049756732392,-11.521432420053399
image_1755.png,12.038497127694598,-6.2452484041796765,0.4632592023214208,99.92324381352205,55.15003357447519,146.9636542803013,19.77436528297509,-13.181010214568563,14.25183293980885,4.690331931169055
image_1756.png,-13.302873595643963,14.360510629650278,1.8334335434844462,106.05045293421759,145.2068266043895,254.4203985469831,6.659681033876172,-14.620067516166625,15.481877330722305,-13.742441841574573
image_1757.png,-4.293052213340376,18.178947457081513,-2.204321126687219,56.46993642997419,5.90576257766333,29.47073054718688,12.447805686900134,-6.812117445644246,7.810433951253589,10.144130935525439
image_1758.png,2.792342595557713,-0.3672903289020937,17.000666753403664,163.35689005532802,181.77145202420814,22.912592096003188,16.3512830795986,-3.3636752410867423,8.269023132890382,-18.43444068793132
image_1759.png,5.009266442429912,12.491190930894739,-2.4633769133882026,90.12142654862338,215.84509693918386,236.62675205678804,13.566043745861956,-11.881782487723886,1.9518611933310872,-14.170054669764927
image_1760.png,-12.167012326947164,-3.258791611986407,10.300911712264373,46.03513695730536,32.08809973889186,35.665639108535615,19.356240729204853,16.199714914952004,17.190655570441194,-13.4270207426508
image_1761.png,-11.225445113755654,13.1537473700659,13.123857798688057,62.051701040128584,216.8382898226427,181.44802079740288,10.687129713992142,15.520380673400368,10.921708475810334,-6.027668036027599
image_1762.png,12.229194008680714,7.12323295035803,-16.468641674822532,110.22007587784648,120.19417695980214,151.47304552248758,7.910804673221579,-17.946298992920052,-2.1898179129068467,9.174453919704465
image_1763.png,13.428155262098564,-8.058281906439962,-19.118506389262283,65.22671539353236,75.92806884442682,77.37695221362301,17.76950154342734,18.66979312922779,-15.111976712961592,14.116802939972047
image_1764.png,-16.10362039388219,-9.335577192154506,18.56422371197457,93.84745392297144,178.23749710932287,172.95337682461755,11.32429205395908,3.205980698180454,17.335217442618685,14.141211295540302
image_1765.png,5.225709365404512,-15.137581806191886,2.642049845562056,106.01365181091917,243.844630277364,31.747378588624446,19.2446222413448,-14.602353886501135,12.925276822644996,19.231071288442287
image_1766.png,-4.9768670733920715,-16.353911608398878,8.826963812555878,61.15746579367604,186.72709738387752,92.63507735466409,11.631834501412946,-17.351793416229416,-12.595401496556793,18.87831365519795
image_1767.png,12.979133727926374,13.298284937073845,11.843829737411973,164.4967193281193,48.89635693496316,107.78850572506884,10.430287518289521,3.3444850879010666,2.6905003598111286,-5.884887373016703
image_1768.png,7.760821705612351,-19.22550287544727,15.122591364157472,73.01975077897268,175.91359264950182,155.3628095068895,14.715091725554835,-13.209640424044258,-6.634428362069844,-17.14922950679933
image_1769.png,-1.7844740560019474,12.528935019906406,-3.9445313103793076,199.52969326509594,189.82664758809727,84.80248741024727,8.287445105607105,-14.924590965932474,8.245887132963606,-4.359186337020628
image_1770.png,1.6844322159657885,7.849686578582684,-14.589160651424372,220.53681404035493,139.93269178077486,202.17511641785885,8.884453427846445,-3.881158922993869,-15.413446774589922,-1.1519667459529934
image_1771.png,-17.621640988971926,2.429148598560303,-6.475516531267594,108.69667236268472,208.11488235510595,145.34475908749357,11.352033056991862,3.468160105375965,11.223568533646816,-3.0120934401556276
image_1772.png,5.55798363829631,-18.08078975225267,8.271066016443342,69.06640122467618,22.584453257851756,33.17332070661667,16.768146036256613,-9.326666933833717,18.171248150568474,-16.223694272641133
image_1773.png,-3.251805753384623,9.292766405303126,11.741686305351532,235.65371241986168,94.87511689684806,101.39682718444635,19.60918408201323,-10.873855247560273,0.6467890074550731,-0.7663144813418725
image_1774.png,-13.68464175072651,12.629237811769563,19.66222616341441,95.09946282891696,161.21980585226174,164.53740489236,11.73302898028269,1.4458440635249303,19.554881887795986,-0.8302699060346157
image_1775.png,-12.377655747655458,6.222323314562924,10.166392405280465,129.69076250604675,33.85083165964578,80.75200499646569,8.91878425630527,-1.748596611989015,11.037653992892423,-5.633446686273755
image_1776.png,-15.515372374689086,-16.992528683523645,11.09021601299473,54.8971433913507,61.14564195449166,30.516640430719722,12.928523413041596,-12.7320628535557,0.7395383592317408,-17.9819377543129
image_1777.png,-2.603938053364793,-8.133173996070973,8.252259930901257,239.18755863452262,108.14509653320917,21.912693937529934,8.0911379001759,11.887710681911244,-7.318889373521653,-18.92498042539808
image_1778.png,11.001685611475743,-4.602708833473844,10.91969282357336,105.83066280198987,141.47761273565405,178.94410173034802,6.226628579489994,6.146388806902728,9.737127484850493,2.2593483637845146
image_1779.png,-14.972307321307031,-19.372791155216326,-11.241913909593633,135.11088095122412,69.70189783163593,151.94986618755516,12.227717123972166,-9.050700677105201,16.786996867967765,16.0756121894792
image_1780.png,-6.120342459844652,-11.431800553811083,1.3466505188094473,165.22595578250096,203.38714625783652,161.23200777860845,19.62668343119474,5.010778806700955,-14.062286862953046,16.929311580233403
image_1781.png,3.374318799155663,17.13034043332072,-7.78799989260909,4.518589530385572,45.26534279225553,63.13087150710555,17.09531600811463,16.902634099881922,19.121658667003068,-14.274086840782116
image_1782.png,-18.520173277382685,15.64536828176147,14.149984079920188,143.8476794022415,215.84462313648405,52.620181516252345,12.396240627122506,-2.0742517524160284,-16.855251836526794,-18.42443706056092
image_1783.png,-14.899898047968566,9.296495722108773,-19.9751386338121,74.63671269913236,107.79369872222752,236.75735652048382,3.0387514012235446,12.955945628069841,8.145426358778465,8.286513330727153
image_1784.png,-4.27840835832197,12.896152153245701,-18.34463315808999,30.086056242107965,193.8370566377158,171.19947000942304,4.541800532517406,-4.521021856495828,6.428215391124127,-0.9473411702555339
image_1785.png,-0.8801341212816212,-8.462199973874833,7.709635363381775,110.07790436720963,252.52045258711152,222.17632962842234,7.352040093193384,-4.35726126163004,-14.391476282157484,-9.629221217116207
image_1786.png,1.807080541813562,1.1208530506089147,19.83411307253472,239.07628817793744,99.56830109160134,156.70597484321348,8.907129358101912,-17.18450737142912,8.165636744182901,-11.894670366812816
image_1787.png,-6.85815892684456,18.33907151626589,6.557846478216874,244.3541080310755,25.063874089992833,154.35541203483905,17.197684297310104,-11.723553401667868,0.5449991832448156,7.741410229609414
image_1788.png,-4.81049827997159,9.247991569846459,11.169668841192141,157.43386312604568,103.69400739693384,93.129631054942,9.83066829906223,5.36680438505989,-13.644969306909225,15.508955940551928
image_1789.png,0.5291954649160111,-19.580212675068424,9.227648953612324,153.4962361170108,216.8253565905007,192.33140459991287,4.602085278305163,8.817359352427673,-1.0907924795165513,10.228986347778477
image_1790.png,-2.4406891386168965,-5.071947806082049,-9.22601148516327,143.8676148944333,24.73848564798347,207.28597136666107,14.781686604228689,-4.989167389288905,-17.770027802313194,-14.19897348405021
image_1791.png,12.414702557224217,15.299640964832449,2.914748291481345,127.60509430411943,246.77336416911612,62.30068618672769,9.342584182028123,6.694663816905258,-5.623236273235266,-7.394867149685961
image_1792.png,-1.3581613756948805,4.940654309242454,-8.338520863599532,244.72402107921076,246.36508070841924,105.45952981310667,17.49912172434589,13.77945127418279,10.90684314474407,-7.2135618725151485
image_1793.png,7.293902297925975,14.29088037322633,-0.9372129474415942,239.21462040482422,193.09945879796194,59.062014490798816,8.493155446387817,-3.9821289139431784,-12.561654981151804,16.348904602892887
image_1794.png,7.146884863580954,18.99600360955037,19.837788218635303,198.35596336604212,225.2275524308307,90.61576588588227,17.633218420195107,15.734007920267501,-4.513750555650127,9.008992527147615
image_1795.png,-12.041679169405835,10.028805243677738,5.836395666293768,176.10177300728242,58.488155492275055,46.20731339559799,17.56368604355441,-15.927158717905673,-7.907874902531994,-1.7505105151906406
image_1796.png,13.593738235982926,-16.705005443090904,-19.327297112441748,46.34103467152091,119.66005751912523,101.10426306168875,17.564767333110925,-5.562875235308638,-9.84032477795678,-2.7822666694929765
image_1797.png,9.779825213012622,-16.35911394382109,0.8666061436193537,51.6163021903996,148.15449948765053,182.82783976330913,15.186445373685014,-2.8074799071347556,7.873055253258727,-1.1456185829772707
image_1798.png,11.599238197021133,7.15672753140845,15.510987233104686,197.6288762877738,57.28587310316001,39.87484941854828,5.326070192809619,-9.880274110250635,8.183369640930003,6.0224433876622285
image_1799.png,-5.087915393415923,-17.123393562346173,17.63090872230783,102.6521444039457,85.02419743145519,39.05925281278767,5.205484944694809,-15.087886975192376,2.369986527425695,9.411157039052735
image_1800.png,13.610907308341886,-3.5826402260319234,19.45166873816688,95.36638244158456,37.73879233012418,116.63708871759876,17.527059184129705,4.717109066021095,-13.319877646609587,-0.6365252169819691
image_1801.png,0.06993484625068191,15.456291694908359,11.058553837901115,51.34088833855009,186.19079325263323,117.09627968368643,8.145648126365609,-19.538570817436845,-5.3619549885746665,18.406222086925105
image_1802.png,-0.5909309254965933,-7.495081654244222,-10.352963606400309,89.40612089087878,45.543802377151096,213.24805489142636,17.886159287908878,9.721044955641066,2.2460915823858407,9.400519304707082
image_1803.png,16.861818160643708,-9.894734550973139,-13.086518313707046,154.27832036242359,86.5171170331547,188.75532316698215,19.0953050886559,-0.872904849500852,-7.950466953769411,14.767427360238962
image_1804.png,12.513108476703941,-17.48182658763842,-2.0881955218472257,183.54270279649847,161.41162503697657,150.09752404222573,11.295757874030203,1.560719920774531,-5.510202907157918,14.404010152383435
image_1805.png,1.3779505534091108,12.487306240254945,6.70834053965422,31.51170349037016,193.91901531772234,206.53122091203974,15.884596805643676,11.499283618091155,-11.280296600266041,11.245189995753769
image_1806.png,-17.47914763050616,7.895612174523137,-1.4848855267241845,237.016593675495,136.1793089727256,119.97633061466085,3.840844661257475,3.5146598778335445,13.978721436114853,-10.896859525713666
image_1807.png,15.785121716392766,-2.009255591208099,-16.200297441920746,230.97107291540857,123.45879780801259,124.38837830024372,19.563516997102276,15.169645922846712,14.350288340891929,-10.689159513151
image_1808.png,-15.87805915799239,9.859416022524595,-19.19532956510148,188.3715362692185,23.044621693345757,213.07741759072795,15.988406876545524,10.956907130477163,-12.801281127957612,-5.6746900216407425
image_1809.png,-7.164040476889628,-3.8900356376434573,0.08067369677866054,136.76612185853674,74.30336363716877,81.88918417186687,16.26828840515913,-16.0296939903732,7.989436645387549,-13.327205532107573
image_1810.png,3.408926040161031,3.6936080954346195,19.301163837910686,118.86848866369557,188.94973824748655,200.67696592972345,10.50556537909625,-6.9249475869453825,19.949857885584024,-12.732480135456537
image_1811.png,-1.7299750803135225,11.175369953075634,-11.56664993819081,250.59995426166887,58.12614506629985,240.81211128046203,5.884604376588157,-18.49113411102751,17.91967675278614,11.226055025169437
image_1812.png,-12.532754181748071,15.03068785258315,-9.30175901825856,207.43214921550518,188.34362926272462,124.8808482400414,4.916668918046258,-4.172566445272787,18.71800524613682,-6.046493566084891
image_1813.png,-0.19561085049199178,-6.029911474049388,6.612783185575353,252.5767988616345,69.97925366486817,101.31181185372567,10.63760678692844,19.70937392299821,-9.915314097106895,-3.141501019579799
image_1814.png,13.805728386075458,-4.417817782685805,7.9698387900619885,116.17089544028235,223.63231163445226,45.87958505662398,14.061275835791513,-6.510762937332029,15.956298572081273,8.976909281282076
image_1815.png,2.233569860865149,-17.035383839857122,-4.192055943747214,33.90863152706568,165.70597490032307,112.58501786216942,15.161670777345762,12.856702221035022,0.91770979114483,-7.446732019705276
image_1816.png,8.737831409021023,-13.018477890914415,15.440177888828423,35.74545182070867,231.89637269434826,92.41033992101319,12.84659393558627,-17.512103948963826,-13.04106260818816,-1.6069851249667764
image_1817.png,17.12444349178601,3.082203050997805,-15.789589684023575,141.83271824871082,239.49234127268267,158.92089568765567,11.592310972167072,19.571108454176297,0.8807234869646479,-3.570543865606453
image_1818.png,13.854460003663725,-13.230360940225951,10.172673913873417,133.02327675667684,251.26030433450126,198.88243876190614,4.218200446206242,-17.39526035016102,6.324048698403747,-2.6134230230912614
image_1819.png,16.055556639952634,-6.713380991729473,7.134304431342201,25.947553502042865,88.05886136700776,25.87432561581467,11.217618646298328,0.672056804057295,15.675604211487489,14.765540148481037
image_1820.png,-17.868827384583458,-5.802495325141486,-7.46919651572712,190.294730168212,152.22595492686685,227.12051974657356,14.638240446076495,-16.168242185310206,-14.860474816946724,-6.197895831448875
image_1821.png,-1.2278583226964024,1.9427054540089657,-10.043549270308635,72.33562180314628,46.67513521230252,70.74430337335724,4.113065827955592,-14.156299161421497,0.4334178528627852,8.288791428176037
image_1822.png,11.171167622203335,2.3145011848687744,-13.70744466962818,40.67952161351519,218.94533115076726,202.79937070756066,19.89219168151145,-14.736712184082306,18.730343982559738,-8.528453851267459
image_1823.png,-9.129936648483987,4.507527139398864,4.968924891067324,178.687065557316,0.03766417219148055,211.4694686428109,4.5143324023128475,4.77842486297579,-7.916437264425342,-8.190946480090155
image_1824.png,18.577684192946734,18.95673766379342,0.21633571100586124,51.37328176035356,181.21317230943365,21.108397162421557,12.831629702483385,-16.893996326414747,1.582590243998201,-14.066687074562418
image_1825.png,-10.030966614884287,-0.1658879817589849,11.205054080855422,77.26836041376599,241.20950964266692,66.04406075201011,9.772127832411204,6.017942289723752,-9.993067661164797,12.93094106684768
image_1826.png,18.398168847494787,-9.169585655876741,-17.01487053731916,92.75795026161744,145.84909443574966,51.14644623374673,13.408558002082312,10.462827341144902,10.472072927319648,7.49993219513869
image_1827.png,-9.235698926791574,12.457782110380869,4.921322639377475,126.10067675032897,79.11413426637336,77.06214333311691,9.85748467286397,-19.8720468872783,16.64326040980569,-9.510755437272348
image_1828.png,-4.210610585734482,-15.782845727028239,-10.366723557599084,233.35946109968341,123.56216861500273,195.62672649986726,6.195126902225834,-10.29658270400553,-0.14939393202694617,0.7695598764784286
image_1829.png,-0.4525235773510907,8.559567876644376,-2.75661313946404,164.5167488640773,83.56459218581345,182.76161820551303,5.39467308864708,5.651058516300633,7.8341501408589025,14.50946658804471
image_1830.png,-11.407735736675617,15.338412077901914,-10.821281327986473,244.89134397284735,39.59508802638587,161.64783364526818,13.671777439210304,-19.02058886369283,19.268752396833484,-6.21403877428612
image_1831.png,-9.550616767521976,12.309592751699995,-13.283582128591416,105.44466043448422,135.8884159793206,42.62856296235068,15.168700868511296,10.447726670380675,-12.927141176187828,-7.857761014741085
image_1832.png,6.383538720125177,6.308837351434256,-0.8644306828379342,253.2313096865442,95.99980484255644,110.7097498192987,13.290690625484238,-3.508580039317245,19.569804471412155,2.65454629956945
image_1833.png,-11.676663341668982,-6.927737957079243,8.609762036583895,93.1231036452583,223.54299492743215,85.14498706939568,14.814841142594085,1.5398589504273907,-10.901471210666088,-7.064341506487324
image_1834.png,-13.944667817651567,9.308568164495455,5.464650845409331,210.65237397371945,124.39186067262781,160.73891117420828,6.327158874822048,12.902607542719728,7.780898096278875,-3.274274303715675
image_1835.png,9.672971242009623,-8.33870993772399,-17.259159864170464,206.8196384655733,33.61283666949577,183.72646622396337,16.33786006746908,-15.003929511906566,2.7349119442539127,-19.671862808338084
image_1836.png,-4.300380458011617,12.507720834673819,8.22641062154451,64.36921899247741,133.102787105321,110.23482216798855,16.892703095109127,-5.129867137477584,-8.344020133080448,10.789102812261323
image_1837.png,-19.60580012414407,-13.793535982246897,-5.0023702238075884,154.3646028262372,244.19396265068215,126.18018947914372,13.624642243488882,-3.4058219600635766,13.987681812519469,10.280812163882821
image_1838.png,-6.166728776935813,-19.478040257364555,-19.334194484675834,209.4756908666088,234.68889209228016,239.5259441707486,12.847339618654743,-10.895331449561763,13.751424536843437,-1.5708410224819076
image_1839.png,-17.940669977467284,8.002136697029165,9.08716991928868,56.416216338733626,89.29255958410178,76.02075549313236,3.718621471021176,2.940390227370475,12.666787934432413,11.639311765400954
image_1840.png,-11.842917799888912,-19.959756190520736,1.0467672544238837,206.04495475731034,48.9364303152507,220.45516755070216,4.697548856720878,16.37404586732429,0.5029799345514547,-1.399565232883802
image_1841.png,4.160928262007857,-2.7135821786542493,-3.60133307352298,42.285318031279004,20.176353779240813,63.82164269853798,8.231481523029597,-3.9378624706284384,3.6923399068838414,4.0309816998879135
image_1842.png,9.57483045611443,-10.022066849101554,9.967171915118662,18.353708139518112,58.277912032681655,17.011662379138876,10.742760013789113,14.284686586823028,6.350895861239021,14.017258348907198
image_1843.png,17.011460665511066,18.84840980258496,8.729201917160296,174.0829870727433,126.12029987350677,15.927892007403546,9.355028039866731,19.111777645279318,4.215892570603099,-18.2084940946443
image_1844.png,-12.537804885823247,-12.943499439473335,18.391409399123816,204.77402106183416,102.46362880032397,70.48521122691365,15.039717091047876,13.708793128154078,-14.851677619730918,10.108973563143255
image_1845.png,5.994005933606175,-10.363332894022594,8.185680819055023,62.37961273751521,100.29624129514094,186.77608290795322,9.236558043043473,13.942089244886304,-1.6274133380574796,-3.4329292947520926
image_1846.png,4.489170949957575,-13.448820603260314,9.984897327222704,39.79452009842251,242.5991427993409,121.99910438427563,4.4943893201458796,-11.300869528168501,9.205069614150567,10.060583853983992
image_1847.png,13.576648026746327,-10.616459224168228,-19.510319721456003,53.53444658649707,243.68659740080264,198.8986028027082,19.003997956914148,15.880792702137576,12.753923589479484,-2.314169226234238
image_1848.png,-9.37950200451057,-10.929881427524219,12.187327833870484,64.20535832420283,88.1393763055404,160.1070398619897,6.0752755002544045,15.356337751874577,6.7194838416268965,-12.959583656876653
image_1849.png,2.6594429471211853,11.430051405316167,15.67217596876872,181.68756319628054,174.7929966546541,140.24588919802912,7.898992332063595,-17.80086462957989,-12.374990245217226,6.437961602220813
image_1850.png,16.55132437005559,16.547946045391875,-12.902415881139335,212.48687346031483,62.849339048853466,31.165704425464284,12.905666166842282,2.9838997863392223,8.84762341911529,10.048495229500787
image_1851.png,10.94200505147423,13.535622837671959,-16.70195908765045,28.167846699164095,207.7082208379507,73.40551609421705,14.435374078669906,-3.4398361384322627,11.083682990931454,-1.3384618559535788
image_1852.png,7.8073116484647045,-1.1269830329855068,2.3527300796537567,226.30467993273388,204.18851387617798,85.84239644999957,12.334926468270169,1.5667905034047216,14.002931189973737,-5.1889094912057985
image_1853.png,-5.43135093982022,-9.216518228526503,-8.058265064465173,98.817372727254,123.02479407283147,108.67424248584004,13.558345350193681,-6.4510007486257415,-3.6724241806055744,15.57423809029413
image_1854.png,-3.856773412640841,-3.91197509946549,-6.252605134012445,53.94316280823572,200.23965434456505,74.27075434570592,14.716993297286312,-14.083957413142869,6.930240256908043,19.664422864179002
image_1855.png,-6.042911157708804,-8.151605587947683,-17.823732691010147,183.78990611962126,158.41775880685614,42.361666093104326,12.086820708064389,-6.7923093877024865,13.457030303832262,-10.131350524514456
image_1856.png,-14.518800469959242,17.80614032295327,-11.231382011540273,239.50399135495798,107.340263792753,203.6202770615619,10.944071528263823,10.032307024157618,-5.101962022913833,13.69078498130201
image_1857.png,17.006288988191358,-5.980317221958211,11.865452134588317,194.6380086486537,186.19223362475597,228.5461027803506,15.348499377986094,-7.1278810114994595,-3.466000995756172,-8.401870047586698
image_1858.png,18.96684820433881,-3.691373844196768,-12.21666899619612,90.37194866284214,142.41231912601617,209.30977461526695,10.59695977564709,6.94747727047946,4.461759412928625,3.0512582823754357
image_1859.png,13.240891811383634,7.154390482762693,-3.521133899853531,20.58726898859569,112.1750953568017,19.30322675890163,12.07327102190933,10.964446514364464,12.493815932565283,-3.0778036528498873
image_1860.png,-4.852762398458562,-3.261633218982304,1.1159568580007075,77.3178850726685,199.4021695272069,91.76336329143908,8.370643265344441,6.8125899183646865,-13.841062691931562,-11.740498992368323
image_1861.png,6.306495472826249,1.2503363720114251,-7.060554523737448,186.7388919549808,90.53676763434602,143.45116201706082,11.917693208668513,4.557676543255475,5.555808346900175,3.1341045008012927
image_1862.png,-3.1586225419411598,12.118253833796913,5.675975204509598,253.08920718753615,210.71481924587542,212.55184405562787,6.185261081300911,-19.018989102506477,1.5640956447156285,-9.477371665408976
image_1863.png,-2.3991082710347413,15.916644671088292,12.766113698345393,237.92907339796204,88.27774553270069,80.92079513312153,7.4472952738724345,-13.496495799232232,6.717797014461674,13.999353273700493
image_1864.png,-2.1843600341076588,0.43144759843179514,13.286690837997163,175.32286257453336,160.00166849668756,174.74048655431903,6.361044822096362,0.4104742123568528,-14.15241765675853,-11.968835695602621
image_1865.png,1.8226082183656978,-12.60922132010846,19.48823546385664,109.90339454735788,124.930544365918,42.03038002092474,14.586633489573032,-16.698660265758335,-19.078067627375624,15.790817716625341
image_1866.png,-16.63643422243203,-8.149190013165196,-10.940777036437503,205.0550987755945,179.04810963655822,5.058563953813422,3.6986246685543787,-12.179806777404227,-19.511788399439702,-7.125407238277063
image_1867.png,15.06697746079923,-1.0295873713670822,2.1442580552439736,28.254816063863103,124.89431339726616,83.22322927148582,6.793668441028945,-13.667251632051691,-6.253369875869893,17.548424444783194
image_1868.png,2.5280733100796766,14.354519486163241,10.894091347769589,134.5669793802986,205.7028993910172,225.9938260309968,13.106806427720851,-19.762350004184164,-6.927186041097908,10.621129741310543
image_1869.png,15.249561749891647,-11.542111689239247,-13.874357726510716,56.19922613902829,136.39486402657366,122.56329554531816,5.9149973579685895,-17.326651699346076,4.077054580019457,-10.740462519241905
image_1870.png,1.4230938825788115,1.614722684867111,-14.108470308373624,25.351593347246034,86.23248502411377,52.17491815570703,6.849523429885078,4.007581138230194,3.910761830682489,2.5419036166377893
image_1871.png,-8.855912575924139,17.30808914182103,19.692127050802036,175.06827071235284,39.04738275888431,147.88661877460385,5.11205725385397,18.519059072437628,-3.6859492462504306,-16.79368149219346
image_1872.png,14.585302334398406,-18.06249563327986,4.79782151927029,210.0201888414934,16.121206830157494,195.35195131383537,15.727203782708084,10.32167799193114,-10.838640804977206,-9.764454800206508
image_1873.png,-0.5201282709429655,12.215934039060429,2.4910055891474343,12.756430834011068,60.814439644727415,84.63017071928587,17.42823064110511,14.618382853351378,18.8168153932791,0.763516880193329
image_1874.png,7.512095499766566,-13.297230524287475,-10.353569162820726,159.57855076465674,28.565241377217298,242.465109718628,16.937349929360416,0.9811017825531998,8.497222745406386,-0.46374414985818646
image_1875.png,-15.725570740950676,-10.697027446102494,-9.761931124414742,93.68018160101981,98.11440897571751,148.61835427119397,9.232445369289138,6.180303972473119,18.177751368714404,-0.9449099946524129
image_1876.png,-0.5562985823466633,16.46948123469705,-0.2866935234934651,165.6515931542505,200.3019358564402,117.00595432731474,6.942934601109016,-16.56095562675916,7.818417194192545,5.083299468120195
image_1877.png,-15.2601919173904,3.654045012101676,-6.397077646677417,246.50958060366168,204.86313477943864,84.2772447235315,6.886384428675564,-4.16029505421335,-18.193785277587153,9.817997330610574
image_1878.png,-18.142799717806977,18.193863771265242,7.428529705335201,164.3073926628382,166.82524115467677,153.64059315262534,19.924407195946923,3.4451877332428325,9.538556603721304,13.71394082785892
image_1879.png,-15.348314747275523,12.049616288188538,-7.602203774513132,36.47377697335313,12.57911056969337,79.29930993410969,5.636832540144034,-3.219058911724183,-6.099188051947202,-11.21547763918283
image_1880.png,10.483669396456484,11.702753815892237,13.304273753902997,123.59861136301193,26.948607690815166,7.015962970765346,13.071416986784163,-10.862115468618928,11.687018112716274,13.078985040556638
image_1881.png,-12.08462648731615,2.450723310912018,-17.424752968520167,151.9461792013348,30.82035133779916,194.37772597854953,7.416196796251695,9.72669876940937,-4.472930117919184,14.51191364678769
image_1882.png,10.50807208935236,-18.227228644162864,15.976634210283777,77.33612289572913,135.697114455578,64.26809658692608,4.648560718109926,14.812400747783094,9.01594436007802,4.864196444690737
image_1883.png,-12.975128346444883,-9.682214703065895,-19.120606894626967,6.217436901604243,66.03261266545701,214.00163257958584,6.76100161265958,-14.968047906080649,16.726610117611344,-13.168784105243994
image_1884.png,11.956424235800615,10.349571896286811,-15.381323837271035,126.19924395281981,188.0187792569808,152.65951702131338,5.924911576060279,-6.330231356879645,-0.34506924305645015,-9.506124201868467
image_1885.png,16.643358530089557,9.732194960079383,12.52158351376189,60.95039179738434,71.83276935983639,151.11737441154168,9.901537752944881,-5.27473075333727,11.761693370851066,1.7222158860162438
image_1886.png,10.884718322509336,-8.924402156430817,1.544631967518285,246.92567416554775,87.34942338247394,153.4807731911543,16.262150446430596,-14.205051363883463,8.737045496310788,-14.659758697101704
image_1887.png,-7.23973627882236,0.7504126177665569,-7.80074410396101,62.57689459563462,215.55931630707494,95.92721278895745,13.589955967928566,17.645274471945157,4.164339354817134,7.3296825270526185
image_1888.png,-4.481886104550007,-1.8011822812040066,-6.910278665332662,207.80639080577606,62.098733227604576,100.62442687210044,11.462980953371709,-4.249189621072823,-16.81885101962763,-12.043300495679459
image_1889.png,-17.897134869145567,8.642276784326178,-9.863031561115765,37.94552851239453,9.041576978171296,86.64413098961701,17.45363547107081,9.81812523980242,-11.46618638129581,-13.75679779802681
image_1890.png,-9.521947215872233,6.731957508652666,-10.923875416934994,72.80186710392144,83.73737034905974,148.68548888491537,10.967754079040073,-7.4507255315396925,19.896399643192282,3.7874659035543736
image_1891.png,-11.366849181069302,-3.268970833506053,-3.6528778524905263,134.8461570799199,14.622341897681258,165.55049232616437,14.629303475993305,-8.875361236371608,-2.308578146895858,-9.975775866536054
image_1892.png,-8.71897742822734,-15.160065284904158,-12.885297902369782,24.601022100704306,90.01548460425028,104.98555750030239,17.62458982940683,-10.52356203150353,12.69276998732063,-4.271129836328523
image_1893.png,-18.169353925587423,-13.635768130928705,14.138722239398064,239.1894312569258,63.83429286443515,226.29128746653467,14.274536501511994,-1.9814345768527453,-3.281838209111001,-5.005813664144156
image_1894.png,-8.835670160730466,8.384788050582394,-17.575259998439275,192.76786602406239,174.59537895603395,117.19714040678777,16.189888018047085,7.577983464919107,17.684138030556817,3.4784089179086095
image_1895.png,14.252729349000624,-17.40499208614151,7.291508911076619,5.236684540335139,100.89954472212709,74.15924421150099,17.917118637769203,-14.014517853084083,-1.7022047697314626,-6.702380939492144
image_1896.png,-14.457226064456844,-4.95766968567251,-10.272424201595651,47.75522322906534,51.30535496307325,206.64346818443775,6.053290440682666,8.997241305483819,-5.669304634497925,11.992565778548997
image_1897.png,9.04555465354525,14.00317883561813,-9.612357154565899,210.62533127416629,223.3948882499833,212.1890353561981,10.685674766597069,14.809851221826293,-15.047766998761976,8.538754612421144
image_1898.png,2.922302345456206,-16.487336196127433,-18.973086627768154,38.54270760801363,2.5466620429586975,116.0665091711856,13.251387041361376,-2.2827387438302473,8.251474301473817,18.47009318223425
image_1899.png,-16.871857474931737,10.220314228776843,-18.87570183515553,130.95323311246673,134.59533685059063,37.16033513815676,17.472603694004277,-5.503040767671683,3.708464442371067,-13.146084878321155
image_1900.png,19.365558885993664,5.4285810210872825,-6.310704029941876,155.82172015884836,27.182708536985583,232.35960200978593,16.249954326377832,-2.5411105845156072,11.924500422116555,-15.208266740340552
image_1901.png,-0.4968221659511265,-9.927502892942295,17.730210220835325,240.36342364685356,240.27413854701044,42.425786218367364,12.407163607855965,-11.91442580916037,16.441766629692616,5.452099985456535
image_1902.png,-18.026534763751776,5.987279031885471,-0.6927179885896919,137.20197733196355,3.9679023758787926,18.19157516581943,15.409144455952125,-18.541939343810597,-6.66961635998315,1.3846699753685527
image_1903.png,17.11479516017402,0.03787354798468101,-17.530453751624822,170.15558309961992,124.82131020931506,14.304393726811748,13.73630551654427,9.58617176921619,-9.711346220889503,3.7782755946574262
image_1904.png,-18.602623919519267,5.146415632377295,-5.511346226904266,219.8897185605129,130.4925873354578,5.405683509583191,7.926001762794923,-8.70718226275217,-13.106963643683343,7.383394949667256
image_1905.png,0.5215837279714997,15.16692178104519,-17.43812964345226,227.2991155108667,143.589868982849,113.0117263522934,9.190897393630875,16.957540510653963,-18.345275227541116,-10.806248364675373
image_1906.png,18.955664978198918,-17.490448867600602,11.922771371161733,102.38639253251112,182.28784491942218,10.794061293867182,3.6196150258885296,-19.920714678590148,-4.206400908997164,18.617210076075274
image_1907.png,3.7392000663050418,15.430157905873834,18.815900107221644,88.60396424586168,153.0232311381566,39.735563192914526,19.099801270815554,-1.3621919568578136,-2.2010373896760385,2.546895784356895
image_1908.png,14.446651126813428,-3.6904047282558174,12.796199926869079,212.96229611026854,137.99253920372286,180.9165636140387,16.428302428035746,-2.347700945347153,-13.949253869375147,14.904860684594105
image_1909.png,10.81311302756621,13.959313866838741,-2.3958722734260043,233.74933545396203,173.88909841480205,73.41616584833481,13.376333873863818,-5.54474641884935,-0.6892943485650136,-9.317747081776977
image_1910.png,-7.961416789105771,-8.488165564882006,6.85730088439588,174.55128978362492,229.1866232795628,149.01605535142494,5.239937805872529,9.883329189841895,-10.063944641386717,-11.433767375586337
image_1911.png,17.540220633460365,4.200890001550807,16.330362787510694,107.28353131074209,72.0497950410606,121.61180820150312,18.31251590500107,3.397973867431382,7.993587298108867,-16.672306353868183
image_1912.png,15.93147253308657,19.910674904834487,-4.62096236944706,61.621802300288195,68.08840742919823,215.71761655336272,3.103929411936067,-2.532769835303018,4.54717697372546,-2.048221106686853
image_1913.png,-17.819374207839633,4.5500619584515825,-16.43646324393147,156.5239983992149,157.6765160354838,80.20515260437581,4.585667547310251,19.197305581217755,7.523255494257896,17.29301565550707
image_1914.png,14.639558547976648,-6.2892038744844125,-12.456950046272365,217.8331447439766,253.32114925177797,210.65715822516717,13.618416025671964,-11.318960794745724,17.02239476690889,7.267098644000075
image_1915.png,2.5620654030729995,1.8079901273052101,-14.00773184149453,198.3544887170345,115.27881849235605,23.5246835680788,16.8438427778038,3.3333489681154624,16.127407575205936,-18.055835534881535
image_1916.png,10.176641471341604,18.504965321693263,-9.98612585961884,132.27525256726156,244.05606255108881,29.50599065395544,19.126974814104507,-6.686584154468417,-2.701467579675594,7.761062857816896
image_1917.png,-6.468636165957108,-4.178170621721357,-6.880025903512333,201.49835658126963,165.43052160120055,198.4055569961826,6.843338332259805,-1.6554508072198857,11.476318500641085,-7.929072879535667
image_1918.png,-5.614592335974287,11.016444275370016,-11.566253701226753,68.72998703482898,216.8354879162986,91.2083424821804,18.45563571418255,9.444913358238335,-17.100455139952064,13.537580104612964
image_1919.png,-0.06749694175325516,19.681665305355118,1.6193226172455688,180.88223051626002,193.6621526012068,52.31495932688062,15.544913833788174,15.60879186739956,-18.740276820395245,15.361278570200156
image_1920.png,-16.27649643677556,11.010334194783937,-16.399795365655038,13.932203728214876,112.11700280139549,142.37236081916606,10.202394610025282,14.493756343998612,11.249000956262165,17.50838980304328
image_1921.png,-6.281585347472149,8.801394562767975,-17.08092696568371,20.18157156020629,238.19364617789515,160.940415169206,14.533608397082544,9.767052121278187,13.226739090588737,19.149651618233882
image_1922.png,11.590389630876906,-6.0651491480096364,-5.66204687523641,2.317086688663762,242.0923532640775,205.71459456697374,8.52003809403055,17.802464475168357,-0.42653461631854483,-17.390077600155493
image_1923.png,2.0505739873763638,-6.620490328784786,-13.678808151084167,174.35996592956567,168.8238830032135,107.27179448048007,7.993295312435189,-10.569717770346685,8.832592640634171,-18.18114450452382
image_1924.png,-1.152967354479287,16.03579886126439,16.134070493811407,175.58425136237375,74.01775764651264,135.3310292814392,17.361677279384978,15.444228026770183,-14.752643288279824,11.446979702349633
image_1925.png,-9.720112783606627,-3.0203751180307563,-9.36763927659634,197.30889621720158,29.5687948546556,17.9988627578389,17.981641759867877,15.544141493579865,-8.829788965987856,4.731925963729914
image_1926.png,9.668355094431465,-14.873173719020226,-10.19627801085839,6.448322732675203,99.02636083613247,239.89195478702948,8.948808312003484,2.402670889686817,-17.07902640144184,10.483578013752968
image_1927.png,0.9313220402921054,5.253404552158024,3.003338550328966,132.84009888330905,6.140807404784006,4.700008891448865,17.03994662543586,-12.026909365663986,8.861896819332369,3.9716524487245444
image_1928.png,-4.2207274904993675,9.01671513391133,19.100130181036675,48.48837130674214,109.87619384498025,139.48824898844677,5.450070354295028,-17.03379257843123,-19.386045373966844,5.565669579881046
image_1929.png,14.266959911845582,-10.707859415334662,-7.082689504389318,182.51858412286785,105.8456217712112,141.45437303471505,18.57779222909681,-13.353481384596368,0.047593013394212846,16.637143459351698
image_1930.png,-15.348239903498024,0.5868825194804828,-14.160314854287819,213.10228663439833,105.70356360276193,161.7496321220638,19.403586437312068,4.139709202557988,7.935338119327358,-4.877028925065536
image_1931.png,4.015124487272985,14.732400116482879,-12.521752226896915,211.15634256256385,116.70646347840398,130.13418854149336,7.568407647220114,5.465485535558692,10.25156659747935,2.4453619221421903
image_1932.png,13.437145232316524,0.7284886301950451,7.3656681204074275,65.71097566627303,202.26886426335588,22.496953819886468,13.137587086686155,13.744350549718362,1.8510704371575635,-3.8060182952881405
image_1933.png,-18.654236078873083,-19.755134896672764,11.681245153115192,109.08418188789939,130.7808864780393,250.16714521281796,6.655061799101077,16.64853589856706,-2.960174778846735,15.564074657722166
image_1934.png,-8.235539037186715,6.130864590380444,7.701795237941905,149.03859466129214,43.35748008324628,203.0292106282372,6.791710393553645,1.3086385720312137,9.129874219463328,16.272082798449702
image_1935.png,-0.9811094799767375,-3.166309878628823,15.743075078501853,148.56738335000068,176.4001914753185,18.836015625389376,5.244705972959361,-17.687365076467945,11.96723374584861,-15.67087737897391
image_1936.png,4.088717840650954,12.008758751813254,12.084263453266765,156.77891283222036,160.06462991346234,113.6336535930404,5.030140730504868,-2.794727665699561,12.141569409816512,9.17244388204027
image_1937.png,-11.97429415650281,-2.4831595424114425,-19.138289882488717,220.56408121046178,63.02507167954219,215.62691744079314,18.75661530384386,10.426218016041403,-10.165038851545368,-11.124925771204982
image_1938.png,-4.044550320620353,18.674853946967907,-16.17305189410867,110.93341319513183,92.75669071021186,185.58548931391334,15.132171554744891,2.677557007718047,-8.217901829162418,10.958896399142812
image_1939.png,-1.835106320619321,19.00779951675566,-4.319477241725673,83.91015423103953,103.71835472122233,22.8397855795419,10.595212264531973,0.2312308256364517,8.504756086294073,10.958853023883186
image_1940.png,0.06788658851761298,16.29475198332092,-12.832000729166001,31.13168400840054,4.566548566571566,106.59206898127053,17.013436027875862,11.742452184332638,-13.126868001810493,-10.900884903431232
image_1941.png,-3.6484553220239526,-5.673205048497078,8.801355869251275,247.12518857317673,199.6744486038502,142.1383730788781,8.911899337192278,-1.2133365107284568,6.097855758147219,-6.144262676240594
image_1942.png,8.015801029221976,9.697384077529957,-6.7863276727484045,185.5290355624336,103.48862554427039,233.96620428718438,4.476314095402333,-2.6113028041712383,2.272521906159362,11.266787886736847
image_1943.png,0.9519724328569943,4.229696759567325,11.511975330207733,19.63333059769165,49.74628854577704,36.34255466706022,12.509456562480066,-13.523738653015167,-13.305576426959163,-15.938875298905826
image_1944.png,19.83191226525934,-12.641042346217608,-14.593234258213483,85.28294189453325,174.58270787989133,216.68145488548893,16.036613679293247,16.259194202659664,8.586818399088937,5.389087830388263
image_1945.png,-17.511934952845316,16.821932491586693,6.255267576126968,74.76624167558359,208.33304384436713,82.54749592837223,15.963563223465137,-12.257111014965133,-1.0438595356393705,9.187554391733595
image_1946.png,11.06411307683359,15.37084776928878,-16.249989254229416,126.95617680890484,93.24723213939089,171.21629602531962,7.214113074560985,-8.429861422301762,3.1059482632490116,14.187456084918189
image_1947.png,1.7109623974806425,-3.916831069039283,13.040317052903688,75.91026010748914,152.8763291191261,152.57916946819876,17.885558689011283,-18.500774293986918,16.252680843944837,2.713184644372319
image_1948.png,10.59848254987805,-6.433104848867149,1.6089429942963562,231.0703908017205,232.8879320853541,15.370973899728046,3.9758195612324956,2.7311205527219506,-8.806995184803693,1.5374897183847267
image_1949.png,-4.698046852850535,-0.032006385527999726,2.147653405064993,211.81387932991524,121.95488826985627,19.00343281454849,3.1343691619939458,-18.985779780886624,-2.320905666293921,6.1667378176061405
image_1950.png,16.48084683474569,4.20906942914112,-10.358048762861692,148.41499134262696,11.609367488856918,115.09991745119223,8.074771034967386,12.121783268265268,-2.4901407299012845,-12.111350767090121
image_1951.png,-11.313816164535773,8.023073743346782,-2.1213372755251285,94.08197664671037,38.74809036652827,35.04776628697472,10.368668968653228,-0.6242648425562365,9.934343471630793,-18.42235292669497
image_1952.png,-19.372350254962786,16.5738764436734,1.059391649742789,52.45150823700158,92.1283004649442,108.73009189345164,5.599231613126626,-10.798908424887731,11.119172741581401,2.376465380296491
image_1953.png,-8.33143161443977,12.629863274013402,-13.763197459209922,157.2680205268786,111.19385277404747,193.98389712463742,3.116237396537287,5.126563795871494,8.088600963264817,-11.688866190041365
image_1954.png,18.200629432296445,10.682110715386752,6.119700831364582,183.7723137236726,142.47780014420877,4.114647887005167,11.823556291843227,-12.589853063019776,-3.5872984130659766,18.161200788555604
image_1955.png,12.455645843033572,-16.818900787127053,6.757021802963724,104.61727371055314,80.08827651271896,167.42147338600944,11.44476212089526,-11.98774871602903,-19.472343440188823,-16.078696453840664
image_1956.png,4.02105561690869,-0.9351657803229259,16.466365990179106,52.453817662813684,71.49305657197273,42.00983116254875,19.02036777620377,10.02668578543291,19.44340987179843,-18.34957274674064
image_1957.png,8.133688280729437,-18.49886547740699,5.009183676329265,86.70073647429925,221.93504233486738,198.10099313434503,14.680955593016954,-8.547989369026926,11.616772835083093,10.132591733941329
image_1958.png,-17.056009250045125,14.549330211673698,9.491402194741632,8.018221365398855,50.94027496639352,71.98082415263842,10.04295659582505,13.247287603639663,19.800402959722938,-3.552064754089276
image_1959.png,11.344935188324612,-1.2417099852959126,-6.766234973078106,94.05617164280306,136.8299619520856,141.92559110986215,5.9604482613396925,12.203780945783322,-3.3541455568362153,-17.906235315279957
image_1960.png,16.881477497096938,-7.928720295058529,8.797470129007138,3.2353302485232533,54.99101456165652,69.98373102517334,4.884025225836079,-5.603133670962412,0.8722453216636659,15.532757632297695
image_1961.png,-3.6107461576241704,1.9577947732386214,-6.602463598135326,57.1664782484368,99.11876441230854,70.20039129827212,19.46196731455852,5.432499377591583,-12.160619626368213,12.079766974761398
image_1962.png,-7.752360766059546,-0.9155712892586436,-12.751932971585052,11.78613852837783,237.9247619302054,75.14860984308217,16.182947377187013,-14.056212093593526,5.841857889026272,16.70603623354223
image_1963.png,-8.599394279949415,-13.178529849414442,-13.835616911575933,69.46361256488636,52.005111434215145,246.0296540178392,7.814694554620926,-16.097105119647438,-16.1843936589505,-7.778930017821558
image_1964.png,-2.88813449636357,10.423451907803553,-13.969684303717585,179.53171721283795,254.65798498589945,178.24134675951257,9.999477815862484,-12.66399506470908,10.203977732447985,-16.382474660720238
image_1965.png,-11.60452419699768,5.4557090456548565,-18.41493082136418,9.663985140833637,219.80988538908827,0.09306829747855572,6.416756263027057,-1.1595694019109146,-10.82776002334294,3.904499093448681
image_1966.png,2.599982362868193,3.3167457523678543,0.9146490987485301,19.480755113795894,71.08855963879216,230.8769307795746,9.866455400815905,-9.51301400050351,-3.54461897449017,-18.196463588276824
image_1967.png,-0.677924085873407,-3.2835561470125683,13.602343567652817,23.02181557128392,76.43653390731473,253.7806637135054,19.882237459967698,-1.0867458095524256,11.853986572292587,-1.9591721617546227
image_1968.png,12.181121721969262,-7.402139715349909,-4.43263996286821,220.12770259999266,90.59235371353142,164.04228004101404,17.06172841361088,-18.392947222516497,11.705200534686142,1.5863733286134547
image_1969.png,2.8952885793567305,3.335138488651385,-2.007820969886211,190.00339283558228,197.38523173837459,220.18113224040272,12.935222816687281,2.339367159098643,-7.48144850761085,18.91765194268274
image_1970.png,-16.841645912880455,-6.921986331890535,6.089508435645751,254.2507902643264,202.88910718770973,20.233602447973684,19.46876593824684,6.602436312239064,-19.15877754194124,18.079829679952176
image_1971.png,9.60681444881346,-2.125791297165499,16.64236173571736,140.93825223798822,141.95141814461775,122.1962664615823,7.465210648393503,-0.8194271241853741,9.69417103800955,-15.083462013764475
image_1972.png,-3.2236969809338802,-6.14056862342855,3.4156620538617055,153.21999459088835,96.57466946810594,75.33314188041766,14.642705048972399,-5.187250805366958,12.664216985420211,4.298670471084094
image_1973.png,8.540086026798825,-6.27935438995582,12.094528130067246,143.60887287944917,193.9131726966629,120.76296986512433,6.198461926811481,-2.6910455155446833,3.6765338179111566,-6.630360172366618
image_1974.png,10.668842078180688,-11.798689316046369,-0.3581678120756209,250.020982647434,133.7506269244642,90.29058734535536,13.511309141301908,13.107206506308493,-13.537078174967778,-6.6939091785696725
image_1975.png,-5.721337158311028,13.615086200478352,0.9859854204513567,76.68974450236486,189.55959208603804,31.353931276416937,17.650179803851533,-10.249905792500869,12.170731421388133,-6.194993251472232
image_1976.png,18.903879739133473,9.583254398710409,0.21620111159337796,13.194639424378945,99.15414401148394,252.5612582696362,11.920538752085603,-9.504395069244875,3.117368647355974,-18.426787678578428
image_1977.png,9.867943893199932,0.9613427458114927,16.163832175808032,119.67836378948303,167.75574961419883,167.59022502126388,10.545372524559834,1.7218403002146445,-1.2504143504370404,-10.903018750825254
image_1978.png,16.836188703585336,-4.671609432673893,-1.4005486425306088,93.57001028262609,154.69416773000967,41.92430272099224,8.268575463309205,-15.306882205372542,-10.427173156660636,-15.046026356627294
image_1979.png,7.821056306123857,-4.473380278715986,-15.900877926403115,174.11621548584003,36.59967212485382,242.72478896385135,16.98852584162567,-17.692981747269428,15.433233180460789,11.861788333061888
image_1980.png,-19.771413236038754,15.038189186760363,2.743325479059621,69.18364459139403,85.97999959671886,4.814831589600127,8.229615039051858,-4.941645749445627,-11.542627910362754,4.473079284643969
image_1981.png,17.715130868963385,-7.261250095619335,-3.746349657618225,247.34613596192162,51.76667028761231,75.4457488289581,5.735306718093508,9.296244556561778,13.341953026293972,3.9782879054732057
image_1982.png,-3.2824500747185716,5.105553254147871,-8.546358932280658,41.31983028583539,196.52797922418773,19.757171098157887,14.48068224678259,-11.851469338443916,-0.6549942787970693,3.3239648548196428
image_1983.png,-13.065269848636003,8.688270937554407,5.481924873025807,76.38936281759518,220.49928700177566,145.02584247638072,15.014968509273714,-6.826615825714795,-19.469294586660993,0.21612222133430592
image_1984.png,-11.55470090024114,-5.378222841442156,-12.20398510119804,62.33182821616449,94.95383418725949,154.99910324342068,17.586443358478085,-10.865990561094838,11.72446430832666,-12.84228000946226
image_1985.png,16.448564972916074,13.120478352741962,-11.613167241561918,136.91883808523986,172.187476091857,115.86315184186927,19.898355373863414,2.131883601134568,3.522148975979789,5.934783332742516
image_1986.png,16.672332774680648,17.088612092566997,15.521162445768717,201.32078796281678,237.11213967786227,151.0542255520897,14.799777577637169,-15.402700602191853,10.325875238960151,-11.190267567351256
image_1987.png,4.430787275476753,-6.265438244146303,3.0621480931188927,127.82550484874156,252.4017767012442,20.821065991270487,5.844298981593685,17.69413121881925,-3.0905883074950893,15.648214040711885
image_1988.png,-11.270850755601893,-0.19384610090126486,-10.683118047852588,121.64198139039055,117.03615652015455,53.26321972315377,14.074145028127372,7.747975704299648,18.112019268344127,18.793983148415727
image_1989.png,-0.8868270662741438,14.43375416730617,3.6032332878827162,207.56618050701326,196.35498700038193,92.34793107819159,4.843333473884956,-14.009054484235296,14.252613099153308,3.153177784685152
image_1990.png,-4.095975642657358,-9.380974537198906,-13.470250077007249,116.73096297293853,49.229296682337804,96.2117134784935,7.476307271622783,9.189267114770281,13.230542182963724,-19.673152981860277
image_1991.png,-9.036164806717615,12.280604578581801,18.064702934176566,195.00057375634933,161.891874998258,33.115427435919855,12.670854065847905,2.960569026642826,7.28674254084455,17.037708260473977
image_1992.png,-10.111845409538528,-9.54875653861559,0.3785488523776728,162.95100907670096,143.37709770057432,215.25409767640434,16.018646629042763,-8.106299719913315,-10.157002441669958,-16.319970143891286
image_1993.png,4.621528419677091,2.8569745511979825,1.3973310902229912,219.93083515546863,93.42067087953508,77.45258572618427,5.823192366497809,-4.033080988359741,-12.68363117194166,15.30491887879868
image_1994.png,7.325969613040243,-14.75043176416635,-9.71209882722504,81.77197726042112,202.70868301031194,113.93397972268001,3.325025548448542,-9.895501111179028,-19.000272058835975,-19.688720971745685
image_1995.png,-19.700064942314647,-7.211462795830759,5.300322025245649,52.93444060517611,138.22463787210944,12.283893927837397,8.98455433448498,-19.508838230694213,6.449232154737658,-1.0192709924082735
image_1996.png,-3.8171197972309514,4.888128924235929,-10.831756145669743,158.85104060540345,94.12937038157217,45.10505046893327,10.769308554896288,9.807153025225219,1.4919798627271241,-16.643376748862487
image_1997.png,16.182559018952723,0.15404923710372742,15.742634898645747,52.05253318443101,247.04704737295214,152.19609189695063,15.775906175854622,5.7119658864098355,-12.897344643931415,4.500365294362819
image_1998.png,-19.137077741297468,12.096757981301167,17.703911234037875,20.4456663526421,162.5897806827998,254.3926307647184,4.181600448035604,-2.6489830277054836,5.795391791112397,-1.69751010557286
image_1999.png,2.965317054546638,-3.519920812919949,2.5622380280734482,197.37819455718744,55.784536801245245,173.21553542324938,7.326887030779174,10.507883801193735,-11.23809239488596,-13.574449046824801
image_2000.png,14.281094160958304,-11.514630294774438,13.046107251409403,223.41570931040758,97.3820580753634,133.41819471725015,10.006423298949636,1.7237923460368556,19.48464820705611,12.685776445270065
image_2001.png,-9.243043247910299,3.9259109784872166,0.9659098251236173,70.47122846296548,184.09961250095256,150.45608191296347,14.872421396637874,13.682131457942347,-8.046460241332717,-4.188144548570589
image_2002.png,-4.849240569734722,-16.442090844231334,18.421031511643882,60.012697342060775,120.6170300178641,40.14140188096701,19.53883846184838,-14.1273553220392,-19.443928801125423,-1.8354896686441826
image_2003.png,15.013847591908515,-6.947578661288816,-19.249219954958523,209.73711310786916,129.57066487809843,44.220609115627894,3.6024636949612976,-1.807668485670284,3.3452210424352984,2.466379065259833
image_2004.png,-3.912743826493159,8.636463562678685,-18.962830761708585,22.62432584211681,40.38011965383936,31.225348695430213,4.05455288346683,5.856357545228484,9.733996703931357,10.331000797164428
image_2005.png,16.25963401405737,-8.823493480743064,5.503205339787591,130.60992740735213,70.1087132980952,71.54272159298922,7.435309526773805,-2.9188559917698953,15.377531368736143,8.593579712929444
image_2006.png,8.173877767399517,1.334789691010858,-12.035739393675211,45.135186515030284,152.6857488408912,178.51829351804594,7.221250487568864,19.363076275661072,-3.596969334041006,-16.45812403994189
image_2007.png,10.640055919807011,12.03141243495267,14.787549110564186,60.81678384726525,26.179466482396755,127.37305032601093,18.872662966149978,-12.234845297293724,2.9640516032916224,-11.63576394119103
image_2008.png,-2.3697300429129413,-7.7493104686328,-1.1749551840358308,58.10947049306718,107.52525693073441,67.12560419768705,10.192681728839894,2.0843591454878094,8.55387771435488,15.923849936724956
image_2009.png,5.3723534966799065,5.79620649569096,5.672251540848137,98.08378113164878,213.56442855932002,65.59661726097393,8.862319077490698,-13.675712869950644,16.28817931286082,-4.876679741029534
image_2010.png,-10.560842753795407,-5.570794567403198,-4.250919278335839,192.30408055901634,151.94129222708378,140.19961113441585,19.709731041867993,-5.514759669514344,-14.709049590573272,0.682871325175924
image_2011.png,18.57970108064884,-1.1827805194798273,2.671956681381605,51.51752036621846,129.66718462428403,242.67926352273372,10.960402634009881,-12.24629823750757,3.260787102375108,9.86313465165567
image_2012.png,19.329043683532127,0.7982394772144055,-3.9523396352562443,179.58901460635266,175.64081890858262,92.040830528165,5.474172745060609,4.878045738442907,8.08930504226748,-18.46820924626256
image_2013.png,10.149014124604875,15.033670565365902,-16.676691503638324,2.82557778739754,217.97320420525347,228.29508570581427,11.512816267692711,14.16382075740372,6.255872987340794,-18.579287145185297
image_2014.png,-11.936776117156631,0.18895384358840062,-17.909440076393256,149.34451886092864,85.42319115575867,234.26753751958842,11.222421230659307,7.788384373002025,-1.0678962258522127,10.838155962828893
image_2015.png,-0.026130191884568887,-9.529768613958836,-11.31989132732449,122.87161265750137,192.68058172573967,64.60138610749242,7.8851456734634615,-6.371864469078972,8.922881531852902,1.812103184243739
image_2016.png,14.724901373646134,-1.7123869967169085,16.02330132555211,204.04756114162754,69.09457721129743,61.175506944183425,8.170317076803212,-16.58434352488341,-14.708628769007381,7.785712194802564
image_2017.png,-8.15169561830726,3.842317553329945,9.968720591512078,84.18817321408841,113.73117125072383,199.77683021609033,5.661802011389607,-10.32212714264277,-7.3762229345546615,-9.672600367942028
image_2018.png,-14.791821639400386,-8.23452602958399,-0.08277146187480966,56.50323189953519,169.60416627401364,164.15765229274723,3.1235276275855135,7.330969500292106,-9.153010376361284,4.580157836425421
image_2019.png,13.693847427203963,-3.411799482519452,-15.114158447459003,9.080571426686726,91.03237898066288,61.35728948282452,15.693416719059993,-19.929508371011035,11.802983104254714,17.484903325335836
image_2020.png,-1.8540715614803318,15.185690586332974,19.497780265607723,93.22701404952076,253.57709825487095,166.4681389163562,4.96118623275893,-6.508044806224609,10.270408805641193,-17.979354681181125
image_2021.png,10.31524049537429,18.403543152780827,11.47979616887796,167.42888045919085,16.370388343794048,129.8100783653008,19.824597095523732,13.430946813460707,18.208836965725062,-17.23118303230636
image_2022.png,-3.0905254853772846,-4.798136352018393,-4.794812509030244,50.86425663963172,227.41549094517373,143.65938135593893,13.140436756575205,15.413588652590839,13.283238962727069,-5.16920476043885
image_2023.png,19.605914654996,-4.642925667229489,9.251931960239528,32.045218258980455,138.58819937652913,1.5211930679545893,14.945208165325502,14.310244900361766,13.812881783826121,7.59256810406065
image_2024.png,-10.863756919743754,-4.630160494928459,-8.601892184977174,191.89631897488545,76.80268961756012,175.68811185507073,3.1237903680700976,-4.7394144690273965,-12.74134890921994,-13.262208608649605
image_2025.png,-15.518101227648033,-19.261125457735115,12.100575086779315,182.97294578344577,46.789016738178596,237.24568356662155,13.743185364425376,10.37369064496525,-15.233832529693473,11.931501488062842
image_2026.png,-1.3841021710056047,18.794963516327535,-5.1363659372549275,90.2759761753706,67.11619449448466,147.88206985012522,19.74849042228028,6.264124974708057,-5.701939411695744,-16.626230281324933
image_2027.png,1.7713304875612295,11.819264079968768,1.556565339331474,247.59233071694496,214.21908617885063,0.9353950126977684,12.683030920759881,7.883320520812234,-5.821903357282752,-0.8851750562618399
image_2028.png,5.082895760217781,11.047760241787316,-19.67023646339891,159.53146138704233,71.47930474803941,185.38785673413363,14.96610027314717,12.22995587689487,16.118094720385727,13.980068437676728
image_2029.png,2.383517744383763,15.317607427154186,15.075559535645851,88.32934800683306,221.44878907477468,96.80655856837403,11.350048593691097,4.186803019347153,-14.391623493393686,8.637845935683515
image_2030.png,15.221418514997623,-12.444881528570537,16.24415879355358,234.48718792914093,41.23567012392973,69.770390937991,6.152352760593901,17.66719147755751,-13.049634799270224,-6.929285802934855
image_2031.png,-9.699004377081053,-16.84720097249601,4.488032248778961,91.62342681833648,215.03778741649543,179.71088731382036,14.84989976324391,1.5952418345767896,19.65596952362842,12.025301384861947
image_2032.png,3.217615583102482,13.243848664158207,-18.71842675380162,71.3033149384059,169.67849819725066,212.9083215935833,3.673096508431807,18.137751254658625,17.88069060273719,-5.9891546398073015
image_2033.png,8.89083433384333,14.067871215190245,4.927651887973976,153.99872937144164,168.6331423292951,177.81525754548258,9.770084684568939,-13.761391165075242,15.123117221477727,19.263811223887004
image_2034.png,-1.3031323666390335,-0.1161866169511292,17.00257907915214,196.86664190837595,2.827405795084175,18.669039897885696,13.504914667227697,-15.30578323655785,9.555610714925304,10.28108378890024
image_2035.png,11.541040344041491,0.41013387349786967,0.9567287633705881,35.09013889074234,131.1401627169333,91.4842551287825,7.062235696715819,-13.507965154318304,14.175466487374763,-4.440336677333608
image_2036.png,-11.83517315987249,-5.433112199355827,6.5099140544515635,79.78184094224719,129.53016995232247,203.6965681442344,12.686754121256852,-0.2914046325018482,15.420860586132157,-4.8289391760179345
image_2037.png,18.05089774121887,5.991284445351546,11.374572303890798,3.7420335064805044,185.20956957070072,145.757411707219,9.051834139575018,-14.482056736854743,16.215979509080526,-6.21525358311243
image_2038.png,-6.485073298221927,-16.219241025300505,-10.870193168507743,16.413211273841252,66.14815426915736,99.91319291900574,5.780512077083096,-6.485971437311232,-1.9743768302522433,-6.385843287765844
image_2039.png,14.531180332084112,19.513543114983506,17.19116671399042,83.24626803944007,236.49979003291014,213.55569622149414,3.6767366458588935,-13.35851954276285,8.316088166679783,-12.819183637116783
image_2040.png,-10.672367688745048,6.549929437141309,8.539358991909744,109.3288978167844,129.5886441390037,196.8399704465425,13.010022739249399,-5.131008903360069,18.769380493579114,15.078523967130224
image_2041.png,-0.9432874768952146,11.65435138194212,17.14789939442904,50.2054226844269,123.2534617426899,118.68273254451492,10.390409938149244,-3.8950738266756417,3.977472867570178,12.034300494368175
image_2042.png,-4.623850284848157,12.838842482910842,6.905804435061754,222.2561437914632,50.313823005798426,79.60194932559862,8.84775397074031,2.819291674350236,13.318264683501361,-14.141498878571834
image_2043.png,5.348931728912358,-2.822803796866861,0.17013833381335886,18.365011354909182,193.23484610097927,132.74961981542907,7.677306621705779,6.664121551868849,-17.085208679609263,-15.4399255267308
image_2044.png,17.03986440928327,-12.63926710232257,18.968915007999854,151.83354942950152,121.10950765243258,243.2150775425731,8.7620109612646,-4.7444487463600815,10.234503034442252,-0.2216793805181041
image_2045.png,7.204035325310031,-2.5937529437002915,-5.655007097438984,235.24162920852575,219.81837869027558,153.41785547647765,16.60893511233202,-2.317991494953926,-3.4468945505037283,7.368971033513642
image_2046.png,-2.604569040832029,-0.5571007301748345,-16.947219208928846,35.48083191386026,209.22316640242033,160.66193642612933,11.107324652013311,12.004767307972621,1.2587348871617188,-9.094508784705798
image_2047.png,-18.948387062885867,4.819267104746693,-4.652744094034706,40.697432701639336,248.3782953051733,65.35396622915873,16.91473933221847,8.99914258538637,18.150130446366816,1.6435609723284585
image_2048.png,-18.514997429013196,12.163784428788901,18.367301653651893,1.867161031089084,121.19105407685672,37.40834878236404,6.975071477262688,14.455784069011479,7.72646196066696,7.719457315470958
image_2049.png,-2.425989620441932,2.4755305472398774,-15.723854422568039,117.8117823636855,157.99892507568197,124.06100362239843,18.732450536121938,19.421368075407393,-6.107939165938916,11.530249834868314
image_2050.png,3.4147382684763663,-18.21970148805199,5.827642300263868,57.22356013413916,70.49596323544637,227.55479381288185,19.943972363441475,2.9035593090876297,12.799582685447099,-9.211518839045535
image_2051.png,-18.019998768090566,17.38326542713628,16.76097940353464,244.20761734146114,206.5848780516805,150.4182853911639,18.502938951124914,17.785936932037146,-14.763909352629984,-15.891571261604906
image_2052.png,-14.780995139837675,12.167484403696122,-0.3767834127650893,25.448555381113863,129.83037538224136,18.046754507564998,19.02612344444333,17.81135017615015,-13.524351592548086,-12.349829497421068
image_2053.png,-15.373091403701524,2.384765036197088,-9.783952662888353,161.15114061687652,180.75710053222352,23.240736367660993,13.340587210834112,-3.4950054336751037,19.126494703603626,4.471159949445767
image_2054.png,2.413491675660701,-6.845034842858393,9.439090443591013,20.440712852348263,185.8871309977399,113.3004551983058,11.878347122774752,6.942690568987842,-0.35519125028942256,13.819067659106594
image_2055.png,-4.656355467545289,-3.0406971709367454,-0.38697866930952074,29.320347141691887,121.31093230595914,254.11735483957725,15.278188812654019,-17.52988661149609,2.408100518622444,-17.205861948522447
image_2056.png,-3.4909589694001966,-9.483930674626894,-5.292102644533735,90.6382191084466,164.81395954592654,201.18993804222865,16.910282132733634,-18.805818501723344,-8.327967977837055,-17.59852188715464
image_2057.png,-15.138826265816103,19.378631162200527,14.770576103409752,61.831288203091894,208.9972305636193,232.18404347141188,19.694576149861593,15.083338893321653,4.80496405952676,-10.173889622371487
image_2058.png,19.92602694298668,14.883430384488385,-0.9492183280048039,118.08375686991468,50.38516997403331,54.64680865791958,7.7284346626272,-0.906830427069778,-19.51477069281787,19.960689060993502
image_2059.png,15.76863575120462,-18.114956060245653,-6.710669899348867,29.59394358828016,104.97552568440669,228.50484984493949,5.747034019834251,6.205659685253416,-3.5659193938098745,-7.076835117893445
image_2060.png,-6.727002503200556,0.7859745959852269,0.9948041928388172,172.59142953497468,113.7739364578982,58.78312588909947,16.72563425857539,-17.25733157731422,-8.467056523508592,5.699704860900425
image_2061.png,14.073669365443358,-3.4898199597415314,17.382846071422307,185.88393716253483,103.82141429177912,194.980312943083,4.106988226731806,9.51987052741908,-0.1816894544523322,-3.3737248757242533
image_2062.png,0.8176915363510844,-12.737569871899076,-19.88989977163222,83.48159305007042,136.7002867635459,78.60998876174952,3.1070650077552684,17.389173234167522,11.780744744978023,-12.291379742076568
image_2063.png,-8.258216637154767,-13.520632329936104,-18.49071649641595,32.97232261610375,166.16450691220854,204.89860703930705,5.542447592602426,-9.71201537853593,9.093993354731253,-10.069856442627945
image_2064.png,19.35174355273245,14.276618167301407,-2.6472799638593827,92.4544418252165,50.13364807725109,159.59546226963332,7.812120786463465,1.4341578927129817,-5.057620333300221,-12.631376643604364
image_2065.png,-16.061292063572953,19.76314297627499,16.08047648958027,109.43837441356513,32.047179734416275,186.32176277967312,19.720228447042953,-18.75025629225858,18.760440374739147,17.324502296354183
image_2066.png,-5.712905827686736,-10.52041724097414,3.615265504390578,24.339471386487748,204.92342658770272,1.1439833564703061,13.410079344001828,7.1796717365120735,-17.302661760342204,16.72661364712961
image_2067.png,2.6201346457030965,4.67388269403542,8.013285920328617,177.02215591461325,95.3159265049782,163.70940782975163,7.375226309934325,-14.431615100884368,-4.341234945757929,-16.766454586997597
image_2068.png,-18.73499083169214,-3.266067041643197,6.299015754635352,141.01810248890007,34.169933975105714,8.100067500461565,12.536419406889008,-2.28023795414947,1.196996067484033,-15.954341705550883
image_2069.png,4.919662447167049,-0.15431132757033694,-11.359048693977956,228.88730647433476,84.5626961110761,37.08454050734766,10.700283218901971,9.383294598427774,-5.225982643895373,3.457374366012939
image_2070.png,3.1762801337959843,-4.199056901682464,7.587210241667552,163.35115258069638,17.942940719543337,53.24780000119466,18.900496450418242,10.939480047056534,8.766091733906102,-2.6857837553237403
image_2071.png,4.12713456804628,-2.800485908877061,-3.120889966723915,182.1228924957516,125.10043488461972,41.6545970943819,12.423057650515055,12.772747143149772,16.732398981501547,12.126839549688285
image_2072.png,-5.599730546308063,-13.18277976800708,11.19298862331906,52.19463337041,206.3725713031236,121.00054688152962,19.57978969545784,1.4921934997874402,-16.146411245118905,-15.24665926477844
image_2073.png,9.531059025956704,6.689291361425198,-19.520271184228847,162.26597003947066,130.1222633382186,222.87577059087985,18.407209632341303,-12.05618830953114,-16.000128530255683,-4.776225049122665
image_2074.png,-4.730202310180092,12.208875232634583,0.8579436095390562,176.01510933138184,75.11816931133825,32.74177648383159,13.811537078160233,-6.454302693923566,-15.66913583305996,15.85376738663679
image_2075.png,-11.331193791723738,13.145202115946368,-5.814276292501885,143.21081637818853,78.41875132592638,201.0492749977714,5.732012856994828,-17.338369817650182,-0.02656671050063153,1.0568811504054452
image_2076.png,19.84022489261625,4.703189835851141,8.758233946490655,137.11911766356644,172.84756029036222,97.48654667025929,9.85726270119137,-2.069913768533848,16.23677134325594,12.99480642737641
image_2077.png,-13.603665676475583,-8.811280349869183,-10.095227594079002,35.37582700183468,32.4726797319712,76.1364475485227,6.93671839671481,-2.7105817252450777,-18.751425946361017,-7.021114173808147
image_2078.png,12.883630870047796,13.440309331056866,13.8655715600583,196.68269603183268,21.052285752407478,87.41184821421403,4.132664701818645,-2.8109505539860606,-6.764778633775844,11.295100323600881
image_2079.png,17.507544076274407,7.2420118637839614,10.777498605470267,128.97939434363178,1.8744904671399336,243.2799002676302,15.291777398620146,19.184204796374672,-18.931878566602613,-15.375591925155296
image_2080.png,-9.863796858528566,12.233879563348466,14.623821965346849,89.22036947510273,109.30513234274767,193.2479307424346,11.290921448039946,1.0833479997658202,-3.1837911185245176,-11.56883402172079
image_2081.png,-7.152436796306292,5.253562389822729,9.73011288363221,72.10299959204649,143.0982146531986,127.29504254310463,10.162502125851436,-10.028324262820366,-15.657362428473949,-13.631261732166235
image_2082.png,-16.503281896533352,9.225157883715866,-1.1681734676495594,159.97550805894937,184.97621466493757,35.00937889975396,7.077229880244077,16.748210842999917,2.530885627046292,13.336297629513759
image_2083.png,12.707632955662042,18.0593117018933,5.896711111130205,252.2595370912945,175.68211486208418,127.95696707026967,18.818703974765093,-13.782573215542104,-6.493549533492935,13.978371326046272
image_2084.png,8.30955520754237,-7.078087713954604,-2.810776331338861,64.86607038113041,1.5461631494772727,244.8946936832247,18.679157797411328,12.256199365925248,16.98448925409626,1.9599497778040558
image_2085.png,-19.103274835890222,-8.735068196086711,3.491131326475376,232.66192476718325,179.9319172566684,23.049766717299015,19.49826670348037,-16.941064385302372,-17.54323020886804,9.446386562136123
image_2086.png,15.798858868400742,-17.333781683155543,4.124185392846602,94.41249804904277,181.30973568187957,14.166172411551461,4.168684738174508,-11.8877092054522,0.5770310901807498,12.634164615652551
image_2087.png,3.2362147901263256,-6.443519790487109,-2.8745470830965303,230.75124855081498,186.7784573636481,85.85148905361307,5.127198629547026,13.988267063954638,8.850992218147375,3.1402534059042537
image_2088.png,-8.462918395441136,10.377109969824083,-15.389473070343676,138.69882194069396,237.56101539776617,187.21679345220284,11.053838338903223,-2.450770799164644,9.28459626900387,-4.850224331996786
image_2089.png,-3.4258329112674666,19.50316681402363,-8.359859583111525,197.04749522355326,94.62376352156646,90.74800031719268,12.704558330642568,-17.934590670760585,4.454345394422777,-1.3667629913813606
image_2090.png,-19.84082225898255,0.18275802383519135,-4.936722480072957,2.3160054510457693,73.70901750786972,34.58825971044211,19.54032926342865,14.055717179602453,11.372406195283276,0.9677619928431582
image_2091.png,18.227273245470236,-19.748905098973943,15.46781555027546,100.65832358697119,159.7143962740072,60.551141217177694,19.672040700771042,-16.788077405500164,-16.424959173853214,-16.032607002377542
image_2092.png,9.014185630708809,9.80588218060526,-13.438351589515861,148.19368576402755,155.1137038007443,161.17232226519013,12.99105636599841,13.152875932694876,-1.6947705499935317,-18.476144338019616
image_2093.png,-14.640517989692539,-15.466508823886223,-12.531182458028333,110.8812884188917,187.25303441398668,109.02150447052333,17.544998797539172,-11.243177286899275,18.257781172594008,5.165440789428423
image_2094.png,-13.910959493520041,-5.9297030447155805,-19.679321437849126,221.03391881290673,80.64999531840351,213.84301952556143,13.416789929527697,16.65149396747875,-4.519603207494583,-4.349019896605778
image_2095.png,-17.347697100144977,-3.4781934999806268,-10.007705857711624,67.90103838909734,106.49673327707512,135.33869560858687,9.966769295687632,3.1154953081939283,-16.059111556699335,-10.295016006474143
image_2096.png,-1.780375136294154,-4.0248567147256065,-12.291900249127451,217.97360187786396,240.95246979331012,4.083403084091372,4.495276264274911,-5.283705505600501,-17.630625543928144,-14.42286106270274
image_2097.png,-15.291358919992364,19.640915096631744,-11.895912422098114,112.73611306203979,47.24527590922042,125.86805103463182,13.736024997586151,-7.804069627555915,-15.547928902978704,-9.841336719029412
image_2098.png,-3.6555521951023486,-9.348500140771758,8.76990017987939,49.73671086510022,204.6773433336187,236.85137138408822,14.083706556005481,-16.57488414452555,-8.51992560010697,14.962901502577914
image_2099.png,10.256714233709005,19.035468007526177,9.118991820252798,184.30431655894793,97.23378470387775,184.00808218684756,8.628037668988696,17.934173005107247,0.38557366173047924,7.189348390152688
image_2100.png,13.740515336324755,-2.7816156326897747,-7.688010797910149,101.82407380011942,227.6933505555277,29.95944810355962,18.378091575458043,-15.676148748969965,-0.4415939845394803,3.2531973428190852
image_2101.png,14.414478092050786,-1.6840428492766932,-18.16941559956204,110.54407788195876,251.45287164042128,233.6615279922475,3.6335761755031872,7.648168616497408,-1.9294061543056529,6.050798844969854
image_2102.png,14.291061118029823,-15.850331300044239,0.946598926936236,195.5839760394994,207.85090516685884,101.4147484628736,16.566624197188567,-14.365042472030684,4.245761622689606,7.717115703100351
image_2103.png,-19.875840111112247,-17.14952525358187,-12.189072790364705,35.95502465516269,97.40442521836268,232.12015484931007,4.070915867232342,-3.6399646951903684,-4.0957829660233855,0.9071465230637266
image_2104.png,-13.671965261303063,0.4626083715053184,11.202243683786403,253.1925044926703,208.83627790332324,93.46332597506806,16.247537498166267,-17.57084568321417,10.426143714510129,19.082924259978917
image_2105.png,-19.851233629654295,0.7619566875151271,-13.317630793086623,120.49741356779855,130.6791857133674,45.61837974972516,10.725468429984302,11.896184802185765,-1.8412435127000002,3.0404062645338215
image_2106.png,-0.28822384432853454,3.911782450750959,-1.6218025334501682,240.5061572649691,8.402722326752539,21.965964997733618,14.864100286759037,-17.88774742477786,-6.322413599942372,-18.430813257707186
image_2107.png,-19.79755430736905,-0.4766192039911914,9.02227524988033,183.00837626596183,244.00548230347698,126.61659010640952,13.087717092827488,-5.367473495109255,11.61604044341242,-9.69548903575118
image_2108.png,-16.998808595992134,-18.85332271610743,-19.867622441231457,232.52260328898365,36.12930587182482,136.0814461801414,16.648057176366965,1.7003301727041062,3.1497663020319386,-9.663892979778934
image_2109.png,-18.593114039266805,-8.090081752406824,-6.695557654171008,238.45454142553683,232.96003355382334,39.4856501172591,14.001726101807643,10.254904165010611,-2.1598047290166313,0.46965758125962154
image_2110.png,4.011664240308566,1.540883379566175,-2.9202170071888673,120.60664336673146,87.22838659003477,88.49726127657061,9.002729877733223,-11.244538961747711,12.98452526071523,-4.216652330102303
image_2111.png,-6.536546337984888,-0.9509579713619516,15.050820450817909,75.44971658856407,114.78836716101549,53.357494203560826,3.477144319439207,10.029135384943757,-5.324502903775979,-13.298444193410383
image_2112.png,-6.909377968490574,-11.28779402569875,10.201220627245014,89.63546803299963,170.5400063604242,104.28358116675722,13.293739069443712,-2.256625091882654,11.87721404436121,-7.770129463752404
image_2113.png,2.9028799351485226,11.733581758169336,15.759806623892551,236.91712950893432,63.42984663594555,246.80988002109467,3.4930434875671525,-2.623661289834672,-6.825473993275626,14.900411369319421
image_2114.png,16.608116145131284,12.434550635121738,-11.144021441566249,132.74248411337848,37.662813201701084,56.52992555711187,13.139106678035098,-2.375733349094041,-17.556411579382065,6.758646891626018
image_2115.png,-16.844026119907145,-2.8652501049681973,-3.098262090297691,187.9346121101067,170.77059889557466,106.04793107337827,6.9673135235520025,15.621710317170766,8.849460696863616,6.183412636075989
image_2116.png,-2.575042465801374,-19.202676001516604,8.806714980885925,109.35023800709376,132.70146618914393,181.44209261082844,15.533472291486609,7.355853553183426,11.871342426970294,-5.961239709166444
image_2117.png,3.38066622763462,6.815002865247344,-4.7402886605183205,133.78903173081918,33.33211832793215,247.85242303625253,6.848018676300498,19.1195418733859,-1.4926013728680623,7.555075529460979
image_2118.png,2.79918522066324,-13.392870313023089,11.826100541060065,222.21605552857287,220.26730092753806,89.64747972156974,12.823797881913078,14.38603193476888,-5.641128796214051,-11.388695244693615
image_2119.png,-11.180252233296493,1.9679242378530901,16.389426018419336,227.49423127621836,180.81590497355708,103.43380750354149,15.547025760184935,8.66763385639356,-1.0672975132962037,16.69614472573553
image_2120.png,10.800700476976914,3.138281036682443,14.130532811843736,71.7228941778273,123.80678878345356,28.764120515960485,12.93551139778842,-10.384413557570262,17.86413981670227,-15.681632131557933
image_2121.png,4.047692008922631,-7.261243217070611,-6.635293789354439,134.19843568950378,117.94561104877887,187.4790612478673,14.589450112037248,1.0067993623193345,-11.961080178125151,18.2535874020258
image_2122.png,15.302396154968207,4.075727261193958,-11.964422266228718,185.2570162914596,51.94705185975904,175.63749494497281,5.05849431269203,-12.757232939115708,16.936029418689955,-9.162909509003407
image_2123.png,13.378546910954022,16.724044754038545,19.598541525888365,235.7391137251057,159.63207833991927,41.53307493453977,17.675563351211547,3.881130904651947,-7.514697646762416,0.7237044444282468
image_2124.png,-3.828866766954434,13.871019872382824,4.090262238151077,6.585983895868977,29.991095623474227,138.06485358595185,8.391754936886395,-15.977352853578992,-13.933235880776618,3.903561522856048
image_2125.png,-1.3775791584386283,-8.486024027077178,-2.411881601981438,117.00673800008217,210.46194436088922,81.91056405595663,9.506218251552344,14.828149919051455,4.355731201591723,4.115970784423357
image_2126.png,-19.00393195012631,14.111186905314497,-14.800209857109294,16.040706841074762,106.07126677314167,182.36876864530794,10.178606724258287,11.208562586980793,-16.617908875386437,-5.796830240491202
image_2127.png,-10.369485668575106,5.064725885808553,18.61050456811273,128.07435985625582,132.36652162065516,12.44840608509869,6.932393849953957,13.582341232851476,-0.6031775634432464,-17.954566155343144
image_2128.png,4.389354711395917,16.78803320407664,15.651527670877478,143.56087196719972,9.294071055541561,182.86555797076912,6.233609038337236,17.86906263439714,-0.5575884200824355,-10.462017233456429
image_2129.png,9.545494231490398,-19.03241396728799,1.6693362449808689,222.2024953016128,210.91662864275642,119.23511464205957,11.568512247544342,11.060605176755477,10.504063046632584,-2.5057669083474146
image_2130.png,15.26156093945113,-9.333691812163693,16.213341335821696,177.93517838913414,193.54654570226285,251.9266101172448,18.51435976070701,15.352726091345446,6.899054395454346,5.344280248118704
image_2131.png,-6.698409973154176,-4.173837950422875,17.0250744587181,30.87958728264489,195.1516974575705,180.38265731984376,5.972479034741245,-19.421447683121006,-3.671703585493759,-7.369276614838483
image_2132.png,-12.20168152358382,-5.572392153469131,17.161791845330228,158.5970632137162,43.34760522178643,76.71299067587988,16.24663049482325,-6.372044614195932,4.417664735185085,12.25990535898876
image_2133.png,-8.183612152233852,-1.7683127752948806,-14.067041173958952,240.13399034616612,7.595278509170387,233.5799007310927,12.522447069927896,-19.063680269674435,13.879401130352598,4.867117041258695
image_2134.png,-5.3561553496257766,11.65444197987918,-10.292716493385218,140.64023591532717,124.16458602407556,242.27196178693768,7.025573976004491,19.393253481427585,10.947903407141133,4.630221783409823
image_2135.png,17.78012823003462,-16.36215570532404,-1.300575529328249,81.8263836979712,97.32274716063439,196.31441764946166,18.192213966275215,8.740664106189552,14.448655080424125,-14.196468641012313
image_2136.png,13.001856414648977,-8.547264149512888,-18.037191631567914,35.804628716614374,177.11738068202447,217.0675049129762,17.380877601313546,1.3572940251374206,6.565686282584085,11.34020651889361
image_2137.png,7.433954275133246,-7.1045815939542045,-18.033715744578235,157.99524354516174,191.51320409338066,164.56408232119554,7.135420838455114,-1.9601146881567715,-6.226165277370054,-14.291650916477678
image_2138.png,-0.24643350944971587,-13.75406280911784,-5.0862117876575255,171.99571744396027,216.71253957827196,175.70535936091926,15.227864240157409,-3.126429215106267,7.718471467701171,13.926326536009512
image_2139.png,14.921110448974403,16.34219617287588,2.859126396541466,201.24272857435986,171.03520786525752,200.842251578506,5.0518980512379255,6.861764697355412,-3.9642143440101734,8.53234845582529
image_2140.png,-0.3397717300900247,7.428241642036998,-13.94300519460315,26.88363140144637,69.86254896442594,40.14829117414973,10.774422613940127,14.741859463358466,-9.279932369067044,15.876244660728979
image_2141.png,8.35067991842567,9.26417804777397,-12.02625532733823,240.26585616233464,60.311001128160115,252.92554784463462,9.345575530268505,11.61516041029121,6.230382745708873,-12.800976355188372
image_2142.png,19.609811642110735,4.797495515507599,16.029636771398444,112.11865501197488,246.24322763225672,149.62950117062744,19.896323216597896,14.021118861972695,-3.277910835798913,-17.26184408224586
image_2143.png,2.9431834841536713,9.620253926608115,-15.025786562381338,226.84086753376047,164.26033096299236,82.10519693660393,17.67640849860836,17.07324457794484,-14.358997544554114,-1.5650821681406626
image_2144.png,15.979394360191243,-3.2816845322300026,15.010056283151243,38.182218079579116,60.7594308573087,175.29449381579616,6.922122116903898,-10.734623551514932,3.378006468032236,-6.780846136391418
image_2145.png,0.291173407725104,1.1203621156772634,6.545916037137552,61.59855285181422,54.26195101662276,160.92900970877005,19.04551679319293,11.135006739199234,12.744729591796826,12.53923086397731
image_2146.png,16.539025678334802,-6.652926149287683,13.691625627139025,27.68583189073274,157.8607614690262,202.91505100953063,17.608478130192367,4.9109681149166065,-3.903640816633988,13.863948594769205
image_2147.png,-15.110360806065263,-1.9336888316656307,-5.651665226817855,147.48693691304888,94.97108109954425,135.651747243284,9.83640333718164,-3.338028887540794,2.7402961935354213,18.638507956558698
image_2148.png,17.92442958674438,11.039192709345823,-1.8481460458023449,184.5147525510767,12.499079892586437,78.12273276433297,6.270691129001712,6.423694637825559,-14.519015420949962,-9.52499354334602
image_2149.png,-14.56295237905259,12.240326224551886,-5.092039806369414,88.76977775212197,33.473402515392756,143.36281115446167,5.310419841963398,-6.122253033112678,5.123167238667076,-3.923014769063901
image_2150.png,6.06497064822458,17.462753547368976,-16.560741860653437,96.80623576409626,229.27556495377127,101.57205754070348,9.392936040785766,-14.442026014086341,-11.010463554492006,18.811480580004222
image_2151.png,-12.970591523407258,17.407413211506004,17.782985853474003,230.72172832601353,229.38408048069473,191.7025113741279,17.567886009430445,-5.241495540768177,13.07953857411836,15.247134738197943
image_2152.png,-6.7694782881621585,-0.9755661990052076,6.792534302697323,114.20556553836607,226.52250213802586,179.60423250545423,17.541445726655233,-0.06599986406812519,16.64324279242163,0.05465843527130332
image_2153.png,9.917137499782484,-13.128218532725974,19.124943110138084,54.31841975039555,198.25837614313502,247.27104078475946,19.22930075426938,7.230802290894417,19.672256203360647,1.1312955976458667
image_2154.png,-15.363998270173838,-12.781244489265728,13.295335066665473,173.89177820225282,54.46233993461798,62.60501301403946,19.729912894510765,-18.342650491706753,-7.114814629058204,-5.160668605378763
image_2155.png,-12.502688391146574,-5.787638585274383,-13.741039402292184,189.25449128145533,147.53777227684526,167.57435251965634,18.33934580240043,0.7742269559715744,4.806587339153182,4.770970556114598
image_2156.png,-11.094768687524116,-19.765655433780502,11.838649863656823,108.80956314324857,244.39153654611633,141.66750404407696,11.467395777754698,-19.055485387490734,4.249868500914836,9.26503408686471
image_2157.png,8.416741807199408,19.31179376109452,-14.392040438244775,104.07200365465019,22.632277782881996,136.05669050163775,3.223407739291128,9.652372269702507,-13.267470934723784,12.21225521271181
image_2158.png,7.542575882256301,-16.603394914520663,7.261161188168877,23.273987017644895,242.57422519624077,58.41039835512548,6.981718631931626,-17.220076728245264,-13.300063899915724,17.84695634141748
image_2159.png,10.579124067091918,5.938106800335401,-8.759815490344284,99.19072605403022,231.9486225802481,213.44272568899638,9.869235816848807,-0.5031335017904013,-14.813744111614454,16.66254068160049
image_2160.png,-1.2369133964150194,-5.026075995291492,9.944416054174823,3.2391272291604816,32.86360195650309,239.57815879030383,13.394722135858693,18.470561261083247,6.640171719028579,-19.497026408099792
image_2161.png,13.453938704875213,-13.241937823661019,0.29353968188182833,15.832230804208388,89.44152353163105,73.21481066807831,3.9440551809796953,11.248606632548274,-4.727122481191479,19.52678311499892
image_2162.png,-7.161813348560102,11.325847217821135,-7.623104336177423,84.74656042148776,163.2404737746485,86.53752933204018,8.505563682329258,-19.324625253487625,5.364075693330946,5.619891205304796
image_2163.png,12.069287152049291,13.664101140554898,5.304547743495025,112.79658766509654,115.90400431718632,212.76783832281524,8.002979790218829,1.4955445010229056,-11.404028090739086,-7.284275835183882
image_2164.png,17.99569782798875,8.035689002775449,8.975313322230974,161.11682892568595,239.1198486628558,176.05460060494073,13.332975666529794,8.037707612142992,-6.9409244068624165,-1.8800315625174093
image_2165.png,-12.447109550010929,-8.495735996894558,-12.225022804106516,88.0217436978207,237.93778313561782,28.837709488089573,12.957687366450534,-2.3735143278993434,-1.3306490920977083,14.484852580009331
image_2166.png,-11.71491036875199,8.355885321137727,-3.112480649493925,72.55483533881373,239.28404682087285,146.36446110146647,8.942145932167852,-17.04382751378079,10.673497731693793,-1.3494414488179416
image_2167.png,6.938613003949349,17.715940749369942,7.708766057341837,5.519291972291443,84.98946564876437,155.75079821718364,11.049519223157777,3.2982119857767174,10.072355895267634,-19.41104070904721
image_2168.png,17.12345610131669,6.019112424281307,-8.204171732768675,124.15242998239509,25.965269458798932,178.71139492859484,19.05029738610304,13.678891647414119,-9.27610338992778,-16.82488621408035
image_2169.png,-10.307809364848799,-14.897918838695725,-10.32213274648646,31.36164916380332,62.9748787610319,241.63426892266648,19.742882408443254,-18.27011601746531,-9.723831593716167,12.382411923734907
image_2170.png,18.71040114874728,-15.645840692656758,9.67385188833449,191.12860327449388,57.55786010618942,117.43692267049536,18.74815766002806,14.248747211673638,-14.679602600947028,19.469974379394742
image_2171.png,-19.861279040176232,2.2140972645849644,-5.050560193684515,37.73055726598915,48.74430498661212,212.02595215011186,4.194130576313938,-17.014522689249336,-11.130464839692053,4.387698615588516
image_2172.png,-19.33097939860908,-16.807642122483365,-12.345591715578244,229.8857858205224,192.54868633326012,9.591477560163552,8.442870421311888,-15.112309880736223,16.822786521579225,-18.363744341807152
image_2173.png,-18.096677938884675,-5.16517484702713,-3.169719306153201,30.08541599744587,190.4889230620567,18.691878470208245,12.541231399604168,-12.766480112284441,18.845418210775158,-6.035576926661129
image_2174.png,-5.590894578517233,14.897176830225341,-2.202297103704449,60.40689529871057,23.128059021286642,192.23114944015828,16.432038796108934,19.83233138405072,-2.561101608795507,-12.62565476863131
image_2175.png,-13.984903465038986,-15.41798766173061,14.014083971067521,1.1575966516091603,85.30518029766164,170.39787714498652,9.53291459596074,6.530663019650188,-10.579996603153926,9.218869537998685
image_2176.png,-4.148839619836981,-14.979852631993648,-2.21762754655618,23.595759894379384,53.23225242858336,155.22399859019006,10.956486036108473,-14.775578846044102,9.123146853603146,-17.07619100542435
image_2177.png,-17.231429525086423,18.98017669752378,11.551516594555792,18.52727710465582,181.03497749587942,158.24124041482085,8.157492568607031,5.148649147798277,16.64248715620112,-4.447178382423971
image_2178.png,-11.08659467285873,-7.069494879618873,-17.19431787989267,163.02688639228444,17.265341214125463,181.4598794345617,11.106214900699827,19.25538991270733,17.581350796805502,10.1213014242186
image_2179.png,-5.049378579265905,-1.5108152256023324,-6.593089470683108,20.270871057730513,178.9932433154626,85.02358023396252,16.968425389667388,-8.615395190489386,-12.557198855821259,-19.690533519359366
image_2180.png,15.699371092479268,-16.67271940218361,-16.859941332517153,141.44574422498624,130.65415465818415,116.44927331955381,5.117655713255282,-16.34748838643293,5.286860690131427,-13.90345674515633
image_2181.png,11.051264232918925,-2.6829187753727837,-13.26793589839276,91.51818792085572,1.9284948072301866,49.10196361891151,3.719571243601923,16.437836122950046,-10.639545516451498,-17.81048960860531
image_2182.png,-12.10725987755981,-9.792627121516597,-19.378141252910424,169.63669615815235,223.82920597394613,38.4445006494537,12.909752370832582,-18.991318505056363,-7.084924026537758,-18.97416589213092
image_2183.png,15.524923648174799,-15.045814727324291,-13.784340710600782,161.69965902147064,111.7659348201772,175.82568058398394,17.42191834538702,-9.366844830070669,-7.681683850437629,13.527492456945758
image_2184.png,-18.027283941585782,7.856019577633422,14.70178443627708,47.934882418084825,225.60695976135924,46.783542676479044,4.7282413064340485,18.623657393662214,-19.969898023124415,10.572533515606473
image_2185.png,12.779945914460022,-7.847153937749528,16.49492471609009,15.3978764671716,175.58422262536675,189.7424670510606,14.845505882017074,-1.5900027120216507,16.338374215276467,11.684841635323494
image_2186.png,-5.988599793928824,0.5409706741660081,0.4239438579490624,199.20916115415318,173.27100905218933,6.391656887908888,10.284282346025416,19.72492250857401,-4.8420518584649095,-10.140147324699482
image_2187.png,-11.956070531049662,5.717960506156917,3.9102319335205493,101.44074627756471,212.995605914319,192.04101526251344,7.709092218310355,-13.000909832440017,16.472556952188896,7.607485443918929
image_2188.png,-10.431111241371687,-9.018848350180741,19.465885397899754,226.70318988617706,101.14650693199576,44.145397028753386,7.9602341914495245,-11.27002908486967,-3.0080230206338783,-8.7292770567433
image_2189.png,-17.521278443226976,-6.897981529188151,5.292626258407026,57.56891210556836,18.041391103069365,22.59912660249194,19.529778915751912,-9.944978686733478,11.38582463694759,9.776540104047093
image_2190.png,-18.80023048197097,-14.426077210509792,-15.980226591358338,17.18540942025606,53.803099411490486,0.677709046987246,9.2568585362506,8.886344029202494,-14.180699357648487,-3.6456675297364782
image_2191.png,8.007901539816555,14.611891235416742,-13.369792939837687,232.9014272490684,96.42461057684555,1.7562628123573698,12.267270209229407,0.38528850719328744,6.105271547806353,-10.393845566115658
image_2192.png,-19.176101311034806,-10.146035862585482,-11.809563252120583,44.64745772889196,113.06641063300944,150.60338087654583,13.420362312119074,7.7494814942645505,-7.964449691337542,8.188211420274953
image_2193.png,-18.58367631621182,2.1213782569315853,12.425761308798968,129.5624228177284,31.292027355106658,253.55235115300596,18.936417914929123,3.209304607309626,10.454939684707135,-3.381675710478582
image_2194.png,17.63778008964399,13.984433480992095,12.672634485098307,209.1942199511082,180.26590107805876,183.06277230452548,17.113488027081452,-7.926348609017836,-13.900660052686003,-5.57870814010467
image_2195.png,-10.863697756438423,-10.614855219485051,7.822599048070472,86.39255728752359,206.52857800871627,150.7973716033517,4.6524676096631445,-9.206588534142677,-9.498562206712444,7.278409938749597
image_2196.png,-14.67951524627745,-5.081914436165945,14.781657957152156,215.54828033835415,216.95744254292282,199.8940540934466,19.311597163486383,10.428257553052699,3.848867220952556,-6.084900760224814
image_2197.png,-10.683921305722212,-9.28277455732134,-15.092907033716841,97.37245576323575,205.2421611461792,147.52986869533115,3.0275184751744764,-18.31041560473249,9.309961123021413,-12.712280527243651
image_2198.png,9.883925552647987,-0.9798156790976833,17.15517274603131,64.14334036075277,74.23225916474293,254.54958077195755,8.622915627161344,11.557837761310132,-5.809257864121285,9.562225655765808
image_2199.png,7.407957735589189,-1.4061337631051174,4.8352433697594535,3.7471358978742293,112.33895128576327,36.4443487596693,18.361092501861126,7.389586622580822,-1.0533040636041875,-11.556587977150187
image_2200.png,-14.527179802831803,-18.08253060621905,-11.330670315834087,252.2364879145865,214.81190689874606,154.1629904949197,18.994613747819738,-15.408139056989913,13.570158408718505,-1.9129565220056435
image_2201.png,6.251176139451573,9.487467676704181,0.3570997814624377,132.1380203517071,107.48071023204459,194.5116595846634,15.547264903686424,4.857515688558202,-15.694292190363758,-13.522652179553818
image_2202.png,-8.959514210344697,-19.91863046666044,1.514947824285322,235.64454704441195,238.4415254252374,238.88570782805698,6.987194125767179,-7.450676812938401,-4.86407512726756,-14.72456514994069
image_2203.png,-18.23244617510509,0.8436961027752012,11.183454443232872,236.06816832609726,218.43806991423645,119.04229771001631,11.27875698282489,2.258570261659276,3.4355394296453845,-12.335554246309496
image_2204.png,-10.213416724409882,13.991330392922478,-10.27005770318597,52.86118649896069,80.45077699580096,206.05098867894063,9.51824231374055,-2.865026201363765,14.18562514545038,12.910434494204118
image_2205.png,14.905271533151613,9.935435142996731,-3.378664113879921,139.20464911537977,209.85111463635027,102.5058723489607,10.062438057259776,-14.800036878971937,2.1861598291077513,-8.126984157406767
image_2206.png,-3.558108882211279,-2.931165301029349,-19.072158550351066,152.74760420770934,145.17384113378174,114.63258296886094,8.37902517601222,-11.043193051634734,17.333900283667674,3.511463785105775
image_2207.png,-7.971353969019521,-5.505823671267947,17.318819972707786,177.87782165708026,215.90699165151491,219.71667862951776,15.662470145738325,-2.826287265494294,19.38859170037282,7.549001893743387
image_2208.png,4.841686855977439,7.938471048378744,-2.638860325503014,198.68830384621305,27.664187568068147,53.55133122268532,3.4288129642001732,-5.253643510232177,-16.91709820099511,5.127802206583311
image_2209.png,0.1485263831055441,-12.134283935341896,-11.852666649748498,207.1298348385324,168.40182873866053,166.0310334527954,12.211466466348105,7.327084739661473,14.261846117222625,-15.043589642941505
image_2210.png,-4.040506918585045,-2.980658467288574,9.12124675846258,18.045881702831796,20.539338871297325,36.791997133243584,11.627721394297279,0.06638785320519958,4.354888718368688,14.145421453549233
image_2211.png,-7.9913093958692585,9.10163996923692,1.6906062337361227,67.32934614456451,112.75714071068924,77.68136444425375,14.1119024822695,-3.9903090824907395,-4.403453203480346,-18.227539414269675
image_2212.png,6.224696562399082,-16.97122591233478,-4.335081198908588,44.02662165263875,146.35142083034768,52.574312858124074,15.609743974389872,-18.116290238875518,3.931812986546653,-19.775279010418224
image_2213.png,-13.118041857087523,-0.6607990174519003,-7.31273994816377,19.759920244542055,103.73233418151288,7.012365682910119,9.75222867975737,1.252037064286064,3.8881653506670055,8.337625164297265
image_2214.png,9.643735838800094,-14.856147030789248,-6.185029136609437,249.41058739792774,182.17304505988082,83.82352773090574,5.716091680680197,5.815782589353418,5.482132896033146,9.393807915186674
image_2215.png,-12.690455702100664,-13.275278459199411,16.126737257907834,108.31835830367234,89.12932624873055,191.65944104615502,12.659670222722022,14.816530885059407,13.03745225241557,18.7121549275289
image_2216.png,3.496954331566222,6.98445824833593,8.565232349232616,66.63655479975819,194.60805045329545,2.8731553521474344,11.428233299227218,-16.20802800328699,16.153692285963153,2.6061311670236194
image_2217.png,11.037582880120741,5.365176613797679,4.373009377214604,103.76048899580172,103.20953085986268,123.51692126740174,14.504363160282239,-13.675044603724217,-3.1428382089644558,15.237322988340523
image_2218.png,19.552168700461515,14.763317886975365,12.043574022421701,27.001004804795745,16.142913267475066,23.934743874337276,17.703895745659576,-19.788708552241552,-17.659567506686095,-1.0289161032610004
image_2219.png,-4.805640105533996,5.927945856864465,-15.26198049160826,182.28245520024214,54.956430309044535,54.44511940765064,11.231098805120872,-6.234694243772747,7.80621183754792,-15.674368563963013
image_2220.png,-6.108973442560481,12.495380170450055,14.121950286982596,83.37392807478801,55.57131006573196,77.84008813938878,19.010040417468318,-5.39256654663928,-4.005582278500821,15.924609256435737
image_2221.png,6.397010929259462,-16.219636004827237,13.07169010851036,49.341115463441724,185.39977688807824,16.473119015896472,13.854205056403654,7.894164351426088,0.9973111326224569,19.00580678987624
image_2222.png,13.666859324529163,7.597124612510008,-2.1664815406492153,182.4374820840674,104.3493514106214,11.662081901111906,17.097391776608468,-19.826265817458015,-9.034431904990011,-12.151180108397796
image_2223.png,13.57180362474179,-1.090401854222307,-2.442169072369751,226.3306794441776,192.04932985005067,181.14956050078803,11.20032702428287,-4.714277800427444,5.061542396353996,11.616979306946558
image_2224.png,5.665500927098584,-6.598982278596409,-5.425663369952689,248.6494721701689,107.54878870251694,115.26658457608835,11.23955118887108,12.383912633000342,7.495836807937653,7.4337920322881565
image_2225.png,-17.478578809736792,8.40457272763707,3.417483136160971,128.32845480817105,194.95700442825463,138.78933129761236,19.721639557930768,-2.36173959785015,1.2185950168260433,-4.573064332791681
image_2226.png,-1.5772443760902988,-15.608124216952856,-19.11842781764942,58.0199532326761,182.11345149621206,250.00990184042283,17.51856668382945,-4.46976783090836,9.01769070293227,17.558407004686572
image_2227.png,-19.54121623293512,-5.024086848987231,-12.110620273116787,236.47365142185305,250.5611762043939,230.25933772591185,8.135907817458643,-10.96309325727157,8.226702000690167,9.980495393384537
image_2228.png,-18.539576997653164,-19.403462357411133,-5.807460048527133,41.39456090241052,151.36796805344866,56.91104330937924,9.665533486690203,4.653412016159464,-10.960209867843442,-5.370821903996937
image_2229.png,-15.703698354627761,1.3546410496400156,11.945897765239977,43.878630189996365,99.45353928623062,218.51647009175664,17.750520980694674,-3.539556070242739,-1.0853613380035512,14.805074599296049
image_2230.png,-2.769871558249317,-8.724388738313316,2.9975433423365097,66.40462256025862,147.59273621349735,222.9403753679478,16.454521582793333,4.583194646181191,3.0604685301650356,-9.321708763005962
image_2231.png,-1.3285627850889057,-2.5165969398569814,-0.9042874544891966,79.97214878583873,125.72452580375575,113.21373525476734,13.56040369278729,14.334076408961195,19.78362319091915,-8.663797536717643
image_2232.png,-4.237504748232727,-1.8375565252516637,13.48245450521749,172.46137373197757,60.51921761808957,20.213868076738105,5.700122058049695,-3.037303593734549,-3.2878057990904566,5.438907449935396
image_2233.png,12.88860506039736,14.959227351276347,-16.170011098926768,26.766112757532614,18.984341774543505,92.74251599961026,4.89842247601495,15.403088620795508,-13.291019255402055,12.854395843766852
image_2234.png,12.422202552905453,19.12096905276782,1.9718181617894501,156.30811331204765,130.70875759896273,219.21043171075394,9.597259070770289,7.596124511990485,9.095250029375975,-13.981268663656877
image_2235.png,7.187387389913727,-3.158661733371172,7.598935494363538,250.56666139261165,52.4907631890513,34.0060503615315,18.156337968074368,-14.407972290550934,-13.51066415558876,-10.227649481743132
image_2236.png,7.992621496422366,17.67693391107973,0.9404005858612017,197.91034826246974,16.774512930489767,173.90663907582098,5.211063748573192,-4.66498230650882,-15.94163994110026,-8.984865887714886
image_2237.png,1.5032918201012535,-13.084486043715744,16.53067619141514,9.711529089758892,236.6123639472116,154.52009999805452,6.189660076046328,-2.654700395044898,19.332935497083312,-0.12069157969406419
image_2238.png,-11.074211402061781,-8.970189428879486,1.2493479912122076,205.38576088945567,135.90316036981176,36.510306547468154,11.405608998018472,-17.131203627465936,-16.54222506055323,16.729537296913
image_2239.png,-13.986708056923929,-19.019349149346287,1.0765521376191565,132.70008766781328,130.51352283483618,198.03004494859982,16.778010840922665,-16.82575147871947,-9.887639780136968,18.343742534623416
image_2240.png,16.96855248387979,-2.471286872466642,-7.930959980999601,119.8392492072591,186.50271239656786,30.266589025276314,8.174912329272377,-15.033917610764576,7.0138556741643185,-8.869697320151712
image_2241.png,-13.046223600628517,-2.284360876232423,10.600624938057393,245.89779489960463,95.58352682870569,30.002266826852406,6.786277117341911,-3.0512730411806466,-19.63137151142481,-2.558889291306656
image_2242.png,-9.189445455033791,-19.24432575515744,-17.580959816848264,226.84209765348922,168.57692025276802,86.14645121284748,13.972634558640552,8.295497602098038,-0.035772004464767804,12.411721496859052
image_2243.png,15.560805219445449,1.863623356654923,13.732581031441761,111.44304886646404,58.564535514304,72.5638475033207,10.638180951257759,8.387241668212553,-9.812961738115483,-0.45751549022632076
image_2244.png,0.5020794573571621,7.7206053680658755,4.972569451677696,165.3944544900875,25.2244456906855,129.2666920758594,16.693770718595886,2.715246861170403,3.980955051409353,-3.501844942119277
image_2245.png,-11.540089978386368,-13.392516902809856,8.127545664148673,162.33917591213645,163.47292540632262,62.153070526137626,18.09936225140331,19.95566319492083,7.006607079206759,10.852037856846781
image_2246.png,-17.648971085607172,-1.7147378757162066,13.642687821693869,213.31821655913532,7.2292958005753025,92.34641671650533,16.221856334299865,12.925965348280513,-8.334920833699439,-19.121985371535956
image_2247.png,-15.031990127111573,-16.574558783139675,14.668747160590499,125.23948128079988,158.8857779511975,206.81848356794725,12.796833670809715,-18.35148613406303,-3.300305058573745,2.969468298538821
image_2248.png,-6.718478373463675,18.679523213117562,-11.868373911730426,231.50007091678663,77.920200151512,222.46058112418726,12.660341339990168,-7.666751561176488,-13.942382897238744,19.5391474980672
image_2249.png,9.753806442781197,-10.785480124412882,-6.354867223220989,184.02208548296392,81.75999122352188,142.06561538323533,19.839969748020998,4.854203146378865,-8.885457951948524,1.8590819219392216
image_2250.png,15.844961579952816,3.0731879928267247,12.446457507349578,114.42350321904598,63.44059084359513,184.91483423351826,10.81363897457082,16.050515557545488,9.039169959889506,16.59591789766114
image_2251.png,-8.660380339476994,-14.48398205638258,4.048522299157959,10.311540848046366,82.65446680288414,142.82043815754844,5.677942559360926,-1.8351864690494146,-11.113091385818565,15.038568951081707
image_2252.png,18.23933835264058,13.722937902924876,-2.5141652525249967,253.0102156187736,14.954199627977857,146.04331495131188,5.480311202708805,13.01194597483952,-18.336102619197444,5.361194343144891
image_2253.png,-14.824383315972959,-6.895389802531508,14.86855315424387,145.7515073437968,95.5739723236002,204.04711110008688,14.099387809588823,-11.85476083416046,-12.518729711759363,-19.777028118253256
image_2254.png,-17.379770297033698,-11.126203799169975,-15.834663935824924,150.0064841616139,69.3362385877464,202.13171789843926,9.509239514251473,-2.389987028272351,-8.102334137220954,-14.565825101304434
image_2255.png,-19.583917041114436,14.4194736138057,18.81547104242518,41.26048863006473,240.2508717555445,75.53334824344729,18.0003163234513,-9.732801439597857,-12.285784703311764,-16.575039935923435
image_2256.png,6.176316213364942,-1.5746428787454576,-5.857758869945258,155.65277018971824,214.3555883556922,119.15038140046187,16.034317289830646,18.89775479755796,-10.230241426797502,14.89357382048955
image_2257.png,1.4294591615384142,15.70600026255908,-19.036297015138665,242.32239457971292,235.92460736222776,212.78992667162646,11.150723016712876,-5.901879487249261,-11.630130933350738,1.7136224165515692
image_2258.png,-4.891898175299151,5.0947642419464145,-16.350050307565137,116.21977835987497,218.38931144594466,197.3465124490423,19.751374682080407,-2.2190765862682973,9.602992644139317,13.644297287995066
image_2259.png,14.040697682712164,-17.32840519741341,15.203636598974938,3.560335014754987,112.70249065060712,66.29884998772589,18.351023211446574,0.5105050749609745,-0.05398717196569791,18.870713153881844
image_2260.png,-11.383552056648,-1.792152401521978,3.091048865075802,235.38473477227777,175.60829406954664,36.59073251499262,7.845152442589518,-6.275246445242605,11.988288865800168,10.127116946656148
image_2261.png,7.237362148212423,5.24440714356404,6.429316838917568,182.84735427134686,93.84352048311558,40.1880274522826,10.565415906046102,-18.8070019263263,16.129478178339568,8.951073598279791
image_2262.png,-2.3984976477581625,-13.25985492351232,-10.28767778142447,78.08283861480292,231.96588002815244,106.83075002785863,8.158530850274593,8.106482121203868,5.31259700881165,5.741584347580627
image_2263.png,-4.394537025372841,19.193541443309755,-5.137008513189052,67.2411451610511,86.67143611482321,217.20104364871457,11.236797925100966,14.818149667455046,0.2393838458593045,10.75045495279388
image_2264.png,-6.184701719789093,12.871790155930128,1.3733626608889047,222.01638941281877,15.62842434212671,229.41773039215974,8.024799098929495,6.709113111371046,-7.931228443047335,-0.9133947177084849
image_2265.png,7.306053218341976,6.70350255618429,15.144986341952794,46.33346925075306,111.49617568188201,24.086549323466244,6.749877540313371,19.51387326341412,10.005383105682807,-11.427096765762425
image_2266.png,8.135002047842171,10.624546300444564,-9.422062463247247,98.11422596382259,120.24525046625021,177.36083288511924,6.708658740807589,-18.43447519918754,13.719826338339615,4.264138455419548
image_2267.png,4.690243287691864,16.6965245637886,-9.705097718261788,28.492797978584193,40.253666459389414,27.44648952287482,15.836758840894747,10.23951501677558,15.356921439122154,1.0540454622648312
image_2268.png,-14.310439542814999,-14.179885711479452,7.908793831661171,167.89794598276382,247.56511351007512,202.57843330474475,11.880171335888805,13.586623550740086,-4.362927271880412,6.252837265775231
image_2269.png,3.7474876592923714,15.11380456631511,18.762665638541122,104.77087607538805,118.59764886424144,201.8156990945202,14.279120554911406,-5.584134216519301,-5.627009587400753,-19.11861097833508
image_2270.png,-19.98274093827742,-9.920119767824094,10.782723694055406,205.39470050919027,168.70112451982925,235.1994762031053,17.944735485833426,-6.302121633393757,11.722681669735742,-13.446926866316456
image_2271.png,-17.384636541938946,-5.586984028630875,18.491637664633302,52.164938103670735,101.39068220789306,64.81477688963261,8.84201096508011,10.255639174779681,-8.336990506732263,-12.038375933270192
image_2272.png,15.954627919802732,-12.015612316399405,-11.01930938512977,115.65748037829295,157.1567024424891,83.16742958149975,5.6145861969523025,-14.95501731174015,15.484726703179525,-1.7056386409448585
image_2273.png,-15.214434623798745,13.898847165261778,5.035030716995443,207.96569336857777,168.19932632538197,223.16870389421598,19.1138815196824,-0.429511083567796,10.689152622451267,-5.079967903486988
image_2274.png,-7.772343295341354,5.101775362739801,15.443015778112063,250.08077531256055,73.44298360359474,173.13922080908893,16.036111224957384,-1.5134998724504598,-10.751208014884552,-12.106891058938224
image_2275.png,18.950992427133095,19.811142317811992,-1.8424259213047023,159.64859544078524,14.244738312211958,62.157854487455886,11.058813057896476,-17.02646335304124,8.757585903874464,-17.977098596232356
image_2276.png,-7.191401669200609,-13.524795029139138,17.2123101517033,213.26546650587508,16.665339788366683,98.95797937170666,17.612545164793595,-5.291196109647775,-12.809004339919943,-7.841271503446903
image_2277.png,0.3569935725370108,-9.666585915685829,12.45362163289441,172.57344156974017,110.80987373018726,151.28989609557723,15.735526506608185,13.388648930006447,0.8717816385774313,-8.201681037831081
image_2278.png,11.468020197011526,12.708647466166369,1.7470530117827607,102.36377144658132,75.9269172153012,50.605191925584364,12.59950170655946,-7.665620165180815,0.34144168770316696,3.76084795195624
image_2279.png,0.6161185388440451,16.137809447787077,10.833792405666603,148.94679429884962,51.66612270093858,79.8857775726038,12.617688640324067,-6.5816069560740065,4.713523749611458,-4.2597641711641145
image_2280.png,-8.235126852099288,-1.8755356227660727,16.326253845989918,18.169341678965903,164.15396378163283,164.6952946946709,12.161428131879894,-19.169785023669093,-11.786502543279456,6.220941786041408
image_2281.png,-0.7247093062064067,-10.591352755781426,19.99817619629414,131.40010914321508,65.68814282675798,117.91399806617241,18.110481317596655,-14.749064829742622,19.02311722122772,4.163289468787873
image_2282.png,11.587021007126328,-19.10899032611974,1.4016082577956297,222.09011487600202,178.95899712065736,162.81456371601362,9.195169675948007,-12.187653447572746,12.657512993470093,-10.869680942413979
image_2283.png,-16.87695016643498,6.705530903211624,-2.618488549121775,123.05743321042073,229.05264688331837,43.445187516924484,6.679671898730132,-11.371734411261283,3.7506573210539855,6.00152563294694
image_2284.png,15.692977513366685,-8.016504668498804,3.7301802082835103,121.12917459671962,50.91460411479373,16.576226857288027,4.0375494139780095,-14.495658731652355,11.129079372567794,1.4714613093020361
image_2285.png,7.058608111690937,10.581819939919868,-4.129288416583234,137.47672926385536,19.665373773925488,253.79910875019146,19.112771266333585,8.358352738928527,15.055648387525807,-16.3919130524109
image_2286.png,-6.508347849777362,-1.8183715213380083,-3.3957341255225906,2.377814841537705,6.3730980252855645,134.2599469545466,3.3127190567870715,8.581257408584875,-3.5887652976076403,17.662800722317435
image_2287.png,-0.40124057098200794,-10.186906286650173,-18.517293055797424,183.30474679302512,189.69314970549158,70.23917356708655,16.212362527113676,11.24103616729776,-19.82486519961961,8.253565751857916
image_2288.png,11.45977956820424,-5.423268827732311,-14.389128566810339,4.725627146379687,70.72009067912917,186.9925917697516,14.034965163915158,-5.183775114712802,0.9185299414951906,5.012151237976891
image_2289.png,-14.231850067902233,11.393744622234859,18.72514869731875,107.09950203765374,128.2068197712008,42.602560729058425,8.292657951324165,-18.82626523842122,19.61697020086926,6.442931925468631
image_2290.png,5.537959178713777,-19.52667824047234,-4.899873632400759,228.98405766048774,87.17609187214053,175.0480498148157,18.25225498714139,-7.148220264577695,-7.5783470614682145,6.366166046988656
image_2291.png,16.05401537827411,6.696692268927514,1.1144791292566083,194.35421082668432,230.0452452510135,225.0797537409055,16.45371030346434,8.941523019360037,1.9960193481692983,-8.691465809890024
image_2292.png,5.243588615643986,14.580738162449542,-1.557805444862442,110.83763879508005,192.1896613611182,251.01185550963822,8.253232869661847,-8.201342347084243,-11.343310917086868,16.8487722322851
image_2293.png,18.936274057098117,2.31524014494385,10.784836664384304,17.755239705028696,175.66195739494245,90.8636556748601,4.224198337160707,14.856929543377099,-16.918264823514274,15.400579556009802
image_2294.png,0.33103567949676815,8.775735272262537,14.344679971611534,190.46362452378773,60.157363546670474,111.2117268574473,3.769001932380211,-4.721813856513407,10.27051586811464,-1.5317050771431795
image_2295.png,16.930641647044176,11.716420055930502,-4.836391897789657,83.39980442834404,11.400327960953495,246.60674194034348,13.870883002437449,14.811765411407805,7.198500479382275,13.741048595009786
image_2296.png,-7.426741462146428,-4.632002288977928,15.786812587578957,22.46547269496121,236.53348156258,148.09861047606321,13.89101310158015,17.96437247103571,-5.340478557110991,-6.421038220926022
image_2297.png,-15.982779156084227,15.384765613239622,-19.302156170139693,34.33667157093612,92.82896990581726,81.14714685844993,12.504680227050672,4.119875260917528,-7.200770555969317,-0.6675940181170361
image_2298.png,11.508898130241825,13.8276938608643,-7.682324780294842,119.55222994869237,201.96513841834346,119.55555884602296,11.133439321098182,-16.544000529207988,1.045457190644342,-19.412411861247662
image_2299.png,5.123427822935476,1.8418555272661337,-0.7770942561726137,24.791444266346954,100.40386744224197,98.16493490615761,11.593982262324436,19.656615931337903,-7.540091883240617,10.75515960739894
image_2300.png,5.960358622153969,9.403675432979988,-6.954409600810575,125.71331296171454,172.9173177485067,91.40456557154337,19.390373355679934,1.2410141488886062,-6.7961491346847716,-11.174011379633466
image_2301.png,-0.9035474756445119,11.403326010037578,-0.6394593615203732,217.31144256508605,24.507589342361786,155.24206059423375,9.418223718813543,1.090640419344048,-7.493064160149302,7.053440537251557
image_2302.png,9.214514833037278,19.226693619567442,-4.764732222658239,228.74072413749755,184.33315279472902,75.23403144699411,14.451185582373562,0.9790466892637895,-6.474334808634946,2.9321536814386917
image_2303.png,-11.904255943988469,1.5294514681167968,13.297558156419605,210.8763118132908,104.44085187096492,40.14913269733116,15.63127226571376,19.952107036554565,9.704522395275028,2.36991234847601
image_2304.png,18.75561152621802,-17.214522672255338,-18.076662840824977,211.33570538398735,125.07066650216609,95.19323573100152,13.078879028467085,6.810623165292064,-12.807070034648525,-14.072112661109873
image_2305.png,3.8356277631747133,-18.100888689349112,2.191464081708663,215.22305256877658,57.057244402264615,99.27624891054795,19.097407790466967,-19.328747534227816,-10.10896441161346,0.21012944845519854
image_2306.png,9.053787313876743,7.783939110346569,-15.383427824035634,134.36794961559264,129.42401634607592,45.8494182604231,14.783579237970466,-3.78234334061872,6.341190712575994,8.631026096161595
image_2307.png,17.26226268941793,-0.5382985835530185,-3.1773062061420667,155.31282214852405,41.80476299321615,194.89831447487515,15.266208027946837,9.212703570381219,14.38804999682582,7.454529419845844
image_2308.png,-10.965615869604273,-10.414175602960484,7.979682070794183,142.06598967818903,190.74511089285232,67.17996569736718,14.786704805199562,-5.4816798380350065,-19.69068756635569,-2.0366426422242476
image_2309.png,-7.779442527555114,-10.820361638293349,-11.86624421286814,53.903453785278366,187.24625584555758,168.8963838107972,15.066602028893818,4.085530226910123,-6.743710247909265,10.966182678017699
image_2310.png,-4.751711629209163,-4.566383880699888,10.881085664130467,249.82842466358798,69.40192288185258,252.86471955450764,17.312738125540378,13.282013146713098,4.926894910648436,-18.81874967486874
image_2311.png,-12.88381527161171,6.887253434416358,0.2462272658828013,159.25851687889843,127.57628215788137,109.43731109293495,9.660091507606108,19.881156955782743,10.973828069565492,-9.46491777223474
image_2312.png,-16.471475385882727,5.733919751980952,-9.40421838334434,103.08609484623564,1.027583384093047,174.22741406280952,7.645189299068912,2.087644926800589,-3.005763755781686,-14.33608299236524
image_2313.png,17.01310891600037,-0.755345529176779,-17.48254828136469,227.78015472272406,24.04479579759198,96.41642126617141,13.791731027338562,-2.843488576114673,19.719270972586344,7.99852414677175
image_2314.png,-2.1594651636942928,7.910515211933401,-8.011455583998227,29.05389001222867,148.67246464073128,143.04625204443778,8.99642378571,-18.961405473807005,13.46430023723147,-13.914779956010989
image_2315.png,12.137579070479191,8.236998723356667,-4.981028397116072,29.27967170915482,0.49613771091817915,56.37805683576733,13.038603582563178,12.283353849010958,-5.374688351388816,2.073860797419165
image_2316.png,-9.738817034942699,9.84136757917085,19.64124743593419,59.88774450678838,128.93357006030308,100.34484620446364,17.695171434494394,-8.388772950715836,-11.16349228129154,5.6693375887380135
image_2317.png,-8.930958812208853,1.4679549330585502,7.028605319084008,128.79397289417307,61.58850069269584,61.97979955431662,13.597079209754343,10.094442144218338,13.735183147237223,-5.680530945995596
image_2318.png,3.179980555751172,-5.459678954858415,15.908472871702507,80.93780993950372,6.656340166800411,50.19869076282729,11.754868850369053,-15.911680485914705,-1.3274251949601954,5.451087864242055
image_2319.png,10.757306701489409,-1.2049606099981673,-0.4950312564065449,141.5191891573416,123.63144519114843,81.1002066622418,18.18186964599144,18.175065701577694,-10.716460257107542,2.380551909682609
image_2320.png,10.28750671858148,-2.407607747020492,-19.95095463602365,110.50485465592875,79.1977508187052,100.63475579251624,7.826082665489544,-18.549528382404223,4.290395703832765,16.801356300232257
image_2321.png,-19.198171795779125,-5.746094189390956,4.812311668807055,229.4871423961809,110.22029580574988,108.80737366616172,6.388847301745678,19.61855921108274,-1.169677639815852,-1.3612189993309052
image_2322.png,7.988017524452587,-11.104534703389497,19.649882692790676,237.57066497766493,103.47992118238507,151.7708564296197,5.081699709735467,-17.940758269575085,11.20041517930568,-2.4417478056546074
image_2323.png,1.613955782626519,-0.22216926592619402,0.600553223897407,57.23689670373631,63.492899755148315,197.4276458060086,14.175706111849788,4.037231976013189,-6.248290907475326,18.877852529502356
image_2324.png,0.7729199296880154,5.937052142402198,-3.9338902687817168,152.42790444477225,65.76594086506088,35.32606697242764,17.025764043403917,6.046148891234338,9.033802451052182,14.07562564145374
image_2325.png,-19.677091625378814,-7.5421715445238835,12.1977577595774,240.54349034347996,12.098143706978494,53.745337089244686,12.062129068532737,1.741947813825142,2.9467475358075816,11.834065278521248
image_2326.png,-15.445171043539565,2.280894314737921,9.594836276978086,212.9576974076344,49.20429209769485,57.8434780978122,14.422853766811453,-2.962223899637145,18.82082437901755,13.813758565168499
image_2327.png,-2.705288274853771,10.050534607238468,1.5082654940945481,48.91860108435912,89.28137183882481,7.898726511822087,16.667908254600576,-17.09987483199739,17.803948452005876,18.92427746121332
image_2328.png,18.906767964041038,15.078057131634743,10.601903288359939,252.4441711740816,5.384353277789598,109.23204926503279,9.961635808006776,10.878507661200661,-8.695065265623247,19.760568666429208
image_2329.png,-11.869583411197464,-4.374115456567065,-19.44206048499399,252.06409625708736,121.28953546626695,213.3098169490955,8.400977404540816,-16.707276558143388,19.28222708438402,-12.25151410880979
image_2330.png,-11.249424022581005,0.9939541353133592,17.50045885724355,16.041450686554104,67.46912869697043,23.873944524676237,19.325050637853998,-12.16969465387043,-18.382947799314806,13.377911096297566
image_2331.png,7.2058192307213105,19.0429712068893,4.607903973165154,193.9591698761325,66.28349102234777,245.3232850047816,14.95316195059435,-18.17479856088766,-1.098707752131478,17.65079536086462
image_2332.png,-11.895706175610488,19.348081552423594,-9.65262460255138,32.82475767611051,170.24769786329776,170.48728604379946,19.215096664401926,3.0312315351658903,-2.8052210311046224,12.6513478658078
image_2333.png,-14.813551665830547,-6.738255206561838,-10.50311122863194,77.06723251168405,95.59477705773845,168.06100750136315,7.729601578384534,12.699206357040431,13.846090600284597,11.60426691603309
image_2334.png,0.4865635100902601,-8.062240694820023,-0.46777994280690294,36.333474547983,254.03686233401177,5.138120376519609,13.795884637004136,8.240280359301678,-16.13060528044609,10.589173998040952
image_2335.png,15.591928864897575,-14.377226286524003,-2.6030818661272512,188.7810468936399,4.2378745478022815,116.437337056806,11.573048790996811,-5.692693403918462,6.992081301776238,9.882355109408802
image_2336.png,14.282989024157885,18.08542190551603,-14.859113141795861,88.09619411740613,71.50379500857181,223.00887941085082,13.583025371819588,4.856725296293291,-6.068919404532714,8.734358466751818
image_2337.png,18.694159199541133,6.104062913743565,16.025649862360503,44.911935177605955,183.69560253160319,237.3299386553311,17.204374327947075,-6.566083916089198,10.456431164484812,-18.938266138878216
image_2338.png,-14.650683947781031,-16.360575128311083,-6.713753448664658,207.20537810761502,184.45818871949882,234.88571087343797,11.443313853619156,-19.763061498969606,0.3902442524455907,16.94409203095381
image_2339.png,-1.5035467652426178,9.686193102067623,-16.315826692491974,16.254995201777742,39.90037142181042,7.464567326281938,12.019095578808418,6.344192475298165,-14.30435680776962,-4.032676809254031
image_2340.png,-0.9051036661997856,9.52458597862401,-16.945585690864583,159.38584521643003,64.68549681084167,146.68993294419138,19.16539253600742,-16.009647279032393,-13.485154207400658,-6.87749634018914
image_2341.png,13.578981727210355,-14.939585817056038,0.783138690154761,162.42651171594744,20.089614102832297,192.14530397727944,15.31477584688036,-6.776600752292573,3.4279598900207198,-0.3953377273676715
image_2342.png,15.727444490158803,-11.038434206769402,-12.308080794734906,236.46303208013651,43.80359462146675,21.055455923948134,10.690444546861702,-10.24110396397489,-4.581526260846363,11.330162865424889
image_2343.png,-0.244018706460146,10.432381929791624,-1.5843015517224117,209.94743210356398,89.22017217381075,150.72418224149442,7.085130084166598,-12.317684628932248,11.311572283935693,-19.84212541946592
image_2344.png,-19.71563118398994,19.13887141206513,11.518763544489559,90.49471539392829,25.788854217778784,169.72771906887237,7.2921714402729325,5.0224391367625785,17.12134290638751,-11.090975312231386
image_2345.png,8.306996013030389,-2.7978730216882965,-4.375864593721964,225.89954034711837,175.84999137935918,200.73232681174778,7.861373660222922,0.8341047810400752,-2.2542814182897253,15.922052024841292
image_2346.png,-17.944506273008862,-14.134525017632292,16.710393176091102,47.309302055014896,247.63988614693437,61.01928277353754,5.025878714195281,16.86616944931388,-11.997537589510227,19.187316354983437
image_2347.png,-5.263086945839369,10.355132256869343,15.917658402885543,173.52376121234005,131.5731344618972,227.19539707309934,13.134113829810635,8.754882377693253,1.9202195389004046,-9.985742030461315
image_2348.png,13.06734773211059,-8.501877361773577,-0.6753054986250504,144.23382848350488,132.12817822273956,106.06946881580438,19.388917755224895,11.877400640816429,9.333526584174763,-0.953400501364122
image_2349.png,-6.9398857788214485,8.810754310669402,-17.39059895942607,102.97435073649466,142.63549842905357,201.28001020277188,16.446003844408217,-19.189723913559334,-8.50884550484773,2.4057999197295246
image_2350.png,-18.931708440495683,-3.83431654162381,18.43100578916095,66.00877887624058,54.68172716237517,87.89737292660075,19.640911652574943,-10.057442424774985,-0.8238606535151725,-9.116801772697745
image_2351.png,16.506210732921915,12.820052668183173,4.093188130906395,178.36537277449415,108.45385848286044,126.27644053309552,4.03815374174159,2.637182003044064,-19.96664615982963,3.1245291491531972
image_2352.png,2.4453723716078457,10.27698715485263,-10.579320175469032,165.01182449186032,64.333714319987,83.05501431881477,5.410963293897485,-13.751009416046415,18.680085429724556,-1.1673659237579699
image_2353.png,12.3844092360425,-14.200022505614257,-8.661068316157783,117.83503382669826,30.989221929897685,135.27308192447234,5.858224698237137,-18.994098922502467,1.7929337234098455,-10.215561195941373
image_2354.png,-16.439188824267244,-0.5125205978515339,-13.262472238481404,236.98624234584832,177.1286361235404,34.97917617742157,7.519192593642264,-7.8446801877400585,7.650714574249644,-14.65163092390005
image_2355.png,-10.975261302894314,-9.976817639538552,-3.4466057111891466,102.28669372089385,210.10302800274698,228.42622968777448,4.654605744698607,-3.3076217909397307,4.879607803758841,13.651753963993045
image_2356.png,-8.681495339371882,-2.4954508131422983,-14.766694307421911,54.38985783345587,100.57245256804718,55.05883697785493,18.50410989334876,-11.219367575898126,-3.676152271976335,12.312827405773263
image_2357.png,-16.962933611193254,18.19725220418058,-19.049759036231833,164.62706169282666,247.19731589115034,131.76936706719647,10.129709219496096,-1.7692555980990043,-15.045956134011282,-9.695594015878193
image_2358.png,8.623093058174259,3.6262645602751036,-5.728721116382722,83.41001799460533,250.28824532293547,17.29430126487638,4.011943664999018,-9.190303918428304,-13.757336086483122,6.291429044572887
image_2359.png,-5.152621471608349,18.60161207934282,3.356840021387505,13.390663033240514,0.8392420158405572,115.8697993270309,17.794557350408255,-15.710054670894351,-7.575153075638635,9.967634280257336
image_2360.png,9.782371954020313,-7.983502918062722,14.621240742191269,243.68176365454445,98.30255006357861,119.843092516482,17.36164322176257,-0.6954000137415974,9.441962111437192,7.98028468143994
image_2361.png,9.333977328224957,12.272982961495089,7.234144184412223,30.208671918605432,216.77277871853062,211.96858023494144,17.103722988967768,9.512618773636518,18.22167453222262,-13.60977760604365
image_2362.png,15.996821314653332,-3.255153190485025,3.293358398733961,175.96683859027553,172.86098069671283,55.386780037156846,12.152779176735963,-3.3164913603363217,-6.479401396856437,-6.107368224183656
image_2363.png,-3.0922374005670896,-7.80933232716162,3.2999876929067185,64.59870732359799,51.545237629258686,8.64929416918555,14.33944017600838,-17.500852278914994,-4.464358939427516,18.686980487053468
image_2364.png,1.5090777826982205,18.302126319349654,-12.32867165663281,216.31539694090347,5.5879812246902185,66.1484252425369,6.163856190276149,16.272453271520575,-0.9053334574320999,2.5014819891813005
image_2365.png,9.32549237787073,15.182654678266225,14.327163961494811,39.809755390117,106.066580352462,48.1998603295441,3.487007385676373,15.812649121317925,10.67655363255136,-15.807627927981077
image_2366.png,1.4484561009036447,10.654896333448288,1.2749197085440613,32.42643146162446,60.01402691287799,12.500092079231894,3.9256370726683505,-4.033893500041721,-13.247501554725925,10.022544011684019
image_2367.png,14.282203713555852,-7.702957692037735,16.540627628388314,159.68488886429324,178.33835299133366,157.83052191278375,8.856086823500839,10.288408719026776,-14.418809012601566,4.194879183756623
image_2368.png,-11.268716674932136,-4.241626021580224,-12.447933263729327,85.5230519180273,31.926099343259267,233.11743931183835,19.023073434378034,-15.576380881240851,14.342723563374811,13.448866069852485
image_2369.png,-16.526648182136114,10.172390727289201,-4.6646473232482535,84.54607309638443,187.03336583822957,58.612496919233806,3.4694796192564286,-6.337238565829914,-13.979573335237397,2.818660985084257
image_2370.png,12.330856272691875,-11.22804809808255,-1.6205854912139763,177.76475700221874,40.176440293579944,170.57795674503257,3.497837625094676,-6.429462822677724,17.127453276622887,-13.289181503436648
image_2371.png,2.821871167482172,-5.275450007023249,14.690191300898022,116.66891249636497,101.61496399286187,56.58056026174097,10.769957455541224,-16.42461675908297,-15.943609190615495,5.412308330609225
image_2372.png,-15.847796754329897,-19.42867386837159,-6.364562699274018,87.52200961309211,49.05615073989287,242.23868449782765,19.57432882945558,-11.862367827589022,3.90178706438126,-14.18259655688312
image_2373.png,-10.436828575296406,-15.918612791880147,-2.6192138266217313,138.22907674391914,135.586660862292,120.3852874662902,9.80068780851896,7.829432164681165,13.891528664138832,1.7385069446150148
image_2374.png,-1.8100720656178027,-4.534670220605204,-4.57236501301983,192.83797284118742,100.46988777099298,234.8857849503502,15.038684938161342,-3.706157224333026,-5.955115922362344,-11.084590888821166
image_2375.png,15.118233447444538,16.158231120581917,13.235409192857915,2.8031513065340063,31.495996200202633,67.38780546244068,3.5631426988028387,-11.331154633951709,19.061449995186493,8.651729584848574
image_2376.png,5.815078012407163,8.965116635150299,12.31112117725828,99.49047760677388,78.43442119444133,156.08526690494207,12.91982744060805,11.852828068055459,-19.041718881023147,15.998854721325692
image_2377.png,-12.616169453816006,4.305981937623873,7.10537811512166,107.32538818195697,93.87232236390065,62.87580489611864,17.102731724082034,16.06761330946445,0.05252965249200159,-17.60600670759785
image_2378.png,-9.7280158733362,-6.115640078123761,7.635696035942669,82.864018426595,203.1290697679571,198.19507608210063,3.1497125618007087,7.719286554623622,15.486637302834858,15.800108414060126
image_2379.png,11.328218860276156,-11.540901667190058,-9.946352628814118,180.22680600178208,63.724307492725984,113.01970746958128,8.132487170586327,1.2709131109075464,7.2656065587046825,19.2857338180687
image_2380.png,-1.8490081194036456,-18.468677397022265,19.039430117201263,121.51652202473917,84.34582337776068,162.0822225890898,17.78579591483674,5.330895404236003,2.163860769059216,-17.238520355699023
image_2381.png,-17.155001816654938,-8.478463841352472,12.222818070109312,180.57232388627875,107.13413659946461,202.05872276613127,10.192558711927571,-19.411575251674588,-11.757129967143353,-17.225263461426593
image_2382.png,-0.8897555286413166,-0.5081706784693587,-17.42223790207994,90.15913512663532,81.38947357967683,177.05456690813563,15.925210260846006,14.580835267397923,-0.35659895649500584,-5.71184044722207
image_2383.png,10.50917074531921,14.012502203855057,-19.418863026637805,40.47372686761907,230.9096267032195,28.558004033341327,5.399773648678788,1.9197127827225628,-18.40713472739519,-10.516479133986962
image_2384.png,-5.9360192572297965,15.155672106133729,10.400686697952324,44.13921340514893,251.86257892728827,229.40207976268704,16.62855577710517,18.830301537234085,10.639097484930478,-3.4114240171454995
image_2385.png,5.705775264764668,11.999413295623835,11.340870160390182,232.95173694880543,228.1066393818872,174.38441668837737,8.747288530959398,7.708518899787048,-12.071001917905274,-14.446512940836659
image_2386.png,-3.2764115383110592,-14.633082650677554,-3.767922617904908,153.563456348413,103.98675526254927,5.572652630490512,4.969726069478507,13.87692742546686,-17.749347915316175,-9.793471016357426
image_2387.png,16.478248560857516,-12.773849776550978,-9.269180949074954,88.82945612835871,166.56524501194437,6.358017928402525,13.656002954979758,13.791605283758706,-0.9946588566922117,-17.897445758472944
image_2388.png,16.624887632345903,-13.980740568168862,-0.11831294843847573,220.4350503207053,231.6131223970976,54.29126081849495,13.358403445737244,-6.039035734375027,-4.900012022955034,-15.042222446182482
image_2389.png,2.593175487135909,2.369522380978349,-17.000809782952658,241.28307732025834,148.4330227197469,66.2689071275029,5.999833764348194,12.752595408582621,-9.4323840477076,-2.6222471844003934
image_2390.png,-10.844298838817274,3.195715821790408,9.618977528536334,92.2588461167439,65.54772740155943,200.3855046289751,11.037649913149899,18.6588043972448,16.321228765398864,-14.642560432635152
image_2391.png,-17.577158750048433,-8.094944825757233,-8.962355397885213,122.07062048163431,192.4105736878401,146.16343225038926,9.116165740718918,13.461699657344084,2.771739380207979,-9.312608298365364
image_2392.png,-7.1639893334947615,0.0830381121497723,2.939984511595327,26.862198844844798,135.75061034085311,138.75680084884735,12.268272353662507,-9.61495992647086,10.987334595282384,-9.733521457182084
image_2393.png,-1.8090152677480944,9.979978582826156,-6.756415613345684,14.5207074054279,224.4298029582315,73.91250932214146,16.051656005561597,-18.767856303866512,-16.82267285412987,0.5320689332942194
image_2394.png,-0.96400278494038,-4.26726800665473,-5.081698470764579,57.79854041815333,117.63449236433694,62.240214787307984,18.187788058736547,12.307449097994109,14.674882780508277,-11.356177656837318
image_2395.png,4.903437129882903,-17.14711225224022,8.280452287569318,13.47619240761427,32.11495346324768,18.426741424948588,8.009146773488252,13.228694047817548,13.33836242997647,6.757766725281861
image_2396.png,15.50485176837364,-8.76876973821442,-17.497928610687907,106.57074808094954,39.29373986689229,137.5613349446887,12.103996884884152,2.890363051574294,15.501242903277593,7.738471942019739
image_2397.png,4.817488597355307,11.291443926949391,-15.854700624778895,127.1734541901822,44.066510052870235,177.18643371569186,18.430809372271327,-14.64700546384234,10.974190200894395,-13.64387188455408
image_2398.png,0.22834140849279905,-18.644909051847364,12.968484429769745,131.27830111092703,86.80356382471265,153.0431608749545,7.536398357097599,-6.607666706444061,-16.607950294914218,13.357245927381399
image_2399.png,15.18485746495643,10.918566861713622,0.10866140942924929,220.43394785196398,173.97805021506878,162.70369283600843,5.196945099253099,0.9447379744788336,-6.172861519673196,-13.050112280766918
image_2400.png,-10.472824535323259,-9.253147618812614,4.705276146721911,179.3498692432916,82.2573683847445,152.53077116300753,16.75927794908382,-13.224160405498292,4.437967417489702,-14.836590321650625
image_2401.png,7.136246258074177,-1.896904081033913,-8.64149234893732,9.007796853978455,153.08404831276385,241.5120990094792,10.89099191379537,15.412015927457276,0.8629353689364478,2.73347169981648
image_2402.png,15.404035093621395,10.91763548196569,-11.653335559289832,123.74044771810503,31.915450166862453,168.4117274903809,3.3083510857711023,2.2057673166004186,-8.728749577054472,17.765056372724295
image_2403.png,13.226277147222028,-5.974530921960707,0.5190960828817062,251.55897993929386,171.32760897882096,67.50260683561363,15.142488320627029,-9.42310894420062,7.025170534889945,4.988297721511724
image_2404.png,15.454317092429221,8.585206575498923,-15.697784420606954,65.62373320139805,92.27086599515685,86.1455887682075,16.58239624694908,-12.912392746348317,-12.587342941426716,-15.801731652375075
image_2405.png,-2.3432079924195826,17.125511420708662,5.869842177112162,153.82907733970166,123.95239342457641,73.01134062271254,6.923514981946857,15.546930387950177,-11.391123065535865,-4.254465413268228
image_2406.png,-15.517398736294691,11.240857491513477,-15.447110900540899,39.02269030765414,244.9509386082227,39.95118261404062,18.767391826294286,18.338892231158695,0.0831594212685225,4.864065272164019
image_2407.png,6.9678913069037804,8.631662893533765,-10.896987403008108,102.80983047342744,159.91485371719364,240.22287243554538,10.93916857529575,-6.87796084924226,-6.978548367075037,7.539585975151265
image_2408.png,17.801505341534195,-4.480555294525086,-1.1236752623454649,38.25572385574461,131.63836803115603,235.446310934171,5.51310430850791,0.555331901324621,8.501160975989691,-19.139953883711428
image_2409.png,-5.530868672168804,-17.72333788821542,8.500725794583396,152.79125281088494,9.2361343573682,154.21964117327346,12.313107282009922,11.930716247969244,0.3253151971341772,17.937051062909894
image_2410.png,-5.137384278371474,1.163256502408629,6.80734180194456,21.751092337321893,177.79205434379082,137.7882118424662,6.372492914689177,18.701563192355607,-1.4848756641998193,5.720075160128829
image_2411.png,11.246812888023129,-16.81393458566238,-3.0176413770291717,55.09373892880225,208.65628446786835,242.21311903927383,9.00476235138198,-10.05514453273976,-2.2154646838329803,-17.516314148442873
image_2412.png,12.861638709312068,16.636204226413973,-10.555798404667062,177.63636162707624,1.5469140783241087,173.75252996022294,17.039059998161708,-18.9279773882555,11.8643153745864,10.433676563992847
image_2413.png,13.754862135341973,-15.343399900464707,16.18455606410783,212.07857018273026,82.82167798099036,252.5960461004971,8.50848047976842,1.987873918714289,-15.54406872622243,-0.2770947141543978
image_2414.png,-13.527920567561598,6.655400072642486,6.4331632699944805,237.4012418410009,25.641548623129438,137.9026588214797,11.468226415619466,-17.56713817535008,-9.67992511955821,0.002342475746669237
image_2415.png,4.5729746529316095,-9.921674828086285,-12.37769618990157,90.47902309733801,121.9891673626145,132.7967512129753,11.482129296113797,-7.314901409240701,16.731170265594187,-15.097054647072085
image_2416.png,3.033175799099517,14.061858345615988,-12.47060492754354,64.30458159481691,180.40898243429027,153.39516393527077,17.371891757988237,-17.787667356961663,19.683845663727453,11.060904860755421
image_2417.png,8.47065855867617,18.26803107898442,15.151820686723639,14.515227983166948,160.94187142427407,15.805836829200913,10.027421038582201,17.808234664391797,8.724981063937957,19.966904419155462
image_2418.png,3.9836077332332422,2.7686333816656052,-11.243358538659365,4.578127403626567,51.41193843975763,248.26177737406402,19.450451115790546,9.393955835195264,-0.031192938134900317,12.728313308190906
image_2419.png,11.110629328371626,10.904048070396293,14.66558501391939,64.25868247583466,57.01649445159858,80.75456486360557,13.771957283478189,-13.042963438829158,17.20987105122881,-12.760223306219487
image_2420.png,-10.378107711266038,11.12001260331077,-10.216958609753677,233.61463366869833,90.48623348176507,107.61112673580593,12.541069523904204,-13.839889218857625,11.485284894866275,-7.611445554188858
image_2421.png,-18.83998742916248,6.092719187781661,-4.647068498822339,91.69759231374894,120.85261205305261,85.88740657625998,12.944228348911993,-18.249644301293525,1.5444151839185665,0.659574601158166
image_2422.png,-18.83046948546983,-11.511496642850965,-17.298186149145543,100.86820784042513,245.33079103406993,223.9026946097478,19.704169952883014,-19.189382084548022,0.8923913290849974,-19.58707931469979
image_2423.png,16.206144757133785,-2.9325124120751376,-13.486284187435476,203.601909144709,180.5989420246945,68.90594752217709,8.293913469138166,6.314898685515551,19.558155733294413,-19.58344285717537
image_2424.png,-5.900071394328531,-5.418637692286392,-3.5607181439961337,175.05778813126832,34.55696367764052,48.44979047410686,4.797883557778052,3.4967735039735004,10.255659728167249,12.45847301973945
image_2425.png,5.834161779681985,0.31606272692780024,13.597601105376334,195.30697482962412,72.19853131523018,62.38879515355897,19.324795408987377,6.0082344090070094,12.331741657987344,-13.007937980438422
image_2426.png,10.75611040568674,19.477018067905675,-1.0469943978594358,212.61478506570913,244.44685491683768,13.005679964465127,3.2902961184927273,-14.174357551019456,-19.261938760492107,1.554284157776415
image_2427.png,-13.604489438224157,-4.939410841337825,7.768488022795946,152.52209028396865,57.28449091645874,181.55165424873798,11.612933817844432,2.272615763233844,14.96111084224659,-0.3504872648641566
image_2428.png,-8.466618380248114,-10.373351456604292,7.038500612726253,57.73113873395384,222.98292993122107,27.074301922180098,8.091106724436544,-0.7982370368993301,-1.1457470438194406,-10.951904555142654
image_2429.png,1.310221085161011,15.872246162533031,-16.748971053416774,15.027747473139224,134.30101121191765,192.8440940081394,14.091762721186257,-14.264733129608643,-19.37698590524029,-1.977228512451429
image_2430.png,16.98061823912807,13.789350165813858,1.5149477925528885,88.95775414974274,196.2602528751569,117.3137718824742,3.016810249434797,4.864940866459616,-0.40033042489920234,0.9273795117617851
image_2431.png,-11.260747903650255,9.686435475909107,15.31511817928763,189.5277940970094,22.072521383014887,118.39700793806816,9.987043647681324,-12.553104376307385,-10.52124070674278,-16.379991463802828
image_2432.png,18.27386071693266,-14.365677185846017,-7.817399317329915,235.78432683583011,102.93373523289283,219.0816869219598,6.449675687800106,-11.244897704559754,10.571247188827314,12.144738746889068
image_2433.png,6.745952274908586,-7.817775037157526,-15.364119497109892,235.57454262489185,235.10545695591242,148.2594620926915,15.186549005844366,-14.231926694643327,8.644558348632444,-0.3339612004919026
image_2434.png,4.667093611559594,-15.873279182816752,-4.199538194793945,181.60307606022587,218.03508256447617,151.96403047715938,15.765414243594492,-2.3028270022115507,-17.292956420969055,-19.34373382991019
image_2435.png,1.1915828717615113,-8.075875981916809,11.987366719477603,89.52918634396084,226.4526743657078,101.28625338965531,14.730916351691372,14.357287962894056,-10.764001698426945,14.725679292289293
image_2436.png,-15.015822251531885,10.6136409231516,-4.2685810465006355,223.37840998869765,232.5012967317595,154.99309410664537,11.54434898882344,5.547135293889028,5.248942521977206,15.184304467270373
image_2437.png,14.751985227291605,-10.378468730242565,-11.104639839330673,39.71994599573205,183.45778132002687,231.5681505006303,18.588558352797932,0.08818644278964172,18.859566083551073,-9.951779931828607
image_2438.png,16.843317322869787,11.064664092995386,-17.676527610549677,133.05121966916332,72.84043058471916,115.3018531446009,16.1491056117843,-9.72513895127603,10.708017381857541,-12.426597290606946
image_2439.png,6.827746233531748,1.3930439171715427,0.2529962063980342,57.85695331928884,193.32638290377523,85.35722980934037,16.064649777094594,-7.291716264525604,-14.264396429468679,-0.23429423252503767
image_2440.png,-5.701300350805019,-9.66871501460384,-19.62850701120408,163.3937943004252,52.61490453836022,48.843570609714,14.225199598425402,-1.555828267838816,5.402896004248184,-13.155127919978113
image_2441.png,12.548804589990738,-5.8797604819688765,5.68278779470532,64.21155812020378,30.06160495946042,0.610948067787907,17.304307782992247,-11.306088566515538,-11.049659614441328,-7.146670121223311
image_2442.png,14.290175549414514,8.356863471615629,-11.793627341699526,251.33367284030558,242.61362452929922,232.56144175114667,19.61006118244702,10.493457545272108,5.284261986353435,-12.934801096114402
image_2443.png,-17.720737599640124,4.740531694663723,-12.55041174455882,200.74590977405887,0.04417214730086605,153.94266466907024,17.254831293586896,3.9921983231221034,-8.702054627216977,10.576294020973897
image_2444.png,10.987594664504886,0.5392176914960274,13.932655049337129,0.4161957458153276,234.38635239193405,69.22414171635978,12.266436175123719,-19.482187031663614,14.801086932778503,1.0948338446738575
image_2445.png,-2.662612623754047,16.184589479162092,5.883729569480799,151.2411160010925,83.12325349448469,72.36923344573195,3.809258601792639,-11.632100418693971,13.505575472568985,1.2264371839005683
image_2446.png,-2.2872197542523978,8.71589498862022,18.339709206786296,224.3999729773315,54.676792846248965,136.00493309921757,5.875018466865979,-18.90692791414686,-16.882400608719156,-19.608522675588553
image_2447.png,-16.031458998323647,-12.965032666191277,8.970671631745923,240.7560569483665,53.45669115206985,19.340329384327465,4.211504874101543,18.97590880272341,19.143901192576337,-6.02390404573824
image_2448.png,-3.799301498627507,4.40369437770654,-3.3031830859373983,2.251088018608289,136.80197478130654,53.43337219271393,4.513100317420388,9.72600592424704,-14.499191613070668,-8.084865540491215
image_2449.png,-19.247878298023544,0.9070483335149326,14.245878945363991,250.58314242342965,192.74255563338144,172.974084643648,11.017287338008776,-7.9578539705854965,-4.371573526387573,2.440034255699164
image_2450.png,2.70192900414807,12.301562825919127,-13.129903737509277,15.391377242553697,221.84140353142243,134.4085769471711,3.154118778576137,8.513275194410916,-18.568504201500573,-6.524790481536634
image_2451.png,-5.527899373041842,4.206766836336861,-18.19406248722092,101.9300559950067,248.5811661639789,223.20117186069902,11.60959489249013,-1.9567897715303637,11.956969213503719,17.464528121796462
image_2452.png,-1.0203185938544124,-12.67138693671213,-7.107725497646822,86.98590056231738,208.40342168386627,196.04057194717802,5.043781030870686,4.38097497907151,4.14202555812221,-7.79198520480772
image_2453.png,4.549650806559853,-14.670897634980848,-4.535540533040358,202.1535456154649,91.0530911307358,252.36377311532914,13.30272347731224,-14.83647912076643,4.449430552609648,-14.854596374585856
image_2454.png,16.14689208386762,6.17585797982159,3.5913433133862505,174.64018471888187,114.02344416043607,41.772869610620376,17.804597874654284,-15.635047312264177,7.620632636708571,-4.699047483814752
image_2455.png,-17.919227403654116,-6.821614372019379,-19.392789605492062,246.57698497612486,202.5802478691908,119.87175495060023,17.392733855129833,16.38247800423138,5.786491477208639,-7.2515482176383586
image_2456.png,7.35666125966878,9.32387639985814,-9.0104557633599,0.8677545705035083,46.19406223349387,102.0864574216561,14.139517130753584,6.203755393141485,4.860069210452007,-1.214705930975832
image_2457.png,-12.272397124994132,1.031109561845696,15.861857399428047,43.34060071531498,55.534593008798645,141.4090644630691,16.392277972451698,-17.156636866072063,-2.105395987816408,17.412395307387307
image_2458.png,-3.8568337064973974,17.226579940149534,-11.181764874453851,66.98244071543733,100.69618837168869,204.9295487307811,16.47452039793956,-9.954856595633306,16.72900126936708,1.0980992386118018
image_2459.png,11.377436057139949,17.817369615211646,-13.588515116224066,187.13959018650607,228.14853523342256,166.8191632612193,19.04279150542438,0.5950816087881918,0.7590934353894809,-5.767817085991368
image_2460.png,6.241063351189183,-9.970156217403954,11.506691361647338,78.19004375360133,9.868575654123216,221.1160999328171,12.329033063427756,-9.632228472397433,-17.705377940304313,18.387681951349244
image_2461.png,4.318870391568417,12.074476498524184,-4.45268472743388,198.4218464049292,0.8014161591948715,43.17427444893812,17.73556507076815,-14.792335674793229,-7.45762908374398,8.385962437579057
image_2462.png,3.368334912600531,5.797237863202177,2.203162796203358,239.56832191413292,106.72388794380932,197.0573198951321,13.72614822684882,-5.112493114788101,14.382421345605266,18.16874604170006
image_2463.png,-13.729086603956047,12.480680571629293,19.70868163423907,240.31158630798126,208.04203004308454,248.41422743323034,17.00796688114657,-16.5026784104229,-18.41021462009372,6.502501291211097
image_2464.png,-15.783499081388598,-14.773965467735861,2.4502890030588915,140.08477743175595,40.087249897184016,160.8888629258438,17.243541270299676,0.6050356443916662,-18.60335370477662,10.705571104583768
image_2465.png,6.3041714150911865,-5.248003462275124,2.653343946411102,232.89096263145612,8.29660664610442,52.62895524582973,5.832545308200295,-0.423811970177276,-17.397415868374118,-18.88509406608556
image_2466.png,10.09185747621838,-10.642508988390173,-2.6739282706982053,26.161521569641906,67.76345303970994,188.65018247104035,14.475182518939087,-7.594281913642757,-19.90989322047581,-8.854633265755506
image_2467.png,6.275962087371884,-19.978647367223303,-19.122647748285925,77.67662029621745,100.11807354319319,112.6400732302482,11.815818227918188,-6.758714767184468,18.447624035230355,13.894578632669784
image_2468.png,-0.3764834064131577,-4.628636670560603,4.1728764745114155,156.79946779355254,181.32546001748588,222.23536029632237,3.517731450225258,-19.290917463028414,-13.435193491493024,4.310483436577218
image_2469.png,17.364498673273935,4.835995458416605,-5.77872731586908,210.2253760723656,50.08455118806483,57.592842835683264,13.04320984870491,-3.941718313589938,3.3812732328978896,-14.451126090245632
image_2470.png,-11.415867117591683,7.7755232522773134,-5.852568644617225,47.7660575095207,207.93021378731362,169.16826806860476,15.222571029141472,-9.100162602599816,7.050270560946288,-1.8992364437555018
image_2471.png,-4.7433624467664615,-19.204490331918965,-15.688733642598471,31.226270758497417,71.65534997848212,251.7317364807881,16.277696228229587,7.410794031544775,-4.272055319271818,3.929348993632633
image_2472.png,-8.803915671335298,17.442288960048423,3.5246805653482696,118.69634118591625,254.48841933909745,21.109973540247825,4.905907146966984,2.8112837626606044,7.217232857376313,0.8889788523058257
image_2473.png,7.824176098207026,3.3566340097108416,18.746631639109225,42.12913210153922,226.8123464175603,81.84003450396013,7.402988577112326,-4.277175273816628,-13.599021491664448,-3.095886430128118
image_2474.png,-0.5283462203970402,11.991124224540975,18.46869816178689,167.2731585473753,6.483840937986759,87.30468463122101,7.117133003359439,-19.64387413956784,14.445348915889163,-12.22095201391133
image_2475.png,10.369334977105787,-0.07032503230480458,19.2906861065593,113.65140470253796,237.45885342072273,238.16072821126198,15.110690379395496,11.383327898119827,6.943729626854541,-12.191287122598196
image_2476.png,1.2635333713061883,19.00563656296363,10.950011025875831,222.50018509491153,58.79867737275769,51.3836973343241,17.904836390131134,16.625954670237434,18.675316405083635,10.96493317539711
image_2477.png,9.550107306599564,10.677257296749659,-1.6844344334262047,241.44188737153016,7.685165257092307,162.71900360773097,16.37054763286512,6.065492931144373,9.774966078065084,9.049002378369124
image_2478.png,5.7451433433265535,-12.744575447539086,10.847029939798265,214.3068451532302,184.52410263331757,63.82067619045072,13.36327163143332,-3.5295428033149143,12.729304593123707,-12.229878096846836
image_2479.png,12.116110456927728,17.73964804233784,-13.161901659916776,40.69531108885852,207.22996201215432,214.13620684971724,17.080650448393172,-16.58165566203376,-8.078668067921072,7.576308623027053
image_2480.png,15.821860897626095,-9.59640104265234,-17.43058320995533,111.8020317945232,203.12312489087657,180.38957838529853,5.851502497043652,-12.871716871362935,-6.3780654606087595,-3.7888754583215345
image_2481.png,-11.383264760126846,8.801756952184778,-2.2651656850721835,41.75355901018787,118.83742521554272,8.205935190663086,12.244557446110221,-14.786863248299348,-11.811214420834686,-18.148095226829387
image_2482.png,-4.029557747162972,4.420312263473484,16.755730030398993,242.69491995197836,222.95858434842506,248.74846146217558,15.479188191501434,-13.042450379745741,-4.939643950888328,3.907323132111795
image_2483.png,19.813685446423243,1.4078656506397103,19.179464574529575,58.0998861637603,80.714890924541,135.54328156694794,3.199334942800012,15.806415258108132,-6.223355428573214,-3.094445405216973
image_2484.png,-4.727688259642262,-7.0227654164032405,-2.6609567495433275,197.5639384506815,142.87881799694156,254.46753201844058,5.514252642026874,16.702605224675466,5.4905807549508125,12.55284282567441
image_2485.png,0.9058801077954826,-16.95742820973473,18.984486714556212,42.64361562633985,155.72471306453005,63.93593963460642,19.261280425961246,4.8239770432317925,-14.906641445759966,-18.606365572672505
image_2486.png,8.708238150697738,17.41715312882102,-8.746418289641312,123.78859773953188,232.0750182704268,69.47912334753688,19.660020213662264,-11.974013030808845,15.937659789492137,17.053824309151736
image_2487.png,-17.03586253242102,6.366153481126446,-8.574521220222767,33.91092125656441,0.6112744468643538,239.3308680887272,6.867218814284515,17.5201421113628,9.467320242566586,0.0010540217171559618
image_2488.png,-4.410422320828351,-2.5405802273022644,-8.961958811346044,251.9151910326552,182.69589274983434,190.18034686298358,14.554680334935188,9.023295038247067,-1.8399158514065874,-18.624677206172958
image_2489.png,-14.562843761280032,17.16738020688473,-17.608325693387002,184.74548339834305,232.82118884611205,144.60858744322013,14.441010924075389,10.145439766722674,13.431460563975214,-17.570228319681505
image_2490.png,-6.137585318306451,9.934131702183887,-9.150779775888548,158.00103058450554,210.4253165324246,169.18290861854345,15.347518492393176,-5.625211289392373,8.145945108604913,19.05893840069824
image_2491.png,-19.58375122628935,15.738666165536394,-18.62476628323359,15.906600995014331,104.71738160327456,60.65596424802746,14.764115964076298,12.193802528232276,12.103873261154597,13.600790456612373
image_2492.png,11.049973574602525,-10.22013261051364,-12.94282653842175,139.18741807737243,75.18644334335372,80.2440187232694,19.964396263198072,0.8947624285566746,-17.64676388478692,0.13087873334590938
image_2493.png,10.1262218002331,-15.71088942397417,-11.75636933978733,207.81153672118722,252.1887223073991,248.44745867527956,13.5643535780171,-10.610904473832555,13.634003650390994,-17.481223537967345
image_2494.png,-8.100453790604622,-9.727146155703048,1.0557625176506313,22.219926720278615,169.06595871893413,98.04918405722788,8.229340064853666,17.534385728024716,19.97027441012677,10.134843486420785
image_2495.png,10.42282695441478,1.2342360357726818,19.45957938118869,196.20989115703085,61.06379084449963,57.36222770285452,5.300376847407953,-9.528946566442968,-6.861176013569704,13.284057644227794
image_2496.png,9.080652628048188,17.505760822063287,-4.167767342562625,71.78195765794136,193.52088893636653,92.04939695333283,13.291974857069988,-0.22203074157029334,-14.159278796984367,9.806549875169729
image_2497.png,17.05826192174775,13.542137196607918,-5.415394518177013,239.95503551695757,112.32397822335047,18.92660734393083,6.883203214788102,-5.769083098741277,19.272380574732125,2.9872772157295344
image_2498.png,-18.395759304350662,2.5639407589386423,17.275436837170545,50.413747998124904,105.7016953908031,222.28397679073802,18.521976865765108,-10.361654104052045,-0.7938976701306011,4.986436353530298
image_2499.png,-14.305394600556841,16.770554396872186,-12.122194560069147,120.21230887982526,30.10717158872696,196.95672069941887,17.39620096688305,-14.927043219589681,0.1189472721022291,12.60219285990545
image_2500.png,9.896433668576343,12.507218861254799,-16.450485306685813,9.62840242517569,112.6378052022792,102.09403805113507,15.781018403767732,15.901348110732428,18.035818981262082,-18.633351329724324
image_2501.png,-17.28452751964991,-18.029737520020987,3.4850081833860003,197.99188839287214,27.17543414019916,55.10568154550417,9.591549438199792,-13.084707311920898,3.342975446017931,18.513341619235675
image_2502.png,-5.846074315238292,14.341727456825659,19.58655599136734,65.28580932957131,173.29045071113035,245.63006502847009,12.670583296667099,17.76584309410601,-11.65605704232529,1.7953480999209575
image_2503.png,-9.838413931777247,-17.303441434403886,11.67494384594939,219.74732771905252,233.5333833832531,200.9811429453911,10.982150909403842,-16.88685653822066,-17.639535306332657,-13.011324780989568
image_2504.png,9.347524342765471,15.447277256686803,-1.1942571269353692,223.08342660966434,138.4413136400686,92.40932790586058,10.470121734275095,-4.368271016938161,-18.209787929532858,18.77256380689532
image_2505.png,-0.14268375497139374,-6.201942395145036,5.088290709674649,180.02879903075805,123.54810198650993,30.661929435079703,8.984963988253984,4.279143323529759,4.414390404946328,6.658147954197723
image_2506.png,-3.700982816977934,11.055650308577064,18.71184009589048,212.56420069360536,2.915508849733313,65.22630938409415,18.33388345240197,19.11871422058232,-1.4373035416527777,-9.95750244366494
image_2507.png,2.13418345571284,7.4183363811224545,-4.237565483379315,156.70130585927035,219.0965779226829,117.015055824646,19.15070347115823,-19.1601540101853,-5.79765309212668,17.290202958287644
image_2508.png,14.391040439171846,-0.6487315697823526,-13.583492166033277,62.91100584068539,61.26928698165659,240.08952530180656,19.338948454934943,10.84706288429959,0.31339023891037954,0.8424150765287024
image_2509.png,-16.335437631679373,16.98779068442792,-12.895404399445445,225.97834486757512,34.86844203703742,48.62582031867927,5.525847470043335,-17.20397077997738,-11.212439818689223,19.019457534525998
image_2510.png,-0.9755641181237991,-4.406980619602084,12.739840259599923,30.147414510093256,85.91653066219467,162.31685866735717,8.121502819490736,12.911760690959547,11.295320981598948,-16.474646570450474
image_2511.png,15.691669991419957,14.084549374673216,-9.031762402748264,137.54739352898847,245.55968273402468,220.63500311982094,9.007549409513697,-17.776596965216033,7.792421005636385,-6.341051469650289
image_2512.png,18.012388159474142,-19.84849936112648,-9.783517518996852,29.888054054498795,252.75846762971202,76.5426212297859,15.594356172467595,19.912169976319234,1.596803603989109,12.876079672954276
image_2513.png,-15.03796472068454,-6.153378014794129,15.634068371543876,131.75830767972408,84.21808324930367,239.95989805990843,11.557842303158345,2.5749306123717055,3.6946466739194292,12.365035550471184
image_2514.png,-13.121191831571055,4.902437682983873,11.517995830756789,234.38378566616154,48.19369778830955,245.46336568489443,7.740803017296544,10.73825225254582,6.095838453695684,-2.6685890812674096
image_2515.png,-18.075284869594288,-5.631868907698166,-5.997343193735304,182.8414259975513,218.5033854768925,47.262650161030365,18.625895200692966,6.494970746104784,-16.87710086708484,-5.494754338659611
image_2516.png,-12.80324424531396,-18.1552224513906,-9.332977751501765,127.37865338889073,63.839249167842105,219.98782216199712,10.61222484842321,14.119613430768432,-2.6172217222999805,3.8658909532235626
image_2517.png,11.969354284741314,4.863986307929814,13.2754461775383,252.62299036076055,28.547160958956088,192.18922078282225,11.724630509893558,-2.948738159808606,3.2153928616324663,-2.28634928288524
image_2518.png,-3.1516878234751147,7.342520895856353,-0.14495633219413406,27.907348893486592,190.77009513357132,62.5094419601352,18.562235644223783,14.86477057486406,-0.4082304300518125,0.985990557927451
image_2519.png,1.4074870880774135,9.431055524863755,-0.8602119377824664,46.59232041488218,161.77584828251779,72.09995530887856,9.150687241370578,-11.517468211250979,-9.329297692520036,3.6145542279970115
image_2520.png,-3.94013673351467,-2.0180636761248607,14.59631036483799,18.795885020806956,189.56830426938464,179.9087308691595,15.781491552928145,-6.460016822553607,-10.395316066744961,-2.656748708596929
image_2521.png,2.9431522812080892,-8.64265282469351,15.347339151667306,229.62991289025007,69.90007165709397,34.12937538484315,16.710916906995195,14.567506874819792,-6.485835577639367,-2.7692920874533336
image_2522.png,2.149871942250023,13.730896163128627,-10.582564139235476,75.55446101750483,169.00462551817523,146.69068367583807,14.521133617877737,-13.226051112702105,-15.961395498894127,-3.5092860105656207
image_2523.png,13.86891560283972,7.287169060826223,-6.932500705440496,230.91978352333894,237.03007962196716,238.7418003315352,8.48800161770037,-19.837040016442273,-10.224938652203011,16.987614141359643
image_2524.png,-6.275906139143949,0.22614887118797,8.620879895693673,182.17330204272054,21.590245841487825,86.32745020078492,12.42027937897269,-19.455982568465867,10.739954992803249,-4.611957474743807
image_2525.png,14.294207352282271,3.8217671785255405,15.391084259804657,156.6705007538464,243.36728285907364,133.6794064555306,14.984293755649105,15.235695684362362,-3.848507812991201,11.418056401490006
image_2526.png,-19.70696577084548,2.3552048963448833,-8.485758609093574,30.325076508554453,141.23963483199614,236.94255490073974,12.26939843564975,-7.407872809435361,0.9821277832343611,11.578280161964084
image_2527.png,-8.066583969908635,-11.874678763732987,6.666661723956132,143.00779278199096,239.9587988328457,4.782331623987144,4.446270836753691,-4.366467872404041,10.106585672577214,2.303233600988559
image_2528.png,-11.233918536127142,-15.308512792967965,-6.184672244921625,94.00789540712981,30.572770538728232,8.21641537863116,8.729087459496295,-18.977660284302516,4.730026660212733,-3.020194516553758
image_2529.png,-6.458260348132217,0.3987505689804358,-17.63223063238627,114.41794600484815,55.418771052017696,243.31134260917432,3.4912186104658702,-2.147371161547081,7.9487634375333585,-1.1543860637741261
image_2530.png,-18.903195999459843,-8.709792880815712,-16.146573237246727,58.84853103860442,210.38740965225665,163.10209860558697,19.109288346713555,-4.35823659299594,-2.2449857774664927,16.7104010003002
image_2531.png,-15.544706778958721,5.197416385418485,18.36756076691635,87.5204009723184,119.63046088109306,152.34846396478474,13.300199309345976,10.120560824732088,16.876347429502772,11.308206318578907
image_2532.png,13.483513766904359,-4.3742406080280425,19.95233594278072,19.370438750169832,40.25083626386598,253.70704101689012,8.189291200955825,19.89011581420384,11.746677824710208,9.494391145927217
image_2533.png,18.564888511000134,8.509121340264898,-7.839515556296387,7.417058741773866,241.98235118343337,165.2114424186559,11.660275358217678,-2.9732229459547064,8.675058776356124,-18.83253571818772
image_2534.png,-14.299036041787296,-5.6751550665629615,11.739474855474224,75.76843422868883,184.95906578455933,109.45083565196526,13.95616264003535,-1.3543994625306084,-9.909670144819449,5.105644869852497
image_2535.png,-11.168305845688842,-6.609045415487529,8.44166995074588,169.52658822242674,244.09029610139322,129.22263590522127,9.151532977412511,-17.437034198223138,-11.04439722170596,-11.082243445763886
image_2536.png,17.188257922997316,13.021249086709688,4.6944046594826006,222.69685471321722,64.12340787165388,90.30590855883219,17.08926387483227,8.392974142616122,14.571584323586698,3.7897909282144937
image_2537.png,-11.706140435758714,0.963055041210179,7.982368911669141,46.77964637319663,99.79560979259533,202.9543697411196,4.988814566186768,-4.671141036981972,8.815202145390476,-14.677130047860633
image_2538.png,11.079334782479549,12.227829463606781,-8.377207426365452,139.0149676518628,244.01570154816454,132.18952067454245,9.66857507767686,12.221075196725515,-3.261798067529867,3.8299281991842804
image_2539.png,-5.468937998686133,-13.38804838616268,-15.88473016115541,17.261255430983883,5.63451983846506,40.64882045725319,17.850950251594394,-9.426760095536185,17.546497005721726,-9.636044348595497
image_2540.png,-5.3689541837573564,-6.133943457517024,7.508243360121966,211.29457348892927,148.3009177796009,44.33602730967654,14.114309451091854,6.25896623487732,-19.77797704601535,13.145682029066009
image_2541.png,11.65568151001942,-0.18711343150879856,4.822046323263137,72.53562160752296,97.542979871605,168.05149553527986,5.790542416511721,16.798642893515826,9.077891036930094,2.303611632490611
image_2542.png,-13.272650007234251,2.898795574786803,8.347937816595579,2.062924808535611,157.82414731407434,6.475074793097361,11.127271563931735,11.562260110671971,-16.081453379511395,6.283058569114072
image_2543.png,18.765897774959164,14.419283441725447,17.067808008968726,12.68558468900696,133.80822120949793,8.623181017713026,19.442008813482797,-9.955234510536982,1.2756098963636333,-3.408253075065801
image_2544.png,10.053004342600946,-14.188556214373778,4.626811437217103,49.50854035502955,205.17760219952353,195.50224932920298,17.400176785625565,8.568728411911337,-8.122554898716015,-6.261415242223457
image_2545.png,-15.953043130806881,-0.3965500287897292,-14.917536768488313,225.84514110350486,97.40652204568956,235.08593518554548,6.207690007862624,11.108461074381147,-13.475868393967524,-2.1807734261845333
image_2546.png,0.10713394388712416,11.520752857004226,-5.882328576134093,153.80883258452332,100.49593952801402,122.75761476104076,14.270512898029756,-1.845548649910576,15.341243742595843,9.673645423603983
image_2547.png,-1.9230378594955937,-19.1246198312825,10.199397329276074,135.10463505119895,192.58407930694062,101.74899294318399,8.441086805983199,-14.918866768864426,-5.082233665946214,5.421032223526456
image_2548.png,14.129040488178404,2.2650924972843143,-2.2515410474886046,37.01388900202586,21.033860057463556,31.383690610408493,6.634314248392478,8.53050823001842,-17.050386729230937,10.915226769926232
image_2549.png,-16.5096754423466,4.542682812558052,-12.920443872424002,44.16623249619252,183.18601806317568,172.41235092971837,5.173086926833691,-1.2330924828204743,4.6559881212112515,4.13888979146585
image_2550.png,-7.173035507739094,-5.736294079178483,1.6554912096713146,68.82911419098855,74.34067991606337,200.2111158868892,15.207237547954575,6.904048107189471,-12.282525363722012,-15.727252672014869
image_2551.png,-2.127178973791949,-14.102103900010121,-12.991965499242436,38.70248607865291,7.684060032151626,111.00080006623186,8.11091531845317,5.131424489324239,-5.353224283048025,10.5140798887677
image_2552.png,14.576718110949173,15.043758395192349,-7.659793498864641,98.86513305398393,254.29992479735654,104.5165736909349,15.704851932451938,-2.3943754923208473,12.73614172179127,-5.786302153208801
image_2553.png,-4.32802051621422,5.789600665749486,-15.571068346541095,211.38056096083886,211.23346361563196,88.99032808162745,3.277011295434474,1.2393922463939298,-6.313029307271293,15.191444144729616
image_2554.png,-8.605916266826718,5.180499519907791,8.496755463856502,141.1490568232575,3.4451850627397294,157.35839210705575,3.0585792967672805,15.762584817339807,-3.2647943219698163,17.18768164964581
image_2555.png,-8.12414553857771,17.28549657972747,-17.028627679615763,70.0996310839238,238.99821808380864,125.73302457608415,14.455934472037303,9.268174149562252,5.410538035043171,17.6604007067889
image_2556.png,-9.760636326581466,15.862753185668893,-13.814417102689731,244.68125952396008,250.88349512092788,211.68007325678468,16.079961327731866,1.153809503760499,14.582293133633243,11.757929013528006
image_2557.png,-16.99959201804649,-8.923913425544324,4.461097343250376,68.56010286144362,72.1310071389526,33.66002240490587,4.0746392543006404,-15.786206572476527,-14.000012452722107,3.1575379610311707
image_2558.png,-6.058367060516389,18.982582790730838,-13.123087984051471,207.32566933302516,22.768834237845894,232.3768044367592,5.07450334523276,-16.06936614509912,-16.03199787735127,10.889764395371788
image_2559.png,8.74109153322319,-12.600921677445553,-0.6914030228920325,71.46698658367048,49.874366982893086,193.69452106676928,10.072159354258023,-13.896918147618784,-18.347680754502633,-3.20321551756944
image_2560.png,1.5567338511028481,-1.994820669382868,-12.8813395522402,112.10303199913798,13.082006467301516,120.48724964749846,19.54285146475645,16.08949580324638,18.870181159167593,8.879183161046221
image_2561.png,-7.525870468646353,-12.520223854206701,5.193493900237943,249.18302125216576,6.165395709545576,216.18447930736158,15.624119784576308,-10.711634264088135,6.3649610743927845,-7.958440921500962
image_2562.png,-4.44789527958369,-11.385709288466618,9.809759844361402,235.4432628366184,155.25790881937,48.57490847546602,6.985788981537932,-0.2751097180932689,-11.958853512659097,10.476664607281975
image_2563.png,5.983574728195894,-18.2805323771532,-19.200670214297695,39.892940616963436,20.872623664718528,157.99986501091038,9.49489114951879,1.0822310806019644,-0.20148532224934712,-13.222250152619846
image_2564.png,-15.351287390250521,-0.19583027541100506,-0.5224586340394026,123.17923727867189,137.26223129573026,196.70342972830431,16.199829144746985,5.099026283714984,-1.2779396519348616,19.488167629567215
image_2565.png,18.32183182776746,6.837672098288422,19.722247622826714,101.20466582469669,182.56451455560958,116.07372440016394,4.855807593845549,-10.59626363038399,-8.70373609896987,-2.4418907332512028
image_2566.png,16.21272819268698,16.473664930847562,-18.460149453969635,219.23596257284115,152.83367535344073,252.99663682585702,12.808497076761546,-0.4656414075282065,-5.149318151894292,-4.769562045047945
image_2567.png,6.0576156481906125,-8.820893286173446,-12.844622558976617,88.19984618097378,46.250283130620076,58.513319093509836,5.7761209375337135,-4.29026975550244,-15.705493539583175,-7.302653329648585
image_2568.png,-3.9846276993177945,-13.069176379555095,12.225270586465832,46.477205176397916,63.83472622485828,251.8507180460686,19.656820253808696,12.433036554904646,-4.326640666296186,-15.791396121444317
image_2569.png,10.021616939829329,7.827537421333165,10.301051453460289,116.93068896785766,212.10250441745396,22.875097526615058,12.719035415992378,3.974519401893879,-10.377533207079072,1.2585475444777074
image_2570.png,6.521109848219389,8.926091665821577,-9.499893073379408,214.71863117648428,231.87824889636133,161.4335957325028,12.896160298892307,-12.374281606586447,-8.552748923233594,-1.729290643946353
image_2571.png,-15.784117856403906,12.097290414590766,-8.947656310895082,146.29544812218228,70.78191484156362,87.65035393679635,18.809700817844234,-2.7416323265520575,-15.584984280404477,-4.6236168368881625
image_2572.png,-18.653132893998983,-16.317085225218403,-11.547374768131139,96.2710799364068,250.29245741314645,214.88643671119505,17.57460437250583,18.409221885715688,10.491188118914316,10.94282668419762
image_2573.png,-12.633702873757624,-16.243571192863342,-6.793318047945247,219.71955522938723,44.59367023192163,229.03016731230272,4.527794304276068,-11.08705948648877,-2.3664384074911453,7.527030028199455
image_2574.png,15.947531331922498,-12.67998456029758,0.29279721105725187,196.0905629131462,7.4412417781479006,94.69695016336054,10.438730655733163,4.037323126559052,14.372021701315283,-1.5135095291576484
image_2575.png,-0.6952104424701986,17.68616060942805,18.00172320003002,241.3644856235807,77.8931935736892,78.37805779884182,12.912510586277495,9.469034496394283,19.614734450279833,8.73840926902687
image_2576.png,-12.510891500647032,-7.030653375085016,15.30015854238684,240.52067193079924,1.5093045715428284,143.54081132110275,4.847154792960461,19.548040108430833,18.038304577876573,-1.2317463003360096
image_2577.png,-5.627277271279123,-7.2172558689292465,-14.06346035558136,194.48903785187815,215.96775471595285,251.62608801821085,15.205371355135988,0.9890811851242844,-0.6251433977353997,-7.410907443328973
image_2578.png,-9.229314369600097,-19.199746707011922,-7.198650949138084,91.59345206100025,144.35660260098456,52.69426415248905,16.11270193409168,15.863473452404122,-11.865314238343117,4.589360458727029
image_2579.png,15.06448043568409,11.311284931416147,1.866422031500207,21.74420362600606,191.2204446985049,33.504770274022796,16.201090735926226,-13.35866366966252,-17.142023008531755,9.067073632869459
image_2580.png,-14.42992310515054,2.926218276119652,3.2149669299350307,60.90681966416979,251.93152610902447,1.0918238154212183,9.62840222806641,-3.586725152461021,7.5307427569552345,9.89443216013047
image_2581.png,-3.054078049647945,-6.341769198259591,3.9313176619114714,179.8053213684911,40.04840444230486,219.59273053338129,18.293220728663176,-2.3437106909167795,17.08615718244325,-10.39236259943673
image_2582.png,6.91211285168345,1.1833993157792193,13.770670193583534,32.242029039184686,55.51076376226097,243.44861267490973,18.588748067676423,-13.94889901295613,5.179819048832254,-0.6743080518314883
image_2583.png,6.873759641675999,-18.89807804124377,-18.474344671631382,104.77673375615707,193.738886680576,130.38983723072977,13.978460313814452,-6.834606951660099,-3.7594126718797263,-15.91006628004433
image_2584.png,-3.332115200157414,-4.7091733064687205,1.7150184323651665,200.45405171108845,202.40561680596508,197.71635383338355,6.103911120145469,16.720948679933684,-9.957752033991124,-10.530638168038031
image_2585.png,-15.13093171473642,3.3014603264175975,16.484429474205193,110.46764885266741,185.031872931718,106.70942979201435,8.852906511536318,2.8047213872653387,6.495181068521404,5.913291795628691
image_2586.png,-16.0892736231953,18.208886740218134,-1.7075789950948739,187.60201053161933,36.65169903337185,195.8290477010799,8.347190244511992,4.516534142795816,-0.35527771816921927,-13.393102234067822
image_2587.png,7.077608318370835,-6.032513475669878,1.03649555841708,105.16387625483378,40.958199480405696,21.690625001420013,17.9338382652069,19.147794470117965,-16.390421529193922,18.6431726269751
image_2588.png,8.230641248125625,19.083970106631405,-3.9035466106023584,167.9112704193373,187.89436759646796,47.24825779404908,19.415617499658214,11.79178849114038,-5.496454824009218,11.418209816367405
image_2589.png,10.432374359825332,-6.3763770674274145,14.561031776168122,218.70162692363954,28.008155458093697,244.0508988059304,7.079361519764519,18.950378646260646,6.425288775372842,0.9703934354707826
image_2590.png,3.633829739082447,-2.8116309312163352,6.035894642341859,244.10386027248109,238.90411775574853,228.24553415221348,15.038442946298886,-17.68563391724028,12.258729457479646,-19.315956391408157
image_2591.png,-10.969385511156213,-7.446918698599635,14.109438101822043,38.403587904210326,119.3171602906632,127.65020955899936,3.3194007459206722,-0.11251710873956,-4.685887523347381,3.4184908655967625
image_2592.png,-7.849210962831815,-19.207102027923455,0.7498026305460783,130.71166015462995,104.01916208243456,145.34033280005136,8.258665820745739,17.432200778799064,-2.4213685306915487,1.698767143891125
image_2593.png,-2.018137764114563,6.063791351225216,-8.247407745252215,86.69553352395451,239.42442881578853,4.753490195390525,15.524419139886593,17.096557028403453,-19.810485475178304,-8.988593320417415
image_2594.png,-11.00612207337694,4.675037970509166,-4.92676393775783,213.5873776219643,244.11493087824866,188.58094097735372,18.636035979988634,18.39140285347726,-2.9505022495567843,9.927629405433123
image_2595.png,3.3162151413054097,7.076904741500876,5.159822623749243,188.79122238551543,174.41809782605424,165.50392638502657,6.791139452132436,-14.919944024920945,-0.10702959633912457,16.947026884472315
image_2596.png,-15.226834459016771,-16.236138047915617,4.6066450200097755,6.3333737789084,44.75157082826613,51.638929346705034,3.6125152305484463,2.528490006019247,8.550950597856783,-0.90424081373245
image_2597.png,19.620160262202276,9.69676562116031,6.785792455580442,11.512705651179079,107.42669002655306,138.1329496362376,3.6621746869851064,1.6312174524409109,10.389656702029608,-0.05764775717049986
image_2598.png,5.568913108185715,-19.730426798783938,-8.442484736390714,46.203118745176745,104.94647715653645,166.33628996752427,14.297149264411713,1.1872713653997025,10.76501461695679,-4.5862683768982215
image_2599.png,1.5336623871038384,10.842482230661844,4.476946536065277,194.7243488998486,25.852221365495677,117.45072271716657,12.901188588897922,-7.208269609824685,13.359689190761316,6.393837056551547
image_2600.png,-18.176190432664306,-18.74601198867929,-4.73561894000488,153.50316183962397,207.0798512003586,116.21304837621312,6.228911604445541,-4.6352685998257925,-5.015314089765335,-10.370284226495293
image_2601.png,-16.39868514722465,1.2477416553036313,-16.30125422893007,91.9253138628302,112.4042089372711,227.39509950380113,10.086540465467436,9.49138026790147,8.211884636134673,0.8204412101223433
image_2602.png,-9.383979114495592,1.762977185997599,6.365647155100767,111.71780191751616,50.921949075914334,21.976926644798894,5.480303225330046,12.832233644182622,-16.281669344599404,-9.73861441696748
image_2603.png,7.295103052752182,-12.588995312227148,-15.368684628603674,80.17491324116982,58.63850194305508,215.19630534009238,19.822041701789253,-10.050783152554846,-1.431417091556952,-1.0592435411233048
image_2604.png,19.108601727947836,15.558709686670127,-1.0608701504863838,208.50878964081687,222.34933909774344,14.873709429874149,12.061817150892852,11.718643646624486,5.46522093957276,-15.339521767848709
image_2605.png,16.33366422513788,2.7693728346582063,-5.772698391304818,71.84513243400134,223.02132992920994,196.17860181211117,13.05659302853849,-16.87315295234484,19.64603589130875,19.33511886316159
image_2606.png,12.395877463200236,2.0763268688424183,-7.632039989378754,83.23609393460116,211.64702944756428,66.21847202866878,18.696701309113095,-10.935404682775083,-18.79865637210301,1.1133362225867494
image_2607.png,-13.534930993251809,11.832033305115846,-12.889804324992573,108.94366363099297,166.0251483978237,69.47654689213519,15.679031792062254,-16.929434994619253,9.433623515842054,-16.361516723004
image_2608.png,5.130701195868745,15.078261453922906,18.15203448073406,50.03307487885528,24.803397974543344,42.567544432199355,19.40028438340073,-10.001138193477313,14.319094430504009,-18.90621068831105
image_2609.png,5.640366444506178,17.828243746569235,-11.848204720830221,34.687855145354064,233.98153198136254,27.373562959716477,19.685093063432916,3.7416098637004467,-18.146571633931714,-13.841296710540124
image_2610.png,13.87226182929033,-9.11682389356518,-3.350581933763639,219.87513348850436,102.57142468866121,51.55625257900201,17.01425237219565,-15.066019615268225,13.160120534912053,-13.648540849816975
image_2611.png,2.572499807727663,-2.823310095108429,8.931254132674276,43.75494393165538,154.5132439968132,190.9111270344506,9.821171723072986,-9.062975057651865,-14.291011461932733,-17.37004130630573
image_2612.png,-12.720811761500684,19.960658091805826,-12.695974091708532,221.80946518862794,215.17180780405187,1.8700603999721026,13.55266709058065,-5.282047325274197,8.161529570755611,14.395666713276832
image_2613.png,-19.618251829497666,14.146914234618954,-19.797513445379998,226.2089306798655,139.5217690336463,44.20743000346203,5.7182622847345055,-1.4660736449236644,18.12951662175788,-0.9943237917765124
image_2614.png,4.889453152309784,17.525850576351843,4.444431191064368,61.232626548966344,215.3581404249744,21.799844737343594,15.294682504117414,-0.724413425192779,-11.49988359084059,7.517919352013507
image_2615.png,-12.458460281474345,16.389618683797877,3.095051197723386,245.52143385496845,46.330935993242136,158.23090794882816,3.1671374031145314,11.170018092411688,5.669909887221824,-0.1201685371119865
image_2616.png,-12.582710741734635,8.949701817198033,15.27067403041493,3.897491737698662,92.85434884441837,249.34599057797118,12.406300155285788,-17.407933236276453,-2.808220566356283,2.3318450962107384
image_2617.png,13.588783119290866,13.308461862101836,19.06730245137947,117.84695501547326,128.87885995665516,230.27082822925385,16.163640245821206,-13.78877706979769,-12.008811127408642,19.072011018982913
image_2618.png,10.472532256470522,16.648736228690787,-19.00992003459664,130.9921320108522,249.9130977721449,100.46692067713913,6.962835354359722,10.882697257792707,19.295466452303998,-17.14376440356865
image_2619.png,-4.9888866449572955,0.034332473463607016,13.701547197963919,146.98158985914333,116.71736838218426,204.98200027084724,8.678835497609013,-11.86998623920768,-3.89730369564451,-10.249321881768605
image_2620.png,-4.925703453455178,5.5258144307996915,6.408479205171254,153.61695868026013,62.65724490518323,217.37184984062398,16.334129761773845,-18.2656532381416,0.3364171850116193,-15.900667449027498
image_2621.png,17.92892168779477,7.644377640767999,-5.716950349772736,198.9479709302039,84.1025950416588,150.2601823679466,17.606900794485362,-15.87608503962143,-17.81270767416654,9.874254707830335
image_2622.png,-16.90607799283009,-18.074313782996903,8.855634716778052,64.43552119186995,112.60249095753177,177.51997346634917,5.210322929014342,11.681399076342352,-10.39644903803687,18.5820919262811
image_2623.png,16.167427285514265,5.258008643694893,-10.285926073896103,158.91090660479801,199.13435859678623,195.98191268446942,13.966611373904197,14.252760325197585,-7.595542227357445,-14.01201650872142
image_2624.png,-10.4320331871142,-11.969887618155823,-16.554125605288213,28.26775255794106,44.71127550329546,11.711718566632946,8.067146079936705,-9.050207370863287,4.194392773315165,-10.558897521861192
image_2625.png,10.389722321942784,3.769511238619039,0.4088715136917003,51.36074920044172,244.29329177166287,132.14632380382176,18.253423185326834,13.700310560775591,2.5147406802458185,0.7106067387642092
image_2626.png,-9.53335001359199,-1.2711146768004902,-5.412851829625724,220.38268285439293,61.50606055343817,126.7404852333116,19.268064732926195,0.4594041028598781,4.109874148793754,-17.817968891751125
image_2627.png,9.998991338140527,12.307281314324982,11.672660269680641,231.0880351965516,155.6790501585875,118.1914763837687,15.418731368778552,19.560965541315028,0.4149460869483832,-4.127599029310151
image_2628.png,-19.89503730426049,8.312794733537324,-10.125108536674027,48.58598628894044,32.10574982198197,107.53339488104957,17.357564137563315,3.861293555382268,-6.611994554395807,10.776726740115205
image_2629.png,9.133104616768051,-2.409702353676451,13.499998121022962,137.96874844162127,155.411571432779,86.21022070261861,11.355216594188244,13.710996178461713,-1.6455556934982027,9.75920290723402
image_2630.png,-14.950057569642965,2.457777211762103,-17.17714846562474,62.244132104008465,185.1798675560731,26.43974186099492,16.341449122302077,-19.403451556183462,17.531943778695393,0.6993128755689924
image_2631.png,4.238353742031862,-12.029559412630157,4.50861563523538,20.6579434864242,131.3160166183865,44.12322460258229,5.271292341650084,-11.74158671814924,-12.555336066497805,3.652498710439783
image_2632.png,-4.0276685779864785,12.15831919455664,13.69593524621407,36.40754914718735,83.34330669870218,234.14431093190117,4.247082221871914,5.4495196217770285,-18.120619288033627,-11.249724848972441
image_2633.png,8.85002422694292,13.746471266901523,-4.98901154614574,54.55248823459411,164.1569618248629,230.09489418560545,8.871509372226882,-2.247992020119586,-19.810259728726408,-9.092368075045023
image_2634.png,9.619908434404458,-3.738085184908183,5.164828425124405,145.92319471973218,17.374235191054616,223.4394194941239,17.515941274675022,-18.81644425462848,-3.3811824951675646,-14.139656445632625
image_2635.png,8.481650587376105,19.07090983076464,1.0948418378696303,17.449077853869703,81.71972166460688,245.14203816144897,15.637336899384628,1.3646735360043394,12.94947196697499,-5.275144171362115
image_2636.png,-10.555707955716528,-9.399777782605296,-7.567488110588524,27.884177551172243,116.68871372599861,64.27321768801949,19.407929378399807,18.29888298131285,-17.415839283784635,-15.582998226321433
image_2637.png,-6.80862825296192,7.49886358096915,15.094363926873726,118.32861709118976,45.94791475808273,87.79477719643072,4.412560315373106,18.922458627634185,18.17463384409453,-1.4643543667614445
image_2638.png,2.9528365095547073,4.502224939304714,-18.686641246086676,48.01031228234062,138.46781178319912,183.2500147116135,4.818899006985481,-7.122341859522043,9.692844074347576,15.366094086368662
image_2639.png,-4.33881640533996,13.946040487845323,2.090501056640484,37.44459743634785,242.29085092593397,216.49547837961052,9.011131348542309,-10.716680208723147,8.794176720904229,-0.026284770025064574
image_2640.png,13.883194279469343,-4.297000104354325,7.679403157585579,230.95518373447078,162.90717166642386,29.108380067268016,18.915051996239036,7.969482061057519,-14.62474765028151,9.108902062546804
image_2641.png,19.08600118167663,5.728646338193663,-16.449024843580574,84.31529376286448,200.0598783942348,64.30793748836665,11.968814037112294,18.783422369152156,-1.0810439829086746,-14.435687102779129
image_2642.png,-10.312239010499532,-15.810147419838433,-7.380637259758114,231.05332545438083,29.6210184085617,77.01988917854182,12.703660675830942,-8.340307940829423,3.1755636848937776,-8.808453603624953
image_2643.png,-3.2793306205528054,-11.595807477234521,4.1466938617676234,125.87532441602785,173.54613790261823,164.863858404038,3.5056741271527323,10.3940189232808,18.443953562215256,-7.492499354113358
image_2644.png,-10.684935441144091,-11.151885548618857,2.9367924941979204,41.76584490360979,69.9345910163425,204.92571496062814,9.762571063181245,13.626666239029404,-11.862263097859822,3.086839051264988
image_2645.png,0.7878465676015054,18.40903419779235,14.505071925700761,117.26886106506296,14.207947268659675,146.95177090354764,18.968034430080557,-7.532071673718516,-12.75638544300528,11.005451899165493
image_2646.png,-3.7229167598609507,7.0727098028066635,-13.693969818350613,144.99783248015106,36.04754544922179,251.27493540128265,10.00883537631983,-0.39400158455553225,16.286646333095625,-11.623956106895005
image_2647.png,-0.12113981425802578,-11.836438445807737,-13.716535342867978,38.166642127825725,126.93668836522725,92.55861675413534,14.168731917512288,18.43777853212184,-0.9734113271787876,-6.0102115772252915
image_2648.png,14.608636328190961,14.029979981494819,11.243478351951527,63.16131292398512,247.68207270879958,10.033257528991967,12.389107448307792,11.003740059434225,5.253869534429075,2.2020098438437365
image_2649.png,-15.786153220097528,-12.177585068908762,-13.950058908263966,214.20100032590133,163.23351737105054,115.86762645441539,17.948433722013206,-4.124918053896174,-0.5056922089608733,-1.86102525550492
image_2650.png,4.764541955727516,14.062519568067955,1.0104155550298657,229.1119281767873,129.44112038918345,91.56261187498718,5.242761702246652,-2.1184907300186424,13.05193080264587,-19.70745679977746
image_2651.png,19.48600281753243,-13.233508494674947,-7.221714366227117,16.2017171560263,31.075630452150467,244.93785533455687,17.729112824891402,-15.454948049756116,4.332151037576697,13.950174433336493
image_2652.png,-8.323585263769889,14.112475195517135,-7.276792465385,238.90603850225133,129.72707089417267,231.2855427190967,19.588140484677872,0.22308327403578332,-15.991950146038704,-3.380367212588471
image_2653.png,8.936259030408,-3.3559139414525028,-14.35565836615841,47.678308972525464,49.64149620092002,28.820890064331888,11.81820138582468,-11.378441844307305,7.360107019505115,-19.17259550067632
image_2654.png,4.002947139066215,-11.218439565932318,-6.243458481978056,236.99903354222863,27.767501208636858,6.047849500150772,16.430286135834727,-14.894976219256852,9.817601875572691,-7.440473508410786
image_2655.png,-3.1003577432256932,11.602386842518623,13.032568647075287,24.927793812544955,35.933803644505595,144.78878290323192,5.767977796937203,2.587550719664936,7.60759690917617,-8.86590797291519
image_2656.png,-15.36249607532782,13.072427975062674,17.152141702076676,105.90367617445611,164.68007885920895,246.93827743699654,5.098134164585002,-4.071229603583566,-2.1931184371586774,14.202112357099416
image_2657.png,-13.801027227746445,-17.37624687650108,-19.902091859149344,187.72304793936559,178.0896113383037,54.772265479436314,14.541317360216967,12.49010588320182,-7.678126922769737,-10.545086541186453
image_2658.png,-1.5912159461974014,-14.592512207138558,-1.3619977061746695,119.71050099241722,189.0792384797187,13.67540328493085,6.980496665751036,0.6953083010861505,19.53112437529733,-17.61982202599293
image_2659.png,-12.102666098449522,8.30070695388163,1.5518607089704126,6.7812687075099705,29.49006412840233,210.03055865598049,18.02331659830954,-17.46662656121472,-19.66340144142074,14.141670509203806
image_2660.png,14.062126507349959,-19.182250368350672,13.580185660824228,48.42252582930355,139.3009044598961,252.1678488090384,8.386047781569015,12.24797277093112,-18.62940122577646,-9.252557315707723
image_2661.png,18.992880504868772,3.7245494893696147,10.647343054110713,249.69628227284966,72.65577300471755,55.400880582641555,13.369401018547112,7.987795844528559,3.1713668719953674,-11.58977293020567
image_2662.png,18.70589926421316,7.307608348371883,10.597575466488443,110.94981970078109,64.99205749839443,98.66094969862536,19.601093755629048,-4.135275216626111,9.112838829789517,18.038991939937077
image_2663.png,9.56958525629043,-6.423172514627055,-13.140453594248168,33.73311118164985,3.1450575773318508,147.9401497020677,15.27946900155839,7.684086751573453,-8.569946561881157,2.698884386164572
image_2664.png,-8.832272018325277,10.073493559981756,-0.7295347194873258,88.64526079096598,32.54019305578631,124.28747349897338,7.838220827742852,-0.2737569155765307,10.176606337987021,-14.220626202168756
image_2665.png,-3.742732667808113,-7.475350132322806,1.054897713166735,175.65942239984278,162.68824603055936,34.81276032244918,7.491211562865601,19.03397251855798,7.972134988491213,1.268028760828944
image_2666.png,-3.668811653258622,-0.6430846041733993,-19.023470590310183,246.41310856922354,39.678118864002805,204.7230851980201,7.009001085525114,-3.359381126771165,-1.6056049517782185,-9.48259448320798
image_2667.png,-2.1152558265409347,-19.840559886180756,2.795309468393338,190.7301597750409,169.74598159519377,88.68576965810409,6.47259967162992,-9.61914818841703,-10.971206268089695,-13.937471586355175
image_2668.png,16.255916980875057,-19.70063435188974,-7.422530036762932,241.28591933663603,103.76244993479985,240.31601502017895,3.128656240031704,10.77280495776806,-14.853440673222877,-7.482025473583146
image_2669.png,4.229282366724409,-2.18898988507906,-12.267296885040029,208.48160861906794,31.092183529074685,70.31007419298975,5.969591729092192,1.7623438932111277,-19.11009083761482,19.751231567581186
image_2670.png,-2.2726117912822943,-16.969054996799166,3.608555370917358,191.73264763944303,234.51356694434568,0.6573907480385,12.682559821868123,7.022852686377163,5.081328534340056,14.080236209868751
image_2671.png,-14.13301722542256,-2.327742043848687,-12.955419423290312,3.1651836027619202,14.585816782377352,219.11283184595746,5.017296799703494,12.090160793623582,-5.894635053900053,-9.191919960498236
image_2672.png,-6.153092731046295,-5.485292887307258,14.681864192811652,16.755523402165604,199.47036346822242,250.85656215292516,4.243130215833961,10.792829356341109,3.401406817891189,-7.534190662788699
image_2673.png,-13.192028709249835,15.029761778097125,-12.776057342387311,147.3360945559992,87.7731716903224,184.56619747238676,14.770802665173218,-14.795626856253023,-7.335614179654325,-7.557727579154125
image_2674.png,19.42724572936853,13.066259476974786,-13.600159867836442,47.785847971369925,15.206900156867519,247.0551881306271,17.422037663334308,1.7544318835635835,5.295294941435248,-9.66052536403891
image_2675.png,-4.89343048156632,-17.321706574051134,9.1192608623467,41.10694575316675,22.052312099077202,80.76705990121681,9.787289069689137,-5.4495770973244895,19.13743235387865,2.716393584767328
image_2676.png,-8.020547228646905,-15.494187900746223,15.338777650868607,181.54709055386212,225.34142502499787,29.954803551672793,8.222555965564622,-13.367073467522808,2.3027000718191672,2.0505731772459868
image_2677.png,-6.056760480277802,-19.686960097278305,18.42218824339136,227.66999860290733,210.79181115588182,151.32386109712402,3.4794700067070727,10.159884421225303,-8.513639444110002,0.16022620011062472
image_2678.png,-9.22050070291978,17.857924473041102,-18.0156348829234,103.26580378655628,119.96120612175561,136.92982252592495,5.209669074672217,14.183702535452987,-8.948009276919828,17.531069095799126
image_2679.png,-8.327730855754742,11.853911372941354,-13.819907057574135,234.66531340118726,30.779929467018466,86.3347787393862,17.40892072822411,5.301414456437193,-6.222748568240149,-6.21367592839659
image_2680.png,13.101117853097051,15.780509226631018,14.85393755006784,16.874256933104952,104.46492332546198,0.547436664592163,7.470790654055521,15.121706582613257,5.6151255014270305,-1.0293664226600754
image_2681.png,-8.04044890347499,5.270631354692291,14.448331310811184,175.4356587976577,119.54432116331773,34.04053539148689,9.817876263282102,-16.64347967665924,6.91541043293595,-13.259800469964492
image_2682.png,-13.489071302556063,7.129851906260942,7.2234314089754115,32.55404138700096,241.58095731202044,211.53150436342037,4.919508673979853,-1.3680391784151382,-8.39012455727194,4.975818296222748
image_2683.png,-8.201338963531724,-4.313909052499106,16.240475436253966,144.9320474559839,80.7382759302387,11.230494244229963,5.69464729808729,-0.8517937981335102,-15.540992901279571,14.134675119323774
image_2684.png,-16.009555036532408,19.647712384756503,-14.954465130414597,91.31288711933664,158.14407648607624,205.82648802046154,3.8085544726834235,-13.19252773471623,-12.988473202867823,4.253174086553134
image_2685.png,-19.300117576592243,5.770302582144609,18.141951728357775,92.01887650162233,65.35003508371445,32.56365307613427,10.502555575619887,11.577668138489535,-5.435728409148544,-17.42125252103875
image_2686.png,15.752111803672605,13.462800210168801,10.656050365178654,222.71095927034966,24.06594005177351,164.95833562907222,7.54318809103963,19.137980924495402,-8.608257358998706,0.6294454470614887
image_2687.png,-6.83353938280575,11.463834754148099,-15.841166739587083,95.63489282208718,51.70978610037937,5.1111641882697665,15.919185768440045,-17.25880308912121,1.3429843464829325,12.557938073848995
image_2688.png,3.3591087274804856,-6.293513041530549,-13.77562433947482,69.49354198195645,5.07271689175928,155.11877779825141,11.223837078701708,15.924356669885476,-0.8076790033118755,-4.686741890363768
image_2689.png,-6.829725771394761,18.370773532025034,-14.926999606852505,183.68702870255314,218.47148726809377,149.36182389598648,10.172346363222289,8.12004190163475,-0.20576963658731984,-18.389665371090487
image_2690.png,-0.20663426881121083,-2.865519245353461,-11.363150914842217,39.36611545795915,254.16500284499804,52.92339482908953,6.87041755159238,-0.020584010255781493,3.4902757128358353,-1.6801552076551616
image_2691.png,-19.282531602021336,11.367394605843955,-11.555975309407929,36.67954216481068,133.6034296366918,34.59231949021153,15.427861196929083,13.560235219890956,-18.797115966443627,12.087306145850633
image_2692.png,-8.556593048780613,3.4331273538899723,4.215732461287228,143.09095084666825,200.25702277957194,251.93113988070775,5.778159325333748,11.787141718507005,-8.692826354981129,-1.0310685678146037
image_2693.png,-5.661203191681592,-16.59555958441824,-15.221829304307146,163.74693396047465,245.23295458003577,88.89811854204765,11.26593954929256,-3.094296897248036,-4.022480884901277,7.231013963768081
image_2694.png,-13.68742943271866,11.556174384606749,-19.39365655270306,172.67689716248665,28.280457959386627,96.47502301885612,17.659748184077294,7.8754145648841245,-17.545047210492662,-11.366388308232466
image_2695.png,-3.4985804399394027,-7.770625147174503,-5.290986197810197,136.817967309652,46.09113196418327,195.21040672072482,18.05198202385588,10.518175028352168,14.879629802372527,-16.502890510940343
image_2696.png,-12.462996926027948,-4.05459276819213,-0.3054793280149326,2.59082068416326,187.7650667961796,134.0660373578208,13.048668577902715,-9.47012965705149,-4.384846029944889,-5.5497062205528636
image_2697.png,16.691940198712707,19.627755495051098,15.041114892779383,218.35120128716522,151.4425823858741,15.553406062720434,11.056669495551558,0.17802886215838143,-13.950798779334761,0.18924781003814672
image_2698.png,6.8404996876972355,11.381196097024535,18.93496371727555,146.21557915286283,81.45685098513417,146.06688927279336,10.97465024085104,-17.145457330872162,18.76322095244847,11.83648832316694
image_2699.png,-16.58459138556305,14.228260139116486,-1.099739433327649,246.65391764314924,50.416138861853554,93.80194651851919,16.892525759144196,-17.441434196836557,10.749760255130912,-11.71332759464737
image_2700.png,-13.44234102758171,6.402491850965678,6.206936200616553,147.12780330821468,82.9319143250412,100.948672946436,16.94988831978439,2.8054135661149893,4.065431387603052,-10.903607939838963
image_2701.png,-1.3382722154469882,17.2955991060593,6.57056379910798,138.38311920410064,48.90848461901001,94.63200668295207,7.861044550802919,-15.657825025090828,16.86812525338938,6.592308701863317
image_2702.png,15.426339559379215,-18.110336118271334,-17.803019573356398,213.56838369503646,212.97890002445862,207.85076118907497,7.80624905449639,13.698575120978305,9.59175643870525,2.9645649323627232
image_2703.png,5.7847244530202815,-2.349362743108067,-12.691991142630652,14.93271226216263,198.54020331124235,175.7043433434069,16.392946662628084,9.32200264176748,-0.019317133517446905,15.667673003091544
image_2704.png,4.449031484549941,19.7421362876525,-9.520269245308658,191.01049471045454,50.02410771487988,180.0188136959541,7.593392824649536,19.16676555870901,6.183393465127335,12.623172262548167
image_2705.png,-10.353044572957351,9.272755025992087,-9.970492959462698,228.121758039784,46.424575449778864,211.64095044858993,4.048781698004343,-19.604514188293688,-18.770057464477322,0.3902857677333955
image_2706.png,18.244454099555803,-12.886117263694823,-8.876639452500559,125.14547159493605,207.59586808784948,151.9534669513743,18.072247587835697,-5.273299602338737,-9.429570790004496,17.650588494302163
image_2707.png,19.064689234709164,-7.742189462864495,10.288496485651365,64.99011773309111,206.57629180030597,169.94991814898214,19.59620619100839,-2.2511440008812755,-14.510103966043534,1.3847142214675117
image_2708.png,12.53830469473779,7.919906499884558,-17.35324044347085,108.2768135024638,180.245136447611,69.31187979698494,6.241407259846732,-14.21559537465727,6.877617765719112,4.917475477148187
image_2709.png,-18.888415902736696,-7.994662507327618,9.954980945007442,212.14367499856942,226.58082639966028,11.680908417456372,19.240907995393734,4.299829655773774,18.10574093349475,-7.171146560718835
image_2710.png,-3.526392454004551,-18.48708020478762,-9.335701641201627,253.10828242159508,21.79288866194797,13.313709607547228,14.188037985418543,-8.882364291324304,11.839255166016276,-16.58708548778955
image_2711.png,-10.08186230738949,-18.866262624258514,-2.2566460807923114,138.08341699248973,145.30387415547455,203.49410817530946,7.642385332682901,-1.6085421852130288,0.4771016475651635,12.598400220965424
image_2712.png,-1.5788081710065391,-14.414562044678503,-10.74400531372374,89.79759796557893,139.62582033129502,99.43273528082736,7.732265173906062,-17.19039092431851,17.607695186579775,-11.484846481674289
image_2713.png,17.808555152498947,-9.08904361963419,2.108892859116658,233.67104999085933,43.10944267430383,0.4416140235960081,4.38590786313812,3.813855340292175,15.958642426502287,-18.343594527829733
image_2714.png,1.253429073178907,-18.731176179503883,-5.972190124393837,19.738958873322947,2.0382436025022885,174.6142679375899,15.55174191135643,-0.20467390416538223,10.022597979077261,-14.730536330560074
image_2715.png,5.931488127967619,17.17613537180179,-4.174595569722946,86.9749241627471,100.0454215006903,230.45431997575727,8.597129991104822,11.198132531319224,-16.319555203207937,-1.926444170838991
image_2716.png,15.522305342819351,-14.915889312826117,-4.569206326024995,243.80183179389402,217.94320399571558,7.135948266179984,12.15310220646211,8.294824149400718,1.3640853033189906,-5.654240545670813
image_2717.png,2.596094135147453,-5.48880675544499,-13.947722012016861,85.55730007412055,61.094270420588,1.5497359408762472,9.321494390036047,-15.168220048390841,11.532124644170331,-18.055867098697167
image_2718.png,1.5149435496006625,9.331609378643321,2.3662512590837146,89.85945694349721,197.67892709061343,74.58802893460641,15.167441834324096,-18.011511217978374,-13.369337972821151,-2.095728044915866
image_2719.png,11.885591155659462,9.373293471472401,-6.369842443032944,202.56360008096846,140.19032211323827,137.82530023294333,10.289441519847719,-0.48118706424791213,4.322775467542286,6.975591525030808
image_2720.png,10.33716677111821,-18.118747146912007,18.27733541166169,57.7056435768342,206.94648647279206,87.59158075376402,18.98198827154043,-4.116322031981605,0.1780899647013392,15.263552611535822
image_2721.png,-11.118432761770368,-5.286386739967824,16.98478885793596,4.586955251930116,11.72650079966889,14.565820085152557,5.011810671349336,13.021189937944605,9.57590588025067,-18.023525592727985
image_2722.png,1.014651030207439,-14.39774374110133,-16.39127004824939,168.74383343197903,215.9411935669271,50.18112933242435,3.733224082777798,-15.004195635448884,-19.53239200348388,16.147789530448215
image_2723.png,16.82490490070729,-17.242892933395666,8.121747972110445,124.84889079608078,34.06289997944739,228.42715507998972,14.280839710343368,6.479370273381466,-8.74472922336718,-10.8774467696867
image_2724.png,2.0465201740538888,19.984732356182214,-13.244724517480858,219.91124254071948,243.0853389051326,216.1256374325479,18.410262896558443,19.573246780638044,19.635448159072922,-4.973226218788991
image_2725.png,5.348419900005062,4.096970066437116,11.474417718664096,51.20332265940461,24.25869314280291,204.94183123319993,3.200174224811005,9.098917688219839,-0.327409489132787,18.51813339956736
image_2726.png,16.825460045625704,18.778025513009055,18.11391222027425,165.43065475100389,233.39427140696674,155.13492832049278,12.468836004886944,-14.203791827103407,-17.986025608342203,-0.31029619588390034
image_2727.png,-0.8660796638577928,-6.189017373341521,-18.734560465056198,233.13107764468506,216.32874664127542,247.44994239285126,3.2619613339032796,-14.375061963399451,-15.212939583568591,0.4448545216684572
image_2728.png,-18.104359679191788,15.365197010067632,-8.946783592301175,201.05206429091842,223.58265164105993,11.99442693148415,3.1617572793606215,8.041073557209106,6.0645392880983735,-3.62259659719086
image_2729.png,-9.097862867066787,17.46605457524393,9.070944978269019,182.34434166757242,227.9394535561244,73.52608423068028,8.062860292467095,7.56658474737311,6.037990118958582,-15.726119242533333
image_2730.png,6.412179600261226,5.042116774420634,9.090957994883002,53.59751635599716,57.17395119214893,99.3831875022168,10.124301165792826,-4.157158212599349,7.690837603429735,15.40694465391605
image_2731.png,-17.25945045118123,-17.821633548900774,8.752205899852083,190.2408654590844,37.916079640609034,193.40758499680285,18.300714772722102,17.232321262333123,2.3241234235874018,-17.0726566106838
image_2732.png,-10.110218894645694,3.682697495221511,2.13097619279322,234.0606944904091,237.466959852164,85.46891219948908,11.227048295601076,1.0235959952214202,7.576496902408749,-16.419449509075562
image_2733.png,-0.9540482960780672,-7.7053665603345,0.07996539606203257,245.36026068916192,157.02040797892147,246.96835079146302,16.79052227323874,-6.377842896412801,16.239073942447554,-8.521812657743762
image_2734.png,-4.548655825077006,11.825216093025173,12.829880000974597,76.40884850826905,16.04693484023952,20.050190370889375,3.7855939579723756,0.807668522989001,-11.19831280036253,-12.638643286966333
image_2735.png,-0.1518373363597476,9.169385568138463,-2.8048909676505787,168.12615012977034,115.47740495279385,190.56948180110942,19.35214904577011,-17.132430965294937,7.704882871969481,0.24975881517991994
image_2736.png,15.794679626210872,-9.221746846677693,-11.864236202511185,52.21277092442404,165.6646064241791,13.959975850877429,6.727710919441728,-5.462226012763654,14.064116358077513,-13.953049121342179
image_2737.png,-9.18323452666427,14.786591350880663,7.733363442679636,132.6384571074063,2.0445000069333554,12.216742245422482,3.1747111659588265,-16.84146095396397,-13.25727407579202,-5.46428416180353
image_2738.png,-16.582097824027997,-10.723440447539359,4.886694992357935,237.31792482319372,29.01087256889834,30.815187399249233,16.89299358500265,-1.8521695121518924,5.787105344806484,-2.3574156561745205
image_2739.png,3.6691566811621676,4.416891581839391,-7.277015943883519,27.38072725017597,45.62046996701433,176.92850256895824,6.500797021384395,-14.279153749228154,18.80473342260244,-13.392026968270944
image_2740.png,-1.7738788264003382,-1.5016698340419907,11.891347630559057,225.76718979886567,151.71989111872932,124.76899036139442,11.70479643068768,11.7233148197435,-18.788034664991663,14.07474788193801
image_2741.png,12.996063015220201,9.360928204800707,12.494474224640932,28.427154818831045,192.62962844085177,24.26679112826473,19.731016819822486,-4.1703779708726465,4.56311822081673,6.875204259979046
image_2742.png,12.650652631570637,-2.2626240759663183,-0.7044070778619229,243.64490274453647,80.97635300477107,141.85122260025926,14.111957499830977,14.394903610519798,-2.285271354595654,-6.257659167667903
image_2743.png,-1.9489987270158906,-9.600028504958367,10.654315167632085,71.11299374687535,173.48049282755915,252.36592336140208,12.314160925097765,-9.358776970031224,-19.764918684418365,-16.1695557863319
image_2744.png,6.898147482171137,-12.045731630710481,-14.772807832802899,32.67392380981507,159.89066357806755,51.854962998119916,15.689261956807153,2.5277151947989474,-10.346262372248631,-17.515435201621678
image_2745.png,8.029437644302241,-3.5344626290551595,-0.33391663744691513,253.15887882240548,239.87896792479134,171.8009790803228,3.3207960291087555,6.18864532517069,8.226948198956482,17.31611838074126
image_2746.png,-18.972534814213603,-19.814345212171744,-1.7397512830456527,178.98630090735395,198.94306560209657,205.66578860971066,16.484614967570867,11.020180212392994,17.928264375248304,-19.525100747697337
image_2747.png,-5.652355591328115,13.410041153686336,-1.1744051633149795,164.2283992885849,60.10293509508387,25.522950698249296,10.144589329720116,-2.2133448971950997,-3.928569058452478,-8.265907332857978
image_2748.png,5.478466766652751,14.524624380847627,16.42430014549098,25.81059058729035,111.51227608604732,158.65825677965498,18.858757122571674,8.726551733774333,11.192212826368557,-0.4353579006702901
image_2749.png,6.155828904662211,17.486408954091964,18.845691199393812,51.95319201701571,43.22145527859931,46.83428703380101,11.372303306126968,-17.828872799025607,-11.708033744794712,13.697300573490836
image_2750.png,7.247625654540599,-1.294137102075176,-9.06977359177679,136.65131546652353,103.18143125882581,53.68142550643361,12.140803307142008,4.712074901734972,-4.787917298106162,-16.871604061092217
image_2751.png,16.411996315866475,-17.741693812077788,-9.955429530881993,164.03600652339352,141.6739385789416,67.16894621238187,13.584497036101666,-14.077847459734869,-9.264895423579622,16.76802975116795
image_2752.png,15.485855909965892,-14.824063963810383,-10.827661903595938,169.50322549735273,47.32805930187478,126.81395511585299,14.21835074166739,-15.8227210051062,0.44747619051785037,15.589925005674317
image_2753.png,-11.35100081853376,2.9854036068807375,-8.417184819277157,193.68296007190347,34.3696532401229,193.99626184307613,9.387434418259172,2.363193206941986,-3.6263607027070606,11.30376643161793
image_2754.png,13.805163147913248,0.5833525600237266,-0.5529192930038249,213.0444285608786,232.00646055791367,160.39759639226452,19.86231661921483,18.472880240228925,15.019976514954905,12.582889113177721
image_2755.png,-13.845588491407037,11.187797557963496,-16.274786193713055,194.33672103783067,124.856327010701,178.41062723812377,15.477655057132115,-1.020929384294682,10.779512297162537,-15.407218508678437
image_2756.png,-0.9790267874855161,-17.56085033887079,13.817519477448428,5.232770028163859,247.232904564487,160.27777472649825,12.877808856312978,-1.0368693583139112,-1.8699612290470142,-15.32498600614928
image_2757.png,5.2662282867650205,-19.749943742690952,15.486913873543394,166.0551983394464,74.89516904795175,148.96179415859453,6.839477202430741,17.284351678378414,5.342667713920118,-13.959057349096536
image_2758.png,8.357043423797915,10.844195124243747,15.04879924573158,18.952575625034132,181.1762142735906,144.0399614999086,14.164711085192371,17.95645031656742,-5.267873149156767,1.2976808844534204
image_2759.png,6.058118533407381,-15.789977702430713,8.417772812749007,33.29625232192501,111.59038044982881,102.11437120687725,16.782143630451976,-19.57571156691128,-0.5005327708289471,-14.15735472388814
image_2760.png,-19.685176240276824,-11.916553923322372,-3.3739937778858753,95.50548350022706,237.37356986129592,191.80989768992643,17.344079084458954,-14.948520340103988,16.159650865380975,14.721527010807819
image_2761.png,10.58735666505666,-4.2084797347971925,-18.89456943082985,144.87576765403233,55.42529258558168,98.68426599843838,13.881326147397713,17.641304902267343,-7.784850458861454,4.060682499668829
image_2762.png,14.76163561488167,-1.781988477256231,18.865337510878277,194.16982821372468,120.46752792943651,187.28600277361207,5.874109263604502,11.399351920700866,-7.535566295679024,-10.626041261613214
image_2763.png,0.6540032286276265,10.666184637018628,13.884333911431234,183.08875019657424,222.74826752747992,100.69656298922665,3.177424785400742,-8.686115928961922,-6.226811357505175,15.432950816519039
image_2764.png,-17.74602701383992,1.8577180451746464,-10.682484229825064,207.07848342452112,202.3126654055767,246.91666051983412,17.973491697603983,-16.27490381025851,-11.344051825079763,8.188851135955659
image_2765.png,17.4437032051987,3.8304757854823457,13.335795779864384,129.25141584721797,231.6634455353598,244.44177544468423,9.489420957008942,10.105051848491122,-5.056660854320683,-14.751579358770996
image_2766.png,-5.170684185231234,17.897630914096347,-11.549009398767849,32.44420315934187,131.03835639325217,83.59064195143891,15.202587420416117,-2.5217489886628712,-15.289818047662017,-11.243086676699306
image_2767.png,16.25493653286061,1.146799682512988,17.01058479527798,162.34274598988983,141.2409225964798,109.57193640217115,7.567939416564808,-8.006695865702786,-2.655890851443484,-16.756206181760426
image_2768.png,-5.835247837074773,-0.9521780132682487,-3.5429817103819374,118.91688984818916,129.40427600053698,115.31350231052141,4.236667203121291,11.962682852513463,18.49100596114775,18.07564315036818
image_2769.png,3.0620655749413572,13.357441110661071,3.568157661358896,83.32222776755974,198.49403082035872,9.02494023926704,10.532219676462994,-0.770950871441606,2.9971297619810713,-4.57955036199801
image_2770.png,-1.2330501969790575,18.814801855296906,-14.99429795923859,12.667857563263418,182.79073582975417,13.09980434264158,10.723880576439992,-4.597508444620782,-18.898740990966697,-0.6563849013850245
image_2771.png,7.638452811503768,11.524804388100502,-2.8278470882967213,202.945266647072,151.96625716945874,158.14255192779305,8.22109081293332,-11.315150653617225,-8.471819383514037,18.312031291904802
image_2772.png,12.781768201921423,15.335804127984183,8.257490733779598,117.02120174372875,66.80466998714905,148.78909542341236,13.418474192472187,3.2610630372379568,16.453965778387158,-10.689414641659457
image_2773.png,19.77108043944871,0.3849414372194673,-13.147742940720125,157.99040038191083,67.18593251407867,226.121037954587,18.82765821429667,8.894394113786213,16.230798738164637,15.945316973817903
image_2774.png,-1.1450774629389997,-19.737209701375917,19.586981575153445,9.65840766687609,19.026083577961593,98.99740181462238,17.04853523047501,-1.72061435291441,15.773236060009673,-2.438720969415428
image_2775.png,-14.805854339639914,7.814649313692755,-10.273594509135755,14.298955015116379,103.40692005707156,198.83026127208993,6.796760469089743,-14.267705735229232,12.921009577835754,-16.348736528675936
image_2776.png,-7.727645719750239,7.764693114701714,-1.1742548519486817,137.0579374196679,180.92120769468002,192.31408187361643,11.150163805490896,-19.25752071021002,15.51650488742397,-18.702896406320093
image_2777.png,1.527236438505991,16.226372707564977,-3.2391507331538065,97.0103648651889,79.03871945268727,151.92931010722407,5.057194753614603,-6.877473173485171,-5.161282419913302,3.9700382154624414
image_2778.png,1.6066430988703253,-17.432211254871383,1.7108249732352299,67.6645068406714,225.9686879650845,58.123523865848256,14.008045797464176,-19.80292977274201,2.9315557367733476,0.155921100684008
image_2779.png,-8.2183171454875,2.362315285981982,8.976288536100089,211.8959875063099,184.51310778613404,92.79478215552956,4.235061358403483,3.5983009333517018,16.509553470418197,-19.577443268560376
image_2780.png,16.66645762255851,-6.179126071755254,-18.69616392781524,230.8652612456067,194.07310799127285,48.99911819305675,11.907062999640157,1.394004856320148,4.60677233478949,18.100682992255642
image_2781.png,17.242719352755074,19.305491079865327,7.439443506041368,147.37080389776932,205.82883961706278,154.41236058296806,17.157881361416017,4.521528582189109,-4.664256491184711,-10.008477857835736
image_2782.png,-5.076367399916215,-19.776661594723464,-13.450846699687702,211.88876822289987,247.21431490383657,62.95268876318871,13.630283810027416,-9.550708942079256,-8.066259407563464,15.528170103623097
image_2783.png,4.425065397439031,14.731673822480886,10.174109294378543,203.41472298836436,109.09246866709113,225.72148216335364,16.905967675137394,1.1749226760945355,-0.4240226575447821,-15.227142862882253
image_2784.png,9.26536547885641,19.24797408504473,-17.629462282059755,189.4114496846005,231.85246241094865,10.607477963477102,8.774176398309601,18.825849747070713,-6.035996641076116,-3.0896189982368014
image_2785.png,6.101362383714747,-5.020303969190776,14.248393963369324,110.28806818813435,10.78097927115879,129.39942465209077,15.208014909000187,-11.840714002801217,15.894017904435948,-0.5958880448117476
image_2786.png,-7.726071037091744,7.360097968473799,16.865715135664466,228.2567122484803,67.15209089273436,110.67356361396527,19.34482629175894,5.118699073806074,-16.669765730421137,4.760680734535434
image_2787.png,17.44024590266217,1.1109048271321562,-11.049188061651254,233.32846529155594,87.68046340559223,96.13301290191326,7.421830711575094,3.5337123134296675,18.16048257951767,19.222227599528246
image_2788.png,-11.168490673068124,-5.507258925867276,-15.050444405166882,92.01273751141608,226.48151366507685,40.19240975534252,14.421070317577989,5.197384449668263,-15.321928793638605,-15.212172685343273
image_2789.png,2.119953024663097,-18.95780936804958,10.188963456617262,8.849439689482923,88.27853163779231,89.16553725731686,3.5014743427623416,-14.225671365950019,-6.86876997947596,-18.21106341675617
image_2790.png,-13.673015006866658,-17.725966264329788,-7.46703179602358,13.192882915181189,27.101755790924237,51.04383478993656,12.336003954589684,15.437365287180384,7.4120391396749525,-18.478676432740734
image_2791.png,-6.668320774197557,-3.4102971039581362,12.307187612995023,9.364535898634275,204.64357421567192,33.7967218129856,5.3965970100151015,1.7746950210264778,9.281923363850346,0.19249511531170782
image_2792.png,12.403438709215486,-14.266413315248423,-18.17798509132246,125.90665148362704,239.37622696991247,4.545206825200106,8.412814399122187,16.376373302680996,-5.179752572208599,12.155465121072865
image_2793.png,-16.9042825524723,0.5373148377104968,3.6918190102317467,3.961372089344018,64.6875573854795,204.13516017215818,17.39143303862827,-9.749238031785294,-10.61586443531128,0.517083576702202
image_2794.png,-7.228651515968734,8.685353094127048,17.134145394519095,60.81365745636173,162.84887803384555,237.84517670317356,17.046377912525394,9.41855390991536,-2.6071205011849905,-15.84894608750628
image_2795.png,-12.984033294316934,8.363297106419019,-8.650816829243574,3.9931487724568404,106.99325698838945,97.31962630307419,12.416115354704184,3.4720479396621293,-12.992596393346325,-1.6562175701521298
image_2796.png,12.66502044303779,13.28595798091417,4.585799646104519,12.354757440451182,99.56733250003717,253.58963776566955,14.650168863040221,-14.125694156322691,-9.862383996334279,11.851920037103156
image_2797.png,2.475308989737872,8.574841322350753,-2.6688622498702514,187.5340527488526,199.78203293153655,108.1526706883826,17.451746169184386,13.917231606348693,-14.537525220109,-7.940856423314656
image_2798.png,17.29949978169026,1.292682142087184,-11.68103850373778,228.23987250091076,206.02474000222398,211.96748484933713,7.469734030449213,-7.782727818227521,-12.830243461881764,-11.314905995762352
image_2799.png,-15.724347064766256,-15.320911410064246,18.49714876814602,187.46308215832178,133.7843570873092,230.43397684898633,19.669771420643762,-4.0240067170047755,-11.39520070164616,-5.1519461833986
image_2800.png,-11.288772365752099,-17.07591177763986,-3.2165483218556368,63.44320383105201,126.33398988238217,39.959509561579246,16.232325167818416,12.210931412322061,-14.89796447338347,-2.3732045077733517
image_2801.png,-11.50571375593049,16.56002032443945,-13.353051579104909,101.36322426986693,55.84939665448887,244.79115586704796,10.31425820675376,15.726477765981393,-13.058854541617135,11.955497539111725
image_2802.png,8.051300100787607,-2.2525022695218233,7.604562748255567,15.784060100518786,145.29372847815173,14.199486075309157,5.032745472370331,-19.474780916031786,-13.077188458499371,-4.312548294708186
image_2803.png,17.2807930045934,14.55577185551902,-5.381074378913052,13.56044114843476,0.39958265388585157,216.40085365644532,13.138061440103645,-0.7481586169111338,1.5247514673918339,4.883312712732586
image_2804.png,9.899502653920354,6.250522369038528,9.465795221782049,176.41271361634531,182.02798629144516,47.19435782470412,3.691232789473882,14.809439534622456,-3.6998140384471547,6.656507409729674
image_2805.png,14.046083999460222,19.447435865424623,-3.3008784682246244,25.12614271785922,11.040807306340204,13.86635552704817,8.10398821551312,0.34293174330741394,-5.199334985787157,-14.713101428367054
image_2806.png,15.712808378076936,-15.577763506772765,-7.113427284887175,114.48966475587807,24.059039670646584,85.04190869155818,12.72129856412514,19.386109399923875,18.25185322559308,-11.283678611404454
image_2807.png,-17.99921382206797,-13.13101516519895,-5.597183581436429,158.45543365963331,152.42480269389432,209.8648295829154,4.100141562022673,13.647048598934191,14.20389223862469,-0.6344543629926775
image_2808.png,8.296385951189805,-10.384807300560581,-8.063669512686197,88.79336014924066,25.313377741458837,86.4202189135931,10.094046349986186,-12.888168754095247,10.022087101312707,-19.05986984423484
image_2809.png,-2.562570823104835,4.1043784164575605,-2.916252907989424,149.43270450519793,210.92557131377814,57.771406528918114,11.483411930374821,-1.183456961270064,18.31302137470498,-12.394909200207454
image_2810.png,-14.961659376502245,-7.80198156970946,7.852866714920793,240.85578613809977,32.112439153185804,15.929599060068112,4.761199582265875,-6.2157926477308845,-12.614541007431974,16.346359465381127
image_2811.png,-17.097859746930535,0.9330466617078699,-2.8816948716268165,96.98937350768783,231.4842459035087,151.56701671002773,14.71630664365394,12.130179820211701,-0.7347641332302146,14.448372268055934
image_2812.png,11.64455050846609,-19.1091352069526,13.279804333328428,163.7209628525734,0.42744673567919056,90.87786877602507,14.789608518592186,-14.23879348925865,-12.277785863244382,0.23192432917154093
image_2813.png,-6.219924714651906,-7.444418526725647,16.279260912152594,181.6231143837696,242.30676006545667,241.9988998521777,14.165023996110659,9.967222201416238,19.579518923212184,-12.254484610719087
image_2814.png,13.224321544561278,8.425747833526422,-10.328297674348676,250.21759238001428,77.86192115647493,111.50247587569604,12.105594027485461,14.017224097866666,2.736808437021203,16.79446711032488
image_2815.png,-15.116270410430982,-13.507324310029212,-15.608021923295631,15.565311739699363,205.12260596688313,9.935617660414914,8.872077838971883,16.85070921913963,15.718687198403472,17.443730471757682
image_2816.png,-5.914061049553396,-8.441706906275957,-0.22477898907569127,243.57527209769952,172.8761086356769,106.0838255383561,3.9256273735197142,5.082423171583983,1.562478821264655,16.323302830154503
image_2817.png,18.030765245578266,14.583888845532243,9.362231652094543,218.7788762570547,251.51981988948248,49.475589208365314,5.696681192859868,6.737296125315311,5.616560583912609,8.65351188641003
image_2818.png,15.697758129871119,-14.14383914591809,7.7118303137386555,49.727373811434475,98.93218344385853,190.19409388207612,17.96131456926109,11.504047114580104,-0.8354160492375975,-3.9838728333887516
image_2819.png,1.4830401125133292,-19.87994296445838,-13.0532147025964,17.758461250669633,210.4010713991619,23.927719200728742,3.2624928358450997,-13.093112654835274,-19.34660112229516,-3.211163714811555
image_2820.png,12.223386620968427,10.699987381894253,-19.109691315548673,238.409218776255,125.72874214842281,222.12103515849896,4.644791174734435,-6.700098228109397,-18.70520061627581,7.4951264687251395
image_2821.png,-6.47443506600065,17.558683675482307,-7.065374569368256,74.2205608380547,59.34037089470353,34.39478057320198,9.997137393274182,1.205790976946119,-11.487660850005433,12.140424354032987
image_2822.png,11.909422945010416,-2.7123576557926157,7.910932666827527,20.48687135996253,180.2953910462086,231.67901330321783,7.561502274751959,6.993057082104507,-6.902340665624855,-18.336611402374775
image_2823.png,-14.618447092764155,13.23715411930143,1.9638465021199814,181.96310183160372,8.942041673819931,211.84148673206587,10.179736472964061,8.784500385380664,-19.0890076248602,14.232306052075273
image_2824.png,1.3700493502572506,0.32158011160791844,8.405628928904633,198.1851599562647,153.05432232803162,48.68580082753465,5.697896873114345,12.630903347639304,-18.787624140825734,-1.6414748790963074
image_2825.png,-14.820140784501037,7.8625242029000155,16.175679630466142,49.82212128576587,85.52430469091848,120.9128466474969,10.1636870062084,-2.2244696070406356,10.590947895497912,-16.548904550023348
image_2826.png,-2.4344401840627192,-14.386230377532945,15.523538713346575,86.12320030110482,45.64524014000852,32.80175377817437,15.164899657656392,14.2482669727477,-6.951528060347858,-17.927087127026766
image_2827.png,-0.9288652820780854,8.92075830223554,-15.001217125470262,25.75491482591649,123.03630522067537,98.25718183082884,19.94047357328128,-2.851630630191913,-18.24000195431667,-6.801543583436738
image_2828.png,-15.731348847146291,18.788731817848664,5.450000234571807,24.62409380323987,247.23458029725316,140.5815148748449,11.255545956112822,-7.068854749766409,3.065516497933274,10.627175136225926
image_2829.png,18.56382682242603,14.12652375957012,-3.8094481240971945,122.78246876407965,114.11002262356925,31.021529895204957,4.415517687623158,16.56380466507742,-5.894199777998788,-15.464525048487143
image_2830.png,-11.638842995291721,1.043780249061193,3.018602833663312,41.25277713820437,162.40986330441635,210.60434867753676,19.522169551637806,8.651911468722947,18.04971815482873,-15.89039643636491
image_2831.png,-17.868803257567155,-14.666116191908966,7.037951584178607,21.67419315555915,57.925105006827124,250.72443975411835,10.87319251566528,11.346675551881006,-14.69210159768339,-10.579519315549547
image_2832.png,-16.860602486502824,7.47628161159718,9.105949528205826,24.518901623055246,246.93097259022372,97.54323161618466,19.932360145893075,11.323148476421188,-15.574795664323982,3.492269132276565
image_2833.png,10.326797675537073,9.181975850797244,-17.30727010372867,205.2791781487509,125.25134779407959,160.14062198343072,3.516317024570758,10.42241806674095,19.85132441571706,2.848000081888877
image_2834.png,0.746365112922831,8.7971074001793,4.097821214989445,13.044017185447004,34.900817047391826,174.66508856306737,8.281224231445405,12.056855321505452,14.493648995901637,4.615390992436154
image_2835.png,3.6861091869059592,13.890162218989005,-8.873162056360929,50.64198513916596,114.54689551417015,138.7489345520115,9.53927308230541,16.870246554994978,-12.373273664450103,13.535930273615044
image_2836.png,10.198923971655674,-5.742005284283653,6.698461180335453,43.438274694243454,196.2163757636002,1.0172139976781225,9.530846720886558,9.897946218085607,-10.558951953578912,-0.7357993542052377
image_2837.png,8.952692752427861,-4.072790969699124,0.8117000738119202,208.9064184814488,88.67767190371625,11.083394058434962,5.040058209111358,-8.209553087192475,13.084859089703578,0.4085426383705659
image_2838.png,1.5424337307948122,-13.116243764729404,16.45713694958848,6.29619123996788,32.467942811509424,245.80351585101172,8.642559105609703,-2.4942297429436486,11.655392675779254,-4.079208198353012
image_2839.png,-9.659916845055484,-18.48175267254871,-2.8145475323708453,161.77852572438587,123.57580774457591,191.46816930933397,19.366311046259934,4.288383498829759,3.0517532524548585,-5.657175739154381
image_2840.png,-14.147182905660841,-1.2502679283937503,-19.4097332244083,165.40559205718463,138.93051543815892,177.89604862297145,11.659305098841564,11.542249386663961,-12.892138671499595,4.821429863968763
image_2841.png,14.684438465724796,-17.306083370972786,14.217052893169672,234.6530276202095,153.03231481325344,238.13554928978002,10.912274471129685,-12.904475366455625,9.04032641125599,12.560502313211508
image_2842.png,9.713317472754408,2.6231050495813264,2.984430820283194,203.3209368782189,65.99283063883915,204.2717415327663,11.649398409885908,-2.500851637383306,13.130772939360178,1.2290018840353447
image_2843.png,10.241481443895971,2.836514424217924,4.395576592726712,134.62402538207866,74.77806202000096,14.524234959239308,18.58652765847473,4.872187919496046,5.144693500867952,19.859544019875635
image_2844.png,-6.64444030035677,9.748585943993511,1.818927752624269,209.2309363022513,172.3736468199484,156.7413770887831,5.718944558364904,13.604236347075584,-10.840694665520294,2.788417757178344
image_2845.png,17.246317016091616,-4.058913894808164,8.945458406901658,144.55664799127692,200.48228112425153,12.851901057748927,16.307571701937903,-18.67194938953855,12.891092322615528,8.935773088349602
image_2846.png,13.285583404244584,17.74934281723636,-0.7438384615827331,100.57246284851269,14.223582232928143,200.09641019329877,18.674061428507944,0.45218216368326836,-9.177798480761359,7.871547655817842
image_2847.png,-17.2767813953608,13.531438097624743,12.571050531781538,116.95480563858912,141.1224456755403,104.70129459711107,16.479725853299897,-16.671726048418346,18.948161454039806,-0.8371591666920821
image_2848.png,-14.303768058049862,-19.11868687508754,5.554553006845065,200.6058626009161,55.95743096261363,215.91634576873332,13.149474971244123,14.509775030556384,13.682160808164447,-19.685528338934258
image_2849.png,16.059097249992448,1.1395118998563056,-14.738243179786124,19.199211234163407,176.10750579971997,88.1904082358281,14.74105431357307,-11.103515733255232,16.202687847548745,9.46774704906764
image_2850.png,-15.553641703230369,-2.721330536587626,13.667437899656228,32.222407287358344,99.49406176791487,100.09223817826887,6.6991582517429595,-19.319777950870364,15.48071024360651,-17.150210882188404
image_2851.png,13.495372241412198,-3.3238003080153042,0.38122949466948697,115.95640645364887,52.20465922919351,192.74287564125297,4.074819127190944,5.280833036462241,0.053764259379910584,-9.53331896829122
image_2852.png,15.23521103478241,-4.580881667394703,-17.71293922356029,85.96930739352415,251.30667644841094,201.89097652734077,18.674071228292615,-9.973459138627184,6.721274692405256,10.620645945524046
image_2853.png,-17.47947757123604,-19.104326020624836,-18.880340300518977,189.67522180714099,23.83554702798612,241.93281324172858,14.497477981372404,-13.332755472259134,14.278160014780099,-13.386073224625239
image_2854.png,6.771858898175807,12.003585201982077,-0.37621715354919516,15.401195933795515,65.19422340910667,32.312482877831066,14.748800683334958,3.768384530048344,9.350414931960927,18.690206232757696
image_2855.png,3.0211459646269176,9.644918881523786,7.102027921088251,173.03311227682894,149.18008437665773,174.79248325633918,14.4978016551797,-12.695230289584106,-5.872554880597502,-15.038025602532418
image_2856.png,-2.1651526092344255,11.840128934032876,-13.562086021087701,235.7840727440441,143.4630115081736,31.83968078105513,4.891350107302426,16.88182703698665,2.2171950499167608,17.394379327092892
image_2857.png,-3.7739556780325856,-8.141086576948409,-17.04487706247067,122.70842586218605,237.68408639814896,84.63182795831975,13.847195538149103,-15.651375151395088,3.231212374359842,19.319109809836583
image_2858.png,19.67128143054854,-18.877626976074172,-11.600193273002176,62.88339858902556,140.78386992464047,14.302307815447945,17.83975140469566,-12.82741548310469,-15.848445817371308,-7.8450194537716875
image_2859.png,4.165612796851779,-7.882377335142387,-1.0791259235961235,144.1780867532911,247.2891045326819,7.347951577867355,10.796770298889793,3.663763629868299,-19.67767164165347,1.7414126977809445
image_2860.png,-1.6444228235002072,8.34198950583665,1.5079777805613226,32.09443945985259,207.95063796674822,55.443648297695475,16.33725888746256,6.614906054232797,-6.962737476342294,-0.33286375467230656
image_2861.png,1.7417424981428695,-17.26311904022674,-9.68936411091278,34.59765627111806,193.01767572467875,31.146998330170078,14.113572885045919,9.308529557460261,-15.049028067902338,10.01231058715711
image_2862.png,8.159280548539044,-2.301641491240826,-5.108980177315825,152.10514765350257,100.78003470249404,244.36483715542428,17.012881055474956,-12.722557146847443,12.759917257364492,14.484085815669836
image_2863.png,17.26557320150453,5.854781252358286,-10.747102578621469,218.91352537893252,189.88883265306333,254.03657085513652,15.085768680485208,15.596376670750544,17.58686734861427,-15.44695284869384
image_2864.png,-9.765764821292908,-10.668430127833503,9.524223995856293,24.795797700239774,168.55720425675872,19.91439054003613,8.178555789294606,-8.709634553449352,2.5606770321542385,-9.826493972814493
image_2865.png,-7.8974705769637445,13.105192690825064,8.084395654890969,0.28306669679546204,134.4898134062686,208.71687130961476,3.1632250054523827,-19.914161346877552,3.093493490592941,-13.451746663317078
image_2866.png,-1.765827966165542,0.15682856861743488,-13.248938685442408,231.88424106610285,47.853387976506454,226.19292142426536,13.998288333100195,9.425740023241381,-6.320855725322634,0.46759492663260005
image_2867.png,9.8612077481894,14.881868861647092,-16.842295048330588,208.07394119418996,61.82859038160647,71.97934583259232,3.033021531029315,-18.41185338342164,17.871797456975123,-17.177552153375387
image_2868.png,-17.11111801432041,-15.58423535433652,16.07866001257961,103.51494852680858,146.35521983882742,95.88623594912606,11.135861677498461,18.478303027309067,13.256584818639638,-11.220189227482571
image_2869.png,2.5807989530947175,17.618598404728502,12.283609298843324,52.24557202446725,148.4893939440004,99.41935734581405,19.17402844124741,14.955870799085474,9.143177224136224,-6.013026183845067
image_2870.png,8.769169469239557,19.71282220926149,-9.438618415653712,153.6478542311937,205.21582517043842,138.73205230222567,10.164260014997943,-7.307074929999867,2.02643200016454,-6.823813155446743
image_2871.png,-14.547407981249854,1.4100288349228727,11.68752809101926,170.6066201909886,4.628776985170273,190.96310636557155,6.760189191913502,4.8590792646357315,6.390766467869216,7.693452383163706
image_2872.png,0.10979700081486499,5.421759014821674,14.835344592886344,197.1829267918616,236.6082811454327,160.65704954474205,14.555938246033355,8.412509780641109,-5.724360282960337,-1.4466922472095405
image_2873.png,-7.947638356289088,8.94942945849317,-19.040442887043966,160.0682309902,58.68310498860094,173.92306883839308,16.871130377353225,-10.47061265934607,16.154405863282115,-2.911894052118555
image_2874.png,-14.41374732172386,-8.721877984485369,15.015499566819827,1.517375050149573,237.30844204817066,76.2336236087885,16.150709952852424,-7.9737259206742905,-18.555540978859018,19.001653597406822
image_2875.png,9.085117206929596,13.555786047934944,-6.836973061198112,216.30087287356343,140.88893066448904,117.57372521417105,19.371379918602493,5.3038327326618955,18.542621937568285,-7.866138184930378
image_2876.png,-12.934332724484051,-15.0773358576979,-4.266047662098909,72.1494120908005,81.97438464048047,99.66575160329408,13.996358542889418,-18.616268337879024,6.920978799407884,-7.300476774200613
image_2877.png,-5.978674688798042,-18.643158547652217,3.8998706868065334,65.40600710917904,207.2785165948352,138.67497223875583,16.9268435489653,-2.012655448995769,-9.980089039787208,-15.692705004813444
image_2878.png,-4.637722766209125,-0.077388551734483,-4.849362446763813,98.70224926124806,137.39624494396057,47.7876763646086,4.766013751189164,-1.3315234371552123,-19.295956473036252,-3.3264681693668834
image_2879.png,14.673406329209897,3.0085476448166943,-19.869104941792997,158.05438919392444,218.41661892022643,7.9341818594466025,5.828557911454405,13.57853569061875,-7.586429407061326,-12.293686808251746
image_2880.png,-16.939482252562957,-7.306473569332411,10.918873615081349,179.2155641595823,160.82758062328966,242.01691671055983,7.1800492957535855,-7.393850973006554,-11.407902305379372,10.113146177968236
image_2881.png,6.9215268847663936,15.836031102723467,-9.556360076853,156.0783517076202,225.8594944037087,51.53469626584934,18.622636197445736,-0.3690166234376058,-3.0798978683630196,13.482604094486348
image_2882.png,-4.255582923240805,13.549884914389146,2.5562550185511626,110.14701902543327,143.12084329898178,24.052845418018066,8.045645771639302,3.7835967140497146,8.2825940773903,14.655671813998225
image_2883.png,-9.637450210955425,19.313299693843938,16.07117519662411,194.92014882386314,88.57140886540301,133.69431488806742,9.718918573236891,-5.081974932935225,6.350902803091643,-3.3827761632074846
image_2884.png,-8.45120326463071,-17.965054554095985,-7.788367311248777,99.08549525048664,157.68252579572592,86.05510605251901,14.600211615862193,6.420193488826062,10.622750310300685,-9.51763074001267
image_2885.png,-12.850517266181289,-5.999394313360021,-8.00397107843735,176.5202883331662,33.64533366477405,204.93718727063663,18.79753901247594,-17.678978840564504,-17.850283337628742,3.513235181158379
image_2886.png,11.636864861636695,15.952172244768178,15.797233118227126,160.48462745828215,37.317869617195925,131.94140875764012,13.94765159127963,-19.689513372165234,14.716179893887357,10.976418110890478
image_2887.png,-14.754130816834952,9.566244027801375,-4.663707978199296,205.45170742631552,21.475673692953514,229.31158925754534,14.385615545508506,9.724093378979958,7.402050539408471,8.640080749241807
image_2888.png,19.47608361765824,-15.106623891685814,7.401488598315229,144.20999348331603,212.524626514911,121.02728264686756,19.27674227293726,4.782661263094926,-7.983354541630021,-11.512353076779425
image_2889.png,17.403707651651963,13.366153680972772,2.3052603281002284,47.40967411473023,137.7382124650293,43.03516008169117,8.385844133725591,7.113315137614006,-17.70928739644429,-5.357413925412455
image_2890.png,-13.727524926945666,-14.079394592976833,0.7158234620191486,240.2467507465472,247.60672373777692,8.873646147321287,12.099701058486835,17.081037952379397,-2.636189645306356,-7.568635585614709
image_2891.png,-16.320709474552807,-12.737072557244712,-7.523905008951539,123.7398349924008,44.29348429079481,21.208019811423497,9.120002790794338,17.208010968763162,0.6108946888376856,18.424893897779413
image_2892.png,-7.044469723172577,-1.0920209971764976,15.180786668103082,1.5860381027500203,161.99639309396684,147.75369700405795,13.508501010598971,19.141238869593025,-11.067432750628715,-5.2762584128523535
image_2893.png,6.4973757299003445,18.01221150132526,-14.28217698249339,20.138116271875276,126.45738634247454,239.28815853904462,15.89899310960973,5.382117417211589,7.818862107489824,-5.977454658649366
image_2894.png,-15.465146247600781,17.669643459020058,-10.67394204906507,82.6825763990009,148.86086712035612,198.2314083311734,11.828433262046842,-5.352126152322928,16.964409167155274,-2.2725760616377535
image_2895.png,15.873097337075265,9.951046056176857,-10.82962840842364,216.19712782494213,60.45869483533574,222.35434162491214,6.623422623206618,13.304559391409143,-18.326572212584104,-17.698382025504035
image_2896.png,-5.427682361457542,-3.3209070821498585,5.574031500079734,136.95290701643432,159.6872658742348,41.20547633818935,12.38676767593961,3.163636302860951,8.672057885649895,-14.365224734142231
image_2897.png,-3.420385017240079,-15.940639144796345,-16.78518201319219,71.91524426694254,140.43402125241147,2.549832767820776,13.210817649936548,-7.603467586487209,10.829629573545411,-6.772107614380296
image_2898.png,-16.656329860843897,5.853960363773645,4.607914165069836,44.02152819761152,23.493553315812477,27.325975159478688,6.950886548214099,9.856587661537972,-19.482365300431887,-1.7100545649001049
image_2899.png,-15.377895600586209,-6.954709646839694,-7.513924579295814,69.40643568995469,26.797720732826367,44.36038279438169,19.005566327174716,-4.156366807779456,-5.6547411453604255,-2.6449423415202205
image_2900.png,7.8518382852819535,19.00948133853644,5.0607588836071855,115.91226631075313,253.50325754720072,245.89178261833558,15.497129601550169,-13.615857779948573,-0.7670674105727358,10.44493520770882
image_2901.png,19.979383162064977,5.214437304222596,2.6709406534444895,136.90533258900112,168.76025197022082,138.73039906866242,19.829572931981758,-3.3262477538406223,-4.369194289485012,17.030991590523115
image_2902.png,19.84517714593275,8.003447313039356,13.447842119946678,182.8628638955933,94.0540492896246,70.74652049639225,5.352686763193231,0.7214639796543452,-0.5330033191831696,-7.525758200685395
image_2903.png,-18.130594166297357,17.46028689032719,-17.96359533661498,81.4585317064753,53.06157795124601,147.2360030848102,10.913556709264363,-17.079229002832044,0.22164678449633968,-18.19045107678938
image_2904.png,5.346151192571401,19.902275977591565,8.890967590917931,237.2926257618057,149.02935989659704,7.672081713546259,4.665502878485496,-3.824505227876543,16.27524693917691,-3.750531847061403
image_2905.png,-12.423212444906607,-14.985846187446587,18.871566770441163,40.665488963838875,138.66954632883014,209.9872969677735,9.10302457794415,-12.649333166146999,-7.0221463903345125,6.1950531728301925
image_2906.png,-16.811275684242503,-9.91339955285187,18.56111183696715,134.4804932527152,148.9834816794574,46.45822043502247,12.928130137856725,0.356503661939076,16.667158417767098,-5.46892511261615
image_2907.png,7.9882052392518474,-18.207326274084487,-12.976809503779908,125.22796359895877,161.81818485641804,77.76487510385095,14.414253320565267,-19.928874945247724,7.0303372695065,14.83062068703785
image_2908.png,15.855475586363553,-14.642160216589787,-7.177209092503954,205.7348000164321,41.73280536697664,69.237738480107,18.989680068010152,-18.657158783690562,5.1481391779598304,-12.009229455841215
image_2909.png,-12.96499041377098,8.474818187225633,15.567089546467592,48.296388145402034,233.34271355058536,245.4863501063055,6.256200764284127,10.657142385840338,-10.526825779726625,-16.78760750238377
image_2910.png,4.050845586879362,-19.183825006520628,4.511193789168637,228.84307945881042,209.69441734068283,79.21978866243434,13.063699075066864,10.998535966070477,-10.574874880953594,-17.679083876487258
image_2911.png,2.3747114401105662,-15.702581744487896,-0.4460432175026483,53.59546325958563,3.492069781530051,82.43144868996285,12.603450109558183,-13.97976884985621,1.7948003071486731,-5.672414091218151
image_2912.png,7.653583211871066,10.29876872611435,15.855862066556845,154.18397399942754,87.58751218475226,42.76197485374073,5.764331496344926,8.305300594929264,13.098887247442164,1.9271057183005205
image_2913.png,-3.11542584404366,-14.203055436897852,-13.990110088869434,111.92703960376689,34.7363973735308,167.63268573015822,17.137446571768713,-16.1640884757897,-2.109103370731834,-11.464656635811146
image_2914.png,-18.202053386415578,-1.2344067770144171,-15.98221007466179,247.8777975234221,200.29816407656466,197.02019014427822,19.47458856157829,17.73270221291496,-5.660933637460147,-5.092893082078884
image_2915.png,-6.6422625477824315,1.9015427087565264,14.184988476822916,209.44159377960537,202.39000158890113,116.74850444855096,14.900098688553086,19.409746873245055,19.516367555809396,19.351475054607327
image_2916.png,0.5902505744542133,3.7142907105355576,-4.160109698172501,154.22389319239102,124.89224483604794,17.179337303988625,16.107646405548437,10.188493368115402,-19.60766247645879,19.112791509138084
image_2917.png,1.1192428986093148,4.452799501132002,16.227829407056902,215.1166142546009,10.008816971034822,114.1752158476743,11.018450373005003,-14.342696287151275,6.710688708412466,17.983332360013527
image_2918.png,13.446986562362582,13.65898713358424,-5.922447737497469,219.85775940237545,131.11387725341427,159.48387465524885,6.0002558502517225,1.3928509340640574,19.19205337595188,-4.8391327288014185
image_2919.png,11.427740396119805,-15.38784361249666,10.232646166193863,103.07279267961111,208.28961300705402,85.95146187604281,13.430861648940178,8.316977758339593,-7.994738925556955,-13.596427615391363
image_2920.png,10.390861067026584,-15.828009624989328,3.994064673303278,5.481077043277164,241.60400007485964,37.32987972816727,5.141492855099596,-12.664585233307655,-4.594625616895062,-3.0547033051785633
image_2921.png,3.8366461027653678,-10.812309854679608,-1.7417716790486892,215.64630089633138,136.20015946759068,72.56469064322522,15.1709109728788,-0.11335914987853712,-0.21289688171010823,-6.831430850258267
image_2922.png,-10.77066007191089,12.529703437138352,16.546911698255727,41.27442758427335,226.09071886932932,187.19294761267,7.70572556014308,6.756542544252206,-9.638927725620533,-3.185562032985491
image_2923.png,-4.194901460294481,17.164227614274793,-14.736366012814814,249.46059000569218,12.071930301304674,253.82461422135955,8.959817364108922,0.8660620305812827,-12.613628775480134,16.811890514459378
image_2924.png,-4.049802296000312,11.297254580311797,-7.903922079298024,215.50793724700392,168.89760046986748,34.76430478032129,9.666466240996067,7.873032268950748,-3.598732271134292,0.03639936048533343
image_2925.png,-14.78508175344282,-19.223396408949576,4.718761184948775,91.2917540796506,216.10770879055187,181.47832229172542,9.584643065140272,0.18811669050275626,6.229336692450794,-15.240969242682585
image_2926.png,2.98405022314018,-7.709897501059512,17.57665305705342,199.31498274026384,41.439180014210564,43.34290910947576,7.250954485782527,-16.437101394878738,-7.342651084993799,9.34240202879987
image_2927.png,-1.7355128455700672,-19.966245397141613,-18.003642868047137,146.69923439809068,47.54254210279322,110.0194985555724,5.305742268455633,0.1908347325655626,-13.89514744499821,-13.870964816601624
image_2928.png,-10.57412064297171,-17.47757217696231,3.8549546636504033,174.52114559792847,51.017694731572604,39.42464413514489,9.942003668392918,12.149755682295499,-8.295472324363104,-5.505832278885311
image_2929.png,8.178103812711676,8.252699700686566,-0.8740275404992772,79.35108175581507,52.960040136347644,29.29031478950256,18.01739080381526,-8.30427094854835,1.735885859611571,2.5096964607182954
image_2930.png,9.157394012314533,-17.599107824849888,9.37408560575738,159.0348973391566,18.043086486868955,194.33484670994147,9.541892383245914,15.424605016382706,14.030112182913456,-7.911183208391677
image_2931.png,3.051645650160175,12.671659499911641,-0.09127783038425719,198.99651553722865,147.74055117100764,245.97347602764012,4.11769830562828,-16.642020166498934,10.828844497598425,-0.07165085845720753
image_2932.png,17.485979261698105,-0.4755505615107225,12.74714374583673,35.22807526781095,180.33639999743113,170.37608600161198,4.010721666426519,-12.746852757509348,-8.451164044019826,13.314686861098103
image_2933.png,10.657840138521685,2.6628777540945237,10.246890877905233,236.49575774277386,76.79062377498502,25.383784541752306,3.949122889963442,-17.62024151687954,9.352918247829571,-7.587068995944426
image_2934.png,16.580529824471036,-1.1823291079856375,-6.838216828638867,242.00963958825685,92.16151297062238,39.908905905057836,5.492490486669618,18.71595323918109,0.3653234184837686,-13.925529024489055
image_2935.png,-18.91930701037488,-6.991106006438134,-9.679709710469822,235.9903876562952,201.2363455754759,27.283979489438384,10.408160582936631,-19.1363246773013,5.042876661156001,12.447029472561951
image_2936.png,3.0731084897655947,8.78836763138515,-15.512006861962444,89.56348421164779,128.11930853967863,160.33927147585678,15.624331832361877,-5.6493816062201,15.691938651274839,7.123980291264957
image_2937.png,-15.412283972110306,16.022995559683856,15.95105588889568,221.51416843890055,229.20729793587108,154.30813515446158,14.916262074128074,8.396137706697292,2.201286058710302,1.043921214645298
image_2938.png,14.556538294587547,-1.691954879751549,11.56335742502715,203.90940222174058,68.39534493904401,42.177575252798874,4.651629724714632,-2.0113404836223836,8.236317999431513,0.363690905690369
image_2939.png,2.853072952414699,-1.03875482848008,5.46260646849052,47.42132925788691,157.9114604170427,48.459952232029394,12.411218551143623,-2.7177492720608427,15.61490719388275,-5.800203580163679
image_2940.png,-17.25648335160171,-15.107604595178756,7.713532066754848,235.4976837340534,224.89544498731706,196.06701647789467,15.866405904152792,-11.809279475621587,-4.4754575340637714,-3.978892460225989
image_2941.png,-19.20261225656325,-4.646588575678834,12.743285417819592,237.5038949269936,231.7358986086076,49.614746451875725,10.3255410130731,-10.814580168727419,-18.90878788618187,3.739456625015322
image_2942.png,19.22649708566238,13.933648278771422,3.3933746082845637,29.099616935301285,47.34727542612129,242.47530393625624,12.447251135125532,-18.815855332412546,-2.134895125491745,-11.893435840565756
image_2943.png,-11.848293446101405,17.427803904655164,1.649193210653582,129.13890138206142,110.69451259415517,11.214029132358192,13.30554454777003,3.8194985620106507,-14.54625279615437,-8.210084169384913
image_2944.png,-2.9834994176210436,7.6348077193663535,-15.944784658616271,39.5918466137917,70.82771498346925,97.3182994542589,10.305766731756037,-4.862380201708888,6.629656552603112,-10.79879186694269
image_2945.png,10.427604611153122,8.921314061164956,-8.142026516045227,142.0830089692113,205.24341978735146,150.98983902519382,9.818861085908692,-0.7107402140381858,-2.7596761597854496,-9.160860554703412
image_2946.png,5.788389779655077,7.487482088781544,-5.0692988814871764,184.39069066785055,144.61155564565962,168.48892599451406,12.575490453583557,0.270834096766972,17.343850306514028,12.898935995090461
image_2947.png,-9.870163877251269,-6.761836260457859,-10.472396599674973,204.97667190531735,122.7665651706413,230.75611919535868,4.422028527034998,15.323249341465768,-7.510826386870221,13.809316618240587
image_2948.png,6.110997660063077,-15.062309269973877,-15.51908639967845,142.90038106510244,95.08727237892467,233.20228082777118,12.118097615370438,-5.492979064136518,17.133328148636267,2.874115890764756
image_2949.png,9.856587109616779,18.86078424947766,10.679060490041191,249.92488449595243,151.11170672859043,26.058723426577703,13.93711986619756,-15.879649974735116,-6.885581973023779,-19.56200460476682
image_2950.png,-3.704313666131686,-16.89698884640288,-1.5874973093559817,244.72718940021022,197.93469432930712,160.67815989417693,15.560913764528282,15.646121566264213,-14.770265475548534,-1.5764463939721054
image_2951.png,12.545620438145782,-2.1144221285339206,-11.554678030770077,29.82877897429043,173.22645121186704,103.21829263950644,16.854550601105778,-5.167151055903471,8.24262526467113,-7.311486709014186
image_2952.png,17.97667587806074,11.261206499686143,17.68785169085462,106.70725709469815,210.87798394292764,37.97921199393287,14.00388632622476,-4.577559105050666,19.061186379335247,-18.49632994174222
image_2953.png,-0.982775546823845,3.9783843905247487,-1.9793219356058245,171.04607377598617,119.61835091575752,218.67006094834284,9.43809404391248,-1.0305174678983207,8.449748075074016,-0.08939937622745475
image_2954.png,18.954180388361564,-18.68886569229343,2.243579707313714,58.32507297825552,233.44576296204178,168.3903463933674,16.244770347505487,-5.006663906803723,4.720691186809013,19.2833701863267
image_2955.png,13.400066866738968,0.8137254577752557,-12.530563870641087,27.799089517709238,34.91322064410193,238.14873898468258,9.548928408002844,-13.112826150057057,8.103930990601697,8.684561501490734
image_2956.png,0.009354802015906216,18.664741070840513,8.20735266498766,112.77471757072477,120.19008185427677,71.08669128092941,17.22010481190771,-18.924342140598554,-8.742345984040831,-2.575044267654917
image_2957.png,5.115163133548236,-1.5551307448446465,3.9145778827810034,130.06443714737534,52.24689074595595,11.430856740582835,3.3406146855820817,4.259016659624709,-13.192194958637762,8.065990665045916
image_2958.png,5.225063472283452,-10.409174418598095,12.556510704114238,11.462434558010127,172.00704243483437,149.258375792353,14.844728871237127,-15.36513674478761,2.9276420661060065,5.590021804020072
image_2959.png,-0.20835729578997686,12.002035227244846,-14.12064082525247,152.82174835799515,220.85981621222228,153.39534536391344,3.0442597789560524,11.757028813666409,12.645339918769125,3.0200142559463963
image_2960.png,-8.568149536598435,-1.4541072078087858,-14.98623903510397,152.19095174118257,116.07709740733371,22.83957709045142,19.83499049761537,-13.103950020950354,-19.36533864273745,2.8203074998984015
image_2961.png,-8.198317177521641,-9.970802171940543,2.1496425439892697,215.22040531020622,21.169957679262918,126.38761257828861,18.262730782470808,13.615189322271803,-8.2937649054527,10.750535773532203
image_2962.png,-10.721198762455447,19.824993475091432,8.102395967870763,60.53782869862874,161.08245260060227,77.12322698853801,3.54482856929227,3.3582173289161297,-16.636835478147887,19.54166420746121
image_2963.png,-5.316424651061805,19.008363197895328,9.538896154024314,243.7572854589714,175.51980522048373,61.401587938005825,11.61674787308703,19.233318850256744,9.446966685675385,-14.375096189884493
image_2964.png,5.532493724937076,0.21586630552285158,12.883723553219916,63.04339911882061,69.75689532662484,31.536325831496875,13.986403846013664,4.437553637320622,-13.292622454380298,-19.29474217437876
image_2965.png,5.312848923857423,10.332273269736824,-1.2661177284159137,178.23886660907056,213.33373341853385,221.2994111672108,3.7770511126883792,13.057836533436415,12.427801704530005,-12.374434771798843
image_2966.png,-0.6295306109804031,2.114014203840469,5.673829170876488,252.01610923139557,59.79190152683761,31.27816858353494,15.571124283849496,19.085507414131932,-15.032337442173883,4.135288042958148
image_2967.png,-19.564535504272285,18.637165379256828,-3.7346096711486183,13.156822524596345,215.15741633649347,193.13461109830118,19.532797546332443,-19.85283696114873,-16.231875292468757,11.6267586250761
image_2968.png,-16.260303134952938,-3.7511753919720228,-9.371529460791823,66.14902199055567,123.85887175611157,78.58231924726176,15.476755382601546,2.3211580635081432,5.058595734213132,3.7987526365314253
image_2969.png,-0.47331392387416926,19.259296405813167,-13.488764633944408,102.62820318489952,29.553504529295378,38.66065432689742,14.272474632539538,-15.025777714196394,-9.243902386332028,1.2785603482078685
image_2970.png,18.494188899728165,-0.07425845477507664,-14.290101430548422,38.83070034695573,59.836368083321574,133.42310142384954,9.31247205857468,6.096828667249319,-16.154213028113563,16.178863261352937
image_2971.png,15.632778196346209,10.42816921370365,17.462091052038772,69.12687785703476,20.25181304162194,99.638779505709,10.751404749889547,13.431176573540277,15.521371121175761,4.0389726305289315
image_2972.png,4.672591910176518,-11.135076028638355,-7.633403897588957,109.50383023913874,1.7830698504005804,60.333693266882456,4.374728637555805,-10.426132425075018,14.20208410737581,12.529438022504934
image_2973.png,-17.646340263893574,-3.189829140966932,5.4504462346385765,80.64485708189086,83.21304827770747,23.695653775464415,11.303231747971802,-17.496013099404166,-9.263966673372677,-10.78386121000095
image_2974.png,-2.629722280774498,0.27030369713513025,5.834628741033075,197.46156748165325,208.29209495541275,100.0591050620652,6.887598953530054,-5.103231350492052,-11.82248294467572,8.363618359281226
image_2975.png,1.690228563542405,18.513179003275646,-3.6957997168216217,24.518945554543276,189.97834726461292,96.98705247364866,3.733240592950459,-15.75208251957962,6.164178447197241,4.79345066284942
image_2976.png,2.4573889001152267,0.6434817323404864,5.083340215656669,125.81830645955179,145.23717577717542,39.83210626928855,19.821534936875235,-2.6094811833515372,-0.13377690690231958,18.972847417331423
image_2977.png,17.97525083778079,-2.819942420054833,-0.9727678957508417,102.5720566666759,187.23711615099245,39.12063319657331,12.032242169186949,13.330030063898263,-2.1040483033924637,12.665187874980717
image_2978.png,-5.220628738630161,3.7521834703612242,11.604729220173333,225.3172889936574,214.93579657987195,111.29142785032514,8.532844389092208,-6.700824808771454,2.327318407499604,8.86190056731289
image_2979.png,18.332536182783386,17.690488346248642,-6.179636294253434,36.792309649269335,143.13382305823504,206.76762346476346,12.399555736958995,12.426750236209955,7.530598999845942,-12.452114390215439
image_2980.png,1.1179516904385203,-8.25161329989026,-13.019021794148543,43.292715754401854,147.98708064027744,105.45309067311393,3.5220746301759345,-2.411708721070628,-13.485719259199783,6.279943677471962
image_2981.png,-2.253015403620285,8.095368165360913,13.166705158762994,226.9746876511584,230.06601358184727,97.20617560860043,17.535182096661288,-0.44791797160760183,8.19158032600582,15.965378440497979
image_2982.png,9.445643319030914,3.30114827833993,-13.391753869749818,249.0125900090947,142.55713394158428,245.71378424687043,10.35479401714579,14.797530762373192,6.217860172539126,18.693604745010234
image_2983.png,-13.462199002942942,-17.03380371990273,0.21009681643785427,33.35332371557889,185.47718592294325,19.150929767946824,4.615488484921512,-8.51555953858278,-10.086208650782487,8.981537240761682
image_2984.png,3.2398767299256335,-17.51126222127494,11.426072019677921,161.78331270321993,220.08817438122455,74.31745460737376,9.704955346594604,-1.4379944310035775,9.91401135995315,-0.7008512327535428
image_2985.png,-0.5508131182222868,-8.71030040640929,-9.482514383404226,182.00942086315223,38.27182448258486,71.71319189807687,9.186255499989262,-7.743999053417756,-7.145158795084448,-10.408993355658094
image_2986.png,16.432588628442616,-12.955257536560975,-17.224555167993717,21.00003817736701,96.76091939935378,95.33999016855384,3.9227782735275727,-4.652226871839392,6.298073917844729,-16.673324234999715
image_2987.png,0.9654674710587088,7.903300609380771,9.282189999763808,116.33493990274869,60.299103793138634,239.52119877449925,13.844026969975364,7.334074662245037,-10.423199639958408,-14.125910677097341
image_2988.png,-2.1164332747479797,-12.052480567975046,18.23928965164795,79.64900034539865,159.05366490877242,191.1013944698575,11.766968983561673,-1.0710929240968454,4.916737650325416,19.441759117589385
image_2989.png,4.81090978663709,-7.615266526986906,10.686052385332445,85.92862113888015,64.49145826832212,118.24099995689033,6.569956869838911,-10.683429684671122,-17.671953747411685,8.553719836118884
image_2990.png,4.525037731212546,-15.942442534709906,10.090176418078848,168.27240163302866,124.9102788410282,239.00888085627085,12.279281387616416,2.7310655413976264,-11.16205740980516,2.3054271131215067
image_2991.png,-12.640917640716722,-9.491400703039524,-15.523405480424701,193.91522195361446,25.313881960808782,243.40084312873623,10.180545039346242,1.7409035392854122,-16.526529967009516,9.815893777003708
image_2992.png,10.457849833720104,14.064002597009974,-9.83896640842496,109.28104625357705,81.19036653523767,172.18905364989513,18.923231902051207,-6.664516882690874,4.244538549576081,-6.708829990181719
image_2993.png,8.320918717131484,9.860675312691075,-18.945525880201156,158.55167129933724,59.641048992692085,92.026476996439,16.419911733506318,18.780531973372987,-4.215896431857008,-13.512439482979378
image_2994.png,14.05882924929113,-10.662899305882068,11.451588284865725,100.74262915054857,118.58837002208806,76.8322916358211,12.960442680355007,-18.322004547026648,-4.2869019563521515,-11.356099762451336
image_2995.png,10.97823054792686,-18.712809222969888,-2.698156676477023,129.7127843499255,202.22400739825954,142.7245741805313,19.17093670296004,-16.971199958065235,-4.642394625296507,-8.675936493489797
image_2996.png,11.450071296917578,-0.2919104704942832,-10.201643753079903,59.979830238894905,125.39479786475275,197.21311556346535,9.644835289355674,9.12566236292314,12.257051940587658,2.6599629980568054
image_2997.png,8.782020151321763,10.312405058747103,11.771516166864476,91.52419918635324,184.26517893570903,167.37779875984927,6.499117560869328,6.219286206508585,9.556836871474044,-9.186294973053082
image_2998.png,14.920980404449352,5.460636818083444,13.078848035546969,199.97163845687925,53.546636285234854,15.350383746574867,9.184977632247996,-9.67906750113153,19.042476208022492,6.512433855603241
image_2999.png,3.8909880574844813,-5.0962105536714475,3.9606124518333417,213.9276577259463,10.067627809580234,227.11686612256236,19.442178021708308,13.855554669088534,-6.280682979364332,-9.413557625238994
